{"type":"FeatureCollection", "features": [
{"type":"Feature","geometry":{"type":"Polygon","coordinates":[[[26.36575,59.34664],[26.36634,59.3463],[26.3677,59.34585],[26.36799,59.34586],[26.36937,59.34653],[26.36935,59.34664],[26.36889,59.34686],[26.36813,59.34747],[26.36709,59.34719],[26.36576,59.34677],[26.36575,59.34664]]]},"properties":{"fclass":"residential"}},
{"type":"Feature","geometry":{"type":"Polygon","coordinates":[[[25.79911,58.96702],[25.80143,58.96704],[25.80154,58.96725],[25.80091,58.96742],[25.80206,58.96846],[25.80249,58.96903],[25.80319,58.96888],[25.80365,58.96947],[25.80653,58.96891],[25.80703,58.96939],[25.81071,58.96868],[25.81107,58.96912],[25.81147,58.96912],[25.81231,58.9705],[25.80796,58.97092],[25.8079,58.97059],[25.80761,58.97052],[25.80652,58.97063],[25.80652,58.97075],[25.8056,58.97084],[25.8053,58.97057],[25.80454,58.97071],[25.80447,58.9709],[25.80308,58.97092],[25.8008,58.9688],[25.79911,58.96702]]]},"properties":{"fclass":"residential"}},
{"type":"Feature","geometry":{"type":"Polygon","coordinates":[[[26.24792,58.98828],[26.24506,58.98719],[26.24812,58.9863],[26.24764,58.98567],[26.24801,58.98517],[26.24908,58.98534],[26.24931,58.98504],[26.24979,58.98514],[26.25061,58.9843],[26.24951,58.98406],[26.24979,58.98372],[26.25162,58.98232],[26.25166,58.9819],[26.25148,58.98167],[26.25101,58.98148],[26.25157,58.98082],[26.25132,58.97951],[26.25243,58.97743],[26.25222,58.9772],[26.25244,58.97674],[26.25659,58.97726],[26.25589,58.97807],[26.25614,58.97843],[26.25498,58.9788],[26.25473,58.9794],[26.25569,58.97922],[26.25611,58.97931],[26.2565,58.97953],[26.25649,58.97982],[26.25664,58.98018],[26.2565,58.98075],[26.25615,58.98109],[26.25577,58.98179],[26.25666,58.98189],[26.25656,58.98225],[26.25681,58.98244],[26.25696,58.9829],[26.25851,58.98383],[26.25864,58.98543],[26.25699,58.98579],[26.25636,58.98581],[26.25551,58.98557],[26.25475,58.98528],[26.25449,58.98545],[26.2545,58.98627],[26.25278,58.98726],[26.25231,58.98758],[26.2512,58.98781],[26.24882,58.98789],[26.24792,58.98828]]]},"properties":{"fclass":"residential"}},
{"type":"Feature","geometry":{"type":"Polygon","coordinates":[[[26.22669,58.99241],[26.22833,58.99193],[26.22795,58.99147],[26.22804,58.99137],[26.22778,58.99014],[26.22847,58.98936],[26.228,58.98817],[26.22806,58.98737],[26.22901,58.98679],[26.22888,58.98567],[26.22983,58.98538],[26.23187,58.9874],[26.23208,58.98765],[26.23239,58.98775],[26.23285,58.98769],[26.23329,58.98803],[26.23562,58.98754],[26.23745,58.98699],[26.23698,58.98538],[26.24271,58.98585],[26.24194,58.99133],[26.23952,58.99256],[26.23779,58.99366],[26.23596,58.99358],[26.23427,58.99426],[26.23261,58.99434],[26.23161,58.99528],[26.23122,58.99598],[26.22873,58.99635],[26.22834,58.9963],[26.22754,58.99434],[26.22709,58.99421],[26.22682,58.99356],[26.22723,58.99343],[26.22732,58.99323],[26.22669,58.99241]]]},"properties":{"fclass":"residential"}},
{"type":"Feature","geometry":{"type":"Polygon","coordinates":[[[25.97444,59.0297],[25.97398,59.02973],[25.97304,59.03028],[25.97088,59.02869],[25.96913,59.0282],[25.96799,59.0276],[25.96744,59.02698],[25.96836,59.02631],[25.97,59.02471],[25.97264,59.02515],[25.97252,59.02472],[25.97266,59.02445],[25.97382,59.02472],[25.9734,59.0253],[25.97577,59.02578],[25.97812,59.02366],[25.97729,59.02337],[25.97788,59.02291],[25.97889,59.02304],[25.98136,59.02119],[25.98309,59.01977],[25.98405,59.0192],[25.985,59.01763],[25.98642,59.01651],[25.98399,59.01583],[25.98536,59.01439],[25.98579,59.01443],[25.98636,59.01468],[25.98838,59.01522],[25.98909,59.01562],[25.99022,59.01502],[25.99216,59.01387],[25.99369,59.01279],[25.99305,59.01255],[25.9938,59.0121],[25.9944,59.01211],[25.99479,59.01126],[25.9932,59.01088],[25.99459,59.0101],[26.0009,59.01055],[26.00605,59.01132],[26.01226,59.01196],[26.01184,59.01282],[26.01052,59.01304],[26.00699,59.01275],[26.00627,59.01377],[26.00568,59.01364],[26.00591,59.01263],[26.00248,59.01173],[26.00123,59.01154],[26.00138,59.01086],[26.00097,59.01084],[26.0004,59.01118],[25.99978,59.01106],[25.99969,59.01203],[26.00022,59.01218],[25.99916,59.01354],[25.99874,59.01341],[25.99822,59.01268],[25.99751,59.01231],[25.9974,59.01081],[25.99546,59.01111],[25.99442,59.01261],[25.99273,59.01373],[25.993,59.01389],[25.99285,59.01412],[25.99321,59.01434],[25.99269,59.0149],[25.99186,59.01465],[25.9914,59.01521],[25.99253,59.01543],[25.9926,59.01583],[25.99161,59.01623],[25.99026,59.01604],[25.99005,59.01589],[25.99089,59.01567],[25.99053,59.01538],[25.99007,59.01542],[25.98945,59.01571],[25.98746,59.01625],[25.9865,59.01684],[25.98699,59.01707],[25.98695,59.01746],[25.98619,59.01748],[25.98605,59.01761],[25.98669,59.01769],[25.98707,59.01788],[25.98679,59.01844],[25.98727,59.01872],[25.98697,59.01936],[25.98606,59.0203],[25.98489,59.02053],[25.98409,59.02077],[25.98274,59.02161],[25.98202,59.02156],[25.98169,59.02142],[25.98002,59.02262],[25.98049,59.02297],[25.98121,59.02244],[25.98314,59.02372],[25.98208,59.02435],[25.98006,59.02337],[25.98027,59.02312],[25.97983,59.02273],[25.97786,59.02419],[25.97656,59.02542],[25.97797,59.02576],[25.97756,59.02638],[25.97624,59.02625],[25.97611,59.02647],[25.98108,59.02786],[25.98008,59.02861],[25.97889,59.02837],[25.97901,59.02746],[25.97603,59.02663],[25.9756,59.0273],[25.9753,59.02723],[25.97451,59.02832],[25.97567,59.0287],[25.97587,59.02889],[25.9757,59.02924],[25.97544,59.0293],[25.97452,59.02922],[25.97444,59.0297]]]},"properties":{"fclass":"residential"}},
{"type":"Feature","geometry":{"type":"Polygon","coordinates":[[[25.70567,59.03252],[25.70554,59.03236],[25.70309,59.03042],[25.70295,59.03039],[25.70038,59.03088],[25.70085,59.03144],[25.69969,59.03159],[25.69955,59.03149],[25.6988,59.03158],[25.69858,59.03175],[25.69764,59.03171],[25.69639,59.03129],[25.69575,59.03101],[25.69516,59.03083],[25.69492,59.03065],[25.69537,59.03046],[25.69619,59.03065],[25.69628,59.03037],[25.69578,59.03017],[25.69581,59.02975],[25.69651,59.02987],[25.69678,59.03017],[25.69714,59.03037],[25.69713,59.03054],[25.69797,59.03038],[25.69785,59.03019],[25.69822,59.02998],[25.69891,59.03005],[25.69843,59.0304],[25.69922,59.0308],[25.69973,59.03072],[25.70016,59.03086],[25.70195,59.03052],[25.70173,59.02998],[25.70142,59.03051],[25.70106,59.03056],[25.70052,59.0302],[25.70049,59.02997],[25.69973,59.0294],[25.70045,59.02934],[25.70126,59.02922],[25.70128,59.02782],[25.70217,59.02772],[25.70262,59.0284],[25.7033,59.02846],[25.70728,59.02766],[25.70758,59.02751],[25.71055,59.02695],[25.71206,59.02689],[25.71199,59.02827],[25.71171,59.0294],[25.7142,59.02967],[25.71373,59.03111],[25.71388,59.032],[25.71658,59.0324],[25.7162,59.03351],[25.71505,59.0333],[25.7107,59.03268],[25.70988,59.03264],[25.70978,59.03256],[25.70567,59.03252]]]},"properties":{"fclass":"residential"}},
{"type":"Feature","geometry":{"type":"Polygon","coordinates":[[[25.84404,59.04062],[25.84287,59.04003],[25.84243,59.03922],[25.84005,59.03923],[25.83683,59.03929],[25.8369,59.03847],[25.84027,59.03827],[25.84107,59.03776],[25.84277,59.03749],[25.84305,59.03778],[25.84423,59.03806],[25.84609,59.03787],[25.84709,59.03596],[25.848,59.036],[25.84786,59.03672],[25.84623,59.03788],[25.8473,59.03828],[25.84968,59.03883],[25.84936,59.03937],[25.84844,59.03947],[25.84621,59.04034],[25.84546,59.04005],[25.84404,59.04062]]]},"properties":{"fclass":"residential"}},
{"type":"Feature","geometry":{"type":"Polygon","coordinates":[[[25.94975,59.0362],[25.94929,59.03482],[25.94965,59.03424],[25.95102,59.03417],[25.95198,59.03506],[25.95553,59.03439],[25.95624,59.03336],[25.95683,59.03336],[25.95783,59.03411],[25.95787,59.03432],[25.95878,59.03405],[25.96318,59.03559],[25.9673,59.03322],[25.96944,59.03191],[25.96912,59.03175],[25.96945,59.03142],[25.96933,59.03108],[25.97065,59.03133],[25.9726,59.03248],[25.97178,59.03305],[25.97018,59.03376],[25.96682,59.03375],[25.96643,59.03399],[25.96726,59.03432],[25.96557,59.03529],[25.96734,59.0361],[25.96527,59.03726],[25.96331,59.03649],[25.96154,59.0375],[25.96219,59.03778],[25.96095,59.03858],[25.96161,59.03877],[25.9601,59.04059],[25.95975,59.04104],[25.95777,59.04127],[25.95787,59.04076],[25.95668,59.04092],[25.95543,59.04054],[25.95663,59.03913],[25.95575,59.0388],[25.95505,59.0381],[25.95436,59.03855],[25.95318,59.03837],[25.94951,59.03894],[25.94971,59.03768],[25.95047,59.03709],[25.94975,59.0362]]]},"properties":{"fclass":"residential"}},
{"type":"Feature","geometry":{"type":"Polygon","coordinates":[[[26.34854,59.03851],[26.34749,59.03873],[26.34489,59.03851],[26.34196,59.0375],[26.3417,59.03768],[26.33877,59.03713],[26.33917,59.03616],[26.34078,59.0364],[26.34105,59.03539],[26.33994,59.03502],[26.33957,59.03465],[26.34052,59.03401],[26.34125,59.03389],[26.34219,59.03395],[26.34768,59.03419],[26.34891,59.03045],[26.35197,59.03096],[26.35072,59.03248],[26.34969,59.03475],[26.34987,59.03498],[26.35174,59.03529],[26.35327,59.03574],[26.35218,59.03747],[26.35089,59.03763],[26.34854,59.03851]]]},"properties":{"fclass":"residential"}},
{"type":"Feature","geometry":{"type":"Polygon","coordinates":[[[25.87266,59.03875],[25.8706,59.03798],[25.87683,59.03646],[25.87695,59.03553],[25.87681,59.03442],[25.87596,59.03379],[25.87605,59.03263],[25.87741,59.03047],[25.8783,59.03032],[25.87883,59.03053],[25.8786,59.03161],[25.88043,59.03168],[25.88047,59.03237],[25.88128,59.0324],[25.88125,59.03146],[25.88147,59.03126],[25.88397,59.03134],[25.88391,59.03228],[25.88529,59.03224],[25.88541,59.03309],[25.88537,59.03381],[25.88696,59.03399],[25.88672,59.03583],[25.88808,59.03568],[25.88837,59.03558],[25.88958,59.03543],[25.89029,59.03715],[25.88927,59.03725],[25.89033,59.03903],[25.89063,59.03976],[25.88946,59.04019],[25.89024,59.04236],[25.89137,59.04226],[25.89167,59.04294],[25.89522,59.04277],[25.89548,59.04375],[25.8939,59.04388],[25.89359,59.04547],[25.8988,59.04584],[25.8989,59.0451],[25.89968,59.0451],[25.9004,59.04465],[25.90031,59.04426],[25.90157,59.04455],[25.90162,59.04525],[25.90082,59.04532],[25.90104,59.04632],[25.89904,59.04604],[25.8988,59.04654],[25.89786,59.04642],[25.89788,59.04595],[25.89419,59.04569],[25.8922,59.04557],[25.89167,59.0473],[25.89144,59.04777],[25.8902,59.04774],[25.88959,59.04783],[25.88958,59.04803],[25.88906,59.049],[25.88904,59.04952],[25.88852,59.05052],[25.88719,59.05178],[25.88483,59.05132],[25.88456,59.05115],[25.88351,59.05109],[25.88332,59.05013],[25.88215,59.05013],[25.88237,59.04891],[25.88185,59.04818],[25.88191,59.04749],[25.88129,59.0467],[25.88236,59.04567],[25.88296,59.04479],[25.88289,59.04454],[25.88249,59.04409],[25.8815,59.04424],[25.88111,59.04385],[25.88022,59.04411],[25.8799,59.04357],[25.88013,59.04338],[25.87942,59.04306],[25.87914,59.04249],[25.88046,59.04179],[25.88007,59.04106],[25.87912,59.0411],[25.87849,59.04073],[25.87777,59.0394],[25.87653,59.03815],[25.87266,59.03875]]]},"properties":{"fclass":"residential"}},
{"type":"Feature","geometry":{"type":"Polygon","coordinates":[[[25.76277,59.05127],[25.76482,59.05085],[25.76528,59.05136],[25.76563,59.05129],[25.76506,59.05047],[25.7661,59.05025],[25.76651,59.05054],[25.76775,59.05104],[25.76933,59.05098],[25.77249,59.05187],[25.77295,59.05162],[25.77215,59.04806],[25.7729,59.04773],[25.77302,59.04728],[25.7719,59.04715],[25.77081,59.04712],[25.77059,59.04674],[25.7713,59.0465],[25.77065,59.04511],[25.77258,59.04477],[25.77273,59.04551],[25.77344,59.04547],[25.77406,59.04659],[25.77473,59.04647],[25.77512,59.04713],[25.7773,59.04682],[25.77777,59.04755],[25.7762,59.04775],[25.7768,59.04937],[25.77918,59.05313],[25.77963,59.05321],[25.77977,59.05361],[25.78471,59.05434],[25.78429,59.05502],[25.78393,59.05524],[25.78036,59.05487],[25.77796,59.05397],[25.77577,59.05371],[25.77566,59.05401],[25.77334,59.05402],[25.77244,59.05496],[25.7712,59.05457],[25.7723,59.05335],[25.77175,59.05286],[25.77076,59.05336],[25.76837,59.05285],[25.76471,59.0535],[25.76387,59.05267],[25.76277,59.05127]]]},"properties":{"fclass":"residential"}},
{"type":"Feature","geometry":{"type":"Polygon","coordinates":[[[25.84341,59.05793],[25.84186,59.05695],[25.84413,59.05619],[25.84583,59.05567],[25.84714,59.05511],[25.84626,59.05489],[25.84595,59.05469],[25.84708,59.05421],[25.84756,59.05421],[25.84746,59.05442],[25.84792,59.05467],[25.85026,59.05337],[25.84994,59.053],[25.84981,59.05247],[25.84943,59.05239],[25.84832,59.05261],[25.84792,59.05179],[25.84908,59.05149],[25.84967,59.052],[25.85032,59.05194],[25.8476,59.04801],[25.84699,59.04631],[25.8481,59.04594],[25.84928,59.04566],[25.84953,59.04613],[25.85121,59.04587],[25.85147,59.04637],[25.85114,59.04647],[25.85154,59.04682],[25.85426,59.04609],[25.85319,59.04678],[25.85401,59.04728],[25.855,59.04714],[25.85594,59.04784],[25.85395,59.04853],[25.85274,59.04937],[25.85342,59.05088],[25.85557,59.0505],[25.85692,59.05222],[25.85613,59.05299],[25.85503,59.05374],[25.85448,59.05394],[25.85263,59.05364],[25.85067,59.05419],[25.85012,59.05381],[25.8483,59.05474],[25.84905,59.05546],[25.85094,59.05627],[25.85042,59.05697],[25.84819,59.05741],[25.84706,59.056],[25.84726,59.05586],[25.84681,59.05552],[25.84473,59.05621],[25.84578,59.05697],[25.84341,59.05793]]]},"properties":{"fclass":"residential"}},
{"type":"Feature","geometry":{"type":"Polygon","coordinates":[[[26.39436,59.0478],[26.39661,59.04692],[26.39905,59.04606],[26.39798,59.0453],[26.39944,59.04461],[26.40038,59.04383],[26.40109,59.04214],[26.40146,59.0421],[26.40521,59.04261],[26.40445,59.04271],[26.40386,59.04326],[26.40345,59.04408],[26.4036,59.04422],[26.40527,59.04446],[26.40533,59.04451],[26.40484,59.0453],[26.40595,59.04545],[26.40651,59.04546],[26.4072,59.04513],[26.40763,59.04518],[26.40805,59.04512],[26.40896,59.04529],[26.40843,59.04566],[26.40947,59.0459],[26.40997,59.04562],[26.411,59.04603],[26.40996,59.04709],[26.4112,59.0474],[26.41061,59.04811],[26.40876,59.04755],[26.4077,59.04775],[26.40696,59.04769],[26.40602,59.04849],[26.40704,59.04881],[26.40604,59.05021],[26.40573,59.05033],[26.40318,59.04986],[26.39896,59.04885],[26.39804,59.04978],[26.39529,59.0491],[26.39568,59.04868],[26.39446,59.04836],[26.39491,59.04794],[26.39436,59.0478]]]},"properties":{"fclass":"residential"}},
{"type":"Feature","geometry":{"type":"Polygon","coordinates":[[[25.67537,59.09224],[25.67332,59.0921],[25.67372,59.09046],[25.67526,59.09026],[25.67718,59.08871],[25.67808,59.08904],[25.68146,59.09005],[25.68192,59.08986],[25.6833,59.08879],[25.68842,59.09089],[25.68707,59.09185],[25.68809,59.09228],[25.68733,59.09305],[25.68677,59.09289],[25.68568,59.09245],[25.68289,59.09565],[25.68068,59.09531],[25.67869,59.09506],[25.67929,59.09412],[25.68117,59.09434],[25.68218,59.0925],[25.67796,59.09189],[25.67537,59.09224]]]},"properties":{"fclass":"residential"}},
{"type":"Feature","geometry":{"type":"Polygon","coordinates":[[[26.35482,59.08908],[26.35568,59.08866],[26.35508,59.08793],[26.35504,59.08731],[26.35642,59.08718],[26.36117,59.08707],[26.36134,59.08671],[26.36127,59.08608],[26.36279,59.08588],[26.36411,59.08628],[26.36711,59.08622],[26.36729,59.08721],[26.36565,59.08793],[26.36512,59.089],[26.36302,59.08992],[26.36194,59.09169],[26.36156,59.09181],[26.3598,59.09171],[26.35903,59.09073],[26.35509,59.08952],[26.35482,59.08908]]]},"properties":{"fclass":"residential"}},
{"type":"Feature","geometry":{"type":"Polygon","coordinates":[[[26.51851,59.10193],[26.51718,59.10142],[26.52089,59.09884],[26.52337,59.09747],[26.52502,59.09682],[26.52579,59.09618],[26.52619,59.09539],[26.52678,59.09516],[26.52874,59.09493],[26.52871,59.09781],[26.52769,59.09817],[26.52806,59.09853],[26.5287,59.0983],[26.52868,59.0996],[26.52681,59.10003],[26.52576,59.10011],[26.52481,59.09963],[26.5246,59.09922],[26.52405,59.0991],[26.51966,59.10151],[26.51851,59.10193]]]},"properties":{"fclass":"residential"}},
{"type":"Feature","geometry":{"type":"Polygon","coordinates":[[[26.00168,59.10817],[26.00197,59.10768],[26.00283,59.10652],[26.00472,59.10717],[26.00551,59.10664],[26.00628,59.10634],[26.00787,59.10708],[26.00988,59.10777],[26.01071,59.10789],[26.01196,59.10838],[26.0113,59.10902],[26.01096,59.10961],[26.01292,59.11078],[26.01321,59.11118],[26.01302,59.11157],[26.0088,59.11199],[26.00842,59.11243],[26.00698,59.11205],[26.00608,59.11192],[26.00596,59.11126],[26.00525,59.11134],[26.00449,59.11114],[26.00462,59.11],[26.00356,59.10998],[26.00364,59.10889],[26.0033,59.10886],[26.00337,59.10833],[26.00168,59.10817]]]},"properties":{"fclass":"residential"}},
{"type":"Feature","geometry":{"type":"Polygon","coordinates":[[[25.72508,59.11731],[25.72793,59.1168],[25.72813,59.11668],[25.72824,59.11631],[25.7269,59.11666],[25.72657,59.11637],[25.72723,59.11596],[25.72583,59.11444],[25.72662,59.11425],[25.72529,59.11336],[25.72471,59.11289],[25.72714,59.11235],[25.72507,59.11107],[25.72326,59.11123],[25.7232,59.11134],[25.72365,59.11194],[25.72219,59.11229],[25.72143,59.11144],[25.72237,59.11122],[25.72483,59.11094],[25.72285,59.10994],[25.72163,59.10921],[25.72239,59.10899],[25.72322,59.10855],[25.72393,59.10829],[25.72571,59.10783],[25.72772,59.10765],[25.72835,59.10777],[25.72922,59.10756],[25.73075,59.10726],[25.73099,59.108],[25.73192,59.11033],[25.73246,59.11158],[25.7288,59.1121],[25.72867,59.11252],[25.73174,59.11438],[25.73282,59.11528],[25.73475,59.11498],[25.73465,59.11448],[25.73496,59.11401],[25.7363,59.11383],[25.73632,59.11362],[25.73689,59.11352],[25.73857,59.1136],[25.73879,59.11312],[25.74037,59.11321],[25.74015,59.11384],[25.73931,59.11395],[25.7389,59.11512],[25.73959,59.1151],[25.73961,59.11525],[25.74007,59.11636],[25.73694,59.11655],[25.73457,59.1162],[25.73384,59.11562],[25.73293,59.11566],[25.72994,59.11603],[25.7302,59.1166],[25.73066,59.11724],[25.72589,59.11833],[25.72508,59.11731]]]},"properties":{"fclass":"residential"}},
{"type":"Feature","geometry":{"type":"Polygon","coordinates":[[[25.91973,59.14112],[25.91774,59.1407],[25.9157,59.14049],[25.91524,59.13839],[25.91554,59.13751],[25.91771,59.13764],[25.91806,59.13871],[25.92101,59.13906],[25.92188,59.13932],[25.92355,59.13837],[25.92531,59.13686],[25.92583,59.13614],[25.92507,59.13515],[25.92577,59.13432],[25.92475,59.13394],[25.92563,59.1328],[25.92521,59.13211],[25.92598,59.13055],[25.92795,59.13094],[25.92858,59.12868],[25.92914,59.12745],[25.92936,59.1258],[25.92823,59.12534],[25.92783,59.12395],[25.93005,59.12398],[25.92996,59.12504],[25.93207,59.1254],[25.93268,59.12463],[25.93427,59.12488],[25.93501,59.12545],[25.93494,59.12673],[25.93413,59.12708],[25.93178,59.12744],[25.93093,59.12982],[25.93041,59.13103],[25.93107,59.13133],[25.93005,59.13347],[25.93069,59.13531],[25.93151,59.1356],[25.93119,59.13649],[25.93017,59.13779],[25.92799,59.13759],[25.92594,59.13887],[25.92168,59.14112],[25.92031,59.14071],[25.91973,59.14112]]]},"properties":{"fclass":"residential"}},
{"type":"Feature","geometry":{"type":"Polygon","coordinates":[[[25.74564,59.14787],[25.74608,59.14778],[25.74622,59.14727],[25.7469,59.14709],[25.74689,59.14679],[25.74634,59.14667],[25.74554,59.14614],[25.74519,59.14579],[25.74664,59.14415],[25.74594,59.14313],[25.74593,59.14286],[25.74673,59.14252],[25.74676,59.14236],[25.74631,59.14139],[25.74774,59.14106],[25.74788,59.14097],[25.74644,59.13895],[25.7447,59.13879],[25.74501,59.13722],[25.74982,59.13699],[25.74914,59.13639],[25.74959,59.13624],[25.75136,59.1338],[25.75208,59.13377],[25.75261,59.13459],[25.75287,59.13452],[25.75373,59.13501],[25.75489,59.1351],[25.75461,59.13578],[25.75497,59.1362],[25.75462,59.13629],[25.75472,59.13667],[25.75364,59.13815],[25.75575,59.13857],[25.75512,59.13926],[25.75982,59.14039],[25.75995,59.13977],[25.76071,59.13978],[25.76085,59.141],[25.76279,59.14179],[25.76298,59.14159],[25.76376,59.14177],[25.7659,59.1418],[25.76645,59.14223],[25.7667,59.14369],[25.76619,59.14384],[25.76274,59.14394],[25.76254,59.1427],[25.76062,59.14242],[25.75859,59.14278],[25.75896,59.14329],[25.75928,59.1439],[25.75897,59.14567],[25.75659,59.14563],[25.75692,59.14748],[25.75672,59.14814],[25.75409,59.1481],[25.75422,59.14932],[25.75446,59.15028],[25.75276,59.15045],[25.75262,59.15164],[25.74948,59.1514],[25.74865,59.15129],[25.74795,59.15162],[25.74717,59.15166],[25.74669,59.15098],[25.74715,59.15051],[25.74771,59.14978],[25.74691,59.14925],[25.74716,59.14899],[25.74737,59.14807],[25.7461,59.14803],[25.74564,59.14787]]]},"properties":{"fclass":"residential"}},
{"type":"Feature","geometry":{"type":"Polygon","coordinates":[[[26.12652,59.16193],[26.12636,59.1604],[26.12616,59.15933],[26.12633,59.15923],[26.12826,59.15952],[26.12919,59.15869],[26.13162,59.15851],[26.13229,59.15864],[26.1328,59.159],[26.13303,59.15888],[26.13293,59.15785],[26.13671,59.15788],[26.13782,59.15801],[26.13868,59.15832],[26.14136,59.15823],[26.14189,59.1592],[26.14358,59.15973],[26.14648,59.15994],[26.14638,59.16045],[26.14673,59.16069],[26.14645,59.16191],[26.14771,59.16202],[26.14859,59.1614],[26.14833,59.16119],[26.14823,59.16078],[26.147,59.15862],[26.14864,59.15823],[26.14955,59.15946],[26.14899,59.15955],[26.14909,59.16095],[26.1496,59.1626],[26.14823,59.1627],[26.14609,59.16304],[26.14604,59.16183],[26.14609,59.16133],[26.13961,59.16074],[26.13779,59.15994],[26.13607,59.15949],[26.13407,59.15987],[26.13362,59.16117],[26.13307,59.16149],[26.13261,59.16147],[26.12934,59.16167],[26.12652,59.16193]]]},"properties":{"fclass":"residential"}},
{"type":"Feature","geometry":{"type":"Polygon","coordinates":[[[26.28689,59.16067],[26.28726,59.1604],[26.28684,59.16],[26.28818,59.15939],[26.28876,59.15937],[26.28966,59.15886],[26.29318,59.1596],[26.29339,59.15955],[26.29333,59.15917],[26.2912,59.15827],[26.29064,59.15781],[26.2917,59.15758],[26.29237,59.15826],[26.29344,59.15823],[26.29331,59.15721],[26.29498,59.15762],[26.29611,59.1578],[26.29701,59.15733],[26.29758,59.15742],[26.29855,59.15673],[26.29939,59.1568],[26.3004,59.15693],[26.3005,59.15737],[26.30124,59.15766],[26.30142,59.15822],[26.30038,59.15884],[26.29928,59.1586],[26.29869,59.15914],[26.30039,59.15959],[26.29962,59.16034],[26.29973,59.16051],[26.30024,59.16074],[26.29989,59.16122],[26.30008,59.16154],[26.30061,59.16186],[26.30018,59.1621],[26.30022,59.16223],[26.30241,59.16302],[26.30124,59.1637],[26.29902,59.16374],[26.29825,59.16382],[26.29701,59.16375],[26.29585,59.16236],[26.29448,59.16234],[26.29451,59.16177],[26.28935,59.16157],[26.28949,59.16127],[26.28689,59.16067]]]},"properties":{"fclass":"residential"}},
{"type":"Feature","geometry":{"type":"Polygon","coordinates":[[[26.09823,59.16776],[26.10009,59.16669],[26.10145,59.16607],[26.10444,59.16434],[26.10494,59.16417],[26.10728,59.16308],[26.10799,59.16335],[26.10965,59.16244],[26.10904,59.16202],[26.11097,59.16085],[26.11145,59.16071],[26.11209,59.16043],[26.1149,59.15906],[26.11551,59.15911],[26.11731,59.15836],[26.11796,59.15798],[26.11925,59.158],[26.12071,59.15832],[26.12124,59.15855],[26.1209,59.15871],[26.12167,59.15929],[26.12096,59.15962],[26.12263,59.16104],[26.12093,59.162],[26.121,59.16252],[26.11989,59.16265],[26.11995,59.16316],[26.12101,59.16437],[26.12231,59.1643],[26.12285,59.16513],[26.12325,59.16608],[26.11538,59.16704],[26.11611,59.16767],[26.1162,59.16858],[26.11245,59.16779],[26.11109,59.16744],[26.1102,59.16724],[26.10985,59.16788],[26.1088,59.16901],[26.10877,59.17057],[26.10894,59.17082],[26.10886,59.17135],[26.10831,59.17159],[26.10554,59.17148],[26.10442,59.17093],[26.10391,59.17055],[26.10389,59.17016],[26.1043,59.16975],[26.10572,59.16951],[26.10553,59.16899],[26.10496,59.16844],[26.10257,59.16964],[26.10187,59.16976],[26.10064,59.1688],[26.09991,59.16831],[26.09972,59.16811],[26.09823,59.16776]]]},"properties":{"fclass":"residential"}},
{"type":"Feature","geometry":{"type":"Polygon","coordinates":[[[25.21008,59.18668],[25.21393,59.18497],[25.21167,59.18431],[25.21338,59.18198],[25.21453,59.1817],[25.21749,59.18159],[25.21732,59.18324],[25.21891,59.18353],[25.21874,59.18396],[25.22148,59.18397],[25.22115,59.18512],[25.22331,59.18524],[25.22331,59.18548],[25.22251,59.18653],[25.21972,59.18648],[25.21851,59.18639],[25.21754,59.18532],[25.21596,59.1853],[25.21157,59.18721],[25.21138,59.18723],[25.21008,59.18668]]]},"properties":{"fclass":"residential"}},
{"type":"Feature","geometry":{"type":"Polygon","coordinates":[[[25.74877,59.19173],[25.74774,59.19182],[25.74769,59.19173],[25.74774,59.19098],[25.74813,59.19057],[25.74877,59.19081],[25.74957,59.1908],[25.7497,59.1907],[25.74966,59.18936],[25.75172,59.18944],[25.75217,59.18908],[25.75229,59.18855],[25.7537,59.18825],[25.75356,59.18808],[25.75307,59.18806],[25.75281,59.18739],[25.75384,59.1875],[25.75588,59.18751],[25.7565,59.18874],[25.75747,59.18894],[25.76068,59.18888],[25.76269,59.18888],[25.76273,59.18847],[25.76384,59.18847],[25.76623,59.18824],[25.7664,59.18865],[25.7682,59.18847],[25.7681,59.18762],[25.77227,59.18751],[25.77246,59.18795],[25.77321,59.18805],[25.7742,59.1885],[25.77682,59.18829],[25.77985,59.18818],[25.77979,59.18963],[25.77423,59.18995],[25.77413,59.19],[25.77385,59.19118],[25.77303,59.19185],[25.7733,59.1928],[25.76955,59.19284],[25.76945,59.19215],[25.76835,59.19204],[25.76738,59.19189],[25.76704,59.19161],[25.7637,59.19136],[25.76309,59.19127],[25.76156,59.19132],[25.76187,59.19011],[25.75225,59.19012],[25.75041,59.1911],[25.74877,59.19173]]]},"properties":{"fclass":"residential"}},
{"type":"Feature","geometry":{"type":"Polygon","coordinates":[[[25.82773,59.19506],[25.8269,59.19487],[25.82629,59.19287],[25.82852,59.19177],[25.83054,59.19108],[25.83022,59.19087],[25.83232,59.19037],[25.83286,59.1912],[25.83335,59.19152],[25.83407,59.19233],[25.8333,59.19253],[25.83344,59.1927],[25.83391,59.19266],[25.83424,59.19283],[25.83572,59.19285],[25.83775,59.19245],[25.83753,59.19204],[25.83799,59.19047],[25.83906,59.19051],[25.84173,59.19032],[25.84242,59.18966],[25.84324,59.18955],[25.84342,59.1899],[25.84327,59.19026],[25.8436,59.19039],[25.8492,59.18967],[25.85061,59.18984],[25.85081,59.19038],[25.85457,59.18951],[25.8549,59.18991],[25.85472,59.19127],[25.85415,59.19141],[25.85325,59.19084],[25.8522,59.1906],[25.85194,59.19086],[25.85083,59.19079],[25.8515,59.19254],[25.85203,59.19288],[25.85008,59.19326],[25.84789,59.19358],[25.84765,59.19373],[25.84567,59.19364],[25.84545,59.1933],[25.84168,59.19358],[25.84152,59.19371],[25.84193,59.1941],[25.84247,59.1942],[25.84303,59.19419],[25.84341,59.19498],[25.84322,59.19513],[25.84206,59.19531],[25.84181,59.19594],[25.8424,59.19619],[25.84319,59.19606],[25.84359,59.19624],[25.84412,59.19614],[25.84466,59.19641],[25.84384,59.19679],[25.84416,59.19683],[25.84808,59.19603],[25.84923,59.19697],[25.84872,59.19722],[25.84668,59.19778],[25.84676,59.19787],[25.84649,59.19858],[25.84497,59.1987],[25.84271,59.19737],[25.84355,59.19692],[25.84178,59.19618],[25.84037,59.19652],[25.83919,59.19579],[25.84049,59.19539],[25.83922,59.19415],[25.83844,59.19408],[25.83742,59.19427],[25.83651,59.19481],[25.83471,59.19471],[25.83309,59.19494],[25.82773,59.19506]]]},"properties":{"fclass":"residential"}},
{"type":"Feature","geometry":{"type":"Polygon","coordinates":[[[25.87725,59.22756],[25.87675,59.22661],[25.878,59.22542],[25.87842,59.22539],[25.87953,59.22512],[25.87995,59.22513],[25.8807,59.22502],[25.88076,59.22489],[25.88075,59.22367],[25.88049,59.22353],[25.88056,59.22332],[25.88097,59.22339],[25.88408,59.2234],[25.8849,59.22291],[25.88628,59.22231],[25.88846,59.2213],[25.8886,59.22104],[25.8909,59.22195],[25.88253,59.2258],[25.88274,59.22611],[25.88279,59.22663],[25.88593,59.22581],[25.88703,59.22576],[25.88733,59.22642],[25.88876,59.22623],[25.88901,59.22732],[25.88853,59.22757],[25.88953,59.22797],[25.89069,59.22823],[25.89102,59.22838],[25.89184,59.22801],[25.89244,59.22814],[25.89174,59.22875],[25.89119,59.22883],[25.89044,59.22908],[25.88931,59.22938],[25.88772,59.22801],[25.88696,59.22696],[25.88642,59.22709],[25.88587,59.22639],[25.88459,59.22649],[25.88269,59.22741],[25.8816,59.22733],[25.88016,59.22816],[25.87963,59.22808],[25.87896,59.22838],[25.87839,59.22835],[25.87725,59.22756]]]},"properties":{"fclass":"residential"}},
{"type":"Feature","geometry":{"type":"Polygon","coordinates":[[[25.3224,59.24653],[25.31895,59.24593],[25.32139,59.24418],[25.32301,59.24255],[25.32419,59.24087],[25.32483,59.24093],[25.32583,59.2412],[25.32796,59.2414],[25.32901,59.24141],[25.32811,59.24265],[25.32996,59.24295],[25.32921,59.24378],[25.32999,59.24396],[25.33324,59.24482],[25.33431,59.24533],[25.33287,59.24618],[25.33184,59.24704],[25.33101,59.24833],[25.33,59.24785],[25.32728,59.24788],[25.32535,59.24784],[25.32425,59.24611],[25.32394,59.24612],[25.3224,59.24653]]]},"properties":{"fclass":"residential"}},
{"type":"Feature","geometry":{"type":"Polygon","coordinates":[[[25.83654,59.25417],[25.83624,59.25493],[25.83573,59.25497],[25.829,59.25444],[25.82585,59.25422],[25.81926,59.25368],[25.8188,59.25337],[25.81602,59.25298],[25.81604,59.25272],[25.81695,59.25147],[25.81806,59.25172],[25.81889,59.2518],[25.82183,59.24926],[25.82408,59.24913],[25.82422,59.24803],[25.82732,59.24789],[25.82746,59.2483],[25.82897,59.24823],[25.82891,59.24923],[25.83063,59.25229],[25.83011,59.25229],[25.83016,59.25325],[25.83216,59.25353],[25.83201,59.25397],[25.83654,59.25417]]]},"properties":{"fclass":"residential"}},
{"type":"Feature","geometry":{"type":"Polygon","coordinates":[[[26.20903,59.25113],[26.21224,59.2497],[26.2114,59.24953],[26.21022,59.24965],[26.20862,59.24894],[26.20939,59.24818],[26.21119,59.24885],[26.21201,59.24947],[26.2126,59.24941],[26.21382,59.24836],[26.21516,59.24878],[26.21653,59.24924],[26.2173,59.24881],[26.21956,59.2494],[26.21899,59.25016],[26.22063,59.25076],[26.22038,59.25126],[26.21985,59.25259],[26.21978,59.25303],[26.22102,59.25354],[26.22163,59.25276],[26.22225,59.25263],[26.22278,59.25277],[26.22129,59.25398],[26.21959,59.2532],[26.21911,59.25399],[26.21496,59.25334],[26.21122,59.25246],[26.20903,59.25113]]]},"properties":{"fclass":"residential"}},
{"type":"Feature","geometry":{"type":"Polygon","coordinates":[[[26.46348,59.25454],[26.46328,59.25395],[26.46045,59.2531],[26.46147,59.25262],[26.46231,59.25249],[26.4648,59.25351],[26.46759,59.2518],[26.46913,59.24879],[26.46932,59.24818],[26.4696,59.24777],[26.46872,59.24763],[26.47376,59.24211],[26.47273,59.24169],[26.47127,59.24173],[26.46989,59.24157],[26.46734,59.24091],[26.46635,59.24056],[26.46684,59.24011],[26.46475,59.239],[26.46872,59.23706],[26.46947,59.23751],[26.47469,59.23821],[26.47529,59.23803],[26.47646,59.23837],[26.47579,59.23904],[26.47572,59.2394],[26.47772,59.23983],[26.47742,59.24028],[26.47712,59.24056],[26.47764,59.24083],[26.47692,59.24228],[26.4781,59.24255],[26.47854,59.24245],[26.47812,59.2422],[26.47885,59.24195],[26.47935,59.24238],[26.47767,59.24284],[26.47789,59.24306],[26.47856,59.24335],[26.47804,59.24372],[26.47948,59.24429],[26.4792,59.24454],[26.47763,59.24426],[26.47645,59.24597],[26.47537,59.24807],[26.47328,59.24806],[26.47294,59.24803],[26.47258,59.24838],[26.4725,59.24859],[26.47176,59.24846],[26.47134,59.249],[26.47206,59.24916],[26.47169,59.24976],[26.47096,59.24969],[26.46906,59.25221],[26.46908,59.25264],[26.4681,59.25325],[26.46902,59.25358],[26.46736,59.25463],[26.46577,59.2541],[26.46392,59.25478],[26.46348,59.25454]]]},"properties":{"fclass":"residential"}},
{"type":"Feature","geometry":{"type":"Polygon","coordinates":[[[25.97415,59.25417],[25.97441,59.25427],[25.97537,59.25362],[25.97559,59.25354],[25.97615,59.25368],[25.97462,59.25538],[25.97622,59.25594],[25.97499,59.25696],[25.97709,59.25787],[25.9787,59.25675],[25.98075,59.25535],[25.98164,59.25568],[25.98011,59.25694],[25.98198,59.25772],[25.98016,59.25907],[25.98064,59.25938],[25.97758,59.2626],[25.97505,59.26472],[25.9731,59.26546],[25.97065,59.26569],[25.96894,59.2658],[25.96667,59.26575],[25.96571,59.26567],[25.96574,59.26553],[25.96323,59.26537],[25.96334,59.26507],[25.96436,59.26496],[25.96403,59.26427],[25.96252,59.2641],[25.96178,59.26461],[25.9608,59.26486],[25.96056,59.26485],[25.95768,59.26449],[25.95693,59.26467],[25.9537,59.26431],[25.95398,59.26389],[25.95286,59.2638],[25.94925,59.26342],[25.94903,59.26331],[25.94914,59.26271],[25.94758,59.26209],[25.9488,59.26114],[25.94293,59.25908],[25.94277,59.25879],[25.94269,59.25778],[25.94481,59.25774],[25.94478,59.25669],[25.94397,59.25589],[25.94346,59.25337],[25.95041,59.25342],[25.95045,59.25293],[25.95379,59.25292],[25.9582,59.25286],[25.95837,59.25387],[25.95761,59.25742],[25.95952,59.25735],[25.96015,59.25722],[25.96162,59.25611],[25.96384,59.2566],[25.96476,59.25584],[25.96569,59.25479],[25.96607,59.25478],[25.9689,59.25524],[25.97018,59.25437],[25.97082,59.2545],[25.97152,59.25432],[25.97248,59.25471],[25.97295,59.25435],[25.97362,59.25397],[25.97415,59.25417]]]},"properties":{"fclass":"residential"}},
{"type":"Feature","geometry":{"type":"Polygon","coordinates":[[[25.96763,59.26749],[25.96742,59.26738],[25.96525,59.26822],[25.96444,59.26835],[25.9625,59.26962],[25.96432,59.27035],[25.96507,59.2698],[25.96826,59.27103],[25.9673,59.27166],[25.96445,59.27295],[25.96291,59.27376],[25.96242,59.27389],[25.96178,59.27392],[25.95989,59.27387],[25.95886,59.27377],[25.95704,59.27333],[25.95593,59.27302],[25.95391,59.27255],[25.95296,59.27227],[25.9523,59.27195],[25.95487,59.27016],[25.9542,59.26986],[25.95479,59.26939],[25.95403,59.26903],[25.95442,59.2688],[25.95521,59.26848],[25.95783,59.26797],[25.9573,59.26719],[25.95717,59.26668],[25.95483,59.26646],[25.95466,59.26641],[25.95471,59.26551],[25.95678,59.26563],[25.95849,59.26578],[25.9594,59.26601],[25.96157,59.26614],[25.96248,59.2661],[25.96546,59.26635],[25.96892,59.2666],[25.97069,59.26682],[25.97047,59.26732],[25.96924,59.26794],[25.96893,59.26823],[25.96763,59.26749]]]},"properties":{"fclass":"residential"}},
{"type":"Feature","geometry":{"type":"Polygon","coordinates":[[[26.40223,59.28251],[26.40539,59.28218],[26.40728,59.28125],[26.41018,59.28134],[26.41331,59.28182],[26.41608,59.282],[26.41673,59.28128],[26.4174,59.28166],[26.41841,59.28287],[26.41726,59.28314],[26.41613,59.28301],[26.41563,59.28398],[26.41412,59.28441],[26.41425,59.2847],[26.41398,59.28475],[26.41374,59.28527],[26.40223,59.28251]]]},"properties":{"fclass":"residential"}},
{"type":"Feature","geometry":{"type":"Polygon","coordinates":[[[26.38313,59.29512],[26.38356,59.29468],[26.38397,59.29364],[26.38371,59.29335],[26.38323,59.29311],[26.38025,59.29392],[26.37948,59.29347],[26.38091,59.29291],[26.37967,59.29198],[26.37911,59.29137],[26.38231,59.29154],[26.38261,59.29091],[26.38138,59.29051],[26.38188,59.28986],[26.38303,59.28862],[26.38356,59.28852],[26.3845,59.28865],[26.38498,59.28854],[26.38586,59.289],[26.38697,59.28832],[26.38941,59.28833],[26.38994,59.2886],[26.39042,59.28931],[26.38907,59.28993],[26.39046,59.29017],[26.39112,59.29215],[26.39364,59.29378],[26.39514,59.29479],[26.39321,59.29512],[26.39218,59.29415],[26.38918,59.29331],[26.38609,59.2924],[26.3855,59.29383],[26.38457,59.29503],[26.38313,59.29512]]]},"properties":{"fclass":"residential"}},
{"type":"Feature","geometry":{"type":"Polygon","coordinates":[[[25.31135,59.34058],[25.31176,59.33934],[25.3124,59.33815],[25.31402,59.33829],[25.31528,59.3368],[25.31626,59.33613],[25.31668,59.33606],[25.31642,59.3357],[25.31449,59.33458],[25.31736,59.33296],[25.32184,59.33476],[25.32237,59.33447],[25.32335,59.33406],[25.32358,59.33422],[25.32576,59.33343],[25.32784,59.33261],[25.32621,59.33189],[25.32889,59.3304],[25.33093,59.32917],[25.33167,59.32875],[25.33286,59.3291],[25.33306,59.32897],[25.33377,59.32916],[25.33434,59.32874],[25.33348,59.32846],[25.33433,59.32776],[25.33418,59.32772],[25.33563,59.32653],[25.3362,59.32667],[25.33981,59.32764],[25.34096,59.32778],[25.34039,59.32864],[25.33948,59.32978],[25.33895,59.33027],[25.33803,59.33096],[25.33713,59.33149],[25.33656,59.33191],[25.33624,59.33287],[25.33635,59.33393],[25.33701,59.33445],[25.33785,59.33466],[25.33901,59.33486],[25.3399,59.33513],[25.33785,59.33577],[25.33618,59.33562],[25.33573,59.33564],[25.33612,59.33633],[25.33555,59.33652],[25.33265,59.33733],[25.33275,59.33746],[25.33055,59.33807],[25.32959,59.33717],[25.32506,59.33854],[25.3262,59.33929],[25.31856,59.3415],[25.3182,59.34111],[25.31503,59.34136],[25.31479,59.34044],[25.31135,59.34058]]]},"properties":{"fclass":"residential"}},
{"type":"Feature","geometry":{"type":"Polygon","coordinates":[[[26.38327,59.34242],[26.38232,59.34209],[26.38145,59.34154],[26.3824,59.34112],[26.38105,59.34029],[26.38338,59.33921],[26.38558,59.33825],[26.38686,59.33777],[26.38903,59.33702],[26.38872,59.33665],[26.38804,59.33625],[26.38687,59.3364],[26.38843,59.3358],[26.38874,59.33557],[26.38854,59.33493],[26.39066,59.33454],[26.39407,59.3355],[26.39472,59.33581],[26.39339,59.33644],[26.39278,59.33668],[26.39347,59.33696],[26.39356,59.33715],[26.39276,59.33773],[26.39151,59.33709],[26.39107,59.33739],[26.39053,59.33724],[26.38974,59.33816],[26.38599,59.34321],[26.38547,59.34313],[26.38327,59.34242]]]},"properties":{"fclass":"residential"}},
{"type":"Feature","geometry":{"type":"Polygon","coordinates":[[[26.34455,59.33847],[26.34459,59.33766],[26.34451,59.33691],[26.34546,59.33665],[26.34502,59.33517],[26.34435,59.33504],[26.34422,59.33451],[26.3449,59.33406],[26.34459,59.33277],[26.34313,59.33265],[26.34284,59.33246],[26.34291,59.33223],[26.34442,59.33144],[26.34418,59.32987],[26.34482,59.32905],[26.34585,59.32846],[26.34526,59.32797],[26.34739,59.32682],[26.34682,59.3266],[26.34787,59.32597],[26.34845,59.32623],[26.3476,59.32676],[26.34812,59.327],[26.34925,59.327],[26.35014,59.32713],[26.34994,59.3285],[26.34987,59.33001],[26.35084,59.33009],[26.35066,59.33035],[26.34989,59.33074],[26.34985,59.33144],[26.34948,59.33144],[26.34808,59.3322],[26.3476,59.33284],[26.34769,59.33496],[26.34777,59.33547],[26.34866,59.3369],[26.34876,59.3385],[26.34889,59.33983],[26.34889,59.34025],[26.34856,59.3418],[26.34879,59.34181],[26.34964,59.3421],[26.34986,59.34237],[26.34989,59.34306],[26.35004,59.34355],[26.35035,59.34364],[26.35032,59.3442],[26.34866,59.34412],[26.34897,59.34493],[26.35011,59.34608],[26.35047,59.34713],[26.3502,59.34791],[26.34807,59.34759],[26.34814,59.34702],[26.34706,59.3465],[26.34656,59.34596],[26.34535,59.34585],[26.34454,59.34465],[26.34565,59.34447],[26.34566,59.34253],[26.34548,59.34114],[26.34593,59.34075],[26.34546,59.34027],[26.34579,59.34006],[26.34569,59.33951],[26.34526,59.33951],[26.34455,59.33847]]]},"properties":{"fclass":"residential"}},
{"type":"Feature","geometry":{"type":"Polygon","coordinates":[[[26.21395,59.35579],[26.2136,59.35452],[26.21397,59.35411],[26.21315,59.35354],[26.21194,59.35379],[26.2112,59.35389],[26.21078,59.35313],[26.21324,59.35271],[26.21275,59.35177],[26.21193,59.35087],[26.21399,59.35053],[26.21506,59.35211],[26.21535,59.35215],[26.21815,59.35162],[26.21847,59.35131],[26.21707,59.35092],[26.21783,59.35],[26.21889,59.34973],[26.21827,59.34905],[26.22016,59.34885],[26.22013,59.3487],[26.21931,59.34874],[26.21922,59.34814],[26.21893,59.34781],[26.22164,59.34781],[26.22138,59.34876],[26.22051,59.34882],[26.22051,59.34927],[26.22299,59.3494],[26.22325,59.3491],[26.22452,59.34947],[26.22411,59.34999],[26.22338,59.34986],[26.22323,59.35022],[26.22436,59.35034],[26.22519,59.35085],[26.22489,59.35177],[26.22653,59.35164],[26.22696,59.35247],[26.22635,59.35386],[26.22583,59.35436],[26.22535,59.35446],[26.22516,59.35413],[26.2235,59.35437],[26.22239,59.35285],[26.22124,59.35223],[26.22002,59.35308],[26.21844,59.3535],[26.22001,59.35493],[26.22006,59.35581],[26.21803,59.3559],[26.21566,59.35564],[26.21395,59.35579]]]},"properties":{"fclass":"residential"}},
{"type":"Feature","geometry":{"type":"Polygon","coordinates":[[[26.41672,59.35879],[26.42363,59.35789],[26.42351,59.3569],[26.42432,59.35682],[26.42531,59.35747],[26.42653,59.3582],[26.42696,59.35855],[26.43208,59.35943],[26.43461,59.35991],[26.43764,59.36044],[26.43807,59.36159],[26.43732,59.36275],[26.43579,59.36478],[26.43116,59.36462],[26.43049,59.36443],[26.43053,59.36413],[26.43089,59.36418],[26.43112,59.36386],[26.43087,59.36383],[26.4314,59.36284],[26.43189,59.3629],[26.43209,59.36245],[26.42898,59.36201],[26.42912,59.36161],[26.42618,59.36112],[26.42587,59.36158],[26.42448,59.36138],[26.42488,59.36054],[26.42438,59.36046],[26.42413,59.36091],[26.42242,59.36074],[26.4226,59.35909],[26.41732,59.35957],[26.41672,59.35879]]]},"properties":{"fclass":"residential"}},
{"type":"Feature","geometry":{"type":"Polygon","coordinates":[[[26.2696,59.40096],[26.26557,59.39947],[26.26527,59.39975],[26.265,59.4003],[26.26396,59.40089],[26.26302,59.40074],[26.26271,59.40061],[26.26284,59.40039],[26.26216,59.40016],[26.26249,59.39989],[26.26179,59.39954],[26.26344,59.39878],[26.26613,59.39842],[26.2677,59.39832],[26.26953,59.39732],[26.26943,59.39691],[26.26808,59.39633],[26.26803,59.39609],[26.26655,59.39536],[26.26685,59.39498],[26.26699,59.39378],[26.26828,59.39423],[26.26846,59.39404],[26.2689,59.39416],[26.27163,59.39456],[26.27247,59.39506],[26.27173,59.39718],[26.27369,59.39766],[26.27459,59.3971],[26.27402,59.39659],[26.27456,59.39641],[26.2758,59.39673],[26.27655,59.39765],[26.27697,59.39836],[26.27673,59.39861],[26.27698,59.3987],[26.27649,59.39905],[26.27621,59.39913],[26.27515,59.39901],[26.27461,59.39925],[26.27349,59.39904],[26.27237,59.39981],[26.27046,59.40078],[26.26997,59.40108],[26.2696,59.40096]]]},"properties":{"fclass":"residential"}},
{"type":"Feature","geometry":{"type":"Polygon","coordinates":[[[26.42321,59.41424],[26.42328,59.41377],[26.4217,59.41277],[26.42169,59.41208],[26.4223,59.41188],[26.42276,59.41156],[26.42493,59.41193],[26.42643,59.41246],[26.42795,59.41085],[26.42699,59.41032],[26.42757,59.4096],[26.42941,59.40964],[26.43011,59.41042],[26.43041,59.41092],[26.43166,59.41212],[26.43177,59.41234],[26.43118,59.41288],[26.43118,59.41311],[26.43147,59.41318],[26.43426,59.41367],[26.43481,59.41457],[26.43544,59.41471],[26.43919,59.41481],[26.4448,59.41509],[26.44256,59.41802],[26.44252,59.41847],[26.44293,59.41892],[26.44112,59.41947],[26.44256,59.4199],[26.44351,59.41982],[26.44373,59.42003],[26.44436,59.41996],[26.44493,59.42044],[26.44425,59.42059],[26.44456,59.42104],[26.44359,59.42131],[26.44207,59.42236],[26.43951,59.42091],[26.43878,59.42084],[26.43815,59.42029],[26.43814,59.41992],[26.43934,59.41967],[26.43759,59.41767],[26.43576,59.41841],[26.43023,59.41693],[26.42699,59.41673],[26.42777,59.41578],[26.42661,59.41564],[26.42638,59.41616],[26.42558,59.41602],[26.42596,59.41521],[26.42411,59.41504],[26.42351,59.41525],[26.42275,59.41537],[26.42293,59.41432],[26.42321,59.41424]]]},"properties":{"fclass":"residential"}},
{"type":"Feature","geometry":{"type":"Polygon","coordinates":[[[25.42761,59.44214],[25.42878,59.44197],[25.42931,59.44196],[25.43107,59.44293],[25.43113,59.44335],[25.43198,59.44327],[25.43286,59.44283],[25.43346,59.44281],[25.43408,59.44327],[25.43644,59.44272],[25.43677,59.44284],[25.43777,59.44282],[25.43842,59.44271],[25.44084,59.44249],[25.4414,59.44238],[25.44206,59.44244],[25.44294,59.44264],[25.44357,59.44195],[25.44417,59.4414],[25.44486,59.44131],[25.44615,59.4417],[25.44635,59.44193],[25.44787,59.44242],[25.44595,59.4444],[25.44894,59.4452],[25.45038,59.44552],[25.4525,59.44558],[25.45233,59.4463],[25.45016,59.44625],[25.45077,59.4464],[25.45236,59.44667],[25.45588,59.44774],[25.45545,59.44814],[25.45456,59.4479],[25.45378,59.4488],[25.45161,59.44867],[25.45022,59.44846],[25.44947,59.44864],[25.44776,59.44858],[25.44759,59.44879],[25.44693,59.4487],[25.44703,59.44851],[25.44462,59.4481],[25.44267,59.44787],[25.44119,59.44763],[25.44097,59.44729],[25.43975,59.44706],[25.43848,59.44744],[25.43727,59.44714],[25.43339,59.44676],[25.43344,59.44634],[25.43371,59.44594],[25.43289,59.44559],[25.43314,59.44544],[25.43277,59.44524],[25.43363,59.44484],[25.43289,59.44431],[25.43204,59.44389],[25.43172,59.44389],[25.43076,59.44339],[25.42946,59.44353],[25.42853,59.44274],[25.42761,59.44214]]]},"properties":{"fclass":"residential"}},
{"type":"Feature","geometry":{"type":"Polygon","coordinates":[[[26.24438,59.4401],[26.24303,59.43938],[26.24238,59.43897],[26.25233,59.43513],[26.25206,59.43486],[26.25047,59.43431],[26.25063,59.43417],[26.25144,59.43429],[26.2521,59.43431],[26.25318,59.43426],[26.253,59.43357],[26.25392,59.43292],[26.25468,59.43265],[26.25554,59.43251],[26.25499,59.43107],[26.25772,59.43086],[26.25905,59.43067],[26.25916,59.42969],[26.26211,59.42938],[26.26317,59.4295],[26.266,59.42707],[26.26771,59.42755],[26.26807,59.42722],[26.26905,59.4274],[26.26979,59.42713],[26.27029,59.42654],[26.27173,59.42666],[26.27828,59.42345],[26.27981,59.42404],[26.27826,59.42493],[26.27737,59.42504],[26.27297,59.42693],[26.27441,59.42782],[26.27577,59.42861],[26.27451,59.42917],[26.27368,59.42986],[26.27288,59.42972],[26.272,59.43092],[26.27199,59.4311],[26.27262,59.43144],[26.27176,59.43191],[26.27129,59.43239],[26.26831,59.43461],[26.26639,59.43519],[26.26597,59.43564],[26.26456,59.43688],[26.2652,59.43732],[26.26543,59.43828],[26.26278,59.43992],[26.26168,59.43975],[26.2603,59.44075],[26.25906,59.44172],[26.25737,59.44267],[26.25624,59.44283],[26.25519,59.44263],[26.25359,59.44389],[26.2526,59.44353],[26.25399,59.4424],[26.25359,59.44204],[26.25404,59.44175],[26.25474,59.44198],[26.25503,59.44138],[26.25508,59.44075],[26.25255,59.4396],[26.2524,59.4392],[26.25681,59.43699],[26.25881,59.43685],[26.25961,59.43762],[26.25984,59.43767],[26.26043,59.4368],[26.26196,59.43689],[26.26219,59.43667],[26.26156,59.43652],[26.26179,59.43615],[26.26184,59.43582],[26.26111,59.43554],[26.26096,59.43535],[26.25991,59.43559],[26.25904,59.43604],[26.25769,59.43602],[26.2576,59.43658],[26.25711,59.43677],[26.25647,59.43681],[26.25458,59.43591],[26.25313,59.43587],[26.24926,59.43795],[26.24889,59.4384],[26.24822,59.43843],[26.24578,59.43953],[26.24438,59.4401]]]},"properties":{"fclass":"residential"}},
{"type":"Feature","geometry":{"type":"Polygon","coordinates":[[[25.38009,59.45033],[25.38048,59.44939],[25.38178,59.44938],[25.38228,59.4486],[25.38194,59.44852],[25.38292,59.44723],[25.38323,59.44694],[25.38348,59.44697],[25.38443,59.44729],[25.38511,59.44745],[25.38709,59.44807],[25.3875,59.4477],[25.38806,59.44745],[25.38893,59.44715],[25.38974,59.44645],[25.39098,59.44679],[25.39152,59.44647],[25.39297,59.4466],[25.39254,59.44697],[25.39328,59.44736],[25.39326,59.44801],[25.39241,59.44862],[25.39193,59.44844],[25.3913,59.44884],[25.39187,59.44904],[25.39158,59.4493],[25.39318,59.44958],[25.39423,59.44972],[25.39377,59.45028],[25.39352,59.4507],[25.39066,59.45034],[25.38908,59.4503],[25.38827,59.45016],[25.38611,59.4497],[25.38314,59.44955],[25.38191,59.45113],[25.38123,59.45123],[25.38095,59.45081],[25.38102,59.45054],[25.38082,59.45039],[25.38009,59.45033]]]},"properties":{"fclass":"residential"}},
{"type":"Feature","geometry":{"type":"Polygon","coordinates":[[[25.60045,59.45954],[25.5956,59.4563],[25.5947,59.45576],[25.59427,59.45395],[25.59565,59.45256],[25.59737,59.45122],[25.59781,59.45144],[25.60555,59.44999],[25.60594,59.45062],[25.60466,59.45089],[25.6042,59.45095],[25.60226,59.45181],[25.60237,59.45218],[25.60166,59.45335],[25.60116,59.45366],[25.60096,59.45551],[25.6019,59.45586],[25.6008,59.4568],[25.60042,59.4575],[25.6008,59.45851],[25.60196,59.45899],[25.60163,59.45942],[25.60045,59.45954]]]},"properties":{"fclass":"residential"}},
{"type":"Feature","geometry":{"type":"Polygon","coordinates":[[[26.3698,59.13292],[26.3685,59.13329],[26.36511,59.13563],[26.36442,59.13591],[26.36375,59.13594],[26.36219,59.13568],[26.35254,59.13149],[26.35004,59.13007],[26.34977,59.12946],[26.35091,59.12887],[26.34998,59.12828],[26.35,59.12762],[26.34891,59.12674],[26.34892,59.12645],[26.35112,59.12504],[26.35112,59.12469],[26.34899,59.1238],[26.34834,59.12418],[26.34793,59.1242],[26.34402,59.12283],[26.34226,59.12178],[26.34176,59.12166],[26.34093,59.12179],[26.34032,59.12159],[26.3403,59.12132],[26.34154,59.11998],[26.34405,59.11859],[26.34445,59.1186],[26.3452,59.11912],[26.346,59.11902],[26.34811,59.11798],[26.34859,59.1175],[26.34861,59.117],[26.34785,59.11659],[26.34909,59.11585],[26.35221,59.11759],[26.35298,59.11774],[26.35437,59.11703],[26.35554,59.11611],[26.35601,59.11467],[26.35807,59.1146],[26.359,59.11435],[26.36265,59.11282],[26.36502,59.11161],[26.3651,59.11144],[26.36666,59.11099],[26.36705,59.11117],[26.3732,59.10891],[26.37138,59.10773],[26.3702,59.10705],[26.36929,59.10536],[26.36882,59.10482],[26.3731,59.1042],[26.37299,59.10356],[26.37411,59.10325],[26.37427,59.10392],[26.37479,59.10414],[26.3745,59.10473],[26.37516,59.10488],[26.37447,59.10606],[26.37475,59.10646],[26.37587,59.10519],[26.37694,59.10562],[26.3757,59.10674],[26.37761,59.10744],[26.37851,59.10704],[26.37923,59.10732],[26.37889,59.10766],[26.37939,59.10795],[26.37866,59.10823],[26.37669,59.10964],[26.37511,59.10904],[26.37349,59.10919],[26.37403,59.1096],[26.37562,59.11038],[26.37252,59.11235],[26.37432,59.1132],[26.37836,59.11347],[26.37867,59.11352],[26.37977,59.11394],[26.38092,59.1155],[26.38508,59.11628],[26.38464,59.1176],[26.38133,59.11761],[26.3808,59.11773],[26.3852,59.12058],[26.38293,59.12193],[26.38857,59.12495],[26.38532,59.12663],[26.38423,59.12733],[26.37786,59.11955],[26.37721,59.11872],[26.37493,59.11696],[26.37415,59.11558],[26.3725,59.11434],[26.37101,59.11452],[26.3696,59.11437],[26.36867,59.11455],[26.36676,59.11565],[26.36634,59.11602],[26.36451,59.11609],[26.36745,59.12189],[26.36912,59.12192],[26.36972,59.12236],[26.37211,59.12272],[26.37358,59.12378],[26.37369,59.1249],[26.3733,59.1251],[26.37111,59.12519],[26.3706,59.12541],[26.37135,59.12742],[26.36994,59.12747],[26.36817,59.12377],[26.36759,59.12389],[26.36703,59.12314],[26.36211,59.12563],[26.35878,59.12764],[26.35778,59.12856],[26.36156,59.13067],[26.36539,59.13212],[26.36648,59.13169],[26.36843,59.13224],[26.3698,59.13292]]]},"properties":{"fclass":"residential"}},
{"type":"Feature","geometry":{"type":"Polygon","coordinates":[[[26.0498,59.0718],[26.05117,59.07144],[26.05141,59.071],[26.05365,59.06891],[26.05543,59.06867],[26.05553,59.06904],[26.05642,59.06949],[26.05682,59.06913],[26.05786,59.06948],[26.0588,59.06856],[26.06112,59.06946],[26.06287,59.07],[26.063,59.07023],[26.06297,59.07058],[26.06204,59.07179],[26.06238,59.07268],[26.06129,59.07282],[26.05594,59.07239],[26.05518,59.07306],[26.05236,59.07276],[26.05128,59.07245],[26.05023,59.07224],[26.0498,59.0718]]]},"properties":{"fclass":"residential"}},
{"type":"Feature","geometry":{"type":"Polygon","coordinates":[[[26.42043,59.08361],[26.42034,59.08346],[26.4152,59.08382],[26.41382,59.08372],[26.41382,59.08527],[26.41325,59.08526],[26.41319,59.08601],[26.41369,59.08611],[26.4146,59.08677],[26.41423,59.08688],[26.41339,59.08681],[26.41334,59.08665],[26.41223,59.08656],[26.41227,59.08602],[26.41218,59.08361],[26.41198,59.08073],[26.41279,59.08069],[26.41288,59.08084],[26.41424,59.08079],[26.41478,59.08057],[26.41629,59.08068],[26.41659,59.08121],[26.41798,59.08127],[26.41842,59.08136],[26.41802,59.08333],[26.42008,59.08321],[26.41988,59.0826],[26.41925,59.08244],[26.41969,59.08153],[26.42004,59.08138],[26.42008,59.08102],[26.41955,59.08089],[26.41971,59.08009],[26.42132,59.08042],[26.42384,59.07889],[26.42482,59.07869],[26.42618,59.07939],[26.42236,59.08116],[26.42402,59.08219],[26.42361,59.08286],[26.42514,59.0839],[26.42075,59.08366],[26.42043,59.08361]]]},"properties":{"fclass":"residential"}},
{"type":"Feature","geometry":{"type":"Polygon","coordinates":[[[25.6941,59.16163],[25.6947,59.16122],[25.69571,59.16126],[25.69631,59.16133],[25.70129,59.16273],[25.70199,59.16284],[25.70235,59.1627],[25.70455,59.16138],[25.70597,59.16067],[25.70522,59.15931],[25.70732,59.15734],[25.70788,59.15723],[25.70947,59.15743],[25.70986,59.1577],[25.71125,59.15667],[25.70983,59.15578],[25.71059,59.15528],[25.70941,59.15465],[25.70978,59.15387],[25.70867,59.15282],[25.70977,59.15256],[25.70848,59.1515],[25.709,59.15137],[25.71226,59.15154],[25.71407,59.15119],[25.71461,59.15167],[25.71588,59.15306],[25.71718,59.1529],[25.72075,59.15411],[25.72133,59.15383],[25.72272,59.15355],[25.72426,59.15347],[25.72459,59.1541],[25.72527,59.15405],[25.72549,59.15434],[25.72624,59.15422],[25.72662,59.1543],[25.72742,59.15428],[25.72815,59.15416],[25.72856,59.1529],[25.72898,59.153],[25.72892,59.1534],[25.72989,59.15339],[25.72955,59.15408],[25.72761,59.15448],[25.72636,59.15482],[25.72109,59.15511],[25.71778,59.15526],[25.7178,59.15542],[25.71972,59.15628],[25.71824,59.15652],[25.71671,59.15663],[25.71573,59.15644],[25.71395,59.1569],[25.71295,59.15697],[25.71195,59.15749],[25.7115,59.15815],[25.71,59.15948],[25.70993,59.16046],[25.7093,59.16105],[25.70862,59.16099],[25.70825,59.16161],[25.71036,59.16163],[25.71004,59.1621],[25.70888,59.16261],[25.7084,59.16329],[25.70812,59.16336],[25.70752,59.16303],[25.70691,59.16325],[25.7063,59.16406],[25.70515,59.16462],[25.7049,59.16479],[25.70382,59.16403],[25.70155,59.16497],[25.69905,59.16389],[25.69922,59.16318],[25.69939,59.16287],[25.69873,59.16263],[25.69789,59.1629],[25.69616,59.16228],[25.69552,59.16222],[25.6941,59.16163]]]},"properties":{"fclass":"residential"}},
{"type":"Feature","geometry":{"type":"Polygon","coordinates":[[[26.34867,59.24028],[26.34918,59.23998],[26.34992,59.239],[26.35082,59.23833],[26.35152,59.2382],[26.35567,59.23929],[26.35757,59.23998],[26.35811,59.24033],[26.35682,59.24152],[26.3549,59.24133],[26.35431,59.24153],[26.35525,59.2429],[26.35543,59.24428],[26.35251,59.24493],[26.3517,59.24339],[26.35087,59.24367],[26.34962,59.24562],[26.34934,59.24616],[26.34799,59.24599],[26.34598,59.24502],[26.34179,59.245],[26.33975,59.24468],[26.3386,59.24335],[26.334,59.24259],[26.33337,59.24227],[26.33434,59.23873],[26.33902,59.23971],[26.33904,59.2404],[26.33989,59.24109],[26.33893,59.2423],[26.33973,59.24248],[26.34078,59.24243],[26.34105,59.24061],[26.34178,59.24015],[26.34344,59.23954],[26.34387,59.2397],[26.34457,59.24223],[26.34589,59.24212],[26.34687,59.24183],[26.34769,59.24086],[26.34867,59.24028]]]},"properties":{"fclass":"residential"}},
{"type":"Feature","geometry":{"type":"Polygon","coordinates":[[[26.35702,59.25197],[26.35534,59.25201],[26.3551,59.25128],[26.3568,59.25128],[26.35559,59.24937],[26.35627,59.24951],[26.35813,59.25003],[26.3603,59.25003],[26.36059,59.25054],[26.36143,59.25044],[26.36168,59.25093],[26.36219,59.25077],[26.36195,59.24998],[26.36217,59.24967],[26.36188,59.24852],[26.35895,59.24873],[26.3586,59.24701],[26.36197,59.24712],[26.36248,59.24959],[26.3631,59.24973],[26.3632,59.25018],[26.36367,59.25028],[26.36573,59.24951],[26.36581,59.24893],[26.36639,59.2488],[26.36638,59.24814],[26.36741,59.24813],[26.36744,59.24845],[26.36703,59.24856],[26.36725,59.24914],[26.37128,59.24815],[26.3721,59.24733],[26.37523,59.2479],[26.37446,59.24854],[26.37521,59.24917],[26.37759,59.24989],[26.38016,59.25046],[26.38123,59.25104],[26.37995,59.25165],[26.38263,59.2534],[26.38424,59.25286],[26.38469,59.25224],[26.38563,59.25228],[26.38592,59.252],[26.38671,59.2527],[26.38524,59.25359],[26.38417,59.25298],[26.38259,59.25353],[26.37977,59.25164],[26.37722,59.2504],[26.37302,59.24942],[26.37087,59.24965],[26.36893,59.25037],[26.36785,59.24915],[26.36646,59.24946],[26.36235,59.25089],[26.36285,59.25185],[26.36278,59.25218],[26.36244,59.25229],[26.36193,59.25313],[26.35844,59.25397],[26.35702,59.25197]]]},"properties":{"fclass":"residential"}},
{"type":"Feature","geometry":{"type":"Polygon","coordinates":[[[26.36133,59.26691],[26.36218,59.26673],[26.36311,59.2663],[26.36336,59.26589],[26.36419,59.26541],[26.36493,59.2657],[26.36497,59.26593],[26.3647,59.26618],[26.36454,59.2666],[26.36597,59.26673],[26.36638,59.26635],[26.36519,59.26559],[26.364,59.26463],[26.36494,59.26432],[26.36667,59.26568],[26.36618,59.26596],[26.36688,59.2664],[26.36812,59.26547],[26.36851,59.26509],[26.36878,59.26451],[26.36975,59.26473],[26.37008,59.26494],[26.37021,59.26531],[26.36892,59.26573],[26.36843,59.26557],[26.36761,59.26609],[26.3686,59.26668],[26.36783,59.26688],[26.36886,59.26747],[26.3701,59.26699],[26.37006,59.26654],[26.36967,59.26635],[26.3709,59.26603],[26.3729,59.26678],[26.36954,59.26824],[26.36866,59.26764],[26.36771,59.2679],[26.36757,59.2681],[26.36567,59.26858],[26.36411,59.26878],[26.36339,59.26796],[26.3626,59.26786],[26.36133,59.26691]]]},"properties":{"fclass":"residential"}},
{"type":"Feature","geometry":{"type":"Polygon","coordinates":[[[26.41399,59.27853],[26.41461,59.27729],[26.41724,59.27223],[26.41852,59.27263],[26.4186,59.27287],[26.41975,59.27331],[26.41971,59.27411],[26.42185,59.27497],[26.42211,59.27535],[26.42068,59.27547],[26.4209,59.27641],[26.42276,59.27661],[26.42316,59.27699],[26.42284,59.27777],[26.42324,59.27809],[26.42276,59.27806],[26.42265,59.27821],[26.42188,59.27816],[26.42142,59.27866],[26.4252,59.27957],[26.42614,59.27906],[26.42704,59.27959],[26.42604,59.28001],[26.42282,59.28093],[26.4231,59.28111],[26.42309,59.28133],[26.4241,59.28193],[26.42432,59.28221],[26.42454,59.28303],[26.42483,59.28336],[26.42356,59.28356],[26.42262,59.28225],[26.42198,59.28204],[26.4202,59.28258],[26.41841,59.28287],[26.4174,59.28166],[26.41673,59.28128],[26.41581,59.28056],[26.41482,59.2799],[26.41399,59.27853]]]},"properties":{"fclass":"residential"}},
{"type":"Feature","geometry":{"type":"Polygon","coordinates":[[[25.18742,59.37313],[25.18759,59.36991],[25.18954,59.37017],[25.18936,59.37052],[25.18853,59.3704],[25.1883,59.37085],[25.18984,59.37106],[25.19029,59.37017],[25.18952,59.37007],[25.18966,59.36979],[25.19083,59.36999],[25.19169,59.3701],[25.19156,59.37035],[25.19125,59.37043],[25.19106,59.37083],[25.19144,59.37091],[25.18905,59.37298],[25.18828,59.37316],[25.18849,59.3734],[25.18778,59.37357],[25.18742,59.37313]]]},"properties":{"fclass":"residential"}},
{"type":"Feature","geometry":{"type":"Polygon","coordinates":[[[25.19413,59.38093],[25.19387,59.38023],[25.19384,59.37971],[25.19484,59.3796],[25.19474,59.37877],[25.1943,59.37642],[25.19631,59.37671],[25.19743,59.3767],[25.19786,59.37926],[25.19807,59.37927],[25.19817,59.37977],[25.19998,59.37956],[25.2003,59.38015],[25.19998,59.38077],[25.19918,59.38063],[25.19878,59.38049],[25.19752,59.38044],[25.19756,59.3801],[25.19601,59.38012],[25.19614,59.38053],[25.1951,59.38068],[25.19514,59.38086],[25.19413,59.38093]]]},"properties":{"fclass":"residential"}},
{"type":"Feature","geometry":{"type":"Polygon","coordinates":[[[25.42773,59.44932],[25.42652,59.44923],[25.427,59.44841],[25.42793,59.44846],[25.42795,59.44835],[25.43192,59.44858],[25.43255,59.44866],[25.43244,59.44949],[25.43235,59.44971],[25.43177,59.44989],[25.43082,59.44982],[25.43091,59.44943],[25.42969,59.44936],[25.4298,59.44893],[25.42786,59.44882],[25.42773,59.44932]]]},"properties":{"fclass":"residential"}},
{"type":"Feature","geometry":{"type":"Polygon","coordinates":[[[25.42303,59.3882],[25.4231,59.38763],[25.42395,59.38769],[25.42403,59.38718],[25.42433,59.38649],[25.42497,59.38653],[25.42512,59.38581],[25.42627,59.38586],[25.42769,59.38596],[25.42713,59.38801],[25.42556,59.3883],[25.4255,59.38846],[25.42462,59.38843],[25.42469,59.38825],[25.42303,59.3882]]]},"properties":{"fclass":"residential"}},
{"type":"Feature","geometry":{"type":"Polygon","coordinates":[[[25.44207,59.39562],[25.44236,59.39534],[25.44058,59.39423],[25.44374,59.39156],[25.44557,59.39262],[25.44278,59.39523],[25.44356,59.39556],[25.44318,59.39581],[25.44379,59.39635],[25.44342,59.39646],[25.44207,59.39562]]]},"properties":{"fclass":"residential"}},
{"type":"Feature","geometry":{"type":"Polygon","coordinates":[[[25.3362,59.32667],[25.33718,59.32576],[25.33834,59.32583],[25.33864,59.32522],[25.33889,59.32504],[25.33953,59.32503],[25.34368,59.32544],[25.34416,59.32552],[25.34706,59.32353],[25.34632,59.32326],[25.34414,59.32231],[25.34591,59.32147],[25.34662,59.32172],[25.34792,59.32088],[25.34871,59.32008],[25.34697,59.31919],[25.3468,59.31712],[25.34773,59.31693],[25.35055,59.3177],[25.35104,59.31804],[25.35206,59.31855],[25.35226,59.31924],[25.35163,59.31933],[25.3526,59.3209],[25.35188,59.32114],[25.35081,59.32088],[25.34966,59.32166],[25.35018,59.32235],[25.35075,59.32357],[25.35107,59.32447],[25.35067,59.32443],[25.3504,59.32464],[25.35091,59.32518],[25.35076,59.32617],[25.35115,59.32633],[25.35229,59.32645],[25.35193,59.32725],[25.35011,59.32731],[25.34911,59.32713],[25.34658,59.32702],[25.34497,59.3268],[25.34418,59.32672],[25.34307,59.32721],[25.34197,59.32736],[25.342,59.32702],[25.34167,59.32693],[25.34096,59.32778],[25.33981,59.32764],[25.3362,59.32667]]]},"properties":{"fclass":"residential"}},
{"type":"Feature","geometry":{"type":"MultiPolygon","coordinates":[[[[25.37931,59.29019],[25.38176,59.28975],[25.38217,59.29024],[25.38123,59.29085],[25.38051,59.29111],[25.37975,59.29063],[25.37931,59.29019]]],[[[25.42842,59.27286],[25.42958,59.27232],[25.43057,59.27209],[25.43206,59.27217],[25.43277,59.27213],[25.43381,59.27137],[25.435,59.27166],[25.43343,59.2729],[25.43172,59.27392],[25.43028,59.27377],[25.42842,59.27286]]]]},"properties":{"fclass":"residential"}},
{"type":"Feature","geometry":{"type":"Polygon","coordinates":[[[25.19154,59.45126],[25.19093,59.45126],[25.18839,59.45137],[25.18784,59.45115],[25.1897,59.44995],[25.19118,59.44934],[25.19188,59.44964],[25.19131,59.4499],[25.19132,59.45024],[25.19174,59.45035],[25.19279,59.44963],[25.19352,59.4498],[25.19154,59.45126]]]},"properties":{"fclass":"residential"}},
{"type":"Feature","geometry":{"type":"Polygon","coordinates":[[[25.41061,59.31354],[25.40943,59.31283],[25.40973,59.31235],[25.40941,59.31228],[25.40875,59.31287],[25.40632,59.31195],[25.40667,59.31097],[25.40679,59.31082],[25.40785,59.31088],[25.41328,59.31211],[25.41533,59.31259],[25.41288,59.31337],[25.41227,59.31323],[25.41196,59.31337],[25.41061,59.31354]]]},"properties":{"fclass":"residential"}},
{"type":"Feature","geometry":{"type":"Polygon","coordinates":[[[25.39315,59.31169],[25.39324,59.31101],[25.39518,59.31009],[25.39834,59.30899],[25.40059,59.30857],[25.4011,59.30864],[25.40401,59.30739],[25.40501,59.30753],[25.40581,59.3078],[25.40621,59.30803],[25.40639,59.30842],[25.40634,59.30919],[25.4062,59.30969],[25.40443,59.30977],[25.40432,59.30961],[25.40348,59.30954],[25.40322,59.3102],[25.40193,59.31173],[25.40105,59.31192],[25.39736,59.31363],[25.39598,59.31312],[25.39315,59.31169]]]},"properties":{"fclass":"residential"}},
{"type":"Feature","geometry":{"type":"Polygon","coordinates":[[[25.59285,59.29336],[25.59375,59.29322],[25.59433,59.29331],[25.59439,59.29316],[25.59499,59.29308],[25.59556,59.29316],[25.5955,59.29292],[25.59683,59.29385],[25.59692,59.29411],[25.59694,59.29415],[25.59352,59.29568],[25.59328,59.29469],[25.59331,59.29429],[25.59285,59.29336]]]},"properties":{"fclass":"residential"}},
{"type":"Feature","geometry":{"type":"Polygon","coordinates":[[[25.44966,59.45613],[25.45,59.45699],[25.44934,59.45684],[25.44861,59.45722],[25.44724,59.45655],[25.44757,59.45599],[25.44789,59.45599],[25.44928,59.45491],[25.4496,59.45548],[25.44986,59.45553],[25.44966,59.45613]]]},"properties":{"fclass":"residential"}},
{"type":"Feature","geometry":{"type":"Polygon","coordinates":[[[25.44219,59.45635],[25.44167,59.4562],[25.44181,59.45602],[25.44096,59.45592],[25.44115,59.45554],[25.4402,59.45531],[25.43961,59.45547],[25.43775,59.45508],[25.43513,59.45475],[25.43565,59.45412],[25.43579,59.45382],[25.43526,59.45375],[25.43511,59.4532],[25.43642,59.45302],[25.4377,59.45304],[25.43904,59.45314],[25.43926,59.45278],[25.44019,59.45205],[25.4412,59.45226],[25.44209,59.45238],[25.44198,59.45259],[25.44541,59.45271],[25.44539,59.453],[25.44639,59.45309],[25.44745,59.45369],[25.44699,59.45409],[25.4469,59.4543],[25.44817,59.45449],[25.44753,59.45553],[25.44517,59.45511],[25.44592,59.45401],[25.4449,59.45355],[25.4442,59.45445],[25.44341,59.45518],[25.44393,59.45529],[25.44398,59.45542],[25.44342,59.45584],[25.44335,59.45627],[25.44219,59.45635]]]},"properties":{"fclass":"residential"}},
{"type":"Feature","geometry":{"type":"Polygon","coordinates":[[[25.41191,59.44417],[25.41043,59.44327],[25.41231,59.44252],[25.4139,59.44178],[25.41554,59.44288],[25.41404,59.44373],[25.41221,59.44435],[25.41191,59.44417]]]},"properties":{"fclass":"residential"}},
{"type":"Feature","geometry":{"type":"Polygon","coordinates":[[[25.36193,59.30683],[25.36139,59.30675],[25.36126,59.30631],[25.36193,59.30558],[25.36165,59.30552],[25.36235,59.3052],[25.36265,59.30446],[25.36408,59.30442],[25.36625,59.30448],[25.36599,59.30511],[25.36549,59.30659],[25.36543,59.30666],[25.36446,59.30654],[25.36385,59.30655],[25.36259,59.3068],[25.36193,59.30683]]]},"properties":{"fclass":"residential"}},
{"type":"Feature","geometry":{"type":"Polygon","coordinates":[[[25.36009,59.38792],[25.36003,59.38765],[25.36053,59.38734],[25.3615,59.387],[25.36205,59.38687],[25.36485,59.38674],[25.3651,59.3872],[25.36267,59.38741],[25.36185,59.38757],[25.36202,59.38793],[25.36289,59.38781],[25.36311,59.38827],[25.36334,59.38848],[25.36311,59.38882],[25.36249,59.38908],[25.36201,59.38909],[25.3614,59.38877],[25.36095,59.38881],[25.36028,59.38799],[25.36009,59.38792]]]},"properties":{"fclass":"residential"}},
{"type":"Feature","geometry":{"type":"Polygon","coordinates":[[[25.71036,59.25437],[25.71039,59.25394],[25.71632,59.25408],[25.71628,59.25429],[25.71577,59.2544],[25.71577,59.25457],[25.71117,59.25466],[25.71114,59.25439],[25.71036,59.25437]]]},"properties":{"fclass":"residential"}},
{"type":"Feature","geometry":{"type":"Polygon","coordinates":[[[25.38122,59.44299],[25.38145,59.44236],[25.38612,59.44218],[25.38757,59.44221],[25.38751,59.44308],[25.38122,59.44299]]]},"properties":{"fclass":"residential"}},
{"type":"Feature","geometry":{"type":"Polygon","coordinates":[[[26.12877,59.33765],[26.12873,59.33777],[26.12735,59.33882],[26.12739,59.33931],[26.12617,59.33978],[26.12566,59.33943],[26.12375,59.3386],[26.12125,59.3378],[26.1213,59.33767],[26.12059,59.33745],[26.12065,59.33731],[26.12335,59.33746],[26.12336,59.3374],[26.12877,59.33765]]]},"properties":{"fclass":"residential"}},
{"type":"Feature","geometry":{"type":"Polygon","coordinates":[[[25.19808,59.18511],[25.1974,59.18478],[25.1976,59.18109],[25.19807,59.18096],[25.20019,59.18187],[25.20095,59.18156],[25.20123,59.18215],[25.2017,59.18248],[25.20169,59.18264],[25.19946,59.18321],[25.19808,59.18511]]]},"properties":{"fclass":"residential"}},
{"type":"Feature","geometry":{"type":"Polygon","coordinates":[[[25.36107,59.10502],[25.36086,59.10488],[25.36003,59.10486],[25.36034,59.10417],[25.35821,59.10396],[25.35841,59.10331],[25.35894,59.10336],[25.3589,59.1031],[25.36185,59.10294],[25.36353,59.10268],[25.36379,59.10307],[25.36396,59.1035],[25.36383,59.10407],[25.36253,59.10405],[25.36273,59.10341],[25.36173,59.10342],[25.36157,59.10357],[25.36079,59.10396],[25.36079,59.10408],[25.36119,59.10436],[25.36161,59.1045],[25.3611,59.10466],[25.36107,59.10502]]]},"properties":{"fclass":"residential"}},
{"type":"Feature","geometry":{"type":"Polygon","coordinates":[[[25.3482,59.10031],[25.34846,59.10014],[25.34921,59.10029],[25.34978,59.10031],[25.35355,59.1003],[25.35425,59.09977],[25.35496,59.09945],[25.35995,59.09938],[25.36031,59.0979],[25.36237,59.09775],[25.36252,59.09931],[25.36356,59.0993],[25.36368,59.09968],[25.36394,59.09982],[25.36378,59.10022],[25.36343,59.10038],[25.3629,59.10166],[25.36267,59.10189],[25.36157,59.10197],[25.36177,59.10249],[25.3613,59.10254],[25.36076,59.10237],[25.35947,59.10236],[25.35963,59.10165],[25.35825,59.10158],[25.35834,59.10093],[25.35714,59.10097],[25.35535,59.10075],[25.35526,59.10183],[25.3539,59.10185],[25.35389,59.1017],[25.35292,59.10164],[25.35293,59.10155],[25.35118,59.10151],[25.35118,59.10144],[25.34991,59.10131],[25.34989,59.10114],[25.3484,59.10109],[25.3482,59.10031]]]},"properties":{"fclass":"residential"}},
{"type":"Feature","geometry":{"type":"Polygon","coordinates":[[[25.42071,59.45051],[25.42174,59.45037],[25.42193,59.45025],[25.42291,59.45017],[25.42304,59.4496],[25.42464,59.44987],[25.42579,59.44992],[25.42518,59.45096],[25.42463,59.45143],[25.42388,59.45116],[25.42267,59.45174],[25.42192,59.45183],[25.4216,59.45173],[25.42159,59.45104],[25.42112,59.45064],[25.42071,59.45051]]]},"properties":{"fclass":"residential"}},
{"type":"Feature","geometry":{"type":"Polygon","coordinates":[[[25.34469,59.33291],[25.3418,59.33406],[25.34206,59.33423],[25.34104,59.33458],[25.34023,59.3346],[25.33923,59.33445],[25.33851,59.33426],[25.33785,59.33402],[25.33718,59.33335],[25.33706,59.3331],[25.33711,59.33267],[25.33746,59.33221],[25.33803,59.33182],[25.33893,59.33156],[25.33959,59.3315],[25.34092,59.33152],[25.34212,59.33167],[25.34301,59.33157],[25.34348,59.33184],[25.34346,59.33203],[25.34469,59.33291]]]},"properties":{"fclass":"residential"}},
{"type":"Feature","geometry":{"type":"Polygon","coordinates":[[[26.11391,59.15661],[26.11087,59.15818],[26.10836,59.15935],[26.10462,59.16077],[26.10408,59.16041],[26.10367,59.16057],[26.10306,59.16015],[26.10132,59.16079],[26.10258,59.16158],[26.10296,59.16213],[26.10081,59.16275],[26.09958,59.16244],[26.09884,59.16168],[26.09892,59.16144],[26.09954,59.16116],[26.09975,59.1609],[26.09892,59.16011],[26.09766,59.16043],[26.09714,59.16006],[26.09753,59.15913],[26.09871,59.15875],[26.09826,59.15756],[26.09966,59.15702],[26.10022,59.15687],[26.10037,59.15671],[26.10103,59.15648],[26.10159,59.15691],[26.10279,59.15657],[26.10208,59.15623],[26.10269,59.156],[26.1036,59.15632],[26.10455,59.15605],[26.10389,59.15584],[26.1052,59.15545],[26.10356,59.15475],[26.10313,59.15499],[26.10242,59.15468],[26.10373,59.15406],[26.10693,59.15419],[26.10721,59.15439],[26.10691,59.15459],[26.10726,59.15485],[26.10812,59.15454],[26.10903,59.1541],[26.11391,59.15661]]]},"properties":{"fclass":"residential"}},
{"type":"Feature","geometry":{"type":"Polygon","coordinates":[[[26.13664,59.33713],[26.13733,59.33617],[26.13841,59.33533],[26.13896,59.33542],[26.13956,59.33467],[26.14024,59.33428],[26.14104,59.33392],[26.14161,59.33351],[26.14396,59.33399],[26.14346,59.33444],[26.14367,59.33449],[26.14761,59.33477],[26.14733,59.33592],[26.14959,59.33606],[26.14971,59.33559],[26.15177,59.33573],[26.1517,59.33621],[26.15261,59.33628],[26.15262,59.33665],[26.15756,59.33693],[26.15844,59.33753],[26.15844,59.33774],[26.15797,59.33827],[26.15666,59.33821],[26.15526,59.3379],[26.15278,59.33778],[26.15278,59.33783],[26.15123,59.33779],[26.1511,59.33836],[26.14792,59.33819],[26.14691,59.338],[26.14703,59.33753],[26.14055,59.33718],[26.14043,59.33728],[26.13664,59.33713]]]},"properties":{"fclass":"residential"}},
{"type":"Feature","geometry":{"type":"Polygon","coordinates":[[[26.14725,59.34307],[26.14807,59.34191],[26.1474,59.34188],[26.14731,59.34237],[26.14573,59.34251],[26.14573,59.3418],[26.14119,59.34156],[26.14101,59.34189],[26.13721,59.34177],[26.13685,59.34244],[26.13875,59.34291],[26.13852,59.34353],[26.13904,59.34368],[26.13779,59.34515],[26.13713,59.34496],[26.13554,59.34689],[26.13247,59.34623],[26.13045,59.34501],[26.13188,59.34367],[26.13368,59.34412],[26.13486,59.34276],[26.13583,59.34154],[26.13651,59.34063],[26.13802,59.3391],[26.1367,59.33906],[26.13654,59.33869],[26.13826,59.33868],[26.13895,59.33799],[26.14281,59.33817],[26.14459,59.33838],[26.14454,59.33913],[26.14787,59.33929],[26.14794,59.33905],[26.14853,59.33902],[26.15062,59.33907],[26.15061,59.33921],[26.15341,59.33933],[26.15399,59.33901],[26.15471,59.33919],[26.15702,59.34013],[26.15723,59.33986],[26.15792,59.33976],[26.15852,59.33917],[26.16047,59.33926],[26.16083,59.33982],[26.16024,59.33983],[26.16029,59.34042],[26.15837,59.34075],[26.15799,59.3401],[26.15706,59.34027],[26.15719,59.34101],[26.15609,59.34096],[26.1558,59.3409],[26.15573,59.34051],[26.15507,59.34065],[26.1544,59.33968],[26.15357,59.34004],[26.15364,59.34035],[26.15296,59.34044],[26.15339,59.34103],[26.15155,59.34143],[26.15128,59.34197],[26.15221,59.34235],[26.1529,59.34274],[26.15145,59.34345],[26.15034,59.3432],[26.14725,59.34307]]]},"properties":{"fclass":"residential"}},
{"type":"Feature","geometry":{"type":"Polygon","coordinates":[[[26.17448,59.0907],[26.17834,59.087],[26.17865,59.08648],[26.1781,59.08635],[26.17928,59.08509],[26.17983,59.08517],[26.18052,59.08561],[26.1813,59.0854],[26.1821,59.08563],[26.1837,59.085],[26.18373,59.08407],[26.1853,59.08428],[26.18588,59.0847],[26.18511,59.08592],[26.1822,59.08855],[26.18154,59.08871],[26.17985,59.08972],[26.17898,59.08957],[26.17833,59.09055],[26.17514,59.09079],[26.17448,59.0907]]]},"properties":{"fclass":"residential"}},
{"type":"Feature","geometry":{"type":"Polygon","coordinates":[[[25.84055,59.25641],[25.83931,59.25788],[25.83387,59.25716],[25.83068,59.25697],[25.82906,59.25847],[25.82665,59.25796],[25.82466,59.25756],[25.82392,59.25602],[25.82424,59.25532],[25.82558,59.25528],[25.82582,59.25505],[25.82867,59.25523],[25.82885,59.25485],[25.83624,59.25548],[25.84014,59.2558],[25.84055,59.25641]]]},"properties":{"fclass":"residential"}},
{"type":"Feature","geometry":{"type":"Polygon","coordinates":[[[26.02167,59.25228],[26.02534,59.2518],[26.02596,59.25308],[26.02393,59.2533],[26.02371,59.25289],[26.02282,59.253],[26.02213,59.2527],[26.02167,59.25228]]]},"properties":{"fclass":"residential"}},
{"type":"Feature","geometry":{"type":"Polygon","coordinates":[[[25.77438,58.97221],[25.77483,58.97173],[25.77622,58.97184],[25.7771,58.97051],[25.77567,58.96967],[25.7778,58.96902],[25.77886,58.9695],[25.77858,58.96996],[25.77919,58.97009],[25.78244,58.97096],[25.78358,58.97024],[25.78706,58.97104],[25.78396,58.97221],[25.78333,58.97264],[25.78302,58.97277],[25.78147,58.97252],[25.78169,58.97205],[25.78081,58.97185],[25.78034,58.97252],[25.77951,58.97253],[25.77927,58.97271],[25.77813,58.97313],[25.77626,58.97281],[25.77438,58.97221]]]},"properties":{"fclass":"residential"}},
{"type":"Feature","geometry":{"type":"Polygon","coordinates":[[[25.97373,59.25203],[25.97368,59.2519],[25.97294,59.25175],[25.97299,59.25164],[25.97405,59.25123],[25.97442,59.25101],[25.97532,59.25093],[25.97563,59.25075],[25.97786,59.25114],[25.97854,59.25058],[25.97796,59.25037],[25.97873,59.24991],[25.97925,59.24926],[25.98,59.24846],[25.98077,59.24845],[25.98142,59.24808],[25.98199,59.24823],[25.98499,59.24778],[25.98442,59.24811],[25.98639,59.24864],[25.98529,59.24968],[25.98388,59.24932],[25.98282,59.2498],[25.9817,59.24986],[25.98115,59.25099],[25.9788,59.25134],[25.97662,59.2528],[25.97556,59.25319],[25.97415,59.25265],[25.97507,59.25204],[25.97421,59.25175],[25.97373,59.25203]]]},"properties":{"fclass":"residential"}},
{"type":"Feature","geometry":{"type":"Polygon","coordinates":[[[25.6032,59.45331],[25.60329,59.45221],[25.60409,59.45181],[25.60558,59.45169],[25.60537,59.45137],[25.6061,59.45122],[25.60597,59.45098],[25.6064,59.45094],[25.60687,59.45118],[25.60683,59.45145],[25.60985,59.45178],[25.61025,59.45257],[25.60971,59.45265],[25.60967,59.45282],[25.60915,59.45294],[25.60925,59.45326],[25.60788,59.45367],[25.60375,59.45463],[25.6032,59.45331]]]},"properties":{"fclass":"residential"}},
{"type":"Feature","geometry":{"type":"Polygon","coordinates":[[[25.32968,59.34175],[25.33014,59.34171],[25.3304,59.34199],[25.33198,59.34217],[25.33209,59.34175],[25.33047,59.34156],[25.33057,59.3412],[25.33147,59.34127],[25.33182,59.34065],[25.33103,59.34057],[25.33121,59.34006],[25.33198,59.34011],[25.33202,59.33995],[25.33111,59.33924],[25.33311,59.33855],[25.33371,59.33865],[25.33421,59.33885],[25.33436,59.33906],[25.334,59.33963],[25.33402,59.33976],[25.33518,59.34029],[25.33637,59.34048],[25.33595,59.34149],[25.3354,59.34302],[25.33513,59.34314],[25.33479,59.34401],[25.33364,59.34382],[25.33381,59.34352],[25.33058,59.34291],[25.33023,59.34239],[25.32968,59.34175]]]},"properties":{"fclass":"residential"}},
{"type":"Feature","geometry":{"type":"Polygon","coordinates":[[[25.45648,59.44136],[25.45715,59.44088],[25.45814,59.44113],[25.45977,59.44133],[25.46056,59.44132],[25.46131,59.44157],[25.46131,59.44214],[25.4599,59.44236],[25.45777,59.44233],[25.45752,59.44222],[25.45757,59.44199],[25.4566,59.44165],[25.45648,59.44136]]]},"properties":{"fclass":"residential"}},
{"type":"Feature","geometry":{"type":"Polygon","coordinates":[[[25.6818,59.24833],[25.67992,59.24973],[25.67815,59.24883],[25.67858,59.24792],[25.67983,59.24654],[25.68233,59.24637],[25.68282,59.24727],[25.682,59.24749],[25.6811,59.24792],[25.6818,59.24833]]]},"properties":{"fclass":"residential"}},
{"type":"Feature","geometry":{"type":"MultiPolygon","coordinates":[[[[25.64977,59.26724],[25.6504,59.26698],[25.65055,59.2668],[25.65175,59.26641],[25.65241,59.26596],[25.65383,59.26566],[25.65467,59.26639],[25.65472,59.26682],[25.65505,59.26735],[25.65361,59.26821],[25.65253,59.26844],[25.64977,59.26724]]],[[[25.60024,59.28766],[25.60125,59.28752],[25.60207,59.28733],[25.60205,59.28721],[25.60277,59.2871],[25.60274,59.28691],[25.60343,59.28687],[25.60357,59.28713],[25.60459,59.28724],[25.60523,59.28749],[25.6042,59.28763],[25.60206,59.28796],[25.60051,59.2881],[25.60024,59.28766]]],[[[25.61455,59.29809],[25.61434,59.29765],[25.61493,59.29711],[25.61574,59.29719],[25.61642,59.29717],[25.61621,59.29752],[25.61574,59.29754],[25.61554,59.29782],[25.61455,59.29809]]],[[[25.5955,59.29292],[25.59443,59.29287],[25.59384,59.29216],[25.59615,59.29063],[25.59606,59.28971],[25.5966,59.28957],[25.59816,59.29],[25.60036,59.29041],[25.60073,59.29104],[25.60143,59.29129],[25.60194,59.29173],[25.60218,59.29178],[25.60293,59.29314],[25.60393,59.29331],[25.60421,59.29372],[25.60473,59.2939],[25.60506,59.29468],[25.60435,59.29473],[25.60369,59.29426],[25.60363,59.29398],[25.60296,59.29405],[25.6027,59.29342],[25.6021,59.29345],[25.6014,59.29285],[25.60032,59.293],[25.59967,59.29259],[25.5985,59.29331],[25.59692,59.29411],[25.59683,59.29385],[25.5955,59.29292]]],[[[25.60258,59.28917],[25.60327,59.28899],[25.60368,59.28908],[25.60439,59.28872],[25.60589,59.28831],[25.6073,59.28822],[25.60753,59.28804],[25.60812,59.28826],[25.60761,59.2886],[25.60823,59.28888],[25.60911,59.28868],[25.60945,59.28866],[25.6111,59.28758],[25.60964,59.28706],[25.60826,59.28748],[25.60793,59.28722],[25.61092,59.28615],[25.61117,59.2863],[25.61159,59.2861],[25.61292,59.28561],[25.61327,59.2858],[25.61397,59.28555],[25.61359,59.28528],[25.61542,59.28459],[25.61576,59.28457],[25.61612,59.28483],[25.61547,59.28514],[25.61769,59.2858],[25.61703,59.2864],[25.61829,59.28677],[25.61847,59.28676],[25.61858,59.2874],[25.61918,59.28745],[25.61927,59.28771],[25.61865,59.28783],[25.61865,59.28845],[25.61923,59.28959],[25.6191,59.29009],[25.61778,59.29026],[25.61186,59.29],[25.6106,59.28987],[25.61023,59.29],[25.60886,59.28979],[25.60844,59.28987],[25.60822,59.29004],[25.60762,59.28947],[25.60618,59.28979],[25.60542,59.28982],[25.60499,59.28989],[25.60258,59.28917]]],[[[25.62725,59.28356],[25.62753,59.28349],[25.6275,59.28322],[25.62951,59.28306],[25.63021,59.28311],[25.631,59.28307],[25.63131,59.28283],[25.63345,59.28316],[25.63335,59.28354],[25.63275,59.28385],[25.63263,59.28403],[25.63212,59.28408],[25.63166,59.28398],[25.63029,59.28431],[25.63027,59.28468],[25.62918,59.28479],[25.62899,59.28434],[25.6279,59.28383],[25.62739,59.28374],[25.62725,59.28356]]],[[[25.62176,59.28658],[25.62006,59.2861],[25.61902,59.2859],[25.6191,59.28547],[25.61905,59.28519],[25.61865,59.28476],[25.61783,59.28409],[25.61908,59.28363],[25.61981,59.28324],[25.62023,59.28357],[25.62285,59.28591],[25.62276,59.2862],[25.62204,59.28634],[25.62176,59.28658]]],[[[25.62271,59.27623],[25.62297,59.27585],[25.62368,59.27504],[25.62471,59.27447],[25.62509,59.27395],[25.62606,59.27346],[25.62649,59.27351],[25.62619,59.27379],[25.62576,59.27452],[25.62576,59.27482],[25.6251,59.27514],[25.62475,59.27569],[25.62271,59.27623]]],[[[25.6184,59.29885],[25.61728,59.2987],[25.6177,59.29839],[25.61892,59.29777],[25.6193,59.29776],[25.62091,59.29821],[25.62212,59.29863],[25.62273,59.29888],[25.62389,59.29911],[25.62475,59.29899],[25.62563,59.29924],[25.6255,59.29956],[25.62477,59.29944],[25.62373,59.29934],[25.62244,59.29912],[25.62183,59.29907],[25.62101,59.29884],[25.61992,59.2984],[25.61939,59.29834],[25.61881,59.29854],[25.6184,59.29885]]],[[[25.62072,59.29753],[25.62197,59.29721],[25.62201,59.29773],[25.62187,59.29794],[25.62072,59.29753]]],[[[25.62731,59.29574],[25.62812,59.29519],[25.62745,59.29509],[25.62732,59.29456],[25.62789,59.2945],[25.62783,59.29411],[25.62875,59.29411],[25.6292,59.2944],[25.62921,59.29469],[25.62982,59.29495],[25.62934,59.29508],[25.62929,59.29529],[25.62954,59.29548],[25.62857,59.29619],[25.62775,59.29595],[25.62731,59.29574]]],[[[25.60169,59.29592],[25.59993,59.29536],[25.60015,59.29505],[25.60174,59.29512],[25.60262,59.29538],[25.60433,59.2955],[25.60533,59.29546],[25.60692,59.29584],[25.60757,59.29596],[25.60882,59.29591],[25.60903,59.29613],[25.61,59.29658],[25.6104,59.29684],[25.60953,59.29739],[25.61024,59.29761],[25.61096,59.29766],[25.61204,59.29797],[25.61226,59.29772],[25.61354,59.29803],[25.61309,59.29863],[25.61166,59.2985],[25.61038,59.2985],[25.60935,59.29836],[25.60901,59.29813],[25.60782,59.29782],[25.60707,59.2975],[25.60635,59.29739],[25.6059,59.29777],[25.60457,59.29755],[25.60277,59.29712],[25.60204,59.29704],[25.60176,59.29657],[25.60229,59.29609],[25.60169,59.29592]]],[[[25.59877,59.28826],[25.59847,59.28799],[25.59942,59.28781],[25.59961,59.28806],[25.59877,59.28826]]],[[[25.60851,59.2861],[25.60862,59.28546],[25.61094,59.28449],[25.61143,59.28425],[25.61206,59.28348],[25.61067,59.28312],[25.61101,59.28198],[25.61164,59.28112],[25.61197,59.28052],[25.61205,59.28021],[25.61155,59.27943],[25.61112,59.27944],[25.61097,59.27873],[25.61131,59.27869],[25.61115,59.27818],[25.61215,59.27811],[25.6123,59.2779],[25.61259,59.27789],[25.61267,59.27764],[25.61306,59.27755],[25.61314,59.27794],[25.61415,59.28048],[25.61544,59.2811],[25.61493,59.28152],[25.61562,59.28179],[25.61596,59.28159],[25.6166,59.28194],[25.61694,59.28204],[25.61749,59.28258],[25.61684,59.28277],[25.61735,59.28315],[25.6169,59.28352],[25.61574,59.28397],[25.6144,59.28444],[25.61404,59.28438],[25.61314,59.28469],[25.6125,59.28475],[25.61217,59.28471],[25.61161,59.28515],[25.61097,59.28539],[25.61039,59.28551],[25.60851,59.2861]]],[[[25.63909,59.27056],[25.6396,59.26989],[25.6399,59.26999],[25.64066,59.27009],[25.64147,59.27039],[25.64207,59.27068],[25.6428,59.27066],[25.64332,59.27081],[25.64369,59.27103],[25.64322,59.27151],[25.64723,59.27259],[25.64698,59.27281],[25.64634,59.2729],[25.6451,59.27255],[25.64484,59.27278],[25.64361,59.27296],[25.64311,59.27318],[25.64201,59.27292],[25.64235,59.27219],[25.64204,59.27172],[25.64095,59.27144],[25.64024,59.27155],[25.63978,59.27128],[25.63935,59.27123],[25.63969,59.27064],[25.63909,59.27056]]],[[[25.62704,59.27617],[25.62643,59.27557],[25.62764,59.27538],[25.62816,59.27524],[25.63001,59.27438],[25.63035,59.2745],[25.631,59.2742],[25.63243,59.27373],[25.63346,59.27456],[25.63207,59.27644],[25.63105,59.27682],[25.62963,59.27689],[25.62704,59.27617]]],[[[25.61485,59.299],[25.61528,59.29853],[25.61586,59.29869],[25.61542,59.29911],[25.61485,59.299]]]]},"properties":{"fclass":"residential"}},
{"type":"Feature","geometry":{"type":"Polygon","coordinates":[[[26.19434,59.19082],[26.19414,59.19073],[26.19453,59.19046],[26.19408,59.19011],[26.19447,59.18994],[26.19485,59.19002],[26.19534,59.18991],[26.19581,59.18968],[26.19683,59.18865],[26.19767,59.18823],[26.19806,59.18827],[26.19853,59.18812],[26.1995,59.18754],[26.19997,59.18721],[26.20044,59.18714],[26.20283,59.18769],[26.20364,59.1883],[26.20604,59.1878],[26.20501,59.19018],[26.20465,59.1903],[26.20356,59.19023],[26.20206,59.19106],[26.20275,59.19193],[26.20201,59.19199],[26.20017,59.19206],[26.19828,59.192],[26.19603,59.19144],[26.19434,59.19082]]]},"properties":{"fclass":"residential"}},
{"type":"Feature","geometry":{"type":"Polygon","coordinates":[[[26.33288,59.3573],[26.33191,59.35724],[26.32922,59.35691],[26.32846,59.35669],[26.32924,59.3561],[26.32973,59.35608],[26.32992,59.35554],[26.33026,59.35556],[26.33065,59.35475],[26.33142,59.35487],[26.33162,59.35444],[26.33311,59.3546],[26.33284,59.35571],[26.33489,59.35592],[26.33458,59.35656],[26.33552,59.35667],[26.33531,59.35707],[26.33498,59.3572],[26.33407,59.35712],[26.33422,59.3568],[26.33318,59.35668],[26.33288,59.3573]]]},"properties":{"fclass":"residential"}},
{"type":"Feature","geometry":{"type":"Polygon","coordinates":[[[26.34426,59.36035],[26.34394,59.36092],[26.34356,59.36141],[26.34259,59.36118],[26.34276,59.36083],[26.33959,59.36048],[26.33474,59.3598],[26.33595,59.3569],[26.33695,59.35508],[26.33892,59.35525],[26.33913,59.35501],[26.34635,59.35582],[26.34847,59.35607],[26.3481,59.35679],[26.34728,59.35874],[26.34455,59.35872],[26.34438,59.35992],[26.34426,59.36035]]]},"properties":{"fclass":"residential"}},
{"type":"Feature","geometry":{"type":"Polygon","coordinates":[[[26.40703,59.36456],[26.40705,59.36403],[26.40759,59.36406],[26.408,59.36368],[26.40854,59.36369],[26.40914,59.36337],[26.40917,59.36312],[26.41035,59.36318],[26.41108,59.36379],[26.41244,59.36371],[26.4122,59.36284],[26.41403,59.36252],[26.4137,59.36229],[26.41486,59.36217],[26.41531,59.36231],[26.4155,59.36251],[26.41524,59.3629],[26.41608,59.36277],[26.41706,59.36304],[26.41912,59.36375],[26.41838,59.36458],[26.4172,59.36463],[26.41464,59.36462],[26.4093,59.36471],[26.40727,59.36466],[26.40703,59.36456]]]},"properties":{"fclass":"residential"}},
{"type":"Feature","geometry":{"type":"Polygon","coordinates":[[[26.36802,59.36226],[26.36804,59.35986],[26.36809,59.35887],[26.37088,59.35907],[26.37113,59.3588],[26.37317,59.35902],[26.37313,59.35974],[26.37249,59.36103],[26.37244,59.3618],[26.37339,59.36203],[26.37335,59.36232],[26.374,59.36299],[26.37458,59.36283],[26.37494,59.36351],[26.37472,59.36419],[26.37597,59.36476],[26.37672,59.36434],[26.37743,59.36461],[26.37708,59.36492],[26.37471,59.36587],[26.37319,59.3666],[26.37086,59.36555],[26.3704,59.36532],[26.36996,59.36492],[26.36935,59.36419],[26.36832,59.36284],[26.36802,59.36226]]]},"properties":{"fclass":"residential"}},
{"type":"Feature","geometry":{"type":"Polygon","coordinates":[[[26.16177,59.43292],[26.16102,59.4328],[26.16082,59.43269],[26.16135,59.4319],[26.15832,59.43057],[26.16037,59.42962],[26.16164,59.43057],[26.16297,59.43115],[26.16192,59.43153],[26.16156,59.43194],[26.16202,59.43215],[26.16177,59.43292]]]},"properties":{"fclass":"residential"}},
{"type":"Feature","geometry":{"type":"Polygon","coordinates":[[[26.33157,59.33821],[26.33209,59.33773],[26.33159,59.33756],[26.33202,59.33731],[26.33253,59.33622],[26.33318,59.33604],[26.33337,59.33566],[26.33504,59.33645],[26.33348,59.3374],[26.33443,59.33778],[26.33293,59.33854],[26.33259,59.33866],[26.33195,59.33849],[26.33157,59.33821]]]},"properties":{"fclass":"residential"}},
{"type":"Feature","geometry":{"type":"Polygon","coordinates":[[[26.33321,59.3498],[26.33348,59.34896],[26.3365,59.34866],[26.33591,59.35011],[26.33683,59.35028],[26.33884,59.35013],[26.33897,59.35091],[26.3403,59.35087],[26.34025,59.35048],[26.34143,59.35035],[26.34251,59.35062],[26.34245,59.35121],[26.34792,59.34985],[26.34816,59.34991],[26.34763,59.35239],[26.34752,59.35306],[26.34939,59.35354],[26.35073,59.35344],[26.35126,59.35307],[26.35141,59.35258],[26.35177,59.34957],[26.35337,59.34879],[26.35388,59.34822],[26.35414,59.34733],[26.35392,59.34319],[26.35402,59.34148],[26.35425,59.34023],[26.35403,59.33974],[26.35468,59.33958],[26.35501,59.33998],[26.35532,59.34055],[26.35485,59.34242],[26.35469,59.34379],[26.35475,59.3442],[26.35519,59.34511],[26.35538,59.34598],[26.35538,59.34747],[26.35459,59.3489],[26.35408,59.34967],[26.35338,59.35047],[26.35364,59.35053],[26.35423,59.34982],[26.35521,59.34814],[26.35577,59.3482],[26.35767,59.34828],[26.35806,59.34833],[26.35856,59.34819],[26.36032,59.34825],[26.36088,59.34837],[26.36294,59.34894],[26.36442,59.34763],[26.36472,59.34772],[26.36434,59.34811],[26.36536,59.34839],[26.36604,59.34764],[26.36495,59.34744],[26.36557,59.34688],[26.36823,59.34767],[26.36909,59.34691],[26.36999,59.34655],[26.36856,59.34572],[26.36854,59.34558],[26.36943,59.34517],[26.36886,59.34482],[26.3692,59.34478],[26.36974,59.34448],[26.36879,59.34412],[26.36807,59.34462],[26.36813,59.34485],[26.36838,59.34495],[26.36793,59.34531],[26.36764,59.34531],[26.36676,59.34503],[26.3684,59.34387],[26.36509,59.3428],[26.36402,59.34354],[26.35994,59.34352],[26.35972,59.34332],[26.35976,59.34209],[26.36008,59.34117],[26.36135,59.34122],[26.36143,59.34073],[26.36193,59.34011],[26.36255,59.34013],[26.36269,59.33925],[26.36055,59.33918],[26.36014,59.3392],[26.35637,59.33978],[26.35623,59.33973],[26.3569,59.33917],[26.35738,59.33867],[26.35733,59.33848],[26.35692,59.33843],[26.35691,59.33768],[26.35728,59.33614],[26.35326,59.3358],[26.35242,59.33577],[26.3516,59.33457],[26.35144,59.33332],[26.35241,59.3334],[26.35366,59.33332],[26.355,59.3329],[26.35733,59.33303],[26.35744,59.33265],[26.3581,59.33163],[26.35756,59.32781],[26.35838,59.32739],[26.36068,59.32784],[26.36174,59.3278],[26.36199,59.32644],[26.3632,59.32569],[26.36314,59.32479],[26.36352,59.3247],[26.36329,59.32424],[26.36411,59.32331],[26.36468,59.32312],[26.36486,59.32345],[26.36646,59.32413],[26.36785,59.32313],[26.36845,59.32319],[26.36982,59.32185],[26.38581,59.32708],[26.38719,59.32728],[26.38804,59.32843],[26.38819,59.32929],[26.3886,59.32977],[26.38866,59.33089],[26.38867,59.33164],[26.3879,59.3345],[26.38698,59.3337],[26.38496,59.33271],[26.38327,59.33304],[26.38242,59.33292],[26.38085,59.33238],[26.3761,59.33026],[26.37371,59.32717],[26.37216,59.32652],[26.36818,59.32548],[26.36609,59.32539],[26.36476,59.32626],[26.36787,59.32741],[26.36791,59.32789],[26.36588,59.32818],[26.36538,59.33129],[26.36587,59.33148],[26.36582,59.33186],[26.36824,59.33251],[26.36967,59.33295],[26.3704,59.3333],[26.37163,59.33354],[26.36941,59.33558],[26.36983,59.33603],[26.37134,59.33632],[26.37376,59.33466],[26.37554,59.33464],[26.37695,59.33501],[26.38067,59.3365],[26.38099,59.33722],[26.38005,59.33788],[26.37938,59.33759],[26.37846,59.33846],[26.37697,59.33937],[26.37774,59.33977],[26.37623,59.34073],[26.37668,59.34091],[26.37727,59.34047],[26.3783,59.34084],[26.37749,59.34133],[26.37828,59.3416],[26.37705,59.34201],[26.37565,59.34257],[26.37633,59.343],[26.37588,59.3432],[26.37639,59.34358],[26.37361,59.34483],[26.37316,59.34525],[26.37441,59.34606],[26.37783,59.34471],[26.37954,59.3448],[26.38501,59.34689],[26.38144,59.34844],[26.38209,59.34874],[26.37945,59.35006],[26.37193,59.34809],[26.37172,59.34833],[26.37209,59.34885],[26.37188,59.34891],[26.3725,59.34958],[26.37277,59.35014],[26.37278,59.35073],[26.37128,59.35101],[26.3705,59.35147],[26.37345,59.35263],[26.37254,59.3533],[26.37366,59.35374],[26.3743,59.35331],[26.37557,59.35389],[26.37726,59.3544],[26.37673,59.35483],[26.37795,59.35525],[26.37838,59.35482],[26.37978,59.35531],[26.37891,59.35618],[26.37733,59.3559],[26.37604,59.35686],[26.37683,59.35702],[26.37646,59.35751],[26.37576,59.35741],[26.37582,59.35729],[26.3746,59.35713],[26.37481,59.35675],[26.37346,59.35654],[26.37223,59.35638],[26.37214,59.35718],[26.37052,59.35714],[26.37004,59.35698],[26.37005,59.35631],[26.3694,59.3563],[26.36919,59.35668],[26.36828,59.3567],[26.36826,59.35722],[26.36756,59.35714],[26.36761,59.35696],[26.36681,59.3569],[26.36661,59.35745],[26.36465,59.35714],[26.36208,59.35685],[26.36187,59.35731],[26.3596,59.35705],[26.35982,59.35665],[26.36066,59.35676],[26.36117,59.35557],[26.36022,59.35545],[26.35997,59.35597],[26.35779,59.35573],[26.35763,59.35608],[26.35684,59.35598],[26.35671,59.35628],[26.3558,59.35618],[26.35337,59.35597],[26.35369,59.35525],[26.35283,59.35515],[26.35294,59.35492],[26.35189,59.35477],[26.35256,59.35338],[26.35254,59.35318],[26.35151,59.35294],[26.35124,59.35338],[26.35071,59.35357],[26.34946,59.35362],[26.34952,59.35442],[26.35041,59.35429],[26.35039,59.3548],[26.35098,59.35559],[26.34889,59.35534],[26.3492,59.35432],[26.34882,59.3541],[26.34767,59.35395],[26.34759,59.35416],[26.34696,59.35533],[26.34634,59.35524],[26.33717,59.3542],[26.3385,59.35188],[26.33905,59.35122],[26.33331,59.35095],[26.33375,59.34989],[26.33321,59.3498]]]},"properties":{"fclass":"residential"}},
{"type":"Feature","geometry":{"type":"Polygon","coordinates":[[[25.84475,59.01208],[25.84698,59.012],[25.84766,59.01234],[25.8486,59.01301],[25.84921,59.01281],[25.85142,59.01456],[25.85056,59.01476],[25.84764,59.01258],[25.8461,59.01315],[25.84531,59.01279],[25.84475,59.01208]]]},"properties":{"fclass":"residential"}},
{"type":"Feature","geometry":{"type":"Polygon","coordinates":[[[25.8621,59.02589],[25.86248,59.02461],[25.86376,59.02526],[25.86403,59.02473],[25.8653,59.02518],[25.86506,59.02532],[25.86539,59.02548],[25.8676,59.02416],[25.86734,59.02636],[25.86654,59.02678],[25.86556,59.02635],[25.86376,59.027],[25.8621,59.02589]]]},"properties":{"fclass":"residential"}},
{"type":"Feature","geometry":{"type":"Polygon","coordinates":[[[26.23542,59.12705],[26.23464,59.12726],[26.23426,59.12718],[26.23404,59.12695],[26.23449,59.12566],[26.23726,59.12587],[26.2383,59.12492],[26.24173,59.12486],[26.24312,59.12406],[26.24433,59.124],[26.24416,59.12365],[26.24851,59.12374],[26.24876,59.12498],[26.25723,59.12425],[26.25671,59.1225],[26.2581,59.12239],[26.25966,59.12233],[26.26021,59.12316],[26.26034,59.12382],[26.25978,59.12407],[26.25995,59.12473],[26.26072,59.12708],[26.26164,59.1272],[26.26215,59.1285],[26.26089,59.12866],[26.26128,59.12948],[26.25864,59.12967],[26.25922,59.13163],[26.25726,59.13181],[26.25664,59.13168],[26.25487,59.13221],[26.25524,59.13288],[26.2538,59.1332],[26.2525,59.1319],[26.25162,59.13204],[26.2503,59.13023],[26.24889,59.13049],[26.24864,59.13075],[26.24817,59.13005],[26.247,59.13032],[26.245,59.13067],[26.24308,59.1312],[26.24086,59.13063],[26.23799,59.12928],[26.23773,59.12723],[26.23787,59.12667],[26.23692,59.12661],[26.23708,59.12611],[26.23644,59.12606],[26.2362,59.12672],[26.23542,59.12705]]]},"properties":{"fclass":"residential"}},
{"type":"Feature","geometry":{"type":"Polygon","coordinates":[[[26.4233,59.29361],[26.42347,59.29197],[26.4256,59.29196],[26.4253,59.29102],[26.42616,59.29094],[26.42608,59.29058],[26.42386,59.29069],[26.424,59.28919],[26.42516,59.28921],[26.42567,59.28927],[26.42561,59.28832],[26.42661,59.28834],[26.42665,59.28929],[26.42696,59.28938],[26.42865,59.28933],[26.42886,59.29114],[26.4314,59.2914],[26.43395,59.29217],[26.43396,59.29406],[26.43471,59.29443],[26.43384,59.29592],[26.43242,59.29548],[26.43223,59.29372],[26.42895,59.29321],[26.42708,59.29431],[26.42686,59.29421],[26.42418,59.29412],[26.42382,59.29421],[26.4233,59.29361]]]},"properties":{"fclass":"residential"}},
{"type":"Feature","geometry":{"type":"Polygon","coordinates":[[[26.42699,59.28791],[26.42758,59.28752],[26.42745,59.28747],[26.4289,59.28646],[26.42908,59.28601],[26.42908,59.28567],[26.42741,59.28454],[26.42813,59.28412],[26.42923,59.2845],[26.43033,59.28546],[26.43173,59.28635],[26.42841,59.28821],[26.42756,59.28821],[26.42699,59.28791]]]},"properties":{"fclass":"residential"}},
{"type":"Feature","geometry":{"type":"Polygon","coordinates":[[[25.73095,59.1307],[25.73203,59.13061],[25.73276,59.13074],[25.73276,59.13053],[25.73345,59.13033],[25.73371,59.13055],[25.73469,59.13038],[25.73439,59.13002],[25.73578,59.12973],[25.73604,59.13007],[25.73693,59.12989],[25.73701,59.13],[25.73834,59.12972],[25.73815,59.12945],[25.73783,59.12953],[25.73755,59.12921],[25.73789,59.12899],[25.73857,59.12885],[25.73836,59.12858],[25.73861,59.12852],[25.73835,59.12821],[25.73801,59.1283],[25.73739,59.12755],[25.73872,59.1274],[25.73908,59.1274],[25.73976,59.12826],[25.74038,59.12895],[25.73983,59.12909],[25.74036,59.12969],[25.73981,59.12981],[25.73913,59.12987],[25.73771,59.13017],[25.73683,59.1302],[25.73703,59.13081],[25.73644,59.13096],[25.73514,59.13107],[25.73495,59.13086],[25.73435,59.131],[25.73393,59.13122],[25.73253,59.13155],[25.73146,59.13126],[25.73095,59.1307]]]},"properties":{"fclass":"residential"}},
{"type":"Feature","geometry":{"type":"Polygon","coordinates":[[[26.03864,59.37184],[26.03823,59.37169],[26.03797,59.37128],[26.03869,59.37036],[26.03928,59.3705],[26.04016,59.37027],[26.04127,59.37084],[26.04259,59.37012],[26.04368,59.37033],[26.04433,59.37008],[26.04502,59.37037],[26.0445,59.37068],[26.04474,59.37078],[26.044,59.37129],[26.04413,59.37136],[26.04323,59.37195],[26.0437,59.37218],[26.04316,59.37252],[26.04235,59.37218],[26.04197,59.3725],[26.04279,59.37305],[26.04327,59.37279],[26.04416,59.37321],[26.04344,59.37361],[26.04166,59.37278],[26.04195,59.37257],[26.03975,59.3716],[26.03864,59.37184]]]},"properties":{"fclass":"residential"}},
{"type":"Feature","geometry":{"type":"Polygon","coordinates":[[[26.35488,59.34361],[26.35494,59.34315],[26.35522,59.34199],[26.35613,59.34209],[26.35693,59.3421],[26.35662,59.3423],[26.35656,59.34255],[26.35564,59.34247],[26.35548,59.34307],[26.35638,59.34313],[26.35687,59.34334],[26.35681,59.34441],[26.35611,59.34452],[26.35619,59.34476],[26.35525,59.34485],[26.35494,59.34405],[26.35488,59.34361]]]},"properties":{"fclass":"residential"}},
{"type":"Feature","geometry":{"type":"Polygon","coordinates":[[[26.36198,59.34559],[26.36194,59.34696],[26.36128,59.34754],[26.35984,59.34711],[26.35957,59.34684],[26.3596,59.3456],[26.36096,59.34557],[26.36198,59.34559]]]},"properties":{"fclass":"residential"}},
{"type":"Feature","geometry":{"type":"Polygon","coordinates":[[[26.4067,59.07184],[26.40887,59.0717],[26.40934,59.07191],[26.40949,59.07407],[26.40908,59.07405],[26.409,59.07362],[26.40777,59.07364],[26.40759,59.07301],[26.40692,59.07303],[26.4067,59.07184]]]},"properties":{"fclass":"residential"}},
{"type":"Feature","geometry":{"type":"Polygon","coordinates":[[[26.03926,59.42146],[26.04115,59.42079],[26.04165,59.42022],[26.04251,59.42023],[26.04346,59.42077],[26.04426,59.42035],[26.04478,59.42044],[26.04543,59.42197],[26.04324,59.42178],[26.041,59.42237],[26.03926,59.42146]]]},"properties":{"fclass":"residential"}},
{"type":"Feature","geometry":{"type":"Polygon","coordinates":[[[26.03641,59.41263],[26.03681,59.41211],[26.03836,59.41195],[26.03942,59.41057],[26.04037,59.40988],[26.04163,59.40984],[26.04166,59.41047],[26.04308,59.41065],[26.04181,59.41189],[26.0417,59.41225],[26.04176,59.41274],[26.04245,59.41529],[26.0401,59.41533],[26.03993,59.41487],[26.03771,59.41489],[26.03684,59.41459],[26.03685,59.4143],[26.03772,59.41433],[26.03829,59.41447],[26.03871,59.41386],[26.03966,59.41394],[26.04028,59.41387],[26.04118,59.41352],[26.0388,59.41325],[26.03721,59.41298],[26.03641,59.41263]]]},"properties":{"fclass":"residential"}},
{"type":"Feature","geometry":{"type":"Polygon","coordinates":[[[26.02329,59.36039],[26.0222,59.35999],[26.02172,59.35967],[26.0223,59.35871],[26.02352,59.35891],[26.02315,59.35947],[26.02332,59.35958],[26.02302,59.36013],[26.02426,59.36038],[26.02495,59.35915],[26.02674,59.35946],[26.02632,59.36018],[26.02598,59.36014],[26.02556,59.36063],[26.02439,59.36044],[26.02431,59.36057],[26.02329,59.36039]]]},"properties":{"fclass":"residential"}},
{"type":"Feature","geometry":{"type":"Polygon","coordinates":[[[26.02493,59.3652],[26.02463,59.36509],[26.0242,59.3638],[26.02381,59.36245],[26.0245,59.36244],[26.02523,59.36257],[26.02509,59.36301],[26.02437,59.36293],[26.02448,59.36348],[26.02582,59.36368],[26.02597,59.3635],[26.02672,59.36383],[26.02701,59.36433],[26.02625,59.36544],[26.02493,59.3652]]]},"properties":{"fclass":"residential"}},
{"type":"Feature","geometry":{"type":"Polygon","coordinates":[[[26.25613,59.40595],[26.25495,59.40577],[26.25399,59.40624],[26.25282,59.40581],[26.25425,59.40524],[26.25344,59.40474],[26.25517,59.40379],[26.25623,59.40438],[26.25704,59.40422],[26.25783,59.40462],[26.25715,59.40493],[26.25692,59.40491],[26.25613,59.40595]]]},"properties":{"fclass":"residential"}},
{"type":"Feature","geometry":{"type":"Polygon","coordinates":[[[26.20607,59.09685],[26.20632,59.09619],[26.20691,59.09613],[26.20788,59.09624],[26.2081,59.09592],[26.2079,59.09577],[26.2073,59.09572],[26.20813,59.09545],[26.20873,59.0954],[26.20946,59.09521],[26.21003,59.09698],[26.20685,59.09736],[26.20643,59.09694],[26.20607,59.09685]]]},"properties":{"fclass":"residential"}},
{"type":"Feature","geometry":{"type":"Polygon","coordinates":[[[26.21042,59.09193],[26.21071,59.09154],[26.21216,59.08991],[26.21162,59.08981],[26.21241,59.08863],[26.21298,59.08876],[26.214,59.08751],[26.21483,59.08774],[26.21509,59.08792],[26.21495,59.0882],[26.21379,59.0896],[26.2143,59.08998],[26.21284,59.09177],[26.21042,59.09193]]]},"properties":{"fclass":"residential"}},
{"type":"Feature","geometry":{"type":"Polygon","coordinates":[[[26.188,59.08957],[26.18864,59.08825],[26.18805,59.0882],[26.18866,59.08743],[26.1899,59.08713],[26.1905,59.08722],[26.19021,59.0882],[26.19053,59.08825],[26.19027,59.08905],[26.18946,59.08911],[26.18962,59.09056],[26.188,59.08957]]]},"properties":{"fclass":"residential"}},
{"type":"Feature","geometry":{"type":"Polygon","coordinates":[[[26.12132,59.17131],[26.12437,59.17085],[26.12494,59.17172],[26.12544,59.17339],[26.12739,59.17334],[26.13046,59.17298],[26.13142,59.17279],[26.13143,59.17317],[26.13034,59.17359],[26.1303,59.17412],[26.13074,59.1744],[26.13121,59.17447],[26.13259,59.17419],[26.13311,59.1748],[26.13335,59.17525],[26.1313,59.17553],[26.13103,59.17596],[26.1297,59.17729],[26.12998,59.17845],[26.12713,59.17849],[26.12677,59.17803],[26.12469,59.17588],[26.12391,59.17486],[26.12146,59.17496],[26.12135,59.17423],[26.1234,59.17407],[26.12299,59.17345],[26.12132,59.17131]]]},"properties":{"fclass":"residential"}},
{"type":"Feature","geometry":{"type":"Polygon","coordinates":[[[26.38639,59.39138],[26.38683,59.39053],[26.38774,59.39048],[26.38767,59.38995],[26.38614,59.3899],[26.38591,59.39023],[26.38502,59.39024],[26.38454,59.39006],[26.38377,59.39036],[26.38152,59.38948],[26.38219,59.38908],[26.38417,59.38968],[26.38829,59.3898],[26.38836,59.38901],[26.3915,59.38906],[26.39164,59.38841],[26.39171,59.38712],[26.39245,59.38558],[26.39318,59.38561],[26.39362,59.38835],[26.39359,59.38884],[26.39299,59.38981],[26.3921,59.39033],[26.39076,59.39052],[26.38984,59.39044],[26.38862,59.39048],[26.38817,59.39065],[26.38786,59.39098],[26.38754,59.39152],[26.38639,59.39138]]]},"properties":{"fclass":"residential"}},
{"type":"Feature","geometry":{"type":"Polygon","coordinates":[[[26.37865,59.391],[26.38051,59.39077],[26.38087,59.39114],[26.38177,59.39087],[26.38238,59.39112],[26.38165,59.39164],[26.38402,59.39288],[26.38322,59.39294],[26.38145,59.39359],[26.37916,59.39265],[26.37873,59.39224],[26.37884,59.39172],[26.37865,59.391]]]},"properties":{"fclass":"residential"}},
{"type":"Feature","geometry":{"type":"Polygon","coordinates":[[[26.20644,59.21528],[26.20642,59.21447],[26.2074,59.21439],[26.20757,59.21399],[26.20891,59.21384],[26.21033,59.21419],[26.20995,59.21472],[26.21029,59.21487],[26.2107,59.21467],[26.21244,59.2151],[26.21247,59.21634],[26.21141,59.21617],[26.21097,59.21643],[26.21039,59.21697],[26.21007,59.21743],[26.21012,59.21815],[26.20859,59.21829],[26.20831,59.21768],[26.2099,59.21736],[26.21009,59.21693],[26.20912,59.21675],[26.20833,59.21611],[26.20764,59.21584],[26.20644,59.21528]]]},"properties":{"fclass":"residential"}},
{"type":"Feature","geometry":{"type":"Polygon","coordinates":[[[26.28465,59.27262],[26.28439,59.27185],[26.28434,59.27103],[26.28416,59.27079],[26.28419,59.2704],[26.28389,59.27009],[26.28238,59.26987],[26.28275,59.27085],[26.28256,59.27127],[26.28088,59.2714],[26.28042,59.27084],[26.28064,59.27061],[26.2814,59.27045],[26.28102,59.26903],[26.28471,59.26856],[26.28478,59.26916],[26.2914,59.26924],[26.29135,59.26993],[26.29286,59.26995],[26.29284,59.27007],[26.29153,59.27007],[26.29161,59.27066],[26.29083,59.27097],[26.29029,59.27099],[26.28902,59.27084],[26.28821,59.27149],[26.28721,59.2709],[26.28707,59.27045],[26.28475,59.27042],[26.28486,59.27192],[26.28558,59.27191],[26.28568,59.27173],[26.28611,59.27174],[26.28618,59.2719],[26.286,59.27249],[26.28572,59.27259],[26.28465,59.27262]]]},"properties":{"fclass":"residential"}},
{"type":"Feature","geometry":{"type":"Polygon","coordinates":[[[26.30417,59.27204],[26.30223,59.2718],[26.30186,59.27218],[26.30061,59.27206],[26.30021,59.27244],[26.29937,59.27235],[26.29879,59.27212],[26.29782,59.2725],[26.2968,59.27202],[26.29563,59.27108],[26.29757,59.27066],[26.29869,59.27086],[26.29999,59.2705],[26.30036,59.27053],[26.30157,59.27079],[26.30339,59.27084],[26.30507,59.27102],[26.30453,59.27188],[26.30417,59.27204]]]},"properties":{"fclass":"residential"}},
{"type":"Feature","geometry":{"type":"Polygon","coordinates":[[[26.15003,59.34889],[26.14988,59.34909],[26.14886,59.34891],[26.14866,59.34922],[26.14861,59.34958],[26.14829,59.34978],[26.14694,59.34942],[26.14725,59.34908],[26.14812,59.34923],[26.1484,59.34896],[26.14751,59.34876],[26.14762,59.34832],[26.14808,59.34752],[26.14909,59.34747],[26.14921,59.34764],[26.15077,59.3479],[26.15003,59.34889]]]},"properties":{"fclass":"residential"}},
{"type":"Feature","geometry":{"type":"Polygon","coordinates":[[[26.1161,59.35225],[26.11549,59.35206],[26.11636,59.35126],[26.11744,59.35104],[26.11802,59.35082],[26.118,59.35006],[26.12021,59.34802],[26.12126,59.34699],[26.12474,59.3477],[26.12234,59.35022],[26.12117,59.35154],[26.12021,59.35245],[26.11932,59.35284],[26.11873,59.35293],[26.1161,59.35225]]]},"properties":{"fclass":"residential"}},
{"type":"Feature","geometry":{"type":"Polygon","coordinates":[[[26.14248,59.17091],[26.14479,59.17037],[26.14637,59.17011],[26.14665,59.16992],[26.14701,59.16994],[26.14806,59.1698],[26.14907,59.16972],[26.14915,59.16949],[26.14856,59.16923],[26.14854,59.1689],[26.14989,59.16807],[26.15417,59.16795],[26.15581,59.16825],[26.15578,59.1691],[26.15537,59.16934],[26.15538,59.16995],[26.15281,59.17071],[26.15213,59.17013],[26.15128,59.17033],[26.14786,59.17072],[26.14736,59.17029],[26.14548,59.17053],[26.14639,59.1716],[26.14402,59.17235],[26.14248,59.17091]]]},"properties":{"fclass":"residential"}},
{"type":"Feature","geometry":{"type":"Polygon","coordinates":[[[26.17679,59.16546],[26.17889,59.1649],[26.18246,59.16375],[26.18818,59.16186],[26.18972,59.1646],[26.18868,59.16553],[26.18957,59.16569],[26.18938,59.16609],[26.18835,59.16592],[26.18795,59.16744],[26.1854,59.16603],[26.18394,59.16756],[26.18241,59.16663],[26.18122,59.16574],[26.17982,59.16623],[26.17917,59.16624],[26.17835,59.16575],[26.1776,59.16599],[26.17679,59.16546]]]},"properties":{"fclass":"residential"}},
{"type":"Feature","geometry":{"type":"Polygon","coordinates":[[[26.23064,59.14799],[26.22794,59.1455],[26.22789,59.14524],[26.22819,59.14485],[26.22896,59.1447],[26.22934,59.14489],[26.22983,59.14482],[26.23024,59.14527],[26.23132,59.14457],[26.22998,59.14097],[26.23041,59.14098],[26.23162,59.14088],[26.23206,59.14201],[26.23089,59.14213],[26.23071,59.14233],[26.23145,59.14441],[26.23165,59.14461],[26.23262,59.14399],[26.23474,59.14365],[26.23532,59.14481],[26.23497,59.1454],[26.2339,59.14669],[26.23515,59.14708],[26.23484,59.14732],[26.23436,59.14743],[26.23428,59.14765],[26.23379,59.14773],[26.23388,59.14811],[26.23388,59.14884],[26.23553,59.1501],[26.23645,59.14982],[26.23721,59.14983],[26.2379,59.1505],[26.23687,59.15114],[26.23984,59.15261],[26.23907,59.15298],[26.23671,59.15201],[26.23704,59.15145],[26.23643,59.1511],[26.23588,59.15065],[26.23356,59.14897],[26.23294,59.14914],[26.23184,59.14775],[26.23064,59.14799]]]},"properties":{"fclass":"residential"}},
{"type":"Feature","geometry":{"type":"Polygon","coordinates":[[[26.34603,59.47149],[26.34677,59.47093],[26.34744,59.47032],[26.35031,59.47166],[26.34922,59.47232],[26.34865,59.47218],[26.3479,59.47259],[26.34734,59.47267],[26.3468,59.47291],[26.34662,59.47282],[26.34603,59.47149]]]},"properties":{"fclass":"residential"}},
{"type":"Feature","geometry":{"type":"Polygon","coordinates":[[[25.22887,59.42215],[25.22798,59.42208],[25.22693,59.42219],[25.22072,59.42187],[25.22148,59.42084],[25.22788,59.42116],[25.22927,59.4207],[25.22978,59.4195],[25.23049,59.41831],[25.23347,59.41944],[25.23461,59.41877],[25.23577,59.41958],[25.23612,59.41994],[25.23604,59.4201],[25.23559,59.42023],[25.23514,59.42026],[25.23445,59.41985],[25.23369,59.41998],[25.23359,59.42015],[25.23405,59.42067],[25.23357,59.42085],[25.23293,59.42083],[25.23231,59.42098],[25.23173,59.42104],[25.23086,59.42099],[25.23007,59.42137],[25.22991,59.42155],[25.22944,59.42169],[25.22887,59.42215]]]},"properties":{"fclass":"residential"}},
{"type":"Feature","geometry":{"type":"Polygon","coordinates":[[[25.76807,58.96842],[25.77015,58.96811],[25.76896,58.96674],[25.77468,58.96679],[25.77555,58.96747],[25.77281,58.96798],[25.77321,58.96914],[25.77318,58.96939],[25.77034,58.96936],[25.7693,58.96947],[25.76807,58.96842]]]},"properties":{"fclass":"residential"}},
{"type":"Feature","geometry":{"type":"Polygon","coordinates":[[[25.76934,58.97162],[25.77144,58.97121],[25.77327,58.97183],[25.77353,58.97225],[25.77248,58.97308],[25.77003,58.97253],[25.76934,58.97162]]]},"properties":{"fclass":"residential"}},
{"type":"Feature","geometry":{"type":"Polygon","coordinates":[[[26.16858,59.44511],[26.17166,59.44545],[26.17423,59.44621],[26.17301,59.4475],[26.16987,59.4471],[26.16939,59.4468],[26.16877,59.44654],[26.16858,59.44511]]]},"properties":{"fclass":"residential"}},
{"type":"Feature","geometry":{"type":"Polygon","coordinates":[[[26.18822,59.35183],[26.188,59.35092],[26.18701,59.35098],[26.18686,59.35125],[26.18599,59.35131],[26.18536,59.35036],[26.18561,59.35004],[26.18678,59.35042],[26.18692,59.35085],[26.18824,59.35077],[26.18845,59.35175],[26.18984,59.35184],[26.19273,59.35242],[26.19251,59.35401],[26.19268,59.3552],[26.19262,59.35534],[26.19125,59.35524],[26.19004,59.35536],[26.18895,59.35554],[26.18847,59.35551],[26.18836,59.35533],[26.18756,59.35541],[26.18681,59.3549],[26.18617,59.35469],[26.18587,59.35435],[26.18643,59.35395],[26.18832,59.35368],[26.18873,59.35334],[26.18824,59.35312],[26.18711,59.35277],[26.18677,59.35275],[26.18674,59.35245],[26.18822,59.35256],[26.18822,59.35183]]]},"properties":{"fclass":"residential"}},
{"type":"Feature","geometry":{"type":"Polygon","coordinates":[[[26.18954,59.34705],[26.19014,59.3468],[26.18919,59.34657],[26.1889,59.34607],[26.18782,59.34577],[26.18796,59.34509],[26.18969,59.34547],[26.19044,59.34487],[26.19205,59.34528],[26.19295,59.34405],[26.1938,59.34429],[26.19517,59.34349],[26.19376,59.34289],[26.19432,59.34235],[26.19515,59.34206],[26.1964,59.34216],[26.19748,59.34243],[26.19783,59.34232],[26.19941,59.34164],[26.20124,59.34245],[26.19928,59.34339],[26.19761,59.343],[26.19449,59.34456],[26.19595,59.34498],[26.19679,59.34451],[26.19764,59.34482],[26.1969,59.34542],[26.19427,59.34468],[26.18975,59.34721],[26.19036,59.3475],[26.18983,59.34825],[26.18929,59.3483],[26.18854,59.34767],[26.18954,59.34705]]]},"properties":{"fclass":"residential"}},
{"type":"Feature","geometry":{"type":"Polygon","coordinates":[[[26.36279,59.2876],[26.36177,59.28757],[26.36154,59.28695],[26.36119,59.28684],[26.36049,59.28684],[26.35998,59.28514],[26.36235,59.2849],[26.36213,59.28573],[26.36221,59.28591],[26.36284,59.28595],[26.36279,59.2876]]]},"properties":{"fclass":"residential"}},
{"type":"Feature","geometry":{"type":"Polygon","coordinates":[[[26.32943,59.2876],[26.33064,59.28672],[26.33214,59.28711],[26.33294,59.28677],[26.33264,59.28654],[26.33408,59.28519],[26.33498,59.28486],[26.3347,59.28457],[26.33671,59.28358],[26.33849,59.28451],[26.34022,59.28567],[26.34184,59.28516],[26.34221,59.2855],[26.34196,59.28608],[26.34195,59.28697],[26.34,59.28769],[26.34071,59.28806],[26.34083,59.28844],[26.34009,59.28855],[26.33889,59.28885],[26.33797,59.28922],[26.33824,59.28943],[26.33707,59.28973],[26.3354,59.28994],[26.33403,59.28983],[26.33309,59.28943],[26.32985,59.28867],[26.32943,59.2876]]]},"properties":{"fclass":"residential"}},
{"type":"Feature","geometry":{"type":"Polygon","coordinates":[[[26.39531,59.2765],[26.39466,59.27669],[26.39384,59.27613],[26.39296,59.27648],[26.39072,59.27704],[26.38883,59.27739],[26.38663,59.27764],[26.38593,59.27788],[26.38561,59.27815],[26.38477,59.27903],[26.3835,59.27897],[26.38202,59.279],[26.38068,59.27835],[26.38118,59.27793],[26.38056,59.27743],[26.38012,59.27757],[26.37999,59.2782],[26.37888,59.27813],[26.37866,59.27732],[26.37938,59.27729],[26.37978,59.27758],[26.38138,59.27691],[26.38161,59.27664],[26.38365,59.2773],[26.38457,59.27744],[26.38492,59.27769],[26.38489,59.27791],[26.38536,59.27815],[26.38602,59.27767],[26.386,59.27702],[26.38672,59.27677],[26.38689,59.2762],[26.38825,59.2767],[26.38919,59.27623],[26.38921,59.27573],[26.39005,59.27566],[26.39259,59.27559],[26.39451,59.2756],[26.39734,59.27595],[26.39845,59.27661],[26.39531,59.2765]]]},"properties":{"fclass":"residential"}},
{"type":"Feature","geometry":{"type":"Polygon","coordinates":[[[26.27116,59.12334],[26.26921,59.12352],[26.26831,59.12346],[26.26735,59.12363],[26.26706,59.1235],[26.26754,59.12247],[26.26886,59.12228],[26.26972,59.12237],[26.26965,59.12288],[26.2715,59.12292],[26.27116,59.12334]]]},"properties":{"fclass":"residential"}},
{"type":"Feature","geometry":{"type":"Polygon","coordinates":[[[26.26898,59.127],[26.26975,59.12691],[26.26976,59.12608],[26.2706,59.12612],[26.2714,59.12752],[26.27226,59.12743],[26.272,59.12689],[26.27333,59.12668],[26.27323,59.12612],[26.27464,59.12621],[26.27494,59.12664],[26.27428,59.12701],[26.27482,59.12719],[26.27531,59.12767],[26.2735,59.12792],[26.2727,59.12759],[26.27231,59.12765],[26.27239,59.12803],[26.27121,59.12811],[26.27113,59.12784],[26.26921,59.1281],[26.26898,59.127]]]},"properties":{"fclass":"residential"}},
{"type":"Feature","geometry":{"type":"Polygon","coordinates":[[[26.28338,59.13043],[26.28164,59.13145],[26.27952,59.13122],[26.28034,59.13022],[26.28088,59.12974],[26.28165,59.12967],[26.28192,59.13005],[26.28338,59.13043]]]},"properties":{"fclass":"residential"}},
{"type":"Feature","geometry":{"type":"Polygon","coordinates":[[[25.98763,59.09818],[25.98864,59.09745],[25.98952,59.09721],[25.99099,59.09756],[25.99213,59.09688],[25.99094,59.09653],[25.99149,59.09599],[25.98977,59.09516],[25.99167,59.09401],[25.99662,59.09456],[25.99763,59.09511],[25.99827,59.09564],[25.99811,59.09586],[25.99471,59.09797],[25.99363,59.09893],[25.99371,59.09922],[25.99158,59.09961],[25.99354,59.1005],[25.99062,59.1017],[25.9894,59.10144],[25.98998,59.10099],[25.9901,59.10045],[25.98947,59.10027],[25.98947,59.10014],[25.98895,59.09991],[25.98945,59.09889],[25.98763,59.09818]]]},"properties":{"fclass":"residential"}},
{"type":"Feature","geometry":{"type":"Polygon","coordinates":[[[25.75042,59.11534],[25.75022,59.11519],[25.75011,59.11482],[25.74658,59.11446],[25.74497,59.11448],[25.7451,59.11377],[25.74768,59.11327],[25.75015,59.11337],[25.75039,59.11239],[25.7522,59.11172],[25.75551,59.11183],[25.75539,59.11241],[25.75565,59.11297],[25.75426,59.11322],[25.75509,59.11426],[25.75353,59.1147],[25.75229,59.1142],[25.75145,59.11474],[25.7516,59.11525],[25.75141,59.11538],[25.75042,59.11534]]]},"properties":{"fclass":"residential"}},
{"type":"Feature","geometry":{"type":"Polygon","coordinates":[[[25.70797,59.23317],[25.7087,59.23288],[25.71015,59.2322],[25.71104,59.23174],[25.71242,59.23092],[25.71281,59.23097],[25.71329,59.23212],[25.71331,59.23256],[25.71531,59.2334],[25.71436,59.23433],[25.71282,59.23446],[25.71222,59.2346],[25.71095,59.23461],[25.7101,59.23489],[25.70797,59.23317]]]},"properties":{"fclass":"residential"}},
{"type":"Feature","geometry":{"type":"Polygon","coordinates":[[[25.68828,59.24007],[25.68749,59.24005],[25.6862,59.23994],[25.68715,59.23864],[25.68834,59.23773],[25.68888,59.2381],[25.68917,59.23857],[25.68828,59.23964],[25.68828,59.24007]]]},"properties":{"fclass":"residential"}},
{"type":"Feature","geometry":{"type":"Polygon","coordinates":[[[25.7142,59.22866],[25.71227,59.22817],[25.71481,59.22525],[25.716,59.22565],[25.71774,59.22614],[25.7155,59.22736],[25.71489,59.22779],[25.7142,59.22866]]]},"properties":{"fclass":"residential"}},
{"type":"Feature","geometry":{"type":"Polygon","coordinates":[[[25.73036,59.20365],[25.73034,59.20346],[25.72921,59.20265],[25.72826,59.20304],[25.72791,59.20276],[25.72819,59.20237],[25.72855,59.20237],[25.72858,59.20174],[25.72882,59.20152],[25.72922,59.20145],[25.73059,59.20164],[25.73196,59.20238],[25.73036,59.20365]]]},"properties":{"fclass":"residential"}},
{"type":"Feature","geometry":{"type":"Polygon","coordinates":[[[25.73996,59.20172],[25.73858,59.20227],[25.73624,59.20261],[25.73583,59.20212],[25.73552,59.20197],[25.73826,59.20095],[25.73996,59.20172]]]},"properties":{"fclass":"residential"}},
{"type":"Feature","geometry":{"type":"Polygon","coordinates":[[[25.73615,59.20591],[25.73666,59.2053],[25.73695,59.20515],[25.73714,59.20393],[25.73769,59.20386],[25.73792,59.20396],[25.741,59.20346],[25.74145,59.20396],[25.74075,59.2043],[25.74093,59.20454],[25.74017,59.20522],[25.73905,59.20491],[25.73843,59.2053],[25.73921,59.20572],[25.73848,59.20611],[25.73761,59.20625],[25.73615,59.20591]]]},"properties":{"fclass":"residential"}},
{"type":"Feature","geometry":{"type":"Polygon","coordinates":[[[25.74877,59.17004],[25.74878,59.16992],[25.75114,59.16964],[25.7512,59.16977],[25.75112,59.17089],[25.75129,59.17145],[25.75164,59.17163],[25.7496,59.17191],[25.74877,59.17004]]]},"properties":{"fclass":"residential"}},
{"type":"Feature","geometry":{"type":"Polygon","coordinates":[[[26.44157,59.27183],[26.44133,59.27169],[26.44139,59.27079],[26.4411,59.27068],[26.44171,59.27022],[26.44294,59.27048],[26.44261,59.27023],[26.44286,59.27004],[26.44452,59.26921],[26.44478,59.26945],[26.4449,59.26988],[26.4445,59.27009],[26.44469,59.27051],[26.44429,59.27067],[26.44354,59.27085],[26.44369,59.27117],[26.44352,59.27165],[26.44282,59.27196],[26.4419,59.2719],[26.44157,59.27183]]]},"properties":{"fclass":"residential"}},
{"type":"Feature","geometry":{"type":"Polygon","coordinates":[[[26.44468,59.26913],[26.44542,59.2691],[26.44574,59.26884],[26.44661,59.26909],[26.44867,59.26874],[26.44929,59.269],[26.44968,59.26883],[26.45093,59.26888],[26.45116,59.26941],[26.45016,59.26966],[26.4496,59.2718],[26.44834,59.27206],[26.44785,59.27207],[26.44586,59.27195],[26.44562,59.27171],[26.44603,59.27132],[26.44651,59.27146],[26.44713,59.27125],[26.44667,59.27095],[26.44782,59.26988],[26.44864,59.27003],[26.44897,59.26972],[26.44797,59.26945],[26.44663,59.26945],[26.44611,59.26951],[26.44539,59.26987],[26.44509,59.26988],[26.44486,59.26932],[26.44468,59.26913]]]},"properties":{"fclass":"residential"}},
{"type":"Feature","geometry":{"type":"Polygon","coordinates":[[[26.36683,59.23101],[26.37018,59.23088],[26.37022,59.23162],[26.36987,59.23185],[26.36993,59.23238],[26.36827,59.23246],[26.36717,59.23187],[26.36683,59.23101]]]},"properties":{"fclass":"residential"}},
{"type":"Feature","geometry":{"type":"Polygon","coordinates":[[[26.34256,59.21614],[26.34288,59.21502],[26.34467,59.21511],[26.34543,59.21392],[26.3457,59.21338],[26.34517,59.21334],[26.34527,59.21293],[26.34452,59.21283],[26.34487,59.21133],[26.34552,59.21035],[26.34623,59.2102],[26.347,59.21031],[26.34696,59.21298],[26.34697,59.2136],[26.3461,59.21463],[26.34527,59.21573],[26.34513,59.21617],[26.34388,59.21673],[26.34288,59.21657],[26.34311,59.21637],[26.34256,59.21614]]]},"properties":{"fclass":"residential"}},
{"type":"Feature","geometry":{"type":"Polygon","coordinates":[[[26.33171,59.20909],[26.33285,59.20908],[26.33378,59.20849],[26.33432,59.20861],[26.33516,59.20926],[26.33435,59.20998],[26.33353,59.20975],[26.33324,59.21017],[26.33219,59.21011],[26.33171,59.20909]]]},"properties":{"fclass":"residential"}},
{"type":"Feature","geometry":{"type":"Polygon","coordinates":[[[26.30673,59.2234],[26.30785,59.22209],[26.30789,59.22185],[26.30991,59.22175],[26.31037,59.22257],[26.309,59.22268],[26.30827,59.22361],[26.30766,59.22368],[26.30673,59.2234]]]},"properties":{"fclass":"residential"}},
{"type":"Feature","geometry":{"type":"Polygon","coordinates":[[[26.31131,59.23177],[26.31071,59.231],[26.31132,59.23089],[26.31088,59.2302],[26.31346,59.22976],[26.31399,59.22931],[26.31454,59.23044],[26.31251,59.23131],[26.31131,59.23177]]]},"properties":{"fclass":"residential"}},
{"type":"Feature","geometry":{"type":"Polygon","coordinates":[[[26.32158,59.19787],[26.32304,59.19744],[26.32434,59.19668],[26.32705,59.19662],[26.32791,59.19772],[26.32771,59.1983],[26.32721,59.19845],[26.32411,59.19949],[26.32158,59.19787]]]},"properties":{"fclass":"residential"}},
{"type":"Feature","geometry":{"type":"Polygon","coordinates":[[[26.45193,59.30966],[26.45058,59.30898],[26.44946,59.30763],[26.45154,59.30653],[26.45197,59.30712],[26.45338,59.30686],[26.45525,59.30705],[26.45436,59.30878],[26.45448,59.30901],[26.45392,59.30905],[26.45509,59.30971],[26.45448,59.31056],[26.45763,59.31137],[26.46019,59.31222],[26.45943,59.31295],[26.45482,59.31165],[26.45273,59.31128],[26.45311,59.31025],[26.45193,59.30966]]]},"properties":{"fclass":"residential"}},
{"type":"Feature","geometry":{"type":"Polygon","coordinates":[[[26.46663,59.32062],[26.46755,59.32048],[26.46784,59.31995],[26.46932,59.32042],[26.46951,59.32036],[26.47017,59.32064],[26.47161,59.32097],[26.47185,59.32149],[26.46953,59.32132],[26.4691,59.32126],[26.46843,59.32133],[26.46672,59.32113],[26.46663,59.32062]]]},"properties":{"fclass":"residential"}},
{"type":"Feature","geometry":{"type":"Polygon","coordinates":[[[26.49,59.31734],[26.49145,59.31669],[26.49197,59.31712],[26.49239,59.31692],[26.49351,59.31661],[26.49426,59.31606],[26.49582,59.31607],[26.49592,59.31625],[26.49479,59.31703],[26.49439,59.31697],[26.49201,59.31827],[26.4915,59.31806],[26.49114,59.31777],[26.4902,59.31764],[26.49,59.31734]]]},"properties":{"fclass":"residential"}},
{"type":"Feature","geometry":{"type":"Polygon","coordinates":[[[26.26372,59.12999],[26.26347,59.12908],[26.26526,59.12874],[26.26664,59.12855],[26.26702,59.1289],[26.26831,59.12891],[26.26839,59.12978],[26.26613,59.12965],[26.26609,59.1299],[26.26372,59.12999]]]},"properties":{"fclass":"residential"}},
{"type":"Feature","geometry":{"type":"Polygon","coordinates":[[[26.24952,59.13611],[26.25094,59.13546],[26.25157,59.1351],[26.25193,59.1351],[26.2524,59.13534],[26.25268,59.13561],[26.25352,59.13541],[26.25374,59.13561],[26.25293,59.1358],[26.25337,59.13607],[26.25196,59.13642],[26.25189,59.13668],[26.2508,59.137],[26.24952,59.13611]]]},"properties":{"fclass":"residential"}},
{"type":"Feature","geometry":{"type":"Polygon","coordinates":[[[26.32649,59.13335],[26.32598,59.13349],[26.32493,59.13311],[26.32428,59.13268],[26.32402,59.13269],[26.3239,59.1323],[26.32335,59.13179],[26.32369,59.13152],[26.32493,59.13167],[26.32776,59.13223],[26.32639,59.13319],[26.32649,59.13335]]]},"properties":{"fclass":"residential"}},
{"type":"Feature","geometry":{"type":"Polygon","coordinates":[[[26.32251,59.13145],[26.32246,59.13152],[26.32137,59.13208],[26.32164,59.13246],[26.32115,59.13256],[26.32087,59.13227],[26.32054,59.1324],[26.32035,59.13261],[26.32049,59.13306],[26.3185,59.13343],[26.31844,59.13301],[26.31688,59.13249],[26.31767,59.1316],[26.31795,59.13154],[26.31991,59.13144],[26.32251,59.13145]]]},"properties":{"fclass":"residential"}},
{"type":"Feature","geometry":{"type":"Polygon","coordinates":[[[25.64579,59.15868],[25.64731,59.15826],[25.64773,59.15857],[25.64938,59.15838],[25.64942,59.1582],[25.65005,59.15812],[25.65121,59.15938],[25.64902,59.15964],[25.64929,59.15914],[25.64892,59.15863],[25.64709,59.15934],[25.64579,59.15868]]]},"properties":{"fclass":"residential"}},
{"type":"Feature","geometry":{"type":"Polygon","coordinates":[[[25.20402,59.21488],[25.20454,59.21418],[25.2053,59.21364],[25.20285,59.213],[25.19959,59.21203],[25.19906,59.21241],[25.1963,59.21141],[25.19659,59.21088],[25.20168,59.21179],[25.20167,59.21198],[25.20269,59.21222],[25.2046,59.2126],[25.20597,59.21302],[25.20579,59.21317],[25.20666,59.21352],[25.20771,59.21353],[25.20772,59.21397],[25.20664,59.21493],[25.20531,59.21479],[25.20428,59.21531],[25.20402,59.21488]]]},"properties":{"fclass":"residential"}},
{"type":"Feature","geometry":{"type":"Polygon","coordinates":[[[25.78241,59.11201],[25.78326,59.11148],[25.78467,59.11207],[25.78538,59.11168],[25.78701,59.11183],[25.78712,59.11298],[25.78891,59.11377],[25.78912,59.11366],[25.79044,59.11427],[25.79117,59.11405],[25.79181,59.11427],[25.79349,59.11519],[25.79285,59.11571],[25.79167,59.11635],[25.79084,59.11784],[25.78988,59.11784],[25.78975,59.11892],[25.78912,59.11981],[25.78936,59.12005],[25.78772,59.12169],[25.78653,59.12128],[25.78797,59.11944],[25.78795,59.1192],[25.78857,59.11921],[25.78945,59.11737],[25.78814,59.11698],[25.78862,59.11631],[25.78986,59.11537],[25.78241,59.11201]]]},"properties":{"fclass":"residential"}},
{"type":"Feature","geometry":{"type":"Polygon","coordinates":[[[25.78783,59.1407],[25.78957,59.14067],[25.79042,59.14148],[25.79112,59.14134],[25.79176,59.14162],[25.79101,59.14209],[25.79143,59.14257],[25.79001,59.14299],[25.78933,59.14236],[25.78943,59.14227],[25.7888,59.14131],[25.78843,59.14097],[25.78783,59.1407]]]},"properties":{"fclass":"residential"}},
{"type":"Feature","geometry":{"type":"Polygon","coordinates":[[[26.24126,59.46465],[26.24131,59.46448],[26.24214,59.46422],[26.2427,59.46463],[26.24379,59.46435],[26.24357,59.4641],[26.24419,59.46376],[26.24632,59.46494],[26.24536,59.46519],[26.24441,59.46569],[26.24592,59.46637],[26.24622,59.46657],[26.24516,59.46724],[26.24531,59.46754],[26.24493,59.4676],[26.24421,59.46722],[26.24385,59.46736],[26.24225,59.46734],[26.24209,59.46579],[26.24171,59.465],[26.24126,59.46465]]]},"properties":{"fclass":"residential"}},
{"type":"Feature","geometry":{"type":"Polygon","coordinates":[[[26.28198,59.32996],[26.28254,59.32883],[26.28325,59.32898],[26.28316,59.32909],[26.28589,59.32973],[26.28541,59.33034],[26.28477,59.33036],[26.28351,59.33009],[26.28332,59.33032],[26.28198,59.32996]]]},"properties":{"fclass":"residential"}},
{"type":"Feature","geometry":{"type":"Polygon","coordinates":[[[26.28985,59.3332],[26.28965,59.33192],[26.28971,59.33154],[26.29018,59.33084],[26.29129,59.33093],[26.29181,59.33121],[26.29126,59.33191],[26.29224,59.33212],[26.29179,59.3329],[26.28985,59.3332]]]},"properties":{"fclass":"residential"}},
{"type":"Feature","geometry":{"type":"Polygon","coordinates":[[[26.24745,59.32084],[26.24782,59.32072],[26.24775,59.32015],[26.24885,59.31989],[26.24839,59.31903],[26.24811,59.31852],[26.25315,59.31774],[26.25331,59.31844],[26.2534,59.31963],[26.25172,59.31989],[26.25153,59.32005],[26.25216,59.32078],[26.25076,59.32107],[26.24895,59.32101],[26.24873,59.32162],[26.24816,59.32181],[26.24763,59.32148],[26.24745,59.32084]],[[26.24962,59.32041],[26.24971,59.32073],[26.25035,59.32091],[26.25167,59.32061],[26.25139,59.32029],[26.25088,59.32011],[26.25019,59.32011],[26.24972,59.32026],[26.24962,59.32041]]]},"properties":{"fclass":"residential"}},
{"type":"Feature","geometry":{"type":"Polygon","coordinates":[[[26.40956,59.35705],[26.40942,59.35725],[26.40866,59.35748],[26.40815,59.35743],[26.40764,59.35765],[26.40541,59.35675],[26.40586,59.35637],[26.40507,59.35615],[26.40657,59.35498],[26.40752,59.35507],[26.40787,59.35552],[26.40691,59.35568],[26.40826,59.35611],[26.40875,59.35697],[26.40956,59.35705]]]},"properties":{"fclass":"residential"}},
{"type":"Feature","geometry":{"type":"Polygon","coordinates":[[[25.23246,59.16858],[25.23223,59.16973],[25.23178,59.17118],[25.23154,59.17218],[25.23151,59.17266],[25.23133,59.17293],[25.22996,59.17291],[25.22995,59.17274],[25.22943,59.17267],[25.22966,59.17157],[25.23049,59.17156],[25.23084,59.17041],[25.22972,59.17038],[25.22998,59.16861],[25.23015,59.16854],[25.23246,59.16858]]]},"properties":{"fclass":"residential"}},
{"type":"Feature","geometry":{"type":"Polygon","coordinates":[[[26.46411,59.41976],[26.46386,59.41969],[26.46292,59.41968],[26.4628,59.41918],[26.46289,59.41868],[26.46365,59.41867],[26.46369,59.41895],[26.4648,59.41894],[26.46459,59.41847],[26.46655,59.41876],[26.4667,59.41853],[26.46626,59.41841],[26.46633,59.41801],[26.46503,59.418],[26.46475,59.41736],[26.46537,59.41735],[26.46548,59.41676],[26.46781,59.41656],[26.46827,59.41814],[26.468,59.419],[26.46675,59.4189],[26.46628,59.41918],[26.46411,59.41976]]]},"properties":{"fclass":"residential"}},
{"type":"Feature","geometry":{"type":"Polygon","coordinates":[[[26.31853,59.36624],[26.31553,59.36594],[26.31542,59.36218],[26.31498,59.36167],[26.31413,59.36129],[26.31412,59.36064],[26.31319,59.35974],[26.31381,59.35938],[26.31484,59.35972],[26.3162,59.36197],[26.31853,59.36624]]]},"properties":{"fclass":"residential"}},
{"type":"Feature","geometry":{"type":"Polygon","coordinates":[[[26.38256,59.05109],[26.38422,59.05032],[26.38463,59.05057],[26.38497,59.05044],[26.3857,59.05056],[26.38693,59.04994],[26.38724,59.04957],[26.38781,59.04961],[26.38791,59.04948],[26.38887,59.04985],[26.38927,59.04968],[26.38874,59.04946],[26.3895,59.04911],[26.39018,59.04937],[26.38958,59.04969],[26.39059,59.05041],[26.39064,59.05062],[26.39042,59.05092],[26.39069,59.05131],[26.39157,59.05155],[26.39241,59.05223],[26.39176,59.0528],[26.38987,59.05237],[26.38888,59.05218],[26.38902,59.052],[26.38732,59.05154],[26.38711,59.05144],[26.38632,59.05188],[26.38561,59.05169],[26.38503,59.05195],[26.38403,59.05141],[26.38357,59.05159],[26.38256,59.05109]]]},"properties":{"fclass":"residential"}},
{"type":"Feature","geometry":{"type":"Polygon","coordinates":[[[26.40882,59.06027],[26.40778,59.06224],[26.40739,59.06338],[26.41075,59.06328],[26.41593,59.06307],[26.41796,59.06297],[26.4197,59.063],[26.41971,59.06355],[26.419,59.06357],[26.41912,59.06409],[26.41502,59.06408],[26.41488,59.06327],[26.41214,59.06336],[26.4122,59.06465],[26.4112,59.06467],[26.41111,59.06439],[26.41037,59.06425],[26.4102,59.06369],[26.40831,59.06386],[26.40825,59.06351],[26.40742,59.06357],[26.40744,59.06435],[26.40909,59.07058],[26.40528,59.07124],[26.40488,59.0704],[26.40582,59.06817],[26.40657,59.06741],[26.40647,59.06697],[26.40577,59.06614],[26.40671,59.06597],[26.4066,59.06578],[26.40742,59.06555],[26.40725,59.065],[26.40555,59.06511],[26.40539,59.06476],[26.40423,59.06483],[26.40415,59.06233],[26.40515,59.0623],[26.40553,59.06143],[26.40724,59.06139],[26.40763,59.06079],[26.40755,59.06039],[26.40629,59.06031],[26.40668,59.05965],[26.4076,59.05899],[26.40906,59.0589],[26.4093,59.05839],[26.40895,59.05822],[26.40902,59.0576],[26.40814,59.05747],[26.40848,59.05704],[26.40909,59.05705],[26.40954,59.05638],[26.41035,59.05625],[26.41085,59.05488],[26.40947,59.05467],[26.4097,59.0541],[26.41177,59.05233],[26.41305,59.05259],[26.41413,59.05177],[26.41627,59.04946],[26.41616,59.0493],[26.4132,59.04867],[26.41198,59.04991],[26.41073,59.04962],[26.41197,59.04815],[26.4123,59.04823],[26.41521,59.04878],[26.41687,59.04925],[26.4187,59.04983],[26.42103,59.05016],[26.42202,59.05037],[26.42263,59.05061],[26.42327,59.0501],[26.4236,59.05017],[26.42388,59.05003],[26.42419,59.05012],[26.42445,59.04999],[26.42368,59.04977],[26.42527,59.04959],[26.4265,59.04888],[26.42827,59.04921],[26.42945,59.04871],[26.43081,59.0484],[26.43469,59.04792],[26.4352,59.04831],[26.43461,59.04888],[26.42934,59.04906],[26.42921,59.04971],[26.42817,59.04947],[26.4256,59.05079],[26.42378,59.05138],[26.42367,59.05199],[26.42279,59.0518],[26.42228,59.05139],[26.42162,59.05162],[26.42169,59.05176],[26.42139,59.05215],[26.42074,59.05199],[26.41996,59.05288],[26.42113,59.05314],[26.42051,59.0538],[26.41983,59.0536],[26.41852,59.05468],[26.41715,59.05521],[26.41758,59.05546],[26.4167,59.05591],[26.41721,59.05618],[26.41691,59.05633],[26.41969,59.05777],[26.41929,59.05782],[26.41841,59.05823],[26.4174,59.05785],[26.41792,59.0574],[26.41407,59.05606],[26.41368,59.05647],[26.41308,59.05646],[26.41364,59.05531],[26.41318,59.05496],[26.41165,59.05452],[26.40882,59.06027]],[[26.41295,59.05309],[26.4135,59.05326],[26.41371,59.05347],[26.41346,59.05371],[26.41355,59.05403],[26.41446,59.05451],[26.41395,59.05483],[26.41451,59.05508],[26.41473,59.05506],[26.41491,59.05475],[26.41605,59.05529],[26.41681,59.05511],[26.41632,59.0548],[26.41683,59.05455],[26.41745,59.0549],[26.41787,59.05471],[26.41747,59.05456],[26.41739,59.05417],[26.41762,59.05394],[26.41817,59.05417],[26.41861,59.05385],[26.41902,59.05396],[26.4193,59.05366],[26.41821,59.0534],[26.41821,59.05331],[26.419,59.05248],[26.41984,59.05275],[26.41999,59.05255],[26.4189,59.05227],[26.41963,59.05165],[26.41987,59.05163],[26.4207,59.05181],[26.42215,59.05129],[26.42186,59.05096],[26.42123,59.05076],[26.42057,59.05126],[26.41948,59.05107],[26.41955,59.05096],[26.41888,59.0508],[26.41867,59.05098],[26.41827,59.05102],[26.41688,59.05217],[26.41551,59.05327],[26.41314,59.05297],[26.41295,59.05309]]]},"properties":{"fclass":"residential"}},
{"type":"Feature","geometry":{"type":"Polygon","coordinates":[[[26.37983,59.04047],[26.37496,59.03902],[26.37589,59.03822],[26.37717,59.03867],[26.37918,59.03877],[26.37922,59.03942],[26.37968,59.03937],[26.38034,59.03961],[26.38055,59.03985],[26.37983,59.04047]]]},"properties":{"fclass":"residential"}},
{"type":"Feature","geometry":{"type":"Polygon","coordinates":[[[26.38832,59.04291],[26.3887,59.04279],[26.38896,59.04231],[26.38912,59.04221],[26.3913,59.04261],[26.39289,59.04294],[26.39377,59.04322],[26.39381,59.04329],[26.39317,59.04375],[26.39216,59.04352],[26.39188,59.04369],[26.38832,59.04291]]]},"properties":{"fclass":"residential"}},
{"type":"Feature","geometry":{"type":"Polygon","coordinates":[[[25.24878,59.36723],[25.24931,59.36748],[25.24875,59.36911],[25.24602,59.3685],[25.24669,59.36749],[25.24878,59.36723]]]},"properties":{"fclass":"residential"}},
{"type":"Feature","geometry":{"type":"Polygon","coordinates":[[[25.6733,59.08418],[25.67161,59.08384],[25.67333,59.08139],[25.675,59.08093],[25.6748,59.08154],[25.67503,59.08217],[25.67446,59.08226],[25.67367,59.08342],[25.67399,59.08356],[25.6733,59.08418]]]},"properties":{"fclass":"residential"}},
{"type":"Feature","geometry":{"type":"Polygon","coordinates":[[[25.66734,59.08635],[25.67062,59.08526],[25.67083,59.08747],[25.6706,59.08713],[25.66931,59.08669],[25.66863,59.08679],[25.66743,59.0866],[25.66734,59.08635]]]},"properties":{"fclass":"residential"}},
{"type":"Feature","geometry":{"type":"Polygon","coordinates":[[[25.6562,59.14166],[25.65616,59.14124],[25.65925,59.14128],[25.65994,59.14137],[25.66104,59.1416],[25.66183,59.14182],[25.66088,59.14275],[25.65984,59.14247],[25.65993,59.14215],[25.65671,59.14207],[25.65647,59.14194],[25.6562,59.14166]]]},"properties":{"fclass":"residential"}},
{"type":"Feature","geometry":{"type":"Polygon","coordinates":[[[25.65804,59.14405],[25.65783,59.14374],[25.6569,59.14326],[25.65379,59.14173],[25.65389,59.1414],[25.6543,59.14134],[25.65544,59.14128],[25.6562,59.14166],[25.65647,59.14194],[25.65638,59.14219],[25.65731,59.14225],[25.65726,59.14288],[25.65872,59.14293],[25.65871,59.14318],[25.65951,59.14381],[25.65948,59.144],[25.65804,59.14405]]]},"properties":{"fclass":"residential"}},
{"type":"Feature","geometry":{"type":"Polygon","coordinates":[[[25.61025,59.19655],[25.60893,59.19658],[25.60899,59.19552],[25.60967,59.19526],[25.60942,59.19492],[25.611,59.19399],[25.61268,59.19472],[25.61158,59.19536],[25.6106,59.19614],[25.61025,59.19655]]]},"properties":{"fclass":"residential"}},
{"type":"Feature","geometry":{"type":"Polygon","coordinates":[[[25.61016,59.19695],[25.6109,59.19608],[25.61133,59.19575],[25.61253,59.19615],[25.61219,59.19646],[25.61259,59.19664],[25.61215,59.19703],[25.61379,59.19743],[25.61336,59.19811],[25.6118,59.19783],[25.61116,59.19826],[25.61033,59.19805],[25.61037,59.19755],[25.61071,59.19731],[25.61186,59.19741],[25.61181,59.19725],[25.61016,59.19695]]]},"properties":{"fclass":"residential"}},
{"type":"Feature","geometry":{"type":"Polygon","coordinates":[[[25.65591,59.15112],[25.65555,59.15101],[25.65358,59.14961],[25.65394,59.14934],[25.6526,59.14867],[25.65387,59.14795],[25.65495,59.1485],[25.6553,59.14847],[25.65602,59.14912],[25.65703,59.1493],[25.65735,59.14947],[25.6577,59.14998],[25.65816,59.15031],[25.65833,59.15057],[25.65868,59.15072],[25.65768,59.15115],[25.65734,59.15099],[25.65665,59.15134],[25.65591,59.15112]]]},"properties":{"fclass":"residential"}},
{"type":"Feature","geometry":{"type":"Polygon","coordinates":[[[26.50619,59.32042],[26.50894,59.31892],[26.50948,59.31877],[26.51004,59.31899],[26.50897,59.3197],[26.51011,59.32029],[26.51093,59.32039],[26.5097,59.32082],[26.50873,59.32086],[26.50755,59.32051],[26.50619,59.32042]]]},"properties":{"fclass":"residential"}},
{"type":"Feature","geometry":{"type":"Polygon","coordinates":[[[26.04577,59.20561],[26.04559,59.205],[26.04604,59.20454],[26.04663,59.20529],[26.04635,59.20572],[26.04697,59.20589],[26.04965,59.20544],[26.0516,59.20575],[26.05234,59.20599],[26.05303,59.20586],[26.05398,59.20597],[26.05506,59.20628],[26.05468,59.20657],[26.0534,59.20734],[26.04966,59.20944],[26.0487,59.20979],[26.04698,59.20852],[26.0461,59.20749],[26.04609,59.20708],[26.04634,59.20639],[26.04599,59.20578],[26.04577,59.20561]]]},"properties":{"fclass":"residential"}},
{"type":"Feature","geometry":{"type":"Polygon","coordinates":[[[25.41992,59.19491],[25.41931,59.19345],[25.42018,59.19315],[25.42208,59.1926],[25.42278,59.1928],[25.42294,59.19336],[25.42181,59.19402],[25.4208,59.19377],[25.42052,59.1941],[25.42127,59.19432],[25.42096,59.19478],[25.41992,59.19491]]]},"properties":{"fclass":"residential"}},
{"type":"Feature","geometry":{"type":"Polygon","coordinates":[[[26.20176,58.99959],[26.19949,58.99797],[26.2006,58.99752],[26.2009,58.99744],[26.20174,58.99805],[26.20298,58.99762],[26.20312,58.99771],[26.2043,58.99731],[26.20504,58.99775],[26.20487,58.99804],[26.20543,58.99857],[26.20354,58.99914],[26.20176,58.99959]]]},"properties":{"fclass":"residential"}},
{"type":"Feature","geometry":{"type":"Polygon","coordinates":[[[25.73997,59.10113],[25.73773,59.10087],[25.73754,59.10038],[25.73947,59.10003],[25.73944,59.09954],[25.73955,59.09917],[25.73982,59.09897],[25.74093,59.09894],[25.74082,59.09952],[25.74018,59.0996],[25.74023,59.09995],[25.73979,59.10005],[25.73985,59.10029],[25.74169,59.10016],[25.74176,59.1009],[25.74015,59.10085],[25.73997,59.10113]]]},"properties":{"fclass":"residential"}},
{"type":"Feature","geometry":{"type":"Polygon","coordinates":[[[25.42019,59.20501],[25.42076,59.20425],[25.41994,59.20391],[25.41935,59.20418],[25.41809,59.20347],[25.41982,59.20263],[25.42032,59.20225],[25.41935,59.20191],[25.41999,59.2015],[25.42147,59.20182],[25.42211,59.20224],[25.423,59.20256],[25.42209,59.20315],[25.42334,59.20366],[25.42269,59.20391],[25.42374,59.20459],[25.42475,59.20506],[25.42498,59.20511],[25.42662,59.20464],[25.42713,59.20501],[25.42707,59.20534],[25.42781,59.20591],[25.42881,59.20577],[25.42957,59.20676],[25.42801,59.20732],[25.42607,59.20644],[25.42473,59.20606],[25.42417,59.20701],[25.42258,59.20672],[25.42158,59.20658],[25.42192,59.2061],[25.42159,59.20601],[25.42042,59.20595],[25.42027,59.2059],[25.42029,59.20553],[25.42071,59.20549],[25.42019,59.20501]]]},"properties":{"fclass":"residential"}},
{"type":"Feature","geometry":{"type":"Polygon","coordinates":[[[26.43888,59.37887],[26.4394,59.37749],[26.44046,59.37675],[26.4413,59.3769],[26.44084,59.37771],[26.44147,59.37782],[26.44106,59.37867],[26.44098,59.37914],[26.43888,59.37887]]]},"properties":{"fclass":"residential"}},
{"type":"Feature","geometry":{"type":"Polygon","coordinates":[[[26.26034,59.40251],[26.26086,59.4021],[26.26038,59.40188],[26.26106,59.40178],[26.26199,59.40103],[26.26322,59.40145],[26.26372,59.4011],[26.26417,59.40119],[26.26447,59.40143],[26.26284,59.40223],[26.26241,59.40204],[26.26186,59.40234],[26.26256,59.40261],[26.26197,59.40309],[26.26117,59.40284],[26.26034,59.40251]]]},"properties":{"fclass":"residential"}},
{"type":"Feature","geometry":{"type":"Polygon","coordinates":[[[25.80113,59.05919],[25.80255,59.05892],[25.80447,59.05918],[25.80397,59.06036],[25.80224,59.06063],[25.8017,59.0606],[25.80113,59.05919]]]},"properties":{"fclass":"residential"}},
{"type":"Feature","geometry":{"type":"Polygon","coordinates":[[[25.90639,59.05177],[25.90702,59.05172],[25.90756,59.05148],[25.90873,59.05076],[25.90955,59.0512],[25.90941,59.05189],[25.90884,59.05202],[25.90876,59.05229],[25.90897,59.05265],[25.90783,59.05286],[25.90666,59.05214],[25.90639,59.05177]]]},"properties":{"fclass":"residential"}},
{"type":"Feature","geometry":{"type":"Polygon","coordinates":[[[25.96221,59.05351],[25.96237,59.0531],[25.96186,59.05279],[25.96208,59.05233],[25.96238,59.05197],[25.96463,59.05204],[25.96491,59.05225],[25.96445,59.05296],[25.9643,59.05362],[25.96221,59.05351]]]},"properties":{"fclass":"residential"}},
{"type":"Feature","geometry":{"type":"Polygon","coordinates":[[[25.95955,59.05516],[25.95978,59.05459],[25.96005,59.05444],[25.96112,59.05415],[25.96196,59.05397],[25.96253,59.05404],[25.96412,59.05396],[25.96406,59.05432],[25.96434,59.055],[25.96267,59.05524],[25.9601,59.05514],[25.95955,59.05516]]]},"properties":{"fclass":"residential"}},
{"type":"Feature","geometry":{"type":"Polygon","coordinates":[[[25.93024,59.06847],[25.93047,59.06838],[25.93032,59.06799],[25.93124,59.0676],[25.93046,59.0669],[25.93244,59.06674],[25.9335,59.06841],[25.93242,59.06877],[25.93263,59.06904],[25.93122,59.06885],[25.93024,59.06847]]]},"properties":{"fclass":"residential"}},
{"type":"Feature","geometry":{"type":"Polygon","coordinates":[[[25.29051,59.20527],[25.29137,59.20451],[25.29416,59.2044],[25.29369,59.20566],[25.29122,59.206],[25.29051,59.20527]]]},"properties":{"fclass":"residential"}},
{"type":"Feature","geometry":{"type":"Polygon","coordinates":[[[25.57853,59.35509],[25.57797,59.35445],[25.57831,59.35411],[25.57895,59.35411],[25.57972,59.35386],[25.57818,59.35215],[25.57559,59.35262],[25.57524,59.35225],[25.57795,59.3518],[25.58204,59.35101],[25.58263,59.35176],[25.58158,59.35182],[25.58275,59.35331],[25.58201,59.35359],[25.58272,59.35412],[25.58071,59.35465],[25.57853,59.35509]]]},"properties":{"fclass":"residential"}},
{"type":"Feature","geometry":{"type":"Polygon","coordinates":[[[25.32423,59.35584],[25.32473,59.35521],[25.32529,59.35464],[25.32831,59.35536],[25.32791,59.35603],[25.32798,59.35614],[25.32763,59.35655],[25.3265,59.35634],[25.32623,59.35633],[25.32423,59.35584]]]},"properties":{"fclass":"residential"}},
{"type":"Feature","geometry":{"type":"Polygon","coordinates":[[[25.54464,59.33085],[25.54386,59.3307],[25.54349,59.33091],[25.54127,59.33097],[25.54095,59.32999],[25.54241,59.32978],[25.54229,59.32937],[25.54314,59.32931],[25.54337,59.33021],[25.54439,59.33016],[25.54464,59.33085]]]},"properties":{"fclass":"residential"}},
{"type":"Feature","geometry":{"type":"Polygon","coordinates":[[[25.22397,59.32844],[25.22234,59.3289],[25.2212,59.32862],[25.22146,59.32814],[25.22265,59.32665],[25.22418,59.32653],[25.22526,59.32673],[25.22451,59.32783],[25.22397,59.32844]]]},"properties":{"fclass":"residential"}},
{"type":"Feature","geometry":{"type":"Polygon","coordinates":[[[25.28854,59.26686],[25.29196,59.2645],[25.29298,59.26637],[25.29069,59.26702],[25.28854,59.26686]]]},"properties":{"fclass":"residential"}},
{"type":"Feature","geometry":{"type":"Polygon","coordinates":[[[25.34962,59.37186],[25.34943,59.37118],[25.35155,59.37142],[25.35218,59.37114],[25.35395,59.37138],[25.35365,59.37199],[25.35326,59.37296],[25.35285,59.37337],[25.35096,59.37301],[25.34973,59.37228],[25.34962,59.37186]]]},"properties":{"fclass":"residential"}},
{"type":"Feature","geometry":{"type":"Polygon","coordinates":[[[25.34772,59.36998],[25.34711,59.36919],[25.34542,59.36905],[25.34557,59.36858],[25.346,59.36833],[25.34568,59.36681],[25.3475,59.36671],[25.34781,59.36725],[25.34838,59.3674],[25.34811,59.36755],[25.34692,59.36783],[25.34702,59.36829],[25.34755,59.36832],[25.34773,59.36878],[25.34921,59.3687],[25.34936,59.36893],[25.34888,59.36894],[25.34875,59.37002],[25.34772,59.36998]]]},"properties":{"fclass":"residential"}},
{"type":"Feature","geometry":{"type":"Polygon","coordinates":[[[25.34915,59.38737],[25.3485,59.38685],[25.34868,59.38642],[25.35096,59.38638],[25.35261,59.38523],[25.35425,59.38507],[25.35552,59.38573],[25.35362,59.38685],[25.35363,59.38704],[25.34915,59.38737]]]},"properties":{"fclass":"residential"}},
{"type":"Feature","geometry":{"type":"Polygon","coordinates":[[[26.1479,59.43776],[26.14876,59.43761],[26.14879,59.43775],[26.1495,59.43775],[26.14954,59.43837],[26.14871,59.43831],[26.14886,59.43909],[26.14926,59.43929],[26.14934,59.4403],[26.14829,59.44034],[26.14796,59.43954],[26.1479,59.43776]]]},"properties":{"fclass":"residential"}},
{"type":"Feature","geometry":{"type":"Polygon","coordinates":[[[25.3451,59.33623],[25.3468,59.3358],[25.34741,59.33539],[25.34839,59.33536],[25.35028,59.33509],[25.35103,59.33481],[25.3516,59.33499],[25.35209,59.33496],[25.35284,59.33477],[25.35327,59.33472],[25.35385,59.33497],[25.3544,59.33503],[25.35469,59.33487],[25.35512,59.33486],[25.35543,59.3346],[25.35602,59.33471],[25.35587,59.33485],[25.35602,59.33509],[25.35671,59.33514],[25.35725,59.33543],[25.35468,59.3363],[25.35561,59.33686],[25.35154,59.33813],[25.35111,59.33792],[25.35028,59.33813],[25.35005,59.338],[25.3503,59.33765],[25.3508,59.33715],[25.35139,59.33688],[25.35036,59.33637],[25.35063,59.33601],[25.35002,59.33559],[25.3491,59.33583],[25.34862,59.33613],[25.34763,59.33645],[25.3478,59.33658],[25.3462,59.33702],[25.34596,59.33662],[25.3451,59.33623]]]},"properties":{"fclass":"residential"}},
{"type":"Feature","geometry":{"type":"Polygon","coordinates":[[[25.31366,59.33272],[25.31492,59.33174],[25.31596,59.33117],[25.31737,59.33056],[25.3178,59.33122],[25.31745,59.33164],[25.31658,59.3319],[25.31599,59.33177],[25.31548,59.33209],[25.31666,59.3326],[25.31533,59.33329],[25.31366,59.33272]]]},"properties":{"fclass":"residential"}},
{"type":"Feature","geometry":{"type":"Polygon","coordinates":[[[25.28863,59.32107],[25.2904,59.32079],[25.29115,59.3229],[25.29085,59.32325],[25.29019,59.32353],[25.28952,59.32359],[25.28885,59.32343],[25.28864,59.32317],[25.28876,59.32193],[25.28863,59.32107]]]},"properties":{"fclass":"residential"}},
{"type":"Feature","geometry":{"type":"Polygon","coordinates":[[[25.26955,59.33502],[25.26965,59.33495],[25.26992,59.33436],[25.27274,59.33467],[25.2724,59.33547],[25.2719,59.33559],[25.27189,59.33619],[25.27075,59.33617],[25.27051,59.33563],[25.26961,59.33541],[25.26955,59.33502]]]},"properties":{"fclass":"residential"}},
{"type":"Feature","geometry":{"type":"Polygon","coordinates":[[[25.30039,59.44278],[25.30169,59.44231],[25.30334,59.44234],[25.30331,59.4426],[25.30414,59.44267],[25.30469,59.44284],[25.30488,59.44302],[25.30479,59.44355],[25.30269,59.44344],[25.30276,59.44294],[25.30132,59.4435],[25.30039,59.44278]]]},"properties":{"fclass":"residential"}},
{"type":"Feature","geometry":{"type":"Polygon","coordinates":[[[25.38084,59.45717],[25.38162,59.45669],[25.38218,59.45673],[25.38221,59.45641],[25.38253,59.45636],[25.38272,59.45662],[25.38367,59.45658],[25.3836,59.45611],[25.38462,59.45599],[25.38501,59.45686],[25.38603,59.45678],[25.38621,59.4559],[25.38846,59.45603],[25.38868,59.45742],[25.3852,59.45723],[25.38468,59.45799],[25.38259,59.45805],[25.38084,59.45717]]]},"properties":{"fclass":"residential"}},
{"type":"Feature","geometry":{"type":"Polygon","coordinates":[[[25.38413,59.46504],[25.38383,59.46492],[25.38427,59.46364],[25.38308,59.46348],[25.3837,59.46209],[25.3839,59.46203],[25.38696,59.46147],[25.38862,59.4623],[25.38759,59.46385],[25.3873,59.46404],[25.38619,59.46448],[25.38468,59.46514],[25.38413,59.46504]]]},"properties":{"fclass":"residential"}},
{"type":"Feature","geometry":{"type":"Polygon","coordinates":[[[25.41822,59.45603],[25.41875,59.45599],[25.42005,59.45605],[25.42005,59.45629],[25.42191,59.45605],[25.42198,59.45684],[25.42207,59.45716],[25.42201,59.45778],[25.41848,59.45742],[25.41827,59.45658],[25.41822,59.45603]]]},"properties":{"fclass":"residential"}},
{"type":"Feature","geometry":{"type":"Polygon","coordinates":[[[25.30204,59.44888],[25.3023,59.4481],[25.30277,59.44795],[25.30319,59.44643],[25.30647,59.44691],[25.306,59.44762],[25.30733,59.44836],[25.30597,59.4489],[25.30294,59.44912],[25.30204,59.44888]]]},"properties":{"fclass":"residential"}},
{"type":"Feature","geometry":{"type":"Polygon","coordinates":[[[25.35988,59.12328],[25.35898,59.12239],[25.3599,59.12207],[25.35951,59.12163],[25.35973,59.12145],[25.36058,59.12128],[25.36104,59.12129],[25.36223,59.12116],[25.36272,59.1214],[25.36228,59.1217],[25.3635,59.12213],[25.36476,59.12245],[25.36564,59.12275],[25.36493,59.12291],[25.36349,59.12289],[25.36234,59.12212],[25.35988,59.12328]]]},"properties":{"fclass":"residential"}},
{"type":"Feature","geometry":{"type":"Polygon","coordinates":[[[25.28667,59.1683],[25.28754,59.16802],[25.28775,59.16759],[25.28895,59.16732],[25.28943,59.16732],[25.28971,59.16744],[25.29047,59.16812],[25.28964,59.16909],[25.288,59.16862],[25.28736,59.16868],[25.28667,59.1683]]]},"properties":{"fclass":"residential"}},
{"type":"Feature","geometry":{"type":"Polygon","coordinates":[[[25.24733,59.18841],[25.24423,59.18792],[25.2424,59.1877],[25.24221,59.18709],[25.24172,59.18686],[25.23985,59.18639],[25.23994,59.18521],[25.23969,59.1849],[25.24014,59.18478],[25.2412,59.18476],[25.24331,59.18457],[25.24313,59.18516],[25.24356,59.18548],[25.24478,59.18608],[25.24562,59.18644],[25.24569,59.18689],[25.24588,59.18727],[25.24756,59.18771],[25.24733,59.18841]]]},"properties":{"fclass":"residential"}},
{"type":"Feature","geometry":{"type":"Polygon","coordinates":[[[25.22129,59.19303],[25.22101,59.1928],[25.22211,59.19246],[25.2207,59.19134],[25.22142,59.19103],[25.22079,59.19057],[25.22094,59.19049],[25.22302,59.18985],[25.22342,59.19021],[25.2216,59.19077],[25.22316,59.19215],[25.22234,59.19258],[25.22129,59.19303]]]},"properties":{"fclass":"residential"}},
{"type":"Feature","geometry":{"type":"Polygon","coordinates":[[[25.20811,59.19435],[25.20934,59.19376],[25.2087,59.19335],[25.21012,59.19266],[25.21166,59.19366],[25.21255,59.19384],[25.21367,59.19329],[25.21395,59.19337],[25.21454,59.1933],[25.21528,59.19387],[25.21318,59.19459],[25.21357,59.19492],[25.21188,59.19545],[25.21231,59.19579],[25.21149,59.19607],[25.21077,59.19522],[25.2102,59.19498],[25.20922,59.19524],[25.20821,59.19455],[25.20811,59.19435]]]},"properties":{"fclass":"residential"}},
{"type":"Feature","geometry":{"type":"Polygon","coordinates":[[[25.25533,59.20653],[25.25787,59.2046],[25.25766,59.2043],[25.25827,59.20358],[25.25895,59.20366],[25.2598,59.20433],[25.25899,59.20465],[25.2606,59.20561],[25.2597,59.20601],[25.25911,59.20663],[25.25879,59.20652],[25.25752,59.20741],[25.2555,59.20665],[25.25533,59.20653]]]},"properties":{"fclass":"residential"}},
{"type":"Feature","geometry":{"type":"Polygon","coordinates":[[[25.42215,59.35667],[25.42223,59.35581],[25.42598,59.35545],[25.42622,59.35661],[25.42578,59.35694],[25.42518,59.35684],[25.42215,59.35667]]]},"properties":{"fclass":"residential"}},
{"type":"Feature","geometry":{"type":"Polygon","coordinates":[[[26.13148,59.43994],[26.13252,59.43963],[26.13511,59.4396],[26.13516,59.4394],[26.13607,59.43944],[26.13592,59.4404],[26.13577,59.44084],[26.13481,59.44079],[26.13369,59.44084],[26.13193,59.441],[26.13148,59.43994]]]},"properties":{"fclass":"residential"}},
{"type":"Feature","geometry":{"type":"Polygon","coordinates":[[[26.14345,59.44325],[26.14383,59.44289],[26.14584,59.44273],[26.1471,59.44258],[26.14738,59.44283],[26.14841,59.44284],[26.14868,59.44273],[26.14963,59.44346],[26.14981,59.44393],[26.14882,59.44399],[26.14681,59.44389],[26.14653,59.44333],[26.14553,59.44353],[26.14468,59.44353],[26.14395,59.44359],[26.14345,59.44325]]]},"properties":{"fclass":"residential"}},
{"type":"Feature","geometry":{"type":"Polygon","coordinates":[[[26.11341,59.44038],[26.11076,59.44013],[26.11076,59.43964],[26.10914,59.43989],[26.10769,59.43999],[26.10779,59.43926],[26.10977,59.43916],[26.1095,59.43785],[26.10984,59.43781],[26.10991,59.43756],[26.11089,59.43751],[26.11108,59.43816],[26.11288,59.43816],[26.1137,59.43762],[26.11492,59.43742],[26.11481,59.43821],[26.11384,59.43823],[26.11363,59.43903],[26.11323,59.43915],[26.11326,59.43953],[26.11389,59.43985],[26.11341,59.44038]]]},"properties":{"fclass":"residential"}},
{"type":"Feature","geometry":{"type":"Polygon","coordinates":[[[26.11463,59.44333],[26.11858,59.44255],[26.11896,59.44307],[26.11941,59.44389],[26.11529,59.44455],[26.11463,59.44333]]]},"properties":{"fclass":"residential"}},
{"type":"Feature","geometry":{"type":"Polygon","coordinates":[[[25.21572,59.11408],[25.21393,59.11489],[25.21204,59.11529],[25.21214,59.11485],[25.2103,59.11354],[25.20922,59.11292],[25.20868,59.1125],[25.20924,59.11228],[25.20974,59.11261],[25.20988,59.11239],[25.20884,59.11174],[25.21088,59.11206],[25.2104,59.11259],[25.21291,59.11407],[25.21356,59.1135],[25.21572,59.11408]]]},"properties":{"fclass":"residential"}},
{"type":"Feature","geometry":{"type":"Polygon","coordinates":[[[25.49818,59.43606],[25.49755,59.43492],[25.49773,59.43412],[25.49773,59.43389],[25.498,59.43363],[25.49945,59.43372],[25.49969,59.43442],[25.49882,59.4345],[25.49898,59.43489],[25.49937,59.43537],[25.49908,59.43612],[25.49818,59.43606]]]},"properties":{"fclass":"residential"}},
{"type":"Feature","geometry":{"type":"Polygon","coordinates":[[[25.5136,59.43168],[25.51355,59.43057],[25.51377,59.42957],[25.51559,59.42964],[25.51545,59.43059],[25.515,59.43084],[25.51545,59.43096],[25.51543,59.43138],[25.5136,59.43168]]]},"properties":{"fclass":"residential"}},
{"type":"Feature","geometry":{"type":"Polygon","coordinates":[[[25.512,59.43442],[25.51077,59.4337],[25.51188,59.43295],[25.51257,59.43296],[25.51249,59.43317],[25.51345,59.43327],[25.51379,59.43269],[25.51405,59.43291],[25.51419,59.43348],[25.51388,59.43441],[25.51278,59.43404],[25.512,59.43442]]]},"properties":{"fclass":"residential"}},
{"type":"Feature","geometry":{"type":"Polygon","coordinates":[[[25.65766,59.26179],[25.66022,59.26061],[25.66195,59.26174],[25.66232,59.26169],[25.663,59.26207],[25.66229,59.26233],[25.66061,59.26208],[25.66005,59.2623],[25.65955,59.26216],[25.65845,59.26225],[25.65766,59.26179]]]},"properties":{"fclass":"residential"}},
{"type":"Feature","geometry":{"type":"Polygon","coordinates":[[[25.83891,59.26218],[25.84006,59.26108],[25.84209,59.26142],[25.84298,59.26088],[25.84397,59.26112],[25.84385,59.2616],[25.84412,59.26189],[25.84417,59.26235],[25.84286,59.26239],[25.84232,59.26266],[25.84193,59.26268],[25.84187,59.26243],[25.83987,59.26242],[25.83891,59.26218]]]},"properties":{"fclass":"residential"}},
{"type":"Feature","geometry":{"type":"Polygon","coordinates":[[[25.29338,59.06726],[25.29353,59.0672],[25.29468,59.06654],[25.29437,59.06623],[25.29591,59.06601],[25.29611,59.06615],[25.29727,59.06579],[25.29815,59.06543],[25.29857,59.06579],[25.29845,59.06596],[25.29853,59.06625],[25.29789,59.06623],[25.29728,59.06672],[25.29786,59.06696],[25.29668,59.06739],[25.29602,59.06702],[25.29557,59.06715],[25.29537,59.06754],[25.29484,59.0676],[25.29421,59.06727],[25.29391,59.06719],[25.29338,59.06726]]]},"properties":{"fclass":"residential"}},
{"type":"Feature","geometry":{"type":"Polygon","coordinates":[[[25.25055,59.04953],[25.25126,59.04897],[25.25131,59.0488],[25.25186,59.04835],[25.2526,59.04898],[25.25238,59.04919],[25.25301,59.0493],[25.2543,59.04875],[25.2551,59.0486],[25.25535,59.04911],[25.25445,59.0492],[25.25494,59.04935],[25.25521,59.04985],[25.2548,59.04996],[25.25462,59.05026],[25.25361,59.05027],[25.25364,59.0498],[25.25301,59.04971],[25.25257,59.04999],[25.25055,59.04953]]]},"properties":{"fclass":"residential"}},
{"type":"Feature","geometry":{"type":"Polygon","coordinates":[[[25.25493,59.04731],[25.25838,59.04678],[25.25918,59.0469],[25.25961,59.04709],[25.25725,59.0482],[25.25771,59.04853],[25.25826,59.04828],[25.25967,59.04806],[25.26021,59.04842],[25.25855,59.04908],[25.25888,59.04931],[25.25848,59.04948],[25.25766,59.04913],[25.25711,59.04857],[25.25592,59.04864],[25.25542,59.0484],[25.25597,59.04823],[25.25493,59.04731]]]},"properties":{"fclass":"residential"}},
{"type":"Feature","geometry":{"type":"Polygon","coordinates":[[[25.25927,59.04607],[25.26088,59.046],[25.26127,59.04585],[25.26338,59.04584],[25.26354,59.04619],[25.26318,59.04629],[25.26267,59.04671],[25.26275,59.04706],[25.26097,59.04721],[25.26064,59.04658],[25.26006,59.04676],[25.25927,59.04607]]]},"properties":{"fclass":"residential"}},
{"type":"Feature","geometry":{"type":"Polygon","coordinates":[[[25.26305,59.05905],[25.26319,59.05886],[25.26217,59.05808],[25.26284,59.05779],[25.26373,59.05837],[25.26402,59.0582],[25.2644,59.05781],[25.26456,59.0574],[25.26456,59.05687],[25.26426,59.0559],[25.26532,59.05582],[25.26599,59.05587],[25.26634,59.05562],[25.26658,59.05501],[25.26674,59.0549],[25.26853,59.05516],[25.26889,59.05514],[25.26931,59.05489],[25.27018,59.05504],[25.26992,59.0554],[25.26923,59.05539],[25.26753,59.05508],[25.26741,59.05568],[25.26652,59.05565],[25.26627,59.05594],[25.26655,59.05619],[25.26849,59.0575],[25.26735,59.05789],[25.26839,59.05874],[25.26415,59.05952],[25.2629,59.05926],[25.26305,59.05905]]]},"properties":{"fclass":"residential"}},
{"type":"Feature","geometry":{"type":"Polygon","coordinates":[[[25.20109,59.15131],[25.20157,59.15112],[25.20188,59.15074],[25.20351,59.15109],[25.20455,59.15081],[25.20605,59.15094],[25.20638,59.15119],[25.20587,59.15165],[25.20487,59.15153],[25.20345,59.15147],[25.20217,59.15185],[25.20109,59.15131]]]},"properties":{"fclass":"residential"}},
{"type":"Feature","geometry":{"type":"Polygon","coordinates":[[[26.00358,59.39618],[26.0028,59.39585],[26.00488,59.39459],[26.00753,59.39538],[26.00578,59.39588],[26.00533,59.39575],[26.00358,59.39618]]]},"properties":{"fclass":"residential"}},
{"type":"Feature","geometry":{"type":"Polygon","coordinates":[[[25.98551,59.31813],[25.98607,59.31675],[25.98688,59.31641],[25.98851,59.31707],[25.98931,59.31753],[25.99102,59.31778],[25.99182,59.318],[25.99493,59.31949],[25.99509,59.31874],[25.9956,59.31878],[25.99632,59.31918],[25.99668,59.31966],[25.99565,59.32021],[25.99368,59.31972],[25.99264,59.3195],[25.99151,59.31831],[25.98949,59.31831],[25.98957,59.31897],[25.99053,59.31905],[25.99112,59.3195],[25.98964,59.31973],[25.98866,59.31935],[25.98774,59.31862],[25.9867,59.31819],[25.98551,59.31813]]]},"properties":{"fclass":"residential"}},
{"type":"Feature","geometry":{"type":"Polygon","coordinates":[[[25.37255,59.35794],[25.37116,59.35722],[25.37001,59.35673],[25.37066,59.35648],[25.37173,59.35691],[25.37288,59.3567],[25.37304,59.35635],[25.3735,59.3562],[25.37438,59.35611],[25.37388,59.35487],[25.3729,59.35465],[25.37284,59.35442],[25.37231,59.35445],[25.37233,59.35404],[25.37452,59.35395],[25.37467,59.35437],[25.37488,59.35449],[25.37543,59.35451],[25.37628,59.35596],[25.37497,59.3562],[25.37477,59.35654],[25.37555,59.35759],[25.37355,59.35795],[25.37255,59.35794]]]},"properties":{"fclass":"residential"}},
{"type":"Feature","geometry":{"type":"Polygon","coordinates":[[[25.3579,59.35647],[25.35622,59.35535],[25.35664,59.35488],[25.35794,59.35456],[25.35944,59.35527],[25.35911,59.35571],[25.3579,59.35647]]]},"properties":{"fclass":"residential"}},
{"type":"Feature","geometry":{"type":"Polygon","coordinates":[[[25.35248,59.3541],[25.35224,59.35311],[25.35347,59.35219],[25.35511,59.35151],[25.35609,59.35223],[25.35406,59.35303],[25.35438,59.35356],[25.35504,59.35345],[25.35563,59.3535],[25.35574,59.35376],[25.35477,59.35403],[25.35435,59.35449],[25.35348,59.35447],[25.35248,59.3541]]]},"properties":{"fclass":"residential"}},
{"type":"Feature","geometry":{"type":"Polygon","coordinates":[[[26.16678,59.17929],[26.16743,59.17854],[26.16807,59.17838],[26.16863,59.17852],[26.16826,59.17908],[26.16919,59.17931],[26.17015,59.17898],[26.17164,59.17942],[26.1708,59.18036],[26.16678,59.17929]]]},"properties":{"fclass":"residential"}},
{"type":"Feature","geometry":{"type":"Polygon","coordinates":[[[26.18631,59.17459],[26.18633,59.17348],[26.18641,59.17323],[26.18764,59.17327],[26.1879,59.17284],[26.18927,59.17308],[26.18885,59.17388],[26.18806,59.17466],[26.18631,59.17459]]]},"properties":{"fclass":"residential"}},
{"type":"Feature","geometry":{"type":"Polygon","coordinates":[[[26.17329,59.18718],[26.17241,59.18738],[26.17248,59.18782],[26.17005,59.18818],[26.16941,59.18749],[26.16819,59.18753],[26.16808,59.18689],[26.16931,59.1867],[26.16957,59.18709],[26.17113,59.18686],[26.17077,59.18628],[26.17325,59.18588],[26.17395,59.18619],[26.17694,59.18616],[26.1778,59.18688],[26.17723,59.1873],[26.17651,59.18755],[26.17423,59.18688],[26.17329,59.18718]]]},"properties":{"fclass":"residential"}},
{"type":"Feature","geometry":{"type":"Polygon","coordinates":[[[26.21846,59.19654],[26.21919,59.19594],[26.21822,59.19556],[26.21887,59.19497],[26.22,59.19531],[26.22041,59.19498],[26.22394,59.19613],[26.22308,59.19686],[26.22214,59.19662],[26.22145,59.19722],[26.21872,59.19662],[26.21846,59.19654]]]},"properties":{"fclass":"residential"}},
{"type":"Feature","geometry":{"type":"Polygon","coordinates":[[[26.22465,59.19456],[26.22528,59.19341],[26.2281,59.19381],[26.22742,59.195],[26.22636,59.19478],[26.22512,59.19467],[26.22465,59.19456]]]},"properties":{"fclass":"residential"}},
{"type":"Feature","geometry":{"type":"Polygon","coordinates":[[[26.16882,59.20332],[26.16789,59.20274],[26.16927,59.20188],[26.16888,59.2016],[26.17124,59.19997],[26.17309,59.19948],[26.17497,59.19842],[26.17588,59.19853],[26.17729,59.19829],[26.17812,59.19804],[26.17932,59.19812],[26.18051,59.19805],[26.18069,59.19949],[26.17957,59.19986],[26.17909,59.19943],[26.17866,59.19874],[26.17628,59.19954],[26.17394,59.20056],[26.17452,59.2009],[26.17379,59.20137],[26.17329,59.2011],[26.17214,59.20181],[26.17271,59.2022],[26.17198,59.20251],[26.17146,59.20223],[26.17079,59.20259],[26.16882,59.20332]]]},"properties":{"fclass":"residential"}},
{"type":"Feature","geometry":{"type":"Polygon","coordinates":[[[25.99681,59.35938],[25.99685,59.35837],[25.99608,59.35794],[25.9965,59.35735],[25.99808,59.35769],[25.99792,59.35836],[25.99914,59.35876],[25.99914,59.35932],[25.99681,59.35938]]]},"properties":{"fclass":"residential"}},
{"type":"Feature","geometry":{"type":"Polygon","coordinates":[[[26.5236,59.07076],[26.52414,59.06997],[26.52544,59.07003],[26.52602,59.06942],[26.52849,59.06928],[26.52852,59.06959],[26.52874,59.06986],[26.52909,59.06988],[26.52906,59.07166],[26.52848,59.07161],[26.52798,59.07187],[26.5276,59.07198],[26.52633,59.07179],[26.52644,59.07162],[26.52484,59.07151],[26.52487,59.07132],[26.52532,59.07106],[26.52567,59.07068],[26.52532,59.0705],[26.52425,59.07079],[26.5236,59.07076]]]},"properties":{"fclass":"residential"}},
{"type":"Feature","geometry":{"type":"Polygon","coordinates":[[[25.66333,58.98681],[25.66296,58.98599],[25.66372,58.98577],[25.66355,58.98533],[25.66687,58.98496],[25.66713,58.98583],[25.66333,58.98681]]]},"properties":{"fclass":"residential"}},
{"type":"Feature","geometry":{"type":"Polygon","coordinates":[[[26.32228,59.31355],[26.32181,59.31186],[26.32335,59.31143],[26.32395,59.3113],[26.32416,59.31152],[26.3238,59.31167],[26.32447,59.31228],[26.32476,59.3123],[26.325,59.31262],[26.32474,59.31285],[26.32479,59.31328],[26.32524,59.31337],[26.3259,59.31444],[26.3252,59.31475],[26.32635,59.31549],[26.32816,59.31603],[26.3292,59.31642],[26.32903,59.31657],[26.32662,59.31742],[26.32515,59.31641],[26.32396,59.31665],[26.3229,59.31666],[26.32322,59.31455],[26.32228,59.31355]]]},"properties":{"fclass":"residential"}},
{"type":"Feature","geometry":{"type":"Polygon","coordinates":[[[25.94616,59.18108],[25.9463,59.18045],[25.94841,59.18052],[25.94842,59.18112],[25.95212,59.18117],[25.95208,59.18064],[25.95344,59.1806],[25.95354,59.18117],[25.95456,59.18116],[25.95442,59.18051],[25.95754,59.1804],[25.95771,59.18122],[25.95485,59.18136],[25.95223,59.1814],[25.95015,59.18137],[25.95019,59.18186],[25.94895,59.18184],[25.94858,59.18134],[25.94702,59.18121],[25.94616,59.18108]]]},"properties":{"fclass":"residential"}},
{"type":"Feature","geometry":{"type":"Polygon","coordinates":[[[26.05742,59.17075],[26.05405,59.16935],[26.05565,59.16921],[26.0572,59.16956],[26.05841,59.16891],[26.05934,59.16939],[26.06015,59.16953],[26.06062,59.17003],[26.05989,59.17059],[26.05897,59.17012],[26.05846,59.17008],[26.05771,59.17048],[26.05742,59.17075]]]},"properties":{"fclass":"residential"}},
{"type":"Feature","geometry":{"type":"Polygon","coordinates":[[[25.84055,59.16358],[25.84331,59.16326],[25.84452,59.16504],[25.842,59.16543],[25.84086,59.16403],[25.84055,59.16358]]]},"properties":{"fclass":"residential"}},
{"type":"Feature","geometry":{"type":"Polygon","coordinates":[[[26.2747,59.24184],[26.27818,59.24058],[26.27839,59.24013],[26.27983,59.24033],[26.27981,59.24071],[26.27855,59.24156],[26.27699,59.24244],[26.27607,59.24278],[26.2747,59.24184]]]},"properties":{"fclass":"residential"}},
{"type":"Feature","geometry":{"type":"Polygon","coordinates":[[[25.23112,59.10594],[25.23174,59.10579],[25.23253,59.10586],[25.2327,59.10626],[25.23397,59.1063],[25.23414,59.10665],[25.23428,59.10728],[25.23396,59.10737],[25.23359,59.10773],[25.23232,59.1076],[25.23231,59.10674],[25.23187,59.10654],[25.23112,59.10594]]]},"properties":{"fclass":"residential"}},
{"type":"Feature","geometry":{"type":"Polygon","coordinates":[[[25.28746,59.09768],[25.28737,59.09783],[25.28642,59.0984],[25.28668,59.09851],[25.28932,59.09918],[25.28903,59.09937],[25.28959,59.09983],[25.28959,59.10007],[25.28889,59.10107],[25.28831,59.10098],[25.28833,59.10082],[25.28783,59.10063],[25.28483,59.10059],[25.28532,59.09945],[25.28399,59.09935],[25.28403,59.09908],[25.28305,59.09902],[25.28343,59.09798],[25.28506,59.09803],[25.28544,59.09795],[25.28586,59.09748],[25.28634,59.0978],[25.28704,59.09765],[25.28746,59.09768]]]},"properties":{"fclass":"residential"}},
{"type":"Feature","geometry":{"type":"Polygon","coordinates":[[[26.27938,59.35039],[26.27904,59.34918],[26.27442,59.34928],[26.27432,59.34957],[26.27312,59.34958],[26.27326,59.34862],[26.27657,59.34852],[26.27707,59.34859],[26.27821,59.34849],[26.2793,59.34852],[26.28078,59.34864],[26.28089,59.35023],[26.27938,59.35039]]]},"properties":{"fclass":"residential"}},
{"type":"Feature","geometry":{"type":"Polygon","coordinates":[[[26.47725,59.34597],[26.47776,59.34581],[26.47706,59.34564],[26.4763,59.34436],[26.47691,59.34424],[26.4777,59.34446],[26.47924,59.34508],[26.48074,59.34555],[26.47925,59.34653],[26.47881,59.34635],[26.47843,59.34659],[26.47879,59.34716],[26.47747,59.3472],[26.47713,59.34694],[26.47672,59.3465],[26.47655,59.34618],[26.47725,59.34597]]]},"properties":{"fclass":"residential"}},
{"type":"Feature","geometry":{"type":"Polygon","coordinates":[[[26.47809,59.34391],[26.4785,59.34332],[26.48036,59.33849],[26.48153,59.33881],[26.48333,59.33937],[26.48229,59.34075],[26.48211,59.34129],[26.48214,59.34274],[26.48237,59.3441],[26.48085,59.34413],[26.48044,59.34456],[26.47809,59.34391]]]},"properties":{"fclass":"residential"}},
{"type":"Feature","geometry":{"type":"Polygon","coordinates":[[[26.50754,59.34314],[26.50489,59.34215],[26.50674,59.34036],[26.50753,59.3408],[26.50849,59.3403],[26.50945,59.34075],[26.51028,59.34053],[26.51078,59.34027],[26.51113,59.34029],[26.51186,59.34069],[26.51043,59.34149],[26.50964,59.34188],[26.50857,59.34247],[26.50754,59.34314]]]},"properties":{"fclass":"residential"}},
{"type":"Feature","geometry":{"type":"Polygon","coordinates":[[[26.45748,59.34136],[26.45251,59.34061],[26.45107,59.34006],[26.4501,59.33958],[26.44956,59.33907],[26.45011,59.33874],[26.45056,59.33856],[26.45118,59.33796],[26.45258,59.33833],[26.45208,59.33889],[26.4527,59.33905],[26.45373,59.33907],[26.45416,59.33859],[26.45523,59.339],[26.45904,59.33896],[26.45906,59.33997],[26.45748,59.34136]]]},"properties":{"fclass":"residential"}},
{"type":"Feature","geometry":{"type":"Polygon","coordinates":[[[26.40518,59.3326],[26.40608,59.33225],[26.40599,59.33185],[26.40785,59.3312],[26.4093,59.3323],[26.4079,59.3328],[26.40617,59.33329],[26.40518,59.3326]]]},"properties":{"fclass":"residential"}},
{"type":"Feature","geometry":{"type":"Polygon","coordinates":[[[26.39829,59.33621],[26.39674,59.33561],[26.39865,59.33489],[26.39827,59.33452],[26.3991,59.33421],[26.40036,59.33495],[26.3999,59.33526],[26.40035,59.33597],[26.40009,59.33635],[26.3986,59.33574],[26.39829,59.33621]]]},"properties":{"fclass":"residential"}},
{"type":"Feature","geometry":{"type":"Polygon","coordinates":[[[25.84919,59.23705],[25.85013,59.23663],[25.84939,59.23632],[25.84996,59.23581],[25.85127,59.23616],[25.85209,59.23665],[25.85258,59.23649],[25.8533,59.23683],[25.85173,59.23745],[25.85014,59.23711],[25.84964,59.23728],[25.84919,59.23705]]]},"properties":{"fclass":"residential"}},
{"type":"Feature","geometry":{"type":"Polygon","coordinates":[[[25.85298,59.23538],[25.85441,59.23451],[25.85491,59.23407],[25.85569,59.2331],[25.85733,59.23331],[25.85669,59.23429],[25.85692,59.2343],[25.85633,59.23501],[25.85561,59.23487],[25.85497,59.23573],[25.85304,59.23542],[25.85298,59.23538]]]},"properties":{"fclass":"residential"}},
{"type":"Feature","geometry":{"type":"Polygon","coordinates":[[[25.79969,59.23467],[25.80032,59.23384],[25.80378,59.23459],[25.80326,59.2355],[25.79969,59.23467]]]},"properties":{"fclass":"residential"}},
{"type":"Feature","geometry":{"type":"Polygon","coordinates":[[[25.87049,59.19409],[25.86916,59.19399],[25.8685,59.19319],[25.86912,59.19245],[25.86961,59.19229],[25.8705,59.19278],[25.87157,59.19261],[25.87232,59.19208],[25.87244,59.19348],[25.87045,59.19376],[25.87049,59.19409]]]},"properties":{"fclass":"residential"}},
{"type":"Feature","geometry":{"type":"Polygon","coordinates":[[[25.85498,59.20403],[25.85254,59.20438],[25.85198,59.20365],[25.85183,59.20303],[25.85199,59.20297],[25.85411,59.20268],[25.85414,59.20222],[25.85542,59.20204],[25.85613,59.20253],[25.8553,59.20278],[25.85556,59.20313],[25.85582,59.2031],[25.85619,59.20358],[25.85503,59.20387],[25.85498,59.20403]]]},"properties":{"fclass":"residential"}},
{"type":"Feature","geometry":{"type":"Polygon","coordinates":[[[26.14228,58.99955],[26.14272,58.9995],[26.14345,58.99963],[26.14443,58.99987],[26.14496,58.99962],[26.14487,58.99949],[26.1464,58.99897],[26.14655,58.99923],[26.14713,58.9998],[26.1465,59.00009],[26.14445,59.00032],[26.14506,59.00126],[26.14438,59.00144],[26.14393,59.00144],[26.14353,59.00065],[26.14301,59.00072],[26.14228,58.99955]]]},"properties":{"fclass":"residential"}},
{"type":"Feature","geometry":{"type":"Polygon","coordinates":[[[26.10989,59.40836],[26.10978,59.40812],[26.11173,59.40756],[26.11332,59.40739],[26.11393,59.40822],[26.11411,59.40909],[26.114,59.4096],[26.11578,59.40955],[26.11612,59.41023],[26.11421,59.41033],[26.11402,59.41036],[26.11359,59.41008],[26.11316,59.41011],[26.11279,59.41041],[26.11168,59.4101],[26.11212,59.40963],[26.11057,59.40892],[26.10989,59.40836]]]},"properties":{"fclass":"residential"}},
{"type":"Feature","geometry":{"type":"Polygon","coordinates":[[[26.29409,59.27999],[26.29695,59.27846],[26.29757,59.27882],[26.29887,59.27909],[26.29704,59.28009],[26.29671,59.28002],[26.2954,59.28051],[26.29409,59.27999]]]},"properties":{"fclass":"residential"}},
{"type":"Feature","geometry":{"type":"Polygon","coordinates":[[[26.08836,58.97925],[26.08905,58.97867],[26.08957,58.97869],[26.09028,58.9788],[26.0898,58.97937],[26.09105,58.9794],[26.09161,58.97874],[26.09278,58.97871],[26.09286,58.97915],[26.09405,58.97921],[26.09409,58.97899],[26.09533,58.97912],[26.09509,58.97975],[26.09825,58.97993],[26.09871,58.97915],[26.10042,58.97934],[26.10059,58.98052],[26.10009,58.98077],[26.09887,58.98016],[26.09853,58.9801],[26.09834,58.98047],[26.09684,58.98038],[26.09673,58.98083],[26.09485,58.98072],[26.09501,58.97988],[26.09241,58.97968],[26.09212,58.9799],[26.09063,58.97977],[26.09032,58.98047],[26.08873,58.98024],[26.0889,58.97952],[26.08836,58.97925]]]},"properties":{"fclass":"residential"}},
{"type":"Feature","geometry":{"type":"Polygon","coordinates":[[[25.32742,59.26579],[25.32755,59.26562],[25.32895,59.26455],[25.32996,59.26512],[25.33088,59.26545],[25.3298,59.26702],[25.32935,59.26731],[25.32797,59.26726],[25.32854,59.26607],[25.32742,59.26579]]]},"properties":{"fclass":"residential"}},
{"type":"Feature","geometry":{"type":"Polygon","coordinates":[[[25.30818,59.26353],[25.30954,59.2622],[25.31161,59.26235],[25.31304,59.26284],[25.31141,59.26389],[25.31206,59.26409],[25.31233,59.26389],[25.31341,59.2642],[25.31265,59.2647],[25.31208,59.26446],[25.31199,59.26418],[25.3099,59.26358],[25.30936,59.26387],[25.30818,59.26353]]]},"properties":{"fclass":"residential"}},
{"type":"Feature","geometry":{"type":"Polygon","coordinates":[[[25.38361,59.23076],[25.38281,59.23063],[25.38231,59.23025],[25.38263,59.23001],[25.38502,59.22949],[25.38711,59.23154],[25.38655,59.23163],[25.38504,59.23039],[25.38361,59.23076]]]},"properties":{"fclass":"residential"}},
{"type":"Feature","geometry":{"type":"Polygon","coordinates":[[[26.03995,59.25609],[26.03943,59.2556],[26.04172,59.25487],[26.04112,59.25444],[26.04205,59.25428],[26.04326,59.25428],[26.04409,59.25371],[26.04501,59.25359],[26.0492,59.25186],[26.05007,59.25193],[26.04814,59.25365],[26.04739,59.25394],[26.04459,59.25483],[26.04104,59.25577],[26.03995,59.25609]]]},"properties":{"fclass":"residential"}},
{"type":"Feature","geometry":{"type":"Polygon","coordinates":[[[26.03651,59.26992],[26.03768,59.26957],[26.03739,59.26935],[26.03947,59.26869],[26.04005,59.2691],[26.04111,59.26881],[26.04287,59.26886],[26.0444,59.26835],[26.04551,59.26804],[26.04615,59.26861],[26.04577,59.26922],[26.04511,59.26969],[26.04268,59.26912],[26.04181,59.26931],[26.04121,59.26898],[26.04017,59.26921],[26.03941,59.26945],[26.03967,59.26967],[26.03899,59.26989],[26.03831,59.27001],[26.03879,59.27036],[26.03821,59.27081],[26.03714,59.27068],[26.03738,59.27031],[26.03664,59.27009],[26.03651,59.26992]]]},"properties":{"fclass":"residential"}},
{"type":"Feature","geometry":{"type":"Polygon","coordinates":[[[26.30223,59.33276],[26.30198,59.33238],[26.30141,59.33227],[26.30155,59.33162],[26.30207,59.33157],[26.30635,59.33214],[26.30592,59.33258],[26.30666,59.33274],[26.30457,59.33345],[26.30303,59.33315],[26.30223,59.33276]]]},"properties":{"fclass":"residential"}},
{"type":"Feature","geometry":{"type":"Polygon","coordinates":[[[26.42,59.37821],[26.41849,59.37896],[26.41919,59.37954],[26.4184,59.38034],[26.41654,59.37991],[26.41519,59.37925],[26.42008,59.377],[26.42151,59.3762],[26.42197,59.37676],[26.42,59.37821]]]},"properties":{"fclass":"residential"}},
{"type":"Feature","geometry":{"type":"Polygon","coordinates":[[[26.32313,59.33353],[26.32222,59.33348],[26.32197,59.33362],[26.32034,59.33353],[26.3212,59.33239],[26.32082,59.33231],[26.32101,59.3321],[26.32073,59.33186],[26.32089,59.3316],[26.32145,59.33123],[26.32106,59.33108],[26.32092,59.33077],[26.32051,59.3303],[26.32126,59.33006],[26.32173,59.33059],[26.3221,59.33051],[26.32322,59.32913],[26.32624,59.32856],[26.3266,59.3288],[26.32538,59.33073],[26.32313,59.33353]]]},"properties":{"fclass":"residential"}},
{"type":"Feature","geometry":{"type":"Polygon","coordinates":[[[26.04219,58.98164],[26.04351,58.98137],[26.04625,58.98087],[26.04723,58.98074],[26.04739,58.98132],[26.04595,58.98157],[26.04612,58.982],[26.0448,58.98237],[26.04452,58.98192],[26.04279,58.98229],[26.04219,58.98164]]]},"properties":{"fclass":"residential"}},
{"type":"Feature","geometry":{"type":"Polygon","coordinates":[[[26.0473,58.97897],[26.04824,58.97943],[26.04924,58.98025],[26.04981,58.98014],[26.05023,58.98077],[26.05103,58.98135],[26.0481,58.98177],[26.04784,58.98168],[26.04765,58.97986],[26.0473,58.97897]]]},"properties":{"fclass":"residential"}},
{"type":"Feature","geometry":{"type":"Polygon","coordinates":[[[26.00594,58.97415],[26.00582,58.97392],[26.00686,58.97324],[26.00739,58.97297],[26.00851,58.97258],[26.00946,58.97208],[26.01028,58.97244],[26.00881,58.97335],[26.00807,58.97311],[26.00754,58.97351],[26.00779,58.97368],[26.00734,58.97397],[26.0074,58.97418],[26.00704,58.97437],[26.00594,58.97415]]]},"properties":{"fclass":"residential"}},
{"type":"Feature","geometry":{"type":"Polygon","coordinates":[[[26.36345,59.36351],[26.36439,59.36172],[26.36772,59.36203],[26.36777,59.36254],[26.36837,59.3634],[26.36345,59.36351]]]},"properties":{"fclass":"residential"}},
{"type":"Feature","geometry":{"type":"Polygon","coordinates":[[[26.36099,59.36059],[26.36147,59.35966],[26.36262,59.35981],[26.36278,59.35952],[26.36377,59.35965],[26.36401,59.35911],[26.36389,59.35882],[26.36444,59.35879],[26.36533,59.35892],[26.36515,59.35926],[26.36622,59.3594],[26.36559,59.36056],[26.36529,59.3606],[26.36473,59.36173],[26.36435,59.3617],[26.36306,59.36146],[26.36331,59.36092],[26.36099,59.36059]]]},"properties":{"fclass":"residential"}},
{"type":"Feature","geometry":{"type":"Polygon","coordinates":[[[26.38542,59.35985],[26.38579,59.35947],[26.38518,59.35924],[26.3857,59.35889],[26.38563,59.3585],[26.38632,59.35801],[26.38749,59.35847],[26.38764,59.35837],[26.39055,59.35931],[26.39049,59.35994],[26.38883,59.36017],[26.38791,59.3601],[26.38724,59.36015],[26.38529,59.35997],[26.38542,59.35985]]]},"properties":{"fclass":"residential"}},
{"type":"Feature","geometry":{"type":"Polygon","coordinates":[[[25.21219,59.2744],[25.21177,59.27355],[25.2107,59.27319],[25.21179,59.27242],[25.2131,59.27301],[25.21378,59.27372],[25.21406,59.27417],[25.21417,59.27454],[25.21307,59.27453],[25.21237,59.27458],[25.21219,59.2744]]]},"properties":{"fclass":"residential"}},
{"type":"Feature","geometry":{"type":"Polygon","coordinates":[[[25.19989,59.3753],[25.20229,59.3742],[25.20318,59.37442],[25.20339,59.37414],[25.20383,59.37416],[25.20492,59.37464],[25.20494,59.37472],[25.20227,59.37592],[25.19989,59.3753]]]},"properties":{"fclass":"residential"}}
]}