{"type":"FeatureCollection", "features": [
{"type":"Feature","geometry":{"type":"LineString","coordinates":[[26.52395,59.44032],[26.52333,59.44019]]},"properties":{"fclass":"river","name":""}},
{"type":"Feature","geometry":{"type":"MultiLineString","coordinates":[[[26.52282,59.44066],[26.52321,59.44073],[26.52345,59.44155],[26.52392,59.44237]],[[26.52392,59.4428],[26.52302,59.44277],[26.52198,59.44235],[26.5208,59.44214]]]},"properties":{"fclass":"river","name":""}},
{"type":"Feature","geometry":{"type":"LineString","coordinates":[[25.75854,59.43964],[25.75887,59.43993],[25.75952,59.44032],[25.76115,59.44108],[25.76249,59.44143],[25.7638,59.44162],[25.76387,59.44188],[25.7635,59.44205],[25.763,59.44209],[25.76222,59.4419],[25.76139,59.44217],[25.76098,59.44212],[25.76079,59.44241],[25.76133,59.44254],[25.76136,59.44277],[25.76057,59.4429],[25.75998,59.4428],[25.75986,59.44296],[25.76034,59.44353],[25.76017,59.44394],[25.75965,59.44422],[25.75971,59.44474],[25.76015,59.44539],[25.76013,59.44555],[25.75954,59.44586],[25.75976,59.44602],[25.76028,59.44583],[25.76089,59.44581],[25.76119,59.44596],[25.76158,59.4459],[25.76179,59.4457],[25.76158,59.44532],[25.76188,59.44508],[25.76249,59.44521],[25.76308,59.44572],[25.7633,59.44618],[25.76314,59.44671],[25.76347,59.44694],[25.76413,59.44702],[25.76479,59.44692],[25.76504,59.4471],[25.7653,59.44796],[25.76584,59.44795],[25.76607,59.44747],[25.76648,59.44744],[25.7665,59.44813],[25.76667,59.44841],[25.76722,59.44897],[25.76765,59.44915],[25.76808,59.44918],[25.76886,59.44943],[25.76965,59.44989],[25.77065,59.45009],[25.77096,59.45027],[25.77079,59.45043],[25.76995,59.45042],[25.76892,59.45049],[25.7687,59.45066],[25.76887,59.45093],[25.76945,59.45104],[25.77042,59.4507],[25.77081,59.45067],[25.77131,59.45084],[25.7708,59.45162],[25.77025,59.45152],[25.77006,59.45171],[25.77026,59.45205],[25.77137,59.4523],[25.77163,59.45222],[25.77193,59.45171],[25.77227,59.45184],[25.77231,59.45224],[25.77188,59.45277],[25.77157,59.453],[25.77161,59.45314],[25.77273,59.45322],[25.77355,59.4534],[25.77412,59.45369],[25.77465,59.45412],[25.77529,59.45434],[25.77525,59.45457],[25.77486,59.45473],[25.77412,59.45485],[25.77308,59.45511],[25.77225,59.45538],[25.7722,59.45609],[25.77147,59.45654],[25.77093,59.45677],[25.77081,59.45706],[25.77098,59.45723],[25.77196,59.45754],[25.77211,59.45768],[25.77202,59.45794],[25.7704,59.45861],[25.76976,59.45895],[25.76882,59.45906],[25.76826,59.45936],[25.76827,59.45956],[25.76874,59.45992],[25.76913,59.46033],[25.76976,59.46048],[25.77084,59.46055],[25.77157,59.46076],[25.77142,59.46155],[25.77158,59.46218],[25.77238,59.46272],[25.77231,59.46314],[25.77206,59.4636],[25.77275,59.46374],[25.77451,59.46374],[25.7754,59.46364],[25.77613,59.46337],[25.77662,59.46303],[25.77729,59.4624],[25.77792,59.46227],[25.77848,59.46243],[25.77897,59.46297],[25.77929,59.46315],[25.77977,59.46318],[25.78126,59.46277],[25.7822,59.46256],[25.78292,59.46264],[25.78407,59.46317],[25.78482,59.46345],[25.78535,59.46349],[25.7863,59.46348],[25.78673,59.46364],[25.78718,59.46396],[25.78745,59.46426],[25.78815,59.46486],[25.78817,59.46516],[25.7873,59.46583],[25.78645,59.46623],[25.78626,59.46666],[25.78649,59.46701],[25.78672,59.46734],[25.78739,59.46764],[25.78835,59.46774],[25.78935,59.46764],[25.7901,59.46766],[25.79038,59.46791],[25.7904,59.46843],[25.79016,59.46879],[25.79025,59.46896],[25.79068,59.46918],[25.79112,59.46947],[25.79161,59.46959],[25.7934,59.46976],[25.79365,59.46992]]},"properties":{"fclass":"river","name":"Valgejõgi"}},
{"type":"Feature","geometry":{"type":"LineString","coordinates":[[25.35099,59.31139],[25.34805,59.31059]]},"properties":{"fclass":"canal","name":""}},
{"type":"Feature","geometry":{"type":"LineString","coordinates":[[25.34715,59.31239],[25.34694,59.31333],[25.34688,59.31381],[25.34617,59.3141],[25.34613,59.31464],[25.34669,59.31486],[25.34719,59.31493],[25.34776,59.31491],[25.34938,59.31512],[25.35097,59.31519],[25.35177,59.31578],[25.35176,59.31628],[25.35341,59.31758],[25.35329,59.3185],[25.3539,59.3188],[25.3547,59.31894],[25.35543,59.31892],[25.35602,59.31879],[25.35671,59.31892],[25.35677,59.31913],[25.35645,59.3195],[25.35544,59.31986],[25.35438,59.32043],[25.35402,59.32034],[25.35406,59.3198],[25.35382,59.31955],[25.35344,59.31947],[25.35306,59.31964],[25.35293,59.32016],[25.35323,59.32107],[25.35266,59.32202],[25.35292,59.32255],[25.35428,59.32291],[25.35457,59.32329],[25.35473,59.32396],[25.35451,59.32441],[25.35335,59.32522],[25.35301,59.32538],[25.35236,59.32525],[25.35107,59.32447],[25.35067,59.32443],[25.3504,59.32464],[25.35091,59.32518],[25.35094,59.32601],[25.35076,59.32617],[25.35115,59.32633],[25.35229,59.32645],[25.35193,59.32725],[25.35011,59.32731],[25.34911,59.32713],[25.34772,59.32714]]},"properties":{"fclass":"river","name":"Jägala jõgi"}},
{"type":"Feature","geometry":{"type":"LineString","coordinates":[[26.28706,59.37532],[26.28915,59.3757],[26.28947,59.37569],[26.29011,59.37533],[26.29054,59.37511],[26.29104,59.37468],[26.29134,59.37464],[26.29189,59.37484],[26.29284,59.37467],[26.29403,59.37484],[26.29504,59.3751],[26.29625,59.37506],[26.29665,59.37479],[26.29732,59.37469],[26.29818,59.37431],[26.29863,59.37436],[26.29951,59.37461],[26.29995,59.37456],[26.30063,59.37429],[26.30117,59.37431],[26.30218,59.37451],[26.30264,59.37466],[26.30316,59.37452],[26.30342,59.37418],[26.30344,59.37397],[26.30452,59.37417],[26.30492,59.37439],[26.30504,59.37466],[26.30562,59.37484],[26.3058,59.37548],[26.30576,59.37571],[26.30605,59.37601],[26.30614,59.37647],[26.3066,59.37665],[26.3072,59.37705],[26.30769,59.37714],[26.30908,59.37714],[26.30949,59.37729],[26.30972,59.3776],[26.31039,59.37766],[26.31266,59.37729],[26.31419,59.37741],[26.31425,59.37778],[26.31407,59.37835],[26.31433,59.37856],[26.31464,59.37855],[26.31516,59.37835],[26.31573,59.37835],[26.31746,59.37883],[26.31893,59.37912],[26.31949,59.37913],[26.32042,59.37906],[26.32097,59.37919],[26.32138,59.37942],[26.32154,59.37979],[26.32187,59.3799],[26.32224,59.37985],[26.32408,59.38044],[26.32542,59.381],[26.32673,59.38117],[26.32981,59.38076]]},"properties":{"fclass":"river","name":"Selja jõgi"}},
{"type":"Feature","geometry":{"type":"LineString","coordinates":[[26.34218,59.351],[26.34234,59.35122]]},"properties":{"fclass":"stream","name":""}},
{"type":"Feature","geometry":{"type":"LineString","coordinates":[[26.35112,59.35667],[26.35089,59.35705],[26.35089,59.35759],[26.35066,59.35889],[26.35061,59.35958],[26.3504,59.36131],[26.34948,59.36273],[26.34938,59.36308],[26.34973,59.36363],[26.34976,59.36413],[26.34996,59.3647]]},"properties":{"fclass":"stream","name":"Soolikaoja"}},
{"type":"Feature","geometry":{"type":"LineString","coordinates":[[26.36148,59.33917],[26.36143,59.33952],[26.36065,59.34006],[26.35969,59.34124],[26.35935,59.34125]]},"properties":{"fclass":"stream","name":"Soolikaoja"}},
{"type":"Feature","geometry":{"type":"LineString","coordinates":[[26.35007,59.36492],[26.34936,59.36606],[26.34892,59.36628],[26.34858,59.36656],[26.34829,59.36665],[26.34837,59.36687],[26.34805,59.36761],[26.3475,59.3679],[26.34655,59.36866],[26.34492,59.36883],[26.34468,59.36895],[26.34402,59.36958],[26.34409,59.37038],[26.34396,59.37081],[26.34388,59.37188],[26.34304,59.3724],[26.34259,59.37259],[26.34207,59.37294],[26.34208,59.37323],[26.34242,59.37352],[26.34266,59.37391],[26.34275,59.37429],[26.34313,59.37498],[26.34348,59.37541],[26.34377,59.37601],[26.34426,59.37627],[26.34457,59.37654],[26.34545,59.37651],[26.3457,59.37643],[26.3464,59.37648],[26.34771,59.37643]]},"properties":{"fclass":"stream","name":"Soolikaoja"}},
{"type":"Feature","geometry":{"type":"LineString","coordinates":[[25.22043,59.01661],[25.22026,59.01639],[25.21937,59.01619],[25.21216,59.01684],[25.21059,59.01697],[25.20847,59.01689],[25.20621,59.01656]]},"properties":{"fclass":"river","name":"Atla jõgi"}},
{"type":"Feature","geometry":{"type":"LineString","coordinates":[[25.2176,59.18038],[25.21602,59.18012],[25.21558,59.1797],[25.21415,59.17943],[25.21294,59.1795],[25.21198,59.17907],[25.21146,59.17894],[25.21112,59.179],[25.21075,59.1792],[25.20915,59.17973],[25.20793,59.17967],[25.20768,59.18003],[25.20761,59.18085],[25.20668,59.18127],[25.20624,59.18116],[25.20622,59.18088],[25.20589,59.18066],[25.20539,59.18055],[25.20489,59.18056],[25.20451,59.18067],[25.20436,59.18127],[25.20384,59.1815],[25.20268,59.18127],[25.20219,59.18128],[25.20139,59.18157],[25.20136,59.18207],[25.20209,59.18252],[25.20198,59.18295],[25.20155,59.18309],[25.20006,59.18321],[25.19934,59.18324],[25.19833,59.18315],[25.19749,59.18301]]},"properties":{"fclass":"river","name":"Pirita jõgi"}},
{"type":"Feature","geometry":{"type":"LineString","coordinates":[[26.36301,59.33793],[26.3625,59.33848],[26.36195,59.33863],[26.36148,59.33917]]},"properties":{"fclass":"stream","name":""}},
{"type":"Feature","geometry":{"type":"LineString","coordinates":[[25.69459,59.3663],[25.69482,59.36643],[25.69481,59.36675],[25.69462,59.36688],[25.69524,59.36705],[25.69495,59.36725],[25.69504,59.36748],[25.6958,59.36772],[25.69612,59.368],[25.69673,59.36788],[25.69711,59.3679],[25.69741,59.36814],[25.6971,59.36851],[25.69726,59.36873],[25.69762,59.36882],[25.6983,59.36886],[25.69892,59.36914],[25.69956,59.36918],[25.69991,59.3693],[25.70009,59.36958],[25.70126,59.36982],[25.70092,59.37008],[25.70099,59.37041],[25.70087,59.37062],[25.70105,59.37122],[25.70205,59.3712],[25.7026,59.37142],[25.70197,59.37164],[25.70161,59.3723],[25.70126,59.37231],[25.7004,59.372],[25.70014,59.37212],[25.70006,59.37251],[25.70014,59.37275],[25.7,59.37304],[25.70019,59.37334],[25.7002,59.37343],[25.7,59.37382],[25.69955,59.37392],[25.69958,59.37411],[25.69996,59.37425],[25.70005,59.37442],[25.69977,59.37492],[25.69927,59.37514],[25.69945,59.37526],[25.69927,59.37546],[25.6994,59.37562],[25.6999,59.37561],[25.70008,59.37572],[25.69991,59.37618],[25.69925,59.37621],[25.69891,59.37643],[25.69929,59.37681],[25.69969,59.37745],[25.69942,59.37787],[25.69942,59.37814],[25.69974,59.37841],[25.70007,59.37853],[25.70045,59.37844],[25.70056,59.37865],[25.70026,59.37902],[25.70027,59.37953],[25.70056,59.37966],[25.70031,59.37995],[25.70029,59.38055],[25.70078,59.38077],[25.70072,59.38092],[25.70025,59.38101],[25.70011,59.38141],[25.69979,59.38199],[25.69945,59.38202],[25.69884,59.3819],[25.69843,59.38195],[25.69826,59.38211],[25.69778,59.38223],[25.69709,59.38207],[25.69663,59.38219],[25.6966,59.38235],[25.69591,59.38248],[25.69544,59.38226],[25.69572,59.38195],[25.69554,59.38177],[25.69476,59.38213],[25.69396,59.38205],[25.6935,59.3821],[25.69318,59.38238],[25.6934,59.38288],[25.69271,59.38321],[25.69204,59.38319],[25.69182,59.38347],[25.69135,59.38359],[25.69152,59.38394],[25.69131,59.38409],[25.69073,59.38415],[25.69033,59.38433],[25.69028,59.38448],[25.6906,59.38469],[25.69135,59.38479],[25.69133,59.38501],[25.69086,59.38513],[25.69101,59.38528],[25.69079,59.38565],[25.69017,59.3856],[25.68932,59.38568],[25.6895,59.38597],[25.68923,59.38606],[25.68869,59.38593],[25.68783,59.38594],[25.68799,59.38622],[25.68761,59.38655]]},"properties":{"fclass":"river","name":"Soodla jõgi"}},
{"type":"Feature","geometry":{"type":"LineString","coordinates":[[25.9551,59.27824],[25.9551,59.27858],[25.9549,59.27876],[25.95423,59.27905],[25.95388,59.2791],[25.95325,59.27936],[25.95174,59.27951],[25.95147,59.27962],[25.95141,59.27991],[25.95113,59.28046],[25.95144,59.281],[25.95138,59.28133],[25.95094,59.28149],[25.95038,59.2816],[25.94961,59.28184],[25.94951,59.28215],[25.94984,59.2825],[25.94971,59.28268],[25.94809,59.28319],[25.94794,59.28367],[25.94734,59.28447],[25.94699,59.2852],[25.94643,59.28609],[25.94524,59.28641]]},"properties":{"fclass":"river","name":"Valgejõgi"}},
{"type":"Feature","geometry":{"type":"LineString","coordinates":[[25.81102,59.29181],[25.81103,59.29206],[25.81081,59.29251],[25.80825,59.29368],[25.80779,59.29378],[25.80667,59.29384],[25.80558,59.29407],[25.8046,59.29407],[25.80362,59.29389],[25.80286,59.29391],[25.8023,59.29433],[25.80249,59.29462],[25.80236,59.29475],[25.80174,59.29487],[25.8017,59.29498],[25.80075,59.29548],[25.79995,59.29537],[25.79912,59.29549],[25.7988,59.29582],[25.79906,59.29611],[25.79896,59.29632],[25.79843,59.29646],[25.7976,59.29639],[25.79708,59.29612],[25.79577,59.29623]]},"properties":{"fclass":"river","name":"Soodla jõgi"}},
{"type":"Feature","geometry":{"type":"LineString","coordinates":[[25.79577,59.29623],[25.79482,59.29661],[25.79472,59.29732],[25.79532,59.29768],[25.79554,59.29833],[25.79542,59.29856],[25.7946,59.29877],[25.79417,59.29913],[25.79398,59.29947],[25.79343,59.29956],[25.79279,59.29932],[25.79224,59.29957],[25.79201,59.29994],[25.79167,59.30019],[25.79251,59.30043],[25.79248,59.30063],[25.79212,59.3011],[25.79213,59.30131],[25.79166,59.30154],[25.79178,59.30186],[25.79168,59.30211],[25.79208,59.30245],[25.79222,59.3027],[25.79294,59.30282],[25.79292,59.30326],[25.79255,59.30361],[25.79289,59.30433],[25.79357,59.30545],[25.79417,59.30633],[25.79414,59.30696],[25.79451,59.30738],[25.7946,59.30765],[25.7952,59.30786],[25.79512,59.30801],[25.79544,59.30832],[25.79549,59.30867],[25.79453,59.30918],[25.79319,59.3092],[25.79292,59.30912],[25.79259,59.30876]]},"properties":{"fclass":"river","name":"Soodla jõgi"}},
{"type":"Feature","geometry":{"type":"LineString","coordinates":[[25.76553,59.3216],[25.76529,59.32185],[25.76575,59.322],[25.76591,59.32259],[25.76534,59.32256],[25.76528,59.32274],[25.76452,59.3228],[25.76407,59.32269],[25.76379,59.32302],[25.76332,59.32308],[25.76319,59.32338],[25.76294,59.32355],[25.76248,59.32359],[25.76213,59.32396],[25.76223,59.32421],[25.76194,59.32425],[25.76174,59.32447],[25.76137,59.3249],[25.76067,59.32529],[25.76102,59.32549],[25.76098,59.32585],[25.76127,59.32616],[25.76079,59.32642],[25.76057,59.32678],[25.76079,59.32689],[25.76051,59.32712],[25.76058,59.32745],[25.75998,59.32739],[25.75953,59.32742],[25.75895,59.32761],[25.75859,59.32808],[25.75881,59.32831],[25.75878,59.32864],[25.75814,59.32897],[25.75839,59.32913],[25.7581,59.32929],[25.75845,59.32944],[25.75839,59.32964],[25.75803,59.32963],[25.75776,59.32992],[25.75727,59.32994],[25.75692,59.33029],[25.75647,59.33048],[25.75642,59.33073],[25.75681,59.33093],[25.75669,59.33105],[25.75617,59.33102],[25.75565,59.33089],[25.75526,59.33094],[25.75528,59.33127],[25.75579,59.33178],[25.75539,59.33204],[25.75505,59.33202],[25.75481,59.33219],[25.75457,59.33257],[25.75417,59.33243],[25.754,59.33216],[25.75372,59.33206],[25.75327,59.33236],[25.75321,59.33264],[25.75289,59.33286],[25.75245,59.33277],[25.75121,59.33309],[25.75073,59.33284],[25.75021,59.33279]]},"properties":{"fclass":"river","name":"Soodla jõgi"}},
{"type":"Feature","geometry":{"type":"LineString","coordinates":[[25.75021,59.33279],[25.74946,59.33282],[25.74922,59.33289],[25.74942,59.33348],[25.74884,59.33365],[25.74889,59.33391],[25.74862,59.33418],[25.74864,59.33449],[25.7484,59.3346],[25.74708,59.33435],[25.74692,59.33419],[25.74641,59.33425],[25.74616,59.33457],[25.74646,59.33478],[25.74622,59.33495],[25.74627,59.3352],[25.74584,59.33517],[25.7455,59.335],[25.74516,59.33512],[25.7455,59.33561],[25.74589,59.33568],[25.74626,59.33613],[25.74601,59.33627],[25.74628,59.33681],[25.74629,59.33696],[25.74584,59.33714],[25.74597,59.33728],[25.7459,59.33764],[25.74541,59.33767],[25.74475,59.33743],[25.74428,59.33735],[25.74403,59.33748],[25.74403,59.33775],[25.74427,59.33795],[25.74429,59.3382],[25.74354,59.33828],[25.74354,59.33864],[25.74312,59.33879],[25.74285,59.33907],[25.74257,59.33912],[25.74205,59.33903],[25.7415,59.3393],[25.74098,59.33927],[25.74057,59.33944],[25.74036,59.33964],[25.73981,59.33961],[25.73944,59.33983],[25.73897,59.33975],[25.73851,59.34002],[25.738,59.33997],[25.73755,59.34026],[25.73699,59.34023],[25.73734,59.34078],[25.73701,59.3409],[25.73647,59.34068],[25.73591,59.3407],[25.73585,59.34088],[25.73521,59.34112],[25.73487,59.3411],[25.73463,59.34147],[25.73432,59.34176],[25.73389,59.34198],[25.73301,59.34207],[25.73289,59.34233],[25.7326,59.34237],[25.73218,59.34218],[25.73213,59.34202],[25.73159,59.34187],[25.73043,59.34228],[25.73015,59.34264],[25.72965,59.34248],[25.72909,59.34251],[25.72846,59.34301],[25.72728,59.34314],[25.72684,59.34309],[25.72636,59.34316],[25.72636,59.34359],[25.72654,59.34412],[25.72632,59.34438],[25.72663,59.34463],[25.72618,59.34475],[25.72605,59.3451],[25.72526,59.34519],[25.72515,59.34558],[25.72527,59.34582],[25.72415,59.34617],[25.72415,59.34681],[25.72447,59.34702],[25.72436,59.34717],[25.72359,59.34704],[25.72277,59.34726],[25.72232,59.34752],[25.72182,59.34747],[25.72195,59.34773],[25.72168,59.3478],[25.72101,59.34764],[25.72091,59.34742],[25.71985,59.34762],[25.7192,59.34745],[25.71885,59.34782],[25.71849,59.34781],[25.71828,59.34739],[25.71831,59.34716],[25.71795,59.34698],[25.71651,59.34705],[25.7162,59.34727],[25.71664,59.34772],[25.71611,59.34823],[25.71589,59.34821],[25.71517,59.34883],[25.71431,59.34883],[25.71402,59.3487],[25.7136,59.34887],[25.71365,59.34924],[25.71413,59.34971],[25.7139,59.34985],[25.71332,59.34981],[25.71249,59.34957],[25.71179,59.34969],[25.71146,59.35005],[25.71025,59.35014],[25.71018,59.35059],[25.70971,59.35084],[25.70944,59.35125],[25.70918,59.35133],[25.70876,59.35114],[25.70838,59.35136],[25.70839,59.35161],[25.7082,59.35174],[25.70813,59.35215],[25.70785,59.35237],[25.70797,59.3527],[25.70791,59.35294],[25.70751,59.35306],[25.70701,59.35301],[25.70676,59.35312],[25.70675,59.35335],[25.70649,59.35354],[25.7061,59.35363],[25.70552,59.35356],[25.70532,59.35387],[25.70559,59.35416],[25.70519,59.35438],[25.70467,59.35431],[25.70459,59.35405],[25.70384,59.35399],[25.70369,59.35417],[25.70392,59.35448],[25.70357,59.35472],[25.70313,59.35479],[25.70303,59.35508],[25.70375,59.35546],[25.7037,59.35595],[25.70404,59.35615],[25.70403,59.35636],[25.70369,59.3565],[25.70294,59.3565],[25.70242,59.35672],[25.70186,59.35677],[25.7016,59.3567],[25.70109,59.35675],[25.70049,59.35698],[25.70041,59.3572],[25.70058,59.35743],[25.70039,59.35766],[25.69996,59.35788],[25.69933,59.35792],[25.69821,59.35822],[25.69779,59.35843],[25.6969,59.35843],[25.69705,59.35883],[25.69734,59.35891],[25.69744,59.35913],[25.69714,59.35927],[25.69737,59.35976],[25.6969,59.35989],[25.69649,59.36014],[25.69602,59.35998],[25.69539,59.3603],[25.69497,59.36088],[25.69489,59.3612],[25.69444,59.36208],[25.69493,59.36243],[25.6953,59.36245],[25.69541,59.36269],[25.69527,59.36285],[25.6948,59.36289],[25.69404,59.36327],[25.69379,59.36376],[25.69379,59.364],[25.69401,59.36411],[25.69454,59.36416],[25.69427,59.3644],[25.69387,59.36451],[25.69384,59.36508],[25.69337,59.36526],[25.69386,59.36549],[25.69358,59.36584],[25.69459,59.3663]]},"properties":{"fclass":"river","name":"Soodla jõgi"}},
{"type":"Feature","geometry":{"type":"LineString","coordinates":[[25.94591,59.46319],[25.94524,59.46321],[25.9447,59.46286],[25.94428,59.46296],[25.94511,59.46433],[25.94405,59.46456],[25.94323,59.46465],[25.94276,59.46452],[25.94249,59.46467],[25.94247,59.46494],[25.94192,59.46497],[25.94133,59.4648],[25.94108,59.46483],[25.94021,59.46553],[25.93995,59.46555],[25.93964,59.46529],[25.93913,59.46524],[25.93835,59.46546],[25.93824,59.4658],[25.93826,59.46626],[25.93771,59.46637],[25.93751,59.46652],[25.93632,59.46603],[25.93592,59.46608],[25.93546,59.46638],[25.93548,59.46686],[25.93523,59.46687],[25.93445,59.46635],[25.93401,59.46614],[25.93341,59.46645],[25.93355,59.46675],[25.93328,59.46686],[25.93287,59.46655],[25.93264,59.46653],[25.93253,59.46691],[25.93215,59.467],[25.93188,59.46688],[25.93176,59.46629],[25.93137,59.46642],[25.93101,59.46674],[25.93144,59.46689],[25.93087,59.46725],[25.92978,59.46736],[25.92946,59.46752],[25.92975,59.46776],[25.92964,59.46804],[25.92991,59.4684],[25.92919,59.46866],[25.92879,59.46861],[25.92854,59.46838],[25.92811,59.4684],[25.92795,59.46902],[25.9273,59.4691],[25.92678,59.46909],[25.92629,59.46875],[25.9258,59.46898],[25.92551,59.46932],[25.92554,59.46973],[25.9247,59.46929],[25.92358,59.46928],[25.92273,59.47001],[25.92271,59.47016],[25.92316,59.4705],[25.92281,59.4708],[25.92222,59.47091],[25.92193,59.47104]]},"properties":{"fclass":"river","name":"Loobu jõgi"}},
{"type":"Feature","geometry":{"type":"LineString","coordinates":[[25.53639,59.26304],[25.53638,59.26268],[25.53554,59.26227],[25.53518,59.26227],[25.53459,59.26248],[25.53382,59.26227],[25.5334,59.26254],[25.53266,59.2625],[25.53246,59.26261],[25.53237,59.26304],[25.5317,59.26307],[25.53129,59.26354],[25.53108,59.26347],[25.531,59.26315],[25.53054,59.26314],[25.53052,59.26346],[25.52922,59.26384],[25.52863,59.26394],[25.52819,59.26387],[25.52781,59.26351],[25.52715,59.26354],[25.52718,59.26386],[25.52684,59.26391],[25.5263,59.26378],[25.52608,59.26385],[25.52567,59.26445],[25.52509,59.26442],[25.52479,59.26466],[25.52452,59.26464],[25.52462,59.26433],[25.52431,59.26408],[25.52359,59.26411],[25.52309,59.26388],[25.5228,59.26399],[25.52318,59.2642],[25.5231,59.26435],[25.52255,59.26434],[25.52236,59.26481],[25.52195,59.26488],[25.52158,59.26452],[25.52087,59.26438],[25.52018,59.26442],[25.51942,59.26457],[25.51965,59.26491],[25.51932,59.26504],[25.51842,59.26472],[25.51799,59.26483],[25.51777,59.26505],[25.51742,59.26509],[25.51684,59.26531],[25.51645,59.26512],[25.5161,59.2651],[25.51556,59.26544],[25.51473,59.26545],[25.5141,59.26563],[25.51368,59.26562],[25.51308,59.26576],[25.51164,59.26589],[25.51064,59.26555],[25.51031,59.26561],[25.5103,59.26626],[25.51007,59.26657],[25.50911,59.26682],[25.50899,59.26708],[25.50856,59.26752],[25.50846,59.26788],[25.50814,59.26795],[25.50778,59.26768],[25.50768,59.26732],[25.50737,59.26722],[25.50694,59.26738],[25.50684,59.26773],[25.50627,59.26785],[25.50601,59.26779],[25.5057,59.26796],[25.50539,59.2687],[25.50478,59.26859],[25.50424,59.2689],[25.50413,59.26861],[25.50379,59.26852],[25.50316,59.26874],[25.50247,59.26846],[25.50181,59.26842],[25.50163,59.26863],[25.50118,59.26863],[25.50157,59.26831],[25.50148,59.2681],[25.50104,59.26806],[25.50058,59.26826],[25.50003,59.26832],[25.5002,59.26851],[25.49978,59.26874],[25.4993,59.26876],[25.49912,59.26838],[25.49855,59.26819],[25.49819,59.26835],[25.49721,59.2686],[25.49671,59.26859],[25.49663,59.26828],[25.49608,59.26828],[25.49561,59.26843],[25.49585,59.26868],[25.49546,59.26872],[25.49506,59.26859],[25.49496,59.26843],[25.49396,59.26883],[25.4939,59.26903],[25.49331,59.26937],[25.49335,59.26964],[25.49271,59.26958],[25.49264,59.26926],[25.49194,59.26914],[25.49219,59.26898],[25.49189,59.26882],[25.49103,59.26916],[25.49092,59.269],[25.49105,59.26872],[25.49084,59.26866],[25.48999,59.26876],[25.48976,59.26893],[25.48969,59.26919],[25.48901,59.26914],[25.48871,59.2689],[25.48807,59.26862],[25.48713,59.26853],[25.48634,59.26866],[25.48615,59.2685],[25.48625,59.26829],[25.48674,59.26826],[25.48638,59.26776],[25.48621,59.26772],[25.48521,59.26806],[25.48573,59.26834],[25.48541,59.26852],[25.48471,59.26838]]},"properties":{"fclass":"river","name":"Jänijõgi"}},
{"type":"Feature","geometry":{"type":"LineString","coordinates":[[25.56852,59.27322],[25.56813,59.27326],[25.56752,59.27312],[25.56631,59.27322],[25.56615,59.27313],[25.56613,59.27277],[25.56546,59.27275],[25.56492,59.27264],[25.56462,59.2727],[25.56448,59.27291],[25.56409,59.27304],[25.56343,59.27288],[25.56277,59.27288],[25.56287,59.27272],[25.56189,59.2718],[25.56099,59.27134],[25.55992,59.2714],[25.55969,59.2711],[25.55923,59.27085],[25.55923,59.27056],[25.55803,59.27045],[25.55763,59.2703],[25.55727,59.27005],[25.55578,59.26963],[25.55516,59.26906],[25.55446,59.26904],[25.55446,59.26877],[25.5538,59.2688],[25.55264,59.26873],[25.55167,59.26876],[25.55132,59.26863],[25.55054,59.26848],[25.55058,59.26837],[25.55004,59.26795],[25.54969,59.26792],[25.54961,59.26753],[25.54922,59.26734],[25.54841,59.26739],[25.5476,59.26714],[25.54745,59.26683],[25.54683,59.26685],[25.54691,59.26654],[25.54662,59.26627],[25.54623,59.26631],[25.54575,59.26603],[25.54513,59.26626],[25.5448,59.26597],[25.54413,59.26597],[25.54367,59.26573],[25.54278,59.26604],[25.54172,59.26596],[25.54122,59.26584],[25.54042,59.26632],[25.53998,59.26619],[25.53986,59.26598],[25.53982,59.26542],[25.53946,59.2652],[25.53891,59.26503],[25.53819,59.26505],[25.53795,59.26492],[25.53815,59.26456],[25.53859,59.2644],[25.53839,59.26423],[25.5379,59.26414],[25.53841,59.26394],[25.53827,59.26368],[25.53747,59.26366],[25.53708,59.2635],[25.53658,59.26346],[25.53639,59.26304]]},"properties":{"fclass":"river","name":"Jänijõgi"}},
{"type":"Feature","geometry":{"type":"LineString","coordinates":[[25.47118,59.26866],[25.47064,59.2685]]},"properties":{"fclass":"river","name":"Jänijõgi"}},
{"type":"Feature","geometry":{"type":"LineString","coordinates":[[25.2079,59.33014],[25.20548,59.32973],[25.20318,59.32938],[25.20249,59.32916],[25.20103,59.32886],[25.199,59.32899],[25.19596,59.32821],[25.1948,59.32807],[25.19404,59.32805],[25.19142,59.32786],[25.18984,59.3276]]},"properties":{"fclass":"river","name":"Jõelähtme jõgi"}},
{"type":"Feature","geometry":{"type":"LineString","coordinates":[[25.2533,59.31192],[25.25271,59.31244],[25.25191,59.31258],[25.25084,59.31284],[25.24997,59.31319],[25.24701,59.31379],[25.24646,59.31424],[25.24489,59.31507],[25.2439,59.31531]]},"properties":{"fclass":"river","name":"Jõelähtme jõgi"}},
{"type":"Feature","geometry":{"type":"LineString","coordinates":[[26.34371,59.39041],[26.34499,59.39029],[26.34939,59.38983],[26.34967,59.38966],[26.35056,59.38808]]},"properties":{"fclass":"stream","name":"Haljala oja"}},
{"type":"Feature","geometry":{"type":"LineString","coordinates":[[26.47936,59.32265],[26.47988,59.32357],[26.4811,59.32417],[26.48071,59.32433],[26.48037,59.32464],[26.4803,59.32516],[26.47981,59.32665],[26.47965,59.32732],[26.47889,59.32875],[26.47891,59.32937]]},"properties":{"fclass":"river","name":"Sõmeru jõgi"}},
{"type":"Feature","geometry":{"type":"LineString","coordinates":[[26.47891,59.32937],[26.47887,59.33007],[26.47737,59.33116],[26.47614,59.33241],[26.47433,59.33368],[26.47182,59.33537],[26.47123,59.33578],[26.46644,59.33902],[26.46581,59.33941],[26.46548,59.33979],[26.46518,59.34002]]},"properties":{"fclass":"river","name":"Sõmeru jõgi"}},
{"type":"Feature","geometry":{"type":"LineString","coordinates":[[25.3524,59.0792],[25.35329,59.0805],[25.35441,59.08198],[25.35478,59.08211],[25.35982,59.08496],[25.36095,59.08506],[25.36196,59.08627]]},"properties":{"fclass":"stream","name":"Pirita jõgi"}},
{"type":"Feature","geometry":{"type":"LineString","coordinates":[[26.44106,59.36486],[26.44089,59.36507]]},"properties":{"fclass":"river","name":"Sõmeru jõgi"}},
{"type":"Feature","geometry":{"type":"LineString","coordinates":[[26.44085,59.36513],[26.44056,59.36555],[26.44045,59.36612],[26.44012,59.36663],[26.44007,59.36696],[26.43959,59.36773],[26.43919,59.36796],[26.43955,59.36823],[26.43901,59.36855],[26.43835,59.36838],[26.43763,59.36875],[26.43706,59.36888],[26.43703,59.36905],[26.43763,59.36926],[26.43764,59.36937],[26.43687,59.36956],[26.43603,59.36968],[26.43551,59.3699],[26.43481,59.36976],[26.43455,59.36986],[26.43408,59.37047],[26.43326,59.3711],[26.43318,59.37125],[26.4327,59.37151],[26.43327,59.37191],[26.43331,59.3722],[26.432,59.37223],[26.43181,59.37235],[26.43145,59.37286],[26.43123,59.37295],[26.43127,59.37333],[26.43058,59.37348],[26.42969,59.37352],[26.42931,59.37388],[26.42826,59.37434],[26.42782,59.37443],[26.42749,59.37472],[26.42685,59.37506],[26.42626,59.37574],[26.42618,59.37612],[26.42596,59.3763],[26.4253,59.37652],[26.42499,59.37714],[26.42466,59.37743],[26.42346,59.37769],[26.42215,59.37815],[26.42207,59.37837],[26.42226,59.37879],[26.42208,59.37909],[26.42103,59.38018],[26.41917,59.38135],[26.41868,59.38139],[26.41838,59.38155],[26.41849,59.38178],[26.4174,59.38239],[26.41749,59.38278],[26.41732,59.38304],[26.41681,59.38326],[26.41662,59.38347],[26.41644,59.38405],[26.41607,59.38427],[26.41526,59.38457],[26.41491,59.38494],[26.41479,59.38535],[26.41528,59.3855],[26.41531,59.38585],[26.41455,59.38678],[26.41434,59.38691],[26.41347,59.38705]]},"properties":{"fclass":"river","name":"Sõmeru jõgi"}},
{"type":"Feature","geometry":{"type":"LineString","coordinates":[[26.46268,59.39112],[26.46228,59.39333]]},"properties":{"fclass":"river","name":"Toolse jõgi"}},
{"type":"Feature","geometry":{"type":"LineString","coordinates":[[26.4705,59.4633],[26.47021,59.46344],[26.47088,59.46403],[26.47082,59.46427],[26.47053,59.46448],[26.46967,59.46477],[26.46944,59.46507],[26.46949,59.46551],[26.4693,59.46593],[26.46876,59.46631],[26.46887,59.46674]]},"properties":{"fclass":"river","name":"Toolse jõgi"}},
{"type":"Feature","geometry":{"type":"LineString","coordinates":[[26.51005,59.44737],[26.51204,59.44814],[26.51236,59.44837],[26.51259,59.44869],[26.51294,59.44888],[26.51346,59.44896],[26.51385,59.44911],[26.51423,59.44963],[26.51387,59.45003],[26.51385,59.45028],[26.5143,59.45055],[26.51539,59.45085],[26.51639,59.45131],[26.51675,59.45156],[26.51728,59.45221],[26.51786,59.45231],[26.51885,59.45212],[26.52058,59.45215],[26.52129,59.45239],[26.52173,59.45246],[26.52342,59.45239],[26.52378,59.45234]]},"properties":{"fclass":"river","name":"Kunda jõgi"}},
{"type":"Feature","geometry":{"type":"LineString","coordinates":[[25.63773,59.04043],[25.63721,59.03941],[25.63681,59.03914],[25.636,59.039],[25.63517,59.03898],[25.63385,59.03908],[25.63306,59.03925],[25.6327,59.0392],[25.63267,59.03896],[25.63303,59.03832],[25.63315,59.03783],[25.63305,59.03744],[25.63242,59.03677]]},"properties":{"fclass":"river","name":"Jägala jõgi"}},
{"type":"Feature","geometry":{"type":"LineString","coordinates":[[25.6516,59.01198],[25.65056,59.01148],[25.65077,59.01089],[25.6505,59.01064],[25.64994,59.01051],[25.64964,59.01032],[25.64919,59.0103],[25.64913,59.01013],[25.64935,59.00967],[25.64933,59.00931],[25.64903,59.00907],[25.64852,59.00892],[25.6478,59.00884],[25.64721,59.0087],[25.64705,59.00854],[25.64743,59.00812],[25.64758,59.0075],[25.64787,59.00675],[25.64851,59.00616],[25.6491,59.00591],[25.64947,59.00551],[25.65014,59.00515],[25.65018,59.00424],[25.65046,59.00378],[25.65043,59.00359],[25.64999,59.00326],[25.64936,59.003],[25.64794,59.00317],[25.6474,59.00318],[25.64709,59.00307],[25.64726,59.0028],[25.64749,59.00213],[25.64769,59.00194],[25.6485,59.00158],[25.64852,59.00132],[25.64773,59.00091],[25.64656,59.00058],[25.64638,59.00041],[25.64612,58.99957],[25.64579,58.99932],[25.64514,58.99907],[25.64497,58.99877]]},"properties":{"fclass":"river","name":"Pärnu jõgi"}},
{"type":"Feature","geometry":{"type":"LineString","coordinates":[[25.65267,58.99869],[25.65218,58.99881],[25.65124,58.99889],[25.65038,58.99865],[25.64962,58.99858],[25.64877,58.99858],[25.64827,58.99866],[25.64717,58.99865],[25.64497,58.99877]]},"properties":{"fclass":"stream","name":""}},
{"type":"Feature","geometry":{"type":"LineString","coordinates":[[25.61144,59.39562],[25.61015,59.39581],[25.61017,59.39552],[25.60935,59.39546],[25.60871,59.39535],[25.60786,59.39551],[25.60751,59.39567],[25.60734,59.39587],[25.60692,59.39578],[25.60667,59.39542],[25.60589,59.39556],[25.60562,59.39577],[25.6055,59.39609],[25.60511,59.39613],[25.60474,59.39564],[25.60397,59.39532],[25.60337,59.3956],[25.60285,59.39551],[25.60207,59.39567],[25.6017,59.39602],[25.60145,59.396],[25.6015,59.39566],[25.60075,59.3955],[25.60045,59.39575],[25.6002,59.396],[25.59996,59.39611],[25.59926,59.39612],[25.59944,59.39573],[25.59909,59.39554],[25.59875,59.39566],[25.59871,59.39607],[25.59885,59.39623],[25.59868,59.3964],[25.59768,59.39658],[25.597,59.39656],[25.59675,59.39631],[25.59735,59.39624],[25.59734,59.39608],[25.59678,59.39603],[25.59593,59.39574],[25.59545,59.39573],[25.59505,59.39584],[25.59508,59.39621],[25.59476,59.39656],[25.59431,59.39657],[25.59328,59.3964],[25.59158,59.39623],[25.58941,59.3965],[25.58839,59.39687],[25.58716,59.39748],[25.58566,59.39759],[25.58152,59.3978],[25.57924,59.39789],[25.57581,59.39734],[25.57307,59.39683],[25.56988,59.39671],[25.56658,59.39635],[25.56495,59.39557],[25.56374,59.39477],[25.56133,59.39446],[25.55931,59.39453],[25.55805,59.39445],[25.55632,59.39386],[25.55478,59.39291],[25.55315,59.39207],[25.54972,59.39143],[25.54508,59.39094],[25.54013,59.39072],[25.5354,59.39094],[25.52929,59.39059],[25.52413,59.3896],[25.51724,59.38748],[25.51296,59.38494],[25.50527,59.38329],[25.49855,59.38381],[25.49101,59.38564],[25.48717,59.38671],[25.48147,59.38702],[25.47753,59.38684],[25.4726,59.38595],[25.47009,59.38516]]},"properties":{"fclass":"river","name":"Soodla jõgi"}},
{"type":"Feature","geometry":{"type":"LineString","coordinates":[[25.66799,59.39361],[25.66827,59.39335],[25.66818,59.39318],[25.66754,59.3933],[25.66631,59.39324],[25.66591,59.39341],[25.66563,59.39369],[25.66516,59.39367],[25.66497,59.39378]]},"properties":{"fclass":"river","name":"Soodla jõgi"}},
{"type":"Feature","geometry":{"type":"LineString","coordinates":[[25.69386,59.36549],[25.6941,59.36522],[25.6946,59.36519],[25.69518,59.36527],[25.69503,59.36569],[25.69541,59.36595],[25.6958,59.36602],[25.69596,59.36625],[25.69582,59.36673],[25.69589,59.36702],[25.69524,59.36705]]},"properties":{"fclass":"river","name":"Soodla jõgi"}},
{"type":"Feature","geometry":{"type":"LineString","coordinates":[[25.70559,59.35416],[25.70566,59.35443],[25.70533,59.35478],[25.70564,59.35504],[25.7053,59.3553],[25.70482,59.35516],[25.70414,59.35528],[25.70375,59.35546]]},"properties":{"fclass":"river","name":"Soodla jõgi"}},
{"type":"Feature","geometry":{"type":"LineString","coordinates":[[25.7484,59.3346],[25.74873,59.33486],[25.74937,59.33506],[25.74909,59.33537],[25.74912,59.33578],[25.74852,59.33611],[25.74761,59.33611],[25.74766,59.33639],[25.74705,59.33658],[25.74654,59.33653],[25.74628,59.33681]]},"properties":{"fclass":"river","name":"Soodla jõgi"}},
{"type":"Feature","geometry":{"type":"LineString","coordinates":[[25.74873,59.33486],[25.74873,59.33501],[25.74838,59.33519],[25.74702,59.33533],[25.7467,59.33546],[25.74675,59.33563],[25.74626,59.33613]]},"properties":{"fclass":"river","name":"Soodla jõgi"}},
{"type":"Feature","geometry":{"type":"LineString","coordinates":[[25.76058,59.32745],[25.76046,59.32771],[25.75996,59.32777],[25.7598,59.32792],[25.7603,59.32804],[25.76075,59.32798],[25.76087,59.32812],[25.76083,59.32851],[25.76067,59.32866],[25.76092,59.32891],[25.76065,59.32916],[25.76101,59.32945],[25.76065,59.32963],[25.76079,59.32989],[25.76063,59.33001],[25.75994,59.33],[25.75999,59.33048],[25.75976,59.33063],[25.75974,59.33103],[25.75952,59.33126],[25.75982,59.33164],[25.75936,59.33186],[25.7584,59.33174],[25.75824,59.33199],[25.75767,59.33201],[25.75747,59.3319],[25.757,59.33207],[25.75651,59.33206],[25.75579,59.33178]]},"properties":{"fclass":"river","name":"Soodla jõgi"}},
{"type":"Feature","geometry":{"type":"LineString","coordinates":[[25.84368,59.24555],[25.84308,59.24605],[25.84362,59.24736],[25.84391,59.24879],[25.84447,59.24903],[25.84473,59.24938],[25.84553,59.24996],[25.84686,59.25102],[25.84812,59.25168],[25.85005,59.25333],[25.85057,59.25357],[25.85111,59.2541],[25.85168,59.25439],[25.85178,59.25458],[25.85137,59.25652]]},"properties":{"fclass":"river","name":"Soodla jõgi"}},
{"type":"Feature","geometry":{"type":"LineString","coordinates":[[26.51913,59.34703],[26.51937,59.34732],[26.52524,59.34852]]},"properties":{"fclass":"stream","name":"Vaeküla oja"}},
{"type":"Feature","geometry":{"type":"LineString","coordinates":[[25.95299,59.44788],[25.95236,59.44873],[25.95168,59.44912],[25.95131,59.44943],[25.95128,59.44966],[25.95151,59.44993],[25.95146,59.45021],[25.95109,59.45059],[25.95076,59.45137],[25.95068,59.45169],[25.95018,59.45214],[25.94938,59.45276],[25.9495,59.45315],[25.95025,59.45349],[25.95066,59.45384],[25.95087,59.45421],[25.95125,59.45454],[25.95129,59.45474],[25.9509,59.45509],[25.94996,59.45494],[25.94971,59.45499],[25.94967,59.45563],[25.95038,59.45623],[25.95089,59.45716],[25.95072,59.45742],[25.95005,59.45751],[25.94959,59.45742],[25.94931,59.4576],[25.94951,59.45778],[25.95001,59.4578],[25.95075,59.458],[25.95078,59.45813],[25.94978,59.45827],[25.94884,59.45824],[25.94873,59.45857],[25.94882,59.45937],[25.94823,59.45955],[25.94742,59.45962],[25.94727,59.45983],[25.94779,59.45999],[25.94818,59.46027],[25.94806,59.46049],[25.94751,59.46064],[25.94731,59.46082],[25.94748,59.46095],[25.94806,59.46101],[25.94873,59.4612],[25.94871,59.46148],[25.94777,59.46173],[25.94721,59.46171],[25.94693,59.46184],[25.94713,59.46203],[25.94765,59.46217],[25.94721,59.4623],[25.94637,59.46227],[25.94578,59.46203],[25.94543,59.46223],[25.94566,59.4628],[25.94591,59.46319]]},"properties":{"fclass":"river","name":"Loobu jõgi"}},
{"type":"Feature","geometry":{"type":"LineString","coordinates":[[25.36217,59.10505],[25.35986,59.1051],[25.35913,59.10504],[25.35813,59.10476],[25.35533,59.10404],[25.35466,59.1039],[25.35392,59.10392],[25.35313,59.10402],[25.35184,59.10431],[25.35104,59.10462],[25.34998,59.10509],[25.34969,59.10535],[25.34887,59.10626],[25.34762,59.10756],[25.34646,59.10892],[25.34125,59.11033],[25.336,59.11176]]},"properties":{"fclass":"river","name":"Pirita jõgi"}},
{"type":"Feature","geometry":{"type":"LineString","coordinates":[[25.36196,59.08627],[25.36291,59.08739],[25.36303,59.08776],[25.36291,59.08805],[25.36255,59.08829],[25.36253,59.08866],[25.36234,59.08894],[25.36268,59.08931],[25.36328,59.08955],[25.3633,59.08998],[25.36353,59.09037],[25.3643,59.09061],[25.36451,59.09074],[25.36475,59.09145],[25.36471,59.09183],[25.36431,59.09246],[25.36415,59.09305],[25.36371,59.09345],[25.36384,59.0938],[25.36352,59.09429],[25.36351,59.09484]]},"properties":{"fclass":"stream","name":"Pirita jõgi"}},
{"type":"Feature","geometry":{"type":"LineString","coordinates":[[25.62901,58.9973],[25.62801,58.99727],[25.62789,58.99743],[25.62798,58.9979],[25.62737,58.99814],[25.62572,58.99836],[25.62473,58.99877],[25.62422,58.99881],[25.62359,58.99874],[25.62361,58.99853],[25.62398,58.99828],[25.62396,58.998],[25.62446,58.99751],[25.62445,58.99714],[25.6241,58.99691],[25.62438,58.99679],[25.62434,58.99639],[25.62413,58.99594],[25.62388,58.99578],[25.62366,58.99539],[25.6236,58.995],[25.62343,58.99468],[25.62356,58.99414],[25.62312,58.99353],[25.62317,58.99319],[25.62384,58.99263],[25.62463,58.99237],[25.6259,58.99209],[25.62644,58.99186],[25.62721,58.99163],[25.62762,58.99131],[25.62802,58.99111],[25.62853,58.991],[25.62909,58.99071],[25.62973,58.9901],[25.62986,58.98959],[25.63091,58.98888],[25.6315,58.98812],[25.63194,58.98718],[25.6323,58.98679],[25.6323,58.98638]]},"properties":{"fclass":"river","name":"Pärnu jõgi"}},
{"type":"Feature","geometry":{"type":"LineString","coordinates":[[25.6323,58.98638],[25.63227,58.98607],[25.63202,58.98564],[25.63219,58.98536],[25.633,58.98498],[25.63268,58.98453],[25.63234,58.98429],[25.63131,58.98377],[25.63139,58.98354],[25.63135,58.98274],[25.63157,58.98222],[25.6317,58.98154],[25.63189,58.98123],[25.63185,58.98088],[25.63144,58.97996],[25.63138,58.97963],[25.63163,58.97915],[25.63164,58.9789],[25.63109,58.97855],[25.6309,58.97826],[25.63107,58.9779],[25.63215,58.9768],[25.63269,58.97648],[25.63277,58.976],[25.63323,58.97563],[25.63307,58.97527],[25.63315,58.97509],[25.63306,58.97471],[25.63324,58.97449],[25.63401,58.97429],[25.63432,58.9741],[25.63435,58.97376],[25.63466,58.97334],[25.63479,58.973],[25.6355,58.97273],[25.63548,58.97255]]},"properties":{"fclass":"river","name":"Pärnu jõgi"}},
{"type":"Feature","geometry":{"type":"LineString","coordinates":[[25.64497,58.99877],[25.645,58.99848],[25.6447,58.99805],[25.6442,58.99767],[25.64332,58.9974],[25.64314,58.99729],[25.64296,58.9968],[25.64274,58.99666],[25.64182,58.99665],[25.64128,58.9966],[25.64096,58.99648],[25.64028,58.99647],[25.63966,58.99625],[25.63931,58.99602],[25.6387,58.99605],[25.63825,58.99638],[25.63725,58.99627],[25.63682,58.99609],[25.63583,58.99581],[25.63462,58.99597],[25.63358,58.9962],[25.63279,58.99596],[25.63223,58.99587],[25.63177,58.99619],[25.63127,58.99635],[25.63133,58.99694],[25.63125,58.99718],[25.62989,58.99719],[25.62901,58.9973]]},"properties":{"fclass":"river","name":"Pärnu jõgi"}},
{"type":"Feature","geometry":{"type":"LineString","coordinates":[[25.34538,59.33662],[25.34571,59.33689],[25.34626,59.33759],[25.34633,59.33811],[25.34598,59.33854],[25.34498,59.33933],[25.34352,59.3402],[25.34276,59.3408],[25.34217,59.34139],[25.34163,59.34198],[25.3412,59.3428],[25.34106,59.34329],[25.34077,59.34378],[25.34002,59.34448],[25.3391,59.34601],[25.33853,59.34682]]},"properties":{"fclass":"river","name":"Jägala jõgi"}},
{"type":"Feature","geometry":{"type":"LineString","coordinates":[[25.60309,59.04039],[25.60238,59.04046],[25.60201,59.04065],[25.60148,59.04109],[25.60144,59.04169],[25.60113,59.04188],[25.60045,59.04155],[25.59959,59.04183],[25.59984,59.04272],[25.59969,59.04303],[25.59941,59.04307],[25.59813,59.04293],[25.59717,59.04296],[25.59613,59.04268],[25.59568,59.04282],[25.59492,59.04338]]},"properties":{"fclass":"river","name":"Jägala jõgi"}},
{"type":"Feature","geometry":{"type":"LineString","coordinates":[[25.59492,59.04338],[25.59412,59.04329],[25.59379,59.04308],[25.59286,59.04274],[25.59235,59.04271],[25.59088,59.04247],[25.59075,59.0424],[25.59071,59.04198],[25.59042,59.04182],[25.58993,59.04191],[25.5888,59.04231],[25.58852,59.04229],[25.58781,59.04185],[25.58744,59.04176],[25.58703,59.04181],[25.58656,59.04201],[25.58615,59.04208],[25.58563,59.04241],[25.58556,59.0426]]},"properties":{"fclass":"river","name":"Jägala jõgi"}},
{"type":"Feature","geometry":{"type":"LineString","coordinates":[[25.23053,59.18355],[25.22947,59.18344],[25.22799,59.18285]]},"properties":{"fclass":"river","name":"Pirita jõgi"}},
{"type":"Feature","geometry":{"type":"LineString","coordinates":[[25.98733,59.26787],[25.98595,59.26806],[25.98567,59.26803],[25.98518,59.26779],[25.98451,59.26788],[25.98377,59.2677],[25.98309,59.26793],[25.98213,59.2686],[25.98149,59.26886],[25.98066,59.26886],[25.98034,59.26877],[25.97929,59.26886]]},"properties":{"fclass":"river","name":"Valgejõgi"}},
{"type":"Feature","geometry":{"type":"LineString","coordinates":[[26.45534,59.40963],[26.45349,59.41117],[26.45086,59.4133],[26.45081,59.41336]]},"properties":{"fclass":"river","name":"Toolse jõgi"}},
{"type":"Feature","geometry":{"type":"LineString","coordinates":[[26.18566,59.04816],[26.18603,59.04797],[26.18672,59.04801],[26.18691,59.04787],[26.18633,59.04764],[26.18667,59.04728],[26.18745,59.04721],[26.18707,59.04701],[26.18711,59.04673],[26.18756,59.04652],[26.18718,59.0464],[26.18736,59.04612],[26.18779,59.04597],[26.18759,59.04578],[26.18697,59.04575],[26.1868,59.04562],[26.18737,59.04523],[26.18789,59.04505],[26.18817,59.04478],[26.18874,59.04465],[26.18886,59.04423],[26.18835,59.0439],[26.1883,59.04364],[26.18984,59.04373],[26.18985,59.04356],[26.18945,59.04323],[26.18943,59.04304],[26.19007,59.04317],[26.19047,59.04315],[26.19065,59.04292],[26.1904,59.04277],[26.18989,59.04269],[26.19036,59.04242],[26.19075,59.04208],[26.19146,59.0424],[26.19166,59.04221],[26.19143,59.04202],[26.19097,59.04196],[26.19087,59.04172],[26.19152,59.04124],[26.19052,59.04087],[26.19111,59.04077],[26.19109,59.03997],[26.19061,59.0391],[26.19039,59.03892],[26.18975,59.03892],[26.18923,59.03868],[26.18908,59.03852],[26.18941,59.03826],[26.18906,59.03812],[26.18854,59.03821],[26.18813,59.03795],[26.1879,59.03717],[26.18729,59.03683],[26.1866,59.03602],[26.18593,59.03588],[26.18577,59.03573],[26.18569,59.03519],[26.18514,59.03509],[26.18507,59.03477],[26.1846,59.03463],[26.18472,59.03425],[26.18387,59.03425],[26.18413,59.03389],[26.18335,59.03389],[26.1835,59.03336],[26.18323,59.03308],[26.18323,59.03282],[26.18219,59.03271],[26.18207,59.03252],[26.18274,59.03235],[26.18251,59.03208],[26.18333,59.03173],[26.18335,59.03161],[26.18273,59.0314],[26.18303,59.03111],[26.18242,59.03104],[26.18238,59.03092],[26.18179,59.03081],[26.18126,59.03119],[26.18097,59.03088],[26.18135,59.03051],[26.18198,59.03061],[26.1829,59.03035],[26.18311,59.03],[26.18263,59.02984],[26.18198,59.02978],[26.18215,59.02955],[26.18275,59.02918],[26.18376,59.02912],[26.18416,59.0292],[26.18454,59.02896],[26.18572,59.02902],[26.18591,59.02919],[26.18554,59.02937],[26.18585,59.02949],[26.18654,59.02935],[26.18673,59.02924],[26.1867,59.02898],[26.18635,59.02863],[26.1868,59.02846],[26.18743,59.02865],[26.18821,59.02861],[26.18867,59.02828],[26.18855,59.02811],[26.18754,59.0277],[26.18749,59.02745],[26.18838,59.0271],[26.18931,59.02665],[26.19048,59.02642],[26.19089,59.02627],[26.19117,59.02603],[26.19096,59.02578],[26.19033,59.02527],[26.19074,59.025],[26.19146,59.02502],[26.1921,59.02476],[26.19178,59.0244]]},"properties":{"fclass":"river","name":"Põltsamaa jõgi"}},
{"type":"Feature","geometry":{"type":"LineString","coordinates":[[26.19178,59.0244],[26.19158,59.02404],[26.19052,59.02347],[26.19052,59.0232],[26.19126,59.02285],[26.19194,59.02245],[26.19218,59.02223]]},"properties":{"fclass":"river","name":"Põltsamaa jõgi"}},
{"type":"Feature","geometry":{"type":"LineString","coordinates":[[26.17709,59.0587],[26.17728,59.05853],[26.17739,59.05811],[26.17714,59.05798],[26.17715,59.0576],[26.17757,59.0574],[26.17714,59.05682],[26.17754,59.05664],[26.17791,59.0566],[26.17829,59.05619],[26.17891,59.05612],[26.17919,59.05582],[26.18,59.05544],[26.1805,59.05481],[26.18034,59.0543],[26.17985,59.05334],[26.1805,59.05301],[26.18116,59.05306],[26.18155,59.05279],[26.18149,59.05267],[26.18073,59.05231],[26.18029,59.05239],[26.17997,59.05223],[26.18018,59.05203],[26.18117,59.05189],[26.18051,59.05162],[26.18089,59.0511],[26.18131,59.05119],[26.18203,59.05148],[26.18239,59.0513],[26.18225,59.0507],[26.18258,59.05032],[26.18295,59.05086],[26.18348,59.05089],[26.18393,59.05061],[26.18406,59.05041],[26.18353,59.05036],[26.18384,59.05016],[26.18406,59.04977],[26.18459,59.04951],[26.18462,59.04876],[26.1843,59.04832],[26.1847,59.04818],[26.18508,59.04839],[26.18566,59.04816]]},"properties":{"fclass":"river","name":"Põltsamaa jõgi"}},
{"type":"Feature","geometry":{"type":"LineString","coordinates":[[25.66408,59.45318],[25.66195,59.45389],[25.66197,59.45403],[25.66289,59.45471],[25.66435,59.45571],[25.66574,59.45687],[25.66672,59.4578],[25.67103,59.46002],[25.67113,59.46054],[25.67032,59.46198],[25.67028,59.46244],[25.67065,59.46274]]},"properties":{"fclass":"stream","name":"Pudisoo jõgi"}},
{"type":"Feature","geometry":{"type":"LineString","coordinates":[[26.27516,59.43539],[26.27536,59.43494],[26.27754,59.43307]]},"properties":{"fclass":"stream","name":"Haljala oja"}},
{"type":"Feature","geometry":{"type":"LineString","coordinates":[[26.36277,59.38219],[26.36311,59.38206],[26.36351,59.3821],[26.36388,59.38238],[26.36484,59.38259],[26.3653,59.3826],[26.36553,59.38237],[26.36571,59.3819],[26.36595,59.38185],[26.36708,59.38204],[26.36762,59.38222],[26.36872,59.38237],[26.3696,59.3826],[26.37036,59.38249],[26.37064,59.38263],[26.37088,59.38291],[26.37136,59.383]]},"properties":{"fclass":"river","name":"Selja jõgi"}},
{"type":"Feature","geometry":{"type":"LineString","coordinates":[[25.7932,59.35856],[25.79361,59.35892],[25.79289,59.35903],[25.79224,59.3592],[25.79223,59.36018],[25.79249,59.3604],[25.79275,59.36081],[25.79237,59.36094],[25.79156,59.36093],[25.7912,59.36127],[25.79119,59.36174],[25.79066,59.36201],[25.79028,59.36205],[25.78961,59.36227],[25.78886,59.36272],[25.7888,59.36309],[25.78907,59.36362],[25.78893,59.36379],[25.7883,59.36401],[25.78769,59.36373],[25.78713,59.36374],[25.78684,59.36409],[25.78745,59.36493],[25.78823,59.36506],[25.7882,59.36534],[25.78787,59.36568],[25.78708,59.36578],[25.78629,59.36553],[25.7859,59.36579],[25.78568,59.36621],[25.78585,59.36651]]},"properties":{"fclass":"river","name":"Valgejõgi"}},
{"type":"Feature","geometry":{"type":"LineString","coordinates":[[26.02831,59.25452],[26.02661,59.2543],[26.02546,59.2544],[26.02399,59.25447],[26.02308,59.25461]]},"properties":{"fclass":"river","name":"Valgejõgi"}},
{"type":"Feature","geometry":{"type":"LineString","coordinates":[[26.36263,59.38362],[26.36271,59.38352],[26.36216,59.38258],[26.36277,59.38219]]},"properties":{"fclass":"river","name":"Selja jõgi"}},
{"type":"Feature","geometry":{"type":"LineString","coordinates":[[26.1472,59.20915],[26.14685,59.2093],[26.14419,59.21011],[26.13839,59.21182],[26.13673,59.21234],[26.13636,59.2126]]},"properties":{"fclass":"river","name":"Valgejõgi"}},
{"type":"Feature","geometry":{"type":"LineString","coordinates":[[25.74483,59.39061],[25.74465,59.39036],[25.74411,59.39036],[25.74376,59.39052],[25.74355,59.39106],[25.74329,59.39127],[25.74311,59.39132],[25.74295,59.39187],[25.74218,59.39189],[25.74196,59.39246],[25.74238,59.39267],[25.74226,59.39292],[25.74186,59.39311]]},"properties":{"fclass":"river","name":"Valgejõgi"}},
{"type":"Feature","geometry":{"type":"LineString","coordinates":[[26.00413,59.25984],[26.00351,59.26018],[26.00338,59.26037],[26.00279,59.26066],[26.0022,59.26067],[26.00211,59.26104],[26.0023,59.26132]]},"properties":{"fclass":"river","name":"Valgejõgi"}},
{"type":"Feature","geometry":{"type":"LineString","coordinates":[[25.97929,59.26886],[25.97846,59.26936],[25.97708,59.26975],[25.97655,59.26971],[25.97491,59.27016],[25.97398,59.27049],[25.9732,59.27085],[25.97216,59.2708],[25.97179,59.27092],[25.97066,59.27149],[25.97032,59.27192],[25.96967,59.2718],[25.96919,59.27183],[25.96867,59.27225]]},"properties":{"fclass":"river","name":"Valgejõgi"}},
{"type":"Feature","geometry":{"type":"LineString","coordinates":[[25.32676,59.13165],[25.32516,59.13649],[25.32492,59.13956],[25.32499,59.13986],[25.32653,59.14129],[25.327,59.14149],[25.32706,59.14185]]},"properties":{"fclass":"river","name":"Pirita jõgi"}},
{"type":"Feature","geometry":{"type":"LineString","coordinates":[[26.45081,59.41336],[26.45271,59.41535]]},"properties":{"fclass":"river","name":"Toolse jõgi"}},
{"type":"Feature","geometry":{"type":"LineString","coordinates":[[26.34285,59.34787],[26.34288,59.34803],[26.3426,59.3483],[26.34209,59.34899],[26.34164,59.34933],[26.34143,59.34987]]},"properties":{"fclass":"stream","name":"Tobia pkr"}},
{"type":"Feature","geometry":{"type":"LineString","coordinates":[[26.34048,59.34676],[26.34131,59.34715],[26.34171,59.34741],[26.34285,59.34787]]},"properties":{"fclass":"stream","name":""}},
{"type":"Feature","geometry":{"type":"LineString","coordinates":[[26.34143,59.34987],[26.34107,59.35024],[26.34142,59.35048],[26.34198,59.35071],[26.34218,59.351]]},"properties":{"fclass":"stream","name":""}},
{"type":"Feature","geometry":{"type":"LineString","coordinates":[[25.74564,59.40988],[25.74501,59.41067],[25.74526,59.41092],[25.74614,59.41128],[25.74618,59.41164],[25.74594,59.41186],[25.74557,59.41198],[25.74457,59.41214],[25.74422,59.41227],[25.74413,59.41245],[25.74445,59.41266],[25.74579,59.4129],[25.74619,59.41301],[25.7462,59.41325],[25.74596,59.41348],[25.74467,59.41369],[25.74433,59.414],[25.74452,59.41419],[25.74549,59.41415],[25.74585,59.41428],[25.74568,59.41494],[25.74539,59.41524],[25.74478,59.41535],[25.74445,59.41527],[25.74398,59.41536],[25.74387,59.4155],[25.74412,59.41569],[25.7448,59.41593],[25.74551,59.41609],[25.7459,59.41606],[25.74654,59.41569],[25.74717,59.41589],[25.74667,59.41636],[25.74632,59.41681],[25.74654,59.41701],[25.7479,59.4173],[25.74797,59.4175],[25.7473,59.41814],[25.74686,59.41842],[25.74678,59.41869],[25.74733,59.41902],[25.74768,59.41946],[25.74767,59.41995],[25.7482,59.42031],[25.74978,59.42097],[25.74972,59.42168],[25.75034,59.42192],[25.75027,59.42239],[25.74988,59.42258],[25.74988,59.4228],[25.75012,59.42296],[25.75109,59.42316],[25.75148,59.42344],[25.75263,59.42384],[25.75283,59.42408],[25.75409,59.42421],[25.75436,59.42457],[25.7542,59.42472],[25.75339,59.42496],[25.75329,59.42521],[25.75413,59.42532],[25.75478,59.42548],[25.75527,59.42593],[25.75467,59.42643],[25.75439,59.42683],[25.75457,59.42722],[25.75534,59.4274],[25.75631,59.4273],[25.75698,59.42748],[25.75754,59.42791],[25.75775,59.42822],[25.75855,59.42862],[25.7593,59.42882],[25.75952,59.42949],[25.75992,59.42979],[25.76052,59.43005],[25.76166,59.4303],[25.76242,59.43041],[25.76315,59.43058],[25.76279,59.43079],[25.76193,59.43084],[25.76134,59.43093],[25.76078,59.43094],[25.76031,59.43087],[25.76022,59.43116],[25.76108,59.4313],[25.76176,59.4312],[25.76203,59.43106],[25.76243,59.43111],[25.76277,59.4317],[25.76255,59.4319],[25.76137,59.43203],[25.76072,59.43252],[25.76058,59.43272],[25.76075,59.43382],[25.76062,59.43401],[25.7599,59.43402],[25.75922,59.43386],[25.75896,59.43393],[25.75843,59.43386],[25.75814,59.43395],[25.75806,59.43417],[25.75831,59.43452],[25.75925,59.43486],[25.75924,59.43527],[25.75992,59.43545],[25.75916,59.43575],[25.75905,59.43607],[25.75917,59.43624],[25.76023,59.43695],[25.76028,59.43727],[25.76014,59.43744],[25.75972,59.43751],[25.7585,59.43735],[25.75828,59.43743],[25.75767,59.43833],[25.75777,59.43873],[25.75817,59.43901],[25.75826,59.43945],[25.75854,59.43964]]},"properties":{"fclass":"river","name":"Valgejõgi"}},
{"type":"Feature","geometry":{"type":"LineString","coordinates":[[25.74212,59.39412],[25.74187,59.3945],[25.7414,59.39464],[25.74116,59.39498],[25.7417,59.39521],[25.74149,59.3957],[25.74162,59.39583],[25.74141,59.39622],[25.74167,59.39643],[25.74131,59.39667],[25.74117,59.397],[25.74148,59.39731],[25.74138,59.39756],[25.74143,59.39798],[25.7412,59.3984],[25.7404,59.3987],[25.74032,59.39916],[25.74073,59.3994],[25.741,59.39944],[25.74149,59.39931],[25.74207,59.3995],[25.74238,59.39985],[25.7424,59.40019],[25.74246,59.40081],[25.7421,59.40099],[25.74208,59.40163],[25.74182,59.40193],[25.74187,59.40222],[25.74221,59.40237],[25.74275,59.40253],[25.74254,59.40287],[25.74206,59.40308],[25.74219,59.40329],[25.74263,59.40327],[25.7428,59.40342],[25.74245,59.40357],[25.74229,59.40407],[25.74271,59.40428],[25.74323,59.40432],[25.7432,59.40466],[25.74266,59.40524],[25.74304,59.40565],[25.74285,59.40608],[25.74343,59.40641],[25.74415,59.40637],[25.7445,59.40615],[25.74497,59.4064],[25.7451,59.40696],[25.74465,59.40729],[25.7438,59.40708],[25.74382,59.40737],[25.74474,59.4076],[25.74525,59.40797],[25.74535,59.40817],[25.74508,59.40843],[25.74492,59.40898],[25.7452,59.40912],[25.74521,59.40943],[25.74546,59.40951],[25.74564,59.40988]]},"properties":{"fclass":"river","name":"Valgejõgi"}},
{"type":"Feature","geometry":{"type":"LineString","coordinates":[[25.74221,59.40237],[25.74153,59.40242],[25.74121,59.40289],[25.74122,59.4033],[25.74097,59.40347],[25.74161,59.40393],[25.74229,59.40407]]},"properties":{"fclass":"river","name":"Valgejõgi"}},
{"type":"Feature","geometry":{"type":"LineString","coordinates":[[26.3815,59.43415],[26.38169,59.4347],[26.38153,59.43535],[26.38157,59.43585],[26.38143,59.43606],[26.38054,59.43688],[26.37944,59.43802],[26.37941,59.43827],[26.37919,59.43844],[26.37883,59.43848],[26.37815,59.43841],[26.37773,59.43849],[26.37736,59.43884],[26.37752,59.43967],[26.37812,59.44047],[26.3779,59.44071],[26.37659,59.44081],[26.37607,59.44093],[26.37601,59.44109],[26.37629,59.44154],[26.37742,59.44248],[26.37751,59.44285],[26.37731,59.44318],[26.37674,59.44354],[26.37555,59.44371],[26.37527,59.44387],[26.37513,59.44449],[26.37482,59.44464],[26.37387,59.44473],[26.37266,59.44517],[26.37211,59.44542],[26.37143,59.44649],[26.37129,59.44682],[26.37093,59.44709],[26.37012,59.44741],[26.36797,59.44796],[26.36715,59.44849],[26.36735,59.44876],[26.36823,59.44901],[26.3683,59.44937],[26.36807,59.44983],[26.36753,59.45007],[26.36666,59.45033],[26.36568,59.45077]]},"properties":{"fclass":"river","name":"Selja jõgi"}},
{"type":"Feature","geometry":{"type":"LineString","coordinates":[[25.21556,59.42608],[25.21527,59.42633],[25.21487,59.42639],[25.20805,59.42695]]},"properties":{"fclass":"canal","name":""}},
{"type":"Feature","geometry":{"type":"LineString","coordinates":[[25.33724,59.20082],[25.33696,59.20095],[25.33701,59.2013],[25.33653,59.20156],[25.33598,59.20241],[25.33597,59.20272],[25.33651,59.20304],[25.33733,59.20304],[25.33776,59.20311],[25.3383,59.20335],[25.33967,59.20373]]},"properties":{"fclass":"river","name":"Jõelähtme jõgi"}},
{"type":"Feature","geometry":{"type":"LineString","coordinates":[[25.18658,59.45055],[25.18493,59.45139],[25.18317,59.45252]]},"properties":{"fclass":"canal","name":"Jägala hüdroelektrijaama derivatsioonikanal"}},
{"type":"Feature","geometry":{"type":"LineString","coordinates":[[25.21305,59.42567],[25.21294,59.42551],[25.21296,59.42495],[25.21279,59.42484],[25.21231,59.42454],[25.2119,59.42418],[25.21139,59.424],[25.21005,59.42371],[25.20962,59.42369]]},"properties":{"fclass":"river","name":"Jägala jõgi"}},
{"type":"Feature","geometry":{"type":"LineString","coordinates":[[25.20687,59.42539],[25.20586,59.42559],[25.20538,59.4259],[25.20462,59.42662],[25.20402,59.42713],[25.20289,59.42748]]},"properties":{"fclass":"river","name":"Jägala jõgi"}},
{"type":"Feature","geometry":{"type":"LineString","coordinates":[[25.23996,59.41721],[25.23938,59.41775],[25.23947,59.41813],[25.24053,59.4188]]},"properties":{"fclass":"river","name":"Jägala jõgi"}},
{"type":"Feature","geometry":{"type":"LineString","coordinates":[[26.16879,59.31044],[26.16874,59.31059],[26.16846,59.31085],[26.16884,59.31126],[26.16878,59.31156],[26.16847,59.31189],[26.1679,59.312],[26.1676,59.31214],[26.16647,59.31243],[26.16609,59.31229]]},"properties":{"fclass":"river","name":"Loobu jõgi"}},
{"type":"Feature","geometry":{"type":"LineString","coordinates":[[26.13054,59.33688],[26.1305,59.33774],[26.13019,59.33794],[26.12989,59.33794],[26.12908,59.33812],[26.12941,59.33836],[26.12912,59.33858],[26.12953,59.3389],[26.12924,59.33899],[26.12845,59.33872],[26.12822,59.33902],[26.12792,59.33986],[26.12764,59.33999],[26.12598,59.34056],[26.12601,59.34105],[26.12553,59.34115],[26.12542,59.34129],[26.1249,59.34142],[26.12392,59.34192],[26.12342,59.34205],[26.12305,59.34232],[26.1222,59.34231],[26.12183,59.34241],[26.12208,59.34283],[26.12198,59.34308],[26.12175,59.34318]]},"properties":{"fclass":"river","name":"Loobu jõgi"}},
{"type":"Feature","geometry":{"type":"LineString","coordinates":[[26.18271,59.28927],[26.1822,59.28963],[26.1824,59.28981]]},"properties":{"fclass":"river","name":"Loobu jõgi"}},
{"type":"Feature","geometry":{"type":"LineString","coordinates":[[25.79259,59.30876],[25.7923,59.30852],[25.79149,59.30827],[25.79045,59.30841],[25.7894,59.3082],[25.78864,59.30825],[25.78747,59.30891],[25.7864,59.3093],[25.78564,59.30978],[25.78576,59.31039],[25.78558,59.31077],[25.78497,59.31101],[25.78478,59.31116],[25.78441,59.31184],[25.78394,59.31207],[25.78398,59.31222],[25.78468,59.31261],[25.78497,59.31264],[25.78464,59.313],[25.78426,59.31318],[25.78372,59.31288],[25.78333,59.31288],[25.7835,59.31352],[25.78298,59.31363],[25.78259,59.3139],[25.78252,59.31412],[25.78209,59.31433],[25.78249,59.31452],[25.78243,59.31481],[25.78183,59.31506],[25.78181,59.31534],[25.78115,59.31568],[25.78081,59.31567],[25.78057,59.31604],[25.78108,59.31634],[25.78043,59.31649],[25.78004,59.31681],[25.78001,59.31699],[25.7792,59.317],[25.7793,59.31724],[25.77903,59.31745],[25.77834,59.31769],[25.77758,59.31746],[25.7771,59.31752],[25.77688,59.31766],[25.7769,59.31795],[25.77649,59.31804],[25.77663,59.31832],[25.7761,59.31835],[25.77657,59.31879],[25.77629,59.31894],[25.77555,59.31888],[25.77543,59.31901],[25.77643,59.31957],[25.77601,59.3198],[25.77571,59.3198],[25.7753,59.3196],[25.7749,59.31963],[25.77452,59.32007],[25.77419,59.31994],[25.77346,59.31991],[25.77352,59.32039],[25.77316,59.32044],[25.77249,59.32033],[25.77217,59.32058],[25.77187,59.32062],[25.77152,59.3204],[25.77115,59.32045],[25.77096,59.32066],[25.77128,59.3209],[25.77091,59.32117],[25.77011,59.32113],[25.77033,59.3208],[25.76984,59.32085],[25.76951,59.3211],[25.76919,59.32116],[25.76848,59.3211],[25.76847,59.32127],[25.76886,59.32146],[25.76798,59.3216],[25.76759,59.32139],[25.76738,59.32144],[25.76733,59.32173],[25.76643,59.3216],[25.76614,59.32144],[25.76553,59.3216]]},"properties":{"fclass":"river","name":"Soodla jõgi"}},
{"type":"Feature","geometry":{"type":"LineString","coordinates":[[26.19134,59.07893],[26.19191,59.07866]]},"properties":{"fclass":"canal","name":""}},
{"type":"Feature","geometry":{"type":"LineString","coordinates":[[26.18983,59.07886],[26.19134,59.07893],[26.19285,59.079]]},"properties":{"fclass":"canal","name":""}},
{"type":"Feature","geometry":{"type":"LineString","coordinates":[[26.1921,59.07804],[26.19217,59.0777],[26.19237,59.07756],[26.19267,59.07708],[26.19246,59.07687],[26.19198,59.07649],[26.19142,59.07616],[26.19129,59.07554]]},"properties":{"fclass":"canal","name":""}},
{"type":"Feature","geometry":{"type":"LineString","coordinates":[[26.18903,59.07783],[26.18953,59.078],[26.18946,59.07849],[26.18983,59.07886],[26.19033,59.0794],[26.1905,59.07945],[26.19265,59.07952],[26.19285,59.079],[26.19262,59.07868],[26.19191,59.07866],[26.19224,59.07824],[26.1921,59.07804]]},"properties":{"fclass":"canal","name":""}},
{"type":"Feature","geometry":{"type":"LineString","coordinates":[[26.20739,59.11112],[26.20744,59.11195],[26.20719,59.11213],[26.20702,59.11257],[26.20755,59.11296],[26.20833,59.11319],[26.2084,59.11394],[26.2074,59.11443],[26.20699,59.11446]]},"properties":{"fclass":"canal","name":""}},
{"type":"Feature","geometry":{"type":"LineString","coordinates":[[26.20983,59.12319],[26.20977,59.12306],[26.20997,59.12254],[26.20999,59.12166],[26.21028,59.12075]]},"properties":{"fclass":"river","name":"Põltsamaa jõgi"}},
{"type":"Feature","geometry":{"type":"LineString","coordinates":[[26.20961,59.11962],[26.2108,59.11927]]},"properties":{"fclass":"canal","name":""}},
{"type":"Feature","geometry":{"type":"LineString","coordinates":[[25.63014,59.28472],[25.62886,59.28491],[25.62787,59.28497],[25.6275,59.28527],[25.62682,59.28558],[25.6262,59.28577],[25.62535,59.28584],[25.62476,59.28627],[25.62423,59.28632],[25.62357,59.28613],[25.62304,59.28626],[25.62232,59.28634],[25.62202,59.28646],[25.62178,59.28675],[25.62203,59.2877],[25.62152,59.28789],[25.62102,59.28835],[25.62094,59.28857],[25.62055,59.28912],[25.62026,59.28926],[25.6197,59.28934],[25.61947,59.28975],[25.61886,59.29018],[25.61804,59.29051],[25.61691,59.29161],[25.61666,59.29171],[25.61629,59.29211],[25.61486,59.29332],[25.61482,59.2937],[25.61497,59.29406],[25.6147,59.29431],[25.61399,59.29457],[25.61413,59.29499],[25.61439,59.2953],[25.61477,59.29552],[25.61456,59.29574],[25.61388,59.29603],[25.61365,59.29628],[25.61383,59.29651],[25.61348,59.29712],[25.6135,59.2977],[25.61385,59.29784]]},"properties":{"fclass":"river","name":"Mustjõgi"}},
{"type":"Feature","geometry":{"type":"LineString","coordinates":[[25.65874,59.27521],[25.65833,59.27507],[25.65775,59.27505],[25.65717,59.2752],[25.65628,59.27486],[25.65527,59.27487],[25.65482,59.27465],[25.65395,59.27443],[25.6534,59.27412],[25.65279,59.274],[25.65208,59.27393],[25.65152,59.27425],[25.65118,59.27413],[25.65028,59.27437],[25.65017,59.27474],[25.64932,59.27499],[25.64888,59.27495],[25.64838,59.27458],[25.64697,59.27495],[25.6468,59.27521],[25.6464,59.27512],[25.64617,59.27544],[25.64443,59.2754],[25.64364,59.27588],[25.64327,59.27593]]},"properties":{"fclass":"river","name":"Mustjõgi"}},
{"type":"Feature","geometry":{"type":"LineString","coordinates":[[25.94524,59.28641],[25.94494,59.28652],[25.94479,59.28675],[25.94476,59.2874],[25.94525,59.2882],[25.94515,59.28842],[25.94367,59.28912],[25.94267,59.28935],[25.9426,59.28949],[25.94208,59.28988],[25.94191,59.29015],[25.94094,59.29067],[25.94077,59.29116],[25.94063,59.29129],[25.93852,59.2914],[25.93625,59.2914],[25.93552,59.29149],[25.93495,59.29206],[25.93351,59.29226],[25.93245,59.29219],[25.93196,59.29209],[25.93158,59.29184],[25.93043,59.29172],[25.92983,59.29195],[25.92941,59.29214],[25.92874,59.29217],[25.92825,59.2923],[25.92728,59.29232],[25.92632,59.29264],[25.92532,59.29256],[25.92503,59.29282],[25.92377,59.29287],[25.92331,59.29314],[25.9235,59.29354],[25.92316,59.29383],[25.92328,59.29431],[25.92319,59.29445],[25.92119,59.29518],[25.92066,59.296],[25.92004,59.2964],[25.91974,59.29678],[25.91944,59.29683],[25.91858,59.29659],[25.91831,59.29668],[25.91807,59.29781],[25.91773,59.29798],[25.91687,59.29855],[25.91654,59.2989]]},"properties":{"fclass":"river","name":"Valgejõgi"}},
{"type":"Feature","geometry":{"type":"LineString","coordinates":[[25.74365,59.39236],[25.74408,59.39279],[25.74402,59.39299],[25.74329,59.39335],[25.74304,59.39362],[25.74211,59.39403]]},"properties":{"fclass":"river","name":"Valgejõgi"}},
{"type":"Feature","geometry":{"type":"LineString","coordinates":[[25.78076,59.37329],[25.7807,59.37346],[25.78011,59.37359]]},"properties":{"fclass":"river","name":"Valgejõgi"}},
{"type":"Feature","geometry":{"type":"LineString","coordinates":[[25.91654,59.2989],[25.91616,59.29944],[25.91566,59.2995],[25.91496,59.29935],[25.91453,59.29935],[25.91358,59.29999],[25.91262,59.29998],[25.91203,59.3001],[25.91146,59.30036],[25.91142,59.3006],[25.91191,59.30098],[25.91118,59.30176],[25.90984,59.30185],[25.90879,59.30246]]},"properties":{"fclass":"river","name":"Valgejõgi"}},
{"type":"Feature","geometry":{"type":"LineString","coordinates":[[25.74722,59.39007],[25.747,59.39013],[25.74679,59.39043],[25.74598,59.39054],[25.74562,59.39048],[25.74544,59.39067],[25.7453,59.39108],[25.74467,59.39115]]},"properties":{"fclass":"river","name":"Valgejõgi"}},
{"type":"Feature","geometry":{"type":"LineString","coordinates":[[25.84527,59.33817],[25.84586,59.33827],[25.84527,59.3388]]},"properties":{"fclass":"river","name":"Valgejõgi"}},
{"type":"Feature","geometry":{"type":"LineString","coordinates":[[25.76499,59.37783],[25.7648,59.37807],[25.7645,59.3781],[25.76426,59.3783],[25.76357,59.37838]]},"properties":{"fclass":"river","name":"Valgejõgi"}},
{"type":"Feature","geometry":{"type":"LineString","coordinates":[[25.74143,59.39798],[25.74214,59.39838],[25.7422,59.39863],[25.74199,59.39874],[25.74135,59.39885],[25.74123,59.39902],[25.74149,59.39931]]},"properties":{"fclass":"river","name":"Valgejõgi"}},
{"type":"Feature","geometry":{"type":"LineString","coordinates":[[25.74985,59.38927],[25.74882,59.38927],[25.74899,59.38953],[25.74945,59.38974]]},"properties":{"fclass":"river","name":"Valgejõgi"}},
{"type":"Feature","geometry":{"type":"LineString","coordinates":[[25.90879,59.30246],[25.90823,59.30255],[25.90681,59.30215],[25.90641,59.30231],[25.90677,59.30273],[25.90685,59.30307],[25.90646,59.30324],[25.90589,59.30326],[25.90483,59.3034],[25.90453,59.30356],[25.90444,59.30417],[25.90429,59.30428],[25.90361,59.30415],[25.90314,59.30422],[25.90323,59.30451],[25.90366,59.305],[25.90357,59.3052],[25.90305,59.30535],[25.90174,59.30547],[25.90131,59.30537],[25.90082,59.30512],[25.90067,59.30463],[25.89997,59.30457],[25.89958,59.3047],[25.89987,59.30491],[25.8995,59.30514],[25.89954,59.30547],[25.89918,59.30579],[25.89883,59.3057],[25.89793,59.30571],[25.89843,59.30625],[25.89833,59.30647],[25.8975,59.3066],[25.89681,59.30647],[25.89659,59.30671],[25.89651,59.30721],[25.89624,59.30741],[25.89588,59.30751],[25.89519,59.30786],[25.89473,59.30785],[25.89409,59.30844],[25.89381,59.30851],[25.89309,59.30831],[25.89274,59.30893],[25.89297,59.30917],[25.89214,59.30936],[25.89162,59.3092],[25.89127,59.30925],[25.89152,59.30953],[25.89151,59.3097],[25.89102,59.30997],[25.89074,59.3099],[25.89023,59.31017],[25.89027,59.31048],[25.88951,59.31084],[25.88957,59.31111],[25.88986,59.31131],[25.88977,59.31158],[25.89009,59.31196],[25.89007,59.31211],[25.8894,59.3122],[25.88965,59.31251],[25.88952,59.31277],[25.88823,59.31272],[25.88798,59.31293],[25.88784,59.31324],[25.88805,59.31372],[25.88755,59.31371],[25.88684,59.31359],[25.88594,59.3137],[25.88583,59.31397],[25.88645,59.31417],[25.88692,59.31424],[25.88712,59.31467],[25.88671,59.31475],[25.88578,59.31467],[25.88578,59.31496],[25.88621,59.3153],[25.88668,59.3152],[25.88688,59.31536],[25.88673,59.3157],[25.8872,59.31593],[25.88699,59.31642],[25.88699,59.31696],[25.88736,59.31725],[25.88736,59.31738],[25.88593,59.31749],[25.88527,59.31766],[25.88476,59.31771],[25.8838,59.31767],[25.88307,59.31781],[25.88249,59.31801],[25.88208,59.31791],[25.87946,59.31782],[25.87879,59.31787],[25.87796,59.31786],[25.87688,59.31809],[25.87576,59.31819],[25.87537,59.31818],[25.87464,59.31829],[25.87463,59.31874],[25.87401,59.31922],[25.87322,59.31935],[25.87225,59.31934],[25.87212,59.3196],[25.87102,59.31966],[25.87058,59.3198],[25.87019,59.32016],[25.87033,59.32043],[25.86964,59.3207],[25.86918,59.32073],[25.86842,59.32089],[25.86746,59.32098],[25.86678,59.3212],[25.86681,59.32141],[25.86647,59.3216],[25.8658,59.32141],[25.86503,59.3217],[25.86505,59.32198],[25.86483,59.32229],[25.8644,59.32241],[25.86379,59.32275],[25.86299,59.32297],[25.86229,59.32297],[25.86198,59.32304],[25.86169,59.32355],[25.86061,59.32389],[25.85965,59.3244],[25.85955,59.32457],[25.85974,59.3249],[25.85931,59.32503],[25.85799,59.32466],[25.85776,59.32474],[25.85771,59.32507],[25.85834,59.32516],[25.85831,59.32546],[25.8579,59.3258],[25.85744,59.32586],[25.85723,59.32569],[25.85641,59.3255],[25.85572,59.32541],[25.85475,59.32577],[25.85429,59.32568],[25.85423,59.32545],[25.85349,59.32516],[25.85318,59.32516],[25.8525,59.32549],[25.85233,59.32565],[25.85101,59.32592],[25.85036,59.32634],[25.84986,59.32731],[25.84922,59.32757],[25.84897,59.32776],[25.84915,59.32857],[25.84905,59.32888],[25.84914,59.32913],[25.84994,59.32929],[25.8501,59.32938],[25.84997,59.33005],[25.84966,59.33024],[25.84927,59.33066],[25.84925,59.33098],[25.84943,59.33136],[25.84882,59.33163],[25.84884,59.33185],[25.84927,59.33193],[25.84967,59.33266],[25.84965,59.33287],[25.84903,59.33302],[25.84906,59.33327],[25.84941,59.33351],[25.84939,59.33387],[25.84898,59.33427],[25.84888,59.33453],[25.84821,59.33515],[25.84823,59.33528],[25.84875,59.33538],[25.84882,59.3355],[25.84825,59.33567],[25.84781,59.33562],[25.84757,59.33576],[25.84758,59.33622],[25.84683,59.33629],[25.84599,59.33664],[25.84546,59.33679],[25.84544,59.33698],[25.8458,59.33728],[25.84565,59.33775],[25.84499,59.3377],[25.84486,59.33791],[25.84527,59.33817],[25.84485,59.33839],[25.84485,59.33853],[25.84527,59.3388],[25.84532,59.3391],[25.84577,59.33959],[25.84578,59.33977],[25.8455,59.33994],[25.84457,59.34015],[25.84437,59.34026],[25.84456,59.3406],[25.84371,59.34085],[25.84355,59.34042],[25.84285,59.34045],[25.8422,59.34064],[25.84212,59.34109],[25.84252,59.34142],[25.84256,59.3416],[25.84224,59.3419],[25.84244,59.34214],[25.84306,59.34247],[25.84343,59.34323],[25.84356,59.34381],[25.84341,59.34407],[25.843,59.34423],[25.84279,59.34405],[25.84126,59.34379],[25.84007,59.34391],[25.83965,59.34405],[25.8395,59.34429],[25.83847,59.34497],[25.83835,59.34532],[25.83751,59.34572],[25.83663,59.34587],[25.83624,59.34568],[25.83552,59.34583],[25.83527,59.34608],[25.83459,59.34652],[25.83397,59.34647],[25.83383,59.34631],[25.83318,59.34623],[25.83198,59.34569],[25.83065,59.34555],[25.8304,59.34549],[25.83045,59.345],[25.83038,59.34468],[25.83069,59.34457],[25.83078,59.3442],[25.83037,59.34385],[25.82854,59.34338],[25.82824,59.34339],[25.82719,59.34291],[25.82695,59.34265],[25.82639,59.34234],[25.82537,59.34219],[25.82518,59.3423],[25.82523,59.34265],[25.8249,59.34276],[25.82434,59.34267],[25.82387,59.34249],[25.82357,59.34251],[25.82298,59.34293]]},"properties":{"fclass":"river","name":"Valgejõgi"}},
{"type":"Feature","geometry":{"type":"LineString","coordinates":[[25.78585,59.36651],[25.78578,59.36691],[25.78511,59.36716]]},"properties":{"fclass":"river","name":"Valgejõgi"}},
{"type":"Feature","geometry":{"type":"LineString","coordinates":[[25.744,59.39136],[25.74329,59.39127]]},"properties":{"fclass":"river","name":"Valgejõgi"}},
{"type":"Feature","geometry":{"type":"LineString","coordinates":[[25.741,59.39944],[25.74145,59.39959],[25.74166,59.40002],[25.74188,59.40019],[25.7424,59.40019]]},"properties":{"fclass":"river","name":"Valgejõgi"}},
{"type":"Feature","geometry":{"type":"LineString","coordinates":[[25.76823,59.37672],[25.76842,59.37706],[25.76884,59.37718],[25.76893,59.37742],[25.76835,59.37804],[25.76804,59.37814],[25.76713,59.3782],[25.7662,59.37804],[25.76532,59.37813],[25.76513,59.37843],[25.7642,59.37844],[25.76349,59.37855]]},"properties":{"fclass":"river","name":"Valgejõgi"}},
{"type":"Feature","geometry":{"type":"LineString","coordinates":[[25.74275,59.39312],[25.74309,59.39349],[25.74304,59.39362]]},"properties":{"fclass":"river","name":"Valgejõgi"}},
{"type":"Feature","geometry":{"type":"LineString","coordinates":[[25.76133,59.38117],[25.76129,59.38139],[25.76036,59.38161],[25.76014,59.38185],[25.7596,59.38195],[25.75918,59.38213],[25.7589,59.38236],[25.75914,59.38256],[25.75908,59.38292],[25.75845,59.38352]]},"properties":{"fclass":"river","name":"Valgejõgi"}},
{"type":"Feature","geometry":{"type":"LineString","coordinates":[[25.74138,59.39756],[25.74049,59.39744],[25.74019,59.3976],[25.74014,59.39803],[25.7404,59.3987]]},"properties":{"fclass":"river","name":"Valgejõgi"}},
{"type":"Feature","geometry":{"type":"LineString","coordinates":[[25.7904,59.46843],[25.7905,59.46857],[25.79097,59.46865]]},"properties":{"fclass":"river","name":"Valgejõgi"}},
{"type":"Feature","geometry":{"type":"LineString","coordinates":[[25.79102,59.46885],[25.79068,59.46918]]},"properties":{"fclass":"river","name":"Valgejõgi"}},
{"type":"Feature","geometry":{"type":"LineString","coordinates":[[25.78649,59.46701],[25.7869,59.46701],[25.78739,59.46728],[25.78811,59.46751],[25.78835,59.46774]]},"properties":{"fclass":"river","name":"Valgejõgi"}},
{"type":"Feature","geometry":{"type":"LineString","coordinates":[[25.7901,59.46766],[25.79051,59.4675],[25.79097,59.46764],[25.79117,59.46796],[25.79103,59.46818],[25.79097,59.46865],[25.79102,59.46885],[25.79154,59.46921],[25.79183,59.4691],[25.79276,59.46924],[25.79341,59.46949],[25.7941,59.46993]]},"properties":{"fclass":"river","name":"Valgejõgi"}},
{"type":"Feature","geometry":{"type":"LineString","coordinates":[[25.7448,59.41593],[25.74496,59.41568],[25.74532,59.41575],[25.74551,59.41609]]},"properties":{"fclass":"river","name":"Valgejõgi"}},
{"type":"Feature","geometry":{"type":"LineString","coordinates":[[25.47009,59.38516],[25.46965,59.38509]]},"properties":{"fclass":"river","name":"Soodla jõgi"}},
{"type":"Feature","geometry":{"type":"LineString","coordinates":[[25.46965,59.38509],[25.46818,59.38479],[25.46688,59.3839],[25.46372,59.38274],[25.46352,59.38261]]},"properties":{"fclass":"river","name":"Soodla jõgi"}},
{"type":"Feature","geometry":{"type":"LineString","coordinates":[[25.22799,59.18285],[25.22706,59.18247],[25.22635,59.18225],[25.22595,59.18231],[25.22525,59.18263],[25.22392,59.18254],[25.22324,59.18239],[25.22279,59.18221],[25.22279,59.18184],[25.22308,59.18093],[25.22292,59.18083],[25.22183,59.18049],[25.2213,59.18047],[25.22166,59.18094],[25.22123,59.18109],[25.2205,59.18088],[25.2195,59.1805],[25.21899,59.18023],[25.21889,59.18007],[25.21943,59.17964],[25.21945,59.17931]]},"properties":{"fclass":"river","name":"Pirita jõgi"}},
{"type":"Feature","geometry":{"type":"LineString","coordinates":[[25.30849,59.15031],[25.3081,59.15049],[25.30806,59.15097],[25.30842,59.1517]]},"properties":{"fclass":"river","name":"Pirita jõgi"}},
{"type":"Feature","geometry":{"type":"LineString","coordinates":[[25.32586,59.12654],[25.32712,59.12756],[25.32704,59.13065],[25.32676,59.13165]]},"properties":{"fclass":"river","name":"Pirita jõgi"}},
{"type":"Feature","geometry":{"type":"LineString","coordinates":[[25.32329,59.14509],[25.32304,59.14565],[25.32303,59.1465],[25.32246,59.14692],[25.32214,59.14693],[25.32102,59.14678],[25.32047,59.14682],[25.31883,59.1468],[25.31835,59.14675],[25.31786,59.1466],[25.31704,59.1466],[25.3169,59.14666],[25.31611,59.14749],[25.31604,59.14825],[25.31579,59.14852],[25.3157,59.14879],[25.31473,59.14878],[25.31458,59.14866],[25.3146,59.14831],[25.31475,59.14808],[25.31462,59.14793],[25.31382,59.14763],[25.31337,59.14761],[25.31299,59.14781],[25.31271,59.14782]]},"properties":{"fclass":"river","name":"Pirita jõgi"}},
{"type":"Feature","geometry":{"type":"LineString","coordinates":[[25.21945,59.17931],[25.21911,59.17925],[25.21852,59.17935],[25.21822,59.17957],[25.21741,59.17983],[25.21738,59.18003],[25.21775,59.18026],[25.2176,59.18038]]},"properties":{"fclass":"river","name":"Pirita jõgi"}},
{"type":"Feature","geometry":{"type":"LineString","coordinates":[[25.30566,59.16067],[25.30505,59.16065],[25.30454,59.16032],[25.3042,59.16039],[25.30422,59.16091],[25.304,59.16101],[25.30321,59.16103],[25.3026,59.16125],[25.30251,59.16146],[25.30214,59.16195],[25.30087,59.16183],[25.29888,59.1614],[25.29845,59.16137],[25.29802,59.16148],[25.29759,59.16171],[25.29665,59.16193],[25.29547,59.16199],[25.29529,59.16212],[25.29511,59.16264],[25.29449,59.16267],[25.29386,59.1626],[25.29383,59.16287],[25.29464,59.16312],[25.29505,59.1635],[25.29483,59.16373],[25.29455,59.16366],[25.29388,59.16371],[25.29367,59.164],[25.29418,59.16444],[25.29393,59.16464],[25.29278,59.16448],[25.29267,59.16464],[25.29276,59.16506],[25.29253,59.16527],[25.29166,59.16525],[25.29154,59.16534],[25.29186,59.16601],[25.292,59.16612],[25.29176,59.16635],[25.29046,59.1661],[25.29007,59.1662],[25.28992,59.16667],[25.28953,59.16684],[25.28779,59.16683],[25.2869,59.16689],[25.28688,59.16727],[25.28703,59.16745],[25.28752,59.16766],[25.28734,59.16801],[25.28632,59.16819],[25.28594,59.16788],[25.28533,59.16772],[25.28497,59.16792],[25.28445,59.16762],[25.28377,59.16764],[25.2839,59.16736],[25.28347,59.16703],[25.2832,59.16701],[25.28274,59.1672],[25.28237,59.16754],[25.28298,59.16772],[25.28313,59.16787],[25.2826,59.16808],[25.28259,59.16831],[25.28235,59.16844],[25.28178,59.16849],[25.28107,59.16887],[25.28038,59.16887],[25.27985,59.1687],[25.2793,59.1688],[25.27933,59.16902],[25.27965,59.16929],[25.27934,59.16946],[25.27856,59.16955],[25.27868,59.16999],[25.27846,59.17018],[25.2778,59.17025],[25.27734,59.17065],[25.27708,59.17076],[25.27622,59.17063],[25.27609,59.17131],[25.27557,59.17115],[25.27494,59.17134],[25.27461,59.17171],[25.27489,59.17267],[25.27488,59.173],[25.27512,59.17316],[25.27479,59.17337],[25.27505,59.17359],[25.27554,59.17331],[25.27577,59.17352],[25.27558,59.17375],[25.27427,59.17392],[25.27418,59.17405],[25.27475,59.17435],[25.27475,59.17446],[25.27423,59.17466],[25.27405,59.17521],[25.2736,59.17532],[25.27328,59.17507],[25.27272,59.17492],[25.27211,59.17461]]},"properties":{"fclass":"river","name":"Pirita jõgi"}},
{"type":"Feature","geometry":{"type":"LineString","coordinates":[[25.4452,59.26464],[25.44569,59.26494],[25.44568,59.26545],[25.44574,59.26627],[25.4467,59.26672],[25.44703,59.26729],[25.4471,59.26754],[25.44683,59.2678],[25.4462,59.2677],[25.44557,59.26774],[25.4445,59.26811],[25.44318,59.26786],[25.44189,59.26773],[25.44022,59.26778],[25.439,59.26772],[25.43832,59.26784],[25.43767,59.26821],[25.43685,59.26854],[25.43603,59.26874],[25.43504,59.26911],[25.43466,59.26966],[25.43456,59.26996],[25.43441,59.27042],[25.43389,59.27102],[25.433,59.27176],[25.43245,59.27202],[25.43194,59.27203],[25.43107,59.2719],[25.42993,59.27188],[25.42877,59.27196],[25.4283,59.2725],[25.42787,59.27283],[25.42617,59.27373],[25.42521,59.27443],[25.42462,59.2747],[25.42428,59.27466],[25.42362,59.27475],[25.42288,59.27498],[25.42193,59.27544],[25.42128,59.27589],[25.42067,59.27609],[25.42007,59.27615],[25.41924,59.27666],[25.41861,59.27719],[25.41741,59.27837],[25.41682,59.27871],[25.41621,59.27917],[25.41586,59.28014],[25.41559,59.28037],[25.41405,59.28041],[25.41363,59.28069],[25.41301,59.28182],[25.41277,59.28276],[25.41257,59.28312],[25.41217,59.28341],[25.41094,59.28389],[25.40937,59.28448],[25.40895,59.28485],[25.40826,59.28489],[25.40709,59.28467],[25.40582,59.28421],[25.40546,59.2842],[25.40485,59.2844],[25.4035,59.28513],[25.40251,59.28569],[25.40076,59.28695],[25.39875,59.28768],[25.39823,59.28766],[25.39796,59.28741],[25.39798,59.28697],[25.39834,59.28596],[25.39838,59.28556],[25.39808,59.28513],[25.39763,59.28495],[25.39564,59.28457],[25.3951,59.28457],[25.39477,59.28484],[25.39515,59.28537],[25.39515,59.28593],[25.39484,59.28636],[25.39358,59.28713],[25.3931,59.28727],[25.39257,59.28734],[25.39176,59.28735],[25.38987,59.28691],[25.38829,59.28669],[25.38761,59.28671],[25.38703,59.28679],[25.38689,59.28713],[25.38737,59.28755],[25.38863,59.28782],[25.38881,59.28807],[25.38873,59.28838],[25.38829,59.28853],[25.38732,59.28845],[25.3867,59.2885],[25.3854,59.28838],[25.38463,59.28821],[25.38405,59.28883],[25.38322,59.28932],[25.38283,59.28969],[25.38274,59.28997],[25.38289,59.29017],[25.38332,59.29023],[25.38369,59.29011],[25.38467,59.28998],[25.38525,59.29],[25.38568,59.2903],[25.38562,59.2905],[25.3845,59.29078],[25.3841,59.29096],[25.38406,59.29115],[25.3844,59.29134],[25.38491,59.29132],[25.38597,59.29116],[25.38652,59.29144],[25.38642,59.29163],[25.38566,59.29211],[25.38445,59.29217],[25.38388,59.29269],[25.38354,59.29291],[25.38256,59.29308],[25.37877,59.29465],[25.3769,59.29568],[25.376,59.29621],[25.37538,59.29645],[25.37488,59.29655],[25.37355,59.29653],[25.37311,59.29646],[25.37134,59.29631],[25.37092,59.29638],[25.37022,59.29661],[25.36778,59.29757],[25.36755,59.29777],[25.36748,59.29805],[25.3681,59.29853],[25.3682,59.29889],[25.36806,59.29931],[25.36755,59.30031],[25.36739,59.30102],[25.36708,59.30154],[25.36663,59.30167],[25.36563,59.30172],[25.36394,59.30142],[25.36357,59.3014],[25.36269,59.30169],[25.36169,59.30248],[25.36137,59.3031],[25.36168,59.30458],[25.3616,59.30507],[25.36116,59.30547],[25.36012,59.30616],[25.3602,59.30664],[25.36095,59.30742]]},"properties":{"fclass":"river","name":"Jägala jõgi"}},
{"type":"Feature","geometry":{"type":"LineString","coordinates":[[25.44588,59.20378],[25.44563,59.20392],[25.44469,59.20409],[25.44356,59.20467],[25.44175,59.20528],[25.44105,59.20535],[25.44022,59.20552],[25.4386,59.20608],[25.43725,59.20682],[25.43608,59.2077],[25.43618,59.2082],[25.43584,59.20869],[25.43574,59.20902],[25.4359,59.2097],[25.43626,59.20997],[25.43671,59.21015],[25.43747,59.21033],[25.43782,59.2108],[25.43835,59.21097],[25.43937,59.21116],[25.44054,59.21118],[25.441,59.21137],[25.44124,59.21164],[25.4419,59.21195],[25.44217,59.21245],[25.44216,59.21304],[25.44226,59.2133],[25.44273,59.21344],[25.44325,59.21323],[25.44341,59.21293],[25.44372,59.21283],[25.44511,59.21209],[25.4455,59.2122],[25.44575,59.21258],[25.44613,59.21288],[25.44692,59.21335],[25.44785,59.214],[25.44856,59.21481],[25.44871,59.21553],[25.44848,59.21587],[25.44751,59.21574],[25.44721,59.2157],[25.44655,59.21584],[25.44662,59.21627],[25.44699,59.21664],[25.44757,59.21739],[25.44776,59.21764],[25.44795,59.21812],[25.44831,59.21837],[25.44982,59.21907],[25.45101,59.21971],[25.45143,59.22021],[25.45174,59.22034],[25.45249,59.22074],[25.45281,59.22084],[25.45328,59.22097],[25.45402,59.22159],[25.45433,59.22195],[25.45425,59.22224],[25.45399,59.22249],[25.45285,59.22323],[25.45261,59.22362],[25.45159,59.22407],[25.45141,59.22434],[25.45143,59.22459],[25.45171,59.22501],[25.45169,59.22516],[25.45121,59.2254],[25.45117,59.22589],[25.45215,59.22655],[25.45226,59.22725],[25.45253,59.22752],[25.45329,59.22782],[25.4539,59.22772],[25.45444,59.2274],[25.45574,59.22715],[25.45655,59.22712],[25.45708,59.22721],[25.45744,59.2275],[25.45733,59.22769],[25.45689,59.22792],[25.45696,59.22818],[25.45775,59.22824],[25.4581,59.22842],[25.45842,59.22924],[25.45867,59.22955],[25.45955,59.22994],[25.4596,59.23018],[25.45935,59.23042],[25.45835,59.23082],[25.45748,59.23129],[25.45629,59.23222],[25.45655,59.2325],[25.45701,59.23269],[25.45831,59.23277],[25.45892,59.23317],[25.45882,59.23336],[25.45798,59.23353],[25.45756,59.2337],[25.45746,59.23406],[25.45707,59.23426],[25.45686,59.23459],[25.4569,59.23484],[25.45749,59.23506],[25.45764,59.23524],[25.45754,59.23557],[25.4573,59.23586],[25.45697,59.23606],[25.45651,59.23611],[25.45609,59.23643],[25.45524,59.2363],[25.45454,59.23668],[25.45438,59.23688],[25.45434,59.23751],[25.45459,59.23783],[25.45498,59.23814],[25.45513,59.23848],[25.45456,59.23974],[25.45431,59.23987],[25.45373,59.23968],[25.45344,59.23977],[25.4539,59.24045],[25.4538,59.24062],[25.45296,59.24072],[25.45279,59.24086],[25.45266,59.24124],[25.45319,59.24135],[25.45321,59.24151],[25.45285,59.24163],[25.45205,59.24162],[25.45177,59.24171],[25.4514,59.24224],[25.4514,59.24245],[25.45185,59.24342],[25.45191,59.24383],[25.45287,59.24488],[25.45304,59.24514],[25.453,59.24537],[25.45256,59.24553],[25.45203,59.24585],[25.45163,59.24619],[25.45118,59.24674],[25.45059,59.24725],[25.44934,59.2479],[25.44875,59.24851],[25.44844,59.24942],[25.44848,59.24998],[25.44869,59.25041],[25.44861,59.25125],[25.44915,59.25158],[25.44981,59.25169],[25.45091,59.25204],[25.45119,59.25219],[25.4511,59.25257],[25.45005,59.25336],[25.44953,59.2538],[25.44946,59.25413],[25.44957,59.25451],[25.45057,59.25532],[25.45064,59.25597],[25.45014,59.25624],[25.44894,59.25655],[25.44838,59.25674],[25.44848,59.25715],[25.44892,59.25771],[25.44932,59.25796],[25.44926,59.25819],[25.44892,59.25848],[25.44817,59.25863],[25.44749,59.25867],[25.44706,59.25885],[25.44706,59.25914],[25.44736,59.25982],[25.4472,59.26007],[25.4464,59.26058],[25.44598,59.26116]]},"properties":{"fclass":"river","name":"Jägala jõgi"}},
{"type":"Feature","geometry":{"type":"LineString","coordinates":[[25.63242,59.03677],[25.63198,59.03646],[25.63127,59.03651],[25.63036,59.03622],[25.62979,59.03614],[25.62904,59.03618],[25.62885,59.03612],[25.62869,59.0354],[25.62844,59.03519],[25.62712,59.03485],[25.62637,59.03474],[25.62588,59.03459],[25.62536,59.03401],[25.6243,59.03389],[25.62255,59.03396],[25.62063,59.0345],[25.61999,59.03461],[25.61947,59.03455],[25.61785,59.03452],[25.61678,59.03455],[25.61579,59.03469],[25.61527,59.03555],[25.61538,59.03601],[25.61508,59.0362],[25.61444,59.03636],[25.61377,59.03627],[25.61252,59.03634]]},"properties":{"fclass":"river","name":"Jägala jõgi"}},
{"type":"Feature","geometry":{"type":"LineString","coordinates":[[25.44598,59.26116],[25.44583,59.26169],[25.44593,59.26199],[25.44621,59.26231],[25.44682,59.26284],[25.44741,59.26319],[25.4474,59.26374],[25.44713,59.26389],[25.4465,59.2639],[25.44476,59.26356],[25.44432,59.26358],[25.44392,59.26384],[25.44409,59.26406],[25.4452,59.26464]]},"properties":{"fclass":"river","name":"Jägala jõgi"}},
{"type":"Feature","geometry":{"type":"LineString","coordinates":[[25.53637,59.0552],[25.53346,59.05489],[25.53236,59.05485],[25.5316,59.05494],[25.53073,59.05513],[25.52887,59.05534],[25.52839,59.05555],[25.52555,59.05602],[25.52521,59.05621],[25.52503,59.05669],[25.52375,59.05829],[25.52356,59.05864],[25.52437,59.05912],[25.52465,59.05981],[25.52485,59.06006],[25.52565,59.0607],[25.5253,59.0611],[25.52455,59.0621],[25.52386,59.06348],[25.52389,59.06362],[25.52641,59.06552]]},"properties":{"fclass":"river","name":"Jägala jõgi"}},
{"type":"Feature","geometry":{"type":"LineString","coordinates":[[25.61252,59.03634],[25.61101,59.03646]]},"properties":{"fclass":"river","name":"Jägala jõgi"}},
{"type":"Feature","geometry":{"type":"LineString","coordinates":[[25.53944,59.08184],[25.54047,59.0828],[25.54313,59.08531],[25.54416,59.0864],[25.54517,59.08663],[25.54778,59.08731],[25.54816,59.08747],[25.54937,59.0875],[25.55074,59.08761],[25.55184,59.08759],[25.55225,59.08776],[25.55356,59.08893],[25.55426,59.08962],[25.55494,59.09003],[25.55504,59.09029],[25.55485,59.09052],[25.55474,59.09099],[25.5559,59.09259],[25.55907,59.09497],[25.56003,59.09544],[25.56071,59.09563],[25.56137,59.096],[25.5619,59.09617],[25.56263,59.09743],[25.56298,59.09788],[25.56309,59.0982],[25.56656,59.1006],[25.56687,59.10098],[25.56692,59.10224],[25.56708,59.10344],[25.56768,59.10534],[25.56841,59.10727],[25.56857,59.10746],[25.56867,59.108],[25.56857,59.10855],[25.56883,59.10881],[25.56887,59.10924],[25.56915,59.1109],[25.56931,59.11125],[25.56939,59.112],[25.56975,59.11399],[25.57019,59.11418],[25.57029,59.11443],[25.56992,59.11509],[25.57007,59.11552],[25.57015,59.11627],[25.56966,59.11683],[25.56917,59.11705],[25.56704,59.11819],[25.56481,59.11932],[25.56437,59.11947],[25.56353,59.11996],[25.56132,59.12113],[25.56028,59.12129],[25.55595,59.12166],[25.55243,59.12201],[25.55176,59.1221],[25.54996,59.12224],[25.54866,59.12244],[25.54691,59.12286],[25.54731,59.12334],[25.54731,59.12368],[25.54674,59.12407],[25.5454,59.12515],[25.54517,59.12527],[25.5448,59.12568],[25.54471,59.1261],[25.54277,59.1267],[25.54253,59.127],[25.54186,59.12734],[25.54075,59.12765],[25.54076,59.12854],[25.54058,59.12872],[25.53971,59.12911],[25.53937,59.12986],[25.53917,59.13052],[25.53885,59.13123],[25.53854,59.13173],[25.53853,59.13242],[25.53836,59.13264],[25.53762,59.1327],[25.53733,59.13279],[25.53705,59.1332],[25.53647,59.13363],[25.53626,59.13405],[25.53605,59.13411],[25.53522,59.13415],[25.53464,59.13432],[25.53447,59.13445],[25.53452,59.13473],[25.53431,59.13596],[25.53395,59.13726],[25.53355,59.13771],[25.5336,59.139],[25.53352,59.13936],[25.53335,59.13955],[25.53266,59.13989],[25.53184,59.14015],[25.53096,59.14055],[25.53012,59.14049],[25.52982,59.14058],[25.52856,59.14131],[25.52742,59.14185],[25.52646,59.14195],[25.52605,59.14222],[25.52644,59.14264],[25.52642,59.14278],[25.52578,59.14299],[25.52475,59.14323],[25.52313,59.14385],[25.52255,59.14416],[25.5223,59.14444],[25.52228,59.14472],[25.52241,59.14545],[25.52189,59.1464],[25.5219,59.14698],[25.52206,59.14716],[25.52212,59.14751],[25.52256,59.14813],[25.52257,59.14829],[25.52208,59.14878],[25.52168,59.14895],[25.52133,59.1494],[25.52075,59.14964],[25.51991,59.14985],[25.51888,59.15026],[25.51806,59.15042],[25.51707,59.15077],[25.51635,59.1511],[25.51574,59.15121],[25.51512,59.15117],[25.51476,59.15042],[25.51447,59.15029],[25.51245,59.1503],[25.5116,59.15076],[25.51142,59.15107],[25.51101,59.15126],[25.51067,59.15126],[25.50942,59.15169],[25.50813,59.15194],[25.50772,59.15214],[25.50731,59.15261],[25.50543,59.15377],[25.50495,59.15369],[25.50408,59.15373],[25.5032,59.15386],[25.50177,59.15391],[25.50081,59.15414],[25.50008,59.15452],[25.49952,59.15498],[25.49932,59.15538],[25.49842,59.15672],[25.49735,59.15725],[25.49611,59.15767],[25.49586,59.15813],[25.49543,59.15851],[25.49376,59.15968],[25.49325,59.16005],[25.49194,59.16164],[25.49113,59.1623],[25.49054,59.16266],[25.49002,59.1627],[25.48964,59.16262],[25.48913,59.16278],[25.48937,59.16336],[25.48887,59.16379],[25.48868,59.16413],[25.48821,59.16439],[25.4878,59.16489],[25.48705,59.16541],[25.48586,59.16649],[25.48546,59.16696],[25.48507,59.16722],[25.48444,59.1679],[25.48432,59.16824],[25.48413,59.16836],[25.48372,59.1691],[25.48372,59.16952],[25.48359,59.17047],[25.48437,59.17126],[25.48408,59.17157],[25.48422,59.17195],[25.48403,59.17246],[25.48514,59.17294],[25.48498,59.17342],[25.48514,59.17412],[25.48453,59.17465],[25.48445,59.17489],[25.48508,59.17562],[25.48525,59.17591],[25.48568,59.1763],[25.48579,59.17669],[25.48547,59.17715],[25.4846,59.17748],[25.48468,59.17784],[25.48451,59.17801],[25.48324,59.1783],[25.48238,59.17829],[25.48228,59.1785],[25.48267,59.17864],[25.48287,59.17895],[25.48291,59.17928],[25.48318,59.17947],[25.48316,59.17972],[25.48253,59.18028],[25.48239,59.1807],[25.48189,59.18161],[25.48162,59.18188],[25.48069,59.18228],[25.47949,59.18257],[25.47898,59.18298],[25.47781,59.18366],[25.47697,59.18392],[25.47603,59.18451],[25.47494,59.18489],[25.47422,59.18508],[25.47349,59.18579],[25.4732,59.18596],[25.47299,59.18637],[25.47308,59.18697],[25.47291,59.18741],[25.47253,59.18769],[25.4723,59.18808],[25.4714,59.18857],[25.47113,59.18883],[25.47009,59.18912],[25.46774,59.19029],[25.46652,59.19081],[25.46617,59.19088],[25.46373,59.19063],[25.463,59.1904],[25.46201,59.19074],[25.46145,59.19078],[25.4606,59.19066],[25.4605,59.19023],[25.46013,59.18979],[25.45968,59.18955],[25.45873,59.18926],[25.45772,59.18912],[25.45684,59.18913],[25.45568,59.18945],[25.4546,59.18964],[25.45353,59.18966],[25.45194,59.18952],[25.45105,59.18937],[25.4506,59.18936],[25.44985,59.18952],[25.44911,59.18977],[25.44784,59.18991],[25.44742,59.1902],[25.4475,59.19049],[25.44736,59.19117],[25.44748,59.19143],[25.44797,59.19205],[25.44875,59.1925],[25.44888,59.19299],[25.44822,59.19354],[25.44825,59.19387],[25.44843,59.19408],[25.44953,59.19454],[25.45001,59.19498],[25.45042,59.19548],[25.45121,59.19615],[25.45216,59.19675],[25.45245,59.19698],[25.45234,59.1974],[25.45173,59.19791]]},"properties":{"fclass":"river","name":"Jägala jõgi"}},
{"type":"Feature","geometry":{"type":"LineString","coordinates":[[25.52899,59.06753],[25.52924,59.06774],[25.52948,59.06951],[25.52961,59.06966],[25.52979,59.07042],[25.52994,59.07065],[25.53093,59.07112],[25.53108,59.07132],[25.531,59.07186],[25.53161,59.07278],[25.53173,59.07326],[25.53158,59.07384],[25.5317,59.07439],[25.53208,59.07548],[25.53283,59.07601],[25.53377,59.07655],[25.53545,59.07798],[25.53589,59.07825],[25.53602,59.07846],[25.53781,59.08033],[25.53944,59.08184]]},"properties":{"fclass":"river","name":"Jägala jõgi"}},
{"type":"Feature","geometry":{"type":"LineString","coordinates":[[25.53773,59.05533],[25.53637,59.0552]]},"properties":{"fclass":"river","name":"Jägala jõgi"}},
{"type":"Feature","geometry":{"type":"LineString","coordinates":[[25.58556,59.0426],[25.58553,59.0432],[25.58535,59.04325],[25.5837,59.04332],[25.58346,59.04349],[25.58337,59.04412],[25.58458,59.04441],[25.58437,59.04478],[25.58397,59.04482],[25.58288,59.04476],[25.58211,59.04505],[25.58175,59.04503],[25.58147,59.04474],[25.58134,59.04416],[25.58076,59.04402],[25.58036,59.04414],[25.57982,59.04441],[25.5792,59.04513],[25.57817,59.04528],[25.57801,59.04554],[25.57708,59.04554],[25.57703,59.04576],[25.57747,59.0461],[25.5774,59.04635],[25.57695,59.04635],[25.57587,59.04614],[25.57553,59.04635],[25.57549,59.04703],[25.57526,59.04723],[25.57401,59.04714],[25.57354,59.04716],[25.57284,59.04738],[25.57231,59.04737],[25.57175,59.04726],[25.57117,59.04678],[25.57058,59.04646],[25.5698,59.04647],[25.56907,59.04677],[25.56848,59.04675],[25.568,59.04644],[25.56685,59.04609],[25.56646,59.0461],[25.56486,59.04626],[25.56441,59.04596],[25.56439,59.04544],[25.56395,59.04519],[25.56343,59.04525],[25.56304,59.04556],[25.5631,59.04618],[25.56255,59.04667],[25.56226,59.04684],[25.56156,59.04705],[25.56015,59.04719],[25.5592,59.04681],[25.55784,59.04651],[25.5571,59.0462],[25.55662,59.04636],[25.55652,59.04678],[25.55572,59.04682],[25.55522,59.04628],[25.5548,59.04618],[25.55396,59.04609],[25.55367,59.04634],[25.55271,59.04679],[25.5519,59.0468],[25.55131,59.0471],[25.55119,59.0474],[25.55071,59.04809],[25.55051,59.0482],[25.54981,59.04812],[25.54931,59.0482],[25.54855,59.04783],[25.54828,59.04782],[25.54786,59.04844],[25.54743,59.04863],[25.54722,59.04886],[25.54667,59.04911],[25.54628,59.05029],[25.54519,59.05163],[25.54482,59.05217],[25.54506,59.05345],[25.5441,59.05398],[25.54373,59.05403],[25.54336,59.0543],[25.54308,59.05456],[25.54203,59.05537],[25.53968,59.05587],[25.53919,59.0557],[25.53842,59.05544],[25.53773,59.05533]]},"properties":{"fclass":"river","name":"Jägala jõgi"}},
{"type":"Feature","geometry":{"type":"LineString","coordinates":[[25.52641,59.06552],[25.52899,59.06753]]},"properties":{"fclass":"river","name":"Jägala jõgi"}},
{"type":"Feature","geometry":{"type":"LineString","coordinates":[[25.63801,59.0406],[25.63773,59.04043]]},"properties":{"fclass":"river","name":"Jägala jõgi"}},
{"type":"Feature","geometry":{"type":"LineString","coordinates":[[25.37878,59.28963],[25.37973,59.28939],[25.37993,59.28928],[25.38116,59.28917],[25.38243,59.28921],[25.38322,59.28932]]},"properties":{"fclass":"stream","name":"Kullavahe pkr"}},
{"type":"Feature","geometry":{"type":"LineString","coordinates":[[25.38997,59.2894],[25.39058,59.28981],[25.39051,59.28997],[25.39005,59.29008],[25.38832,59.29065],[25.38789,59.29085],[25.38728,59.29095],[25.38658,59.29093],[25.38597,59.29116]]},"properties":{"fclass":"river","name":"Jägala jõgi"}},
{"type":"Feature","geometry":{"type":"LineString","coordinates":[[25.41043,59.28553],[25.40923,59.28554],[25.40926,59.2852],[25.40895,59.28485]]},"properties":{"fclass":"river","name":"Jägala jõgi"}},
{"type":"Feature","geometry":{"type":"LineString","coordinates":[[25.47064,59.2685],[25.47013,59.26861],[25.46979,59.26878],[25.46881,59.26894],[25.46918,59.26856],[25.4685,59.26831],[25.46765,59.2684],[25.46717,59.26834],[25.46694,59.26848],[25.46583,59.26871],[25.46576,59.2685],[25.46629,59.26835],[25.46619,59.26824],[25.46543,59.26804],[25.46482,59.26796],[25.46436,59.26805],[25.46392,59.26824],[25.46392,59.2685],[25.46344,59.2685],[25.46318,59.26827],[25.46273,59.26835],[25.46236,59.26797],[25.46189,59.26785],[25.46137,59.26802],[25.46001,59.26808],[25.45941,59.26807],[25.45915,59.26781],[25.45862,59.26809],[25.45826,59.26794],[25.45743,59.26803],[25.45793,59.26821],[25.45783,59.2684],[25.45713,59.26828],[25.45664,59.26829],[25.45693,59.2676],[25.45611,59.26729],[25.45545,59.26743],[25.45515,59.26737],[25.45386,59.26788],[25.45304,59.2677],[25.45319,59.26744],[25.45242,59.26727],[25.45142,59.26714],[25.45141,59.26687],[25.45058,59.26673],[25.45072,59.2664],[25.45032,59.26634],[25.44956,59.26689],[25.44918,59.26755],[25.44858,59.26802],[25.44816,59.26804],[25.44766,59.26793],[25.44705,59.26791],[25.44683,59.2678]]},"properties":{"fclass":"river","name":"Jänijõgi"}},
{"type":"Feature","geometry":{"type":"LineString","coordinates":[[25.42288,59.27547],[25.42224,59.27578],[25.42148,59.27592],[25.42128,59.27589]]},"properties":{"fclass":"river","name":"Jägala jõgi"}},
{"type":"Feature","geometry":{"type":"LineString","coordinates":[[25.39133,59.28657],[25.39128,59.28596]]},"properties":{"fclass":"river","name":"Jägala jõgi"}},
{"type":"Feature","geometry":{"type":"LineString","coordinates":[[25.38289,59.29017],[25.38267,59.29044],[25.38219,59.2908],[25.38167,59.2911],[25.38185,59.2915],[25.38245,59.29178],[25.38326,59.29148],[25.3844,59.29134]]},"properties":{"fclass":"river","name":"Jägala jõgi"}},
{"type":"Feature","geometry":{"type":"LineString","coordinates":[[25.43295,59.27721],[25.43313,59.27696],[25.43281,59.27681],[25.43241,59.27691],[25.43238,59.27655],[25.43199,59.27647],[25.43145,59.27664],[25.43127,59.27684],[25.43093,59.2768],[25.43084,59.27643],[25.43062,59.27637],[25.43007,59.27655],[25.42964,59.27641],[25.42933,59.27617],[25.4285,59.27634],[25.42781,59.27634],[25.42745,59.27592],[25.42715,59.27623],[25.42653,59.27629],[25.42587,59.27651],[25.4255,59.2763],[25.42504,59.27647],[25.4243,59.27701],[25.42315,59.27642],[25.42276,59.27669],[25.42241,59.27639],[25.42183,59.27649],[25.4215,59.2763],[25.42083,59.27625],[25.42067,59.27609]]},"properties":{"fclass":"river","name":"Mustjõgi"}},
{"type":"Feature","geometry":{"type":"LineString","coordinates":[[25.38332,59.29023],[25.3841,59.29096]]},"properties":{"fclass":"river","name":"Jägala jõgi"}},
{"type":"Feature","geometry":{"type":"LineString","coordinates":[[25.43258,59.26783],[25.43296,59.26823],[25.43301,59.26871],[25.43288,59.26897],[25.43296,59.26928],[25.43327,59.2696],[25.43301,59.26986],[25.43332,59.27003],[25.43456,59.26996]]},"properties":{"fclass":"stream","name":"Kiruoja"}},
{"type":"Feature","geometry":{"type":"LineString","coordinates":[[25.39044,59.28644],[25.38993,59.28629],[25.38889,59.28632],[25.38847,59.28646],[25.38829,59.28669]]},"properties":{"fclass":"river","name":"Jägala jõgi"}},
{"type":"Feature","geometry":{"type":"LineString","coordinates":[[25.36176,59.30004],[25.36239,59.30057],[25.36272,59.30093],[25.36278,59.30138],[25.36269,59.30169]]},"properties":{"fclass":"river","name":"Jägala jõgi"}},
{"type":"Feature","geometry":{"type":"LineString","coordinates":[[25.40596,59.28565],[25.40497,59.28552],[25.4035,59.28513]]},"properties":{"fclass":"river","name":""}},
{"type":"Feature","geometry":{"type":"LineString","coordinates":[[25.39287,59.28611],[25.39184,59.28605],[25.39128,59.28596],[25.39046,59.28566],[25.38959,59.28553],[25.38886,59.28557],[25.38768,59.28614],[25.38761,59.28671]]},"properties":{"fclass":"river","name":"Jägala jõgi"}},
{"type":"Feature","geometry":{"type":"LineString","coordinates":[[25.38219,59.2908],[25.38233,59.29093],[25.3835,59.29098],[25.3841,59.29096]]},"properties":{"fclass":"river","name":"Jägala jõgi"}},
{"type":"Feature","geometry":{"type":"LineString","coordinates":[[25.38934,59.28919],[25.38848,59.28928],[25.38819,59.28948],[25.38801,59.28979],[25.38755,59.28991],[25.38712,59.28978],[25.38698,59.28942],[25.3866,59.28934],[25.3859,59.28946],[25.38531,59.28966],[25.38467,59.28998]]},"properties":{"fclass":"river","name":"Jägala jõgi"}},
{"type":"Feature","geometry":{"type":"LineString","coordinates":[[25.38828,59.28718],[25.38855,59.28738],[25.38863,59.28782]]},"properties":{"fclass":"river","name":"Jägala jõgi"}},
{"type":"Feature","geometry":{"type":"LineString","coordinates":[[26.45249,59.30454],[26.45204,59.30455],[26.45189,59.30494],[26.45192,59.30535],[26.45208,59.30609]]},"properties":{"fclass":"canal","name":""}},
{"type":"Feature","geometry":{"type":"LineString","coordinates":[[26.4524,59.306],[26.45244,59.3061]]},"properties":{"fclass":"river","name":"Sõmeru jõgi"}},
{"type":"Feature","geometry":{"type":"LineString","coordinates":[[25.98764,59.43798],[25.98703,59.43828],[25.98687,59.43865],[25.98763,59.43918],[25.98763,59.43948],[25.98612,59.43984],[25.98501,59.44008],[25.98353,59.44021],[25.98204,59.43997],[25.98128,59.44011],[25.97942,59.44009],[25.97851,59.43963],[25.97824,59.4396],[25.97749,59.43968],[25.97674,59.43968],[25.97624,59.43993],[25.97562,59.43985],[25.97502,59.43946],[25.9748,59.43923],[25.97461,59.43859],[25.97459,59.43828],[25.97432,59.43822],[25.9739,59.43831],[25.97365,59.43866],[25.9731,59.4388],[25.9724,59.43836],[25.97176,59.43816],[25.97084,59.43809],[25.97022,59.43814],[25.96968,59.43827],[25.96892,59.43893],[25.96863,59.439],[25.96775,59.43894],[25.96686,59.43899],[25.96497,59.43928],[25.9642,59.43949],[25.9637,59.43973],[25.96332,59.4401],[25.96327,59.44039],[25.96366,59.44078],[25.96475,59.44117],[25.96536,59.44153],[25.96631,59.44185],[25.9667,59.44208],[25.96721,59.44219],[25.96848,59.44214],[25.96892,59.44225],[25.96932,59.44252],[25.9689,59.4427],[25.96914,59.44299],[25.96888,59.44358],[25.96845,59.4441],[25.96824,59.44423],[25.96811,59.44475],[25.96821,59.44505],[25.96804,59.44574],[25.96853,59.44588],[25.96905,59.44625],[25.96946,59.44666],[25.96995,59.44666],[25.97008,59.44628],[25.97079,59.44627],[25.97089,59.44663],[25.97058,59.44677],[25.97051,59.44716],[25.97061,59.44752]]},"properties":{"fclass":"river","name":"Loobu jõgi"}},
{"type":"Feature","geometry":{"type":"LineString","coordinates":[[26.51401,59.44876],[26.51385,59.44911]]},"properties":{"fclass":"river","name":"Kunda jõgi"}},
{"type":"Feature","geometry":{"type":"LineString","coordinates":[[26.51411,59.44866],[26.51401,59.44876]]},"properties":{"fclass":"river","name":"Kunda jõgi"}},
{"type":"Feature","geometry":{"type":"LineString","coordinates":[[26.44583,59.42608],[26.44553,59.42648],[26.44515,59.42712],[26.44537,59.42749],[26.44538,59.42795],[26.44506,59.42817],[26.44321,59.42971]]},"properties":{"fclass":"river","name":"Toolse jõgi"}},
{"type":"Feature","geometry":{"type":"LineString","coordinates":[[26.44306,59.42983],[26.44842,59.43254],[26.44849,59.43259]]},"properties":{"fclass":"river","name":"Toolse jõgi"}},
{"type":"Feature","geometry":{"type":"LineString","coordinates":[[26.46724,59.46984],[26.4678,59.47053],[26.46842,59.47095],[26.46897,59.47106],[26.46896,59.47135],[26.46849,59.47155],[26.46736,59.47213],[26.46736,59.4723],[26.467,59.4728],[26.46687,59.47311],[26.46694,59.47354],[26.46687,59.47411],[26.46669,59.4744]]},"properties":{"fclass":"river","name":"Toolse jõgi"}},
{"type":"Feature","geometry":{"type":"LineString","coordinates":[[26.45364,59.30141],[26.45368,59.30142]]},"properties":{"fclass":"river","name":"Sõmeru jõgi"}},
{"type":"Feature","geometry":{"type":"LineString","coordinates":[[26.44849,59.29711],[26.44965,59.29798],[26.44988,59.29823],[26.45053,59.29938],[26.45164,59.30028],[26.45224,59.30065],[26.45262,59.30076],[26.45364,59.30141]]},"properties":{"fclass":"river","name":"Sõmeru jõgi"}},
{"type":"Feature","geometry":{"type":"LineString","coordinates":[[26.47813,59.32234],[26.47851,59.32251],[26.47936,59.32265]]},"properties":{"fclass":"river","name":"Sõmeru jõgi"}},
{"type":"Feature","geometry":{"type":"LineString","coordinates":[[26.4539,59.35195],[26.45387,59.35207]]},"properties":{"fclass":"river","name":"Sõmeru jõgi"}},
{"type":"Feature","geometry":{"type":"LineString","coordinates":[[26.47742,59.32155],[26.47751,59.32178],[26.47789,59.322],[26.47774,59.32218],[26.47813,59.32234]]},"properties":{"fclass":"river","name":"Sõmeru jõgi"}},
{"type":"Feature","geometry":{"type":"LineString","coordinates":[[26.41347,59.38705],[26.41308,59.38716],[26.41239,59.38781],[26.41178,59.38822],[26.4116,59.38899],[26.41059,59.38941],[26.40969,59.38949],[26.40925,59.38968],[26.4094,59.3901],[26.40922,59.39033],[26.40831,59.39056],[26.40787,59.39083],[26.40751,59.3914],[26.4071,59.39156],[26.40627,59.39207],[26.40519,59.39266],[26.40455,59.39308],[26.404,59.39338],[26.4035,59.39376],[26.40289,59.39434],[26.4023,59.39456],[26.40248,59.39505],[26.40243,59.39584],[26.40188,59.39627],[26.40192,59.39682],[26.40178,59.39701],[26.40235,59.39749],[26.40384,59.39918]]},"properties":{"fclass":"river","name":"Sõmeru jõgi"}},
{"type":"Feature","geometry":{"type":"LineString","coordinates":[[26.34856,59.3764],[26.3492,59.37654],[26.35206,59.37688],[26.35308,59.37697],[26.35363,59.37709],[26.35499,59.37723],[26.35613,59.37781],[26.35715,59.37826],[26.35755,59.3785],[26.35753,59.37897],[26.35797,59.37891],[26.35808,59.37938],[26.35795,59.37965],[26.35868,59.37979],[26.35857,59.3801],[26.35878,59.38034],[26.35857,59.38044],[26.35948,59.38064],[26.3602,59.38068],[26.36063,59.38064],[26.361,59.38092],[26.36112,59.38121],[26.36052,59.38129],[26.36087,59.38153],[26.36057,59.38177],[26.36101,59.38183],[26.36081,59.38221],[26.36124,59.38235],[26.36277,59.38219]]},"properties":{"fclass":"stream","name":"Soolikaoja"}},
{"type":"Feature","geometry":{"type":"LineString","coordinates":[[26.29013,59.42156],[26.29024,59.42148]]},"properties":{"fclass":"stream","name":"Haljala oja"}},
{"type":"Feature","geometry":{"type":"LineString","coordinates":[[26.32981,59.38076],[26.33058,59.38073],[26.33163,59.38049],[26.33207,59.38061],[26.33243,59.38089],[26.33305,59.38102],[26.33357,59.38101],[26.33398,59.38117],[26.33431,59.38107],[26.33486,59.38144],[26.33539,59.38164],[26.33616,59.38138],[26.33644,59.38159],[26.33611,59.38181],[26.33701,59.38172],[26.33764,59.38193],[26.33812,59.38182],[26.33823,59.38199],[26.33775,59.38215],[26.33777,59.38231],[26.33837,59.38235],[26.3394,59.38264],[26.33982,59.38262],[26.33994,59.38217],[26.34043,59.38258],[26.34099,59.38257],[26.34105,59.38222],[26.34129,59.38219],[26.34203,59.3825],[26.34241,59.38244],[26.34243,59.38288],[26.3422,59.38302],[26.34128,59.38301],[26.34154,59.38321],[26.34213,59.38344],[26.34234,59.38362],[26.34294,59.38334],[26.34322,59.38348],[26.34325,59.3839],[26.34387,59.3839],[26.34425,59.38398],[26.34456,59.38375],[26.34488,59.38384],[26.34487,59.38401],[26.34446,59.38429],[26.34386,59.38418],[26.34377,59.38448],[26.34421,59.38469],[26.34448,59.38468],[26.34517,59.38439],[26.34562,59.38445],[26.34577,59.38482],[26.34563,59.38491],[26.34492,59.38488],[26.34479,59.38502],[26.34522,59.38519],[26.34572,59.38506],[26.34599,59.38518],[26.34585,59.38544],[26.34603,59.38563],[26.34656,59.38577],[26.3462,59.38602],[26.34655,59.38621],[26.34696,59.38626],[26.34753,59.38643],[26.34742,59.38671],[26.34781,59.38681],[26.34822,59.38667],[26.34837,59.38682],[26.34813,59.38714],[26.34921,59.38714],[26.34973,59.38761],[26.35066,59.38741],[26.35062,59.38766],[26.35014,59.38781],[26.35056,59.38808]]},"properties":{"fclass":"river","name":"Selja jõgi"}},
{"type":"Feature","geometry":{"type":"LineString","coordinates":[[26.35056,59.38808],[26.35103,59.38804],[26.35176,59.38776],[26.35228,59.38772],[26.35297,59.38802],[26.3532,59.38772],[26.35357,59.38756],[26.35409,59.38749],[26.35418,59.38732],[26.35394,59.38697],[26.35399,59.3868],[26.35496,59.38686],[26.35551,59.38656],[26.35504,59.38629],[26.35438,59.38637],[26.35388,59.38636],[26.35372,59.38618],[26.35432,59.38608],[26.35509,59.38616],[26.35552,59.38613],[26.35583,59.38597],[26.3562,59.38613],[26.35663,59.38593],[26.35646,59.38555],[26.35614,59.38522],[26.35636,59.38501],[26.35756,59.38512],[26.35818,59.38472],[26.35825,59.38426],[26.35841,59.38409],[26.35925,59.38428],[26.36038,59.38388],[26.36114,59.38405],[26.36153,59.38395],[26.36164,59.38361],[26.36263,59.38362]]},"properties":{"fclass":"river","name":"Selja jõgi"}},
{"type":"Feature","geometry":{"type":"LineString","coordinates":[[26.32927,59.3951],[26.33039,59.39446],[26.33348,59.39253],[26.33591,59.39104],[26.33643,59.39108],[26.34243,59.39053]]},"properties":{"fclass":"stream","name":"Haljala oja"}},
{"type":"Feature","geometry":{"type":"LineString","coordinates":[[26.37136,59.383],[26.37266,59.38278],[26.37297,59.38283],[26.37274,59.38326],[26.37098,59.3834],[26.37083,59.38361],[26.37151,59.38391],[26.37153,59.38411],[26.37094,59.38446],[26.37108,59.38472],[26.3726,59.38483],[26.37281,59.38491],[26.37264,59.38515],[26.37139,59.38558],[26.37122,59.38581],[26.37143,59.38598],[26.37253,59.38623],[26.37319,59.38631],[26.37315,59.38644],[26.372,59.38677],[26.37186,59.38696],[26.37253,59.38729],[26.37276,59.38731],[26.3737,59.38709],[26.374,59.38713],[26.37363,59.3878],[26.37391,59.38809],[26.37457,59.38848],[26.3753,59.389],[26.37536,59.38944],[26.37593,59.38962],[26.37683,59.38979],[26.37752,59.39017],[26.37815,59.39037],[26.37834,59.39077],[26.37858,59.39206],[26.3784,59.39256],[26.37862,59.39287],[26.37996,59.39366],[26.38049,59.39383],[26.38218,59.39369],[26.38268,59.39367],[26.38284,59.39364],[26.38363,59.39314],[26.38459,59.39292],[26.38566,59.39294],[26.38607,59.39289],[26.38698,59.39266],[26.38773,59.39229],[26.38784,59.39184],[26.38815,59.39087],[26.38842,59.39063],[26.38916,59.39051],[26.39004,59.3905],[26.39069,59.39067],[26.3911,59.39066],[26.39183,59.39094],[26.39307,59.39094],[26.39377,59.39101],[26.39495,59.39147],[26.39608,59.39154],[26.39694,59.39165],[26.39761,59.39167],[26.39952,59.3918],[26.40002,59.39196],[26.40026,59.39218],[26.40029,59.39246],[26.3999,59.39259],[26.39898,59.39258],[26.39834,59.39247],[26.39794,59.39257],[26.39763,59.39303],[26.39779,59.39349],[26.39806,59.39376],[26.39864,59.39399],[26.39843,59.39423],[26.39775,59.39427],[26.39737,59.39441],[26.39765,59.39458],[26.39868,59.39474],[26.399,59.39489],[26.3991,59.39514],[26.39823,59.3957],[26.39834,59.39597],[26.39905,59.39627],[26.39935,59.39648],[26.39939,59.39678],[26.39899,59.39709],[26.39872,59.39746],[26.39885,59.39772],[26.39991,59.398],[26.40021,59.39838],[26.39962,59.39885],[26.39938,59.39913],[26.39953,59.39933],[26.39995,59.39948],[26.40062,59.39951],[26.40222,59.39939],[26.40306,59.39923],[26.40384,59.39918],[26.40418,59.39929],[26.40451,59.39953],[26.40531,59.39997],[26.40546,59.40022],[26.40486,59.40055]]},"properties":{"fclass":"river","name":"Selja jõgi"}},
{"type":"Feature","geometry":{"type":"LineString","coordinates":[[26.33163,59.38049],[26.33176,59.3802],[26.33077,59.38011],[26.33057,59.37999],[26.33079,59.3798],[26.33131,59.37979],[26.33165,59.37987],[26.33195,59.38011],[26.33294,59.38017],[26.33303,59.38047],[26.33207,59.38061]]},"properties":{"fclass":"river","name":""}},
{"type":"Feature","geometry":{"type":"LineString","coordinates":[[26.3041,59.41253],[26.31286,59.40839],[26.31622,59.40676],[26.31874,59.4055],[26.32249,59.40365],[26.32328,59.40211],[26.32351,59.40174],[26.32425,59.40015],[26.32518,59.39826],[26.32687,59.39719],[26.32797,59.39624],[26.32908,59.39517],[26.32927,59.3951]]},"properties":{"fclass":"stream","name":"Haljala oja"}},
{"type":"Feature","geometry":{"type":"LineString","coordinates":[[26.27403,59.43908],[26.27516,59.43539]]},"properties":{"fclass":"stream","name":"Haljala oja"}},
{"type":"Feature","geometry":{"type":"LineString","coordinates":[[25.67369,59.24889],[25.67349,59.24896]]},"properties":{"fclass":"stream","name":"Jänijõgi"}},
{"type":"Feature","geometry":{"type":"LineString","coordinates":[[25.6706,59.4633],[25.67055,59.46352],[25.67069,59.46415],[25.67102,59.46424],[25.67569,59.46579]]},"properties":{"fclass":"stream","name":"Pudisoo jõgi"}},
{"type":"Feature","geometry":{"type":"LineString","coordinates":[[25.67062,59.46322],[25.6706,59.4633]]},"properties":{"fclass":"stream","name":"Pudisoo jõgi"}},
{"type":"Feature","geometry":{"type":"LineString","coordinates":[[25.67065,59.46274],[25.67062,59.46322]]},"properties":{"fclass":"stream","name":"Pudisoo jõgi"}},
{"type":"Feature","geometry":{"type":"LineString","coordinates":[[25.42698,59.37732],[25.42676,59.3777]]},"properties":{"fclass":"stream","name":"Ruunoja"}},
{"type":"Feature","geometry":{"type":"LineString","coordinates":[[25.61385,59.29784],[25.61365,59.29805]]},"properties":{"fclass":"river","name":"Mustjõgi"}},
{"type":"Feature","geometry":{"type":"LineString","coordinates":[[25.65573,59.42386],[25.65662,59.42414],[25.65878,59.42596],[25.65965,59.42604],[25.66097,59.42657],[25.66122,59.42721],[25.66142,59.42837],[25.66194,59.42931],[25.66219,59.42952],[25.66208,59.42992],[25.66266,59.43076],[25.66263,59.43129],[25.66197,59.43177],[25.66174,59.43208],[25.66173,59.43259]]},"properties":{"fclass":"stream","name":"Pudisoo jõgi"}},
{"type":"Feature","geometry":{"type":"LineString","coordinates":[[25.666,59.45003],[25.66568,59.45012],[25.66506,59.44987],[25.66466,59.44992],[25.6642,59.45019],[25.66445,59.45067],[25.66472,59.45081],[25.66465,59.45102],[25.66492,59.45129],[25.66465,59.45146],[25.66471,59.45178],[25.66457,59.45202],[25.66489,59.45223],[25.66462,59.45237],[25.66388,59.45234],[25.66386,59.45262],[25.66417,59.45272],[25.66432,59.45298],[25.66408,59.45318]]},"properties":{"fclass":"stream","name":"Pudisoo jõgi"}},
{"type":"Feature","geometry":{"type":"LineString","coordinates":[[25.66609,59.44998],[25.666,59.45003]]},"properties":{"fclass":"stream","name":"Pudisoo jõgi"}},
{"type":"Feature","geometry":{"type":"LineString","coordinates":[[25.66867,59.32263],[25.6681,59.32217],[25.66698,59.32212],[25.66657,59.32192],[25.66483,59.3217],[25.66479,59.32147],[25.66451,59.32123],[25.66465,59.32108],[25.66429,59.32088],[25.66375,59.32043],[25.66316,59.32037],[25.66296,59.32006],[25.66247,59.3199],[25.66226,59.32033],[25.66194,59.32028],[25.66196,59.31996],[25.6613,59.31988],[25.66088,59.31998],[25.66034,59.31995],[25.66008,59.32008],[25.66001,59.32031],[25.65957,59.32021],[25.65925,59.32048],[25.65869,59.32054],[25.65836,59.32027],[25.65777,59.32011],[25.65745,59.32019],[25.6568,59.31998],[25.65658,59.32019],[25.65626,59.32014],[25.65612,59.3199],[25.65567,59.31996],[25.65528,59.31987],[25.65456,59.31948],[25.65391,59.31942],[25.65414,59.31915],[25.6534,59.31911]]},"properties":{"fclass":"stream","name":"Rekka oja"}},
{"type":"Feature","geometry":{"type":"LineString","coordinates":[[25.65327,59.31907],[25.65267,59.31892],[25.65242,59.31872],[25.65188,59.31854],[25.65131,59.31847]]},"properties":{"fclass":"stream","name":""}},
{"type":"Feature","geometry":{"type":"LineString","coordinates":[[25.6534,59.31911],[25.65327,59.31907]]},"properties":{"fclass":"stream","name":"Rekka oja"}},
{"type":"Feature","geometry":{"type":"LineString","coordinates":[[25.35496,59.21584],[25.35473,59.21732],[25.35489,59.21801],[25.35528,59.21854],[25.35654,59.22007],[25.35654,59.22189],[25.35652,59.22208],[25.35613,59.2226],[25.35534,59.22353],[25.35514,59.22409],[25.35783,59.22714],[25.35974,59.22756],[25.36065,59.22804],[25.36082,59.22848],[25.36149,59.23061],[25.36056,59.23555],[25.3588,59.23782],[25.35579,59.24167],[25.35523,59.24242]]},"properties":{"fclass":"river","name":"Jõelähtme jõgi"}},
{"type":"Feature","geometry":{"type":"LineString","coordinates":[[25.35523,59.24242],[25.35513,59.24255]]},"properties":{"fclass":"river","name":"Jõelähtme jõgi"}},
{"type":"Feature","geometry":{"type":"LineString","coordinates":[[25.35499,59.21576],[25.35496,59.21584]]},"properties":{"fclass":"river","name":"Jõelähtme jõgi"}},
{"type":"Feature","geometry":{"type":"LineString","coordinates":[[25.35513,59.24255],[25.35474,59.24342],[25.35,59.24615],[25.34971,59.24628],[25.34712,59.2468],[25.34529,59.24797],[25.34484,59.24821],[25.34405,59.24847],[25.3431,59.24859],[25.34074,59.2493],[25.3402,59.24943],[25.33887,59.25048],[25.33815,59.25083],[25.33659,59.25129],[25.33546,59.25158],[25.33456,59.2516],[25.33258,59.25142],[25.33117,59.25148],[25.32891,59.25198],[25.32809,59.25214],[25.32754,59.25214],[25.32728,59.2523],[25.32613,59.25283],[25.32319,59.25409]]},"properties":{"fclass":"river","name":"Jõelähtme jõgi"}},
{"type":"Feature","geometry":{"type":"LineString","coordinates":[[25.41049,59.32099],[25.40985,59.32104],[25.40975,59.32126],[25.40899,59.32151],[25.40835,59.32192],[25.40786,59.32207],[25.40757,59.32198],[25.40723,59.32211],[25.40668,59.322],[25.40594,59.32206],[25.40541,59.32186],[25.40494,59.32195],[25.40482,59.32181],[25.4043,59.32209],[25.40427,59.32236],[25.40396,59.32246],[25.40372,59.32264],[25.40331,59.32265],[25.4032,59.32286],[25.40252,59.32303],[25.40226,59.32322],[25.40231,59.32342],[25.40217,59.32366],[25.40188,59.32378]]},"properties":{"fclass":"stream","name":"Aavoja"}},
{"type":"Feature","geometry":{"type":"LineString","coordinates":[[25.41074,59.32099],[25.41049,59.32099]]},"properties":{"fclass":"stream","name":"Aavoja"}},
{"type":"Feature","geometry":{"type":"LineString","coordinates":[[26.40386,59.03408],[26.40392,59.03404]]},"properties":{"fclass":"river","name":"Pedja jõgi"}},
{"type":"Feature","geometry":{"type":"LineString","coordinates":[[25.80746,59.38802],[25.80585,59.38784],[25.80217,59.38683],[25.80106,59.38677],[25.79953,59.38724],[25.7985,59.38832],[25.79765,59.38881],[25.79661,59.38896],[25.79633,59.38893],[25.79592,59.38848],[25.7958,59.38802],[25.79477,59.38709],[25.79286,59.38668],[25.79241,59.38644],[25.79206,59.38635],[25.79075,59.38622],[25.79038,59.38624],[25.79008,59.38682],[25.7866,59.38725],[25.78626,59.38732],[25.78457,59.38789],[25.78394,59.3882],[25.78317,59.38844],[25.78186,59.38895],[25.77947,59.38952],[25.77842,59.3894],[25.77785,59.38943],[25.77685,59.38931],[25.77571,59.38948],[25.77535,59.38947],[25.77023,59.38997],[25.76811,59.39044],[25.76711,59.39059],[25.76465,59.39055],[25.76337,59.39006],[25.76003,59.39027]]},"properties":{"fclass":"stream","name":"Leppoja"}},
{"type":"Feature","geometry":{"type":"LineString","coordinates":[[25.83057,59.38032],[25.82905,59.38001],[25.82797,59.37993],[25.82736,59.37972],[25.8267,59.37971],[25.82577,59.37993],[25.82568,59.38002],[25.8249,59.38006],[25.82414,59.3799],[25.82377,59.37939],[25.82335,59.37894],[25.8227,59.37855],[25.82247,59.37823],[25.82147,59.37773],[25.82058,59.37745],[25.82045,59.37684],[25.81984,59.37652],[25.8195,59.37649],[25.81921,59.37627],[25.81927,59.37584],[25.8188,59.37561],[25.81884,59.37544],[25.81836,59.37526],[25.8179,59.37528],[25.81759,59.37552],[25.81705,59.37544],[25.81627,59.37548],[25.81583,59.3753],[25.81474,59.37537]]},"properties":{"fclass":"stream","name":"Härjakõrioja"}},
{"type":"Feature","geometry":{"type":"LineString","coordinates":[[25.84916,59.36091],[25.84869,59.36107],[25.84833,59.36099],[25.8481,59.36064],[25.84799,59.35985],[25.84756,59.35971],[25.8474,59.35951],[25.84747,59.35927],[25.84671,59.35905],[25.84659,59.35868],[25.84576,59.35855],[25.84532,59.35863],[25.84512,59.35844],[25.84535,59.35817],[25.84478,59.3577],[25.84435,59.35771],[25.84429,59.35743],[25.84375,59.35766],[25.84377,59.35728],[25.84361,59.35706],[25.84291,59.35698],[25.84233,59.357],[25.8421,59.35691],[25.84179,59.35712],[25.84078,59.35706],[25.84001,59.35684],[25.83982,59.35672],[25.84005,59.35639],[25.84028,59.35632],[25.84022,59.35601],[25.8404,59.35586],[25.84037,59.35561],[25.83978,59.35553],[25.83937,59.35533],[25.83797,59.35505],[25.83771,59.35469],[25.8372,59.35432],[25.83715,59.35413],[25.83741,59.35382],[25.83682,59.35359],[25.83632,59.35369],[25.83604,59.35359],[25.83591,59.35319],[25.83532,59.35269],[25.83486,59.35266],[25.83421,59.35221],[25.83373,59.35219],[25.83311,59.35192],[25.83288,59.35163],[25.83202,59.35162],[25.83165,59.35127],[25.83093,59.35111],[25.83065,59.3509],[25.82982,59.35053],[25.82947,59.35051],[25.82886,59.35021]]},"properties":{"fclass":"stream","name":"Pala oja"}},
{"type":"Feature","geometry":{"type":"LineString","coordinates":[[25.78123,59.44721],[25.78115,59.44727]]},"properties":{"fclass":"stream","name":"Pikkoja"}},
{"type":"Feature","geometry":{"type":"LineString","coordinates":[[25.78115,59.44727],[25.78083,59.44746],[25.78056,59.44728],[25.78012,59.44736],[25.78015,59.44755],[25.77983,59.44773],[25.77933,59.44762],[25.77895,59.44767],[25.77854,59.44791],[25.77866,59.44811],[25.778,59.44807],[25.77741,59.44835],[25.77641,59.4487],[25.77625,59.44904],[25.77583,59.44914],[25.7757,59.44932],[25.77533,59.44936],[25.77573,59.44968],[25.77493,59.44991],[25.77457,59.45012],[25.77505,59.45051],[25.77456,59.45055],[25.77455,59.45073],[25.7752,59.45082],[25.77481,59.45103],[25.77504,59.45121],[25.77513,59.45159],[25.77443,59.45189],[25.77472,59.45244],[25.77465,59.45273],[25.77495,59.45303],[25.77463,59.45318],[25.77419,59.45313]]},"properties":{"fclass":"stream","name":"Pikkoja"}},
{"type":"Feature","geometry":{"type":"LineString","coordinates":[[25.80917,59.42882],[25.80945,59.42899],[25.80939,59.42959],[25.80999,59.42961],[25.81049,59.43039],[25.81036,59.43047],[25.81053,59.431],[25.81111,59.43105],[25.81097,59.43128],[25.81059,59.43135],[25.81062,59.43165],[25.81025,59.43163],[25.81,59.432],[25.81017,59.43225],[25.80952,59.43216],[25.80963,59.43242],[25.80926,59.43274],[25.80889,59.43286],[25.80879,59.43329],[25.80818,59.43326],[25.80794,59.43345],[25.80794,59.4337],[25.80706,59.43355],[25.80685,59.4337],[25.80644,59.43366],[25.80608,59.43384],[25.80555,59.43381],[25.80549,59.43401],[25.80509,59.43409],[25.80504,59.43424],[25.80451,59.43421],[25.80424,59.43448],[25.8036,59.43477],[25.80372,59.43501],[25.80353,59.43521],[25.80299,59.43541],[25.80226,59.43548],[25.80203,59.43602],[25.80245,59.43618],[25.80176,59.43632],[25.80149,59.43652],[25.80111,59.43664],[25.80036,59.43702],[25.80091,59.43722],[25.80028,59.43738],[25.79941,59.43745],[25.7995,59.43765],[25.7987,59.43768],[25.79831,59.43777],[25.79814,59.43796],[25.79703,59.43859],[25.79651,59.43859],[25.79652,59.4389],[25.79601,59.43918],[25.7964,59.43924],[25.79578,59.43973],[25.79555,59.44014],[25.79504,59.44022],[25.79439,59.44054],[25.79363,59.44074],[25.7937,59.44093],[25.79326,59.44115],[25.79252,59.4412],[25.79236,59.44149],[25.79191,59.44147],[25.7916,59.44157],[25.79175,59.44192],[25.79087,59.44215],[25.79056,59.44235],[25.78991,59.4426],[25.78992,59.44295],[25.78946,59.44289],[25.78921,59.44303],[25.78861,59.44314],[25.78858,59.44361],[25.78756,59.44402],[25.78675,59.44442],[25.78645,59.44444],[25.78609,59.44472],[25.78556,59.44458],[25.78506,59.44472],[25.78398,59.44449],[25.78371,59.44458],[25.78405,59.44478],[25.78373,59.44486],[25.78385,59.44513],[25.78374,59.44534],[25.7833,59.44553],[25.78331,59.44572],[25.78275,59.44587],[25.78299,59.44609],[25.78288,59.44642],[25.7823,59.4464],[25.7823,59.44666],[25.78178,59.44669],[25.78139,59.44684],[25.78123,59.44721]]},"properties":{"fclass":"stream","name":"Pikkoja"}},
{"type":"Feature","geometry":{"type":"LineString","coordinates":[[25.85547,59.37018],[25.85536,59.37009]]},"properties":{"fclass":"stream","name":"Pala oja"}},
{"type":"Feature","geometry":{"type":"LineString","coordinates":[[25.90121,59.35678],[25.90025,59.3585],[25.89955,59.35848],[25.89944,59.35909],[25.89767,59.36005],[25.89327,59.36449],[25.89101,59.36651],[25.89044,59.36677],[25.89006,59.36702],[25.88985,59.36747],[25.89012,59.36773],[25.89007,59.36813],[25.8897,59.36822],[25.88948,59.36843],[25.88949,59.36873],[25.889,59.3689],[25.88868,59.3692],[25.88891,59.36958],[25.88846,59.36977],[25.88843,59.37004],[25.88784,59.37029],[25.88742,59.3708],[25.88706,59.37088],[25.88639,59.37146],[25.88572,59.37224],[25.88535,59.37249],[25.88526,59.37275],[25.88486,59.37289],[25.88486,59.37315],[25.8845,59.37329],[25.88459,59.37364],[25.8839,59.37404],[25.88367,59.37431],[25.88344,59.37427],[25.88283,59.37439],[25.88212,59.37437],[25.8802,59.37425],[25.87931,59.3741],[25.87889,59.37445],[25.87918,59.3746],[25.87866,59.37475],[25.87863,59.37509],[25.87891,59.37528],[25.88013,59.37626],[25.88035,59.37633],[25.88003,59.37705],[25.88038,59.37742],[25.87987,59.37766],[25.88002,59.37807],[25.87965,59.37848],[25.87952,59.37893],[25.87954,59.37938],[25.87907,59.3795],[25.87803,59.37959],[25.87634,59.37941],[25.87574,59.37903],[25.87345,59.37833],[25.87238,59.37807],[25.87143,59.37776],[25.8704,59.37776],[25.87,59.37744],[25.86927,59.37714],[25.86806,59.37705],[25.86791,59.37681],[25.8674,59.37658],[25.86694,59.37627],[25.86612,59.3759],[25.86424,59.3756],[25.86374,59.37533]]},"properties":{"fclass":"stream","name":"Pala oja"}},
{"type":"Feature","geometry":{"type":"LineString","coordinates":[[25.85137,59.25652],[25.85132,59.25665]]},"properties":{"fclass":"river","name":"Soodla jõgi"}},
{"type":"Feature","geometry":{"type":"LineString","coordinates":[[25.85132,59.25665],[25.85122,59.25697],[25.85041,59.25743],[25.84833,59.25844],[25.84763,59.25865],[25.847,59.25914],[25.845,59.2606],[25.84426,59.26082],[25.84399,59.26149],[25.84436,59.26212],[25.84441,59.26269],[25.8436,59.26284],[25.84382,59.26326],[25.84355,59.26337],[25.8429,59.26335],[25.84191,59.26426],[25.84132,59.26458],[25.84096,59.26469]]},"properties":{"fclass":"river","name":"Soodla jõgi"}},
{"type":"Feature","geometry":{"type":"LineString","coordinates":[[25.68313,59.33877],[25.68453,59.33851],[25.68588,59.33751],[25.68598,59.33649],[25.68198,59.33541],[25.68056,59.33254],[25.67659,59.33121],[25.67546,59.32861],[25.67603,59.327],[25.67592,59.32654],[25.67548,59.32645]]},"properties":{"fclass":"stream","name":"Rekka oja"}},
{"type":"Feature","geometry":{"type":"LineString","coordinates":[[25.56118,59.31047],[25.561,59.31041]]},"properties":{"fclass":"river","name":"Mustjõgi"}},
{"type":"Feature","geometry":{"type":"LineString","coordinates":[[25.561,59.31041],[25.56035,59.31052],[25.55969,59.31046],[25.55964,59.31081],[25.55917,59.31073],[25.55898,59.31104],[25.55818,59.31105],[25.55784,59.31076],[25.55779,59.31056],[25.55729,59.31054],[25.5573,59.31078],[25.55687,59.31086],[25.55669,59.31046],[25.55634,59.31056],[25.55631,59.31022],[25.55599,59.31022],[25.55577,59.3104],[25.55543,59.31044],[25.55515,59.31012],[25.55518,59.30984],[25.55461,59.30983],[25.55454,59.30947],[25.55397,59.30957],[25.55388,59.30933],[25.55448,59.30901],[25.55389,59.30886],[25.55405,59.30863],[25.5533,59.3085],[25.55298,59.30882],[25.5527,59.30855],[25.55312,59.3083],[25.55259,59.3081],[25.55225,59.30809],[25.55128,59.3079],[25.55094,59.3081],[25.55073,59.308],[25.55092,59.30761],[25.55013,59.30773],[25.54989,59.30789],[25.54954,59.3079],[25.54895,59.30753],[25.5487,59.30702],[25.54822,59.30697],[25.54785,59.30717],[25.54772,59.30752],[25.54743,59.30757],[25.54639,59.30708],[25.54615,59.30681],[25.5462,59.30657],[25.54518,59.30673],[25.54493,59.30653],[25.54466,59.30656],[25.54447,59.30692],[25.54389,59.3066],[25.54334,59.30681],[25.54332,59.30653],[25.54369,59.30646],[25.54376,59.30621],[25.54217,59.30567],[25.54195,59.30604],[25.54159,59.30609],[25.54161,59.30578],[25.5411,59.30571],[25.54109,59.30602],[25.54074,59.3061],[25.54053,59.3058],[25.54063,59.30541],[25.5399,59.30496],[25.53969,59.30473],[25.53999,59.30451],[25.53966,59.30426],[25.53916,59.30436],[25.53849,59.30426],[25.53837,59.30405],[25.53795,59.30381],[25.538,59.30338],[25.53735,59.30335],[25.53707,59.30361],[25.53629,59.30367],[25.53596,59.30353],[25.53622,59.30339],[25.53604,59.30318],[25.53558,59.30308],[25.53526,59.3033],[25.53449,59.30318],[25.53414,59.30306],[25.53432,59.30291],[25.53421,59.30259],[25.53463,59.30233],[25.53336,59.30228],[25.5331,59.30184],[25.53238,59.30185],[25.5323,59.30227],[25.53211,59.30229],[25.53125,59.30186],[25.53105,59.3019],[25.53103,59.30232],[25.53077,59.30236],[25.53047,59.30205],[25.52999,59.30193],[25.53004,59.30224],[25.52979,59.30236],[25.52929,59.30217],[25.52876,59.30142],[25.52843,59.30131],[25.52816,59.30166],[25.52782,59.30144],[25.52694,59.30155],[25.527,59.30119],[25.52667,59.30113],[25.5263,59.30127],[25.52527,59.30115],[25.52499,59.30091],[25.52513,59.30039],[25.52545,59.30027],[25.5255,59.30006],[25.5252,59.29982],[25.52389,59.29942],[25.52331,59.29863],[25.52387,59.29869],[25.52386,59.29848],[25.52311,59.298],[25.52257,59.29794],[25.52217,59.29798],[25.52175,59.29829],[25.52139,59.29808],[25.52149,59.2978],[25.52134,59.29768],[25.52078,59.29767],[25.52064,59.29736],[25.51996,59.29738],[25.51959,59.29707],[25.51872,59.29732],[25.51829,59.29751],[25.51768,59.29761],[25.51756,59.2973],[25.51724,59.29722],[25.51616,59.29735],[25.51575,59.29711],[25.51598,59.29678],[25.51552,59.29643],[25.51526,59.29608],[25.51486,59.29607],[25.51437,59.29589],[25.51334,59.29576],[25.51298,59.29585],[25.51265,59.29619],[25.51237,59.29622],[25.51193,59.29595],[25.51155,59.29548],[25.51074,59.29539],[25.51079,59.2952],[25.51126,59.29514],[25.51099,59.29489],[25.51013,59.29511],[25.51023,59.29452],[25.50966,59.29439],[25.50943,59.29475],[25.50829,59.2945],[25.50768,59.29455],[25.50758,59.29434],[25.50783,59.29415],[25.50731,59.29399],[25.50681,59.29423],[25.50655,59.29395],[25.50676,59.29368],[25.50626,59.29347],[25.50562,59.29365],[25.50524,59.29361],[25.50515,59.29335],[25.50537,59.29323],[25.50539,59.29276],[25.50458,59.2927],[25.50413,59.29291],[25.50357,59.29278],[25.50361,59.29198],[25.50198,59.29169],[25.50187,59.29154],[25.50215,59.2911],[25.50174,59.29094],[25.50072,59.29093],[25.50027,59.29064],[25.49989,59.29053],[25.49965,59.29029],[25.49902,59.2901],[25.49902,59.28986],[25.49948,59.28993],[25.49993,59.28976],[25.49983,59.28951],[25.49919,59.28949],[25.49937,59.28928],[25.49921,59.28915],[25.49869,59.2892],[25.49846,59.2891],[25.49859,59.28888],[25.49828,59.28881],[25.49785,59.28902],[25.49734,59.28895],[25.49743,59.28857],[25.49661,59.28819],[25.49528,59.28804],[25.49476,59.28787],[25.49526,59.28768],[25.49513,59.28751],[25.49471,59.28758],[25.49462,59.28741],[25.49416,59.28731],[25.49348,59.28738],[25.49307,59.28716],[25.49213,59.28698],[25.49156,59.28706],[25.49091,59.28666],[25.49154,59.28663],[25.49157,59.28644],[25.49093,59.28644],[25.49023,59.28653],[25.4898,59.28632],[25.48927,59.28616],[25.48959,59.28584],[25.49011,59.28594],[25.49032,59.28587],[25.48986,59.28544],[25.48962,59.28533],[25.48942,59.28497],[25.48868,59.285],[25.48845,59.28472],[25.48817,59.28466],[25.48741,59.28468],[25.48667,59.28507],[25.4865,59.28508],[25.48612,59.28465],[25.48654,59.28442],[25.48629,59.28431],[25.48624,59.28402],[25.48594,59.28399],[25.48569,59.28418],[25.4852,59.28432],[25.48446,59.2844],[25.48419,59.28463],[25.48398,59.28505],[25.48358,59.28534],[25.48254,59.28548],[25.48225,59.28544],[25.48189,59.28507],[25.48211,59.2847],[25.48133,59.28452],[25.48084,59.28429],[25.48051,59.28445],[25.48042,59.28489],[25.48006,59.2851],[25.47879,59.28488],[25.47802,59.28461],[25.47782,59.28444],[25.47732,59.28374],[25.47782,59.28357],[25.47758,59.28324],[25.47615,59.28296],[25.47587,59.28273],[25.47525,59.28273],[25.47519,59.28301],[25.47495,59.28304],[25.47424,59.28265],[25.47362,59.2825],[25.47329,59.28254],[25.47292,59.28308],[25.47217,59.28312],[25.47175,59.28292],[25.47176,59.28268],[25.47209,59.28251],[25.47205,59.28234],[25.47084,59.28253],[25.47029,59.28236],[25.47003,59.28238],[25.46869,59.28265],[25.46803,59.28268],[25.46761,59.28254],[25.4668,59.28216],[25.46688,59.28184],[25.46643,59.28184],[25.46611,59.282],[25.46543,59.28211],[25.46517,59.28196],[25.46531,59.28173],[25.46499,59.28165],[25.46475,59.28198],[25.46403,59.28186],[25.46346,59.28183],[25.46341,59.28148],[25.46271,59.2815],[25.46255,59.28174],[25.46178,59.28145],[25.4612,59.28143],[25.46043,59.28178],[25.46,59.28173],[25.46006,59.2814],[25.45963,59.28112],[25.45879,59.28111]]},"properties":{"fclass":"river","name":"Mustjõgi"}},
{"type":"Feature","geometry":{"type":"LineString","coordinates":[[25.61365,59.29805],[25.61342,59.29827],[25.61355,59.29866],[25.61341,59.2993],[25.61348,59.3],[25.61345,59.30069],[25.61351,59.30118],[25.61292,59.30141],[25.6129,59.30162],[25.61239,59.30176],[25.61139,59.30185],[25.61134,59.30207],[25.61157,59.30243],[25.61159,59.30269],[25.61208,59.30267],[25.61214,59.3029],[25.61088,59.30337],[25.61077,59.30362],[25.61139,59.30359],[25.61155,59.30392],[25.61114,59.3041],[25.61083,59.30398],[25.61061,59.30415],[25.61012,59.30421],[25.61031,59.30444],[25.61099,59.30441],[25.61101,59.30461],[25.61075,59.30475],[25.61017,59.30472],[25.60995,59.30489],[25.60957,59.30479],[25.60948,59.30501],[25.6101,59.30523],[25.61036,59.30546],[25.60978,59.30591],[25.60987,59.30613],[25.60949,59.30641],[25.60875,59.30661],[25.60903,59.3068],[25.60888,59.30695],[25.60791,59.30688],[25.60745,59.30717],[25.60697,59.30711],[25.6067,59.3072],[25.60673,59.30753],[25.6074,59.30756],[25.6073,59.30774],[25.6069,59.30793],[25.60612,59.30774],[25.6059,59.30787],[25.60534,59.30794],[25.60538,59.30817],[25.60492,59.30821],[25.60445,59.30811],[25.60445,59.30783],[25.60384,59.30791],[25.60347,59.30808],[25.60299,59.30814],[25.60287,59.30797],[25.60241,59.30802],[25.60232,59.30825],[25.60189,59.3081],[25.60145,59.30842],[25.60124,59.3084],[25.60097,59.30804],[25.60021,59.30801],[25.59985,59.30837],[25.60016,59.30856],[25.5995,59.30889],[25.59885,59.30894],[25.5986,59.30874],[25.59786,59.30892],[25.597,59.30859],[25.59628,59.30861],[25.596,59.30882],[25.59576,59.30866],[25.59594,59.3084],[25.59529,59.30835],[25.59488,59.30872],[25.59496,59.30891],[25.59465,59.30906],[25.5943,59.30897],[25.59439,59.30866],[25.59389,59.30876],[25.59411,59.30906],[25.59382,59.30915],[25.59331,59.3091],[25.5929,59.30893],[25.59288,59.30871],[25.59104,59.30905],[25.59043,59.3091],[25.58975,59.30898],[25.58865,59.30921],[25.58842,59.30895],[25.58752,59.30911],[25.58698,59.30914],[25.58657,59.3093],[25.5862,59.30959],[25.58556,59.30948],[25.58521,59.30963],[25.58514,59.30983],[25.58443,59.30977],[25.58448,59.31006],[25.58386,59.31012],[25.58372,59.30982],[25.58275,59.3097],[25.58244,59.30998],[25.58241,59.31026],[25.58174,59.31005],[25.58153,59.30979],[25.58075,59.30988],[25.58037,59.31011],[25.57991,59.31006],[25.57982,59.30971],[25.57944,59.30971],[25.57881,59.30992],[25.57852,59.3102],[25.57829,59.31014],[25.57827,59.30983],[25.578,59.30981],[25.57759,59.30996],[25.57708,59.31043],[25.57639,59.31012],[25.57617,59.30996],[25.57578,59.31006],[25.57542,59.30966],[25.57465,59.30954],[25.57413,59.30976],[25.57402,59.31001],[25.57323,59.3098],[25.57303,59.30995],[25.57237,59.30968],[25.57236,59.3092],[25.57205,59.30913],[25.57161,59.30932],[25.57132,59.30933],[25.57123,59.30956],[25.57044,59.30969],[25.57022,59.30947],[25.56957,59.30944],[25.56938,59.30974],[25.56866,59.30986],[25.56841,59.30961],[25.56743,59.30972],[25.56744,59.30996],[25.56678,59.31002],[25.56609,59.30998],[25.56588,59.31039],[25.5654,59.31038],[25.5652,59.3099],[25.56437,59.30982],[25.56414,59.30993],[25.56408,59.31041],[25.56325,59.31049],[25.56256,59.31014],[25.562,59.3102],[25.56196,59.31049],[25.56118,59.31047]]},"properties":{"fclass":"river","name":"Mustjõgi"}},
{"type":"Feature","geometry":{"type":"LineString","coordinates":[[25.5132,59.45545],[25.51304,59.45614]]},"properties":{"fclass":"river","name":"Loo jõgi"}},
{"type":"Feature","geometry":{"type":"LineString","coordinates":[[25.51304,59.45614],[25.51306,59.45674],[25.51351,59.45681],[25.51396,59.45719],[25.514,59.45754],[25.51325,59.45805],[25.51271,59.45853],[25.51306,59.45912],[25.51219,59.45935],[25.51183,59.45951],[25.51179,59.45987],[25.51041,59.46017],[25.50987,59.46011],[25.50959,59.46019],[25.50914,59.46065],[25.50869,59.46065],[25.50777,59.46052],[25.50751,59.46038],[25.50693,59.46061],[25.50692,59.46089],[25.50583,59.46107],[25.50571,59.4614],[25.50587,59.46154],[25.50577,59.46178],[25.50654,59.46203],[25.50608,59.4622],[25.50551,59.46218],[25.50508,59.46238],[25.50524,59.46263],[25.50442,59.46291],[25.50413,59.46277],[25.50364,59.46281],[25.50219,59.46325],[25.50175,59.4633],[25.50163,59.46314],[25.50078,59.46278],[25.50043,59.46276],[25.4994,59.46248],[25.49911,59.46268],[25.49865,59.46265],[25.49856,59.46288],[25.49786,59.46283],[25.49686,59.46254],[25.49661,59.46267],[25.49586,59.46259],[25.49526,59.46235],[25.49409,59.46227],[25.49376,59.46239],[25.49298,59.46245],[25.49268,59.46274],[25.49236,59.46277],[25.49208,59.46298],[25.49124,59.46299],[25.49085,59.46336],[25.48932,59.46376],[25.48882,59.46373],[25.48902,59.46416],[25.48927,59.46435],[25.48911,59.46498],[25.48969,59.46484],[25.49014,59.4649],[25.49045,59.46505],[25.49049,59.46534],[25.49015,59.4657],[25.49025,59.46592],[25.48987,59.46609],[25.48905,59.46581],[25.48848,59.46602],[25.48818,59.46652],[25.48826,59.46675]]},"properties":{"fclass":"river","name":"Loo jõgi"}},
{"type":"Feature","geometry":{"type":"LineString","coordinates":[[26.07287,59.24387],[26.07119,59.24347],[26.07048,59.24339],[26.07014,59.24346],[26.07008,59.2432],[26.06964,59.24321],[26.06929,59.2435],[26.06822,59.24319],[26.06786,59.24336],[26.06754,59.24327],[26.06712,59.24356],[26.06725,59.24381],[26.06691,59.24409],[26.06648,59.24408],[26.0663,59.24373],[26.06533,59.24409],[26.06473,59.24393],[26.06405,59.24395],[26.0638,59.24386],[26.06319,59.24407],[26.06267,59.24392],[26.06116,59.24405],[26.05804,59.2445],[26.0565,59.24479]]},"properties":{"fclass":"river","name":"Valgejõgi"}},
{"type":"Feature","geometry":{"type":"LineString","coordinates":[[26.13636,59.2126],[26.13531,59.21371],[26.13499,59.21429],[26.1325,59.21699],[26.13194,59.21749],[26.13138,59.21824],[26.13112,59.21841],[26.12896,59.21909],[26.128,59.21944],[26.1269,59.21993],[26.12412,59.22146],[26.12369,59.22173],[26.12347,59.22219],[26.12199,59.22374],[26.12165,59.2242],[26.11947,59.22619],[26.11894,59.22651],[26.11769,59.22708],[26.11668,59.22749],[26.1156,59.22815],[26.11518,59.22859],[26.11428,59.22909],[26.11298,59.22922],[26.11213,59.22913],[26.1116,59.22926],[26.1114,59.22977],[26.11081,59.22989],[26.11007,59.23023],[26.10985,59.23056],[26.10905,59.2305],[26.10881,59.23087],[26.10828,59.23092],[26.10839,59.23124],[26.10806,59.23126],[26.10783,59.23077],[26.10746,59.23079],[26.10666,59.23118],[26.10628,59.23113],[26.10613,59.23093],[26.10576,59.23085],[26.10525,59.231],[26.10457,59.23094],[26.10319,59.23092],[26.1023,59.23095],[26.10146,59.23128],[26.10149,59.23161],[26.10119,59.23188],[26.10017,59.23193],[26.10007,59.23213],[26.0996,59.23221],[26.09915,59.23215],[26.09907,59.23246],[26.09856,59.23242],[26.09768,59.23258],[26.0964,59.23246],[26.09608,59.23256],[26.09536,59.23252],[26.09474,59.2329],[26.09398,59.23323],[26.09375,59.2335],[26.09345,59.23354],[26.0931,59.23336],[26.0922,59.23341],[26.09178,59.23364],[26.09122,59.23346],[26.09084,59.23364],[26.09017,59.2337],[26.08991,59.23391],[26.08887,59.23384],[26.08825,59.23407],[26.08755,59.23446],[26.08718,59.23493],[26.08592,59.23521],[26.08578,59.23598],[26.08609,59.2361],[26.08631,59.23663],[26.08591,59.23689],[26.08517,59.23699],[26.08471,59.23718],[26.08442,59.2375],[26.08403,59.23774],[26.08331,59.23792],[26.08245,59.23827],[26.08214,59.23819],[26.08206,59.23799],[26.08171,59.23798],[26.0815,59.23823],[26.08118,59.2383],[26.08053,59.23864],[26.0806,59.23898],[26.07902,59.23911],[26.07922,59.23947],[26.07859,59.23949],[26.07936,59.23975],[26.07938,59.24027],[26.07958,59.24059],[26.07916,59.24093],[26.0789,59.24126],[26.07853,59.24153],[26.07801,59.24165],[26.07777,59.2418],[26.07725,59.2417],[26.07672,59.24199],[26.07642,59.24188],[26.07561,59.24203],[26.075,59.24243],[26.07398,59.24246],[26.07399,59.24304],[26.07325,59.24342],[26.07315,59.24378],[26.07287,59.24387]]},"properties":{"fclass":"river","name":"Valgejõgi"}},
{"type":"Feature","geometry":{"type":"LineString","coordinates":[[26.02308,59.25461],[26.02114,59.25457],[26.0204,59.25467],[26.01956,59.25495],[26.01906,59.25536],[26.01855,59.25557],[26.01762,59.25575],[26.01563,59.25602],[26.01474,59.25594],[26.01395,59.2558],[26.01291,59.25623],[26.01225,59.25642],[26.01125,59.25687],[26.01028,59.25711],[26.01011,59.25737],[26.00967,59.25752],[26.00908,59.25737],[26.00756,59.25756],[26.00699,59.2582],[26.00703,59.25852],[26.00668,59.25875],[26.00564,59.25906],[26.00413,59.25984]]},"properties":{"fclass":"river","name":"Valgejõgi"}},
{"type":"Feature","geometry":{"type":"LineString","coordinates":[[26.19215,59.1885],[26.19199,59.18863]]},"properties":{"fclass":"river","name":"Valgejõgi"}},
{"type":"Feature","geometry":{"type":"LineString","coordinates":[[25.78038,58.97271],[25.78111,58.9716]]},"properties":{"fclass":"river","name":"Esna jõgi"}},
{"type":"Feature","geometry":{"type":"LineString","coordinates":[[25.59636,59.44321],[25.60015,59.44408],[25.60106,59.44431],[25.60149,59.44447],[25.60343,59.44535],[25.60355,59.44544],[25.60387,59.44641],[25.60406,59.44657],[25.60516,59.44701],[25.60632,59.44755],[25.60659,59.44789],[25.60723,59.44812],[25.60793,59.44862],[25.60749,59.44881],[25.60735,59.44915],[25.60698,59.44921],[25.60709,59.44956],[25.60666,59.44978],[25.60652,59.45014],[25.60639,59.45081],[25.60563,59.45097],[25.60476,59.45132],[25.6039,59.45132],[25.60319,59.45171],[25.60281,59.45202],[25.60267,59.45269],[25.60223,59.45284],[25.60222,59.4531],[25.60189,59.4535],[25.60231,59.45383],[25.60176,59.4543],[25.60099,59.45455],[25.60078,59.45472],[25.60076,59.45514]]},"properties":{"fclass":"stream","name":"Kolga jõgi"}},
{"type":"Feature","geometry":{"type":"LineString","coordinates":[[25.38986,59.44623],[25.3896,59.44652],[25.38893,59.44709],[25.38799,59.44743],[25.3872,59.4478],[25.3856,59.44879],[25.38534,59.44899]]},"properties":{"fclass":"stream","name":"Kiiu oja"}},
{"type":"Feature","geometry":{"type":"LineString","coordinates":[[25.38258,59.45004],[25.38123,59.45038],[25.38079,59.45057],[25.38084,59.45085],[25.38052,59.45106],[25.37971,59.45135],[25.37897,59.45167]]},"properties":{"fclass":"stream","name":"Kiiu oja"}},
{"type":"Feature","geometry":{"type":"LineString","coordinates":[[25.37885,59.45176],[25.37775,59.45207],[25.37682,59.45221],[25.37539,59.45282],[25.37111,59.45491],[25.36988,59.45593],[25.36831,59.45652],[25.36761,59.45707],[25.36691,59.45755],[25.36513,59.45886],[25.36356,59.45943],[25.36352,59.4595],[25.36198,59.46002],[25.36104,59.46038],[25.3605,59.4604],[25.35858,59.46059],[25.35629,59.46134]]},"properties":{"fclass":"stream","name":"Kiiu oja"}},
{"type":"Feature","geometry":{"type":"LineString","coordinates":[[26.27044,59.07977],[26.26949,59.07959],[26.26903,59.07931],[26.26874,59.07925],[26.26856,59.07856],[26.26834,59.07842],[26.26836,59.0781],[26.2692,59.0779],[26.26903,59.07768],[26.26708,59.07651],[26.26696,59.07612],[26.26775,59.0752],[26.26799,59.07453],[26.2678,59.07413],[26.26749,59.07403],[26.26614,59.07386],[26.26361,59.0737],[26.26317,59.07358],[26.26295,59.07286],[26.26278,59.07272],[26.26159,59.07267],[26.26035,59.07266],[26.2597,59.07262],[26.25836,59.07271],[26.25701,59.07272],[26.25629,59.07268],[26.2555,59.07256],[26.25528,59.07239]]},"properties":{"fclass":"river","name":"Nõmme jõgi"}},
{"type":"Feature","geometry":{"type":"LineString","coordinates":[[26.2091,59.00384],[26.20855,59.00355],[26.20872,59.00314],[26.20837,59.00287],[26.20805,59.00231],[26.20775,59.00196],[26.20691,59.00134],[26.20676,59.00104],[26.20722,59.00071],[26.20779,59.0005],[26.20801,59.00027],[26.20759,58.99979],[26.20664,58.9992],[26.20626,58.9991],[26.20602,58.99857],[26.20581,58.99837],[26.20556,58.99813],[26.20535,58.99769],[26.20462,58.99734],[26.20427,58.99662],[26.20443,58.9961]]},"properties":{"fclass":"river","name":"Põltsamaa jõgi"}},
{"type":"Feature","geometry":{"type":"LineString","coordinates":[[26.20743,59.00643],[26.20825,59.00592],[26.20787,59.00567],[26.20796,59.0055],[26.20856,59.00564],[26.209,59.00553],[26.20888,59.0052],[26.20842,59.00508],[26.20864,59.00483],[26.20864,59.00461],[26.20888,59.00401],[26.2091,59.00384]]},"properties":{"fclass":"river","name":"Põltsamaa jõgi"}},
{"type":"Feature","geometry":{"type":"LineString","coordinates":[[26.2107,59.15093],[26.21114,59.1495],[26.21143,59.14895],[26.21116,59.14722],[26.21129,59.14705],[26.21146,59.14623],[26.21139,59.14492],[26.21112,59.14418],[26.21071,59.14359],[26.2105,59.14293],[26.20999,59.14179],[26.21001,59.14036],[26.21064,59.14009],[26.21049,59.13977],[26.20962,59.1394],[26.20984,59.13873],[26.20899,59.13853],[26.20865,59.13832],[26.20862,59.1374],[26.20872,59.13693],[26.20859,59.13604],[26.2074,59.13396],[26.20732,59.13344],[26.20762,59.13205],[26.2076,59.13144],[26.20734,59.13061],[26.20739,59.13012],[26.20857,59.12835],[26.20867,59.12492],[26.20886,59.12434],[26.20902,59.12417],[26.20994,59.12394],[26.21018,59.12368],[26.20983,59.12319]]},"properties":{"fclass":"river","name":"Põltsamaa jõgi"}},
{"type":"Feature","geometry":{"type":"LineString","coordinates":[[26.1924,59.02002],[26.19285,59.02001],[26.19482,59.01962],[26.19588,59.01955],[26.19764,59.01916],[26.19763,59.01886],[26.1971,59.01879],[26.19676,59.01859],[26.19668,59.01835],[26.19697,59.01791],[26.19749,59.01658],[26.19777,59.01655],[26.2006,59.01538],[26.2006,59.01519],[26.20031,59.01486],[26.20038,59.01442],[26.20083,59.01425],[26.20087,59.01385],[26.20044,59.01358],[26.2011,59.01294],[26.20139,59.01283],[26.20229,59.01288],[26.20264,59.01262],[26.20283,59.01226],[26.20287,59.01173],[26.20338,59.01165],[26.20353,59.01146],[26.20338,59.01129],[26.20364,59.01102],[26.20348,59.01065],[26.20363,59.0105]]},"properties":{"fclass":"river","name":"Põltsamaa jõgi"}},
{"type":"Feature","geometry":{"type":"LineString","coordinates":[[26.09873,58.97331],[26.10727,58.96951]]},"properties":{"fclass":"river","name":"Vahu jõgi"}},
{"type":"Feature","geometry":{"type":"LineString","coordinates":[[25.32521,59.12605],[25.32586,59.12654]]},"properties":{"fclass":"river","name":"Pirita jõgi"}},
{"type":"Feature","geometry":{"type":"LineString","coordinates":[[26.45387,59.35207],[26.45391,59.35221]]},"properties":{"fclass":"river","name":"Sõmeru jõgi"}},
{"type":"Feature","geometry":{"type":"LineString","coordinates":[[26.45391,59.35221],[26.45405,59.35245],[26.45396,59.35272],[26.45261,59.35338],[26.45018,59.35445],[26.44565,59.35651],[26.44171,59.35837],[26.44157,59.35857],[26.44132,59.35929],[26.44148,59.35984],[26.44278,59.36166],[26.4435,59.36247],[26.44347,59.36297],[26.44304,59.36329],[26.44227,59.36359],[26.4417,59.36393],[26.44106,59.36486]]},"properties":{"fclass":"river","name":"Sõmeru jõgi"}},
{"type":"Feature","geometry":{"type":"LineString","coordinates":[[25.27379,59.4126],[25.27167,59.41301],[25.27028,59.41341],[25.26887,59.41458],[25.26855,59.41528],[25.2675,59.41596],[25.26708,59.41612],[25.26602,59.41631],[25.26499,59.41642],[25.26415,59.41628],[25.26361,59.41598],[25.26237,59.41497],[25.26054,59.4143],[25.25889,59.41432],[25.2571,59.41485],[25.25509,59.41506],[25.25377,59.41476],[25.25266,59.41412],[25.25112,59.41382],[25.2498,59.41385],[25.24914,59.41421],[25.24852,59.41535],[25.24805,59.41572],[25.24694,59.41602],[25.24425,59.4161],[25.24111,59.41664],[25.23996,59.41721],[25.24025,59.4176],[25.24037,59.41791],[25.24053,59.4188],[25.24109,59.41979],[25.24132,59.42128],[25.24092,59.42237],[25.23973,59.42359],[25.23868,59.42434],[25.238,59.42444],[25.23724,59.42434],[25.23647,59.42368],[25.23531,59.42318],[25.23423,59.42258],[25.23227,59.42188],[25.23076,59.42177],[25.23006,59.42181],[25.22962,59.42192],[25.22912,59.42239],[25.22908,59.42292],[25.2296,59.42382],[25.22975,59.42434],[25.22957,59.42484],[25.22929,59.42512],[25.22875,59.42546],[25.22819,59.42565],[25.22721,59.42575],[25.22665,59.4257],[25.2261,59.42557],[25.22477,59.42513],[25.22415,59.42507],[25.22353,59.42517],[25.22235,59.42609],[25.22173,59.42631],[25.22013,59.42657],[25.21923,59.42665],[25.21852,59.42654],[25.21732,59.42618],[25.21648,59.4261],[25.21556,59.42608],[25.21481,59.426],[25.21305,59.42567],[25.21234,59.42538],[25.21141,59.42483],[25.21059,59.4244],[25.21011,59.42393],[25.20962,59.42369],[25.20898,59.42375],[25.20817,59.42415],[25.20778,59.42448],[25.20687,59.42539],[25.20661,59.42587],[25.20577,59.42673],[25.20521,59.42698],[25.2044,59.42723],[25.20289,59.42748],[25.2015,59.42784],[25.2002,59.42824],[25.19891,59.42894],[25.19738,59.42938],[25.1969,59.42967],[25.19652,59.43003],[25.19564,59.43112],[25.19558,59.43135],[25.19599,59.43185],[25.19742,59.43224],[25.19815,59.43249],[25.19837,59.43264],[25.19808,59.43302],[25.19763,59.43316],[25.19699,59.4332],[25.19539,59.43308],[25.19432,59.43311],[25.19393,59.43326],[25.19361,59.43358],[25.19344,59.4339],[25.19355,59.43458]]},"properties":{"fclass":"river","name":"Jägala jõgi"}},
{"type":"Feature","geometry":{"type":"LineString","coordinates":[[25.28706,59.40859],[25.28662,59.40866],[25.28613,59.40892],[25.28457,59.40991],[25.284,59.41007],[25.28353,59.41011],[25.28266,59.41003],[25.28187,59.40967],[25.28098,59.40961],[25.27993,59.41043],[25.27904,59.41125],[25.27851,59.41149],[25.27724,59.41194],[25.27644,59.41214],[25.27553,59.41227],[25.27379,59.4126]]},"properties":{"fclass":"river","name":"Jägala jõgi"}},
{"type":"Feature","geometry":{"type":"LineString","coordinates":[[25.31608,59.39832],[25.31578,59.39833],[25.3136,59.3982],[25.31277,59.39832],[25.31198,59.39894],[25.31125,59.39932],[25.31072,59.3995],[25.31001,59.39955],[25.30879,59.39936],[25.308,59.39946],[25.30607,59.39989],[25.3051,59.40021],[25.30476,59.4007],[25.30416,59.40132],[25.30385,59.4021],[25.30383,59.40253],[25.3037,59.40328],[25.30346,59.4037],[25.30293,59.40384],[25.2999,59.40394],[25.29927,59.40403],[25.29843,59.40443],[25.2977,59.40512],[25.29725,59.40545],[25.29614,59.40615],[25.29513,59.40639],[25.2943,59.40641],[25.29312,59.40638],[25.29164,59.40628],[25.29091,59.4062],[25.29008,59.40593],[25.28915,59.40579],[25.28838,59.40596],[25.28824,59.40636],[25.28831,59.40763],[25.28825,59.4082],[25.28788,59.40843],[25.28706,59.40859]]},"properties":{"fclass":"river","name":"Jägala jõgi"}},
{"type":"Feature","geometry":{"type":"LineString","coordinates":[[25.37997,59.31693],[25.36999,59.31017]]},"properties":{"fclass":"canal","name":"Aavoja-Kaunissaare kanal"}},
{"type":"Feature","geometry":{"type":"LineString","coordinates":[[25.38021,59.32679],[25.38014,59.32669]]},"properties":{"fclass":"canal","name":""}},
{"type":"Feature","geometry":{"type":"LineString","coordinates":[[25.36987,59.31007],[25.36787,59.30871],[25.36764,59.30858]]},"properties":{"fclass":"canal","name":"Aavoja-Kaunissaare kanal"}},
{"type":"Feature","geometry":{"type":"LineString","coordinates":[[25.38015,59.31706],[25.37997,59.31693]]},"properties":{"fclass":"canal","name":""}},
{"type":"Feature","geometry":{"type":"LineString","coordinates":[[25.36999,59.31017],[25.36987,59.31007]]},"properties":{"fclass":"canal","name":""}},
{"type":"Feature","geometry":{"type":"LineString","coordinates":[[25.38342,59.32263],[25.38312,59.32236]]},"properties":{"fclass":"canal","name":""}},
{"type":"Feature","geometry":{"type":"LineString","coordinates":[[25.38014,59.32669],[25.38003,59.3259],[25.38349,59.32304],[25.38357,59.32281],[25.38342,59.32263]]},"properties":{"fclass":"canal","name":"Aavoja-Kaunissaare kanal"}},
{"type":"Feature","geometry":{"type":"LineString","coordinates":[[25.38312,59.32236],[25.38311,59.32216],[25.38403,59.31993],[25.38393,59.31962],[25.38015,59.31706]]},"properties":{"fclass":"canal","name":"Aavoja-Kaunissaare kanal"}},
{"type":"Feature","geometry":{"type":"LineString","coordinates":[[25.38327,59.32992],[25.38156,59.3291],[25.38043,59.32841],[25.3802,59.32811],[25.38041,59.3277],[25.38021,59.32679]]},"properties":{"fclass":"canal","name":""}},
{"type":"Feature","geometry":{"type":"LineString","coordinates":[[25.32292,59.31258],[25.3222,59.31273],[25.31265,59.31285],[25.31208,59.31274],[25.30376,59.30976],[25.30331,59.30961],[25.29225,59.30723]]},"properties":{"fclass":"canal","name":"Jägala-Pirita kanal"}},
{"type":"Feature","geometry":{"type":"LineString","coordinates":[[25.29196,59.30717],[25.28048,59.30472],[25.28031,59.30462],[25.27815,59.30286],[25.2774,59.30189],[25.27383,59.29689],[25.27343,59.29675],[25.26121,59.29517],[25.26037,59.29507],[25.25426,59.29494],[25.25053,59.29475]]},"properties":{"fclass":"canal","name":"Jägala-Pirita kanal"}},
{"type":"Feature","geometry":{"type":"LineString","coordinates":[[25.19901,59.30538],[25.1987,59.30538]]},"properties":{"fclass":"canal","name":"Jägala-Pirita kanal"}},
{"type":"Feature","geometry":{"type":"LineString","coordinates":[[25.32322,59.31252],[25.32292,59.31258]]},"properties":{"fclass":"canal","name":"Jägala-Pirita kanal"}},
{"type":"Feature","geometry":{"type":"LineString","coordinates":[[25.29225,59.30723],[25.29196,59.30717]]},"properties":{"fclass":"canal","name":"Jägala-Pirita kanal"}},
{"type":"Feature","geometry":{"type":"LineString","coordinates":[[25.22743,59.30253],[25.22709,59.30258]]},"properties":{"fclass":"canal","name":"Jägala-Pirita kanal"}},
{"type":"Feature","geometry":{"type":"LineString","coordinates":[[25.24235,59.29769],[25.24213,59.2978]]},"properties":{"fclass":"canal","name":"Jägala-Pirita kanal"}},
{"type":"Feature","geometry":{"type":"LineString","coordinates":[[25.25053,59.29475],[25.25005,59.29473]]},"properties":{"fclass":"canal","name":"Jägala-Pirita kanal"}},
{"type":"Feature","geometry":{"type":"LineString","coordinates":[[25.22709,59.30258],[25.20807,59.30524],[25.20767,59.30529],[25.19901,59.30538]]},"properties":{"fclass":"canal","name":"Jägala-Pirita kanal"}},
{"type":"Feature","geometry":{"type":"LineString","coordinates":[[25.25005,59.29473],[25.24849,59.29467],[25.24808,59.29466],[25.24758,59.2948],[25.24235,59.29769]]},"properties":{"fclass":"canal","name":"Jägala-Pirita kanal"}},
{"type":"Feature","geometry":{"type":"LineString","coordinates":[[25.24213,59.2978],[25.23881,59.29962],[25.23809,59.29995],[25.2302,59.30205],[25.22958,59.30219],[25.22743,59.30253]]},"properties":{"fclass":"canal","name":"Jägala-Pirita kanal"}},
{"type":"Feature","geometry":{"type":"LineString","coordinates":[[25.34718,59.31049],[25.34003,59.3097],[25.3348,59.3094],[25.33458,59.30944],[25.33171,59.31047],[25.32322,59.31252]]},"properties":{"fclass":"canal","name":"Jägala-Pirita kanal"}},
{"type":"Feature","geometry":{"type":"LineString","coordinates":[[25.24846,59.29481],[25.24818,59.29569],[25.24777,59.29647],[25.24721,59.29693],[25.24692,59.29743],[25.24693,59.29767],[25.24667,59.29837],[25.24674,59.29879],[25.24755,59.29916],[25.24805,59.29949],[25.24815,59.29967],[25.24823,59.30075],[25.24845,59.30197],[25.24868,59.30227],[25.24906,59.30237],[25.25058,59.30308],[25.2514,59.30328],[25.25186,59.30381],[25.25141,59.30433],[25.25034,59.30498],[25.25006,59.3053],[25.24997,59.30575],[25.2493,59.30725],[25.24932,59.30762],[25.25001,59.30817],[25.2504,59.30835]]},"properties":{"fclass":"river","name":"Jõelähtme jõgi"}},
{"type":"Feature","geometry":{"type":"LineString","coordinates":[[25.24855,59.29446],[25.24849,59.29467],[25.24846,59.29481]]},"properties":{"fclass":"river","name":"Jõelähtme jõgi"}},
{"type":"Feature","geometry":{"type":"LineString","coordinates":[[25.40183,59.14505],[25.40091,59.14598],[25.40065,59.14606],[25.39882,59.14637],[25.39842,59.14629],[25.39518,59.14511],[25.3935,59.14505]]},"properties":{"fclass":"canal","name":"Sae-Paunküla kanal"}},
{"type":"Feature","geometry":{"type":"LineString","coordinates":[[25.37504,59.13501],[25.3709,59.13218],[25.37066,59.13206],[25.36512,59.13019],[25.36435,59.12976],[25.36241,59.12928],[25.36052,59.12847],[25.35959,59.12816],[25.35647,59.1269],[25.35451,59.1262],[25.35388,59.12593],[25.35353,59.12566],[25.35287,59.12436]]},"properties":{"fclass":"canal","name":"Sae-Paunküla kanal"}},
{"type":"Feature","geometry":{"type":"LineString","coordinates":[[25.37515,59.13509],[25.37504,59.13501]]},"properties":{"fclass":"canal","name":"Sae-Paunküla kanal"}},
{"type":"Feature","geometry":{"type":"LineString","coordinates":[[25.49304,59.15972],[25.49285,59.15972]]},"properties":{"fclass":"canal","name":"Sae-Paunküla kanal"}},
{"type":"Feature","geometry":{"type":"LineString","coordinates":[[25.35287,59.12436],[25.35283,59.12422]]},"properties":{"fclass":"canal","name":"Sae-Paunküla kanal"}},
{"type":"Feature","geometry":{"type":"LineString","coordinates":[[25.40191,59.14498],[25.40183,59.14505]]},"properties":{"fclass":"canal","name":"Sae-Paunküla kanal"}},
{"type":"Feature","geometry":{"type":"LineString","coordinates":[[25.3935,59.14505],[25.39335,59.14505]]},"properties":{"fclass":"canal","name":"Sae-Paunküla kanal"}},
{"type":"Feature","geometry":{"type":"LineString","coordinates":[[25.38067,59.14237],[25.38059,59.14227]]},"properties":{"fclass":"canal","name":"Sae-Paunküla kanal"}},
{"type":"Feature","geometry":{"type":"LineString","coordinates":[[25.49376,59.15968],[25.49304,59.15972]]},"properties":{"fclass":"canal","name":"Sae-Paunküla kanal"}},
{"type":"Feature","geometry":{"type":"LineString","coordinates":[[25.38059,59.14227],[25.37556,59.13537],[25.37515,59.13509]]},"properties":{"fclass":"canal","name":"Sae-Paunküla kanal"}},
{"type":"Feature","geometry":{"type":"LineString","coordinates":[[25.49285,59.15972],[25.47415,59.16003],[25.47325,59.16007]]},"properties":{"fclass":"canal","name":"Sae-Paunküla kanal"}},
{"type":"Feature","geometry":{"type":"LineString","coordinates":[[25.39335,59.14505],[25.38852,59.14499],[25.38836,59.14498],[25.38097,59.14261],[25.38079,59.14253],[25.38067,59.14237]]},"properties":{"fclass":"canal","name":"Sae-Paunküla kanal"}},
{"type":"Feature","geometry":{"type":"LineString","coordinates":[[25.69664,59.02629],[25.69661,59.02607],[25.69634,59.02583],[25.69656,59.02567],[25.6958,59.0252],[25.69596,59.02496],[25.69565,59.02468],[25.69487,59.02455],[25.69399,59.02473],[25.69351,59.02412],[25.69281,59.0237],[25.69266,59.02346],[25.6927,59.0232],[25.69323,59.02275],[25.69348,59.02267]]},"properties":{"fclass":"river","name":"Pärnu jõgi"}},
{"type":"Feature","geometry":{"type":"LineString","coordinates":[[25.63548,58.97255],[25.63541,58.97244]]},"properties":{"fclass":"river","name":"Pärnu jõgi"}},
{"type":"Feature","geometry":{"type":"LineString","coordinates":[[25.63541,58.97244],[25.6354,58.97193],[25.63529,58.97161],[25.63551,58.97123],[25.63538,58.97074],[25.63513,58.97048],[25.63528,58.97022],[25.63565,58.96995],[25.63573,58.9695],[25.63603,58.96884],[25.63601,58.96817],[25.63615,58.96788],[25.63653,58.96752],[25.63723,58.96713],[25.63717,58.96688],[25.63674,58.96648],[25.63665,58.96628],[25.63691,58.96582],[25.63746,58.96542]]},"properties":{"fclass":"river","name":"Pärnu jõgi"}},
{"type":"Feature","geometry":{"type":"LineString","coordinates":[[25.62312,58.99898],[25.62239,58.99977],[25.61858,59.00521],[25.61931,59.01184],[25.61975,59.01563],[25.61883,59.01956],[25.61876,59.01973],[25.61394,59.02565],[25.61231,59.02763],[25.61226,59.02777],[25.61252,59.03634]]},"properties":{"fclass":"canal","name":"Purdi kanal"}},
{"type":"Feature","geometry":{"type":"LineString","coordinates":[[25.62322,58.99889],[25.62312,58.99898]]},"properties":{"fclass":"canal","name":""}},
{"type":"Feature","geometry":{"type":"LineString","coordinates":[[25.62359,58.99874],[25.62322,58.99889]]},"properties":{"fclass":"canal","name":"Purdi kanal"}},
{"type":"Feature","geometry":{"type":"LineString","coordinates":[[26.18774,59.1036],[26.18729,59.10361],[26.18674,59.10346],[26.18515,59.10338],[26.18396,59.10338],[26.18313,59.10331],[26.18156,59.10309],[26.18038,59.10277],[26.17729,59.10249],[26.17484,59.10175],[26.17456,59.10155],[26.17231,59.10161],[26.17186,59.10159],[26.17112,59.10167],[26.17103,59.10159],[26.17097,59.10094],[26.17076,59.10073],[26.17002,59.10061],[26.16997,59.1004],[26.17034,59.1003],[26.17011,59.10004],[26.16987,59.09997],[26.16989,59.0997],[26.16919,59.09914],[26.16949,59.09891],[26.16915,59.09865],[26.16915,59.09792],[26.16959,59.09738],[26.17027,59.09705],[26.1707,59.09677],[26.17136,59.09677],[26.17142,59.09647],[26.17188,59.09618],[26.17203,59.09575],[26.1725,59.09547],[26.17272,59.09497],[26.17341,59.09439],[26.17431,59.09351],[26.17393,59.09318],[26.17436,59.09301],[26.17475,59.0927],[26.17526,59.09256],[26.17601,59.09213],[26.17663,59.09204],[26.17701,59.09207],[26.1771,59.09171],[26.17776,59.09141],[26.178,59.09116],[26.17849,59.09107],[26.17851,59.09066],[26.17928,59.09074]]},"properties":{"fclass":"river","name":"Põltsamaa jõgi"}},
{"type":"Feature","geometry":{"type":"LineString","coordinates":[[26.18575,59.08426],[26.18577,59.08265],[26.18573,59.08184],[26.18606,59.08137],[26.18669,59.08099],[26.18811,59.08042],[26.18826,59.08004],[26.18853,59.07984],[26.18941,59.07611]]},"properties":{"fclass":"river","name":"Põltsamaa jõgi"}},
{"type":"Feature","geometry":{"type":"LineString","coordinates":[[26.17928,59.09074],[26.17941,59.09057]]},"properties":{"fclass":"river","name":"Põltsamaa jõgi"}},
{"type":"Feature","geometry":{"type":"LineString","coordinates":[[26.18791,59.10362],[26.18774,59.1036]]},"properties":{"fclass":"river","name":"Põltsamaa jõgi"}},
{"type":"Feature","geometry":{"type":"LineString","coordinates":[[26.18941,59.07611],[26.18952,59.07598],[26.19129,59.07554],[26.19134,59.07493],[26.19203,59.07309],[26.19189,59.07282],[26.1918,59.07215],[26.19179,59.07134],[26.1911,59.07113]]},"properties":{"fclass":"river","name":"Põltsamaa jõgi"}},
{"type":"Feature","geometry":{"type":"LineString","coordinates":[[26.17941,59.09057],[26.17988,59.09022],[26.17993,59.08984],[26.18035,59.08992],[26.18142,59.08982],[26.18203,59.08963],[26.18296,59.08877],[26.18369,59.08805],[26.18469,59.08714],[26.18477,59.08691],[26.18473,59.08648],[26.18491,59.08635],[26.1854,59.08565],[26.18549,59.08542],[26.18605,59.08473],[26.18612,59.08454],[26.18575,59.08426]]},"properties":{"fclass":"river","name":"Põltsamaa jõgi"}},
{"type":"Feature","geometry":{"type":"LineString","coordinates":[[25.4586,59.28109],[25.45815,59.28094],[25.45771,59.28121],[25.45729,59.28105],[25.4569,59.28121],[25.45677,59.28099],[25.45697,59.28078],[25.45645,59.28064],[25.45614,59.28045],[25.45557,59.28043],[25.455,59.28076],[25.45471,59.28065],[25.45419,59.2808],[25.45392,59.28061],[25.45351,59.28062],[25.45346,59.28036],[25.45321,59.2803],[25.45301,59.28071],[25.45272,59.28106],[25.45242,59.28115],[25.45228,59.2814],[25.45169,59.28139],[25.45074,59.2812],[25.45044,59.28076],[25.44996,59.28054],[25.44911,59.28005],[25.44884,59.27978],[25.44831,59.27978],[25.44818,59.27953],[25.44762,59.27973],[25.4475,59.27994],[25.44817,59.28004],[25.4486,59.28026],[25.44856,59.28037],[25.4475,59.28056],[25.44721,59.28055],[25.4468,59.28029],[25.44655,59.27992],[25.44585,59.27968],[25.44523,59.27963],[25.44507,59.27986],[25.4454,59.28019],[25.44514,59.28034],[25.44429,59.28026],[25.44373,59.28013],[25.44334,59.27962],[25.44405,59.27943],[25.44364,59.27903],[25.44287,59.27865],[25.44241,59.2787],[25.44219,59.27899],[25.44155,59.27912],[25.44117,59.27898],[25.44097,59.27924],[25.44058,59.2794],[25.44027,59.27912],[25.43988,59.27914],[25.43973,59.2787],[25.43945,59.27871],[25.43918,59.27906],[25.43881,59.279],[25.43903,59.2786],[25.43883,59.27832],[25.43793,59.27809],[25.43718,59.27771],[25.43657,59.27759],[25.43598,59.27762],[25.43567,59.27752],[25.43499,59.27759],[25.43388,59.27736],[25.43296,59.27732],[25.43295,59.27721]]},"properties":{"fclass":"river","name":"Mustjõgi"}},
{"type":"Feature","geometry":{"type":"LineString","coordinates":[[25.45879,59.28111],[25.4586,59.28109]]},"properties":{"fclass":"river","name":"Mustjõgi"}},
{"type":"Feature","geometry":{"type":"LineString","coordinates":[[25.34772,59.32714],[25.34576,59.32717],[25.3447,59.32691],[25.34414,59.32695],[25.34359,59.3271],[25.34277,59.32765],[25.3426,59.32787],[25.34288,59.32874]]},"properties":{"fclass":"river","name":"Jägala jõgi"}},
{"type":"Feature","geometry":{"type":"LineString","coordinates":[[25.34288,59.32874],[25.34263,59.32932],[25.34215,59.32981],[25.34198,59.33007],[25.34206,59.33028],[25.34253,59.33045],[25.34332,59.33064],[25.34355,59.33086],[25.34359,59.33109],[25.3434,59.33129],[25.34252,59.33153],[25.3421,59.33154],[25.34087,59.33141],[25.33997,59.33137],[25.339,59.3314],[25.33819,59.33158],[25.33795,59.3317]]},"properties":{"fclass":"river","name":"Jägala jõgi"}},
{"type":"Feature","geometry":{"type":"LineString","coordinates":[[25.33853,59.34682],[25.3384,59.34776],[25.3379,59.34841],[25.33703,59.34919],[25.33513,59.34988],[25.33467,59.35016],[25.33469,59.35051],[25.33569,59.35156],[25.33576,59.35207],[25.33556,59.35241],[25.33481,59.35302],[25.33308,59.35382],[25.33066,59.35553],[25.32988,59.35653],[25.32943,59.3583],[25.32733,59.35963],[25.32629,59.36095],[25.32508,59.36229],[25.32328,59.36309],[25.32277,59.36325],[25.32264,59.36354],[25.32292,59.36383],[25.32426,59.36416],[25.32562,59.36442],[25.32687,59.36448],[25.32803,59.36476],[25.32891,59.36525],[25.32918,59.36614],[25.32874,59.36683],[25.32886,59.36732],[25.32907,59.36751],[25.33058,59.36837],[25.3314,59.37005],[25.33213,59.37045],[25.33317,59.37121],[25.33308,59.37171],[25.33271,59.37198],[25.33184,59.37245],[25.33143,59.37273],[25.33122,59.3732],[25.33079,59.37467],[25.33086,59.37486],[25.331,59.37524],[25.33148,59.37571],[25.3333,59.37623],[25.33539,59.37609],[25.33616,59.37615],[25.33683,59.37628],[25.33769,59.37741],[25.33783,59.37789],[25.3383,59.37821],[25.34042,59.37885],[25.34204,59.37927],[25.34436,59.37993],[25.34476,59.38032],[25.34436,59.38068],[25.34286,59.38083],[25.34091,59.38094],[25.34021,59.38105],[25.33966,59.38165],[25.33911,59.38241],[25.33842,59.38289],[25.33603,59.38409],[25.33421,59.38514],[25.33385,59.38555],[25.33248,59.38673],[25.33203,59.38778],[25.33164,59.38822],[25.33185,59.38927],[25.33178,59.39012],[25.33124,59.39043],[25.33051,59.39018],[25.32951,59.39002],[25.32845,59.39061],[25.32717,59.39191],[25.32473,59.39372],[25.32227,59.39458],[25.32118,59.39518],[25.32069,59.39607],[25.32073,59.39669],[25.32036,59.39746],[25.31958,59.39785],[25.31854,59.39826],[25.31654,59.39834],[25.31608,59.39832]]},"properties":{"fclass":"river","name":"Jägala jõgi"}},
{"type":"Feature","geometry":{"type":"LineString","coordinates":[[25.393,59.33545],[25.39289,59.33531],[25.3922,59.33512],[25.39176,59.3351],[25.39066,59.33515],[25.38924,59.33495],[25.38835,59.33465],[25.38738,59.33416],[25.38647,59.33318],[25.3857,59.33215],[25.38494,59.33171]]},"properties":{"fclass":"canal","name":"Raudoja-Aavoja kanal"}},
{"type":"Feature","geometry":{"type":"LineString","coordinates":[[25.46622,59.37733],[25.46753,59.36756],[25.46747,59.36739],[25.467,59.36711],[25.46647,59.36704],[25.46385,59.36695]]},"properties":{"fclass":"canal","name":"Raudoja-Aavoja kanal"}},
{"type":"Feature","geometry":{"type":"LineString","coordinates":[[25.41589,59.3503],[25.41604,59.34843],[25.41584,59.34824],[25.41065,59.3468],[25.40721,59.34564],[25.40685,59.34554],[25.40487,59.34519],[25.40334,59.34525],[25.40312,59.34523]]},"properties":{"fclass":"canal","name":"Raudoja-Aavoja kanal"}},
{"type":"Feature","geometry":{"type":"LineString","coordinates":[[25.39257,59.34113],[25.39529,59.33916],[25.39523,59.33884],[25.39248,59.33689],[25.3924,59.33665],[25.3931,59.3358],[25.39308,59.33558]]},"properties":{"fclass":"canal","name":"Raudoja-Aavoja kanal"}},
{"type":"Feature","geometry":{"type":"LineString","coordinates":[[25.4416,59.36618],[25.43265,59.36589],[25.43232,59.36569],[25.43286,59.36145],[25.43257,59.36118],[25.43052,59.36111]]},"properties":{"fclass":"canal","name":"Raudoja-Aavoja kanal"}},
{"type":"Feature","geometry":{"type":"LineString","coordinates":[[25.43027,59.3611],[25.42677,59.36099],[25.42624,59.36082],[25.42269,59.35765]]},"properties":{"fclass":"canal","name":"Raudoja-Aavoja kanal"}},
{"type":"Feature","geometry":{"type":"LineString","coordinates":[[25.45186,59.36652],[25.45165,59.36651]]},"properties":{"fclass":"canal","name":""}},
{"type":"Feature","geometry":{"type":"LineString","coordinates":[[25.39308,59.33558],[25.393,59.33545]]},"properties":{"fclass":"canal","name":""}},
{"type":"Feature","geometry":{"type":"LineString","coordinates":[[25.40312,59.34523],[25.40295,59.34517]]},"properties":{"fclass":"canal","name":""}},
{"type":"Feature","geometry":{"type":"LineString","coordinates":[[25.44179,59.36619],[25.4416,59.36618]]},"properties":{"fclass":"canal","name":""}},
{"type":"Feature","geometry":{"type":"LineString","coordinates":[[25.45165,59.36651],[25.44179,59.36619]]},"properties":{"fclass":"canal","name":"Raudoja-Aavoja kanal"}},
{"type":"Feature","geometry":{"type":"LineString","coordinates":[[25.38479,59.33161],[25.38435,59.33122],[25.38385,59.33025]]},"properties":{"fclass":"canal","name":""}},
{"type":"Feature","geometry":{"type":"LineString","coordinates":[[25.46622,59.37742],[25.46622,59.37733]]},"properties":{"fclass":"canal","name":""}},
{"type":"Feature","geometry":{"type":"LineString","coordinates":[[25.43052,59.36111],[25.43027,59.3611]]},"properties":{"fclass":"canal","name":""}},
{"type":"Feature","geometry":{"type":"LineString","coordinates":[[25.46385,59.36695],[25.46358,59.36694]]},"properties":{"fclass":"canal","name":""}},
{"type":"Feature","geometry":{"type":"LineString","coordinates":[[25.46358,59.36694],[25.45186,59.36652]]},"properties":{"fclass":"canal","name":"Raudoja-Aavoja kanal"}},
{"type":"Feature","geometry":{"type":"LineString","coordinates":[[25.39241,59.34123],[25.39257,59.34113]]},"properties":{"fclass":"canal","name":""}},
{"type":"Feature","geometry":{"type":"LineString","coordinates":[[25.41588,59.35044],[25.41589,59.3503]]},"properties":{"fclass":"canal","name":""}},
{"type":"Feature","geometry":{"type":"LineString","coordinates":[[25.466,59.37849],[25.46622,59.37742]]},"properties":{"fclass":"canal","name":"Raudoja-Aavoja kanal"}},
{"type":"Feature","geometry":{"type":"LineString","coordinates":[[25.40295,59.34517],[25.39242,59.34159],[25.39224,59.34135],[25.39241,59.34123]]},"properties":{"fclass":"canal","name":"Raudoja-Aavoja kanal"}},
{"type":"Feature","geometry":{"type":"LineString","coordinates":[[25.4846,59.26835],[25.48367,59.26805],[25.48293,59.26769],[25.48247,59.26775],[25.48211,59.26769],[25.48094,59.26771],[25.48077,59.26789],[25.48029,59.26775],[25.47932,59.26785],[25.47911,59.26769],[25.47874,59.26778],[25.47874,59.26796],[25.47909,59.26818],[25.47876,59.26837],[25.47766,59.26832],[25.47732,59.26817],[25.47697,59.26826],[25.47679,59.26797],[25.47636,59.26777],[25.47591,59.26771],[25.47613,59.26751],[25.47549,59.26742],[25.47486,59.26787],[25.4743,59.26764],[25.47391,59.26773],[25.47366,59.26798],[25.47432,59.26824],[25.47429,59.26837],[25.47301,59.26852],[25.4722,59.26817],[25.47176,59.26817],[25.47122,59.26834],[25.47118,59.26866]]},"properties":{"fclass":"river","name":"Jänijõgi"}},
{"type":"Feature","geometry":{"type":"LineString","coordinates":[[25.48471,59.26838],[25.4846,59.26835]]},"properties":{"fclass":"river","name":"Jänijõgi"}},
{"type":"Feature","geometry":{"type":"LineString","coordinates":[[25.58255,59.26993],[25.58243,59.26998]]},"properties":{"fclass":"river","name":"Jänijõgi"}},
{"type":"Feature","geometry":{"type":"LineString","coordinates":[[25.58243,59.26998],[25.58198,59.27015],[25.58114,59.27002],[25.58039,59.27058],[25.5794,59.27059],[25.57852,59.27085],[25.5781,59.27106],[25.5779,59.27088],[25.57743,59.2708],[25.5774,59.27103],[25.57692,59.27118],[25.57628,59.27156],[25.576,59.27157],[25.57494,59.27175],[25.5738,59.27178],[25.57242,59.27192],[25.57202,59.27217],[25.57129,59.27249],[25.56948,59.27216],[25.56971,59.27244],[25.56951,59.27259],[25.56888,59.27256],[25.5687,59.27264],[25.56888,59.27308],[25.56852,59.27322]]},"properties":{"fclass":"river","name":"Jänijõgi"}},
{"type":"Feature","geometry":{"type":"LineString","coordinates":[[25.60081,59.46078],[25.60061,59.46145]]},"properties":{"fclass":"stream","name":"Kolga jõgi"}},
{"type":"Feature","geometry":{"type":"LineString","coordinates":[[25.60061,59.46145],[25.60014,59.46189],[25.59951,59.46199],[25.59912,59.46228],[25.59878,59.46231],[25.59875,59.46254],[25.59834,59.46274],[25.59834,59.46304],[25.59871,59.46315],[25.5991,59.46308],[25.59919,59.4636],[25.59946,59.46371],[25.59951,59.46394],[25.5993,59.46423],[25.59931,59.46453],[25.59893,59.46469],[25.59839,59.4648],[25.59785,59.46523],[25.5971,59.46525],[25.59672,59.46544],[25.59686,59.46572],[25.59652,59.46593],[25.59667,59.46619],[25.59638,59.46648],[25.59705,59.46676],[25.59788,59.46686],[25.59827,59.46701],[25.5984,59.46732],[25.59801,59.46756],[25.59744,59.46748],[25.59711,59.46773],[25.59736,59.46782],[25.59776,59.46771],[25.59797,59.46797]]},"properties":{"fclass":"river","name":"Kolga jõgi"}},
{"type":"Feature","geometry":{"type":"LineString","coordinates":[[26.52396,59.43964],[26.52333,59.44019],[26.52282,59.44066],[26.5208,59.44214],[26.51999,59.44268]]},"properties":{"fclass":"river","name":"Kunda jõgi"}},
{"type":"Feature","geometry":{"type":"LineString","coordinates":[[25.1987,59.30538],[25.19577,59.30542],[25.19154,59.30524],[25.19103,59.30525]]},"properties":{"fclass":"canal","name":"Jägala-Pirita kanal"}},
{"type":"Feature","geometry":{"type":"LineString","coordinates":[[25.35427,59.46097],[25.35324,59.46075],[25.35256,59.46089],[25.35183,59.46088],[25.35131,59.46097]]},"properties":{"fclass":"stream","name":"Kiiu oja"}},
{"type":"Feature","geometry":{"type":"LineString","coordinates":[[25.37897,59.45167],[25.37885,59.45176]]},"properties":{"fclass":"stream","name":""}},
{"type":"Feature","geometry":{"type":"LineString","coordinates":[[25.38301,59.45007],[25.38258,59.45004]]},"properties":{"fclass":"stream","name":""}},
{"type":"Feature","geometry":{"type":"LineString","coordinates":[[25.35629,59.46134],[25.35613,59.46137]]},"properties":{"fclass":"stream","name":""}},
{"type":"Feature","geometry":{"type":"LineString","coordinates":[[25.88249,59.31801],[25.88268,59.31847],[25.88201,59.31856],[25.88169,59.31868],[25.88119,59.31866],[25.88089,59.31848],[25.88016,59.31833],[25.87923,59.31839],[25.87857,59.31826],[25.87812,59.31834],[25.8774,59.31879],[25.87666,59.31885]]},"properties":{"fclass":"river","name":""}},
{"type":"Feature","geometry":{"type":"LineString","coordinates":[[25.67569,59.46579],[25.67619,59.46596],[25.67642,59.46617],[25.67688,59.46769],[25.67761,59.4688]]},"properties":{"fclass":"stream","name":"Pudisoo jõgi"}},
{"type":"Feature","geometry":{"type":"LineString","coordinates":[[25.36159,59.10282],[25.36178,59.103],[25.36186,59.10341],[25.36172,59.10357],[25.36087,59.10398],[25.36102,59.10421],[25.36146,59.10435],[25.36196,59.10435],[25.36227,59.10446],[25.36217,59.10505]]},"properties":{"fclass":"stream","name":"Pirita jõgi"}},
{"type":"Feature","geometry":{"type":"LineString","coordinates":[[25.36167,59.09937],[25.36162,59.09945]]},"properties":{"fclass":"stream","name":"Pirita jõgi"}},
{"type":"Feature","geometry":{"type":"LineString","coordinates":[[25.36351,59.09484],[25.36351,59.09492]]},"properties":{"fclass":"stream","name":"Pirita jõgi"}},
{"type":"Feature","geometry":{"type":"LineString","coordinates":[[25.36149,59.10266],[25.36159,59.10282]]},"properties":{"fclass":"stream","name":"Pirita jõgi"}},
{"type":"Feature","geometry":{"type":"LineString","coordinates":[[25.36162,59.09945],[25.36155,59.09993],[25.36097,59.10055],[25.361,59.1008],[25.36134,59.10118],[25.36131,59.10138],[25.3607,59.10156],[25.36039,59.10184],[25.36047,59.10211],[25.36107,59.10231],[25.36149,59.10266]]},"properties":{"fclass":"stream","name":"Pirita jõgi"}},
{"type":"Feature","geometry":{"type":"LineString","coordinates":[[25.36351,59.09492],[25.36352,59.0955],[25.36392,59.0957],[25.36505,59.09577],[25.36515,59.09601],[25.36471,59.0962],[25.36401,59.09629],[25.36369,59.0962],[25.36318,59.09621],[25.36303,59.09666],[25.36268,59.09672],[25.36221,59.09667],[25.36173,59.09675],[25.36174,59.09692],[25.36247,59.09714],[25.36212,59.09756],[25.36206,59.09782],[25.36227,59.09813],[25.36236,59.09848],[25.3614,59.09855],[25.36118,59.09873],[25.36126,59.09893],[25.36188,59.09917],[25.36167,59.09937]]},"properties":{"fclass":"stream","name":"Pirita jõgi"}},
{"type":"Feature","geometry":{"type":"LineString","coordinates":[[25.25102,59.30927],[25.2513,59.30979],[25.25153,59.30979],[25.25231,59.31025],[25.25324,59.31071],[25.2534,59.31146],[25.2533,59.31192]]},"properties":{"fclass":"river","name":"Jõelähtme jõgi"}},
{"type":"Feature","geometry":{"type":"LineString","coordinates":[[25.48455,59.44608],[25.48469,59.44613]]},"properties":{"fclass":"river","name":"Loo jõgi"}},
{"type":"Feature","geometry":{"type":"LineString","coordinates":[[25.48469,59.44613],[25.48511,59.44629],[25.49243,59.44758],[25.49264,59.44768],[25.49891,59.45136],[25.49943,59.45161],[25.5017,59.45246],[25.50319,59.45304],[25.50376,59.45319],[25.50683,59.45369],[25.50839,59.45426],[25.50866,59.4543],[25.51007,59.45421],[25.51109,59.45451],[25.51173,59.45475],[25.51268,59.45483],[25.51327,59.45514],[25.5132,59.45545]]},"properties":{"fclass":"river","name":"Loo jõgi"}},
{"type":"Feature","geometry":{"type":"LineString","coordinates":[[25.65244,59.26116],[25.65083,59.2611],[25.65035,59.26126],[25.64949,59.2618],[25.64865,59.26185],[25.64746,59.26201],[25.64681,59.26179],[25.64673,59.26145],[25.64651,59.26128],[25.64615,59.26127],[25.64521,59.26148],[25.64438,59.26161],[25.64361,59.26208],[25.64377,59.26247],[25.64327,59.26272],[25.64203,59.26283],[25.64198,59.26304],[25.64276,59.26319],[25.64291,59.2633],[25.64265,59.2635],[25.6422,59.26357],[25.64109,59.26401],[25.64052,59.26416],[25.64041,59.26435],[25.64077,59.26457],[25.64069,59.26507],[25.64008,59.26562],[25.63941,59.2658],[25.63858,59.26639],[25.63847,59.26656],[25.63783,59.26672],[25.63752,59.26704],[25.63709,59.2671],[25.63666,59.26727],[25.63586,59.26709],[25.63445,59.26703],[25.63391,59.26698],[25.63328,59.26677],[25.63253,59.26679],[25.63241,59.26657],[25.63249,59.26598],[25.63156,59.26604],[25.6311,59.26647],[25.63048,59.26655],[25.63006,59.26652],[25.62974,59.26661],[25.62858,59.26641],[25.6281,59.26607],[25.6281,59.26572],[25.62764,59.26551],[25.62743,59.26528],[25.62758,59.26506],[25.62716,59.26488],[25.62658,59.26505],[25.62597,59.26458],[25.62549,59.26429],[25.62547,59.26373],[25.62559,59.26335],[25.62586,59.26316],[25.6253,59.26291],[25.62506,59.26229],[25.62456,59.26201],[25.62422,59.26172],[25.62355,59.26154],[25.62351,59.26132],[25.62379,59.26103],[25.62409,59.26092],[25.6245,59.2606],[25.6243,59.26045],[25.62417,59.26008],[25.62269,59.2597],[25.62281,59.25934],[25.62259,59.2588],[25.62233,59.25879],[25.6215,59.25851],[25.62099,59.25854],[25.62059,59.25833],[25.62073,59.25823],[25.6202,59.2579],[25.6194,59.25799],[25.61907,59.25751],[25.61737,59.25752],[25.6171,59.25737],[25.61616,59.25731],[25.61553,59.25735],[25.61554,59.25767],[25.6154,59.25788],[25.61551,59.25813],[25.61539,59.25835],[25.61483,59.25861],[25.61393,59.2588],[25.61294,59.25875],[25.6123,59.25916],[25.61189,59.25916],[25.61146,59.25939],[25.61062,59.25954],[25.61056,59.25994],[25.61004,59.26004],[25.60974,59.26035],[25.60979,59.26094],[25.60961,59.26108],[25.60891,59.26099],[25.60866,59.2611],[25.60857,59.26142],[25.6086,59.26209],[25.60792,59.26227],[25.60698,59.26211],[25.6063,59.26226],[25.60562,59.26225],[25.60511,59.26193],[25.60468,59.26206],[25.60473,59.26224],[25.60458,59.2628],[25.60372,59.26311],[25.60291,59.26309],[25.60275,59.26337],[25.60244,59.2636],[25.60201,59.26365],[25.60163,59.26395],[25.60148,59.26469],[25.60056,59.26486],[25.60051,59.26499],[25.59996,59.26508],[25.5997,59.26545],[25.59997,59.26564],[25.60003,59.26599],[25.59959,59.26601],[25.59923,59.26621],[25.59817,59.26619],[25.5977,59.26678],[25.59679,59.26703],[25.59679,59.26721],[25.59621,59.26729],[25.59596,59.26742],[25.59586,59.26784],[25.59566,59.26796],[25.59483,59.26788],[25.59396,59.26826],[25.59327,59.26814],[25.5927,59.26833],[25.5916,59.26837],[25.59133,59.26813],[25.59084,59.26822],[25.59089,59.26843],[25.59067,59.26859],[25.59018,59.26866],[25.58899,59.26849],[25.58833,59.26866],[25.58815,59.26844],[25.58744,59.2683],[25.58703,59.2685],[25.5866,59.2684],[25.58553,59.26833],[25.58526,59.26855],[25.58431,59.26877],[25.5837,59.26933],[25.58314,59.2694],[25.58317,59.2698],[25.58255,59.26993]]},"properties":{"fclass":"river","name":"Jänijõgi"}},
{"type":"Feature","geometry":{"type":"LineString","coordinates":[[25.65412,59.25966],[25.65367,59.25952],[25.65313,59.25954],[25.65307,59.26015],[25.65289,59.26037],[25.65316,59.26068],[25.6528,59.26106],[25.65244,59.26116]]},"properties":{"fclass":"river","name":"Jänijõgi"}},
{"type":"Feature","geometry":{"type":"LineString","coordinates":[[26.47071,59.46322],[26.4705,59.4633]]},"properties":{"fclass":"river","name":"Toolse jõgi"}},
{"type":"Feature","geometry":{"type":"LineString","coordinates":[[25.31699,59.23744],[25.32092,59.23949],[25.32319,59.24071]]},"properties":{"fclass":"stream","name":"Vilama pkr"}},
{"type":"Feature","geometry":{"type":"LineString","coordinates":[[25.30647,59.36001],[25.30872,59.36009],[25.30912,59.36015],[25.30991,59.36085],[25.31007,59.3611],[25.31092,59.36174]]},"properties":{"fclass":"stream","name":"Anija oja"}},
{"type":"Feature","geometry":{"type":"LineString","coordinates":[[25.31268,59.36221],[25.31289,59.3622],[25.31371,59.36291],[25.3136,59.36317],[25.31321,59.36342],[25.31313,59.36362]]},"properties":{"fclass":"stream","name":"Anija oja"}},
{"type":"Feature","geometry":{"type":"LineString","coordinates":[[25.31313,59.36362],[25.31309,59.36381],[25.31123,59.36475],[25.31062,59.36497],[25.31,59.36505],[25.30923,59.36527]]},"properties":{"fclass":"stream","name":"Anija oja"}},
{"type":"Feature","geometry":{"type":"LineString","coordinates":[[25.30923,59.36527],[25.30728,59.36519],[25.30702,59.36524],[25.30652,59.36575]]},"properties":{"fclass":"stream","name":"Anija oja"}},
{"type":"Feature","geometry":{"type":"LineString","coordinates":[[25.30652,59.36575],[25.30526,59.36657],[25.30479,59.3668],[25.30414,59.36728],[25.30331,59.36779],[25.30311,59.36807],[25.30313,59.36989],[25.30303,59.37102]]},"properties":{"fclass":"stream","name":"Anija oja"}},
{"type":"Feature","geometry":{"type":"LineString","coordinates":[[25.37416,59.29515],[25.37412,59.29567],[25.37384,59.29595],[25.37328,59.29621],[25.37311,59.29646]]},"properties":{"fclass":"river","name":""}},
{"type":"Feature","geometry":{"type":"LineString","coordinates":[[25.38703,59.28679],[25.38645,59.28653],[25.38584,59.28649],[25.38526,59.28676],[25.38529,59.28727],[25.38463,59.28821]]},"properties":{"fclass":"river","name":"Jägala jõgi"}},
{"type":"Feature","geometry":{"type":"LineString","coordinates":[[26.46518,59.34002],[26.46506,59.34011]]},"properties":{"fclass":"river","name":"Sõmeru jõgi"}},
{"type":"Feature","geometry":{"type":"LineString","coordinates":[[26.46506,59.34011],[26.46496,59.34021],[26.46459,59.34055],[26.46361,59.34174],[26.46321,59.34214],[26.46063,59.34459],[26.46088,59.3452],[26.46068,59.34557],[26.45899,59.34599],[26.45869,59.34616],[26.45775,59.347],[26.45747,59.34717],[26.4573,59.34746],[26.4568,59.34806],[26.45522,59.35022],[26.4542,59.35135],[26.4539,59.35195]]},"properties":{"fclass":"river","name":"Sõmeru jõgi"}},
{"type":"Feature","geometry":{"type":"LineString","coordinates":[[26.28958,59.42194],[26.29013,59.42156]]},"properties":{"fclass":"stream","name":"Haljala oja"}},
{"type":"Feature","geometry":{"type":"LineString","coordinates":[[25.32706,59.14185],[25.32708,59.142]]},"properties":{"fclass":"river","name":"Pirita jõgi"}},
{"type":"Feature","geometry":{"type":"LineString","coordinates":[[25.32708,59.142],[25.32708,59.1423],[25.32646,59.14256],[25.32554,59.14278],[25.32524,59.14306],[25.32443,59.14345],[25.32401,59.1439],[25.32329,59.14509]]},"properties":{"fclass":"river","name":"Pirita jõgi"}},
{"type":"Feature","geometry":{"type":"LineString","coordinates":[[26.05627,59.24482],[26.05497,59.24507],[26.05467,59.24519],[26.05464,59.24539],[26.05367,59.24563],[26.05337,59.24543],[26.05287,59.24532],[26.05142,59.24539],[26.05095,59.24559],[26.05028,59.24533],[26.04977,59.24534],[26.04906,59.24519],[26.04891,59.24478],[26.04832,59.24479],[26.04799,59.2452],[26.04766,59.2454],[26.04731,59.24525],[26.04694,59.24528],[26.0467,59.24552]]},"properties":{"fclass":"river","name":"Valgejõgi"}},
{"type":"Feature","geometry":{"type":"LineString","coordinates":[[25.37293,59.11783],[25.37239,59.11776]]},"properties":{"fclass":"canal","name":""}},
{"type":"Feature","geometry":{"type":"LineString","coordinates":[[25.67349,59.24896],[25.67293,59.24916],[25.67274,59.24982],[25.67289,59.25031],[25.6722,59.25064],[25.67189,59.25071],[25.67122,59.25111],[25.6716,59.25142],[25.67057,59.25163],[25.67064,59.25213],[25.6702,59.25251],[25.67019,59.25266],[25.6709,59.2531],[25.67081,59.25331],[25.66966,59.25352],[25.66942,59.25363],[25.66997,59.25381],[25.66972,59.25404],[25.66855,59.25401],[25.66791,59.25388],[25.66746,59.25397],[25.66738,59.25419],[25.6676,59.25445],[25.66732,59.25492],[25.66728,59.25526],[25.66714,59.25566],[25.66685,59.25586],[25.6661,59.25586],[25.66551,59.25612],[25.66436,59.25586],[25.66391,59.25617],[25.66429,59.2565],[25.66496,59.25663],[25.66485,59.25685],[25.6641,59.25705],[25.66349,59.25706],[25.66274,59.25698],[25.66285,59.25731],[25.66317,59.25767],[25.66254,59.2576],[25.66238,59.25788],[25.66295,59.2584],[25.6624,59.25869],[25.66195,59.25865],[25.66145,59.25875],[25.6612,59.25892],[25.66086,59.25937],[25.6609,59.25964],[25.66052,59.25981],[25.65937,59.26015],[25.65836,59.26024],[25.65795,59.26004],[25.65782,59.25938],[25.65769,59.25913],[25.65723,59.2591],[25.6569,59.25922],[25.65574,59.25947],[25.65522,59.25964],[25.65475,59.26001],[25.65412,59.25966]]},"properties":{"fclass":"river","name":"Jänijõgi"}},
{"type":"Feature","geometry":{"type":"LineString","coordinates":[[25.44755,59.15828],[25.44535,59.15804],[25.44298,59.15782],[25.44172,59.15756],[25.44124,59.15737],[25.44049,59.15686],[25.43851,59.1536],[25.43576,59.15192],[25.42675,59.14635],[25.4216,59.14314],[25.42047,59.1426],[25.41952,59.1424],[25.41792,59.14232],[25.41679,59.14234],[25.41601,59.1424],[25.40585,59.1433],[25.40289,59.14409],[25.40272,59.14419],[25.40191,59.14498]]},"properties":{"fclass":"canal","name":"Sae-Paunküla kanal"}},
{"type":"Feature","geometry":{"type":"LineString","coordinates":[[25.84096,59.26469],[25.84078,59.26484]]},"properties":{"fclass":"river","name":"Soodla jõgi"}},
{"type":"Feature","geometry":{"type":"LineString","coordinates":[[25.84078,59.26484],[25.83984,59.26539],[25.83869,59.26709],[25.83822,59.268],[25.83801,59.26814],[25.83704,59.26787],[25.83635,59.26806],[25.83548,59.26759],[25.8341,59.26783],[25.83272,59.26796],[25.83147,59.26793],[25.83084,59.26771],[25.8307,59.26753],[25.82969,59.26749],[25.82916,59.26721],[25.82873,59.26725],[25.82853,59.26702],[25.82823,59.26714],[25.82724,59.26708],[25.82612,59.26698],[25.82524,59.26647],[25.82473,59.2663],[25.82365,59.26616],[25.82047,59.26655],[25.819,59.26803],[25.81744,59.26996],[25.81716,59.27002],[25.81641,59.26981],[25.81562,59.26972],[25.81506,59.27016],[25.81418,59.27004],[25.81372,59.26981],[25.81335,59.26974],[25.81224,59.26991],[25.81136,59.27001],[25.81095,59.27014],[25.81032,59.27017],[25.80971,59.27067],[25.80947,59.27096],[25.80936,59.27128],[25.80883,59.27174],[25.80839,59.27197],[25.80855,59.27235],[25.80952,59.27348],[25.80993,59.27406],[25.81148,59.27492],[25.81164,59.27517],[25.81183,59.27617],[25.81211,59.27736],[25.81242,59.27792],[25.8133,59.27913],[25.81351,59.27935],[25.81344,59.27954],[25.81359,59.27994],[25.81347,59.28025],[25.81352,59.28071],[25.81342,59.28091],[25.81279,59.2814],[25.81256,59.28199],[25.81255,59.28225],[25.8119,59.28264],[25.81137,59.28362],[25.81118,59.28382],[25.81106,59.28422],[25.81149,59.28454],[25.81168,59.28513],[25.81149,59.28657],[25.8112,59.28851],[25.81115,59.29018],[25.81102,59.29181]]},"properties":{"fclass":"river","name":"Soodla jõgi"}},
{"type":"Feature","geometry":{"type":"LineString","coordinates":[[26.0565,59.24479],[26.05627,59.24482]]},"properties":{"fclass":"river","name":"Valgejõgi"}},
{"type":"Feature","geometry":{"type":"LineString","coordinates":[[25.2078,59.42696],[25.20579,59.42714],[25.2044,59.42723]]},"properties":{"fclass":"canal","name":""}},
{"type":"Feature","geometry":{"type":"LineString","coordinates":[[25.32319,59.24071],[25.32327,59.24077]]},"properties":{"fclass":"stream","name":""}},
{"type":"Feature","geometry":{"type":"LineString","coordinates":[[25.32327,59.24077],[25.32353,59.24091],[25.3224,59.24181],[25.32276,59.24203],[25.32424,59.24245],[25.3249,59.24269],[25.32553,59.24309],[25.32568,59.24336],[25.32553,59.24377],[25.32566,59.24405],[25.32602,59.24425],[25.32639,59.24421],[25.32701,59.24427]]},"properties":{"fclass":"stream","name":"Vilama pkr"}},
{"type":"Feature","geometry":{"type":"LineString","coordinates":[[25.32459,59.12556],[25.32521,59.12605]]},"properties":{"fclass":"river","name":"Pirita jõgi"}},
{"type":"Feature","geometry":{"type":"LineString","coordinates":[[25.31987,59.12156],[25.31992,59.12199],[25.32188,59.12339],[25.32459,59.12556]]},"properties":{"fclass":"river","name":"Pirita jõgi"}},
{"type":"Feature","geometry":{"type":"LineString","coordinates":[[25.336,59.11176],[25.33573,59.11193],[25.32939,59.11709],[25.32056,59.1212],[25.31987,59.12156]]},"properties":{"fclass":"river","name":"Pirita jõgi"}},
{"type":"Feature","geometry":{"type":"LineString","coordinates":[[25.47089,59.43452],[25.4716,59.43528],[25.47244,59.43634],[25.47249,59.43769],[25.47246,59.43785],[25.47183,59.43921],[25.47135,59.44036],[25.47135,59.44064],[25.47371,59.4417],[25.47583,59.4426],[25.47833,59.4437],[25.48021,59.44444],[25.48237,59.44528],[25.48455,59.44608]]},"properties":{"fclass":"river","name":"Loo jõgi"}},
{"type":"Feature","geometry":{"type":"LineString","coordinates":[[25.47081,59.43443],[25.47089,59.43452]]},"properties":{"fclass":"river","name":"Loo jõgi"}},
{"type":"Feature","geometry":{"type":"LineString","coordinates":[[25.77419,59.45313],[25.77409,59.45316]]},"properties":{"fclass":"stream","name":"Pikkoja"}},
{"type":"Feature","geometry":{"type":"LineString","coordinates":[[25.77409,59.45316],[25.77355,59.4534]]},"properties":{"fclass":"stream","name":"Pikkoja"}},
{"type":"Feature","geometry":{"type":"LineString","coordinates":[[25.21481,59.426],[25.21452,59.42572],[25.2136,59.42525],[25.21314,59.42484],[25.21279,59.42484]]},"properties":{"fclass":"river","name":"Jägala jõgi"}},
{"type":"Feature","geometry":{"type":"LineString","coordinates":[[25.19355,59.43458],[25.19363,59.43532],[25.19336,59.43581],[25.19246,59.43649],[25.19172,59.43686],[25.19162,59.43707],[25.19174,59.43742],[25.1932,59.43808],[25.19401,59.43849],[25.19439,59.43876],[25.19453,59.43906],[25.19454,59.43947],[25.19438,59.43975],[25.19316,59.44074],[25.19279,59.44125],[25.1917,59.44178],[25.19106,59.44191],[25.18931,59.44243],[25.18858,59.44287],[25.18826,59.44315],[25.18808,59.44355],[25.18818,59.4446],[25.1882,59.44566],[25.18801,59.44648],[25.18787,59.44864],[25.18766,59.4497],[25.18721,59.45019],[25.18658,59.45055],[25.18539,59.45071]]},"properties":{"fclass":"river","name":"Jägala jõgi"}},
{"type":"Feature","geometry":{"type":"LineString","coordinates":[[25.20805,59.42695],[25.2078,59.42696]]},"properties":{"fclass":"canal","name":""}},
{"type":"Feature","geometry":{"type":"LineString","coordinates":[[25.44568,59.26545],[25.44655,59.2663],[25.4467,59.26672]]},"properties":{"fclass":"river","name":"Jägala jõgi"}},
{"type":"Feature","geometry":{"type":"LineString","coordinates":[[25.45173,59.19791],[25.45161,59.19812],[25.45159,59.19858],[25.45207,59.19893],[25.45225,59.19936],[25.45222,59.19989],[25.45188,59.20039],[25.4516,59.20051],[25.45094,59.2006],[25.44991,59.20048],[25.44942,59.20056],[25.44848,59.20094],[25.4475,59.20113],[25.44661,59.20125],[25.44492,59.20116],[25.44438,59.2013],[25.4443,59.20149],[25.44507,59.20216],[25.44597,59.20334],[25.44588,59.20378]]},"properties":{"fclass":"river","name":"Jägala jõgi"}},
{"type":"Feature","geometry":{"type":"LineString","coordinates":[[25.68759,59.08842],[25.68611,59.08867],[25.68587,59.08862],[25.68364,59.08648],[25.68344,59.08621],[25.68254,59.08396],[25.68196,59.08355]]},"properties":{"fclass":"river","name":"Jägala jõgi"}},
{"type":"Feature","geometry":{"type":"LineString","coordinates":[[25.70998,59.09768],[25.71065,59.09681],[25.71111,59.09646],[25.71113,59.09634],[25.70978,59.09598],[25.70858,59.09545]]},"properties":{"fclass":"stream","name":"Jägala jõgi"}},
{"type":"Feature","geometry":{"type":"LineString","coordinates":[[25.73112,59.10797],[25.73086,59.10736],[25.73009,59.10504],[25.72938,59.10307],[25.72645,59.10229],[25.72264,59.1013],[25.71687,59.09977],[25.71287,59.09867]]},"properties":{"fclass":"stream","name":"Jägala jõgi"}},
{"type":"Feature","geometry":{"type":"LineString","coordinates":[[25.66334,59.06882],[25.66119,59.06679],[25.6601,59.06579],[25.66009,59.06548],[25.66037,59.06316],[25.661,59.0624],[25.66162,59.06195],[25.66182,59.06189],[25.66186,59.06182]]},"properties":{"fclass":"river","name":"Jägala jõgi"}},
{"type":"Feature","geometry":{"type":"LineString","coordinates":[[25.70097,59.08945],[25.7009,59.08942],[25.69896,59.08927],[25.69859,59.08917],[25.69637,59.08789],[25.69622,59.08787],[25.69371,59.08804],[25.69343,59.08801],[25.69237,59.08766],[25.69192,59.08766],[25.68784,59.08837]]},"properties":{"fclass":"river","name":"Jägala jõgi"}},
{"type":"Feature","geometry":{"type":"LineString","coordinates":[[25.54336,59.0543],[25.54253,59.05435],[25.54232,59.05442],[25.54204,59.05483],[25.54151,59.05517],[25.54109,59.05514],[25.54073,59.05497],[25.54017,59.05493],[25.54,59.05504],[25.53992,59.05538],[25.53919,59.0557]]},"properties":{"fclass":"river","name":"Jägala jõgi"}},
{"type":"Feature","geometry":{"type":"LineString","coordinates":[[25.70995,59.09777],[25.70998,59.09768]]},"properties":{"fclass":"stream","name":"Jägala jõgi"}},
{"type":"Feature","geometry":{"type":"LineString","coordinates":[[25.73201,59.10973],[25.73186,59.10975]]},"properties":{"fclass":"stream","name":"Jägala jõgi"}},
{"type":"Feature","geometry":{"type":"LineString","coordinates":[[25.66341,59.06889],[25.66334,59.06882]]},"properties":{"fclass":"river","name":"Jägala jõgi"}},
{"type":"Feature","geometry":{"type":"LineString","coordinates":[[25.68196,59.08355],[25.68175,59.08343]]},"properties":{"fclass":"river","name":"Jägala jõgi"}},
{"type":"Feature","geometry":{"type":"LineString","coordinates":[[25.67399,59.0783],[25.6738,59.07824]]},"properties":{"fclass":"river","name":"Jägala jõgi"}},
{"type":"Feature","geometry":{"type":"LineString","coordinates":[[25.73117,59.10808],[25.73112,59.10797]]},"properties":{"fclass":"stream","name":"Jägala jõgi"}},
{"type":"Feature","geometry":{"type":"LineString","coordinates":[[25.68784,59.08837],[25.68759,59.08842]]},"properties":{"fclass":"river","name":"Jägala jõgi"}},
{"type":"Feature","geometry":{"type":"LineString","coordinates":[[25.71287,59.09867],[25.71272,59.09863]]},"properties":{"fclass":"stream","name":"Jägala jõgi"}},
{"type":"Feature","geometry":{"type":"LineString","coordinates":[[25.70114,59.08953],[25.70097,59.08945]]},"properties":{"fclass":"river","name":"Jägala jõgi"}},
{"type":"Feature","geometry":{"type":"LineString","coordinates":[[25.6738,59.07824],[25.67169,59.07752],[25.67158,59.07739],[25.67265,59.07534],[25.67263,59.07519],[25.6718,59.07447],[25.67078,59.07401],[25.67061,59.07376],[25.66984,59.07365],[25.66706,59.07228],[25.66696,59.07221],[25.66341,59.06889]]},"properties":{"fclass":"river","name":"Jägala jõgi"}},
{"type":"Feature","geometry":{"type":"LineString","coordinates":[[25.66186,59.06182],[25.66155,59.06162],[25.66101,59.06151],[25.66123,59.06114],[25.66084,59.06066],[25.66018,59.06054],[25.66077,59.06005],[25.66028,59.05985],[25.66,59.05961],[25.65922,59.05941],[25.6594,59.0591],[25.66009,59.05893],[25.65884,59.05822],[25.6586,59.05766],[25.65756,59.05761],[25.65727,59.05736],[25.65782,59.05734],[25.65825,59.05719],[25.6581,59.05707],[25.65704,59.0569],[25.65636,59.05684],[25.65639,59.0565],[25.65671,59.05633],[25.65664,59.05593],[25.65599,59.05586],[25.65583,59.05571],[25.65529,59.05553],[25.65581,59.05505],[25.65633,59.05493],[25.65631,59.05464],[25.65581,59.0546],[25.65494,59.05439],[25.65424,59.05413],[25.6542,59.05364],[25.65468,59.05322],[25.6547,59.05295],[25.65517,59.05252],[25.65553,59.05244],[25.65553,59.05224],[25.65614,59.05187],[25.65729,59.05146],[25.6574,59.05104],[25.65697,59.05076],[25.6561,59.05061],[25.6554,59.05035],[25.65557,59.05011],[25.65601,59.04977],[25.65616,59.04949],[25.65491,59.0494],[25.65454,59.04942],[25.65429,59.04915],[25.6537,59.04893],[25.65374,59.04871],[25.65311,59.04822],[25.65268,59.04807],[25.65257,59.04773],[25.65236,59.04756],[25.65236,59.04733],[25.65277,59.04696],[25.65223,59.04671],[25.65158,59.04671],[25.65118,59.0469],[25.65079,59.04697],[25.64921,59.04662],[25.64869,59.04636],[25.64777,59.04623],[25.6477,59.04607],[25.64781,59.04559],[25.64756,59.04485],[25.64716,59.04472],[25.64665,59.04484],[25.64559,59.0444],[25.64518,59.04397],[25.64408,59.04332],[25.64257,59.0431],[25.64214,59.04295],[25.64117,59.04283],[25.64068,59.04267],[25.64099,59.04229],[25.64193,59.04204],[25.64218,59.04182],[25.64276,59.04165],[25.64289,59.04151],[25.64275,59.04119],[25.64222,59.04072]]},"properties":{"fclass":"river","name":"Jägala jõgi"}},
{"type":"Feature","geometry":{"type":"LineString","coordinates":[[25.73186,59.10975],[25.73181,59.10975],[25.73117,59.10808]]},"properties":{"fclass":"stream","name":"Jägala jõgi"}},
{"type":"Feature","geometry":{"type":"LineString","coordinates":[[25.61063,59.03683],[25.61083,59.03733],[25.6105,59.03752],[25.60913,59.03747],[25.60886,59.03768],[25.60899,59.03804],[25.60971,59.03832],[25.61036,59.03877],[25.61034,59.03912],[25.61012,59.03942],[25.60956,59.03964],[25.6089,59.03958],[25.60769,59.03916],[25.60715,59.03905],[25.60687,59.03911],[25.60662,59.03951],[25.60666,59.04006],[25.60651,59.04024],[25.60581,59.04061],[25.60516,59.04108],[25.60441,59.04102],[25.60386,59.04106],[25.60342,59.04054],[25.60309,59.04039]]},"properties":{"fclass":"river","name":"Jägala jõgi"}},
{"type":"Feature","geometry":{"type":"LineString","coordinates":[[25.61101,59.03646],[25.61069,59.03653],[25.61063,59.03683]]},"properties":{"fclass":"river","name":"Jägala jõgi"}},
{"type":"Feature","geometry":{"type":"LineString","coordinates":[[25.73727,59.11366],[25.73626,59.11179],[25.73482,59.10927],[25.73201,59.10973]]},"properties":{"fclass":"stream","name":"Jägala jõgi"}},
{"type":"Feature","geometry":{"type":"LineString","coordinates":[[25.71272,59.09863],[25.7102,59.09789],[25.70995,59.09777]]},"properties":{"fclass":"stream","name":"Jägala jõgi"}},
{"type":"Feature","geometry":{"type":"LineString","coordinates":[[25.70858,59.09545],[25.70838,59.09532],[25.70592,59.09298],[25.70526,59.09225],[25.70495,59.09199],[25.70114,59.08953]]},"properties":{"fclass":"river","name":"Jägala jõgi"}},
{"type":"Feature","geometry":{"type":"LineString","coordinates":[[25.68175,59.08343],[25.68126,59.08288],[25.6803,59.08048],[25.68012,59.08033],[25.67399,59.0783]]},"properties":{"fclass":"river","name":"Jägala jõgi"}},
{"type":"Feature","geometry":{"type":"LineString","coordinates":[[25.23403,59.31654],[25.23389,59.31742],[25.23371,59.31822],[25.23364,59.31889],[25.23351,59.31934],[25.23323,59.31994],[25.23278,59.32106],[25.23232,59.32162],[25.2317,59.32215],[25.2315,59.32242],[25.23175,59.32303],[25.23163,59.3238],[25.23116,59.32422],[25.23066,59.32448],[25.22777,59.32531],[25.22723,59.32526],[25.22658,59.32533],[25.22578,59.32575],[25.22404,59.32808],[25.22392,59.32829],[25.22315,59.32867],[25.22116,59.32981],[25.22068,59.32997],[25.22029,59.32999],[25.21961,59.32987],[25.21946,59.33005],[25.21775,59.33017],[25.21613,59.33014],[25.2094,59.33016],[25.2079,59.33014]]},"properties":{"fclass":"river","name":"Jõelähtme jõgi"}},
{"type":"Feature","geometry":{"type":"LineString","coordinates":[[25.29661,59.26594],[25.29492,59.26683],[25.29449,59.26708],[25.29404,59.26721],[25.29276,59.26744],[25.29119,59.26764],[25.29018,59.26762],[25.28746,59.26733],[25.28423,59.26704],[25.28344,59.26735],[25.28314,59.2677],[25.28266,59.26782],[25.28269,59.26807],[25.2825,59.26821],[25.2821,59.2684],[25.28181,59.26842],[25.28143,59.26853],[25.28067,59.26842],[25.28006,59.2687],[25.28007,59.26888],[25.27923,59.26887],[25.27906,59.26939],[25.27854,59.2693],[25.27806,59.26955],[25.27752,59.27019],[25.27706,59.27032],[25.27657,59.27022],[25.27646,59.27007],[25.27599,59.27016],[25.27549,59.27015],[25.27526,59.27047],[25.2746,59.27056],[25.27417,59.27077],[25.27408,59.27095],[25.27426,59.27122],[25.27487,59.27171],[25.27481,59.27218],[25.27514,59.27242],[25.27474,59.27256],[25.27415,59.27248],[25.27359,59.27262],[25.27384,59.27297],[25.27387,59.27352],[25.27436,59.27363],[25.27445,59.27382]]},"properties":{"fclass":"river","name":"Jõelähtme jõgi"}},
{"type":"Feature","geometry":{"type":"LineString","coordinates":[[25.27437,59.27388],[25.27373,59.27433],[25.27356,59.27463],[25.27335,59.27472],[25.27257,59.27466],[25.27234,59.27496],[25.27259,59.27517],[25.27334,59.2754],[25.27385,59.27592],[25.2738,59.27603],[25.27318,59.27618],[25.27276,59.27597],[25.27193,59.27644],[25.27211,59.27679],[25.27209,59.27702],[25.27174,59.27725],[25.27128,59.2771],[25.27143,59.27761],[25.27069,59.2776],[25.27051,59.27777],[25.27047,59.27825],[25.2701,59.27854],[25.26976,59.27861],[25.26978,59.27887],[25.26951,59.27913],[25.26929,59.2788],[25.2688,59.27875],[25.2685,59.27891],[25.26833,59.27949],[25.26785,59.27945],[25.26729,59.27953],[25.26678,59.27982],[25.26643,59.27988],[25.26632,59.28011],[25.26635,59.28045]]},"properties":{"fclass":"river","name":"Jõelähtme jõgi"}},
{"type":"Feature","geometry":{"type":"LineString","coordinates":[[25.30716,59.26279],[25.30708,59.26285]]},"properties":{"fclass":"river","name":"Jõelähtme jõgi"}},
{"type":"Feature","geometry":{"type":"LineString","coordinates":[[25.2504,59.30835],[25.25049,59.3084]]},"properties":{"fclass":"river","name":"Jõelähtme jõgi"}},
{"type":"Feature","geometry":{"type":"LineString","coordinates":[[25.33967,59.20373],[25.33975,59.20375]]},"properties":{"fclass":"river","name":"Jõelähtme jõgi"}},
{"type":"Feature","geometry":{"type":"LineString","coordinates":[[25.32319,59.25409],[25.32288,59.25422]]},"properties":{"fclass":"river","name":"Jõelähtme jõgi"}},
{"type":"Feature","geometry":{"type":"LineString","coordinates":[[25.27445,59.27382],[25.27437,59.27388]]},"properties":{"fclass":"river","name":"Jõelähtme jõgi"}},
{"type":"Feature","geometry":{"type":"LineString","coordinates":[[25.29686,59.26585],[25.29661,59.26594]]},"properties":{"fclass":"river","name":"Jõelähtme jõgi"}},
{"type":"Feature","geometry":{"type":"LineString","coordinates":[[25.30708,59.26285],[25.30665,59.26307],[25.30587,59.26304],[25.30497,59.26349],[25.30462,59.26354],[25.30343,59.26357],[25.30302,59.26343],[25.30219,59.26333],[25.30166,59.26337],[25.30125,59.26361],[25.30021,59.2641],[25.29854,59.26498],[25.29688,59.26578],[25.29686,59.26585]]},"properties":{"fclass":"river","name":"Jõelähtme jõgi"}},
{"type":"Feature","geometry":{"type":"LineString","coordinates":[[25.2439,59.31531],[25.24347,59.31533],[25.24262,59.31525],[25.24177,59.31503],[25.24139,59.315],[25.2404,59.31509],[25.23925,59.31465],[25.23875,59.31456],[25.23819,59.31469],[25.23695,59.31511],[25.23467,59.31583],[25.23431,59.316],[25.23404,59.31628],[25.23403,59.31654]]},"properties":{"fclass":"river","name":"Jõelähtme jõgi"}},
{"type":"Feature","geometry":{"type":"LineString","coordinates":[[25.32288,59.25422],[25.31799,59.25635],[25.31485,59.25768],[25.31463,59.258],[25.31451,59.25922],[25.31419,59.25959],[25.3135,59.25977],[25.31194,59.25998],[25.30908,59.26041],[25.30871,59.2607],[25.30764,59.26244],[25.30716,59.26279]]},"properties":{"fclass":"river","name":"Jõelähtme jõgi"}},
{"type":"Feature","geometry":{"type":"LineString","coordinates":[[25.25049,59.3084],[25.25063,59.30851],[25.25102,59.30927]]},"properties":{"fclass":"river","name":"Jõelähtme jõgi"}},
{"type":"Feature","geometry":{"type":"LineString","coordinates":[[25.2825,59.26821],[25.28214,59.26819],[25.28181,59.26842]]},"properties":{"fclass":"river","name":"Jõelähtme jõgi"}},
{"type":"Feature","geometry":{"type":"LineString","coordinates":[[25.33975,59.20375],[25.34048,59.20411],[25.34114,59.2042],[25.34146,59.20441],[25.34145,59.20488],[25.34199,59.20519],[25.34391,59.20545],[25.34437,59.20565],[25.34447,59.20586],[25.34508,59.20622],[25.34559,59.20633],[25.34595,59.20649],[25.34672,59.20646],[25.34711,59.20655],[25.34984,59.20846],[25.35207,59.20985],[25.35511,59.20999],[25.35548,59.21047],[25.35618,59.21108],[25.35697,59.21187],[25.35743,59.21282],[25.35525,59.21531],[25.35499,59.21576]]},"properties":{"fclass":"river","name":"Jõelähtme jõgi"}},
{"type":"Feature","geometry":{"type":"LineString","coordinates":[[25.26635,59.28045],[25.26577,59.2808],[25.26505,59.28097],[25.26443,59.28102],[25.26415,59.28129],[25.26366,59.28152],[25.26365,59.28174],[25.26419,59.28177],[25.26434,59.28198],[25.26361,59.28215],[25.26335,59.28256],[25.26301,59.28255],[25.26242,59.28222],[25.26216,59.28192],[25.26128,59.28204],[25.26034,59.2819],[25.25927,59.28216],[25.2587,59.2827],[25.2588,59.2837],[25.25829,59.28389],[25.25795,59.28416],[25.2565,59.28433],[25.25508,59.28488],[25.25387,59.28523],[25.25186,59.28594],[25.2517,59.28621],[25.25185,59.28662],[25.25181,59.28696],[25.25166,59.28712],[25.25063,59.28709],[25.25001,59.28744],[25.24999,59.28797],[25.24937,59.28806],[25.24874,59.28864],[25.24891,59.28908],[25.24886,59.28974],[25.24759,59.29056],[25.24689,59.29086],[25.24564,59.29109],[25.2452,59.29129],[25.24534,59.29165],[25.24581,59.29175],[25.24604,59.29193],[25.24583,59.2925],[25.24607,59.29278],[25.24639,59.2928],[25.24694,59.29263],[25.2473,59.29299],[25.2483,59.2934],[25.24825,59.29358],[25.24786,59.29378],[25.24836,59.29409],[25.24855,59.29446]]},"properties":{"fclass":"river","name":"Jõelähtme jõgi"}},
{"type":"Feature","geometry":{"type":"LineString","coordinates":[[25.31271,59.14782],[25.31238,59.14804],[25.31216,59.14866],[25.3118,59.14886],[25.31078,59.1488],[25.30957,59.14903],[25.3095,59.14918],[25.30993,59.14964],[25.30975,59.14994],[25.30911,59.15006],[25.30849,59.15031]]},"properties":{"fclass":"river","name":"Pirita jõgi"}},
{"type":"Feature","geometry":{"type":"LineString","coordinates":[[25.30251,59.16146],[25.30308,59.16164],[25.30311,59.16189],[25.30264,59.162],[25.30214,59.16195]]},"properties":{"fclass":"river","name":"Pirita jõgi"}},
{"type":"Feature","geometry":{"type":"LineString","coordinates":[[25.30781,59.15388],[25.30832,59.15413],[25.30954,59.15434],[25.30997,59.15456],[25.31071,59.15463],[25.31083,59.15484],[25.31058,59.15506],[25.31064,59.15527],[25.31152,59.15544],[25.31171,59.15565],[25.31159,59.15584],[25.3111,59.15602],[25.31008,59.15601],[25.30962,59.15612],[25.30946,59.15637],[25.30959,59.15673],[25.30931,59.15687],[25.30843,59.15697],[25.30822,59.15718],[25.30821,59.15743],[25.30785,59.15771],[25.30778,59.15833],[25.30756,59.15845],[25.30675,59.15859],[25.30652,59.15874],[25.30649,59.15901],[25.30678,59.15931],[25.3066,59.1599],[25.30624,59.16027],[25.30566,59.16067]]},"properties":{"fclass":"river","name":"Pirita jõgi"}},
{"type":"Feature","geometry":{"type":"LineString","coordinates":[[25.30842,59.1517],[25.3079,59.15272],[25.30761,59.15363],[25.30781,59.15388]]},"properties":{"fclass":"river","name":"Pirita jõgi"}},
{"type":"Feature","geometry":{"type":"LineString","coordinates":[[25.27211,59.17461],[25.27146,59.17447],[25.27099,59.17461],[25.27074,59.17482],[25.26998,59.17502],[25.26936,59.17529],[25.26825,59.17566],[25.26656,59.17592],[25.26596,59.17597],[25.26499,59.17625],[25.265,59.17643],[25.26337,59.17686],[25.26236,59.17663],[25.26249,59.17701],[25.26188,59.17709],[25.26207,59.17746],[25.26251,59.1776],[25.26253,59.17777],[25.26187,59.17794],[25.26163,59.17812],[25.26183,59.17859],[25.26177,59.17902],[25.26212,59.17898],[25.26239,59.17873],[25.26306,59.17907],[25.26267,59.17955],[25.26201,59.17969],[25.2623,59.1799],[25.2627,59.17999],[25.26274,59.18014],[25.26192,59.18035],[25.26142,59.18033],[25.26125,59.17993],[25.26094,59.17991],[25.26073,59.18026],[25.26117,59.18061],[25.26117,59.18081],[25.26003,59.18096],[25.25949,59.18089],[25.25951,59.18114],[25.25922,59.18118],[25.25846,59.18107],[25.2583,59.1807],[25.25784,59.18076],[25.2572,59.18097],[25.25637,59.18075],[25.25616,59.18093],[25.25665,59.18139],[25.25649,59.18159],[25.25617,59.18168],[25.25576,59.18148],[25.25534,59.18144],[25.25479,59.18156],[25.25422,59.18124],[25.25353,59.18128],[25.25289,59.18177],[25.25221,59.18219],[25.25186,59.18194],[25.2515,59.18185],[25.25091,59.18213],[25.25049,59.18201],[25.25011,59.18224],[25.24978,59.1822],[25.24949,59.18194],[25.24891,59.18189],[25.24823,59.18215],[25.2479,59.1824],[25.2469,59.18244],[25.2454,59.18301],[25.24431,59.18322],[25.24395,59.18354],[25.24336,59.18418],[25.24224,59.18459],[25.24146,59.18466],[25.2411,59.18432],[25.24104,59.184],[25.24047,59.18389],[25.23783,59.1846],[25.23727,59.18444],[25.23765,59.1841],[25.23701,59.18375],[25.23625,59.18386],[25.23628,59.18347],[25.23591,59.18342],[25.23536,59.18365],[25.23536,59.18389],[25.23499,59.18395],[25.23373,59.18357],[25.23336,59.18326],[25.23271,59.18323],[25.23214,59.18328],[25.23212,59.18355],[25.23136,59.18367],[25.23053,59.18355]]},"properties":{"fclass":"river","name":"Pirita jõgi"}},
{"type":"Feature","geometry":{"type":"LineString","coordinates":[[25.55632,59.12401],[25.556,59.12422],[25.55544,59.12445],[25.55483,59.12439],[25.55453,59.124],[25.55446,59.12359]]},"properties":{"fclass":"river","name":"Ambla jõgi"}},
{"type":"Feature","geometry":{"type":"LineString","coordinates":[[25.88263,59.16856],[25.882,59.16902],[25.87996,59.17082],[25.87984,59.17162],[25.87999,59.17218],[25.87996,59.17263],[25.87935,59.17373],[25.87837,59.17537],[25.87744,59.17711],[25.87745,59.17763],[25.87723,59.17861],[25.87727,59.17966],[25.87705,59.17985],[25.87577,59.18016],[25.87028,59.1806],[25.86912,59.18056],[25.86705,59.18011],[25.86588,59.17962],[25.86469,59.17924],[25.8637,59.17888],[25.86283,59.17876],[25.86168,59.17866],[25.86121,59.17856],[25.86008,59.17812],[25.85959,59.17777],[25.85747,59.17746],[25.85634,59.17734],[25.85547,59.17733],[25.85438,59.17763],[25.85034,59.17851],[25.8486,59.17879],[25.84394,59.18005],[25.83914,59.18132],[25.83886,59.18142],[25.83808,59.18304],[25.83717,59.18488],[25.83684,59.1856],[25.83661,59.18658],[25.83639,59.18715],[25.8359,59.18758],[25.83542,59.18809],[25.83521,59.18912],[25.8353,59.18941],[25.83584,59.19029],[25.83605,59.19161],[25.83541,59.19263],[25.83532,59.19286]]},"properties":{"fclass":"river","name":"Ambla jõgi"}},
{"type":"Feature","geometry":{"type":"LineString","coordinates":[[25.77316,59.19318],[25.77234,59.19319],[25.77168,59.19287],[25.77075,59.19213],[25.77049,59.19187],[25.76925,59.19098],[25.76877,59.19071],[25.76754,59.19047],[25.76648,59.19048],[25.7648,59.1904],[25.76372,59.19017],[25.7633,59.19012],[25.76275,59.19039],[25.76129,59.19038],[25.76069,59.19032],[25.76008,59.19018],[25.75897,59.19024],[25.75824,59.19022],[25.7563,59.19029],[25.75605,59.1902],[25.75529,59.19021],[25.75507,59.19033],[25.75506,59.19065],[25.7547,59.1908],[25.75409,59.19076],[25.75309,59.19082],[25.75249,59.19067],[25.75205,59.19068],[25.75152,59.19092],[25.75035,59.19127],[25.7495,59.19122],[25.74842,59.19102],[25.74837,59.19095]]},"properties":{"fclass":"river","name":"Ambla jõgi"}},
{"type":"Feature","geometry":{"type":"LineString","coordinates":[[25.83526,59.19301],[25.83514,59.19325],[25.83409,59.19383],[25.83447,59.1955],[25.83459,59.19585],[25.83419,59.19636],[25.83413,59.19673],[25.8336,59.19714],[25.83289,59.19739]]},"properties":{"fclass":"river","name":"Ambla jõgi"}},
{"type":"Feature","geometry":{"type":"LineString","coordinates":[[25.60169,59.13545],[25.60154,59.13535]]},"properties":{"fclass":"river","name":"Ambla jõgi"}},
{"type":"Feature","geometry":{"type":"LineString","coordinates":[[25.65625,59.15548],[25.65617,59.15538]]},"properties":{"fclass":"river","name":"Ambla jõgi"}},
{"type":"Feature","geometry":{"type":"LineString","coordinates":[[25.77335,59.19317],[25.77316,59.19318]]},"properties":{"fclass":"river","name":"Ambla jõgi"}},
{"type":"Feature","geometry":{"type":"LineString","coordinates":[[25.88274,59.16846],[25.88263,59.16856]]},"properties":{"fclass":"river","name":"Ambla jõgi"}},
{"type":"Feature","geometry":{"type":"LineString","coordinates":[[25.83289,59.19739],[25.83267,59.19749]]},"properties":{"fclass":"river","name":"Ambla jõgi"}},
{"type":"Feature","geometry":{"type":"LineString","coordinates":[[25.79542,59.19966],[25.79523,59.19961]]},"properties":{"fclass":"river","name":"Ambla jõgi"}},
{"type":"Feature","geometry":{"type":"LineString","coordinates":[[25.72078,59.17714],[25.72053,59.17716]]},"properties":{"fclass":"river","name":"Ambla jõgi"}},
{"type":"Feature","geometry":{"type":"LineString","coordinates":[[25.74837,59.19095],[25.74835,59.19084]]},"properties":{"fclass":"river","name":"Ambla jõgi"}},
{"type":"Feature","geometry":{"type":"LineString","coordinates":[[25.83532,59.19286],[25.83526,59.19301]]},"properties":{"fclass":"river","name":"Ambla jõgi"}},
{"type":"Feature","geometry":{"type":"LineString","coordinates":[[25.79523,59.19961],[25.79446,59.19945],[25.79247,59.19949],[25.78426,59.19955],[25.78379,59.19947],[25.78299,59.19864],[25.78047,59.19612],[25.78022,59.19578],[25.77965,59.19521],[25.77815,59.19412],[25.77605,59.19321],[25.77423,59.19316],[25.77335,59.19317]]},"properties":{"fclass":"river","name":"Ambla jõgi"}},
{"type":"Feature","geometry":{"type":"LineString","coordinates":[[25.56586,59.12472],[25.56551,59.12452],[25.56544,59.12414],[25.5656,59.12391],[25.56538,59.12355],[25.56486,59.12355],[25.56454,59.12364],[25.56423,59.12348],[25.5643,59.12312],[25.56372,59.12269],[25.56369,59.12221],[25.56413,59.12214],[25.56531,59.12218],[25.56547,59.12191],[25.56524,59.12152],[25.56498,59.12146],[25.56445,59.12156],[25.56405,59.12138],[25.56417,59.12118],[25.56464,59.12082],[25.56463,59.12064],[25.56372,59.12033],[25.56353,59.11996]]},"properties":{"fclass":"river","name":"Ambla jõgi"}},
{"type":"Feature","geometry":{"type":"LineString","coordinates":[[25.72053,59.17716],[25.72015,59.17727],[25.71971,59.17759],[25.71914,59.17782],[25.7181,59.17789],[25.71714,59.17774],[25.71656,59.17775],[25.71622,59.17767],[25.71526,59.1776],[25.71488,59.17765],[25.71277,59.17833],[25.71165,59.17823],[25.71118,59.17811],[25.70682,59.17533],[25.70664,59.17526],[25.70431,59.17479],[25.70119,59.17417],[25.70067,59.17421]]},"properties":{"fclass":"river","name":"Ambla jõgi"}},
{"type":"Feature","geometry":{"type":"LineString","coordinates":[[25.60154,59.13535],[25.59947,59.13395],[25.59903,59.13384],[25.59773,59.13376],[25.59718,59.13364],[25.59409,59.13235],[25.59314,59.13188],[25.59226,59.13159],[25.59109,59.13106],[25.58562,59.12997],[25.58395,59.12925],[25.58063,59.12786],[25.57263,59.12456],[25.57195,59.12435],[25.57086,59.12423],[25.57032,59.12427],[25.56586,59.12472],[25.56519,59.12489],[25.56429,59.12499],[25.564,59.12509],[25.5632,59.12559],[25.56288,59.12566],[25.56198,59.12585],[25.56053,59.12609],[25.56011,59.12606],[25.55972,59.12568],[25.55895,59.12518],[25.55839,59.12474],[25.55766,59.12436],[25.55632,59.12401],[25.55572,59.12383],[25.55446,59.12359],[25.55402,59.12339],[25.5538,59.12307],[25.55323,59.12263],[25.55249,59.12248],[25.55176,59.1221]]},"properties":{"fclass":"river","name":"Ambla jõgi"}},
{"type":"Feature","geometry":{"type":"LineString","coordinates":[[25.65617,59.15538],[25.65607,59.15494],[25.65572,59.15463],[25.65539,59.15419],[25.65525,59.15381],[25.65541,59.15357],[25.65652,59.15332],[25.65688,59.15295],[25.65676,59.15235],[25.65573,59.15182],[25.65539,59.15149],[25.65531,59.15116],[25.65494,59.15086],[25.65388,59.15041],[25.65345,59.15034],[25.65303,59.14984],[25.65283,59.14974],[25.65254,59.14931],[25.65192,59.14894],[25.65156,59.1483],[25.65098,59.14801],[25.64985,59.14775],[25.64634,59.14766],[25.64486,59.14737],[25.64227,59.14679],[25.6386,59.14488],[25.63523,59.14412],[25.6347,59.14394],[25.63166,59.1417],[25.63013,59.14052],[25.62869,59.13947],[25.62783,59.13892],[25.62261,59.13747],[25.62114,59.13719],[25.61918,59.13698],[25.61729,59.13672],[25.61596,59.13668],[25.61365,59.13655],[25.61121,59.13639],[25.60695,59.1362],[25.60249,59.13593],[25.60169,59.13545]]},"properties":{"fclass":"river","name":"Ambla jõgi"}},
{"type":"Feature","geometry":{"type":"LineString","coordinates":[[25.74835,59.19084],[25.74808,59.19075],[25.74565,59.19033],[25.74452,59.19012],[25.74311,59.18976],[25.74283,59.18945],[25.7426,59.18893],[25.7413,59.1883],[25.74004,59.18817],[25.73809,59.18712],[25.73723,59.18652],[25.73737,59.18608],[25.73729,59.18597],[25.73636,59.18563],[25.73591,59.1854],[25.7358,59.1851],[25.73486,59.18445],[25.73461,59.18436],[25.73281,59.18395],[25.73193,59.18387],[25.73151,59.18346],[25.73076,59.18332],[25.73059,59.18323],[25.73022,59.18255],[25.73067,59.18226],[25.72984,59.18131],[25.72945,59.18103],[25.72867,59.18067],[25.72824,59.18016],[25.72741,59.17936],[25.72741,59.17911],[25.72679,59.17879],[25.72628,59.17874],[25.72558,59.17844],[25.72431,59.17821],[25.72266,59.17756],[25.72167,59.17728],[25.72078,59.17714]]},"properties":{"fclass":"river","name":"Ambla jõgi"}},
{"type":"Feature","geometry":{"type":"LineString","coordinates":[[25.56288,59.12566],[25.56313,59.12603],[25.56307,59.12625],[25.56232,59.12623],[25.56198,59.12585]]},"properties":{"fclass":"river","name":"Ambla jõgi"}},
{"type":"Feature","geometry":{"type":"LineString","coordinates":[[25.6943,59.17809],[25.69317,59.17834],[25.69281,59.17836],[25.69095,59.17833],[25.6907,59.17826],[25.68672,59.17624],[25.68622,59.17609],[25.68569,59.17606],[25.68144,59.1755],[25.68049,59.17521],[25.68002,59.17483],[25.67978,59.17348],[25.67972,59.17292],[25.6795,59.17259],[25.67896,59.17205],[25.67855,59.17172],[25.67737,59.1706],[25.6759,59.17022],[25.67457,59.16996],[25.67396,59.16952],[25.67385,59.16929],[25.67409,59.1685],[25.67373,59.1682],[25.66859,59.16628],[25.66759,59.16591],[25.66555,59.16437],[25.66529,59.16419],[25.66317,59.1637],[25.6624,59.16335],[25.66017,59.16076],[25.6594,59.15971],[25.65848,59.15875],[25.65805,59.15861],[25.65808,59.1583],[25.65788,59.15816],[25.65799,59.15771],[25.65778,59.15761],[25.6569,59.15761],[25.65655,59.15706],[25.65691,59.1566],[25.65697,59.15624],[25.65668,59.15605],[25.65667,59.15581],[25.65625,59.15548]]},"properties":{"fclass":"river","name":"Ambla jõgi"}},
{"type":"Feature","geometry":{"type":"LineString","coordinates":[[25.83267,59.19749],[25.83048,59.19828],[25.82917,59.19883],[25.82867,59.19985],[25.82827,59.2001],[25.8284,59.20063],[25.82789,59.20103],[25.82714,59.20181],[25.82653,59.20262],[25.82618,59.2029],[25.82573,59.20312],[25.82497,59.20324],[25.82464,59.20322],[25.82316,59.20278],[25.82179,59.20219],[25.82031,59.2018],[25.81786,59.20096],[25.81703,59.20072],[25.81584,59.2005],[25.81485,59.20017],[25.81451,59.19995],[25.81372,59.19973],[25.81336,59.19953],[25.81249,59.19945],[25.81103,59.19886],[25.81066,59.1988],[25.80888,59.19886],[25.80726,59.19915],[25.80635,59.19951],[25.80476,59.19947],[25.80152,59.20102],[25.80144,59.20103],[25.79542,59.19966]]},"properties":{"fclass":"river","name":"Ambla jõgi"}},
{"type":"Feature","geometry":{"type":"LineString","coordinates":[[25.69353,59.02259],[25.69297,59.02254],[25.69204,59.02268],[25.6905,59.02257],[25.69013,59.02264],[25.68957,59.02281],[25.68849,59.02269],[25.68795,59.02245],[25.6857,59.02193],[25.68488,59.02183],[25.68249,59.02163],[25.68213,59.02142],[25.68181,59.02106],[25.68102,59.02047],[25.67973,59.02001],[25.67849,59.01992],[25.67725,59.01992],[25.67629,59.01971],[25.6747,59.01959],[25.67398,59.01941],[25.67287,59.01951],[25.67174,59.01944],[25.67121,59.01922],[25.67048,59.01853],[25.66985,59.01809],[25.66871,59.01737],[25.6683,59.01674],[25.66765,59.01626],[25.66663,59.01624],[25.66621,59.01611],[25.66536,59.01572],[25.66443,59.01547],[25.66341,59.01496],[25.66236,59.01474],[25.66213,59.0144],[25.66189,59.01425],[25.66106,59.01428],[25.66079,59.01399],[25.66021,59.01399],[25.6597,59.01417],[25.65807,59.01456],[25.65786,59.01449],[25.65739,59.01399],[25.65795,59.01326],[25.65797,59.01286],[25.6571,59.01253],[25.6566,59.01249],[25.65562,59.01215],[25.65533,59.01215],[25.6547,59.01252],[25.6542,59.01259],[25.65306,59.01233],[25.65235,59.01222],[25.6516,59.01198]]},"properties":{"fclass":"river","name":"Pärnu jõgi"}},
{"type":"Feature","geometry":{"type":"LineString","coordinates":[[25.69352,59.02222],[25.69273,59.02228],[25.69141,59.02237],[25.69058,59.02237],[25.69013,59.02264]]},"properties":{"fclass":"stream","name":"Vanaveski oja"}},
{"type":"Feature","geometry":{"type":"LineString","coordinates":[[25.69348,59.02267],[25.69353,59.02259]]},"properties":{"fclass":"river","name":"Pärnu jõgi"}},
{"type":"Feature","geometry":{"type":"LineString","coordinates":[[25.69297,59.02254],[25.69273,59.02228]]},"properties":{"fclass":"stream","name":""}},
{"type":"Feature","geometry":{"type":"LineString","coordinates":[[26.21079,59.11921],[26.21079,59.11913]]},"properties":{"fclass":"river","name":"Põltsamaa jõgi"}},
{"type":"Feature","geometry":{"type":"LineString","coordinates":[[26.21079,59.11913],[26.21087,59.11905],[26.21009,59.11856],[26.2099,59.11836],[26.21012,59.11801],[26.21007,59.11716],[26.2099,59.11691],[26.20903,59.11668],[26.20836,59.11608],[26.20838,59.11558],[26.2079,59.11499],[26.20699,59.11446],[26.20635,59.11395],[26.20607,59.11394],[26.20578,59.11358],[26.20549,59.11343],[26.20425,59.11305],[26.20369,59.11242],[26.20349,59.11187],[26.20297,59.1112],[26.20191,59.11045],[26.20163,59.10989],[26.20108,59.10939],[26.20066,59.10823],[26.20032,59.10751],[26.20035,59.10726],[26.19996,59.10682],[26.19959,59.10664]]},"properties":{"fclass":"river","name":"Põltsamaa jõgi"}},
{"type":"Feature","geometry":{"type":"LineString","coordinates":[[25.93334,59.41639],[25.93279,59.41642],[25.93301,59.41685],[25.93269,59.41698],[25.93246,59.41729],[25.93169,59.41736],[25.93157,59.41768],[25.93111,59.41755],[25.93049,59.4176],[25.9303,59.41776],[25.92992,59.41776],[25.92924,59.41794],[25.92873,59.4178],[25.92827,59.41783],[25.92817,59.41798],[25.92769,59.41803],[25.92734,59.4178],[25.92693,59.41791],[25.92644,59.41782],[25.9259,59.41788],[25.92542,59.41761],[25.92511,59.41769],[25.92461,59.41745],[25.92429,59.41745],[25.92342,59.41716],[25.92243,59.41698],[25.92109,59.41662],[25.92042,59.41651],[25.91951,59.41648],[25.91792,59.41663],[25.91743,59.41671],[25.91588,59.4168],[25.91446,59.41705],[25.91215,59.4176],[25.91062,59.41803],[25.91064,59.41813],[25.90822,59.41986],[25.90689,59.42033],[25.90399,59.42235],[25.90043,59.42676],[25.89941,59.42699],[25.89726,59.4274],[25.89699,59.42793],[25.896,59.42966],[25.89588,59.42978],[25.89425,59.4305],[25.89235,59.43138],[25.89048,59.43222],[25.88996,59.43256],[25.88918,59.43291],[25.88846,59.43386],[25.88833,59.43419],[25.88861,59.43464],[25.88862,59.43484],[25.88901,59.43558],[25.88882,59.43605],[25.88877,59.43645],[25.88838,59.43774],[25.88844,59.43797],[25.8884,59.43891],[25.8896,59.4395],[25.88992,59.43961],[25.89257,59.4409],[25.89298,59.44105],[25.8934,59.4414],[25.8938,59.44163],[25.89437,59.44166],[25.89458,59.44194]]},"properties":{"fclass":"river","name":"Läsna jõgi"}},
{"type":"Feature","geometry":{"type":"LineString","coordinates":[[26.40392,59.03404],[26.40468,59.03369],[26.40477,59.03353],[26.4046,59.03314],[26.40496,59.03265],[26.40469,59.03244],[26.40539,59.03195],[26.40564,59.03171],[26.4062,59.03158],[26.40676,59.03127],[26.40735,59.03103],[26.40776,59.03095],[26.40827,59.03034],[26.40876,59.03027],[26.40913,59.02984],[26.41023,59.02982],[26.41068,59.02964],[26.41138,59.02995],[26.41208,59.02992],[26.41224,59.03003],[26.41218,59.03035],[26.41231,59.03052],[26.41277,59.03044],[26.41356,59.03074],[26.41396,59.03055],[26.41458,59.03042],[26.41551,59.03057],[26.41573,59.03056],[26.41612,59.0308],[26.41698,59.03082],[26.41743,59.03118],[26.41806,59.03098],[26.41829,59.03078],[26.41905,59.02952],[26.41928,59.02897],[26.42002,59.02875],[26.42089,59.02825],[26.42108,59.02768],[26.42072,59.02738],[26.4206,59.02712],[26.42089,59.02656],[26.42121,59.02644],[26.42169,59.02658],[26.42186,59.02679],[26.42218,59.02689],[26.42253,59.0267],[26.42275,59.02644],[26.4223,59.02598],[26.42254,59.02569],[26.42128,59.02537],[26.42137,59.02519],[26.422,59.0253],[26.42244,59.02529],[26.42275,59.02508],[26.42265,59.02468],[26.42288,59.02443],[26.42357,59.02415],[26.42451,59.02458],[26.42463,59.02453],[26.42471,59.02404],[26.42443,59.02381],[26.42365,59.02359],[26.42368,59.02342],[26.42453,59.02336],[26.42473,59.0232],[26.42447,59.02258],[26.42488,59.02253],[26.42546,59.02266],[26.42588,59.02255],[26.42552,59.02234],[26.42549,59.02206],[26.42583,59.02182],[26.42662,59.02156],[26.4265,59.02145],[26.42651,59.02096],[26.42752,59.02093],[26.42785,59.02066],[26.42875,59.0207],[26.42862,59.02054],[26.42766,59.02041],[26.42741,59.02023],[26.42759,59.01998],[26.42811,59.01994],[26.42877,59.02028],[26.42914,59.02021],[26.42882,59.01968],[26.42887,59.01932],[26.42903,59.01926],[26.42983,59.01927],[26.43022,59.01919],[26.43008,59.01887],[26.43039,59.01849],[26.42962,59.01846],[26.42847,59.01876],[26.42834,59.01833],[26.42864,59.01754],[26.42956,59.01767],[26.43046,59.0175],[26.43056,59.0173],[26.43043,59.01701],[26.42934,59.01694],[26.42952,59.01665],[26.43022,59.01664],[26.43113,59.01679],[26.43129,59.01666],[26.43104,59.01627],[26.42969,59.01613],[26.42981,59.01585],[26.43034,59.01541],[26.43141,59.01524],[26.4326,59.01522],[26.43233,59.01476],[26.43237,59.01454],[26.43303,59.0142],[26.43363,59.01412],[26.43333,59.01386],[26.43296,59.01385],[26.43162,59.01404],[26.4315,59.0139],[26.43177,59.01363],[26.43236,59.01332],[26.43248,59.01317],[26.43306,59.01295],[26.43373,59.01287],[26.43385,59.01248],[26.4343,59.01247],[26.43475,59.01286],[26.43504,59.01271],[26.43535,59.01197],[26.43491,59.01175],[26.43446,59.01142],[26.435,59.01108],[26.43477,59.01072],[26.43479,59.01053],[26.43509,59.01028],[26.43662,59.01006],[26.43726,59.0102],[26.43781,59.01021],[26.43792,59.00955],[26.43838,59.00975],[26.43841,59.01034],[26.43822,59.01058],[26.43744,59.01094],[26.43745,59.01104],[26.43818,59.01116],[26.43829,59.01141],[26.43977,59.01097],[26.44017,59.01078],[26.44087,59.01077],[26.4413,59.01049],[26.44132,59.01029],[26.44207,59.01025],[26.44232,59.01002],[26.44244,59.00967],[26.44213,59.00952],[26.44256,59.00929],[26.44247,59.0091],[26.44357,59.00876],[26.44344,59.00831],[26.44365,59.00829],[26.44435,59.00862],[26.44513,59.00855],[26.44536,59.00893],[26.44604,59.00852],[26.44631,59.00811],[26.44552,59.0076],[26.44457,59.00763],[26.44466,59.0074],[26.44529,59.007],[26.44495,59.0068],[26.44401,59.00683],[26.44374,59.00671],[26.44427,59.0065],[26.44311,59.00628],[26.44329,59.0059],[26.44264,59.0056],[26.44246,59.00537],[26.44185,59.00555],[26.44132,59.00559],[26.44099,59.00543],[26.4405,59.00535],[26.44057,59.00518],[26.44098,59.00496],[26.44102,59.00467],[26.4406,59.00439],[26.44061,59.00386],[26.44084,59.0037],[26.44182,59.00356],[26.44196,59.00342],[26.44162,59.00303],[26.44177,59.00277],[26.44266,59.00255],[26.44336,59.0027],[26.44396,59.00259],[26.44421,59.00263],[26.44452,59.003],[26.44511,59.00279],[26.44685,59.00264],[26.44823,59.00196],[26.44897,59.00177],[26.44912,59.00158],[26.44928,59.00082],[26.44949,59.00051],[26.45011,59.0005],[26.45076,59.00039],[26.45128,59.00018],[26.45187,58.99942],[26.45201,58.99903],[26.45187,58.9988],[26.45141,58.99852],[26.45137,58.99825],[26.45167,58.99807],[26.45168,58.99767],[26.452,58.99736],[26.45243,58.99716],[26.45288,58.99678],[26.45379,58.99646],[26.45434,58.99616],[26.45489,58.99601],[26.45533,58.99598],[26.45568,58.99559],[26.45617,58.99573],[26.45654,58.99546],[26.45718,58.99546],[26.45941,58.99525],[26.46051,58.99512],[26.46159,58.99463],[26.46216,58.99446],[26.46346,58.99384],[26.46458,58.99365],[26.46486,58.99378],[26.46574,58.99378],[26.46526,58.99319],[26.46605,58.99286],[26.46626,58.99268],[26.46953,58.99027],[26.47425,58.98684],[26.47459,58.9866],[26.47462,58.98642],[26.47426,58.98584],[26.4742,58.9856],[26.47447,58.98493],[26.47414,58.98476],[26.47309,58.98495],[26.47244,58.98489],[26.47215,58.98465],[26.47153,58.98457],[26.47087,58.98421],[26.471,58.98384],[26.47077,58.98336],[26.47085,58.98313],[26.47043,58.98275],[26.47036,58.98251],[26.47003,58.98241],[26.46953,58.9824],[26.46854,58.9813],[26.46823,58.98111],[26.46665,58.97969],[26.46668,58.97942],[26.46694,58.97922],[26.46687,58.97888],[26.46633,58.97848],[26.46618,58.97795],[26.4662,58.97771],[26.46654,58.9774],[26.46733,58.97718],[26.4674,58.97696],[26.46687,58.97665],[26.46669,58.97645],[26.46694,58.97624],[26.46763,58.97615],[26.4678,58.97603],[26.46786,58.97568],[26.46782,58.97517],[26.46791,58.97483],[26.46753,58.97458],[26.46758,58.97438],[26.46792,58.97401],[26.46712,58.97381],[26.46721,58.9734],[26.46783,58.97326],[26.46817,58.97301],[26.46902,58.97324],[26.46959,58.97309],[26.46987,58.97278],[26.46945,58.97234],[26.46969,58.97199],[26.47022,58.97169],[26.4704,58.97151]]},"properties":{"fclass":"river","name":"Pedja jõgi"}},
{"type":"Feature","geometry":{"type":"LineString","coordinates":[[25.46352,59.38261],[25.46328,59.38242]]},"properties":{"fclass":"river","name":"Soodla jõgi"}},
{"type":"Feature","geometry":{"type":"LineString","coordinates":[[25.46328,59.38242],[25.46321,59.38236],[25.46261,59.38224],[25.46202,59.3822],[25.46129,59.38175],[25.46046,59.3812],[25.46061,59.38086],[25.46035,59.3806],[25.46007,59.38034],[25.4597,59.38019],[25.45887,59.38004],[25.45815,59.37982],[25.45702,59.37964],[25.45644,59.37969],[25.45644,59.37999],[25.45624,59.38007],[25.4555,59.38002],[25.45539,59.37977],[25.45475,59.37964],[25.45458,59.3794],[25.45408,59.37938],[25.45342,59.37872],[25.45298,59.37875],[25.45257,59.37896],[25.45204,59.3789],[25.45127,59.37901],[25.4505,59.37927],[25.45021,59.37945],[25.44994,59.38001],[25.4503,59.38106],[25.45006,59.38131],[25.44886,59.3814],[25.44716,59.38136],[25.44659,59.3815],[25.44654,59.38211],[25.44611,59.38221],[25.44569,59.38209],[25.44494,59.38173],[25.44452,59.38142],[25.44415,59.38136],[25.44336,59.38141],[25.44285,59.38151],[25.44267,59.38179],[25.44285,59.38229],[25.44261,59.38261],[25.44099,59.38278],[25.44069,59.38269],[25.44059,59.38247],[25.44069,59.38217],[25.44143,59.38152],[25.44142,59.3813],[25.44118,59.38109],[25.44071,59.381],[25.43982,59.38127],[25.4394,59.38129],[25.43899,59.38094],[25.43845,59.38085],[25.43691,59.3808],[25.43633,59.38084],[25.43585,59.38078],[25.43514,59.38058],[25.43466,59.38085],[25.43424,59.38096],[25.43379,59.38089],[25.43323,59.38042],[25.43278,59.38039],[25.43266,59.38115],[25.43219,59.3815],[25.43151,59.38164],[25.42974,59.38164],[25.42947,59.38176],[25.42963,59.38222],[25.42866,59.38229],[25.42803,59.38195],[25.42777,59.38135],[25.42718,59.38107],[25.42575,59.38086],[25.42544,59.38075],[25.42528,59.38046],[25.42543,59.38033],[25.42547,59.37996],[25.42517,59.37973],[25.42463,59.37974],[25.4244,59.37988],[25.42404,59.3803],[25.4239,59.38078],[25.42349,59.38116],[25.42296,59.38125],[25.42177,59.38119],[25.42131,59.38103],[25.42057,59.38039],[25.42021,59.37969],[25.41991,59.37956],[25.41992,59.37932],[25.42077,59.3793],[25.42112,59.37906],[25.4208,59.37885],[25.41973,59.37903],[25.41964,59.37854],[25.41917,59.3787],[25.4185,59.37906],[25.41844,59.37923],[25.41764,59.37945],[25.4174,59.37983],[25.41733,59.38041],[25.41624,59.38063],[25.41545,59.38096],[25.41458,59.38123],[25.41424,59.38145],[25.41367,59.38195],[25.41262,59.3826],[25.41233,59.38266],[25.41164,59.38262],[25.41139,59.3823],[25.41172,59.38219],[25.41227,59.38225],[25.41184,59.38164],[25.41131,59.3815],[25.411,59.38152],[25.41057,59.38172],[25.4105,59.38196],[25.41069,59.3822],[25.41031,59.38225],[25.4101,59.38184],[25.40993,59.38175],[25.40911,59.3817],[25.40806,59.38099],[25.40754,59.38089],[25.40774,59.38143],[25.40773,59.38162],[25.40736,59.38189],[25.40785,59.38212],[25.40753,59.3824],[25.40692,59.38266],[25.40614,59.38278],[25.4059,59.38289],[25.40606,59.38308],[25.40658,59.38317],[25.40694,59.38338],[25.40681,59.38359],[25.40615,59.38395],[25.40531,59.38412],[25.40475,59.38418],[25.40342,59.38418],[25.40219,59.38436],[25.40187,59.38452],[25.40203,59.38488],[25.40273,59.38518],[25.40291,59.38534],[25.40267,59.38567],[25.40294,59.3858],[25.4037,59.38584],[25.40375,59.38598],[25.40297,59.38635],[25.40293,59.38662],[25.40306,59.38694],[25.40284,59.38715],[25.40318,59.38752],[25.40415,59.38779],[25.40428,59.38802],[25.4037,59.38881],[25.40303,59.38929],[25.40276,59.38965],[25.4016,59.39037],[25.40125,59.39082],[25.40102,59.39096],[25.40041,59.39107],[25.39982,59.39106],[25.39947,59.39118],[25.39905,59.39158],[25.39879,59.39228],[25.39864,59.39239],[25.3976,59.39279],[25.39688,59.39322],[25.39678,59.39339],[25.39695,59.39361],[25.3972,59.39398],[25.39639,59.39436],[25.39575,59.39489],[25.39429,59.39489],[25.39326,59.39457],[25.39221,59.39438],[25.39141,59.39411],[25.39046,59.39329],[25.39075,59.3931],[25.39253,59.3931],[25.39328,59.39292],[25.39421,59.39199],[25.39353,59.39064],[25.39321,59.3903],[25.39318,59.38986],[25.3934,59.38882],[25.39302,59.38831],[25.39245,59.38791],[25.39224,59.38803],[25.39229,59.38852],[25.39297,59.3888],[25.39286,59.38908],[25.39228,59.3892],[25.39246,59.38952],[25.39126,59.38961],[25.39074,59.38982],[25.38971,59.38996],[25.38962,59.38982],[25.3899,59.38956],[25.38994,59.38924],[25.38975,59.38904],[25.38934,59.38903],[25.38899,59.38936],[25.38834,59.3894],[25.3883,59.38915],[25.38742,59.38916],[25.38665,59.38908],[25.38616,59.38909],[25.38558,59.38935],[25.38528,59.38919],[25.38529,59.38885],[25.38435,59.3891],[25.38398,59.38897],[25.38366,59.38912],[25.3829,59.38888],[25.38212,59.38891],[25.38133,59.38878],[25.38045,59.38914],[25.38016,59.3888],[25.37941,59.38903],[25.37942,59.38915],[25.38045,59.38933],[25.38021,59.38954],[25.37975,59.38955],[25.37927,59.38945],[25.37874,59.38924],[25.37843,59.38933],[25.37814,59.3896],[25.37757,59.38992],[25.37802,59.39024],[25.37675,59.39037],[25.3766,59.39029],[25.37659,59.38993],[25.37645,59.38977],[25.37557,59.3895],[25.37521,59.38948],[25.37481,59.38974],[25.37363,59.38958],[25.37324,59.38931],[25.37344,59.38908],[25.37397,59.38882],[25.37395,59.38863],[25.37363,59.38853],[25.37287,59.38855],[25.37266,59.38807],[25.37252,59.38799],[25.37174,59.38804],[25.37162,59.38792],[25.37157,59.38749],[25.37108,59.38741],[25.3704,59.38765],[25.37009,59.38798],[25.3693,59.38785],[25.36895,59.3881],[25.36834,59.38878],[25.3679,59.38888],[25.36778,59.38849],[25.36728,59.38842],[25.36665,59.3881],[25.36601,59.38799],[25.36435,59.38794],[25.364,59.38798],[25.36351,59.3886],[25.36326,59.38883],[25.36252,59.38915],[25.36197,59.38917],[25.36153,59.38888],[25.36125,59.38883],[25.36088,59.38896],[25.36039,59.38927],[25.35966,59.38994],[25.35939,59.39027],[25.35869,59.39084],[25.35834,59.39105],[25.35798,59.39101],[25.35787,59.39079],[25.35835,59.3905],[25.35848,59.39004],[25.35817,59.3897],[25.35825,59.38951],[25.35757,59.38908],[25.35706,59.38862],[25.35671,59.38845],[25.35465,59.38872],[25.35459,59.38896],[25.35533,59.38905],[25.35637,59.38902],[25.35678,59.3891],[25.35683,59.3894],[25.35591,59.38997],[25.35522,59.39047],[25.35501,59.39095],[25.3548,59.39116],[25.35438,59.39108],[25.35391,59.3904],[25.3536,59.39003],[25.35332,59.38992],[25.35207,59.39003],[25.35112,59.39034],[25.35039,59.39045],[25.34957,59.39052],[25.34913,59.3903],[25.34929,59.39012],[25.35049,59.38992],[25.35087,59.3896],[25.35088,59.38889],[25.3512,59.38867],[25.35106,59.38848],[25.35053,59.38826],[25.3501,59.38825],[25.34946,59.38809],[25.34893,59.38805],[25.34822,59.38787],[25.34791,59.38795],[25.34722,59.38827],[25.34681,59.38837],[25.34601,59.38889],[25.34575,59.38897],[25.34463,59.38861],[25.34432,59.38857],[25.34366,59.38869],[25.34297,59.3889],[25.34251,59.38916],[25.34232,59.38955],[25.34211,59.38974],[25.34081,59.38995],[25.33872,59.38996],[25.33827,59.39009],[25.33748,59.39056],[25.33688,59.3906],[25.33643,59.39043],[25.33636,59.39004],[25.33665,59.38971],[25.33657,59.38937],[25.33622,59.38927],[25.33607,59.38907],[25.33522,59.3887],[25.33454,59.3883],[25.33394,59.3881],[25.33353,59.38816],[25.33354,59.38856],[25.33457,59.38963],[25.33368,59.38986],[25.33302,59.38993],[25.33302,59.39018],[25.33347,59.39033],[25.3333,59.39063],[25.33152,59.39073],[25.33124,59.39043]]},"properties":{"fclass":"river","name":"Soodla jõgi"}},
{"type":"Feature","geometry":{"type":"LineString","coordinates":[[25.42269,59.35765],[25.42258,59.35755]]},"properties":{"fclass":"canal","name":""}},
{"type":"Feature","geometry":{"type":"LineString","coordinates":[[25.42258,59.35755],[25.42157,59.35662],[25.42151,59.35651],[25.42098,59.35355],[25.42085,59.35335],[25.41605,59.35073],[25.41588,59.35044]]},"properties":{"fclass":"canal","name":"Raudoja-Aavoja kanal"}},
{"type":"Feature","geometry":{"type":"LineString","coordinates":[[25.34581,59.07566],[25.34723,59.07726],[25.34763,59.07748],[25.34887,59.07783],[25.35105,59.07815],[25.35193,59.0787],[25.3524,59.0792]]},"properties":{"fclass":"stream","name":"Pirita jõgi"}},
{"type":"Feature","geometry":{"type":"LineString","coordinates":[[25.36968,59.05848],[25.3691,59.06045],[25.36178,59.06268],[25.36152,59.06275],[25.35355,59.06518],[25.34864,59.06666],[25.34821,59.0667],[25.34775,59.06643],[25.34732,59.06631],[25.34632,59.06632],[25.34343,59.06678]]},"properties":{"fclass":"stream","name":"Pirita jõgi"}},
{"type":"Feature","geometry":{"type":"LineString","coordinates":[[25.35559,59.03176],[25.35559,59.03182]]},"properties":{"fclass":"stream","name":"Pirita jõgi"}},
{"type":"Feature","geometry":{"type":"LineString","coordinates":[[25.35379,59.04083],[25.35378,59.0409]]},"properties":{"fclass":"stream","name":"Pirita jõgi"}},
{"type":"Feature","geometry":{"type":"LineString","coordinates":[[25.34135,59.06823],[25.34129,59.06827]]},"properties":{"fclass":"stream","name":"Pirita jõgi"}},
{"type":"Feature","geometry":{"type":"LineString","coordinates":[[25.34343,59.06678],[25.34324,59.06681]]},"properties":{"fclass":"stream","name":"Pirita jõgi"}},
{"type":"Feature","geometry":{"type":"LineString","coordinates":[[25.34576,59.0756],[25.34581,59.07566]]},"properties":{"fclass":"stream","name":"Pirita jõgi"}},
{"type":"Feature","geometry":{"type":"LineString","coordinates":[[25.34324,59.06681],[25.34316,59.06683],[25.34135,59.06823]]},"properties":{"fclass":"stream","name":"Pirita jõgi"}},
{"type":"Feature","geometry":{"type":"LineString","coordinates":[[25.35559,59.03182],[25.35311,59.03344],[25.35379,59.04083]]},"properties":{"fclass":"stream","name":"Pirita jõgi"}},
{"type":"Feature","geometry":{"type":"LineString","coordinates":[[25.36053,59.02061],[25.35817,59.02266],[25.35842,59.02529],[25.35516,59.02673],[25.35559,59.03176]]},"properties":{"fclass":"stream","name":"Pirita jõgi"}},
{"type":"Feature","geometry":{"type":"LineString","coordinates":[[25.34129,59.06827],[25.34164,59.0686],[25.34403,59.074],[25.34473,59.07458]]},"properties":{"fclass":"stream","name":"Pirita jõgi"}},
{"type":"Feature","geometry":{"type":"LineString","coordinates":[[25.78511,59.36716],[25.78512,59.3675],[25.78455,59.36812],[25.78449,59.36855],[25.78467,59.36887],[25.78394,59.36928],[25.78347,59.36939],[25.78297,59.36913],[25.7824,59.36898],[25.78212,59.36899],[25.78178,59.36922],[25.78226,59.36961],[25.78174,59.36975],[25.78127,59.36977],[25.78209,59.37019],[25.78205,59.3703],[25.78141,59.37039],[25.78132,59.37049],[25.78162,59.37081],[25.78108,59.37154],[25.78045,59.3718],[25.78032,59.3721],[25.78026,59.37284],[25.78035,59.3731],[25.78076,59.37329],[25.78102,59.37346],[25.78077,59.37368],[25.78011,59.37359],[25.7795,59.3736],[25.77964,59.37384],[25.77935,59.37413]]},"properties":{"fclass":"river","name":"Valgejõgi"}},
{"type":"Feature","geometry":{"type":"LineString","coordinates":[[25.78585,59.36651],[25.78541,59.36658],[25.78464,59.36697],[25.78511,59.36716]]},"properties":{"fclass":"river","name":"Valgejõgi"}},
{"type":"Feature","geometry":{"type":"LineString","coordinates":[[25.74483,59.39061],[25.74483,59.3909],[25.74467,59.39115],[25.74417,59.39112],[25.744,59.39136],[25.74396,59.39155],[25.74421,59.39203],[25.74365,59.39236],[25.7429,59.39262],[25.74275,59.39312],[25.74186,59.39311]]},"properties":{"fclass":"river","name":"Valgejõgi"}},
{"type":"Feature","geometry":{"type":"LineString","coordinates":[[25.77935,59.37413],[25.77901,59.37424],[25.77856,59.37419],[25.77783,59.37421],[25.77734,59.37443],[25.77708,59.37435],[25.77633,59.37432],[25.77584,59.37449],[25.77566,59.3747],[25.77581,59.37485],[25.77515,59.37518],[25.77465,59.37522],[25.77368,59.37501],[25.77347,59.37508],[25.77325,59.37539],[25.77288,59.37556],[25.77282,59.37576],[25.77222,59.3759],[25.77113,59.37581],[25.77079,59.37571],[25.771,59.37541],[25.77025,59.37541],[25.76974,59.37568],[25.77001,59.37599],[25.76994,59.3763],[25.76941,59.37657],[25.76889,59.37638],[25.76853,59.37643],[25.76802,59.3769],[25.76765,59.37691],[25.76705,59.3771],[25.76689,59.37734],[25.76703,59.37752],[25.76673,59.37771],[25.76583,59.37778],[25.7657,59.37747],[25.76528,59.37728],[25.76499,59.37745],[25.76499,59.37783],[25.76363,59.37775],[25.76336,59.37799],[25.76357,59.37838],[25.76349,59.37855],[25.76312,59.37862],[25.76243,59.37897],[25.76163,59.37871],[25.76131,59.37893],[25.76131,59.37945],[25.76109,59.37968],[25.76011,59.38011],[25.76005,59.38027],[25.76044,59.381],[25.76084,59.38119],[25.76133,59.38117],[25.76179,59.38139],[25.76144,59.38168],[25.76139,59.3822],[25.76067,59.38236],[25.76055,59.38259],[25.76075,59.3831],[25.75966,59.38333],[25.75893,59.38332],[25.75845,59.38352],[25.75846,59.38399],[25.7581,59.38424],[25.75751,59.38497],[25.75743,59.38533],[25.75795,59.38556],[25.75783,59.38581],[25.75712,59.38587],[25.75637,59.38613],[25.75588,59.38604],[25.7555,59.38612],[25.75469,59.38605],[25.7547,59.38669],[25.75447,59.38705],[25.75379,59.38698],[25.75351,59.38718],[25.75336,59.38782],[25.7535,59.38815],[25.75285,59.38832],[25.75221,59.38805],[25.75187,59.38832],[25.75211,59.38862],[25.75175,59.38879],[25.75098,59.38887],[25.75023,59.38874],[25.74991,59.3888],[25.74969,59.38905],[25.74985,59.38927],[25.75042,59.38938],[25.75045,59.38949],[25.74945,59.38974],[25.74925,59.38991],[25.74858,59.39],[25.74804,59.39053],[25.74763,59.39048],[25.74722,59.39007],[25.74709,59.38975],[25.74684,59.38964],[25.74629,59.38964],[25.74593,59.38975],[25.74532,59.39018],[25.7452,59.3904],[25.74483,59.39061]]},"properties":{"fclass":"river","name":"Valgejõgi"}},
{"type":"Feature","geometry":{"type":"LineString","coordinates":[[25.82298,59.34293],[25.82219,59.34332],[25.82162,59.34372],[25.82119,59.34377],[25.82045,59.34374],[25.82021,59.34387],[25.81979,59.34441],[25.81964,59.3448],[25.82004,59.34525],[25.82004,59.34564],[25.8195,59.34571],[25.81909,59.34557],[25.81881,59.34562],[25.81903,59.346],[25.81944,59.34619],[25.81944,59.34656],[25.81901,59.34701],[25.81928,59.34711],[25.82,59.34686],[25.82041,59.34695],[25.82039,59.34723],[25.82095,59.3473],[25.8211,59.3471],[25.82224,59.34707],[25.82355,59.34721],[25.82358,59.34745],[25.82317,59.34784],[25.8237,59.34811],[25.82295,59.34863],[25.82364,59.34877],[25.82382,59.34893],[25.82338,59.3492],[25.82238,59.34918],[25.82214,59.3493],[25.82237,59.34959],[25.82263,59.3497],[25.82355,59.34976],[25.82392,59.34991],[25.82368,59.35035],[25.82339,59.35039],[25.82269,59.35031],[25.8224,59.35047],[25.8226,59.35087],[25.82264,59.35111],[25.82228,59.35153],[25.82154,59.35142],[25.82138,59.35151],[25.82145,59.35214],[25.82096,59.35256],[25.82064,59.35263],[25.81959,59.35271],[25.81916,59.35303],[25.81874,59.35305],[25.81842,59.3529],[25.81842,59.35259],[25.81708,59.35257],[25.81668,59.35233],[25.8162,59.35235],[25.81574,59.35256],[25.81541,59.35281],[25.81505,59.35282],[25.81463,59.35256],[25.81398,59.35253],[25.81272,59.35238],[25.81243,59.35193],[25.81267,59.35173],[25.81237,59.35153],[25.81184,59.35175],[25.81147,59.35201],[25.81148,59.35233],[25.8113,59.35257],[25.81062,59.3527],[25.81016,59.35256],[25.81016,59.35225],[25.80988,59.35219],[25.80975,59.35255],[25.80884,59.35258],[25.80846,59.35275],[25.80795,59.3524],[25.80771,59.35243],[25.80743,59.35273],[25.8066,59.35246],[25.8061,59.35245],[25.80501,59.3528],[25.80456,59.35285],[25.80397,59.35276],[25.80324,59.35272],[25.80289,59.35322],[25.80366,59.35426],[25.80305,59.35443],[25.80269,59.35436],[25.80228,59.3541],[25.80198,59.3541],[25.801,59.3543],[25.80085,59.3544],[25.80099,59.3548],[25.80068,59.35498],[25.79998,59.35512],[25.79869,59.35515],[25.79822,59.35521],[25.79799,59.3554],[25.79799,59.35588],[25.79891,59.35649],[25.79954,59.35671],[25.79954,59.35704],[25.79909,59.35718],[25.7987,59.35694],[25.79827,59.35686],[25.79808,59.35704],[25.79741,59.35735],[25.79725,59.35756],[25.79694,59.35761],[25.79672,59.35738],[25.79694,59.35682],[25.7965,59.35678],[25.79582,59.35693],[25.79582,59.3578],[25.79544,59.35791],[25.7951,59.3578],[25.79436,59.35771],[25.79425,59.35781],[25.79457,59.35815],[25.79432,59.35835],[25.79343,59.3584],[25.7932,59.35856]]},"properties":{"fclass":"river","name":"Valgejõgi"}},
{"type":"Feature","geometry":{"type":"LineString","coordinates":[[25.74186,59.39311],[25.74137,59.39324],[25.74206,59.39388],[25.74211,59.39403],[25.74212,59.39412]]},"properties":{"fclass":"river","name":"Valgejõgi"}},
{"type":"Feature","geometry":{"type":"LineString","coordinates":[[26.0467,59.24552],[26.04666,59.24568],[26.04689,59.24594],[26.04612,59.24599],[26.04633,59.24631],[26.04631,59.24657],[26.04662,59.2467],[26.04656,59.24686],[26.04616,59.24695],[26.04576,59.2472],[26.04573,59.24746],[26.0459,59.24774],[26.04572,59.24811],[26.0459,59.24837],[26.04549,59.24856],[26.04482,59.2487],[26.04345,59.2486],[26.04308,59.24861],[26.04236,59.24882],[26.04191,59.24903],[26.04122,59.24906],[26.04046,59.24949],[26.04,59.24955],[26.03936,59.24978],[26.03905,59.24982],[26.03797,59.25049],[26.03779,59.25071],[26.03706,59.25105]]},"properties":{"fclass":"river","name":"Valgejõgi"}},
{"type":"Feature","geometry":{"type":"LineString","coordinates":[[26.03638,59.25165],[26.03543,59.2519],[26.03537,59.25214],[26.0356,59.25261],[26.03554,59.25274],[26.03453,59.25311],[26.03371,59.25313],[26.03343,59.25325],[26.03388,59.25363],[26.03396,59.25381]]},"properties":{"fclass":"river","name":"Valgejõgi"}},
{"type":"Feature","geometry":{"type":"LineString","coordinates":[[26.03396,59.25381],[26.03393,59.25418],[26.03369,59.25433],[26.03109,59.25447],[26.0302,59.25435],[26.02961,59.25456],[26.02831,59.25452]]},"properties":{"fclass":"river","name":"Valgejõgi"}},
{"type":"Feature","geometry":{"type":"LineString","coordinates":[[26.03706,59.25105],[26.03697,59.25112]]},"properties":{"fclass":"river","name":"Valgejõgi"}},
{"type":"Feature","geometry":{"type":"LineString","coordinates":[[26.19088,59.1893],[26.19064,59.18954]]},"properties":{"fclass":"river","name":"Valgejõgi"}},
{"type":"Feature","geometry":{"type":"LineString","coordinates":[[26.14741,59.20905],[26.1472,59.20915]]},"properties":{"fclass":"river","name":"Valgejõgi"}},
{"type":"Feature","geometry":{"type":"LineString","coordinates":[[26.0023,59.26132],[26.0023,59.26163],[26.00214,59.26182],[26.00182,59.26231],[26.00138,59.26243],[26.00066,59.26243],[26.00035,59.26251],[25.99966,59.26313],[25.99929,59.2631],[25.99855,59.26275],[25.99818,59.26276],[25.99801,59.263],[25.99828,59.2634],[25.99791,59.2637],[25.99786,59.26387]]},"properties":{"fclass":"river","name":"Valgejõgi"}},
{"type":"Feature","geometry":{"type":"LineString","coordinates":[[25.99786,59.26387],[25.99828,59.26433],[25.99761,59.26527],[25.99735,59.26546],[25.99681,59.26566],[25.99583,59.26558],[25.99472,59.26544],[25.99438,59.26544],[25.99385,59.2656],[25.99337,59.2662],[25.99311,59.26665],[25.99291,59.26739],[25.99251,59.26764],[25.99158,59.26748],[25.99025,59.26698],[25.98991,59.26693],[25.98958,59.26712],[25.98926,59.26761],[25.98893,59.26782],[25.98856,59.26791],[25.98789,59.26778],[25.98733,59.26787]]},"properties":{"fclass":"river","name":"Valgejõgi"}},
{"type":"Feature","geometry":{"type":"LineString","coordinates":[[26.17754,59.19494],[26.17446,59.19592],[26.17317,59.19663],[26.17159,59.1973],[26.16851,59.19816],[26.16693,59.19863],[26.16408,59.19984],[26.16192,59.20072],[26.16116,59.20164],[26.16044,59.20219],[26.15914,59.20258],[26.15789,59.20322],[26.15646,59.20459],[26.15479,59.20531],[26.15164,59.2066]]},"properties":{"fclass":"river","name":"Valgejõgi"}},
{"type":"Feature","geometry":{"type":"LineString","coordinates":[[26.03672,59.25126],[26.0367,59.25155],[26.03638,59.25165]]},"properties":{"fclass":"river","name":"Valgejõgi"}},
{"type":"Feature","geometry":{"type":"LineString","coordinates":[[26.19199,59.18863],[26.19158,59.18871],[26.1909,59.18908],[26.19088,59.1893]]},"properties":{"fclass":"river","name":"Valgejõgi"}},
{"type":"Feature","geometry":{"type":"LineString","coordinates":[[26.03697,59.25112],[26.03672,59.25126],[26.03629,59.25136],[26.03638,59.25165]]},"properties":{"fclass":"river","name":"Valgejõgi"}},
{"type":"Feature","geometry":{"type":"LineString","coordinates":[[26.00214,59.26182],[26.00143,59.26179],[26.00064,59.26207],[26.00036,59.26227],[26.00035,59.26251]]},"properties":{"fclass":"river","name":"Valgejõgi"}},
{"type":"Feature","geometry":{"type":"LineString","coordinates":[[25.99931,59.27068],[25.99871,59.27069],[25.99701,59.2703],[25.99684,59.27022],[25.99681,59.26989],[25.9966,59.26965],[25.99664,59.26937],[25.99711,59.26894],[25.99759,59.26872],[25.99769,59.26843],[25.99717,59.26828],[25.99676,59.26831],[25.99663,59.2681],[25.99566,59.26821],[25.99566,59.26803],[25.99606,59.26789],[25.9961,59.26766],[25.99579,59.26735],[25.99459,59.26722],[25.99305,59.2674]]},"properties":{"fclass":"stream","name":"Imastu oja"}},
{"type":"Feature","geometry":{"type":"LineString","coordinates":[[26.29024,59.42148],[26.29993,59.41469],[26.30151,59.4141],[26.30204,59.41368],[26.30279,59.41342],[26.30364,59.41272],[26.3041,59.41253]]},"properties":{"fclass":"stream","name":"Haljala oja"}},
{"type":"Feature","geometry":{"type":"LineString","coordinates":[[26.51885,59.34682],[26.51906,59.34693]]},"properties":{"fclass":"stream","name":"Vaeküla oja"}},
{"type":"Feature","geometry":{"type":"LineString","coordinates":[[26.51906,59.34693],[26.51913,59.34703]]},"properties":{"fclass":"stream","name":"Vaeküla oja"}},
{"type":"Feature","geometry":{"type":"LineString","coordinates":[[25.89714,59.22135],[25.89361,59.22134],[25.89346,59.22139],[25.89291,59.22215]]},"properties":{"fclass":"river","name":"Soodla jõgi"}},
{"type":"Feature","geometry":{"type":"LineString","coordinates":[[25.71651,59.34705],[25.71664,59.34772]]},"properties":{"fclass":"river","name":"Soodla jõgi"}},
{"type":"Feature","geometry":{"type":"LineString","coordinates":[[25.7192,59.34745],[25.71908,59.3471],[25.71831,59.34716]]},"properties":{"fclass":"river","name":"Soodla jõgi"}},
{"type":"Feature","geometry":{"type":"LineString","coordinates":[[25.46321,59.38236],[25.46346,59.3819],[25.46328,59.38175],[25.46202,59.38179],[25.46129,59.38175]]},"properties":{"fclass":"river","name":"Soodla jõgi"}},
{"type":"Feature","geometry":{"type":"LineString","coordinates":[[25.76194,59.32425],[25.76174,59.32447]]},"properties":{"fclass":"river","name":"Soodla jõgi"}},
{"type":"Feature","geometry":{"type":"LineString","coordinates":[[25.60129,59.39601],[25.60107,59.39567],[25.60045,59.39575]]},"properties":{"fclass":"river","name":"Soodla jõgi"}},
{"type":"Feature","geometry":{"type":"LineString","coordinates":[[25.70014,59.37275],[25.70058,59.37281],[25.70082,59.37308],[25.70067,59.37325],[25.7002,59.37343]]},"properties":{"fclass":"river","name":"Soodla jõgi"}},
{"type":"Feature","geometry":{"type":"LineString","coordinates":[[25.75814,59.32897],[25.75727,59.32905],[25.75649,59.32884],[25.75604,59.3289],[25.75582,59.3288],[25.75492,59.32902],[25.75442,59.32895],[25.7531,59.32855],[25.75271,59.32866],[25.75299,59.3289],[25.75257,59.32904],[25.7529,59.32929],[25.75288,59.32949],[25.75249,59.3296],[25.75238,59.3299],[25.75179,59.32995],[25.75097,59.33039],[25.75055,59.33027],[25.75029,59.33047],[25.75037,59.33065],[25.74945,59.33063],[25.74962,59.33093],[25.74951,59.3311],[25.74902,59.33117],[25.74907,59.33149],[25.74956,59.33165],[25.74956,59.3318],[25.7491,59.33192],[25.74869,59.33234],[25.74924,59.33254],[25.74946,59.33282]]},"properties":{"fclass":"river","name":"Soodla jõgi"}},
{"type":"Feature","geometry":{"type":"LineString","coordinates":[[25.70087,59.37062],[25.70132,59.37054],[25.70188,59.37054],[25.7024,59.37077],[25.70205,59.3712]]},"properties":{"fclass":"river","name":"Soodla jõgi"}},
{"type":"Feature","geometry":{"type":"LineString","coordinates":[[25.89275,59.22231],[25.89264,59.22244],[25.89283,59.22283],[25.89255,59.22383],[25.89115,59.22477],[25.88939,59.2259],[25.88916,59.2261],[25.88801,59.22632],[25.88722,59.22633]]},"properties":{"fclass":"river","name":"Soodla jõgi"}},
{"type":"Feature","geometry":{"type":"LineString","coordinates":[[25.89291,59.22215],[25.89275,59.22231]]},"properties":{"fclass":"river","name":"Soodla jõgi"}},
{"type":"Feature","geometry":{"type":"LineString","coordinates":[[25.85941,59.23984],[25.85925,59.23985]]},"properties":{"fclass":"river","name":"Soodla jõgi"}},
{"type":"Feature","geometry":{"type":"LineString","coordinates":[[25.90219,59.21917],[25.90205,59.2192]]},"properties":{"fclass":"river","name":"Soodla jõgi"}},
{"type":"Feature","geometry":{"type":"LineString","coordinates":[[25.89729,59.22135],[25.89714,59.22135]]},"properties":{"fclass":"river","name":"Soodla jõgi"}},
{"type":"Feature","geometry":{"type":"LineString","coordinates":[[25.88722,59.22633],[25.8871,59.22633]]},"properties":{"fclass":"river","name":"Soodla jõgi"}},
{"type":"Feature","geometry":{"type":"LineString","coordinates":[[25.93291,59.18611],[25.93082,59.18685],[25.92985,59.18697],[25.92559,59.18746],[25.92486,59.18687],[25.92505,59.18664],[25.9209,59.18793],[25.91969,59.18833],[25.92043,59.18993],[25.92084,59.19051],[25.92111,59.19119],[25.92263,59.19132],[25.92401,59.19147],[25.92528,59.19254],[25.92641,59.19367],[25.92798,59.19489],[25.92924,59.19594],[25.92864,59.19658],[25.92723,59.1982],[25.9267,59.19888],[25.92487,59.19891],[25.92284,59.19904],[25.92169,59.20052],[25.92124,59.20143],[25.91892,59.20232],[25.91668,59.20304],[25.91502,59.20382],[25.91344,59.20462],[25.91005,59.20625],[25.90992,59.2063]]},"properties":{"fclass":"river","name":"Soodla jõgi"}},
{"type":"Feature","geometry":{"type":"LineString","coordinates":[[25.69396,59.38205],[25.69423,59.38189],[25.69377,59.38176],[25.69315,59.38197],[25.69215,59.3825],[25.69192,59.38269],[25.69151,59.38281],[25.69151,59.38295],[25.69198,59.38306],[25.69204,59.38319]]},"properties":{"fclass":"river","name":"Soodla jõgi"}},
{"type":"Feature","geometry":{"type":"LineString","coordinates":[[25.85925,59.23985],[25.85751,59.23982],[25.85684,59.23992],[25.85438,59.24063],[25.85387,59.24074],[25.85272,59.24081],[25.8519,59.24099],[25.8511,59.24125],[25.85089,59.24144],[25.84955,59.24162],[25.84826,59.24218],[25.84752,59.24242],[25.84681,59.24292],[25.84676,59.24321],[25.84707,59.24421],[25.84671,59.2443],[25.8455,59.24486],[25.84478,59.24484],[25.84418,59.24517],[25.84368,59.24555]]},"properties":{"fclass":"river","name":"Soodla jõgi"}},
{"type":"Feature","geometry":{"type":"LineString","coordinates":[[25.7,59.37304],[25.70019,59.37334]]},"properties":{"fclass":"river","name":"Soodla jõgi"}},
{"type":"Feature","geometry":{"type":"LineString","coordinates":[[25.8871,59.22633],[25.88478,59.22638],[25.88275,59.22748],[25.88191,59.22736],[25.88148,59.22743],[25.88047,59.22794],[25.87868,59.22996],[25.87837,59.23022],[25.87702,59.23078],[25.87346,59.23162],[25.87265,59.23154],[25.87106,59.23105],[25.87067,59.23087],[25.87,59.23032],[25.86987,59.23029],[25.86909,59.22971],[25.86881,59.22962],[25.86776,59.2296],[25.86632,59.22951],[25.86425,59.22943],[25.86331,59.22967],[25.86258,59.23002],[25.86226,59.23129],[25.86217,59.23278],[25.86181,59.23609],[25.86159,59.23772],[25.86148,59.23965],[25.86056,59.23987],[25.85941,59.23984]]},"properties":{"fclass":"river","name":"Soodla jõgi"}},
{"type":"Feature","geometry":{"type":"LineString","coordinates":[[25.71611,59.34823],[25.71592,59.34857],[25.71517,59.34883]]},"properties":{"fclass":"river","name":"Soodla jõgi"}},
{"type":"Feature","geometry":{"type":"LineString","coordinates":[[25.68677,59.38701],[25.68605,59.38701],[25.68527,59.38709],[25.68498,59.38726],[25.68465,59.38722],[25.68451,59.38703],[25.68406,59.38708],[25.6832,59.3876],[25.6834,59.38823],[25.68315,59.38835],[25.68263,59.38837],[25.68246,59.38859],[25.68238,59.38941],[25.68214,59.38958],[25.68144,59.38962],[25.68089,59.38993],[25.67998,59.39024],[25.67911,59.39048],[25.67896,59.39073],[25.67863,59.39089],[25.67774,59.39076],[25.67698,59.39081],[25.67692,59.39104],[25.67634,59.39096],[25.67538,59.39098],[25.67477,59.39113],[25.67439,59.39158],[25.67399,59.39169],[25.67357,59.39151],[25.67307,59.39152],[25.67224,59.39178],[25.67207,59.39215],[25.67142,59.39216],[25.67139,59.39246],[25.67065,59.39262],[25.67033,59.39259],[25.67008,59.39285],[25.67045,59.39322],[25.67021,59.39344],[25.66953,59.39361],[25.66799,59.39361],[25.66772,59.39385],[25.66702,59.39383],[25.66671,59.3941],[25.66687,59.3943],[25.66653,59.39437],[25.66576,59.39408],[25.66527,59.39381],[25.66497,59.39378],[25.66414,59.39408],[25.66394,59.39425],[25.66353,59.39416],[25.66305,59.39423],[25.66229,59.39447],[25.6616,59.39477],[25.66175,59.39502],[25.66141,59.39539],[25.66184,59.39567],[25.66145,59.39591],[25.6609,59.39599],[25.66066,59.39626],[25.66049,59.39691],[25.66011,59.39715],[25.65926,59.39728],[25.65894,59.39764],[25.65873,59.39773],[25.65823,59.3976],[25.65793,59.39742],[25.65777,59.39712],[25.65685,59.39701],[25.65656,59.39676],[25.65668,59.39645],[25.65619,59.39631],[25.65575,59.3963],[25.65557,59.39646],[25.6549,59.39631],[25.65406,59.39639],[25.65364,59.39655],[25.65328,59.39653],[25.65303,59.39636],[25.65313,59.39616],[25.65265,59.39608],[25.65239,59.39638],[25.6521,59.39629],[25.65185,59.39592],[25.65154,59.39585],[25.651,59.39603],[25.65032,59.39596],[25.64927,59.39627],[25.64885,59.3963],[25.64837,59.39653],[25.64814,59.39683],[25.64756,59.39673],[25.64721,59.39685],[25.64725,59.3973],[25.64645,59.39738],[25.64588,59.39752],[25.64558,59.39746],[25.64573,59.39721],[25.64546,59.39705],[25.64445,59.39692],[25.64405,59.39698],[25.64367,59.39676],[25.6436,59.39645],[25.643,59.39631],[25.64258,59.39613],[25.64193,59.39623],[25.64174,59.39634],[25.64096,59.3963],[25.64079,59.39654],[25.64014,59.39658],[25.64021,59.39674],[25.64063,59.39686],[25.64048,59.39706],[25.63925,59.39703],[25.63918,59.39718],[25.6395,59.39736],[25.63892,59.39766],[25.63832,59.39759],[25.6372,59.39735],[25.63672,59.39731],[25.63617,59.39747],[25.63559,59.39782],[25.63524,59.39779],[25.63509,59.39756],[25.63437,59.3976],[25.63392,59.39776],[25.63349,59.39818],[25.63306,59.3982],[25.63293,59.39803],[25.63254,59.39804],[25.63183,59.3978],[25.63122,59.39784],[25.63086,59.39804],[25.63014,59.39768],[25.63046,59.39728],[25.63032,59.39719],[25.62959,59.39714],[25.62873,59.39716],[25.62832,59.39722],[25.62646,59.39802],[25.6257,59.39794],[25.62533,59.39801],[25.62475,59.39829],[25.62455,59.39852],[25.62414,59.39861],[25.62355,59.39854],[25.62262,59.3982],[25.62236,59.3979],[25.62236,59.39733],[25.62198,59.39723],[25.62171,59.39739],[25.62132,59.39738],[25.62103,59.3972],[25.62115,59.39702],[25.62125,59.39632],[25.62051,59.3961],[25.62003,59.39612],[25.61975,59.39636],[25.61911,59.39643],[25.61836,59.39622],[25.61846,59.39601],[25.61885,59.3959],[25.61917,59.3957],[25.61867,59.39562],[25.61781,59.39565],[25.61687,59.39605],[25.61685,59.39621],[25.6165,59.39638],[25.61589,59.39643],[25.61572,59.39614],[25.61522,59.39603],[25.61519,59.39586],[25.61576,59.39566],[25.61569,59.39542],[25.61492,59.39555],[25.61404,59.39544],[25.61428,59.39589],[25.61397,59.39606],[25.61345,59.39618],[25.61302,59.3961],[25.6125,59.39576],[25.61144,59.39562]]},"properties":{"fclass":"river","name":"Soodla jõgi"}},
{"type":"Feature","geometry":{"type":"LineString","coordinates":[[25.60145,59.396],[25.60129,59.39601],[25.60108,59.39615],[25.6002,59.396]]},"properties":{"fclass":"river","name":"Soodla jõgi"}},
{"type":"Feature","geometry":{"type":"LineString","coordinates":[[25.46046,59.3812],[25.46014,59.38116],[25.4597,59.38092],[25.4597,59.38056],[25.46007,59.38034]]},"properties":{"fclass":"river","name":"Soodla jõgi"}},
{"type":"Feature","geometry":{"type":"LineString","coordinates":[[25.68761,59.38655],[25.68713,59.38652],[25.68677,59.38701]]},"properties":{"fclass":"river","name":"Soodla jõgi"}},
{"type":"Feature","geometry":{"type":"LineString","coordinates":[[25.90205,59.2192],[25.90051,59.21954],[25.89909,59.22042],[25.89763,59.22129],[25.89729,59.22135]]},"properties":{"fclass":"river","name":"Soodla jõgi"}},
{"type":"Feature","geometry":{"type":"LineString","coordinates":[[25.70839,59.35161],[25.70866,59.35181],[25.70841,59.35206],[25.70838,59.35231],[25.70785,59.35237]]},"properties":{"fclass":"river","name":"Soodla jõgi"}},
{"type":"Feature","geometry":{"type":"LineString","coordinates":[[26.5136,59.44363],[26.51307,59.44341],[26.5129,59.44292],[26.51238,59.44271],[26.51175,59.44272],[26.51143,59.4428],[26.51107,59.4431],[26.511,59.44331],[26.51139,59.44403],[26.51167,59.44426],[26.51281,59.44443]]},"properties":{"fclass":"river","name":"Kunda jõgi"}},
{"type":"Feature","geometry":{"type":"LineString","coordinates":[[26.51247,59.44483],[26.51188,59.44488],[26.51079,59.44486],[26.51013,59.44465],[26.50942,59.44409],[26.50859,59.44378],[26.50757,59.44373],[26.50692,59.44394],[26.50672,59.44435],[26.50672,59.44464],[26.50696,59.44494],[26.50732,59.44502],[26.50897,59.44516],[26.50945,59.44529],[26.51017,59.44564],[26.51081,59.44574],[26.51157,59.44562],[26.51194,59.4457]]},"properties":{"fclass":"river","name":"Kunda jõgi"}},
{"type":"Feature","geometry":{"type":"LineString","coordinates":[[25.28949,59.3976],[25.29063,59.39837]]},"properties":{"fclass":"stream","name":""}},
{"type":"Feature","geometry":{"type":"LineString","coordinates":[[25.30302,59.37197],[25.30302,59.37245],[25.30474,59.37443]]},"properties":{"fclass":"stream","name":"Anija oja"}},
{"type":"Feature","geometry":{"type":"LineString","coordinates":[[25.2881,59.38995],[25.28822,59.38996],[25.28902,59.39074],[25.28942,59.39108],[25.29145,59.39232],[25.29148,59.3924],[25.28858,59.39431],[25.28761,59.39523],[25.28706,59.39633],[25.28698,59.39657],[25.28766,59.39697],[25.28949,59.3976]]},"properties":{"fclass":"stream","name":"Anija oja"}},
{"type":"Feature","geometry":{"type":"LineString","coordinates":[[25.29063,59.39837],[25.29085,59.39866],[25.29092,59.39907],[25.29084,59.39942],[25.29054,59.3996],[25.28964,59.39996],[25.28911,59.40004],[25.28864,59.40032],[25.28793,59.4009],[25.28706,59.40154],[25.28692,59.40171],[25.28751,59.40309],[25.28765,59.40354],[25.28912,59.40433]]},"properties":{"fclass":"stream","name":"Anija oja"}},
{"type":"Feature","geometry":{"type":"LineString","coordinates":[[25.30474,59.37443],[25.29996,59.37598],[25.29942,59.37611],[25.29788,59.37629],[25.2973,59.37631],[25.29595,59.37579],[25.29568,59.37575],[25.2946,59.37607],[25.29413,59.37642],[25.29322,59.37686]]},"properties":{"fclass":"stream","name":"Anija oja"}},
{"type":"Feature","geometry":{"type":"LineString","coordinates":[[25.40097,59.02195],[25.40027,59.02081],[25.38872,59.01441],[25.38235,59.01091],[25.38238,59.01072],[25.38283,59.00933],[25.38472,59.00367]]},"properties":{"fclass":"river","name":"Lintsi jõgi"}},
{"type":"Feature","geometry":{"type":"LineString","coordinates":[[25.38564,58.98633],[25.38589,58.98562],[25.38831,58.97822],[25.38805,58.97766],[25.38455,58.97566],[25.38208,58.97494],[25.3705,58.97162],[25.36505,58.97004]]},"properties":{"fclass":"river","name":"Lintsi jõgi"}},
{"type":"Feature","geometry":{"type":"LineString","coordinates":[[25.38472,59.00367],[25.38475,59.00359]]},"properties":{"fclass":"river","name":"Lintsi jõgi"}},
{"type":"Feature","geometry":{"type":"LineString","coordinates":[[25.36505,58.97004],[25.3648,58.96996]]},"properties":{"fclass":"river","name":"Lintsi jõgi"}},
{"type":"Feature","geometry":{"type":"LineString","coordinates":[[25.40107,59.02208],[25.40097,59.02195]]},"properties":{"fclass":"river","name":"Lintsi jõgi"}},
{"type":"Feature","geometry":{"type":"LineString","coordinates":[[25.38562,58.9864],[25.38564,58.98633]]},"properties":{"fclass":"river","name":"Lintsi jõgi"}},
{"type":"Feature","geometry":{"type":"LineString","coordinates":[[25.40783,59.05329],[25.40762,59.05085],[25.40757,59.04941],[25.40741,59.04748],[25.40722,59.04458],[25.40716,59.04449],[25.40706,59.04358],[25.40629,59.04152],[25.4058,59.04015]]},"properties":{"fclass":"river","name":"Lintsi jõgi"}},
{"type":"Feature","geometry":{"type":"LineString","coordinates":[[25.3648,58.96996],[25.36453,58.96985],[25.36457,58.96917],[25.36436,58.96854],[25.36432,58.96776],[25.36407,58.96619],[25.36387,58.96521],[25.36393,58.9643],[25.36363,58.9639],[25.36208,58.96326],[25.36145,58.96291],[25.3609,58.96221]]},"properties":{"fclass":"river","name":"Lintsi jõgi"}},
{"type":"Feature","geometry":{"type":"LineString","coordinates":[[25.38475,59.00359],[25.38676,58.99745],[25.38877,58.99164],[25.38808,58.98966],[25.38794,58.98946],[25.38522,58.98764],[25.38562,58.9864]]},"properties":{"fclass":"river","name":"Lintsi jõgi"}},
{"type":"Feature","geometry":{"type":"LineString","coordinates":[[25.95018,59.45214],[25.9503,59.45254],[25.94997,59.45293],[25.95018,59.45316]]},"properties":{"fclass":"river","name":"Loobu jõgi"}},
{"type":"Feature","geometry":{"type":"LineString","coordinates":[[26.14694,59.32327],[26.14687,59.32363],[26.14711,59.32395],[26.14688,59.32408],[26.14627,59.324],[26.14603,59.32406]]},"properties":{"fclass":"river","name":"Loobu jõgi"}},
{"type":"Feature","geometry":{"type":"LineString","coordinates":[[26.18232,59.28994],[26.18175,59.29033],[26.18204,59.29048],[26.1818,59.29083],[26.18142,59.29118],[26.1803,59.29161],[26.17975,59.29196],[26.17977,59.29216],[26.17946,59.29236],[26.17981,59.29264],[26.17884,59.29324],[26.1782,59.29339],[26.17777,59.29374],[26.17707,59.29375],[26.1766,59.29397],[26.17687,59.29416],[26.17675,59.2944],[26.17619,59.29461],[26.17533,59.29506],[26.17439,59.29536],[26.17354,59.29578],[26.17304,59.2962],[26.17189,59.2967],[26.17104,59.2973],[26.17084,59.29771],[26.17148,59.29806],[26.17093,59.29884],[26.16966,59.29943],[26.16961,59.29977],[26.16886,59.29995],[26.16827,59.29983]]},"properties":{"fclass":"river","name":"Loobu jõgi"}},
{"type":"Feature","geometry":{"type":"LineString","coordinates":[[26.01985,59.42089],[26.02047,59.42189],[26.02038,59.42215],[26.01978,59.42219],[26.01954,59.42211],[26.01875,59.42162],[26.01844,59.42153]]},"properties":{"fclass":"river","name":"Loobu jõgi"}},
{"type":"Feature","geometry":{"type":"LineString","coordinates":[[26.12146,59.34328],[26.12108,59.34344],[26.12005,59.34417],[26.11972,59.34445],[26.11946,59.34481],[26.11886,59.34485],[26.11876,59.34495],[26.11891,59.34563],[26.11864,59.34584],[26.11853,59.34623],[26.11766,59.34617],[26.11773,59.34669],[26.11735,59.34705],[26.11678,59.34699],[26.1164,59.34679],[26.11611,59.34685],[26.11636,59.34731],[26.11564,59.34718],[26.11558,59.34694],[26.1151,59.34689],[26.11492,59.347],[26.11497,59.34731],[26.11464,59.34754],[26.11426,59.34718],[26.11362,59.34704],[26.11336,59.34715],[26.11337,59.34758],[26.11454,59.3482],[26.11451,59.34849],[26.11469,59.34877],[26.114,59.34902],[26.11338,59.34913],[26.11212,59.34888],[26.11105,59.34899],[26.11078,59.34921],[26.11013,59.34949],[26.11008,59.34959],[26.10912,59.34998],[26.10797,59.3505],[26.10779,59.35081],[26.10759,59.35089],[26.10734,59.35122],[26.1061,59.35186],[26.10536,59.3522],[26.10491,59.35256],[26.10466,59.35319],[26.10449,59.35398],[26.10408,59.35469],[26.1036,59.35494],[26.10213,59.35495],[26.10147,59.35503],[26.10031,59.35539],[26.09896,59.35548],[26.09797,59.35575]]},"properties":{"fclass":"river","name":"Loobu jõgi"}},
{"type":"Feature","geometry":{"type":"LineString","coordinates":[[26.09318,59.36338],[26.09287,59.36363],[26.09233,59.36388],[26.09204,59.36413],[26.08921,59.36513],[26.08587,59.36627],[26.08381,59.36701],[26.08313,59.36718],[26.0827,59.36721],[26.08147,59.36699],[26.08092,59.36708],[26.08043,59.3674],[26.07968,59.36738],[26.07861,59.3679],[26.07836,59.3684],[26.07818,59.36849],[26.07734,59.36852],[26.07699,59.36861],[26.07638,59.36863],[26.07621,59.36883],[26.07662,59.3693],[26.07625,59.3696],[26.07567,59.36971],[26.07423,59.36965],[26.07268,59.3697],[26.07231,59.36999],[26.07202,59.37005],[26.07044,59.37002],[26.07007,59.3703],[26.06988,59.37083],[26.0689,59.3712]]},"properties":{"fclass":"river","name":"Loobu jõgi"}},
{"type":"Feature","geometry":{"type":"LineString","coordinates":[[26.14557,59.32777],[26.14545,59.32787]]},"properties":{"fclass":"river","name":"Loobu jõgi"}},
{"type":"Feature","geometry":{"type":"LineString","coordinates":[[26.12175,59.34318],[26.12146,59.34328]]},"properties":{"fclass":"river","name":"Loobu jõgi"}},
{"type":"Feature","geometry":{"type":"LineString","coordinates":[[26.14334,59.3269],[26.14319,59.32704]]},"properties":{"fclass":"river","name":"Loobu jõgi"}},
{"type":"Feature","geometry":{"type":"LineString","coordinates":[[26.1824,59.28981],[26.18232,59.28994]]},"properties":{"fclass":"river","name":"Loobu jõgi"}},
{"type":"Feature","geometry":{"type":"LineString","coordinates":[[25.96498,59.44155],[25.96502,59.4416]]},"properties":{"fclass":"river","name":"Loobu jõgi"}},
{"type":"Feature","geometry":{"type":"LineString","coordinates":[[25.95018,59.45316],[25.95024,59.45322]]},"properties":{"fclass":"river","name":"Loobu jõgi"}},
{"type":"Feature","geometry":{"type":"LineString","coordinates":[[26.03248,59.4045],[26.03318,59.40473],[26.03385,59.40483],[26.03408,59.40499],[26.03379,59.40562],[26.03328,59.40578],[26.03255,59.40567],[26.03182,59.40545]]},"properties":{"fclass":"river","name":"Loobu jõgi"}},
{"type":"Feature","geometry":{"type":"LineString","coordinates":[[26.0226,59.41955],[26.02299,59.41983],[26.02364,59.42013],[26.02464,59.42052],[26.0248,59.4208],[26.02406,59.42095],[26.02261,59.42101],[26.02173,59.42083],[26.02017,59.42075]]},"properties":{"fclass":"river","name":"Loobu jõgi"}},
{"type":"Feature","geometry":{"type":"LineString","coordinates":[[26.14603,59.32406],[26.14601,59.32483],[26.14619,59.32496],[26.14734,59.32509],[26.14742,59.32558],[26.14762,59.32592],[26.14741,59.32624],[26.14622,59.32651],[26.14587,59.32689],[26.14598,59.32737],[26.14557,59.32777]]},"properties":{"fclass":"river","name":"Loobu jõgi"}},
{"type":"Feature","geometry":{"type":"LineString","coordinates":[[26.0372,59.39715],[26.03703,59.39739],[26.03716,59.39834],[26.03732,59.39873],[26.03683,59.39917],[26.03628,59.39941],[26.0358,59.39974],[26.03494,59.40006],[26.03451,59.40036],[26.03429,59.40106],[26.03429,59.4016],[26.0342,59.40177],[26.03308,59.40309],[26.03237,59.40349],[26.03255,59.40408],[26.03248,59.4045],[26.03238,59.40498],[26.03182,59.40545],[26.03122,59.40599],[26.03136,59.40644],[26.03192,59.40695],[26.03211,59.40823],[26.03261,59.41061],[26.03269,59.41134],[26.03166,59.41197],[26.0316,59.41207],[26.03191,59.41277],[26.03241,59.41303],[26.03285,59.41404],[26.03201,59.41419],[26.03012,59.41417],[26.02917,59.41403],[26.0289,59.41431],[26.02915,59.41468],[26.02988,59.41498],[26.0305,59.41536],[26.03062,59.41553],[26.03019,59.41578],[26.02895,59.41662],[26.02833,59.4168],[26.02789,59.41708],[26.02709,59.41728],[26.02627,59.41723],[26.02448,59.41724],[26.02426,59.4174],[26.02438,59.41759],[26.02501,59.41801],[26.02543,59.41862],[26.02539,59.41882],[26.02463,59.41895],[26.02282,59.41945]]},"properties":{"fclass":"river","name":"Loobu jõgi"}},
{"type":"Feature","geometry":{"type":"LineString","coordinates":[[26.16827,59.29983],[26.16777,59.30014],[26.16759,59.30049],[26.16734,59.30056],[26.16668,59.30035],[26.16584,59.30033],[26.16593,59.30065],[26.16717,59.30141],[26.16712,59.30154],[26.16722,59.3017],[26.16785,59.30154],[26.16835,59.30164],[26.16847,59.30248],[26.16865,59.30299],[26.16863,59.30326],[26.16821,59.3033],[26.16764,59.30346],[26.16762,59.30368],[26.16829,59.30396],[26.169,59.30402],[26.16963,59.30462],[26.16965,59.30482],[26.16929,59.30496],[26.16908,59.30552],[26.16883,59.30578],[26.16931,59.30604]]},"properties":{"fclass":"river","name":"Loobu jõgi"}},
{"type":"Feature","geometry":{"type":"LineString","coordinates":[[26.14319,59.32704],[26.14274,59.32795],[26.14238,59.32837],[26.14153,59.32882],[26.13992,59.32952],[26.13957,59.33016],[26.13948,59.33099],[26.13923,59.33185],[26.13765,59.33299],[26.13724,59.33355],[26.13657,59.33402],[26.13561,59.33436],[26.13392,59.33502],[26.13331,59.33549],[26.13247,59.33564],[26.13212,59.33623],[26.13185,59.33626],[26.13136,59.33689],[26.13093,59.33682],[26.13054,59.33688]]},"properties":{"fclass":"river","name":"Loobu jõgi"}},
{"type":"Feature","geometry":{"type":"LineString","coordinates":[[26.16874,59.31059],[26.16805,59.3106]]},"properties":{"fclass":"river","name":"Loobu jõgi"}},
{"type":"Feature","geometry":{"type":"LineString","coordinates":[[26.14545,59.32787],[26.14484,59.32825],[26.14409,59.32837],[26.14238,59.32837]]},"properties":{"fclass":"river","name":"Loobu jõgi"}},
{"type":"Feature","geometry":{"type":"LineString","coordinates":[[25.95024,59.45322],[25.95025,59.45349]]},"properties":{"fclass":"river","name":"Loobu jõgi"}},
{"type":"Feature","geometry":{"type":"LineString","coordinates":[[25.96475,59.44117],[25.96498,59.44155]]},"properties":{"fclass":"river","name":"Loobu jõgi"}},
{"type":"Feature","geometry":{"type":"LineString","coordinates":[[25.95066,59.45384],[25.95043,59.4541],[25.94968,59.45474],[25.94971,59.45499]]},"properties":{"fclass":"river","name":"Loobu jõgi"}},
{"type":"Feature","geometry":{"type":"LineString","coordinates":[[25.97061,59.44752],[25.97047,59.44781],[25.97021,59.44787],[25.96947,59.44784],[25.96878,59.44763],[25.96848,59.44763],[25.96861,59.44792],[25.96918,59.44803],[25.96975,59.44831],[25.96961,59.44846],[25.96919,59.44853],[25.96886,59.44882],[25.96859,59.44939],[25.96785,59.44967],[25.96848,59.44996],[25.96848,59.45014],[25.96795,59.4502],[25.96698,59.45023],[25.96659,59.45056],[25.9659,59.4506],[25.96553,59.45098],[25.96498,59.45092],[25.96475,59.45073],[25.96472,59.45046],[25.96432,59.45034],[25.96358,59.45083],[25.96316,59.45075],[25.96365,59.45016],[25.96342,59.45005],[25.96289,59.45008],[25.96237,59.45033],[25.96211,59.45032],[25.96196,59.44976],[25.96144,59.44964],[25.96002,59.44961],[25.95934,59.44933],[25.95895,59.44933],[25.9589,59.44873],[25.95859,59.44871],[25.95818,59.44906],[25.95779,59.44897],[25.95757,59.44878],[25.95656,59.44828],[25.95561,59.44822],[25.95443,59.44765],[25.95366,59.44762],[25.95299,59.44788]]},"properties":{"fclass":"river","name":"Loobu jõgi"}},
{"type":"Feature","geometry":{"type":"LineString","coordinates":[[25.96502,59.4416],[25.96553,59.44202],[25.96588,59.44211],[25.9667,59.44208]]},"properties":{"fclass":"river","name":"Loobu jõgi"}},
{"type":"Feature","geometry":{"type":"LineString","coordinates":[[25.24442,58.99019],[25.24501,58.98925],[25.2457,58.98786],[25.2465,58.98645],[25.24664,58.9854],[25.2467,58.98413],[25.24655,58.98364],[25.24638,58.9835],[25.24423,58.98223],[25.24208,58.98098],[25.2399,58.98043],[25.23827,58.97879],[25.23733,58.97794],[25.23679,58.97703],[25.23592,58.97578]]},"properties":{"fclass":"river","name":"Käru jõgi"}},
{"type":"Feature","geometry":{"type":"LineString","coordinates":[[25.25989,59.00158],[25.25975,59.00146]]},"properties":{"fclass":"river","name":"Käru jõgi"}},
{"type":"Feature","geometry":{"type":"LineString","coordinates":[[25.23592,58.97578],[25.23582,58.97565]]},"properties":{"fclass":"river","name":"Käru jõgi"}},
{"type":"Feature","geometry":{"type":"LineString","coordinates":[[25.23582,58.97565],[25.23576,58.97539],[25.23506,58.97383],[25.23524,58.97252],[25.23523,58.97217],[25.23502,58.97141],[25.23418,58.97044],[25.23243,58.96903],[25.23408,58.96804],[25.23636,58.96622],[25.2363,58.96578],[25.23654,58.96552],[25.24185,58.96346],[25.2448,58.96224],[25.24519,58.96204],[25.24737,58.96073]]},"properties":{"fclass":"river","name":"Käru jõgi"}},
{"type":"Feature","geometry":{"type":"LineString","coordinates":[[25.25678,59.01681],[25.25872,59.01622],[25.25906,59.01603],[25.25902,59.01581],[25.25846,59.01546],[25.25783,59.0153],[25.25788,59.01449],[25.25854,59.01408],[25.26124,59.01257],[25.26112,59.01167],[25.26107,59.01071],[25.26043,59.00994],[25.26055,59.00967],[25.26154,59.00899]]},"properties":{"fclass":"river","name":"Käru jõgi"}},
{"type":"Feature","geometry":{"type":"LineString","coordinates":[[26.51999,59.44268],[26.51891,59.44284],[26.51505,59.44351],[26.51396,59.44352],[26.5136,59.44363],[26.51346,59.44388],[26.51281,59.44443],[26.51247,59.44483],[26.51194,59.4457],[26.5118,59.44595],[26.51114,59.44612],[26.51035,59.44621],[26.50954,59.44644],[26.50913,59.44665],[26.50899,59.44685],[26.5093,59.44708],[26.51005,59.44737]]},"properties":{"fclass":"river","name":"Kunda jõgi"}},
{"type":"Feature","geometry":{"type":"LineString","coordinates":[[26.51999,59.44268],[26.51969,59.44312],[26.51945,59.44407],[26.51893,59.44436]]},"properties":{"fclass":"river","name":"Kunda jõgi"}},
{"type":"Feature","geometry":{"type":"LineString","coordinates":[[26.51893,59.44436],[26.51849,59.44481],[26.51766,59.44548],[26.51744,59.44583],[26.51631,59.44668],[26.51445,59.44842],[26.51411,59.44866]]},"properties":{"fclass":"river","name":"Kunda jõgi"}},
{"type":"Feature","geometry":{"type":"LineString","coordinates":[[26.20551,59.36549],[26.20585,59.36572],[26.20641,59.36667],[26.20971,59.36817],[26.2102,59.3683],[26.21072,59.36863],[26.21545,59.37075],[26.21556,59.37084],[26.21576,59.37148],[26.21639,59.37313],[26.21766,59.37613],[26.21846,59.37686],[26.21983,59.37822],[26.22038,59.37854],[26.22524,59.37932],[26.22616,59.37926]]},"properties":{"fclass":"stream","name":"Hulja oja"}},
{"type":"Feature","geometry":{"type":"LineString","coordinates":[[26.38049,59.39383],[26.38103,59.39409],[26.38168,59.3941],[26.38234,59.39401],[26.38268,59.39367]]},"properties":{"fclass":"river","name":"Selja jõgi"}},
{"type":"Feature","geometry":{"type":"LineString","coordinates":[[26.37996,59.39366],[26.38019,59.39421],[26.38075,59.39428],[26.38103,59.39409]]},"properties":{"fclass":"river","name":"Selja jõgi"}},
{"type":"Feature","geometry":{"type":"LineString","coordinates":[[26.2305,59.35213],[26.23017,59.35269],[26.22843,59.35496],[26.22739,59.35636],[26.22729,59.35662]]},"properties":{"fclass":"river","name":"Selja jõgi"}},
{"type":"Feature","geometry":{"type":"LineString","coordinates":[[26.26231,59.37042],[26.2633,59.37061],[26.27197,59.37244],[26.27257,59.3726],[26.27312,59.37284],[26.27518,59.37364],[26.27769,59.37356],[26.28458,59.37484],[26.28678,59.37526]]},"properties":{"fclass":"river","name":"Selja jõgi"}},
{"type":"Feature","geometry":{"type":"LineString","coordinates":[[26.40486,59.40055],[26.40416,59.40136],[26.40392,59.40171],[26.40402,59.40225],[26.40384,59.40309],[26.40328,59.40404],[26.4021,59.40583],[26.40138,59.40682],[26.40119,59.40795],[26.40027,59.40825],[26.39967,59.40854],[26.39905,59.40956],[26.39892,59.40967],[26.39728,59.41054],[26.39575,59.41086],[26.39521,59.41154],[26.39512,59.41176],[26.39522,59.41239],[26.39515,59.41261],[26.39472,59.41312],[26.39448,59.41378],[26.39358,59.414],[26.39271,59.41427],[26.39224,59.41469],[26.39233,59.41501],[26.39321,59.41534],[26.39388,59.41569],[26.39381,59.41622],[26.39293,59.41667],[26.3928,59.41683],[26.39288,59.41721],[26.39283,59.41795],[26.39287,59.41829],[26.3931,59.41871],[26.39305,59.41888],[26.39248,59.41927],[26.39245,59.41995],[26.39233,59.42056],[26.39267,59.42115],[26.39259,59.42151],[26.39119,59.42211],[26.39104,59.42255],[26.39122,59.42343],[26.39114,59.42434],[26.39097,59.42459],[26.39006,59.42534],[26.38997,59.42557],[26.39002,59.42604],[26.38993,59.42654],[26.39002,59.42692],[26.38946,59.42716],[26.38876,59.42757],[26.38776,59.42824],[26.38747,59.42865],[26.38782,59.4289],[26.3878,59.42908],[26.38676,59.42975],[26.38627,59.43012],[26.38438,59.43069],[26.38351,59.43083],[26.38298,59.43107],[26.3827,59.43138],[26.38245,59.43187],[26.38239,59.43281],[26.38192,59.43303],[26.38156,59.4335],[26.3815,59.43415]]},"properties":{"fclass":"river","name":"Selja jõgi"}},
{"type":"Feature","geometry":{"type":"LineString","coordinates":[[26.26215,59.37039],[26.26231,59.37042]]},"properties":{"fclass":"river","name":"Selja jõgi"}},
{"type":"Feature","geometry":{"type":"LineString","coordinates":[[26.28678,59.37526],[26.28706,59.37532]]},"properties":{"fclass":"river","name":"Selja jõgi"}},
{"type":"Feature","geometry":{"type":"LineString","coordinates":[[26.22729,59.35662],[26.22734,59.35669]]},"properties":{"fclass":"river","name":"Selja jõgi"}},
{"type":"Feature","geometry":{"type":"LineString","coordinates":[[26.35504,59.38629],[26.35509,59.38616]]},"properties":{"fclass":"river","name":"Selja jõgi"}},
{"type":"Feature","geometry":{"type":"LineString","coordinates":[[26.22734,59.35669],[26.22859,59.3586],[26.22972,59.36038],[26.22993,59.36111],[26.23011,59.36125],[26.23317,59.36228],[26.23344,59.36242],[26.23488,59.36286],[26.23552,59.36314],[26.24018,59.36511],[26.2432,59.36641],[26.24328,59.36663],[26.24321,59.36728],[26.24348,59.36782],[26.24519,59.37053],[26.2477,59.37119],[26.2491,59.36968],[26.24984,59.36926],[26.25034,59.36909],[26.25143,59.36893],[26.25188,59.36896],[26.26144,59.37026],[26.26215,59.37039]]},"properties":{"fclass":"river","name":"Selja jõgi"}},
{"type":"Feature","geometry":{"type":"LineString","coordinates":[[26.36568,59.45077],[26.36508,59.45109],[26.36508,59.45124],[26.3655,59.45171],[26.36574,59.45232],[26.3657,59.45253],[26.36508,59.45418],[26.36507,59.45454],[26.36474,59.45478],[26.36439,59.45483],[26.36315,59.45542],[26.3631,59.45555],[26.3634,59.45598],[26.36381,59.45633],[26.36336,59.45693],[26.36272,59.4574],[26.36239,59.45774],[26.36158,59.45809],[26.36067,59.45895],[26.35968,59.45969],[26.359,59.45981],[26.35793,59.46038],[26.35785,59.4607],[26.3581,59.4611],[26.35825,59.46156],[26.3585,59.46199],[26.3583,59.46255],[26.35756,59.46272],[26.3578,59.46325],[26.35842,59.46364],[26.35837,59.4638],[26.35758,59.46423],[26.3573,59.46461],[26.35653,59.46493],[26.3564,59.46516],[26.35662,59.46553],[26.35637,59.46572],[26.35554,59.46566],[26.35532,59.46576],[26.35587,59.46608],[26.35705,59.46636],[26.35718,59.46655],[26.35688,59.46667],[26.35636,59.46669],[26.35632,59.46701],[26.35672,59.46725],[26.35718,59.46708],[26.35795,59.46711],[26.35817,59.46723],[26.35813,59.46751],[26.3567,59.46805],[26.35666,59.46825],[26.357,59.46857],[26.357,59.46877],[26.35628,59.46911],[26.35557,59.46925],[26.35533,59.46946],[26.35547,59.46975],[26.35543,59.47032],[26.35502,59.47064],[26.35453,59.47074],[26.35399,59.47067],[26.35339,59.47049],[26.35289,59.471],[26.35254,59.47122],[26.3523,59.47165],[26.35219,59.47205],[26.35159,59.47237],[26.35061,59.47299],[26.34953,59.47322],[26.34903,59.4736],[26.34837,59.47387]]},"properties":{"fclass":"river","name":"Selja jõgi"}},
{"type":"Feature","geometry":{"type":"LineString","coordinates":[[26.37752,59.39017],[26.37776,59.39041],[26.37834,59.39077]]},"properties":{"fclass":"river","name":"Selja jõgi"}},
{"type":"Feature","geometry":{"type":"LineString","coordinates":[[26.38218,59.39369],[26.38294,59.39324],[26.38363,59.39314]]},"properties":{"fclass":"river","name":"Selja jõgi"}},
{"type":"Feature","geometry":{"type":"LineString","coordinates":[[26.3456,59.46944],[26.34551,59.46955],[26.34557,59.46994],[26.34535,59.47039],[26.34561,59.47068],[26.3457,59.4712],[26.34592,59.47146],[26.34625,59.47236],[26.34658,59.47304],[26.34678,59.47326]]},"properties":{"fclass":"stream","name":""}},
{"type":"Feature","geometry":{"type":"LineString","coordinates":[[26.34678,59.47326],[26.34676,59.47331]]},"properties":{"fclass":"stream","name":""}},
{"type":"Feature","geometry":{"type":"LineString","coordinates":[[26.34676,59.47331],[26.3465,59.47365],[26.3466,59.47386]]},"properties":{"fclass":"stream","name":""}},
{"type":"Feature","geometry":{"type":"LineString","coordinates":[[25.70587,59.283],[25.70573,59.28301]]},"properties":{"fclass":"river","name":"Mustjõgi"}},
{"type":"Feature","geometry":{"type":"LineString","coordinates":[[25.7177,59.28217],[25.71759,59.28215]]},"properties":{"fclass":"river","name":"Mustjõgi"}},
{"type":"Feature","geometry":{"type":"LineString","coordinates":[[25.63026,59.2847],[25.63014,59.28472]]},"properties":{"fclass":"river","name":"Mustjõgi"}},
{"type":"Feature","geometry":{"type":"LineString","coordinates":[[25.76233,59.2909],[25.76216,59.29086]]},"properties":{"fclass":"stream","name":"Mustjõgi"}},
{"type":"Feature","geometry":{"type":"LineString","coordinates":[[25.68474,59.27749],[25.68459,59.27743]]},"properties":{"fclass":"river","name":"Mustjõgi"}},
{"type":"Feature","geometry":{"type":"LineString","coordinates":[[25.74398,59.2828],[25.7438,59.28279]]},"properties":{"fclass":"stream","name":"Mustjõgi"}},
{"type":"Feature","geometry":{"type":"LineString","coordinates":[[25.76216,59.29086],[25.76107,59.29064],[25.7606,59.29037],[25.76019,59.29001],[25.7595,59.28972],[25.75951,59.28951],[25.7588,59.28899],[25.75834,59.28895],[25.75855,59.28872],[25.75851,59.28854],[25.75816,59.28847],[25.75791,59.28811],[25.75769,59.28808],[25.75788,59.28774],[25.75752,59.28754],[25.75752,59.28726],[25.75727,59.28715],[25.75596,59.28723],[25.75538,59.28716],[25.75517,59.28699],[25.75451,59.28611],[25.75343,59.28473],[25.74704,59.28311],[25.74398,59.2828]]},"properties":{"fclass":"stream","name":"Mustjõgi"}},
{"type":"Feature","geometry":{"type":"LineString","coordinates":[[25.71759,59.28215],[25.71625,59.28183],[25.7135,59.28178],[25.7126,59.28164],[25.71236,59.28171],[25.71218,59.28218],[25.71192,59.28241],[25.71076,59.28263],[25.71043,59.28278],[25.70983,59.28291],[25.70587,59.283]]},"properties":{"fclass":"river","name":"Mustjõgi"}},
{"type":"Feature","geometry":{"type":"LineString","coordinates":[[25.68459,59.27743],[25.68428,59.27727],[25.68465,59.27685],[25.68438,59.27655],[25.68251,59.27528],[25.68226,59.27521],[25.6813,59.27536],[25.68035,59.27522],[25.67997,59.27495],[25.67967,59.27499],[25.67921,59.27466],[25.67876,59.27452],[25.67838,59.27466],[25.6778,59.27459],[25.67768,59.27443],[25.6773,59.27437],[25.67661,59.27439],[25.67612,59.27463],[25.6758,59.27463],[25.67557,59.2744],[25.67482,59.27476],[25.67445,59.27463],[25.67453,59.27432],[25.6737,59.27417],[25.6734,59.27443],[25.67311,59.27446],[25.67262,59.27408],[25.67171,59.27428],[25.67139,59.27474],[25.67108,59.27474],[25.67063,59.27456],[25.67,59.27443],[25.66881,59.27439],[25.66817,59.27453],[25.6676,59.27432],[25.66717,59.27467],[25.66693,59.27498],[25.66518,59.27508],[25.66487,59.27515],[25.66455,59.27497],[25.66429,59.27521],[25.66389,59.2754],[25.66314,59.27545],[25.66297,59.27535],[25.66287,59.27497],[25.6625,59.27471],[25.66187,59.27473],[25.66154,59.27503],[25.66116,59.27496],[25.66077,59.27507],[25.66079,59.2754],[25.66025,59.27546],[25.65931,59.27505],[25.65874,59.27521]]},"properties":{"fclass":"river","name":"Mustjõgi"}},
{"type":"Feature","geometry":{"type":"LineString","coordinates":[[25.7438,59.28279],[25.74194,59.28263],[25.73996,59.28274],[25.73751,59.28294],[25.73566,59.28339],[25.73516,59.28344],[25.73128,59.28348],[25.73099,59.28346],[25.72861,59.28309],[25.72505,59.28259],[25.72473,59.2826],[25.72452,59.2828],[25.72354,59.28301],[25.72183,59.28304],[25.72073,59.28323],[25.72037,59.28323],[25.71916,59.28286],[25.71784,59.28221],[25.7177,59.28217]]},"properties":{"fclass":"stream","name":"Mustjõgi"}},
{"type":"Feature","geometry":{"type":"LineString","coordinates":[[25.64327,59.27593],[25.64299,59.27594],[25.6429,59.27616],[25.64244,59.27617],[25.642,59.27636],[25.64126,59.27689],[25.64121,59.27707],[25.64073,59.27704],[25.64023,59.2768],[25.63992,59.27701],[25.63954,59.277],[25.63921,59.27723],[25.63885,59.27734],[25.63891,59.27751],[25.63795,59.27762],[25.63687,59.27798],[25.63637,59.27795],[25.6364,59.2778],[25.63564,59.27785],[25.63519,59.27774],[25.63507,59.27796],[25.63466,59.27801],[25.63449,59.27828],[25.63481,59.27857],[25.63439,59.27882],[25.63387,59.27886],[25.63303,59.27951],[25.63231,59.27962],[25.63225,59.28008],[25.63278,59.2802],[25.63251,59.28041],[25.63207,59.28028],[25.63157,59.28041],[25.63219,59.28097],[25.63165,59.28107],[25.63134,59.2816],[25.63141,59.28192],[25.63184,59.2818],[25.63245,59.28208],[25.63216,59.2823],[25.63322,59.28259],[25.63364,59.28243],[25.63403,59.28247],[25.63438,59.28264],[25.63431,59.28281],[25.63394,59.28285],[25.634,59.28305],[25.63359,59.28355],[25.63206,59.28416],[25.63163,59.28441],[25.63026,59.2847]]},"properties":{"fclass":"river","name":"Mustjõgi"}},
{"type":"Feature","geometry":{"type":"LineString","coordinates":[[25.70573,59.28301],[25.70527,59.28311],[25.70397,59.28373],[25.70198,59.28454],[25.70126,59.28456],[25.70098,59.2845],[25.69937,59.28389],[25.698,59.28361],[25.69647,59.28308],[25.69397,59.28214],[25.69309,59.28177],[25.69262,59.28146],[25.69237,59.28112],[25.69207,59.2809],[25.68942,59.27997],[25.68922,59.27986],[25.68926,59.2796],[25.68905,59.27932],[25.68868,59.27914],[25.68862,59.27887],[25.68734,59.27834],[25.68709,59.27814],[25.68518,59.27763],[25.68474,59.27749]]},"properties":{"fclass":"river","name":"Mustjõgi"}},
{"type":"Feature","geometry":{"type":"LineString","coordinates":[[26.20544,58.97737],[26.20607,58.97728],[26.20766,58.9775],[26.2099,58.97767],[26.21112,58.97743],[26.21219,58.97712],[26.21253,58.97677],[26.21261,58.97616],[26.21244,58.97582],[26.21247,58.97559],[26.21347,58.97493],[26.21365,58.97412],[26.21331,58.97342],[26.213,58.97252],[26.21337,58.97186],[26.21445,58.97051],[26.21478,58.97021]]},"properties":{"fclass":"river","name":"Põltsamaa jõgi"}},
{"type":"Feature","geometry":{"type":"LineString","coordinates":[[26.20452,58.99325],[26.20368,58.9914],[26.20319,58.99004],[26.20298,58.98976],[26.20285,58.98933],[26.20168,58.98675],[26.20151,58.98642],[26.20091,58.9849],[26.20105,58.98381],[26.20084,58.98288],[26.20102,58.9824],[26.20101,58.98209],[26.20144,58.98123],[26.20198,58.98088],[26.20202,58.98069],[26.2027,58.97965],[26.20442,58.97797],[26.20503,58.97751],[26.20544,58.97737]]},"properties":{"fclass":"river","name":"Põltsamaa jõgi"}},
{"type":"Feature","geometry":{"type":"MultiLineString","coordinates":[[[25.20112,59.11407],[25.2011,59.11433]],[[25.20096,59.11701],[25.2017,59.11751]]]},"properties":{"fclass":"river","name":"Kuivajõgi"}},
{"type":"Feature","geometry":{"type":"LineString","coordinates":[[25.23614,59.05971],[25.23516,59.06025],[25.23478,59.06054],[25.2332,59.06155],[25.23169,59.06249]]},"properties":{"fclass":"river","name":"Kuivajõgi"}},
{"type":"Feature","geometry":{"type":"LineString","coordinates":[[25.2017,59.11751],[25.20179,59.11761]]},"properties":{"fclass":"river","name":"Kuivajõgi"}},
{"type":"Feature","geometry":{"type":"LineString","coordinates":[[25.23628,59.05966],[25.23614,59.05971]]},"properties":{"fclass":"river","name":"Kuivajõgi"}},
{"type":"Feature","geometry":{"type":"LineString","coordinates":[[25.24092,59.05668],[25.24093,59.05676]]},"properties":{"fclass":"river","name":"Kuivajõgi"}},
{"type":"Feature","geometry":{"type":"LineString","coordinates":[[25.23895,59.08216],[25.23877,59.08219]]},"properties":{"fclass":"river","name":"Kuivajõgi"}},
{"type":"Feature","geometry":{"type":"LineString","coordinates":[[25.24041,59.04619],[25.24029,59.04624]]},"properties":{"fclass":"river","name":"Kuivajõgi"}},
{"type":"Feature","geometry":{"type":"LineString","coordinates":[[25.24275,59.04516],[25.24041,59.04619]]},"properties":{"fclass":"river","name":"Kuivajõgi"}},
{"type":"Feature","geometry":{"type":"LineString","coordinates":[[25.23724,59.07438],[25.23735,59.07447]]},"properties":{"fclass":"river","name":"Kuivajõgi"}},
{"type":"Feature","geometry":{"type":"LineString","coordinates":[[25.23997,59.04639],[25.23987,59.04643]]},"properties":{"fclass":"river","name":"Kuivajõgi"}},
{"type":"Feature","geometry":{"type":"LineString","coordinates":[[25.20847,59.09921],[25.20849,59.09931]]},"properties":{"fclass":"river","name":"Kuivajõgi"}},
{"type":"Feature","geometry":{"type":"LineString","coordinates":[[25.22294,59.08624],[25.22277,59.08631]]},"properties":{"fclass":"river","name":"Kuivajõgi"}},
{"type":"Feature","geometry":{"type":"LineString","coordinates":[[25.23169,59.06249],[25.23161,59.06257]]},"properties":{"fclass":"river","name":"Kuivajõgi"}},
{"type":"Feature","geometry":{"type":"LineString","coordinates":[[25.23161,59.06257],[25.22955,59.06481],[25.2314,59.06727],[25.23382,59.07047],[25.23524,59.07217],[25.23717,59.07433],[25.23724,59.07438]]},"properties":{"fclass":"river","name":"Kuivajõgi"}},
{"type":"Feature","geometry":{"type":"LineString","coordinates":[[25.20179,59.11761],[25.20201,59.11784],[25.20168,59.11812],[25.20119,59.11872],[25.20134,59.11902],[25.20191,59.11917],[25.2016,59.11983],[25.20169,59.12019],[25.20263,59.12049],[25.20321,59.12021],[25.20356,59.12023],[25.20429,59.12065],[25.20483,59.12084],[25.20448,59.12146],[25.20409,59.12175],[25.20415,59.12224],[25.20525,59.12255],[25.2054,59.12266],[25.20527,59.12304],[25.20568,59.12344],[25.20546,59.12363],[25.20493,59.12383],[25.20512,59.12404],[25.20526,59.12438],[25.20466,59.12481],[25.20447,59.12503],[25.20442,59.12545],[25.20452,59.12565],[25.20399,59.12654],[25.20412,59.12701],[25.204,59.12762],[25.20309,59.12815],[25.20243,59.12833],[25.20154,59.12825],[25.20108,59.12803],[25.20091,59.1278],[25.2004,59.12779]]},"properties":{"fclass":"river","name":"Kuivajõgi"}},
{"type":"Feature","geometry":{"type":"LineString","coordinates":[[25.24093,59.05676],[25.24114,59.05833],[25.24107,59.05852],[25.24046,59.05945],[25.23957,59.0598],[25.23839,59.05999],[25.23761,59.05997],[25.23649,59.05977],[25.23628,59.05966]]},"properties":{"fclass":"river","name":"Kuivajõgi"}},
{"type":"Feature","geometry":{"type":"LineString","coordinates":[[25.23987,59.04643],[25.23728,59.04759],[25.23867,59.04897],[25.23891,59.04907],[25.24097,59.04964],[25.24102,59.0498],[25.23994,59.05063],[25.23997,59.05074],[25.24091,59.05102],[25.24102,59.05114],[25.24109,59.05355],[25.24091,59.05644],[25.24092,59.05668]]},"properties":{"fclass":"river","name":"Kuivajõgi"}},
{"type":"Feature","geometry":{"type":"LineString","coordinates":[[25.24029,59.04624],[25.23997,59.04639]]},"properties":{"fclass":"river","name":"Kuivajõgi"}},
{"type":"Feature","geometry":{"type":"LineString","coordinates":[[25.23877,59.08219],[25.23847,59.08234],[25.23804,59.08288],[25.23776,59.08303],[25.23577,59.08339],[25.23294,59.08356],[25.23226,59.08363],[25.23024,59.08468],[25.22992,59.08482],[25.22882,59.08507],[25.22776,59.0851],[25.22527,59.08534],[25.22485,59.08547],[25.22294,59.08624]]},"properties":{"fclass":"river","name":"Kuivajõgi"}},
{"type":"Feature","geometry":{"type":"LineString","coordinates":[[25.23735,59.07447],[25.23801,59.07514],[25.23892,59.07619],[25.2399,59.07656],[25.24248,59.07723],[25.24267,59.07743],[25.24238,59.07829],[25.24166,59.07984],[25.24084,59.08091],[25.24028,59.08155],[25.23985,59.08192],[25.23895,59.08216]]},"properties":{"fclass":"river","name":"Kuivajõgi"}},
{"type":"Feature","geometry":{"type":"LineString","coordinates":[[25.20849,59.09931],[25.20883,59.09998],[25.20869,59.10089],[25.20837,59.10121],[25.20535,59.10187],[25.20503,59.10202],[25.20448,59.10206],[25.20364,59.10224],[25.2031,59.10252],[25.20215,59.10292],[25.2017,59.10293]]},"properties":{"fclass":"river","name":"Kuivajõgi"}},
{"type":"Feature","geometry":{"type":"LineString","coordinates":[[25.22277,59.08631],[25.22215,59.08654],[25.22163,59.08713],[25.22029,59.08855],[25.21965,59.08919],[25.21919,59.08973],[25.21906,59.0904],[25.21889,59.09061],[25.21816,59.09098],[25.21811,59.09136],[25.21772,59.09168],[25.21733,59.09182],[25.21603,59.0925],[25.21539,59.09262],[25.21353,59.09315],[25.21301,59.09334],[25.21276,59.0938],[25.21329,59.0951],[25.21365,59.09532],[25.21368,59.09562],[25.21342,59.09589],[25.21249,59.0966],[25.21109,59.09726],[25.20932,59.09745],[25.20904,59.09802],[25.20846,59.0988],[25.20847,59.09921]]},"properties":{"fclass":"river","name":"Kuivajõgi"}},
{"type":"Feature","geometry":{"type":"LineString","coordinates":[[26.28544,58.9721],[26.28565,58.97173],[26.28829,58.97063]]},"properties":{"fclass":"river","name":"Onga jõgi"}},
{"type":"Feature","geometry":{"type":"LineString","coordinates":[[26.25823,59.01716],[26.25893,59.01638],[26.265,59.01053],[26.27181,59.00661]]},"properties":{"fclass":"river","name":"Onga jõgi"}},
{"type":"Feature","geometry":{"type":"LineString","coordinates":[[26.25006,59.02108],[26.25088,59.02036],[26.25354,59.01964],[26.25459,59.01942],[26.25684,59.01938],[26.25697,59.01934],[26.25796,59.01829],[26.25816,59.01728]]},"properties":{"fclass":"river","name":"Onga jõgi"}},
{"type":"Feature","geometry":{"type":"LineString","coordinates":[[26.26125,59.03342],[26.25467,59.03471],[26.25451,59.03468],[26.25117,59.03293],[26.25024,59.03243],[26.24629,59.02974],[26.24511,59.02985],[26.24425,59.02926],[26.24407,59.02901]]},"properties":{"fclass":"river","name":"Onga jõgi"}},
{"type":"Feature","geometry":{"type":"LineString","coordinates":[[26.24996,59.02117],[26.25006,59.02108]]},"properties":{"fclass":"river","name":"Onga jõgi"}},
{"type":"Feature","geometry":{"type":"LineString","coordinates":[[26.24407,59.02901],[26.24401,59.02894]]},"properties":{"fclass":"river","name":"Onga jõgi"}},
{"type":"Feature","geometry":{"type":"LineString","coordinates":[[26.27586,58.99883],[26.27598,58.99865]]},"properties":{"fclass":"river","name":"Onga jõgi"}},
{"type":"Feature","geometry":{"type":"LineString","coordinates":[[26.28539,58.97225],[26.28544,58.9721]]},"properties":{"fclass":"river","name":"Onga jõgi"}},
{"type":"Feature","geometry":{"type":"LineString","coordinates":[[26.25816,59.01728],[26.25823,59.01716]]},"properties":{"fclass":"river","name":"Onga jõgi"}},
{"type":"Feature","geometry":{"type":"LineString","coordinates":[[26.27181,59.00661],[26.27193,59.00653]]},"properties":{"fclass":"river","name":"Onga jõgi"}},
{"type":"Feature","geometry":{"type":"LineString","coordinates":[[26.27678,58.99717],[26.27682,58.9971]]},"properties":{"fclass":"river","name":"Onga jõgi"}},
{"type":"Feature","geometry":{"type":"LineString","coordinates":[[26.27193,59.00653],[26.27554,59.00444],[26.27695,59.00365],[26.27719,59.00344],[26.27715,59.00323],[26.27528,59.0021],[26.27391,59.00131],[26.27404,59.00093],[26.27457,59.00057],[26.27541,58.99989],[26.27586,58.99883]]},"properties":{"fclass":"river","name":"Onga jõgi"}},
{"type":"Feature","geometry":{"type":"LineString","coordinates":[[26.27598,58.99865],[26.27678,58.99717]]},"properties":{"fclass":"river","name":"Onga jõgi"}},
{"type":"Feature","geometry":{"type":"LineString","coordinates":[[26.24401,59.02894],[26.24336,59.02801],[26.24339,59.02785],[26.24447,59.02665],[26.24649,59.02447],[26.24996,59.02117]]},"properties":{"fclass":"river","name":"Onga jõgi"}},
{"type":"Feature","geometry":{"type":"LineString","coordinates":[[26.27682,58.9971],[26.27798,58.99491],[26.27918,58.99324],[26.27928,58.99242],[26.2779,58.99078],[26.27784,58.99067],[26.27772,58.98949],[26.27753,58.98817],[26.27735,58.98617],[26.27716,58.9849],[26.27762,58.9841],[26.28085,58.97888],[26.28164,58.97786],[26.28497,58.9738],[26.28539,58.97225]]},"properties":{"fclass":"river","name":"Onga jõgi"}},
{"type":"Feature","geometry":{"type":"LineString","coordinates":[[25.74472,59.19926],[25.74289,59.20013],[25.74217,59.2004],[25.74097,59.20124],[25.73973,59.20201],[25.73855,59.20236],[25.73622,59.20266]]},"properties":{"fclass":"river","name":"Jänijõgi"}},
{"type":"Feature","geometry":{"type":"LineString","coordinates":[[25.71792,59.21284],[25.71581,59.21364],[25.71562,59.21378],[25.71482,59.21601],[25.7148,59.21621],[25.71412,59.21896],[25.71388,59.21939],[25.71351,59.22026],[25.7133,59.22051],[25.71267,59.2207],[25.711,59.22096]]},"properties":{"fclass":"river","name":"Jänijõgi"}},
{"type":"Feature","geometry":{"type":"LineString","coordinates":[[25.67445,59.24806],[25.67433,59.24818]]},"properties":{"fclass":"river","name":"Jänijõgi"}},
{"type":"Feature","geometry":{"type":"LineString","coordinates":[[25.74496,59.1992],[25.74472,59.19926]]},"properties":{"fclass":"river","name":"Jänijõgi"}},
{"type":"Feature","geometry":{"type":"LineString","coordinates":[[25.73622,59.20266],[25.73595,59.20271]]},"properties":{"fclass":"river","name":"Jänijõgi"}},
{"type":"Feature","geometry":{"type":"LineString","coordinates":[[25.711,59.22096],[25.71077,59.22099]]},"properties":{"fclass":"river","name":"Jänijõgi"}},
{"type":"Feature","geometry":{"type":"LineString","coordinates":[[25.71811,59.21277],[25.71792,59.21284]]},"properties":{"fclass":"river","name":"Jänijõgi"}},
{"type":"Feature","geometry":{"type":"LineString","coordinates":[[25.72182,59.21129],[25.72166,59.21137]]},"properties":{"fclass":"river","name":"Jänijõgi"}},
{"type":"Feature","geometry":{"type":"LineString","coordinates":[[25.75987,59.19161],[25.75421,59.19387],[25.75364,59.19412],[25.75332,59.19459],[25.75272,59.19637],[25.75263,59.19643],[25.75088,59.19647],[25.74854,59.19645],[25.7483,59.19648],[25.74759,59.19691],[25.74734,59.19713],[25.74558,59.19898],[25.74496,59.1992]]},"properties":{"fclass":"river","name":"Jänijõgi"}},
{"type":"Feature","geometry":{"type":"LineString","coordinates":[[25.73595,59.20271],[25.73471,59.20321],[25.73408,59.20402],[25.73276,59.20506],[25.73193,59.20584],[25.72995,59.20677],[25.727,59.20792],[25.72656,59.20813],[25.72393,59.2099],[25.72182,59.21129]]},"properties":{"fclass":"river","name":"Jänijõgi"}},
{"type":"Feature","geometry":{"type":"LineString","coordinates":[[25.72166,59.21137],[25.72098,59.21172],[25.71811,59.21277]]},"properties":{"fclass":"river","name":"Jänijõgi"}},
{"type":"Feature","geometry":{"type":"LineString","coordinates":[[25.67433,59.24818],[25.67418,59.24838],[25.67384,59.2485],[25.67369,59.24889]]},"properties":{"fclass":"river","name":"Jänijõgi"}},
{"type":"Feature","geometry":{"type":"LineString","coordinates":[[25.71077,59.22099],[25.70874,59.2213],[25.70851,59.22141],[25.70752,59.22252],[25.70705,59.22432],[25.70675,59.22565],[25.70654,59.226],[25.70503,59.22781],[25.70366,59.22943],[25.70292,59.2296],[25.69954,59.22966],[25.69876,59.22981],[25.69853,59.22994],[25.69705,59.23156],[25.69598,59.23269],[25.69559,59.23284],[25.69406,59.23317],[25.69319,59.23345],[25.69073,59.23558],[25.68933,59.23674],[25.68878,59.23711],[25.6876,59.2378],[25.68674,59.23869],[25.68615,59.23938],[25.68465,59.24101],[25.68387,59.24144],[25.68276,59.24198],[25.68168,59.24234],[25.68126,59.24264],[25.68117,59.24297],[25.68122,59.24341],[25.68073,59.244],[25.68039,59.24422],[25.67886,59.24443],[25.67813,59.24469],[25.67724,59.24492],[25.67635,59.2454],[25.67592,59.24614],[25.67553,59.24692],[25.67445,59.24806]]},"properties":{"fclass":"river","name":"Jänijõgi"}},
{"type":"Feature","geometry":{"type":"LineString","coordinates":[[25.57638,59.18174],[25.57639,59.18187],[25.57696,59.18291],[25.5773,59.18377],[25.57778,59.18508],[25.57778,59.18521],[25.57704,59.18609],[25.57698,59.18665],[25.57723,59.18689],[25.57667,59.18738],[25.57646,59.18774],[25.57662,59.18787],[25.57612,59.18823],[25.57665,59.18846],[25.57612,59.18873],[25.57571,59.18882],[25.57598,59.18908],[25.57569,59.18929],[25.57466,59.18958],[25.5745,59.1898],[25.57411,59.18973],[25.57373,59.19016],[25.57367,59.19052],[25.57388,59.1908],[25.57359,59.19104],[25.57346,59.19136],[25.57377,59.19156],[25.57361,59.19192],[25.5734,59.1921],[25.5735,59.19263],[25.57329,59.19304],[25.57242,59.19306],[25.57243,59.19326],[25.57189,59.19347],[25.57157,59.19348],[25.57088,59.19385],[25.57063,59.19398],[25.57033,59.19447],[25.5697,59.19474],[25.56937,59.1946],[25.56879,59.19472],[25.56863,59.19491],[25.56805,59.19509],[25.56769,59.19498],[25.56719,59.19523],[25.56665,59.19518],[25.56641,59.19531],[25.56631,59.19568],[25.56595,59.19578],[25.56504,59.19574],[25.56453,59.19577],[25.56413,59.19555],[25.56362,59.19604],[25.56325,59.1959],[25.56343,59.19556],[25.56339,59.19523],[25.56258,59.19538],[25.56187,59.19559],[25.5616,59.19588],[25.56069,59.19597],[25.5601,59.19612],[25.5601,59.19636],[25.56058,59.19685],[25.56031,59.19695],[25.56057,59.19716],[25.5604,59.19742],[25.56037,59.1979],[25.56073,59.19809],[25.56064,59.19842],[25.5598,59.19829],[25.55957,59.19835],[25.55926,59.19868],[25.55868,59.19882],[25.5593,59.19912],[25.55866,59.19939],[25.55883,59.19962],[25.55847,59.19971],[25.55784,59.19957],[25.5575,59.19959],[25.5572,59.19987],[25.55642,59.20004],[25.55621,59.20024],[25.55579,59.20016],[25.55541,59.20037],[25.554,59.20044],[25.554,59.20059],[25.55341,59.20071],[25.55303,59.20088],[25.55274,59.2007],[25.55264,59.20035],[25.55198,59.20047],[25.55175,59.20024],[25.55093,59.20039],[25.5501,59.20021],[25.55006,59.20039],[25.54965,59.20054],[25.54917,59.20083],[25.54889,59.20053],[25.54844,59.20044],[25.54844,59.2007],[25.54797,59.2007],[25.54705,59.20093],[25.5467,59.20108],[25.54631,59.2014],[25.54656,59.20152],[25.54644,59.20188],[25.54593,59.20173],[25.54524,59.20192],[25.54546,59.20216],[25.54519,59.20234],[25.54542,59.2025],[25.54509,59.20263],[25.54465,59.20245],[25.54441,59.20255],[25.54444,59.20278],[25.54381,59.20308],[25.54335,59.20345],[25.54374,59.20359],[25.54376,59.20382],[25.54347,59.20405],[25.54369,59.20416],[25.54281,59.20445],[25.54265,59.20463],[25.543,59.20476],[25.54329,59.20506],[25.54383,59.20512],[25.54385,59.20527],[25.54341,59.20539],[25.54342,59.2056],[25.54262,59.20571],[25.5427,59.20606],[25.54302,59.20624],[25.54257,59.20644],[25.54252,59.20663],[25.54222,59.20683],[25.5423,59.20713],[25.54189,59.20706],[25.54147,59.20728],[25.53988,59.20719],[25.53943,59.20745],[25.53887,59.20743],[25.53838,59.20765],[25.53768,59.20751],[25.53698,59.2076],[25.53643,59.20791],[25.53665,59.20817],[25.53627,59.2082],[25.53603,59.20845],[25.53636,59.20856],[25.53627,59.20872],[25.53571,59.20899],[25.53521,59.2091],[25.53475,59.20891],[25.53417,59.20897],[25.53413,59.20927],[25.53431,59.20955],[25.53374,59.20947],[25.53351,59.20935],[25.53314,59.20951],[25.53309,59.21012]]},"properties":{"fclass":"river","name":"Tarvasjõgi"}},
{"type":"Feature","geometry":{"type":"LineString","coordinates":[[25.50743,59.24484],[25.50616,59.24497],[25.50568,59.24482],[25.50501,59.2451],[25.50419,59.245],[25.50398,59.24481],[25.50352,59.24478],[25.50368,59.24444],[25.50335,59.24429],[25.50337,59.24394],[25.50382,59.24402],[25.50413,59.24383],[25.5036,59.24339],[25.50347,59.24359],[25.50297,59.24378],[25.50297,59.24406],[25.50246,59.24404],[25.50226,59.2437],[25.50183,59.24379],[25.50177,59.24404],[25.50139,59.24442],[25.50072,59.2442],[25.50069,59.24384],[25.50038,59.24349],[25.49997,59.24365],[25.50012,59.24385],[25.49948,59.24402],[25.49948,59.24413],[25.49885,59.24418],[25.49859,59.2441],[25.49836,59.24446],[25.49797,59.24456],[25.49764,59.24429],[25.49705,59.24446],[25.49713,59.24459],[25.49762,59.24465],[25.4975,59.24496],[25.49667,59.24494],[25.49584,59.2446],[25.49542,59.24463],[25.49489,59.24432],[25.49397,59.24411],[25.49348,59.24427],[25.49356,59.24451],[25.49323,59.24475],[25.49286,59.24454],[25.49251,59.24454],[25.49236,59.24471],[25.49254,59.2449],[25.49214,59.24496],[25.49186,59.24519],[25.49206,59.24549],[25.49134,59.24564],[25.48966,59.24575],[25.48833,59.24596],[25.4879,59.24576],[25.48731,59.24583],[25.48689,59.24571],[25.48655,59.24599],[25.48609,59.24611],[25.48607,59.24661],[25.48662,59.24688],[25.48638,59.24738],[25.48643,59.24766],[25.48602,59.24762],[25.4855,59.24734],[25.48511,59.24724],[25.48473,59.24734],[25.48468,59.24754],[25.48426,59.24787],[25.48411,59.24814],[25.48385,59.24818],[25.48353,59.24844],[25.48305,59.2483],[25.48294,59.24874],[25.48261,59.24892],[25.48197,59.24877],[25.48157,59.24894],[25.48147,59.24865],[25.48124,59.24849],[25.48004,59.24882],[25.47989,59.24914],[25.47954,59.24922],[25.47856,59.2492],[25.47856,59.24944],[25.47819,59.24983],[25.47816,59.25012],[25.47715,59.24998],[25.47699,59.24965],[25.47624,59.24988],[25.4758,59.24982],[25.47528,59.24988],[25.47465,59.2498],[25.47442,59.24967],[25.474,59.24969],[25.47419,59.25002],[25.47296,59.25001],[25.4727,59.25022],[25.47197,59.25041],[25.47222,59.25067],[25.4721,59.25088],[25.47176,59.25094],[25.47151,59.25144],[25.4715,59.25187],[25.47114,59.25198],[25.4711,59.25225],[25.47051,59.25244],[25.47081,59.25255],[25.47089,59.2528],[25.47057,59.25316],[25.47101,59.25337],[25.47103,59.25359],[25.47073,59.25364],[25.47032,59.25388],[25.47031,59.25426],[25.47053,59.25441],[25.47031,59.25473],[25.47,59.25465],[25.46947,59.25498],[25.47012,59.25503],[25.47024,59.2554],[25.46981,59.2555],[25.46955,59.25577],[25.46972,59.25601],[25.46921,59.25621],[25.46981,59.25626],[25.47045,59.2562],[25.47044,59.25665],[25.46994,59.25672],[25.47027,59.2569],[25.47027,59.25713],[25.46983,59.2573],[25.47029,59.25747],[25.46974,59.25772],[25.47001,59.25794],[25.46957,59.2581],[25.46987,59.25838],[25.46965,59.25829],[25.4692,59.25836],[25.4696,59.25858],[25.46927,59.25887],[25.46822,59.25939],[25.46841,59.25957],[25.46816,59.25981],[25.46817,59.26005],[25.46854,59.26034],[25.46793,59.26037],[25.46741,59.26057],[25.46667,59.26048],[25.46542,59.26087],[25.4646,59.26091],[25.46464,59.26116],[25.46418,59.26136],[25.46357,59.26129],[25.46319,59.26156],[25.46279,59.26142],[25.46261,59.26164],[25.462,59.26164],[25.46178,59.26192],[25.46137,59.26177],[25.46065,59.26182],[25.46072,59.26209],[25.46019,59.26206],[25.45995,59.26176],[25.45939,59.26193],[25.45915,59.2621],[25.45836,59.2621],[25.45802,59.26232],[25.45738,59.26232],[25.45645,59.26266],[25.45581,59.26303],[25.455,59.26318],[25.45472,59.26335],[25.45481,59.2636],[25.4543,59.26365],[25.45411,59.26345],[25.45371,59.26343],[25.45285,59.26411],[25.45256,59.26416],[25.45209,59.264],[25.45147,59.26417],[25.45056,59.26421],[25.45046,59.26443],[25.45003,59.26457],[25.45021,59.26478],[25.44998,59.26511],[25.45053,59.26531],[25.45039,59.26546],[25.44991,59.26537],[25.44982,59.26569],[25.45029,59.26596],[25.44984,59.26612],[25.44967,59.26636],[25.44934,59.26618],[25.4489,59.2663],[25.44924,59.26673],[25.44956,59.26689]]},"properties":{"fclass":"river","name":"Tarvasjõgi"}},
{"type":"Feature","geometry":{"type":"LineString","coordinates":[[25.53311,59.21028],[25.5325,59.21049],[25.53272,59.2108],[25.53258,59.21131],[25.53236,59.21153],[25.53191,59.21154],[25.5317,59.21138],[25.53133,59.21149],[25.53057,59.21152],[25.53008,59.21189],[25.5305,59.21197],[25.53026,59.21219],[25.52972,59.21213],[25.52941,59.21247],[25.52967,59.21265],[25.52942,59.2129],[25.52901,59.21307],[25.52851,59.2129],[25.52809,59.2131],[25.52816,59.21335],[25.52799,59.21381],[25.52867,59.21386],[25.52873,59.21404],[25.52814,59.21413],[25.5274,59.21461],[25.52643,59.21456],[25.52672,59.2148],[25.52661,59.21495],[25.52587,59.21491],[25.52576,59.2152],[25.52505,59.2154],[25.52455,59.21538],[25.52361,59.21582],[25.52354,59.21601],[25.52311,59.21619],[25.52215,59.21648],[25.522,59.21684],[25.52262,59.21738],[25.52232,59.21755],[25.52157,59.21736],[25.52124,59.21745],[25.52126,59.21782],[25.52196,59.21791],[25.52245,59.21766],[25.5226,59.21779],[25.52222,59.2181],[25.52186,59.21817],[25.52181,59.21842],[25.52203,59.21864],[25.52235,59.2187],[25.52222,59.21914],[25.52165,59.21954],[25.52248,59.2198],[25.52199,59.22034],[25.52199,59.22059],[25.52226,59.22077],[25.52213,59.22093],[25.52159,59.22092],[25.52125,59.22129],[25.52067,59.22113],[25.52081,59.2216],[25.52024,59.22162],[25.52003,59.22195],[25.51998,59.22257],[25.51943,59.2229],[25.5194,59.223],[25.51909,59.22322],[25.51948,59.22345],[25.51911,59.2236],[25.51825,59.22381],[25.5187,59.2241],[25.51806,59.22426],[25.51785,59.22371],[25.51753,59.22372],[25.51683,59.22404],[25.51708,59.22415],[25.5173,59.22446],[25.51689,59.22486],[25.51766,59.22475],[25.51755,59.225],[25.51716,59.22492],[25.5173,59.22527],[25.51669,59.22557],[25.51688,59.22572],[25.51685,59.22588],[25.51612,59.22601],[25.51583,59.22626],[25.51526,59.22615],[25.51482,59.22647],[25.5151,59.22679],[25.51424,59.227],[25.51471,59.22703],[25.51461,59.22721],[25.51392,59.22721],[25.51375,59.22749],[25.51423,59.22761],[25.5143,59.22791],[25.51395,59.22798],[25.51349,59.22838],[25.51346,59.22854],[25.51395,59.22865],[25.51387,59.22885],[25.51324,59.22882],[25.51323,59.2287],[25.51272,59.22855],[25.51254,59.2289],[25.51295,59.22917],[25.51274,59.22949],[25.51203,59.22943],[25.51158,59.22947],[25.51156,59.22982],[25.51138,59.23035],[25.51081,59.23029],[25.51045,59.23081],[25.51106,59.2308],[25.51098,59.23109],[25.51053,59.2315],[25.51007,59.23176],[25.50989,59.23204],[25.51006,59.23226],[25.50969,59.2325],[25.50968,59.23268],[25.50918,59.23303],[25.50923,59.23317],[25.5097,59.23345],[25.50995,59.23373],[25.51,59.23404],[25.51039,59.23439],[25.51118,59.23433],[25.51134,59.23463],[25.51183,59.2345],[25.51226,59.23468],[25.51221,59.23499],[25.51261,59.23537],[25.51225,59.23547],[25.51204,59.23528],[25.51163,59.2353],[25.51176,59.23573],[25.51149,59.23589],[25.51097,59.23592],[25.51118,59.23614],[25.51094,59.23642],[25.51049,59.23639],[25.51032,59.23655],[25.50984,59.23667],[25.50998,59.2368],[25.51048,59.23675],[25.51052,59.23692],[25.51,59.23699],[25.50947,59.23692],[25.50971,59.23722],[25.51011,59.23739],[25.51033,59.23765],[25.5094,59.23769],[25.50928,59.23798],[25.5094,59.23821],[25.50905,59.23842],[25.50976,59.23845],[25.50919,59.23877],[25.50937,59.23906],[25.51,59.23961],[25.51052,59.23975],[25.51061,59.24012],[25.51018,59.24031],[25.50967,59.24021],[25.50959,59.24036],[25.50909,59.24057],[25.50874,59.24044],[25.50866,59.24023],[25.50808,59.24018],[25.50782,59.24046],[25.50782,59.24066],[25.50858,59.24116],[25.50865,59.24136],[25.50797,59.24192],[25.5082,59.24216],[25.50852,59.24196],[25.50875,59.24205],[25.50856,59.24231],[25.50871,59.24265],[25.50833,59.24261],[25.50779,59.24294],[25.50804,59.24308],[25.508,59.24345],[25.50757,59.24341],[25.50745,59.24357],[25.50778,59.24383],[25.50772,59.24417],[25.50782,59.2444],[25.50743,59.24484]]},"properties":{"fclass":"river","name":"Tarvasjõgi"}},
{"type":"Feature","geometry":{"type":"LineString","coordinates":[[25.53309,59.21012],[25.53311,59.21028]]},"properties":{"fclass":"river","name":"Tarvasjõgi"}},
{"type":"Feature","geometry":{"type":"LineString","coordinates":[[25.57637,59.1817],[25.57638,59.18174]]},"properties":{"fclass":"river","name":"Tarvasjõgi"}},
{"type":"Feature","geometry":{"type":"LineString","coordinates":[[25.51943,59.2229],[25.5194,59.223]]},"properties":{"fclass":"river","name":"Tarvasjõgi"}},
{"type":"Feature","geometry":{"type":"LineString","coordinates":[[25.51688,59.22572],[25.51685,59.22588]]},"properties":{"fclass":"river","name":"Tarvasjõgi"}},
{"type":"Feature","geometry":{"type":"LineString","coordinates":[[25.51424,59.227],[25.51392,59.22721]]},"properties":{"fclass":"river","name":"Tarvasjõgi"}},
{"type":"Feature","geometry":{"type":"LineString","coordinates":[[25.46987,59.25838],[25.4696,59.25858]]},"properties":{"fclass":"river","name":"Tarvasjõgi"}},
{"type":"Feature","geometry":{"type":"LineString","coordinates":[[26.35888,59.32307],[26.35983,59.32303],[26.36131,59.32318],[26.36279,59.32307],[26.36352,59.32291],[26.36438,59.32307],[26.36456,59.32333],[26.36513,59.32383],[26.3658,59.32401],[26.36637,59.32439]]},"properties":{"fclass":"stream","name":""}},
{"type":"Feature","geometry":{"type":"LineString","coordinates":[[26.33179,59.34052],[26.33209,59.34062],[26.33549,59.34125],[26.33611,59.3414],[26.33658,59.34246],[26.33687,59.3428],[26.33699,59.34322],[26.33736,59.34394],[26.3375,59.34434],[26.33862,59.34529],[26.33934,59.34606],[26.34001,59.34641]]},"properties":{"fclass":"stream","name":"Tobia pkr"}},
{"type":"Feature","geometry":{"type":"LineString","coordinates":[[26.36637,59.32439],[26.36651,59.32444]]},"properties":{"fclass":"stream","name":""}},
{"type":"Feature","geometry":{"type":"LineString","coordinates":[[26.35679,59.32302],[26.35738,59.32313]]},"properties":{"fclass":"stream","name":""}},
{"type":"Feature","geometry":{"type":"LineString","coordinates":[[26.34001,59.34641],[26.34048,59.34676]]},"properties":{"fclass":"stream","name":""}},
{"type":"Feature","geometry":{"type":"LineString","coordinates":[[26.37246,59.33359],[26.3718,59.3339],[26.37141,59.334],[26.37094,59.33441],[26.37044,59.33496],[26.36969,59.33589],[26.36958,59.33612],[26.36795,59.3367],[26.36727,59.33703],[26.36715,59.33724],[26.36476,59.33772],[26.36411,59.33765],[26.36304,59.33784],[26.36301,59.33793]]},"properties":{"fclass":"stream","name":"Soolikaoja"}},
{"type":"Feature","geometry":{"type":"LineString","coordinates":[[26.34996,59.3647],[26.35007,59.36492]]},"properties":{"fclass":"stream","name":""}},
{"type":"Feature","geometry":{"type":"LineString","coordinates":[[26.0689,59.3712],[26.06743,59.37171],[26.06607,59.37231],[26.06591,59.37243],[26.06634,59.37483],[26.06657,59.37567],[26.06658,59.37602],[26.06641,59.37626],[26.06539,59.3767],[26.06484,59.37705],[26.06473,59.37725],[26.06474,59.37777],[26.06451,59.37828],[26.06266,59.37984],[26.06214,59.38012],[26.06178,59.38076],[26.06179,59.38114],[26.06135,59.38136],[26.05941,59.38324],[26.05867,59.38388],[26.05865,59.38423],[26.05913,59.38496],[26.05874,59.38568],[26.05807,59.38602],[26.05751,59.38644],[26.05728,59.38707],[26.05741,59.3877],[26.05717,59.38781],[26.05623,59.38775],[26.05594,59.38784],[26.05545,59.38828],[26.05504,59.38833],[26.05459,59.38797],[26.05423,59.38792],[26.05367,59.38811],[26.05287,59.38828],[26.0523,59.38858],[26.05175,59.38852],[26.05079,59.38833],[26.05039,59.38845],[26.0484,59.38877],[26.04794,59.3889],[26.04706,59.38899],[26.04671,59.38942],[26.04476,59.38987],[26.04446,59.39007],[26.04426,59.39055],[26.04437,59.39115],[26.04419,59.39147],[26.04444,59.39168],[26.04516,59.39197],[26.04499,59.3922],[26.04409,59.39244],[26.04201,59.39288]]},"properties":{"fclass":"river","name":"Loobu jõgi"}},
{"type":"Feature","geometry":{"type":"LineString","coordinates":[[26.00652,59.42788],[26.00593,59.42815],[26.00595,59.42865],[26.00644,59.42908],[26.0061,59.42923],[26.00542,59.4292],[26.00384,59.42888],[26.00331,59.42887],[26.00292,59.42912],[26.00292,59.4295],[26.00259,59.42964],[26.00186,59.42964],[26.00134,59.42936],[26.00081,59.42957],[26.0009,59.43018],[26.00052,59.43054],[26.00013,59.43061],[25.99959,59.43052],[25.99899,59.43012],[25.99818,59.42983],[25.99781,59.4298],[25.9974,59.4299],[25.99711,59.43016],[25.99649,59.43056],[25.99548,59.43095],[25.99492,59.43124],[25.99471,59.43151],[25.99427,59.43166],[25.99291,59.43157],[25.99239,59.43166],[25.99178,59.43187],[25.99102,59.43206],[25.98981,59.43211],[25.9887,59.43245],[25.98785,59.43284],[25.98749,59.43357],[25.98722,59.43372],[25.98639,59.43399],[25.98588,59.43427],[25.98622,59.43488],[25.98618,59.43506],[25.98549,59.43518],[25.98536,59.43557],[25.98626,59.43575],[25.98679,59.43602],[25.98652,59.43651],[25.98656,59.43672],[25.98718,59.43707],[25.98822,59.43731],[25.98826,59.43755],[25.98764,59.43798]]},"properties":{"fclass":"river","name":"Loobu jõgi"}},
{"type":"Feature","geometry":{"type":"LineString","coordinates":[[26.09335,59.36325],[26.09318,59.36338]]},"properties":{"fclass":"river","name":"Loobu jõgi"}},
{"type":"Feature","geometry":{"type":"LineString","coordinates":[[26.04201,59.39288],[26.04098,59.39358],[26.04038,59.39393],[26.04033,59.3941],[26.04063,59.39462],[26.04064,59.39493],[26.03982,59.3958],[26.03969,59.3962],[26.03975,59.39685],[26.03942,59.39739],[26.03904,59.39742],[26.03814,59.39715],[26.03764,59.39708],[26.0372,59.39715]]},"properties":{"fclass":"river","name":"Loobu jõgi"}},
{"type":"Feature","geometry":{"type":"LineString","coordinates":[[26.16931,59.30604],[26.16951,59.30623],[26.169,59.30665],[26.16989,59.30733],[26.17035,59.30819],[26.17007,59.30866],[26.17016,59.30918],[26.16949,59.30962]]},"properties":{"fclass":"river","name":"Loobu jõgi"}},
{"type":"Feature","geometry":{"type":"LineString","coordinates":[[26.16949,59.30962],[26.16885,59.31012],[26.16879,59.31044],[26.16841,59.31039],[26.16805,59.3106],[26.16744,59.31026],[26.16662,59.31016],[26.16638,59.3103],[26.16648,59.31086],[26.16606,59.31101],[26.16629,59.31124],[26.1664,59.31158],[26.1668,59.31182],[26.16671,59.31207],[26.16609,59.31229],[26.16573,59.31234]]},"properties":{"fclass":"river","name":"Loobu jõgi"}},
{"type":"Feature","geometry":{"type":"LineString","coordinates":[[26.16573,59.31234],[26.16465,59.31304],[26.16423,59.31312],[26.16374,59.31351],[26.16377,59.3139],[26.163,59.31415],[26.1629,59.31466],[26.16209,59.31484],[26.16141,59.31537],[26.1608,59.31551],[26.16021,59.31582],[26.1595,59.31588],[26.15898,59.31623],[26.15898,59.31649],[26.15832,59.31698],[26.15821,59.31719],[26.15759,59.3178],[26.1574,59.31822],[26.15696,59.31825],[26.15707,59.31766],[26.15699,59.31751],[26.15648,59.3175],[26.1563,59.31787],[26.15607,59.31809],[26.15565,59.31814],[26.15513,59.31788],[26.15485,59.31807]]},"properties":{"fclass":"river","name":"Loobu jõgi"}},
{"type":"Feature","geometry":{"type":"LineString","coordinates":[[26.15485,59.31807],[26.15511,59.3184],[26.15485,59.3186],[26.154,59.319],[26.15352,59.31893],[26.15352,59.31922],[26.1537,59.31955],[26.15363,59.32026],[26.15334,59.32027],[26.15299,59.32045],[26.15302,59.32059],[26.15266,59.32074],[26.15216,59.32066],[26.15146,59.32068],[26.15114,59.32054],[26.1508,59.32061],[26.15076,59.32115],[26.15067,59.32123],[26.14989,59.32135],[26.1498,59.32155],[26.15009,59.32183],[26.15043,59.322],[26.15048,59.32225],[26.15019,59.3224],[26.1498,59.3224],[26.14902,59.32257],[26.1489,59.32272],[26.14754,59.32269],[26.14701,59.32291],[26.14694,59.32327],[26.14678,59.32333],[26.14603,59.32406],[26.14444,59.32559],[26.14337,59.32667],[26.14334,59.3269]]},"properties":{"fclass":"river","name":"Loobu jõgi"}},
{"type":"Feature","geometry":{"type":"LineString","coordinates":[[26.30574,59.46264],[26.29888,59.46655],[26.29634,59.46798],[26.29416,59.46922],[26.29139,59.47084],[26.28813,59.47267],[26.28662,59.47354]]},"properties":{"fclass":"river","name":"Vainupea jõgi"}},
{"type":"Feature","geometry":{"type":"LineString","coordinates":[[26.30586,59.46257],[26.30574,59.46264]]},"properties":{"fclass":"river","name":"Vainupea jõgi"}},
{"type":"Feature","geometry":{"type":"LineString","coordinates":[[26.29872,59.458],[26.30017,59.45771],[26.30094,59.45775],[26.30129,59.45804],[26.30142,59.45834],[26.30171,59.45947],[26.30177,59.46004],[26.30199,59.46031],[26.30285,59.46066],[26.30519,59.46005],[26.30535,59.46007],[26.3065,59.46081],[26.30586,59.46257]]},"properties":{"fclass":"river","name":"Vainupea jõgi"}},
{"type":"Feature","geometry":{"type":"LineString","coordinates":[[26.09814,59.04124],[26.09857,59.04093],[26.0987,59.04084],[26.09871,59.04065],[26.09911,59.04039],[26.09932,59.0401],[26.10026,59.03985],[26.10124,59.03925],[26.10149,59.03912],[26.10236,59.03886],[26.10272,59.03885],[26.10336,59.03872],[26.10417,59.03837],[26.10534,59.03731],[26.10566,59.0373],[26.1057,59.03687],[26.10529,59.0365],[26.10538,59.0362],[26.10585,59.03611],[26.10606,59.03607],[26.10641,59.03618],[26.10697,59.03602],[26.10737,59.03628],[26.10788,59.03613]]},"properties":{"fclass":"river","name":"Preedi jõgi"}},
{"type":"Feature","geometry":{"type":"LineString","coordinates":[[26.1057,59.03687],[26.10612,59.03673],[26.10624,59.03635],[26.10641,59.03618]]},"properties":{"fclass":"river","name":"Preedi jõgi"}},
{"type":"Feature","geometry":{"type":"LineString","coordinates":[[26.09857,59.04093],[26.09842,59.04022],[26.09845,59.03975],[26.09917,59.03943],[26.10124,59.03925]]},"properties":{"fclass":"river","name":"Preedi jõgi"}},
{"type":"Feature","geometry":{"type":"LineString","coordinates":[[26.0987,59.04084],[26.09921,59.04099],[26.09992,59.04036],[26.10083,59.03977],[26.10254,59.03891],[26.10272,59.03885]]},"properties":{"fclass":"river","name":"Preedi jõgi"}},
{"type":"Feature","geometry":{"type":"LineString","coordinates":[[26.13578,58.97245],[26.13558,58.97236],[26.13561,58.97209],[26.13614,58.97209]]},"properties":{"fclass":"river","name":"Preedi jõgi"}},
{"type":"Feature","geometry":{"type":"LineString","coordinates":[[26.11657,59.02568],[26.11629,59.0253],[26.11621,59.02489],[26.11657,59.02468],[26.11827,59.02425],[26.12039,59.02409],[26.12083,59.02402],[26.12132,59.02318],[26.12364,59.01951],[26.12387,59.01905],[26.1245,59.01805],[26.12474,59.01777],[26.12495,59.01733],[26.12594,59.01584],[26.12668,59.01456],[26.12686,59.01434],[26.1272,59.01368],[26.12776,59.01286],[26.12823,59.01195],[26.12762,59.01183],[26.12457,59.01097],[26.1238,59.01068],[26.12306,59.01048],[26.12168,59.00996],[26.11939,59.00984],[26.11737,59.00977],[26.11625,59.00989],[26.11566,59.00988],[26.11535,59.00963],[26.11505,59.00957],[26.11379,59.00962],[26.11332,59.00951],[26.11193,59.00945],[26.11136,59.00926],[26.11096,59.0089],[26.11058,59.00877],[26.10973,59.00873],[26.10955,59.00864],[26.10948,59.00832],[26.1092,59.00802]]},"properties":{"fclass":"river","name":"Preedi jõgi"}},
{"type":"Feature","geometry":{"type":"LineString","coordinates":[[26.11839,58.9985],[26.11848,58.99844]]},"properties":{"fclass":"river","name":"Preedi jõgi"}},
{"type":"Feature","geometry":{"type":"LineString","coordinates":[[26.10788,59.03613],[26.10796,59.03611]]},"properties":{"fclass":"river","name":"Preedi jõgi"}},
{"type":"Feature","geometry":{"type":"LineString","coordinates":[[26.1092,59.00802],[26.10914,59.00789]]},"properties":{"fclass":"river","name":"Preedi jõgi"}},
{"type":"Feature","geometry":{"type":"LineString","coordinates":[[26.11662,59.02575],[26.11657,59.02568]]},"properties":{"fclass":"river","name":"Preedi jõgi"}},
{"type":"Feature","geometry":{"type":"LineString","coordinates":[[26.13696,58.97157],[26.13647,58.97156],[26.13639,58.97136],[26.13685,58.97114],[26.13674,58.97088],[26.13719,58.9708]]},"properties":{"fclass":"river","name":"Preedi jõgi"}},
{"type":"Feature","geometry":{"type":"LineString","coordinates":[[26.13387,58.98142],[26.13313,58.98139],[26.13291,58.98093],[26.13314,58.98073]]},"properties":{"fclass":"river","name":"Preedi jõgi"}},
{"type":"Feature","geometry":{"type":"LineString","coordinates":[[26.11848,58.99844],[26.11905,58.99812],[26.12109,58.99764],[26.12164,58.99758],[26.12318,58.99767],[26.1239,58.99761],[26.12455,58.99746],[26.12516,58.99742],[26.12637,58.99758],[26.12738,58.99762],[26.12777,58.99752],[26.12821,58.99711],[26.12813,58.99664],[26.12901,58.99603],[26.13025,58.99586],[26.13197,58.99589],[26.13258,58.99594],[26.13312,58.99571],[26.13478,58.99452],[26.13585,58.99381],[26.13594,58.99365],[26.13596,58.9915],[26.13593,58.9907],[26.13599,58.99052],[26.13594,58.98944],[26.13598,58.98771],[26.13676,58.98649],[26.137,58.98583],[26.13649,58.98491],[26.13568,58.9836],[26.13521,58.98317],[26.13516,58.98302],[26.13387,58.98142],[26.13314,58.98073],[26.13309,58.98056],[26.13334,58.98017],[26.1334,58.97967],[26.13451,58.97849],[26.13496,58.97814],[26.13564,58.97711],[26.13587,58.97689],[26.13559,58.97664],[26.13568,58.9764],[26.13504,58.97635],[26.13488,58.97544],[26.13458,58.97426],[26.13458,58.97381],[26.13438,58.97327],[26.13442,58.97301],[26.13474,58.97279],[26.13551,58.97284],[26.13586,58.97279],[26.13599,58.97256],[26.13578,58.97245],[26.13574,58.97225],[26.13614,58.97209],[26.13619,58.9721],[26.13684,58.97214],[26.13697,58.97193],[26.13739,58.97207],[26.13751,58.9718],[26.13696,58.97157],[26.137,58.97148],[26.13783,58.97098],[26.13719,58.9708],[26.13682,58.9705],[26.13727,58.97026],[26.13782,58.97015],[26.13774,58.96972]]},"properties":{"fclass":"river","name":"Preedi jõgi"}},
{"type":"Feature","geometry":{"type":"LineString","coordinates":[[26.10585,59.03611],[26.10606,59.03607]]},"properties":{"fclass":"river","name":"Preedi jõgi"}},
{"type":"Feature","geometry":{"type":"LineString","coordinates":[[26.10914,59.00789],[26.10895,59.00733],[26.10904,59.00692],[26.10953,59.00663],[26.11222,59.00438],[26.11291,59.00332],[26.11325,59.00253],[26.11293,59.0016],[26.11376,59.00045],[26.11576,58.99948],[26.11689,58.99876],[26.11822,58.99857],[26.11839,58.9985]]},"properties":{"fclass":"river","name":"Preedi jõgi"}},
{"type":"Feature","geometry":{"type":"LineString","coordinates":[[26.10796,59.03611],[26.10859,59.03626],[26.10909,59.0363],[26.10995,59.03563],[26.11046,59.03453],[26.11175,59.03376],[26.11258,59.03264],[26.113,59.03214],[26.11338,59.03156],[26.11402,59.03076],[26.11428,59.03037],[26.11478,59.03011],[26.11521,59.02978],[26.11659,59.02887],[26.11742,59.02836],[26.1175,59.02815],[26.11725,59.02676],[26.11662,59.02575]]},"properties":{"fclass":"river","name":"Preedi jõgi"}},
{"type":"Feature","geometry":{"type":"LineString","coordinates":[[26.137,58.97148],[26.13685,58.97114]]},"properties":{"fclass":"river","name":"Preedi jõgi"}},
{"type":"Feature","geometry":{"type":"LineString","coordinates":[[26.13619,58.9721],[26.13697,58.97193]]},"properties":{"fclass":"river","name":"Preedi jõgi"}},
{"type":"Feature","geometry":{"type":"LineString","coordinates":[[25.48315,59.04773],[25.4846,59.04729],[25.48815,59.04626],[25.48832,59.04608],[25.48732,59.04425],[25.48704,59.04367],[25.48961,59.04239],[25.49139,59.04153],[25.49159,59.04147],[25.49501,59.03981],[25.49533,59.03968],[25.49691,59.03889],[25.49814,59.03832],[25.50287,59.03594],[25.50481,59.0349],[25.50506,59.03484],[25.51199,59.03555],[25.51627,59.03602],[25.51654,59.03602],[25.51979,59.03381],[25.51982,59.03377]]},"properties":{"fclass":"river","name":"Reopalu jõgi"}},
{"type":"Feature","geometry":{"type":"LineString","coordinates":[[25.51982,59.03377],[25.51989,59.03365]]},"properties":{"fclass":"river","name":"Reopalu jõgi"}},
{"type":"Feature","geometry":{"type":"LineString","coordinates":[[25.51961,59.01346],[25.5196,59.01339]]},"properties":{"fclass":"river","name":"Reopalu jõgi"}},
{"type":"Feature","geometry":{"type":"LineString","coordinates":[[25.48303,59.0478],[25.48315,59.04773]]},"properties":{"fclass":"river","name":"Reopalu jõgi"}},
{"type":"Feature","geometry":{"type":"LineString","coordinates":[[25.51105,59.00507],[25.51097,59.00497]]},"properties":{"fclass":"river","name":"Reopalu jõgi"}},
{"type":"Feature","geometry":{"type":"LineString","coordinates":[[25.51097,59.00497],[25.51063,59.00466],[25.51012,59.00401],[25.50869,59.00233],[25.50808,59.00105],[25.50745,58.99966],[25.50662,58.99799],[25.50579,58.9962],[25.50423,58.99291],[25.50358,58.99146],[25.50307,58.99041],[25.50124,58.98642],[25.50011,58.9839],[25.49963,58.98346],[25.49578,58.97939],[25.49325,58.97674],[25.49006,58.97346],[25.48994,58.97322],[25.49083,58.96987],[25.49126,58.96815],[25.49141,58.96779],[25.49495,58.96512],[25.4959,58.96442],[25.49585,58.96385]]},"properties":{"fclass":"river","name":"Reopalu jõgi"}},
{"type":"Feature","geometry":{"type":"LineString","coordinates":[[25.4718,59.06076],[25.47327,59.05896],[25.47757,59.05375],[25.47773,59.05371],[25.48289,59.05282],[25.4831,59.05275],[25.4836,59.05229],[25.48278,59.04996],[25.4823,59.04863],[25.48226,59.04814],[25.48303,59.0478]]},"properties":{"fclass":"river","name":"Reopalu jõgi"}},
{"type":"Feature","geometry":{"type":"LineString","coordinates":[[25.52294,59.03146],[25.52281,59.03123],[25.52348,59.03114],[25.52677,59.02885],[25.52786,59.02803],[25.52632,59.02624],[25.52365,59.02311],[25.52051,59.0194],[25.52048,59.01934],[25.52011,59.01684],[25.51987,59.0151],[25.51961,59.01346]]},"properties":{"fclass":"river","name":"Reopalu jõgi"}},
{"type":"Feature","geometry":{"type":"LineString","coordinates":[[25.5196,59.01339],[25.51955,59.01289],[25.51927,59.01254],[25.51829,59.0111],[25.5176,59.01037],[25.51652,59.0095],[25.51599,59.00914],[25.5155,59.00892],[25.51521,59.00861],[25.51419,59.00834],[25.51364,59.00784],[25.51247,59.00664],[25.51113,59.0052],[25.51105,59.00507]]},"properties":{"fclass":"river","name":"Reopalu jõgi"}},
{"type":"Feature","geometry":{"type":"LineString","coordinates":[[26.44313,59.42977],[26.44306,59.42983]]},"properties":{"fclass":"river","name":"Toolse jõgi"}},
{"type":"Feature","geometry":{"type":"LineString","coordinates":[[26.44321,59.42971],[26.44313,59.42977]]},"properties":{"fclass":"river","name":"Toolse jõgi"}},
{"type":"Feature","geometry":{"type":"LineString","coordinates":[[26.46362,59.38544],[26.4636,59.38553]]},"properties":{"fclass":"river","name":"Toolse jõgi"}},
{"type":"Feature","geometry":{"type":"LineString","coordinates":[[26.44849,59.43259],[26.44858,59.43267]]},"properties":{"fclass":"river","name":"Toolse jõgi"}},
{"type":"Feature","geometry":{"type":"LineString","coordinates":[[26.4636,59.38553],[26.46318,59.38821]]},"properties":{"fclass":"river","name":"Toolse jõgi"}},
{"type":"Feature","geometry":{"type":"LineString","coordinates":[[26.44621,59.42596],[26.44594,59.42603]]},"properties":{"fclass":"river","name":"Toolse jõgi"}},
{"type":"Feature","geometry":{"type":"LineString","coordinates":[[26.46272,59.39096],[26.4627,59.39105]]},"properties":{"fclass":"river","name":"Toolse jõgi"}},
{"type":"Feature","geometry":{"type":"LineString","coordinates":[[26.46504,59.38159],[26.46498,59.38172]]},"properties":{"fclass":"river","name":"Toolse jõgi"}},
{"type":"Feature","geometry":{"type":"LineString","coordinates":[[26.46318,59.38821],[26.46316,59.38831]]},"properties":{"fclass":"river","name":"Toolse jõgi"}},
{"type":"Feature","geometry":{"type":"LineString","coordinates":[[26.4627,59.39105],[26.46268,59.39112]]},"properties":{"fclass":"river","name":"Toolse jõgi"}},
{"type":"Feature","geometry":{"type":"LineString","coordinates":[[26.44632,59.42593],[26.44621,59.42596]]},"properties":{"fclass":"river","name":"Toolse jõgi"}},
{"type":"Feature","geometry":{"type":"LineString","coordinates":[[26.46316,59.38831],[26.46311,59.38877],[26.46272,59.39096]]},"properties":{"fclass":"river","name":"Toolse jõgi"}},
{"type":"Feature","geometry":{"type":"LineString","coordinates":[[26.46498,59.38172],[26.46383,59.3842],[26.46362,59.38544]]},"properties":{"fclass":"river","name":"Toolse jõgi"}},
{"type":"Feature","geometry":{"type":"LineString","coordinates":[[26.44673,59.42565],[26.44632,59.42593]]},"properties":{"fclass":"river","name":"Toolse jõgi"}},
{"type":"Feature","geometry":{"type":"LineString","coordinates":[[26.47579,59.37232],[26.4733,59.37427],[26.47275,59.37464],[26.46978,59.37649],[26.46646,59.37853],[26.46504,59.38159]]},"properties":{"fclass":"river","name":"Toolse jõgi"}},
{"type":"Feature","geometry":{"type":"LineString","coordinates":[[26.46382,59.45463],[26.46381,59.45483],[26.46408,59.45515],[26.46487,59.45588],[26.46668,59.45688],[26.46728,59.45728],[26.46765,59.45744],[26.46826,59.45792],[26.4683,59.45806],[26.46807,59.45915],[26.46842,59.45932],[26.46894,59.45941],[26.46909,59.45957],[26.4697,59.4597],[26.47035,59.45951],[26.47083,59.45979],[26.47223,59.45998],[26.473,59.45999],[26.47415,59.46021],[26.47451,59.4606],[26.4749,59.46077],[26.47491,59.46114],[26.47436,59.46125],[26.47415,59.46141],[26.4739,59.46203],[26.47362,59.46228],[26.47271,59.46258],[26.47246,59.46275],[26.47291,59.46317],[26.47274,59.4633],[26.47136,59.46306],[26.47071,59.46322]]},"properties":{"fclass":"river","name":"Toolse jõgi"}},
{"type":"Feature","geometry":{"type":"LineString","coordinates":[[25.77454,58.97944],[25.77413,58.97936]]},"properties":{"fclass":"river","name":"Esna jõgi"}},
{"type":"Feature","geometry":{"type":"LineString","coordinates":[[25.77508,58.98002],[25.77438,58.97986],[25.77369,58.97939]]},"properties":{"fclass":"river","name":"Esna jõgi"}},
{"type":"Feature","geometry":{"type":"LineString","coordinates":[[25.78206,58.98118],[25.78169,58.98103],[25.78011,58.98086],[25.77739,58.9805]]},"properties":{"fclass":"river","name":"Esna jõgi"}},
{"type":"Feature","geometry":{"type":"LineString","coordinates":[[25.78537,58.98695],[25.78523,58.9869]]},"properties":{"fclass":"river","name":"Esna jõgi"}},
{"type":"Feature","geometry":{"type":"LineString","coordinates":[[25.78111,58.9716],[25.78118,58.9715]]},"properties":{"fclass":"river","name":"Esna jõgi"}},
{"type":"Feature","geometry":{"type":"LineString","coordinates":[[25.78541,58.98697],[25.78537,58.98695]]},"properties":{"fclass":"river","name":"Esna jõgi"}},
{"type":"Feature","geometry":{"type":"LineString","coordinates":[[25.78523,58.9869],[25.7848,58.98671],[25.7843,58.98636],[25.78452,58.98597],[25.78391,58.98553],[25.78375,58.98502],[25.78444,58.98447],[25.78488,58.98381],[25.7858,58.98344],[25.78565,58.98308],[25.7854,58.98289],[25.78481,58.98279],[25.78382,58.98205],[25.7838,58.98174],[25.78316,58.98151],[25.7825,58.98141],[25.78206,58.98118],[25.78211,58.98092],[25.78238,58.98082],[25.78242,58.98057],[25.78281,58.98034],[25.78161,58.97979],[25.78109,58.9801],[25.78042,58.98011],[25.78004,58.98023],[25.77985,58.98004],[25.78023,58.97971],[25.77995,58.97964],[25.77947,58.97982],[25.77898,58.97986],[25.77847,58.97968],[25.7778,58.97983],[25.77739,58.98003],[25.77728,58.9803],[25.77739,58.9805],[25.77719,58.98056],[25.77574,58.98024],[25.77508,58.98002],[25.77523,58.97978],[25.77497,58.97948],[25.77454,58.97944],[25.77413,58.97936],[25.77369,58.97939],[25.77314,58.97914],[25.77231,58.97909],[25.77177,58.97897],[25.77069,58.97799],[25.77031,58.97776],[25.77049,58.97747],[25.7704,58.97706],[25.77055,58.97679],[25.77264,58.97599],[25.773,58.9758],[25.77344,58.97572],[25.77388,58.97543],[25.77619,58.97456],[25.7774,58.974],[25.78012,58.97295],[25.78038,58.97271]]},"properties":{"fclass":"river","name":"Esna jõgi"}},
{"type":"Feature","geometry":{"type":"LineString","coordinates":[[25.78118,58.9715],[25.78147,58.97115],[25.78328,58.96847],[25.78391,58.96758],[25.78392,58.9671],[25.78369,58.96688]]},"properties":{"fclass":"river","name":"Esna jõgi"}},
{"type":"Feature","geometry":{"type":"LineString","coordinates":[[25.33086,59.37486],[25.33136,59.37483],[25.33197,59.37503],[25.3344,59.37572]]},"properties":{"fclass":"canal","name":""}},
{"type":"Feature","geometry":{"type":"LineString","coordinates":[[25.72152,59.00749],[25.71864,59.00704],[25.71821,59.00689],[25.71681,59.00624],[25.71483,59.00546],[25.71445,59.00425],[25.71419,59.00291],[25.71336,59.00145],[25.71117,58.99693],[25.71105,58.99691],[25.70776,58.9971],[25.70626,58.99717],[25.70607,58.99708]]},"properties":{"fclass":"river","name":"Vodja jõgi"}},
{"type":"Feature","geometry":{"type":"LineString","coordinates":[[25.74112,59.00018],[25.73371,59.0008],[25.73244,59.00093],[25.73255,59.00297],[25.73256,59.00409],[25.73202,59.00507],[25.73139,59.00605],[25.73124,59.00642],[25.73082,59.00777],[25.72938,59.00892],[25.72875,59.00883]]},"properties":{"fclass":"river","name":"Vodja jõgi"}},
{"type":"Feature","geometry":{"type":"LineString","coordinates":[[25.72875,59.00883],[25.72851,59.00879]]},"properties":{"fclass":"river","name":"Vodja jõgi"}},
{"type":"Feature","geometry":{"type":"LineString","coordinates":[[25.70607,58.99708],[25.70601,58.99697]]},"properties":{"fclass":"river","name":"Vodja jõgi"}},
{"type":"Feature","geometry":{"type":"LineString","coordinates":[[25.72174,59.00753],[25.72152,59.00749]]},"properties":{"fclass":"river","name":"Vodja jõgi"}},
{"type":"Feature","geometry":{"type":"LineString","coordinates":[[25.72851,59.00879],[25.72576,59.00827],[25.72174,59.00753]]},"properties":{"fclass":"river","name":"Vodja jõgi"}},
{"type":"Feature","geometry":{"type":"LineString","coordinates":[[25.70601,58.99697],[25.70564,58.99604],[25.70547,58.99549],[25.70499,58.9915],[25.70482,58.99135],[25.70007,58.98886],[25.7,58.98872],[25.69986,58.98789],[25.69952,58.98612],[25.69897,58.98357],[25.69898,58.98329],[25.69949,58.97666],[25.69941,58.97652],[25.6963,58.97323],[25.6962,58.97304],[25.69621,58.9721],[25.68865,58.97009],[25.68669,58.96973],[25.68525,58.96962],[25.68425,58.96936],[25.67918,58.96668],[25.67898,58.96653],[25.67747,58.96584]]},"properties":{"fclass":"river","name":"Vodja jõgi"}},
{"type":"Feature","geometry":{"type":"LineString","coordinates":[[25.89298,59.44105],[25.89349,59.44113],[25.8934,59.4414]]},"properties":{"fclass":"river","name":"Läsna jõgi"}},
{"type":"Feature","geometry":{"type":"LineString","coordinates":[[25.90039,59.44539],[25.90112,59.44567],[25.90132,59.44602],[25.90177,59.44613],[25.90245,59.44659],[25.90256,59.44691],[25.9017,59.44723],[25.90162,59.44737],[25.90252,59.44785],[25.90267,59.44808],[25.90257,59.44869],[25.90292,59.44886],[25.90337,59.44891],[25.9034,59.44922],[25.90409,59.44904],[25.90445,59.44918],[25.90455,59.44937],[25.90534,59.44973],[25.90564,59.44998],[25.90598,59.44996],[25.90675,59.44962],[25.90686,59.44994],[25.90747,59.45011],[25.90836,59.44995],[25.90897,59.45004],[25.90932,59.45033],[25.9105,59.45093],[25.91097,59.45052],[25.91119,59.45047]]},"properties":{"fclass":"river","name":"Läsna jõgi"}},
{"type":"Feature","geometry":{"type":"LineString","coordinates":[[25.91218,59.45037],[25.9131,59.45046],[25.91317,59.45074],[25.91389,59.45056],[25.91411,59.45063],[25.91411,59.45104],[25.91444,59.45114],[25.91513,59.45109],[25.91542,59.45121],[25.9151,59.4516],[25.91515,59.45185],[25.91568,59.45191],[25.91619,59.4517],[25.91655,59.45263],[25.91691,59.45273],[25.91759,59.45277],[25.91814,59.45263],[25.91871,59.45283],[25.9194,59.45298],[25.91984,59.45294],[25.92026,59.45263],[25.92071,59.45247],[25.92178,59.45262],[25.92207,59.45308],[25.92242,59.45308],[25.9232,59.45276],[25.92358,59.4527],[25.924,59.45278],[25.92456,59.45334],[25.9245,59.45375],[25.925,59.45388]]},"properties":{"fclass":"river","name":"Läsna jõgi"}},
{"type":"Feature","geometry":{"type":"LineString","coordinates":[[25.925,59.45388],[25.92528,59.45432]]},"properties":{"fclass":"river","name":"Läsna jõgi"}},
{"type":"Feature","geometry":{"type":"LineString","coordinates":[[25.91199,59.4504],[25.91218,59.45037]]},"properties":{"fclass":"river","name":"Läsna jõgi"}},
{"type":"Feature","geometry":{"type":"LineString","coordinates":[[25.93349,59.41634],[25.93334,59.41639]]},"properties":{"fclass":"river","name":"Läsna jõgi"}},
{"type":"Feature","geometry":{"type":"LineString","coordinates":[[25.90028,59.4453],[25.90039,59.44539]]},"properties":{"fclass":"river","name":"Läsna jõgi"}},
{"type":"Feature","geometry":{"type":"LineString","coordinates":[[25.91119,59.45047],[25.91155,59.45045]]},"properties":{"fclass":"river","name":"Läsna jõgi"}},
{"type":"Feature","geometry":{"type":"LineString","coordinates":[[25.89458,59.44194],[25.89462,59.44198]]},"properties":{"fclass":"river","name":"Läsna jõgi"}},
{"type":"Feature","geometry":{"type":"LineString","coordinates":[[25.93152,59.46491],[25.93167,59.46497]]},"properties":{"fclass":"river","name":"Läsna jõgi"}},
{"type":"Feature","geometry":{"type":"LineString","coordinates":[[25.92528,59.45432],[25.9253,59.45451],[25.92506,59.45473],[25.92516,59.4549],[25.92593,59.45504],[25.92612,59.45542],[25.92638,59.45553],[25.92603,59.45592],[25.92675,59.45598],[25.92696,59.45608],[25.92654,59.45629],[25.92556,59.45641],[25.92521,59.45663],[25.9255,59.45683],[25.92612,59.45675],[25.92709,59.45679],[25.92741,59.45664],[25.92801,59.45667],[25.92819,59.45689],[25.92763,59.45721],[25.92761,59.45758],[25.92744,59.45778],[25.92686,59.45817],[25.92685,59.45834],[25.92732,59.4585],[25.92746,59.45879],[25.92682,59.45895],[25.92683,59.45911],[25.92754,59.45926],[25.92774,59.45938],[25.92773,59.46001],[25.92729,59.46045],[25.92731,59.46088],[25.92702,59.46118],[25.92699,59.46145],[25.92729,59.46152],[25.928,59.46149],[25.92823,59.46155],[25.92836,59.46202],[25.92876,59.4622],[25.92886,59.46263],[25.92926,59.46305],[25.93001,59.46288],[25.93102,59.46272],[25.93128,59.46281],[25.93151,59.46319],[25.93194,59.46274],[25.93233,59.46278],[25.93257,59.46294],[25.93254,59.46322],[25.93215,59.46353],[25.93173,59.46362],[25.93226,59.4638],[25.93186,59.46408],[25.93177,59.46427],[25.93132,59.4645],[25.93152,59.46491]]},"properties":{"fclass":"river","name":"Läsna jõgi"}},
{"type":"Feature","geometry":{"type":"LineString","coordinates":[[25.91155,59.45045],[25.91199,59.4504]]},"properties":{"fclass":"river","name":"Läsna jõgi"}},
{"type":"Feature","geometry":{"type":"LineString","coordinates":[[25.93167,59.46497],[25.93188,59.4652],[25.93156,59.46586],[25.93115,59.46618],[25.93066,59.46642],[25.93001,59.46638],[25.92993,59.46679],[25.93063,59.46691],[25.93101,59.46674]]},"properties":{"fclass":"river","name":"Läsna jõgi"}},
{"type":"Feature","geometry":{"type":"LineString","coordinates":[[25.89462,59.44198],[25.89504,59.44235],[25.89533,59.44248],[25.8952,59.4428],[25.89459,59.44308],[25.89462,59.44324],[25.89511,59.44332],[25.89539,59.44348],[25.89508,59.4437],[25.89512,59.44391],[25.89553,59.44422],[25.89594,59.44493],[25.89711,59.44448],[25.89741,59.44451],[25.89805,59.44504],[25.89852,59.44521],[25.89902,59.44523],[25.89965,59.44498],[25.90006,59.44504],[25.90028,59.4453]]},"properties":{"fclass":"river","name":"Läsna jõgi"}},
{"type":"Feature","geometry":{"type":"LineString","coordinates":[[26.45368,59.30142],[26.45377,59.30162],[26.45298,59.30265],[26.45242,59.30356],[26.45253,59.30405],[26.45251,59.30447]]},"properties":{"fclass":"river","name":"Sõmeru jõgi"}},
{"type":"Feature","geometry":{"type":"LineString","coordinates":[[26.45667,59.31476],[26.45682,59.31506],[26.45733,59.31524],[26.45798,59.31531],[26.45831,59.31562],[26.45819,59.31581],[26.45836,59.31611],[26.45913,59.31652],[26.45949,59.31645],[26.46059,59.3164],[26.46093,59.31649],[26.46115,59.31674],[26.46111,59.31705],[26.46162,59.31732],[26.46337,59.31773],[26.46383,59.31786],[26.46578,59.318],[26.467,59.31815],[26.46732,59.31833],[26.46856,59.31874],[26.4691,59.31897],[26.4694,59.3192],[26.46973,59.31972],[26.46992,59.31984]]},"properties":{"fclass":"river","name":"Sõmeru jõgi"}},
{"type":"Feature","geometry":{"type":"LineString","coordinates":[[26.45663,59.31461],[26.45667,59.31476]]},"properties":{"fclass":"river","name":"Sõmeru jõgi"}},
{"type":"Feature","geometry":{"type":"LineString","coordinates":[[26.45251,59.30447],[26.45249,59.30454]]},"properties":{"fclass":"river","name":"Sõmeru jõgi"}},
{"type":"Feature","geometry":{"type":"LineString","coordinates":[[26.44802,59.29635],[26.44849,59.29711]]},"properties":{"fclass":"river","name":"Sõmeru jõgi"}},
{"type":"Feature","geometry":{"type":"LineString","coordinates":[[26.44089,59.36507],[26.44085,59.36513]]},"properties":{"fclass":"river","name":"Sõmeru jõgi"}},
{"type":"Feature","geometry":{"type":"LineString","coordinates":[[26.45244,59.3061],[26.45246,59.30614],[26.45254,59.30675],[26.45295,59.30744],[26.45308,59.30868],[26.45384,59.30897],[26.4551,59.30955],[26.45547,59.3099],[26.45543,59.31073],[26.45557,59.31083],[26.45748,59.31125],[26.45927,59.31137],[26.45982,59.31146],[26.46034,59.31178],[26.46042,59.31215],[26.46033,59.31318],[26.45981,59.31339],[26.45682,59.31383],[26.45666,59.31389],[26.45663,59.31461]]},"properties":{"fclass":"river","name":"Sõmeru jõgi"}},
{"type":"Feature","geometry":{"type":"LineString","coordinates":[[26.47667,59.32112],[26.4769,59.32115],[26.47742,59.32155]]},"properties":{"fclass":"river","name":"Sõmeru jõgi"}},
{"type":"Feature","geometry":{"type":"LineString","coordinates":[[26.45249,59.30454],[26.45242,59.30497],[26.45261,59.30558],[26.4524,59.306]]},"properties":{"fclass":"river","name":"Sõmeru jõgi"}},
{"type":"Feature","geometry":{"type":"LineString","coordinates":[[26.45208,59.30609],[26.45217,59.30618]]},"properties":{"fclass":"canal","name":""}},
{"type":"Feature","geometry":{"type":"LineString","coordinates":[[26.45217,59.30618],[26.45246,59.30614]]},"properties":{"fclass":"canal","name":""}},
{"type":"Feature","geometry":{"type":"LineString","coordinates":[[26.11661,59.09662],[26.11633,59.09632],[26.11642,59.09597],[26.1166,59.09591]]},"properties":{"fclass":"river","name":"Ilmandu jõgi"}},
{"type":"Feature","geometry":{"type":"LineString","coordinates":[[26.17654,59.02341],[26.17672,59.02323],[26.17719,59.02325],[26.17751,59.02345]]},"properties":{"fclass":"river","name":"Ilmandu jõgi"}},
{"type":"Feature","geometry":{"type":"LineString","coordinates":[[26.17243,59.02427],[26.17338,59.02398],[26.17367,59.02404]]},"properties":{"fclass":"river","name":"Ilmandu jõgi"}},
{"type":"Feature","geometry":{"type":"LineString","coordinates":[[26.16908,59.02191],[26.1732,59.0219],[26.19175,59.02184],[26.19209,59.02177]]},"properties":{"fclass":"river","name":"Ilmandu jõgi"}},
{"type":"Feature","geometry":{"type":"LineString","coordinates":[[26.12624,59.06935],[26.12553,59.06899],[26.1253,59.06866],[26.12543,59.06849],[26.12583,59.06834],[26.12578,59.06821]]},"properties":{"fclass":"river","name":"Ilmandu jõgi"}},
{"type":"Feature","geometry":{"type":"LineString","coordinates":[[26.16866,59.02832],[26.16873,59.02824]]},"properties":{"fclass":"river","name":"Ilmandu jõgi"}},
{"type":"Feature","geometry":{"type":"LineString","coordinates":[[26.16887,59.02191],[26.16908,59.02191]]},"properties":{"fclass":"river","name":"Ilmandu jõgi"}},
{"type":"Feature","geometry":{"type":"LineString","coordinates":[[26.12185,59.073],[26.12199,59.07286]]},"properties":{"fclass":"river","name":"Ilmandu jõgi"}},
{"type":"Feature","geometry":{"type":"LineString","coordinates":[[26.13393,59.05812],[26.13426,59.05769],[26.13403,59.05729],[26.13356,59.05707],[26.13356,59.05689],[26.13384,59.05666],[26.13423,59.05653],[26.13484,59.05667],[26.13595,59.0563],[26.13666,59.05584],[26.13656,59.05483],[26.13637,59.05468],[26.13574,59.05454],[26.13575,59.05444],[26.13659,59.05396],[26.13744,59.05416],[26.13801,59.05399],[26.13839,59.05374],[26.13842,59.05336],[26.13821,59.05303],[26.13886,59.05277],[26.13903,59.05231],[26.13942,59.05211],[26.14065,59.05186],[26.14141,59.05195],[26.14173,59.05228],[26.14265,59.0523],[26.14381,59.0519],[26.14444,59.05182],[26.14476,59.05226],[26.14519,59.05204],[26.14523,59.05168],[26.14589,59.0515],[26.14573,59.05118],[26.14581,59.05087],[26.14558,59.05065],[26.14543,59.05031],[26.14594,59.04996],[26.1451,59.0498],[26.14519,59.04959],[26.14549,59.04946],[26.14599,59.04943],[26.14763,59.04946],[26.14814,59.04912],[26.14871,59.04935],[26.14951,59.0492],[26.15038,59.04863],[26.15004,59.04826],[26.15016,59.04786],[26.15083,59.04761],[26.15141,59.04778],[26.15195,59.04773],[26.15347,59.04739],[26.15432,59.047],[26.15441,59.04675],[26.15436,59.04631],[26.15457,59.04602],[26.15452,59.04567]]},"properties":{"fclass":"river","name":"Ilmandu jõgi"}},
{"type":"Feature","geometry":{"type":"LineString","coordinates":[[26.12199,59.07286],[26.12259,59.07261],[26.12422,59.07243],[26.12487,59.07224],[26.12498,59.07202],[26.12475,59.07182],[26.12522,59.07172],[26.12581,59.07169],[26.12606,59.07146],[26.12586,59.07134],[26.12604,59.07103],[26.12596,59.07082],[26.12541,59.07063],[26.126,59.07033],[26.12626,59.07001],[26.12609,59.06974],[26.12624,59.06935],[26.12613,59.06887],[26.12627,59.06865],[26.12578,59.06821],[26.12581,59.0681],[26.12658,59.06798],[26.12663,59.06762],[26.12723,59.06728],[26.12735,59.0668],[26.12782,59.0664],[26.12788,59.06607],[26.12867,59.06593],[26.12865,59.06565],[26.12898,59.0653],[26.12979,59.06491],[26.13011,59.06452],[26.13048,59.06436],[26.13135,59.06423],[26.13167,59.06408],[26.13191,59.06367],[26.13262,59.06329],[26.13268,59.06266],[26.1324,59.06229],[26.13252,59.06205],[26.13237,59.06188],[26.13184,59.06167],[26.1315,59.06169],[26.13097,59.06189],[26.13052,59.06165],[26.13044,59.061],[26.13058,59.06086],[26.1315,59.06073],[26.13197,59.06059],[26.13167,59.06019],[26.13242,59.06017],[26.13265,59.06008],[26.1332,59.05958],[26.13326,59.05916],[26.1334,59.05894],[26.13338,59.05866],[26.13376,59.05838],[26.13393,59.05812]]},"properties":{"fclass":"river","name":"Ilmandu jõgi"}},
{"type":"Feature","geometry":{"type":"LineString","coordinates":[[26.17338,59.02398],[26.17315,59.0237],[26.17331,59.02349],[26.17401,59.02341],[26.17474,59.02317]]},"properties":{"fclass":"river","name":"Ilmandu jõgi"}},
{"type":"Feature","geometry":{"type":"LineString","coordinates":[[26.16873,59.02824],[26.1692,59.02796],[26.16932,59.02772],[26.16936,59.02733],[26.16974,59.02695],[26.17012,59.02688],[26.17017,59.0267],[26.16984,59.02658],[26.17034,59.02632],[26.17038,59.02601],[26.17015,59.02579],[26.17061,59.02552],[26.17099,59.02551],[26.17135,59.02517],[26.17094,59.02507],[26.17175,59.02465],[26.17213,59.02454],[26.17217,59.02427],[26.17243,59.02427],[26.17294,59.02444],[26.17367,59.02404],[26.17425,59.02386],[26.17467,59.02393],[26.17502,59.02353],[26.17473,59.02346],[26.17474,59.02317],[26.17505,59.02298],[26.17579,59.02311],[26.17654,59.02341],[26.17751,59.02345],[26.17797,59.02353],[26.17863,59.02354],[26.17928,59.02372],[26.17999,59.02372],[26.18048,59.02388],[26.1811,59.02394],[26.18176,59.02419],[26.18327,59.02401],[26.18393,59.02413],[26.18472,59.02409],[26.18502,59.02443],[26.18523,59.02445],[26.18562,59.02481],[26.18624,59.02456],[26.18629,59.02432],[26.18702,59.02476],[26.1865,59.02524],[26.18695,59.02543],[26.18722,59.02542],[26.18766,59.02521],[26.18829,59.02525],[26.18894,59.02499],[26.18991,59.025],[26.19031,59.02476],[26.19048,59.0245],[26.19178,59.0244]]},"properties":{"fclass":"river","name":"Ilmandu jõgi"}},
{"type":"Feature","geometry":{"type":"LineString","coordinates":[[26.11471,59.09021],[26.11313,59.09014],[26.11245,59.0899],[26.11239,59.08942],[26.11301,59.08921],[26.11319,59.08889]]},"properties":{"fclass":"river","name":"Ilmandu jõgi"}},
{"type":"Feature","geometry":{"type":"LineString","coordinates":[[26.16574,59.03224],[26.16556,59.03213]]},"properties":{"fclass":"river","name":"Ilmandu jõgi"}},
{"type":"Feature","geometry":{"type":"LineString","coordinates":[[26.13291,59.09786],[26.1329,59.09746],[26.13252,59.09719],[26.13219,59.09726],[26.13188,59.09704],[26.13133,59.09694],[26.13071,59.09663],[26.12991,59.0965],[26.12911,59.09658],[26.1287,59.09671],[26.12785,59.09662],[26.12701,59.09664],[26.12681,59.09707],[26.12682,59.09731],[26.12611,59.09737],[26.12589,59.09709],[26.12509,59.09689],[26.12434,59.09719],[26.12396,59.09722],[26.12353,59.09746],[26.12241,59.09759],[26.12202,59.09778],[26.12156,59.09775],[26.12086,59.09786],[26.12044,59.09775],[26.12005,59.09784],[26.11927,59.09726],[26.11885,59.09714],[26.11849,59.09728],[26.11814,59.09723],[26.11717,59.09748],[26.11673,59.09749],[26.11642,59.09723],[26.11661,59.09662],[26.1166,59.09591],[26.11694,59.09512],[26.11652,59.09494],[26.11685,59.09475],[26.11595,59.09418],[26.1155,59.09396],[26.11516,59.09344],[26.11479,59.09327],[26.11419,59.09325],[26.11423,59.09269],[26.11408,59.0925],[26.1148,59.09202],[26.11536,59.0915],[26.11515,59.09126],[26.11531,59.09105],[26.11468,59.09043],[26.11471,59.09021],[26.11435,59.08966],[26.11438,59.08944],[26.11398,59.08922],[26.11347,59.08916],[26.11319,59.08889],[26.11335,59.08867],[26.1143,59.08859],[26.11433,59.08833],[26.11389,59.08814],[26.114,59.088],[26.11447,59.08789],[26.115,59.08746],[26.11496,59.08731],[26.11573,59.08669]]},"properties":{"fclass":"river","name":"Ilmandu jõgi"}},
{"type":"Feature","geometry":{"type":"LineString","coordinates":[[26.11573,59.08669],[26.11628,59.0862],[26.11619,59.08603],[26.11643,59.08588],[26.11657,59.08486],[26.11706,59.08343],[26.11731,59.08293],[26.11725,59.08279],[26.11752,59.08222],[26.11807,59.08176],[26.11847,59.08165],[26.11856,59.08148],[26.11839,59.08115],[26.11855,59.08107],[26.11836,59.0804],[26.11857,59.08019],[26.11852,59.07992],[26.1188,59.07957],[26.11934,59.07948],[26.11929,59.07912],[26.119,59.07875],[26.11928,59.07865],[26.11888,59.07847],[26.11915,59.07834],[26.1188,59.07817],[26.11949,59.07794],[26.12006,59.07752],[26.11973,59.07747],[26.11954,59.07717],[26.1201,59.07688],[26.1203,59.07659],[26.12072,59.07646],[26.12066,59.07615],[26.12002,59.07608],[26.12006,59.07591],[26.12074,59.07588],[26.12054,59.07564],[26.12077,59.07557],[26.12065,59.07503],[26.12012,59.07472],[26.12005,59.07429],[26.1204,59.07435],[26.1203,59.07389],[26.12101,59.07355],[26.12064,59.07311],[26.12082,59.07296],[26.12125,59.07298],[26.12166,59.07312],[26.12185,59.073]]},"properties":{"fclass":"river","name":"Ilmandu jõgi"}},
{"type":"Feature","geometry":{"type":"LineString","coordinates":[[26.114,59.088],[26.11356,59.08744],[26.11412,59.08736],[26.11466,59.08743],[26.11496,59.08731]]},"properties":{"fclass":"river","name":"Ilmandu jõgi"}},
{"type":"Feature","geometry":{"type":"LineString","coordinates":[[26.15452,59.04567],[26.15427,59.04521],[26.15508,59.04498],[26.15491,59.04465],[26.15517,59.04448],[26.15547,59.04411],[26.15442,59.04382],[26.15452,59.04364],[26.15436,59.04342],[26.15486,59.04334],[26.15587,59.04329],[26.15598,59.04303],[26.15568,59.04286],[26.15612,59.04275],[26.15608,59.04199],[26.15591,59.04188],[26.15574,59.04127],[26.15539,59.04083],[26.15566,59.04041],[26.15597,59.0402],[26.1561,59.03983],[26.15688,59.03996],[26.15729,59.03948],[26.15795,59.0395],[26.15807,59.03911],[26.15779,59.03889],[26.15798,59.03834],[26.15861,59.03836],[26.15831,59.03792],[26.15879,59.03788],[26.15916,59.03768],[26.15956,59.03761],[26.15975,59.03743],[26.15955,59.03693],[26.15897,59.03689],[26.15896,59.03676],[26.15969,59.03644],[26.16011,59.03632],[26.15974,59.03599],[26.16063,59.03581],[26.16076,59.03563],[26.16123,59.0358],[26.16126,59.03535],[26.16023,59.03512],[26.16026,59.03494],[26.16091,59.03479],[26.16099,59.03449],[26.16148,59.03463],[26.16205,59.03456],[26.16197,59.03425],[26.16226,59.03404],[26.16219,59.03385],[26.16246,59.03372],[26.16282,59.03383],[26.1636,59.03376],[26.16398,59.03366],[26.1636,59.0331],[26.16421,59.03304],[26.16464,59.03285],[26.16461,59.0326],[26.16501,59.03254],[26.16559,59.03249],[26.16574,59.03224],[26.16675,59.03225],[26.16714,59.03193],[26.16788,59.03151],[26.16838,59.03085],[26.1683,59.03011],[26.16832,59.02946],[26.16825,59.02912],[26.16835,59.02851],[26.16866,59.02832]]},"properties":{"fclass":"river","name":"Ilmandu jõgi"}},
{"type":"Feature","geometry":{"type":"LineString","coordinates":[[26.1692,59.02796],[26.16932,59.02772]]},"properties":{"fclass":"river","name":"Ilmandu jõgi"}},
{"type":"Feature","geometry":{"type":"LineString","coordinates":[[26.16501,59.03254],[26.16507,59.03234],[26.16556,59.03213],[26.16569,59.03201],[26.16641,59.03207],[26.16668,59.03202],[26.16799,59.03081],[26.16795,59.02988],[26.16778,59.02829],[26.16794,59.02814]]},"properties":{"fclass":"river","name":"Ilmandu jõgi"}},
{"type":"Feature","geometry":{"type":"LineString","coordinates":[[26.1155,59.09396],[26.11574,59.09393],[26.11516,59.09344]]},"properties":{"fclass":"river","name":"Ilmandu jõgi"}},
{"type":"Feature","geometry":{"type":"LineString","coordinates":[[26.16794,59.02814],[26.16799,59.02809]]},"properties":{"fclass":"river","name":"Ilmandu jõgi"}},
{"type":"Feature","geometry":{"type":"LineString","coordinates":[[26.16799,59.02809],[26.16803,59.02797],[26.16632,59.02752],[26.16586,59.02727],[26.16665,59.02586],[26.16879,59.02194],[26.16887,59.02191]]},"properties":{"fclass":"river","name":"Ilmandu jõgi"}},
{"type":"Feature","geometry":{"type":"LineString","coordinates":[[26.3646,58.97737],[26.36595,58.97473],[26.367,58.97276],[26.36843,58.97195]]},"properties":{"fclass":"river","name":"Salla jõgi"}},
{"type":"Feature","geometry":{"type":"LineString","coordinates":[[26.36843,58.97195],[26.36861,58.97184]]},"properties":{"fclass":"river","name":"Salla jõgi"}},
{"type":"Feature","geometry":{"type":"LineString","coordinates":[[26.36861,58.97184],[26.37005,58.97106]]},"properties":{"fclass":"river","name":"Salla jõgi"}},
{"type":"Feature","geometry":{"type":"LineString","coordinates":[[26.51928,59.02981],[26.5193,59.02975]]},"properties":{"fclass":"river","name":"Imukvere jõgi"}},
{"type":"Feature","geometry":{"type":"LineString","coordinates":[[26.5156,59.04059],[26.51607,59.04028],[26.51627,59.03986],[26.51688,59.03934],[26.51705,59.039],[26.51677,59.03878],[26.51697,59.03836],[26.51691,59.03794],[26.51713,59.03761],[26.51712,59.03738],[26.5175,59.03707],[26.51746,59.03679],[26.5172,59.03662],[26.51719,59.0362],[26.51754,59.03598],[26.51763,59.03566],[26.51806,59.03542],[26.51779,59.03522],[26.51735,59.03513],[26.51758,59.03487],[26.51739,59.03473],[26.51794,59.03437],[26.51806,59.03409],[26.51848,59.03419],[26.51871,59.03392],[26.5191,59.03367],[26.51882,59.03356],[26.51859,59.03327],[26.51872,59.03312],[26.51842,59.03287],[26.51881,59.03236],[26.51884,59.03172],[26.51864,59.03116],[26.51826,59.03102],[26.51856,59.03044],[26.51833,59.03029],[26.51864,59.03004],[26.51921,59.02995],[26.51928,59.02981]]},"properties":{"fclass":"river","name":"Imukvere jõgi"}},
{"type":"Feature","geometry":{"type":"LineString","coordinates":[[26.5193,59.02975],[26.51895,59.02927],[26.51912,59.02847],[26.51903,59.02829],[26.51958,59.02798],[26.51915,59.02771],[26.51924,59.02737],[26.51949,59.02707],[26.51908,59.02692],[26.51854,59.0265],[26.51781,59.02642],[26.51759,59.02618],[26.51696,59.02612],[26.5167,59.02598],[26.51671,59.02577],[26.51644,59.02558],[26.51658,59.02542],[26.51651,59.02506],[26.5167,59.02468],[26.51708,59.02456],[26.51784,59.02461],[26.51825,59.02453],[26.51869,59.02426],[26.51923,59.02432],[26.52032,59.02429],[26.52048,59.0241],[26.52134,59.02374],[26.52198,59.02363],[26.52259,59.02361],[26.52293,59.02347],[26.52407,59.0233],[26.52429,59.02309],[26.52499,59.02281],[26.52573,59.02262],[26.52635,59.02259],[26.52681,59.02245],[26.52824,59.02288],[26.52859,59.02287],[26.52892,59.02268],[26.52905,59.02233],[26.52974,59.02224]]},"properties":{"fclass":"river","name":"Imukvere jõgi"}},
{"type":"Feature","geometry":{"type":"LineString","coordinates":[[26.25478,59.07194],[26.25452,59.0715],[26.25436,59.07081],[26.25424,59.07054],[26.25435,59.07012]]},"properties":{"fclass":"river","name":"Nõmme jõgi"}},
{"type":"Feature","geometry":{"type":"LineString","coordinates":[[26.25441,59.07005],[26.25489,59.06998],[26.25501,59.06978],[26.25536,59.06912],[26.25523,59.06878],[26.25533,59.06829],[26.25568,59.06784],[26.25688,59.06723],[26.25694,59.06707],[26.25671,59.06669],[26.25612,59.06558],[26.25512,59.06529],[26.25443,59.06493],[26.25429,59.06408],[26.25437,59.0639],[26.25765,59.06303],[26.25881,59.06251],[26.26061,59.06166],[26.26159,59.06115],[26.26173,59.06095],[26.26141,59.06077],[26.26042,59.05983],[26.26036,59.05965],[26.26011,59.058],[26.2595,59.05442],[26.25941,59.05418],[26.25908,59.05402],[26.25824,59.05383],[26.25714,59.0542],[26.25632,59.05429],[26.25338,59.05435],[26.25218,59.0542],[26.25119,59.05377],[26.25105,59.05351],[26.25161,59.05238],[26.2514,59.0521],[26.25141,59.05181],[26.25177,59.0515],[26.25183,59.05116],[26.25141,59.05069],[26.25135,59.05],[26.25085,59.04987],[26.25074,59.04929],[26.25054,59.04882],[26.25076,59.04832],[26.25053,59.04795],[26.25067,59.04776],[26.2512,59.04745],[26.25171,59.0469],[26.25206,59.04625],[26.25211,59.04599],[26.25197,59.04564],[26.25222,59.04512],[26.25212,59.04468],[26.25249,59.0441],[26.25242,59.04379],[26.25207,59.04356],[26.25135,59.04279],[26.25089,59.04263],[26.2494,59.04252],[26.24811,59.04269],[26.24762,59.04284],[26.24718,59.04309],[26.24704,59.04346],[26.24661,59.04398],[26.24561,59.04422],[26.24512,59.04442],[26.24489,59.04477],[26.24417,59.04502],[26.24309,59.04553],[26.24185,59.04595],[26.24136,59.04621],[26.24066,59.04618],[26.24047,59.04597],[26.24028,59.04546],[26.23963,59.04507],[26.23925,59.04501]]},"properties":{"fclass":"river","name":"Nõmme jõgi"}},
{"type":"Feature","geometry":{"type":"LineString","coordinates":[[26.25489,59.07198],[26.25478,59.07194]]},"properties":{"fclass":"river","name":"Nõmme jõgi"}},
{"type":"Feature","geometry":{"type":"LineString","coordinates":[[26.25435,59.07012],[26.25441,59.07005]]},"properties":{"fclass":"river","name":"Nõmme jõgi"}},
{"type":"Feature","geometry":{"type":"LineString","coordinates":[[26.26274,59.06993],[26.2628,59.06978]]},"properties":{"fclass":"river","name":"Nõmme jõgi"}},
{"type":"Feature","geometry":{"type":"LineString","coordinates":[[26.23925,59.04501],[26.23899,59.045]]},"properties":{"fclass":"river","name":"Nõmme jõgi"}},
{"type":"Feature","geometry":{"type":"LineString","coordinates":[[26.25528,59.07239],[26.25522,59.07235]]},"properties":{"fclass":"river","name":"Nõmme jõgi"}},
{"type":"Feature","geometry":{"type":"LineString","coordinates":[[26.26161,59.06694],[26.26142,59.06692]]},"properties":{"fclass":"river","name":"Nõmme jõgi"}},
{"type":"Feature","geometry":{"type":"LineString","coordinates":[[26.2629,59.07254],[26.26292,59.07241]]},"properties":{"fclass":"river","name":"Nõmme jõgi"}},
{"type":"Feature","geometry":{"type":"LineString","coordinates":[[26.22648,59.04244],[26.22546,59.04264],[26.22513,59.04259],[26.22481,59.0422],[26.22497,59.04194],[26.22455,59.04173],[26.22442,59.04135],[26.22452,59.04116],[26.22518,59.04105],[26.2253,59.04069],[26.2257,59.04058],[26.22603,59.04036],[26.22662,59.03943],[26.22707,59.03883],[26.22726,59.03846],[26.22761,59.0374],[26.22815,59.03591],[26.22871,59.03423],[26.22928,59.03274],[26.2296,59.03198],[26.2297,59.03169],[26.22961,59.03119],[26.22964,59.02793],[26.22958,59.02715],[26.22893,59.02665],[26.22818,59.02559],[26.22783,59.02498],[26.22708,59.02397],[26.22625,59.02351],[26.22597,59.0233],[26.22542,59.02265],[26.22515,59.02241],[26.22453,59.02218],[26.22239,59.02206],[26.22189,59.0219],[26.22134,59.02144],[26.22081,59.02077],[26.21984,59.01982],[26.21919,59.01938],[26.219,59.01934],[26.21803,59.01938],[26.21657,59.01911],[26.21608,59.01889],[26.216,59.01865],[26.21619,59.01781],[26.21655,59.01749],[26.21764,59.01721],[26.21803,59.01687],[26.21806,59.01584],[26.21813,59.01563],[26.21922,59.01537],[26.21941,59.01512],[26.21915,59.01471],[26.2192,59.01433],[26.2199,59.01405],[26.22062,59.01385],[26.22075,59.01368],[26.22069,59.01319],[26.22109,59.01302],[26.22356,59.01268],[26.224,59.01251],[26.22435,59.01212],[26.22433,59.01178],[26.22339,59.01104],[26.22327,59.01069],[26.22367,59.01013],[26.22355,59.00994],[26.2231,59.0098],[26.22175,59.00962],[26.22033,59.00897],[26.2194,59.00883],[26.2184,59.00858],[26.21778,59.0085],[26.21711,59.00833],[26.21554,59.00772],[26.2151,59.00762],[26.21379,59.007],[26.21339,59.00688],[26.21223,59.00628],[26.21101,59.00559],[26.20962,59.00418],[26.2091,59.00384]]},"properties":{"fclass":"river","name":"Nõmme jõgi"}},
{"type":"Feature","geometry":{"type":"LineString","coordinates":[[26.25501,59.06978],[26.25427,59.0697],[26.25386,59.06974],[26.25404,59.06938],[26.25476,59.0694],[26.25536,59.06912]]},"properties":{"fclass":"river","name":"Nõmme jõgi"}},
{"type":"Feature","geometry":{"type":"LineString","coordinates":[[26.26142,59.06692],[26.26011,59.06687],[26.25671,59.06669]]},"properties":{"fclass":"river","name":"Nõmme jõgi"}},
{"type":"Feature","geometry":{"type":"LineString","coordinates":[[26.26278,59.07272],[26.2629,59.07254]]},"properties":{"fclass":"river","name":"Nõmme jõgi"}},
{"type":"Feature","geometry":{"type":"LineString","coordinates":[[26.2628,59.06978],[26.26298,59.06948],[26.26241,59.06823],[26.26184,59.06709],[26.26161,59.06694]]},"properties":{"fclass":"river","name":"Nõmme jõgi"}},
{"type":"Feature","geometry":{"type":"LineString","coordinates":[[26.25522,59.07235],[26.25489,59.07198]]},"properties":{"fclass":"river","name":"Nõmme jõgi"}},
{"type":"Feature","geometry":{"type":"LineString","coordinates":[[26.26292,59.07241],[26.26322,59.07136],[26.2632,59.07121],[26.26266,59.07009],[26.26274,59.06993]]},"properties":{"fclass":"river","name":"Nõmme jõgi"}},
{"type":"Feature","geometry":{"type":"LineString","coordinates":[[25.70575,59.46565],[25.70565,59.46586],[25.70572,59.46618],[25.70553,59.4667],[25.7053,59.46699],[25.70492,59.46723],[25.70489,59.46741],[25.70432,59.46784],[25.70428,59.46818],[25.70402,59.46828],[25.70362,59.46867],[25.70351,59.46891],[25.70303,59.46905]]},"properties":{"fclass":"stream","name":"Kemba oja"}},
{"type":"Feature","geometry":{"type":"LineString","coordinates":[[25.70702,59.46348],[25.70701,59.46395]]},"properties":{"fclass":"stream","name":""}},
{"type":"Feature","geometry":{"type":"LineString","coordinates":[[25.7058,59.46557],[25.70575,59.46565]]},"properties":{"fclass":"stream","name":""}},
{"type":"Feature","geometry":{"type":"LineString","coordinates":[[25.70701,59.46395],[25.707,59.46422],[25.70655,59.46469],[25.7065,59.46496],[25.7067,59.46518],[25.7058,59.46557]]},"properties":{"fclass":"stream","name":"Kemba oja"}},
{"type":"Feature","geometry":{"type":"LineString","coordinates":[[26.09379,58.97807],[26.0925,58.97763],[26.09239,58.97747],[26.09249,58.97609],[26.09857,58.97338]]},"properties":{"fclass":"river","name":"Vahu jõgi"}},
{"type":"Feature","geometry":{"type":"LineString","coordinates":[[26.09857,58.97338],[26.09873,58.97331]]},"properties":{"fclass":"river","name":"Vahu jõgi"}},
{"type":"Feature","geometry":{"type":"LineString","coordinates":[[26.09394,58.97835],[26.09384,58.97813]]},"properties":{"fclass":"river","name":""}},
{"type":"Feature","geometry":{"type":"LineString","coordinates":[[26.09622,58.9789],[26.09622,58.97876]]},"properties":{"fclass":"river","name":""}},
{"type":"Feature","geometry":{"type":"LineString","coordinates":[[26.09384,58.97813],[26.09379,58.97807]]},"properties":{"fclass":"river","name":"Vahu jõgi"}},
{"type":"Feature","geometry":{"type":"LineString","coordinates":[[26.09609,58.97985],[26.09622,58.9789]]},"properties":{"fclass":"river","name":"Vahu jõgi"}},
{"type":"Feature","geometry":{"type":"LineString","coordinates":[[26.09452,58.97832],[26.09394,58.97835]]},"properties":{"fclass":"river","name":"Vahu jõgi"}},
{"type":"Feature","geometry":{"type":"LineString","coordinates":[[26.09622,58.97876],[26.09452,58.97832]]},"properties":{"fclass":"river","name":"Vahu jõgi"}},
{"type":"Feature","geometry":{"type":"LineString","coordinates":[[25.43945,59.46425],[25.43951,59.4643]]},"properties":{"fclass":"stream","name":""}},
{"type":"Feature","geometry":{"type":"LineString","coordinates":[[25.43951,59.4643],[25.44078,59.46516],[25.44169,59.46598],[25.44232,59.46621]]},"properties":{"fclass":"stream","name":"Kuusalu oja"}},
{"type":"Feature","geometry":{"type":"LineString","coordinates":[[25.43639,59.45808],[25.43591,59.46048],[25.43585,59.46101],[25.43778,59.46272],[25.43945,59.46425]]},"properties":{"fclass":"stream","name":"Kuusalu oja"}},
{"type":"Feature","geometry":{"type":"LineString","coordinates":[[25.66173,59.43259],[25.66172,59.43267]]},"properties":{"fclass":"stream","name":"Pudisoo jõgi"}},
{"type":"Feature","geometry":{"type":"LineString","coordinates":[[25.66009,59.43456],[25.66013,59.43486],[25.65968,59.43613],[25.65988,59.43663],[25.66017,59.4368],[25.66063,59.43684],[25.66091,59.43727],[25.66049,59.43812],[25.66069,59.43848],[25.6611,59.44153],[25.66134,59.44165],[25.66193,59.44163],[25.66243,59.44192],[25.66485,59.44257],[25.66687,59.44317],[25.6673,59.44386],[25.66808,59.4448],[25.66847,59.44536],[25.66848,59.44762],[25.66832,59.44863],[25.66837,59.44884],[25.66776,59.44897],[25.66747,59.44938],[25.66784,59.44955],[25.66752,59.44973],[25.66699,59.44958],[25.66609,59.44998]]},"properties":{"fclass":"stream","name":"Pudisoo jõgi"}},
{"type":"Feature","geometry":{"type":"LineString","coordinates":[[25.4058,59.04015],[25.40583,59.04008]]},"properties":{"fclass":"river","name":"Lintsi jõgi"}},
{"type":"Feature","geometry":{"type":"LineString","coordinates":[[25.40583,59.04008],[25.40578,59.03987],[25.40508,59.03815],[25.40422,59.0359],[25.40479,59.02821],[25.40476,59.0281],[25.40213,59.02381],[25.40114,59.02214],[25.40107,59.02208]]},"properties":{"fclass":"river","name":"Lintsi jõgi"}},
{"type":"Feature","geometry":{"type":"LineString","coordinates":[[26.45271,59.41535],[26.45283,59.41549]]},"properties":{"fclass":"river","name":"Toolse jõgi"}},
{"type":"Feature","geometry":{"type":"LineString","coordinates":[[26.45283,59.41549],[26.45353,59.41627],[26.45342,59.41652],[26.45284,59.41729],[26.45129,59.41843],[26.45043,59.41866],[26.44985,59.41889],[26.44787,59.42017],[26.44593,59.42103],[26.44582,59.42119],[26.44616,59.42268],[26.44634,59.4237],[26.44731,59.42473],[26.44707,59.42527],[26.44673,59.42565]]},"properties":{"fclass":"river","name":"Toolse jõgi"}},
{"type":"Feature","geometry":{"type":"LineString","coordinates":[[25.42676,59.3777],[25.42664,59.37785]]},"properties":{"fclass":"stream","name":"Ruunoja"}},
{"type":"Feature","geometry":{"type":"LineString","coordinates":[[25.42411,59.37946],[25.42307,59.37963],[25.42286,59.38009],[25.42262,59.38022],[25.42211,59.38012],[25.42167,59.38019],[25.42168,59.38043],[25.42057,59.38039]]},"properties":{"fclass":"stream","name":"Ruunoja"}},
{"type":"Feature","geometry":{"type":"LineString","coordinates":[[25.28806,59.38256],[25.28794,59.38268]]},"properties":{"fclass":"stream","name":""}},
{"type":"Feature","geometry":{"type":"LineString","coordinates":[[25.29322,59.37686],[25.29184,59.37763],[25.28991,59.37831],[25.28936,59.37865],[25.2887,59.3797],[25.28814,59.3804],[25.28842,59.38076],[25.28829,59.38098],[25.28837,59.38172],[25.28851,59.38206],[25.28806,59.38256]]},"properties":{"fclass":"stream","name":"Anija oja"}},
{"type":"Feature","geometry":{"type":"LineString","coordinates":[[26.2776,59.43302],[26.2784,59.43244],[26.27836,59.4298],[26.28334,59.42636],[26.2859,59.42456],[26.28958,59.42194]]},"properties":{"fclass":"stream","name":"Haljala oja"}},
{"type":"Feature","geometry":{"type":"LineString","coordinates":[[26.27754,59.43307],[26.2776,59.43302]]},"properties":{"fclass":"stream","name":"Haljala oja"}},
{"type":"Feature","geometry":{"type":"LineString","coordinates":[[25.28788,59.38861],[25.28788,59.38867]]},"properties":{"fclass":"stream","name":""}},
{"type":"Feature","geometry":{"type":"LineString","coordinates":[[25.28794,59.38268],[25.28716,59.38345],[25.28748,59.38606],[25.28788,59.38861]]},"properties":{"fclass":"stream","name":"Anija oja"}},
{"type":"Feature","geometry":{"type":"LineString","coordinates":[[26.35298,59.30594],[26.35176,59.30644],[26.35007,59.30709],[26.34935,59.30729],[26.34932,59.30802],[26.3488,59.30844],[26.34798,59.30902],[26.34726,59.30959],[26.34707,59.31001],[26.34677,59.31014],[26.34663,59.31047],[26.34671,59.31077],[26.34697,59.31112],[26.34696,59.31165],[26.34673,59.31208],[26.34589,59.31297],[26.3456,59.31358],[26.34418,59.3144],[26.34379,59.31519],[26.3438,59.31591],[26.34499,59.31717],[26.34505,59.31783],[26.34532,59.31802],[26.34561,59.31843],[26.34632,59.31891],[26.34637,59.31919],[26.34674,59.31941],[26.34682,59.31959]]},"properties":{"fclass":"stream","name":""}},
{"type":"Feature","geometry":{"type":"LineString","coordinates":[[25.28786,59.38988],[25.2881,59.38995]]},"properties":{"fclass":"stream","name":""}},
{"type":"Feature","geometry":{"type":"LineString","coordinates":[[25.28788,59.38867],[25.28781,59.3894],[25.28786,59.38988]]},"properties":{"fclass":"stream","name":"Anija oja"}},
{"type":"Feature","geometry":{"type":"LineString","coordinates":[[26.34682,59.31959],[26.34686,59.31967]]},"properties":{"fclass":"stream","name":""}},
{"type":"Feature","geometry":{"type":"LineString","coordinates":[[26.34686,59.31967],[26.3471,59.31978],[26.34797,59.31984],[26.34945,59.3205],[26.3499,59.32099],[26.35048,59.32129],[26.35109,59.32126]]},"properties":{"fclass":"stream","name":""}},
{"type":"Feature","geometry":{"type":"LineString","coordinates":[[26.19959,59.10664],[26.1994,59.10654]]},"properties":{"fclass":"river","name":"Põltsamaa jõgi"}},
{"type":"Feature","geometry":{"type":"LineString","coordinates":[[26.1994,59.10654],[26.19865,59.10613],[26.19836,59.10587],[26.19807,59.10578],[26.19736,59.1053],[26.19583,59.1049],[26.19461,59.10471],[26.19398,59.10457],[26.19281,59.10446],[26.19198,59.1043],[26.18791,59.10362]]},"properties":{"fclass":"river","name":"Põltsamaa jõgi"}},
{"type":"Feature","geometry":{"type":"LineString","coordinates":[[25.59491,59.31069],[25.59476,59.31043],[25.59487,59.31025],[25.59488,59.30921],[25.59465,59.30906]]},"properties":{"fclass":"stream","name":"Rekka oja"}},
{"type":"Feature","geometry":{"type":"LineString","coordinates":[[25.59493,59.3108],[25.59491,59.31069]]},"properties":{"fclass":"stream","name":""}},
{"type":"Feature","geometry":{"type":"LineString","coordinates":[[25.59926,59.31633],[25.59934,59.31603],[25.59974,59.31596],[25.60029,59.31565],[25.60026,59.31529],[25.59926,59.31438],[25.59893,59.31401],[25.59851,59.31378],[25.5981,59.31367],[25.59715,59.31382],[25.59639,59.3137],[25.59623,59.31356],[25.59652,59.31326],[25.59615,59.31283],[25.59621,59.31224],[25.59607,59.31169],[25.59629,59.31141],[25.59497,59.31113],[25.59493,59.3108]]},"properties":{"fclass":"stream","name":"Rekka oja"}},
{"type":"Feature","geometry":{"type":"LineString","coordinates":[[25.28926,59.40439],[25.28983,59.40544],[25.29036,59.40556],[25.29008,59.40593]]},"properties":{"fclass":"stream","name":"Anija oja"}},
{"type":"Feature","geometry":{"type":"LineString","coordinates":[[25.28912,59.40433],[25.28926,59.40439]]},"properties":{"fclass":"stream","name":""}},
{"type":"Feature","geometry":{"type":"LineString","coordinates":[[25.71753,59.44884],[25.7175,59.44973],[25.71714,59.45032],[25.71719,59.45076],[25.71704,59.45084],[25.7169,59.4514],[25.71704,59.45164],[25.71678,59.45202],[25.71687,59.45228],[25.71681,59.45264],[25.71702,59.45298],[25.71707,59.45337],[25.71748,59.45386],[25.71749,59.45448],[25.71739,59.45507],[25.71799,59.45607],[25.71816,59.45619],[25.7189,59.45723],[25.7191,59.45793],[25.71935,59.45808],[25.71952,59.45857],[25.71932,59.45924],[25.71891,59.45948],[25.71781,59.45939],[25.71724,59.45982],[25.71673,59.46003],[25.71602,59.46018],[25.71551,59.46008],[25.71492,59.46009],[25.71391,59.4603],[25.71201,59.46081],[25.71176,59.46094],[25.71115,59.46108],[25.71052,59.4613],[25.7096,59.46211],[25.709,59.46218],[25.70838,59.46251],[25.70781,59.46293],[25.70788,59.46312],[25.70702,59.46348]]},"properties":{"fclass":"stream","name":"Kemba oja"}},
{"type":"Feature","geometry":{"type":"LineString","coordinates":[[25.60071,59.45523],[25.60052,59.45548],[25.60011,59.45557],[25.59965,59.4555],[25.59946,59.45578],[25.59967,59.45595],[25.59926,59.45609],[25.59901,59.45641],[25.59904,59.4568],[25.59856,59.45689],[25.59858,59.45713],[25.59825,59.45722],[25.59798,59.45746],[25.5981,59.45795],[25.59872,59.45816],[25.59912,59.45837],[25.59906,59.45858],[25.59976,59.45887],[25.59946,59.45919],[25.59995,59.4594],[25.6004,59.45934],[25.60041,59.45957],[25.60092,59.4595],[25.601,59.45975],[25.6014,59.46009],[25.60136,59.46022],[25.60084,59.46048],[25.60081,59.46078]]},"properties":{"fclass":"stream","name":"Kolga jõgi"}},
{"type":"Feature","geometry":{"type":"LineString","coordinates":[[25.60076,59.45514],[25.60071,59.45523]]},"properties":{"fclass":"stream","name":"Kolga jõgi"}},
{"type":"Feature","geometry":{"type":"LineString","coordinates":[[25.32727,59.24421],[25.32771,59.24418],[25.32832,59.24399],[25.32919,59.24392],[25.32978,59.24399],[25.33321,59.24487],[25.33338,59.24511],[25.33327,59.24561],[25.33243,59.24586],[25.33207,59.24589],[25.33125,59.24638],[25.33091,59.24692],[25.33096,59.24741],[25.33043,59.24777]]},"properties":{"fclass":"stream","name":"Vilama pkr"}},
{"type":"Feature","geometry":{"type":"LineString","coordinates":[[25.32701,59.24427],[25.32727,59.24421]]},"properties":{"fclass":"stream","name":""}},
{"type":"Feature","geometry":{"type":"LineString","coordinates":[[25.30302,59.37185],[25.30302,59.37197]]},"properties":{"fclass":"stream","name":""}},
{"type":"Feature","geometry":{"type":"LineString","coordinates":[[25.30303,59.37102],[25.30302,59.37185]]},"properties":{"fclass":"stream","name":"Anija oja"}},
{"type":"Feature","geometry":{"type":"LineString","coordinates":[[25.35341,59.45852],[25.35345,59.45856]]},"properties":{"fclass":"stream","name":"Valkla oja (Tohilaka oja)"}},
{"type":"Feature","geometry":{"type":"LineString","coordinates":[[25.35501,59.45646],[25.3547,59.4569],[25.35403,59.45731],[25.35353,59.45747],[25.35354,59.45798],[25.35337,59.45823],[25.35341,59.45852]]},"properties":{"fclass":"stream","name":"Valkla oja (Tohilaka oja)"}},
{"type":"Feature","geometry":{"type":"LineString","coordinates":[[25.35436,59.461],[25.35427,59.46097]]},"properties":{"fclass":"stream","name":""}},
{"type":"Feature","geometry":{"type":"LineString","coordinates":[[25.35613,59.46137],[25.35594,59.46141],[25.3553,59.4612],[25.35436,59.461]]},"properties":{"fclass":"stream","name":"Kiiu oja"}},
{"type":"Feature","geometry":{"type":"LineString","coordinates":[[25.90992,59.2063],[25.90974,59.20637]]},"properties":{"fclass":"river","name":"Soodla jõgi"}},
{"type":"Feature","geometry":{"type":"LineString","coordinates":[[25.90974,59.20637],[25.90727,59.20702],[25.90595,59.20732],[25.90485,59.2077],[25.9054,59.2093],[25.90606,59.21091],[25.90673,59.21266],[25.90725,59.2143],[25.90799,59.21799],[25.90505,59.21864],[25.90219,59.21917]]},"properties":{"fclass":"river","name":"Soodla jõgi"}},
{"type":"Feature","geometry":{"type":"LineString","coordinates":[[26.21028,59.12075],[26.21029,59.12069]]},"properties":{"fclass":"river","name":"Põltsamaa jõgi"}},
{"type":"Feature","geometry":{"type":"LineString","coordinates":[[26.21029,59.12069],[26.2108,59.11927],[26.21079,59.11921]]},"properties":{"fclass":"river","name":"Põltsamaa jõgi"}},
{"type":"Feature","geometry":{"type":"LineString","coordinates":[[26.17713,59.0588],[26.17709,59.0587]]},"properties":{"fclass":"river","name":"Põltsamaa jõgi"}},
{"type":"Feature","geometry":{"type":"LineString","coordinates":[[26.1911,59.07113],[26.19082,59.07083],[26.19113,59.07013],[26.19082,59.06973],[26.18964,59.06932],[26.18464,59.06761],[26.18416,59.06752],[26.18323,59.06717],[26.18252,59.06663],[26.17948,59.06429],[26.17823,59.06328],[26.1772,59.0625],[26.17692,59.06172],[26.17713,59.0588]]},"properties":{"fclass":"river","name":"Põltsamaa jõgi"}},
{"type":"Feature","geometry":{"type":"LineString","coordinates":[[26.35868,59.32309],[26.35888,59.32307]]},"properties":{"fclass":"stream","name":""}},
{"type":"Feature","geometry":{"type":"LineString","coordinates":[[26.35738,59.32313],[26.35849,59.32317],[26.35868,59.32309]]},"properties":{"fclass":"stream","name":""}},
{"type":"Feature","geometry":{"type":"LineString","coordinates":[[26.35109,59.32126],[26.35209,59.32158],[26.35308,59.32175],[26.35435,59.32185],[26.35511,59.32203],[26.35631,59.32286],[26.35679,59.32302]]},"properties":{"fclass":"stream","name":""}},
{"type":"Feature","geometry":{"type":"LineString","coordinates":[[26.43939,59.32518],[26.43954,59.32565],[26.43894,59.32647],[26.43901,59.32662],[26.44226,59.32825],[26.44283,59.3295],[26.44257,59.32994],[26.44196,59.33032],[26.44085,59.33201],[26.44091,59.33267],[26.44085,59.33289],[26.44023,59.33375],[26.44001,59.33552],[26.44086,59.33694],[26.44102,59.33703],[26.44227,59.33747],[26.44745,59.33819],[26.4482,59.33809],[26.44864,59.33811],[26.44918,59.33829],[26.45005,59.33877]]},"properties":{"fclass":"stream","name":"Vetiku oja"}},
{"type":"Feature","geometry":{"type":"LineString","coordinates":[[25.33056,59.24891],[25.33155,59.24982],[25.33146,59.25001],[25.33136,59.25094],[25.33111,59.25125],[25.33117,59.25148]]},"properties":{"fclass":"stream","name":"Vilama pkr"}},
{"type":"Feature","geometry":{"type":"LineString","coordinates":[[25.33043,59.24777],[25.33038,59.24788]]},"properties":{"fclass":"stream","name":""}},
{"type":"Feature","geometry":{"type":"LineString","coordinates":[[25.3305,59.24881],[25.33056,59.24891]]},"properties":{"fclass":"stream","name":""}},
{"type":"Feature","geometry":{"type":"LineString","coordinates":[[25.33038,59.24788],[25.3302,59.24805],[25.33036,59.2487],[25.3305,59.24881]]},"properties":{"fclass":"stream","name":"Vilama pkr"}},
{"type":"Feature","geometry":{"type":"LineString","coordinates":[[26.46992,59.31984],[26.47002,59.31989]]},"properties":{"fclass":"river","name":"Sõmeru jõgi"}},
{"type":"Feature","geometry":{"type":"LineString","coordinates":[[26.47002,59.31989],[26.47014,59.31993],[26.47001,59.32044],[26.47041,59.32049],[26.47076,59.32068],[26.47155,59.32076],[26.47211,59.32107],[26.47271,59.32108],[26.47368,59.32137],[26.47386,59.32121],[26.4737,59.32094],[26.4742,59.32089],[26.47426,59.32107],[26.47483,59.32105],[26.47484,59.32132],[26.47539,59.32114],[26.47667,59.32112]]},"properties":{"fclass":"river","name":"Sõmeru jõgi"}},
{"type":"Feature","geometry":{"type":"LineString","coordinates":[[26.37565,59.32793],[26.37487,59.32825],[26.3749,59.3285],[26.37475,59.32873],[26.37487,59.32948],[26.37536,59.32995],[26.37525,59.33024]]},"properties":{"fclass":"stream","name":""}},
{"type":"Feature","geometry":{"type":"LineString","coordinates":[[26.37525,59.33024],[26.37514,59.33036]]},"properties":{"fclass":"stream","name":""}},
{"type":"Feature","geometry":{"type":"LineString","coordinates":[[26.37571,59.32789],[26.37565,59.32793]]},"properties":{"fclass":"stream","name":""}},
{"type":"Feature","geometry":{"type":"LineString","coordinates":[[26.36651,59.32444],[26.3675,59.32439],[26.36869,59.32425],[26.36917,59.32449],[26.36935,59.32493],[26.36978,59.32551],[26.37008,59.3258],[26.37092,59.32613],[26.372,59.32632],[26.37265,59.32632],[26.37382,59.32646]]},"properties":{"fclass":"stream","name":""}},
{"type":"Feature","geometry":{"type":"LineString","coordinates":[[26.34234,59.35122],[26.34261,59.3516],[26.34289,59.35179],[26.34355,59.35196],[26.34439,59.35211],[26.34491,59.35243],[26.34549,59.35307],[26.34609,59.35332]]},"properties":{"fclass":"stream","name":""}},
{"type":"Feature","geometry":{"type":"LineString","coordinates":[[25.79105,59.37439],[25.79095,59.37446]]},"properties":{"fclass":"stream","name":""}},
{"type":"Feature","geometry":{"type":"LineString","coordinates":[[25.79095,59.37446],[25.79068,59.37471],[25.7902,59.37481],[25.7902,59.37504],[25.7897,59.37541],[25.78918,59.37543],[25.78881,59.37529],[25.78817,59.37519],[25.78776,59.37502],[25.78757,59.3751],[25.78708,59.37491],[25.78645,59.37488],[25.7856,59.37472],[25.78519,59.37459],[25.78512,59.37433],[25.78476,59.37409],[25.78341,59.37451],[25.78191,59.37474],[25.7812,59.37466],[25.77947,59.3742],[25.77935,59.37413]]},"properties":{"fclass":"stream","name":"Härjakõrioja"}},
{"type":"Feature","geometry":{"type":"LineString","coordinates":[[25.66873,59.32271],[25.66867,59.32263]]},"properties":{"fclass":"stream","name":"Rekka oja"}},
{"type":"Feature","geometry":{"type":"LineString","coordinates":[[25.67548,59.32645],[25.67237,59.32593],[25.67216,59.32411],[25.67178,59.32374],[25.67138,59.32354],[25.67097,59.32358],[25.67053,59.32347],[25.67015,59.3235],[25.66955,59.32319],[25.66937,59.32295],[25.66873,59.32271]]},"properties":{"fclass":"stream","name":"Rekka oja"}},
{"type":"Feature","geometry":{"type":"LineString","coordinates":[[25.38494,59.33171],[25.38479,59.33161]]},"properties":{"fclass":"canal","name":""}},
{"type":"Feature","geometry":{"type":"LineString","coordinates":[[26.34243,59.39053],[26.34371,59.39041]]},"properties":{"fclass":"stream","name":"Haljala oja"}},
{"type":"Feature","geometry":{"type":"LineString","coordinates":[[25.65097,59.31846],[25.65061,59.31847]]},"properties":{"fclass":"stream","name":"Rekka oja"}},
{"type":"Feature","geometry":{"type":"LineString","coordinates":[[25.62337,59.31829],[25.62315,59.31829]]},"properties":{"fclass":"stream","name":""}},
{"type":"Feature","geometry":{"type":"LineString","coordinates":[[25.65061,59.31847],[25.64993,59.31842],[25.64981,59.31822],[25.64941,59.31802],[25.649,59.31849],[25.64851,59.31856],[25.64798,59.31891],[25.64721,59.31879],[25.64708,59.31909],[25.64629,59.31886],[25.64583,59.31918],[25.64534,59.31906],[25.64516,59.31923],[25.6448,59.31916],[25.64463,59.31944],[25.64403,59.3194],[25.64318,59.31949],[25.64222,59.31925],[25.64014,59.31939],[25.63977,59.31927],[25.63922,59.31926],[25.63918,59.31907],[25.63862,59.31891],[25.63851,59.31861],[25.63788,59.31859],[25.63775,59.31877],[25.63737,59.31873],[25.63689,59.31852],[25.63629,59.31813],[25.63544,59.31779],[25.63051,59.31801],[25.62545,59.31822],[25.62337,59.31829]]},"properties":{"fclass":"stream","name":"Rekka oja"}},
{"type":"Feature","geometry":{"type":"LineString","coordinates":[[25.62315,59.31829],[25.62105,59.31836],[25.61843,59.31848],[25.61554,59.31859],[25.60863,59.3189],[25.60567,59.31849]]},"properties":{"fclass":"stream","name":"Rekka oja"}},
{"type":"Feature","geometry":{"type":"LineString","coordinates":[[25.31101,59.3618],[25.31152,59.36212],[25.31239,59.36223],[25.31268,59.36221]]},"properties":{"fclass":"stream","name":"Anija oja"}},
{"type":"Feature","geometry":{"type":"LineString","coordinates":[[25.31092,59.36174],[25.31101,59.3618]]},"properties":{"fclass":"stream","name":""}},
{"type":"Feature","geometry":{"type":"LineString","coordinates":[[26.32,59.33412],[26.32288,59.33567]]},"properties":{"fclass":"stream","name":"Tobia pkr"}},
{"type":"Feature","geometry":{"type":"LineString","coordinates":[[26.33169,59.34046],[26.33179,59.34052]]},"properties":{"fclass":"stream","name":"Tobia pkr"}},
{"type":"Feature","geometry":{"type":"LineString","coordinates":[[26.31669,59.33271],[26.3173,59.33364]]},"properties":{"fclass":"stream","name":"Tobia pkr"}},
{"type":"Feature","geometry":{"type":"LineString","coordinates":[[26.31682,59.32859],[26.31662,59.32871]]},"properties":{"fclass":"stream","name":"Tobia pkr"}},
{"type":"Feature","geometry":{"type":"LineString","coordinates":[[26.31662,59.32871],[26.31632,59.33025],[26.31606,59.3318],[26.31669,59.33271]]},"properties":{"fclass":"stream","name":"Tobia pkr"}},
{"type":"Feature","geometry":{"type":"LineString","coordinates":[[26.32288,59.33567],[26.32304,59.33574]]},"properties":{"fclass":"stream","name":"Tobia pkr"}},
{"type":"Feature","geometry":{"type":"LineString","coordinates":[[26.32304,59.33574],[26.32366,59.33606],[26.33124,59.3402],[26.33169,59.34046]]},"properties":{"fclass":"stream","name":"Tobia pkr"}},
{"type":"Feature","geometry":{"type":"LineString","coordinates":[[25.25975,59.00146],[25.25911,59.00078],[25.25698,58.99948],[25.25588,58.99886],[25.25421,58.99796],[25.25172,58.99739],[25.25067,58.99707],[25.24943,58.99664],[25.248,58.99586],[25.24625,58.99504],[25.24278,58.99328],[25.24401,58.99107],[25.24442,58.99019]]},"properties":{"fclass":"river","name":"Käru jõgi"}},
{"type":"Feature","geometry":{"type":"LineString","coordinates":[[25.26154,59.00899],[25.26205,59.00864],[25.26365,59.00765],[25.26465,59.00694],[25.26348,59.00646],[25.26239,59.00606],[25.26365,59.00522],[25.26474,59.00458],[25.26555,59.00407],[25.26433,59.00365],[25.26188,59.00284],[25.26076,59.00244],[25.25989,59.00158]]},"properties":{"fclass":"river","name":"Käru jõgi"}},
{"type":"Feature","geometry":{"type":"LineString","coordinates":[[25.87638,59.31877],[25.87571,59.31865],[25.87531,59.31875],[25.87463,59.31874]]},"properties":{"fclass":"river","name":""}},
{"type":"Feature","geometry":{"type":"LineString","coordinates":[[25.87666,59.31885],[25.87638,59.31877]]},"properties":{"fclass":"river","name":""}},
{"type":"Feature","geometry":{"type":"LineString","coordinates":[[25.35345,59.45856],[25.35381,59.4588],[25.35355,59.45915],[25.35298,59.45956],[25.35233,59.46018],[25.35179,59.46048],[25.35176,59.46066],[25.3514,59.46078],[25.35131,59.46097],[25.35093,59.46128],[25.3503,59.46226],[25.35008,59.46252],[25.34855,59.46374],[25.34735,59.46504]]},"properties":{"fclass":"stream","name":"Valkla oja"}},
{"type":"Feature","geometry":{"type":"LineString","coordinates":[[25.39001,59.44576],[25.38986,59.44623]]},"properties":{"fclass":"stream","name":""}},
{"type":"Feature","geometry":{"type":"LineString","coordinates":[[25.39058,59.44318],[25.39077,59.44359],[25.39001,59.44576]]},"properties":{"fclass":"stream","name":"Kiiu oja"}},
{"type":"Feature","geometry":{"type":"LineString","coordinates":[[25.72942,59.4269],[25.72258,59.42773],[25.72254,59.42775],[25.72142,59.43247],[25.72105,59.43424],[25.72038,59.43719],[25.71974,59.43966],[25.71947,59.44105],[25.72298,59.44126],[25.72282,59.44207],[25.7225,59.44302],[25.72204,59.44494],[25.722,59.44578],[25.72168,59.44623],[25.72175,59.44671],[25.72153,59.44701],[25.72001,59.44786],[25.71826,59.44852],[25.71753,59.44884]]},"properties":{"fclass":"stream","name":"Kemba oja"}},
{"type":"Feature","geometry":{"type":"LineString","coordinates":[[25.34805,59.31059],[25.34718,59.31049]]},"properties":{"fclass":"canal","name":"Jägala-Pirita kanal"}},
{"type":"Feature","geometry":{"type":"LineString","coordinates":[[25.80191,59.37336],[25.8017,59.37308],[25.8017,59.37261],[25.80159,59.37206],[25.8014,59.37204],[25.79915,59.3711],[25.79787,59.37052],[25.79756,59.37042],[25.79696,59.37074],[25.7967,59.37097],[25.79602,59.37107],[25.79567,59.3712],[25.79496,59.37164],[25.79289,59.37285],[25.79144,59.37372],[25.79105,59.37439]]},"properties":{"fclass":"stream","name":"Härjakõrioja"}},
{"type":"Feature","geometry":{"type":"LineString","coordinates":[[25.80221,59.37334],[25.80191,59.37336]]},"properties":{"fclass":"stream","name":""}},
{"type":"Feature","geometry":{"type":"LineString","coordinates":[[25.80775,59.388],[25.80746,59.38802]]},"properties":{"fclass":"stream","name":"Leppoja"}},
{"type":"Feature","geometry":{"type":"LineString","coordinates":[[25.93734,59.41509],[25.937,59.41536],[25.93648,59.41528],[25.93602,59.41544],[25.93537,59.41525],[25.93453,59.41542],[25.93452,59.41583],[25.93494,59.41594],[25.93483,59.41624],[25.93456,59.41627],[25.93402,59.41615],[25.93349,59.41634]]},"properties":{"fclass":"river","name":"Läsna jõgi"}},
{"type":"Feature","geometry":{"type":"LineString","coordinates":[[25.84937,59.361],[25.84916,59.36091]]},"properties":{"fclass":"stream","name":"Pala oja"}},
{"type":"Feature","geometry":{"type":"LineString","coordinates":[[25.85536,59.37009],[25.85541,59.36981],[25.85425,59.36941],[25.85462,59.36908],[25.85408,59.36897],[25.85442,59.36871],[25.85403,59.3686],[25.85442,59.36837],[25.85405,59.36825],[25.85414,59.36787],[25.85375,59.36784],[25.85354,59.36736],[25.85324,59.36731],[25.85307,59.36675],[25.85302,59.36621],[25.85246,59.366],[25.85279,59.36572],[25.8525,59.3653],[25.85294,59.36519],[25.85283,59.36493],[25.85318,59.3647],[25.85246,59.36455],[25.85244,59.3643],[25.85219,59.36385],[25.85215,59.3636],[25.85251,59.36356],[25.85232,59.36329],[25.85186,59.36312],[25.85067,59.36314],[25.85037,59.36284],[25.85069,59.36263],[25.85036,59.36232],[25.85064,59.36215],[25.85067,59.36194],[25.85013,59.36139],[25.84937,59.361]]},"properties":{"fclass":"stream","name":"Pala oja"}},
{"type":"Feature","geometry":{"type":"LineString","coordinates":[[26.34175,59.45834],[26.34188,59.45843]]},"properties":{"fclass":"stream","name":"Visuoja"}},
{"type":"Feature","geometry":{"type":"LineString","coordinates":[[26.34603,59.46116],[26.34596,59.46126]]},"properties":{"fclass":"stream","name":"Visuoja"}},
{"type":"Feature","geometry":{"type":"LineString","coordinates":[[26.34188,59.45843],[26.34374,59.45967],[26.34603,59.4611],[26.34603,59.46116]]},"properties":{"fclass":"stream","name":"Visuoja"}},
{"type":"Feature","geometry":{"type":"LineString","coordinates":[[26.34491,59.46292],[26.34515,59.46302]]},"properties":{"fclass":"stream","name":"Visuoja"}},
{"type":"Feature","geometry":{"type":"LineString","coordinates":[[26.34596,59.46126],[26.34495,59.46269],[26.34491,59.46292]]},"properties":{"fclass":"stream","name":"Visuoja"}},
{"type":"Feature","geometry":{"type":"LineString","coordinates":[[26.34574,59.46935],[26.3456,59.46944]]},"properties":{"fclass":"stream","name":""}},
{"type":"Feature","geometry":{"type":"LineString","coordinates":[[26.34515,59.46302],[26.345,59.46387],[26.34552,59.4643],[26.34636,59.46439],[26.34677,59.46433],[26.34705,59.46412],[26.34749,59.46401],[26.34804,59.46407],[26.34826,59.4642],[26.34915,59.46438],[26.3523,59.46556],[26.35264,59.4659],[26.3526,59.46609],[26.35156,59.46646],[26.34885,59.46737],[26.34726,59.4683],[26.34679,59.46872],[26.34574,59.46935]]},"properties":{"fclass":"stream","name":"Visuoja"}},
{"type":"Feature","geometry":{"type":"LineString","coordinates":[[26.34541,59.46962],[26.34524,59.46974]]},"properties":{"fclass":"stream","name":""}},
{"type":"Feature","geometry":{"type":"LineString","coordinates":[[26.34551,59.46955],[26.34541,59.46962]]},"properties":{"fclass":"stream","name":""}},
{"type":"Feature","geometry":{"type":"LineString","coordinates":[[26.34524,59.46974],[26.34516,59.47002],[26.34535,59.47039]]},"properties":{"fclass":"stream","name":""}},
{"type":"Feature","geometry":{"type":"LineString","coordinates":[[25.68808,59.24599],[25.6879,59.24588]]},"properties":{"fclass":"stream","name":"Allikaoja"}},
{"type":"Feature","geometry":{"type":"LineString","coordinates":[[26.3012,59.07546],[26.30369,59.07339]]},"properties":{"fclass":"river","name":"Kärsa jõgi"}},
{"type":"Feature","geometry":{"type":"LineString","coordinates":[[26.30369,59.07339],[26.30378,59.07331]]},"properties":{"fclass":"river","name":"Kärsa jõgi"}},
{"type":"Feature","geometry":{"type":"LineString","coordinates":[[26.30378,59.07331],[26.3104,59.06773],[26.31179,59.06661],[26.31171,59.06641],[26.30892,59.064],[26.30692,59.0623],[26.30672,59.06221]]},"properties":{"fclass":"river","name":"Kärsa jõgi"}},
{"type":"Feature","geometry":{"type":"LineString","coordinates":[[26.30672,59.06221],[26.30659,59.06217]]},"properties":{"fclass":"river","name":"Kärsa jõgi"}},
{"type":"Feature","geometry":{"type":"LineString","coordinates":[[26.30659,59.06217],[26.29796,59.05858],[26.29263,59.05816]]},"properties":{"fclass":"river","name":"Kärsa jõgi"}},
{"type":"Feature","geometry":{"type":"LineString","coordinates":[[26.29263,59.05816],[26.29249,59.05815]]},"properties":{"fclass":"river","name":"Kärsa jõgi"}},
{"type":"Feature","geometry":{"type":"LineString","coordinates":[[26.29249,59.05815],[26.29055,59.058],[26.28864,59.05724]]},"properties":{"fclass":"river","name":"Kärsa jõgi"}},
{"type":"Feature","geometry":{"type":"LineString","coordinates":[[26.28864,59.05724],[26.28839,59.05717]]},"properties":{"fclass":"river","name":"Kärsa jõgi"}},
{"type":"Feature","geometry":{"type":"LineString","coordinates":[[26.28839,59.05717],[26.28764,59.05697],[26.28635,59.05696],[26.28618,59.05673],[26.28584,59.05665],[26.28534,59.05688],[26.28454,59.05674],[26.28371,59.05668],[26.28335,59.05634],[26.28288,59.05636],[26.28276,59.05613],[26.28173,59.05613],[26.28099,59.05595],[26.28037,59.05588],[26.27873,59.05536],[26.27837,59.05502],[26.2784,59.05465],[26.27837,59.05445],[26.27708,59.05405],[26.27571,59.05379],[26.27511,59.05347],[26.27493,59.05328],[26.27468,59.05264],[26.2747,59.05226],[26.27442,59.05192],[26.27315,59.05179],[26.27174,59.05156],[26.271,59.05153],[26.27068,59.05146],[26.26846,59.05132],[26.2676,59.05143],[26.26705,59.05144],[26.26676,59.05162],[26.2649,59.05227],[26.26428,59.0526],[26.26287,59.05282],[26.26246,59.05292],[26.26166,59.05327],[26.26127,59.05332],[26.26042,59.05319],[26.25986,59.05317],[26.25888,59.05352],[26.25824,59.05383]]},"properties":{"fclass":"river","name":"Kärsa jõgi"}},
{"type":"Feature","geometry":{"type":"LineString","coordinates":[[26.2791,59.06891],[26.27913,59.06862],[26.27884,59.06812],[26.27857,59.06795],[26.27863,59.0676],[26.2781,59.0677],[26.27773,59.06765],[26.27746,59.06748],[26.27615,59.06755],[26.27456,59.06736],[26.27344,59.06758],[26.2729,59.0674],[26.27208,59.06702],[26.27175,59.0664],[26.27192,59.06584],[26.27298,59.06323],[26.27307,59.06282],[26.27276,59.06232],[26.27273,59.06202],[26.27302,59.06137],[26.27257,59.06039],[26.27284,59.05924],[26.27475,59.05758],[26.275,59.05735]]},"properties":{"fclass":"stream","name":"Rajaallika oja"}},
{"type":"Feature","geometry":{"type":"LineString","coordinates":[[26.09797,59.35575],[26.09779,59.35608],[26.09797,59.35653],[26.09745,59.3574],[26.09674,59.35756],[26.09667,59.35797],[26.09624,59.35834],[26.09616,59.35864],[26.0958,59.35883],[26.09575,59.35916],[26.09502,59.35919],[26.09473,59.35932],[26.09437,59.36021],[26.09435,59.3609],[26.09419,59.36105],[26.09334,59.36123],[26.09308,59.36143],[26.09325,59.36218],[26.09296,59.36269],[26.09336,59.36305],[26.09335,59.36325]]},"properties":{"fclass":"river","name":"Loobu jõgi"}},
{"type":"Feature","geometry":{"type":"LineString","coordinates":[[25.80901,59.42874],[25.80917,59.42882]]},"properties":{"fclass":"stream","name":"Pikkoja"}},
{"type":"Feature","geometry":{"type":"LineString","coordinates":[[26.02282,59.41945],[26.0226,59.41955],[26.02256,59.41957]]},"properties":{"fclass":"river","name":"Loobu jõgi"}},
{"type":"Feature","geometry":{"type":"LineString","coordinates":[[26.02256,59.41957],[26.02192,59.41985],[26.02017,59.42075],[26.01985,59.42089],[26.01844,59.42153],[26.01815,59.42171],[26.01768,59.42234],[26.01743,59.42247],[26.01575,59.42297],[26.01448,59.4235],[26.01423,59.42371],[26.01419,59.424],[26.01378,59.42478],[26.01367,59.42519],[26.01308,59.42529],[26.01184,59.42537],[26.01108,59.42566],[26.01096,59.4259],[26.01105,59.42645],[26.01052,59.42658],[26.00951,59.42655],[26.00923,59.42671],[26.00917,59.42695],[26.01006,59.42763],[26.00994,59.42774],[26.00933,59.42774],[26.00773,59.42785],[26.00708,59.42776],[26.00652,59.42788]]},"properties":{"fclass":"river","name":"Loobu jõgi"}},
{"type":"Feature","geometry":{"type":"LineString","coordinates":[[25.26068,59.43236],[25.25438,59.43297],[25.25422,59.4331],[25.2533,59.43439],[25.25353,59.43563],[25.2534,59.43578],[25.25262,59.43608],[25.25165,59.43783],[25.25148,59.43804]]},"properties":{"fclass":"stream","name":"Kaberla oja"}},
{"type":"Feature","geometry":{"type":"LineString","coordinates":[[25.24635,59.44094],[25.24584,59.44132],[25.24526,59.4422],[25.24574,59.44292],[25.2464,59.44352],[25.24673,59.44397],[25.24656,59.44455],[25.24635,59.44472],[25.24606,59.4452],[25.24553,59.4457],[25.24518,59.44594],[25.24341,59.44671],[25.2418,59.44693],[25.24137,59.44698],[25.24107,59.44689],[25.23927,59.44619],[25.23807,59.44605],[25.23731,59.44612],[25.23697,59.44637],[25.23647,59.44654],[25.23641,59.44672],[25.23602,59.447],[25.23623,59.44724],[25.23596,59.44748],[25.23556,59.44756],[25.23481,59.44804],[25.23504,59.44818],[25.23442,59.44867],[25.23445,59.44896],[25.23403,59.44911],[25.23431,59.44935],[25.23379,59.44977],[25.23355,59.44982],[25.233,59.44972],[25.23292,59.44992],[25.23226,59.45007]]},"properties":{"fclass":"stream","name":"Kaberla oja"}},
{"type":"Feature","geometry":{"type":"LineString","coordinates":[[25.25141,59.43844],[25.25125,59.43853],[25.24934,59.43912],[25.24846,59.43943],[25.24651,59.44083]]},"properties":{"fclass":"stream","name":"Kaberla oja"}},
{"type":"Feature","geometry":{"type":"LineString","coordinates":[[25.23215,59.45003],[25.23145,59.45047],[25.23187,59.4506],[25.23166,59.45094],[25.23199,59.45117],[25.23232,59.45116],[25.23258,59.45143],[25.23306,59.45156],[25.23293,59.45172],[25.23308,59.45196],[25.23249,59.45203],[25.23222,59.45215],[25.23118,59.45237],[25.23051,59.45185],[25.22987,59.45204],[25.22932,59.45195],[25.22844,59.45227],[25.22829,59.45257],[25.22775,59.45302],[25.22781,59.45311],[25.22716,59.45348],[25.22649,59.45396],[25.22607,59.45406],[25.22546,59.45446],[25.22495,59.45448],[25.22469,59.45462],[25.22411,59.45547],[25.22425,59.4557],[25.22374,59.45588],[25.22392,59.456],[25.22363,59.45626],[25.22429,59.45656],[25.22462,59.45652],[25.22475,59.45699],[25.22454,59.45741],[25.22466,59.45761],[25.22549,59.45748],[25.22607,59.45758],[25.22639,59.45737],[25.22729,59.45721],[25.22797,59.4572],[25.22842,59.45693],[25.22908,59.45705],[25.22893,59.45727],[25.22939,59.45753],[25.22891,59.45769],[25.22919,59.45787],[25.22948,59.45777],[25.23003,59.4579],[25.23018,59.45809],[25.22939,59.45818],[25.23021,59.45857],[25.23026,59.4587],[25.23125,59.45874],[25.23151,59.45889],[25.23215,59.45854],[25.23221,59.45824],[25.23187,59.45808],[25.23212,59.45765],[25.23274,59.45718],[25.23332,59.45723],[25.23348,59.45713],[25.23396,59.45746],[25.23416,59.45751],[25.23492,59.45729],[25.23536,59.45741],[25.23534,59.4576],[25.23569,59.45775],[25.23602,59.45771],[25.23608,59.45813],[25.23688,59.45854],[25.23737,59.45859],[25.23786,59.45875],[25.23802,59.45906],[25.23836,59.45916],[25.23848,59.45943],[25.23926,59.45956],[25.23959,59.4595],[25.23986,59.45971],[25.2399,59.46003],[25.23947,59.4605],[25.23849,59.46109],[25.23837,59.46159],[25.23876,59.46163],[25.23853,59.46184],[25.23906,59.46186],[25.23933,59.46202],[25.23927,59.46235],[25.23947,59.46264],[25.23997,59.46277],[25.23999,59.4629],[25.23954,59.46305],[25.2401,59.46319],[25.24059,59.46352],[25.24098,59.46365]]},"properties":{"fclass":"stream","name":"Kaberla oja"}},
{"type":"Feature","geometry":{"type":"LineString","coordinates":[[25.81803,59.41718],[25.8176,59.41734],[25.81714,59.41765],[25.8168,59.41754],[25.81625,59.4178],[25.81564,59.4176],[25.81467,59.41777],[25.81416,59.41807],[25.81381,59.41817],[25.81334,59.41813],[25.81221,59.41839],[25.81211,59.41857],[25.81161,59.41871],[25.81161,59.41897],[25.81141,59.41917],[25.81054,59.41929],[25.80984,59.41948],[25.80821,59.41963],[25.80746,59.41937],[25.80724,59.4191],[25.80621,59.4188],[25.80521,59.41884],[25.80457,59.41873],[25.80431,59.4188],[25.8033,59.41884],[25.80254,59.41873],[25.802,59.41949],[25.80173,59.4197],[25.80113,59.41983],[25.80122,59.42004],[25.80113,59.4204],[25.80087,59.42065],[25.80051,59.42073],[25.80069,59.42104],[25.80059,59.42158],[25.80075,59.42217],[25.80069,59.42236],[25.80126,59.42289],[25.80111,59.42309],[25.80123,59.42361],[25.80239,59.42499],[25.80276,59.42519],[25.80401,59.42628],[25.80591,59.42706],[25.80891,59.42858],[25.80901,59.42874]]},"properties":{"fclass":"stream","name":"Pikkoja"}},
{"type":"Feature","geometry":{"type":"LineString","coordinates":[[25.34289,59.42395],[25.34348,59.42422],[25.3439,59.42463],[25.34509,59.42639],[25.34571,59.42708],[25.35042,59.43079]]},"properties":{"fclass":"stream","name":"Valkla oja"}},
{"type":"Feature","geometry":{"type":"LineString","coordinates":[[25.3493,59.44394],[25.34816,59.44516],[25.34883,59.44615],[25.34951,59.44679],[25.35004,59.44699],[25.35267,59.44781],[25.35267,59.44814]]},"properties":{"fclass":"stream","name":"Valkla oja"}},
{"type":"Feature","geometry":{"type":"LineString","coordinates":[[25.34097,59.42113],[25.34141,59.42223]]},"properties":{"fclass":"stream","name":"Valkla oja"}},
{"type":"Feature","geometry":{"type":"LineString","coordinates":[[25.35054,59.43089],[25.35208,59.43215],[25.35282,59.4327],[25.35587,59.43518],[25.35483,59.43803],[25.35471,59.43828],[25.35434,59.4407],[25.354,59.44086],[25.35218,59.44156],[25.35006,59.44294],[25.34949,59.44329],[25.34939,59.44353]]},"properties":{"fclass":"stream","name":"Valkla oja"}},
{"type":"Feature","geometry":{"type":"LineString","coordinates":[[25.35294,59.45019],[25.35389,59.45184],[25.35379,59.45272],[25.35388,59.45297],[25.35432,59.45343],[25.35524,59.45421],[25.35562,59.45461],[25.35622,59.45557],[25.35617,59.45582],[25.3558,59.456],[25.35514,59.45603],[25.35501,59.45646]]},"properties":{"fclass":"stream","name":"Valkla oja"}},
{"type":"Feature","geometry":{"type":"LineString","coordinates":[[25.34084,59.41661],[25.34095,59.41662],[25.3403,59.4194],[25.34094,59.42103]]},"properties":{"fclass":"stream","name":"Valkla oja"}},
{"type":"Feature","geometry":{"type":"LineString","coordinates":[[25.337,59.40968],[25.33684,59.41019],[25.33501,59.41627],[25.34064,59.4166]]},"properties":{"fclass":"stream","name":"Valkla oja"}},
{"type":"Feature","geometry":{"type":"LineString","coordinates":[[25.35265,59.4482],[25.35246,59.44889],[25.35252,59.44949],[25.3529,59.45012]]},"properties":{"fclass":"stream","name":"Valkla oja"}},
{"type":"Feature","geometry":{"type":"LineString","coordinates":[[25.3529,59.45012],[25.35294,59.45019]]},"properties":{"fclass":"stream","name":""}},
{"type":"Feature","geometry":{"type":"LineString","coordinates":[[25.23226,59.45007],[25.23215,59.45003]]},"properties":{"fclass":"stream","name":""}},
{"type":"Feature","geometry":{"type":"LineString","coordinates":[[25.25148,59.43804],[25.25141,59.43844]]},"properties":{"fclass":"stream","name":""}},
{"type":"Feature","geometry":{"type":"LineString","coordinates":[[25.34274,59.42389],[25.34289,59.42395]]},"properties":{"fclass":"stream","name":""}},
{"type":"Feature","geometry":{"type":"LineString","coordinates":[[25.34094,59.42103],[25.34097,59.42113]]},"properties":{"fclass":"stream","name":""}},
{"type":"Feature","geometry":{"type":"LineString","coordinates":[[25.35267,59.44814],[25.35265,59.4482]]},"properties":{"fclass":"stream","name":""}},
{"type":"Feature","geometry":{"type":"LineString","coordinates":[[25.35042,59.43079],[25.35054,59.43089]]},"properties":{"fclass":"stream","name":""}},
{"type":"Feature","geometry":{"type":"LineString","coordinates":[[25.24651,59.44083],[25.24635,59.44094]]},"properties":{"fclass":"stream","name":""}},
{"type":"Feature","geometry":{"type":"LineString","coordinates":[[25.34939,59.44353],[25.3493,59.44394]]},"properties":{"fclass":"stream","name":""}},
{"type":"Feature","geometry":{"type":"LineString","coordinates":[[25.34064,59.4166],[25.34084,59.41661]]},"properties":{"fclass":"stream","name":""}},
{"type":"Feature","geometry":{"type":"LineString","coordinates":[[25.57317,59.342],[25.57267,59.34198],[25.56865,59.34128],[25.56638,59.34039],[25.56619,59.3403],[25.56329,59.33799],[25.56249,59.33768],[25.55773,59.33759]]},"properties":{"fclass":"stream","name":"Aavoja"}},
{"type":"Feature","geometry":{"type":"LineString","coordinates":[[25.55736,59.33758],[25.5535,59.3375],[25.55191,59.3379],[25.5505,59.33822],[25.55019,59.33824],[25.5372,59.33823],[25.53517,59.33458],[25.53417,59.33293],[25.53368,59.33275],[25.53223,59.33235],[25.53072,59.33198],[25.53009,59.33178],[25.52905,59.33153],[25.52828,59.33128],[25.52751,59.33113],[25.5268,59.3309],[25.52457,59.33026],[25.52235,59.32999],[25.52052,59.33007],[25.51933,59.33007],[25.51794,59.33016],[25.51737,59.33025],[25.51599,59.33021],[25.51481,59.33027],[25.51415,59.33006],[25.51202,59.3292],[25.51126,59.32884],[25.51013,59.32855],[25.50929,59.32843],[25.508,59.32829],[25.50611,59.32851],[25.50574,59.32839],[25.50419,59.32817],[25.50218,59.32819],[25.50125,59.32832],[25.4997,59.32844],[25.49696,59.32832],[25.49561,59.32809],[25.49409,59.3281],[25.4934,59.3283],[25.48869,59.32923],[25.488,59.32914],[25.48693,59.32914],[25.48603,59.32924],[25.4855,59.32922],[25.48466,59.3295],[25.48315,59.32994],[25.48214,59.33003],[25.48057,59.33024],[25.47964,59.33004],[25.47862,59.32989],[25.47838,59.3298],[25.47756,59.32912],[25.47704,59.32876],[25.47694,59.32852],[25.47639,59.32818],[25.47539,59.32736],[25.47383,59.32703],[25.47289,59.32681],[25.47156,59.3261],[25.4666,59.32445]]},"properties":{"fclass":"stream","name":"Aavoja"}},
{"type":"Feature","geometry":{"type":"LineString","coordinates":[[25.38039,59.33209],[25.37982,59.33222],[25.37933,59.33222],[25.37881,59.33242],[25.3783,59.33239],[25.37803,59.33262],[25.37719,59.33301],[25.37657,59.33299],[25.37616,59.33324],[25.37591,59.33318],[25.37522,59.33337],[25.37519,59.33347],[25.37536,59.33372],[25.37491,59.33373],[25.37432,59.3339],[25.37344,59.33422],[25.37312,59.3341],[25.37273,59.33411],[25.3725,59.33428],[25.37266,59.33462],[25.37245,59.33475],[25.37261,59.33501],[25.37207,59.33524],[25.37139,59.33508],[25.37122,59.33525],[25.37058,59.33508],[25.37034,59.33529],[25.36921,59.33571],[25.36862,59.33602],[25.36872,59.33619],[25.36804,59.33617],[25.36757,59.33611],[25.3667,59.33627],[25.3658,59.33622],[25.36531,59.3361]]},"properties":{"fclass":"stream","name":"Aavoja"}},
{"type":"Feature","geometry":{"type":"LineString","coordinates":[[25.35251,59.33603],[25.35178,59.33608],[25.35164,59.33619],[25.35176,59.33652],[25.35161,59.33679],[25.3508,59.33715],[25.35023,59.3377],[25.34963,59.33804],[25.3491,59.33818],[25.34858,59.33812],[25.34778,59.33776],[25.3467,59.33756],[25.34626,59.33759]]},"properties":{"fclass":"stream","name":"Aavoja"}},
{"type":"Feature","geometry":{"type":"LineString","coordinates":[[25.60113,59.35215],[25.60057,59.35188],[25.60043,59.35172],[25.59294,59.34536],[25.58185,59.34203]]},"properties":{"fclass":"stream","name":"Aavoja"}},
{"type":"Feature","geometry":{"type":"LineString","coordinates":[[25.63541,59.35623],[25.61908,59.35354],[25.60942,59.3553],[25.6048,59.3536],[25.60416,59.35339],[25.60186,59.35255],[25.60147,59.35233]]},"properties":{"fclass":"stream","name":"Aavoja"}},
{"type":"Feature","geometry":{"type":"LineString","coordinates":[[25.46644,59.3244],[25.46586,59.32423],[25.46623,59.324],[25.46601,59.32371],[25.46624,59.32348],[25.46599,59.32322],[25.46612,59.32277],[25.4654,59.32277],[25.46516,59.32249],[25.4645,59.32228],[25.46387,59.32235],[25.46376,59.32283],[25.46308,59.32285],[25.46267,59.32263],[25.46185,59.32256],[25.46199,59.32235],[25.46132,59.32236],[25.46145,59.32206],[25.46108,59.32182],[25.46032,59.32172],[25.45986,59.32182],[25.4597,59.32156],[25.45939,59.32144],[25.45878,59.32139],[25.4585,59.32165],[25.45828,59.32163],[25.45831,59.32131],[25.45807,59.3211],[25.45761,59.32115],[25.45752,59.32087],[25.45692,59.32089],[25.45585,59.32055],[25.45528,59.32064],[25.4549,59.32041],[25.45426,59.32058],[25.4536,59.32062],[25.45358,59.32078],[25.45284,59.32115],[25.45257,59.32149],[25.45213,59.32154],[25.45171,59.32128],[25.45136,59.32127],[25.45088,59.32146],[25.44983,59.32127],[25.44993,59.32074],[25.44981,59.32056],[25.44886,59.32038],[25.44877,59.32014],[25.44808,59.32023],[25.44787,59.32013],[25.44678,59.31999],[25.44623,59.31984],[25.44584,59.31965],[25.44541,59.31979],[25.44507,59.31974],[25.44491,59.31947],[25.44451,59.31956],[25.44411,59.31944],[25.44352,59.31942],[25.44308,59.31966],[25.44305,59.31985],[25.44276,59.32007],[25.44246,59.31979],[25.44221,59.32],[25.44175,59.31988],[25.44109,59.31993],[25.43988,59.32016],[25.43878,59.32004],[25.43842,59.31993],[25.43823,59.31965],[25.43761,59.31951],[25.43741,59.3197],[25.43709,59.3197],[25.43669,59.31986],[25.4362,59.31989],[25.43545,59.31968],[25.43515,59.32008],[25.43485,59.32019],[25.43417,59.32005],[25.43383,59.32023],[25.4333,59.32021],[25.43302,59.32007],[25.43265,59.32025],[25.43212,59.32037],[25.43139,59.32024],[25.43099,59.32011],[25.4306,59.32019],[25.43058,59.3199],[25.43024,59.3199],[25.43003,59.32016],[25.42953,59.32015],[25.42893,59.31977]]},"properties":{"fclass":"stream","name":"Aavoja"}},
{"type":"Feature","geometry":{"type":"LineString","coordinates":[[25.58168,59.34198],[25.58111,59.34194],[25.57328,59.342]]},"properties":{"fclass":"stream","name":"Aavoja"}},
{"type":"Feature","geometry":{"type":"LineString","coordinates":[[26.27665,59.44114],[26.27364,59.44087],[26.27353,59.44072],[26.27403,59.43908]]},"properties":{"fclass":"stream","name":"Haljala oja"}},
{"type":"Feature","geometry":{"type":"LineString","coordinates":[[26.10752,59.43996],[26.10743,59.44063],[26.10758,59.44079],[26.10909,59.44132],[26.11018,59.44174]]},"properties":{"fclass":"stream","name":"Mustoja"}},
{"type":"Feature","geometry":{"type":"LineString","coordinates":[[26.1104,59.44393],[26.11025,59.44444],[26.11031,59.44465],[26.1106,59.44477],[26.11175,59.44488],[26.1122,59.44507],[26.1127,59.44543],[26.11335,59.44566],[26.11341,59.44599],[26.1128,59.44648],[26.11258,59.44698],[26.11291,59.44713],[26.11309,59.4474],[26.11297,59.44767],[26.11308,59.44789],[26.11293,59.44828],[26.11265,59.4487],[26.11236,59.44884],[26.11174,59.44886],[26.11132,59.44898],[26.11109,59.44935],[26.11131,59.44951],[26.11124,59.44992],[26.11073,59.45024],[26.10909,59.45032],[26.10833,59.45058],[26.10821,59.45117],[26.10736,59.4515],[26.10626,59.45155],[26.10584,59.45182],[26.10514,59.4524],[26.10507,59.45256],[26.10505,59.45373],[26.10482,59.45433],[26.10454,59.45463],[26.10415,59.45487],[26.10353,59.4551],[26.10176,59.45566],[26.10081,59.45592],[26.10058,59.45616],[26.10071,59.45651],[26.10065,59.45722],[26.10268,59.45872],[26.10272,59.45878],[26.10213,59.46078],[26.10071,59.46138],[26.1001,59.46175],[26.09884,59.46406],[26.09901,59.46436],[26.10277,59.46724],[26.1029,59.46778],[26.10271,59.46849],[26.10171,59.47113]]},"properties":{"fclass":"stream","name":"Mustoja"}},
{"type":"Feature","geometry":{"type":"LineString","coordinates":[[26.1081,59.43568],[26.10755,59.43987]]},"properties":{"fclass":"stream","name":"Mustoja"}},
{"type":"Feature","geometry":{"type":"LineString","coordinates":[[26.08624,59.42057],[26.09838,59.42553],[26.10073,59.43146],[26.10099,59.43166],[26.10369,59.433],[26.10426,59.43326],[26.10479,59.43377],[26.105,59.43456],[26.10516,59.43478],[26.108,59.43552],[26.10807,59.43558]]},"properties":{"fclass":"stream","name":"Mustoja"}},
{"type":"Feature","geometry":{"type":"LineString","coordinates":[[26.11068,59.44209],[26.1107,59.44215],[26.11042,59.44382]]},"properties":{"fclass":"stream","name":"Mustoja"}},
{"type":"Feature","geometry":{"type":"LineString","coordinates":[[26.10166,59.47126],[26.10194,59.4724]]},"properties":{"fclass":"stream","name":"Mustoja"}},
{"type":"Feature","geometry":{"type":"LineString","coordinates":[[25.35263,59.336],[25.35251,59.33603]]},"properties":{"fclass":"stream","name":""}},
{"type":"Feature","geometry":{"type":"LineString","coordinates":[[26.11042,59.44382],[26.1104,59.44393]]},"properties":{"fclass":"stream","name":""}},
{"type":"Feature","geometry":{"type":"LineString","coordinates":[[26.11018,59.44174],[26.11068,59.44209]]},"properties":{"fclass":"stream","name":""}},
{"type":"Feature","geometry":{"type":"LineString","coordinates":[[25.38062,59.332],[25.3804,59.33207],[25.38039,59.33209]]},"properties":{"fclass":"stream","name":"Aavoja"}},
{"type":"Feature","geometry":{"type":"LineString","coordinates":[[25.4666,59.32445],[25.46644,59.3244]]},"properties":{"fclass":"stream","name":""}},
{"type":"Feature","geometry":{"type":"LineString","coordinates":[[26.10171,59.47113],[26.10166,59.47126]]},"properties":{"fclass":"stream","name":""}},
{"type":"Feature","geometry":{"type":"LineString","coordinates":[[25.60147,59.35233],[25.60113,59.35215]]},"properties":{"fclass":"stream","name":""}},
{"type":"Feature","geometry":{"type":"LineString","coordinates":[[25.55773,59.33759],[25.55736,59.33758]]},"properties":{"fclass":"stream","name":""}},
{"type":"Feature","geometry":{"type":"LineString","coordinates":[[26.10755,59.43987],[26.10752,59.43996]]},"properties":{"fclass":"stream","name":""}},
{"type":"Feature","geometry":{"type":"LineString","coordinates":[[25.38385,59.33025],[25.38327,59.32992]]},"properties":{"fclass":"canal","name":""}},
{"type":"Feature","geometry":{"type":"LineString","coordinates":[[25.58185,59.34203],[25.58168,59.34198]]},"properties":{"fclass":"stream","name":""}},
{"type":"Feature","geometry":{"type":"LineString","coordinates":[[25.42893,59.31977],[25.42876,59.31979]]},"properties":{"fclass":"stream","name":""}},
{"type":"Feature","geometry":{"type":"LineString","coordinates":[[26.10807,59.43558],[26.1081,59.43568]]},"properties":{"fclass":"stream","name":""}},
{"type":"Feature","geometry":{"type":"LineString","coordinates":[[25.57328,59.342],[25.57317,59.342]]},"properties":{"fclass":"stream","name":""}},
{"type":"Feature","geometry":{"type":"LineString","coordinates":[[26.35121,59.35657],[26.35112,59.35667]]},"properties":{"fclass":"stream","name":""}},
{"type":"Feature","geometry":{"type":"LineString","coordinates":[[26.34934,59.35445],[26.34913,59.35481],[26.34904,59.35526],[26.35072,59.35543],[26.35076,59.35557],[26.35055,59.35636],[26.35112,59.35667]]},"properties":{"fclass":"stream","name":"Tobia pkr"}},
{"type":"Feature","geometry":{"type":"LineString","coordinates":[[25.40188,59.32378],[25.40003,59.32408],[25.39947,59.32406],[25.39847,59.3239],[25.397,59.32397],[25.39511,59.32411],[25.3946,59.32418],[25.39403,59.32427],[25.39318,59.32449],[25.3923,59.32489],[25.39163,59.32553],[25.39141,59.32607],[25.39098,59.32655],[25.39,59.32734],[25.38907,59.32857],[25.388,59.32907],[25.3861,59.32951],[25.38515,59.32985],[25.38385,59.33025],[25.38062,59.332]]},"properties":{"fclass":"stream","name":""}},
{"type":"Feature","geometry":{"type":"LineString","coordinates":[[25.42876,59.31979],[25.42773,59.31962],[25.42725,59.31946],[25.42547,59.31929],[25.42307,59.31948],[25.42236,59.31938],[25.42205,59.31916],[25.42059,59.31908],[25.42018,59.31912],[25.41928,59.31936],[25.41876,59.31936],[25.41833,59.31918],[25.41779,59.31918],[25.41637,59.31925],[25.41586,59.3194],[25.415,59.3198],[25.41434,59.32],[25.4134,59.32022],[25.41143,59.32081],[25.41074,59.32099]]},"properties":{"fclass":"stream","name":""}},
{"type":"Feature","geometry":{"type":"LineString","coordinates":[[26.35935,59.34125],[26.35857,59.34165],[26.35748,59.34181],[26.35726,59.34192]]},"properties":{"fclass":"stream","name":""}},
{"type":"Feature","geometry":{"type":"LineString","coordinates":[[26.37514,59.33036],[26.37495,59.33081],[26.37445,59.33127],[26.37321,59.33268],[26.37246,59.33359]]},"properties":{"fclass":"stream","name":""}},
{"type":"Feature","geometry":{"type":"LineString","coordinates":[[26.37397,59.32647],[26.37442,59.32639],[26.37581,59.3265],[26.37633,59.32686],[26.37647,59.32718],[26.37631,59.32748],[26.37571,59.32789]]},"properties":{"fclass":"stream","name":""}},
{"type":"Feature","geometry":{"type":"LineString","coordinates":[[26.37382,59.32646],[26.37397,59.32647]]},"properties":{"fclass":"stream","name":""}},
{"type":"Feature","geometry":{"type":"LineString","coordinates":[[25.91595,59.26212],[25.9159,59.2625],[25.91548,59.26276]]},"properties":{"fclass":"stream","name":"Rauakõrve oja"}},
{"type":"Feature","geometry":{"type":"LineString","coordinates":[[25.91557,59.27403],[25.91574,59.27419]]},"properties":{"fclass":"stream","name":"Rauakõrve oja"}},
{"type":"Feature","geometry":{"type":"LineString","coordinates":[[25.91574,59.27419],[25.91617,59.27546],[25.91643,59.27591],[25.9164,59.27642],[25.91696,59.27771],[25.91743,59.27853],[25.91774,59.27884],[25.91839,59.27918],[25.9193,59.27957],[25.92054,59.28028],[25.92202,59.28096],[25.92435,59.28179],[25.92632,59.28301],[25.92722,59.28347],[25.92891,59.28406],[25.92995,59.28455],[25.93052,59.28493],[25.93104,59.28607],[25.93196,59.28814],[25.93259,59.28948],[25.93208,59.29012],[25.93119,59.2911],[25.93034,59.29151],[25.92993,59.29164],[25.92983,59.29195]]},"properties":{"fclass":"stream","name":"Rauakõrve oja"}},
{"type":"Feature","geometry":{"type":"LineString","coordinates":[[25.40516,59.42864],[25.405,59.42874]]},"properties":{"fclass":"stream","name":""}},
{"type":"Feature","geometry":{"type":"LineString","coordinates":[[25.40531,59.42637],[25.40529,59.42726],[25.40567,59.42794],[25.40544,59.42845],[25.40516,59.42864]]},"properties":{"fclass":"stream","name":"Kiiu oja"}},
{"type":"Feature","geometry":{"type":"LineString","coordinates":[[25.39059,59.4431],[25.39058,59.44318]]},"properties":{"fclass":"stream","name":"Kiiu oja"}},
{"type":"Feature","geometry":{"type":"LineString","coordinates":[[25.38907,59.43902],[25.38903,59.43907]]},"properties":{"fclass":"stream","name":""}},
{"type":"Feature","geometry":{"type":"LineString","coordinates":[[25.38937,59.43872],[25.38907,59.43902]]},"properties":{"fclass":"stream","name":""}},
{"type":"Feature","geometry":{"type":"LineString","coordinates":[[25.38903,59.43907],[25.38902,59.43912],[25.39095,59.43996],[25.39084,59.44069],[25.39074,59.44194],[25.39059,59.4431]]},"properties":{"fclass":"stream","name":"Kiiu oja"}},
{"type":"Feature","geometry":{"type":"LineString","coordinates":[[25.3899,59.43794],[25.38937,59.43872]]},"properties":{"fclass":"stream","name":"Kiiu oja"}},
{"type":"Feature","geometry":{"type":"LineString","coordinates":[[25.38996,59.43787],[25.3899,59.43794]]},"properties":{"fclass":"stream","name":""}},
{"type":"Feature","geometry":{"type":"LineString","coordinates":[[25.405,59.42874],[25.40043,59.4318],[25.39913,59.43199],[25.39746,59.43205],[25.39722,59.43209],[25.39562,59.43283],[25.39547,59.43301],[25.39611,59.43348],[25.39574,59.43454],[25.39516,59.43484],[25.39496,59.43526],[25.39396,59.43534],[25.39344,59.43547],[25.394,59.4357],[25.39403,59.43596],[25.39363,59.43598],[25.39202,59.43585],[25.39171,59.43588],[25.38996,59.43787]]},"properties":{"fclass":"stream","name":"Kiiu oja"}},
{"type":"Feature","geometry":{"type":"LineString","coordinates":[[25.18539,59.45071],[25.18498,59.45059],[25.18332,59.44975]]},"properties":{"fclass":"river","name":"Jägala jõgi"}},
{"type":"Feature","geometry":{"type":"LineString","coordinates":[[26.51255,59.34222],[26.51401,59.34188],[26.51466,59.34182],[26.51578,59.34211],[26.51678,59.3423]]},"properties":{"fclass":"stream","name":"Vaeküla oja"}},
{"type":"Feature","geometry":{"type":"LineString","coordinates":[[26.5219,59.34496],[26.52269,59.34572],[26.52263,59.3458],[26.52011,59.34634],[26.51871,59.34675]]},"properties":{"fclass":"stream","name":"Vaeküla oja"}},
{"type":"Feature","geometry":{"type":"LineString","coordinates":[[26.51688,59.34231],[26.51789,59.34241],[26.5196,59.34298],[26.51971,59.34339],[26.52039,59.34352],[26.52117,59.34381],[26.52131,59.34393],[26.52191,59.34487]]},"properties":{"fclass":"stream","name":"Vaeküla oja"}},
{"type":"Feature","geometry":{"type":"LineString","coordinates":[[26.50665,59.33718],[26.50695,59.3375],[26.5083,59.33848]]},"properties":{"fclass":"stream","name":"Vaeküla oja"}},
{"type":"Feature","geometry":{"type":"LineString","coordinates":[[26.51871,59.34675],[26.51885,59.34682]]},"properties":{"fclass":"stream","name":"Vaeküla oja"}},
{"type":"Feature","geometry":{"type":"LineString","coordinates":[[26.50437,59.33452],[26.50655,59.33707]]},"properties":{"fclass":"stream","name":"Vaeküla oja"}},
{"type":"Feature","geometry":{"type":"LineString","coordinates":[[26.5108,59.34145],[26.51237,59.34224]]},"properties":{"fclass":"stream","name":"Vaeküla oja"}},
{"type":"Feature","geometry":{"type":"LineString","coordinates":[[26.50843,59.33857],[26.50873,59.33889],[26.508,59.33995],[26.5081,59.34004],[26.50976,59.34089]]},"properties":{"fclass":"stream","name":"Vaeküla oja"}},
{"type":"Feature","geometry":{"type":"LineString","coordinates":[[26.50362,59.33268],[26.50197,59.3334],[26.50146,59.33442],[26.50418,59.33451]]},"properties":{"fclass":"stream","name":"Vaeküla oja"}},
{"type":"Feature","geometry":{"type":"LineString","coordinates":[[26.50976,59.34089],[26.5108,59.34145]]},"properties":{"fclass":"stream","name":""}},
{"type":"Feature","geometry":{"type":"LineString","coordinates":[[26.50418,59.33451],[26.50437,59.33452]]},"properties":{"fclass":"stream","name":""}},
{"type":"Feature","geometry":{"type":"LineString","coordinates":[[26.51237,59.34224],[26.51255,59.34222]]},"properties":{"fclass":"stream","name":""}},
{"type":"Feature","geometry":{"type":"LineString","coordinates":[[26.50655,59.33707],[26.50665,59.33718]]},"properties":{"fclass":"stream","name":""}},
{"type":"Feature","geometry":{"type":"LineString","coordinates":[[26.5083,59.33848],[26.50843,59.33857]]},"properties":{"fclass":"stream","name":""}},
{"type":"Feature","geometry":{"type":"LineString","coordinates":[[26.52191,59.34487],[26.5219,59.34496]]},"properties":{"fclass":"stream","name":""}},
{"type":"Feature","geometry":{"type":"LineString","coordinates":[[26.51678,59.3423],[26.51688,59.34231]]},"properties":{"fclass":"stream","name":""}},
{"type":"Feature","geometry":{"type":"LineString","coordinates":[[25.65108,59.31846],[25.65097,59.31846]]},"properties":{"fclass":"stream","name":"Rekka oja"}},
{"type":"Feature","geometry":{"type":"LineString","coordinates":[[25.65131,59.31847],[25.65108,59.31846]]},"properties":{"fclass":"stream","name":"Rekka oja"}},
{"type":"Feature","geometry":{"type":"LineString","coordinates":[[26.23899,59.045],[26.2387,59.04505],[26.23825,59.04552],[26.23786,59.04556],[26.23743,59.04547],[26.23709,59.04528],[26.23662,59.04474],[26.23578,59.04402],[26.23584,59.0438],[26.23531,59.04333],[26.23481,59.04325],[26.23432,59.0433],[26.23397,59.04324],[26.23354,59.04277],[26.23345,59.04234],[26.23291,59.04228],[26.23121,59.04176]]},"properties":{"fclass":"river","name":"Nõmme jõgi"}},
{"type":"Feature","geometry":{"type":"LineString","coordinates":[[26.23121,59.04176],[26.23078,59.04173],[26.23058,59.04211],[26.23008,59.04226],[26.22648,59.04244]]},"properties":{"fclass":"river","name":""}},
{"type":"Feature","geometry":{"type":"LineString","coordinates":[[26.27146,59.08028],[26.27089,59.08008],[26.27044,59.07977]]},"properties":{"fclass":"river","name":""}},
{"type":"Feature","geometry":{"type":"LineString","coordinates":[[25.96867,59.27225],[25.96819,59.27248],[25.96737,59.27236],[25.96652,59.27262],[25.96504,59.27328],[25.9644,59.27377]]},"properties":{"fclass":"river","name":"Valgejõgi"}},
{"type":"Feature","geometry":{"type":"LineString","coordinates":[[25.9644,59.27377],[25.96351,59.2742],[25.96303,59.27437],[25.96197,59.27488],[25.96127,59.27514],[25.96144,59.27555],[25.96124,59.2758],[25.96082,59.27583],[25.96012,59.27602],[25.95881,59.27653],[25.95844,59.27688],[25.95799,59.27702],[25.95598,59.27739],[25.95533,59.27785],[25.9551,59.27824]]},"properties":{"fclass":"river","name":"Valgejõgi"}},
{"type":"Feature","geometry":{"type":"LineString","coordinates":[[26.21014,59.1568],[26.21032,59.15665],[26.21017,59.15615],[26.21005,59.15535],[26.20945,59.15418],[26.20959,59.15355],[26.20996,59.15267],[26.21042,59.15211],[26.2106,59.15164],[26.2107,59.15093]]},"properties":{"fclass":"river","name":"Põltsamaa jõgi"}},
{"type":"Feature","geometry":{"type":"LineString","coordinates":[[26.19218,59.02223],[26.19209,59.02177],[26.19191,59.02123],[26.19188,59.02056]]},"properties":{"fclass":"river","name":"Põltsamaa jõgi"}},
{"type":"Feature","geometry":{"type":"LineString","coordinates":[[26.21025,59.15694],[26.21014,59.1568]]},"properties":{"fclass":"river","name":""}},
{"type":"Feature","geometry":{"type":"LineString","coordinates":[[26.20363,59.0105],[26.20387,59.01032],[26.20453,59.0101],[26.20677,59.00868],[26.20731,59.00779],[26.20743,59.00643]]},"properties":{"fclass":"river","name":""}},
{"type":"Feature","geometry":{"type":"LineString","coordinates":[[26.20443,58.9961],[26.20503,58.99508],[26.2047,58.99447],[26.20484,58.99411],[26.20452,58.99325]]},"properties":{"fclass":"river","name":""}},
{"type":"Feature","geometry":{"type":"LineString","coordinates":[[26.19188,59.02056],[26.19133,59.02034],[26.19165,59.02004],[26.1924,59.02002]]},"properties":{"fclass":"river","name":""}},
{"type":"Feature","geometry":{"type":"LineString","coordinates":[[25.91536,59.26283],[25.91475,59.2632],[25.91363,59.26381],[25.91389,59.26473],[25.9137,59.26511],[25.91372,59.26547],[25.91319,59.26653],[25.91288,59.26758],[25.9125,59.26841],[25.91253,59.26882],[25.91293,59.26987],[25.91386,59.27168],[25.91425,59.2723],[25.91492,59.27272],[25.91557,59.27403]]},"properties":{"fclass":"stream","name":"Rauakõrve oja"}},
{"type":"Feature","geometry":{"type":"LineString","coordinates":[[25.91548,59.26276],[25.91536,59.26283]]},"properties":{"fclass":"stream","name":"Rauakõrve oja"}},
{"type":"Feature","geometry":{"type":"LineString","coordinates":[[25.58291,59.46299],[25.58109,59.4629],[25.58055,59.4653],[25.58152,59.46635],[25.58073,59.467],[25.57967,59.46777]]},"properties":{"fclass":"stream","name":"Oldoja"}},
{"type":"Feature","geometry":{"type":"LineString","coordinates":[[25.30207,59.34666],[25.30226,59.34682],[25.30304,59.34661],[25.3042,59.34741],[25.30482,59.34793],[25.30512,59.3504],[25.30541,59.35167]]},"properties":{"fclass":"stream","name":"Anija oja"}},
{"type":"Feature","geometry":{"type":"LineString","coordinates":[[25.30135,59.35726],[25.30137,59.35737],[25.30419,59.35753],[25.30754,59.35775],[25.30768,59.35783],[25.30668,59.35955],[25.30647,59.36001]]},"properties":{"fclass":"stream","name":"Anija oja"}},
{"type":"Feature","geometry":{"type":"LineString","coordinates":[[25.29334,59.34003],[25.29472,59.3403],[25.29767,59.34085],[25.30122,59.34152],[25.30208,59.34222],[25.30247,59.3426],[25.30219,59.34348],[25.3018,59.34447],[25.30183,59.34527]]},"properties":{"fclass":"stream","name":"Anija oja"}},
{"type":"Feature","geometry":{"type":"LineString","coordinates":[[25.30182,59.34534],[25.30179,59.34609],[25.30194,59.34655]]},"properties":{"fclass":"stream","name":"Anija oja"}},
{"type":"Feature","geometry":{"type":"LineString","coordinates":[[25.30545,59.35184],[25.30575,59.35327],[25.30567,59.35363],[25.30475,59.35437],[25.30147,59.35717]]},"properties":{"fclass":"stream","name":"Anija oja"}},
{"type":"Feature","geometry":{"type":"LineString","coordinates":[[25.30183,59.34527],[25.30182,59.34534]]},"properties":{"fclass":"stream","name":""}},
{"type":"Feature","geometry":{"type":"LineString","coordinates":[[25.30147,59.35717],[25.30135,59.35726]]},"properties":{"fclass":"stream","name":""}},
{"type":"Feature","geometry":{"type":"LineString","coordinates":[[25.30194,59.34655],[25.30207,59.34666]]},"properties":{"fclass":"stream","name":""}},
{"type":"Feature","geometry":{"type":"LineString","coordinates":[[25.30541,59.35167],[25.30545,59.35184]]},"properties":{"fclass":"stream","name":""}},
{"type":"Feature","geometry":{"type":"LineString","coordinates":[[25.7873,59.46583],[25.78735,59.46604],[25.78694,59.46664],[25.7869,59.46701]]},"properties":{"fclass":"river","name":"Valgejõgi"}},
{"type":"Feature","geometry":{"type":"LineString","coordinates":[[25.42386,59.25795],[25.42414,59.25835],[25.42421,59.2599]]},"properties":{"fclass":"stream","name":"Kiruoja"}},
{"type":"Feature","geometry":{"type":"LineString","coordinates":[[25.41976,59.22802],[25.4197,59.22889],[25.41951,59.23037],[25.41838,59.23067],[25.41778,59.23109],[25.41466,59.23144],[25.40516,59.2324],[25.40321,59.23262]]},"properties":{"fclass":"stream","name":"Kiruoja"}},
{"type":"Feature","geometry":{"type":"LineString","coordinates":[[25.42265,59.22221],[25.4229,59.22288],[25.42286,59.22323],[25.42253,59.22436],[25.42004,59.22441],[25.41954,59.22448],[25.41883,59.22663],[25.41884,59.22676],[25.41976,59.22795]]},"properties":{"fclass":"stream","name":"Kiruoja"}},
{"type":"Feature","geometry":{"type":"LineString","coordinates":[[25.41946,59.25577],[25.41986,59.25611],[25.42064,59.25664],[25.42145,59.2568],[25.42295,59.25716],[25.4235,59.25747],[25.42381,59.25787]]},"properties":{"fclass":"stream","name":"Kiruoja"}},
{"type":"Feature","geometry":{"type":"LineString","coordinates":[[25.40105,59.23468],[25.40205,59.23489],[25.40289,59.23501],[25.40355,59.23521],[25.40325,59.23583],[25.40311,59.23649],[25.40381,59.2372]]},"properties":{"fclass":"stream","name":"Kiruoja"}},
{"type":"Feature","geometry":{"type":"LineString","coordinates":[[25.42425,59.25996],[25.42437,59.26057],[25.4247,59.26121],[25.42495,59.26155],[25.42557,59.26274],[25.42575,59.2629],[25.42637,59.26316],[25.42811,59.26402],[25.42867,59.26447],[25.42916,59.26497],[25.42935,59.26553],[25.42952,59.26574],[25.43,59.26604],[25.43124,59.2665],[25.43197,59.26665],[25.43218,59.26677],[25.43253,59.26771]]},"properties":{"fclass":"stream","name":"Kiruoja"}},
{"type":"Feature","geometry":{"type":"LineString","coordinates":[[25.40308,59.23264],[25.40317,59.2327],[25.40096,59.23454],[25.40095,59.23464]]},"properties":{"fclass":"stream","name":"Kiruoja"}},
{"type":"Feature","geometry":{"type":"LineString","coordinates":[[25.41585,59.25305],[25.41684,59.25378],[25.41933,59.25568]]},"properties":{"fclass":"stream","name":"Kiruoja"}},
{"type":"Feature","geometry":{"type":"LineString","coordinates":[[25.4039,59.23726],[25.40584,59.23838],[25.40782,59.23941],[25.40807,59.23962],[25.40793,59.2405],[25.40801,59.24171],[25.40806,59.24336],[25.40832,59.2434],[25.41049,59.24439],[25.41283,59.24561],[25.41315,59.24622],[25.41349,59.24788],[25.41362,59.24904],[25.41376,59.24966],[25.41425,59.25105],[25.41497,59.2516],[25.41469,59.25219],[25.41577,59.25298]]},"properties":{"fclass":"stream","name":"Kiruoja"}},
{"type":"Feature","geometry":{"type":"LineString","coordinates":[[25.40381,59.2372],[25.4039,59.23726]]},"properties":{"fclass":"stream","name":""}},
{"type":"Feature","geometry":{"type":"LineString","coordinates":[[25.43253,59.26771],[25.43258,59.26783]]},"properties":{"fclass":"stream","name":""}},
{"type":"Feature","geometry":{"type":"LineString","coordinates":[[25.42421,59.2599],[25.42425,59.25996]]},"properties":{"fclass":"stream","name":""}},
{"type":"Feature","geometry":{"type":"LineString","coordinates":[[25.42381,59.25787],[25.42386,59.25795]]},"properties":{"fclass":"stream","name":""}},
{"type":"Feature","geometry":{"type":"LineString","coordinates":[[25.40321,59.23262],[25.40308,59.23264]]},"properties":{"fclass":"stream","name":""}},
{"type":"Feature","geometry":{"type":"LineString","coordinates":[[25.41577,59.25298],[25.41585,59.25305]]},"properties":{"fclass":"stream","name":""}},
{"type":"Feature","geometry":{"type":"LineString","coordinates":[[25.40095,59.23464],[25.40105,59.23468]]},"properties":{"fclass":"stream","name":""}},
{"type":"Feature","geometry":{"type":"LineString","coordinates":[[25.41933,59.25568],[25.41946,59.25577]]},"properties":{"fclass":"stream","name":""}},
{"type":"Feature","geometry":{"type":"LineString","coordinates":[[25.41976,59.22795],[25.41976,59.22802]]},"properties":{"fclass":"stream","name":""}},
{"type":"Feature","geometry":{"type":"LineString","coordinates":[[25.83919,59.38246],[25.83764,59.38198],[25.83553,59.38136]]},"properties":{"fclass":"stream","name":"Härjakõrioja"}},
{"type":"Feature","geometry":{"type":"LineString","coordinates":[[25.81367,59.38927],[25.81227,59.38915],[25.8096,59.3885],[25.80806,59.38816],[25.80775,59.388]]},"properties":{"fclass":"stream","name":"Leppoja"}},
{"type":"Feature","geometry":{"type":"LineString","coordinates":[[25.68293,59.34015],[25.683,59.34012]]},"properties":{"fclass":"stream","name":"Rekka oja"}},
{"type":"Feature","geometry":{"type":"LineString","coordinates":[[25.60567,59.31849],[25.60467,59.31833],[25.6047,59.31797],[25.60457,59.31776],[25.60328,59.31748],[25.6015,59.31763],[25.60008,59.31738],[25.59926,59.31633]]},"properties":{"fclass":"stream","name":"Rekka oja"}},
{"type":"Feature","geometry":{"type":"LineString","coordinates":[[25.68187,59.34187],[25.68182,59.34114],[25.68239,59.34097]]},"properties":{"fclass":"stream","name":"Rekka oja"}},
{"type":"Feature","geometry":{"type":"LineString","coordinates":[[25.68239,59.34097],[25.68279,59.3405],[25.68293,59.34015]]},"properties":{"fclass":"stream","name":"Rekka oja"}},
{"type":"Feature","geometry":{"type":"LineString","coordinates":[[25.68314,59.34006],[25.68374,59.33976]]},"properties":{"fclass":"stream","name":"Rekka oja"}},
{"type":"Feature","geometry":{"type":"LineString","coordinates":[[25.31456,59.21624],[25.31588,59.21901],[25.31894,59.21969],[25.31963,59.21988],[25.32066,59.22026],[25.32081,59.2217],[25.32067,59.22202],[25.32093,59.22217],[25.321,59.22248],[25.3207,59.22274],[25.32073,59.22303],[25.32046,59.22375],[25.31974,59.2239],[25.31882,59.22427],[25.31815,59.22471],[25.31769,59.22458],[25.31737,59.22473],[25.31704,59.22468],[25.31668,59.22498],[25.31688,59.22528],[25.31653,59.22529],[25.31661,59.2256],[25.31685,59.22579],[25.31658,59.22648],[25.31685,59.2268],[25.31621,59.22696],[25.31605,59.22753],[25.31587,59.22764],[25.31624,59.22803],[25.31649,59.22802],[25.31645,59.22845],[25.31652,59.2287],[25.31689,59.2289],[25.31763,59.22902],[25.31842,59.22905],[25.31858,59.2292],[25.31898,59.22924],[25.31963,59.2296],[25.31971,59.22987],[25.31975,59.23089],[25.31965,59.23118],[25.32,59.23189],[25.32052,59.23195],[25.31987,59.23294],[25.31962,59.23342],[25.31567,59.23491],[25.31531,59.23515]]},"properties":{"fclass":"stream","name":"Vilama pkr"}},
{"type":"Feature","geometry":{"type":"LineString","coordinates":[[25.30949,59.21383],[25.31024,59.21386],[25.31246,59.21466],[25.31372,59.21509],[25.31408,59.21525],[25.31454,59.2162]]},"properties":{"fclass":"stream","name":"Vilama pkr"}},
{"type":"Feature","geometry":{"type":"LineString","coordinates":[[25.29473,59.19965],[25.29509,59.20058],[25.29866,59.20233],[25.29891,59.20248]]},"properties":{"fclass":"stream","name":"Vilama pkr"}},
{"type":"Feature","geometry":{"type":"LineString","coordinates":[[25.29431,59.1985],[25.29471,59.1996]]},"properties":{"fclass":"stream","name":"Vilama pkr"}},
{"type":"Feature","geometry":{"type":"LineString","coordinates":[[25.294,59.1976],[25.2943,59.19846]]},"properties":{"fclass":"stream","name":"Vilama pkr"}},
{"type":"Feature","geometry":{"type":"LineString","coordinates":[[25.29893,59.20261],[25.29909,59.2045],[25.29903,59.20473],[25.29695,59.207],[25.29376,59.20884],[25.29273,59.20948],[25.29291,59.2105],[25.2931,59.21113],[25.29347,59.21268],[25.29359,59.21276],[25.2985,59.21376],[25.30734,59.21381],[25.3093,59.21383]]},"properties":{"fclass":"stream","name":"Vilama pkr"}},
{"type":"Feature","geometry":{"type":"LineString","coordinates":[[25.31483,59.2363],[25.31699,59.23744]]},"properties":{"fclass":"stream","name":"Vilama pkr"}},
{"type":"Feature","geometry":{"type":"LineString","coordinates":[[25.2943,59.19846],[25.29431,59.1985]]},"properties":{"fclass":"stream","name":""}},
{"type":"Feature","geometry":{"type":"LineString","coordinates":[[25.31454,59.2162],[25.31456,59.21624]]},"properties":{"fclass":"stream","name":""}},
{"type":"Feature","geometry":{"type":"LineString","coordinates":[[25.683,59.34012],[25.68314,59.34006]]},"properties":{"fclass":"stream","name":""}},
{"type":"Feature","geometry":{"type":"LineString","coordinates":[[25.3093,59.21383],[25.30949,59.21383]]},"properties":{"fclass":"stream","name":""}},
{"type":"Feature","geometry":{"type":"LineString","coordinates":[[25.83553,59.38136],[25.83536,59.38132]]},"properties":{"fclass":"stream","name":""}},
{"type":"Feature","geometry":{"type":"LineString","coordinates":[[25.31473,59.23625],[25.31483,59.2363]]},"properties":{"fclass":"stream","name":""}},
{"type":"Feature","geometry":{"type":"LineString","coordinates":[[25.29891,59.20248],[25.29893,59.20261]]},"properties":{"fclass":"stream","name":""}},
{"type":"Feature","geometry":{"type":"LineString","coordinates":[[25.29471,59.1996],[25.29473,59.19965]]},"properties":{"fclass":"stream","name":""}},
{"type":"Feature","geometry":{"type":"LineString","coordinates":[[25.68374,59.33976],[25.68379,59.33938],[25.6831,59.33902],[25.68313,59.33877]]},"properties":{"fclass":"stream","name":""}},
{"type":"Feature","geometry":{"type":"LineString","coordinates":[[25.34483,59.07466],[25.34576,59.0756]]},"properties":{"fclass":"stream","name":"Pirita jõgi"}},
{"type":"Feature","geometry":{"type":"LineString","coordinates":[[25.34473,59.07458],[25.34483,59.07466]]},"properties":{"fclass":"stream","name":"Pirita jõgi"}},
{"type":"Feature","geometry":{"type":"LineString","coordinates":[[26.4028,59.03355],[26.40288,59.03352]]},"properties":{"fclass":"river","name":""}},
{"type":"Feature","geometry":{"type":"LineString","coordinates":[[26.40288,59.03352],[26.40386,59.03308],[26.40469,59.03244]]},"properties":{"fclass":"river","name":""}},
{"type":"Feature","geometry":{"type":"LineString","coordinates":[[26.40261,59.04231],[26.40336,59.04198],[26.40327,59.04093],[26.4026,59.04034],[26.40213,59.04005],[26.40271,59.03933],[26.4026,59.03874],[26.402,59.03771],[26.40239,59.03664],[26.40243,59.03617],[26.4027,59.03525],[26.40386,59.03408]]},"properties":{"fclass":"river","name":""}},
{"type":"Feature","geometry":{"type":"LineString","coordinates":[[26.4026,59.03874],[26.40235,59.03869],[26.40108,59.03819],[26.40101,59.03805],[26.40165,59.03684],[26.40166,59.03671],[26.40107,59.03604],[26.40134,59.03528],[26.40124,59.03478],[26.40134,59.03451],[26.40199,59.03385],[26.4028,59.03355]]},"properties":{"fclass":"river","name":""}},
{"type":"Feature","geometry":{"type":"LineString","coordinates":[[25.22277,59.15136],[25.22163,59.15328],[25.22163,59.15363],[25.22188,59.15392],[25.22183,59.15422],[25.22136,59.15468],[25.22139,59.15478],[25.22222,59.15536]]},"properties":{"fclass":"stream","name":"Vardja oja"}},
{"type":"Feature","geometry":{"type":"LineString","coordinates":[[25.22282,59.15127],[25.22277,59.15136]]},"properties":{"fclass":"stream","name":"Vardja oja"}},
{"type":"Feature","geometry":{"type":"LineString","coordinates":[[25.22603,59.14701],[25.22354,59.14888],[25.22276,59.1495],[25.22281,59.15013],[25.2227,59.15039],[25.22308,59.15079],[25.22282,59.15127]]},"properties":{"fclass":"stream","name":"Vardja oja"}},
{"type":"Feature","geometry":{"type":"LineString","coordinates":[[26.14487,59.35263],[26.14557,59.35349],[26.14621,59.3541],[26.14781,59.35532],[26.14989,59.35686],[26.15026,59.35725],[26.15142,59.3589],[26.15241,59.36015],[26.15248,59.36036],[26.1522,59.36053]]},"properties":{"fclass":"stream","name":"Hulja oja"}},
{"type":"Feature","geometry":{"type":"LineString","coordinates":[[26.17249,59.36973],[26.17408,59.36973],[26.17585,59.36978],[26.18107,59.37],[26.18149,59.3701],[26.18395,59.37096],[26.18458,59.37115]]},"properties":{"fclass":"stream","name":"Hulja oja"}},
{"type":"Feature","geometry":{"type":"LineString","coordinates":[[26.1848,59.37119],[26.18774,59.37165],[26.19104,59.37215],[26.19319,59.37253],[26.19568,59.37301],[26.19655,59.37307],[26.19714,59.37296],[26.19776,59.37259]]},"properties":{"fclass":"stream","name":"Hulja oja"}},
{"type":"Feature","geometry":{"type":"LineString","coordinates":[[26.22631,59.37925],[26.22821,59.37917],[26.23082,59.37839],[26.23574,59.37763],[26.23823,59.37738],[26.24262,59.37667],[26.24297,59.3765],[26.24308,59.37628],[26.24404,59.37528],[26.24527,59.37391],[26.2459,59.37328],[26.2469,59.37204],[26.2477,59.37119]]},"properties":{"fclass":"stream","name":"Hulja oja"}},
{"type":"Feature","geometry":{"type":"LineString","coordinates":[[26.15208,59.36061],[26.1511,59.36125],[26.15174,59.36255],[26.15178,59.36274],[26.15281,59.36498],[26.15322,59.36582],[26.15385,59.36724],[26.15415,59.3673],[26.15962,59.3681],[26.16419,59.36879],[26.16599,59.36905],[26.16827,59.3694],[26.16957,59.36958],[26.17227,59.36973]]},"properties":{"fclass":"stream","name":"Hulja oja"}},
{"type":"Feature","geometry":{"type":"LineString","coordinates":[[26.19791,59.37251],[26.19814,59.37236],[26.1986,59.37171],[26.20033,59.36946],[26.20062,59.36919],[26.20157,59.36854],[26.20177,59.36833],[26.20278,59.3666],[26.20298,59.36633],[26.20348,59.3659],[26.20373,59.36579],[26.2053,59.36553]]},"properties":{"fclass":"stream","name":"Hulja oja"}},
{"type":"Feature","geometry":{"type":"LineString","coordinates":[[26.34609,59.35332],[26.34735,59.35358],[26.34774,59.3536],[26.34856,59.35376],[26.3493,59.35409]]},"properties":{"fclass":"stream","name":"Tobia pkr"}},
{"type":"Feature","geometry":{"type":"LineString","coordinates":[[26.34163,59.43086],[26.34011,59.43286]]},"properties":{"fclass":"stream","name":"Visuoja"}},
{"type":"Feature","geometry":{"type":"LineString","coordinates":[[26.34006,59.43293],[26.33734,59.43654],[26.33682,59.43673],[26.32828,59.43915],[26.3276,59.43938],[26.32743,59.43952],[26.32807,59.44118],[26.32835,59.4418],[26.32892,59.44325],[26.32962,59.44497],[26.32859,59.44563],[26.32916,59.446],[26.33028,59.44682],[26.33394,59.44794],[26.33449,59.44809],[26.33605,59.44862],[26.33855,59.44938],[26.33908,59.44957],[26.34172,59.4504],[26.343,59.45076],[26.34599,59.45073],[26.34648,59.45124],[26.34795,59.45288]]},"properties":{"fclass":"stream","name":"Visuoja"}},
{"type":"Feature","geometry":{"type":"LineString","coordinates":[[26.34795,59.45288],[26.34756,59.45315],[26.33911,59.45648],[26.33913,59.4566],[26.34112,59.45789],[26.34175,59.45834]]},"properties":{"fclass":"stream","name":"Visuoja"}},
{"type":"Feature","geometry":{"type":"LineString","coordinates":[[26.17227,59.36973],[26.17249,59.36973]]},"properties":{"fclass":"stream","name":""}},
{"type":"Feature","geometry":{"type":"LineString","coordinates":[[26.2053,59.36553],[26.20551,59.36549]]},"properties":{"fclass":"stream","name":""}},
{"type":"Feature","geometry":{"type":"LineString","coordinates":[[26.22616,59.37926],[26.22631,59.37925]]},"properties":{"fclass":"stream","name":""}},
{"type":"Feature","geometry":{"type":"LineString","coordinates":[[26.1522,59.36053],[26.15208,59.36061]]},"properties":{"fclass":"stream","name":""}},
{"type":"Feature","geometry":{"type":"LineString","coordinates":[[26.18458,59.37115],[26.1848,59.37119]]},"properties":{"fclass":"stream","name":""}},
{"type":"Feature","geometry":{"type":"LineString","coordinates":[[26.3493,59.35409],[26.34934,59.35445]]},"properties":{"fclass":"stream","name":""}},
{"type":"Feature","geometry":{"type":"LineString","coordinates":[[26.19776,59.37259],[26.19791,59.37251]]},"properties":{"fclass":"stream","name":""}},
{"type":"Feature","geometry":{"type":"LineString","coordinates":[[26.34011,59.43286],[26.34006,59.43293]]},"properties":{"fclass":"stream","name":""}},
{"type":"Feature","geometry":{"type":"LineString","coordinates":[[25.81474,59.37537],[25.81446,59.37537]]},"properties":{"fclass":"stream","name":"Härjakõrioja"}},
{"type":"Feature","geometry":{"type":"LineString","coordinates":[[25.81446,59.37537],[25.81336,59.37514],[25.81269,59.37514],[25.81158,59.37533],[25.81105,59.37548],[25.81104,59.37522],[25.81058,59.37528],[25.81031,59.37518],[25.81014,59.37492],[25.8097,59.37497],[25.80945,59.37467],[25.80905,59.37478],[25.80788,59.37461],[25.80738,59.37446],[25.80692,59.37453],[25.80668,59.37434],[25.80611,59.37437],[25.80601,59.37457],[25.80551,59.37446],[25.80537,59.37479],[25.80457,59.37482],[25.80427,59.37432],[25.80382,59.37424],[25.80379,59.37407],[25.80335,59.37401],[25.80316,59.37385],[25.80322,59.37348],[25.80288,59.37351],[25.80265,59.37332],[25.80221,59.37334]]},"properties":{"fclass":"stream","name":"Härjakõrioja"}},
{"type":"Feature","geometry":{"type":"LineString","coordinates":[[25.4629,59.37662],[25.46001,59.37649],[25.45992,59.37646],[25.46005,59.37495],[25.46035,59.37281],[25.46057,59.37078],[25.46078,59.36946],[25.46073,59.3693],[25.46026,59.36907],[25.45963,59.369],[25.45739,59.36894],[25.4566,59.3689],[25.45595,59.36872],[25.45496,59.36853],[25.45324,59.36856],[25.45109,59.36787],[25.45046,59.36809],[25.44983,59.3684],[25.44862,59.36867],[25.44771,59.3685],[25.44658,59.36835],[25.44612,59.36819],[25.44557,59.36788],[25.4453,59.36782],[25.44447,59.36801],[25.44416,59.36821],[25.44292,59.3684],[25.44213,59.36822],[25.4416,59.36799],[25.44092,59.36792],[25.43929,59.36758],[25.43892,59.36758],[25.43855,59.36773],[25.43729,59.36892],[25.43679,59.36918],[25.43558,59.3701],[25.43426,59.37069],[25.43376,59.37103],[25.43276,59.3713],[25.43185,59.37134],[25.43016,59.37114],[25.42962,59.37114]]},"properties":{"fclass":"stream","name":"Ruunoja"}},
{"type":"Feature","geometry":{"type":"LineString","coordinates":[[25.42616,59.37369],[25.42595,59.37438],[25.42653,59.37542],[25.42708,59.37572],[25.42723,59.3761],[25.42713,59.37626],[25.42745,59.3766],[25.42687,59.37724],[25.42698,59.37732]]},"properties":{"fclass":"stream","name":"Ruunoja"}},
{"type":"Feature","geometry":{"type":"LineString","coordinates":[[25.42856,59.37137],[25.42847,59.37142]]},"properties":{"fclass":"stream","name":""}},
{"type":"Feature","geometry":{"type":"LineString","coordinates":[[25.42962,59.37114],[25.42926,59.37128],[25.42856,59.37137]]},"properties":{"fclass":"stream","name":""}},
{"type":"Feature","geometry":{"type":"LineString","coordinates":[[25.42847,59.37142],[25.42807,59.37198],[25.42755,59.37257],[25.42711,59.37279],[25.42672,59.37311],[25.42616,59.37369]]},"properties":{"fclass":"stream","name":""}},
{"type":"Feature","geometry":{"type":"LineString","coordinates":[[25.59849,59.36309],[25.59161,59.36061],[25.58829,59.36082],[25.5881,59.36087],[25.57636,59.36296],[25.57542,59.3616],[25.57442,59.36024],[25.57335,59.35963],[25.57322,59.35945]]},"properties":{"fclass":"stream","name":"Raudoja"}},
{"type":"Feature","geometry":{"type":"LineString","coordinates":[[25.53975,59.35839],[25.53912,59.35865],[25.53715,59.3597],[25.53581,59.36014],[25.53504,59.35993],[25.53418,59.36013],[25.53172,59.36064],[25.52993,59.3611],[25.52825,59.36157],[25.52741,59.36157],[25.52607,59.36128],[25.52541,59.36118],[25.52439,59.36114],[25.52373,59.36132],[25.52255,59.36222],[25.52203,59.36249],[25.52071,59.36272],[25.51891,59.3628],[25.5171,59.36274],[25.51648,59.36265],[25.51429,59.36272],[25.51373,59.36277],[25.5127,59.363],[25.51235,59.3632],[25.51212,59.36362],[25.51216,59.36385]]},"properties":{"fclass":"stream","name":"Raudoja"}},
{"type":"Feature","geometry":{"type":"LineString","coordinates":[[25.57168,59.3588],[25.57145,59.35876],[25.57071,59.35842],[25.56913,59.35779]]},"properties":{"fclass":"stream","name":"Raudoja"}},
{"type":"Feature","geometry":{"type":"LineString","coordinates":[[25.51211,59.36398],[25.51177,59.36421],[25.51127,59.36428],[25.5105,59.36423],[25.50983,59.36429],[25.50914,59.36421],[25.50869,59.36409],[25.50769,59.36414],[25.50721,59.36429],[25.5066,59.36462],[25.50433,59.36496],[25.50379,59.36514],[25.50348,59.36547],[25.50284,59.36573],[25.50249,59.36599],[25.50026,59.36615],[25.4997,59.36624],[25.49834,59.36678],[25.49697,59.36741],[25.49663,59.36763],[25.49656,59.36786],[25.49663,59.36832],[25.49641,59.36855],[25.49578,59.36896],[25.49488,59.36948],[25.49476,59.36962],[25.49483,59.37002],[25.49442,59.37071],[25.49444,59.37093],[25.49396,59.37121],[25.49366,59.37105],[25.49333,59.37116],[25.49348,59.37149],[25.49383,59.37169],[25.49351,59.37195],[25.4938,59.37221],[25.49381,59.37254],[25.49327,59.37258],[25.4935,59.37295],[25.49292,59.37307],[25.49227,59.37301],[25.49256,59.37337],[25.49223,59.37361],[25.49208,59.37395],[25.49178,59.37398],[25.49125,59.37423],[25.49103,59.37418],[25.49012,59.37442],[25.48995,59.37466],[25.48941,59.37498],[25.48857,59.37488],[25.48868,59.37508],[25.48819,59.37508],[25.48759,59.37534],[25.48696,59.37517],[25.48677,59.37503],[25.48638,59.37536],[25.48617,59.37571],[25.48551,59.37575],[25.48501,59.37562],[25.48437,59.37566],[25.48433,59.37586],[25.4847,59.37607],[25.48465,59.37635],[25.48393,59.37651],[25.48327,59.3769],[25.48223,59.37699],[25.48089,59.37747],[25.48015,59.37788],[25.47949,59.37811],[25.47881,59.37816],[25.47816,59.37807]]},"properties":{"fclass":"stream","name":"Raudoja"}},
{"type":"Feature","geometry":{"type":"LineString","coordinates":[[25.57295,59.35932],[25.57181,59.35886]]},"properties":{"fclass":"stream","name":"Raudoja"}},
{"type":"Feature","geometry":{"type":"LineString","coordinates":[[25.4622,59.37957],[25.46096,59.38011],[25.46061,59.38054],[25.46035,59.3806]]},"properties":{"fclass":"stream","name":"Raudoja"}},
{"type":"Feature","geometry":{"type":"LineString","coordinates":[[25.55643,59.3568],[25.55493,59.35647],[25.55222,59.35614],[25.55009,59.35602],[25.5497,59.35605],[25.54903,59.35631],[25.54856,59.35632],[25.54723,59.35662],[25.54628,59.35659],[25.54509,59.3569],[25.54421,59.35688],[25.54218,59.35738],[25.54091,59.35792],[25.54031,59.35813],[25.53996,59.3584]]},"properties":{"fclass":"stream","name":"Raudoja"}},
{"type":"Feature","geometry":{"type":"LineString","coordinates":[[25.56896,59.35772],[25.56628,59.35662],[25.56618,59.35669],[25.56432,59.35674],[25.56322,59.3568],[25.56186,59.35663],[25.55964,59.35674],[25.55662,59.35681]]},"properties":{"fclass":"stream","name":"Raudoja"}},
{"type":"Feature","geometry":{"type":"LineString","coordinates":[[25.46274,59.37928],[25.4622,59.37957]]},"properties":{"fclass":"stream","name":""}},
{"type":"Feature","geometry":{"type":"LineString","coordinates":[[25.47816,59.37807],[25.47801,59.37806]]},"properties":{"fclass":"stream","name":""}},
{"type":"Feature","geometry":{"type":"LineString","coordinates":[[25.57322,59.35945],[25.57295,59.35932]]},"properties":{"fclass":"stream","name":""}},
{"type":"Feature","geometry":{"type":"LineString","coordinates":[[25.56913,59.35779],[25.56896,59.35772]]},"properties":{"fclass":"stream","name":""}},
{"type":"Feature","geometry":{"type":"LineString","coordinates":[[25.51216,59.36385],[25.51211,59.36398]]},"properties":{"fclass":"stream","name":""}},
{"type":"Feature","geometry":{"type":"LineString","coordinates":[[25.53996,59.3584],[25.53975,59.35839]]},"properties":{"fclass":"stream","name":""}},
{"type":"Feature","geometry":{"type":"LineString","coordinates":[[25.55662,59.35681],[25.55643,59.3568]]},"properties":{"fclass":"stream","name":""}},
{"type":"Feature","geometry":{"type":"LineString","coordinates":[[25.57181,59.35886],[25.57168,59.3588]]},"properties":{"fclass":"stream","name":""}},
{"type":"Feature","geometry":{"type":"LineString","coordinates":[[25.47801,59.37806],[25.47689,59.3781],[25.47545,59.37825],[25.47441,59.37832],[25.4733,59.37857],[25.47193,59.3791],[25.4712,59.37929],[25.46902,59.37955],[25.46811,59.37947],[25.46682,59.37909],[25.46646,59.37889],[25.466,59.37849],[25.46496,59.37846],[25.46373,59.37869],[25.46274,59.37928]]},"properties":{"fclass":"stream","name":""}},
{"type":"Feature","geometry":{"type":"LineString","coordinates":[[26.43792,59.00955],[26.43851,59.00915],[26.43891,59.00879],[26.43907,59.00845],[26.43997,59.00692]]},"properties":{"fclass":"canal","name":""}},
{"type":"Feature","geometry":{"type":"LineString","coordinates":[[26.341,59.01364],[26.34524,59.01201],[26.34694,59.01133],[26.34821,59.01077],[26.34896,59.01001],[26.35043,59.0086],[26.35223,59.00692],[26.35301,59.0061],[26.35405,59.00493],[26.35446,59.00454],[26.35549,59.00374],[26.35779,59.00184],[26.36324,58.99739],[26.36401,58.9968],[26.36886,58.99599],[26.37392,58.99509],[26.37734,58.99452],[26.38097,58.99387],[26.3864,58.99293],[26.38866,58.99409],[26.38927,58.99446],[26.38995,58.99471],[26.39281,58.99498],[26.39315,58.99499],[26.39592,58.99526],[26.40035,58.99563],[26.40069,58.99562],[26.40399,58.99595],[26.41262,58.99676],[26.41308,58.99684],[26.41702,58.99866],[26.418,59.00047],[26.41958,59.0036],[26.42039,59.00527],[26.42052,59.00536],[26.42217,59.00548],[26.4256,59.00574],[26.42684,59.0057]]},"properties":{"fclass":"stream","name":"Karaski jõgi"}},
{"type":"Feature","geometry":{"type":"LineString","coordinates":[[26.42709,59.0057],[26.4303,59.00571],[26.43596,59.00572],[26.43619,59.00576],[26.4383,59.00682],[26.43957,59.00693],[26.43997,59.00692]]},"properties":{"fclass":"stream","name":"Karaski jõgi"}},
{"type":"Feature","geometry":{"type":"LineString","coordinates":[[26.33939,59.01427],[26.3408,59.01372]]},"properties":{"fclass":"stream","name":"Karaski jõgi"}},
{"type":"Feature","geometry":{"type":"LineString","coordinates":[[26.32963,59.019],[26.33459,59.01663],[26.33939,59.01437],[26.33931,59.0143]]},"properties":{"fclass":"stream","name":"Karaski jõgi"}},
{"type":"Feature","geometry":{"type":"LineString","coordinates":[[26.43997,59.00692],[26.44062,59.00578],[26.4405,59.00535]]},"properties":{"fclass":"canal","name":"Karaski jõgi"}},
{"type":"Feature","geometry":{"type":"LineString","coordinates":[[26.42684,59.0057],[26.42709,59.0057]]},"properties":{"fclass":"stream","name":""}},
{"type":"Feature","geometry":{"type":"LineString","coordinates":[[26.3408,59.01372],[26.341,59.01364]]},"properties":{"fclass":"stream","name":""}},
{"type":"Feature","geometry":{"type":"LineString","coordinates":[[26.33931,59.0143],[26.33939,59.01427]]},"properties":{"fclass":"stream","name":""}},
{"type":"Feature","geometry":{"type":"LineString","coordinates":[[25.29288,59.10056],[25.29091,59.10214],[25.28992,59.10256],[25.28964,59.1026]]},"properties":{"fclass":"stream","name":"Kaustajõgi"}},
{"type":"Feature","geometry":{"type":"LineString","coordinates":[[25.29875,59.09927],[25.29691,59.1003],[25.29491,59.10043],[25.29352,59.10036],[25.29293,59.10053]]},"properties":{"fclass":"stream","name":"Kaustajõgi"}},
{"type":"Feature","geometry":{"type":"LineString","coordinates":[[25.21188,59.12323],[25.21136,59.12313],[25.21115,59.12294],[25.21012,59.12266],[25.20971,59.12242],[25.2093,59.12271],[25.20937,59.12288],[25.20885,59.12297],[25.20871,59.12339],[25.20841,59.12351],[25.20796,59.12349],[25.20747,59.12357],[25.20744,59.12386],[25.20696,59.12389],[25.20696,59.12412],[25.20658,59.12413],[25.20623,59.12435],[25.20603,59.12399],[25.20562,59.1239],[25.20512,59.12404]]},"properties":{"fclass":"stream","name":"Kaustajõgi"}},
{"type":"Feature","geometry":{"type":"LineString","coordinates":[[25.21864,59.12121],[25.21791,59.12155],[25.21705,59.12145],[25.21694,59.12183],[25.21664,59.12209],[25.21617,59.12191],[25.21579,59.12209],[25.2153,59.12194],[25.21487,59.12199],[25.21464,59.12213],[25.21458,59.12255],[25.21386,59.12241],[25.21303,59.1226],[25.21261,59.12304],[25.21228,59.12297],[25.212,59.12321]]},"properties":{"fclass":"stream","name":"Kaustajõgi"}},
{"type":"Feature","geometry":{"type":"LineString","coordinates":[[25.28858,59.10308],[25.28682,59.10392],[25.28638,59.10407],[25.28538,59.1041],[25.28442,59.10356]]},"properties":{"fclass":"stream","name":"Kaustajõgi"}},
{"type":"Feature","geometry":{"type":"LineString","coordinates":[[25.28437,59.10353],[25.28338,59.10296],[25.28111,59.10276],[25.28038,59.10273],[25.27956,59.10276],[25.27833,59.10296],[25.27701,59.10346],[25.27618,59.10368],[25.27529,59.10416],[25.27468,59.10431]]},"properties":{"fclass":"stream","name":"Kaustajõgi"}},
{"type":"Feature","geometry":{"type":"LineString","coordinates":[[25.2266,59.11829],[25.22525,59.11828],[25.22501,59.11844],[25.22273,59.11932],[25.22125,59.11923],[25.22095,59.11936],[25.21983,59.11999],[25.21937,59.12041],[25.21909,59.12102],[25.21884,59.12121]]},"properties":{"fclass":"stream","name":"Kaustajõgi"}},
{"type":"Feature","geometry":{"type":"LineString","coordinates":[[25.29939,59.09369],[25.29933,59.09396],[25.30183,59.09634],[25.30187,59.09652],[25.30165,59.097],[25.30093,59.0979],[25.29886,59.0992]]},"properties":{"fclass":"stream","name":"Kaustajõgi"}},
{"type":"Feature","geometry":{"type":"LineString","coordinates":[[25.2746,59.10433],[25.27365,59.10456],[25.2729,59.10486],[25.27129,59.1057],[25.26918,59.10676],[25.26642,59.10821],[25.26656,59.10859],[25.26654,59.10887],[25.26601,59.1093],[25.2646,59.10961],[25.26371,59.10955],[25.26182,59.11028],[25.25797,59.11171],[25.25742,59.11167],[25.25612,59.11143],[25.2485,59.11004],[25.24539,59.11133],[25.24394,59.11196],[25.24344,59.1118],[25.24183,59.11228],[25.24022,59.11282],[25.23577,59.11424],[25.23397,59.11484],[25.23214,59.11525],[25.232,59.11533],[25.2322,59.11635],[25.23181,59.11652],[25.22893,59.1175],[25.22679,59.11826]]},"properties":{"fclass":"stream","name":"Kaustajõgi"}},
{"type":"Feature","geometry":{"type":"LineString","coordinates":[[25.30105,59.43599],[25.29975,59.4389],[25.30016,59.44053],[25.30005,59.4406],[25.29534,59.44034]]},"properties":{"fclass":"stream","name":"Kodasoo oja"}},
{"type":"Feature","geometry":{"type":"LineString","coordinates":[[25.31175,59.42641],[25.3151,59.42716],[25.31506,59.42732],[25.31455,59.4279],[25.31372,59.42932],[25.31211,59.4318],[25.31149,59.43239],[25.3107,59.43306],[25.3103,59.43313],[25.30748,59.43344]]},"properties":{"fclass":"stream","name":"Kodasoo oja"}},
{"type":"Feature","geometry":{"type":"LineString","coordinates":[[25.27486,59.44687],[25.27399,59.44757],[25.27282,59.44843],[25.27194,59.44888],[25.27147,59.44898]]},"properties":{"fclass":"stream","name":"Kodasoo oja"}},
{"type":"Feature","geometry":{"type":"LineString","coordinates":[[25.2952,59.44033],[25.29495,59.44049]]},"properties":{"fclass":"stream","name":"Kodasoo oja"}},
{"type":"Feature","geometry":{"type":"LineString","coordinates":[[25.27129,59.44897],[25.26741,59.44937],[25.26688,59.44951],[25.26452,59.45072],[25.2636,59.45098],[25.26292,59.45106],[25.26107,59.45154],[25.26073,59.45214],[25.26092,59.45249],[25.25988,59.45279],[25.25903,59.45281],[25.25783,59.45266],[25.25707,59.45247],[25.25626,59.45259],[25.25583,59.4524],[25.25534,59.4525],[25.2553,59.45231],[25.25449,59.45229],[25.25416,59.45202],[25.25363,59.45197],[25.25347,59.45186],[25.25256,59.45194],[25.25198,59.45205],[25.25183,59.45234],[25.25096,59.4523],[25.25046,59.45208],[25.24972,59.45159],[25.24923,59.45147],[25.24755,59.45088],[25.24767,59.45071],[25.24721,59.45046],[25.24649,59.45048],[25.24611,59.45024],[25.24572,59.45029],[25.24519,59.45007],[25.24467,59.45],[25.24441,59.44976],[25.24441,59.44951],[25.24383,59.44945],[25.24282,59.44908],[25.24278,59.44891],[25.2424,59.44875],[25.24169,59.44865],[25.24217,59.4481],[25.24254,59.44756],[25.2423,59.44725],[25.2418,59.44693]]},"properties":{"fclass":"stream","name":"Kodasoo oja"}},
{"type":"Feature","geometry":{"type":"LineString","coordinates":[[25.2949,59.44087],[25.29487,59.441],[25.29323,59.44109],[25.29253,59.44126],[25.29197,59.44153],[25.29162,59.44189],[25.29134,59.44238],[25.29127,59.44271],[25.29033,59.44326],[25.29001,59.44324],[25.2887,59.44289],[25.28817,59.44306],[25.28707,59.44318],[25.28603,59.44303],[25.28286,59.4432],[25.28125,59.4439],[25.27833,59.44527],[25.27673,59.44596],[25.27496,59.44681]]},"properties":{"fclass":"stream","name":"Kodasoo oja"}},
{"type":"Feature","geometry":{"type":"LineString","coordinates":[[25.30733,59.43346],[25.30513,59.43369],[25.30175,59.43449],[25.30111,59.43582]]},"properties":{"fclass":"stream","name":"Kodasoo oja"}},
{"type":"Feature","geometry":{"type":"LineString","coordinates":[[25.29886,59.0992],[25.29875,59.09927]]},"properties":{"fclass":"stream","name":""}},
{"type":"Feature","geometry":{"type":"LineString","coordinates":[[25.21884,59.12121],[25.21864,59.12121]]},"properties":{"fclass":"stream","name":""}},
{"type":"Feature","geometry":{"type":"LineString","coordinates":[[25.29495,59.44049],[25.2949,59.44087]]},"properties":{"fclass":"stream","name":""}},
{"type":"Feature","geometry":{"type":"LineString","coordinates":[[25.30748,59.43344],[25.30733,59.43346]]},"properties":{"fclass":"stream","name":""}},
{"type":"Feature","geometry":{"type":"LineString","coordinates":[[25.22679,59.11826],[25.2266,59.11829]]},"properties":{"fclass":"stream","name":""}},
{"type":"Feature","geometry":{"type":"LineString","coordinates":[[25.27496,59.44681],[25.27486,59.44687]]},"properties":{"fclass":"stream","name":""}},
{"type":"Feature","geometry":{"type":"LineString","coordinates":[[25.30111,59.43582],[25.30105,59.43599]]},"properties":{"fclass":"stream","name":""}},
{"type":"Feature","geometry":{"type":"LineString","coordinates":[[25.28871,59.10302],[25.28858,59.10308]]},"properties":{"fclass":"stream","name":""}},
{"type":"Feature","geometry":{"type":"LineString","coordinates":[[25.28442,59.10356],[25.28437,59.10353]]},"properties":{"fclass":"stream","name":""}},
{"type":"Feature","geometry":{"type":"LineString","coordinates":[[25.212,59.12321],[25.21188,59.12323]]},"properties":{"fclass":"stream","name":""}},
{"type":"Feature","geometry":{"type":"LineString","coordinates":[[25.27468,59.10431],[25.2746,59.10433]]},"properties":{"fclass":"stream","name":""}},
{"type":"Feature","geometry":{"type":"LineString","coordinates":[[25.29293,59.10053],[25.29288,59.10056]]},"properties":{"fclass":"stream","name":""}},
{"type":"Feature","geometry":{"type":"LineString","coordinates":[[25.27147,59.44898],[25.27129,59.44897]]},"properties":{"fclass":"stream","name":""}},
{"type":"Feature","geometry":{"type":"LineString","coordinates":[[25.28964,59.1026],[25.28871,59.10302]]},"properties":{"fclass":"stream","name":""}},
{"type":"Feature","geometry":{"type":"LineString","coordinates":[[25.29534,59.44034],[25.2952,59.44033]]},"properties":{"fclass":"stream","name":""}},
{"type":"Feature","geometry":{"type":"LineString","coordinates":[[25.89777,59.40543],[25.89773,59.40558],[25.89728,59.4058],[25.89649,59.40604],[25.8959,59.40653],[25.89573,59.40652],[25.89506,59.40688],[25.89478,59.40712],[25.89217,59.40795],[25.89123,59.40841],[25.8899,59.40891],[25.88972,59.40921],[25.8894,59.4093],[25.88899,59.40961],[25.88852,59.40966],[25.88751,59.41001],[25.88719,59.40997],[25.8863,59.41012],[25.88556,59.41037],[25.88465,59.41166],[25.88438,59.41234],[25.88438,59.41268],[25.88493,59.41337],[25.88522,59.41361],[25.88533,59.41394]]},"properties":{"fclass":"stream","name":"Kõnnu oja"}},
{"type":"Feature","geometry":{"type":"LineString","coordinates":[[25.89707,59.39966],[25.8969,59.40008],[25.89693,59.40097],[25.89702,59.4012],[25.89765,59.4019],[25.898,59.40255],[25.89842,59.40312],[25.8987,59.40335],[25.89862,59.40362],[25.89806,59.40403]]},"properties":{"fclass":"stream","name":"Kõnnu oja"}},
{"type":"Feature","geometry":{"type":"LineString","coordinates":[[25.88543,59.41398],[25.88561,59.41408],[25.88598,59.41478],[25.88663,59.41545],[25.88772,59.41623],[25.88787,59.41643],[25.88877,59.41716],[25.88947,59.41837],[25.89046,59.41947],[25.89185,59.42084],[25.89408,59.42317],[25.89486,59.42383],[25.89546,59.42417],[25.89669,59.4248],[25.89707,59.42528],[25.89694,59.42567],[25.89718,59.42723],[25.89726,59.4274]]},"properties":{"fclass":"stream","name":"Kõnnu oja"}},
{"type":"Feature","geometry":{"type":"LineString","coordinates":[[25.91114,59.38918],[25.91136,59.39133],[25.91148,59.392],[25.91086,59.39242],[25.9103,59.39246],[25.90969,59.39269],[25.90906,59.39275],[25.90821,59.39271],[25.9078,59.39259],[25.90745,59.39274],[25.90591,59.39282],[25.90518,59.39277],[25.90461,59.39282],[25.90347,59.39251],[25.90296,59.39299],[25.9026,59.39321],[25.90187,59.39338],[25.90098,59.39383]]},"properties":{"fclass":"stream","name":"Kõnnu oja"}},
{"type":"Feature","geometry":{"type":"LineString","coordinates":[[25.9009,59.39388],[25.90043,59.39472],[25.90028,59.39544],[25.8998,59.39618],[25.8989,59.39654],[25.89872,59.39706],[25.89844,59.39739],[25.89803,59.39744],[25.89752,59.39782],[25.89729,59.39818],[25.89733,59.39832],[25.89706,59.39859],[25.89725,59.39876],[25.89715,59.39953]]},"properties":{"fclass":"stream","name":"Kõnnu oja"}},
{"type":"Feature","geometry":{"type":"LineString","coordinates":[[25.89781,59.40538],[25.89777,59.40543]]},"properties":{"fclass":"stream","name":""}},
{"type":"Feature","geometry":{"type":"LineString","coordinates":[[25.90098,59.39383],[25.9009,59.39388]]},"properties":{"fclass":"stream","name":""}},
{"type":"Feature","geometry":{"type":"LineString","coordinates":[[25.89715,59.39953],[25.89707,59.39966]]},"properties":{"fclass":"stream","name":""}},
{"type":"Feature","geometry":{"type":"LineString","coordinates":[[25.88533,59.41394],[25.88543,59.41398]]},"properties":{"fclass":"stream","name":""}},
{"type":"Feature","geometry":{"type":"LineString","coordinates":[[25.89806,59.40403],[25.89761,59.40465],[25.89796,59.40503],[25.89781,59.40538]]},"properties":{"fclass":"stream","name":""}},
{"type":"Feature","geometry":{"type":"LineString","coordinates":[[26.09607,58.97997],[26.09609,58.97985]]},"properties":{"fclass":"river","name":""}},
{"type":"Feature","geometry":{"type":"LineString","coordinates":[[25.52499,59.43656],[25.52251,59.43614],[25.52213,59.43624],[25.52143,59.43729],[25.52098,59.43764]]},"properties":{"fclass":"stream","name":"Kursi oja"}},
{"type":"Feature","geometry":{"type":"LineString","coordinates":[[25.52088,59.43771],[25.52074,59.43775],[25.5187,59.43789],[25.51806,59.43842],[25.51789,59.43891],[25.5183,59.43917],[25.51825,59.43936]]},"properties":{"fclass":"stream","name":"Kursi oja"}},
{"type":"Feature","geometry":{"type":"LineString","coordinates":[[25.51407,59.44678],[25.51425,59.44693],[25.51405,59.44714],[25.5145,59.44719],[25.51443,59.44738],[25.5149,59.44741],[25.51511,59.4476],[25.51478,59.44784],[25.51517,59.44804],[25.51485,59.44831],[25.51457,59.44833],[25.51451,59.44857],[25.51425,59.44867],[25.5142,59.44897],[25.51457,59.44905],[25.5146,59.44963],[25.51446,59.44996],[25.51473,59.45005],[25.51469,59.45044],[25.51496,59.45067],[25.51482,59.45084],[25.51545,59.45138]]},"properties":{"fclass":"stream","name":"Kursi oja"}},
{"type":"Feature","geometry":{"type":"LineString","coordinates":[[25.51465,59.44231],[25.51451,59.44286],[25.51434,59.44313],[25.5137,59.44335],[25.51355,59.44361],[25.51358,59.44397],[25.51345,59.44464],[25.51351,59.44487],[25.51396,59.44502],[25.51391,59.44524],[25.51427,59.4455],[25.51397,59.44564],[25.51408,59.44614]]},"properties":{"fclass":"stream","name":"Kursi oja"}},
{"type":"Feature","geometry":{"type":"LineString","coordinates":[[25.51569,59.4546],[25.51561,59.45486],[25.5152,59.45495],[25.51516,59.45509],[25.51395,59.4553],[25.51327,59.45514]]},"properties":{"fclass":"stream","name":"Kursi oja"}},
{"type":"Feature","geometry":{"type":"LineString","coordinates":[[25.53149,59.42695],[25.53027,59.42881]]},"properties":{"fclass":"stream","name":"Kursi oja"}},
{"type":"Feature","geometry":{"type":"LineString","coordinates":[[25.53023,59.42889],[25.5279,59.43244],[25.52521,59.4366],[25.52515,59.43658]]},"properties":{"fclass":"stream","name":"Kursi oja"}},
{"type":"Feature","geometry":{"type":"LineString","coordinates":[[25.51546,59.45143],[25.5154,59.45173],[25.51561,59.45253],[25.5159,59.45265],[25.51585,59.45301],[25.51547,59.45308],[25.51502,59.45371],[25.5155,59.45391],[25.51577,59.45424],[25.5157,59.45455]]},"properties":{"fclass":"stream","name":"Kursi oja"}},
{"type":"Feature","geometry":{"type":"LineString","coordinates":[[25.51545,59.45138],[25.51546,59.45143]]},"properties":{"fclass":"stream","name":""}},
{"type":"Feature","geometry":{"type":"LineString","coordinates":[[25.52515,59.43658],[25.52499,59.43656]]},"properties":{"fclass":"stream","name":""}},
{"type":"Feature","geometry":{"type":"LineString","coordinates":[[25.5157,59.45455],[25.51569,59.4546]]},"properties":{"fclass":"stream","name":""}},
{"type":"Feature","geometry":{"type":"LineString","coordinates":[[25.52098,59.43764],[25.52088,59.43771]]},"properties":{"fclass":"stream","name":""}},
{"type":"Feature","geometry":{"type":"LineString","coordinates":[[25.5141,59.4467],[25.51407,59.44678]]},"properties":{"fclass":"stream","name":""}},
{"type":"Feature","geometry":{"type":"LineString","coordinates":[[25.51825,59.43936],[25.51822,59.43948]]},"properties":{"fclass":"stream","name":""}},
{"type":"Feature","geometry":{"type":"LineString","coordinates":[[25.53027,59.42881],[25.53023,59.42889]]},"properties":{"fclass":"stream","name":""}},
{"type":"Feature","geometry":{"type":"LineString","coordinates":[[25.21286,59.19459],[25.21098,59.19517],[25.21086,59.19524],[25.21144,59.19604],[25.20896,59.1968]]},"properties":{"fclass":"stream","name":"Rahksoon"}},
{"type":"Feature","geometry":{"type":"LineString","coordinates":[[25.20882,59.19685],[25.20413,59.19827],[25.20377,59.19843],[25.20338,59.19913],[25.19938,59.20035],[25.19725,59.20103],[25.19701,59.20104],[25.19656,59.20081]]},"properties":{"fclass":"stream","name":"Rahksoon"}},
{"type":"Feature","geometry":{"type":"LineString","coordinates":[[25.37079,59.14775],[25.37012,59.14794],[25.36593,59.14947],[25.36559,59.14956],[25.36185,59.14868],[25.36155,59.1485],[25.3595,59.14677]]},"properties":{"fclass":"canal","name":"Sepakanal"}},
{"type":"Feature","geometry":{"type":"LineString","coordinates":[[25.34291,59.14457],[25.34244,59.14463],[25.33852,59.14501],[25.33597,59.1447],[25.33576,59.14476],[25.33452,59.14547],[25.33314,59.14548]]},"properties":{"fclass":"canal","name":"Sepakanal"}},
{"type":"Feature","geometry":{"type":"LineString","coordinates":[[25.38038,59.14267],[25.37386,59.14631],[25.37241,59.1471],[25.37108,59.14759],[25.3709,59.14771]]},"properties":{"fclass":"canal","name":"Sepakanal"}},
{"type":"Feature","geometry":{"type":"LineString","coordinates":[[25.33299,59.14551],[25.33132,59.14585],[25.32998,59.14574],[25.32849,59.14555],[25.32725,59.14524],[25.32633,59.14518],[25.32329,59.14509]]},"properties":{"fclass":"canal","name":"Sepakanal"}},
{"type":"Feature","geometry":{"type":"LineString","coordinates":[[25.35171,59.14567],[25.34984,59.14512],[25.34849,59.14454],[25.34811,59.14432],[25.34704,59.14383],[25.34549,59.14329],[25.34495,59.1433],[25.34448,59.14355],[25.34298,59.14451]]},"properties":{"fclass":"canal","name":"Sepakanal"}},
{"type":"Feature","geometry":{"type":"LineString","coordinates":[[25.35937,59.14667],[25.35889,59.14624],[25.3583,59.14608],[25.35622,59.14627]]},"properties":{"fclass":"canal","name":"Sepakanal"}},
{"type":"Feature","geometry":{"type":"LineString","coordinates":[[25.35601,59.14628],[25.35425,59.14639],[25.35188,59.14571]]},"properties":{"fclass":"canal","name":"Sepakanal"}},
{"type":"Feature","geometry":{"type":"LineString","coordinates":[[25.22228,59.15539],[25.22292,59.15564],[25.22314,59.15598],[25.22283,59.15621],[25.22288,59.15658],[25.22247,59.1569],[25.22267,59.15732],[25.2224,59.15769],[25.22182,59.1578],[25.22157,59.15802],[25.22103,59.15825],[25.22112,59.15845],[25.22064,59.15914],[25.22026,59.15923],[25.22007,59.15941],[25.22062,59.15964],[25.22043,59.15983],[25.22002,59.15986],[25.22002,59.16012]]},"properties":{"fclass":"stream","name":"Vardja oja"}},
{"type":"Feature","geometry":{"type":"LineString","coordinates":[[25.22007,59.16031],[25.22002,59.16042],[25.21883,59.16095],[25.21845,59.16141],[25.21883,59.1616],[25.21851,59.16202],[25.21826,59.16212],[25.21844,59.1625],[25.21844,59.16302],[25.21871,59.16332],[25.21815,59.16363],[25.2184,59.16374],[25.21903,59.16424],[25.21848,59.16446],[25.2187,59.16464],[25.21782,59.16542],[25.2175,59.1656],[25.21719,59.1655],[25.2167,59.16628],[25.21665,59.16656],[25.21698,59.16672],[25.21663,59.1672],[25.21584,59.16744],[25.2158,59.16774],[25.21595,59.16827]]},"properties":{"fclass":"stream","name":"Vardja oja"}},
{"type":"Feature","geometry":{"type":"LineString","coordinates":[[25.21211,59.17226],[25.2099,59.17306],[25.20944,59.17352],[25.20871,59.17364],[25.20861,59.17388],[25.20822,59.17403],[25.20802,59.17448],[25.20699,59.17481],[25.20605,59.17498],[25.20568,59.17545],[25.20545,59.17553],[25.20523,59.17582],[25.20491,59.17594],[25.20442,59.17598],[25.20396,59.17582],[25.20369,59.17602],[25.20286,59.17573],[25.20239,59.17575],[25.20218,59.17599],[25.20156,59.17613],[25.20169,59.17651],[25.20088,59.17641],[25.20024,59.17668],[25.19947,59.17726],[25.1992,59.17767],[25.19811,59.17793],[25.19775,59.17812]]},"properties":{"fclass":"stream","name":"Vardja oja"}},
{"type":"Feature","geometry":{"type":"LineString","coordinates":[[25.23134,59.14312],[25.22778,59.14573],[25.22716,59.14623],[25.22613,59.14694]]},"properties":{"fclass":"stream","name":"Vardja oja"}},
{"type":"Feature","geometry":{"type":"LineString","coordinates":[[25.22222,59.15536],[25.22228,59.15539]]},"properties":{"fclass":"stream","name":""}},
{"type":"Feature","geometry":{"type":"LineString","coordinates":[[25.22613,59.14694],[25.22603,59.14701]]},"properties":{"fclass":"stream","name":""}},
{"type":"Feature","geometry":{"type":"LineString","coordinates":[[25.35188,59.14571],[25.35171,59.14567]]},"properties":{"fclass":"canal","name":""}},
{"type":"Feature","geometry":{"type":"LineString","coordinates":[[25.21227,59.1722],[25.21211,59.17226]]},"properties":{"fclass":"stream","name":""}},
{"type":"Feature","geometry":{"type":"LineString","coordinates":[[25.38073,59.14254],[25.38038,59.14267]]},"properties":{"fclass":"canal","name":""}},
{"type":"Feature","geometry":{"type":"LineString","coordinates":[[25.20896,59.1968],[25.20882,59.19685]]},"properties":{"fclass":"stream","name":""}},
{"type":"Feature","geometry":{"type":"LineString","coordinates":[[25.3595,59.14677],[25.35937,59.14667]]},"properties":{"fclass":"canal","name":""}},
{"type":"Feature","geometry":{"type":"LineString","coordinates":[[25.22002,59.16012],[25.22007,59.16031]]},"properties":{"fclass":"stream","name":""}},
{"type":"Feature","geometry":{"type":"LineString","coordinates":[[25.35622,59.14627],[25.35601,59.14628]]},"properties":{"fclass":"canal","name":""}},
{"type":"Feature","geometry":{"type":"LineString","coordinates":[[25.38079,59.14253],[25.38073,59.14254]]},"properties":{"fclass":"canal","name":""}},
{"type":"Feature","geometry":{"type":"LineString","coordinates":[[25.34298,59.14451],[25.34291,59.14457]]},"properties":{"fclass":"canal","name":""}},
{"type":"Feature","geometry":{"type":"LineString","coordinates":[[25.33314,59.14548],[25.33299,59.14551]]},"properties":{"fclass":"canal","name":""}},
{"type":"Feature","geometry":{"type":"LineString","coordinates":[[25.3709,59.14771],[25.37079,59.14775]]},"properties":{"fclass":"canal","name":""}},
{"type":"Feature","geometry":{"type":"LineString","coordinates":[[25.66726,59.06072],[25.66677,59.06078],[25.66536,59.06127],[25.66492,59.06173]]},"properties":{"fclass":"stream","name":"Kihme oja"}},
{"type":"Feature","geometry":{"type":"LineString","coordinates":[[25.68083,59.07128],[25.68046,59.07104],[25.67984,59.07086],[25.67961,59.07091],[25.67889,59.07072],[25.6788,59.07061],[25.67753,59.07032],[25.67671,59.07024],[25.67641,59.07013],[25.67623,59.06974],[25.67576,59.06954],[25.67535,59.06951],[25.67489,59.06968],[25.67382,59.06982],[25.67362,59.06951],[25.67328,59.06924],[25.67289,59.0692],[25.67202,59.06963],[25.67158,59.06949],[25.67157,59.06919],[25.67112,59.06911],[25.67076,59.06933],[25.67045,59.06934],[25.66978,59.06875],[25.66975,59.06853],[25.67017,59.06836],[25.67035,59.06787],[25.67013,59.06766],[25.66946,59.06736],[25.6692,59.06687],[25.6694,59.06647],[25.66985,59.06614],[25.66998,59.06591],[25.66981,59.06529],[25.67018,59.06483],[25.67021,59.06462],[25.66948,59.06403],[25.66759,59.06359]]},"properties":{"fclass":"stream","name":"Kihme oja"}},
{"type":"Feature","geometry":{"type":"LineString","coordinates":[[25.6809,59.07135],[25.68087,59.07133]]},"properties":{"fclass":"stream","name":"Kihme oja"}},
{"type":"Feature","geometry":{"type":"LineString","coordinates":[[25.66757,59.06352],[25.66751,59.06328],[25.6678,59.06302],[25.66704,59.06288],[25.66698,59.06312],[25.66666,59.06332],[25.6663,59.06323],[25.66623,59.06298],[25.66558,59.06214],[25.66492,59.06173],[25.66337,59.06182],[25.66299,59.06195],[25.66268,59.06232],[25.66242,59.06242],[25.66198,59.06219],[25.66182,59.06189]]},"properties":{"fclass":"stream","name":"Kihme oja"}},
{"type":"Feature","geometry":{"type":"LineString","coordinates":[[25.43743,59.44919],[25.43756,59.45176],[25.43774,59.45373]]},"properties":{"fclass":"stream","name":"Kuusalu oja"}},
{"type":"Feature","geometry":{"type":"LineString","coordinates":[[25.43777,59.45387],[25.43648,59.45483],[25.43643,59.45502],[25.4364,59.4559]]},"properties":{"fclass":"stream","name":"Kuusalu oja"}},
{"type":"Feature","geometry":{"type":"LineString","coordinates":[[25.4364,59.45599],[25.43645,59.45781],[25.43639,59.45808]]},"properties":{"fclass":"stream","name":"Kuusalu oja"}},
{"type":"Feature","geometry":{"type":"LineString","coordinates":[[25.66759,59.06359],[25.66757,59.06352]]},"properties":{"fclass":"stream","name":""}},
{"type":"Feature","geometry":{"type":"LineString","coordinates":[[25.43757,59.44833],[25.43743,59.44919]]},"properties":{"fclass":"stream","name":""}},
{"type":"Feature","geometry":{"type":"LineString","coordinates":[[25.43774,59.45373],[25.43777,59.45387]]},"properties":{"fclass":"stream","name":""}},
{"type":"Feature","geometry":{"type":"LineString","coordinates":[[25.4364,59.4559],[25.4364,59.45599]]},"properties":{"fclass":"stream","name":""}},
{"type":"Feature","geometry":{"type":"LineString","coordinates":[[25.68087,59.07133],[25.68083,59.07128]]},"properties":{"fclass":"stream","name":""}},
{"type":"Feature","geometry":{"type":"LineString","coordinates":[[25.4259,59.09884],[25.42288,59.09926],[25.41893,59.09982],[25.41672,59.10037],[25.41328,59.10113],[25.40988,59.10179],[25.40777,59.10208],[25.40669,59.10227],[25.40548,59.10243],[25.4042,59.10254],[25.4018,59.10262],[25.4005,59.1028],[25.3995,59.10302],[25.39903,59.10325],[25.39837,59.10337],[25.39714,59.10347],[25.39615,59.10312]]},"properties":{"fclass":"stream","name":"Hiieveski oja"}},
{"type":"Feature","geometry":{"type":"LineString","coordinates":[[25.42737,59.09862],[25.42605,59.09881]]},"properties":{"fclass":"stream","name":"Hiieveski oja"}},
{"type":"Feature","geometry":{"type":"LineString","coordinates":[[25.39605,59.10309],[25.39588,59.10291],[25.39545,59.10281],[25.39554,59.10259],[25.39598,59.10233],[25.39719,59.10179],[25.39722,59.10162],[25.39675,59.10126],[25.39668,59.10108],[25.39624,59.10085],[25.39425,59.1009],[25.39318,59.10067],[25.39283,59.10047],[25.39262,59.1002],[25.39157,59.10026],[25.39086,59.10043],[25.38917,59.10114],[25.3888,59.10165],[25.38797,59.10209],[25.38731,59.10227],[25.38716,59.10247],[25.38671,59.10244],[25.38598,59.10251],[25.38562,59.10266],[25.38516,59.10306]]},"properties":{"fclass":"stream","name":"Hiieveski oja"}},
{"type":"Feature","geometry":{"type":"LineString","coordinates":[[26.21859,59.05197],[26.21819,59.05177],[26.21784,59.05145],[26.2178,59.05123],[26.21815,59.05071],[26.21849,59.05004],[26.21857,59.04975],[26.219,59.04926],[26.2189,59.04904],[26.21919,59.04877],[26.21976,59.04868],[26.22048,59.04831],[26.21973,59.04772],[26.21949,59.04731],[26.21926,59.04716],[26.21853,59.04693],[26.21814,59.04638],[26.21782,59.04611],[26.21777,59.0456],[26.21737,59.04475],[26.21727,59.0442],[26.21683,59.04316],[26.2168,59.04283],[26.21635,59.04237],[26.21623,59.04201]]},"properties":{"fclass":"stream","name":"Laiassoon"}},
{"type":"Feature","geometry":{"type":"LineString","coordinates":[[26.22768,59.06427],[26.22728,59.06403],[26.22708,59.06378],[26.2268,59.0637],[26.22688,59.06343],[26.22672,59.06329],[26.2267,59.06299],[26.22638,59.0628],[26.22613,59.06229],[26.22546,59.06232],[26.22517,59.0622],[26.22506,59.06179],[26.22448,59.06155],[26.22367,59.0609],[26.22362,59.06053],[26.22288,59.05994],[26.22251,59.05908],[26.22216,59.05907],[26.22188,59.05833]]},"properties":{"fclass":"stream","name":"Laiassoon"}},
{"type":"Feature","geometry":{"type":"LineString","coordinates":[[26.21622,59.04192],[26.21607,59.04164],[26.21612,59.04135],[26.21712,59.04075],[26.21787,59.03988],[26.2187,59.03915],[26.21981,59.03794],[26.22035,59.03744],[26.22128,59.03684]]},"properties":{"fclass":"stream","name":"Laiassoon"}},
{"type":"Feature","geometry":{"type":"LineString","coordinates":[[26.22136,59.03679],[26.22273,59.03588],[26.22318,59.03469],[26.2231,59.03448],[26.2226,59.03394],[26.22261,59.03364],[26.22278,59.0332],[26.22324,59.03304],[26.22462,59.03313],[26.22508,59.03294],[26.22719,59.03216],[26.22792,59.03195],[26.22885,59.03202],[26.2296,59.03198]]},"properties":{"fclass":"stream","name":"Laiassoon"}},
{"type":"Feature","geometry":{"type":"LineString","coordinates":[[26.22185,59.05826],[26.22189,59.05762],[26.22177,59.05731],[26.22093,59.05653],[26.21884,59.05576],[26.21874,59.05499],[26.21826,59.05415],[26.21937,59.05317],[26.21891,59.05209]]},"properties":{"fclass":"stream","name":"Laiassoon"}},
{"type":"Feature","geometry":{"type":"LineString","coordinates":[[25.62848,59.20525],[25.62396,59.20505],[25.61948,59.20484],[25.61844,59.20481],[25.61791,59.20496],[25.61551,59.20535],[25.61486,59.20531],[25.61446,59.20539],[25.60976,59.20611],[25.60618,59.20658],[25.60564,59.20663],[25.60445,59.20646]]},"properties":{"fclass":"stream","name":"Uuesilla oja"}},
{"type":"Feature","geometry":{"type":"LineString","coordinates":[[25.60417,59.20642],[25.60102,59.20618],[25.6008,59.20618],[25.59673,59.20587],[25.5948,59.20574],[25.59456,59.20569],[25.59213,59.20462],[25.59088,59.20412],[25.59057,59.20409],[25.58731,59.20461],[25.58707,59.20456],[25.58501,59.20257],[25.58336,59.20091],[25.58239,59.19998],[25.581,59.1986],[25.57703,59.19692],[25.57557,59.19628],[25.57327,59.19532],[25.57294,59.19509],[25.57281,59.19455],[25.5719,59.19405],[25.57141,59.19404],[25.57088,59.19385]]},"properties":{"fclass":"stream","name":"Uuesilla oja"}},
{"type":"Feature","geometry":{"type":"LineString","coordinates":[[25.6459,59.20529],[25.638,59.20527],[25.63736,59.20566],[25.63187,59.20537],[25.62864,59.20526]]},"properties":{"fclass":"stream","name":"Uuesilla oja"}},
{"type":"Feature","geometry":{"type":"LineString","coordinates":[[25.38516,59.10306],[25.38473,59.10336],[25.38349,59.10367],[25.38315,59.10386],[25.38135,59.10502],[25.38048,59.10548],[25.37839,59.10666],[25.37795,59.10684]]},"properties":{"fclass":"stream","name":""}},
{"type":"Feature","geometry":{"type":"LineString","coordinates":[[26.21891,59.05209],[26.21859,59.05197]]},"properties":{"fclass":"stream","name":""}},
{"type":"Feature","geometry":{"type":"LineString","coordinates":[[25.62864,59.20526],[25.62848,59.20525]]},"properties":{"fclass":"stream","name":""}},
{"type":"Feature","geometry":{"type":"LineString","coordinates":[[25.39615,59.10312],[25.39605,59.10309]]},"properties":{"fclass":"stream","name":""}},
{"type":"Feature","geometry":{"type":"LineString","coordinates":[[25.42605,59.09881],[25.4259,59.09884]]},"properties":{"fclass":"stream","name":""}},
{"type":"Feature","geometry":{"type":"LineString","coordinates":[[26.22188,59.05833],[26.22185,59.05826]]},"properties":{"fclass":"stream","name":""}},
{"type":"Feature","geometry":{"type":"LineString","coordinates":[[25.60445,59.20646],[25.60417,59.20642]]},"properties":{"fclass":"stream","name":""}},
{"type":"Feature","geometry":{"type":"LineString","coordinates":[[26.22128,59.03684],[26.22136,59.03679]]},"properties":{"fclass":"stream","name":""}},
{"type":"Feature","geometry":{"type":"LineString","coordinates":[[26.21623,59.04201],[26.21622,59.04192]]},"properties":{"fclass":"stream","name":""}},
{"type":"Feature","geometry":{"type":"LineString","coordinates":[[25.70067,59.17421],[25.70043,59.17427],[25.69899,59.17504],[25.69861,59.17542],[25.69803,59.17663],[25.69776,59.17705],[25.69744,59.17728],[25.69684,59.1775],[25.69452,59.17804]]},"properties":{"fclass":"river","name":"Ambla jõgi"}},
{"type":"Feature","geometry":{"type":"LineString","coordinates":[[25.51085,59.06674],[25.51105,59.06687],[25.51164,59.06697],[25.51184,59.06717],[25.51214,59.06719],[25.51244,59.06701],[25.51229,59.0666],[25.51301,59.06645],[25.51338,59.0662],[25.51392,59.06606],[25.51452,59.06626],[25.51446,59.06649],[25.51477,59.06667],[25.5152,59.06653],[25.51547,59.06633],[25.51609,59.06619],[25.5162,59.06605],[25.51589,59.06579],[25.51682,59.06548],[25.51708,59.06573],[25.51784,59.06586],[25.51808,59.0661],[25.5186,59.06588],[25.51881,59.06603],[25.51936,59.06611],[25.51993,59.06609],[25.52033,59.06584],[25.52067,59.06598],[25.52139,59.06611],[25.52187,59.06578],[25.52266,59.06536],[25.52307,59.06536],[25.52339,59.06519],[25.52371,59.06529],[25.5242,59.06526],[25.52489,59.06503],[25.52556,59.06535],[25.52641,59.06552]]},"properties":{"fclass":"stream","name":"Matsimäe soon"}},
{"type":"Feature","geometry":{"type":"LineString","coordinates":[[25.47884,59.09303],[25.47832,59.09273],[25.4737,59.09311],[25.47339,59.09304],[25.47169,59.09175],[25.46819,59.08912],[25.46638,59.08775],[25.46627,59.08663],[25.46587,59.0832],[25.46344,59.08167],[25.46125,59.08022],[25.46356,59.07722],[25.46503,59.07535],[25.46534,59.07521],[25.46754,59.07461],[25.47614,59.07223],[25.47808,59.07213]]},"properties":{"fclass":"stream","name":"Matsimäe soon"}},
{"type":"Feature","geometry":{"type":"LineString","coordinates":[[25.47824,59.07212],[25.47911,59.07211],[25.48393,59.07189],[25.48542,59.07185],[25.49065,59.07162],[25.49927,59.07126],[25.5028,59.06973],[25.50387,59.06857],[25.50429,59.06846],[25.50515,59.06801],[25.50586,59.06771],[25.50647,59.06728],[25.50747,59.0667],[25.50796,59.06651],[25.50812,59.06621],[25.50861,59.06642],[25.50904,59.06647],[25.50924,59.06665],[25.51001,59.06621],[25.51041,59.06632],[25.51069,59.06669]]},"properties":{"fclass":"stream","name":"Matsimäe soon"}},
{"type":"Feature","geometry":{"type":"LineString","coordinates":[[25.74962,59.14486],[25.74945,59.14509],[25.74843,59.14534],[25.74834,59.14541],[25.74798,59.14652],[25.74832,59.14774],[25.74828,59.14814]]},"properties":{"fclass":"stream","name":"Sääsküla oja"}},
{"type":"Feature","geometry":{"type":"LineString","coordinates":[[25.80843,59.15093],[25.80859,59.15259],[25.80832,59.15271],[25.8073,59.15271],[25.7996,59.15169],[25.79653,59.15097],[25.79633,59.15097],[25.79188,59.15163],[25.7867,59.15276]]},"properties":{"fclass":"stream","name":"Sääsküla oja"}},
{"type":"Feature","geometry":{"type":"LineString","coordinates":[[25.76923,59.14933],[25.76911,59.14894],[25.76338,59.14857],[25.76316,59.14851],[25.76296,59.14553],[25.76289,59.14495],[25.76271,59.14482]]},"properties":{"fclass":"stream","name":"Sääsküla oja"}},
{"type":"Feature","geometry":{"type":"LineString","coordinates":[[25.7319,59.15464],[25.73133,59.15468],[25.72966,59.15448],[25.72948,59.15436],[25.72842,59.15468],[25.7282,59.15486],[25.72737,59.15524],[25.72688,59.15526],[25.72665,59.15547],[25.72571,59.15553],[25.72575,59.15527],[25.72554,59.15512],[25.72504,59.1552],[25.72453,59.1551],[25.72377,59.15538],[25.7233,59.15542],[25.72259,59.15537],[25.72178,59.15523],[25.7211,59.15524],[25.72112,59.15544],[25.72178,59.15551],[25.72208,59.1557],[25.72253,59.15565],[25.72262,59.15627],[25.72282,59.15655],[25.72274,59.15718],[25.72289,59.15741],[25.7225,59.15743],[25.72231,59.15727],[25.72167,59.15734],[25.72181,59.1576],[25.7216,59.15774],[25.72211,59.15819],[25.72223,59.1586],[25.72152,59.15859],[25.72118,59.15827],[25.72094,59.15822],[25.72067,59.15852],[25.72111,59.15889],[25.72083,59.15917],[25.72116,59.15929],[25.72134,59.1596],[25.71669,59.16068],[25.71544,59.1605],[25.71365,59.16053],[25.71159,59.16061],[25.71102,59.1608],[25.71068,59.16067],[25.71092,59.16037],[25.7109,59.1602],[25.7105,59.16007],[25.71013,59.16009],[25.71004,59.16027],[25.70935,59.16058],[25.70843,59.16079]]},"properties":{"fclass":"stream","name":"Sääsküla oja"}},
{"type":"Feature","geometry":{"type":"LineString","coordinates":[[25.75631,59.14207],[25.75376,59.14171]]},"properties":{"fclass":"stream","name":"Sääsküla oja"}},
{"type":"Feature","geometry":{"type":"LineString","coordinates":[[25.75109,59.14281],[25.75091,59.14285],[25.75025,59.14369]]},"properties":{"fclass":"stream","name":"Sääsküla oja"}},
{"type":"Feature","geometry":{"type":"LineString","coordinates":[[25.75168,59.14272],[25.75121,59.14277]]},"properties":{"fclass":"stream","name":"Sääsküla oja"}},
{"type":"Feature","geometry":{"type":"LineString","coordinates":[[25.76263,59.14479],[25.75933,59.14372],[25.75871,59.14351],[25.75639,59.1421]]},"properties":{"fclass":"stream","name":"Sääsküla oja"}},
{"type":"Feature","geometry":{"type":"LineString","coordinates":[[25.70832,59.16081],[25.70793,59.16098],[25.70723,59.16101],[25.70684,59.16154],[25.70654,59.1618],[25.70647,59.16204],[25.70598,59.16233],[25.70578,59.16289],[25.70488,59.16337],[25.70442,59.16344],[25.70393,59.16388]]},"properties":{"fclass":"stream","name":"Sääsküla oja"}},
{"type":"Feature","geometry":{"type":"LineString","coordinates":[[25.74831,59.14823],[25.7487,59.1487],[25.74772,59.1497]]},"properties":{"fclass":"stream","name":"Sääsküla oja"}},
{"type":"Feature","geometry":{"type":"LineString","coordinates":[[25.75021,59.14374],[25.74992,59.14411],[25.74967,59.1448]]},"properties":{"fclass":"stream","name":"Sääsküla oja"}},
{"type":"Feature","geometry":{"type":"LineString","coordinates":[[25.77395,59.1533],[25.76976,59.1513],[25.76959,59.15121],[25.76974,59.15083]]},"properties":{"fclass":"stream","name":"Sääsküla oja"}},
{"type":"Feature","geometry":{"type":"LineString","coordinates":[[25.70378,59.16395],[25.70118,59.16502],[25.69815,59.16625],[25.69799,59.16637],[25.69791,59.16676],[25.69803,59.16689],[25.69856,59.16837],[25.69918,59.16997],[25.69953,59.17077],[25.69962,59.17115],[25.70009,59.1723],[25.70051,59.17345],[25.7007,59.17389],[25.70067,59.17421]]},"properties":{"fclass":"stream","name":"Sääsküla oja"}},
{"type":"Feature","geometry":{"type":"LineString","coordinates":[[25.7865,59.15281],[25.77761,59.15478],[25.77696,59.15474],[25.77407,59.15336]]},"properties":{"fclass":"stream","name":"Sääsküla oja"}},
{"type":"Feature","geometry":{"type":"LineString","coordinates":[[25.74768,59.14974],[25.74736,59.15008],[25.74621,59.15045],[25.74526,59.1509],[25.74399,59.15156]]},"properties":{"fclass":"stream","name":"Sääsküla oja"}},
{"type":"Feature","geometry":{"type":"LineString","coordinates":[[25.76937,59.15078],[25.7693,59.15047],[25.76925,59.14943]]},"properties":{"fclass":"stream","name":"Sääsküla oja"}},
{"type":"Feature","geometry":{"type":"LineString","coordinates":[[25.75368,59.14171],[25.75275,59.14245],[25.75196,59.14269]]},"properties":{"fclass":"stream","name":"Sääsküla oja"}},
{"type":"Feature","geometry":{"type":"LineString","coordinates":[[25.47808,59.07213],[25.47824,59.07212]]},"properties":{"fclass":"stream","name":""}},
{"type":"Feature","geometry":{"type":"LineString","coordinates":[[25.76974,59.15083],[25.76937,59.15078]]},"properties":{"fclass":"stream","name":""}},
{"type":"Feature","geometry":{"type":"LineString","coordinates":[[25.74967,59.1448],[25.74962,59.14486]]},"properties":{"fclass":"stream","name":""}},
{"type":"Feature","geometry":{"type":"LineString","coordinates":[[25.74399,59.15156],[25.74389,59.15162]]},"properties":{"fclass":"stream","name":""}},
{"type":"Feature","geometry":{"type":"LineString","coordinates":[[25.74772,59.1497],[25.74768,59.14974]]},"properties":{"fclass":"stream","name":""}},
{"type":"Feature","geometry":{"type":"LineString","coordinates":[[25.70843,59.16079],[25.70832,59.16081]]},"properties":{"fclass":"stream","name":""}},
{"type":"Feature","geometry":{"type":"LineString","coordinates":[[25.75639,59.1421],[25.75631,59.14207]]},"properties":{"fclass":"stream","name":""}},
{"type":"Feature","geometry":{"type":"LineString","coordinates":[[25.76925,59.14943],[25.76923,59.14933]]},"properties":{"fclass":"stream","name":""}},
{"type":"Feature","geometry":{"type":"LineString","coordinates":[[25.74828,59.14814],[25.74831,59.14823]]},"properties":{"fclass":"stream","name":""}},
{"type":"Feature","geometry":{"type":"LineString","coordinates":[[25.73208,59.15465],[25.7319,59.15464]]},"properties":{"fclass":"stream","name":""}},
{"type":"Feature","geometry":{"type":"LineString","coordinates":[[25.7867,59.15276],[25.7865,59.15281]]},"properties":{"fclass":"stream","name":""}},
{"type":"Feature","geometry":{"type":"LineString","coordinates":[[25.70393,59.16388],[25.70378,59.16395]]},"properties":{"fclass":"stream","name":""}},
{"type":"Feature","geometry":{"type":"LineString","coordinates":[[25.75196,59.14269],[25.75168,59.14272]]},"properties":{"fclass":"stream","name":""}},
{"type":"Feature","geometry":{"type":"LineString","coordinates":[[25.69452,59.17804],[25.6943,59.17809]]},"properties":{"fclass":"river","name":""}},
{"type":"Feature","geometry":{"type":"LineString","coordinates":[[25.75025,59.14369],[25.75021,59.14374]]},"properties":{"fclass":"stream","name":""}},
{"type":"Feature","geometry":{"type":"LineString","coordinates":[[25.75376,59.14171],[25.75368,59.14171]]},"properties":{"fclass":"stream","name":""}},
{"type":"Feature","geometry":{"type":"LineString","coordinates":[[25.76271,59.14482],[25.76263,59.14479]]},"properties":{"fclass":"stream","name":""}},
{"type":"Feature","geometry":{"type":"LineString","coordinates":[[25.51069,59.06669],[25.51085,59.06674]]},"properties":{"fclass":"stream","name":""}},
{"type":"Feature","geometry":{"type":"LineString","coordinates":[[25.75121,59.14277],[25.75109,59.14281]]},"properties":{"fclass":"stream","name":""}},
{"type":"Feature","geometry":{"type":"LineString","coordinates":[[25.77407,59.15336],[25.77395,59.1533]]},"properties":{"fclass":"stream","name":""}},
{"type":"Feature","geometry":{"type":"LineString","coordinates":[[25.74389,59.15162],[25.74141,59.15292],[25.73992,59.15342],[25.7358,59.1541],[25.73208,59.15465]]},"properties":{"fclass":"stream","name":""}},
{"type":"Feature","geometry":{"type":"LineString","coordinates":[[25.4681,59.35268],[25.46611,59.3506],[25.46343,59.34776],[25.45572,59.33963],[25.45549,59.33952],[25.45491,59.33953],[25.45068,59.33938]]},"properties":{"fclass":"stream","name":"Aruoja"}},
{"type":"Feature","geometry":{"type":"LineString","coordinates":[[25.4761,59.36743],[25.47659,59.3638],[25.47676,59.3627]]},"properties":{"fclass":"stream","name":"Aruoja"}},
{"type":"Feature","geometry":{"type":"LineString","coordinates":[[25.47678,59.36263],[25.47694,59.36145],[25.47555,59.35784]]},"properties":{"fclass":"stream","name":"Aruoja"}},
{"type":"Feature","geometry":{"type":"LineString","coordinates":[[25.47587,59.37483],[25.47529,59.37295],[25.47539,59.37224],[25.47608,59.36749]]},"properties":{"fclass":"stream","name":"Aruoja"}},
{"type":"Feature","geometry":{"type":"LineString","coordinates":[[25.47552,59.35777],[25.47367,59.35295],[25.46953,59.35281],[25.46818,59.35275]]},"properties":{"fclass":"stream","name":"Aruoja"}},
{"type":"Feature","geometry":{"type":"LineString","coordinates":[[25.42653,59.33816],[25.42583,59.33844],[25.42558,59.33882],[25.42492,59.33914],[25.42411,59.3391],[25.42342,59.33896],[25.42298,59.33894],[25.42184,59.33912],[25.41469,59.3402],[25.41327,59.33977],[25.41253,59.33939],[25.40921,59.33829],[25.40863,59.33842],[25.40808,59.33843],[25.40767,59.33823],[25.40764,59.33768],[25.40672,59.33703],[25.4065,59.33653],[25.4047,59.33557],[25.40437,59.33548],[25.40062,59.33556],[25.39556,59.33581],[25.39426,59.33569],[25.39352,59.33543]]},"properties":{"fclass":"stream","name":"Aruoja"}},
{"type":"Feature","geometry":{"type":"LineString","coordinates":[[25.45048,59.33938],[25.44919,59.33934],[25.44819,59.3391],[25.44726,59.33895],[25.44676,59.33913],[25.44634,59.33916],[25.44552,59.33907],[25.44522,59.34157],[25.44469,59.34179],[25.44419,59.3418],[25.44044,59.34164],[25.43855,59.3416],[25.43795,59.34166],[25.4366,59.34237],[25.43588,59.34242],[25.43557,59.34236],[25.43312,59.34172],[25.43046,59.34162],[25.43088,59.33889],[25.43024,59.33853],[25.42978,59.33835],[25.42832,59.33795],[25.42743,59.33793],[25.42668,59.33813]]},"properties":{"fclass":"stream","name":"Aruoja"}},
{"type":"Feature","geometry":{"type":"LineString","coordinates":[[25.39352,59.33543],[25.39333,59.3354]]},"properties":{"fclass":"stream","name":""}},
{"type":"Feature","geometry":{"type":"LineString","coordinates":[[25.45068,59.33938],[25.45048,59.33938]]},"properties":{"fclass":"stream","name":""}},
{"type":"Feature","geometry":{"type":"LineString","coordinates":[[25.47676,59.3627],[25.47678,59.36263]]},"properties":{"fclass":"stream","name":""}},
{"type":"Feature","geometry":{"type":"LineString","coordinates":[[25.42668,59.33813],[25.42653,59.33816]]},"properties":{"fclass":"stream","name":""}},
{"type":"Feature","geometry":{"type":"LineString","coordinates":[[25.47608,59.36749],[25.4761,59.36743]]},"properties":{"fclass":"stream","name":""}},
{"type":"Feature","geometry":{"type":"LineString","coordinates":[[25.46818,59.35275],[25.4681,59.35268]]},"properties":{"fclass":"stream","name":""}},
{"type":"Feature","geometry":{"type":"LineString","coordinates":[[25.47555,59.35784],[25.47552,59.35777]]},"properties":{"fclass":"stream","name":""}},
{"type":"Feature","geometry":{"type":"LineString","coordinates":[[25.39333,59.3354],[25.39289,59.33531]]},"properties":{"fclass":"stream","name":""}},
{"type":"Feature","geometry":{"type":"LineString","coordinates":[[25.35541,59.2598],[25.35578,59.25979],[25.35709,59.2603],[25.35743,59.26039],[25.35762,59.26061],[25.35885,59.26286]]},"properties":{"fclass":"stream","name":"Kullavahe pkr"}},
{"type":"Feature","geometry":{"type":"LineString","coordinates":[[25.35889,59.26296],[25.35955,59.26374],[25.36031,59.26451],[25.36903,59.26684],[25.37086,59.26735],[25.37106,59.26745]]},"properties":{"fclass":"stream","name":"Kullavahe pkr"}},
{"type":"Feature","geometry":{"type":"LineString","coordinates":[[25.37114,59.26752],[25.37147,59.26783],[25.37107,59.27037],[25.37114,59.27062],[25.37144,59.27085],[25.37364,59.2719]]},"properties":{"fclass":"stream","name":"Kullavahe pkr"}},
{"type":"Feature","geometry":{"type":"LineString","coordinates":[[25.37572,59.28222],[25.37587,59.28311],[25.37712,59.28374],[25.37725,59.28416],[25.37662,59.285],[25.37697,59.28524],[25.37684,59.28542],[25.37718,59.28561],[25.37653,59.28582],[25.37629,59.28605],[25.37678,59.28641],[25.37625,59.28651],[25.37612,59.28663],[25.37653,59.28683],[25.37621,59.2872],[25.37596,59.28769],[25.37633,59.28801],[25.37605,59.28835],[25.3763,59.28886],[25.37595,59.28909],[25.37619,59.28946],[25.37646,59.28969],[25.37755,59.28981],[25.37878,59.28963]]},"properties":{"fclass":"stream","name":"Kullavahe pkr"}},
{"type":"Feature","geometry":{"type":"LineString","coordinates":[[25.37687,59.28086],[25.37774,59.2812],[25.37798,59.28153],[25.37741,59.28164],[25.37677,59.28151],[25.3762,59.28155],[25.37586,59.28173],[25.37577,59.28214]]},"properties":{"fclass":"stream","name":"Kullavahe pkr"}},
{"type":"Feature","geometry":{"type":"LineString","coordinates":[[25.37376,59.27197],[25.37402,59.27209],[25.37507,59.27217],[25.3755,59.27242],[25.37525,59.27278],[25.37491,59.27777],[25.37484,59.27805],[25.37561,59.27939],[25.37593,59.2798],[25.3764,59.28014],[25.3767,59.28082]]},"properties":{"fclass":"stream","name":"Kullavahe pkr"}},
{"type":"Feature","geometry":{"type":"LineString","coordinates":[[25.3487,59.26357],[25.34887,59.26194],[25.34921,59.26153]]},"properties":{"fclass":"stream","name":"Kullavahe pkr"}},
{"type":"Feature","geometry":{"type":"LineString","coordinates":[[25.34937,59.26136],[25.35124,59.26083],[25.35389,59.26005],[25.35458,59.25989],[25.35524,59.25982]]},"properties":{"fclass":"stream","name":"Kullavahe pkr"}},
{"type":"Feature","geometry":{"type":"LineString","coordinates":[[25.48802,59.26389],[25.4873,59.26424],[25.48715,59.26465],[25.48677,59.26475],[25.48694,59.26511],[25.48651,59.26522],[25.48615,59.26549],[25.48578,59.2659],[25.48586,59.26612],[25.48551,59.26631],[25.48546,59.2665],[25.48457,59.2664],[25.48435,59.26661],[25.48391,59.26668],[25.48324,59.26661],[25.48214,59.26659],[25.48089,59.26652],[25.48066,59.26675],[25.48013,59.26687],[25.47958,59.26681],[25.47883,59.26718],[25.47808,59.26714],[25.4776,59.26727],[25.47746,59.26755],[25.4768,59.26764],[25.47674,59.26753],[25.47613,59.26751]]},"properties":{"fclass":"stream","name":"Liivoja"}},
{"type":"Feature","geometry":{"type":"LineString","coordinates":[[25.58161,59.21996],[25.58111,59.21946],[25.57987,59.2188],[25.57935,59.21887],[25.57781,59.21918],[25.57296,59.21899],[25.57205,59.21887],[25.5688,59.21835],[25.56833,59.2183],[25.56592,59.21694],[25.56585,59.21673],[25.56524,59.2167],[25.56481,59.21657],[25.56473,59.2163],[25.56507,59.21619],[25.56483,59.21595],[25.56387,59.21589],[25.56364,59.21572],[25.56316,59.21616],[25.5625,59.21595],[25.56252,59.21568],[25.56209,59.21556],[25.56191,59.21585],[25.56164,59.21592],[25.56128,59.21579],[25.56069,59.21589],[25.56044,59.21584],[25.56006,59.21612],[25.55973,59.21608],[25.55949,59.2159],[25.55912,59.21597],[25.5594,59.21626],[25.55919,59.21639],[25.55865,59.21628],[25.55819,59.21628],[25.55796,59.21652],[25.55821,59.21683],[25.55768,59.21696],[25.55659,59.21698],[25.55648,59.21712],[25.55599,59.21711],[25.5558,59.21728],[25.55541,59.21726],[25.55446,59.21701],[25.5542,59.21727],[25.55412,59.21763],[25.55343,59.21774],[25.55312,59.21808],[25.55254,59.21792],[25.55216,59.21819],[25.55265,59.21827],[25.55289,59.21854],[25.55265,59.21863],[25.5522,59.21855],[25.55106,59.21883],[25.551,59.21905],[25.55019,59.219],[25.54989,59.21891],[25.5496,59.21906],[25.54972,59.2193],[25.54926,59.21939],[25.54915,59.21911],[25.54886,59.21908],[25.54843,59.21929],[25.54827,59.21955],[25.54797,59.21946],[25.54724,59.22001],[25.54651,59.21985],[25.54606,59.2201],[25.54598,59.22025],[25.54499,59.22026],[25.54496,59.22061],[25.54553,59.2207],[25.54529,59.22099],[25.54486,59.22094],[25.54492,59.22142],[25.54469,59.22167],[25.54428,59.22176],[25.54444,59.2221],[25.54437,59.22233],[25.54488,59.22279],[25.54484,59.22309],[25.54497,59.2234],[25.54493,59.22368],[25.54441,59.2241],[25.54433,59.22429],[25.54491,59.22466],[25.54519,59.22499],[25.54549,59.22517],[25.54544,59.22537],[25.54581,59.22549],[25.54601,59.22598],[25.54677,59.22599],[25.54691,59.22652],[25.54739,59.22681],[25.54748,59.22703],[25.54813,59.22732],[25.54806,59.22773],[25.54827,59.22787],[25.54832,59.22814],[25.54906,59.2281],[25.54909,59.22845],[25.54859,59.22872],[25.54804,59.22947],[25.54747,59.22962],[25.54784,59.22989],[25.54738,59.23015],[25.54752,59.23032],[25.54798,59.23052],[25.54735,59.23088],[25.54657,59.23111],[25.5463,59.23106],[25.54617,59.2315],[25.54655,59.23179],[25.54579,59.23195],[25.5457,59.2322],[25.54526,59.23218],[25.5451,59.23265],[25.54561,59.23283],[25.54528,59.23302],[25.54526,59.23318],[25.54581,59.23382],[25.5457,59.23431],[25.54533,59.23462],[25.54488,59.23474],[25.54446,59.23465],[25.5443,59.23489],[25.54394,59.23492],[25.54378,59.23516],[25.54409,59.23526],[25.54356,59.23554],[25.54318,59.23546],[25.54301,59.23561],[25.5426,59.23566],[25.5426,59.2359],[25.54205,59.23595],[25.54232,59.23624],[25.54177,59.23634],[25.54152,59.23662],[25.54091,59.23683],[25.54072,59.2372],[25.54091,59.23736],[25.54044,59.23768],[25.54056,59.23787],[25.54037,59.23804],[25.53968,59.23815],[25.54007,59.23844],[25.5395,59.23848],[25.53938,59.23899],[25.54034,59.23916],[25.54022,59.23947],[25.54073,59.23964],[25.54043,59.23978],[25.54029,59.24002],[25.54075,59.24008],[25.54093,59.24052],[25.54041,59.24055],[25.54062,59.24107],[25.54112,59.24121],[25.5404,59.24146],[25.54026,59.24178],[25.53981,59.24171],[25.5393,59.24176],[25.53892,59.24158],[25.53871,59.24193],[25.53838,59.24172],[25.53814,59.24195],[25.53751,59.24198],[25.53711,59.24222],[25.53678,59.24211],[25.53583,59.24245],[25.53538,59.24289],[25.53507,59.24304],[25.53532,59.24322],[25.53499,59.24347],[25.53508,59.24362],[25.53459,59.24377],[25.53472,59.24403],[25.535,59.24419],[25.53528,59.2446],[25.53482,59.2447],[25.53458,59.245],[25.53426,59.24495],[25.53415,59.24519],[25.53306,59.24529],[25.53191,59.24514],[25.53168,59.24535],[25.53141,59.2453],[25.53107,59.24504],[25.53078,59.24531],[25.53027,59.24525],[25.52989,59.2451],[25.52941,59.24534],[25.52866,59.24535],[25.52817,59.24525],[25.52776,59.24553],[25.52732,59.24532],[25.5269,59.24549],[25.52682,59.24571],[25.5271,59.246],[25.52634,59.24635],[25.52619,59.24661],[25.52565,59.24655],[25.52525,59.2466],[25.52488,59.24704],[25.52404,59.24719],[25.52363,59.24766],[25.52377,59.2478],[25.52308,59.24817],[25.52259,59.24809],[25.5221,59.24834]]},"properties":{"fclass":"stream","name":"Liivoja"}},
{"type":"Feature","geometry":{"type":"LineString","coordinates":[[25.52201,59.24837],[25.52035,59.249],[25.51872,59.24972],[25.5161,59.25033],[25.5152,59.25056],[25.5145,59.25067],[25.51331,59.25071],[25.51181,59.25082],[25.51131,59.25082],[25.51016,59.25113],[25.50845,59.25137],[25.50596,59.25163],[25.50562,59.25175],[25.50557,59.25194],[25.50492,59.2522],[25.50439,59.25207],[25.50401,59.25254],[25.50396,59.2528],[25.50425,59.25301],[25.50393,59.25309],[25.50342,59.25306],[25.5032,59.25314],[25.50374,59.25336],[25.5034,59.25354],[25.50301,59.25358],[25.50262,59.25378],[25.50233,59.25406],[25.50234,59.25445],[25.50179,59.25449],[25.50143,59.2548],[25.50169,59.255],[25.50203,59.25506],[25.50152,59.25569],[25.50107,59.25566],[25.50123,59.25591],[25.50109,59.2561],[25.50128,59.25627],[25.5008,59.25645],[25.50077,59.25666],[25.50011,59.25671],[25.50017,59.25706],[25.50003,59.25718],[25.49948,59.25733]]},"properties":{"fclass":"stream","name":"Liivoja"}},
{"type":"Feature","geometry":{"type":"LineString","coordinates":[[25.49935,59.25739],[25.4997,59.25783],[25.49967,59.25804],[25.49913,59.25828],[25.49876,59.25826],[25.49836,59.2585],[25.49733,59.25849],[25.49754,59.25873],[25.497,59.25884],[25.49663,59.25883],[25.49616,59.25869],[25.49561,59.25899],[25.49493,59.25909],[25.49422,59.25911],[25.49384,59.25934],[25.4939,59.25948],[25.49319,59.25973],[25.49285,59.25975],[25.49272,59.25995],[25.49237,59.26013],[25.49227,59.2604],[25.4918,59.26042],[25.49175,59.26087],[25.49108,59.26127],[25.4911,59.26162],[25.49049,59.26176],[25.49008,59.26193],[25.49,59.26235],[25.48929,59.26239],[25.48894,59.26308],[25.48867,59.26316],[25.48868,59.26364],[25.48816,59.26386]]},"properties":{"fclass":"stream","name":"Liivoja"}},
{"type":"Feature","geometry":{"type":"LineString","coordinates":[[25.59327,59.22852],[25.59206,59.22783],[25.59132,59.22715],[25.59147,59.22648],[25.59155,59.22559],[25.59108,59.22461],[25.59079,59.22438],[25.59016,59.2241],[25.58956,59.2239],[25.58791,59.22346],[25.58733,59.22326],[25.58703,59.22289],[25.58548,59.22258],[25.58472,59.22225],[25.58438,59.22198],[25.58243,59.22064],[25.5817,59.22006]]},"properties":{"fclass":"stream","name":"Liivoja"}},
{"type":"Feature","geometry":{"type":"LineString","coordinates":[[25.37577,59.28214],[25.37572,59.28222]]},"properties":{"fclass":"stream","name":""}},
{"type":"Feature","geometry":{"type":"LineString","coordinates":[[25.37364,59.2719],[25.37376,59.27197]]},"properties":{"fclass":"stream","name":""}},
{"type":"Feature","geometry":{"type":"LineString","coordinates":[[25.48816,59.26386],[25.48802,59.26389]]},"properties":{"fclass":"stream","name":""}},
{"type":"Feature","geometry":{"type":"LineString","coordinates":[[25.37106,59.26745],[25.37114,59.26752]]},"properties":{"fclass":"stream","name":""}},
{"type":"Feature","geometry":{"type":"LineString","coordinates":[[25.49948,59.25733],[25.49935,59.25739]]},"properties":{"fclass":"stream","name":""}},
{"type":"Feature","geometry":{"type":"LineString","coordinates":[[25.3767,59.28082],[25.37687,59.28086]]},"properties":{"fclass":"stream","name":""}},
{"type":"Feature","geometry":{"type":"LineString","coordinates":[[25.5221,59.24834],[25.52201,59.24837]]},"properties":{"fclass":"stream","name":""}},
{"type":"Feature","geometry":{"type":"LineString","coordinates":[[25.35885,59.26286],[25.35889,59.26296]]},"properties":{"fclass":"stream","name":""}},
{"type":"Feature","geometry":{"type":"LineString","coordinates":[[25.34921,59.26153],[25.34937,59.26136]]},"properties":{"fclass":"stream","name":""}},
{"type":"Feature","geometry":{"type":"LineString","coordinates":[[25.35524,59.25982],[25.35541,59.2598]]},"properties":{"fclass":"stream","name":""}},
{"type":"Feature","geometry":{"type":"LineString","coordinates":[[25.5817,59.22006],[25.58161,59.21996]]},"properties":{"fclass":"stream","name":""}},
{"type":"Feature","geometry":{"type":"LineString","coordinates":[[26.16712,59.30154],[26.16722,59.3017]]},"properties":{"fclass":"river","name":"Loobu jõgi"}},
{"type":"Feature","geometry":{"type":"LineString","coordinates":[[25.69888,59.02181],[25.69897,59.02189]]},"properties":{"fclass":"stream","name":""}},
{"type":"Feature","geometry":{"type":"LineString","coordinates":[[25.42664,59.37785],[25.42579,59.37819],[25.42563,59.37836],[25.42585,59.37856],[25.42544,59.37886],[25.42488,59.37905],[25.42422,59.37937]]},"properties":{"fclass":"stream","name":"Ruunoja"}},
{"type":"Feature","geometry":{"type":"LineString","coordinates":[[26.19064,59.18954],[26.18999,59.19012],[26.18948,59.19066],[26.18871,59.19193],[26.18812,59.19217],[26.18698,59.19217],[26.18343,59.1928],[26.1832,59.19287],[26.18206,59.19345],[26.1807,59.1937],[26.17972,59.19408],[26.17817,59.19475],[26.17768,59.1949]]},"properties":{"fclass":"river","name":"Valgejõgi"}},
{"type":"Feature","geometry":{"type":"LineString","coordinates":[[26.15157,59.20663],[26.1512,59.2068],[26.14979,59.20779],[26.14748,59.20897],[26.14741,59.20905]]},"properties":{"fclass":"river","name":"Valgejõgi"}},
{"type":"Feature","geometry":{"type":"LineString","coordinates":[[26.15164,59.2066],[26.15157,59.20663]]},"properties":{"fclass":"river","name":""}},
{"type":"Feature","geometry":{"type":"LineString","coordinates":[[26.17768,59.1949],[26.17754,59.19494]]},"properties":{"fclass":"river","name":""}},
{"type":"Feature","geometry":{"type":"LineString","coordinates":[[25.42422,59.37937],[25.42411,59.37946]]},"properties":{"fclass":"stream","name":""}},
{"type":"Feature","geometry":{"type":"LineString","coordinates":[[25.44751,59.21574],[25.44736,59.21605],[25.44751,59.2163],[25.44743,59.21652],[25.44787,59.21702],[25.44757,59.21739]]},"properties":{"fclass":"river","name":""}},
{"type":"Feature","geometry":{"type":"LineString","coordinates":[[25.51989,59.03365],[25.51998,59.03358]]},"properties":{"fclass":"river","name":"Reopalu jõgi"}},
{"type":"Feature","geometry":{"type":"LineString","coordinates":[[25.51998,59.03358],[25.52041,59.0333]]},"properties":{"fclass":"river","name":"Reopalu jõgi"}},
{"type":"Feature","geometry":{"type":"LineString","coordinates":[[25.45101,59.21971],[25.45105,59.22034],[25.45143,59.22021]]},"properties":{"fclass":"canal","name":""}},
{"type":"Feature","geometry":{"type":"LineString","coordinates":[[25.45151,59.21978],[25.45191,59.22011],[25.45174,59.22034]]},"properties":{"fclass":"canal","name":""}},
{"type":"Feature","geometry":{"type":"LineString","coordinates":[[25.45208,59.22019],[25.45274,59.22061],[25.45281,59.22084]]},"properties":{"fclass":"canal","name":""}},
{"type":"Feature","geometry":{"type":"LineString","coordinates":[[25.45199,59.22015],[25.45208,59.22019]]},"properties":{"fclass":"canal","name":""}},
{"type":"Feature","geometry":{"type":"LineString","coordinates":[[25.45191,59.22011],[25.45199,59.22015]]},"properties":{"fclass":"canal","name":""}},
{"type":"Feature","geometry":{"type":"LineString","coordinates":[[25.45101,59.21971],[25.45145,59.21972]]},"properties":{"fclass":"canal","name":""}},
{"type":"Feature","geometry":{"type":"LineString","coordinates":[[25.45145,59.21972],[25.45151,59.21978]]},"properties":{"fclass":"canal","name":""}},
{"type":"Feature","geometry":{"type":"LineString","coordinates":[[25.36095,59.30742],[25.36132,59.30822],[25.36101,59.30905],[25.35793,59.31003],[25.35463,59.31121],[25.35099,59.31139],[25.34778,59.31189],[25.34715,59.31239]]},"properties":{"fclass":"river","name":""}},
{"type":"Feature","geometry":{"type":"LineString","coordinates":[[25.46171,59.4179],[25.46123,59.41754],[25.46083,59.41617],[25.46078,59.41581],[25.46058,59.41549],[25.45768,59.41269]]},"properties":{"fclass":"stream","name":"Napi pkr"}},
{"type":"Feature","geometry":{"type":"LineString","coordinates":[[25.45759,59.4126],[25.45724,59.41241],[25.4523,59.41103],[25.45053,59.41062],[25.44917,59.4098],[25.4481,59.40919]]},"properties":{"fclass":"stream","name":"Napi pkr"}},
{"type":"Feature","geometry":{"type":"LineString","coordinates":[[25.44174,59.40546],[25.43843,59.40352],[25.43833,59.40348],[25.43312,59.40403],[25.43009,59.40383],[25.4296,59.40376],[25.429,59.40352]]},"properties":{"fclass":"stream","name":"Napi pkr"}},
{"type":"Feature","geometry":{"type":"LineString","coordinates":[[25.41733,59.3963],[25.41661,59.39657],[25.41625,59.39658],[25.41594,59.3964],[25.41555,59.39594],[25.41465,59.39552],[25.41416,59.39567],[25.41343,59.39563],[25.41323,59.39589],[25.4125,59.39583],[25.41238,59.39554],[25.41185,59.39529],[25.41105,59.39527],[25.41074,59.39495],[25.41093,59.39466],[25.41062,59.39455],[25.4102,59.39464],[25.40937,59.39447],[25.40859,59.39417],[25.40746,59.39419],[25.4067,59.39376],[25.40621,59.3937],[25.40611,59.39386],[25.40523,59.39394],[25.40481,59.3941],[25.40395,59.39407],[25.40385,59.39435],[25.40403,59.39461],[25.40325,59.39464],[25.40269,59.39492],[25.40209,59.39483],[25.40248,59.39451],[25.40248,59.39434],[25.40208,59.3942],[25.40208,59.39402],[25.40172,59.39389],[25.40125,59.39357],[25.40081,59.39344],[25.3998,59.3934],[25.39953,59.39313],[25.39895,59.39316],[25.39795,59.39304],[25.3978,59.39317],[25.39789,59.39344],[25.39695,59.39361]]},"properties":{"fclass":"stream","name":"Napi pkr"}},
{"type":"Feature","geometry":{"type":"LineString","coordinates":[[25.42886,59.40345],[25.42766,59.40245],[25.42735,59.402],[25.42692,59.40082],[25.42657,59.40045],[25.42534,59.39998],[25.42466,59.39944],[25.42391,59.39917],[25.42274,59.39864],[25.42067,59.39745],[25.42007,59.39714],[25.41857,59.39683],[25.41749,59.39632]]},"properties":{"fclass":"stream","name":"Napi pkr"}},
{"type":"Feature","geometry":{"type":"LineString","coordinates":[[25.44799,59.4091],[25.44569,59.40778],[25.44188,59.40553]]},"properties":{"fclass":"stream","name":"Napi pkr"}},
{"type":"Feature","geometry":{"type":"LineString","coordinates":[[25.45768,59.41269],[25.45759,59.4126]]},"properties":{"fclass":"stream","name":""}},
{"type":"Feature","geometry":{"type":"LineString","coordinates":[[25.429,59.40352],[25.42886,59.40345]]},"properties":{"fclass":"stream","name":""}},
{"type":"Feature","geometry":{"type":"LineString","coordinates":[[25.44188,59.40553],[25.44174,59.40546]]},"properties":{"fclass":"stream","name":""}},
{"type":"Feature","geometry":{"type":"LineString","coordinates":[[25.41749,59.39632],[25.41733,59.3963]]},"properties":{"fclass":"stream","name":""}},
{"type":"Feature","geometry":{"type":"LineString","coordinates":[[25.4481,59.40919],[25.44799,59.4091]]},"properties":{"fclass":"stream","name":""}},
{"type":"Feature","geometry":{"type":"LineString","coordinates":[[25.52041,59.0333],[25.5222,59.03205],[25.52316,59.03195],[25.52309,59.0318]]},"properties":{"fclass":"river","name":"Reopalu jõgi"}},
{"type":"Feature","geometry":{"type":"LineString","coordinates":[[25.52309,59.0318],[25.52294,59.03146]]},"properties":{"fclass":"river","name":"Reopalu jõgi"}},
{"type":"Feature","geometry":{"type":"LineString","coordinates":[[25.66172,59.43267],[25.66148,59.4331],[25.66096,59.43341],[25.66079,59.43371],[25.66021,59.43386],[25.66006,59.43417],[25.66008,59.43448]]},"properties":{"fclass":"stream","name":"Pudisoo jõgi"}},
{"type":"Feature","geometry":{"type":"LineString","coordinates":[[25.66008,59.43448],[25.66009,59.43456]]},"properties":{"fclass":"stream","name":"Pudisoo jõgi"}},
{"type":"Feature","geometry":{"type":"LineString","coordinates":[[25.63586,59.26709],[25.63569,59.26682],[25.6352,59.26659],[25.63389,59.2665],[25.63328,59.26677]]},"properties":{"fclass":"river","name":""}},
{"type":"Feature","geometry":{"type":"LineString","coordinates":[[25.6676,59.25445],[25.66809,59.2546],[25.66823,59.25502],[25.668,59.25524],[25.66728,59.25526]]},"properties":{"fclass":"river","name":""}},
{"type":"Feature","geometry":{"type":"LineString","coordinates":[[26.19224,59.07824],[26.19273,59.07807],[26.19272,59.0778],[26.19237,59.07756]]},"properties":{"fclass":"stream","name":""}},
{"type":"Feature","geometry":{"type":"LineString","coordinates":[[26.19377,59.07679],[26.19332,59.07676],[26.19246,59.07687]]},"properties":{"fclass":"stream","name":""}},
{"type":"Feature","geometry":{"type":"LineString","coordinates":[[26.01022,59.36079],[26.01216,59.36139],[26.01299,59.36144],[26.0188,59.36445],[26.01936,59.36472],[26.02431,59.36652]]},"properties":{"fclass":"stream","name":"Vohnja oja"}},
{"type":"Feature","geometry":{"type":"LineString","coordinates":[[25.99311,59.35092],[25.99339,59.35227],[25.99349,59.35236],[25.99485,59.35282],[25.99734,59.35418],[25.99939,59.35454],[25.9995,59.35488]]},"properties":{"fclass":"stream","name":"Vohnja oja"}},
{"type":"Feature","geometry":{"type":"LineString","coordinates":[[25.9995,59.35488],[25.99945,59.35498]]},"properties":{"fclass":"stream","name":""}},
{"type":"Feature","geometry":{"type":"LineString","coordinates":[[25.99945,59.35498],[25.99918,59.35546],[26.00004,59.35598]]},"properties":{"fclass":"stream","name":""}},
{"type":"Feature","geometry":{"type":"LineString","coordinates":[[26.00004,59.35598],[26.00025,59.35603]]},"properties":{"fclass":"stream","name":""}},
{"type":"Feature","geometry":{"type":"LineString","coordinates":[[26.05533,59.37609],[26.06474,59.37777]]},"properties":{"fclass":"stream","name":""}},
{"type":"Feature","geometry":{"type":"LineString","coordinates":[[26.02431,59.36652],[26.0245,59.36659]]},"properties":{"fclass":"stream","name":""}},
{"type":"Feature","geometry":{"type":"LineString","coordinates":[[26.0245,59.36659],[26.0261,59.36716],[26.0269,59.36781],[26.02718,59.36792],[26.02965,59.36854],[26.03009,59.36874],[26.03201,59.3703]]},"properties":{"fclass":"stream","name":""}},
{"type":"Feature","geometry":{"type":"LineString","coordinates":[[26.03201,59.3703],[26.03203,59.3704]]},"properties":{"fclass":"stream","name":""}},
{"type":"Feature","geometry":{"type":"LineString","coordinates":[[26.03203,59.3704],[26.03221,59.37058],[26.03269,59.37059],[26.03325,59.37085],[26.03419,59.37116],[26.03509,59.371],[26.03627,59.37084],[26.03622,59.37102],[26.03641,59.37173],[26.03802,59.37204],[26.03793,59.37249],[26.03823,59.37292],[26.03873,59.37302],[26.0397,59.37335]]},"properties":{"fclass":"stream","name":"Vohnja oja"}},
{"type":"Feature","geometry":{"type":"LineString","coordinates":[[26.04543,59.3754],[26.04557,59.37546]]},"properties":{"fclass":"stream","name":""}},
{"type":"Feature","geometry":{"type":"LineString","coordinates":[[26.04557,59.37546],[26.0461,59.37568]]},"properties":{"fclass":"stream","name":""}},
{"type":"Feature","geometry":{"type":"LineString","coordinates":[[26.0461,59.37568],[26.04615,59.37576]]},"properties":{"fclass":"stream","name":""}},
{"type":"Feature","geometry":{"type":"LineString","coordinates":[[26.04615,59.37576],[26.04637,59.37587],[26.04807,59.37581],[26.04848,59.37568],[26.04905,59.37584],[26.04948,59.37578],[26.04987,59.37592],[26.05075,59.37598],[26.05516,59.37606]]},"properties":{"fclass":"stream","name":""}},
{"type":"Feature","geometry":{"type":"LineString","coordinates":[[26.05516,59.37606],[26.05533,59.37609]]},"properties":{"fclass":"stream","name":""}},
{"type":"Feature","geometry":{"type":"LineString","coordinates":[[26.04023,59.37347],[26.04035,59.37392],[26.04053,59.37419],[26.04169,59.37472],[26.04213,59.37497],[26.043,59.37501],[26.04333,59.3751],[26.04481,59.37562],[26.04538,59.37538]]},"properties":{"fclass":"stream","name":""}},
{"type":"Feature","geometry":{"type":"LineString","coordinates":[[25.69353,59.02259],[25.69372,59.02248],[25.69352,59.02222]]},"properties":{"fclass":"stream","name":""}},
{"type":"Feature","geometry":{"type":"LineString","coordinates":[[25.9955,59.34773],[25.99382,59.34884],[25.99345,59.34933],[25.99311,59.35085]]},"properties":{"fclass":"stream","name":"Vohnja oja"}},
{"type":"Feature","geometry":{"type":"LineString","coordinates":[[26.00025,59.35603],[26.0017,59.35645],[26.00276,59.35776],[26.00693,59.35928],[26.00985,59.3607],[26.01008,59.36077]]},"properties":{"fclass":"stream","name":"Vohnja oja"}},
{"type":"Feature","geometry":{"type":"LineString","coordinates":[[26.0397,59.37335],[26.04023,59.37347],[26.04081,59.37356],[26.04161,59.37335],[26.0426,59.37353],[26.04339,59.37384],[26.04369,59.37411],[26.04405,59.37465],[26.04538,59.37538],[26.04543,59.3754]]},"properties":{"fclass":"stream","name":""}},
{"type":"Feature","geometry":{"type":"LineString","coordinates":[[25.99311,59.35085],[25.99311,59.35092]]},"properties":{"fclass":"stream","name":""}},
{"type":"Feature","geometry":{"type":"LineString","coordinates":[[26.01008,59.36077],[26.01022,59.36079]]},"properties":{"fclass":"stream","name":""}},
{"type":"Feature","geometry":{"type":"LineString","coordinates":[[26.3173,59.33364],[26.31748,59.33379],[26.31959,59.33393],[26.31984,59.33404]]},"properties":{"fclass":"stream","name":"Tobia pkr"}},
{"type":"Feature","geometry":{"type":"LineString","coordinates":[[26.31984,59.33404],[26.32,59.33412]]},"properties":{"fclass":"stream","name":"Tobia pkr"}},
{"type":"Feature","geometry":{"type":"LineString","coordinates":[[26.22548,59.04269],[26.22546,59.04264]]},"properties":{"fclass":"river","name":""}},
{"type":"Feature","geometry":{"type":"LineString","coordinates":[[26.22553,59.0428],[26.22548,59.04269]]},"properties":{"fclass":"river","name":""}},
{"type":"Feature","geometry":{"type":"LineString","coordinates":[[26.22666,59.04279],[26.22652,59.04281]]},"properties":{"fclass":"river","name":""}},
{"type":"Feature","geometry":{"type":"LineString","coordinates":[[26.22671,59.04277],[26.22666,59.04279]]},"properties":{"fclass":"river","name":""}},
{"type":"Feature","geometry":{"type":"LineString","coordinates":[[25.70578,59.2479],[25.70567,59.248]]},"properties":{"fclass":"stream","name":"Allikaoja"}},
{"type":"Feature","geometry":{"type":"LineString","coordinates":[[25.7106,59.24845],[25.70945,59.248],[25.70835,59.24718],[25.7074,59.24705],[25.70653,59.24725],[25.70578,59.2479]]},"properties":{"fclass":"stream","name":"Allikaoja"}},
{"type":"Feature","geometry":{"type":"LineString","coordinates":[[25.71076,59.24852],[25.7106,59.24845]]},"properties":{"fclass":"stream","name":"Allikaoja"}},
{"type":"Feature","geometry":{"type":"LineString","coordinates":[[25.7311,59.25171],[25.73088,59.25169]]},"properties":{"fclass":"stream","name":"Allikaoja"}},
{"type":"Feature","geometry":{"type":"LineString","coordinates":[[25.68133,59.24265],[25.68126,59.24264]]},"properties":{"fclass":"stream","name":""}},
{"type":"Feature","geometry":{"type":"LineString","coordinates":[[25.68146,59.24266],[25.68133,59.24265]]},"properties":{"fclass":"stream","name":""}},
{"type":"Feature","geometry":{"type":"LineString","coordinates":[[25.68424,59.24162],[25.68381,59.24172],[25.6832,59.24249],[25.68273,59.24255],[25.68207,59.24248],[25.68193,59.24269],[25.68146,59.24266]]},"properties":{"fclass":"stream","name":""}},
{"type":"Feature","geometry":{"type":"LineString","coordinates":[[25.70567,59.248],[25.7052,59.24837],[25.70276,59.24873],[25.70104,59.24874],[25.69816,59.24884],[25.69407,59.24783],[25.69244,59.24741]]},"properties":{"fclass":"stream","name":"Allikaoja"}},
{"type":"Feature","geometry":{"type":"LineString","coordinates":[[26.25452,59.0715],[26.25431,59.07149],[26.25415,59.07083],[26.25436,59.07081]]},"properties":{"fclass":"river","name":"Nõmme jõgi"}},
{"type":"Feature","geometry":{"type":"LineString","coordinates":[[25.38534,59.44899],[25.38525,59.44905]]},"properties":{"fclass":"stream","name":"Kiiu oja"}},
{"type":"Feature","geometry":{"type":"LineString","coordinates":[[25.38525,59.44905],[25.38426,59.44968],[25.38321,59.45007],[25.38301,59.45007]]},"properties":{"fclass":"stream","name":"Kiiu oja"}},
{"type":"Feature","geometry":{"type":"LineString","coordinates":[[25.81818,59.41711],[25.81803,59.41718]]},"properties":{"fclass":"stream","name":"Pikkoja"}},
{"type":"Feature","geometry":{"type":"LineString","coordinates":[[25.82441,59.41414],[25.82338,59.4149],[25.82281,59.41525],[25.82243,59.4154],[25.82008,59.41557],[25.81992,59.41566],[25.8191,59.4164],[25.81896,59.41666],[25.81809,59.41694],[25.81818,59.41711]]},"properties":{"fclass":"stream","name":"Pikkoja"}},
{"type":"Feature","geometry":{"type":"LineString","coordinates":[[25.82886,59.35021],[25.82866,59.35019]]},"properties":{"fclass":"stream","name":"Pala oja"}},
{"type":"Feature","geometry":{"type":"LineString","coordinates":[[25.82866,59.35019],[25.82676,59.35054],[25.82654,59.35089],[25.82628,59.35082],[25.82617,59.35042],[25.82538,59.35061],[25.8247,59.35066],[25.82439,59.35084],[25.82399,59.35072],[25.82355,59.35086],[25.8226,59.35087]]},"properties":{"fclass":"stream","name":"Pala oja"}},
{"type":"Feature","geometry":{"type":"LineString","coordinates":[[25.83085,59.38037],[25.83057,59.38032]]},"properties":{"fclass":"stream","name":"Härjakõrioja"}},
{"type":"Feature","geometry":{"type":"LineString","coordinates":[[25.83536,59.38132],[25.83525,59.38126],[25.83085,59.38037]]},"properties":{"fclass":"stream","name":"Härjakõrioja"}},
{"type":"Feature","geometry":{"type":"LineString","coordinates":[[25.86374,59.37533],[25.86344,59.37525]]},"properties":{"fclass":"stream","name":"Pala oja"}},
{"type":"Feature","geometry":{"type":"LineString","coordinates":[[25.86344,59.37525],[25.8626,59.37496],[25.86135,59.37438],[25.86093,59.37435],[25.86008,59.374],[25.85969,59.37356],[25.85964,59.37328],[25.85917,59.37292],[25.85921,59.37268],[25.85882,59.37252],[25.85863,59.37266],[25.85783,59.37263],[25.85759,59.37245],[25.85705,59.37265],[25.8555,59.37169],[25.85575,59.37164],[25.85566,59.37125],[25.85505,59.37071],[25.8555,59.37041],[25.85547,59.37018]]},"properties":{"fclass":"stream","name":"Pala oja"}},
{"type":"Feature","geometry":{"type":"LineString","coordinates":[[25.76003,59.39027],[25.75962,59.39029]]},"properties":{"fclass":"stream","name":"Leppoja"}},
{"type":"Feature","geometry":{"type":"LineString","coordinates":[[25.75962,59.39029],[25.75767,59.39042],[25.75655,59.39065],[25.7553,59.39075],[25.75406,59.391],[25.75268,59.39139],[25.75187,59.39177],[25.75128,59.39194],[25.75041,59.392],[25.74834,59.3919],[25.7481,59.39171],[25.74741,59.39184],[25.7473,59.39207],[25.74685,59.39227],[25.7458,59.39252],[25.74482,59.39258],[25.74408,59.39279]]},"properties":{"fclass":"stream","name":"Leppoja"}},
{"type":"Feature","geometry":{"type":"LineString","coordinates":[[25.36961,59.0584],[25.36968,59.05848]]},"properties":{"fclass":"stream","name":"Pirita jõgi"}},
{"type":"Feature","geometry":{"type":"LineString","coordinates":[[25.35378,59.0409],[25.35416,59.04515],[25.36961,59.0584]]},"properties":{"fclass":"stream","name":"Pirita jõgi"}},
{"type":"Feature","geometry":{"type":"LineString","coordinates":[[26.34771,59.37643],[26.34781,59.37642]]},"properties":{"fclass":"stream","name":"Soolikaoja"}},
{"type":"Feature","geometry":{"type":"LineString","coordinates":[[26.34781,59.37642],[26.34856,59.3764]]},"properties":{"fclass":"stream","name":"Soolikaoja"}},
{"type":"Feature","geometry":{"type":"LineString","coordinates":[[26.44422,59.32269],[26.44406,59.32275]]},"properties":{"fclass":"stream","name":"Vetiku oja"}},
{"type":"Feature","geometry":{"type":"LineString","coordinates":[[26.44425,59.32268],[26.44422,59.32269]]},"properties":{"fclass":"stream","name":"Vetiku oja"}},
{"type":"Feature","geometry":{"type":"LineString","coordinates":[[26.45018,59.33885],[26.45009,59.33904],[26.45067,59.33954],[26.45173,59.33978],[26.45238,59.33985],[26.45308,59.34008],[26.45435,59.34007],[26.4546,59.33985],[26.45518,59.33981],[26.45571,59.33957],[26.45684,59.33966],[26.4573,59.33962],[26.4579,59.3397],[26.45839,59.33987],[26.45934,59.33981]]},"properties":{"fclass":"stream","name":"Vetiku oja"}},
{"type":"Feature","geometry":{"type":"LineString","coordinates":[[26.45005,59.33877],[26.45018,59.33885]]},"properties":{"fclass":"stream","name":"Vetiku oja"}},
{"type":"Feature","geometry":{"type":"LineString","coordinates":[[26.45954,59.33979],[26.46172,59.33952],[26.46279,59.33949],[26.46335,59.3396],[26.46496,59.34021]]},"properties":{"fclass":"stream","name":"Vetiku oja"}},
{"type":"Feature","geometry":{"type":"LineString","coordinates":[[26.45934,59.33981],[26.45954,59.33979]]},"properties":{"fclass":"stream","name":"Vetiku oja"}},
{"type":"Feature","geometry":{"type":"LineString","coordinates":[[25.3436,59.34129],[25.34309,59.34157],[25.34288,59.34182],[25.34256,59.34175],[25.3427,59.34148],[25.34217,59.34139]]},"properties":{"fclass":"river","name":""}},
{"type":"Feature","geometry":{"type":"LineString","coordinates":[[25.34276,59.3408],[25.34322,59.34113],[25.34363,59.34121]]},"properties":{"fclass":"river","name":""}},
{"type":"Feature","geometry":{"type":"LineString","coordinates":[[25.34363,59.34121],[25.3436,59.34129]]},"properties":{"fclass":"river","name":""}},
{"type":"Feature","geometry":{"type":"LineString","coordinates":[[26.2846,59.38183],[26.28478,59.38158],[26.28471,59.38122],[26.28548,59.38089],[26.28585,59.38084],[26.28621,59.38096],[26.28688,59.38096],[26.28748,59.38085],[26.28834,59.38081],[26.28926,59.3804],[26.28964,59.38004],[26.28982,59.37972],[26.29076,59.37929],[26.2909,59.37898],[26.291,59.37877],[26.29143,59.37847],[26.29091,59.37808],[26.29057,59.37762],[26.29051,59.37705],[26.29122,59.37664],[26.29193,59.37663],[26.29221,59.37651],[26.2919,59.37624]]},"properties":{"fclass":"stream","name":"Veltsi oja"}},
{"type":"Feature","geometry":{"type":"LineString","coordinates":[[26.29179,59.37621],[26.29072,59.37601],[26.29032,59.37584],[26.29025,59.37565],[26.29056,59.37548],[26.29011,59.37533]]},"properties":{"fclass":"stream","name":"Veltsi oja"}},
{"type":"Feature","geometry":{"type":"LineString","coordinates":[[26.2919,59.37624],[26.29179,59.37621]]},"properties":{"fclass":"stream","name":"Veltsi oja"}},
{"type":"Feature","geometry":{"type":"LineString","coordinates":[[26.2909,59.37898],[26.291,59.37877]]},"properties":{"fclass":"stream","name":"Veltsi oja"}},
{"type":"Feature","geometry":{"type":"LineString","coordinates":[[26.2752,59.3807],[26.27577,59.38104],[26.27618,59.38171],[26.2766,59.38213],[26.27889,59.3827],[26.27966,59.38272],[26.28012,59.38267]]},"properties":{"fclass":"stream","name":"Veltsi oja"}},
{"type":"Feature","geometry":{"type":"LineString","coordinates":[[26.28433,59.38179],[26.28453,59.38183]]},"properties":{"fclass":"stream","name":"Veltsi oja"}},
{"type":"Feature","geometry":{"type":"LineString","coordinates":[[26.28453,59.38183],[26.2846,59.38183]]},"properties":{"fclass":"stream","name":"Veltsi oja"}},
{"type":"Feature","geometry":{"type":"LineString","coordinates":[[26.26151,59.38375],[26.26148,59.38367],[26.26316,59.38244],[26.26892,59.381],[26.27062,59.38132],[26.27499,59.38074]]},"properties":{"fclass":"stream","name":"Veltsi oja"}},
{"type":"Feature","geometry":{"type":"LineString","coordinates":[[26.27499,59.38074],[26.2752,59.3807]]},"properties":{"fclass":"stream","name":"Veltsi oja"}},
{"type":"Feature","geometry":{"type":"LineString","coordinates":[[26.28025,59.38271],[26.28072,59.38277],[26.28102,59.38298],[26.2814,59.38302],[26.28212,59.38283],[26.2831,59.38273],[26.28427,59.38178],[26.28433,59.38179]]},"properties":{"fclass":"stream","name":"Veltsi oja"}},
{"type":"Feature","geometry":{"type":"LineString","coordinates":[[26.28012,59.38267],[26.28025,59.38271]]},"properties":{"fclass":"stream","name":"Veltsi oja"}},
{"type":"Feature","geometry":{"type":"LineString","coordinates":[[26.25858,59.38945],[26.25784,59.38888],[26.25749,59.38627],[26.26161,59.38399],[26.26156,59.38384]]},"properties":{"fclass":"stream","name":"Veltsi oja"}},
{"type":"Feature","geometry":{"type":"LineString","coordinates":[[26.26156,59.38384],[26.26151,59.38375]]},"properties":{"fclass":"stream","name":"Veltsi oja"}},
{"type":"Feature","geometry":{"type":"LineString","coordinates":[[26.26263,59.39253],[26.26249,59.3924],[26.2587,59.38954]]},"properties":{"fclass":"stream","name":"Veltsi oja"}},
{"type":"Feature","geometry":{"type":"LineString","coordinates":[[26.2587,59.38954],[26.25858,59.38945]]},"properties":{"fclass":"stream","name":"Veltsi oja"}},
{"type":"Feature","geometry":{"type":"LineString","coordinates":[[26.25476,59.40196],[26.2567,59.40092],[26.25642,59.39992],[26.25698,59.39959],[26.26191,59.39687],[26.26206,59.39636],[26.26198,59.39568],[26.26369,59.39475],[26.26392,59.39452],[26.26391,59.39409],[26.26364,59.39369],[26.2627,59.3926]]},"properties":{"fclass":"stream","name":"Veltsi oja"}},
{"type":"Feature","geometry":{"type":"LineString","coordinates":[[26.2627,59.3926],[26.26263,59.39253]]},"properties":{"fclass":"stream","name":"Veltsi oja"}},
{"type":"Feature","geometry":{"type":"LineString","coordinates":[[26.24219,59.40846],[26.24721,59.40558],[26.2479,59.40563],[26.24947,59.40479],[26.24971,59.40457],[26.25042,59.40366],[26.25068,59.40347],[26.25213,59.40333],[26.25467,59.40201]]},"properties":{"fclass":"stream","name":"Veltsi oja"}},
{"type":"Feature","geometry":{"type":"LineString","coordinates":[[26.25467,59.40201],[26.25476,59.40196]]},"properties":{"fclass":"stream","name":"Veltsi oja"}},
{"type":"Feature","geometry":{"type":"LineString","coordinates":[[26.23287,59.40999],[26.23004,59.40843],[26.23003,59.40836],[26.23388,59.40627],[26.2419,59.40856],[26.24211,59.40851]]},"properties":{"fclass":"stream","name":"Veltsi oja"}},
{"type":"Feature","geometry":{"type":"LineString","coordinates":[[26.24211,59.40851],[26.24219,59.40846]]},"properties":{"fclass":"stream","name":"Veltsi oja"}},
{"type":"Feature","geometry":{"type":"LineString","coordinates":[[26.22022,59.42085],[26.22293,59.41971],[26.22126,59.41866],[26.22127,59.41862],[26.22869,59.4155],[26.22883,59.41544],[26.23016,59.41231],[26.23023,59.41224],[26.2331,59.41025],[26.23297,59.41005]]},"properties":{"fclass":"stream","name":"Veltsi oja"}},
{"type":"Feature","geometry":{"type":"LineString","coordinates":[[26.23297,59.41005],[26.23287,59.40999]]},"properties":{"fclass":"stream","name":"Veltsi oja"}},
{"type":"Feature","geometry":{"type":"LineString","coordinates":[[26.20177,59.42585],[26.20177,59.42582],[26.20815,59.42532],[26.2109,59.4245],[26.2121,59.42316],[26.22009,59.4209]]},"properties":{"fclass":"stream","name":"Veltsi oja"}},
{"type":"Feature","geometry":{"type":"LineString","coordinates":[[26.22009,59.4209],[26.22022,59.42085]]},"properties":{"fclass":"stream","name":"Veltsi oja"}},
{"type":"Feature","geometry":{"type":"LineString","coordinates":[[26.20164,59.42677],[26.20175,59.42589]]},"properties":{"fclass":"stream","name":"Veltsi oja"}},
{"type":"Feature","geometry":{"type":"LineString","coordinates":[[26.20175,59.42589],[26.20177,59.42585]]},"properties":{"fclass":"stream","name":"Veltsi oja"}},
{"type":"Feature","geometry":{"type":"LineString","coordinates":[[25.6879,59.24588],[25.68686,59.24552],[25.6865,59.24528],[25.68548,59.24509],[25.68461,59.24506]]},"properties":{"fclass":"stream","name":""}},
{"type":"Feature","geometry":{"type":"LineString","coordinates":[[25.68455,59.24421],[25.68464,59.24413]]},"properties":{"fclass":"stream","name":""}},
{"type":"Feature","geometry":{"type":"LineString","coordinates":[[25.68464,59.24413],[25.68538,59.2434],[25.68541,59.2428],[25.68509,59.24249]]},"properties":{"fclass":"stream","name":""}},
{"type":"Feature","geometry":{"type":"LineString","coordinates":[[25.68461,59.24506],[25.68453,59.2449],[25.6848,59.24464],[25.68455,59.24443],[25.68455,59.24421]]},"properties":{"fclass":"stream","name":""}},
{"type":"Feature","geometry":{"type":"LineString","coordinates":[[25.21595,59.16835],[25.21581,59.16883],[25.21492,59.16956],[25.21389,59.17018],[25.2138,59.17041],[25.21349,59.17065],[25.21271,59.17174],[25.21227,59.1722]]},"properties":{"fclass":"stream","name":"Vardja oja"}},
{"type":"Feature","geometry":{"type":"LineString","coordinates":[[25.21595,59.16827],[25.21595,59.16835]]},"properties":{"fclass":"stream","name":"Vardja oja"}},
{"type":"Feature","geometry":{"type":"LineString","coordinates":[[25.31523,59.23519],[25.31398,59.23587],[25.31473,59.23625]]},"properties":{"fclass":"stream","name":"Vilama pkr"}},
{"type":"Feature","geometry":{"type":"LineString","coordinates":[[25.31531,59.23515],[25.31523,59.23519]]},"properties":{"fclass":"stream","name":""}},
{"type":"Feature","geometry":{"type":"LineString","coordinates":[[25.99305,59.2674],[25.99291,59.26739]]},"properties":{"fclass":"stream","name":""}},
{"type":"Feature","geometry":{"type":"LineString","coordinates":[[25.99951,59.27066],[25.99931,59.27068]]},"properties":{"fclass":"stream","name":""}},
{"type":"Feature","geometry":{"type":"LineString","coordinates":[[25.71531,59.24924],[25.7135,59.24884],[25.71207,59.24882],[25.71142,59.24871],[25.71076,59.24852]]},"properties":{"fclass":"stream","name":"Allikaoja"}},
{"type":"Feature","geometry":{"type":"LineString","coordinates":[[26.22652,59.04281],[26.22591,59.04286],[26.22553,59.0428]]},"properties":{"fclass":"river","name":""}},
{"type":"Feature","geometry":{"type":"LineString","coordinates":[[25.69891,59.02079],[25.69874,59.02074]]},"properties":{"fclass":"stream","name":""}},
{"type":"Feature","geometry":{"type":"LineString","coordinates":[[25.69874,59.02074],[25.69862,59.02072]]},"properties":{"fclass":"stream","name":""}},
{"type":"Feature","geometry":{"type":"LineString","coordinates":[[25.70058,59.02273],[25.70049,59.02264]]},"properties":{"fclass":"stream","name":""}},
{"type":"Feature","geometry":{"type":"LineString","coordinates":[[25.69897,59.02189],[25.6984,59.02224],[25.69748,59.02213],[25.69635,59.02243],[25.69567,59.02246],[25.69511,59.02217],[25.69457,59.02202],[25.69397,59.02207],[25.69352,59.02222]]},"properties":{"fclass":"stream","name":"Vanaveski oja"}},
{"type":"Feature","geometry":{"type":"LineString","coordinates":[[25.69862,59.02072],[25.69844,59.02127],[25.69888,59.02181]]},"properties":{"fclass":"stream","name":""}},
{"type":"Feature","geometry":{"type":"LineString","coordinates":[[25.70049,59.02264],[25.6992,59.02099],[25.69891,59.02079]]},"properties":{"fclass":"stream","name":""}},
{"type":"Feature","geometry":{"type":"LineString","coordinates":[[26.44131,59.32356],[26.44073,59.32401],[26.43991,59.32444],[26.43939,59.32518]]},"properties":{"fclass":"stream","name":""}},
{"type":"Feature","geometry":{"type":"LineString","coordinates":[[26.44406,59.32275],[26.44383,59.3229],[26.44286,59.3233],[26.44188,59.3235],[26.44131,59.32356]]},"properties":{"fclass":"stream","name":"Vetiku oja"}},
{"type":"Feature","geometry":{"type":"LineString","coordinates":[[26.2751,59.05731],[26.27796,59.05495],[26.2784,59.05465]]},"properties":{"fclass":"stream","name":"Rajaallika oja"}},
{"type":"Feature","geometry":{"type":"LineString","coordinates":[[26.275,59.05735],[26.2751,59.05731]]},"properties":{"fclass":"stream","name":""}},
{"type":"Feature","geometry":{"type":"LineString","coordinates":[[25.69244,59.24741],[25.6915,59.24708],[25.69061,59.24701],[25.68986,59.24703],[25.68947,59.24692],[25.68808,59.24599]]},"properties":{"fclass":"stream","name":""}},
{"type":"Feature","geometry":{"type":"LineString","coordinates":[[25.68509,59.24249],[25.6846,59.24211],[25.68473,59.24186],[25.68441,59.24151],[25.68387,59.24144]]},"properties":{"fclass":"stream","name":""}},
{"type":"Feature","geometry":{"type":"LineString","coordinates":[[26.20581,58.99837],[26.20538,58.99838],[26.20501,58.99805],[26.20535,58.99769]]},"properties":{"fclass":"river","name":""}},
{"type":"Feature","geometry":{"type":"LineString","coordinates":[[26.45216,59.40281],[26.45196,59.40404],[26.45448,59.40876],[26.45535,59.40954],[26.45534,59.40963]]},"properties":{"fclass":"river","name":"Toolse jõgi"}},
{"type":"Feature","geometry":{"type":"LineString","coordinates":[[26.46228,59.39333],[26.46203,59.39467],[26.46192,59.39481],[26.45911,59.3966],[26.45902,59.3967],[26.45793,59.39826],[26.45578,59.39991],[26.45489,59.40063],[26.45368,59.40165],[26.45219,59.40269]]},"properties":{"fclass":"river","name":"Toolse jõgi"}},
{"type":"Feature","geometry":{"type":"LineString","coordinates":[[26.46887,59.46674],[26.46884,59.46749],[26.46875,59.46791],[26.46842,59.46805],[26.46791,59.46858],[26.46777,59.46899],[26.46783,59.4692],[26.4673,59.46947],[26.46724,59.46984]]},"properties":{"fclass":"river","name":"Toolse jõgi"}},
{"type":"Feature","geometry":{"type":"LineString","coordinates":[[26.44858,59.43267],[26.44872,59.43292],[26.45072,59.43589],[26.45312,59.43879],[26.45463,59.44058],[26.45493,59.44073],[26.45672,59.44131],[26.45906,59.44243],[26.46051,59.4434],[26.46074,59.44369],[26.46185,59.44601],[26.46193,59.44606],[26.46468,59.44729],[26.46477,59.44752],[26.46483,59.45064],[26.4648,59.45157],[26.46405,59.45272],[26.46345,59.45327],[26.46358,59.45363],[26.46377,59.45374],[26.46383,59.45452]]},"properties":{"fclass":"river","name":"Toolse jõgi"}},
{"type":"Feature","geometry":{"type":"LineString","coordinates":[[26.476,59.37216],[26.47579,59.37232]]},"properties":{"fclass":"river","name":""}},
{"type":"Feature","geometry":{"type":"LineString","coordinates":[[26.44594,59.42603],[26.44583,59.42608]]},"properties":{"fclass":"river","name":""}},
{"type":"Feature","geometry":{"type":"LineString","coordinates":[[26.45219,59.40269],[26.45216,59.40281]]},"properties":{"fclass":"river","name":""}},
{"type":"Feature","geometry":{"type":"LineString","coordinates":[[26.46383,59.45452],[26.46382,59.45463]]},"properties":{"fclass":"river","name":""}},
{"type":"Feature","geometry":{"type":"LineString","coordinates":[[26.4253,59.37652],[26.42471,59.37635],[26.42437,59.37654],[26.42443,59.37684],[26.42499,59.37714]]},"properties":{"fclass":"river","name":"Sõmeru jõgi"}},
{"type":"Feature","geometry":{"type":"LineString","coordinates":[[25.64222,59.04072],[25.6418,59.04024],[25.64156,59.04013],[25.64083,59.04005],[25.64019,59.03986],[25.63994,59.03988],[25.63905,59.04017],[25.63801,59.0406]]},"properties":{"fclass":"river","name":"Jägala jõgi"}},
{"type":"Feature","geometry":{"type":"LineString","coordinates":[[25.36005,59.33415],[25.35929,59.33432],[25.35896,59.33429],[25.35872,59.33406],[25.35827,59.33413],[25.35809,59.33397]]},"properties":{"fclass":"stream","name":""}},
{"type":"Feature","geometry":{"type":"LineString","coordinates":[[25.36484,59.33589],[25.36427,59.33593],[25.36364,59.33597],[25.36332,59.33574],[25.36345,59.3354]]},"properties":{"fclass":"stream","name":"Aavoja"}},
{"type":"Feature","geometry":{"type":"LineString","coordinates":[[25.36473,59.33581],[25.36427,59.33593]]},"properties":{"fclass":"stream","name":"Aavoja"}},
{"type":"Feature","geometry":{"type":"LineString","coordinates":[[25.36804,59.33617],[25.36757,59.33611]]},"properties":{"fclass":"stream","name":"Aavoja"}},
{"type":"Feature","geometry":{"type":"LineString","coordinates":[[25.37266,59.33462],[25.37245,59.33475]]},"properties":{"fclass":"stream","name":"Aavoja"}},
{"type":"Feature","geometry":{"type":"LineString","coordinates":[[25.37522,59.33337],[25.37519,59.33347]]},"properties":{"fclass":"stream","name":"Aavoja"}},
{"type":"Feature","geometry":{"type":"LineString","coordinates":[[25.3804,59.33207],[25.38036,59.33207]]},"properties":{"fclass":"stream","name":"Aavoja"}},
{"type":"Feature","geometry":{"type":"LineString","coordinates":[[25.38036,59.33207],[25.37982,59.33222]]},"properties":{"fclass":"stream","name":"Aavoja"}},
{"type":"Feature","geometry":{"type":"LineString","coordinates":[[25.4032,59.32286],[25.40352,59.32294],[25.4028,59.3235],[25.40231,59.32342]]},"properties":{"fclass":"stream","name":"Aavoja"}},
{"type":"Feature","geometry":{"type":"LineString","coordinates":[[25.40594,59.32206],[25.40545,59.32221],[25.40505,59.32214],[25.40458,59.32233],[25.40427,59.32236]]},"properties":{"fclass":"stream","name":""}},
{"type":"Feature","geometry":{"type":"LineString","coordinates":[[25.40372,59.32264],[25.40384,59.32284],[25.40352,59.32294]]},"properties":{"fclass":"stream","name":""}},
{"type":"Feature","geometry":{"type":"LineString","coordinates":[[25.40396,59.32246],[25.40329,59.32247],[25.40331,59.32265]]},"properties":{"fclass":"stream","name":""}},
{"type":"Feature","geometry":{"type":"LineString","coordinates":[[25.40539,59.31831],[25.40462,59.31872],[25.40301,59.31938],[25.40228,59.31952],[25.40188,59.31984],[25.40147,59.31993],[25.40056,59.31979],[25.40006,59.3199],[25.39962,59.32038],[25.39889,59.32076],[25.39843,59.32117],[25.39848,59.32128]]},"properties":{"fclass":"stream","name":"Verioja"}},
{"type":"Feature","geometry":{"type":"LineString","coordinates":[[25.41242,59.31571],[25.41222,59.31576]]},"properties":{"fclass":"stream","name":"Verioja"}},
{"type":"Feature","geometry":{"type":"LineString","coordinates":[[25.46134,59.30879],[25.46048,59.30851],[25.4569,59.30794],[25.45558,59.30793],[25.45509,59.30801],[25.45061,59.30993],[25.44937,59.30979],[25.44881,59.31004],[25.44732,59.30994],[25.44623,59.31054],[25.44637,59.31109],[25.44617,59.31127],[25.44465,59.31169],[25.44252,59.31223],[25.44005,59.31203],[25.43739,59.31216],[25.43532,59.31223],[25.43524,59.31221]]},"properties":{"fclass":"stream","name":"Verioja"}},
{"type":"Feature","geometry":{"type":"LineString","coordinates":[[25.4246,59.31193],[25.42305,59.31243],[25.42148,59.31284],[25.41896,59.31298],[25.4167,59.31314],[25.41649,59.31324],[25.41553,59.31411],[25.4153,59.31447],[25.41485,59.31452],[25.4145,59.31508],[25.41242,59.31571]]},"properties":{"fclass":"stream","name":"Verioja"}},
{"type":"Feature","geometry":{"type":"LineString","coordinates":[[25.43524,59.31221],[25.43512,59.31211]]},"properties":{"fclass":"stream","name":"Verioja"}},
{"type":"Feature","geometry":{"type":"LineString","coordinates":[[25.39836,59.32137],[25.39761,59.32178],[25.39697,59.32188],[25.39648,59.32205],[25.39597,59.32236],[25.39535,59.32317],[25.39514,59.32372],[25.3946,59.32418]]},"properties":{"fclass":"stream","name":"Verioja"}},
{"type":"Feature","geometry":{"type":"LineString","coordinates":[[25.39848,59.32128],[25.39836,59.32137]]},"properties":{"fclass":"stream","name":"Verioja"}},
{"type":"Feature","geometry":{"type":"LineString","coordinates":[[25.41222,59.31576],[25.40698,59.31734],[25.40678,59.31741],[25.40555,59.31821]]},"properties":{"fclass":"stream","name":"Verioja"}},
{"type":"Feature","geometry":{"type":"LineString","coordinates":[[25.40555,59.31821],[25.40539,59.31831]]},"properties":{"fclass":"stream","name":"Verioja"}},
{"type":"Feature","geometry":{"type":"LineString","coordinates":[[25.36522,59.33605],[25.36484,59.33589],[25.36473,59.33581],[25.36433,59.33558],[25.36345,59.3354],[25.36332,59.33524],[25.36286,59.33539],[25.36246,59.33521],[25.36189,59.33527],[25.36198,59.33504],[25.3614,59.33492],[25.36097,59.33493],[25.36101,59.3347],[25.36045,59.33463],[25.36005,59.33415],[25.35917,59.3339],[25.35886,59.33372],[25.35856,59.33373],[25.35809,59.33397],[25.35674,59.33401],[25.35631,59.33422],[25.35577,59.33407],[25.35541,59.33434],[25.35477,59.33436],[25.35469,59.33487],[25.35438,59.33511],[25.35433,59.33537],[25.35392,59.33584],[25.35384,59.33608],[25.35353,59.33615],[25.35263,59.336]]},"properties":{"fclass":"stream","name":"Aavoja"}},
{"type":"Feature","geometry":{"type":"LineString","coordinates":[[25.36531,59.3361],[25.36522,59.33605]]},"properties":{"fclass":"stream","name":"Aavoja"}},
{"type":"Feature","geometry":{"type":"LineString","coordinates":[[25.43512,59.31211],[25.4342,59.31231],[25.42476,59.31192]]},"properties":{"fclass":"stream","name":"Verioja"}},
{"type":"Feature","geometry":{"type":"LineString","coordinates":[[25.42476,59.31192],[25.4246,59.31193]]},"properties":{"fclass":"stream","name":"Verioja"}},
{"type":"Feature","geometry":{"type":"LineString","coordinates":[[25.34071,59.33511],[25.34129,59.33564],[25.34189,59.33585],[25.34263,59.33592],[25.34362,59.33592],[25.34429,59.33604],[25.34538,59.33662]]},"properties":{"fclass":"river","name":"Jägala jõgi"}},
{"type":"Feature","geometry":{"type":"LineString","coordinates":[[25.33795,59.3317],[25.33714,59.33218],[25.33671,59.3329],[25.33687,59.33355],[25.33746,59.33408],[25.33797,59.33428],[25.3394,59.33466],[25.34028,59.3348],[25.34071,59.33511]]},"properties":{"fclass":"river","name":"Jägala jõgi"}},
{"type":"Feature","geometry":{"type":"LineString","coordinates":[[25.34141,59.42223],[25.34145,59.42232]]},"properties":{"fclass":"stream","name":"Valkla oja"}},
{"type":"Feature","geometry":{"type":"LineString","coordinates":[[25.34145,59.42232],[25.34189,59.42341],[25.34224,59.42367],[25.34274,59.42389]]},"properties":{"fclass":"stream","name":"Valkla oja"}},
{"type":"Feature","geometry":{"type":"LineString","coordinates":[[25.21302,59.19454],[25.21286,59.19459]]},"properties":{"fclass":"stream","name":"Rahksoon"}},
{"type":"Feature","geometry":{"type":"LineString","coordinates":[[25.21475,59.19353],[25.21505,59.1939],[25.21302,59.19454]]},"properties":{"fclass":"stream","name":"Rahksoon"}},
{"type":"Feature","geometry":{"type":"LineString","coordinates":[[25.51822,59.43948],[25.51783,59.44008],[25.51732,59.4403],[25.5167,59.4404],[25.516,59.44067],[25.51572,59.44098],[25.51576,59.44122],[25.51528,59.44156],[25.51482,59.44152],[25.51463,59.44182],[25.51481,59.44214],[25.51466,59.44227]]},"properties":{"fclass":"stream","name":"Kursi oja"}},
{"type":"Feature","geometry":{"type":"LineString","coordinates":[[25.51466,59.44227],[25.51465,59.44231]]},"properties":{"fclass":"stream","name":""}},
{"type":"Feature","geometry":{"type":"LineString","coordinates":[[25.51403,59.44619],[25.5143,59.44633],[25.5141,59.4467]]},"properties":{"fclass":"stream","name":"Kursi oja"}},
{"type":"Feature","geometry":{"type":"LineString","coordinates":[[25.51408,59.44614],[25.51403,59.44619]]},"properties":{"fclass":"stream","name":""}},
{"type":"Feature","geometry":{"type":"LineString","coordinates":[[25.50892,59.09168],[25.50789,59.09033]]},"properties":{"fclass":"stream","name":""}},
{"type":"Feature","geometry":{"type":"LineString","coordinates":[[25.50953,59.09154],[25.50854,59.0901]]},"properties":{"fclass":"stream","name":""}},
{"type":"Feature","geometry":{"type":"LineString","coordinates":[[25.50789,59.09033],[25.50667,59.08851],[25.50624,59.08779]]},"properties":{"fclass":"stream","name":""}},
{"type":"Feature","geometry":{"type":"LineString","coordinates":[[25.5057,59.08975],[25.50658,59.08952],[25.50561,59.08798],[25.50624,59.08779],[25.50687,59.0876]]},"properties":{"fclass":"stream","name":""}},
{"type":"Feature","geometry":{"type":"LineString","coordinates":[[25.50782,59.09248],[25.50665,59.09077],[25.50789,59.09033],[25.50854,59.0901],[25.50687,59.0876],[25.50934,59.0868],[25.51047,59.08641],[25.51152,59.08616],[25.51184,59.08613],[25.51233,59.08583],[25.51293,59.08559],[25.51406,59.08527],[25.51425,59.08482],[25.51472,59.08465],[25.51493,59.08435]]},"properties":{"fclass":"stream","name":""}},
{"type":"Feature","geometry":{"type":"LineString","coordinates":[[25.52053,59.08401],[25.52071,59.08396],[25.52261,59.08413],[25.52465,59.08425],[25.52609,59.08436],[25.52748,59.08432],[25.52831,59.08442],[25.52938,59.08431],[25.53157,59.08391],[25.53272,59.08372],[25.53371,59.08363],[25.53477,59.08337],[25.53565,59.08323],[25.53738,59.08264],[25.53744,59.08258],[25.53858,59.08231],[25.53941,59.08267],[25.5402,59.08282],[25.54047,59.0828]]},"properties":{"fclass":"stream","name":""}}
]}