{"type":"FeatureCollection", "features": [
{"type":"Feature","geometry":{"type":"LineString","coordinates":[[25.93997,59.45465],[25.93955,59.45467],[25.93852,59.4546],[25.93792,59.45471],[25.93761,59.45489],[25.93749,59.45512],[25.93771,59.45552]]},"properties":{"ref":""}},
{"type":"Feature","geometry":{"type":"LineString","coordinates":[[26.34977,59.32583],[26.35085,59.3256]]},"properties":{"ref":"5"}},
{"type":"Feature","geometry":{"type":"LineString","coordinates":[[26.34977,59.32583],[26.35011,59.32599]]},"properties":{"ref":""}},
{"type":"Feature","geometry":{"type":"LineString","coordinates":[[26.34848,59.3265],[26.34908,59.32618]]},"properties":{"ref":"5"}},
{"type":"Feature","geometry":{"type":"LineString","coordinates":[[26.07228,59.44845],[26.07308,59.44846],[26.07392,59.44835],[26.07491,59.44812],[26.07536,59.44807]]},"properties":{"ref":""}},
{"type":"Feature","geometry":{"type":"LineString","coordinates":[[26.34936,59.32634],[26.34848,59.3265]]},"properties":{"ref":"5"}},
{"type":"Feature","geometry":{"type":"LineString","coordinates":[[26.33943,59.34898],[26.33936,59.34917]]},"properties":{"ref":""}},
{"type":"Feature","geometry":{"type":"LineString","coordinates":[[26.33947,59.34855],[26.33943,59.34898]]},"properties":{"ref":"5"}},
{"type":"Feature","geometry":{"type":"LineString","coordinates":[[26.33936,59.34917],[26.33906,59.34956]]},"properties":{"ref":"5"}},
{"type":"Feature","geometry":{"type":"LineString","coordinates":[[26.33906,59.34956],[26.33908,59.34911]]},"properties":{"ref":"5"}},
{"type":"Feature","geometry":{"type":"LineString","coordinates":[[26.33917,59.34897],[26.33947,59.34855]]},"properties":{"ref":"5"}},
{"type":"Feature","geometry":{"type":"LineString","coordinates":[[26.1263,59.34573],[26.12645,59.34549]]},"properties":{"ref":""}},
{"type":"Feature","geometry":{"type":"LineString","coordinates":[[25.64142,59.4623],[25.64162,59.46235],[25.64322,59.46239],[25.64334,59.46253],[25.64297,59.46265],[25.64132,59.46249]]},"properties":{"ref":""}},
{"type":"Feature","geometry":{"type":"LineString","coordinates":[[26.1269,59.34556],[26.12796,59.34611]]},"properties":{"ref":"5"}},
{"type":"Feature","geometry":{"type":"LineString","coordinates":[[26.12518,59.34515],[26.12607,59.34546],[26.12645,59.34549]]},"properties":{"ref":"5"}},
{"type":"Feature","geometry":{"type":"LineString","coordinates":[[26.33673,59.35477],[26.33582,59.3568]]},"properties":{"ref":"5"}},
{"type":"Feature","geometry":{"type":"LineString","coordinates":[[26.33694,59.35427],[26.33673,59.35477]]},"properties":{"ref":"5"}},
{"type":"Feature","geometry":{"type":"LineString","coordinates":[[26.39598,59.35555],[26.39677,59.35576]]},"properties":{"ref":"5"}},
{"type":"Feature","geometry":{"type":"LineString","coordinates":[[26.40729,59.35858],[26.40798,59.35889]]},"properties":{"ref":"5"}},
{"type":"Feature","geometry":{"type":"LineString","coordinates":[[25.93807,59.4543],[25.9396,59.45432],[25.94049,59.45422],[25.9414,59.45402],[25.9422,59.45372],[25.94371,59.45301]]},"properties":{"ref":""}},
{"type":"Feature","geometry":{"type":"LineString","coordinates":[[25.42349,59.44775],[25.42378,59.44772],[25.42576,59.44779],[25.42762,59.44774],[25.43034,59.44752],[25.43131,59.44749]]},"properties":{"ref":"1104"}},
{"type":"Feature","geometry":{"type":"LineString","coordinates":[[25.27868,59.44128],[25.27938,59.44108],[25.27982,59.44081],[25.28008,59.44055],[25.28045,59.43997],[25.28052,59.43978],[25.28091,59.43901]]},"properties":{"ref":""}},
{"type":"Feature","geometry":{"type":"LineString","coordinates":[[25.28091,59.43901],[25.2801,59.43887],[25.27922,59.43887],[25.27849,59.43895],[25.27817,59.4391],[25.27802,59.43932]]},"properties":{"ref":""}},
{"type":"Feature","geometry":{"type":"LineString","coordinates":[[25.36922,59.44474],[25.37036,59.44475],[25.37176,59.4447],[25.37397,59.44436],[25.37509,59.44424]]},"properties":{"ref":"1103"}},
{"type":"Feature","geometry":{"type":"LineString","coordinates":[[25.59159,59.45994],[25.59235,59.45993],[25.59584,59.46014],[25.59668,59.46027],[25.59756,59.46059],[25.59833,59.46077],[25.60008,59.46097]]},"properties":{"ref":"11275"}},
{"type":"Feature","geometry":{"type":"LineString","coordinates":[[25.58773,59.46023],[25.58807,59.46019],[25.58927,59.46025],[25.58996,59.4602],[25.59159,59.45994]]},"properties":{"ref":"1175"}},
{"type":"Feature","geometry":{"type":"LineString","coordinates":[[25.60427,59.46122],[25.60505,59.46133],[25.60526,59.46148]]},"properties":{"ref":""}},
{"type":"Feature","geometry":{"type":"LineString","coordinates":[[25.52581,59.45668],[25.52529,59.45671],[25.52309,59.4566],[25.52185,59.45662],[25.51945,59.45676],[25.51788,59.45682]]},"properties":{"ref":"1105"}},
{"type":"Feature","geometry":{"type":"LineString","coordinates":[[25.43281,59.45011],[25.43217,59.45004]]},"properties":{"ref":"1104"}},
{"type":"Feature","geometry":{"type":"LineString","coordinates":[[26.33503,59.35749],[26.33523,59.35755]]},"properties":{"ref":""}},
{"type":"Feature","geometry":{"type":"LineString","coordinates":[[25.3809,59.44559],[25.3791,59.44562],[25.3786,59.44571]]},"properties":{"ref":""}},
{"type":"Feature","geometry":{"type":"LineString","coordinates":[[25.44083,59.44903],[25.43879,59.44898],[25.43733,59.44908],[25.43596,59.44928],[25.43449,59.44956],[25.43402,59.44969],[25.43345,59.45003]]},"properties":{"ref":"1104"}},
{"type":"Feature","geometry":{"type":"LineString","coordinates":[[25.83079,59.46001],[25.82978,59.46008]]},"properties":{"ref":""}},
{"type":"Feature","geometry":{"type":"LineString","coordinates":[[25.8665,59.45645],[25.86744,59.45643],[25.86762,59.45656],[25.86747,59.45662],[25.86606,59.45665]]},"properties":{"ref":""}},
{"type":"Feature","geometry":{"type":"LineString","coordinates":[[25.81641,59.46024],[25.81536,59.46019],[25.81523,59.46006],[25.81552,59.46],[25.81623,59.46004]]},"properties":{"ref":"1"}},
{"type":"Feature","geometry":{"type":"LineString","coordinates":[[25.51834,59.45624],[25.51766,59.45619]]},"properties":{"ref":"1"}},
{"type":"Feature","geometry":{"type":"LineString","coordinates":[[25.50793,59.45543],[25.50434,59.45509],[25.47951,59.45272],[25.44479,59.44941]]},"properties":{"ref":"1"}},
{"type":"Feature","geometry":{"type":"LineString","coordinates":[[25.51771,59.456],[25.51839,59.45604]]},"properties":{"ref":"1"}},
{"type":"Feature","geometry":{"type":"LineString","coordinates":[[25.60427,59.46122],[25.60924,59.46151],[25.61332,59.46168],[25.61625,59.46178],[25.61919,59.46185],[25.62861,59.46205]]},"properties":{"ref":"1"}},
{"type":"Feature","geometry":{"type":"LineString","coordinates":[[25.18533,59.43441],[25.18852,59.4344],[25.19144,59.43455],[25.19201,59.43447],[25.19241,59.43417]]},"properties":{"ref":""}},
{"type":"Feature","geometry":{"type":"LineString","coordinates":[[25.19241,59.43417],[25.1924,59.43451],[25.19287,59.4347],[25.19324,59.43474]]},"properties":{"ref":""}},
{"type":"Feature","geometry":{"type":"LineString","coordinates":[[25.19207,59.43046],[25.19201,59.43092],[25.1921,59.4312],[25.19246,59.43141],[25.19286,59.43151]]},"properties":{"ref":""}},
{"type":"Feature","geometry":{"type":"LineString","coordinates":[[25.19241,59.43417],[25.1934,59.43247],[25.19357,59.43198],[25.19328,59.43161]]},"properties":{"ref":""}},
{"type":"Feature","geometry":{"type":"LineString","coordinates":[[25.19286,59.43151],[25.1922,59.43157],[25.19173,59.43189],[25.19154,59.43226]]},"properties":{"ref":""}},
{"type":"Feature","geometry":{"type":"LineString","coordinates":[[25.19286,59.43151],[25.19172,59.4314]]},"properties":{"ref":""}},
{"type":"Feature","geometry":{"type":"LineString","coordinates":[[25.23915,59.43762],[25.22032,59.43654]]},"properties":{"ref":"1"}},
{"type":"Feature","geometry":{"type":"LineString","coordinates":[[25.51947,59.45562],[25.52192,59.45606],[25.52337,59.45625],[25.52565,59.45642],[25.52623,59.45651]]},"properties":{"ref":"1105"}},
{"type":"Feature","geometry":{"type":"LineString","coordinates":[[25.28077,59.43999],[25.28045,59.43997],[25.28009,59.43994]]},"properties":{"ref":"1"}},
{"type":"Feature","geometry":{"type":"LineString","coordinates":[[25.28013,59.43976],[25.28052,59.43978],[25.28081,59.43979]]},"properties":{"ref":"1"}},
{"type":"Feature","geometry":{"type":"LineString","coordinates":[[25.31325,59.44161],[25.32541,59.4423],[25.35545,59.44398]]},"properties":{"ref":"1"}},
{"type":"Feature","geometry":{"type":"LineString","coordinates":[[26.40975,59.38156],[26.40893,59.3819]]},"properties":{"ref":"1"}},
{"type":"Feature","geometry":{"type":"LineString","coordinates":[[26.44205,59.36502],[26.4413,59.36499]]},"properties":{"ref":"1"}},
{"type":"Feature","geometry":{"type":"LineString","coordinates":[[25.94295,59.25717],[25.94331,59.25728],[25.94425,59.25737]]},"properties":{"ref":"5"}},
{"type":"Feature","geometry":{"type":"LineString","coordinates":[[25.94299,59.25726],[25.94292,59.25735]]},"properties":{"ref":"5"}},
{"type":"Feature","geometry":{"type":"LineString","coordinates":[[26.3386,59.35157],[26.33823,59.35155]]},"properties":{"ref":""}},
{"type":"Feature","geometry":{"type":"LineString","coordinates":[[26.33906,59.34956],[26.33884,59.35013],[26.33878,59.35071]]},"properties":{"ref":"5"}},
{"type":"Feature","geometry":{"type":"LineString","coordinates":[[26.33839,59.35125],[26.33878,59.35071]]},"properties":{"ref":"5"}},
{"type":"Feature","geometry":{"type":"LineString","coordinates":[[26.3386,59.35157],[26.3378,59.35244]]},"properties":{"ref":"5"}},
{"type":"Feature","geometry":{"type":"LineString","coordinates":[[26.33805,59.352],[26.33823,59.35155]]},"properties":{"ref":"5"}},
{"type":"Feature","geometry":{"type":"LineString","coordinates":[[26.33878,59.35071],[26.33867,59.35129]]},"properties":{"ref":"5"}},
{"type":"Feature","geometry":{"type":"LineString","coordinates":[[26.3378,59.35244],[26.3375,59.35302],[26.33694,59.35427]]},"properties":{"ref":"5"}},
{"type":"Feature","geometry":{"type":"LineString","coordinates":[[26.33203,59.35735],[26.33054,59.35718]]},"properties":{"ref":"5"}},
{"type":"Feature","geometry":{"type":"LineString","coordinates":[[26.33582,59.3568],[26.33558,59.35721],[26.33523,59.35755]]},"properties":{"ref":"5"}},
{"type":"Feature","geometry":{"type":"LineString","coordinates":[[26.3351,59.3578],[26.33485,59.3578]]},"properties":{"ref":""}},
{"type":"Feature","geometry":{"type":"LineString","coordinates":[[26.33466,59.35769],[26.3347,59.35758]]},"properties":{"ref":""}},
{"type":"Feature","geometry":{"type":"LineString","coordinates":[[26.31113,59.35207],[26.30913,59.35181],[26.29802,59.35053]]},"properties":{"ref":"5"}},
{"type":"Feature","geometry":{"type":"LineString","coordinates":[[26.26768,59.3486],[26.26539,59.34864],[26.25597,59.3488],[26.25489,59.34883],[26.25156,59.34901]]},"properties":{"ref":"5"}},
{"type":"Feature","geometry":{"type":"LineString","coordinates":[[26.20666,59.35363],[26.19758,59.35504],[26.19545,59.35534]]},"properties":{"ref":"5"}},
{"type":"Feature","geometry":{"type":"LineString","coordinates":[[26.14024,59.34995],[26.13813,59.34943],[26.13699,59.34911],[26.13576,59.34873]]},"properties":{"ref":"5"}},
{"type":"Feature","geometry":{"type":"LineString","coordinates":[[26.33485,59.3578],[26.33466,59.35769]]},"properties":{"ref":""}},
{"type":"Feature","geometry":{"type":"LineString","coordinates":[[25.37436,59.44669],[25.37297,59.4461],[25.37194,59.44562],[25.37094,59.44524],[25.36995,59.44505],[25.36881,59.44492]]},"properties":{"ref":""}},
{"type":"Feature","geometry":{"type":"LineString","coordinates":[[25.37589,59.44531],[25.36881,59.44492]]},"properties":{"ref":"1"}},
{"type":"Feature","geometry":{"type":"LineString","coordinates":[[25.37664,59.44535],[25.37589,59.44531]]},"properties":{"ref":"1"}},
{"type":"Feature","geometry":{"type":"LineString","coordinates":[[25.37613,59.44513],[25.37688,59.44516]]},"properties":{"ref":"1"}},
{"type":"Feature","geometry":{"type":"LineString","coordinates":[[25.37688,59.44516],[25.38299,59.44551]]},"properties":{"ref":"1"}},
{"type":"Feature","geometry":{"type":"LineString","coordinates":[[26.40893,59.3819],[26.40743,59.38249],[26.40557,59.38318],[26.40473,59.38354],[26.40356,59.38412],[26.39459,59.38909]]},"properties":{"ref":"1"}},
{"type":"Feature","geometry":{"type":"LineString","coordinates":[[26.3469,59.32733],[26.3452,59.32826],[26.34403,59.32897],[26.34325,59.32961]]},"properties":{"ref":"5"}},
{"type":"Feature","geometry":{"type":"LineString","coordinates":[[26.4609,59.36571],[26.4592,59.36564],[26.44652,59.3652],[26.44205,59.36502]]},"properties":{"ref":"1"}},
{"type":"Feature","geometry":{"type":"LineString","coordinates":[[26.3396,59.41613],[26.33572,59.41657]]},"properties":{"ref":"1"}},
{"type":"Feature","geometry":{"type":"LineString","coordinates":[[25.59042,59.46164],[25.58935,59.46095],[25.58895,59.46075],[25.58834,59.46056],[25.58673,59.46036]]},"properties":{"ref":"1176"}},
{"type":"Feature","geometry":{"type":"LineString","coordinates":[[25.18501,59.43445],[25.18765,59.43451],[25.18975,59.4346],[25.19323,59.43479]]},"properties":{"ref":"1"}},
{"type":"Feature","geometry":{"type":"LineString","coordinates":[[25.94425,59.25737],[25.9502,59.25743],[25.9571,59.25749],[25.95895,59.25746],[25.95984,59.25737],[25.9607,59.25705],[25.96241,59.25564],[25.96302,59.25522],[25.96375,59.25494],[25.96498,59.25472],[25.96598,59.25473],[25.96653,59.25479],[25.96859,59.25512],[25.97099,59.25548],[25.97175,59.25552]]},"properties":{"ref":"5"}},
{"type":"Feature","geometry":{"type":"LineString","coordinates":[[25.94244,59.25717],[25.94247,59.25647]]},"properties":{"ref":"5"}},
{"type":"Feature","geometry":{"type":"LineString","coordinates":[[25.94247,59.25647],[25.94258,59.25681],[25.94282,59.25711]]},"properties":{"ref":"5"}},
{"type":"Feature","geometry":{"type":"LineString","coordinates":[[25.94425,59.25737],[25.94292,59.25735]]},"properties":{"ref":"5"}},
{"type":"Feature","geometry":{"type":"LineString","coordinates":[[25.76095,59.18012],[25.76138,59.18053],[25.76178,59.18066]]},"properties":{"ref":""}},
{"type":"Feature","geometry":{"type":"LineString","coordinates":[[25.43187,59.45002],[25.431,59.44998]]},"properties":{"ref":"1104"}},
{"type":"Feature","geometry":{"type":"LineString","coordinates":[[25.18501,59.43445],[25.18533,59.43441],[25.18652,59.4343],[25.18795,59.43405],[25.18931,59.4336],[25.19029,59.43306],[25.19081,59.43268],[25.19122,59.43217],[25.19148,59.43168],[25.19172,59.43105],[25.19207,59.43046]]},"properties":{"ref":""}},
{"type":"Feature","geometry":{"type":"LineString","coordinates":[[26.33466,59.35769],[26.33329,59.35748]]},"properties":{"ref":"5"}},
{"type":"Feature","geometry":{"type":"LineString","coordinates":[[26.3347,59.35758],[26.33503,59.35749]]},"properties":{"ref":""}},
{"type":"Feature","geometry":{"type":"LineString","coordinates":[[25.9446,59.45334],[25.94466,59.45385],[25.94493,59.45422],[25.94564,59.45466],[25.94646,59.4549],[25.94744,59.45505]]},"properties":{"ref":""}},
{"type":"Feature","geometry":{"type":"LineString","coordinates":[[25.93771,59.45552],[25.93697,59.45496],[25.93644,59.45466],[25.93601,59.45451],[25.93501,59.45437],[25.93235,59.45418]]},"properties":{"ref":""}},
{"type":"Feature","geometry":{"type":"LineString","coordinates":[[26.52496,59.36798],[26.50721,59.36735],[26.49828,59.36703],[26.4912,59.36679],[26.4609,59.36571]]},"properties":{"ref":"1"}},
{"type":"Feature","geometry":{"type":"LineString","coordinates":[[26.09279,59.4451],[26.09207,59.44528],[26.09192,59.4456]]},"properties":{"ref":""}},
{"type":"Feature","geometry":{"type":"LineString","coordinates":[[25.35005,59.44386],[25.32829,59.44265],[25.31786,59.44206],[25.31119,59.4417]]},"properties":{"ref":"1"}},
{"type":"Feature","geometry":{"type":"LineString","coordinates":[[25.36719,59.44463],[25.36922,59.44474]]},"properties":{"ref":"1"}},
{"type":"Feature","geometry":{"type":"LineString","coordinates":[[25.3859,59.44567],[25.40302,59.44662],[25.40952,59.44699]]},"properties":{"ref":"1"}},
{"type":"Feature","geometry":{"type":"LineString","coordinates":[[25.3809,59.44559],[25.37664,59.44535]]},"properties":{"ref":"1"}},
{"type":"Feature","geometry":{"type":"LineString","coordinates":[[25.19852,59.43509],[25.2163,59.43612]]},"properties":{"ref":"1"}},
{"type":"Feature","geometry":{"type":"LineString","coordinates":[[25.19668,59.43519],[25.19403,59.43503]]},"properties":{"ref":"1"}},
{"type":"Feature","geometry":{"type":"LineString","coordinates":[[26.11944,59.33729],[26.11956,59.33781],[26.11987,59.34022],[26.12011,59.34119],[26.12053,59.342],[26.12131,59.34295],[26.12199,59.34354]]},"properties":{"ref":"5"}},
{"type":"Feature","geometry":{"type":"LineString","coordinates":[[26.11897,59.33627],[26.11944,59.33729]]},"properties":{"ref":"5"}},
{"type":"Feature","geometry":{"type":"LineString","coordinates":[[25.19319,59.43498],[25.18842,59.43473],[25.18728,59.43469],[25.18427,59.43463]]},"properties":{"ref":"1"}},
{"type":"Feature","geometry":{"type":"LineString","coordinates":[[25.19403,59.43503],[25.19319,59.43498]]},"properties":{"ref":"1"}},
{"type":"Feature","geometry":{"type":"LineString","coordinates":[[25.19455,59.43487],[25.19529,59.43491]]},"properties":{"ref":"1"}},
{"type":"Feature","geometry":{"type":"LineString","coordinates":[[25.42067,59.44898],[25.41993,59.44879],[25.41839,59.44834],[25.4174,59.4481],[25.41552,59.44771],[25.41461,59.44756],[25.41284,59.44742],[25.41249,59.44735]]},"properties":{"ref":"1104"}},
{"type":"Feature","geometry":{"type":"LineString","coordinates":[[25.43347,59.4483],[25.43732,59.44855],[25.43943,59.44871]]},"properties":{"ref":"1"}},
{"type":"Feature","geometry":{"type":"LineString","coordinates":[[25.40812,59.44711],[25.3856,59.44585]]},"properties":{"ref":"1"}},
{"type":"Feature","geometry":{"type":"LineString","coordinates":[[25.43343,59.4485],[25.43253,59.44845]]},"properties":{"ref":"1"}},
{"type":"Feature","geometry":{"type":"LineString","coordinates":[[25.43258,59.44825],[25.43347,59.4483]]},"properties":{"ref":"1"}},
{"type":"Feature","geometry":{"type":"LineString","coordinates":[[25.79692,59.46034],[25.81163,59.46009],[25.81523,59.46006],[25.81623,59.46004],[25.82457,59.45992],[25.8271,59.45987],[25.82852,59.45982],[25.82998,59.45972],[25.84333,59.45838],[25.84621,59.45808],[25.85084,59.45739],[25.85306,59.45714],[25.85428,59.45706],[25.85752,59.45692],[25.86073,59.4568],[25.86249,59.45671],[25.8644,59.45659]]},"properties":{"ref":"1"}},
{"type":"Feature","geometry":{"type":"LineString","coordinates":[[25.70068,59.46367],[25.6999,59.46361],[25.69976,59.46346],[25.70001,59.46342],[25.70131,59.46349]]},"properties":{"ref":""}},
{"type":"Feature","geometry":{"type":"LineString","coordinates":[[25.70842,59.46364],[25.70934,59.4637],[25.70948,59.46385],[25.70924,59.46395],[25.70758,59.46381]]},"properties":{"ref":""}},
{"type":"Feature","geometry":{"type":"LineString","coordinates":[[25.77092,59.46173],[25.77191,59.46165]]},"properties":{"ref":"1"}},
{"type":"Feature","geometry":{"type":"LineString","coordinates":[[25.77198,59.46184],[25.77102,59.46192]]},"properties":{"ref":"1"}},
{"type":"Feature","geometry":{"type":"LineString","coordinates":[[25.79692,59.46034],[25.79785,59.46038],[25.79787,59.46051],[25.79765,59.46059],[25.79656,59.46053]]},"properties":{"ref":""}},
{"type":"Feature","geometry":{"type":"LineString","coordinates":[[25.74407,59.4641],[25.74016,59.46424],[25.73589,59.46429],[25.73262,59.46428],[25.73062,59.46425],[25.72557,59.46416],[25.70948,59.46385],[25.70758,59.46381]]},"properties":{"ref":"1"}},
{"type":"Feature","geometry":{"type":"LineString","coordinates":[[25.94545,59.45509],[25.94151,59.45477]]},"properties":{"ref":"1"}},
{"type":"Feature","geometry":{"type":"LineString","coordinates":[[25.92289,59.45412],[25.92385,59.45414],[25.924,59.45426],[25.92352,59.45434],[25.92249,59.45433]]},"properties":{"ref":""}},
{"type":"Feature","geometry":{"type":"LineString","coordinates":[[25.94947,59.45521],[25.94979,59.45523]]},"properties":{"ref":"1"}},
{"type":"Feature","geometry":{"type":"LineString","coordinates":[[25.94982,59.45545],[25.94937,59.45541]]},"properties":{"ref":"1"}},
{"type":"Feature","geometry":{"type":"LineString","coordinates":[[25.96715,59.4567],[25.97066,59.4572],[25.97245,59.4575],[25.9749,59.45798],[25.97684,59.45841],[25.98618,59.4606],[25.98768,59.46093],[25.98959,59.4613],[25.99159,59.46165],[25.99347,59.46195],[25.99518,59.46218],[25.99683,59.46237],[25.9996,59.46265]]},"properties":{"ref":"1"}},
{"type":"Feature","geometry":{"type":"LineString","coordinates":[[25.9104,59.45482],[25.89782,59.45531],[25.88891,59.45567],[25.87021,59.45643],[25.86762,59.45656],[25.86606,59.45665],[25.8633,59.45686]]},"properties":{"ref":"1"}},
{"type":"Feature","geometry":{"type":"LineString","coordinates":[[25.93997,59.45465],[25.93644,59.45437],[25.93473,59.45426],[25.93235,59.45418]]},"properties":{"ref":"1"}},
{"type":"Feature","geometry":{"type":"LineString","coordinates":[[26.35256,59.32492],[26.35572,59.32366]]},"properties":{"ref":"5"}},
{"type":"Feature","geometry":{"type":"LineString","coordinates":[[26.09279,59.4451],[26.08171,59.44702],[26.07836,59.44764],[26.07617,59.44809]]},"properties":{"ref":"1"}},
{"type":"Feature","geometry":{"type":"LineString","coordinates":[[25.59953,59.46114],[25.59837,59.46112],[25.59725,59.46121],[25.59629,59.46152],[25.5953,59.46192],[25.5947,59.46201],[25.59415,59.462],[25.59149,59.46186],[25.59042,59.46164]]},"properties":{"ref":"11276"}},
{"type":"Feature","geometry":{"type":"LineString","coordinates":[[25.44083,59.44903],[25.43851,59.44883]]},"properties":{"ref":"1"}},
{"type":"Feature","geometry":{"type":"LineString","coordinates":[[25.42326,59.4494],[25.42122,59.4491],[25.42067,59.44898]]},"properties":{"ref":"1104"}},
{"type":"Feature","geometry":{"type":"LineString","coordinates":[[25.41522,59.4473],[25.42349,59.44775]]},"properties":{"ref":"1"}},
{"type":"Feature","geometry":{"type":"LineString","coordinates":[[25.44263,59.449],[25.44373,59.44911]]},"properties":{"ref":"1"}},
{"type":"Feature","geometry":{"type":"LineString","coordinates":[[25.58393,59.46019],[25.58317,59.46008],[25.58311,59.45996]]},"properties":{"ref":""}},
{"type":"Feature","geometry":{"type":"LineString","coordinates":[[25.43178,59.44821],[25.43258,59.44825]]},"properties":{"ref":"1"}},
{"type":"Feature","geometry":{"type":"LineString","coordinates":[[25.43851,59.44883],[25.43712,59.44873],[25.43343,59.4485]]},"properties":{"ref":"1"}},
{"type":"Feature","geometry":{"type":"LineString","coordinates":[[26.12447,59.34489],[26.12518,59.34515]]},"properties":{"ref":"5"}},
{"type":"Feature","geometry":{"type":"LineString","coordinates":[[25.98555,59.25388],[25.9869,59.25402]]},"properties":{"ref":"5"}},
{"type":"Feature","geometry":{"type":"LineString","coordinates":[[25.94371,59.45301],[25.94443,59.45257],[25.94495,59.45214]]},"properties":{"ref":""}},
{"type":"Feature","geometry":{"type":"LineString","coordinates":[[25.94411,59.45313],[25.9446,59.45334]]},"properties":{"ref":""}},
{"type":"Feature","geometry":{"type":"LineString","coordinates":[[25.94371,59.45301],[25.94411,59.45313]]},"properties":{"ref":""}},
{"type":"Feature","geometry":{"type":"LineString","coordinates":[[26.33993,59.34747],[26.33947,59.34855]]},"properties":{"ref":"5"}},
{"type":"Feature","geometry":{"type":"LineString","coordinates":[[25.70419,59.02651],[25.70396,59.02696],[25.7029,59.02844],[25.70275,59.02884]]},"properties":{"ref":"5"}},
{"type":"Feature","geometry":{"type":"LineString","coordinates":[[25.70529,59.02349],[25.70439,59.02605],[25.70419,59.02651]]},"properties":{"ref":"5"}},
{"type":"Feature","geometry":{"type":"LineString","coordinates":[[25.68436,59.0826],[25.68471,59.0835],[25.68509,59.08434],[25.68575,59.0856],[25.68666,59.08701],[25.68717,59.08771],[25.68882,59.08977],[25.69002,59.09115],[25.69105,59.09222],[25.69198,59.09305],[25.69369,59.09446],[25.69494,59.09539],[25.69632,59.09632],[25.69734,59.09695],[25.69935,59.09809],[25.70099,59.09894],[25.7112,59.10409],[25.71252,59.10474],[25.71429,59.10549],[25.71667,59.10644],[25.71787,59.10694],[25.71894,59.10746],[25.72067,59.10838],[25.72213,59.10918]]},"properties":{"ref":"5"}},
{"type":"Feature","geometry":{"type":"LineString","coordinates":[[26.41042,59.33701],[26.41104,59.33774],[26.41155,59.33872],[26.41178,59.33952],[26.4118,59.3406],[26.41142,59.34184],[26.41068,59.34291],[26.40954,59.34403],[26.40767,59.34561],[26.4026,59.34977],[26.40167,59.35056],[26.39722,59.35423]]},"properties":{"ref":"5"}},
{"type":"Feature","geometry":{"type":"LineString","coordinates":[[26.40174,59.35665],[26.40254,59.35683],[26.40384,59.3572],[26.40524,59.35771],[26.40729,59.35858]]},"properties":{"ref":"5"}},
{"type":"Feature","geometry":{"type":"LineString","coordinates":[[26.34223,59.34004],[26.34244,59.33979]]},"properties":{"ref":""}},
{"type":"Feature","geometry":{"type":"LineString","coordinates":[[26.35085,59.3256],[26.35021,59.32587],[26.35011,59.32599]]},"properties":{"ref":"5"}},
{"type":"Feature","geometry":{"type":"LineString","coordinates":[[26.34244,59.33979],[26.34268,59.33951]]},"properties":{"ref":"5"}},
{"type":"Feature","geometry":{"type":"LineString","coordinates":[[26.34282,59.34017],[26.34258,59.34047]]},"properties":{"ref":"5"}},
{"type":"Feature","geometry":{"type":"LineString","coordinates":[[26.34258,59.34047],[26.34248,59.34017]]},"properties":{"ref":"5"}},
{"type":"Feature","geometry":{"type":"LineString","coordinates":[[26.34268,59.33951],[26.34285,59.3398]]},"properties":{"ref":"5"}},
{"type":"Feature","geometry":{"type":"LineString","coordinates":[[26.37353,59.32095],[26.37466,59.3212],[26.38395,59.32346],[26.38558,59.32388],[26.38747,59.32442],[26.38941,59.32502],[26.39137,59.32568],[26.39237,59.32605],[26.39506,59.32713],[26.39702,59.32802],[26.39808,59.32855],[26.40057,59.32992],[26.40155,59.33051]]},"properties":{"ref":"5"}},
{"type":"Feature","geometry":{"type":"LineString","coordinates":[[26.404,59.33207],[26.4042,59.33206]]},"properties":{"ref":""}},
{"type":"Feature","geometry":{"type":"LineString","coordinates":[[26.40378,59.3322],[26.40349,59.3318]]},"properties":{"ref":"5"}},
{"type":"Feature","geometry":{"type":"LineString","coordinates":[[26.40443,59.33226],[26.40472,59.33267]]},"properties":{"ref":"5"}},
{"type":"Feature","geometry":{"type":"LineString","coordinates":[[26.40472,59.33267],[26.4042,59.33239]]},"properties":{"ref":"5"}},
{"type":"Feature","geometry":{"type":"LineString","coordinates":[[26.37049,59.32072],[26.37047,59.32049]]},"properties":{"ref":""}},
{"type":"Feature","geometry":{"type":"LineString","coordinates":[[26.40472,59.33267],[26.40488,59.33279]]},"properties":{"ref":"5"}},
{"type":"Feature","geometry":{"type":"LineString","coordinates":[[26.35085,59.3256],[26.35256,59.32492]]},"properties":{"ref":"5"}},
{"type":"Feature","geometry":{"type":"LineString","coordinates":[[26.34233,59.34173],[26.34186,59.34307],[26.34147,59.34401],[26.33993,59.34747]]},"properties":{"ref":"5"}},
{"type":"Feature","geometry":{"type":"LineString","coordinates":[[26.37215,59.32073],[26.3712,59.3207]]},"properties":{"ref":"5"}},
{"type":"Feature","geometry":{"type":"LineString","coordinates":[[26.37122,59.32051],[26.37215,59.32073]]},"properties":{"ref":"5"}},
{"type":"Feature","geometry":{"type":"LineString","coordinates":[[26.3695,59.32053],[26.37024,59.32056],[26.37047,59.32049]]},"properties":{"ref":"5"}},
{"type":"Feature","geometry":{"type":"LineString","coordinates":[[25.76095,59.18012],[25.76134,59.18074]]},"properties":{"ref":"5"}},
{"type":"Feature","geometry":{"type":"LineString","coordinates":[[26.40349,59.3318],[26.404,59.33207]]},"properties":{"ref":"5"}},
{"type":"Feature","geometry":{"type":"LineString","coordinates":[[25.76134,59.18074],[25.76178,59.18066]]},"properties":{"ref":"5"}},
{"type":"Feature","geometry":{"type":"LineString","coordinates":[[25.76222,59.18065],[25.76134,59.18074]]},"properties":{"ref":"5"}},
{"type":"Feature","geometry":{"type":"LineString","coordinates":[[25.86188,59.45698],[25.86095,59.45702],[25.86073,59.4568],[25.86086,59.45675],[25.86249,59.45671]]},"properties":{"ref":""}},
{"type":"Feature","geometry":{"type":"LineString","coordinates":[[26.27738,59.42316],[26.26376,59.42468]]},"properties":{"ref":"1"}},
{"type":"Feature","geometry":{"type":"LineString","coordinates":[[26.26927,59.42271],[26.2689,59.42262],[26.26822,59.4226],[26.26759,59.42276],[26.26737,59.42299],[26.26748,59.4233],[26.26775,59.42345],[26.26865,59.42366],[26.26948,59.42373],[26.27071,59.4237],[26.27207,59.42357],[26.27245,59.42358]]},"properties":{"ref":""}},
{"type":"Feature","geometry":{"type":"LineString","coordinates":[[26.26318,59.42462],[26.26357,59.42452],[26.26474,59.42435],[26.26596,59.42399],[26.2667,59.42353],[26.26711,59.42302]]},"properties":{"ref":""}},
{"type":"Feature","geometry":{"type":"LineString","coordinates":[[25.43224,59.44752],[25.43314,59.44756]]},"properties":{"ref":"1104"}},
{"type":"Feature","geometry":{"type":"LineString","coordinates":[[25.43314,59.44756],[25.43338,59.4476],[25.43503,59.4479],[25.43669,59.44833],[25.43782,59.44853],[25.43898,59.44863],[25.43943,59.44871]]},"properties":{"ref":"1104"}},
{"type":"Feature","geometry":{"type":"LineString","coordinates":[[26.1263,59.34573],[26.12518,59.34515]]},"properties":{"ref":"5"}},
{"type":"Feature","geometry":{"type":"LineString","coordinates":[[26.12796,59.34611],[26.12713,59.34584],[26.12677,59.34579]]},"properties":{"ref":"5"}},
{"type":"Feature","geometry":{"type":"LineString","coordinates":[[25.27802,59.43932],[25.27832,59.4396],[25.27896,59.43969]]},"properties":{"ref":""}},
{"type":"Feature","geometry":{"type":"LineString","coordinates":[[25.27673,59.43956],[25.2778,59.43952],[25.27802,59.43932]]},"properties":{"ref":""}},
{"type":"Feature","geometry":{"type":"LineString","coordinates":[[25.27559,59.44019],[25.27535,59.43978],[25.27476,59.43965]]},"properties":{"ref":""}},
{"type":"Feature","geometry":{"type":"LineString","coordinates":[[26.00386,59.25983],[26.00415,59.25997]]},"properties":{"ref":"5"}},
{"type":"Feature","geometry":{"type":"LineString","coordinates":[[26.00415,59.25997],[26.00614,59.26082]]},"properties":{"ref":"5"}},
{"type":"Feature","geometry":{"type":"LineString","coordinates":[[25.84829,59.20428],[25.85175,59.20702],[25.85289,59.20782],[25.85348,59.20815],[25.8544,59.20859],[25.8553,59.20897],[25.85652,59.20939],[25.85793,59.20976],[25.85863,59.20991],[25.86065,59.21019],[25.86291,59.21035],[25.86715,59.21054],[25.87133,59.2108],[25.87212,59.21087],[25.8735,59.21111],[25.87528,59.21157],[25.87629,59.21195],[25.87753,59.21256],[25.87877,59.21346],[25.88677,59.21981],[25.8878,59.22053],[25.88874,59.22101],[25.89021,59.22152],[25.89219,59.22207],[25.89759,59.22346],[25.89884,59.22382],[25.90024,59.22434],[25.90131,59.22486],[25.90218,59.22538],[25.91816,59.23565],[25.92196,59.23808],[25.92453,59.23975],[25.92752,59.24165],[25.92785,59.24201],[25.92993,59.24488],[25.93077,59.24629],[25.93121,59.24672],[25.93175,59.24703]]},"properties":{"ref":"5"}},
{"type":"Feature","geometry":{"type":"LineString","coordinates":[[26.43318,59.36573],[26.43238,59.36557],[26.43149,59.36551]]},"properties":{"ref":"5"}},
{"type":"Feature","geometry":{"type":"LineString","coordinates":[[26.42972,59.36528],[26.43104,59.36535]]},"properties":{"ref":"5"}},
{"type":"Feature","geometry":{"type":"LineString","coordinates":[[26.43222,59.36619],[26.43267,59.36583],[26.43238,59.36557]]},"properties":{"ref":""}},
{"type":"Feature","geometry":{"type":"LineString","coordinates":[[26.43272,59.36551],[26.43347,59.36551],[26.43416,59.3653],[26.43525,59.3651]]},"properties":{"ref":""}},
{"type":"Feature","geometry":{"type":"LineString","coordinates":[[26.40803,59.35892],[26.41223,59.36079]]},"properties":{"ref":"5"}},
{"type":"Feature","geometry":{"type":"LineString","coordinates":[[26.42404,59.36446],[26.42489,59.36463],[26.42721,59.36499],[26.42972,59.36528]]},"properties":{"ref":"5"}},
{"type":"Feature","geometry":{"type":"LineString","coordinates":[[26.4128,59.36102],[26.41406,59.36158],[26.4153,59.36207]]},"properties":{"ref":"5"}},
{"type":"Feature","geometry":{"type":"LineString","coordinates":[[26.4153,59.36207],[26.41733,59.36278]]},"properties":{"ref":"5"}},
{"type":"Feature","geometry":{"type":"LineString","coordinates":[[26.09269,59.44491],[26.09483,59.44455],[26.09887,59.44384],[26.11058,59.4418],[26.11509,59.44109],[26.11742,59.44075],[26.1219,59.44015],[26.12443,59.43985],[26.13377,59.43885]]},"properties":{"ref":"1"}},
{"type":"Feature","geometry":{"type":"LineString","coordinates":[[26.0012,59.46429],[26.00046,59.46407],[25.99976,59.46366],[25.9993,59.46331],[25.99838,59.46291],[25.99763,59.46272],[25.99598,59.46247],[25.99567,59.46238]]},"properties":{"ref":""}},
{"type":"Feature","geometry":{"type":"LineString","coordinates":[[26.00326,59.46302],[26.00196,59.46302],[26.00131,59.46308],[26.00055,59.46336],[26.00035,59.46369],[26.00062,59.46405],[26.00127,59.4642]]},"properties":{"ref":""}},
{"type":"Feature","geometry":{"type":"LineString","coordinates":[[26.06933,59.44984],[26.06852,59.45001],[26.06822,59.44993]]},"properties":{"ref":""}},
{"type":"Feature","geometry":{"type":"LineString","coordinates":[[26.07617,59.44809],[26.07506,59.4484],[26.07486,59.44851],[26.07513,59.44872]]},"properties":{"ref":""}},
{"type":"Feature","geometry":{"type":"LineString","coordinates":[[26.07513,59.44872],[26.07359,59.4488],[26.0714,59.44926]]},"properties":{"ref":""}},
{"type":"Feature","geometry":{"type":"LineString","coordinates":[[26.27081,59.42526],[26.27137,59.42522],[26.27178,59.42508],[26.27201,59.42485],[26.27185,59.4245],[26.27167,59.42439]]},"properties":{"ref":""}},
{"type":"Feature","geometry":{"type":"LineString","coordinates":[[26.27261,59.42441],[26.27245,59.42454]]},"properties":{"ref":""}},
{"type":"Feature","geometry":{"type":"LineString","coordinates":[[26.27738,59.42316],[26.27721,59.42324],[26.2747,59.42362]]},"properties":{"ref":""}},
{"type":"Feature","geometry":{"type":"LineString","coordinates":[[26.27245,59.42454],[26.27208,59.425],[26.27167,59.42525],[26.27112,59.42533],[26.27004,59.42537]]},"properties":{"ref":""}},
{"type":"Feature","geometry":{"type":"LineString","coordinates":[[26.27002,59.42517],[26.27081,59.42526]]},"properties":{"ref":""}},
{"type":"Feature","geometry":{"type":"LineString","coordinates":[[26.29448,59.42118],[26.29149,59.42158]]},"properties":{"ref":"1"}},
{"type":"Feature","geometry":{"type":"LineString","coordinates":[[26.00369,59.46142],[26.00451,59.46168],[26.00571,59.46238],[26.00609,59.46254],[26.00726,59.46284],[26.00824,59.46293],[26.00969,59.46295],[26.01018,59.463]]},"properties":{"ref":""}},
{"type":"Feature","geometry":{"type":"LineString","coordinates":[[26.00188,59.46282],[26.00289,59.46283],[26.00384,59.46277],[26.00448,59.46257],[26.00473,59.46234],[26.00474,59.46198],[26.00443,59.46173],[26.0036,59.46151]]},"properties":{"ref":""}},
{"type":"Feature","geometry":{"type":"LineString","coordinates":[[26.09269,59.44491],[26.0936,59.44481],[26.09381,59.44492]]},"properties":{"ref":""}},
{"type":"Feature","geometry":{"type":"LineString","coordinates":[[25.96144,59.45616],[25.96232,59.45628],[25.96232,59.45643],[25.96214,59.45648],[25.9608,59.45632]]},"properties":{"ref":""}},
{"type":"Feature","geometry":{"type":"LineString","coordinates":[[26.07154,59.44901],[26.07242,59.44872],[26.07228,59.44845]]},"properties":{"ref":""}},
{"type":"Feature","geometry":{"type":"LineString","coordinates":[[25.93807,59.4543],[25.94744,59.45505]]},"properties":{"ref":"1"}},
{"type":"Feature","geometry":{"type":"LineString","coordinates":[[25.67682,59.4632],[25.67594,59.46313],[25.67588,59.46299],[25.6761,59.46294],[25.67734,59.46302]]},"properties":{"ref":""}},
{"type":"Feature","geometry":{"type":"LineString","coordinates":[[26.39168,59.39072],[26.39135,59.3909]]},"properties":{"ref":"1"}},
{"type":"Feature","geometry":{"type":"LineString","coordinates":[[26.39135,59.3909],[26.38826,59.39261],[26.38683,59.39334],[26.3849,59.39415],[26.37907,59.39647],[26.37686,59.39745],[26.37284,59.3993],[26.37148,59.40002],[26.37074,59.40048],[26.36955,59.4014],[26.3622,59.40784],[26.36137,59.40853],[26.35991,59.40956],[26.35895,59.41014],[26.35755,59.41086],[26.35398,59.41253],[26.35259,59.41309],[26.34964,59.41418],[26.34783,59.41472],[26.3463,59.41509],[26.34437,59.4155],[26.34353,59.41565]]},"properties":{"ref":"1"}},
{"type":"Feature","geometry":{"type":"LineString","coordinates":[[25.93175,59.24703],[25.93503,59.24867]]},"properties":{"ref":"5"}},
{"type":"Feature","geometry":{"type":"LineString","coordinates":[[25.97202,59.25548],[25.97242,59.25539],[25.97289,59.25516],[25.97533,59.25351],[25.9757,59.25332],[25.97642,59.25312]]},"properties":{"ref":"5"}},
{"type":"Feature","geometry":{"type":"LineString","coordinates":[[26.37049,59.32072],[26.3695,59.32053]]},"properties":{"ref":"5"}},
{"type":"Feature","geometry":{"type":"LineString","coordinates":[[25.99288,59.25497],[25.99363,59.25524],[25.99581,59.25619],[25.99842,59.25738]]},"properties":{"ref":"5"}},
{"type":"Feature","geometry":{"type":"LineString","coordinates":[[25.70763,59.03704],[25.70778,59.03768],[25.70784,59.03834],[25.7078,59.03902],[25.70752,59.04212],[25.70707,59.04755],[25.70698,59.04812],[25.70672,59.04884],[25.70608,59.04987],[25.7056,59.0504],[25.70454,59.05125],[25.70389,59.05166],[25.69937,59.05445],[25.69788,59.05535],[25.69642,59.05634],[25.69549,59.05702],[25.69462,59.05774],[25.69351,59.05881],[25.69307,59.05929],[25.69189,59.0607],[25.68903,59.06419],[25.6868,59.06689],[25.68543,59.06858],[25.68482,59.06942],[25.6844,59.07013],[25.68411,59.07076],[25.68378,59.07186],[25.68365,59.07315],[25.68358,59.07681],[25.68357,59.07812],[25.68362,59.07935],[25.6838,59.08054],[25.68413,59.08184],[25.68436,59.0826]]},"properties":{"ref":"5"}},
{"type":"Feature","geometry":{"type":"LineString","coordinates":[[25.70527,59.02186],[25.70541,59.02227],[25.70544,59.02276],[25.70529,59.02349]]},"properties":{"ref":"5"}},
{"type":"Feature","geometry":{"type":"LineString","coordinates":[[25.97642,59.25312],[25.97699,59.25305],[25.97826,59.25309]]},"properties":{"ref":"5"}},
{"type":"Feature","geometry":{"type":"LineString","coordinates":[[26.39586,59.35545],[26.39598,59.35555]]},"properties":{"ref":""}},
{"type":"Feature","geometry":{"type":"LineString","coordinates":[[26.3962,59.35507],[26.39586,59.35545]]},"properties":{"ref":"5"}},
{"type":"Feature","geometry":{"type":"LineString","coordinates":[[26.39557,59.35539],[26.3962,59.35507]]},"properties":{"ref":"5"}},
{"type":"Feature","geometry":{"type":"LineString","coordinates":[[26.39677,59.35576],[26.39592,59.35574]]},"properties":{"ref":"5"}},
{"type":"Feature","geometry":{"type":"LineString","coordinates":[[26.43103,59.36725],[26.43041,59.36817]]},"properties":{"ref":"1"}},
{"type":"Feature","geometry":{"type":"LineString","coordinates":[[26.39695,59.35579],[26.39738,59.35586]]},"properties":{"ref":"5"}},
{"type":"Feature","geometry":{"type":"LineString","coordinates":[[26.34908,59.32618],[26.34912,59.32595]]},"properties":{"ref":""}},
{"type":"Feature","geometry":{"type":"LineString","coordinates":[[26.35002,59.32627],[26.34956,59.32637]]},"properties":{"ref":""}},
{"type":"Feature","geometry":{"type":"LineString","coordinates":[[26.34912,59.32595],[26.34949,59.32582]]},"properties":{"ref":""}},
{"type":"Feature","geometry":{"type":"LineString","coordinates":[[26.33572,59.41657],[26.33488,59.41666],[26.29786,59.4208],[26.29448,59.42118]]},"properties":{"ref":"1"}},
{"type":"Feature","geometry":{"type":"LineString","coordinates":[[26.34154,59.41592],[26.3396,59.41613]]},"properties":{"ref":"1"}},
{"type":"Feature","geometry":{"type":"LineString","coordinates":[[25.6369,59.4624],[25.63257,59.46232]]},"properties":{"ref":"1"}},
{"type":"Feature","geometry":{"type":"LineString","coordinates":[[25.64334,59.46253],[25.64132,59.46249]]},"properties":{"ref":"1"}},
{"type":"Feature","geometry":{"type":"LineString","coordinates":[[26.34325,59.32961],[26.34273,59.33026],[26.3424,59.33089],[26.34227,59.3315],[26.34234,59.33334],[26.34265,59.33905]]},"properties":{"ref":"5"}},
{"type":"Feature","geometry":{"type":"LineString","coordinates":[[26.27167,59.42439],[26.27106,59.42423],[26.27024,59.42417],[26.26832,59.42427]]},"properties":{"ref":""}},
{"type":"Feature","geometry":{"type":"LineString","coordinates":[[26.2747,59.42362],[26.27343,59.42394],[26.27261,59.42441]]},"properties":{"ref":""}},
{"type":"Feature","geometry":{"type":"LineString","coordinates":[[26.40319,59.33158],[26.40349,59.3318]]},"properties":{"ref":"5"}},
{"type":"Feature","geometry":{"type":"LineString","coordinates":[[26.40251,59.33113],[26.40319,59.33158]]},"properties":{"ref":"5"}},
{"type":"Feature","geometry":{"type":"LineString","coordinates":[[26.40488,59.33279],[26.40588,59.3335]]},"properties":{"ref":"5"}},
{"type":"Feature","geometry":{"type":"LineString","coordinates":[[26.40588,59.3335],[26.40752,59.33467],[26.40888,59.33567],[26.40968,59.33632],[26.41042,59.33701]]},"properties":{"ref":"5"}},
{"type":"Feature","geometry":{"type":"LineString","coordinates":[[26.39722,59.35423],[26.39654,59.3548]]},"properties":{"ref":"5"}},
{"type":"Feature","geometry":{"type":"LineString","coordinates":[[26.39654,59.3548],[26.3962,59.35507]]},"properties":{"ref":"5"}},
{"type":"Feature","geometry":{"type":"LineString","coordinates":[[26.42134,59.3639],[26.42235,59.36412]]},"properties":{"ref":"5"}},
{"type":"Feature","geometry":{"type":"LineString","coordinates":[[26.41733,59.36278],[26.41903,59.36331]]},"properties":{"ref":"5"}},
{"type":"Feature","geometry":{"type":"LineString","coordinates":[[26.41903,59.36331],[26.42134,59.3639]]},"properties":{"ref":"5"}},
{"type":"Feature","geometry":{"type":"LineString","coordinates":[[26.39865,59.35609],[26.40174,59.35665]]},"properties":{"ref":"5"}},
{"type":"Feature","geometry":{"type":"LineString","coordinates":[[26.43525,59.3651],[26.43415,59.36538],[26.43318,59.36573]]},"properties":{"ref":"1"}},
{"type":"Feature","geometry":{"type":"LineString","coordinates":[[26.43041,59.36817],[26.42932,59.36978],[26.42786,59.37159],[26.42737,59.37212],[26.42639,59.37293],[26.42509,59.37381],[26.42352,59.37483],[26.42167,59.37598],[26.42023,59.3768],[26.41889,59.37747],[26.41766,59.37805],[26.41577,59.37889],[26.41385,59.37979],[26.40975,59.38156]]},"properties":{"ref":"1"}},
{"type":"Feature","geometry":{"type":"LineString","coordinates":[[26.26711,59.42302],[26.26749,59.4227],[26.26802,59.42254],[26.26898,59.42252],[26.26931,59.42245]]},"properties":{"ref":""}},
{"type":"Feature","geometry":{"type":"LineString","coordinates":[[25.79239,59.4606],[25.78969,59.46066],[25.7853,59.46084],[25.7811,59.46108],[25.77793,59.46132],[25.77198,59.46184]]},"properties":{"ref":"1"}},
{"type":"Feature","geometry":{"type":"LineString","coordinates":[[26.13243,59.43912],[26.12452,59.44004],[26.12003,59.44062],[26.11788,59.44091],[26.1154,59.44126],[26.11072,59.44199],[26.10751,59.44254],[26.10125,59.44363],[26.09899,59.44404],[26.09513,59.4447]]},"properties":{"ref":"1"}},
{"type":"Feature","geometry":{"type":"LineString","coordinates":[[25.92063,59.45421],[25.92289,59.45412],[25.9269,59.45397],[25.93003,59.45395],[25.93157,59.45396],[25.93375,59.45403],[25.9353,59.4541]]},"properties":{"ref":"1"}},
{"type":"Feature","geometry":{"type":"LineString","coordinates":[[25.84564,59.45899],[25.84337,59.45924],[25.84098,59.45947],[25.83845,59.45968],[25.83729,59.45976]]},"properties":{"ref":"1"}},
{"type":"Feature","geometry":{"type":"LineString","coordinates":[[26.29004,59.42175],[26.27966,59.42291]]},"properties":{"ref":"1"}},
{"type":"Feature","geometry":{"type":"LineString","coordinates":[[26.28627,59.42204],[26.29023,59.42157]]},"properties":{"ref":"1"}},
{"type":"Feature","geometry":{"type":"LineString","coordinates":[[25.44373,59.44911],[25.46502,59.45114]]},"properties":{"ref":"1"}},
{"type":"Feature","geometry":{"type":"LineString","coordinates":[[25.76178,59.18066],[25.76222,59.18065]]},"properties":{"ref":"5"}},
{"type":"Feature","geometry":{"type":"LineString","coordinates":[[26.37116,59.32046],[26.37122,59.32051]]},"properties":{"ref":""}},
{"type":"Feature","geometry":{"type":"LineString","coordinates":[[26.37047,59.32049],[26.37073,59.32038]]},"properties":{"ref":""}},
{"type":"Feature","geometry":{"type":"LineString","coordinates":[[26.3712,59.3207],[26.37092,59.3208]]},"properties":{"ref":""}},
{"type":"Feature","geometry":{"type":"LineString","coordinates":[[26.1269,59.34556],[26.12677,59.34579]]},"properties":{"ref":""}},
{"type":"Feature","geometry":{"type":"LineString","coordinates":[[26.37122,59.32051],[26.3712,59.3207]]},"properties":{"ref":""}},
{"type":"Feature","geometry":{"type":"LineString","coordinates":[[26.12645,59.34549],[26.1269,59.34556]]},"properties":{"ref":""}},
{"type":"Feature","geometry":{"type":"LineString","coordinates":[[26.37092,59.3208],[26.37049,59.32072]]},"properties":{"ref":""}},
{"type":"Feature","geometry":{"type":"LineString","coordinates":[[26.37073,59.32038],[26.37116,59.32046]]},"properties":{"ref":""}},
{"type":"Feature","geometry":{"type":"LineString","coordinates":[[26.12677,59.34579],[26.1263,59.34573]]},"properties":{"ref":""}},
{"type":"Feature","geometry":{"type":"LineString","coordinates":[[26.34293,59.34012],[26.34282,59.34017]]},"properties":{"ref":""}},
{"type":"Feature","geometry":{"type":"LineString","coordinates":[[26.34285,59.3398],[26.34302,59.3399]]},"properties":{"ref":""}},
{"type":"Feature","geometry":{"type":"LineString","coordinates":[[26.34244,59.33979],[26.34285,59.3398]]},"properties":{"ref":""}},
{"type":"Feature","geometry":{"type":"LineString","coordinates":[[26.34282,59.34017],[26.34248,59.34017]]},"properties":{"ref":""}},
{"type":"Feature","geometry":{"type":"LineString","coordinates":[[26.33917,59.34897],[26.33943,59.34898]]},"properties":{"ref":""}},
{"type":"Feature","geometry":{"type":"LineString","coordinates":[[26.33908,59.34911],[26.33917,59.34897]]},"properties":{"ref":""}},
{"type":"Feature","geometry":{"type":"LineString","coordinates":[[26.34302,59.3399],[26.34293,59.34012]]},"properties":{"ref":""}},
{"type":"Feature","geometry":{"type":"LineString","coordinates":[[26.33936,59.34917],[26.33908,59.34911]]},"properties":{"ref":""}},
{"type":"Feature","geometry":{"type":"LineString","coordinates":[[26.34248,59.34017],[26.34223,59.34004]]},"properties":{"ref":""}},
{"type":"Feature","geometry":{"type":"LineString","coordinates":[[25.76222,59.18065],[25.76724,59.18015]]},"properties":{"ref":"5"}},
{"type":"Feature","geometry":{"type":"LineString","coordinates":[[25.75943,59.17732],[25.7606,59.17951],[25.76095,59.18012]]},"properties":{"ref":"5"}},
{"type":"Feature","geometry":{"type":"LineString","coordinates":[[25.70661,59.03362],[25.70763,59.03704]]},"properties":{"ref":"5"}},
{"type":"Feature","geometry":{"type":"LineString","coordinates":[[25.70582,59.0325],[25.70612,59.03276],[25.70644,59.03319],[25.70661,59.03362]]},"properties":{"ref":"5"}},
{"type":"Feature","geometry":{"type":"LineString","coordinates":[[25.51069,59.45548],[25.51116,59.45547],[25.51247,59.45557],[25.5138,59.45559],[25.51777,59.45542],[25.5182,59.45543]]},"properties":{"ref":"1105"}},
{"type":"Feature","geometry":{"type":"LineString","coordinates":[[25.51069,59.45548],[25.51478,59.4558],[25.51771,59.456]]},"properties":{"ref":"1"}},
{"type":"Feature","geometry":{"type":"LineString","coordinates":[[25.51839,59.45604],[25.52623,59.45651]]},"properties":{"ref":"1"}},
{"type":"Feature","geometry":{"type":"LineString","coordinates":[[25.46502,59.45114],[25.47961,59.45253],[25.50464,59.45493],[25.50724,59.45517]]},"properties":{"ref":"1"}},
{"type":"Feature","geometry":{"type":"LineString","coordinates":[[25.20049,59.15612],[25.22265,59.15053]]},"properties":{"ref":"2"}},
{"type":"Feature","geometry":{"type":"LineString","coordinates":[[25.51238,59.03216],[25.5136,59.03218],[25.51601,59.03215],[25.51847,59.03204],[25.52118,59.03181],[25.52244,59.03167],[25.5242,59.03144],[25.52573,59.03118],[25.52751,59.03083],[25.52873,59.03056],[25.53111,59.02997],[25.53291,59.02943],[25.53531,59.02862],[25.53642,59.0282],[25.53905,59.02701],[25.53994,59.02656],[25.54145,59.02572],[25.54261,59.02501],[25.544,59.02402],[25.54497,59.02327],[25.54579,59.02255],[25.5477,59.02073],[25.5494,59.01909],[25.55425,59.01451],[25.55639,59.01271],[25.55828,59.01125],[25.55973,59.01022],[25.56184,59.00883],[25.56407,59.00743],[25.56562,59.00655],[25.56827,59.00508],[25.57089,59.00357],[25.58207,58.99725],[25.58324,58.99659],[25.58551,58.99527]]},"properties":{"ref":"2"}},
{"type":"Feature","geometry":{"type":"LineString","coordinates":[[25.58588,58.99519],[25.58406,58.99628],[25.58092,58.99804],[25.57924,58.999],[25.57558,59.00105],[25.5715,59.00337],[25.56593,59.00652],[25.56449,59.00734],[25.56253,59.00853],[25.56106,59.00947],[25.55989,59.01027],[25.55757,59.01196],[25.55568,59.01349],[25.55448,59.01449],[25.54966,59.01908],[25.54869,59.01999],[25.54577,59.02278],[25.5449,59.0235],[25.54395,59.02423],[25.5428,59.02503],[25.54087,59.02621],[25.53896,59.0272],[25.53724,59.02798],[25.53614,59.02843],[25.53451,59.02901],[25.53299,59.02951],[25.5314,59.02999],[25.52997,59.03037],[25.5273,59.03097],[25.52481,59.03144],[25.52274,59.03173],[25.52034,59.03199],[25.51881,59.03212],[25.51728,59.0322],[25.51575,59.03225],[25.51359,59.03228],[25.51223,59.03226]]},"properties":{"ref":"2"}},
{"type":"Feature","geometry":{"type":"LineString","coordinates":[[26.34949,59.32582],[26.34977,59.32583]]},"properties":{"ref":""}},
{"type":"Feature","geometry":{"type":"LineString","coordinates":[[25.75762,59.17238],[25.75777,59.17323],[25.75798,59.17403],[25.75827,59.1749],[25.75875,59.17602],[25.75943,59.17732]]},"properties":{"ref":"5"}},
{"type":"Feature","geometry":{"type":"LineString","coordinates":[[25.4292,59.04417],[25.42812,59.04494],[25.4275,59.0455],[25.42726,59.04582],[25.42716,59.04618],[25.4273,59.04688],[25.42724,59.0472],[25.427,59.04741],[25.42617,59.04766]]},"properties":{"ref":""}},
{"type":"Feature","geometry":{"type":"LineString","coordinates":[[25.74495,59.46387],[25.74797,59.46371],[25.75166,59.46345],[25.75963,59.46274]]},"properties":{"ref":"1"}},
{"type":"Feature","geometry":{"type":"LineString","coordinates":[[25.74242,59.46397],[25.74495,59.46387]]},"properties":{"ref":"1"}},
{"type":"Feature","geometry":{"type":"LineString","coordinates":[[25.84703,59.4588],[25.84564,59.45899]]},"properties":{"ref":"1"}},
{"type":"Feature","geometry":{"type":"LineString","coordinates":[[25.86188,59.45698],[25.85877,59.45728],[25.85519,59.4577],[25.85309,59.45796],[25.84917,59.45852],[25.84703,59.4588]]},"properties":{"ref":"1"}},
{"type":"Feature","geometry":{"type":"LineString","coordinates":[[25.27839,59.12238],[25.27761,59.12264]]},"properties":{"ref":"2"}},
{"type":"Feature","geometry":{"type":"LineString","coordinates":[[25.27747,59.12254],[25.27826,59.12228]]},"properties":{"ref":"2"}},
{"type":"Feature","geometry":{"type":"LineString","coordinates":[[25.58393,59.46019],[25.58056,59.45999],[25.55496,59.45845]]},"properties":{"ref":"1"}},
{"type":"Feature","geometry":{"type":"LineString","coordinates":[[26.35014,59.32605],[26.35009,59.32622]]},"properties":{"ref":""}},
{"type":"Feature","geometry":{"type":"LineString","coordinates":[[25.34514,59.07476],[25.3576,59.07026],[25.35998,59.06938]]},"properties":{"ref":"2"}},
{"type":"Feature","geometry":{"type":"LineString","coordinates":[[25.34483,59.07487],[25.34514,59.07476]]},"properties":{"ref":"2"}},
{"type":"Feature","geometry":{"type":"LineString","coordinates":[[25.35998,59.06938],[25.36071,59.0691]]},"properties":{"ref":"2"}},
{"type":"Feature","geometry":{"type":"LineString","coordinates":[[25.43014,59.04343],[25.43202,59.04234],[25.43453,59.04086],[25.43598,59.04002],[25.43741,59.03929],[25.43909,59.03852],[25.44158,59.03751],[25.44421,59.03657],[25.4471,59.03571],[25.44935,59.03513],[25.45143,59.03467],[25.4535,59.03428]]},"properties":{"ref":"2"}},
{"type":"Feature","geometry":{"type":"LineString","coordinates":[[25.36011,59.06948],[25.35775,59.0703],[25.34524,59.07484]]},"properties":{"ref":"2"}},
{"type":"Feature","geometry":{"type":"LineString","coordinates":[[25.34524,59.07484],[25.34494,59.07495]]},"properties":{"ref":"2"}},
{"type":"Feature","geometry":{"type":"LineString","coordinates":[[25.36086,59.0692],[25.36011,59.06948]]},"properties":{"ref":"2"}},
{"type":"Feature","geometry":{"type":"LineString","coordinates":[[26.142,59.4389],[26.14023,59.43866],[26.1381,59.43864],[26.13653,59.43876],[26.13617,59.43874]]},"properties":{"ref":""}},
{"type":"Feature","geometry":{"type":"LineString","coordinates":[[26.14827,59.43748],[26.14801,59.43755],[26.14622,59.43781],[26.14513,59.43807],[26.14437,59.43833],[26.14368,59.43865],[26.14249,59.43888]]},"properties":{"ref":""}},
{"type":"Feature","geometry":{"type":"LineString","coordinates":[[26.14188,59.43735],[26.14357,59.43754],[26.14493,59.43758],[26.14628,59.43751],[26.14721,59.43742],[26.14759,59.43743]]},"properties":{"ref":""}},
{"type":"Feature","geometry":{"type":"LineString","coordinates":[[26.13582,59.43866],[26.13612,59.43858],[26.13793,59.43836],[26.13857,59.43824],[26.13963,59.43795],[26.14063,59.43754],[26.14141,59.43739]]},"properties":{"ref":""}},
{"type":"Feature","geometry":{"type":"LineString","coordinates":[[26.13582,59.43866],[26.14183,59.43806],[26.14759,59.43743]]},"properties":{"ref":"1"}},
{"type":"Feature","geometry":{"type":"LineString","coordinates":[[25.27138,59.12505],[25.27382,59.12394],[25.27523,59.12336],[25.27747,59.12254]]},"properties":{"ref":"2"}},
{"type":"Feature","geometry":{"type":"LineString","coordinates":[[25.27125,59.12511],[25.27138,59.12505]]},"properties":{"ref":"2"}},
{"type":"Feature","geometry":{"type":"LineString","coordinates":[[25.27152,59.12511],[25.27136,59.12519]]},"properties":{"ref":"2"}},
{"type":"Feature","geometry":{"type":"LineString","coordinates":[[25.27761,59.12264],[25.27643,59.12303],[25.27536,59.12343],[25.27396,59.124],[25.27269,59.12456],[25.27152,59.12511]]},"properties":{"ref":"2"}},
{"type":"Feature","geometry":{"type":"LineString","coordinates":[[26.35572,59.32366],[26.36005,59.32194],[26.36177,59.32138],[26.3633,59.32102],[26.36412,59.32087],[26.36584,59.32064],[26.36778,59.32053]]},"properties":{"ref":"5"}},
{"type":"Feature","geometry":{"type":"LineString","coordinates":[[25.37451,59.06435],[25.37225,59.06507],[25.36968,59.06597]]},"properties":{"ref":"2"}},
{"type":"Feature","geometry":{"type":"LineString","coordinates":[[25.39994,59.0584],[25.39967,59.05847]]},"properties":{"ref":"2"}},
{"type":"Feature","geometry":{"type":"LineString","coordinates":[[25.3996,59.05838],[25.39986,59.05832]]},"properties":{"ref":"2"}},
{"type":"Feature","geometry":{"type":"LineString","coordinates":[[25.38378,59.06174],[25.38517,59.0614],[25.39025,59.06035],[25.39205,59.06],[25.3996,59.05838]]},"properties":{"ref":"2"}},
{"type":"Feature","geometry":{"type":"LineString","coordinates":[[25.25309,59.13745],[25.25289,59.1376]]},"properties":{"ref":"2"}},
{"type":"Feature","geometry":{"type":"LineString","coordinates":[[25.27136,59.12519],[25.27013,59.12582],[25.26914,59.12637],[25.26767,59.12727],[25.26695,59.12774],[25.25794,59.13404],[25.25309,59.13745]]},"properties":{"ref":"2"}},
{"type":"Feature","geometry":{"type":"LineString","coordinates":[[25.25295,59.13739],[25.25801,59.13386],[25.26676,59.12772],[25.26752,59.12722],[25.26903,59.1263],[25.27002,59.12575],[25.27125,59.12511]]},"properties":{"ref":"2"}},
{"type":"Feature","geometry":{"type":"LineString","coordinates":[[25.25274,59.13754],[25.25295,59.13739]]},"properties":{"ref":"2"}},
{"type":"Feature","geometry":{"type":"LineString","coordinates":[[25.46114,59.03336],[25.45746,59.03379],[25.45355,59.03436],[25.45152,59.03476],[25.44943,59.03521],[25.44713,59.03579],[25.44429,59.03664],[25.44284,59.03714],[25.44044,59.03805],[25.43923,59.03857],[25.43753,59.03936],[25.43616,59.04008],[25.43468,59.04091],[25.43218,59.04236],[25.4292,59.04417],[25.42388,59.04733],[25.42097,59.04901],[25.41546,59.05226],[25.41382,59.0532],[25.41245,59.05394],[25.40972,59.05522],[25.40823,59.05583],[25.40676,59.05639],[25.40521,59.05692],[25.40347,59.05746],[25.40173,59.05795],[25.39994,59.0584]]},"properties":{"ref":"2"}},
{"type":"Feature","geometry":{"type":"LineString","coordinates":[[25.58687,58.99394],[25.58684,58.99323],[25.58657,58.99273],[25.5866,58.99217]]},"properties":{"ref":""}},
{"type":"Feature","geometry":{"type":"LineString","coordinates":[[25.59299,58.9902],[25.59204,58.99121],[25.59153,58.99201],[25.59143,58.99272],[25.5912,58.99315]]},"properties":{"ref":"1541"}},
{"type":"Feature","geometry":{"type":"LineString","coordinates":[[25.58678,58.99218],[25.5867,58.99239],[25.58688,58.99271],[25.58757,58.99295],[25.58842,58.9929],[25.58896,58.99269],[25.58967,58.9923],[25.59135,58.99129]]},"properties":{"ref":"1538"}},
{"type":"Feature","geometry":{"type":"LineString","coordinates":[[25.5909,58.99339],[25.58999,58.99352],[25.58914,58.99371],[25.58785,58.9942],[25.58588,58.99519]]},"properties":{"ref":"1542"}},
{"type":"Feature","geometry":{"type":"LineString","coordinates":[[25.3154,59.10593],[25.31498,59.10642],[25.31419,59.10686],[25.31316,59.1076]]},"properties":{"ref":""}},
{"type":"Feature","geometry":{"type":"LineString","coordinates":[[25.31098,59.10515],[25.31153,59.10472],[25.31333,59.10408],[25.31385,59.10378]]},"properties":{"ref":""}},
{"type":"Feature","geometry":{"type":"LineString","coordinates":[[25.31532,59.10259],[25.31502,59.10359],[25.31496,59.10422],[25.31504,59.10469],[25.3153,59.10528],[25.3153,59.10569]]},"properties":{"ref":""}},
{"type":"Feature","geometry":{"type":"LineString","coordinates":[[25.32869,59.0827],[25.32826,59.08299],[25.32622,59.08455],[25.32512,59.0855],[25.32398,59.08658],[25.32304,59.08759],[25.32209,59.08871],[25.32139,59.08963],[25.32074,59.0906],[25.32003,59.09176],[25.31957,59.09263],[25.31917,59.0935],[25.31595,59.10101],[25.31532,59.10259],[25.31389,59.10588],[25.31344,59.10672],[25.31297,59.10745]]},"properties":{"ref":"2"}},
{"type":"Feature","geometry":{"type":"LineString","coordinates":[[25.31348,59.10478],[25.31284,59.10458],[25.31199,59.10472],[25.31155,59.10495],[25.31125,59.10522]]},"properties":{"ref":""}},
{"type":"Feature","geometry":{"type":"LineString","coordinates":[[25.31588,59.10076],[25.31942,59.09262],[25.31988,59.09175],[25.32057,59.09059],[25.32122,59.08962],[25.32193,59.0887],[25.32285,59.08758],[25.32383,59.08656],[25.32607,59.0845],[25.32822,59.08281],[25.3298,59.08175],[25.33248,59.08014],[25.33441,59.07912],[25.33665,59.07805],[25.33912,59.077],[25.34126,59.07617],[25.34483,59.07487]]},"properties":{"ref":"2"}},
{"type":"Feature","geometry":{"type":"LineString","coordinates":[[25.42288,59.04574],[25.42327,59.04546],[25.42386,59.04527],[25.42559,59.04524],[25.42645,59.04511],[25.42715,59.04492],[25.4281,59.04452]]},"properties":{"ref":"11141"}},
{"type":"Feature","geometry":{"type":"LineString","coordinates":[[25.42503,59.04628],[25.42525,59.046],[25.42524,59.04574],[25.42502,59.04553],[25.42444,59.04536],[25.42404,59.04536],[25.42342,59.04553],[25.42309,59.0458]]},"properties":{"ref":""}},
{"type":"Feature","geometry":{"type":"LineString","coordinates":[[25.4261,59.04756],[25.42672,59.04741],[25.42712,59.04707],[25.42688,59.04664],[25.42618,59.04647],[25.42536,59.04662],[25.42388,59.04733]]},"properties":{"ref":""}},
{"type":"Feature","geometry":{"type":"LineString","coordinates":[[25.25289,59.1376],[25.24733,59.1415],[25.24647,59.14209],[25.24527,59.14283],[25.24414,59.1435],[25.24268,59.14427],[25.24125,59.14497],[25.23874,59.14605],[25.23631,59.14695],[25.23447,59.14754],[25.23202,59.14825],[25.23037,59.14868],[25.22299,59.15055]]},"properties":{"ref":"2"}},
{"type":"Feature","geometry":{"type":"LineString","coordinates":[[25.22292,59.15046],[25.23031,59.1486],[25.23317,59.14784],[25.23441,59.14747],[25.23625,59.14686],[25.23751,59.14641],[25.23864,59.14598],[25.24,59.14541],[25.24258,59.14421],[25.24401,59.14344],[25.24512,59.14279],[25.24631,59.14204],[25.24716,59.14145],[25.25274,59.13754]]},"properties":{"ref":"2"}},
{"type":"Feature","geometry":{"type":"LineString","coordinates":[[25.22299,59.15055],[25.22276,59.15061]]},"properties":{"ref":"2"}},
{"type":"Feature","geometry":{"type":"LineString","coordinates":[[25.22265,59.15053],[25.22292,59.15046]]},"properties":{"ref":"2"}},
{"type":"Feature","geometry":{"type":"LineString","coordinates":[[25.37748,59.44438],[25.38029,59.44513],[25.38138,59.44533],[25.38271,59.44545],[25.38299,59.44551]]},"properties":{"ref":"1103"}},
{"type":"Feature","geometry":{"type":"LineString","coordinates":[[25.51642,59.45658],[25.51349,59.45607],[25.5123,59.45589],[25.51017,59.45568],[25.5099,59.45561]]},"properties":{"ref":"1105"}},
{"type":"Feature","geometry":{"type":"LineString","coordinates":[[25.93503,59.24867],[25.93515,59.24873]]},"properties":{"ref":"5"}},
{"type":"Feature","geometry":{"type":"LineString","coordinates":[[25.9372,59.24976],[25.93788,59.25024],[25.93825,59.25084],[25.93875,59.25183],[25.93963,59.25337],[25.93995,59.25375],[25.94218,59.25579],[25.94237,59.25606],[25.94247,59.25647]]},"properties":{"ref":"5"}},
{"type":"Feature","geometry":{"type":"LineString","coordinates":[[25.19328,59.43161],[25.19286,59.43151]]},"properties":{"ref":""}},
{"type":"Feature","geometry":{"type":"LineString","coordinates":[[25.7556,59.13374],[25.75674,59.13457]]},"properties":{"ref":"5"}},
{"type":"Feature","geometry":{"type":"LineString","coordinates":[[25.75674,59.13457],[25.75686,59.13465]]},"properties":{"ref":"5"}},
{"type":"Feature","geometry":{"type":"LineString","coordinates":[[25.19408,59.43484],[25.19455,59.43487]]},"properties":{"ref":"1"}},
{"type":"Feature","geometry":{"type":"LineString","coordinates":[[25.19323,59.43479],[25.19408,59.43484]]},"properties":{"ref":"1"}},
{"type":"Feature","geometry":{"type":"LineString","coordinates":[[25.19409,59.43478],[25.19455,59.43487]]},"properties":{"ref":""}},
{"type":"Feature","geometry":{"type":"LineString","coordinates":[[25.19324,59.43474],[25.19409,59.43478]]},"properties":{"ref":""}},
{"type":"Feature","geometry":{"type":"LineString","coordinates":[[26.40798,59.35889],[26.40803,59.35892]]},"properties":{"ref":"5"}},
{"type":"Feature","geometry":{"type":"LineString","coordinates":[[25.5112,59.03223],[25.51001,59.03217],[25.50801,59.03202],[25.50578,59.0318],[25.49616,59.03073],[25.49451,59.03061],[25.49242,59.03051],[25.49099,59.03047],[25.4884,59.03048],[25.48684,59.03053],[25.4842,59.03071],[25.48182,59.03096],[25.47282,59.03201],[25.46282,59.03319],[25.46114,59.03336]]},"properties":{"ref":"2"}},
{"type":"Feature","geometry":{"type":"LineString","coordinates":[[25.51223,59.03226],[25.5112,59.03223]]},"properties":{"ref":"2"}},
{"type":"Feature","geometry":{"type":"LineString","coordinates":[[25.46185,59.03317],[25.4672,59.03253],[25.47312,59.03187],[25.48018,59.03105],[25.48317,59.03073],[25.48506,59.03055],[25.48668,59.03044],[25.48886,59.03038],[25.49112,59.03036],[25.49357,59.03046],[25.49552,59.03059],[25.49753,59.03079],[25.50587,59.03171],[25.50803,59.03192],[25.50946,59.03203],[25.5111,59.03212]]},"properties":{"ref":"2"}},
{"type":"Feature","geometry":{"type":"LineString","coordinates":[[25.5111,59.03212],[25.51238,59.03216]]},"properties":{"ref":"2"}},
{"type":"Feature","geometry":{"type":"LineString","coordinates":[[25.60649,58.96509],[25.6064,58.96755],[25.60611,58.96978],[25.60594,58.97075],[25.60541,58.97303],[25.60506,58.97413],[25.60468,58.97514]]},"properties":{"ref":"2"}},
{"type":"Feature","geometry":{"type":"LineString","coordinates":[[25.60468,58.97514],[25.6046,58.97534]]},"properties":{"ref":"2"}},
{"type":"Feature","geometry":{"type":"LineString","coordinates":[[25.60447,58.97512],[25.60487,58.9741],[25.60521,58.97302],[25.60563,58.97133],[25.60594,58.96978],[25.60613,58.96807],[25.60629,58.96509]]},"properties":{"ref":"2"}},
{"type":"Feature","geometry":{"type":"LineString","coordinates":[[25.60439,58.97532],[25.60447,58.97512]]},"properties":{"ref":"2"}},
{"type":"Feature","geometry":{"type":"LineString","coordinates":[[25.70638,59.46379],[25.70525,59.46382]]},"properties":{"ref":""}},
{"type":"Feature","geometry":{"type":"LineString","coordinates":[[25.42605,59.44974],[25.42446,59.44957],[25.42326,59.4494]]},"properties":{"ref":"1104"}},
{"type":"Feature","geometry":{"type":"LineString","coordinates":[[25.4535,59.03428],[25.45562,59.03396],[25.45741,59.03371],[25.46185,59.03317]]},"properties":{"ref":"2"}},
{"type":"Feature","geometry":{"type":"LineString","coordinates":[[25.70399,59.01985],[25.70491,59.02123],[25.70527,59.02186]]},"properties":{"ref":"5"}},
{"type":"Feature","geometry":{"type":"LineString","coordinates":[[25.93515,59.24873],[25.9372,59.24976]]},"properties":{"ref":"5"}},
{"type":"Feature","geometry":{"type":"LineString","coordinates":[[25.73091,59.11404],[25.73215,59.11493],[25.73295,59.1156],[25.73382,59.11645],[25.73456,59.11732],[25.73528,59.11835],[25.73585,59.1195],[25.73666,59.12162],[25.73705,59.12235],[25.7374,59.12288],[25.73806,59.12367],[25.73854,59.12414],[25.73947,59.12489],[25.7402,59.1254],[25.74133,59.12605],[25.74269,59.12668],[25.74357,59.12701],[25.74658,59.12805]]},"properties":{"ref":"5"}},
{"type":"Feature","geometry":{"type":"LineString","coordinates":[[25.72213,59.10918],[25.72958,59.11323],[25.73091,59.11404]]},"properties":{"ref":"5"}},
{"type":"Feature","geometry":{"type":"LineString","coordinates":[[26.21655,59.35208],[26.21594,59.35217]]},"properties":{"ref":"5"}},
{"type":"Feature","geometry":{"type":"LineString","coordinates":[[26.23221,59.35009],[26.22644,59.35062]]},"properties":{"ref":"5"}},
{"type":"Feature","geometry":{"type":"LineString","coordinates":[[26.25156,59.34901],[26.24981,59.3491]]},"properties":{"ref":"5"}},
{"type":"Feature","geometry":{"type":"LineString","coordinates":[[26.34353,59.41565],[26.34154,59.41592]]},"properties":{"ref":"1"}},
{"type":"Feature","geometry":{"type":"LineString","coordinates":[[26.33014,59.35713],[26.32838,59.35684],[26.32769,59.35669]]},"properties":{"ref":"5"}},
{"type":"Feature","geometry":{"type":"LineString","coordinates":[[26.33054,59.35718],[26.33014,59.35713]]},"properties":{"ref":"5"}},
{"type":"Feature","geometry":{"type":"LineString","coordinates":[[26.34265,59.33905],[26.34268,59.33951]]},"properties":{"ref":"5"}},
{"type":"Feature","geometry":{"type":"LineString","coordinates":[[26.34247,59.34113],[26.34233,59.34173]]},"properties":{"ref":"5"}},
{"type":"Feature","geometry":{"type":"LineString","coordinates":[[26.34258,59.34047],[26.34247,59.34113]]},"properties":{"ref":"5"}},
{"type":"Feature","geometry":{"type":"LineString","coordinates":[[26.34848,59.3265],[26.3469,59.32733]]},"properties":{"ref":"5"}},
{"type":"Feature","geometry":{"type":"LineString","coordinates":[[26.37215,59.32073],[26.37353,59.32095]]},"properties":{"ref":"5"}},
{"type":"Feature","geometry":{"type":"LineString","coordinates":[[26.36778,59.32053],[26.3695,59.32053]]},"properties":{"ref":"5"}},
{"type":"Feature","geometry":{"type":"LineString","coordinates":[[26.40155,59.33051],[26.40251,59.33113]]},"properties":{"ref":"5"}},
{"type":"Feature","geometry":{"type":"LineString","coordinates":[[26.41223,59.36079],[26.4128,59.36102]]},"properties":{"ref":"5"}},
{"type":"Feature","geometry":{"type":"LineString","coordinates":[[26.39794,59.35596],[26.39839,59.35604]]},"properties":{"ref":"5"}},
{"type":"Feature","geometry":{"type":"LineString","coordinates":[[25.99029,59.2544],[25.99167,59.25463],[25.99288,59.25497]]},"properties":{"ref":"5"}},
{"type":"Feature","geometry":{"type":"LineString","coordinates":[[25.98796,59.25413],[25.99029,59.2544]]},"properties":{"ref":"5"}},
{"type":"Feature","geometry":{"type":"LineString","coordinates":[[25.9869,59.25402],[25.98796,59.25413]]},"properties":{"ref":"5"}},
{"type":"Feature","geometry":{"type":"LineString","coordinates":[[25.98263,59.25356],[25.98555,59.25388]]},"properties":{"ref":"5"}},
{"type":"Feature","geometry":{"type":"LineString","coordinates":[[25.97826,59.25309],[25.98263,59.25356]]},"properties":{"ref":"5"}},
{"type":"Feature","geometry":{"type":"LineString","coordinates":[[26.26832,59.42427],[26.26708,59.42436],[26.26397,59.42469],[26.26376,59.42468]]},"properties":{"ref":""}},
{"type":"Feature","geometry":{"type":"LineString","coordinates":[[26.20852,59.35333],[26.20666,59.35363]]},"properties":{"ref":"5"}},
{"type":"Feature","geometry":{"type":"LineString","coordinates":[[26.12199,59.34354],[26.12281,59.34409],[26.12384,59.34463]]},"properties":{"ref":"5"}},
{"type":"Feature","geometry":{"type":"LineString","coordinates":[[26.12384,59.34463],[26.12447,59.34489]]},"properties":{"ref":"5"}},
{"type":"Feature","geometry":{"type":"LineString","coordinates":[[26.13576,59.34873],[26.12796,59.34611]]},"properties":{"ref":"5"}},
{"type":"Feature","geometry":{"type":"LineString","coordinates":[[25.67734,59.46302],[25.68886,59.46325],[25.69427,59.46336],[25.69976,59.46346],[25.70131,59.46349],[25.70215,59.46351]]},"properties":{"ref":"1"}},
{"type":"Feature","geometry":{"type":"LineString","coordinates":[[25.70975,59.46366],[25.73062,59.46406],[25.73262,59.4641],[25.7347,59.46411],[25.73836,59.46408],[25.74242,59.46397]]},"properties":{"ref":"1"}},
{"type":"Feature","geometry":{"type":"LineString","coordinates":[[26.35009,59.32622],[26.35002,59.32627]]},"properties":{"ref":""}},
{"type":"Feature","geometry":{"type":"LineString","coordinates":[[26.393,59.38998],[26.39168,59.39072]]},"properties":{"ref":"1"}},
{"type":"Feature","geometry":{"type":"LineString","coordinates":[[26.39459,59.38909],[26.393,59.38998]]},"properties":{"ref":"1"}},
{"type":"Feature","geometry":{"type":"LineString","coordinates":[[26.4413,59.36499],[26.43783,59.36488],[26.43661,59.36492],[26.43525,59.3651]]},"properties":{"ref":"1"}},
{"type":"Feature","geometry":{"type":"LineString","coordinates":[[26.43272,59.36551],[26.43318,59.36573]]},"properties":{"ref":"5"}},
{"type":"Feature","geometry":{"type":"LineString","coordinates":[[26.27763,59.423],[26.28562,59.42211]]},"properties":{"ref":"1"}},
{"type":"Feature","geometry":{"type":"LineString","coordinates":[[25.31332,59.10651],[25.31362,59.10595],[25.31406,59.10498],[25.31588,59.10076]]},"properties":{"ref":"2"}},
{"type":"Feature","geometry":{"type":"LineString","coordinates":[[25.31385,59.10378],[25.31496,59.10249],[25.31523,59.10205],[25.31572,59.10092],[25.31588,59.10076]]},"properties":{"ref":""}},
{"type":"Feature","geometry":{"type":"LineString","coordinates":[[25.31332,59.10651],[25.31365,59.10561],[25.31369,59.10518],[25.31348,59.10478]]},"properties":{"ref":""}},
{"type":"Feature","geometry":{"type":"LineString","coordinates":[[25.27826,59.12228],[25.28046,59.12161],[25.2831,59.12092],[25.29393,59.11827],[25.29555,59.11785],[25.29712,59.11739],[25.29986,59.11646],[25.30143,59.11582],[25.30309,59.11508],[25.30499,59.1141],[25.30626,59.11336],[25.3081,59.11213],[25.30902,59.11143],[25.30991,59.11069],[25.31069,59.10996],[25.31156,59.10901],[25.31247,59.10787],[25.31332,59.10651]]},"properties":{"ref":"2"}},
{"type":"Feature","geometry":{"type":"LineString","coordinates":[[25.22276,59.15061],[25.19888,59.15664]]},"properties":{"ref":"2"}},
{"type":"Feature","geometry":{"type":"LineString","coordinates":[[26.16094,59.35257],[26.15906,59.35224],[26.15709,59.35197],[26.1541,59.35165],[26.14821,59.3512],[26.14671,59.35105],[26.14385,59.35065],[26.1419,59.35029],[26.14024,59.34995]]},"properties":{"ref":"5"}},
{"type":"Feature","geometry":{"type":"LineString","coordinates":[[25.74658,59.12805],[25.74836,59.12877],[25.74982,59.12956],[25.75075,59.13016],[25.75198,59.13105],[25.7556,59.13374]]},"properties":{"ref":"5"}},
{"type":"Feature","geometry":{"type":"LineString","coordinates":[[25.75754,59.1714],[25.75762,59.17238]]},"properties":{"ref":"5"}},
{"type":"Feature","geometry":{"type":"LineString","coordinates":[[25.82349,59.19415],[25.82796,59.19572],[25.82982,59.19639],[25.83164,59.19703],[25.83478,59.19816],[25.83788,59.19926],[25.84044,59.20019],[25.84159,59.20063],[25.84355,59.2015],[25.84516,59.2023],[25.84714,59.20349],[25.84829,59.20428]]},"properties":{"ref":"5"}},
{"type":"Feature","geometry":{"type":"LineString","coordinates":[[25.76724,59.18015],[25.76887,59.18001],[25.77363,59.17955],[25.77532,59.17943],[25.77724,59.17941],[25.77882,59.17947],[25.78043,59.17961],[25.78217,59.17985],[25.78447,59.18036],[25.78624,59.1809],[25.81078,59.18962],[25.82165,59.19351],[25.82349,59.19415]]},"properties":{"ref":"5"}},
{"type":"Feature","geometry":{"type":"LineString","coordinates":[[25.97175,59.25552],[25.97202,59.25548]]},"properties":{"ref":"5"}},
{"type":"Feature","geometry":{"type":"LineString","coordinates":[[25.75754,59.17106],[25.75754,59.17108]]},"properties":{"ref":"5"}},
{"type":"Feature","geometry":{"type":"LineString","coordinates":[[25.75754,59.17108],[25.75754,59.1714]]},"properties":{"ref":"5"}},
{"type":"Feature","geometry":{"type":"LineString","coordinates":[[25.75755,59.17087],[25.75754,59.17106]]},"properties":{"ref":"5"}},
{"type":"Feature","geometry":{"type":"LineString","coordinates":[[25.75686,59.13465],[25.75824,59.13549]]},"properties":{"ref":"5"}},
{"type":"Feature","geometry":{"type":"LineString","coordinates":[[25.75824,59.13549],[25.75854,59.13564]]},"properties":{"ref":"5"}},
{"type":"Feature","geometry":{"type":"LineString","coordinates":[[25.75854,59.13564],[25.75978,59.13624],[25.76073,59.13665],[25.76221,59.13724],[25.76414,59.1379],[25.76675,59.13871],[25.76796,59.13914],[25.76863,59.13946],[25.76983,59.14024],[25.77055,59.14099],[25.77081,59.14136],[25.77108,59.14209],[25.77114,59.143],[25.77071,59.14664],[25.77054,59.14773],[25.7704,59.14841],[25.77006,59.1495],[25.76946,59.15098],[25.76887,59.15203],[25.76796,59.15339],[25.76615,59.15599],[25.76569,59.15662],[25.76047,59.16397],[25.75938,59.16553],[25.75868,59.16672],[25.75835,59.16741],[25.75796,59.16846],[25.75768,59.16957],[25.75755,59.17087]]},"properties":{"ref":"5"}},
{"type":"Feature","geometry":{"type":"LineString","coordinates":[[26.43318,59.36573],[26.43222,59.36619]]},"properties":{"ref":"1"}},
{"type":"Feature","geometry":{"type":"LineString","coordinates":[[26.43154,59.3654],[26.43272,59.36551]]},"properties":{"ref":"5"}},
{"type":"Feature","geometry":{"type":"LineString","coordinates":[[26.43222,59.36619],[26.43158,59.36666],[26.43103,59.36725]]},"properties":{"ref":"1"}},
{"type":"Feature","geometry":{"type":"LineString","coordinates":[[25.70332,59.46353],[25.70623,59.46359]]},"properties":{"ref":"1"}},
{"type":"Feature","geometry":{"type":"LineString","coordinates":[[26.15237,59.4369],[26.24544,59.42659],[26.26018,59.42495]]},"properties":{"ref":"1"}},
{"type":"Feature","geometry":{"type":"LineString","coordinates":[[26.13377,59.43885],[26.13582,59.43866]]},"properties":{"ref":"1"}},
{"type":"Feature","geometry":{"type":"LineString","coordinates":[[25.63893,59.46225],[25.64005,59.46228]]},"properties":{"ref":"1"}},
{"type":"Feature","geometry":{"type":"LineString","coordinates":[[25.64514,59.46237],[25.65963,59.46267]]},"properties":{"ref":"1"}},
{"type":"Feature","geometry":{"type":"LineString","coordinates":[[25.43943,59.44871],[25.44213,59.44895]]},"properties":{"ref":"1"}},
{"type":"Feature","geometry":{"type":"LineString","coordinates":[[25.42349,59.44775],[25.42734,59.44796]]},"properties":{"ref":"1"}},
{"type":"Feature","geometry":{"type":"LineString","coordinates":[[26.07536,59.44807],[26.07614,59.44789],[26.07816,59.44748],[26.08113,59.44693]]},"properties":{"ref":"1"}},
{"type":"Feature","geometry":{"type":"LineString","coordinates":[[25.94979,59.45523],[25.95917,59.45598]]},"properties":{"ref":"1"}},
{"type":"Feature","geometry":{"type":"LineString","coordinates":[[25.94744,59.45505],[25.94894,59.45517]]},"properties":{"ref":"1"}},
{"type":"Feature","geometry":{"type":"LineString","coordinates":[[25.94495,59.45214],[25.94465,59.45287],[25.9446,59.45334]]},"properties":{"ref":""}},
{"type":"Feature","geometry":{"type":"LineString","coordinates":[[25.9353,59.4541],[25.93807,59.4543]]},"properties":{"ref":"1"}},
{"type":"Feature","geometry":{"type":"LineString","coordinates":[[25.3843,59.44558],[25.3859,59.44567]]},"properties":{"ref":"1"}},
{"type":"Feature","geometry":{"type":"LineString","coordinates":[[25.36922,59.44474],[25.37613,59.44513]]},"properties":{"ref":"1"}},
{"type":"Feature","geometry":{"type":"LineString","coordinates":[[25.6046,58.97534],[25.60382,58.97711],[25.60231,58.97989],[25.60102,58.98179],[25.59933,58.98396],[25.5986,58.98482],[25.59743,58.98609],[25.59579,58.98772],[25.59495,58.9885],[25.59299,58.9902]]},"properties":{"ref":"2"}},
{"type":"Feature","geometry":{"type":"LineString","coordinates":[[25.59219,58.99063],[25.59335,58.98969],[25.59477,58.98844],[25.59569,58.9876],[25.59709,58.98621],[25.59824,58.98496],[25.59907,58.98402],[25.60033,58.98242],[25.60171,58.98044],[25.60263,58.97896],[25.60307,58.97813],[25.60439,58.97532]]},"properties":{"ref":"2"}},
{"type":"Feature","geometry":{"type":"LineString","coordinates":[[26.43101,59.36546],[26.43104,59.36535]]},"properties":{"ref":""}},
{"type":"Feature","geometry":{"type":"LineString","coordinates":[[26.43154,59.3654],[26.43149,59.36551]]},"properties":{"ref":""}},
{"type":"Feature","geometry":{"type":"LineString","coordinates":[[26.42235,59.36412],[26.42304,59.36427]]},"properties":{"ref":"5"}},
{"type":"Feature","geometry":{"type":"LineString","coordinates":[[26.42304,59.36427],[26.42404,59.36446]]},"properties":{"ref":"5"}},
{"type":"Feature","geometry":{"type":"LineString","coordinates":[[25.8633,59.45686],[25.86188,59.45698]]},"properties":{"ref":"1"}},
{"type":"Feature","geometry":{"type":"LineString","coordinates":[[25.8665,59.45645],[25.8678,59.45637]]},"properties":{"ref":"1"}},
{"type":"Feature","geometry":{"type":"LineString","coordinates":[[25.8644,59.45659],[25.8665,59.45645]]},"properties":{"ref":"1"}},
{"type":"Feature","geometry":{"type":"LineString","coordinates":[[25.91568,59.45441],[25.91923,59.45427]]},"properties":{"ref":"1"}},
{"type":"Feature","geometry":{"type":"LineString","coordinates":[[25.8678,59.45637],[25.87019,59.45623],[25.89727,59.45515],[25.90971,59.45465],[25.91134,59.45459]]},"properties":{"ref":"1"}},
{"type":"Feature","geometry":{"type":"LineString","coordinates":[[25.27673,59.43956],[25.27896,59.43969]]},"properties":{"ref":"1"}},
{"type":"Feature","geometry":{"type":"LineString","coordinates":[[25.27369,59.43939],[25.27414,59.43942]]},"properties":{"ref":"1"}},
{"type":"Feature","geometry":{"type":"LineString","coordinates":[[25.2741,59.43961],[25.27163,59.43947]]},"properties":{"ref":"1"}},
{"type":"Feature","geometry":{"type":"LineString","coordinates":[[25.27953,59.43991],[25.27719,59.43978]]},"properties":{"ref":"1"}},
{"type":"Feature","geometry":{"type":"LineString","coordinates":[[25.31078,59.44147],[25.31325,59.44161]]},"properties":{"ref":"1"}},
{"type":"Feature","geometry":{"type":"LineString","coordinates":[[25.31032,59.44145],[25.31078,59.44147]]},"properties":{"ref":"1"}},
{"type":"Feature","geometry":{"type":"LineString","coordinates":[[25.30843,59.44134],[25.30895,59.44137]]},"properties":{"ref":"1"}},
{"type":"Feature","geometry":{"type":"LineString","coordinates":[[25.30895,59.44137],[25.31032,59.44145]]},"properties":{"ref":"1"}},
{"type":"Feature","geometry":{"type":"LineString","coordinates":[[25.28081,59.43979],[25.28622,59.44009],[25.30802,59.44132]]},"properties":{"ref":"1"}},
{"type":"Feature","geometry":{"type":"LineString","coordinates":[[25.53011,59.45675],[25.55011,59.45796]]},"properties":{"ref":"1"}},
{"type":"Feature","geometry":{"type":"LineString","coordinates":[[25.55011,59.45796],[25.557,59.45838]]},"properties":{"ref":"1"}},
{"type":"Feature","geometry":{"type":"LineString","coordinates":[[25.64132,59.46249],[25.64029,59.46247]]},"properties":{"ref":"1"}},
{"type":"Feature","geometry":{"type":"LineString","coordinates":[[25.64104,59.46229],[25.64142,59.4623]]},"properties":{"ref":"1"}},
{"type":"Feature","geometry":{"type":"LineString","coordinates":[[25.64029,59.46247],[25.6369,59.4624]]},"properties":{"ref":"1"}},
{"type":"Feature","geometry":{"type":"LineString","coordinates":[[25.63107,59.46229],[25.61914,59.46205],[25.6162,59.46198],[25.61327,59.46189],[25.60918,59.4617],[25.60526,59.46148]]},"properties":{"ref":"1"}},
{"type":"Feature","geometry":{"type":"LineString","coordinates":[[25.59953,59.46114],[25.59118,59.46062],[25.58673,59.46036]]},"properties":{"ref":"1"}},
{"type":"Feature","geometry":{"type":"LineString","coordinates":[[25.52581,59.45668],[25.51834,59.45624]]},"properties":{"ref":"1"}},
{"type":"Feature","geometry":{"type":"LineString","coordinates":[[25.51766,59.45619],[25.51473,59.45599],[25.51195,59.45578],[25.5099,59.45561]]},"properties":{"ref":"1"}},
{"type":"Feature","geometry":{"type":"LineString","coordinates":[[25.5492,59.4581],[25.52798,59.45682]]},"properties":{"ref":"1"}},
{"type":"Feature","geometry":{"type":"LineString","coordinates":[[25.55496,59.45845],[25.5492,59.4581]]},"properties":{"ref":"1"}},
{"type":"Feature","geometry":{"type":"LineString","coordinates":[[25.44264,59.4492],[25.44083,59.44903]]},"properties":{"ref":"1"}},
{"type":"Feature","geometry":{"type":"LineString","coordinates":[[25.36881,59.44492],[25.36559,59.44474]]},"properties":{"ref":"1"}},
{"type":"Feature","geometry":{"type":"LineString","coordinates":[[25.35946,59.4442],[25.3651,59.44451]]},"properties":{"ref":"1"}},
{"type":"Feature","geometry":{"type":"LineString","coordinates":[[25.35545,59.44398],[25.35946,59.4442]]},"properties":{"ref":"1"}},
{"type":"Feature","geometry":{"type":"LineString","coordinates":[[25.43253,59.44845],[25.41249,59.44735]]},"properties":{"ref":"1"}},
{"type":"Feature","geometry":{"type":"LineString","coordinates":[[25.3856,59.44585],[25.3831,59.44571]]},"properties":{"ref":"1"}},
{"type":"Feature","geometry":{"type":"LineString","coordinates":[[25.36503,59.4447],[25.3548,59.44413]]},"properties":{"ref":"1"}},
{"type":"Feature","geometry":{"type":"LineString","coordinates":[[25.3548,59.44413],[25.35005,59.44386]]},"properties":{"ref":"1"}},
{"type":"Feature","geometry":{"type":"LineString","coordinates":[[25.30705,59.44146],[25.30351,59.44127],[25.28606,59.44028],[25.28077,59.43999]]},"properties":{"ref":"1"}},
{"type":"Feature","geometry":{"type":"LineString","coordinates":[[25.31119,59.4417],[25.30975,59.44161],[25.30705,59.44146]]},"properties":{"ref":"1"}},
{"type":"Feature","geometry":{"type":"LineString","coordinates":[[25.31032,59.44145],[25.3111,59.44155],[25.31119,59.4417]]},"properties":{"ref":""}},
{"type":"Feature","geometry":{"type":"LineString","coordinates":[[25.27476,59.43965],[25.2741,59.43961]]},"properties":{"ref":"1"}},
{"type":"Feature","geometry":{"type":"LineString","coordinates":[[25.27163,59.43947],[25.26974,59.43936]]},"properties":{"ref":"1"}},
{"type":"Feature","geometry":{"type":"LineString","coordinates":[[26.33523,59.35755],[26.3351,59.3578]]},"properties":{"ref":""}},
{"type":"Feature","geometry":{"type":"LineString","coordinates":[[25.31119,59.4417],[25.31093,59.44177],[25.31036,59.44171]]},"properties":{"ref":""}},
{"type":"Feature","geometry":{"type":"LineString","coordinates":[[25.31036,59.44171],[25.30975,59.44161]]},"properties":{"ref":""}},
{"type":"Feature","geometry":{"type":"LineString","coordinates":[[25.18414,59.43445],[25.18501,59.43445]]},"properties":{"ref":"1"}},
{"type":"Feature","geometry":{"type":"LineString","coordinates":[[25.3786,59.44571],[25.37681,59.44605]]},"properties":{"ref":""}},
{"type":"Feature","geometry":{"type":"LineString","coordinates":[[25.37681,59.44605],[25.37615,59.44619],[25.37566,59.44648]]},"properties":{"ref":""}},
{"type":"Feature","geometry":{"type":"LineString","coordinates":[[25.37509,59.44424],[25.37606,59.44419],[25.37694,59.44431]]},"properties":{"ref":"1103"}},
{"type":"Feature","geometry":{"type":"LineString","coordinates":[[25.37694,59.44431],[25.37748,59.44438]]},"properties":{"ref":"1103"}},
{"type":"Feature","geometry":{"type":"LineString","coordinates":[[25.27719,59.43978],[25.27476,59.43965]]},"properties":{"ref":"1"}},
{"type":"Feature","geometry":{"type":"LineString","coordinates":[[25.28009,59.43994],[25.27953,59.43991]]},"properties":{"ref":"1"}},
{"type":"Feature","geometry":{"type":"LineString","coordinates":[[25.51788,59.45682],[25.51642,59.45658]]},"properties":{"ref":"1105"}},
{"type":"Feature","geometry":{"type":"LineString","coordinates":[[25.5182,59.45543],[25.51864,59.45546],[25.51947,59.45562]]},"properties":{"ref":"1105"}},
{"type":"Feature","geometry":{"type":"LineString","coordinates":[[25.94898,59.45538],[25.94545,59.45509]]},"properties":{"ref":"1"}},
{"type":"Feature","geometry":{"type":"LineString","coordinates":[[25.94937,59.45541],[25.94898,59.45538]]},"properties":{"ref":"1"}},
{"type":"Feature","geometry":{"type":"LineString","coordinates":[[25.3108,59.11003],[25.30919,59.11145],[25.30823,59.11219],[25.30724,59.11288],[25.3064,59.11341],[25.30511,59.11416],[25.30323,59.11513],[25.30156,59.11589],[25.29996,59.11653],[25.29867,59.11699],[25.29723,59.11746],[25.29565,59.11792],[25.29397,59.11835],[25.28318,59.121],[25.28162,59.1214],[25.27951,59.12201],[25.27839,59.12238]]},"properties":{"ref":"2"}},
{"type":"Feature","geometry":{"type":"LineString","coordinates":[[25.31316,59.1076],[25.31213,59.1086]]},"properties":{"ref":""}},
{"type":"Feature","geometry":{"type":"LineString","coordinates":[[25.31297,59.10745],[25.31213,59.1086],[25.3108,59.11003]]},"properties":{"ref":"2"}},
{"type":"Feature","geometry":{"type":"LineString","coordinates":[[25.34079,59.07646],[25.33931,59.07702],[25.3368,59.07809],[25.33457,59.07916],[25.33364,59.07966]]},"properties":{"ref":"2"}},
{"type":"Feature","geometry":{"type":"LineString","coordinates":[[25.33264,59.0802],[25.33062,59.08142]]},"properties":{"ref":"2"}},
{"type":"Feature","geometry":{"type":"LineString","coordinates":[[25.36071,59.0691],[25.3633,59.06819],[25.36834,59.06637],[25.36965,59.06589]]},"properties":{"ref":"2"}},
{"type":"Feature","geometry":{"type":"LineString","coordinates":[[25.36965,59.06589],[25.37214,59.065]]},"properties":{"ref":"2"}},
{"type":"Feature","geometry":{"type":"LineString","coordinates":[[25.37445,59.06428],[25.37677,59.06359],[25.37936,59.06286]]},"properties":{"ref":"2"}},
{"type":"Feature","geometry":{"type":"LineString","coordinates":[[25.37936,59.06286],[25.38174,59.06222]]},"properties":{"ref":"2"}},
{"type":"Feature","geometry":{"type":"LineString","coordinates":[[25.39986,59.05832],[25.40167,59.05788],[25.40335,59.05742],[25.40514,59.05686],[25.40667,59.05633],[25.40822,59.05574],[25.40963,59.05517],[25.41102,59.05453],[25.41229,59.0539],[25.41367,59.05318],[25.41537,59.05221],[25.42087,59.04895],[25.42359,59.0473]]},"properties":{"ref":"2"}},
{"type":"Feature","geometry":{"type":"LineString","coordinates":[[25.42359,59.0473],[25.42371,59.04723],[25.42528,59.0463]]},"properties":{"ref":"2"}},
{"type":"Feature","geometry":{"type":"LineString","coordinates":[[25.42371,59.04723],[25.42503,59.04628]]},"properties":{"ref":""}},
{"type":"Feature","geometry":{"type":"LineString","coordinates":[[25.42528,59.0463],[25.42807,59.04465]]},"properties":{"ref":"2"}},
{"type":"Feature","geometry":{"type":"LineString","coordinates":[[25.4281,59.04452],[25.4291,59.04404]]},"properties":{"ref":"11141"}},
{"type":"Feature","geometry":{"type":"LineString","coordinates":[[25.42807,59.04465],[25.4291,59.04404],[25.43014,59.04343]]},"properties":{"ref":"2"}},
{"type":"Feature","geometry":{"type":"LineString","coordinates":[[25.59299,58.9902],[25.59155,58.99131],[25.59012,58.99237],[25.58844,58.99354],[25.5872,58.99436],[25.58588,58.99519]]},"properties":{"ref":"2"}},
{"type":"Feature","geometry":{"type":"LineString","coordinates":[[25.58551,58.99527],[25.5872,58.99422],[25.58903,58.99298],[25.59001,58.99229],[25.59135,58.99129],[25.59219,58.99063]]},"properties":{"ref":"2"}},
{"type":"Feature","geometry":{"type":"LineString","coordinates":[[25.58551,58.99527],[25.58637,58.9945],[25.58687,58.99394]]},"properties":{"ref":""}},
{"type":"Feature","geometry":{"type":"LineString","coordinates":[[25.39967,59.05847],[25.39033,59.06045],[25.38526,59.06152],[25.38401,59.06179]]},"properties":{"ref":"2"}},
{"type":"Feature","geometry":{"type":"LineString","coordinates":[[25.38401,59.06179],[25.38179,59.0623],[25.37956,59.0629]]},"properties":{"ref":"2"}},
{"type":"Feature","geometry":{"type":"LineString","coordinates":[[25.37214,59.065],[25.37445,59.06428]]},"properties":{"ref":"2"}},
{"type":"Feature","geometry":{"type":"LineString","coordinates":[[25.37956,59.0629],[25.37686,59.06365],[25.37451,59.06435]]},"properties":{"ref":"2"}},
{"type":"Feature","geometry":{"type":"LineString","coordinates":[[25.36968,59.06597],[25.36338,59.06825],[25.36086,59.0692]]},"properties":{"ref":"2"}},
{"type":"Feature","geometry":{"type":"LineString","coordinates":[[26.3378,59.35244],[26.33805,59.352]]},"properties":{"ref":"5"}},
{"type":"Feature","geometry":{"type":"LineString","coordinates":[[26.33503,59.35749],[26.33534,59.35729],[26.33582,59.3568]]},"properties":{"ref":"5"}},
{"type":"Feature","geometry":{"type":"LineString","coordinates":[[26.33329,59.35748],[26.3347,59.35758]]},"properties":{"ref":"5"}},
{"type":"Feature","geometry":{"type":"LineString","coordinates":[[25.34494,59.07495],[25.34359,59.07544]]},"properties":{"ref":"2"}},
{"type":"Feature","geometry":{"type":"LineString","coordinates":[[25.34359,59.07544],[25.34079,59.07646]]},"properties":{"ref":"2"}},
{"type":"Feature","geometry":{"type":"LineString","coordinates":[[25.33062,59.08142],[25.32869,59.0827]]},"properties":{"ref":"2"}},
{"type":"Feature","geometry":{"type":"LineString","coordinates":[[25.33364,59.07966],[25.33264,59.0802]]},"properties":{"ref":"2"}},
{"type":"Feature","geometry":{"type":"LineString","coordinates":[[25.38174,59.06222],[25.38378,59.06174]]},"properties":{"ref":"2"}},
{"type":"Feature","geometry":{"type":"LineString","coordinates":[[25.63505,59.46218],[25.63893,59.46225]]},"properties":{"ref":"1"}},
{"type":"Feature","geometry":{"type":"LineString","coordinates":[[25.64142,59.4623],[25.64386,59.46235]]},"properties":{"ref":"1"}},
{"type":"Feature","geometry":{"type":"LineString","coordinates":[[25.64418,59.46255],[25.64334,59.46253]]},"properties":{"ref":"1"}},
{"type":"Feature","geometry":{"type":"LineString","coordinates":[[26.29023,59.42157],[26.29448,59.42118]]},"properties":{"ref":"1"}},
{"type":"Feature","geometry":{"type":"LineString","coordinates":[[26.34936,59.32634],[26.34908,59.32618]]},"properties":{"ref":""}},
{"type":"Feature","geometry":{"type":"LineString","coordinates":[[26.34956,59.32637],[26.34936,59.32634]]},"properties":{"ref":""}},
{"type":"Feature","geometry":{"type":"LineString","coordinates":[[26.35011,59.32599],[26.35014,59.32605]]},"properties":{"ref":""}},
{"type":"Feature","geometry":{"type":"LineString","coordinates":[[26.43104,59.36535],[26.43154,59.3654]]},"properties":{"ref":""}},
{"type":"Feature","geometry":{"type":"LineString","coordinates":[[26.43101,59.36546],[26.42972,59.36528]]},"properties":{"ref":"5"}},
{"type":"Feature","geometry":{"type":"LineString","coordinates":[[26.43149,59.36551],[26.43101,59.36546]]},"properties":{"ref":""}},
{"type":"Feature","geometry":{"type":"LineString","coordinates":[[26.33823,59.35155],[26.33817,59.35152]]},"properties":{"ref":""}},
{"type":"Feature","geometry":{"type":"LineString","coordinates":[[26.33817,59.35152],[26.33812,59.35138]]},"properties":{"ref":""}},
{"type":"Feature","geometry":{"type":"LineString","coordinates":[[26.33812,59.35138],[26.33839,59.35125]]},"properties":{"ref":""}},
{"type":"Feature","geometry":{"type":"LineString","coordinates":[[26.33839,59.35125],[26.33867,59.35129]]},"properties":{"ref":""}},
{"type":"Feature","geometry":{"type":"LineString","coordinates":[[26.33867,59.35129],[26.33874,59.35133]]},"properties":{"ref":""}},
{"type":"Feature","geometry":{"type":"LineString","coordinates":[[26.33874,59.35133],[26.33875,59.35148]]},"properties":{"ref":""}},
{"type":"Feature","geometry":{"type":"LineString","coordinates":[[26.33875,59.35148],[26.3386,59.35157]]},"properties":{"ref":""}},
{"type":"Feature","geometry":{"type":"LineString","coordinates":[[26.06822,59.44993],[26.07154,59.44901]]},"properties":{"ref":"1"}},
{"type":"Feature","geometry":{"type":"LineString","coordinates":[[26.00188,59.46282],[26.00394,59.46293],[26.00626,59.463],[26.01018,59.463]]},"properties":{"ref":"1"}},
{"type":"Feature","geometry":{"type":"LineString","coordinates":[[26.01496,59.46278],[26.01699,59.46262],[26.01882,59.46244],[26.0216,59.4621],[26.02406,59.46174],[26.02639,59.46133],[26.02961,59.46067],[26.03286,59.4599],[26.05091,59.45483],[26.05473,59.45374],[26.06822,59.44993]]},"properties":{"ref":"1"}},
{"type":"Feature","geometry":{"type":"LineString","coordinates":[[26.07154,59.44901],[26.07348,59.44851],[26.07536,59.44807]]},"properties":{"ref":"1"}},
{"type":"Feature","geometry":{"type":"LineString","coordinates":[[26.0714,59.44926],[26.06933,59.44984]]},"properties":{"ref":"1"}},
{"type":"Feature","geometry":{"type":"LineString","coordinates":[[26.07617,59.44809],[26.07363,59.44868],[26.0714,59.44926]]},"properties":{"ref":"1"}},
{"type":"Feature","geometry":{"type":"LineString","coordinates":[[26.06771,59.45029],[26.06621,59.45071],[26.06423,59.45122],[26.06238,59.45172],[26.051,59.45493],[26.03608,59.45915],[26.03306,59.45999],[26.02973,59.4608],[26.02651,59.46146],[26.02407,59.46188],[26.02155,59.46225],[26.01886,59.46257],[26.01705,59.46275],[26.01395,59.46297],[26.01169,59.46307],[26.00986,59.46313],[26.00818,59.46314],[26.00543,59.4631]]},"properties":{"ref":"1"}},
{"type":"Feature","geometry":{"type":"LineString","coordinates":[[26.00326,59.46302],[26.00021,59.46283],[25.99686,59.46251],[25.99567,59.46238]]},"properties":{"ref":"1"}},
{"type":"Feature","geometry":{"type":"LineString","coordinates":[[25.99141,59.46177],[25.9895,59.46143],[25.98607,59.46072],[25.97675,59.45854],[25.97475,59.4581],[25.97233,59.45765],[25.9705,59.45734],[25.96748,59.45693],[25.96518,59.45668],[25.96232,59.45643],[25.9608,59.45632],[25.95803,59.45611],[25.94982,59.45545]]},"properties":{"ref":"1"}},
{"type":"Feature","geometry":{"type":"LineString","coordinates":[[26.13617,59.43874],[26.13243,59.43912]]},"properties":{"ref":"1"}},
{"type":"Feature","geometry":{"type":"LineString","coordinates":[[26.26376,59.42468],[26.24549,59.42671],[26.15106,59.43717]]},"properties":{"ref":"1"}},
{"type":"Feature","geometry":{"type":"LineString","coordinates":[[26.14827,59.43748],[26.13963,59.43841],[26.13617,59.43874]]},"properties":{"ref":"1"}},
{"type":"Feature","geometry":{"type":"LineString","coordinates":[[25.18427,59.43463],[25.18413,59.43463]]},"properties":{"ref":"1"}},
{"type":"Feature","geometry":{"type":"LineString","coordinates":[[25.19676,59.43499],[25.19761,59.43504]]},"properties":{"ref":"1"}},
{"type":"Feature","geometry":{"type":"LineString","coordinates":[[25.26974,59.43936],[25.24899,59.43817]]},"properties":{"ref":"1"}},
{"type":"Feature","geometry":{"type":"LineString","coordinates":[[25.24004,59.43767],[25.23915,59.43762]]},"properties":{"ref":"1"}},
{"type":"Feature","geometry":{"type":"LineString","coordinates":[[25.25108,59.4381],[25.27075,59.43922]]},"properties":{"ref":"1"}},
{"type":"Feature","geometry":{"type":"LineString","coordinates":[[25.24097,59.43753],[25.24205,59.43759]]},"properties":{"ref":"1"}},
{"type":"Feature","geometry":{"type":"LineString","coordinates":[[25.24743,59.43808],[25.24004,59.43767]]},"properties":{"ref":"1"}},
{"type":"Feature","geometry":{"type":"LineString","coordinates":[[25.24899,59.43817],[25.24743,59.43808]]},"properties":{"ref":"1"}},
{"type":"Feature","geometry":{"type":"LineString","coordinates":[[25.24205,59.43759],[25.24909,59.43799]]},"properties":{"ref":"1"}},
{"type":"Feature","geometry":{"type":"LineString","coordinates":[[25.24909,59.43799],[25.25108,59.4381]]},"properties":{"ref":"1"}},
{"type":"Feature","geometry":{"type":"LineString","coordinates":[[25.27075,59.43922],[25.27369,59.43939]]},"properties":{"ref":"1"}},
{"type":"Feature","geometry":{"type":"LineString","coordinates":[[25.27896,59.43969],[25.28013,59.43976]]},"properties":{"ref":"1"}},
{"type":"Feature","geometry":{"type":"LineString","coordinates":[[25.30802,59.44132],[25.30843,59.44134]]},"properties":{"ref":"1"}},
{"type":"Feature","geometry":{"type":"LineString","coordinates":[[25.3651,59.44451],[25.36719,59.44463]]},"properties":{"ref":"1"}},
{"type":"Feature","geometry":{"type":"LineString","coordinates":[[25.38299,59.44551],[25.3843,59.44558]]},"properties":{"ref":"1"}},
{"type":"Feature","geometry":{"type":"LineString","coordinates":[[25.3831,59.44571],[25.3809,59.44559]]},"properties":{"ref":"1"}},
{"type":"Feature","geometry":{"type":"LineString","coordinates":[[25.36559,59.44474],[25.36503,59.4447]]},"properties":{"ref":"1"}},
{"type":"Feature","geometry":{"type":"LineString","coordinates":[[25.40952,59.44699],[25.41522,59.4473]]},"properties":{"ref":"1"}},
{"type":"Feature","geometry":{"type":"LineString","coordinates":[[25.44213,59.44895],[25.44263,59.449]]},"properties":{"ref":"1"}},
{"type":"Feature","geometry":{"type":"LineString","coordinates":[[25.44479,59.44941],[25.44264,59.4492]]},"properties":{"ref":"1"}},
{"type":"Feature","geometry":{"type":"LineString","coordinates":[[25.41249,59.44735],[25.40812,59.44711]]},"properties":{"ref":"1"}},
{"type":"Feature","geometry":{"type":"LineString","coordinates":[[25.42734,59.44796],[25.42855,59.44803]]},"properties":{"ref":"1"}},
{"type":"Feature","geometry":{"type":"LineString","coordinates":[[25.42855,59.44803],[25.43178,59.44821]]},"properties":{"ref":"1"}},
{"type":"Feature","geometry":{"type":"LineString","coordinates":[[25.5099,59.45561],[25.50793,59.45543]]},"properties":{"ref":"1"}},
{"type":"Feature","geometry":{"type":"LineString","coordinates":[[25.50724,59.45517],[25.51069,59.45548]]},"properties":{"ref":"1"}},
{"type":"Feature","geometry":{"type":"LineString","coordinates":[[25.52623,59.45651],[25.53011,59.45675]]},"properties":{"ref":"1"}},
{"type":"Feature","geometry":{"type":"LineString","coordinates":[[25.52798,59.45682],[25.52581,59.45668]]},"properties":{"ref":"1"}},
{"type":"Feature","geometry":{"type":"LineString","coordinates":[[25.58673,59.46036],[25.5845,59.46023]]},"properties":{"ref":"1"}},
{"type":"Feature","geometry":{"type":"LineString","coordinates":[[25.5845,59.46023],[25.58393,59.46019]]},"properties":{"ref":"1"}},
{"type":"Feature","geometry":{"type":"LineString","coordinates":[[25.557,59.45838],[25.58311,59.45996]]},"properties":{"ref":"1"}},
{"type":"Feature","geometry":{"type":"LineString","coordinates":[[25.58311,59.45996],[25.58773,59.46023]]},"properties":{"ref":"1"}},
{"type":"Feature","geometry":{"type":"LineString","coordinates":[[25.58773,59.46023],[25.59599,59.46073]]},"properties":{"ref":"1"}},
{"type":"Feature","geometry":{"type":"LineString","coordinates":[[25.59599,59.46073],[25.60008,59.46097]]},"properties":{"ref":"1"}},
{"type":"Feature","geometry":{"type":"LineString","coordinates":[[25.60157,59.46106],[25.60389,59.4612]]},"properties":{"ref":"1"}},
{"type":"Feature","geometry":{"type":"LineString","coordinates":[[25.60389,59.4612],[25.60427,59.46122]]},"properties":{"ref":"1"}},
{"type":"Feature","geometry":{"type":"LineString","coordinates":[[25.60008,59.46097],[25.60157,59.46106]]},"properties":{"ref":"1"}},
{"type":"Feature","geometry":{"type":"LineString","coordinates":[[25.60205,59.46129],[25.59953,59.46114]]},"properties":{"ref":"1"}},
{"type":"Feature","geometry":{"type":"LineString","coordinates":[[25.60526,59.46148],[25.60205,59.46129]]},"properties":{"ref":"1"}},
{"type":"Feature","geometry":{"type":"LineString","coordinates":[[25.63338,59.46214],[25.63505,59.46218]]},"properties":{"ref":"1"}},
{"type":"Feature","geometry":{"type":"LineString","coordinates":[[25.64005,59.46228],[25.64104,59.46229]]},"properties":{"ref":"1"}},
{"type":"Feature","geometry":{"type":"LineString","coordinates":[[25.67682,59.4632],[25.67417,59.46315],[25.64858,59.46264]]},"properties":{"ref":"1"}},
{"type":"Feature","geometry":{"type":"LineString","coordinates":[[25.67866,59.46324],[25.67682,59.4632]]},"properties":{"ref":"1"}},
{"type":"Feature","geometry":{"type":"LineString","coordinates":[[25.65963,59.46267],[25.67588,59.46299]]},"properties":{"ref":"1"}},
{"type":"Feature","geometry":{"type":"LineString","coordinates":[[25.67588,59.46299],[25.67734,59.46302]]},"properties":{"ref":"1"}},
{"type":"Feature","geometry":{"type":"LineString","coordinates":[[25.69975,59.46365],[25.67866,59.46324]]},"properties":{"ref":"1"}},
{"type":"Feature","geometry":{"type":"LineString","coordinates":[[25.70257,59.46371],[25.70068,59.46367]]},"properties":{"ref":"1"}},
{"type":"Feature","geometry":{"type":"LineString","coordinates":[[25.70068,59.46367],[25.69975,59.46365]]},"properties":{"ref":"1"}},
{"type":"Feature","geometry":{"type":"LineString","coordinates":[[25.70215,59.46351],[25.70332,59.46353]]},"properties":{"ref":"1"}},
{"type":"Feature","geometry":{"type":"LineString","coordinates":[[25.70671,59.4636],[25.70842,59.46364]]},"properties":{"ref":"1"}},
{"type":"Feature","geometry":{"type":"LineString","coordinates":[[25.70842,59.46364],[25.70975,59.46366]]},"properties":{"ref":"1"}},
{"type":"Feature","geometry":{"type":"LineString","coordinates":[[25.70623,59.46359],[25.70671,59.4636]]},"properties":{"ref":"1"}},
{"type":"Feature","geometry":{"type":"LineString","coordinates":[[25.70638,59.46379],[25.70298,59.46372]]},"properties":{"ref":"1"}},
{"type":"Feature","geometry":{"type":"LineString","coordinates":[[25.70525,59.46382],[25.70491,59.46388],[25.70457,59.4642]]},"properties":{"ref":""}},
{"type":"Feature","geometry":{"type":"LineString","coordinates":[[25.70758,59.46381],[25.70638,59.46379]]},"properties":{"ref":"1"}},
{"type":"Feature","geometry":{"type":"LineString","coordinates":[[25.70298,59.46372],[25.70257,59.46371]]},"properties":{"ref":"1"}},
{"type":"Feature","geometry":{"type":"LineString","coordinates":[[25.77102,59.46192],[25.75295,59.46352],[25.74835,59.46388],[25.74407,59.4641]]},"properties":{"ref":"1"}},
{"type":"Feature","geometry":{"type":"LineString","coordinates":[[25.76126,59.46259],[25.77092,59.46173]]},"properties":{"ref":"1"}},
{"type":"Feature","geometry":{"type":"LineString","coordinates":[[25.75963,59.46274],[25.76126,59.46259]]},"properties":{"ref":"1"}},
{"type":"Feature","geometry":{"type":"LineString","coordinates":[[25.809,59.46035],[25.79787,59.46051],[25.79656,59.46053]]},"properties":{"ref":"1"}},
{"type":"Feature","geometry":{"type":"LineString","coordinates":[[25.79656,59.46053],[25.79239,59.4606]]},"properties":{"ref":"1"}},
{"type":"Feature","geometry":{"type":"LineString","coordinates":[[25.77191,59.46165],[25.77466,59.4614],[25.77875,59.46106],[25.781,59.4609],[25.78532,59.46065],[25.78975,59.46048],[25.79147,59.46043],[25.79486,59.46037]]},"properties":{"ref":"1"}},
{"type":"Feature","geometry":{"type":"LineString","coordinates":[[25.79486,59.46037],[25.79692,59.46034]]},"properties":{"ref":"1"}},
{"type":"Feature","geometry":{"type":"LineString","coordinates":[[25.81641,59.46024],[25.809,59.46035]]},"properties":{"ref":"1"}},
{"type":"Feature","geometry":{"type":"LineString","coordinates":[[25.81991,59.46018],[25.81641,59.46024]]},"properties":{"ref":"1"}},
{"type":"Feature","geometry":{"type":"LineString","coordinates":[[25.82241,59.46014],[25.81991,59.46018]]},"properties":{"ref":"1"}},
{"type":"Feature","geometry":{"type":"LineString","coordinates":[[25.82447,59.46011],[25.82241,59.46014]]},"properties":{"ref":"1"}},
{"type":"Feature","geometry":{"type":"LineString","coordinates":[[25.83079,59.46001],[25.8289,59.46003],[25.82447,59.46011]]},"properties":{"ref":"1"}},
{"type":"Feature","geometry":{"type":"LineString","coordinates":[[25.83343,59.45994],[25.83079,59.46001]]},"properties":{"ref":"1"}},
{"type":"Feature","geometry":{"type":"LineString","coordinates":[[25.83591,59.45984],[25.83343,59.45994]]},"properties":{"ref":"1"}},
{"type":"Feature","geometry":{"type":"LineString","coordinates":[[25.83729,59.45976],[25.83591,59.45984]]},"properties":{"ref":"1"}},
{"type":"Feature","geometry":{"type":"LineString","coordinates":[[25.9104,59.45482],[25.90971,59.45476],[25.90971,59.45465]]},"properties":{"ref":""}},
{"type":"Feature","geometry":{"type":"LineString","coordinates":[[25.92829,59.45414],[25.92698,59.45416],[25.924,59.45426],[25.92249,59.45433]]},"properties":{"ref":"1"}},
{"type":"Feature","geometry":{"type":"LineString","coordinates":[[25.91298,59.45472],[25.9104,59.45482]]},"properties":{"ref":"1"}},
{"type":"Feature","geometry":{"type":"LineString","coordinates":[[25.91251,59.45454],[25.91568,59.45441]]},"properties":{"ref":"1"}},
{"type":"Feature","geometry":{"type":"LineString","coordinates":[[25.91134,59.45459],[25.91251,59.45454]]},"properties":{"ref":"1"}},
{"type":"Feature","geometry":{"type":"LineString","coordinates":[[25.91923,59.45427],[25.92063,59.45421]]},"properties":{"ref":"1"}},
{"type":"Feature","geometry":{"type":"LineString","coordinates":[[25.92039,59.45441],[25.91298,59.45472]]},"properties":{"ref":"1"}},
{"type":"Feature","geometry":{"type":"LineString","coordinates":[[25.92249,59.45433],[25.92039,59.45441]]},"properties":{"ref":"1"}},
{"type":"Feature","geometry":{"type":"LineString","coordinates":[[25.93235,59.45418],[25.9304,59.45414],[25.92829,59.45414]]},"properties":{"ref":"1"}},
{"type":"Feature","geometry":{"type":"LineString","coordinates":[[25.94894,59.45517],[25.94947,59.45521]]},"properties":{"ref":"1"}},
{"type":"Feature","geometry":{"type":"LineString","coordinates":[[25.96419,59.45639],[25.9653,59.45649],[25.96715,59.4567]]},"properties":{"ref":"1"}},
{"type":"Feature","geometry":{"type":"LineString","coordinates":[[25.95917,59.45598],[25.96144,59.45616]]},"properties":{"ref":"1"}},
{"type":"Feature","geometry":{"type":"LineString","coordinates":[[25.96144,59.45616],[25.96419,59.45639]]},"properties":{"ref":"1"}},
{"type":"Feature","geometry":{"type":"LineString","coordinates":[[25.99567,59.46238],[25.99342,59.46208],[25.99141,59.46177]]},"properties":{"ref":"1"}},
{"type":"Feature","geometry":{"type":"LineString","coordinates":[[25.9996,59.46265],[26.00188,59.46282]]},"properties":{"ref":"1"}},
{"type":"Feature","geometry":{"type":"LineString","coordinates":[[26.00543,59.4631],[26.00326,59.46302]]},"properties":{"ref":"1"}},
{"type":"Feature","geometry":{"type":"LineString","coordinates":[[26.01018,59.463],[26.01181,59.46295],[26.01496,59.46278]]},"properties":{"ref":"1"}},
{"type":"Feature","geometry":{"type":"LineString","coordinates":[[26.06933,59.44984],[26.06771,59.45029]]},"properties":{"ref":"1"}},
{"type":"Feature","geometry":{"type":"LineString","coordinates":[[26.08113,59.44693],[26.08306,59.44659]]},"properties":{"ref":"1"}},
{"type":"Feature","geometry":{"type":"LineString","coordinates":[[26.08306,59.44659],[26.08657,59.44598]]},"properties":{"ref":"1"}},
{"type":"Feature","geometry":{"type":"LineString","coordinates":[[26.08657,59.44598],[26.08897,59.44557]]},"properties":{"ref":"1"}},
{"type":"Feature","geometry":{"type":"LineString","coordinates":[[26.09048,59.4453],[26.09269,59.44491]]},"properties":{"ref":"1"}},
{"type":"Feature","geometry":{"type":"LineString","coordinates":[[26.08897,59.44557],[26.09048,59.4453]]},"properties":{"ref":"1"}},
{"type":"Feature","geometry":{"type":"LineString","coordinates":[[26.09513,59.4447],[26.09381,59.44492],[26.09279,59.4451]]},"properties":{"ref":"1"}},
{"type":"Feature","geometry":{"type":"LineString","coordinates":[[26.14759,59.43743],[26.15237,59.4369]]},"properties":{"ref":"1"}},
{"type":"Feature","geometry":{"type":"LineString","coordinates":[[26.15106,59.43717],[26.14827,59.43748]]},"properties":{"ref":"1"}},
{"type":"Feature","geometry":{"type":"LineString","coordinates":[[26.26018,59.42495],[26.26318,59.42462]]},"properties":{"ref":"1"}},
{"type":"Feature","geometry":{"type":"LineString","coordinates":[[26.26318,59.42462],[26.27245,59.42358]]},"properties":{"ref":"1"}},
{"type":"Feature","geometry":{"type":"LineString","coordinates":[[26.27245,59.42358],[26.27763,59.423]]},"properties":{"ref":"1"}},
{"type":"Feature","geometry":{"type":"LineString","coordinates":[[26.27966,59.42291],[26.27738,59.42316]]},"properties":{"ref":"1"}},
{"type":"Feature","geometry":{"type":"LineString","coordinates":[[26.28562,59.42211],[26.28627,59.42204]]},"properties":{"ref":"1"}},
{"type":"Feature","geometry":{"type":"LineString","coordinates":[[26.29149,59.42158],[26.29004,59.42175]]},"properties":{"ref":"1"}},
{"type":"Feature","geometry":{"type":"LineString","coordinates":[[25.94282,59.25711],[25.94295,59.25717]]},"properties":{"ref":"5"}},
{"type":"Feature","geometry":{"type":"LineString","coordinates":[[25.94295,59.25717],[25.94299,59.25726]]},"properties":{"ref":"5"}},
{"type":"Feature","geometry":{"type":"LineString","coordinates":[[25.94292,59.25735],[25.94281,59.25739]]},"properties":{"ref":"5"}},
{"type":"Feature","geometry":{"type":"LineString","coordinates":[[25.94281,59.25739],[25.94253,59.25738]]},"properties":{"ref":"5"}},
{"type":"Feature","geometry":{"type":"LineString","coordinates":[[25.94253,59.25738],[25.94244,59.25717]]},"properties":{"ref":"5"}},
{"type":"Feature","geometry":{"type":"LineString","coordinates":[[25.94244,59.25717],[25.94282,59.25711]]},"properties":{"ref":"5"}},
{"type":"Feature","geometry":{"type":"LineString","coordinates":[[25.70291,59.02993],[25.7031,59.03032],[25.70364,59.03088],[25.70582,59.0325]]},"properties":{"ref":"5"}},
{"type":"Feature","geometry":{"type":"LineString","coordinates":[[25.70275,59.02884],[25.70291,59.02993]]},"properties":{"ref":"5"}},
{"type":"Feature","geometry":{"type":"LineString","coordinates":[[25.70291,59.02993],[25.7027,59.0294],[25.70275,59.02884]]},"properties":{"ref":"5"}},
{"type":"Feature","geometry":{"type":"LineString","coordinates":[[25.64858,59.46264],[25.64418,59.46255]]},"properties":{"ref":"1"}},
{"type":"Feature","geometry":{"type":"LineString","coordinates":[[25.63257,59.46232],[25.63107,59.46229]]},"properties":{"ref":"1"}},
{"type":"Feature","geometry":{"type":"LineString","coordinates":[[25.62861,59.46205],[25.63338,59.46214]]},"properties":{"ref":"1"}},
{"type":"Feature","geometry":{"type":"LineString","coordinates":[[25.64386,59.46235],[25.64514,59.46237]]},"properties":{"ref":"1"}},
{"type":"Feature","geometry":{"type":"LineString","coordinates":[[26.33316,59.35747],[26.3322,59.35737]]},"properties":{"ref":"5"}},
{"type":"Feature","geometry":{"type":"LineString","coordinates":[[26.3322,59.35737],[26.33203,59.35735]]},"properties":{"ref":"5"}},
{"type":"Feature","geometry":{"type":"LineString","coordinates":[[26.33329,59.35748],[26.33316,59.35747]]},"properties":{"ref":"5"}},
{"type":"Feature","geometry":{"type":"LineString","coordinates":[[26.32769,59.35669],[26.32605,59.35627],[26.32455,59.35577],[26.32177,59.35473],[26.31976,59.35403],[26.31695,59.35323],[26.31585,59.35297],[26.31395,59.35256]]},"properties":{"ref":"5"}},
{"type":"Feature","geometry":{"type":"LineString","coordinates":[[26.31226,59.35225],[26.31113,59.35207]]},"properties":{"ref":"5"}},
{"type":"Feature","geometry":{"type":"LineString","coordinates":[[26.31291,59.35236],[26.31226,59.35225]]},"properties":{"ref":"5"}},
{"type":"Feature","geometry":{"type":"LineString","coordinates":[[26.31395,59.35256],[26.31291,59.35236]]},"properties":{"ref":"5"}},
{"type":"Feature","geometry":{"type":"LineString","coordinates":[[26.08468,59.31572],[26.08938,59.32003],[26.09052,59.32114],[26.09287,59.32333],[26.09481,59.3251],[26.09638,59.32641],[26.09726,59.32695],[26.09851,59.3276],[26.10033,59.32836],[26.10976,59.33146],[26.11374,59.33284],[26.11489,59.33326],[26.11598,59.33373],[26.11695,59.33431],[26.11779,59.33493],[26.11846,59.33557],[26.11897,59.33627]]},"properties":{"ref":"5"}},
{"type":"Feature","geometry":{"type":"LineString","coordinates":[[26.08398,59.31507],[26.08468,59.31572]]},"properties":{"ref":"5"}},
{"type":"Feature","geometry":{"type":"LineString","coordinates":[[26.08311,59.3142],[26.08381,59.31491]]},"properties":{"ref":"5"}},
{"type":"Feature","geometry":{"type":"LineString","coordinates":[[26.08381,59.31491],[26.08398,59.31507]]},"properties":{"ref":"5"}},
{"type":"Feature","geometry":{"type":"LineString","coordinates":[[25.94151,59.45477],[25.93997,59.45465]]},"properties":{"ref":"1"}},
{"type":"Feature","geometry":{"type":"LineString","coordinates":[[26.40443,59.33218],[26.40443,59.33226]]},"properties":{"ref":""}},
{"type":"Feature","geometry":{"type":"LineString","coordinates":[[26.40443,59.33226],[26.4042,59.33239]]},"properties":{"ref":""}},
{"type":"Feature","geometry":{"type":"LineString","coordinates":[[26.4042,59.33239],[26.40401,59.33239]]},"properties":{"ref":""}},
{"type":"Feature","geometry":{"type":"LineString","coordinates":[[26.4042,59.33206],[26.40443,59.33218]]},"properties":{"ref":""}},
{"type":"Feature","geometry":{"type":"LineString","coordinates":[[26.40401,59.33239],[26.40378,59.33226]]},"properties":{"ref":""}},
{"type":"Feature","geometry":{"type":"LineString","coordinates":[[26.40378,59.33226],[26.40378,59.3322]]},"properties":{"ref":""}},
{"type":"Feature","geometry":{"type":"LineString","coordinates":[[26.40378,59.3322],[26.404,59.33207]]},"properties":{"ref":""}},
{"type":"Feature","geometry":{"type":"LineString","coordinates":[[25.67629,58.9973],[25.67768,58.9997],[25.67866,59.001],[25.67965,59.00209],[25.68053,59.00291],[25.68163,59.00385],[25.68308,59.00486],[25.68413,59.00553],[25.68815,59.00787],[25.69734,59.01317],[25.69841,59.0138],[25.69928,59.01435],[25.70025,59.01509],[25.70124,59.01601],[25.70194,59.01682],[25.70399,59.01985]]},"properties":{"ref":"5"}},
{"type":"Feature","geometry":{"type":"LineString","coordinates":[[25.67542,58.99585],[25.67584,58.99654]]},"properties":{"ref":"5"}},
{"type":"Feature","geometry":{"type":"LineString","coordinates":[[25.67584,58.99654],[25.67629,58.9973]]},"properties":{"ref":"5"}},
{"type":"Feature","geometry":{"type":"LineString","coordinates":[[25.66998,58.98654],[25.67259,58.99101],[25.67542,58.99585]]},"properties":{"ref":"5"}},
{"type":"Feature","geometry":{"type":"LineString","coordinates":[[25.66963,58.98592],[25.66998,58.98654]]},"properties":{"ref":"5"}},
{"type":"Feature","geometry":{"type":"LineString","coordinates":[[25.66939,58.98546],[25.66963,58.98592]]},"properties":{"ref":"5"}},
{"type":"Feature","geometry":{"type":"LineString","coordinates":[[25.66424,58.97134],[25.66609,58.9765],[25.66845,58.98318],[25.66906,58.98477],[25.66939,58.98546]]},"properties":{"ref":"5"}},
{"type":"Feature","geometry":{"type":"LineString","coordinates":[[25.664,58.97072],[25.66424,58.97134]]},"properties":{"ref":"5"}},
{"type":"Feature","geometry":{"type":"LineString","coordinates":[[25.66063,58.96566],[25.66251,58.96806],[25.66299,58.96873],[25.66361,58.96981],[25.664,58.97072]]},"properties":{"ref":"5"}},
{"type":"Feature","geometry":{"type":"LineString","coordinates":[[26.39738,59.35586],[26.39794,59.35596]]},"properties":{"ref":"5"}},
{"type":"Feature","geometry":{"type":"LineString","coordinates":[[26.39677,59.35576],[26.39695,59.35579]]},"properties":{"ref":"5"}},
{"type":"Feature","geometry":{"type":"LineString","coordinates":[[26.39839,59.35604],[26.39865,59.35609]]},"properties":{"ref":"5"}},
{"type":"Feature","geometry":{"type":"LineString","coordinates":[[26.39524,59.35547],[26.39557,59.35539]]},"properties":{"ref":""}},
{"type":"Feature","geometry":{"type":"LineString","coordinates":[[26.39557,59.35539],[26.39586,59.35545]]},"properties":{"ref":""}},
{"type":"Feature","geometry":{"type":"LineString","coordinates":[[26.39598,59.35555],[26.39592,59.35574]]},"properties":{"ref":""}},
{"type":"Feature","geometry":{"type":"LineString","coordinates":[[26.39592,59.35574],[26.3957,59.35582]]},"properties":{"ref":""}},
{"type":"Feature","geometry":{"type":"LineString","coordinates":[[26.3957,59.35582],[26.39522,59.35574]]},"properties":{"ref":""}},
{"type":"Feature","geometry":{"type":"LineString","coordinates":[[26.39522,59.35574],[26.39515,59.35565]]},"properties":{"ref":""}},
{"type":"Feature","geometry":{"type":"LineString","coordinates":[[26.39515,59.35565],[26.39524,59.35547]]},"properties":{"ref":""}},
{"type":"Feature","geometry":{"type":"LineString","coordinates":[[25.21964,59.43631],[25.22133,59.43641]]},"properties":{"ref":"1"}},
{"type":"Feature","geometry":{"type":"LineString","coordinates":[[25.22133,59.43641],[25.24097,59.43753]]},"properties":{"ref":"1"}},
{"type":"Feature","geometry":{"type":"LineString","coordinates":[[25.2163,59.43612],[25.21964,59.43631]]},"properties":{"ref":"1"}},
{"type":"Feature","geometry":{"type":"LineString","coordinates":[[25.19529,59.43491],[25.19676,59.43499]]},"properties":{"ref":"1"}},
{"type":"Feature","geometry":{"type":"LineString","coordinates":[[25.27414,59.43942],[25.27673,59.43956]]},"properties":{"ref":"1"}},
{"type":"Feature","geometry":{"type":"LineString","coordinates":[[25.19761,59.43504],[25.19852,59.43509]]},"properties":{"ref":"1"}},
{"type":"Feature","geometry":{"type":"LineString","coordinates":[[25.21676,59.43633],[25.19917,59.43533]]},"properties":{"ref":"1"}},
{"type":"Feature","geometry":{"type":"LineString","coordinates":[[25.19917,59.43533],[25.19668,59.43519]]},"properties":{"ref":"1"}},
{"type":"Feature","geometry":{"type":"LineString","coordinates":[[25.22032,59.43654],[25.21676,59.43633]]},"properties":{"ref":"1"}},
{"type":"Feature","geometry":{"type":"LineString","coordinates":[[26.22524,59.35075],[26.225,59.35078]]},"properties":{"ref":"5"}},
{"type":"Feature","geometry":{"type":"LineString","coordinates":[[26.21783,59.35188],[26.21688,59.35205]]},"properties":{"ref":"5"}},
{"type":"Feature","geometry":{"type":"LineString","coordinates":[[26.21655,59.35208],[26.21736,59.35193]]},"properties":{"ref":"5"}},
{"type":"Feature","geometry":{"type":"LineString","coordinates":[[26.20852,59.35333],[26.20963,59.35311],[26.21036,59.35305]]},"properties":{"ref":"5"}},
{"type":"Feature","geometry":{"type":"LineString","coordinates":[[26.21036,59.35305],[26.20852,59.35333]]},"properties":{"ref":"5"}},
{"type":"Feature","geometry":{"type":"LineString","coordinates":[[26.22524,59.35075],[26.22644,59.35062]]},"properties":{"ref":"5"}},
{"type":"Feature","geometry":{"type":"LineString","coordinates":[[26.22644,59.35062],[26.22596,59.35071],[26.22524,59.35075]]},"properties":{"ref":"5"}},
{"type":"Feature","geometry":{"type":"LineString","coordinates":[[26.29802,59.35053],[26.29037,59.34966]]},"properties":{"ref":"5"}},
{"type":"Feature","geometry":{"type":"LineString","coordinates":[[26.29037,59.34966],[26.28831,59.34943],[26.2825,59.34875],[26.28016,59.34851]]},"properties":{"ref":"5"}},
{"type":"Feature","geometry":{"type":"LineString","coordinates":[[26.28016,59.34851],[26.27801,59.34843]]},"properties":{"ref":"5"}},
{"type":"Feature","geometry":{"type":"LineString","coordinates":[[26.27633,59.34845],[26.27593,59.34846]]},"properties":{"ref":"5"}},
{"type":"Feature","geometry":{"type":"LineString","coordinates":[[26.27593,59.34846],[26.27044,59.34857],[26.26768,59.3486]]},"properties":{"ref":"5"}},
{"type":"Feature","geometry":{"type":"LineString","coordinates":[[26.27801,59.34843],[26.27723,59.34844]]},"properties":{"ref":"5"}},
{"type":"Feature","geometry":{"type":"LineString","coordinates":[[26.27723,59.34844],[26.27633,59.34845]]},"properties":{"ref":"5"}},
{"type":"Feature","geometry":{"type":"LineString","coordinates":[[26.19545,59.35534],[26.1941,59.3555]]},"properties":{"ref":"5"}},
{"type":"Feature","geometry":{"type":"LineString","coordinates":[[26.1941,59.3555],[26.19187,59.35572],[26.18992,59.35589],[26.18802,59.35602]]},"properties":{"ref":"5"}},
{"type":"Feature","geometry":{"type":"LineString","coordinates":[[26.18802,59.35602],[26.18678,59.3561]]},"properties":{"ref":"5"}},
{"type":"Feature","geometry":{"type":"LineString","coordinates":[[26.18678,59.3561],[26.18621,59.35613]]},"properties":{"ref":"5"}},
{"type":"Feature","geometry":{"type":"LineString","coordinates":[[26.18477,59.35622],[26.18452,59.35623]]},"properties":{"ref":"5"}},
{"type":"Feature","geometry":{"type":"LineString","coordinates":[[26.18452,59.35623],[26.18182,59.35636],[26.1805,59.35634],[26.17904,59.35628],[26.17694,59.35611],[26.17486,59.35576],[26.17012,59.35467]]},"properties":{"ref":"5"}},
{"type":"Feature","geometry":{"type":"LineString","coordinates":[[26.17012,59.35467],[26.16891,59.35439]]},"properties":{"ref":"5"}},
{"type":"Feature","geometry":{"type":"LineString","coordinates":[[26.16891,59.35439],[26.16852,59.3543]]},"properties":{"ref":"5"}},
{"type":"Feature","geometry":{"type":"LineString","coordinates":[[26.16716,59.35399],[26.1637,59.35318],[26.16094,59.35257]]},"properties":{"ref":"5"}},
{"type":"Feature","geometry":{"type":"LineString","coordinates":[[26.18621,59.35613],[26.18477,59.35622]]},"properties":{"ref":"5"}},
{"type":"Feature","geometry":{"type":"LineString","coordinates":[[26.16852,59.3543],[26.16716,59.35399]]},"properties":{"ref":"5"}},
{"type":"Feature","geometry":{"type":"LineString","coordinates":[[26.21594,59.35217],[26.21523,59.35228]]},"properties":{"ref":"5"}},
{"type":"Feature","geometry":{"type":"LineString","coordinates":[[26.21523,59.35228],[26.21346,59.35256]]},"properties":{"ref":"5"}},
{"type":"Feature","geometry":{"type":"LineString","coordinates":[[26.21346,59.35256],[26.21323,59.3526]]},"properties":{"ref":"5"}},
{"type":"Feature","geometry":{"type":"LineString","coordinates":[[26.21323,59.3526],[26.21062,59.353]]},"properties":{"ref":"5"}},
{"type":"Feature","geometry":{"type":"LineString","coordinates":[[26.21062,59.353],[26.21036,59.35305]]},"properties":{"ref":"5"}},
{"type":"Feature","geometry":{"type":"LineString","coordinates":[[26.24981,59.3491],[26.24825,59.34919]]},"properties":{"ref":"5"}},
{"type":"Feature","geometry":{"type":"LineString","coordinates":[[26.24662,59.34928],[26.23407,59.34997],[26.23221,59.35009]]},"properties":{"ref":"5"}},
{"type":"Feature","geometry":{"type":"LineString","coordinates":[[26.24825,59.34919],[26.24662,59.34928]]},"properties":{"ref":"5"}},
{"type":"Feature","geometry":{"type":"LineString","coordinates":[[26.21688,59.35205],[26.21655,59.35208]]},"properties":{"ref":"5"}},
{"type":"Feature","geometry":{"type":"LineString","coordinates":[[26.21891,59.35171],[26.21841,59.35179]]},"properties":{"ref":"5"}},
{"type":"Feature","geometry":{"type":"LineString","coordinates":[[26.21945,59.35163],[26.21891,59.35171]]},"properties":{"ref":"5"}},
{"type":"Feature","geometry":{"type":"LineString","coordinates":[[26.22229,59.35118],[26.21945,59.35163]]},"properties":{"ref":"5"}},
{"type":"Feature","geometry":{"type":"LineString","coordinates":[[26.22243,59.35116],[26.22229,59.35118]]},"properties":{"ref":"5"}},
{"type":"Feature","geometry":{"type":"LineString","coordinates":[[26.22268,59.35112],[26.22243,59.35116]]},"properties":{"ref":"5"}},
{"type":"Feature","geometry":{"type":"LineString","coordinates":[[26.225,59.35078],[26.22268,59.35112]]},"properties":{"ref":"5"}},
{"type":"Feature","geometry":{"type":"LineString","coordinates":[[26.21841,59.35179],[26.21783,59.35188]]},"properties":{"ref":"5"}},
{"type":"Feature","geometry":{"type":"LineString","coordinates":[[26.21736,59.35193],[26.21783,59.35188]]},"properties":{"ref":"5"}},
{"type":"Feature","geometry":{"type":"LineString","coordinates":[[25.4317,59.44749],[25.43224,59.44752]]},"properties":{"ref":"1104"}},
{"type":"Feature","geometry":{"type":"LineString","coordinates":[[25.43314,59.44756],[25.43293,59.44758],[25.43224,59.44752]]},"properties":{"ref":"1104"}},
{"type":"Feature","geometry":{"type":"LineString","coordinates":[[25.43312,59.44771],[25.43293,59.44758]]},"properties":{"ref":""}},
{"type":"Feature","geometry":{"type":"LineString","coordinates":[[25.43312,59.44771],[25.43338,59.4476]]},"properties":{"ref":""}},
{"type":"Feature","geometry":{"type":"LineString","coordinates":[[25.43316,59.4473],[25.43338,59.4476]]},"properties":{"ref":""}},
{"type":"Feature","geometry":{"type":"LineString","coordinates":[[25.43131,59.44749],[25.4317,59.44749]]},"properties":{"ref":"1104"}},
{"type":"Feature","geometry":{"type":"LineString","coordinates":[[25.43217,59.45004],[25.43187,59.45002]]},"properties":{"ref":"1104"}},
{"type":"Feature","geometry":{"type":"LineString","coordinates":[[25.43043,59.44995],[25.42724,59.44982],[25.42605,59.44974]]},"properties":{"ref":"1104"}},
{"type":"Feature","geometry":{"type":"LineString","coordinates":[[25.431,59.44998],[25.43043,59.44995]]},"properties":{"ref":"1104"}},
{"type":"Feature","geometry":{"type":"LineString","coordinates":[[25.19889,59.15652],[25.20049,59.15612]]},"properties":{"ref":"2"}},
{"type":"Feature","geometry":{"type":"LineString","coordinates":[[26.26974,59.4248],[26.27016,59.42513],[26.27081,59.42526]]},"properties":{"ref":""}},
{"type":"Feature","geometry":{"type":"LineString","coordinates":[[25.27548,59.44132],[25.27783,59.44139],[25.27868,59.44128]]},"properties":{"ref":""}},
{"type":"Feature","geometry":{"type":"LineString","coordinates":[[25.99906,59.25764],[26.00065,59.25833]]},"properties":{"ref":"5"}},
{"type":"Feature","geometry":{"type":"LineString","coordinates":[[26.00162,59.25879],[26.00199,59.25895],[26.00281,59.25935]]},"properties":{"ref":"5"}},
{"type":"Feature","geometry":{"type":"LineString","coordinates":[[26.00281,59.25935],[26.00269,59.25934],[26.00113,59.25867],[26.0002,59.25822]]},"properties":{"ref":"5"}},
{"type":"Feature","geometry":{"type":"LineString","coordinates":[[26.00281,59.25935],[26.00386,59.25983]]},"properties":{"ref":"5"}},
{"type":"Feature","geometry":{"type":"LineString","coordinates":[[26.00185,59.25877],[26.00199,59.25895]]},"properties":{"ref":""}},
{"type":"Feature","geometry":{"type":"LineString","coordinates":[[26.0002,59.25822],[25.99902,59.25767]]},"properties":{"ref":"5"}},
{"type":"Feature","geometry":{"type":"LineString","coordinates":[[25.99902,59.25767],[25.99842,59.25738]]},"properties":{"ref":"5"}},
{"type":"Feature","geometry":{"type":"LineString","coordinates":[[25.99842,59.25738],[25.99906,59.25764]]},"properties":{"ref":"5"}},
{"type":"Feature","geometry":{"type":"LineString","coordinates":[[26.00065,59.25833],[26.00162,59.25879]]},"properties":{"ref":"5"}},
{"type":"Feature","geometry":{"type":"LineString","coordinates":[[26.08286,59.31396],[26.08311,59.3142]]},"properties":{"ref":"5"}},
{"type":"Feature","geometry":{"type":"LineString","coordinates":[[26.07909,59.31022],[26.08067,59.31173],[26.08286,59.31396]]},"properties":{"ref":"5"}},
{"type":"Feature","geometry":{"type":"LineString","coordinates":[[26.05972,59.29849],[26.07367,59.30572],[26.07501,59.30648],[26.07613,59.3074],[26.07909,59.31022]]},"properties":{"ref":"5"}},
{"type":"Feature","geometry":{"type":"LineString","coordinates":[[26.05857,59.29789],[26.05972,59.29849]]},"properties":{"ref":"5"}},
{"type":"Feature","geometry":{"type":"LineString","coordinates":[[26.04837,59.28923],[26.04875,59.28965],[26.05231,59.29409],[26.05304,59.29484],[26.05355,59.29522],[26.05518,59.29613],[26.05857,59.29789]]},"properties":{"ref":"5"}},
{"type":"Feature","geometry":{"type":"LineString","coordinates":[[26.04084,59.27996],[26.0409,59.28123],[26.0411,59.28183],[26.04161,59.28264],[26.04269,59.2839],[26.04457,59.28599],[26.04558,59.28686],[26.04797,59.28884],[26.04837,59.28923]]},"properties":{"ref":"5"}},
{"type":"Feature","geometry":{"type":"LineString","coordinates":[[26.03441,59.27074],[26.03835,59.27411],[26.03992,59.27559],[26.0406,59.27679],[26.04082,59.27768],[26.04087,59.27884],[26.04084,59.27996]]},"properties":{"ref":"5"}},
{"type":"Feature","geometry":{"type":"LineString","coordinates":[[26.0258,59.26596],[26.0293,59.26772],[26.03189,59.26907],[26.03336,59.26996],[26.03441,59.27074]]},"properties":{"ref":"5"}},
{"type":"Feature","geometry":{"type":"LineString","coordinates":[[26.02421,59.26535],[26.02473,59.26552]]},"properties":{"ref":"5"}},
{"type":"Feature","geometry":{"type":"LineString","coordinates":[[26.02237,59.26481],[26.02421,59.26535]]},"properties":{"ref":"5"}},
{"type":"Feature","geometry":{"type":"LineString","coordinates":[[26.01672,59.26343],[26.02237,59.26481]]},"properties":{"ref":"5"}},
{"type":"Feature","geometry":{"type":"LineString","coordinates":[[26.00614,59.26082],[26.00714,59.2612],[26.00795,59.26145],[26.00908,59.26174],[26.01068,59.26212],[26.01546,59.26315],[26.01672,59.26343]]},"properties":{"ref":"5"}},
{"type":"Feature","geometry":{"type":"LineString","coordinates":[[26.02473,59.26552],[26.02521,59.26571]]},"properties":{"ref":"5"}},
{"type":"Feature","geometry":{"type":"LineString","coordinates":[[26.02521,59.26571],[26.0258,59.26596]]},"properties":{"ref":"5"}}
]}