{"type":"FeatureCollection", "features": [
{"type":"Feature","geometry":{"type":"Polygon","coordinates":[[[26.35703,59.34156],[26.35714,59.34131],[26.35746,59.34126],[26.35806,59.34159],[26.35843,59.3416],[26.35926,59.34136],[26.35911,59.34179],[26.35887,59.34191],[26.35726,59.34192],[26.35703,59.34156]]]},"properties":{"fclass":"water"}},
{"type":"Feature","geometry":{"type":"Polygon","coordinates":[[[26.01363,59.45278],[26.01347,59.45224],[26.01311,59.45195],[26.01279,59.45154],[26.01246,59.45083],[26.01281,59.45018],[26.01317,59.45003],[26.01381,59.45023],[26.01547,59.45057],[26.01575,59.45079],[26.0156,59.4514],[26.01572,59.45173],[26.01523,59.45203],[26.0155,59.45215],[26.01547,59.45237],[26.01487,59.45272],[26.01491,59.45305],[26.0152,59.45317],[26.01522,59.45338],[26.01445,59.45359],[26.01412,59.45349],[26.01373,59.45314],[26.01363,59.45278]]]},"properties":{"fclass":"water"}},
{"type":"Feature","geometry":{"type":"Polygon","coordinates":[[[25.92254,59.38197],[25.92292,59.3815],[25.92328,59.38135],[25.92422,59.38133],[25.92499,59.38153],[25.92582,59.38203],[25.92674,59.38234],[25.92691,59.38273],[25.92661,59.38304],[25.92632,59.38313],[25.9252,59.38379],[25.92442,59.38389],[25.92392,59.38387],[25.92358,59.38367],[25.92339,59.38318],[25.92346,59.38265],[25.92279,59.38233],[25.92254,59.38197]]]},"properties":{"fclass":"water"}},
{"type":"Feature","geometry":{"type":"Polygon","coordinates":[[[26.44026,59.31784],[26.44128,59.31793],[26.44269,59.31823],[26.44364,59.31825],[26.44472,59.3185],[26.4457,59.31912],[26.44511,59.31991],[26.44549,59.32009],[26.4456,59.32039],[26.44597,59.32035],[26.44604,59.32089],[26.44566,59.32137],[26.44604,59.32171],[26.44556,59.32177],[26.44522,59.32201],[26.44526,59.32268],[26.44462,59.32276],[26.44425,59.32268],[26.44397,59.32196],[26.4435,59.32137],[26.44359,59.3208],[26.44396,59.32051],[26.44444,59.31984],[26.44479,59.31911],[26.44461,59.31876],[26.44394,59.31847],[26.44301,59.31845],[26.44251,59.31849],[26.44164,59.31811],[26.44102,59.31795],[26.44026,59.31784]]]},"properties":{"fclass":"water"}},
{"type":"Feature","geometry":{"type":"Polygon","coordinates":[[[26.52024,59.27995],[26.52117,59.27931],[26.52194,59.27916],[26.52269,59.27913],[26.52274,59.2789],[26.52144,59.27853],[26.52143,59.27814],[26.52194,59.27788],[26.52395,59.27788],[26.52514,59.27794],[26.52622,59.2781],[26.52621,59.2785],[26.52586,59.27856],[26.52534,59.27884],[26.52374,59.27923],[26.52372,59.27954],[26.52349,59.27984],[26.52306,59.27998],[26.52237,59.28038],[26.52187,59.28043],[26.52065,59.28019],[26.52024,59.27995]]]},"properties":{"fclass":"water"}},
{"type":"Feature","geometry":{"type":"Polygon","coordinates":[[[26.34828,59.35216],[26.34896,59.35225],[26.34941,59.35251],[26.34941,59.35213],[26.34957,59.35193],[26.34942,59.35175],[26.34872,59.35177],[26.34882,59.35155],[26.34911,59.35144],[26.34958,59.35147],[26.34991,59.35173],[26.34949,59.35219],[26.34989,59.35268],[26.35044,59.35252],[26.35051,59.35219],[26.35084,59.35208],[26.35127,59.35214],[26.35136,59.35236],[26.35109,59.35273],[26.3511,59.35317],[26.35057,59.35345],[26.34957,59.35261],[26.34914,59.35248],[26.34874,59.35251],[26.34828,59.35236],[26.34828,59.35216]]]},"properties":{"fclass":"water"}},
{"type":"Feature","geometry":{"type":"Polygon","coordinates":[[[26.34271,59.35168],[26.3447,59.3521],[26.34514,59.35244],[26.34539,59.35281],[26.34616,59.35323],[26.34573,59.35339],[26.34517,59.35301],[26.34475,59.3524],[26.34441,59.35225],[26.34358,59.35207],[26.34281,59.3518],[26.34271,59.35168]]]},"properties":{"fclass":"water"}},
{"type":"Feature","geometry":{"type":"Polygon","coordinates":[[[25.5288,59.19041],[25.52881,59.19012],[25.52922,59.18937],[25.52898,59.18911],[25.52924,59.18895],[25.53046,59.18891],[25.53138,59.18917],[25.53234,59.18937],[25.53266,59.18962],[25.53415,59.18985],[25.5343,59.1901],[25.53401,59.19038],[25.53417,59.19055],[25.53396,59.19082],[25.53361,59.19102],[25.53259,59.19116],[25.53278,59.19136],[25.53228,59.19139],[25.53182,59.19176],[25.53134,59.19175],[25.53095,59.19137],[25.53003,59.19134],[25.52951,59.1912],[25.52917,59.19096],[25.52918,59.19072],[25.5288,59.19041]]]},"properties":{"fclass":"water"}},
{"type":"Feature","geometry":{"type":"Polygon","coordinates":[[[25.32995,59.12621],[25.33012,59.12601],[25.33072,59.12576],[25.33098,59.1255],[25.33076,59.12531],[25.33076,59.12501],[25.33113,59.12478],[25.33185,59.12461],[25.33258,59.12461],[25.33357,59.12439],[25.33417,59.12403],[25.33542,59.12384],[25.33615,59.12369],[25.33649,59.12354],[25.33713,59.12347],[25.33812,59.12349],[25.33855,59.12339],[25.33911,59.12341],[25.33964,59.12365],[25.33947,59.12393],[25.3396,59.12417],[25.34046,59.12466],[25.34059,59.12492],[25.34055,59.12548],[25.3404,59.1256],[25.33971,59.1256],[25.33939,59.1258],[25.33964,59.12599],[25.34048,59.12633],[25.34134,59.12641],[25.34158,59.1267],[25.34102,59.12707],[25.34106,59.12732],[25.34072,59.12745],[25.34027,59.12776],[25.33928,59.12776],[25.33842,59.12763],[25.33786,59.12761],[25.33713,59.12748],[25.33681,59.12737],[25.33673,59.12717],[25.33638,59.127],[25.33604,59.127],[25.33572,59.12731],[25.33494,59.12733],[25.334,59.12757],[25.33344,59.12757],[25.33319,59.12746],[25.33271,59.12748],[25.33241,59.12729],[25.33177,59.12708],[25.33125,59.12708],[25.33037,59.12679],[25.33007,59.12662],[25.32995,59.12621]]]},"properties":{"fclass":"water"}},
{"type":"Feature","geometry":{"type":"Polygon","coordinates":[[[25.51274,59.08325],[25.51278,59.08277],[25.51292,59.08225],[25.51334,59.08193],[25.51393,59.08174],[25.5141,59.08138],[25.51436,59.08119],[25.51482,59.08108],[25.51614,59.08111],[25.51639,59.08097],[25.51707,59.0809],[25.51814,59.08093],[25.51868,59.08102],[25.51869,59.08141],[25.51952,59.08155],[25.51989,59.08193],[25.52055,59.08188],[25.52064,59.08216],[25.52087,59.08231],[25.52105,59.08293],[25.52053,59.08332],[25.52054,59.0835],[25.52082,59.08369],[25.52033,59.0841],[25.52053,59.08432],[25.52016,59.08484],[25.51958,59.08501],[25.51952,59.08527],[25.5197,59.0854],[25.51918,59.08564],[25.5185,59.08574],[25.51738,59.08562],[25.51685,59.08538],[25.51648,59.0853],[25.51648,59.08508],[25.51592,59.08484],[25.51546,59.08476],[25.51559,59.08454],[25.5153,59.08441],[25.51466,59.08434],[25.51429,59.08407],[25.51382,59.08401],[25.51323,59.08364],[25.51299,59.08363],[25.51274,59.08325]]]},"properties":{"fclass":"water"}},
{"type":"Feature","geometry":{"type":"Polygon","coordinates":[[[25.51312,59.06093],[25.51312,59.06073],[25.51335,59.06017],[25.51383,59.05979],[25.51449,59.05954],[25.51577,59.05956],[25.51633,59.05966],[25.51705,59.06007],[25.51717,59.06041],[25.51709,59.06072],[25.51656,59.06143],[25.51553,59.06237],[25.5146,59.06247],[25.51402,59.06223],[25.51337,59.06151],[25.51312,59.06093]]]},"properties":{"fclass":"water"}},
{"type":"Feature","geometry":{"type":"Polygon","coordinates":[[[25.50718,59.06947],[25.50785,59.06915],[25.509,59.0685],[25.50929,59.0682],[25.50947,59.06762],[25.50989,59.06733],[25.51065,59.0675],[25.51083,59.06769],[25.51053,59.06819],[25.51061,59.0685],[25.511,59.06875],[25.51064,59.06905],[25.50997,59.06927],[25.50988,59.06946],[25.50926,59.06984],[25.50807,59.0701],[25.50759,59.06998],[25.50718,59.06947]]]},"properties":{"fclass":"water"}},
{"type":"Feature","geometry":{"type":"Polygon","coordinates":[[[25.54887,59.0711],[25.5492,59.0707],[25.54931,59.07035],[25.54977,59.07018],[25.55014,59.07029],[25.55095,59.07025],[25.5519,59.07041],[25.55247,59.07041],[25.55269,59.07023],[25.55253,59.0699],[25.55226,59.06968],[25.55217,59.06931],[25.55121,59.0692],[25.55124,59.06881],[25.55198,59.06846],[25.55249,59.06846],[25.55323,59.06828],[25.55399,59.06797],[25.55417,59.06776],[25.55526,59.0676],[25.55599,59.06771],[25.55614,59.06789],[25.55569,59.06817],[25.55571,59.06859],[25.55538,59.06894],[25.5553,59.06916],[25.55456,59.06935],[25.55398,59.06939],[25.55373,59.06916],[25.55315,59.06914],[25.55284,59.06922],[25.55275,59.06958],[25.55326,59.06976],[25.55368,59.06959],[25.5541,59.06991],[25.55397,59.0701],[25.55293,59.07021],[25.55245,59.07071],[25.55264,59.07093],[25.55305,59.07107],[25.55373,59.07099],[25.55387,59.07122],[25.55315,59.07143],[25.55335,59.07215],[25.55315,59.07259],[25.55286,59.0728],[25.55196,59.07283],[25.55141,59.07264],[25.54981,59.07254],[25.54914,59.07222],[25.54894,59.07159],[25.54887,59.0711]]]},"properties":{"fclass":"water"}},
{"type":"Feature","geometry":{"type":"Polygon","coordinates":[[[25.50811,59.06433],[25.50829,59.06404],[25.50871,59.0637],[25.50907,59.06323],[25.50889,59.06317],[25.5096,59.06216],[25.50965,59.06184],[25.51016,59.06184],[25.51021,59.06245],[25.51002,59.06254],[25.50978,59.0633],[25.50998,59.0635],[25.50987,59.06399],[25.50929,59.06441],[25.50841,59.06455],[25.50811,59.06433]]]},"properties":{"fclass":"water"}},
{"type":"Feature","geometry":{"type":"Polygon","coordinates":[[[25.40097,58.96536],[25.40046,58.96498],[25.4,58.96481],[25.39917,58.96477],[25.39883,58.96468],[25.39821,58.96431],[25.39835,58.96412],[25.39917,58.96353],[25.39955,58.96347],[25.39978,58.96323],[25.40046,58.96299],[25.40169,58.96294],[25.40225,58.963],[25.4028,58.96322],[25.4044,58.9633],[25.40565,58.96356],[25.40593,58.96396],[25.40583,58.96422],[25.40457,58.96453],[25.40456,58.96513],[25.40385,58.96512],[25.40371,58.9654],[25.40301,58.96557],[25.40226,58.96542],[25.40097,58.96536]]]},"properties":{"fclass":"water"}},
{"type":"Feature","geometry":{"type":"Polygon","coordinates":[[[26.2395,59.06011],[26.2396,59.05965],[26.23992,59.05939],[26.24061,59.05933],[26.2412,59.05915],[26.24165,59.05931],[26.24189,59.05973],[26.24181,59.06001],[26.2414,59.06038],[26.23996,59.06052],[26.23969,59.06038],[26.2395,59.06011]]]},"properties":{"fclass":"water"}},
{"type":"Feature","geometry":{"type":"Polygon","coordinates":[[[26.23976,59.06289],[26.23979,59.06241],[26.24019,59.06203],[26.24063,59.06227],[26.2409,59.06223],[26.24125,59.06239],[26.24159,59.06231],[26.24196,59.06288],[26.24194,59.06348],[26.24202,59.06379],[26.24169,59.06382],[26.24119,59.06401],[26.24114,59.06416],[26.24212,59.06417],[26.24228,59.06462],[26.24204,59.06489],[26.24127,59.06454],[26.24018,59.06393],[26.24032,59.06369],[26.24128,59.06371],[26.24156,59.06329],[26.24115,59.06287],[26.24067,59.06287],[26.24014,59.06304],[26.23976,59.06289]]]},"properties":{"fclass":"water"}},
{"type":"Feature","geometry":{"type":"Polygon","coordinates":[[[25.31229,59.13223],[25.31337,59.13153],[25.31421,59.1314],[25.31465,59.13157],[25.31477,59.13179],[25.31471,59.13205],[25.31404,59.13221],[25.31339,59.13198],[25.31307,59.13202],[25.31283,59.13243],[25.31238,59.13243],[25.31229,59.13223]]]},"properties":{"fclass":"water"}},
{"type":"Feature","geometry":{"type":"Polygon","coordinates":[[[25.2954,59.13427],[25.29559,59.13403],[25.29595,59.13384],[25.29656,59.1334],[25.29742,59.13312],[25.29819,59.13318],[25.29861,59.13311],[25.29934,59.13312],[25.30013,59.13292],[25.30082,59.13285],[25.30146,59.1326],[25.3021,59.13254],[25.30261,59.13264],[25.30307,59.13257],[25.30354,59.13287],[25.30349,59.13312],[25.30311,59.13337],[25.3024,59.13365],[25.30138,59.13388],[25.30031,59.13401],[25.30012,59.13412],[25.29927,59.13426],[25.29882,59.13452],[25.29819,59.13473],[25.29784,59.13469],[25.29749,59.1349],[25.29665,59.13506],[25.29609,59.13499],[25.29561,59.13483],[25.2954,59.13427]]]},"properties":{"fclass":"water"}},
{"type":"Feature","geometry":{"type":"Polygon","coordinates":[[[25.28595,59.14173],[25.28564,59.1423],[25.28529,59.14253],[25.28449,59.1428],[25.2832,59.14305],[25.28239,59.14325],[25.28169,59.14315],[25.28125,59.14288],[25.28144,59.14218],[25.28234,59.14167],[25.28269,59.1417],[25.28304,59.1415],[25.28347,59.14149],[25.28438,59.14098],[25.28485,59.141],[25.28536,59.14124],[25.28595,59.14173]]]},"properties":{"fclass":"water"}},
{"type":"Feature","geometry":{"type":"Polygon","coordinates":[[[25.2727,59.14304],[25.27305,59.14329],[25.27203,59.14431],[25.27166,59.14445],[25.26974,59.14491],[25.26902,59.14486],[25.26863,59.14461],[25.26923,59.14406],[25.2707,59.14334],[25.27102,59.14324],[25.27195,59.14323],[25.2727,59.14304]]]},"properties":{"fclass":"water"}},
{"type":"Feature","geometry":{"type":"Polygon","coordinates":[[[25.25974,59.14392],[25.25994,59.1435],[25.26041,59.14302],[25.26129,59.14261],[25.26204,59.14256],[25.26315,59.14283],[25.26351,59.1431],[25.26481,59.14316],[25.26517,59.14327],[25.26525,59.14345],[25.26476,59.1438],[25.26419,59.14388],[25.26293,59.14435],[25.26215,59.14448],[25.26121,59.14451],[25.26047,59.14448],[25.26001,59.14436],[25.25975,59.14418],[25.25974,59.14392]]]},"properties":{"fclass":"water"}},
{"type":"Feature","geometry":{"type":"Polygon","coordinates":[[[25.29147,59.14456],[25.2916,59.14428],[25.29195,59.14409],[25.29291,59.14412],[25.29476,59.14447],[25.29511,59.14469],[25.2955,59.14512],[25.29527,59.14537],[25.29487,59.14545],[25.29434,59.14535],[25.29308,59.14537],[25.29232,59.14522],[25.29171,59.14485],[25.29147,59.14456]]]},"properties":{"fclass":"water"}},
{"type":"Feature","geometry":{"type":"Polygon","coordinates":[[[25.29626,59.14408],[25.2966,59.14371],[25.29696,59.1437],[25.29767,59.14409],[25.29797,59.14433],[25.29789,59.14464],[25.29749,59.14508],[25.29684,59.14521],[25.29636,59.14509],[25.29627,59.14486],[25.29643,59.1443],[25.29626,59.14408]]]},"properties":{"fclass":"water"}},
{"type":"Feature","geometry":{"type":"Polygon","coordinates":[[[25.2962,59.14892],[25.29644,59.1483],[25.2968,59.14809],[25.29717,59.148],[25.29767,59.14807],[25.29815,59.14828],[25.29902,59.14852],[25.29903,59.14887],[25.29858,59.14895],[25.29772,59.14931],[25.29664,59.14947],[25.29637,59.14934],[25.2962,59.14892]]]},"properties":{"fclass":"water"}},
{"type":"Feature","geometry":{"type":"Polygon","coordinates":[[[25.69271,59.39497],[25.69335,59.39414],[25.69387,59.3941],[25.69439,59.39427],[25.69439,59.39467],[25.69397,59.39507],[25.69336,59.39535],[25.69305,59.39528],[25.69271,59.39497]]]},"properties":{"fclass":"water"}},
{"type":"Feature","geometry":{"type":"Polygon","coordinates":[[[25.69676,59.39438],[25.6968,59.39407],[25.69725,59.39331],[25.6977,59.39302],[25.69823,59.39298],[25.69877,59.39319],[25.69894,59.39347],[25.69893,59.39378],[25.69872,59.39418],[25.69763,59.39463],[25.69729,59.39465],[25.69676,59.39438]]]},"properties":{"fclass":"water"}},
{"type":"Feature","geometry":{"type":"Polygon","coordinates":[[[25.70489,59.39118],[25.70498,59.39099],[25.70548,59.39102],[25.70656,59.39131],[25.7066,59.39161],[25.7061,59.39186],[25.70552,59.3919],[25.7051,59.3918],[25.70489,59.39118]]]},"properties":{"fclass":"water"}},
{"type":"Feature","geometry":{"type":"Polygon","coordinates":[[[25.71632,59.37309],[25.71676,59.37288],[25.71704,59.37261],[25.71782,59.37216],[25.71826,59.37224],[25.7175,59.37289],[25.71762,59.37316],[25.71788,59.37322],[25.71882,59.37307],[25.71934,59.37318],[25.7197,59.37334],[25.71954,59.37358],[25.71902,59.37367],[25.71865,59.37334],[25.71821,59.37337],[25.71757,59.37403],[25.71762,59.37429],[25.71727,59.37451],[25.71674,59.37446],[25.7165,59.37397],[25.71644,59.37332],[25.71632,59.37309]]]},"properties":{"fclass":"water"}},
{"type":"Feature","geometry":{"type":"Polygon","coordinates":[[[25.68127,59.30586],[25.68164,59.30577],[25.68263,59.30598],[25.68285,59.30622],[25.68294,59.30651],[25.68282,59.30674],[25.68234,59.30696],[25.68171,59.30689],[25.68128,59.30667],[25.68149,59.30613],[25.68127,59.30586]]]},"properties":{"fclass":"water"}},
{"type":"Feature","geometry":{"type":"Polygon","coordinates":[[[25.68234,59.33882],[25.68248,59.33874],[25.68313,59.33877],[25.68363,59.33887],[25.68427,59.33916],[25.68412,59.33991],[25.68374,59.33976],[25.68364,59.33957],[25.68292,59.33922],[25.68234,59.33882]]]},"properties":{"fclass":"water"}},
{"type":"Feature","geometry":{"type":"Polygon","coordinates":[[[25.68091,59.33737],[25.68143,59.33687],[25.68171,59.3365],[25.68225,59.33644],[25.6828,59.33658],[25.68302,59.33675],[25.68302,59.33703],[25.68338,59.3371],[25.68344,59.33752],[25.68334,59.33773],[25.68264,59.3379],[25.68197,59.33791],[25.68127,59.33775],[25.68095,59.33755],[25.68091,59.33737]]]},"properties":{"fclass":"water"}},
{"type":"Feature","geometry":{"type":"Polygon","coordinates":[[[25.63085,59.27248],[25.63099,59.27204],[25.63106,59.27147],[25.63127,59.27128],[25.63181,59.2711],[25.63339,59.27081],[25.63391,59.27087],[25.63424,59.2711],[25.6343,59.27134],[25.63384,59.2719],[25.63341,59.27214],[25.63301,59.27254],[25.63209,59.27325],[25.63153,59.27325],[25.63101,59.27312],[25.63085,59.27248]]]},"properties":{"fclass":"water"}},
{"type":"Feature","geometry":{"type":"Polygon","coordinates":[[[26.03198,59.17154],[26.03243,59.17069],[26.03338,59.17026],[26.03875,59.17049],[26.03922,59.17019],[26.03945,59.16919],[26.03931,59.16811],[26.03903,59.16747],[26.03988,59.16728],[26.04024,59.1667],[26.03925,59.16525],[26.03989,59.16525],[26.0407,59.1657],[26.04183,59.1672],[26.04157,59.16799],[26.04182,59.16824],[26.0427,59.16839],[26.04483,59.1682],[26.04617,59.16844],[26.04659,59.16905],[26.04472,59.16924],[26.04549,59.17157],[26.04513,59.17249],[26.0459,59.17316],[26.04555,59.17368],[26.04504,59.17394],[26.04452,59.1745],[26.04379,59.1749],[26.04583,59.17564],[26.0474,59.1766],[26.05009,59.17652],[26.05145,59.17668],[26.05209,59.1764],[26.05245,59.1764],[26.05258,59.17692],[26.0517,59.17713],[26.05166,59.17788],[26.05051,59.17936],[26.04582,59.17929],[26.04216,59.17941],[26.04075,59.17899],[26.03981,59.17834],[26.04239,59.1775],[26.0431,59.1771],[26.04296,59.17593],[26.04108,59.17371],[26.03685,59.17328],[26.03581,59.17368],[26.03287,59.17298],[26.03207,59.17221],[26.03198,59.17154]]]},"properties":{"fclass":"water"}},
{"type":"Feature","geometry":{"type":"Polygon","coordinates":[[[25.81686,59.31555],[25.81652,59.31526],[25.81828,59.31444],[25.8196,59.31397],[25.82196,59.31365],[25.82454,59.31391],[25.82564,59.31429],[25.82605,59.31517],[25.82547,59.31634],[25.82424,59.31696],[25.82269,59.31736],[25.82115,59.31746],[25.81965,59.31766],[25.81868,59.31746],[25.81764,59.31735],[25.8172,59.31686],[25.81736,59.31584],[25.81686,59.31555]]]},"properties":{"fclass":"water"}},
{"type":"Feature","geometry":{"type":"Polygon","coordinates":[[[25.40204,59.32392],[25.40035,59.32426],[25.39957,59.32432],[25.39912,59.32417],[25.39875,59.32424],[25.3981,59.32418],[25.39729,59.32428],[25.39595,59.32438],[25.39377,59.32481],[25.39343,59.32479],[25.39285,59.32499],[25.39219,59.32563],[25.39199,59.32618],[25.39232,59.32646],[25.39141,59.32697],[25.39112,59.32728],[25.39074,59.32735],[25.39074,59.32753],[25.39026,59.32767],[25.39026,59.32789],[25.39079,59.3278],[25.39132,59.32787],[25.3905,59.32814],[25.38997,59.32838],[25.38966,59.32882],[25.38925,59.3289],[25.38879,59.32919],[25.38798,59.32947],[25.38726,59.32958],[25.38662,59.32977],[25.38587,59.33012],[25.38512,59.33069],[25.38489,59.33118],[25.38518,59.33144],[25.38479,59.33161],[25.38292,59.33175],[25.38237,59.3319],[25.38133,59.33237],[25.38062,59.332],[25.38035,59.33169],[25.38044,59.33141],[25.3815,59.3308],[25.38198,59.3304],[25.38234,59.33026],[25.38267,59.32999],[25.3825,59.3297],[25.38122,59.32908],[25.38033,59.32849],[25.38012,59.32812],[25.38034,59.32768],[25.37997,59.32708],[25.38037,59.32703],[25.38065,59.32759],[25.38043,59.328],[25.38045,59.32827],[25.38078,59.32855],[25.38172,59.32902],[25.38225,59.32919],[25.38322,59.32966],[25.38404,59.32976],[25.38447,59.32952],[25.38525,59.32933],[25.38562,59.32913],[25.3865,59.32902],[25.38809,59.32864],[25.38857,59.32831],[25.38891,59.32743],[25.3894,59.32716],[25.39016,59.32652],[25.39034,59.3265],[25.39088,59.32585],[25.39074,59.32548],[25.391,59.32541],[25.39126,59.32492],[25.39213,59.32471],[25.3923,59.3245],[25.3931,59.32404],[25.39447,59.32386],[25.39487,59.32361],[25.3951,59.32314],[25.39559,59.32255],[25.39569,59.32234],[25.39637,59.32199],[25.3967,59.32209],[25.39606,59.32252],[25.39551,59.32337],[25.39555,59.32357],[25.39615,59.32368],[25.39652,59.32358],[25.3973,59.32364],[25.39799,59.32356],[25.39825,59.32361],[25.39926,59.32341],[25.39943,59.32351],[25.39943,59.32381],[25.39979,59.32395],[25.40071,59.32366],[25.40175,59.32366],[25.40204,59.32392]]]},"properties":{"fclass":"reservoir"}},
{"type":"Feature","geometry":{"type":"Polygon","coordinates":[[[25.94372,59.33485],[25.94407,59.33344],[25.94525,59.33148],[25.94607,59.331],[25.94788,59.33045],[25.95153,59.3298],[25.9533,59.32974],[25.95574,59.33006],[25.95778,59.33059],[25.95882,59.33161],[25.96015,59.33341],[25.96039,59.33482],[25.95984,59.33563],[25.95958,59.33638],[25.95791,59.33592],[25.95655,59.33577],[25.95519,59.33641],[25.95471,59.33758],[25.95413,59.33797],[25.95318,59.33823],[25.95044,59.33808],[25.9494,59.33829],[25.94687,59.33818],[25.94544,59.33787],[25.94423,59.33685],[25.94372,59.33485]]]},"properties":{"fclass":"water"}},
{"type":"Feature","geometry":{"type":"Polygon","coordinates":[[[25.92382,59.36963],[25.92398,59.36926],[25.92483,59.36892],[25.92552,59.36854],[25.92616,59.36833],[25.9269,59.36828],[25.92731,59.36876],[25.92758,59.36889],[25.92921,59.36917],[25.93057,59.36979],[25.93294,59.37046],[25.93467,59.37158],[25.93584,59.37132],[25.93678,59.37215],[25.93644,59.3732],[25.93648,59.37431],[25.93556,59.37472],[25.93098,59.37285],[25.92963,59.37275],[25.9291,59.37233],[25.92776,59.37223],[25.92748,59.37209],[25.92677,59.37154],[25.92618,59.37144],[25.9259,59.37121],[25.92485,59.37079],[25.92449,59.37046],[25.92437,59.36989],[25.92382,59.36963]]]},"properties":{"fclass":"water"}},
{"type":"Feature","geometry":{"type":"Polygon","coordinates":[[[25.31365,59.45635],[25.3119,59.45666],[25.31068,59.45671],[25.30961,59.45666],[25.30892,59.45644],[25.30826,59.45608],[25.3077,59.45585],[25.30731,59.45579],[25.3062,59.45582],[25.30492,59.45581],[25.30351,59.45569],[25.30192,59.45536],[25.30088,59.45494],[25.29983,59.45443],[25.29891,59.4538],[25.29842,59.45342],[25.29832,59.45297],[25.29849,59.45252],[25.30044,59.45115],[25.30202,59.4507],[25.30444,59.45041],[25.30702,59.45051],[25.30928,59.45078],[25.31142,59.45179],[25.31316,59.45234],[25.31392,59.45274],[25.31355,59.45419],[25.31385,59.45516],[25.31351,59.45594],[25.31365,59.45635]]]},"properties":{"fclass":"water"}},
{"type":"Feature","geometry":{"type":"Polygon","coordinates":[[[26.49797,59.4548],[26.49883,59.4546],[26.49905,59.45441],[26.50007,59.45393],[26.50004,59.45376],[26.50068,59.45361],[26.50106,59.45363],[26.50147,59.45385],[26.50169,59.45415],[26.50223,59.45403],[26.50238,59.45377],[26.50275,59.45373],[26.50305,59.454],[26.50294,59.45416],[26.5034,59.4545],[26.50425,59.45423],[26.50486,59.45429],[26.50526,59.4542],[26.50608,59.45432],[26.50658,59.45469],[26.5066,59.45497],[26.5062,59.45533],[26.50606,59.45583],[26.50553,59.45617],[26.50501,59.45662],[26.50474,59.45722],[26.50434,59.4572],[26.50439,59.45666],[26.50453,59.45633],[26.50408,59.45609],[26.50432,59.4558],[26.50361,59.45555],[26.50355,59.45529],[26.50326,59.45519],[26.50299,59.45543],[26.50266,59.45551],[26.50193,59.45598],[26.50131,59.45632],[26.50017,59.45617],[26.49987,59.45625],[26.4993,59.45579],[26.49797,59.4548]]]},"properties":{"fclass":"water"}},
{"type":"Feature","geometry":{"type":"Polygon","coordinates":[[[25.57926,59.22372],[25.57933,59.2239],[25.57898,59.22428],[25.5785,59.22428],[25.57748,59.22372],[25.57654,59.22331],[25.57674,59.22287],[25.57729,59.22294],[25.57828,59.22255],[25.57886,59.22279],[25.57926,59.22287],[25.57926,59.22372]]]},"properties":{"fclass":"water"}},
{"type":"Feature","geometry":{"type":"Polygon","coordinates":[[[25.61413,59.37247],[25.61445,59.37204],[25.61488,59.37178],[25.61526,59.37139],[25.61599,59.3711],[25.61687,59.37105],[25.61741,59.37114],[25.61803,59.37145],[25.61957,59.37195],[25.62029,59.37209],[25.62085,59.3723],[25.62137,59.37288],[25.62147,59.37314],[25.62137,59.37363],[25.62109,59.3739],[25.62068,59.37407],[25.61981,59.3741],[25.61818,59.37392],[25.6176,59.37414],[25.61666,59.37405],[25.61622,59.3737],[25.61561,59.37345],[25.61513,59.37345],[25.61454,59.37317],[25.61418,59.37283],[25.61413,59.37247]],[[25.61746,59.37279],[25.61748,59.3729],[25.61852,59.37324],[25.61932,59.37373],[25.62036,59.37368],[25.62025,59.37351],[25.61908,59.373],[25.61848,59.37282],[25.61769,59.3727],[25.61746,59.37279]]]},"properties":{"fclass":"water"}},
{"type":"Feature","geometry":{"type":"Polygon","coordinates":[[[25.58191,59.37762],[25.58204,59.37715],[25.58231,59.37717],[25.58268,59.37694],[25.5835,59.37685],[25.58437,59.37708],[25.58453,59.37733],[25.58485,59.37732],[25.58497,59.37755],[25.58549,59.37791],[25.58573,59.37832],[25.58568,59.37867],[25.5854,59.37893],[25.58478,59.37895],[25.5843,59.37871],[25.58292,59.37855],[25.58258,59.37836],[25.58221,59.37836],[25.58197,59.37795],[25.58191,59.37762]]]},"properties":{"fclass":"water"}},
{"type":"Feature","geometry":{"type":"Polygon","coordinates":[[[25.58498,59.37278],[25.58515,59.3722],[25.58572,59.37191],[25.58531,59.3715],[25.5858,59.37154],[25.5858,59.37132],[25.58617,59.37129],[25.58662,59.37094],[25.58705,59.37084],[25.58738,59.37099],[25.58719,59.37144],[25.58772,59.37195],[25.58796,59.37209],[25.58869,59.37194],[25.58814,59.37177],[25.58824,59.37147],[25.58882,59.37134],[25.58929,59.3716],[25.58905,59.37183],[25.5898,59.37173],[25.58924,59.37259],[25.58871,59.37244],[25.58842,59.37249],[25.58822,59.37276],[25.58768,59.3728],[25.58669,59.37371],[25.58585,59.37353],[25.58577,59.37335],[25.58498,59.37278]]]},"properties":{"fclass":"water"}},
{"type":"Feature","geometry":{"type":"Polygon","coordinates":[[[25.58433,59.37621],[25.5845,59.37617],[25.5846,59.37575],[25.58543,59.376],[25.58596,59.37588],[25.58629,59.37605],[25.58654,59.37597],[25.58685,59.37623],[25.58743,59.37708],[25.58744,59.37726],[25.58659,59.37762],[25.58608,59.37754],[25.58553,59.3773],[25.58548,59.37707],[25.58449,59.37666],[25.58433,59.37621]]]},"properties":{"fclass":"water"}},
{"type":"Feature","geometry":{"type":"Polygon","coordinates":[[[25.64152,59.38375],[25.64174,59.3837],[25.64153,59.3833],[25.64184,59.38313],[25.64211,59.38249],[25.64248,59.3825],[25.64324,59.38229],[25.64403,59.38234],[25.6442,59.38291],[25.64446,59.3833],[25.64425,59.38369],[25.64387,59.38389],[25.64369,59.38419],[25.64277,59.38449],[25.6426,59.38422],[25.64226,59.38447],[25.64182,59.38425],[25.64177,59.38387],[25.64152,59.38375]]]},"properties":{"fclass":"water"}},
{"type":"Feature","geometry":{"type":"Polygon","coordinates":[[[25.63842,59.37594],[25.6388,59.37579],[25.63894,59.37557],[25.64017,59.37497],[25.64106,59.37497],[25.64183,59.37473],[25.64229,59.37475],[25.64261,59.37499],[25.64321,59.37559],[25.64344,59.37605],[25.64312,59.37599],[25.6413,59.37614],[25.6407,59.37591],[25.6405,59.37567],[25.64009,59.37595],[25.64039,59.37646],[25.63977,59.37672],[25.63952,59.37662],[25.63892,59.37617],[25.63842,59.37594]]]},"properties":{"fclass":"water"}},
{"type":"Feature","geometry":{"type":"Polygon","coordinates":[[[25.6349,59.38083],[25.6351,59.38036],[25.63577,59.37985],[25.63628,59.37964],[25.6364,59.37949],[25.63801,59.37906],[25.63856,59.3791],[25.63878,59.37939],[25.63819,59.38021],[25.63723,59.38038],[25.6367,59.38061],[25.63652,59.38093],[25.63535,59.38125],[25.63499,59.38119],[25.6349,59.38083]]]},"properties":{"fclass":"water"}},
{"type":"Feature","geometry":{"type":"Polygon","coordinates":[[[25.72128,59.36842],[25.72137,59.36824],[25.72202,59.368],[25.72298,59.36792],[25.72361,59.36771],[25.72393,59.36791],[25.72455,59.36813],[25.72458,59.36863],[25.72473,59.36908],[25.72499,59.37024],[25.72484,59.37089],[25.72499,59.37152],[25.72497,59.37197],[25.72469,59.37223],[25.72408,59.37237],[25.72381,59.37233],[25.72357,59.37202],[25.723,59.37219],[25.72267,59.37205],[25.72262,59.37166],[25.72295,59.37102],[25.72276,59.37014],[25.72285,59.36928],[25.72228,59.36916],[25.72208,59.36898],[25.72151,59.36891],[25.72128,59.36842]]]},"properties":{"fclass":"water"}},
{"type":"Feature","geometry":{"type":"Polygon","coordinates":[[[25.71537,59.36937],[25.71547,59.3691],[25.71575,59.36893],[25.71656,59.36871],[25.71738,59.36876],[25.71854,59.36866],[25.71892,59.36845],[25.71974,59.36818],[25.71992,59.36832],[25.7202,59.36878],[25.72059,59.36902],[25.72071,59.36945],[25.72054,59.37012],[25.72108,59.37054],[25.72107,59.37083],[25.71935,59.37073],[25.71896,59.37084],[25.71852,59.37077],[25.71798,59.37051],[25.71779,59.37025],[25.71774,59.3699],[25.71744,59.36975],[25.71693,59.37001],[25.71607,59.36991],[25.71548,59.36957],[25.71537,59.36937]]]},"properties":{"fclass":"water"}},
{"type":"Feature","geometry":{"type":"Polygon","coordinates":[[[25.69684,59.34395],[25.6972,59.34326],[25.6975,59.34295],[25.69868,59.34272],[25.70015,59.34271],[25.70047,59.34288],[25.70048,59.34325],[25.7001,59.34346],[25.69919,59.34365],[25.6973,59.34425],[25.69684,59.34395]]]},"properties":{"fclass":"water"}},
{"type":"Feature","geometry":{"type":"Polygon","coordinates":[[[25.72092,59.3638],[25.72106,59.36341],[25.72181,59.36319],[25.72198,59.36295],[25.72243,59.3629],[25.72296,59.36297],[25.72394,59.3632],[25.72496,59.36313],[25.72529,59.36278],[25.72533,59.36211],[25.7255,59.36202],[25.72617,59.36213],[25.72642,59.36241],[25.72659,59.3632],[25.72673,59.3633],[25.72681,59.36377],[25.72669,59.36517],[25.72659,59.36568],[25.72612,59.36612],[25.72577,59.36624],[25.72526,59.36607],[25.72448,59.36602],[25.7238,59.36578],[25.72352,59.36555],[25.72365,59.36528],[25.72445,59.36491],[25.72499,59.36499],[25.72493,59.36476],[25.72511,59.36454],[25.72479,59.36413],[25.72397,59.36409],[25.72347,59.3643],[25.72279,59.3642],[25.7222,59.36424],[25.7212,59.36415],[25.72092,59.3638]]]},"properties":{"fclass":"water"}},
{"type":"Feature","geometry":{"type":"Polygon","coordinates":[[[25.7215,59.37618],[25.72152,59.37594],[25.72183,59.3755],[25.72215,59.37526],[25.7227,59.37445],[25.72311,59.37419],[25.72397,59.37397],[25.72425,59.37412],[25.72527,59.37436],[25.72529,59.37449],[25.726,59.37462],[25.72631,59.37485],[25.7264,59.37529],[25.72575,59.37558],[25.72582,59.37631],[25.72468,59.37684],[25.72331,59.37676],[25.72285,59.37669],[25.72246,59.3765],[25.7215,59.37618]]]},"properties":{"fclass":"water"}},
{"type":"Feature","geometry":{"type":"Polygon","coordinates":[[[25.76717,59.35109],[25.76728,59.35085],[25.76718,59.3505],[25.76745,59.3505],[25.76746,59.35022],[25.76799,59.35014],[25.76855,59.34993],[25.76896,59.34994],[25.77,59.35015],[25.77051,59.35031],[25.77083,59.35058],[25.77082,59.35091],[25.77044,59.35158],[25.76955,59.35198],[25.76799,59.35165],[25.76739,59.3514],[25.76717,59.35109]]]},"properties":{"fclass":"water"}},
{"type":"Feature","geometry":{"type":"Polygon","coordinates":[[[25.65466,59.42312],[25.65478,59.42282],[25.65522,59.42275],[25.65597,59.42307],[25.65573,59.42386],[25.65539,59.42392],[25.65472,59.42367],[25.65466,59.42312]]]},"properties":{"fclass":"water"}},
{"type":"Feature","geometry":{"type":"Polygon","coordinates":[[[25.65565,59.42136],[25.65657,59.42076],[25.65704,59.42093],[25.65706,59.4211],[25.65647,59.42173],[25.656,59.42168],[25.65565,59.42136]]]},"properties":{"fclass":"water"}},
{"type":"Feature","geometry":{"type":"Polygon","coordinates":[[[25.71694,59.45443],[25.71755,59.45442],[25.71746,59.45502],[25.71774,59.45523],[25.71801,59.45573],[25.71806,59.45604],[25.71829,59.45616],[25.71903,59.4571],[25.71931,59.4573],[25.71933,59.45779],[25.71898,59.45767],[25.7179,59.45634],[25.71757,59.456],[25.71747,59.45554],[25.71703,59.45476],[25.71694,59.45443]]]},"properties":{"fclass":"water"}},
{"type":"Feature","geometry":{"type":"Polygon","coordinates":[[[25.93334,59.36817],[25.93381,59.36785],[25.93559,59.36797],[25.93639,59.3684],[25.93723,59.36874],[25.93879,59.36858],[25.93974,59.36874],[25.94045,59.36907],[25.9408,59.36898],[25.94171,59.36916],[25.94255,59.36941],[25.94329,59.3693],[25.94387,59.3694],[25.94484,59.36987],[25.94548,59.37061],[25.94611,59.37091],[25.94583,59.3712],[25.94602,59.37182],[25.94544,59.37218],[25.94444,59.37219],[25.94395,59.37191],[25.94168,59.37153],[25.94187,59.37077],[25.94151,59.37062],[25.94122,59.37011],[25.94025,59.3695],[25.93908,59.37019],[25.93879,59.37071],[25.93792,59.37084],[25.93729,59.37064],[25.93612,59.37054],[25.93512,59.37008],[25.93436,59.36944],[25.93428,59.3688],[25.93334,59.36817]]]},"properties":{"fclass":"water"}},
{"type":"Feature","geometry":{"type":"Polygon","coordinates":[[[26.18271,59.28927],[26.18313,59.28888],[26.1838,59.28846],[26.18425,59.28798],[26.1851,59.28758],[26.18631,59.28669],[26.18678,59.28661],[26.18738,59.28599],[26.18842,59.28616],[26.18802,59.28671],[26.18802,59.28723],[26.18758,59.28716],[26.18692,59.28729],[26.18535,59.28833],[26.18503,59.28842],[26.18478,59.28865],[26.18359,59.28942],[26.18319,59.28942],[26.18271,59.28927]]]},"properties":{"fclass":"water"}},
{"type":"Feature","geometry":{"type":"Polygon","coordinates":[[[26.05647,59.24467],[26.05788,59.24425],[26.05844,59.24416],[26.05974,59.24389],[26.06076,59.2439],[26.06186,59.24376],[26.06231,59.24376],[26.06357,59.24361],[26.06497,59.24362],[26.06476,59.24375],[26.06368,59.24375],[26.06305,59.24399],[26.06318,59.24417],[26.06122,59.24446],[26.06089,59.24448],[26.06056,59.24486],[26.05993,59.24506],[26.05954,59.24531],[26.05882,59.24527],[26.05826,59.24543],[26.0578,59.24542],[26.05674,59.24508],[26.05647,59.24467]]]},"properties":{"fclass":"water"}},
{"type":"Feature","geometry":{"type":"Polygon","coordinates":[[[26.13832,59.30187],[26.1386,59.30158],[26.13907,59.30142],[26.1398,59.3016],[26.14022,59.3018],[26.14067,59.30215],[26.14036,59.30243],[26.13983,59.30253],[26.13945,59.30251],[26.13881,59.30233],[26.13846,59.30214],[26.13832,59.30187]]]},"properties":{"fclass":"water"}},
{"type":"Feature","geometry":{"type":"Polygon","coordinates":[[[26.11871,59.30714],[26.11874,59.30694],[26.11927,59.3065],[26.11986,59.30611],[26.12058,59.30579],[26.12094,59.30571],[26.12196,59.30572],[26.12233,59.30607],[26.12239,59.30634],[26.12206,59.30674],[26.12082,59.30703],[26.12055,59.30715],[26.12014,59.30749],[26.11937,59.30756],[26.11903,59.30746],[26.11871,59.30714]]]},"properties":{"fclass":"water"}},
{"type":"Feature","geometry":{"type":"Polygon","coordinates":[[[26.12229,59.30442],[26.12242,59.3042],[26.12285,59.30384],[26.12297,59.3035],[26.12332,59.30309],[26.12449,59.30247],[26.1252,59.30225],[26.12606,59.30185],[26.12673,59.30195],[26.12708,59.30214],[26.12633,59.30275],[26.12578,59.30293],[26.12533,59.30352],[26.1248,59.30381],[26.12425,59.3043],[26.12276,59.30472],[26.1223,59.30472],[26.12229,59.30442]]]},"properties":{"fclass":"water"}},
{"type":"Feature","geometry":{"type":"Polygon","coordinates":[[[25.6541,59.28875],[25.65421,59.28848],[25.65501,59.28823],[25.6565,59.28846],[25.65724,59.28825],[25.65761,59.2883],[25.65822,59.28874],[25.65825,59.28897],[25.65775,59.28917],[25.65653,59.28908],[25.65518,59.28917],[25.65461,59.2891],[25.65425,59.28895],[25.6541,59.28875]]]},"properties":{"fclass":"water"}},
{"type":"Feature","geometry":{"type":"Polygon","coordinates":[[[26.19131,59.07622],[26.19134,59.07616],[26.19274,59.0761],[26.19286,59.07617],[26.19291,59.07666],[26.19285,59.0772],[26.19272,59.07746],[26.19291,59.07766],[26.19277,59.07779],[26.19224,59.07785],[26.19196,59.07767],[26.19223,59.07729],[26.19252,59.07718],[26.19214,59.07694],[26.19185,59.07688],[26.19151,59.07663],[26.19131,59.07622]]]},"properties":{"fclass":"water"}},
{"type":"Feature","geometry":{"type":"Polygon","coordinates":[[[25.64608,59.26571],[25.64614,59.26548],[25.64669,59.26484],[25.64688,59.26439],[25.64708,59.26424],[25.64818,59.26416],[25.64841,59.26429],[25.65069,59.26454],[25.65151,59.26455],[25.65163,59.26476],[25.65117,59.26514],[25.65053,59.26539],[25.64961,59.26559],[25.64901,59.26561],[25.64799,59.26617],[25.64796,59.26638],[25.64759,59.26648],[25.6469,59.26642],[25.64613,59.26586],[25.64608,59.26571]]]},"properties":{"fclass":"water"}},
{"type":"Feature","geometry":{"type":"Polygon","coordinates":[[[25.64109,59.26723],[25.6414,59.26671],[25.64197,59.26662],[25.64277,59.26682],[25.64293,59.267],[25.64278,59.26741],[25.6425,59.26754],[25.64141,59.2675],[25.64109,59.26723]]]},"properties":{"fclass":"water"}},
{"type":"Feature","geometry":{"type":"Polygon","coordinates":[[[25.64543,59.26787],[25.64562,59.26771],[25.64615,59.26768],[25.64677,59.2679],[25.64692,59.26828],[25.6465,59.2686],[25.64612,59.26862],[25.64569,59.26844],[25.64543,59.26805],[25.64543,59.26787]]]},"properties":{"fclass":"water"}},
{"type":"Feature","geometry":{"type":"Polygon","coordinates":[[[25.86519,59.43327],[25.86537,59.43286],[25.86596,59.43257],[25.86657,59.43252],[25.86735,59.43259],[25.86774,59.43275],[25.86785,59.43293],[25.86734,59.43327],[25.8665,59.43361],[25.86588,59.43373],[25.86531,59.4335],[25.86519,59.43327]]]},"properties":{"fclass":"water"}},
{"type":"Feature","geometry":{"type":"Polygon","coordinates":[[[25.87293,59.43237],[25.87339,59.43229],[25.87393,59.43232],[25.87441,59.43247],[25.87578,59.43244],[25.8762,59.43229],[25.87703,59.4322],[25.87763,59.43184],[25.8779,59.43191],[25.87726,59.43223],[25.87726,59.43253],[25.87705,59.43292],[25.8762,59.4335],[25.87561,59.43351],[25.8747,59.43345],[25.87403,59.43332],[25.87368,59.43315],[25.87299,59.43258],[25.87293,59.43237]]]},"properties":{"fclass":"water"}},
{"type":"Feature","geometry":{"type":"Polygon","coordinates":[[[25.86949,59.03935],[25.86977,59.03921],[25.8705,59.03912],[25.87111,59.03911],[25.87218,59.0392],[25.87394,59.03906],[25.87429,59.03919],[25.87487,59.03971],[25.87575,59.04078],[25.87675,59.04188],[25.87665,59.04213],[25.87582,59.04237],[25.87537,59.04228],[25.87427,59.04097],[25.87364,59.04032],[25.87332,59.04033],[25.8713,59.04088],[25.87094,59.04079],[25.86986,59.03982],[25.86949,59.03935]]]},"properties":{"fclass":"water"}},
{"type":"Feature","geometry":{"type":"Polygon","coordinates":[[[26.47676,59.31897],[26.47676,59.31911],[26.47638,59.3196],[26.47681,59.31976],[26.47703,59.32021],[26.47783,59.32045],[26.47782,59.3212],[26.47762,59.3215],[26.47666,59.32166],[26.47648,59.32079],[26.47689,59.32052],[26.47664,59.32021],[26.47657,59.31989],[26.47616,59.31961],[26.47644,59.3192],[26.47676,59.31897]]]},"properties":{"fclass":"reservoir"}},
{"type":"Feature","geometry":{"type":"Polygon","coordinates":[[[26.44131,59.32356],[26.44088,59.32405],[26.44056,59.32417],[26.43995,59.32458],[26.43989,59.325],[26.43998,59.32516],[26.43939,59.32518],[26.43844,59.32475],[26.43836,59.32401],[26.43915,59.32327],[26.43935,59.32274],[26.44036,59.32249],[26.44086,59.32267],[26.441,59.32315],[26.44131,59.32356]]]},"properties":{"fclass":"water"}},
{"type":"Feature","geometry":{"type":"Polygon","coordinates":[[[25.67924,59.24045],[25.67929,59.2403],[25.67969,59.24017],[25.67975,59.23989],[25.68004,59.23972],[25.68055,59.23915],[25.68097,59.23899],[25.68104,59.23884],[25.68172,59.23863],[25.68198,59.23892],[25.68255,59.23868],[25.68291,59.23892],[25.68274,59.23912],[25.68276,59.23948],[25.68308,59.23994],[25.68294,59.24044],[25.68273,59.24068],[25.68231,59.24084],[25.68172,59.24089],[25.68112,59.24077],[25.68087,59.24081],[25.68081,59.24109],[25.68029,59.24126],[25.67951,59.24079],[25.67924,59.24045]]]},"properties":{"fclass":"water"}},
{"type":"Feature","geometry":{"type":"Polygon","coordinates":[[[25.68801,59.2461],[25.68818,59.24595],[25.68902,59.24622],[25.68923,59.24657],[25.68981,59.24688],[25.69161,59.24699],[25.6915,59.24714],[25.691,59.2471],[25.69012,59.24713],[25.68926,59.24694],[25.68801,59.2461]]]},"properties":{"fclass":"water"}},
{"type":"Feature","geometry":{"type":"Polygon","coordinates":[[[25.68117,59.24628],[25.68119,59.24618],[25.68175,59.24569],[25.6827,59.24568],[25.68388,59.24522],[25.684,59.245],[25.68458,59.24477],[25.68477,59.24455],[25.68517,59.24443],[25.6855,59.24454],[25.6853,59.24491],[25.68669,59.24508],[25.68752,59.24535],[25.6881,59.24539],[25.68813,59.24575],[25.68762,59.24598],[25.68681,59.24584],[25.68524,59.24565],[25.68476,59.24582],[25.68427,59.24586],[25.68401,59.24603],[25.68338,59.24618],[25.68172,59.24635],[25.68117,59.24628]]]},"properties":{"fclass":"water"}},
{"type":"Feature","geometry":{"type":"Polygon","coordinates":[[[25.68038,59.24472],[25.68048,59.24455],[25.68096,59.24439],[25.68096,59.24396],[25.68119,59.24382],[25.68158,59.24383],[25.68191,59.24411],[25.68126,59.24474],[25.68074,59.24488],[25.68038,59.24472]]]},"properties":{"fclass":"water"}},
{"type":"Feature","geometry":{"type":"Polygon","coordinates":[[[25.36481,59.12124],[25.36438,59.12091],[25.36522,59.12069],[25.36659,59.12013],[25.36777,59.12036],[25.36595,59.12099],[25.36481,59.12124]]]},"properties":{"fclass":"water"}},
{"type":"Feature","geometry":{"type":"Polygon","coordinates":[[[25.34543,59.10968],[25.34704,59.10929],[25.35019,59.10569],[25.35073,59.10529],[25.35189,59.10475],[25.35265,59.1045],[25.35338,59.10434],[25.35404,59.10428],[25.35481,59.10431],[25.35575,59.10453],[25.35875,59.1053],[25.35984,59.10544],[25.36316,59.1054],[25.36506,59.10558],[25.36898,59.10622],[25.36972,59.10627],[25.37125,59.10648],[25.3719,59.1067],[25.3734,59.10735],[25.37411,59.10743],[25.37765,59.10717],[25.37827,59.10734],[25.37925,59.10732],[25.37962,59.10773],[25.37984,59.10813],[25.37967,59.10838],[25.3799,59.10857],[25.38217,59.10903],[25.3829,59.10897],[25.38346,59.10913],[25.38353,59.10891],[25.38392,59.10852],[25.38455,59.10833],[25.38495,59.10842],[25.38552,59.10906],[25.38602,59.11016],[25.38593,59.11076],[25.38556,59.11102],[25.38473,59.11114],[25.38394,59.11148],[25.38242,59.11194],[25.3809,59.11283],[25.38025,59.11347],[25.37967,59.11363],[25.37888,59.11359],[25.37838,59.11408],[25.37759,59.11413],[25.37693,59.11425],[25.37622,59.11476],[25.37637,59.11547],[25.37612,59.11628],[25.37512,59.11672],[25.37412,59.11683],[25.3735,59.11679],[25.37319,59.11687],[25.37238,59.11681],[25.37234,59.11703],[25.37265,59.1173],[25.37258,59.11756],[25.37203,59.11814],[25.36886,59.11925],[25.36581,59.11984],[25.36376,59.12044],[25.3628,59.12108],[25.3617,59.12111],[25.36131,59.1212],[25.36037,59.12116],[25.35996,59.12132],[25.35652,59.1214],[25.35558,59.12131],[25.35542,59.12152],[25.35587,59.12177],[25.3571,59.12162],[25.35911,59.12173],[25.35912,59.12203],[25.35625,59.1222],[25.35563,59.12234],[25.35502,59.12224],[25.35436,59.12221],[25.35399,59.12256],[25.35436,59.12267],[25.35573,59.12265],[25.35668,59.12243],[25.35664,59.12264],[25.3532,59.12395],[25.35272,59.12426],[25.35216,59.12372],[25.35229,59.12302],[25.35219,59.12287],[25.35126,59.12277],[25.35066,59.12275],[25.34909,59.12344],[25.34873,59.12374],[25.34698,59.12432],[25.34604,59.12443],[25.34578,59.12431],[25.34568,59.12369],[25.34521,59.12355],[25.34456,59.12359],[25.34408,59.12343],[25.3435,59.12343],[25.34313,59.12323],[25.34376,59.12305],[25.34359,59.1229],[25.34246,59.12297],[25.34214,59.12267],[25.34333,59.12206],[25.34284,59.12197],[25.34232,59.12214],[25.34158,59.12212],[25.34147,59.12188],[25.34059,59.12218],[25.33916,59.12208],[25.3388,59.12195],[25.33879,59.12171],[25.33977,59.12141],[25.33963,59.12123],[25.33884,59.12124],[25.33726,59.12171],[25.33646,59.12214],[25.33366,59.12281],[25.33293,59.12326],[25.33314,59.12364],[25.33182,59.124],[25.33111,59.12398],[25.32939,59.12451],[25.32866,59.1248],[25.32749,59.12509],[25.32694,59.12529],[25.32547,59.12554],[25.32508,59.12534],[25.32517,59.12523],[25.32093,59.12203],[25.32078,59.12163],[25.3299,59.11735],[25.33136,59.11615],[25.33187,59.11594],[25.33228,59.11564],[25.33228,59.11551],[25.33401,59.1141],[25.33443,59.11362],[25.33471,59.11351],[25.33639,59.11213],[25.3379,59.11167],[25.33925,59.11151],[25.33999,59.11178],[25.34054,59.11176],[25.34045,59.11116],[25.34102,59.11087],[25.34199,59.1106],[25.34297,59.11043],[25.34403,59.11002],[25.34543,59.10968]],[[25.32696,59.12048],[25.3275,59.12057],[25.32861,59.12029],[25.32909,59.12045],[25.32937,59.12074],[25.3297,59.12065],[25.32978,59.12015],[25.33028,59.12014],[25.33064,59.11991],[25.33008,59.1197],[25.33,59.11957],[25.32918,59.11969],[25.32865,59.12],[25.32752,59.12028],[25.32701,59.12032],[25.32696,59.12048]],[[25.33187,59.11819],[25.33194,59.11829],[25.33292,59.11816],[25.33333,59.11827],[25.33378,59.11807],[25.33353,59.11785],[25.33281,59.11785],[25.33278,59.11798],[25.33187,59.11819]],[[25.3324,59.11662],[25.33214,59.11694],[25.33243,59.11725],[25.33299,59.11727],[25.33327,59.11743],[25.3337,59.11731],[25.33369,59.11683],[25.33304,59.11677],[25.33265,59.11658],[25.3324,59.11662]],[[25.33605,59.11446],[25.33498,59.11462],[25.33447,59.11463],[25.33421,59.11473],[25.33385,59.11507],[25.33375,59.11529],[25.33344,59.11545],[25.33332,59.11583],[25.3337,59.11648],[25.33432,59.11658],[25.33473,59.11654],[25.3348,59.11673],[25.33405,59.11672],[25.33393,59.11689],[25.33408,59.11764],[25.33444,59.11762],[25.33466,59.11736],[25.3351,59.11745],[25.33584,59.11728],[25.33612,59.11739],[25.33713,59.11747],[25.33727,59.11776],[25.33769,59.11796],[25.33829,59.11784],[25.33902,59.11748],[25.33982,59.11722],[25.34074,59.11742],[25.34062,59.11716],[25.34091,59.11684],[25.34125,59.1169],[25.34216,59.11681],[25.34257,59.1167],[25.34266,59.1163],[25.34209,59.1161],[25.34165,59.11627],[25.34128,59.11631],[25.3409,59.11649],[25.34046,59.11635],[25.34018,59.11613],[25.33982,59.11665],[25.33901,59.11657],[25.33853,59.11646],[25.3378,59.11648],[25.33767,59.11665],[25.33652,59.11664],[25.33618,59.1172],[25.33506,59.11708],[25.33558,59.11675],[25.3354,59.11664],[25.33617,59.11629],[25.33561,59.11625],[25.33537,59.11633],[25.33433,59.11645],[25.3339,59.11632],[25.33381,59.11608],[25.33401,59.11543],[25.33428,59.11516],[25.33545,59.11484],[25.33569,59.11459],[25.33605,59.11446]],[[25.33733,59.11394],[25.33805,59.11389],[25.33841,59.1137],[25.33947,59.11355],[25.3401,59.11328],[25.33995,59.11311],[25.33892,59.11334],[25.33836,59.11353],[25.33792,59.11382],[25.33733,59.11394]],[[25.34365,59.11223],[25.34386,59.11192],[25.34357,59.11172],[25.34295,59.11164],[25.34228,59.11145],[25.34209,59.11158],[25.3415,59.11148],[25.34095,59.11158],[25.34102,59.11174],[25.3417,59.11182],[25.34202,59.11173],[25.34271,59.11181],[25.34356,59.11229],[25.34365,59.11223]],[[25.34082,59.11315],[25.34147,59.11315],[25.3417,59.11298],[25.34116,59.11284],[25.34082,59.11315]],[[25.341,59.12135],[25.34346,59.12133],[25.34359,59.12124],[25.34487,59.12107],[25.34523,59.12118],[25.34644,59.12106],[25.34683,59.12092],[25.34681,59.12074],[25.34738,59.12072],[25.34735,59.12058],[25.34777,59.12042],[25.34865,59.12063],[25.34965,59.12016],[25.34995,59.12021],[25.35053,59.12006],[25.35055,59.1198],[25.35079,59.11963],[25.35119,59.1196],[25.35124,59.11943],[25.34907,59.11942],[25.34874,59.11933],[25.34753,59.11924],[25.34742,59.11898],[25.34701,59.11889],[25.34663,59.11896],[25.34618,59.11918],[25.34565,59.11933],[25.34492,59.11936],[25.34447,59.11989],[25.34591,59.1194],[25.34676,59.11924],[25.34739,59.11954],[25.34791,59.11951],[25.34921,59.11958],[25.34803,59.11993],[25.34729,59.12024],[25.3466,59.12014],[25.34605,59.12015],[25.34577,59.12037],[25.34517,59.12039],[25.34443,59.1205],[25.34393,59.12039],[25.34342,59.1206],[25.34292,59.12102],[25.34197,59.12111],[25.341,59.12135]],[[25.34282,59.11384],[25.34297,59.11417],[25.34343,59.11412],[25.34364,59.11389],[25.34312,59.11365],[25.34282,59.11384]],[[25.3444,59.12275],[25.34488,59.12275],[25.34528,59.12249],[25.34491,59.12228],[25.34478,59.12258],[25.3444,59.12275]],[[25.34517,59.12288],[25.34576,59.12293],[25.34578,59.1227],[25.34517,59.12288]],[[25.34566,59.11978],[25.34632,59.11972],[25.3466,59.11953],[25.34635,59.11938],[25.34566,59.11978]],[[25.35511,59.11854],[25.35529,59.11861],[25.3566,59.11818],[25.35717,59.11817],[25.35779,59.11834],[25.36163,59.11767],[25.36278,59.11767],[25.3633,59.11743],[25.36325,59.1173],[25.36529,59.11704],[25.36633,59.1168],[25.36719,59.1165],[25.36831,59.11574],[25.36853,59.11551],[25.37072,59.11469],[25.37212,59.11485],[25.37285,59.11451],[25.37238,59.11449],[25.37206,59.11435],[25.37359,59.1139],[25.37412,59.11397],[25.37554,59.11353],[25.37616,59.11363],[25.37696,59.11347],[25.37814,59.11272],[25.37863,59.11223],[25.38106,59.11136],[25.38085,59.11125],[25.37996,59.11144],[25.37935,59.11144],[25.37849,59.11155],[25.37797,59.1117],[25.37695,59.11172],[25.37711,59.11185],[25.37763,59.11187],[25.378,59.11223],[25.37789,59.11244],[25.37739,59.11257],[25.3768,59.11245],[25.37616,59.11262],[25.37573,59.11247],[25.37477,59.11283],[25.37413,59.11301],[25.37401,59.11319],[25.37348,59.1134],[25.37243,59.11355],[25.37119,59.1139],[25.36921,59.11479],[25.36775,59.11539],[25.36738,59.11544],[25.36635,59.11578],[25.36637,59.11592],[25.36476,59.11675],[25.3627,59.117],[25.36145,59.11698],[25.3607,59.11704],[25.36054,59.11684],[25.36144,59.11671],[25.36141,59.11655],[25.36074,59.11669],[25.35998,59.11674],[25.35987,59.11697],[25.35908,59.11711],[25.35802,59.11722],[25.35662,59.11755],[25.3563,59.11785],[25.35605,59.11784],[25.35511,59.11854]],[[25.36196,59.11937],[25.36275,59.11953],[25.36332,59.11955],[25.36438,59.11919],[25.36409,59.11908],[25.36482,59.11863],[25.36526,59.11856],[25.36548,59.1183],[25.36459,59.1182],[25.36415,59.11802],[25.36374,59.11837],[25.36322,59.11853],[25.36272,59.11856],[25.36218,59.11891],[25.36233,59.11914],[25.36196,59.11937]]]},"properties":{"fclass":"reservoir"}},
{"type":"Feature","geometry":{"type":"Polygon","coordinates":[[[26.14056,59.42249],[26.14064,59.42231],[26.14111,59.42218],[26.14122,59.42172],[26.14174,59.42165],[26.14266,59.42175],[26.14331,59.42243],[26.1435,59.42272],[26.14287,59.42307],[26.14233,59.42303],[26.14217,59.42322],[26.14164,59.42327],[26.14101,59.4231],[26.14114,59.42269],[26.14056,59.42249]],[[26.14137,59.42307],[26.14179,59.42306],[26.14204,59.42291],[26.14299,59.42275],[26.14297,59.42257],[26.14247,59.42265],[26.1418,59.42265],[26.14148,59.42276],[26.14137,59.42307]],[[26.14157,59.42188],[26.14172,59.42226],[26.14249,59.42236],[26.1428,59.42228],[26.14272,59.42204],[26.14166,59.42179],[26.14157,59.42188]]]},"properties":{"fclass":"water"}},
{"type":"Feature","geometry":{"type":"Polygon","coordinates":[[[26.01298,59.44376],[26.01277,59.4438],[26.01176,59.44459],[26.01174,59.44486],[26.01154,59.44504],[26.01186,59.44522],[26.01179,59.4454],[26.01196,59.44568],[26.01192,59.44606],[26.01212,59.44659],[26.01195,59.44696],[26.01214,59.44748],[26.01189,59.44778],[26.01132,59.44811],[26.01084,59.44823],[26.00982,59.44817],[26.00931,59.44822],[26.00874,59.44808],[26.00888,59.44752],[26.00886,59.44724],[26.00858,59.44679],[26.00886,59.44603],[26.00881,59.44569],[26.00898,59.44518],[26.00914,59.44392],[26.00927,59.44334],[26.00917,59.44252],[26.00902,59.44223],[26.00903,59.44176],[26.00886,59.44123],[26.00888,59.4409],[26.00922,59.4406],[26.00904,59.44025],[26.00914,59.44001],[26.00954,59.43981],[26.01058,59.44013],[26.01154,59.44022],[26.01175,59.44062],[26.01156,59.44085],[26.01188,59.44098],[26.01167,59.44139],[26.01199,59.44159],[26.01186,59.4419],[26.01231,59.44205],[26.01242,59.44234],[26.01226,59.44259],[26.01261,59.44288],[26.01351,59.44271],[26.01358,59.44284],[26.01328,59.44355],[26.01298,59.44376]],[[26.01025,59.44436],[26.0106,59.44478],[26.01129,59.44484],[26.01103,59.44434],[26.01078,59.44415],[26.01031,59.44423],[26.01025,59.44436]]]},"properties":{"fclass":"water"}},
{"type":"Feature","geometry":{"type":"Polygon","coordinates":[[[25.75443,59.38751],[25.7546,59.38735],[25.75509,59.38719],[25.7555,59.38679],[25.75639,59.38639],[25.75664,59.38655],[25.7562,59.3867],[25.75539,59.38731],[25.7548,59.38755],[25.75505,59.38787],[25.75486,59.38818],[25.75443,59.38751]]]},"properties":{"fclass":"water"}},
{"type":"Feature","geometry":{"type":"Polygon","coordinates":[[[25.75384,59.38999],[25.75422,59.38961],[25.75402,59.38934],[25.75418,59.3891],[25.75554,59.38915],[25.75629,59.38904],[25.75741,59.38926],[25.75793,59.38953],[25.758,59.38975],[25.75754,59.38989],[25.75638,59.38968],[25.75588,59.38974],[25.75486,59.39007],[25.75419,59.39019],[25.75384,59.38999]]]},"properties":{"fclass":"water"}},
{"type":"Feature","geometry":{"type":"Polygon","coordinates":[[[25.69556,59.30382],[25.6955,59.3041],[25.69499,59.30452],[25.69444,59.30455],[25.69378,59.30428],[25.69358,59.30396],[25.69373,59.30358],[25.69411,59.30332],[25.69505,59.30317],[25.69551,59.30335],[25.69556,59.30382]]]},"properties":{"fclass":"water"}},
{"type":"Feature","geometry":{"type":"Polygon","coordinates":[[[25.67086,59.29541],[25.67134,59.29521],[25.67148,59.29486],[25.67183,59.29468],[25.67194,59.29415],[25.67181,59.294],[25.67245,59.29382],[25.67337,59.29397],[25.67406,59.294],[25.67445,59.29423],[25.67474,59.29459],[25.67503,59.2951],[25.67538,59.29515],[25.67592,59.29558],[25.67667,59.29575],[25.67686,59.29586],[25.67713,59.29626],[25.67788,59.29631],[25.67844,59.29704],[25.67821,59.29727],[25.67818,59.29762],[25.67758,59.29779],[25.677,59.29782],[25.67644,59.29778],[25.67627,59.29788],[25.67569,59.29779],[25.67465,59.29772],[25.67378,59.29752],[25.67333,59.29734],[25.67314,59.29715],[25.67268,59.29706],[25.67213,59.29664],[25.67179,59.29621],[25.67099,59.29572],[25.67086,59.29541]]]},"properties":{"fclass":"water"}},
{"type":"Feature","geometry":{"type":"Polygon","coordinates":[[[25.67775,59.34439],[25.67787,59.34412],[25.67886,59.34293],[25.67908,59.34283],[25.6797,59.34227],[25.68006,59.34203],[25.68069,59.34195],[25.68136,59.34202],[25.68192,59.34188],[25.68181,59.34226],[25.6819,59.34289],[25.68168,59.34344],[25.6814,59.34383],[25.68039,59.34448],[25.67946,59.34487],[25.6785,59.3451],[25.67808,59.34498],[25.67783,59.34478],[25.67775,59.34439]]]},"properties":{"fclass":"water"}},
{"type":"Feature","geometry":{"type":"Polygon","coordinates":[[[25.67502,59.34934],[25.67556,59.349],[25.67638,59.34903],[25.67668,59.34918],[25.67708,59.34914],[25.67746,59.3494],[25.67732,59.34965],[25.67674,59.34992],[25.67572,59.34995],[25.67521,59.34978],[25.67502,59.34934]]]},"properties":{"fclass":"water"}},
{"type":"Feature","geometry":{"type":"Polygon","coordinates":[[[25.68447,59.39727],[25.68537,59.39616],[25.68561,59.39602],[25.68661,59.39638],[25.6869,59.39637],[25.6876,59.39603],[25.68882,59.39567],[25.68904,59.39573],[25.68915,59.39614],[25.68885,59.39658],[25.68889,59.39708],[25.68935,59.39739],[25.69057,59.3974],[25.69104,59.39753],[25.69116,59.39777],[25.69051,59.3983],[25.68986,59.39845],[25.68941,59.39882],[25.68903,59.39902],[25.68831,59.3996],[25.68784,59.39971],[25.68745,59.3996],[25.6871,59.39919],[25.68649,59.39879],[25.68634,59.39837],[25.68646,59.39809],[25.68564,59.39805],[25.68502,59.39789],[25.6847,59.39771],[25.68447,59.39727]]]},"properties":{"fclass":"water"}},
{"type":"Feature","geometry":{"type":"Polygon","coordinates":[[[25.67558,59.42634],[25.67592,59.42621],[25.67721,59.42645],[25.67739,59.42616],[25.67785,59.42606],[25.67879,59.42649],[25.67946,59.42671],[25.67973,59.42712],[25.68097,59.42784],[25.68149,59.42829],[25.68186,59.42898],[25.68183,59.42938],[25.68169,59.42963],[25.68122,59.4299],[25.6808,59.42994],[25.68033,59.42972],[25.67964,59.42902],[25.67927,59.42815],[25.67839,59.42805],[25.67793,59.42768],[25.67717,59.42729],[25.67673,59.42674],[25.67642,59.42659],[25.67574,59.4265],[25.67558,59.42634]]]},"properties":{"fclass":"water"}},
{"type":"Feature","geometry":{"type":"Polygon","coordinates":[[[25.41073,59.32113],[25.41078,59.32047],[25.41184,59.32016],[25.41223,59.31984],[25.41256,59.31997],[25.41327,59.32006],[25.41353,59.3199],[25.41396,59.31998],[25.41428,59.31968],[25.41504,59.31974],[25.41502,59.31949],[25.41521,59.31933],[25.41653,59.31893],[25.41712,59.31909],[25.4182,59.31883],[25.41849,59.31886],[25.41871,59.31921],[25.4193,59.31925],[25.42071,59.31887],[25.42106,59.31904],[25.42159,59.319],[25.42197,59.31876],[25.42268,59.31933],[25.42328,59.3192],[25.42378,59.31926],[25.42449,59.3192],[25.42512,59.31926],[25.42584,59.31905],[25.42619,59.3192],[25.42706,59.31929],[25.42741,59.31938],[25.42859,59.31949],[25.42894,59.32013],[25.42813,59.31993],[25.42711,59.3198],[25.42681,59.31959],[25.42632,59.31947],[25.4259,59.31949],[25.42578,59.31931],[25.42545,59.31929],[25.4249,59.31945],[25.4245,59.3194],[25.42381,59.31956],[25.42237,59.31957],[25.4219,59.31916],[25.42121,59.31921],[25.42035,59.31913],[25.41894,59.31951],[25.41792,59.3193],[25.41707,59.31942],[25.41667,59.31934],[25.41575,59.31985],[25.41528,59.31993],[25.41494,59.3201],[25.41435,59.32014],[25.41418,59.3204],[25.41367,59.32053],[25.41313,59.32041],[25.4125,59.32085],[25.412,59.32086],[25.4116,59.32122],[25.41073,59.32113]]]},"properties":{"fclass":"water"}},
{"type":"Feature","geometry":{"type":"Polygon","coordinates":[[[26.25607,59.06861],[26.25654,59.06806],[26.2574,59.06757],[26.25795,59.06742],[26.25815,59.06726],[26.25858,59.06715],[26.26075,59.06726],[26.26122,59.06733],[26.26155,59.06783],[26.26212,59.06927],[26.26198,59.0696],[26.26166,59.06965],[26.25963,59.06959],[26.25866,59.06943],[26.25666,59.0689],[26.25624,59.06883],[26.25607,59.06861]]]},"properties":{"fclass":"reservoir"}},
{"type":"Feature","geometry":{"type":"Polygon","coordinates":[[[26.24919,59.07469],[26.24948,59.07451],[26.24964,59.07377],[26.2499,59.07357],[26.25074,59.07352],[26.25097,59.0736],[26.25184,59.07361],[26.25205,59.07374],[26.25207,59.07406],[26.25184,59.07433],[26.25138,59.07432],[26.25067,59.07416],[26.25045,59.0745],[26.25096,59.07459],[26.2517,59.07454],[26.25187,59.07503],[26.25179,59.07524],[26.25142,59.07544],[26.25166,59.07595],[26.25164,59.0762],[26.2509,59.07618],[26.25023,59.07567],[26.25028,59.07544],[26.24929,59.07509],[26.24919,59.07469]]]},"properties":{"fclass":"water"}},
{"type":"Feature","geometry":{"type":"Polygon","coordinates":[[[26.26003,59.02413],[26.26072,59.02383],[26.26063,59.02356],[26.26091,59.02345],[26.261,59.02318],[26.2608,59.02279],[26.26025,59.02242],[26.26112,59.02218],[26.26108,59.02202],[26.26171,59.02168],[26.26196,59.02166],[26.2623,59.02215],[26.26257,59.02198],[26.26319,59.0228],[26.26327,59.02312],[26.26428,59.02337],[26.2645,59.02351],[26.26455,59.02432],[26.2642,59.02453],[26.26364,59.02468],[26.26365,59.02486],[26.26334,59.02499],[26.2631,59.02538],[26.26313,59.02558],[26.26227,59.02579],[26.26193,59.02581],[26.26172,59.02561],[26.26129,59.0254],[26.26078,59.02484],[26.26003,59.02413]]]},"properties":{"fclass":"water"}},
{"type":"Feature","geometry":{"type":"Polygon","coordinates":[[[25.63941,59.26957],[25.6396,59.26932],[25.64052,59.26898],[25.64104,59.2686],[25.64203,59.26836],[25.64277,59.26834],[25.64416,59.26849],[25.6444,59.26862],[25.64481,59.26918],[25.64464,59.26937],[25.64401,59.26968],[25.64314,59.2697],[25.6428,59.26996],[25.64277,59.27032],[25.64292,59.27053],[25.64257,59.27072],[25.64207,59.27068],[25.64147,59.27039],[25.64066,59.27009],[25.6399,59.26999],[25.63947,59.26978],[25.63941,59.26957]]]},"properties":{"fclass":"water"}},
{"type":"Feature","geometry":{"type":"Polygon","coordinates":[[[25.62576,59.27452],[25.62619,59.27379],[25.62732,59.27285],[25.62812,59.27237],[25.62847,59.27238],[25.62897,59.27255],[25.62942,59.27296],[25.62939,59.27328],[25.62885,59.27409],[25.6287,59.2746],[25.62823,59.27485],[25.62754,59.27502],[25.62673,59.27513],[25.62629,59.27508],[25.62576,59.27482],[25.62576,59.27452]]]},"properties":{"fclass":"water"}},
{"type":"Feature","geometry":{"type":"Polygon","coordinates":[[[25.90033,59.35589],[25.9004,59.3556],[25.90069,59.35547],[25.90118,59.35541],[25.90139,59.3551],[25.90205,59.35498],[25.90257,59.35511],[25.90302,59.35505],[25.90268,59.35546],[25.90213,59.3558],[25.90238,59.35597],[25.90193,59.35623],[25.90148,59.35631],[25.90121,59.35678],[25.90099,59.35631],[25.90037,59.35614],[25.90033,59.35589]]]},"properties":{"fclass":"water"}},
{"type":"Feature","geometry":{"type":"Polygon","coordinates":[[[25.91766,59.36072],[25.91793,59.36056],[25.9191,59.36063],[25.91976,59.36049],[25.92053,59.36024],[25.92188,59.36037],[25.92194,59.3605],[25.92242,59.36061],[25.92273,59.3609],[25.92295,59.36128],[25.92262,59.36162],[25.92244,59.3621],[25.92201,59.36247],[25.92157,59.3625],[25.92062,59.36226],[25.92045,59.3621],[25.9193,59.36176],[25.91875,59.36147],[25.91788,59.36123],[25.91766,59.36072]]]},"properties":{"fclass":"water"}},
{"type":"Feature","geometry":{"type":"Polygon","coordinates":[[[25.91439,59.36308],[25.91481,59.36251],[25.91546,59.36216],[25.91607,59.36214],[25.91632,59.36221],[25.91628,59.3625],[25.91602,59.36279],[25.91615,59.36317],[25.91577,59.36343],[25.91522,59.36348],[25.91462,59.3633],[25.91439,59.36308]]]},"properties":{"fclass":"water"}},
{"type":"Feature","geometry":{"type":"Polygon","coordinates":[[[25.9169,59.36269],[25.91731,59.36258],[25.91782,59.36262],[25.9189,59.36256],[25.91968,59.3626],[25.91909,59.36292],[25.91825,59.36293],[25.91778,59.36304],[25.91704,59.36283],[25.9169,59.36269]]]},"properties":{"fclass":"water"}},
{"type":"Feature","geometry":{"type":"Polygon","coordinates":[[[25.67582,59.41834],[25.67616,59.4182],[25.6767,59.41812],[25.67789,59.41874],[25.67847,59.41892],[25.67861,59.41905],[25.67937,59.41942],[25.67947,59.41955],[25.67999,59.41974],[25.68085,59.42028],[25.68178,59.42064],[25.68228,59.42092],[25.68223,59.42103],[25.68305,59.42129],[25.68291,59.42146],[25.68224,59.42135],[25.68161,59.42097],[25.68139,59.42096],[25.68061,59.42068],[25.68021,59.4204],[25.67918,59.42006],[25.67772,59.41936],[25.6771,59.41916],[25.67654,59.41875],[25.67594,59.41849],[25.67582,59.41834]]]},"properties":{"fclass":"water"}},
{"type":"Feature","geometry":{"type":"Polygon","coordinates":[[[25.66666,59.4257],[25.66725,59.4249],[25.6678,59.42485],[25.6685,59.42491],[25.6698,59.42522],[25.67017,59.42542],[25.67023,59.42576],[25.66988,59.42597],[25.6694,59.42606],[25.66832,59.42616],[25.66786,59.42604],[25.66727,59.42601],[25.66673,59.42585],[25.66666,59.4257]]]},"properties":{"fclass":"water"}},
{"type":"Feature","geometry":{"type":"Polygon","coordinates":[[[25.67045,59.4251],[25.67058,59.42483],[25.67103,59.42439],[25.67148,59.42409],[25.67245,59.42397],[25.6731,59.42424],[25.67409,59.42435],[25.67438,59.4247],[25.67437,59.4251],[25.67403,59.42526],[25.67308,59.42547],[25.67246,59.4258],[25.67193,59.42581],[25.67146,59.42552],[25.67052,59.4252],[25.67045,59.4251]]]},"properties":{"fclass":"water"}},
{"type":"Feature","geometry":{"type":"Polygon","coordinates":[[[25.66323,59.34931],[25.66318,59.34907],[25.66362,59.34869],[25.66372,59.34839],[25.66348,59.34832],[25.66294,59.34854],[25.66254,59.34878],[25.66214,59.34874],[25.66223,59.34852],[25.66304,59.34825],[25.66365,59.34812],[25.66442,59.34827],[25.66445,59.34845],[25.66402,59.34852],[25.66365,59.34915],[25.66323,59.34931]]]},"properties":{"fclass":"water"}},
{"type":"Feature","geometry":{"type":"Polygon","coordinates":[[[25.73284,59.37356],[25.73161,59.37385],[25.7308,59.37408],[25.73046,59.37434],[25.7291,59.37467],[25.72845,59.37471],[25.72826,59.37433],[25.72856,59.37411],[25.72756,59.37386],[25.72683,59.37362],[25.72627,59.37354],[25.72542,59.37355],[25.7252,59.3734],[25.72544,59.37308],[25.72564,59.37226],[25.7272,59.37128],[25.72735,59.3708],[25.72769,59.37029],[25.7281,59.37022],[25.729,59.3706],[25.7314,59.37095],[25.73196,59.37076],[25.73222,59.37051],[25.73286,59.37052],[25.73364,59.37041],[25.73451,59.37041],[25.73537,59.37077],[25.73582,59.37137],[25.73571,59.37178],[25.73499,59.37254],[25.73445,59.37283],[25.73455,59.37311],[25.73405,59.37314],[25.7337,59.37335],[25.73284,59.37356]]]},"properties":{"fclass":"water"}},
{"type":"Feature","geometry":{"type":"Polygon","coordinates":[[[25.60556,59.40855],[25.60577,59.40793],[25.60672,59.40716],[25.60776,59.40692],[25.60799,59.40676],[25.60817,59.40619],[25.60914,59.40557],[25.60939,59.40551],[25.60975,59.40593],[25.61011,59.40616],[25.61093,59.40617],[25.61094,59.40683],[25.61019,59.40737],[25.60911,59.40779],[25.60862,59.40808],[25.60828,59.40841],[25.60779,59.40864],[25.60736,59.40899],[25.60617,59.40903],[25.60556,59.40855]]]},"properties":{"fclass":"water"}},
{"type":"Feature","geometry":{"type":"Polygon","coordinates":[[[25.50293,59.29953],[25.50325,59.29918],[25.50385,59.29936],[25.50434,59.29935],[25.50493,59.2996],[25.50617,59.30049],[25.50655,59.30043],[25.50709,59.3005],[25.50769,59.30022],[25.50763,59.29994],[25.50774,59.2996],[25.50818,59.29974],[25.50936,59.29952],[25.50974,59.29962],[25.51016,59.2996],[25.51031,59.29979],[25.50998,59.30002],[25.51024,59.30041],[25.51016,59.30093],[25.51031,59.3012],[25.5101,59.30161],[25.51013,59.30209],[25.50988,59.30251],[25.50986,59.30294],[25.5096,59.30347],[25.50934,59.3037],[25.50928,59.30406],[25.50938,59.30452],[25.5091,59.30457],[25.50874,59.304],[25.5076,59.30412],[25.50675,59.30406],[25.5064,59.30411],[25.50589,59.30392],[25.50597,59.30353],[25.50557,59.30342],[25.50529,59.30322],[25.50517,59.30251],[25.50539,59.30238],[25.50541,59.30142],[25.50521,59.30099],[25.50537,59.3008],[25.50495,59.30023],[25.50475,59.29978],[25.50434,59.29964],[25.50366,59.29978],[25.50293,59.29953]]]},"properties":{"fclass":"water"}},
{"type":"Feature","geometry":{"type":"Polygon","coordinates":[[[25.4618,59.37914],[25.46209,59.37873],[25.46242,59.37875],[25.46285,59.37825],[25.46377,59.37797],[25.46498,59.37793],[25.46551,59.37801],[25.46636,59.3785],[25.46667,59.37887],[25.46762,59.37911],[25.46836,59.37942],[25.46888,59.37949],[25.46947,59.37927],[25.47032,59.3791],[25.47125,59.37916],[25.47186,59.3789],[25.47343,59.3783],[25.47429,59.37811],[25.47493,59.37817],[25.47534,59.37805],[25.47642,59.37807],[25.47668,59.37801],[25.47797,59.37806],[25.4777,59.37825],[25.4772,59.37827],[25.47691,59.37841],[25.47568,59.37866],[25.47463,59.37859],[25.47384,59.37876],[25.47331,59.37894],[25.47278,59.37929],[25.4723,59.37978],[25.4718,59.37992],[25.47044,59.38013],[25.46802,59.37992],[25.46649,59.37966],[25.46582,59.37967],[25.46563,59.37959],[25.46519,59.37893],[25.46496,59.37877],[25.46442,59.37913],[25.46423,59.37934],[25.46372,59.37939],[25.46189,59.37919],[25.4618,59.37914]]]},"properties":{"fclass":"reservoir"}},
{"type":"Feature","geometry":{"type":"Polygon","coordinates":[[[25.99643,59.40673],[25.99662,59.4066],[25.99776,59.4065],[25.99793,59.40633],[25.99742,59.40582],[25.99712,59.40528],[25.99743,59.40511],[25.99792,59.40513],[25.99835,59.40528],[25.99924,59.40626],[25.9996,59.40703],[25.99922,59.40737],[25.99818,59.40754],[25.99756,59.40741],[25.9969,59.40712],[25.99643,59.40673]]]},"properties":{"fclass":"water"}},
{"type":"Feature","geometry":{"type":"Polygon","coordinates":[[[25.98651,59.4154],[25.98685,59.41507],[25.98735,59.41497],[25.98799,59.41505],[25.98855,59.41534],[25.98873,59.4156],[25.9886,59.41582],[25.98792,59.41604],[25.98719,59.41596],[25.98667,59.4156],[25.98651,59.4154]]]},"properties":{"fclass":"water"}},
{"type":"Feature","geometry":{"type":"Polygon","coordinates":[[[25.73143,59.31578],[25.73162,59.31555],[25.73205,59.31553],[25.73344,59.31595],[25.73393,59.31615],[25.73398,59.31647],[25.73337,59.31675],[25.73239,59.31683],[25.7319,59.31647],[25.73151,59.31604],[25.73143,59.31578]]]},"properties":{"fclass":"water"}},
{"type":"Feature","geometry":{"type":"Polygon","coordinates":[[[26.51442,59.34229],[26.51497,59.34214],[26.51509,59.34256],[26.51553,59.34281],[26.5161,59.34277],[26.5159,59.34302],[26.51552,59.34324],[26.51515,59.34413],[26.51473,59.34439],[26.51446,59.34444],[26.51474,59.34385],[26.51532,59.34289],[26.51472,59.34261],[26.51442,59.34229]]]},"properties":{"fclass":"water"}},
{"type":"Feature","geometry":{"type":"Polygon","coordinates":[[[25.35272,59.12458],[25.35287,59.12436],[25.35329,59.12447],[25.35386,59.12577],[25.35708,59.1271],[25.35937,59.12802],[25.36068,59.12848],[25.36238,59.12922],[25.36226,59.12928],[25.36065,59.12858],[25.35926,59.12809],[25.35683,59.12714],[25.35406,59.12613],[25.35367,59.12596],[25.35337,59.1257],[25.35272,59.12458]]]},"properties":{"fclass":"riverbank"}},
{"type":"Feature","geometry":{"type":"Polygon","coordinates":[[[25.44374,59.15541],[25.44418,59.15493],[25.4449,59.1546],[25.44553,59.15457],[25.4459,59.15473],[25.44588,59.15498],[25.44562,59.15538],[25.44491,59.15574],[25.44455,59.15583],[25.44404,59.15575],[25.44374,59.15541]]]},"properties":{"fclass":"water"}},
{"type":"Feature","geometry":{"type":"Polygon","coordinates":[[[25.3829,59.10528],[25.3828,59.10547],[25.38172,59.10544],[25.38075,59.10596],[25.38024,59.10628],[25.37928,59.10657],[25.37899,59.10701],[25.37848,59.10706],[25.37795,59.10684],[25.37817,59.10627],[25.37918,59.10558],[25.37972,59.10505],[25.38006,59.10461],[25.38042,59.10442],[25.38116,59.1044],[25.38134,59.10416],[25.38133,59.1038],[25.38233,59.1036],[25.38233,59.10328],[25.3831,59.10327],[25.3841,59.10317],[25.38447,59.10305],[25.38516,59.10306],[25.38512,59.10325],[25.38461,59.10366],[25.38422,59.10385],[25.38405,59.10431],[25.38356,59.10465],[25.38302,59.10487],[25.3829,59.10528]]]},"properties":{"fclass":"water"}},
{"type":"Feature","geometry":{"type":"Polygon","coordinates":[[[26.22644,59.04226],[26.22669,59.04205],[26.22714,59.04188],[26.2274,59.04216],[26.22831,59.04161],[26.22858,59.0416],[26.22943,59.0413],[26.22994,59.0412],[26.23018,59.041],[26.23006,59.04075],[26.23037,59.04047],[26.23078,59.04058],[26.2303,59.04075],[26.23033,59.04099],[26.23063,59.04113],[26.23066,59.04132],[26.23133,59.04159],[26.23188,59.04156],[26.23272,59.04139],[26.23314,59.0416],[26.23301,59.04184],[26.2323,59.04168],[26.23191,59.04173],[26.23132,59.04171],[26.23084,59.04181],[26.23097,59.04228],[26.23016,59.04234],[26.22955,59.04247],[26.22936,59.04273],[26.22946,59.04323],[26.22934,59.04346],[26.22962,59.04369],[26.22943,59.04406],[26.22912,59.04438],[26.22811,59.04465],[26.22651,59.04248],[26.22644,59.04226]]]},"properties":{"fclass":"reservoir"}},
{"type":"Feature","geometry":{"type":"Polygon","coordinates":[[[26.5035,59.29239],[26.50467,59.29125],[26.50496,59.29102],[26.50553,59.29087],[26.50626,59.2912],[26.50664,59.29184],[26.5062,59.29231],[26.50558,59.29209],[26.50481,59.2921],[26.50432,59.29244],[26.50363,59.29251],[26.5035,59.29239]]]},"properties":{"fclass":"water"}},
{"type":"Feature","geometry":{"type":"Polygon","coordinates":[[[26.5051,59.28743],[26.50535,59.28738],[26.50581,59.28698],[26.5064,59.28701],[26.50666,59.28744],[26.50647,59.28776],[26.50678,59.28803],[26.50663,59.28859],[26.50704,59.28873],[26.50695,59.28906],[26.50716,59.28943],[26.50619,59.28946],[26.50599,59.28931],[26.50586,59.28875],[26.5059,59.28828],[26.5058,59.2878],[26.5051,59.28743]]]},"properties":{"fclass":"water"}},
{"type":"Feature","geometry":{"type":"Polygon","coordinates":[[[25.91737,59.25461],[25.91803,59.25369],[25.9184,59.25361],[25.91887,59.25374],[25.91798,59.25477],[25.91737,59.25461]]]},"properties":{"fclass":"water"}},
{"type":"Feature","geometry":{"type":"Polygon","coordinates":[[[25.36094,59.33469],[25.36073,59.33456],[25.3605,59.33466],[25.36028,59.3346],[25.36024,59.33436],[25.35992,59.3341],[25.35912,59.33393],[25.35883,59.33374],[25.3585,59.33378],[25.35801,59.33401],[25.35733,59.33399],[25.35705,59.33408],[25.35672,59.33404],[25.35651,59.33421],[25.35609,59.33418],[25.35549,59.3343],[25.35579,59.33402],[25.35645,59.33419],[25.35666,59.33401],[25.35807,59.33393],[25.35859,59.33371],[25.35893,59.33372],[25.35916,59.33387],[25.35983,59.33402],[25.36025,59.33423],[25.36049,59.3346],[25.36079,59.33452],[25.36106,59.33472],[25.36093,59.33491],[25.36137,59.3349],[25.36193,59.33501],[25.36213,59.33521],[25.36337,59.3352],[25.36353,59.33544],[25.36411,59.33547],[25.36409,59.33551],[25.36361,59.33552],[25.36355,59.33552],[25.36346,59.33548],[25.36336,59.33541],[25.36283,59.33547],[25.36256,59.33525],[25.36181,59.3353],[25.36195,59.33507],[25.36116,59.33495],[25.36113,59.33495],[25.36082,59.33492],[25.36079,59.33491],[25.36081,59.33486],[25.36087,59.33479],[25.36096,59.33472],[25.36094,59.33469]]]},"properties":{"fclass":"water"}},
{"type":"Feature","geometry":{"type":"Polygon","coordinates":[[[25.37292,59.11791],[25.37307,59.11761],[25.37432,59.11765],[25.37575,59.11798],[25.37677,59.1181],[25.3773,59.11792],[25.37841,59.11789],[25.37936,59.11823],[25.38052,59.11851],[25.38197,59.11853],[25.3826,59.11843],[25.38312,59.11855],[25.38164,59.11886],[25.38134,59.11887],[25.37983,59.11862],[25.37863,59.11828],[25.37778,59.11829],[25.37671,59.11841],[25.37596,59.11841],[25.37454,59.11812],[25.37298,59.11799],[25.37292,59.11791]]]},"properties":{"fclass":"reservoir"}},
{"type":"Feature","geometry":{"type":"Polygon","coordinates":[[[25.6211,59.11297],[25.62118,59.11265],[25.62166,59.11249],[25.62161,59.1122],[25.62191,59.11207],[25.62322,59.11196],[25.62271,59.11174],[25.62237,59.1118],[25.62156,59.11172],[25.62141,59.11122],[25.62179,59.1111],[25.62224,59.11134],[25.62212,59.11153],[25.62246,59.11167],[25.62347,59.11157],[25.62368,59.11171],[25.62348,59.11187],[25.62338,59.11235],[25.62256,59.11246],[25.6226,59.11282],[25.62246,59.11354],[25.62196,59.1136],[25.62164,59.11343],[25.62173,59.11314],[25.62133,59.11312],[25.6211,59.11297]]]},"properties":{"fclass":"water"}},
{"type":"Feature","geometry":{"type":"Polygon","coordinates":[[[25.62384,59.04604],[25.62419,59.04586],[25.62593,59.04627],[25.62617,59.04627],[25.62672,59.04651],[25.62751,59.04713],[25.62779,59.04748],[25.62723,59.04751],[25.62717,59.04704],[25.62676,59.04702],[25.62633,59.04665],[25.62555,59.04643],[25.6253,59.0463],[25.62501,59.0465],[25.62456,59.04632],[25.62419,59.04637],[25.62384,59.04604]]]},"properties":{"fclass":"water"}},
{"type":"Feature","geometry":{"type":"Polygon","coordinates":[[[25.6204,59.05111],[25.62115,59.05112],[25.62196,59.05103],[25.62222,59.05079],[25.62291,59.05079],[25.62377,59.05112],[25.62439,59.05128],[25.62428,59.05167],[25.62344,59.05171],[25.62282,59.05152],[25.6225,59.05229],[25.62293,59.05244],[25.62293,59.05269],[25.6237,59.05314],[25.62366,59.05338],[25.62329,59.05371],[25.62274,59.05371],[25.62203,59.05349],[25.62211,59.05332],[25.62162,59.05305],[25.62117,59.05299],[25.62076,59.05318],[25.6204,59.05299],[25.62087,59.0528],[25.62108,59.05248],[25.62155,59.05222],[25.62108,59.05201],[25.62121,59.05154],[25.62059,59.05142],[25.6204,59.05111]],[[25.6216,59.05171],[25.62233,59.05192],[25.62228,59.05171],[25.62192,59.05163],[25.6216,59.05171]]]},"properties":{"fclass":"water"}},
{"type":"Feature","geometry":{"type":"Polygon","coordinates":[[[25.62408,59.04218],[25.62436,59.04198],[25.6253,59.04238],[25.62577,59.04204],[25.626,59.04215],[25.62607,59.04253],[25.6253,59.04266],[25.62556,59.04294],[25.62511,59.04304],[25.62475,59.04286],[25.6243,59.0422],[25.62408,59.04218]]]},"properties":{"fclass":"water"}},
{"type":"Feature","geometry":{"type":"Polygon","coordinates":[[[25.62462,59.04452],[25.625,59.04419],[25.62574,59.04454],[25.62568,59.04421],[25.62583,59.04404],[25.62584,59.04368],[25.62636,59.04377],[25.62637,59.04394],[25.62675,59.04402],[25.6268,59.04426],[25.62651,59.04438],[25.62643,59.04468],[25.6269,59.04493],[25.62697,59.04518],[25.62769,59.04493],[25.62785,59.04457],[25.6276,59.0443],[25.62779,59.04419],[25.62769,59.04393],[25.62731,59.04404],[25.62683,59.04376],[25.62637,59.0437],[25.62632,59.04344],[25.62587,59.04317],[25.62576,59.04287],[25.62617,59.04282],[25.62665,59.04311],[25.62674,59.04348],[25.62701,59.04348],[25.62746,59.04378],[25.62834,59.04383],[25.62817,59.04398],[25.62819,59.04444],[25.62854,59.04459],[25.62785,59.04496],[25.62821,59.04516],[25.628,59.04531],[25.62794,59.04558],[25.62716,59.04576],[25.62646,59.04549],[25.62651,59.04533],[25.62598,59.04504],[25.62556,59.04513],[25.62524,59.04481],[25.62462,59.04452]]]},"properties":{"fclass":"water"}},
{"type":"Feature","geometry":{"type":"Polygon","coordinates":[[[25.20318,59.42247],[25.20354,59.42234],[25.20421,59.42259],[25.20514,59.42269],[25.20559,59.42282],[25.2056,59.42311],[25.20656,59.42321],[25.20727,59.42355],[25.20741,59.42384],[25.20682,59.42376],[25.20609,59.42342],[25.20548,59.42329],[25.20468,59.42295],[25.20395,59.42287],[25.20318,59.42247]]]},"properties":{"fclass":"water"}},
{"type":"Feature","geometry":{"type":"Polygon","coordinates":[[[25.36754,59.30764],[25.36764,59.30759],[25.36847,59.30677],[25.36877,59.30677],[25.3697,59.30634],[25.37002,59.30635],[25.37091,59.30617],[25.37198,59.30569],[25.37229,59.30577],[25.37151,59.30618],[25.3699,59.30665],[25.36923,59.30691],[25.36875,59.30717],[25.36821,59.30769],[25.36803,59.30798],[25.36754,59.30764]]]},"properties":{"fclass":"riverbank"}},
{"type":"Feature","geometry":{"type":"Polygon","coordinates":[[[25.34683,59.31241],[25.34647,59.31225],[25.34537,59.31192],[25.34567,59.31155],[25.34604,59.3114],[25.34708,59.31144],[25.34828,59.31084],[25.34807,59.31053],[25.34887,59.31061],[25.34933,59.31044],[25.34994,59.31034],[25.35175,59.31046],[25.35269,59.31017],[25.35417,59.30932],[25.35483,59.3091],[25.35565,59.30895],[25.35584,59.3088],[25.35595,59.30846],[25.35589,59.30814],[25.35656,59.30774],[25.35687,59.30777],[25.3565,59.30809],[25.35661,59.30834],[25.35642,59.30858],[25.35658,59.30874],[25.35716,59.30868],[25.35827,59.3087],[25.35931,59.30847],[25.36012,59.30812],[25.36045,59.30786],[25.36073,59.30784],[25.36072,59.30751],[25.36116,59.30735],[25.36136,59.30685],[25.36259,59.3068],[25.36385,59.30655],[25.36446,59.30654],[25.36543,59.30666],[25.36676,59.30718],[25.36754,59.30764],[25.36803,59.30798],[25.36803,59.30828],[25.36777,59.3086],[25.3699,59.31006],[25.36984,59.31008],[25.36778,59.3087],[25.3675,59.30863],[25.36687,59.30896],[25.36735,59.30935],[25.36713,59.30939],[25.36659,59.309],[25.36592,59.30913],[25.36534,59.30912],[25.36474,59.309],[25.36411,59.30909],[25.36382,59.3093],[25.36366,59.3101],[25.3633,59.31046],[25.36275,59.31074],[25.36198,59.31086],[25.35904,59.31056],[25.35854,59.31055],[25.35771,59.31074],[25.35681,59.311],[25.3562,59.31105],[25.35593,59.3112],[25.35441,59.31158],[25.35337,59.31168],[25.35176,59.31175],[25.35104,59.31185],[25.34958,59.31235],[25.34887,59.31247],[25.34762,59.31241],[25.34746,59.3125],[25.34683,59.31241]],[[25.36428,59.30783],[25.36459,59.30812],[25.36558,59.30796],[25.36566,59.30773],[25.36434,59.30778],[25.36428,59.30783]],[[25.36556,59.30861],[25.36578,59.30873],[25.36653,59.30847],[25.36702,59.30848],[25.3668,59.30824],[25.36609,59.3083],[25.36556,59.30861]]]},"properties":{"fclass":"water"}},
{"type":"Feature","geometry":{"type":"Polygon","coordinates":[[[25.61241,59.03578],[25.61241,59.03526],[25.61222,59.02899],[25.61216,59.02777],[25.61221,59.02763],[25.6138,59.02563],[25.61536,59.02374],[25.6187,59.01966],[25.61857,59.02009],[25.61753,59.02132],[25.61332,59.02646],[25.61235,59.02772],[25.61258,59.03514],[25.61259,59.03631],[25.61242,59.03632],[25.61241,59.03578]]]},"properties":{"fclass":"riverbank"}},
{"type":"Feature","geometry":{"type":"Polygon","coordinates":[[[25.52602,59.07858],[25.52626,59.0783],[25.52697,59.07833],[25.52732,59.07846],[25.52737,59.07879],[25.52679,59.07892],[25.52671,59.07907],[25.52631,59.07911],[25.52602,59.07858]]]},"properties":{"fclass":"water"}},
{"type":"Feature","geometry":{"type":"Polygon","coordinates":[[[25.7331,59.10977],[25.7332,59.10971],[25.73449,59.1095],[25.73475,59.10962],[25.73525,59.1105],[25.73517,59.11077],[25.73391,59.11097],[25.73369,59.11095],[25.73345,59.11066],[25.7331,59.10977]]]},"properties":{"fclass":"water"}},
{"type":"Feature","geometry":{"type":"Polygon","coordinates":[[[25.47325,59.16014],[25.47327,59.16002],[25.47516,59.15995],[25.48821,59.15972],[25.49285,59.15966],[25.49286,59.15979],[25.48836,59.15985],[25.47515,59.16007],[25.47325,59.16014]]]},"properties":{"fclass":"water"}},
{"type":"Feature","geometry":{"type":"Polygon","coordinates":[[[25.25105,59.28707],[25.25166,59.28704],[25.2517,59.28657],[25.25141,59.28657],[25.2516,59.2862],[25.25142,59.28611],[25.25154,59.28568],[25.25176,59.28559],[25.25238,59.28558],[25.25263,59.28547],[25.25453,59.285],[25.25463,59.28508],[25.25398,59.28524],[25.25262,59.28596],[25.25192,59.28624],[25.25197,59.28665],[25.25177,59.28718],[25.25112,59.28718],[25.25105,59.28707]]]},"properties":{"fclass":"water"}},
{"type":"Feature","geometry":{"type":"Polygon","coordinates":[[[25.32203,59.12333],[25.32272,59.12386],[25.32307,59.12405],[25.32362,59.12454],[25.32414,59.1249],[25.3247,59.1255],[25.32402,59.12545],[25.32379,59.1253],[25.32223,59.12556],[25.32173,59.12551],[25.32144,59.12509],[25.3207,59.12422],[25.32077,59.12401],[25.32123,59.1238],[25.32169,59.12347],[25.32203,59.12333]]]},"properties":{"fclass":"water"}},
{"type":"Feature","geometry":{"type":"Polygon","coordinates":[[[25.36229,59.1051],[25.3625,59.10495],[25.36387,59.10502],[25.36619,59.10539],[25.36782,59.10561],[25.37197,59.10627],[25.37376,59.10703],[25.37708,59.10684],[25.37716,59.1069],[25.37371,59.1071],[25.37199,59.10635],[25.37157,59.10625],[25.3698,59.10599],[25.36687,59.10553],[25.36388,59.1051],[25.36229,59.1051]]]},"properties":{"fclass":"riverbank"}},
{"type":"Feature","geometry":{"type":"Polygon","coordinates":[[[25.88243,59.16829],[25.88289,59.16784],[25.88404,59.16746],[25.88414,59.16717],[25.88397,59.16682],[25.88484,59.16661],[25.885,59.16696],[25.88481,59.16747],[25.88516,59.16774],[25.88626,59.1678],[25.88674,59.16806],[25.88674,59.16833],[25.886,59.16846],[25.88552,59.16863],[25.88518,59.169],[25.88383,59.16877],[25.88243,59.16829]]]},"properties":{"fclass":"water"}},
{"type":"Feature","geometry":{"type":"Polygon","coordinates":[[[25.7648,59.19008],[25.765,59.18984],[25.76573,59.18979],[25.76775,59.1896],[25.76923,59.1896],[25.77066,59.18921],[25.77106,59.18931],[25.77099,59.18948],[25.77015,59.18957],[25.76952,59.19007],[25.76984,59.19033],[25.77113,59.19092],[25.77117,59.19128],[25.7709,59.19141],[25.77034,59.19141],[25.76999,59.19124],[25.76902,59.19062],[25.76932,59.19022],[25.7689,59.19004],[25.76841,59.19035],[25.76774,59.19031],[25.76588,59.19032],[25.76496,59.19025],[25.7648,59.19008]],[[25.76986,59.19071],[25.77008,59.19093],[25.77042,59.19089],[25.77033,59.19068],[25.76986,59.19071]]]},"properties":{"fclass":"water"}},
{"type":"Feature","geometry":{"type":"Polygon","coordinates":[[[25.69216,59.17117],[25.693,59.17073],[25.69357,59.1702],[25.69367,59.17001],[25.69408,59.1698],[25.69453,59.16994],[25.6953,59.17007],[25.6964,59.17019],[25.69658,59.17041],[25.696,59.1709],[25.69529,59.17076],[25.69533,59.17051],[25.69393,59.17024],[25.6938,59.1705],[25.69343,59.1707],[25.69335,59.17092],[25.69289,59.17125],[25.6925,59.17132],[25.69216,59.17117]]]},"properties":{"fclass":"water"}},
{"type":"Feature","geometry":{"type":"Polygon","coordinates":[[[25.59328,59.14618],[25.59349,59.14606],[25.59445,59.1461],[25.59531,59.14607],[25.59557,59.14616],[25.59603,59.14613],[25.59701,59.14623],[25.59671,59.1465],[25.59621,59.14642],[25.5954,59.14649],[25.59456,59.14651],[25.59345,59.14639],[25.59328,59.14618]]]},"properties":{"fclass":"water"}},
{"type":"Feature","geometry":{"type":"Polygon","coordinates":[[[25.69663,59.02631],[25.69701,59.02614],[25.69774,59.0261],[25.69827,59.02631],[25.69834,59.0266],[25.69938,59.02737],[25.70012,59.02711],[25.70022,59.02719],[25.6996,59.02753],[25.69993,59.02784],[25.70044,59.02774],[25.70031,59.02804],[25.70052,59.02877],[25.70043,59.02892],[25.70071,59.02929],[25.70101,59.02938],[25.70121,59.02972],[25.70153,59.02988],[25.7016,59.03019],[25.70112,59.03031],[25.70007,59.02955],[25.70016,59.02908],[25.70002,59.02866],[25.70017,59.02817],[25.69969,59.02775],[25.69939,59.02776],[25.69846,59.02706],[25.69801,59.02681],[25.69782,59.02647],[25.69742,59.02637],[25.69717,59.02644],[25.69663,59.02631]]]},"properties":{"fclass":"water"}},
{"type":"Feature","geometry":{"type":"Polygon","coordinates":[[[25.69926,59.02345],[25.69941,59.02324],[25.70018,59.02286],[25.70154,59.02248],[25.70266,59.02254],[25.70306,59.0225],[25.70403,59.02225],[25.70457,59.02273],[25.70437,59.02295],[25.70402,59.02266],[25.70351,59.02286],[25.70358,59.0233],[25.70405,59.02352],[25.70416,59.02404],[25.70353,59.02369],[25.70247,59.02324],[25.70151,59.02328],[25.70119,59.02357],[25.70216,59.0242],[25.70133,59.02489],[25.70115,59.02461],[25.70144,59.02429],[25.70126,59.02422],[25.70096,59.02385],[25.70041,59.02363],[25.69972,59.02369],[25.69926,59.02345]]]},"properties":{"fclass":"water"}},
{"type":"Feature","geometry":{"type":"Polygon","coordinates":[[[25.69326,59.01979],[25.69348,59.01967],[25.69452,59.01953],[25.69429,59.01979],[25.69445,59.02027],[25.69468,59.02033],[25.69603,59.02005],[25.69701,59.01994],[25.69782,59.02002],[25.69789,59.02045],[25.6976,59.02052],[25.6939,59.02091],[25.6936,59.02085],[25.69342,59.02044],[25.69326,59.01979]]]},"properties":{"fclass":"reservoir"}},
{"type":"Feature","geometry":{"type":"Polygon","coordinates":[[[25.69891,59.02079],[25.69971,59.02063],[25.70173,59.02215],[25.70039,59.02269],[25.70018,59.02263],[25.69935,59.02201],[25.69906,59.02165],[25.69891,59.02079]]]},"properties":{"fclass":"reservoir"}},
{"type":"Feature","geometry":{"type":"Polygon","coordinates":[[[25.22043,59.01661],[25.22059,59.01644],[25.22118,59.01646],[25.22202,59.0162],[25.22268,59.01585],[25.2228,59.01562],[25.22269,59.01529],[25.22346,59.01537],[25.22448,59.01563],[25.22463,59.01576],[25.22518,59.01582],[25.2253,59.01597],[25.22601,59.01616],[25.2265,59.01647],[25.22699,59.01653],[25.22737,59.01675],[25.22784,59.01721],[25.22784,59.01774],[25.22762,59.01788],[25.22744,59.01834],[25.22754,59.01862],[25.22723,59.01905],[25.22585,59.01906],[25.22525,59.01885],[25.22497,59.01848],[25.22463,59.01833],[25.22442,59.01797],[25.22391,59.01813],[25.22389,59.01777],[25.22319,59.01746],[25.22283,59.01757],[25.22309,59.0179],[25.22315,59.01816],[25.22353,59.01835],[25.2235,59.01862],[25.22296,59.01868],[25.22223,59.01816],[25.2219,59.01813],[25.22183,59.01786],[25.22142,59.0175],[25.22136,59.01731],[25.22067,59.017],[25.22043,59.01661]]]},"properties":{"fclass":"water"}},
{"type":"Feature","geometry":{"type":"Polygon","coordinates":[[[25.91721,59.25101],[25.91775,59.25084],[25.91856,59.25097],[25.91885,59.25071],[25.91997,59.25094],[25.92033,59.2511],[25.92008,59.25143],[25.9174,59.25112],[25.91721,59.25101]]]},"properties":{"fclass":"water"}},
{"type":"Feature","geometry":{"type":"Polygon","coordinates":[[[26.19175,59.0206],[26.19147,59.02076],[26.19108,59.02075],[26.19045,59.02044],[26.19037,59.02022],[26.19081,59.01995],[26.19121,59.01954],[26.19167,59.01931],[26.1925,59.01921],[26.19287,59.01961],[26.19266,59.01965],[26.19218,59.01961],[26.19234,59.01996],[26.19242,59.02004],[26.19195,59.02005],[26.19162,59.02035],[26.19194,59.02049],[26.19175,59.0206]]]},"properties":{"fclass":"reservoir"}},
{"type":"Feature","geometry":{"type":"Polygon","coordinates":[[[26.20341,59.01048],[26.20187,59.01016],[26.201,59.01004],[26.20132,59.00961],[26.20182,59.00942],[26.20289,59.00915],[26.20347,59.00851],[26.20374,59.00837],[26.20446,59.0082],[26.20471,59.00801],[26.20524,59.00802],[26.20531,59.00759],[26.2049,59.00736],[26.20516,59.00728],[26.20591,59.00741],[26.20618,59.00721],[26.20631,59.00688],[26.20656,59.00668],[26.20739,59.00643],[26.20748,59.00646],[26.20916,59.00714],[26.21007,59.00755],[26.21,59.0078],[26.20964,59.00823],[26.20858,59.00851],[26.20855,59.00824],[26.20835,59.00801],[26.20803,59.00816],[26.20788,59.00919],[26.20798,59.00977],[26.2076,59.01008],[26.20713,59.01027],[26.20578,59.0104],[26.20498,59.01022],[26.20426,59.01031],[26.20383,59.0105],[26.20341,59.01048]],[[26.20137,59.00988],[26.2021,59.01001],[26.20277,59.00985],[26.20317,59.0095],[26.20298,59.00922],[26.20195,59.00949],[26.20137,59.00988]],[[26.20303,59.01015],[26.20333,59.01027],[26.20374,59.01027],[26.20429,59.01011],[26.20404,59.00987],[26.20359,59.00981],[26.20312,59.00991],[26.20303,59.01015]],[[26.20564,59.0082],[26.20589,59.0084],[26.20642,59.00801],[26.20605,59.00788],[26.20564,59.0082]]]},"properties":{"fclass":"water"}},
{"type":"Feature","geometry":{"type":"Polygon","coordinates":[[[26.32,58.99212],[26.32001,58.9919],[26.32083,58.99187],[26.32109,58.99178],[26.32112,58.99133],[26.3214,58.99113],[26.32168,58.99115],[26.3216,58.99142],[26.32205,58.99146],[26.32233,58.99184],[26.32183,58.99212],[26.32101,58.99225],[26.32069,58.99214],[26.32,58.99212]]]},"properties":{"fclass":"water"}},
{"type":"Feature","geometry":{"type":"Polygon","coordinates":[[[26.27081,59.02259],[26.27107,59.02251],[26.27093,59.02228],[26.27113,59.02203],[26.27189,59.02175],[26.27355,59.02165],[26.27377,59.02183],[26.27448,59.02183],[26.27534,59.02219],[26.27583,59.02264],[26.27556,59.02305],[26.27538,59.02307],[26.27449,59.02256],[26.27415,59.02279],[26.27438,59.02293],[26.27432,59.0234],[26.2739,59.02323],[26.27271,59.02292],[26.27241,59.02261],[26.27146,59.02274],[26.27234,59.02326],[26.27365,59.0238],[26.27398,59.0241],[26.27387,59.02442],[26.27349,59.02445],[26.27323,59.02491],[26.27286,59.02492],[26.27301,59.0246],[26.27378,59.02417],[26.2734,59.02412],[26.27343,59.02384],[26.272,59.02321],[26.27138,59.02286],[26.27108,59.02258],[26.27081,59.02259]]]},"properties":{"fclass":"water"}},
{"type":"Feature","geometry":{"type":"Polygon","coordinates":[[[26.26232,59.02044],[26.26244,59.02022],[26.26354,59.02001],[26.26389,59.02018],[26.26443,59.02059],[26.26419,59.02078],[26.26377,59.02077],[26.2632,59.0204],[26.26301,59.02042],[26.26256,59.02077],[26.26232,59.02044]]]},"properties":{"fclass":"water"}},
{"type":"Feature","geometry":{"type":"Polygon","coordinates":[[[26.27335,59.02014],[26.27352,59.0199],[26.27446,59.02016],[26.27522,59.0203],[26.27568,59.02061],[26.27563,59.02075],[26.27465,59.02106],[26.2743,59.02069],[26.27449,59.02038],[26.27404,59.02037],[26.27335,59.02014]]]},"properties":{"fclass":"water"}},
{"type":"Feature","geometry":{"type":"Polygon","coordinates":[[[26.27123,59.02522],[26.27231,59.02493],[26.27304,59.02533],[26.27377,59.02553],[26.27353,59.02576],[26.27368,59.02588],[26.273,59.02607],[26.27256,59.02596],[26.27249,59.02567],[26.27212,59.02533],[26.27178,59.02536],[26.27123,59.02522]]]},"properties":{"fclass":"water"}},
{"type":"Feature","geometry":{"type":"Polygon","coordinates":[[[26.31737,58.99219],[26.31822,58.99228],[26.32001,58.99083],[26.32013,58.99042],[26.32058,58.98995],[26.32038,58.98945],[26.32077,58.98942],[26.32102,58.98915],[26.32152,58.9893],[26.32146,58.98946],[26.32189,58.98955],[26.3216,58.98973],[26.32102,58.99039],[26.32066,58.99064],[26.32023,58.99075],[26.31928,58.99158],[26.31892,58.99207],[26.3193,58.99249],[26.31888,58.99261],[26.31842,58.99229],[26.31782,58.99279],[26.31766,58.99274],[26.31813,58.99236],[26.31737,58.99219]]]},"properties":{"fclass":"water"}},
{"type":"Feature","geometry":{"type":"Polygon","coordinates":[[[26.31292,58.99553],[26.31306,58.99527],[26.31373,58.99486],[26.3142,58.9947],[26.31532,58.99465],[26.31566,58.99452],[26.31594,58.99424],[26.31642,58.99394],[26.31665,58.9936],[26.31649,58.99335],[26.31662,58.99305],[26.31746,58.993],[26.31797,58.99314],[26.31792,58.99345],[26.31775,58.99356],[26.31692,58.99357],[26.31669,58.99388],[26.31716,58.99419],[26.31712,58.99455],[26.31672,58.99476],[26.31618,58.99474],[26.31586,58.99457],[26.31548,58.99483],[26.31551,58.99505],[26.3147,58.99569],[26.31421,58.99595],[26.31418,58.99617],[26.31451,58.99639],[26.31459,58.99663],[26.3137,58.99718],[26.31321,58.99706],[26.31293,58.99668],[26.3132,58.99637],[26.31399,58.99607],[26.31386,58.99589],[26.31324,58.99581],[26.31292,58.99553]]]},"properties":{"fclass":"water"}},
{"type":"Feature","geometry":{"type":"Polygon","coordinates":[[[25.85668,59.44259],[25.85689,59.44207],[25.85911,59.44221],[25.85948,59.44228],[25.8594,59.44257],[25.85694,59.4427],[25.85668,59.44259]]]},"properties":{"fclass":"water"}},
{"type":"Feature","geometry":{"type":"Polygon","coordinates":[[[26.40159,59.03604],[26.40164,59.03577],[26.40189,59.03557],[26.40173,59.03528],[26.40168,59.03458],[26.40232,59.03397],[26.40264,59.0338],[26.40311,59.03381],[26.4042,59.03427],[26.4043,59.03451],[26.40421,59.03484],[26.40393,59.03511],[26.40287,59.03586],[26.40269,59.03605],[26.40269,59.0365],[26.40253,59.03709],[26.40229,59.03771],[26.40264,59.03849],[26.40284,59.03932],[26.40266,59.03943],[26.4023,59.04011],[26.402,59.03994],[26.40248,59.0395],[26.40228,59.03923],[26.40212,59.03865],[26.40224,59.03848],[26.40192,59.03786],[26.40195,59.03745],[26.40213,59.03691],[26.40214,59.03659],[26.40178,59.03638],[26.40159,59.03604]]]},"properties":{"fclass":"reservoir"}},
{"type":"Feature","geometry":{"type":"Polygon","coordinates":[[[25.90379,59.2601],[25.9046,59.25904],[25.90467,59.25883],[25.90512,59.25881],[25.90488,59.25954],[25.9046,59.25993],[25.90424,59.26019],[25.90379,59.2601]]]},"properties":{"fclass":"water"}},
{"type":"Feature","geometry":{"type":"Polygon","coordinates":[[[25.99688,59.27151],[25.99705,59.27136],[25.99794,59.27082],[25.99822,59.27079],[25.99887,59.27093],[25.99896,59.27117],[25.99776,59.27181],[25.99688,59.27151]]]},"properties":{"fclass":"water"}},
{"type":"Feature","geometry":{"type":"Polygon","coordinates":[[[25.99535,59.27123],[25.99646,59.27039],[25.99666,59.27038],[25.99734,59.27062],[25.99665,59.2711],[25.99596,59.27147],[25.99535,59.27123]]]},"properties":{"fclass":"water"}},
{"type":"Feature","geometry":{"type":"Polygon","coordinates":[[[25.99945,59.27053],[26.00014,59.27039],[26.00053,59.27071],[26.00196,59.2707],[26.0023,59.27115],[26.00193,59.27132],[26.00085,59.27083],[26.00011,59.27082],[25.99951,59.27066],[25.99945,59.27053]]]},"properties":{"fclass":"water"}},
{"type":"Feature","geometry":{"type":"Polygon","coordinates":[[[26.02065,59.25462],[26.02093,59.25432],[26.02198,59.2543],[26.02298,59.2544],[26.02481,59.25432],[26.02669,59.25396],[26.02738,59.25406],[26.02779,59.2542],[26.02832,59.25422],[26.02886,59.2545],[26.02962,59.25451],[26.03038,59.25428],[26.03071,59.25441],[26.03174,59.25434],[26.03177,59.25454],[26.03117,59.25453],[26.03099,59.25473],[26.03019,59.25438],[26.02971,59.25458],[26.02891,59.25461],[26.02865,59.25483],[26.02761,59.25459],[26.02701,59.2546],[26.02646,59.25448],[26.02573,59.2546],[26.02431,59.25463],[26.02255,59.25486],[26.02104,59.25478],[26.02068,59.25465],[26.02065,59.25462]]]},"properties":{"fclass":"water"}},
{"type":"Feature","geometry":{"type":"Polygon","coordinates":[[[25.8122,59.27728],[25.81535,59.27709],[25.81744,59.27721],[25.81937,59.27728],[25.82291,59.27778],[25.82479,59.27916],[25.82689,59.27997],[25.82678,59.28004],[25.82447,59.27914],[25.82402,59.27876],[25.82278,59.27786],[25.81935,59.27737],[25.8174,59.2773],[25.81531,59.27719],[25.81233,59.27736],[25.81224,59.27739],[25.8122,59.27728]]]},"properties":{"fclass":"water"}},
{"type":"Feature","geometry":{"type":"Polygon","coordinates":[[[25.51428,59.39228],[25.51441,59.39216],[25.51419,59.39182],[25.51428,59.39143],[25.51478,59.39115],[25.51509,59.39077],[25.51484,59.39023],[25.51487,59.38971],[25.51434,59.38949],[25.51412,59.38896],[25.51367,59.38849],[25.51319,59.38775],[25.51259,59.38724],[25.51228,59.3872],[25.51036,59.38646],[25.50993,59.38619],[25.50844,59.38548],[25.50656,59.38493],[25.50433,59.38459],[25.50391,59.38461],[25.50333,59.38451],[25.50294,59.38457],[25.50213,59.38444],[25.50121,59.38415],[25.49961,59.38459],[25.49885,59.38474],[25.49719,59.38494],[25.49624,59.38525],[25.49552,59.38532],[25.49473,59.38548],[25.49435,59.38564],[25.49346,59.38579],[25.49255,59.38611],[25.49103,59.3865],[25.49093,59.38659],[25.49018,59.38678],[25.4889,59.38725],[25.48797,59.38738],[25.48715,59.38759],[25.48626,59.38795],[25.48579,59.38797],[25.48503,59.3879],[25.48467,59.38812],[25.48412,59.38795],[25.48383,59.38796],[25.48349,59.38824],[25.48309,59.38809],[25.48244,59.38807],[25.48117,59.38791],[25.47969,59.38768],[25.4795,59.38769],[25.47794,59.3875],[25.47744,59.38754],[25.47691,59.38782],[25.47602,59.38767],[25.47497,59.38774],[25.47339,59.38749],[25.47193,59.38721],[25.47091,59.38694],[25.46983,59.38675],[25.46915,59.38657],[25.46857,59.38653],[25.46829,59.38629],[25.46848,59.38592],[25.47036,59.38499],[25.47071,59.3849],[25.47141,59.38497],[25.47232,59.38547],[25.47285,59.38561],[25.47506,59.38565],[25.47509,59.3858],[25.47574,59.38593],[25.47606,59.38618],[25.4773,59.3862],[25.47889,59.3863],[25.47976,59.3862],[25.48081,59.38591],[25.48178,59.38591],[25.48324,59.38575],[25.48428,59.38578],[25.48656,59.38597],[25.48701,59.38597],[25.48745,59.38585],[25.48823,59.38578],[25.48887,59.38542],[25.48917,59.38434],[25.48985,59.38372],[25.48976,59.38335],[25.49027,59.38299],[25.49116,59.383],[25.49154,59.38284],[25.49239,59.38272],[25.49267,59.38241],[25.49329,59.38223],[25.49406,59.38218],[25.49507,59.38195],[25.49611,59.38197],[25.49675,59.38167],[25.49758,59.3815],[25.49874,59.38096],[25.49916,59.38083],[25.50067,59.3805],[25.5015,59.38038],[25.5022,59.38037],[25.503,59.38025],[25.50383,59.38023],[25.50498,59.37999],[25.50537,59.37997],[25.5064,59.38003],[25.50706,59.38011],[25.50786,59.37993],[25.50955,59.37932],[25.51047,59.37909],[25.51156,59.379],[25.51286,59.37859],[25.51416,59.37812],[25.51449,59.37797],[25.51522,59.37782],[25.51597,59.37753],[25.51718,59.37716],[25.51744,59.377],[25.51884,59.37675],[25.5199,59.37631],[25.5207,59.37609],[25.52149,59.37582],[25.52202,59.37583],[25.52286,59.37557],[25.52313,59.37581],[25.52297,59.37602],[25.52176,59.37638],[25.52013,59.37744],[25.51911,59.37776],[25.51887,59.37808],[25.51897,59.37858],[25.51891,59.37875],[25.51846,59.3792],[25.51906,59.37956],[25.5194,59.37991],[25.5193,59.38054],[25.51892,59.3811],[25.51897,59.38179],[25.51918,59.38201],[25.51973,59.38209],[25.52016,59.38233],[25.52092,59.38285],[25.52117,59.38291],[25.52202,59.38336],[25.52227,59.38357],[25.52323,59.38399],[25.52393,59.38419],[25.52448,59.38477],[25.52457,59.38499],[25.52499,59.38536],[25.52498,59.38552],[25.52528,59.38577],[25.52525,59.38653],[25.52562,59.38674],[25.52613,59.38733],[25.52657,59.38753],[25.52675,59.38813],[25.5279,59.3885],[25.52815,59.38849],[25.52891,59.38867],[25.52962,59.38868],[25.5305,59.38891],[25.53158,59.38905],[25.53206,59.38933],[25.53241,59.38969],[25.53304,59.38972],[25.53382,59.38927],[25.53432,59.38918],[25.53498,59.38937],[25.53563,59.38987],[25.53605,59.39032],[25.53631,59.39041],[25.53782,59.39025],[25.53831,59.38991],[25.53913,59.38971],[25.53936,59.38953],[25.53987,59.38953],[25.54072,59.38986],[25.54115,59.38995],[25.54216,59.38994],[25.54258,59.38985],[25.54326,59.38955],[25.54402,59.38949],[25.54507,59.38978],[25.54546,59.39016],[25.546,59.39043],[25.54685,59.39043],[25.5477,59.39057],[25.5483,59.39076],[25.5484,59.39055],[25.54897,59.39027],[25.54995,59.39039],[25.55027,59.39024],[25.55148,59.39012],[25.5518,59.39014],[25.55236,59.39042],[25.55353,59.39022],[25.55484,59.39047],[25.55501,59.39055],[25.55518,59.39112],[25.55617,59.39122],[25.55887,59.39135],[25.55875,59.3918],[25.55723,59.39165],[25.55649,59.39164],[25.55561,59.39149],[25.55522,59.39171],[25.55531,59.39222],[25.55565,59.39252],[25.55727,59.39319],[25.55745,59.39342],[25.55821,59.39391],[25.55913,59.39397],[25.56015,59.39376],[25.56116,59.39317],[25.56183,59.39333],[25.56327,59.39312],[25.56366,59.39322],[25.56388,59.39342],[25.56461,59.39372],[25.56479,59.39402],[25.56545,59.39403],[25.5661,59.39391],[25.56597,59.39415],[25.56613,59.39439],[25.56664,59.39453],[25.56688,59.39485],[25.56724,59.39494],[25.5667,59.39553],[25.56715,59.39599],[25.5679,59.39588],[25.56854,59.39606],[25.56958,59.39613],[25.57031,59.39628],[25.57119,59.39613],[25.57194,59.39566],[25.57225,59.39567],[25.5732,59.39592],[25.57361,59.39641],[25.57428,59.39624],[25.57475,59.39624],[25.57575,59.39651],[25.57614,59.39643],[25.57685,59.39663],[25.57715,59.3968],[25.57791,59.39681],[25.57856,59.39697],[25.57869,59.39729],[25.57916,59.39743],[25.57977,59.39716],[25.58039,59.39715],[25.58125,59.39739],[25.58246,59.39716],[25.58295,59.39712],[25.58357,59.39693],[25.58484,59.397],[25.58584,59.39694],[25.58629,59.39701],[25.5872,59.39705],[25.58791,59.39631],[25.58809,59.39606],[25.58889,59.39583],[25.58896,59.39571],[25.5895,59.39542],[25.59003,59.3954],[25.59111,59.39522],[25.59134,59.39504],[25.59212,59.3951],[25.59297,59.39503],[25.59335,59.39519],[25.59329,59.39531],[25.59376,59.39558],[25.59443,59.3957],[25.59445,59.3959],[25.59483,59.39591],[25.59516,59.39594],[25.59552,59.39594],[25.59566,59.3965],[25.59528,59.39671],[25.59539,59.3969],[25.59461,59.39695],[25.59419,59.39691],[25.59362,59.39674],[25.59337,59.39682],[25.59181,59.39682],[25.59116,59.39698],[25.59112,59.39675],[25.59016,59.39688],[25.58948,59.39746],[25.58957,59.39766],[25.58922,59.39775],[25.58889,59.39808],[25.58851,59.39792],[25.58818,59.39814],[25.58743,59.39819],[25.58682,59.39829],[25.58585,59.39809],[25.58551,59.39816],[25.58475,59.39812],[25.58455,59.39819],[25.58382,59.39806],[25.58267,59.39829],[25.58234,59.39824],[25.58194,59.39839],[25.58134,59.39827],[25.58047,59.39823],[25.57993,59.39838],[25.57957,59.39835],[25.57875,59.39857],[25.57819,59.39824],[25.57731,59.39822],[25.57712,59.39807],[25.57656,59.39809],[25.57649,59.39796],[25.57597,59.39789],[25.57559,59.39771],[25.57516,59.39764],[25.57463,59.39773],[25.57411,59.39765],[25.57287,59.39757],[25.5722,59.39739],[25.57179,59.39739],[25.5704,59.39712],[25.57003,59.3972],[25.56967,59.39745],[25.56924,59.39728],[25.56868,59.39739],[25.56785,59.39723],[25.56654,59.39714],[25.56647,59.39696],[25.56612,59.39678],[25.56479,59.39646],[25.56436,59.3964],[25.56418,59.39584],[25.56348,59.39573],[25.56225,59.39532],[25.56142,59.39512],[25.56094,59.39507],[25.5608,59.39523],[25.56014,59.39549],[25.55948,59.39546],[25.55931,59.39531],[25.55873,59.39521],[25.55828,59.39526],[25.55795,59.39542],[25.55743,59.39544],[25.55702,59.39534],[25.55628,59.39488],[25.55606,59.39487],[25.55587,59.3945],[25.55539,59.39424],[25.5555,59.39395],[25.55527,59.39384],[25.55469,59.3938],[25.554,59.39383],[25.55369,59.39369],[25.55361,59.3933],[25.55324,59.39304],[25.55255,59.39295],[25.55148,59.3926],[25.55058,59.39241],[25.5501,59.39221],[25.54956,59.3921],[25.54888,59.39204],[25.54815,59.39186],[25.54735,59.39195],[25.54637,59.39201],[25.54522,59.39187],[25.54463,59.39162],[25.54327,59.39142],[25.54189,59.3914],[25.5412,59.39147],[25.54031,59.3914],[25.54005,59.39123],[25.53964,59.39131],[25.53951,59.3915],[25.53819,59.39178],[25.53758,59.39181],[25.53649,59.39171],[25.53639,59.39183],[25.53565,59.39188],[25.53423,59.39181],[25.53284,59.39206],[25.53257,59.39193],[25.53193,59.3922],[25.53138,59.39223],[25.53042,59.39237],[25.52909,59.39245],[25.52744,59.39249],[25.52687,59.39257],[25.52595,59.39253],[25.52501,59.39234],[25.52415,59.39229],[25.52336,59.39193],[25.52241,59.39183],[25.52228,59.3917],[25.52163,59.3916],[25.51993,59.39096],[25.51923,59.3906],[25.5169,59.38995],[25.51675,59.39001],[25.51718,59.39044],[25.51712,59.3907],[25.51791,59.39103],[25.51818,59.391],[25.51915,59.39133],[25.51964,59.39139],[25.51976,59.39154],[25.52027,59.39175],[25.52062,59.39179],[25.52108,59.39213],[25.52019,59.39227],[25.51938,59.3918],[25.51875,59.39164],[25.51842,59.39138],[25.51797,59.39131],[25.51756,59.39148],[25.51683,59.39144],[25.51627,59.39123],[25.51569,59.39168],[25.51594,59.39224],[25.51637,59.39245],[25.51598,59.39295],[25.51615,59.39337],[25.51733,59.3937],[25.51793,59.39401],[25.51837,59.39407],[25.51859,59.39438],[25.519,59.39454],[25.51975,59.39464],[25.51949,59.39482],[25.51859,59.39487],[25.51762,59.39471],[25.51756,59.39456],[25.51645,59.39444],[25.51636,59.39416],[25.51577,59.39382],[25.51528,59.39369],[25.51438,59.39414],[25.51379,59.39415],[25.51329,59.39441],[25.5129,59.39431],[25.51302,59.39397],[25.51335,59.39378],[25.51419,59.39375],[25.51461,59.39366],[25.51458,59.39327],[25.51382,59.39292],[25.51396,59.39265],[25.51448,59.3928],[25.51487,59.39263],[25.51428,59.39228]],[[25.51486,59.38095],[25.51533,59.38115],[25.51594,59.38082],[25.51615,59.38057],[25.51619,59.38026],[25.51646,59.37984],[25.51645,59.37927],[25.51699,59.37845],[25.51749,59.37813],[25.51702,59.37804],[25.51639,59.37833],[25.5162,59.37863],[25.51561,59.37894],[25.51532,59.37927],[25.51564,59.37961],[25.5154,59.38035],[25.51486,59.38095]],[[25.51656,59.38229],[25.51658,59.38255],[25.51727,59.38379],[25.51734,59.38405],[25.5173,59.38467],[25.51765,59.38537],[25.51805,59.38556],[25.51928,59.38584],[25.52018,59.38629],[25.52072,59.3865],[25.52109,59.38682],[25.52197,59.38718],[25.52264,59.38732],[25.52305,59.3875],[25.52354,59.38756],[25.52467,59.38782],[25.52515,59.38775],[25.52512,59.38745],[25.52415,59.38704],[25.52325,59.38686],[25.52316,59.38654],[25.5226,59.38602],[25.5222,59.38582],[25.52181,59.38547],[25.52159,59.38503],[25.52071,59.38475],[25.51995,59.3847],[25.51889,59.38413],[25.5183,59.38367],[25.51855,59.38305],[25.51791,59.38266],[25.5177,59.38242],[25.51768,59.38195],[25.51714,59.38187],[25.51678,59.38203],[25.51656,59.38229]],[[25.59381,59.39569],[25.59385,59.39588],[25.59447,59.3964],[25.59445,59.39602],[25.5942,59.39572],[25.59381,59.39569]]]},"properties":{"fclass":"water"}},
{"type":"Feature","geometry":{"type":"MultiPolygon","coordinates":[[[[25.59483,59.39591],[25.59522,59.39569],[25.5961,59.39565],[25.5966,59.39591],[25.59726,59.39597],[25.5975,59.39619],[25.59692,59.39631],[25.59713,59.39655],[25.59774,59.39651],[25.59836,59.39628],[25.59867,59.39586],[25.59857,59.39562],[25.59925,59.39553],[25.59954,59.39561],[25.59947,59.39612],[25.59993,59.39603],[25.60078,59.39544],[25.60135,59.39554],[25.6018,59.39587],[25.60203,59.39559],[25.60289,59.39545],[25.60341,59.39556],[25.6038,59.3953],[25.60408,59.39528],[25.60502,59.39573],[25.60548,59.39584],[25.60574,59.39557],[25.60664,59.39537],[25.60693,59.39541],[25.60698,59.39576],[25.60794,59.39544],[25.60866,59.39528],[25.60929,59.39544],[25.61028,59.39553],[25.6104,59.39578],[25.61084,59.39561],[25.61151,59.39555],[25.61212,59.39561],[25.61276,59.3958],[25.61327,59.39614],[25.61354,59.39602],[25.614,59.39601],[25.61421,59.39574],[25.61391,59.39549],[25.61418,59.39525],[25.6147,59.39551],[25.61543,59.3954],[25.61608,59.3955],[25.61585,59.39576],[25.61537,59.39585],[25.61533,59.39603],[25.61587,59.39615],[25.61582,59.3964],[25.61643,59.39638],[25.61675,59.3961],[25.61728,59.3958],[25.61772,59.39564],[25.61864,59.39557],[25.61937,59.39571],[25.61849,59.39606],[25.61842,59.39617],[25.61928,59.39643],[25.62039,59.39599],[25.62152,59.39635],[25.62174,59.3965],[25.62125,59.39662],[25.6214,59.39706],[25.62163,59.39736],[25.62204,59.39716],[25.62248,59.39728],[25.62243,59.39782],[25.62271,59.3982],[25.62363,59.39851],[25.62429,59.39854],[25.62452,59.39845],[25.62474,59.39809],[25.62503,59.39797],[25.62578,59.39789],[25.62636,59.39794],[25.62723,59.39768],[25.6274,59.39752],[25.62799,59.39728],[25.6287,59.39713],[25.62985,59.39713],[25.63038,59.39718],[25.63054,59.39734],[25.63025,59.39771],[25.63097,59.39801],[25.63124,59.39779],[25.63211,59.39781],[25.63256,59.39802],[25.6329,59.39797],[25.63318,59.39819],[25.63345,59.39817],[25.63389,59.39775],[25.63434,59.39757],[25.63512,59.39754],[25.63555,59.3978],[25.63601,59.3975],[25.63667,59.39728],[25.63706,59.39727],[25.63766,59.39742],[25.63808,59.39738],[25.63855,59.39764],[25.63908,59.39742],[25.63907,59.39718],[25.63927,59.39699],[25.64022,59.39706],[25.64059,59.39688],[25.64015,59.39679],[25.63999,59.39652],[25.64032,59.39641],[25.64069,59.39654],[25.64103,59.3962],[25.64171,59.39631],[25.64189,59.39621],[25.64268,59.39609],[25.64306,59.39629],[25.64354,59.39636],[25.64383,59.39687],[25.64419,59.39697],[25.64467,59.39691],[25.64572,59.39708],[25.64571,59.39749],[25.64635,59.39734],[25.6472,59.39729],[25.64715,59.39688],[25.64753,59.3967],[25.64802,59.3968],[25.64827,59.39653],[25.64869,59.3963],[25.64919,59.39626],[25.6495,59.39609],[25.65018,59.39593],[25.65101,59.39599],[25.65148,59.39581],[25.65208,59.39593],[25.65217,59.39629],[25.65285,59.39594],[25.65334,59.39612],[25.65318,59.39638],[25.65342,59.3965],[25.65416,59.3963],[25.65524,59.39623],[25.65614,59.39624],[25.65686,59.39645],[25.6567,59.39684],[25.65716,59.39708],[25.65755,59.39706],[25.65796,59.39719],[25.658,59.39745],[25.65862,59.39768],[25.65884,59.39765],[25.65917,59.39729],[25.6596,59.39713],[25.66021,59.39707],[25.66049,59.39664],[25.66056,59.39622],[25.6611,59.39572],[25.66156,59.39583],[25.66174,59.39573],[25.66134,59.39546],[25.66131,59.3953],[25.66162,59.39503],[25.66142,59.39482],[25.66158,59.39464],[25.66213,59.39442],[25.66287,59.39429],[25.66297,59.39411],[25.66397,59.39413],[25.6645,59.39386],[25.66519,59.39362],[25.66558,59.39368],[25.66589,59.39359],[25.6658,59.3934],[25.66629,59.39318],[25.66716,59.3932],[25.66754,59.39327],[25.66776,59.39315],[25.66822,59.39317],[25.66837,59.3933],[25.66814,59.39361],[25.66966,59.39349],[25.67031,59.39334],[25.67031,59.39308],[25.67002,59.39286],[25.6703,59.39254],[25.6711,59.39253],[25.67132,59.39244],[25.67138,59.3921],[25.672,59.39217],[25.67215,59.39182],[25.67289,59.39148],[25.67365,59.39148],[25.67427,59.39158],[25.67447,59.39125],[25.67525,59.39093],[25.67565,59.39096],[25.67643,59.3909],[25.67706,59.39063],[25.67846,59.39087],[25.67905,59.39045],[25.68026,59.39008],[25.68062,59.38988],[25.68071,59.38965],[25.68174,59.38953],[25.68202,59.38956],[25.68233,59.38911],[25.68227,59.38886],[25.68251,59.38835],[25.68329,59.38823],[25.68315,59.38792],[25.68316,59.3875],[25.68362,59.38734],[25.68397,59.38707],[25.68451,59.38698],[25.68463,59.38716],[25.68581,59.38696],[25.68632,59.38703],[25.6867,59.38695],[25.68711,59.38641],[25.68752,59.38654],[25.6879,59.38638],[25.68779,59.38589],[25.68866,59.38588],[25.68927,59.38602],[25.68922,59.38569],[25.68941,59.38562],[25.69042,59.38558],[25.69093,59.38528],[25.69088,59.38504],[25.6913,59.38496],[25.69133,59.38481],[25.69033,59.38465],[25.69017,59.38444],[25.69076,59.38409],[25.69125,59.38405],[25.69142,59.38389],[25.69119,59.38365],[25.69142,59.38335],[25.69189,59.38306],[25.69138,59.38295],[25.69139,59.3828],[25.69193,59.38258],[25.69264,59.38215],[25.69344,59.38179],[25.69421,59.38168],[25.69434,59.38188],[25.69471,59.38207],[25.69544,59.3817],[25.69578,59.38193],[25.69551,59.38227],[25.69605,59.38242],[25.6965,59.38233],[25.69671,59.38206],[25.69714,59.38203],[25.69779,59.38217],[25.69833,59.38195],[25.69896,59.38185],[25.69963,59.38196],[25.69995,59.38144],[25.70017,59.38095],[25.70064,59.38074],[25.7002,59.38053],[25.70021,59.37996],[25.70048,59.37967],[25.70017,59.37956],[25.69998,59.3792],[25.70047,59.37874],[25.69968,59.37842],[25.6995,59.37824],[25.69909,59.3781],[25.69915,59.37775],[25.69947,59.37775],[25.69965,59.37739],[25.69921,59.37699],[25.6991,59.37667],[25.69885,59.37643],[25.69915,59.37618],[25.69974,59.37616],[25.69994,59.37606],[25.6999,59.37566],[25.69925,59.37562],[25.69907,59.37545],[25.69934,59.37532],[25.69917,59.37511],[25.69959,59.37498],[25.70005,59.37437],[25.69943,59.37405],[25.69951,59.37383],[25.70008,59.37374],[25.70018,59.37341],[25.6998,59.37321],[25.69999,59.37294],[25.70005,59.37191],[25.70079,59.37207],[25.70125,59.37227],[25.70155,59.37225],[25.7019,59.37165],[25.70239,59.37133],[25.7018,59.37122],[25.7011,59.3713],[25.7008,59.37078],[25.70093,59.37052],[25.70081,59.3701],[25.70116,59.36986],[25.69997,59.36963],[25.69982,59.36934],[25.69889,59.36918],[25.69853,59.36898],[25.69728,59.36878],[25.69703,59.3685],[25.6973,59.36819],[25.69698,59.36793],[25.69652,59.36806],[25.69596,59.36798],[25.69565,59.36771],[25.69492,59.36749],[25.69479,59.36726],[25.69515,59.36716],[25.69516,59.367],[25.69582,59.36694],[25.69571,59.36671],[25.69587,59.36622],[25.69571,59.36605],[25.69529,59.36593],[25.695,59.36563],[25.6951,59.36532],[25.69424,59.36524],[25.69388,59.36552],[25.6933,59.36539],[25.6934,59.36514],[25.69377,59.36505],[25.69383,59.3644],[25.69423,59.3643],[25.69364,59.36388],[25.69385,59.36334],[25.69417,59.36308],[25.69482,59.36284],[25.69529,59.36275],[25.69532,59.36256],[25.69486,59.36247],[25.69445,59.36219],[25.69438,59.36203],[25.69464,59.36135],[25.69484,59.36119],[25.69487,59.36089],[25.69506,59.36072],[25.69536,59.36019],[25.69588,59.35996],[25.69625,59.35991],[25.69663,59.36006],[25.69684,59.35983],[25.69732,59.35968],[25.69707,59.35924],[25.69732,59.35903],[25.69682,59.3586],[25.69686,59.35839],[25.69727,59.35834],[25.69775,59.3584],[25.69847,59.35805],[25.69938,59.35784],[25.70003,59.35781],[25.70038,59.35753],[25.70044,59.35696],[25.70092,59.35674],[25.70161,59.35664],[25.70241,59.35667],[25.70297,59.35644],[25.70369,59.35645],[25.70398,59.35634],[25.70395,59.35613],[25.70364,59.35594],[25.70366,59.35533],[25.70393,59.35531],[25.70388,59.35565],[25.70413,59.35585],[25.7042,59.35626],[25.70375,59.35654],[25.70278,59.3566],[25.70255,59.35676],[25.70197,59.35686],[25.70111,59.35681],[25.7005,59.35709],[25.70083,59.35748],[25.70059,59.3577],[25.7001,59.35792],[25.69908,59.35803],[25.69829,59.35825],[25.69779,59.35848],[25.69708,59.35844],[25.69712,59.35881],[25.69744,59.35882],[25.69762,59.35922],[25.69741,59.35946],[25.69767,59.35955],[25.69749,59.35985],[25.69708,59.35993],[25.69655,59.36019],[25.69598,59.36007],[25.69546,59.36045],[25.69507,59.36106],[25.69479,59.36179],[25.69458,59.36206],[25.69504,59.36236],[25.69549,59.36245],[25.6955,59.36286],[25.69457,59.36304],[25.69417,59.36327],[25.6942,59.36357],[25.69391,59.36388],[25.69393,59.36405],[25.69455,59.36406],[25.69447,59.36438],[25.69397,59.36458],[25.69392,59.3651],[25.69473,59.36516],[25.69522,59.36527],[25.69516,59.36563],[25.6954,59.36587],[25.69583,59.366],[25.69604,59.36643],[25.69587,59.36672],[25.69607,59.36698],[25.69536,59.36707],[25.69497,59.36733],[25.69509,59.36745],[25.69571,59.36764],[25.69623,59.36798],[25.69669,59.36785],[25.69722,59.36787],[25.69755,59.36813],[25.6972,59.36851],[25.6973,59.36872],[25.69761,59.36879],[25.69826,59.36878],[25.69897,59.36911],[25.69974,59.36914],[25.70019,59.36955],[25.70133,59.36977],[25.70133,59.36995],[25.70095,59.37015],[25.70111,59.37119],[25.70204,59.37114],[25.70236,59.37122],[25.70265,59.37148],[25.70208,59.37167],[25.70178,59.37227],[25.70118,59.37234],[25.70072,59.37213],[25.70023,59.37213],[25.7002,59.37269],[25.70067,59.37279],[25.70096,59.37307],[25.70081,59.37325],[25.70038,59.37339],[25.70024,59.37377],[25.69966,59.37406],[25.70005,59.37422],[25.70026,59.37442],[25.69991,59.37492],[25.69961,59.37508],[25.69929,59.37547],[25.6994,59.37556],[25.69999,59.37558],[25.70016,59.37569],[25.7001,59.3762],[25.69925,59.37629],[25.69903,59.37644],[25.69926,59.37661],[25.6995,59.37708],[25.69989,59.3774],[25.69962,59.37781],[25.69932,59.37807],[25.69981,59.37838],[25.7006,59.37851],[25.70067,59.37871],[25.70042,59.37897],[25.70042,59.37932],[25.70069,59.37962],[25.70036,59.38036],[25.70044,59.38058],[25.70098,59.3808],[25.70087,59.38097],[25.70032,59.38111],[25.70039,59.38133],[25.6999,59.38208],[25.69954,59.3821],[25.69882,59.38193],[25.69837,59.38214],[25.69777,59.38227],[25.69673,59.38219],[25.69671,59.38237],[25.69631,59.38249],[25.69581,59.3825],[25.69551,59.38242],[25.69528,59.38195],[25.69504,59.38212],[25.69449,59.38221],[25.69401,59.38209],[25.69356,59.38216],[25.69329,59.38245],[25.69354,59.38288],[25.69305,59.38319],[25.69205,59.38325],[25.69187,59.38349],[25.69149,59.38364],[25.69167,59.38387],[25.69125,59.38415],[25.69091,59.38418],[25.69041,59.38441],[25.69055,59.38463],[25.69155,59.38482],[25.69144,59.38505],[25.69078,59.38571],[25.69012,59.38565],[25.6895,59.3857],[25.68956,59.38596],[25.68925,59.3861],[25.68862,59.38598],[25.68788,59.38601],[25.68802,59.38639],[25.68775,59.38666],[25.68722,59.38651],[25.68677,59.38707],[25.68595,59.38709],[25.6852,59.3873],[25.68461,59.38725],[25.68416,59.38711],[25.68374,59.38746],[25.68332,59.38759],[25.68349,59.38814],[25.68326,59.3884],[25.68265,59.38846],[25.68253,59.38859],[25.68252,59.38939],[25.6822,59.38961],[25.68149,59.38965],[25.68098,59.38995],[25.68042,59.39019],[25.67932,59.39043],[25.67907,59.39082],[25.67876,59.39093],[25.67754,59.39091],[25.67715,59.39085],[25.67707,59.39108],[25.67648,59.3911],[25.67595,59.39122],[25.67537,59.39101],[25.67475,59.39127],[25.67436,59.39174],[25.67389,59.39178],[25.67365,59.39158],[25.67298,59.39156],[25.67225,59.3919],[25.67226,59.39207],[25.67191,59.39224],[25.67148,59.3922],[25.67153,59.39268],[25.67096,59.39276],[25.67088,59.39304],[25.67051,59.39324],[25.67038,59.39344],[25.66953,59.39366],[25.66801,59.39365],[25.66782,59.39392],[25.66698,59.39387],[25.66679,59.39413],[25.66694,59.39427],[25.6666,59.39443],[25.66575,59.39419],[25.66542,59.39388],[25.6649,59.39383],[25.66447,59.39398],[25.66385,59.39434],[25.66351,59.3942],[25.66306,59.39427],[25.66282,59.39445],[25.66215,59.39455],[25.6616,59.39487],[25.6623,59.39484],[25.66258,59.39498],[25.66236,59.39512],[25.66168,59.39531],[25.66151,59.39545],[25.66203,59.39571],[25.6616,59.39591],[25.66099,59.39601],[25.66069,59.39635],[25.66069,59.39685],[25.66039,59.39712],[25.65933,59.39731],[25.65925,59.39762],[25.65887,59.39779],[25.65808,59.39771],[25.65769,59.39718],[25.65707,59.39725],[25.65692,59.39707],[25.65646,59.39693],[25.65661,59.39647],[25.6558,59.39637],[25.65583,59.39665],[25.65541,59.39657],[25.65487,59.39636],[25.65413,59.39642],[25.65389,59.39664],[25.65361,59.39666],[25.653,59.39651],[25.6528,59.39607],[25.65241,59.39644],[25.6522,59.39642],[25.65157,59.3959],[25.65078,59.39612],[25.65032,59.39599],[25.64922,59.39634],[25.64874,59.39636],[25.64842,59.39659],[25.64833,59.39686],[25.64743,59.39678],[25.64719,59.39702],[25.64753,59.39726],[25.64666,59.39737],[25.64617,59.39754],[25.64551,59.39747],[25.64558,59.39712],[25.64492,59.39702],[25.64411,59.39702],[25.64374,59.39693],[25.64342,59.39641],[25.64292,59.39635],[25.64266,59.39617],[25.64197,59.39624],[25.64188,59.3964],[25.64127,59.39634],[25.64097,59.39655],[25.64022,59.39667],[25.64044,59.39683],[25.64084,59.39693],[25.64048,59.39709],[25.63925,59.39706],[25.63968,59.39733],[25.63885,59.39775],[25.63841,59.39773],[25.63818,59.3976],[25.63763,59.39756],[25.63735,59.39743],[25.6367,59.39736],[25.63624,59.39748],[25.63555,59.39788],[25.63525,59.3979],[25.63507,59.39758],[25.63447,59.3976],[25.63393,59.39779],[25.63352,59.39832],[25.6331,59.39825],[25.63295,59.39808],[25.63211,59.39798],[25.63189,59.39783],[25.63125,59.39789],[25.63091,59.3981],[25.63002,59.39765],[25.63034,59.39741],[25.6301,59.39719],[25.62858,59.39722],[25.62804,59.39733],[25.62755,59.39756],[25.62758,59.39783],[25.62698,59.39779],[25.62661,59.39803],[25.62558,59.39801],[25.62546,59.39818],[25.62482,59.39829],[25.62466,59.39855],[25.62423,59.39871],[25.62352,59.39858],[25.62289,59.3984],[25.62248,59.39817],[25.62227,59.39793],[25.62236,59.3974],[25.62209,59.39728],[25.62175,59.39746],[25.62109,59.39733],[25.62099,59.39711],[25.6211,59.39655],[25.62122,59.39637],[25.62064,59.3962],[25.6201,59.39618],[25.61971,59.3965],[25.61939,59.39664],[25.61865,59.39662],[25.6182,59.39623],[25.61842,59.39598],[25.619,59.39578],[25.61895,59.39566],[25.61818,59.39564],[25.61775,59.39569],[25.61691,59.39608],[25.61657,59.39641],[25.61585,59.39648],[25.61567,59.39617],[25.61516,59.39604],[25.61504,59.39562],[25.61445,59.39555],[25.61447,59.39596],[25.61356,59.39627],[25.61304,59.39616],[25.61252,59.39582],[25.61178,59.39571],[25.611,59.39567],[25.61068,59.39586],[25.61012,59.39592],[25.61013,59.39562],[25.60962,59.39551],[25.60847,59.39539],[25.60786,59.39555],[25.60786,59.3957],[25.60742,59.39592],[25.60705,59.39592],[25.60668,59.39548],[25.60598,59.39559],[25.60564,59.39583],[25.60543,59.39621],[25.60503,59.39615],[25.6047,59.39568],[25.60428,59.39556],[25.60399,59.39536],[25.60337,59.39563],[25.60272,59.39557],[25.60247,59.39583],[25.6021,59.3957],[25.60195,59.39597],[25.6021,59.39614],[25.60263,59.39589],[25.60324,59.39584],[25.60385,59.39591],[25.60453,59.39624],[25.60539,59.39648],[25.60589,59.39647],[25.60617,59.39618],[25.60646,59.39628],[25.60621,59.39654],[25.60495,59.39655],[25.60442,59.3963],[25.60392,59.39629],[25.60379,59.39605],[25.6034,59.39597],[25.60278,59.39601],[25.60239,59.39624],[25.60106,59.39618],[25.60035,59.39606],[25.59962,59.39623],[25.59881,59.39594],[25.59896,59.39622],[25.59887,59.39648],[25.59967,59.39641],[25.60004,59.3963],[25.60042,59.39638],[25.59911,59.3966],[25.59843,59.39652],[25.5979,59.39658],[25.59816,59.39687],[25.59694,59.39661],[25.59663,59.39639],[25.59669,59.39615],[25.59586,59.39616],[25.59602,59.39582],[25.59548,59.39577],[25.59516,59.39594],[25.59483,59.39591]],[[25.60042,59.39588],[25.60111,59.39612],[25.60126,59.39585],[25.60081,59.39568],[25.60042,59.39588]],[[25.66522,59.3937],[25.66586,59.3941],[25.66648,59.39432],[25.66686,59.39382],[25.66763,59.39384],[25.66767,59.39354],[25.66826,59.3933],[25.66775,59.39322],[25.66757,59.39332],[25.66705,59.39326],[25.66666,59.39348],[25.66621,59.3933],[25.66595,59.39345],[25.66595,59.39361],[25.66576,59.3937],[25.66522,59.3937]],[[25.67011,59.39276],[25.67025,59.39293],[25.6708,59.39303],[25.67082,59.39269],[25.67039,59.39263],[25.67011,59.39276]],[[25.6915,59.38286],[25.69196,59.383],[25.69281,59.38316],[25.69331,59.38287],[25.69308,59.38236],[25.69347,59.38203],[25.69398,59.382],[25.69388,59.38176],[25.69342,59.38199],[25.69289,59.38214],[25.69263,59.38237],[25.69205,59.38268],[25.6915,59.38286]],[[25.70014,59.37304],[25.70027,59.37331],[25.70065,59.37323],[25.70076,59.37305],[25.7005,59.37283],[25.70014,59.37304]]],[[[25.70546,59.35526],[25.70554,59.35507],[25.70524,59.35474],[25.70559,59.3544],[25.70557,59.35418],[25.7053,59.3538],[25.70556,59.35348],[25.70619,59.35358],[25.70649,59.35353],[25.70672,59.35305],[25.70708,59.35294],[25.70763,59.35301],[25.70786,59.35286],[25.70768,59.3525],[25.70806,59.35216],[25.70827,59.35135],[25.70846,59.35107],[25.70868,59.35105],[25.70943,59.35122],[25.70954,59.35089],[25.71015,59.35046],[25.70998,59.35031],[25.71042,59.3501],[25.71145,59.35],[25.71156,59.34973],[25.7119,59.34957],[25.71239,59.34949],[25.71341,59.34975],[25.71401,59.34973],[25.71353,59.34925],[25.71344,59.34887],[25.71397,59.34864],[25.71443,59.3488],[25.71481,59.34884],[25.71528,59.34868],[25.7158,59.34819],[25.71617,59.34802],[25.71655,59.34768],[25.71622,59.34746],[25.71614,59.34721],[25.71661,59.34691],[25.71813,59.34693],[25.71849,59.34714],[25.71914,59.34708],[25.71924,59.34729],[25.71982,59.34756],[25.72017,59.34754],[25.72075,59.34738],[25.72105,59.34742],[25.72113,59.34769],[25.72168,59.34778],[25.72174,59.34745],[25.72244,59.34745],[25.72232,59.3472],[25.72249,59.34697],[25.72295,59.34716],[25.72358,59.34698],[25.72437,59.34702],[25.72401,59.34673],[25.72394,59.34627],[25.72403,59.34613],[25.72495,59.34583],[25.72524,59.34559],[25.72599,59.34592],[25.72534,59.3459],[25.72444,59.34616],[25.72421,59.34633],[25.72427,59.34673],[25.72458,59.34695],[25.72435,59.34724],[25.7236,59.34707],[25.72309,59.3472],[25.72241,59.34756],[25.72172,59.34784],[25.72101,59.34772],[25.71999,59.34775],[25.71961,59.3477],[25.71918,59.3475],[25.7189,59.34788],[25.71831,59.34782],[25.71825,59.34718],[25.71776,59.34701],[25.71682,59.34704],[25.71661,59.34725],[25.71675,59.34777],[25.71632,59.34816],[25.7163,59.3484],[25.7157,59.34875],[25.71515,59.34887],[25.71458,59.34891],[25.71394,59.34877],[25.71388,59.34927],[25.71426,59.34971],[25.71422,59.34987],[25.71368,59.34998],[25.71318,59.34979],[25.7125,59.34962],[25.712,59.34964],[25.71155,59.35009],[25.71113,59.35019],[25.71044,59.35019],[25.71031,59.35066],[25.7097,59.351],[25.70953,59.35135],[25.70862,59.35129],[25.70857,59.35155],[25.70877,59.35177],[25.70843,59.35234],[25.70794,59.35241],[25.70808,59.35272],[25.70801,59.35298],[25.70762,59.35312],[25.70708,59.35309],[25.70705,59.35327],[25.70626,59.35372],[25.70564,59.3536],[25.70547,59.35395],[25.70575,59.35418],[25.70575,59.3544],[25.7054,59.35477],[25.70569,59.35503],[25.70546,59.35526]],[[25.71835,59.34735],[25.71847,59.34777],[25.71875,59.34782],[25.71912,59.3474],[25.719,59.34716],[25.71835,59.34735]],[[25.70814,59.35229],[25.70856,59.35187],[25.70825,59.35178],[25.70814,59.35229]]],[[[25.81224,59.27739],[25.81261,59.27772],[25.81254,59.27791],[25.81278,59.27839],[25.81308,59.27867],[25.81359,59.27932],[25.81367,59.28004],[25.81353,59.28033],[25.81361,59.28055],[25.81343,59.28098],[25.8129,59.28135],[25.81262,59.28229],[25.81228,59.28245],[25.81178,59.28293],[25.81144,59.28366],[25.81122,59.28388],[25.8112,59.28424],[25.81158,59.2845],[25.81173,59.28506],[25.81176,59.28549],[25.81144,59.28819],[25.81125,59.29061],[25.81115,59.29117],[25.8111,59.2921],[25.81097,59.29247],[25.81072,59.29264],[25.80988,59.29299],[25.80823,59.29376],[25.80651,59.29391],[25.80556,59.29411],[25.8042,59.29406],[25.80367,59.29392],[25.80286,59.29397],[25.80236,59.29439],[25.80259,59.29462],[25.80237,59.29481],[25.80201,59.29484],[25.8016,59.29512],[25.80083,59.29552],[25.80018,59.29541],[25.79916,59.29553],[25.79889,59.29578],[25.79913,59.29609],[25.7991,59.29631],[25.79847,59.29649],[25.79783,59.29647],[25.79741,59.29635],[25.79711,59.29614],[25.79671,59.29615],[25.79564,59.29629],[25.79488,59.29665],[25.79494,59.29692],[25.79487,59.29742],[25.79523,59.29753],[25.79547,59.29776],[25.79573,59.29825],[25.79541,59.2986],[25.79459,59.2988],[25.79424,59.29917],[25.79404,59.29957],[25.79343,59.29959],[25.7926,59.29938],[25.79283,59.29927],[25.79348,59.2995],[25.79389,59.29951],[25.79407,59.29914],[25.79449,59.29872],[25.79503,59.29853],[25.7954,59.29852],[25.79552,59.29826],[25.79524,59.29767],[25.79461,59.29736],[25.79484,59.29653],[25.79571,59.29619],[25.79674,59.29607],[25.79724,59.29611],[25.79762,59.29633],[25.79827,59.29644],[25.7989,59.2963],[25.79899,59.29611],[25.79869,59.29583],[25.79904,59.29545],[25.79994,59.29532],[25.80069,59.29544],[25.80163,59.29498],[25.80164,59.29483],[25.80242,59.29466],[25.80221,59.29432],[25.8028,59.29387],[25.80362,59.29385],[25.80482,59.29404],[25.80578,59.29396],[25.80664,59.2938],[25.80784,59.29375],[25.80838,59.29357],[25.81074,59.29251],[25.81098,59.29191],[25.81102,59.29109],[25.81118,59.28944],[25.81126,59.2882],[25.81158,59.28549],[25.81143,59.28455],[25.81096,59.28418],[25.81104,59.28387],[25.81127,59.28362],[25.81163,59.28288],[25.8119,59.2825],[25.81239,59.28229],[25.81243,59.28202],[25.81274,59.28131],[25.81327,59.28093],[25.8134,59.28054],[25.81335,59.28032],[25.81351,59.27983],[25.81331,59.27958],[25.81342,59.27935],[25.81292,59.27871],[25.81258,59.2784],[25.81208,59.27751],[25.8122,59.27728],[25.81224,59.27739]]],[[[25.33116,59.39053],[25.33147,59.39051],[25.3318,59.39071],[25.33233,59.39062],[25.333,59.39062],[25.33351,59.39041],[25.33292,59.39017],[25.33311,59.38984],[25.33356,59.38985],[25.33445,59.38962],[25.33345,59.38856],[25.33336,59.38825],[25.33356,59.38811],[25.33408,59.3881],[25.33459,59.38826],[25.33495,59.3885],[25.33601,59.38895],[25.33626,59.38921],[25.33664,59.3893],[25.33688,59.3895],[25.33647,59.39024],[25.33689,59.39056],[25.33723,59.39057],[25.33774,59.39039],[25.3383,59.39003],[25.33876,59.38992],[25.33945,59.38989],[25.34047,59.38994],[25.34197,59.38973],[25.34221,59.38955],[25.34243,59.38919],[25.34282,59.38891],[25.34403,59.38855],[25.34479,59.3886],[25.3458,59.38893],[25.34681,59.38832],[25.3472,59.38823],[25.34807,59.38785],[25.34925,59.38774],[25.34891,59.38801],[25.34941,59.38802],[25.35011,59.38821],[25.35078,59.38829],[25.35129,59.38855],[25.35132,59.38866],[25.35096,59.38895],[25.35097,59.38954],[25.35082,59.3898],[25.35046,59.38999],[25.34942,59.39016],[25.34925,59.39025],[25.3496,59.39048],[25.3512,59.39027],[25.35209,59.38999],[25.35333,59.38989],[25.3537,59.39005],[25.35424,59.39082],[25.35456,59.39108],[25.3548,59.39111],[25.3552,59.39042],[25.35574,59.39001],[25.35676,59.38938],[25.35663,59.38909],[25.35528,59.3891],[25.35462,59.38902],[25.35439,59.38883],[25.35485,59.38864],[25.35534,59.38861],[25.35628,59.38843],[25.35682,59.38842],[25.3571,59.38858],[25.35777,59.38913],[25.35833,59.3895],[25.35827,59.38979],[25.35855,59.39001],[25.35846,59.3905],[25.35799,59.39077],[25.35818,59.39101],[25.35868,59.39077],[25.35919,59.39036],[25.35985,59.38967],[25.36052,59.3891],[25.36135,59.38876],[25.36199,59.38909],[25.36257,59.389],[25.36328,59.38875],[25.36382,59.38802],[25.3641,59.3879],[25.36569,59.38791],[25.3667,59.38805],[25.36739,59.38839],[25.36771,59.38841],[25.36828,59.38873],[25.36918,59.38784],[25.36959,59.38782],[25.36993,59.38795],[25.37023,59.38768],[25.37092,59.38739],[25.37136,59.38736],[25.37171,59.38757],[25.37172,59.38796],[25.37233,59.38794],[25.37272,59.38803],[25.37284,59.38842],[25.37313,59.38852],[25.37371,59.38848],[25.3741,59.38878],[25.37335,59.38928],[25.37341,59.38942],[25.37398,59.38958],[25.37476,59.38971],[25.37517,59.38945],[25.37547,59.38942],[25.37658,59.38978],[25.37672,59.39028],[25.37695,59.39032],[25.37794,59.39013],[25.37754,59.38997],[25.37768,59.38976],[25.37806,59.38959],[25.37854,59.38922],[25.37982,59.38952],[25.38028,59.38935],[25.37934,59.38915],[25.37943,59.38898],[25.37999,59.38877],[25.3803,59.38881],[25.38043,59.3891],[25.38117,59.38877],[25.38162,59.38874],[25.38218,59.38886],[25.38278,59.38883],[25.38321,59.3889],[25.38358,59.3891],[25.38391,59.38883],[25.38442,59.38906],[25.38498,59.38887],[25.38557,59.3889],[25.3854,59.38923],[25.38595,59.38909],[25.38649,59.38904],[25.38745,59.38911],[25.38807,59.38907],[25.38837,59.38915],[25.3885,59.38939],[25.38888,59.38936],[25.38936,59.38898],[25.38994,59.3891],[25.39,59.38958],[25.38986,59.38991],[25.39067,59.38979],[25.39117,59.38959],[25.39171,59.38952],[25.39228,59.38956],[25.3923,59.38912],[25.39271,59.38908],[25.3929,59.38883],[25.39212,59.38849],[25.39218,59.38802],[25.39255,59.38791],[25.39284,59.38804],[25.39329,59.38843],[25.39352,59.38906],[25.39328,59.38951],[25.39331,59.39033],[25.39357,59.39059],[25.39396,59.39136],[25.39421,59.39169],[25.39422,59.39216],[25.39379,59.39249],[25.39331,59.39298],[25.39264,59.39315],[25.3908,59.39316],[25.39054,59.39325],[25.39153,59.39411],[25.3923,59.39435],[25.39308,59.39447],[25.39392,59.39476],[25.39429,59.39482],[25.39571,59.39484],[25.39651,59.39421],[25.39712,59.39394],[25.39681,59.3935],[25.39681,59.39326],[25.39756,59.39275],[25.39869,59.3923],[25.39893,59.39163],[25.39938,59.39118],[25.39966,59.39104],[25.40045,59.39103],[25.40096,59.39092],[25.40124,59.39073],[25.40152,59.39036],[25.40266,59.38964],[25.40326,59.38902],[25.40362,59.3888],[25.40421,59.38795],[25.40409,59.38783],[25.40286,59.3874],[25.40272,59.38715],[25.40292,59.38691],[25.4029,59.38633],[25.40353,59.38586],[25.40291,59.38584],[25.40259,59.38566],[25.40282,59.38528],[25.40219,59.38501],[25.40175,59.38468],[25.40215,59.38433],[25.40289,59.3842],[25.40402,59.38412],[25.40475,59.38413],[25.40559,59.38403],[25.40652,59.38374],[25.40685,59.38339],[25.40675,59.38329],[25.40609,59.38314],[25.40584,59.383],[25.40597,59.38275],[25.40665,59.38267],[25.40701,59.38256],[25.40777,59.38216],[25.40727,59.38189],[25.40766,59.38157],[25.40746,59.38091],[25.40804,59.38091],[25.40911,59.38163],[25.40997,59.38169],[25.41044,59.38201],[25.41049,59.3817],[25.41086,59.38151],[25.41153,59.38148],[25.41192,59.38162],[25.41233,59.38213],[25.41217,59.38239],[25.4116,59.38225],[25.41149,59.38241],[25.41171,59.38258],[25.41255,59.38256],[25.41363,59.38191],[25.41452,59.3812],[25.41552,59.38088],[25.41617,59.3806],[25.41667,59.38046],[25.41725,59.38039],[25.41731,59.37981],[25.41758,59.37942],[25.41835,59.37923],[25.41838,59.37907],[25.41913,59.37866],[25.41996,59.37847],[25.42005,59.37863],[25.41976,59.37884],[25.41995,59.37895],[25.42093,59.3788],[25.4212,59.37891],[25.42096,59.3793],[25.42005,59.37932],[25.41994,59.37947],[25.42034,59.37971],[25.42064,59.38037],[25.42117,59.38087],[25.42187,59.38115],[25.42265,59.38121],[25.42347,59.38111],[25.42382,59.38077],[25.42392,59.38042],[25.42419,59.38],[25.42448,59.37975],[25.42508,59.37966],[25.42547,59.37982],[25.42558,59.38018],[25.42536,59.3805],[25.42567,59.38079],[25.42615,59.3809],[25.42717,59.38102],[25.42768,59.38118],[25.42787,59.38136],[25.42808,59.38187],[25.42826,59.38206],[25.4288,59.38225],[25.42952,59.38216],[25.42935,59.38189],[25.42946,59.38168],[25.43004,59.38154],[25.43048,59.38159],[25.43159,59.38159],[25.432,59.3815],[25.43242,59.38128],[25.43257,59.38106],[25.43265,59.38038],[25.4333,59.38038],[25.43373,59.38077],[25.43414,59.38091],[25.43455,59.38083],[25.43483,59.38057],[25.43532,59.38052],[25.4361,59.38078],[25.43682,59.38073],[25.43771,59.38079],[25.43848,59.38079],[25.43903,59.3809],[25.43933,59.38123],[25.43991,59.3812],[25.44078,59.38095],[25.44135,59.3811],[25.44156,59.38145],[25.44137,59.38169],[25.44084,59.38211],[25.44071,59.38253],[25.44122,59.38273],[25.44245,59.38259],[25.4427,59.38248],[25.44272,59.38214],[25.44257,59.38172],[25.44286,59.38144],[25.44316,59.38138],[25.44422,59.38133],[25.44464,59.38142],[25.44501,59.3817],[25.44574,59.38205],[25.4461,59.38217],[25.44646,59.38212],[25.44645,59.38168],[25.44681,59.38134],[25.4488,59.38135],[25.45006,59.38125],[25.4502,59.38095],[25.44984,59.38018],[25.45005,59.37956],[25.4504,59.37926],[25.45086,59.37908],[25.4517,59.37888],[25.4525,59.37894],[25.45304,59.37868],[25.45355,59.37874],[25.45416,59.37936],[25.45465,59.37936],[25.45507,59.37972],[25.45544,59.37974],[25.45562,59.37999],[25.45637,59.37997],[25.45651,59.37962],[25.45734,59.3796],[25.45813,59.37976],[25.45884,59.38001],[25.45991,59.38019],[25.46033,59.3805],[25.4607,59.38028],[25.46082,59.37994],[25.46172,59.37958],[25.46215,59.37966],[25.46167,59.38002],[25.46098,59.38019],[25.46066,59.38065],[25.46075,59.38107],[25.46167,59.38166],[25.46226,59.38175],[25.46315,59.38169],[25.4635,59.38174],[25.46352,59.38201],[25.46327,59.38229],[25.46331,59.3824],[25.46275,59.38229],[25.46256,59.38232],[25.4619,59.38231],[25.4616,59.38219],[25.46137,59.3819],[25.46049,59.38146],[25.45964,59.38136],[25.45943,59.38109],[25.45864,59.38066],[25.45774,59.38065],[25.45771,59.38077],[25.45807,59.38101],[25.45825,59.38133],[25.45816,59.38151],[25.4577,59.38169],[25.45716,59.38128],[25.45637,59.38089],[25.45582,59.38101],[25.4553,59.38127],[25.45497,59.38115],[25.45482,59.38085],[25.45459,59.38078],[25.45454,59.3803],[25.45474,59.3802],[25.45537,59.38038],[25.45617,59.38047],[25.45686,59.38024],[25.45707,59.37998],[25.45803,59.38011],[25.45881,59.38038],[25.45898,59.38052],[25.45943,59.38058],[25.45979,59.38043],[25.4597,59.38028],[25.45875,59.38008],[25.45804,59.37984],[25.45707,59.37968],[25.4565,59.37978],[25.45663,59.37995],[25.45608,59.38013],[25.45505,59.37996],[25.45466,59.37995],[25.45468,59.3796],[25.45456,59.37945],[25.45401,59.37941],[25.45342,59.3788],[25.45312,59.37877],[25.45245,59.37901],[25.45175,59.37897],[25.45096,59.37915],[25.45025,59.37953],[25.45002,59.38017],[25.45038,59.38094],[25.45039,59.3812],[25.45016,59.38133],[25.44881,59.38144],[25.44715,59.38139],[25.44672,59.3815],[25.44664,59.38216],[25.44633,59.38227],[25.44563,59.38212],[25.44488,59.38176],[25.44452,59.38149],[25.44419,59.38142],[25.44346,59.38145],[25.44297,59.38154],[25.44279,59.38173],[25.44293,59.38242],[25.4426,59.38268],[25.44128,59.38284],[25.44081,59.38281],[25.44049,59.38253],[25.44066,59.38206],[25.44135,59.38144],[25.44113,59.38114],[25.44064,59.38108],[25.44001,59.3813],[25.43949,59.38136],[25.43905,59.38122],[25.43888,59.38095],[25.43739,59.38089],[25.43682,59.38084],[25.43611,59.38088],[25.43526,59.38063],[25.43489,59.38071],[25.43472,59.3809],[25.43402,59.38099],[25.43354,59.38081],[25.43315,59.38046],[25.43289,59.38039],[25.43272,59.3812],[25.43236,59.38148],[25.43188,59.38166],[25.43047,59.3817],[25.42997,59.38165],[25.42963,59.38176],[25.42975,59.38206],[25.42962,59.38226],[25.42882,59.38234],[25.42812,59.38212],[25.42791,59.38189],[25.42757,59.38125],[25.4271,59.3811],[25.42607,59.38098],[25.4253,59.38072],[25.42519,59.38048],[25.42541,59.38017],[25.42531,59.37987],[25.42504,59.37975],[25.4246,59.37982],[25.42409,59.38044],[25.42398,59.38079],[25.42368,59.38113],[25.42342,59.38123],[25.42266,59.3813],[25.42181,59.38123],[25.42104,59.38093],[25.42047,59.3804],[25.42017,59.37974],[25.41977,59.37944],[25.41997,59.37927],[25.42084,59.37923],[25.42102,59.37905],[25.42089,59.37889],[25.41959,59.37909],[25.41951,59.37882],[25.41911,59.37879],[25.41856,59.37909],[25.4184,59.37933],[25.41778,59.37943],[25.41748,59.37984],[25.41743,59.38043],[25.41672,59.38055],[25.41564,59.38095],[25.41472,59.38123],[25.41434,59.38146],[25.41377,59.38196],[25.41267,59.38263],[25.41246,59.38269],[25.41165,59.38266],[25.41135,59.38249],[25.41136,59.38222],[25.41176,59.38216],[25.41217,59.38227],[25.41173,59.38165],[25.41118,59.38155],[25.41073,59.38168],[25.41061,59.38198],[25.41077,59.38223],[25.41035,59.38235],[25.4101,59.38217],[25.41006,59.38187],[25.40968,59.38174],[25.409,59.3817],[25.40791,59.38097],[25.40767,59.38111],[25.40782,59.38161],[25.40747,59.3819],[25.40792,59.38209],[25.40777,59.38231],[25.40712,59.38263],[25.4067,59.38276],[25.406,59.38287],[25.40619,59.38306],[25.40687,59.38322],[25.40703,59.3834],[25.40666,59.3838],[25.40616,59.38399],[25.40517,59.38419],[25.40371,59.38422],[25.40308,59.38427],[25.40224,59.38441],[25.40193,59.38468],[25.40231,59.38494],[25.40298,59.38524],[25.403,59.38544],[25.40277,59.38564],[25.40296,59.38576],[25.40365,59.38578],[25.40384,59.38597],[25.4031,59.38634],[25.403,59.38658],[25.40314,59.38685],[25.40293,59.3873],[25.40349,59.38755],[25.40405,59.38769],[25.40432,59.38786],[25.40434,59.38811],[25.40377,59.38883],[25.40318,59.38926],[25.40281,59.38968],[25.40167,59.39041],[25.40132,59.39086],[25.40063,59.3911],[25.39974,59.39112],[25.3991,59.39166],[25.39885,59.39235],[25.39774,59.39279],[25.39715,59.39314],[25.39698,59.39347],[25.39725,59.39373],[25.3973,59.39396],[25.39703,59.39417],[25.39652,59.39434],[25.39569,59.39496],[25.39425,59.39491],[25.39382,59.39484],[25.39299,59.39455],[25.39223,59.39443],[25.3914,59.39417],[25.39054,59.39347],[25.39044,59.39312],[25.39089,59.39306],[25.39262,59.39306],[25.39325,59.39286],[25.39363,59.39245],[25.39409,59.39209],[25.39404,59.39172],[25.39378,59.39137],[25.3934,59.39062],[25.39313,59.39034],[25.3931,59.38949],[25.39335,59.38897],[25.39313,59.38847],[25.39264,59.38805],[25.39236,59.38802],[25.39229,59.38845],[25.39307,59.3888],[25.3929,59.38913],[25.39239,59.38921],[25.39254,59.38949],[25.3923,59.38966],[25.39148,59.38962],[25.39075,59.38987],[25.38986,59.39001],[25.38956,59.38981],[25.38983,59.38954],[25.38981,59.38919],[25.38944,59.38907],[25.38909,59.38938],[25.38875,59.38948],[25.38823,59.3894],[25.38819,59.38919],[25.38744,59.3892],[25.38655,59.38914],[25.38605,59.38917],[25.38568,59.38936],[25.38522,59.38922],[25.38508,59.38894],[25.38448,59.38915],[25.38396,59.38901],[25.38372,59.38916],[25.38263,59.38892],[25.38221,59.38895],[25.38128,59.38885],[25.38055,59.38917],[25.38025,59.38913],[25.38012,59.38885],[25.37957,59.38904],[25.37963,59.38915],[25.38048,59.3893],[25.38055,59.38948],[25.37977,59.38961],[25.37883,59.38934],[25.37851,59.38936],[25.3782,59.38964],[25.37782,59.38982],[25.37815,59.39023],[25.37672,59.39043],[25.37654,59.39029],[25.37645,59.38984],[25.37542,59.38952],[25.37486,59.38978],[25.37394,59.38967],[25.37327,59.38948],[25.37317,59.38926],[25.3738,59.38887],[25.37383,59.38862],[25.37353,59.38856],[25.37287,59.3886],[25.37266,59.38844],[25.37256,59.38807],[25.37167,59.38806],[25.37152,59.38791],[25.37153,59.38759],[25.37098,59.38748],[25.37038,59.38773],[25.37022,59.38796],[25.36994,59.38804],[25.36931,59.38791],[25.3686,59.38864],[25.36828,59.38891],[25.36794,59.38896],[25.36767,59.3885],[25.36733,59.38848],[25.36663,59.38813],[25.36565,59.388],[25.36434,59.388],[25.36399,59.3881],[25.36357,59.38868],[25.36289,59.38914],[25.36244,59.38922],[25.36178,59.38918],[25.36138,59.38888],[25.36079,59.38907],[25.36001,59.38971],[25.35946,59.3903],[25.35843,59.39108],[25.35802,59.39107],[25.35777,59.3909],[25.35784,59.39071],[25.35828,59.39047],[25.35838,59.39004],[25.35809,59.38982],[25.35816,59.38953],[25.35763,59.38918],[25.35674,59.38851],[25.35635,59.38852],[25.35548,59.38867],[25.35474,59.38875],[25.35466,59.38892],[25.35539,59.38901],[25.35625,59.38898],[25.35683,59.38905],[25.35706,59.3893],[25.35536,59.39042],[25.35493,59.39115],[25.35454,59.39121],[25.35416,59.39091],[25.35372,59.39025],[25.35331,59.38996],[25.35205,59.39009],[25.35118,59.39039],[25.34995,59.39054],[25.34919,59.39048],[25.34901,59.3902],[25.34925,59.3901],[25.35051,59.38987],[25.35081,59.38959],[25.35076,59.38898],[25.35115,59.38861],[25.35043,59.38829],[25.34985,59.38826],[25.3495,59.38815],[25.34813,59.38793],[25.34725,59.38832],[25.34679,59.38842],[25.34596,59.38902],[25.34575,59.38903],[25.34456,59.38865],[25.34394,59.38867],[25.34283,59.38901],[25.34252,59.3893],[25.34229,59.38973],[25.34207,59.38981],[25.34099,59.38996],[25.34052,59.39008],[25.33975,59.38997],[25.33879,59.39001],[25.33824,59.39017],[25.33785,59.39049],[25.33723,59.39064],[25.33667,59.39062],[25.33642,59.39051],[25.33617,59.39022],[25.33626,59.38992],[25.33653,59.38973],[25.33658,59.38945],[25.33616,59.38933],[25.33581,59.38897],[25.33496,59.38864],[25.33463,59.38842],[25.33415,59.38822],[25.33368,59.38819],[25.33363,59.38853],[25.33409,59.38902],[25.33467,59.38954],[25.33462,59.38968],[25.33413,59.38975],[25.33366,59.38993],[25.33316,59.38994],[25.33302,59.39012],[25.33365,59.39036],[25.33363,59.39054],[25.33284,59.39073],[25.33182,59.39077],[25.33141,59.39071],[25.33116,59.39053]],[[25.45506,59.38092],[25.45527,59.38102],[25.45592,59.38077],[25.45535,59.38056],[25.45506,59.38092]],[[25.45669,59.38076],[25.45773,59.38156],[25.45802,59.38129],[25.45781,59.38098],[25.45728,59.38064],[25.45669,59.38076]],[[25.45972,59.38062],[25.45978,59.3808],[25.46035,59.38108],[25.46049,59.38078],[25.45997,59.38056],[25.45972,59.38062]],[[25.4617,59.38187],[25.46222,59.38217],[25.46309,59.3823],[25.46339,59.38192],[25.46308,59.38178],[25.4617,59.38187]]],[[[25.46348,59.38263],[25.46654,59.38373],[25.4674,59.38415],[25.46827,59.38478],[25.46969,59.38506],[25.46963,59.38511],[25.46797,59.38478],[25.46704,59.38407],[25.46673,59.38394],[25.46598,59.384],[25.46565,59.38386],[25.46527,59.38351],[25.46528,59.38338],[25.46444,59.38328],[25.46392,59.38286],[25.46348,59.38263]],[[25.46537,59.38344],[25.46559,59.38373],[25.466,59.38361],[25.46537,59.38344]]],[[[25.76042,59.32716],[25.7607,59.32687],[25.76049,59.32676],[25.76065,59.32641],[25.76124,59.32611],[25.76088,59.3259],[25.76098,59.32552],[25.76052,59.32515],[25.76093,59.32509],[25.76134,59.32483],[25.76203,59.32397],[25.76245,59.32355],[25.76286,59.32351],[25.7631,59.32336],[25.76292,59.32295],[25.76329,59.32303],[25.76375,59.32295],[25.76373,59.3228],[25.76406,59.32265],[25.76456,59.32276],[25.76511,59.32273],[25.76529,59.3225],[25.76582,59.32256],[25.76571,59.3223],[25.76582,59.32213],[25.76514,59.32183],[25.76519,59.32166],[25.76613,59.32138],[25.76619,59.32119],[25.76664,59.32125],[25.76655,59.32159],[25.76711,59.3217],[25.7674,59.32136],[25.7678,59.32138],[25.76803,59.32158],[25.7688,59.32142],[25.76836,59.32128],[25.76855,59.32105],[25.76927,59.32113],[25.76979,59.3208],[25.77035,59.32073],[25.77037,59.32103],[25.77089,59.32113],[25.77121,59.32093],[25.77082,59.32062],[25.7711,59.32041],[25.7717,59.32039],[25.77219,59.32053],[25.77236,59.32029],[25.77341,59.3204],[25.77336,59.31996],[25.77349,59.31978],[25.77419,59.31988],[25.77455,59.31985],[25.77486,59.31959],[25.77542,59.31957],[25.77592,59.31977],[25.7764,59.31957],[25.77609,59.31945],[25.77608,59.31924],[25.77532,59.319],[25.77551,59.31883],[25.77625,59.3189],[25.77649,59.31878],[25.77593,59.3184],[25.77655,59.31829],[25.77639,59.31793],[25.77681,59.31792],[25.77682,59.31762],[25.77707,59.31747],[25.77759,59.31741],[25.77828,59.31763],[25.77917,59.31732],[25.77906,59.31703],[25.77995,59.3168],[25.78029,59.31647],[25.78069,59.31644],[25.78104,59.31629],[25.78049,59.31615],[25.78074,59.31565],[25.78119,59.31562],[25.78168,59.31538],[25.78173,59.31504],[25.78238,59.31481],[25.78199,59.3143],[25.78242,59.31413],[25.78251,59.31391],[25.78294,59.3136],[25.78343,59.31356],[25.78327,59.31291],[25.78374,59.31281],[25.78411,59.31314],[25.78457,59.31295],[25.78466,59.31267],[25.78387,59.3122],[25.78403,59.31214],[25.78474,59.31258],[25.78507,59.31256],[25.78472,59.313],[25.78444,59.31316],[25.78398,59.31324],[25.78362,59.31289],[25.78346,59.31288],[25.78354,59.31366],[25.78304,59.31368],[25.78268,59.31395],[25.78255,59.3142],[25.78219,59.31434],[25.78259,59.31449],[25.78246,59.31488],[25.7819,59.31509],[25.78192,59.31536],[25.7813,59.31569],[25.78086,59.31573],[25.78068,59.31611],[25.78125,59.31623],[25.78073,59.31653],[25.78042,59.31654],[25.78016,59.3169],[25.78058,59.31695],[25.78046,59.31716],[25.77984,59.31702],[25.77924,59.31706],[25.77936,59.3173],[25.7791,59.31749],[25.77821,59.31773],[25.7776,59.3175],[25.77699,59.31767],[25.77691,59.31804],[25.77673,59.31829],[25.77623,59.31847],[25.77667,59.31872],[25.77633,59.31899],[25.77623,59.31937],[25.77652,59.31964],[25.776,59.31986],[25.7757,59.31985],[25.77538,59.31966],[25.7751,59.31964],[25.77448,59.32014],[25.77409,59.31996],[25.77355,59.31988],[25.77363,59.32037],[25.77313,59.32049],[25.77253,59.32038],[25.77235,59.32059],[25.7719,59.32069],[25.77156,59.32046],[25.77102,59.32061],[25.7714,59.32093],[25.77122,59.32115],[25.77005,59.32132],[25.7702,59.32099],[25.76992,59.32087],[25.76968,59.32111],[25.76928,59.32123],[25.76903,59.32146],[25.768,59.32168],[25.76767,59.32145],[25.76745,59.32174],[25.76712,59.32181],[25.76683,59.32167],[25.7665,59.3217],[25.76632,59.32143],[25.76533,59.32172],[25.76584,59.32196],[25.76589,59.32225],[25.76609,59.32247],[25.76591,59.32265],[25.76528,59.3226],[25.76536,59.32277],[25.76475,59.3229],[25.76429,59.32275],[25.76391,59.32281],[25.76388,59.32306],[25.76325,59.32312],[25.76329,59.32338],[25.76299,59.32359],[25.76254,59.32363],[25.76222,59.32396],[25.76227,59.32428],[25.76196,59.3243],[25.76202,59.32458],[25.76153,59.32475],[25.76145,59.32493],[25.76109,59.32516],[25.76074,59.3252],[25.76115,59.32549],[25.7611,59.32593],[25.76146,59.32614],[25.76081,59.32645],[25.76068,59.32675],[25.76089,59.32684],[25.76042,59.32716]]]]},"properties":{"fclass":"riverbank"}},
{"type":"Feature","geometry":{"type":"Polygon","coordinates":[[[26.52396,59.43956],[26.52396,59.4398],[26.52299,59.44064],[26.52336,59.44078],[26.52359,59.44164],[26.52342,59.44166],[26.52319,59.44082],[26.5229,59.44072],[26.52104,59.44211],[26.52196,59.44231],[26.52313,59.44275],[26.52305,59.44283],[26.52187,59.44239],[26.52093,59.44219],[26.52018,59.44269],[26.5198,59.44313],[26.51958,59.44408],[26.51919,59.44426],[26.51894,59.44453],[26.51779,59.44554],[26.51755,59.44588],[26.51655,59.44664],[26.51437,59.44865],[26.51412,59.44878],[26.514,59.44905],[26.51434,59.44947],[26.51434,59.44979],[26.51401,59.45015],[26.51421,59.45037],[26.51554,59.45081],[26.51673,59.45137],[26.51745,59.4522],[26.5179,59.45224],[26.51887,59.45205],[26.51989,59.45205],[26.52095,59.45212],[26.52173,59.45239],[26.52284,59.45233],[26.52283,59.45244],[26.52179,59.45253],[26.52044,59.4522],[26.51952,59.45217],[26.51851,59.45222],[26.51823,59.45234],[26.51772,59.45236],[26.51725,59.45227],[26.51657,59.45149],[26.51549,59.45098],[26.51398,59.45045],[26.51372,59.45016],[26.51408,59.4496],[26.51356,59.44906],[26.5126,59.44886],[26.51231,59.44865],[26.51223,59.44836],[26.51152,59.4481],[26.50918,59.4471],[26.50891,59.44684],[26.50899,59.44665],[26.50949,59.44639],[26.5101,59.44619],[26.51077,59.44615],[26.51165,59.44598],[26.51183,59.44572],[26.51138,59.44568],[26.51057,59.44579],[26.51006,59.44567],[26.50945,59.44535],[26.50898,59.44522],[26.50697,59.44503],[26.50659,59.44485],[26.50655,59.4442],[26.50667,59.44399],[26.50704,59.44373],[26.50762,59.44364],[26.5087,59.44375],[26.50937,59.44399],[26.51018,59.44459],[26.51065,59.44478],[26.51194,59.44482],[26.51247,59.44474],[26.51268,59.44446],[26.51157,59.44428],[26.51129,59.44406],[26.51095,59.44339],[26.51112,59.44293],[26.51153,59.44271],[26.51238,59.44265],[26.5129,59.44283],[26.51307,59.44329],[26.51355,59.44357],[26.51424,59.44344],[26.51529,59.44343],[26.51614,59.44326],[26.51617,59.44314],[26.51668,59.44272],[26.51731,59.44253],[26.51779,59.44225],[26.51763,59.44179],[26.51713,59.44165],[26.51661,59.4418],[26.51572,59.44186],[26.51532,59.44217],[26.51547,59.44246],[26.51579,59.44262],[26.51602,59.44302],[26.51586,59.44314],[26.51521,59.44315],[26.51534,59.44274],[26.51513,59.44217],[26.51518,59.44204],[26.51564,59.44178],[26.51652,59.44171],[26.51713,59.44156],[26.51778,59.44174],[26.51798,59.44204],[26.51797,59.44228],[26.51774,59.44246],[26.51681,59.44278],[26.51632,59.44323],[26.51783,59.44293],[26.52,59.4426],[26.52106,59.44188],[26.52273,59.44063],[26.5232,59.44017],[26.52396,59.43956]],[[26.5069,59.44446],[26.50693,59.4447],[26.50729,59.44497],[26.50904,59.44511],[26.50958,59.44527],[26.5102,59.44558],[26.51063,59.44569],[26.51156,59.44556],[26.51191,59.44562],[26.51239,59.44486],[26.51166,59.44494],[26.51057,59.44489],[26.51002,59.44467],[26.50922,59.44407],[26.50867,59.44389],[26.50745,59.44383],[26.50705,59.44399],[26.5069,59.44446]],[[26.50919,59.44684],[26.5094,59.44701],[26.51168,59.44798],[26.51245,59.44826],[26.51278,59.44875],[26.51371,59.44892],[26.51456,59.44823],[26.51634,59.44657],[26.51732,59.44583],[26.51756,59.44549],[26.51876,59.44443],[26.51897,59.44419],[26.51936,59.44402],[26.51956,59.4431],[26.5198,59.44277],[26.5179,59.44305],[26.51535,59.44355],[26.51426,59.44356],[26.51368,59.44367],[26.51364,59.44382],[26.51307,59.44433],[26.51269,59.4448],[26.51194,59.44605],[26.51133,59.44621],[26.51019,59.44633],[26.50963,59.44652],[26.50919,59.44684]],[[26.51112,59.44325],[26.51146,59.44403],[26.51168,59.4442],[26.51275,59.44437],[26.5134,59.44379],[26.51344,59.44364],[26.51301,59.44346],[26.51275,59.44289],[26.51234,59.44274],[26.51162,59.44279],[26.51128,59.44297],[26.51112,59.44325]]]},"properties":{"fclass":"riverbank"}},
{"type":"Feature","geometry":{"type":"Polygon","coordinates":[[[26.0979,59.35575],[26.09791,59.35563],[26.0974,59.35469],[26.09642,59.35309],[26.09555,59.35156],[26.09522,59.35107],[26.09431,59.34948],[26.09412,59.34922],[26.09416,59.34887],[26.09476,59.34837],[26.09655,59.34674],[26.09632,59.34715],[26.09562,59.3478],[26.09425,59.34896],[26.09426,59.34922],[26.09533,59.35093],[26.09723,59.35409],[26.09804,59.35564],[26.0979,59.35575]]]},"properties":{"fclass":"water"}},
{"type":"Feature","geometry":{"type":"Polygon","coordinates":[[[25.94976,59.45337],[25.94943,59.45334],[25.94897,59.45299],[25.94888,59.45266],[25.94952,59.45227],[25.9504,59.45137],[25.95068,59.45041],[25.95128,59.44999],[25.95127,59.44978],[25.95099,59.44928],[25.951,59.44908],[25.95203,59.44866],[25.95236,59.44821],[25.95309,59.4483],[25.95313,59.44853],[25.95225,59.44901],[25.95211,59.4497],[25.95181,59.45021],[25.95183,59.45054],[25.95144,59.45113],[25.95116,59.45138],[25.95126,59.45178],[25.95096,59.45184],[25.95085,59.45211],[25.95009,59.45254],[25.94976,59.45282],[25.94972,59.45303],[25.94995,59.45328],[25.94976,59.45337]]]},"properties":{"fclass":"water"}},
{"type":"Feature","geometry":{"type":"Polygon","coordinates":[[[26.13384,59.335],[26.13398,59.33476],[26.13543,59.33415],[26.13634,59.33385],[26.13689,59.33344],[26.1374,59.33289],[26.13839,59.33209],[26.139,59.33168],[26.13895,59.33118],[26.13947,59.32951],[26.13992,59.32926],[26.14111,59.32885],[26.14151,59.32864],[26.14189,59.3283],[26.14251,59.32798],[26.14262,59.32764],[26.14296,59.32717],[26.14328,59.3272],[26.14334,59.32803],[26.14373,59.32821],[26.14437,59.32823],[26.14487,59.3281],[26.14495,59.32831],[26.14469,59.3286],[26.145,59.32875],[26.14483,59.3289],[26.14417,59.32893],[26.14427,59.3297],[26.14366,59.32966],[26.14343,59.32948],[26.14365,59.32915],[26.14339,59.32892],[26.1436,59.32861],[26.14294,59.32845],[26.14267,59.32885],[26.14225,59.32904],[26.14187,59.32902],[26.14164,59.32922],[26.14122,59.32918],[26.14034,59.32953],[26.13996,59.32995],[26.14028,59.33008],[26.14106,59.3295],[26.14139,59.32937],[26.1419,59.32958],[26.14271,59.32972],[26.14324,59.32994],[26.14284,59.33076],[26.14308,59.33085],[26.14339,59.33065],[26.14357,59.33025],[26.14355,59.32981],[26.14367,59.32972],[26.14427,59.32978],[26.14418,59.33033],[26.14402,59.3307],[26.14377,59.33096],[26.14298,59.33151],[26.14227,59.33213],[26.14131,59.3326],[26.14011,59.33365],[26.13928,59.33403],[26.13901,59.3345],[26.13882,59.33467],[26.1382,59.33482],[26.13788,59.33509],[26.13702,59.33533],[26.13653,59.33522],[26.1359,59.33532],[26.13539,59.33523],[26.13457,59.33524],[26.134,59.33505],[26.13384,59.335]],[[26.13838,59.33331],[26.13908,59.33327],[26.13977,59.33263],[26.13941,59.33243],[26.13845,59.33316],[26.13838,59.33331]],[[26.14006,59.33149],[26.14015,59.33169],[26.14066,59.33166],[26.14143,59.3318],[26.14175,59.33109],[26.14145,59.3308],[26.14083,59.33056],[26.14006,59.33149]]]},"properties":{"fclass":"reservoir"}},
{"type":"Feature","geometry":{"type":"Polygon","coordinates":[[[25.25212,59.018],[25.25214,59.01764],[25.25242,59.017],[25.25378,59.01642],[25.25467,59.01635],[25.25515,59.0164],[25.25555,59.01655],[25.25594,59.01655],[25.25612,59.0168],[25.25657,59.01674],[25.25676,59.0169],[25.25648,59.01717],[25.25702,59.01777],[25.25716,59.01818],[25.25707,59.01914],[25.25734,59.01933],[25.25669,59.01954],[25.2563,59.01983],[25.25636,59.02],[25.25552,59.02002],[25.25478,59.02028],[25.25421,59.02034],[25.25334,59.01995],[25.25268,59.01945],[25.25256,59.0192],[25.25241,59.01838],[25.25212,59.018]]]},"properties":{"fclass":"water"}},
{"type":"Feature","geometry":{"type":"MultiPolygon","coordinates":[[[[25.95236,59.44821],[25.95252,59.44793],[25.95295,59.44765],[25.95375,59.44754],[25.95442,59.44756],[25.95536,59.44804],[25.95578,59.44817],[25.95701,59.44817],[25.95728,59.44856],[25.9581,59.44901],[25.95859,59.44863],[25.95883,59.44861],[25.95903,59.44931],[25.95935,59.44906],[25.95986,59.44911],[25.95995,59.44955],[25.96122,59.44956],[25.96191,59.44967],[25.96207,59.44979],[25.96218,59.45026],[25.96238,59.45028],[25.96286,59.45005],[25.96367,59.44999],[25.96389,59.45014],[25.9636,59.45046],[25.96457,59.45028],[25.96483,59.45038],[25.96492,59.45082],[25.96537,59.45094],[25.96589,59.45057],[25.96654,59.45052],[25.96673,59.4503],[25.96713,59.45019],[25.96792,59.45018],[25.96842,59.45009],[25.96772,59.44971],[25.96778,59.4496],[25.96853,59.44939],[25.96885,59.44868],[25.96916,59.44847],[25.96959,59.44841],[25.96954,59.44823],[25.96906,59.44802],[25.9684,59.44787],[25.9684,59.44765],[25.96879,59.44757],[25.96902,59.44771],[25.96969,59.44784],[25.9703,59.44782],[25.97051,59.44768],[25.97041,59.44686],[25.97077,59.44664],[25.97068,59.4463],[25.97015,59.44633],[25.96998,59.44668],[25.9696,59.44673],[25.96919,59.44658],[25.96898,59.44626],[25.96848,59.4459],[25.96799,59.44579],[25.96795,59.4454],[25.96814,59.44521],[25.96802,59.44477],[25.96813,59.44425],[25.96847,59.44401],[25.96879,59.44359],[25.96904,59.44303],[25.9686,59.44228],[25.96826,59.44219],[25.96741,59.44227],[25.96692,59.44224],[25.96658,59.44211],[25.96602,59.44227],[25.96547,59.44225],[25.9652,59.44197],[25.96528,59.4418],[25.96622,59.44189],[25.96529,59.44154],[25.96451,59.44111],[25.96347,59.44075],[25.96317,59.4404],[25.96328,59.43997],[25.96399,59.43951],[25.96475,59.43927],[25.96708,59.43893],[25.96877,59.43891],[25.96926,59.4385],[25.96896,59.43825],[25.96902,59.43795],[25.96957,59.43748],[25.96969,59.43753],[25.96919,59.43797],[25.96912,59.43824],[25.96935,59.43842],[25.96973,59.43819],[25.97042,59.43805],[25.97174,59.43809],[25.97262,59.43839],[25.9731,59.43874],[25.9735,59.43867],[25.97385,59.43827],[25.97448,59.43818],[25.97471,59.43837],[25.9748,59.43898],[25.97503,59.43941],[25.9756,59.43976],[25.97603,59.43991],[25.97666,59.43965],[25.97753,59.43964],[25.97809,59.43957],[25.97862,59.43962],[25.97927,59.43996],[25.97965,59.44005],[25.98115,59.44006],[25.98201,59.43994],[25.98353,59.44017],[25.98466,59.44008],[25.98654,59.43971],[25.98724,59.43953],[25.98762,59.4393],[25.98681,59.4387],[25.98691,59.43829],[25.98759,59.43794],[25.98824,59.43748],[25.98807,59.43729],[25.98716,59.43712],[25.98656,59.43683],[25.98647,59.43644],[25.98668,59.43613],[25.98661,59.43597],[25.98617,59.43577],[25.98537,59.43562],[25.98517,59.43546],[25.98546,59.43514],[25.98607,59.43503],[25.98579,59.43432],[25.98584,59.43419],[25.9864,59.43392],[25.98711,59.43369],[25.98747,59.43345],[25.9878,59.43281],[25.98879,59.43237],[25.9898,59.43208],[25.99113,59.43201],[25.99184,59.43182],[25.99242,59.43159],[25.99283,59.43153],[25.99425,59.43162],[25.99449,59.43158],[25.99494,59.43117],[25.99575,59.43078],[25.99633,59.43058],[25.99708,59.43009],[25.99736,59.42984],[25.99774,59.42975],[25.99821,59.42979],[25.99905,59.43011],[25.9994,59.43036],[25.99988,59.43056],[26.00045,59.43048],[26.0008,59.43024],[26.00073,59.42958],[26.00119,59.42929],[26.00185,59.42957],[26.00258,59.4296],[26.00279,59.42954],[26.00283,59.42912],[26.00311,59.42889],[26.00382,59.42883],[26.00481,59.42906],[26.00562,59.42918],[26.0062,59.42919],[26.00634,59.42901],[26.00585,59.42862],[26.0058,59.42821],[26.00591,59.42807],[26.00665,59.42778],[26.00724,59.42772],[26.00779,59.4278],[26.00923,59.4277],[26.00982,59.42772],[26.00996,59.42761],[26.00914,59.42702],[26.00904,59.42687],[26.0093,59.42655],[26.00987,59.42647],[26.01073,59.42655],[26.01095,59.42633],[26.01083,59.42597],[26.011,59.42565],[26.01168,59.42535],[26.01202,59.4253],[26.01341,59.42523],[26.01362,59.42506],[26.01425,59.42355],[26.01475,59.42329],[26.01575,59.42292],[26.01739,59.42244],[26.01759,59.42231],[26.01788,59.42189],[26.01851,59.42139],[26.02042,59.42056],[26.02205,59.41972],[26.02296,59.41936],[26.02407,59.41902],[26.02524,59.4188],[26.02531,59.41854],[26.02495,59.41803],[26.02429,59.41759],[26.02417,59.41729],[26.02456,59.41719],[26.02612,59.41718],[26.02705,59.41725],[26.02748,59.4172],[26.02843,59.41669],[26.02887,59.4166],[26.03052,59.41545],[26.02984,59.41502],[26.02914,59.41475],[26.02886,59.41437],[26.02886,59.41407],[26.02912,59.41399],[26.03034,59.41416],[26.03187,59.41417],[26.03275,59.41402],[26.03282,59.41394],[26.03221,59.4129],[26.03183,59.41279],[26.03151,59.41205],[26.03155,59.41196],[26.03263,59.41131],[26.03237,59.41005],[26.03199,59.40794],[26.03187,59.40693],[26.03131,59.40654],[26.03111,59.40607],[26.03127,59.40578],[26.0322,59.40509],[26.03233,59.40493],[26.03245,59.4041],[26.03229,59.40365],[26.03238,59.40338],[26.03293,59.40309],[26.033,59.40286],[26.03328,59.40272],[26.03418,59.40167],[26.0342,59.40097],[26.03453,59.40023],[26.03486,59.40003],[26.03583,59.39966],[26.03621,59.39938],[26.03679,59.39913],[26.03722,59.39876],[26.03695,59.39779],[26.03699,59.39728],[26.03723,59.39708],[26.03758,59.39702],[26.03852,59.3972],[26.03908,59.39737],[26.03933,59.39736],[26.03966,59.39693],[26.03961,59.3962],[26.03978,59.39567],[26.04054,59.39493],[26.04055,59.39459],[26.04022,59.39409],[26.04027,59.39395],[26.04182,59.39291],[26.04206,59.39282],[26.04444,59.39231],[26.04501,59.39213],[26.04506,59.39202],[26.04408,59.39152],[26.04429,59.39116],[26.04414,59.3906],[26.04429,59.39012],[26.04471,59.38984],[26.04669,59.38936],[26.04692,59.389],[26.04741,59.38885],[26.04771,59.38887],[26.0489,59.38864],[26.05104,59.38829],[26.05213,59.38856],[26.05294,59.38818],[26.0537,59.38804],[26.05411,59.38789],[26.05457,59.38789],[26.05508,59.38826],[26.05536,59.38827],[26.05594,59.38776],[26.05626,59.38771],[26.05712,59.38777],[26.0573,59.38769],[26.05719,59.38702],[26.05732,59.38657],[26.05774,59.38614],[26.05851,59.3858],[26.05869,59.38563],[26.05907,59.38498],[26.05855,59.38422],[26.05856,59.38386],[26.05882,59.38367],[26.06044,59.38217],[26.06136,59.38127],[26.06169,59.38109],[26.06171,59.38063],[26.06216,59.38],[26.06268,59.37973],[26.06358,59.37894],[26.0644,59.37828],[26.06468,59.37758],[26.06466,59.37711],[26.06531,59.37665],[26.06583,59.37648],[26.06641,59.37614],[26.06649,59.37577],[26.0664,59.37558],[26.06601,59.37349],[26.06578,59.3725],[26.06584,59.37238],[26.06754,59.37159],[26.06961,59.37089],[26.06987,59.37071],[26.07001,59.37017],[26.07034,59.36999],[26.07096,59.36995],[26.07209,59.36999],[26.07264,59.36964],[26.0749,59.36961],[26.07563,59.36966],[26.07616,59.36958],[26.0765,59.36932],[26.07605,59.36875],[26.07632,59.36859],[26.07693,59.36856],[26.07747,59.36844],[26.07826,59.36837],[26.07856,59.36786],[26.07952,59.36736],[26.08031,59.36736],[26.08078,59.36704],[26.08162,59.36693],[26.08266,59.36715],[26.08321,59.36712],[26.08365,59.367],[26.08555,59.36632],[26.09178,59.36417],[26.09232,59.36381],[26.09273,59.36364],[26.09321,59.36326],[26.09325,59.36304],[26.09292,59.36279],[26.09291,59.36248],[26.09315,59.3622],[26.09301,59.36148],[26.09322,59.3612],[26.09404,59.36105],[26.09426,59.36085],[26.09424,59.36026],[26.09454,59.35945],[26.09478,59.35919],[26.09566,59.35916],[26.09574,59.35878],[26.09603,59.35864],[26.09615,59.35837],[26.09648,59.35808],[26.0967,59.35748],[26.09735,59.3574],[26.09789,59.35656],[26.0977,59.35613],[26.0979,59.35575],[26.09804,59.35564],[26.09902,59.35543],[26.10017,59.35537],[26.10161,59.35493],[26.10195,59.3549],[26.10362,59.35489],[26.10401,59.35466],[26.10439,59.354],[26.10457,59.35344],[26.10473,59.35267],[26.10515,59.35226],[26.10601,59.35186],[26.10611,59.35191],[26.1053,59.35232],[26.10489,59.35271],[26.10475,59.35346],[26.10453,59.3541],[26.10414,59.35475],[26.10368,59.35498],[26.10169,59.35501],[26.10058,59.35536],[26.0998,59.35551],[26.09904,59.35552],[26.09807,59.35574],[26.09787,59.35615],[26.09803,59.35648],[26.09793,59.35677],[26.09751,59.35743],[26.09683,59.35755],[26.09677,59.35791],[26.09632,59.35834],[26.09629,59.35864],[26.09592,59.35878],[26.09586,59.35908],[26.09557,59.35926],[26.09489,59.35926],[26.09446,59.36015],[26.09448,59.3608],[26.09432,59.36104],[26.09334,59.36129],[26.09322,59.36164],[26.09333,59.36225],[26.09306,59.36252],[26.09313,59.3628],[26.09335,59.3629],[26.09346,59.36319],[26.09294,59.36367],[26.09243,59.36389],[26.0922,59.3641],[26.09295,59.36448],[26.09313,59.36481],[26.0928,59.36509],[26.09179,59.36532],[26.09146,59.36613],[26.09179,59.36672],[26.09208,59.36698],[26.09211,59.36731],[26.09245,59.36777],[26.09253,59.36803],[26.09222,59.36822],[26.09138,59.3683],[26.09031,59.36826],[26.09029,59.36817],[26.09134,59.36821],[26.09214,59.36814],[26.09234,59.36802],[26.09227,59.36779],[26.09194,59.36733],[26.09193,59.36704],[26.09162,59.36676],[26.09128,59.36615],[26.09129,59.36595],[26.09163,59.36527],[26.09268,59.36502],[26.09295,59.36479],[26.0928,59.36453],[26.09212,59.36417],[26.08937,59.36514],[26.08782,59.36566],[26.08376,59.36709],[26.08294,59.36727],[26.08239,59.36722],[26.08249,59.36746],[26.08295,59.36795],[26.08433,59.36805],[26.08405,59.36815],[26.08287,59.36803],[26.08262,59.36789],[26.08231,59.36749],[26.0822,59.36717],[26.08161,59.36704],[26.08094,59.36712],[26.08071,59.36735],[26.08035,59.36747],[26.07964,59.36745],[26.07874,59.36793],[26.07832,59.36851],[26.07752,59.36855],[26.07698,59.36866],[26.07641,59.36869],[26.0763,59.36881],[26.07669,59.3692],[26.07654,59.36955],[26.07628,59.36967],[26.07565,59.36977],[26.07488,59.36972],[26.07279,59.36972],[26.07242,59.37002],[26.07215,59.3701],[26.07097,59.37006],[26.07043,59.37009],[26.07021,59.37021],[26.06996,59.37087],[26.06871,59.37134],[26.06768,59.37168],[26.06604,59.37243],[26.066,59.37251],[26.06623,59.37349],[26.06646,59.37502],[26.0667,59.37575],[26.06661,59.37618],[26.06637,59.37637],[26.06545,59.37673],[26.06487,59.37714],[26.0649,59.37758],[26.0646,59.37833],[26.06286,59.37976],[26.06233,59.38007],[26.06192,59.38065],[26.06185,59.38124],[26.06136,59.38142],[26.06121,59.38167],[26.05921,59.38352],[26.05877,59.3839],[26.05889,59.38454],[26.05923,59.38494],[26.05885,59.38566],[26.05852,59.3859],[26.05785,59.38621],[26.05757,59.38643],[26.05738,59.38707],[26.05751,59.38768],[26.05711,59.38786],[26.05604,59.38782],[26.05559,59.38825],[26.05524,59.3884],[26.05494,59.38835],[26.05459,59.38806],[26.05428,59.38795],[26.05366,59.38817],[26.05288,59.38832],[26.05232,59.38864],[26.05214,59.38864],[26.05091,59.38839],[26.05044,59.38849],[26.04831,59.38885],[26.04782,59.38896],[26.04715,59.389],[26.04681,59.38943],[26.04479,59.3899],[26.04439,59.39026],[26.04435,59.39065],[26.0445,59.39113],[26.04431,59.39155],[26.0452,59.39193],[26.04529,59.39211],[26.04457,59.39238],[26.04221,59.39288],[26.04193,59.393],[26.0404,59.39406],[26.0408,59.39486],[26.03995,59.39574],[26.03975,59.39627],[26.03986,59.39683],[26.03956,59.39737],[26.03905,59.39746],[26.03795,59.39715],[26.03731,59.39715],[26.0371,59.3974],[26.03712,59.39788],[26.03741,59.39871],[26.03685,59.39922],[26.03641,59.39939],[26.03605,59.39966],[26.03549,59.39995],[26.03493,59.40013],[26.0346,59.40038],[26.03444,59.40078],[26.03433,59.40175],[26.03313,59.40315],[26.03266,59.40333],[26.03243,59.40367],[26.03265,59.40407],[26.03259,59.40448],[26.03345,59.40474],[26.03398,59.40479],[26.03414,59.40514],[26.03392,59.4056],[26.03322,59.40582],[26.03247,59.40568],[26.03189,59.4055],[26.03134,59.40592],[26.03135,59.40627],[26.03195,59.40682],[26.03218,59.40824],[26.0328,59.4113],[26.03261,59.41148],[26.03182,59.41192],[26.03167,59.4121],[26.03199,59.41273],[26.03241,59.4129],[26.03284,59.41374],[26.03287,59.41409],[26.03181,59.41424],[26.03032,59.41423],[26.0292,59.41407],[26.02897,59.4143],[26.02918,59.41463],[26.02968,59.41483],[26.03042,59.41523],[26.03073,59.41546],[26.03045,59.41568],[26.02901,59.41666],[26.02837,59.41682],[26.02788,59.41714],[26.02711,59.41732],[26.02621,59.41727],[26.02447,59.41729],[26.02438,59.4175],[26.02503,59.41792],[26.02547,59.41847],[26.02557,59.41879],[26.0241,59.41914],[26.02286,59.41949],[26.02292,59.41974],[26.0237,59.42012],[26.02465,59.42048],[26.02487,59.42063],[26.02474,59.42087],[26.0238,59.42102],[26.02267,59.42105],[26.02197,59.42088],[26.02031,59.4208],[26.01994,59.42097],[26.02053,59.42193],[26.02033,59.42222],[26.0199,59.42223],[26.01941,59.42208],[26.01854,59.4216],[26.0181,59.42189],[26.0179,59.42221],[26.01755,59.42248],[26.01572,59.42304],[26.01497,59.42333],[26.01428,59.42373],[26.01427,59.42399],[26.01383,59.42484],[26.01368,59.42527],[26.01191,59.42541],[26.01127,59.42562],[26.01108,59.42576],[26.01113,59.42643],[26.01072,59.42665],[26.00968,59.42656],[26.00932,59.42674],[26.00922,59.42693],[26.00995,59.42739],[26.01016,59.42762],[26.01007,59.42777],[26.00944,59.42777],[26.00801,59.42789],[26.00716,59.4278],[26.00676,59.42785],[26.00609,59.42812],[26.00597,59.42847],[26.00648,59.42896],[26.00621,59.42926],[26.00555,59.42926],[26.00491,59.42916],[26.00371,59.42889],[26.00332,59.42893],[26.00297,59.42916],[26.00301,59.42959],[26.00264,59.42969],[26.00185,59.42968],[26.00133,59.42942],[26.00092,59.42956],[26.00099,59.43022],[26.00071,59.4305],[26.00013,59.43066],[25.99937,59.43048],[25.99883,59.43011],[25.99827,59.42991],[25.99757,59.42986],[25.997,59.43032],[25.99641,59.43065],[25.99561,59.43094],[25.99498,59.43127],[25.99476,59.43156],[25.99447,59.43169],[25.99392,59.4317],[25.99292,59.43162],[25.99259,59.43164],[25.99117,59.43209],[25.98995,59.43213],[25.98867,59.43251],[25.98792,59.43288],[25.98769,59.43341],[25.98751,59.43363],[25.98607,59.4342],[25.98596,59.43435],[25.98634,59.43488],[25.98621,59.43511],[25.98544,59.43529],[25.98557,59.43558],[25.98634,59.43572],[25.98678,59.43594],[25.98687,59.43617],[25.98662,59.43651],[25.98671,59.43676],[25.98745,59.43709],[25.98817,59.43721],[25.98845,59.4374],[25.98835,59.43756],[25.98773,59.438],[25.98707,59.43833],[25.98693,59.43858],[25.98782,59.43926],[25.98779,59.43948],[25.98665,59.43978],[25.98528,59.44009],[25.98392,59.44025],[25.9831,59.44019],[25.9821,59.44003],[25.98143,59.44013],[25.97944,59.44014],[25.97867,59.43973],[25.9781,59.43964],[25.97763,59.43973],[25.97666,59.43973],[25.97625,59.43998],[25.97591,59.44],[25.97547,59.43987],[25.97464,59.43922],[25.97453,59.43839],[25.97439,59.43827],[25.97393,59.43834],[25.97374,59.43863],[25.97345,59.43884],[25.973,59.43883],[25.97247,59.43845],[25.97167,59.43818],[25.97046,59.43814],[25.96983,59.43827],[25.9696,59.43839],[25.96899,59.43893],[25.96842,59.43903],[25.96711,59.43902],[25.96482,59.43935],[25.96414,59.43957],[25.96352,59.43992],[25.96338,59.44037],[25.96351,59.44061],[25.96404,59.44087],[25.96463,59.44104],[25.96544,59.44148],[25.96637,59.44182],[25.96697,59.44211],[25.96744,59.44214],[25.96817,59.44209],[25.96887,59.44217],[25.96933,59.44239],[25.96935,59.44255],[25.96902,59.44276],[25.96926,59.4429],[25.96918,59.44322],[25.96869,59.444],[25.96827,59.44428],[25.96818,59.44476],[25.96828,59.44532],[25.96812,59.44574],[25.96861,59.44586],[25.96912,59.44619],[25.96939,59.44659],[25.96967,59.44667],[25.96996,59.4465],[25.96994,59.44629],[25.97028,59.44621],[25.97087,59.44625],[25.971,59.44651],[25.9706,59.44685],[25.97059,59.4473],[25.97077,59.44768],[25.97047,59.44787],[25.96923,59.44799],[25.96983,59.44827],[25.96957,59.44852],[25.96929,59.44855],[25.96894,59.44882],[25.96878,59.44934],[25.96808,59.44962],[25.968,59.44974],[25.96852,59.44991],[25.96865,59.45005],[25.96829,59.45021],[25.96699,59.45029],[25.96682,59.45051],[25.96579,59.45071],[25.96567,59.45098],[25.96543,59.45107],[25.96472,59.45083],[25.96459,59.45042],[25.96422,59.45041],[25.96386,59.45076],[25.96351,59.4509],[25.96315,59.45083],[25.96313,59.45065],[25.96354,59.45018],[25.96317,59.45008],[25.9624,59.4504],[25.96196,59.45024],[25.96191,59.44981],[25.96126,59.44965],[25.9599,59.44968],[25.95969,59.44957],[25.95975,59.44917],[25.95943,59.44919],[25.95939,59.44943],[25.95905,59.4494],[25.95879,59.44917],[25.95841,59.44904],[25.95804,59.44912],[25.95656,59.44835],[25.95564,59.44826],[25.95443,59.44774],[25.95392,59.44771],[25.95322,59.44801],[25.95309,59.4483],[25.95236,59.44821]],[[26.0187,59.4215],[26.01958,59.42209],[26.02017,59.42217],[26.0204,59.42188],[26.02022,59.4215],[26.01977,59.42097],[26.01884,59.42138],[26.0187,59.4215]],[[26.02036,59.42072],[26.02171,59.4208],[26.02267,59.42099],[26.02399,59.42092],[26.02472,59.42081],[26.0247,59.42061],[26.02389,59.42029],[26.02302,59.41988],[26.02258,59.41961],[26.02193,59.41991],[26.02036,59.42072]],[[26.032,59.4054],[26.03303,59.4057],[26.03342,59.40571],[26.03376,59.40556],[26.03396,59.40512],[26.03388,59.40487],[26.03339,59.40482],[26.03257,59.40458],[26.03243,59.40503],[26.032,59.4054]]],[[[25.94995,59.45328],[25.95071,59.45365],[25.95083,59.45403],[25.9513,59.45446],[25.95138,59.45469],[25.95114,59.45506],[25.95086,59.45512],[25.95,59.45498],[25.94976,59.45505],[25.94966,59.45538],[25.94987,59.45575],[25.95034,59.45613],[25.95093,59.45697],[25.95089,59.45739],[25.95028,59.45757],[25.94949,59.45749],[25.94955,59.45774],[25.95007,59.45775],[25.95091,59.45803],[25.95077,59.4582],[25.94966,59.45832],[25.94908,59.45827],[25.94876,59.45833],[25.94891,59.45917],[25.94878,59.45948],[25.94746,59.45965],[25.94736,59.45976],[25.94823,59.46012],[25.94824,59.46046],[25.94766,59.46065],[25.94747,59.4608],[25.94856,59.46107],[25.94887,59.4612],[25.94891,59.46144],[25.94778,59.46177],[25.94718,59.46177],[25.94709,59.46192],[25.94781,59.46206],[25.94773,59.46222],[25.94733,59.46233],[25.94638,59.46232],[25.94577,59.4621],[25.94556,59.46213],[25.94567,59.46264],[25.94604,59.46309],[25.9459,59.46327],[25.94553,59.4633],[25.94508,59.46316],[25.9447,59.46291],[25.94439,59.46291],[25.94447,59.46318],[25.94487,59.46373],[25.94533,59.46423],[25.94519,59.46439],[25.9441,59.46459],[25.94328,59.46468],[25.94269,59.46458],[25.94273,59.46487],[25.94225,59.46501],[25.94173,59.46499],[25.94114,59.46487],[25.94016,59.46561],[25.93985,59.46556],[25.93956,59.4653],[25.93919,59.46527],[25.93842,59.46549],[25.93823,59.46631],[25.93777,59.46634],[25.93819,59.46659],[25.93776,59.46674],[25.93682,59.46626],[25.93621,59.46608],[25.93594,59.4661],[25.93547,59.4665],[25.93563,59.46684],[25.93507,59.46689],[25.93412,59.46624],[25.93368,59.46628],[25.93344,59.46649],[25.93367,59.46677],[25.93317,59.46689],[25.93272,59.4667],[25.93243,59.46704],[25.93199,59.46704],[25.93166,59.46651],[25.9311,59.46665],[25.9315,59.46677],[25.93147,59.46697],[25.93091,59.46729],[25.92978,59.46743],[25.92956,59.46752],[25.92994,59.4679],[25.92969,59.46804],[25.93,59.46841],[25.92929,59.46869],[25.92893,59.46873],[25.92834,59.46837],[25.92814,59.46853],[25.92812,59.46901],[25.92782,59.46913],[25.92682,59.46915],[25.92628,59.46881],[25.92576,59.46907],[25.9256,59.46937],[25.92578,59.46966],[25.92551,59.46981],[25.92468,59.46934],[25.92369,59.46931],[25.92282,59.47001],[25.92277,59.46984],[25.92359,59.4692],[25.92457,59.46925],[25.92492,59.46933],[25.92531,59.46957],[25.92573,59.46894],[25.92619,59.46873],[25.92661,59.46878],[25.92677,59.46903],[25.92778,59.46904],[25.92799,59.46882],[25.92804,59.46837],[25.92836,59.46826],[25.92894,59.46863],[25.9298,59.46842],[25.92951,59.46811],[25.92976,59.46783],[25.92939,59.46752],[25.92949,59.46737],[25.93103,59.46712],[25.93139,59.46687],[25.93098,59.46683],[25.93085,59.46666],[25.93128,59.46647],[25.93144,59.46613],[25.93183,59.46612],[25.93179,59.46641],[25.93193,59.46681],[25.93238,59.46695],[25.93254,59.46654],[25.93329,59.46647],[25.93371,59.46615],[25.93431,59.46621],[25.93513,59.46679],[25.9354,59.46682],[25.93537,59.46635],[25.93586,59.46602],[25.93634,59.46602],[25.93691,59.46619],[25.93734,59.46641],[25.9377,59.46624],[25.93819,59.46623],[25.93812,59.46582],[25.93828,59.46545],[25.93906,59.46521],[25.93955,59.46518],[25.93995,59.46549],[25.94013,59.4655],[25.94104,59.46479],[25.94134,59.46473],[25.94178,59.46491],[25.94252,59.46487],[25.94245,59.46465],[25.94266,59.46448],[25.94316,59.46459],[25.94446,59.46447],[25.94515,59.46427],[25.94429,59.4632],[25.94426,59.46284],[25.94471,59.46282],[25.94537,59.4632],[25.94587,59.4631],[25.94546,59.46262],[25.94535,59.46216],[25.94584,59.462],[25.94648,59.46223],[25.94741,59.46223],[25.94705,59.46205],[25.94683,59.4618],[25.94705,59.46168],[25.94774,59.46167],[25.94864,59.46143],[25.94862,59.46123],[25.94805,59.46105],[25.94729,59.46096],[25.94729,59.46069],[25.94803,59.46043],[25.94798,59.46015],[25.94721,59.45982],[25.94726,59.45955],[25.94775,59.45955],[25.94869,59.45939],[25.94862,59.45824],[25.94965,59.45823],[25.95067,59.45812],[25.94978,59.45781],[25.94938,59.45779],[25.94934,59.4574],[25.94969,59.45737],[25.95029,59.45747],[25.95081,59.45725],[25.95078,59.45705],[25.9504,59.45646],[25.94944,59.45583],[25.94959,59.45569],[25.9495,59.45538],[25.94961,59.45505],[25.94955,59.45477],[25.95049,59.4539],[25.95042,59.45365],[25.94976,59.45337],[25.94995,59.45328]],[[25.9497,59.45482],[25.94985,59.45492],[25.95106,59.455],[25.95119,59.45475],[25.95113,59.45448],[25.95066,59.45407],[25.9497,59.45482]]],[[[26.134,59.33505],[26.1335,59.3356],[26.13249,59.33566],[26.13248,59.33552],[26.13321,59.33545],[26.13384,59.335],[26.134,59.33505]]],[[[26.10892,59.34967],[26.10936,59.34951],[26.10979,59.34974],[26.11093,59.35017],[26.10994,59.35036],[26.10907,59.35],[26.10892,59.34967]]],[[[26.11076,59.34918],[26.11088,59.34889],[26.11128,59.34915],[26.11167,59.34954],[26.11164,59.34975],[26.11117,59.34992],[26.11091,59.34982],[26.11141,59.34958],[26.11114,59.34932],[26.11076,59.34918]]],[[[26.1455,59.32771],[26.14581,59.32731],[26.14571,59.32691],[26.14582,59.32665],[26.14627,59.32646],[26.14737,59.3262],[26.14746,59.32627],[26.14639,59.32649],[26.14602,59.32674],[26.14609,59.32748],[26.14573,59.32778],[26.1455,59.32771]]]]},"properties":{"fclass":"riverbank"}},
{"type":"Feature","geometry":{"type":"Polygon","coordinates":[[[26.34511,59.47107],[26.34566,59.47086],[26.34605,59.47141],[26.34608,59.47168],[26.34633,59.47233],[26.34655,59.47255],[26.34665,59.47302],[26.34726,59.47274],[26.34791,59.47262],[26.34841,59.47236],[26.34866,59.47244],[26.34808,59.47271],[26.34752,59.47279],[26.34717,59.47293],[26.347,59.47324],[26.34644,59.47307],[26.34625,59.47248],[26.34591,59.47241],[26.34605,59.47214],[26.34599,59.47175],[26.34565,59.47157],[26.34511,59.47107]]]},"properties":{"fclass":"water"}},
{"type":"Feature","geometry":{"type":"Polygon","coordinates":[[[26.32981,59.38085],[26.32905,59.38134],[26.32848,59.38156],[26.3271,59.38178],[26.3264,59.3821],[26.32592,59.38211],[26.32507,59.38186],[26.32494,59.38168],[26.32514,59.38126],[26.32502,59.38103],[26.32445,59.38094],[26.32451,59.38064],[26.32403,59.38045],[26.32355,59.38053],[26.3229,59.38028],[26.32308,59.38016],[26.32314,59.38012],[26.3234,59.38002],[26.32412,59.38039],[26.32543,59.3809],[26.3258,59.38094],[26.32691,59.38091],[26.32786,59.3808],[26.32883,59.38036],[26.32901,59.38035],[26.3298,59.38072],[26.32981,59.38085]]]},"properties":{"fclass":"reservoir"}},
{"type":"Feature","geometry":{"type":"Polygon","coordinates":[[[25.84601,59.12361],[25.84663,59.12329],[25.84747,59.1231],[25.84788,59.12311],[25.84916,59.12271],[25.84964,59.12262],[25.85058,59.12252],[25.85106,59.12239],[25.85189,59.1223],[25.85293,59.12202],[25.85356,59.12159],[25.85371,59.12169],[25.85329,59.12206],[25.85255,59.1224],[25.85176,59.12263],[25.85167,59.12279],[25.84866,59.12351],[25.8483,59.12354],[25.84666,59.12404],[25.84625,59.12394],[25.84601,59.12361]]]},"properties":{"fclass":"reservoir"}},
{"type":"Feature","geometry":{"type":"Polygon","coordinates":[[[25.20313,59.1256],[25.20325,59.12517],[25.2036,59.12486],[25.20423,59.12459],[25.2053,59.12439],[25.20479,59.12484],[25.20452,59.12543],[25.20462,59.1256],[25.20446,59.12609],[25.20407,59.1265],[25.20425,59.12682],[25.20396,59.12697],[25.20339,59.12674],[25.20326,59.12658],[25.20334,59.12598],[25.20313,59.1256]],[[25.20388,59.12612],[25.20443,59.12563],[25.20421,59.12554],[25.20388,59.12612]]]},"properties":{"fclass":"water"}},
{"type":"Feature","geometry":{"type":"Polygon","coordinates":[[[25.6883,59.40222],[25.68895,59.40184],[25.68916,59.40152],[25.68988,59.40154],[25.69038,59.40119],[25.69001,59.40104],[25.69046,59.40085],[25.69116,59.40076],[25.6916,59.40034],[25.6922,59.40045],[25.69238,59.40072],[25.69171,59.40083],[25.69111,59.40111],[25.69121,59.40123],[25.691,59.40149],[25.69036,59.4018],[25.68992,59.40192],[25.68949,59.40189],[25.68933,59.40205],[25.69018,59.40201],[25.69061,59.40213],[25.69015,59.40248],[25.69093,59.40293],[25.69096,59.40322],[25.69054,59.40389],[25.69009,59.40383],[25.69007,59.40345],[25.68933,59.40309],[25.68963,59.40277],[25.6893,59.40253],[25.68896,59.40259],[25.6887,59.40226],[25.6883,59.40222]]]},"properties":{"fclass":"water"}},
{"type":"Feature","geometry":{"type":"Polygon","coordinates":[[[25.67614,59.24663],[25.67698,59.24775],[25.6772,59.24817],[25.6768,59.24841],[25.67595,59.24837],[25.67445,59.24806],[25.67436,59.24771],[25.67458,59.24726],[25.67549,59.24668],[25.67614,59.24663]]]},"properties":{"fclass":"reservoir"}},
{"type":"Feature","geometry":{"type":"MultiPolygon","coordinates":[[[[25.67549,59.24668],[25.67619,59.24543],[25.67646,59.24523],[25.67713,59.2449],[25.67729,59.24498],[25.6765,59.24543],[25.67601,59.24638],[25.67614,59.24663],[25.67549,59.24668]]],[[[25.44685,59.26791],[25.44713,59.26787],[25.44775,59.26791],[25.44815,59.26802],[25.44863,59.26799],[25.44908,59.2676],[25.44939,59.26716],[25.44947,59.26679],[25.44971,59.26683],[25.44915,59.26767],[25.44875,59.26799],[25.44804,59.26808],[25.44758,59.26796],[25.44685,59.26791]]]]},"properties":{"fclass":"riverbank"}},
{"type":"Feature","geometry":{"type":"Polygon","coordinates":[[[26.11082,59.03683],[26.112,59.03684],[26.11312,59.03694],[26.11332,59.03688],[26.11512,59.03693],[26.11627,59.03693],[26.1173,59.03699],[26.11788,59.03698],[26.11817,59.03668],[26.1181,59.03641],[26.11819,59.03579],[26.11889,59.03589],[26.1186,59.03611],[26.11843,59.0366],[26.11819,59.03683],[26.11757,59.03717],[26.11767,59.0374],[26.11677,59.03721],[26.11619,59.03735],[26.11432,59.03737],[26.11393,59.03731],[26.11332,59.03735],[26.11297,59.03725],[26.11241,59.03728],[26.11213,59.03714],[26.11165,59.03714],[26.11158,59.03689],[26.11082,59.03683]]]},"properties":{"fclass":"water"}},
{"type":"Feature","geometry":{"type":"Polygon","coordinates":[[[26.10999,59.03663],[26.1103,59.0363],[26.11057,59.03623],[26.11078,59.03593],[26.11241,59.03583],[26.1135,59.03562],[26.11408,59.03557],[26.11492,59.03563],[26.11585,59.03563],[26.11685,59.03554],[26.1176,59.03556],[26.11705,59.03587],[26.11631,59.03595],[26.11608,59.0359],[26.11472,59.03595],[26.11485,59.03607],[26.11547,59.0361],[26.11567,59.03601],[26.1167,59.03606],[26.11747,59.03602],[26.11768,59.03615],[26.11694,59.03643],[26.11578,59.03636],[26.11583,59.03652],[26.11664,59.03653],[26.1172,59.03665],[26.1172,59.03688],[26.11544,59.03661],[26.11406,59.03659],[26.1133,59.03629],[26.11259,59.03636],[26.11219,59.0363],[26.11145,59.03649],[26.1108,59.03649],[26.11035,59.03663],[26.10999,59.03663]]]},"properties":{"fclass":"water"}},
{"type":"Feature","geometry":{"type":"Polygon","coordinates":[[[26.09813,59.04128],[26.09704,59.04116],[26.09678,59.04122],[26.09654,59.04162],[26.09613,59.04172],[26.09602,59.04145],[26.09542,59.04158],[26.09526,59.04202],[26.09587,59.0421],[26.09534,59.04229],[26.09503,59.04195],[26.0952,59.04149],[26.09583,59.04135],[26.09628,59.04133],[26.09669,59.0411],[26.09721,59.04104],[26.09814,59.0412],[26.09813,59.04128]]]},"properties":{"fclass":"reservoir"}},
{"type":"Feature","geometry":{"type":"Polygon","coordinates":[[[26.11687,59.03922],[26.11713,59.0387],[26.11801,59.03747],[26.11884,59.03645],[26.11938,59.03589],[26.12044,59.03612],[26.11908,59.03748],[26.11859,59.03822],[26.11801,59.03886],[26.11822,59.03893],[26.11961,59.03722],[26.12002,59.03676],[26.1202,59.03683],[26.1193,59.03787],[26.11935,59.03802],[26.1187,59.03871],[26.11819,59.03941],[26.1179,59.03936],[26.1182,59.03896],[26.11798,59.03889],[26.11756,59.03928],[26.11687,59.03922]]]},"properties":{"fclass":"water"}},
{"type":"Feature","geometry":{"type":"Polygon","coordinates":[[[26.11154,59.03768],[26.11175,59.03752],[26.11247,59.03746],[26.11289,59.0375],[26.11579,59.03754],[26.11611,59.0375],[26.11733,59.03778],[26.11693,59.03801],[26.11667,59.03794],[26.11559,59.03796],[26.11336,59.03787],[26.11333,59.03779],[26.11174,59.03776],[26.11154,59.03768]]]},"properties":{"fclass":"water"}},
{"type":"Feature","geometry":{"type":"Polygon","coordinates":[[[26.10958,59.03798],[26.10975,59.03784],[26.11082,59.03781],[26.11121,59.03799],[26.11181,59.03794],[26.1133,59.03807],[26.1161,59.03815],[26.1162,59.03826],[26.1169,59.03834],[26.11684,59.03849],[26.11536,59.03856],[26.11199,59.03838],[26.11216,59.0385],[26.11443,59.0386],[26.11531,59.03868],[26.11665,59.03866],[26.1167,59.03905],[26.11646,59.03953],[26.1157,59.03949],[26.11207,59.03909],[26.11072,59.03891],[26.11033,59.03883],[26.10972,59.03834],[26.10958,59.03798]]]},"properties":{"fclass":"water"}},
{"type":"Feature","geometry":{"type":"MultiPolygon","coordinates":[[[[26.45141,59.30395],[26.45147,59.30384],[26.45223,59.30347],[26.45287,59.30272],[26.45363,59.30274],[26.45403,59.30261],[26.45458,59.3028],[26.45506,59.30269],[26.45541,59.30235],[26.45532,59.30197],[26.45498,59.30164],[26.45418,59.30161],[26.45377,59.30169],[26.45368,59.30142],[26.45439,59.30139],[26.45499,59.30152],[26.45555,59.30175],[26.45576,59.30205],[26.45581,59.30245],[26.45481,59.30298],[26.4543,59.30309],[26.45363,59.3031],[26.45297,59.30296],[26.45276,59.3034],[26.45245,59.30364],[26.45253,59.30393],[26.45284,59.30409],[26.45274,59.30444],[26.45244,59.30446],[26.45201,59.30433],[26.45141,59.30395]]],[[[26.45221,59.30493],[26.45238,59.30453],[26.45334,59.30473],[26.45406,59.30495],[26.45415,59.30515],[26.45397,59.30539],[26.45363,59.30558],[26.45289,59.30565],[26.45252,59.30555],[26.45223,59.30523],[26.45221,59.30493]],[[26.45291,59.30499],[26.45322,59.30545],[26.45391,59.30514],[26.4538,59.30499],[26.45291,59.30499]]]]},"properties":{"fclass":"reservoir"}},
{"type":"Feature","geometry":{"type":"Polygon","coordinates":[[[26.25498,59.07278],[26.25541,59.07298],[26.25601,59.07285],[26.25551,59.07269],[26.25544,59.07248],[26.25694,59.07261],[26.25786,59.07265],[26.25892,59.07257],[26.25955,59.07259],[26.25765,59.07302],[26.25721,59.07304],[26.2566,59.07288],[26.2554,59.07314],[26.25518,59.07307],[26.25498,59.07278]]]},"properties":{"fclass":"water"}},
{"type":"Feature","geometry":{"type":"Polygon","coordinates":[[[26.20908,59.00394],[26.20919,59.0038],[26.20972,59.0042],[26.21115,59.00563],[26.21322,59.00674],[26.21405,59.00708],[26.21503,59.00753],[26.21552,59.00765],[26.21702,59.00825],[26.21717,59.0084],[26.21626,59.00834],[26.21563,59.00808],[26.21549,59.00774],[26.21502,59.00764],[26.2137,59.00701],[26.21293,59.00671],[26.21138,59.00588],[26.21092,59.0056],[26.20987,59.00453],[26.2093,59.00405],[26.20908,59.00394]],[[26.21562,59.00784],[26.21571,59.00807],[26.21619,59.00828],[26.21662,59.00818],[26.21562,59.00784]]]},"properties":{"fclass":"riverbank"}},
{"type":"Feature","geometry":{"type":"Polygon","coordinates":[[[25.51325,59.20672],[25.5135,59.20619],[25.51409,59.20604],[25.51516,59.20622],[25.51538,59.20633],[25.5154,59.20658],[25.51523,59.20694],[25.51497,59.20721],[25.51426,59.20733],[25.51394,59.20725],[25.51339,59.20675],[25.51325,59.20672]]]},"properties":{"fclass":"water"}},
{"type":"Feature","geometry":{"type":"Polygon","coordinates":[[[25.51086,59.20038],[25.51062,59.20057],[25.51004,59.20059],[25.5097,59.20049],[25.50966,59.20016],[25.51003,59.1999],[25.5113,59.19927],[25.51204,59.19933],[25.51249,59.19922],[25.5129,59.19929],[25.51302,59.19962],[25.51244,59.19992],[25.51216,59.20014],[25.51128,59.2002],[25.51086,59.20038]]]},"properties":{"fclass":"water"}},
{"type":"Feature","geometry":{"type":"Polygon","coordinates":[[[25.51479,59.19662],[25.51484,59.19632],[25.51555,59.19614],[25.51618,59.19631],[25.5166,59.19659],[25.51666,59.19688],[25.51629,59.19704],[25.51603,59.19728],[25.51567,59.19732],[25.51493,59.19708],[25.51479,59.19662]]]},"properties":{"fclass":"water"}},
{"type":"Feature","geometry":{"type":"Polygon","coordinates":[[[25.43651,59.12566],[25.43736,59.12502],[25.43786,59.12483],[25.43783,59.1241],[25.43837,59.1236],[25.43976,59.12363],[25.44008,59.12399],[25.43985,59.12444],[25.43939,59.12463],[25.43965,59.125],[25.43968,59.12596],[25.43932,59.12609],[25.43878,59.12642],[25.43827,59.12641],[25.43711,59.12651],[25.43695,59.12631],[25.43725,59.12602],[25.43651,59.12566]]]},"properties":{"fclass":"water"}},
{"type":"Feature","geometry":{"type":"Polygon","coordinates":[[[26.00657,59.4329],[26.00678,59.43273],[26.00679,59.43219],[26.00708,59.43183],[26.00731,59.43217],[26.00706,59.43234],[26.00715,59.43252],[26.00763,59.43268],[26.00779,59.43293],[26.0076,59.43317],[26.00676,59.43319],[26.00657,59.4329]]]},"properties":{"fclass":"water"}},
{"type":"Feature","geometry":{"type":"Polygon","coordinates":[[[25.23898,58.96213],[25.23908,58.96188],[25.24014,58.96152],[25.24153,58.96121],[25.24252,58.96066],[25.24338,58.96067],[25.24247,58.96129],[25.24124,58.96165],[25.2396,58.96202],[25.23927,58.96224],[25.23898,58.96213]]]},"properties":{"fclass":"water"}},
{"type":"Feature","geometry":{"type":"MultiPolygon","coordinates":[[[[26.35047,59.47311],[26.34984,59.4732],[26.34946,59.47339],[26.34939,59.47357],[26.34856,59.47387],[26.34842,59.47375],[26.34888,59.47359],[26.3494,59.47318],[26.35045,59.47298],[26.35214,59.47198],[26.35214,59.47158],[26.35247,59.47116],[26.35277,59.47096],[26.35319,59.47052],[26.35356,59.4704],[26.35433,59.47069],[26.35475,59.47067],[26.35528,59.47042],[26.35533,59.46977],[26.35515,59.46953],[26.35521,59.4693],[26.35576,59.46912],[26.35616,59.46911],[26.35681,59.46884],[26.35693,59.46859],[26.35651,59.46822],[26.35661,59.46803],[26.35715,59.4678],[26.35774,59.46764],[26.35808,59.46742],[26.35795,59.46718],[26.35717,59.46712],[26.3567,59.46732],[26.35623,59.46718],[26.35623,59.46664],[26.35671,59.46663],[26.35704,59.46643],[26.35584,59.46615],[26.35529,59.46593],[26.35515,59.46578],[26.35537,59.4656],[26.35654,59.46559],[26.35635,59.46527],[26.35634,59.46501],[26.3568,59.4647],[26.35709,59.46463],[26.35751,59.46417],[26.35813,59.46386],[26.35826,59.46361],[26.35784,59.46341],[26.35743,59.46287],[26.35741,59.4626],[26.35808,59.46257],[26.35832,59.46237],[26.35834,59.46195],[26.35815,59.46172],[26.35799,59.4611],[26.35775,59.46053],[26.3579,59.4603],[26.3585,59.46004],[26.3589,59.45978],[26.35964,59.45964],[26.36075,59.45875],[26.36152,59.45805],[26.36235,59.45768],[26.36278,59.45724],[26.36334,59.45686],[26.36369,59.45645],[26.36368,59.45632],[26.36303,59.45572],[26.36307,59.45535],[26.36335,59.45525],[26.3643,59.45476],[26.36472,59.45471],[26.36501,59.45451],[26.36493,59.45422],[26.36524,59.45336],[26.36557,59.45267],[26.36564,59.45214],[26.36495,59.45114],[26.36503,59.45101],[26.36617,59.45046],[26.36751,59.45003],[26.36807,59.44973],[26.36823,59.4493],[26.3681,59.44901],[26.36706,59.44871],[26.36713,59.44842],[26.36784,59.44796],[26.36949,59.44754],[26.37018,59.44732],[26.37104,59.44692],[26.37172,59.44593],[26.37202,59.44543],[26.37219,59.4453],[26.37377,59.4447],[26.37463,59.4446],[26.37501,59.44443],[26.37514,59.44386],[26.3758,59.44359],[26.37666,59.4435],[26.3771,59.44327],[26.37736,59.44293],[26.37738,59.44268],[26.37717,59.44236],[26.37622,59.44158],[26.3759,59.44094],[26.37618,59.44078],[26.37744,59.44067],[26.37804,59.44056],[26.37763,59.44006],[26.37737,59.43959],[26.37727,59.43892],[26.37744,59.43856],[26.37777,59.43841],[26.37832,59.43838],[26.37891,59.43844],[26.37933,59.43818],[26.37947,59.43784],[26.37996,59.43741],[26.38014,59.43706],[26.38033,59.43699],[26.38136,59.43604],[26.38148,59.43574],[26.38139,59.43532],[26.38156,59.43473],[26.3814,59.43427],[26.3814,59.43357],[26.38169,59.43306],[26.38231,59.43277],[26.38238,59.43177],[26.38276,59.43117],[26.38333,59.43083],[26.38425,59.43065],[26.38606,59.43016],[26.38695,59.42957],[26.38776,59.42894],[26.38743,59.42879],[26.38736,59.42857],[26.38769,59.42817],[26.38875,59.42748],[26.3894,59.42711],[26.38988,59.42692],[26.38981,59.42647],[26.38989,59.42613],[26.3899,59.42536],[26.39023,59.42503],[26.39072,59.42471],[26.391,59.42436],[26.39111,59.42342],[26.39097,59.42278],[26.39107,59.42209],[26.39199,59.42168],[26.39248,59.42153],[26.39262,59.42116],[26.39221,59.42054],[26.39239,59.41973],[26.3923,59.41932],[26.39282,59.41899],[26.39299,59.41865],[26.39274,59.41827],[26.39277,59.4171],[26.39269,59.41679],[26.39296,59.41652],[26.39358,59.4163],[26.39375,59.41617],[26.39368,59.41564],[26.39213,59.41496],[26.39216,59.41465],[26.39239,59.41435],[26.3934,59.41398],[26.39422,59.41384],[26.39443,59.41363],[26.39452,59.41327],[26.39506,59.41256],[26.39513,59.41236],[26.39502,59.41181],[26.39506,59.41159],[26.39561,59.41084],[26.39676,59.41064],[26.39719,59.4105],[26.39881,59.40965],[26.39925,59.40908],[26.39957,59.40853],[26.39991,59.40831],[26.40096,59.40798],[26.40112,59.40776],[26.40121,59.40694],[26.40153,59.40637],[26.40211,59.40565],[26.40229,59.40531],[26.40322,59.40396],[26.40358,59.40335],[26.40381,59.40277],[26.40393,59.40226],[26.40376,59.40189],[26.40389,59.40155],[26.40446,59.40088],[26.4053,59.40007],[26.40414,59.39934],[26.40381,59.39924],[26.40283,59.39929],[26.40209,59.39946],[26.401,59.39951],[26.39987,59.39952],[26.39942,59.39934],[26.3993,59.39917],[26.39953,59.3988],[26.40012,59.39838],[26.39995,59.39811],[26.39902,59.39785],[26.39864,59.39758],[26.39866,59.39738],[26.39921,59.39686],[26.39919,59.39643],[26.39838,59.39604],[26.39813,59.39569],[26.39899,59.39517],[26.39896,59.39493],[26.39871,59.39482],[26.39744,59.39456],[26.39735,59.39434],[26.39769,59.39423],[26.3984,59.39419],[26.39849,59.394],[26.39792,59.39375],[26.39759,59.39331],[26.39756,59.39304],[26.39791,59.39253],[26.39839,59.39242],[26.39936,59.39257],[26.40014,59.39247],[26.40023,59.39236],[26.39992,59.39197],[26.3995,59.39183],[26.39772,59.39171],[26.39695,59.39169],[26.39596,59.39157],[26.39511,59.39154],[26.39465,59.39144],[26.3941,59.39116],[26.39357,59.39102],[26.39285,59.39099],[26.3921,59.39102],[26.39141,59.3908],[26.39032,59.39059],[26.3893,59.39054],[26.38848,59.39067],[26.38825,59.39088],[26.38794,59.39211],[26.38767,59.3924],[26.38718,59.39263],[26.38661,59.39282],[26.38581,59.393],[26.38483,59.39296],[26.38369,59.39318],[26.3833,59.39337],[26.38232,59.39408],[26.38104,59.3942],[26.38051,59.39438],[26.3801,59.39426],[26.37997,59.39388],[26.37846,59.3929],[26.37815,59.39243],[26.37847,59.39216],[26.3785,59.39186],[26.37831,59.39133],[26.37824,59.39077],[26.37747,59.3902],[26.37677,59.38983],[26.37548,59.38955],[26.37521,59.38937],[26.37526,59.38907],[26.37488,59.38884],[26.37451,59.3885],[26.37411,59.38828],[26.37354,59.38786],[26.37353,59.38774],[26.37389,59.38728],[26.37354,59.38717],[26.37276,59.38735],[26.37252,59.38734],[26.37187,59.38706],[26.37174,59.38682],[26.37266,59.38655],[26.37306,59.38633],[26.3725,59.38628],[26.37139,59.38601],[26.37118,59.38583],[26.37125,59.38561],[26.37263,59.38507],[26.37256,59.38488],[26.37097,59.38476],[26.3708,59.38447],[26.37121,59.38432],[26.37147,59.38409],[26.37138,59.38392],[26.37086,59.38371],[26.3707,59.38351],[26.37102,59.38336],[26.37272,59.38322],[26.37285,59.38284],[26.37142,59.38304],[26.37081,59.38292],[26.37046,59.38255],[26.36967,59.38263],[26.369,59.38248],[26.36781,59.3823],[26.36708,59.38208],[26.36591,59.38189],[26.36562,59.38234],[26.36528,59.38266],[26.36434,59.38255],[26.36385,59.38241],[26.36342,59.3821],[26.36306,59.3821],[26.36222,59.38257],[26.36276,59.38355],[26.36267,59.38368],[26.36171,59.38362],[26.36148,59.38409],[26.3611,59.38409],[26.36054,59.38389],[26.35987,59.38408],[26.35925,59.38435],[26.35851,59.38411],[26.35836,59.38413],[26.3583,59.3846],[26.3579,59.38504],[26.35767,59.38515],[26.35676,59.38513],[26.35637,59.38502],[26.35615,59.38523],[26.35661,59.38552],[26.35671,59.38592],[26.35624,59.38623],[26.35597,59.386],[26.35512,59.38629],[26.35562,59.38651],[26.35536,59.38674],[26.35491,59.38689],[26.35405,59.38681],[26.35404,59.38702],[26.35425,59.38731],[26.35415,59.38751],[26.35389,59.38752],[26.3532,59.38776],[26.35304,59.38804],[26.35276,59.38806],[26.35223,59.38774],[26.35143,59.3879],[26.35102,59.38808],[26.35053,59.38812],[26.34995,59.38764],[26.34955,59.38756],[26.34917,59.38717],[26.34885,59.38731],[26.34851,59.38716],[26.34799,59.38716],[26.34832,59.3868],[26.34788,59.38685],[26.34734,59.38673],[26.34726,59.38635],[26.34654,59.38624],[26.34615,59.38599],[26.34652,59.3858],[26.34603,59.38567],[26.34581,59.38546],[26.34595,59.38519],[26.34578,59.38508],[26.34511,59.38523],[26.34472,59.38503],[26.34491,59.38486],[26.34566,59.38487],[26.34561,59.3845],[26.3452,59.3844],[26.34444,59.38475],[26.34417,59.38475],[26.34364,59.38433],[26.34386,59.38414],[26.34445,59.38426],[26.3448,59.38404],[26.34475,59.38382],[26.34445,59.38378],[26.3443,59.38401],[26.34349,59.38393],[26.34314,59.38397],[26.34318,59.38347],[26.34289,59.38339],[26.34234,59.38365],[26.34211,59.38346],[26.34126,59.38308],[26.34132,59.38283],[26.34189,59.38302],[26.34233,59.38292],[26.34239,59.38248],[26.34204,59.38255],[26.34156,59.38231],[26.34116,59.38224],[26.34098,59.38261],[26.34039,59.38262],[26.33989,59.38256],[26.33969,59.38268],[26.33868,59.38248],[26.3385,59.3824],[26.33778,59.38235],[26.33763,59.38221],[26.33816,59.38196],[26.33811,59.38186],[26.33763,59.38196],[26.33716,59.38189],[26.337,59.38175],[26.33611,59.38186],[26.33639,59.38146],[26.33619,59.38141],[26.33543,59.38166],[26.33478,59.38143],[26.33439,59.38112],[26.33382,59.38119],[26.33358,59.38105],[26.33261,59.38097],[26.33215,59.38081],[26.33175,59.38052],[26.33124,59.38059],[26.33087,59.38075],[26.32981,59.38085],[26.3298,59.38072],[26.33065,59.38066],[26.33162,59.38043],[26.33162,59.38023],[26.33062,59.38015],[26.33048,59.37999],[26.33065,59.37982],[26.33104,59.37973],[26.33174,59.37985],[26.33199,59.38009],[26.33295,59.38013],[26.33319,59.38034],[26.33304,59.38052],[26.33214,59.38061],[26.33231,59.38078],[26.33287,59.38094],[26.33346,59.38096],[26.33397,59.38114],[26.3343,59.38102],[26.33512,59.38138],[26.33547,59.38162],[26.33603,59.38136],[26.33633,59.38136],[26.33673,59.38166],[26.33749,59.38189],[26.33785,59.38184],[26.33812,59.3817],[26.33829,59.38188],[26.33859,59.38193],[26.33781,59.38215],[26.33777,59.38229],[26.33835,59.3823],[26.33942,59.3826],[26.33978,59.38248],[26.33928,59.38211],[26.3399,59.38209],[26.34037,59.38252],[26.34078,59.38257],[26.34102,59.38245],[26.34096,59.38225],[26.34135,59.38216],[26.34197,59.38245],[26.34244,59.3824],[26.34258,59.38285],[26.34206,59.38308],[26.34148,59.38295],[26.3416,59.3832],[26.3424,59.38356],[26.34281,59.38336],[26.34309,59.38333],[26.34327,59.38353],[26.34328,59.38387],[26.34419,59.38395],[26.34438,59.38374],[26.34489,59.38382],[26.34493,59.384],[26.3446,59.3843],[26.34396,59.38423],[26.34381,59.38445],[26.3444,59.38467],[26.34518,59.38436],[26.34567,59.38447],[26.34583,59.38491],[26.34493,59.38492],[26.34516,59.38516],[26.34567,59.38503],[26.34605,59.38518],[26.34593,59.38553],[26.34653,59.38571],[26.34656,59.38587],[26.34626,59.38602],[26.34654,59.38619],[26.34722,59.38627],[26.34754,59.38639],[26.34746,59.38668],[26.34783,59.38679],[26.34815,59.38665],[26.34842,59.38678],[26.34814,59.38704],[26.34927,59.38713],[26.34948,59.3874],[26.34992,59.38759],[26.35058,59.38739],[26.35087,59.38753],[26.35069,59.38768],[26.35023,59.38777],[26.35058,59.38804],[26.35104,59.38799],[26.35179,59.3877],[26.35232,59.3877],[26.35297,59.38798],[26.35333,59.38756],[26.35406,59.38744],[26.35414,59.38733],[26.35382,59.38685],[26.35419,59.38673],[26.35473,59.3868],[26.35515,59.38675],[26.35546,59.38656],[26.35499,59.38636],[26.35399,59.38642],[26.35363,59.38627],[26.35389,59.38605],[26.35447,59.38604],[26.35499,59.38611],[26.35551,59.38609],[26.35576,59.38591],[26.35636,59.3861],[26.35657,59.38591],[26.35634,59.3855],[26.35606,59.38533],[26.35625,59.38499],[26.35739,59.38507],[26.35787,59.38494],[26.35808,59.38468],[26.35816,59.38417],[26.35832,59.38406],[26.35864,59.38409],[26.35917,59.38427],[26.35983,59.384],[26.36057,59.38383],[26.36133,59.38403],[26.36163,59.38357],[26.36241,59.38362],[26.36262,59.38347],[26.36212,59.38271],[26.36208,59.38253],[26.36259,59.38223],[26.36268,59.38217],[26.36311,59.38199],[26.36353,59.38204],[26.36424,59.38244],[26.36503,59.38257],[26.36534,59.38251],[26.36556,59.38189],[26.36597,59.3818],[26.36713,59.38197],[26.36793,59.38222],[26.36874,59.38232],[26.36959,59.38254],[26.37031,59.38243],[26.37058,59.38249],[26.37109,59.38293],[26.37143,59.38297],[26.37258,59.38273],[26.37305,59.38284],[26.37277,59.38329],[26.37094,59.38346],[26.37095,59.38365],[26.37147,59.38383],[26.3716,59.38409],[26.37135,59.38437],[26.371,59.38452],[26.3713,59.38469],[26.37277,59.38479],[26.37288,59.38498],[26.37255,59.38522],[26.3716,59.38554],[26.37132,59.38584],[26.37154,59.38595],[26.37262,59.38621],[26.37333,59.38632],[26.37309,59.38651],[26.37204,59.38682],[26.372,59.38699],[26.37271,59.38727],[26.37371,59.38703],[26.3741,59.38713],[26.37376,59.38768],[26.37385,59.38798],[26.37474,59.38851],[26.3754,59.38903],[26.37537,59.38937],[26.37557,59.38948],[26.37694,59.38977],[26.37766,59.39018],[26.37809,59.39031],[26.37841,59.39057],[26.37855,59.39158],[26.37873,59.39176],[26.37865,59.39225],[26.37846,59.39255],[26.37883,59.39291],[26.3793,59.39312],[26.38024,59.39364],[26.38093,59.39372],[26.38184,59.39365],[26.38243,59.39349],[26.38289,59.39324],[26.38482,59.39283],[26.38551,59.39287],[26.38623,59.3928],[26.38696,59.3926],[26.38766,59.39224],[26.38779,59.39161],[26.38818,59.39074],[26.3887,59.39051],[26.38915,59.39046],[26.39031,59.39049],[26.39069,59.39062],[26.3915,59.39066],[26.39187,59.39089],[26.39345,59.39094],[26.39406,59.39105],[26.39469,59.39134],[26.39523,59.39147],[26.39637,59.39153],[26.39691,59.39161],[26.3978,59.39162],[26.39965,59.39178],[26.39997,59.39188],[26.40034,59.39219],[26.40039,59.39245],[26.39992,59.39263],[26.39937,59.39265],[26.39849,59.39252],[26.39803,59.39255],[26.39776,59.39294],[26.3977,59.39319],[26.3981,59.39373],[26.39874,59.39399],[26.3988,59.39413],[26.39823,59.3943],[26.39765,59.39433],[26.39761,59.39454],[26.3987,59.39472],[26.39905,59.39487],[26.39912,59.3952],[26.39829,59.39574],[26.39839,59.39593],[26.39924,59.39631],[26.39948,59.3967],[26.39882,59.39741],[26.39885,59.39766],[26.39909,59.39778],[26.39975,59.39791],[26.40023,59.39815],[26.40026,59.39841],[26.39967,59.39886],[26.39949,59.39924],[26.40043,59.39946],[26.40165,59.39936],[26.40216,59.39936],[26.40276,59.39922],[26.40374,59.39914],[26.40394,59.39915],[26.40412,59.3992],[26.40538,59.39994],[26.40551,59.4003],[26.40502,59.40051],[26.40401,59.40173],[26.40413,59.40228],[26.40402,59.40295],[26.40388,59.40328],[26.40245,59.40546],[26.40235,59.40568],[26.40179,59.40639],[26.40141,59.4071],[26.40129,59.40798],[26.40012,59.40837],[26.39968,59.40864],[26.39914,59.40958],[26.39901,59.40969],[26.3973,59.4106],[26.39587,59.4109],[26.39569,59.41102],[26.39522,59.41171],[26.39538,59.41237],[26.39526,59.41263],[26.39475,59.4133],[26.39466,59.41371],[26.39439,59.41392],[26.39391,59.41399],[26.39302,59.41424],[26.39262,59.41441],[26.39232,59.41478],[26.39235,59.41494],[26.39361,59.41542],[26.39403,59.41573],[26.39402,59.416],[26.39382,59.41632],[26.39315,59.41658],[26.39294,59.41677],[26.39297,59.41795],[26.39317,59.4188],[26.39301,59.41904],[26.3926,59.41922],[26.39263,59.41969],[26.39242,59.42062],[26.39283,59.42117],[26.3926,59.42159],[26.39132,59.42211],[26.39118,59.42225],[26.39114,59.42261],[26.39132,59.42359],[26.39123,59.42426],[26.39105,59.4246],[26.39028,59.4252],[26.39003,59.42558],[26.39011,59.42606],[26.39002,59.42647],[26.3902,59.42682],[26.38902,59.42749],[26.38792,59.42819],[26.38755,59.42864],[26.38793,59.42883],[26.38803,59.42904],[26.38753,59.42931],[26.3873,59.42953],[26.38615,59.43023],[26.38548,59.43039],[26.38437,59.43075],[26.38337,59.43094],[26.38298,59.43115],[26.38254,59.43185],[26.38252,59.43272],[26.38236,59.43293],[26.38188,59.43316],[26.38161,59.43365],[26.38161,59.4343],[26.38176,59.43475],[26.3816,59.43536],[26.38163,59.4358],[26.38154,59.43604],[26.38048,59.43704],[26.3801,59.43751],[26.37951,59.43802],[26.37944,59.43831],[26.3791,59.4385],[26.37821,59.43845],[26.37777,59.43852],[26.37748,59.4388],[26.37755,59.4396],[26.37819,59.44046],[26.37795,59.44077],[26.37741,59.44078],[26.3763,59.4409],[26.37609,59.44109],[26.37639,59.44151],[26.37749,59.44245],[26.37758,59.44275],[26.37747,59.44315],[26.37717,59.44343],[26.37676,59.44359],[26.37567,59.44375],[26.37538,59.44389],[26.37514,59.44456],[26.37467,59.44472],[26.37379,59.44482],[26.37244,59.44534],[26.3722,59.44548],[26.37196,59.44591],[26.37122,59.447],[26.37054,59.44733],[26.37,59.44753],[26.36788,59.44805],[26.36725,59.44851],[26.36725,59.44868],[26.36807,59.44885],[26.3684,59.44912],[26.36826,59.44976],[26.36747,59.45017],[26.36647,59.45046],[26.36526,59.45106],[26.36521,59.45127],[26.36558,59.4517],[26.36581,59.45214],[26.36583,59.4524],[26.36519,59.45416],[26.36516,59.45452],[26.36494,59.45478],[26.36447,59.45487],[26.36327,59.4554],[26.36316,59.45551],[26.36349,59.45596],[26.36389,59.45629],[26.36387,59.45649],[26.36352,59.45688],[26.36297,59.45728],[26.36247,59.45778],[26.36172,59.45808],[26.36114,59.45863],[26.35977,59.45974],[26.35915,59.45982],[26.358,59.46044],[26.35798,59.46072],[26.35821,59.46103],[26.35863,59.46209],[26.35838,59.46258],[26.35765,59.46273],[26.35803,59.46334],[26.35851,59.46361],[26.35844,59.46385],[26.35775,59.46419],[26.35731,59.46468],[26.35691,59.46477],[26.35656,59.46501],[26.35655,59.46524],[26.35678,59.46559],[26.35661,59.4658],[26.35595,59.46571],[26.35543,59.46579],[26.35581,59.46601],[26.35715,59.46632],[26.35731,59.46643],[26.35716,59.46666],[26.35643,59.46678],[26.35644,59.46709],[26.35671,59.46719],[26.35719,59.467],[26.35792,59.46703],[26.35816,59.46712],[26.3583,59.46743],[26.35812,59.46761],[26.35696,59.46798],[26.35671,59.46814],[26.35715,59.46858],[26.35709,59.46878],[26.35638,59.46913],[26.35567,59.4693],[26.35545,59.46941],[26.35556,59.4697],[26.35552,59.47035],[26.35498,59.47074],[26.35457,59.4708],[26.35396,59.47071],[26.35363,59.47055],[26.35335,59.47064],[26.35308,59.47096],[26.35248,59.47139],[26.35232,59.47205],[26.35133,59.4726],[26.35053,59.47311],[26.35047,59.47311]],[[26.33065,59.38],[26.3311,59.38012],[26.33178,59.38018],[26.33183,59.3804],[26.33208,59.38056],[26.333,59.38043],[26.33294,59.38022],[26.33183,59.3801],[26.33155,59.37987],[26.3309,59.37981],[26.33065,59.38]],[[26.35374,59.38626],[26.35433,59.38636],[26.35492,59.3862],[26.35393,59.38611],[26.35374,59.38626]]],[[[26.32308,59.38016],[26.3223,59.3799],[26.32158,59.37986],[26.32126,59.37958],[26.32132,59.37943],[26.32088,59.37918],[26.32029,59.37908],[26.31898,59.37916],[26.31768,59.37891],[26.31555,59.37834],[26.31478,59.37851],[26.31462,59.37863],[26.31408,59.37847],[26.314,59.37826],[26.31416,59.37777],[26.3141,59.37739],[26.31342,59.37742],[26.31272,59.37732],[26.31115,59.37759],[26.30997,59.3777],[26.30961,59.37758],[26.30945,59.37731],[26.30903,59.37717],[26.30775,59.37718],[26.30715,59.37707],[26.30606,59.37643],[26.30598,59.37604],[26.30568,59.37574],[26.30572,59.37545],[26.30555,59.37483],[26.30481,59.37456],[26.30479,59.37434],[26.30447,59.37419],[26.30417,59.3742],[26.30354,59.37401],[26.30326,59.37452],[26.30298,59.37466],[26.30249,59.3747],[26.30231,59.37459],[26.30098,59.37432],[26.30069,59.37432],[26.29993,59.3746],[26.29954,59.37464],[26.29834,59.37431],[26.29782,59.37447],[26.29743,59.3747],[26.29664,59.37487],[26.29622,59.37511],[26.29502,59.37514],[26.29381,59.37483],[26.29275,59.3747],[26.29206,59.37488],[26.29175,59.37488],[26.29144,59.3747],[26.29108,59.3747],[26.29061,59.37514],[26.29005,59.37539],[26.28949,59.37572],[26.28934,59.3757],[26.29048,59.37507],[26.29102,59.37463],[26.29133,59.3746],[26.29187,59.37478],[26.29277,59.37464],[26.29438,59.37486],[26.29505,59.37506],[26.29615,59.37502],[26.2966,59.37473],[26.29729,59.37466],[26.29815,59.37426],[26.29862,59.37432],[26.29968,59.37459],[26.30063,59.37426],[26.30113,59.37426],[26.30213,59.37444],[26.30263,59.37462],[26.30313,59.37447],[26.30349,59.37392],[26.30453,59.37413],[26.30498,59.37434],[26.30508,59.37464],[26.30569,59.37488],[26.30583,59.37522],[26.30588,59.37575],[26.30611,59.37595],[26.30622,59.37642],[26.30718,59.377],[26.3078,59.37711],[26.30904,59.3771],[26.30946,59.3772],[26.30986,59.37762],[26.3103,59.37764],[26.3127,59.37726],[26.31347,59.37735],[26.31397,59.37729],[26.31425,59.37738],[26.31434,59.37778],[26.31413,59.37825],[26.31457,59.37853],[26.3151,59.37833],[26.31564,59.37828],[26.31662,59.37857],[26.31788,59.3789],[26.31895,59.3791],[26.31941,59.37911],[26.32015,59.37902],[26.32059,59.37906],[26.32113,59.37922],[26.32202,59.37972],[26.32314,59.38012],[26.32308,59.38016]]]]},"properties":{"fclass":"riverbank"}},
{"type":"Feature","geometry":{"type":"Polygon","coordinates":[[[25.56965,59.10412],[25.56972,59.10393],[25.57016,59.10365],[25.57063,59.10361],[25.57083,59.10383],[25.57139,59.10379],[25.57199,59.10351],[25.57172,59.10332],[25.57124,59.10327],[25.57115,59.10297],[25.57135,59.10261],[25.57121,59.10231],[25.57173,59.10216],[25.5716,59.10194],[25.57114,59.10189],[25.57058,59.10171],[25.57049,59.10156],[25.5706,59.10112],[25.56975,59.10088],[25.5699,59.10075],[25.57072,59.10098],[25.57097,59.10131],[25.57087,59.10167],[25.57164,59.10181],[25.57194,59.10212],[25.57142,59.1023],[25.57129,59.10315],[25.57219,59.10333],[25.57222,59.10346],[25.57155,59.1038],[25.57106,59.1039],[25.57052,59.1039],[25.57024,59.10372],[25.56965,59.10412]]]},"properties":{"fclass":"water"}},
{"type":"Feature","geometry":{"type":"Polygon","coordinates":[[[25.88252,59.35359],[25.883,59.35327],[25.88331,59.35326],[25.88345,59.3535],[25.88381,59.35367],[25.88361,59.35415],[25.88287,59.35414],[25.88281,59.35388],[25.88252,59.35359]]]},"properties":{"fclass":"water"}},
{"type":"Feature","geometry":{"type":"Polygon","coordinates":[[[26.1215,59.31176],[26.12162,59.31145],[26.12204,59.311],[26.12251,59.31067],[26.12403,59.30996],[26.12459,59.30986],[26.12503,59.30987],[26.12519,59.31006],[26.12413,59.31091],[26.12372,59.31166],[26.12332,59.31196],[26.12278,59.31213],[26.1221,59.31219],[26.12171,59.31212],[26.1215,59.31176]]]},"properties":{"fclass":"water"}},
{"type":"Feature","geometry":{"type":"Polygon","coordinates":[[[25.73208,59.15465],[25.73219,59.15446],[25.73302,59.15429],[25.73727,59.15369],[25.73905,59.15326],[25.74041,59.15304],[25.74143,59.15254],[25.74278,59.15181],[25.74311,59.15189],[25.74369,59.15157],[25.74396,59.15165],[25.74355,59.152],[25.74406,59.15216],[25.7445,59.15192],[25.74482,59.15208],[25.74483,59.15229],[25.74413,59.15271],[25.74349,59.15281],[25.74308,59.153],[25.74312,59.15328],[25.74154,59.15368],[25.73883,59.15392],[25.73608,59.1543],[25.73546,59.15447],[25.73542,59.15463],[25.73304,59.15495],[25.73251,59.1549],[25.73208,59.15465]]]},"properties":{"fclass":"water"}},
{"type":"Feature","geometry":{"type":"Polygon","coordinates":[[[25.91083,59.26298],[25.91098,59.26286],[25.91176,59.26308],[25.91172,59.26324],[25.91238,59.26351],[25.91215,59.26376],[25.91287,59.26397],[25.9131,59.26433],[25.91241,59.26451],[25.91218,59.26448],[25.91182,59.26421],[25.91189,59.26383],[25.91164,59.26367],[25.91129,59.26364],[25.91108,59.26315],[25.91083,59.26298]]]},"properties":{"fclass":"water"}},
{"type":"Feature","geometry":{"type":"Polygon","coordinates":[[[25.92004,59.24827],[25.92019,59.24781],[25.92143,59.24714],[25.92154,59.24744],[25.92107,59.24755],[25.92087,59.24802],[25.92216,59.24799],[25.92203,59.24813],[25.92143,59.24815],[25.92115,59.24825],[25.9207,59.24818],[25.92027,59.24835],[25.92004,59.24827]]]},"properties":{"fclass":"water"}},
{"type":"Feature","geometry":{"type":"Polygon","coordinates":[[[25.91849,59.25003],[25.91864,59.24973],[25.91909,59.24938],[25.91927,59.2496],[25.919,59.24983],[25.91913,59.25],[25.9195,59.25009],[25.91988,59.25051],[25.91909,59.25049],[25.91853,59.25037],[25.91849,59.25003]]]},"properties":{"fclass":"water"}},
{"type":"Feature","geometry":{"type":"Polygon","coordinates":[[[25.22642,59.15121],[25.22693,59.15103],[25.22769,59.15096],[25.22783,59.15083],[25.22929,59.15058],[25.23081,59.1506],[25.23118,59.15081],[25.23074,59.15104],[25.2313,59.15169],[25.23108,59.15201],[25.23055,59.15218],[25.2303,59.15278],[25.23009,59.153],[25.22939,59.15243],[25.22862,59.15256],[25.22806,59.15247],[25.22762,59.15216],[25.22712,59.15192],[25.22728,59.15174],[25.22644,59.15137],[25.22642,59.15121]]]},"properties":{"fclass":"water"}},
{"type":"Feature","geometry":{"type":"Polygon","coordinates":[[[25.2289,59.15531],[25.22915,59.1541],[25.22956,59.15404],[25.22914,59.15379],[25.2294,59.15348],[25.2299,59.15314],[25.23013,59.15325],[25.22999,59.15361],[25.22951,59.15381],[25.22986,59.15398],[25.23031,59.15388],[25.23125,59.15386],[25.23258,59.15374],[25.23311,59.15361],[25.23358,59.15314],[25.23326,59.15275],[25.23288,59.15303],[25.23272,59.15277],[25.23304,59.15275],[25.23364,59.15244],[25.234,59.15274],[25.234,59.15301],[25.23483,59.15289],[25.23582,59.15266],[25.23598,59.15274],[25.23495,59.15327],[25.23464,59.15337],[25.23434,59.15372],[25.23394,59.15389],[25.23395,59.15408],[25.23296,59.1549],[25.23264,59.15486],[25.23257,59.15443],[25.23214,59.15459],[25.23171,59.15463],[25.23041,59.15528],[25.22948,59.15554],[25.2289,59.15531]]]},"properties":{"fclass":"water"}},
{"type":"Feature","geometry":{"type":"Polygon","coordinates":[[[26.19211,59.18845],[26.19239,59.18781],[26.19284,59.18743],[26.19308,59.18695],[26.19364,59.18611],[26.1935,59.18589],[26.19395,59.18567],[26.19403,59.18548],[26.19451,59.1851],[26.19464,59.18477],[26.19448,59.18471],[26.19468,59.1844],[26.19563,59.18394],[26.19599,59.18394],[26.19632,59.18368],[26.19671,59.18376],[26.19696,59.18414],[26.19672,59.18419],[26.19563,59.18471],[26.19552,59.18502],[26.19527,59.18526],[26.19463,59.18566],[26.19451,59.18583],[26.19531,59.18647],[26.19529,59.18671],[26.19445,59.18725],[26.1937,59.18783],[26.19373,59.18812],[26.19441,59.18841],[26.1949,59.18845],[26.19591,59.18826],[26.19643,59.18801],[26.19667,59.18801],[26.19722,59.18827],[26.19692,59.18845],[26.19683,59.18865],[26.19581,59.18968],[26.19534,59.18991],[26.19486,59.18997],[26.19436,59.18984],[26.19394,59.18954],[26.19365,59.18914],[26.19211,59.18845]]]},"properties":{"fclass":"water"}},
{"type":"Feature","geometry":{"type":"Polygon","coordinates":[[[25.6513,59.31845],[25.65142,59.31835],[25.65241,59.31841],[25.65272,59.31873],[25.6532,59.31887],[25.65304,59.31906],[25.65209,59.31909],[25.65141,59.31878],[25.6513,59.31845]]]},"properties":{"fclass":"water"}},
{"type":"Feature","geometry":{"type":"Polygon","coordinates":[[[25.38489,59.3318],[25.38494,59.33171],[25.38581,59.33143],[25.3867,59.33278],[25.38712,59.33311],[25.38699,59.33327],[25.38725,59.33366],[25.38776,59.33413],[25.38834,59.33446],[25.38915,59.33477],[25.39069,59.33502],[25.39168,59.33495],[25.39228,59.335],[25.39249,59.33527],[25.39189,59.33524],[25.39077,59.33526],[25.38956,59.33517],[25.38865,59.335],[25.38807,59.33483],[25.38756,59.33458],[25.38643,59.33366],[25.38585,59.33301],[25.38528,59.33215],[25.38489,59.3318]]]},"properties":{"fclass":"reservoir"}},
{"type":"Feature","geometry":{"type":"Polygon","coordinates":[[[26.25595,59.43435],[26.2561,59.43418],[26.25719,59.43404],[26.25757,59.43404],[26.25804,59.43423],[26.2585,59.43453],[26.25883,59.43456],[26.26004,59.43449],[26.26207,59.43495],[26.26235,59.4352],[26.2628,59.43534],[26.26263,59.43555],[26.26232,59.43557],[26.26149,59.43529],[26.26111,59.4351],[26.26052,59.43506],[26.26019,59.43485],[26.25983,59.43489],[26.25928,59.43481],[26.25874,59.43487],[26.25826,59.43483],[26.25747,59.43458],[26.25697,59.43462],[26.25633,59.43457],[26.25595,59.43435]]]},"properties":{"fclass":"water"}},
{"type":"Feature","geometry":{"type":"Polygon","coordinates":[[[26.23661,59.03992],[26.23671,59.03968],[26.23766,59.0391],[26.23818,59.03866],[26.2389,59.03842],[26.23917,59.03851],[26.2392,59.03885],[26.23696,59.04019],[26.23668,59.04017],[26.23661,59.03992]]]},"properties":{"fclass":"water"}},
{"type":"Feature","geometry":{"type":"Polygon","coordinates":[[[26.23281,59.03849],[26.23319,59.03819],[26.23339,59.03768],[26.23373,59.03742],[26.23461,59.037],[26.23526,59.03702],[26.23488,59.03768],[26.23436,59.03807],[26.2337,59.0384],[26.23332,59.03829],[26.23281,59.03849]]]},"properties":{"fclass":"water"}},
{"type":"Feature","geometry":{"type":"Polygon","coordinates":[[[25.65616,59.21607],[25.65621,59.21547],[25.65651,59.21494],[25.65692,59.21444],[25.65728,59.21414],[25.65778,59.21406],[25.65833,59.21411],[25.65891,59.21406],[25.65939,59.21419],[25.65964,59.21467],[25.65982,59.21521],[25.66117,59.2162],[25.66132,59.21674],[25.66115,59.21714],[25.6606,59.21746],[25.66069,59.21773],[25.65997,59.21797],[25.65952,59.21795],[25.65849,59.21781],[25.65768,59.21748],[25.65641,59.21636],[25.65616,59.21607]]]},"properties":{"fclass":"water"}},
{"type":"Feature","geometry":{"type":"Polygon","coordinates":[[[26.20436,58.99609],[26.20456,58.99555],[26.20491,58.99501],[26.20472,58.99465],[26.20481,58.99463],[26.20588,58.99455],[26.20625,58.99486],[26.20612,58.9951],[26.20571,58.99525],[26.20536,58.9957],[26.20533,58.99601],[26.20501,58.99619],[26.20452,58.99613],[26.20436,58.99609]]]},"properties":{"fclass":"reservoir"}},
{"type":"Feature","geometry":{"type":"MultiPolygon","coordinates":[[[[26.19234,59.01996],[26.19285,59.01997],[26.19266,59.01965],[26.19287,59.01961],[26.19325,59.01985],[26.19415,59.01965],[26.19547,59.01952],[26.1974,59.01917],[26.19763,59.01907],[26.19682,59.01872],[26.19659,59.01836],[26.19683,59.01795],[26.19743,59.01648],[26.19783,59.01647],[26.20031,59.01542],[26.20052,59.01522],[26.20025,59.01486],[26.20033,59.01439],[26.20078,59.01415],[26.20074,59.01383],[26.20037,59.01365],[26.20057,59.01334],[26.20109,59.0129],[26.20134,59.01278],[26.20228,59.01279],[26.20268,59.0124],[26.20255,59.012],[26.20275,59.01169],[26.20336,59.01156],[26.20317,59.01134],[26.20352,59.01093],[26.20338,59.01077],[26.20341,59.01048],[26.20383,59.0105],[26.20361,59.01069],[26.20384,59.01107],[26.20356,59.01138],[26.20417,59.01162],[26.20425,59.01191],[26.20367,59.01214],[26.20368,59.01158],[26.20299,59.01184],[26.20285,59.01249],[26.20248,59.01276],[26.20239,59.01294],[26.20138,59.01289],[26.20117,59.013],[26.20058,59.01357],[26.20093,59.01379],[26.2009,59.0143],[26.20049,59.01446],[26.20054,59.015],[26.20074,59.01538],[26.1992,59.016],[26.1981,59.01648],[26.19764,59.01664],[26.19708,59.01788],[26.19679,59.01825],[26.1969,59.01857],[26.19732,59.01878],[26.19774,59.0188],[26.19786,59.01897],[26.19766,59.01921],[26.19598,59.01961],[26.19505,59.01969],[26.19417,59.01981],[26.193,59.02005],[26.19242,59.02004],[26.19234,59.01996]]],[[[26.20524,58.99769],[26.20452,58.99734],[26.2042,58.99651],[26.20436,58.99609],[26.20452,58.99613],[26.20438,58.99654],[26.20467,58.99729],[26.20537,58.9976],[26.20564,58.99808],[26.20598,58.99842],[26.20631,58.99904],[26.20704,58.99932],[26.20755,58.99966],[26.20809,59.0002],[26.2081,59.00045],[26.20769,59.00057],[26.2071,59.00086],[26.20688,59.00105],[26.20694,59.00122],[26.2079,59.002],[26.20815,59.00227],[26.20851,59.00289],[26.20882,59.00309],[26.20865,59.00353],[26.20919,59.0038],[26.20908,59.00394],[26.20896,59.00402],[26.20872,59.00465],[26.20881,59.00478],[26.20849,59.00498],[26.20901,59.00519],[26.20901,59.00559],[26.20845,59.00569],[26.20812,59.00622],[26.20748,59.00646],[26.20739,59.00643],[26.20815,59.00581],[26.20782,59.00568],[26.20807,59.00547],[26.20846,59.00561],[26.20886,59.00554],[26.20891,59.00526],[26.20843,59.00514],[26.20831,59.00493],[26.20861,59.00478],[26.20877,59.00402],[26.20897,59.00383],[26.20839,59.00352],[26.20859,59.00327],[26.20833,59.00296],[26.20773,59.00205],[26.20665,59.0011],[26.20706,59.0007],[26.20761,59.00048],[26.20783,59.00025],[26.20754,58.9999],[26.20645,58.99917],[26.20613,58.99908],[26.20579,58.99842],[26.20572,58.99836],[26.20548,58.99812],[26.2053,58.99776],[26.20524,58.99769]]],[[[26.21468,58.97021],[26.21418,58.97106],[26.21389,58.97134],[26.21333,58.9721],[26.21321,58.97239],[26.21321,58.97288],[26.21347,58.97351],[26.2137,58.97388],[26.21374,58.9742],[26.2136,58.97493],[26.21264,58.97556],[26.21255,58.9757],[26.21266,58.9761],[26.2126,58.97674],[26.21217,58.97718],[26.21166,58.97735],[26.21021,58.97767],[26.2097,58.97771],[26.209,58.97763],[26.2077,58.97757],[26.20639,58.97736],[26.20555,58.97738],[26.20484,58.9777],[26.20403,58.97842],[26.20278,58.97968],[26.20227,58.9804],[26.20213,58.9808],[26.20153,58.98124],[26.20112,58.982],[26.20113,58.98236],[26.20095,58.98285],[26.20111,58.9836],[26.20111,58.98431],[26.20101,58.98486],[26.2011,58.98522],[26.20188,58.987],[26.20246,58.98821],[26.20306,58.98971],[26.20322,58.98993],[26.20362,58.99105],[26.20414,58.99217],[26.20481,58.99375],[26.20497,58.99439],[26.20481,58.99463],[26.20472,58.99465],[26.20464,58.99427],[26.20475,58.99413],[26.20463,58.99376],[26.20395,58.99216],[26.20344,58.99106],[26.20305,58.98996],[26.20223,58.98825],[26.20185,58.98734],[26.20134,58.98632],[26.20092,58.98524],[26.20083,58.98486],[26.20094,58.98429],[26.20093,58.98362],[26.20077,58.98285],[26.20095,58.98236],[26.20095,58.98198],[26.20137,58.9812],[26.20196,58.98077],[26.2021,58.98038],[26.20268,58.97952],[26.2035,58.97879],[26.20445,58.97781],[26.20514,58.97742],[26.20599,58.97723],[26.20789,58.97746],[26.2097,58.97762],[26.21105,58.97738],[26.21215,58.97707],[26.21251,58.97671],[26.21249,58.97614],[26.21234,58.97573],[26.21242,58.97554],[26.21317,58.97509],[26.21339,58.97488],[26.21354,58.97446],[26.21355,58.97413],[26.21309,58.9732],[26.21293,58.97256],[26.21298,58.9723],[26.21345,58.97156],[26.2137,58.97135],[26.21443,58.97042],[26.21468,58.97021]]],[[[26.19844,59.10606],[26.19854,59.106],[26.19938,59.10637],[26.19959,59.10656],[26.20033,59.10691],[26.2005,59.1073],[26.20051,59.10763],[26.20075,59.10779],[26.20076,59.10831],[26.20107,59.10928],[26.20121,59.10945],[26.20163,59.10962],[26.20188,59.11024],[26.20221,59.11057],[26.20302,59.11118],[26.20354,59.11181],[26.20386,59.11247],[26.20416,59.11294],[26.20487,59.11322],[26.20548,59.11328],[26.20573,59.1134],[26.20613,59.11393],[26.2066,59.11391],[26.20661,59.11412],[26.20712,59.11447],[26.20726,59.11445],[26.20832,59.11393],[26.20817,59.11319],[26.2071,59.11269],[26.2067,59.11228],[26.20654,59.11149],[26.20668,59.11148],[26.20685,59.11226],[26.20722,59.11265],[26.20828,59.11314],[26.20838,59.11324],[26.20847,59.11396],[26.2072,59.11456],[26.208,59.11499],[26.20842,59.11505],[26.20826,59.11528],[26.2085,59.11557],[26.20837,59.1159],[26.20862,59.11622],[26.20908,59.11632],[26.20913,59.11657],[26.20954,59.11674],[26.21026,59.11683],[26.21186,59.11684],[26.21182,59.11691],[26.21029,59.11691],[26.20983,59.11695],[26.20906,59.1168],[26.20873,59.11651],[26.20822,59.11625],[26.20824,59.11556],[26.20775,59.11501],[26.20662,59.11432],[26.20645,59.1141],[26.20586,59.11396],[26.20573,59.11368],[26.20523,59.1134],[26.20418,59.11316],[26.20374,59.1128],[26.20339,59.11211],[26.20263,59.11142],[26.20251,59.11111],[26.20199,59.11063],[26.2017,59.11048],[26.20156,59.11002],[26.20124,59.10961],[26.20093,59.10938],[26.20071,59.1087],[26.2004,59.10797],[26.20028,59.1073],[26.1999,59.10693],[26.19844,59.10606]]],[[[26.21076,59.11895],[26.21077,59.11881],[26.2116,59.11825],[26.21155,59.11857],[26.21113,59.11887],[26.21076,59.11895]]]]},"properties":{"fclass":"riverbank"}},
{"type":"Feature","geometry":{"type":"Polygon","coordinates":[[[25.29007,59.12156],[25.29045,59.12098],[25.29037,59.12066],[25.2905,59.12043],[25.29043,59.12],[25.29017,59.11958],[25.29168,59.11918],[25.29194,59.11959],[25.292,59.1203],[25.29184,59.12073],[25.29127,59.12132],[25.29117,59.12225],[25.2915,59.12287],[25.29144,59.12342],[25.29101,59.1235],[25.29045,59.12264],[25.29038,59.12224],[25.29013,59.12191],[25.29007,59.12156]]]},"properties":{"fclass":"water"}},
{"type":"Feature","geometry":{"type":"Polygon","coordinates":[[[25.28448,59.12558],[25.28649,59.12504],[25.28666,59.12604],[25.28633,59.12717],[25.28544,59.12773],[25.28452,59.12794],[25.28448,59.12558]]]},"properties":{"fclass":"water"}},
{"type":"Feature","geometry":{"type":"Polygon","coordinates":[[[25.94771,59.20157],[25.9485,59.20094],[25.95104,59.19923],[25.95284,59.1981],[25.95335,59.19775],[25.95376,59.19792],[25.95331,59.19822],[25.95137,59.19937],[25.94789,59.20165],[25.94771,59.20157]]]},"properties":{"fclass":"water"}},
{"type":"Feature","geometry":{"type":"MultiPolygon","coordinates":[[[[25.42614,59.37364],[25.42639,59.37318],[25.42723,59.3725],[25.42761,59.37237],[25.42833,59.37147],[25.42851,59.37163],[25.42785,59.3724],[25.42725,59.37285],[25.42669,59.37335],[25.42657,59.37362],[25.42614,59.37364]]],[[[25.42839,59.37127],[25.42906,59.37087],[25.42948,59.3709],[25.42963,59.37116],[25.42885,59.37151],[25.42839,59.37127]]]]},"properties":{"fclass":"reservoir"}},
{"type":"Feature","geometry":{"type":"Polygon","coordinates":[[[26.13099,59.33799],[26.13115,59.33773],[26.1314,59.33763],[26.13271,59.33778],[26.13339,59.33791],[26.13339,59.33809],[26.13293,59.33814],[26.13248,59.33831],[26.13202,59.33807],[26.13156,59.33816],[26.13099,59.33799]]]},"properties":{"fclass":"water"}},
{"type":"Feature","geometry":{"type":"Polygon","coordinates":[[[25.9486,59.04104],[25.94863,59.04077],[25.94914,59.04047],[25.94977,59.04048],[25.95042,59.04069],[25.95077,59.04038],[25.95039,59.04011],[25.95023,59.03954],[25.95025,59.03903],[25.95047,59.03885],[25.95103,59.0388],[25.95178,59.03895],[25.9527,59.03926],[25.9531,59.03924],[25.954,59.03876],[25.95456,59.03865],[25.95583,59.03864],[25.95627,59.03878],[25.95634,59.03907],[25.95618,59.03922],[25.95554,59.0394],[25.95456,59.03939],[25.95383,59.03947],[25.95329,59.03942],[25.95256,59.03957],[25.95176,59.03997],[25.95147,59.04034],[25.95081,59.04042],[25.9508,59.04071],[25.95156,59.04082],[25.95172,59.04108],[25.95148,59.04127],[25.95085,59.04148],[25.94979,59.04161],[25.94963,59.04188],[25.9493,59.04183],[25.94914,59.04154],[25.9486,59.04104]]]},"properties":{"fclass":"water"}},
{"type":"Feature","geometry":{"type":"Polygon","coordinates":[[[25.94305,59.04719],[25.94364,59.0468],[25.94773,59.04734],[25.95031,59.04723],[25.95179,59.04665],[25.95138,59.0463],[25.95159,59.04584],[25.95516,59.04567],[25.957,59.04594],[25.95703,59.04668],[25.95665,59.04678],[25.95686,59.04733],[25.95657,59.0478],[25.955,59.04931],[25.95477,59.04973],[25.95488,59.05001],[25.95438,59.04989],[25.9531,59.05041],[25.95198,59.05053],[25.95116,59.04962],[25.9505,59.0491],[25.95158,59.04894],[25.95256,59.04809],[25.95327,59.04829],[25.95389,59.0483],[25.95452,59.04746],[25.95528,59.04703],[25.95622,59.04663],[25.95622,59.04651],[25.95516,59.0467],[25.95499,59.04696],[25.95441,59.04707],[25.95375,59.04818],[25.95357,59.04819],[25.95256,59.04774],[25.95169,59.04847],[25.95144,59.04861],[25.95101,59.04862],[25.95038,59.04824],[25.94976,59.04814],[25.94848,59.04831],[25.94674,59.04785],[25.94529,59.04757],[25.94398,59.04713],[25.94305,59.04719]]]},"properties":{"fclass":"water"}},
{"type":"Feature","geometry":{"type":"Polygon","coordinates":[[[25.86442,59.03339],[25.86457,59.0331],[25.86508,59.03281],[25.86561,59.0328],[25.86622,59.03323],[25.86595,59.03359],[25.86548,59.03365],[25.86442,59.03339]]]},"properties":{"fclass":"water"}},
{"type":"Feature","geometry":{"type":"Polygon","coordinates":[[[25.42735,59.09856],[25.42741,59.09823],[25.42805,59.09837],[25.4288,59.09811],[25.42911,59.09856],[25.42873,59.09905],[25.428,59.0987],[25.42757,59.09875],[25.42735,59.09856]]]},"properties":{"fclass":"water"}},
{"type":"Feature","geometry":{"type":"Polygon","coordinates":[[[25.33007,59.24768],[25.33075,59.24736],[25.33065,59.24703],[25.33106,59.24648],[25.33102,59.24622],[25.33145,59.24604],[25.332,59.24597],[25.3315,59.24632],[25.33103,59.24685],[25.33111,59.24718],[25.33139,59.2475],[25.33075,59.24777],[25.33007,59.24768]]]},"properties":{"fclass":"water"}},
{"type":"Feature","geometry":{"type":"Polygon","coordinates":[[[25.93969,59.36262],[25.93983,59.36237],[25.94016,59.36242],[25.94136,59.36219],[25.94203,59.36249],[25.94162,59.36256],[25.94072,59.36286],[25.94027,59.3626],[25.93969,59.36262]]]},"properties":{"fclass":"water"}},
{"type":"Feature","geometry":{"type":"Polygon","coordinates":[[[26.06224,59.29692],[26.06263,59.29655],[26.06284,59.2965],[26.06382,59.2967],[26.06437,59.2966],[26.06508,59.29606],[26.06496,59.29564],[26.06547,59.29567],[26.06565,59.29579],[26.06631,59.29578],[26.06621,59.29598],[26.06647,59.29622],[26.06619,59.29669],[26.06556,59.29736],[26.06512,59.29736],[26.064,59.29704],[26.06249,59.29711],[26.06224,59.29692]]]},"properties":{"fclass":"water"}},
{"type":"Feature","geometry":{"type":"Polygon","coordinates":[[[25.38135,59.39673],[25.3816,59.39563],[25.3818,59.3954],[25.38165,59.39524],[25.3819,59.39374],[25.38198,59.39284],[25.38177,59.39266],[25.38188,59.39244],[25.3823,59.39241],[25.38417,59.39292],[25.3845,59.39319],[25.38501,59.39319],[25.38614,59.39336],[25.38722,59.3936],[25.38782,59.39382],[25.38789,59.39401],[25.38826,59.39419],[25.38829,59.39435],[25.389,59.39482],[25.39035,59.39537],[25.39033,59.39585],[25.39012,59.39678],[25.3901,59.39755],[25.38912,59.39758],[25.3873,59.39756],[25.38756,59.39695],[25.3878,59.39535],[25.38483,59.39519],[25.38485,59.39591],[25.38519,59.39627],[25.38551,59.39632],[25.38566,59.39653],[25.3853,59.39693],[25.38531,59.39709],[25.38484,59.39727],[25.38375,59.39703],[25.38374,59.39719],[25.38269,59.39709],[25.38249,59.397],[25.38135,59.39673]]]},"properties":{"fclass":"water"}},
{"type":"Feature","geometry":{"type":"Polygon","coordinates":[[[25.4784,59.00385],[25.47967,59.00373],[25.47995,59.0049],[25.47913,59.00494],[25.47844,59.00422],[25.4784,59.00385]]]},"properties":{"fclass":"water"}},
{"type":"Feature","geometry":{"type":"Polygon","coordinates":[[[25.47883,59.0058],[25.47902,59.00538],[25.47907,59.00503],[25.47994,59.00501],[25.48009,59.00512],[25.48022,59.00553],[25.48048,59.00692],[25.47946,59.00699],[25.47883,59.0058]]]},"properties":{"fclass":"water"}},
{"type":"Feature","geometry":{"type":"Polygon","coordinates":[[[25.47162,58.98324],[25.47284,58.98338],[25.47262,58.98356],[25.4729,58.98375],[25.47323,58.98376],[25.47271,58.98422],[25.47219,58.984],[25.47162,58.98324]]]},"properties":{"fclass":"water"}},
{"type":"Feature","geometry":{"type":"Polygon","coordinates":[[[25.47958,59.00774],[25.4806,59.00758],[25.48144,59.0084],[25.48163,59.00924],[25.48122,59.00935],[25.48031,59.00942],[25.47985,59.00825],[25.47958,59.00774]]]},"properties":{"fclass":"water"}},
{"type":"Feature","geometry":{"type":"Polygon","coordinates":[[[26.18775,59.22973],[26.18813,59.22945],[26.18799,59.22908],[26.18898,59.22929],[26.18924,59.22922],[26.19003,59.22938],[26.1898,59.23025],[26.1893,59.23025],[26.1895,59.22995],[26.18906,59.22976],[26.18889,59.23008],[26.18848,59.23015],[26.18777,59.22987],[26.18775,59.22973]]]},"properties":{"fclass":"water"}},
{"type":"Feature","geometry":{"type":"Polygon","coordinates":[[[26.19169,59.22992],[26.19206,59.22991],[26.19243,59.22974],[26.19254,59.2295],[26.1922,59.22883],[26.19215,59.22801],[26.19273,59.22757],[26.19327,59.22748],[26.19354,59.22782],[26.19383,59.22797],[26.1941,59.22773],[26.19474,59.22791],[26.19448,59.22812],[26.19456,59.2283],[26.19515,59.22815],[26.19559,59.22784],[26.19573,59.22802],[26.19626,59.22818],[26.19629,59.22842],[26.19584,59.22862],[26.19568,59.22849],[26.1951,59.22873],[26.19494,59.22933],[26.19422,59.22961],[26.19409,59.23017],[26.19392,59.23026],[26.19395,59.23064],[26.19351,59.23099],[26.19346,59.23117],[26.19381,59.23135],[26.19367,59.2316],[26.19275,59.23178],[26.19287,59.23152],[26.19284,59.23115],[26.19219,59.23046],[26.19169,59.23017],[26.19169,59.22992]]]},"properties":{"fclass":"water"}},
{"type":"Feature","geometry":{"type":"Polygon","coordinates":[[[26.19222,59.22381],[26.19255,59.22352],[26.19289,59.22337],[26.19366,59.22332],[26.19367,59.22386],[26.19358,59.22425],[26.19335,59.22476],[26.19296,59.22508],[26.19304,59.22523],[26.19371,59.22509],[26.19346,59.22555],[26.19297,59.22577],[26.19242,59.2251],[26.19242,59.22483],[26.19222,59.22381]]]},"properties":{"fclass":"water"}},
{"type":"Feature","geometry":{"type":"Polygon","coordinates":[[[26.18461,59.24234],[26.185,59.24209],[26.18588,59.24189],[26.18651,59.24213],[26.18701,59.24244],[26.18691,59.24287],[26.18671,59.24315],[26.18633,59.24325],[26.18561,59.24313],[26.18532,59.24291],[26.18471,59.24267],[26.18461,59.24234]]]},"properties":{"fclass":"water"}},
{"type":"Feature","geometry":{"type":"Polygon","coordinates":[[[26.17967,59.40735],[26.18012,59.40785],[26.18077,59.40807],[26.1809,59.40791],[26.18157,59.40762],[26.18213,59.40784],[26.18208,59.40795],[26.18133,59.40824],[26.181,59.40847],[26.18018,59.40837],[26.1803,59.40804],[26.17987,59.40772],[26.17967,59.40735]]]},"properties":{"fclass":"water"}},
{"type":"Feature","geometry":{"type":"Polygon","coordinates":[[[25.34008,59.37181],[25.34026,59.37148],[25.34075,59.37141],[25.34122,59.37116],[25.3417,59.37124],[25.34181,59.37145],[25.34178,59.37181],[25.34134,59.37192],[25.341,59.37211],[25.34028,59.37195],[25.34008,59.37181]]]},"properties":{"fclass":"water"}},
{"type":"Feature","geometry":{"type":"Polygon","coordinates":[[[25.87358,59.34931],[25.87369,59.3489],[25.87444,59.3488],[25.87476,59.34912],[25.87528,59.34927],[25.87549,59.34953],[25.87578,59.34949],[25.87619,59.34965],[25.87605,59.34985],[25.87557,59.34987],[25.87469,59.34948],[25.87367,59.34942],[25.87358,59.34931]]]},"properties":{"fclass":"water"}},
{"type":"Feature","geometry":{"type":"Polygon","coordinates":[[[25.9068,59.3379],[25.90723,59.33755],[25.90804,59.33736],[25.90815,59.33766],[25.90843,59.33772],[25.90867,59.33801],[25.90866,59.33831],[25.90776,59.33817],[25.9073,59.3382],[25.90687,59.33812],[25.9068,59.3379]]]},"properties":{"fclass":"water"}},
{"type":"Feature","geometry":{"type":"Polygon","coordinates":[[[25.68724,59.21161],[25.68732,59.21129],[25.68772,59.21125],[25.68796,59.2114],[25.68856,59.21144],[25.68937,59.21171],[25.68942,59.21192],[25.68884,59.2121],[25.68804,59.21206],[25.68749,59.21197],[25.68724,59.21161]]]},"properties":{"fclass":"water"}},
{"type":"Feature","geometry":{"type":"Polygon","coordinates":[[[25.94533,59.32518],[25.94546,59.325],[25.94586,59.32496],[25.94614,59.32481],[25.94646,59.32492],[25.94693,59.32533],[25.94671,59.32561],[25.94672,59.32583],[25.94637,59.32599],[25.94589,59.32589],[25.94537,59.32537],[25.94533,59.32518]]]},"properties":{"fclass":"water"}},
{"type":"Feature","geometry":{"type":"Polygon","coordinates":[[[25.94863,59.32566],[25.94872,59.32551],[25.94966,59.32485],[25.95046,59.32435],[25.95151,59.32385],[25.95238,59.32399],[25.95249,59.32382],[25.95298,59.32397],[25.95345,59.32456],[25.95332,59.32505],[25.95236,59.32586],[25.95135,59.32619],[25.9499,59.32656],[25.94943,59.32656],[25.94885,59.32621],[25.94863,59.32566]]]},"properties":{"fclass":"water"}},
{"type":"Feature","geometry":{"type":"Polygon","coordinates":[[[25.471,59.44759],[25.47121,59.44748],[25.47254,59.44742],[25.473,59.44757],[25.47501,59.4474],[25.47566,59.44751],[25.47624,59.4475],[25.47672,59.44757],[25.47702,59.44747],[25.4785,59.44755],[25.48001,59.44775],[25.48063,59.4479],[25.48217,59.4481],[25.48277,59.44821],[25.48441,59.44985],[25.48412,59.45006],[25.48269,59.44989],[25.48259,59.4498],[25.48176,59.44967],[25.48107,59.44986],[25.48091,59.44978],[25.47973,59.4499],[25.47964,59.45004],[25.47902,59.45001],[25.47824,59.44987],[25.47678,59.44982],[25.47597,59.44955],[25.47528,59.44925],[25.47324,59.44862],[25.47212,59.44849],[25.47158,59.44847],[25.47128,59.44836],[25.47125,59.44769],[25.471,59.44759]]]},"properties":{"fclass":"water"}},
{"type":"Feature","geometry":{"type":"Polygon","coordinates":[[[25.74697,59.12271],[25.74775,59.12235],[25.74833,59.12173],[25.74844,59.12145],[25.74902,59.12139],[25.7486,59.12196],[25.74799,59.12246],[25.748,59.12266],[25.74772,59.12319],[25.7475,59.12286],[25.74715,59.12287],[25.74697,59.12271]]]},"properties":{"fclass":"water"}},
{"type":"Feature","geometry":{"type":"Polygon","coordinates":[[[25.6537,59.15446],[25.65408,59.15402],[25.65442,59.154],[25.65473,59.15468],[25.65509,59.15501],[25.65491,59.15533],[25.65428,59.15523],[25.6537,59.15446]]]},"properties":{"fclass":"water"}},
{"type":"Feature","geometry":{"type":"Polygon","coordinates":[[[25.21472,59.38808],[25.21486,59.38796],[25.21533,59.38802],[25.21558,59.38783],[25.21553,59.3875],[25.21598,59.38755],[25.21644,59.38775],[25.2165,59.38805],[25.21617,59.38831],[25.21577,59.3884],[25.21508,59.38828],[25.21472,59.38808]]]},"properties":{"fclass":"water"}},
{"type":"Feature","geometry":{"type":"Polygon","coordinates":[[[26.23955,59.45326],[26.24044,59.45285],[26.2409,59.45329],[26.24106,59.45367],[26.24068,59.45386],[26.24019,59.45383],[26.23955,59.45326]]]},"properties":{"fclass":"water"}},
{"type":"Feature","geometry":{"type":"Polygon","coordinates":[[[26.24962,59.32041],[26.24972,59.32026],[26.25019,59.32011],[26.25088,59.32011],[26.25139,59.32029],[26.25167,59.32061],[26.25035,59.32091],[26.24971,59.32073],[26.24962,59.32041]]]},"properties":{"fclass":"water"}},
{"type":"Feature","geometry":{"type":"Polygon","coordinates":[[[25.501,59.37582],[25.51628,59.37237],[25.51646,59.37241],[25.5164,59.37299],[25.51606,59.37358],[25.51591,59.37477],[25.51525,59.3749],[25.51431,59.37496],[25.51358,59.37511],[25.51357,59.37491],[25.51322,59.37452],[25.51219,59.3745],[25.5117,59.37467],[25.51162,59.37511],[25.51197,59.37545],[25.5106,59.3758],[25.51019,59.37596],[25.50397,59.37733],[25.50337,59.37672],[25.50287,59.37684],[25.50245,59.37673],[25.50185,59.37692],[25.50183,59.37709],[25.50121,59.37728],[25.501,59.37582]]]},"properties":{"fclass":"water"}},
{"type":"Feature","geometry":{"type":"Polygon","coordinates":[[[25.60597,59.38268],[25.60697,59.38191],[25.60709,59.38126],[25.60757,59.38068],[25.60848,59.38069],[25.60854,59.38036],[25.60888,59.38046],[25.60886,59.3807],[25.60856,59.38096],[25.60917,59.38118],[25.60981,59.38126],[25.60949,59.38164],[25.60911,59.3817],[25.60921,59.38133],[25.60872,59.38114],[25.60785,59.38174],[25.60754,59.38223],[25.60674,59.38254],[25.60649,59.38275],[25.60597,59.38268]]]},"properties":{"fclass":"water"}},
{"type":"Feature","geometry":{"type":"Polygon","coordinates":[[[25.69771,59.40056],[25.69857,59.39996],[25.69922,59.39971],[25.69933,59.39949],[25.69986,59.39924],[25.70062,59.39925],[25.70062,59.39957],[25.70116,59.39967],[25.70082,59.39996],[25.70002,59.40029],[25.69965,59.40026],[25.69917,59.4004],[25.6986,59.40078],[25.6982,59.4008],[25.69771,59.40056]]]},"properties":{"fclass":"water"}},
{"type":"Feature","geometry":{"type":"Polygon","coordinates":[[[26.46642,59.43548],[26.47024,59.43458],[26.47097,59.43515],[26.47331,59.43479],[26.47653,59.43462],[26.47744,59.43495],[26.47822,59.43493],[26.47822,59.43521],[26.47551,59.43541],[26.47624,59.4363],[26.47705,59.43624],[26.47728,59.43671],[26.478,59.43664],[26.47819,59.43698],[26.47778,59.43708],[26.47796,59.43741],[26.47715,59.43781],[26.47663,59.43855],[26.47383,59.43879],[26.47299,59.43906],[26.47177,59.43908],[26.47198,59.43964],[26.47074,59.44008],[26.47009,59.43959],[26.46959,59.43963],[26.46939,59.43917],[26.46961,59.43843],[26.46899,59.43816],[26.4685,59.43733],[26.46642,59.43548]]]},"properties":{"fclass":"water"}},
{"type":"Feature","geometry":{"type":"Polygon","coordinates":[[[26.48551,59.43647],[26.48601,59.43607],[26.48678,59.43625],[26.48795,59.43632],[26.4938,59.43743],[26.49449,59.43838],[26.49369,59.43914],[26.49249,59.43887],[26.49024,59.44034],[26.48562,59.4388],[26.48609,59.43834],[26.48564,59.43816],[26.48694,59.43692],[26.48551,59.43647]]]},"properties":{"fclass":"water"}},
{"type":"Feature","geometry":{"type":"Polygon","coordinates":[[[25.38302,59.05693],[25.3832,59.05681],[25.38484,59.05661],[25.38568,59.05668],[25.38612,59.05677],[25.38639,59.05699],[25.38662,59.0575],[25.38607,59.05769],[25.38581,59.05788],[25.38378,59.05805],[25.3832,59.05781],[25.38302,59.05693]]]},"properties":{"fclass":"water"}},
{"type":"Feature","geometry":{"type":"Polygon","coordinates":[[[26.17805,59.47011],[26.17886,59.46962],[26.18045,59.46878],[26.18078,59.469],[26.18068,59.46933],[26.18032,59.46951],[26.17977,59.46952],[26.17863,59.47004],[26.17887,59.47021],[26.17843,59.47034],[26.17805,59.47011]]]},"properties":{"fclass":"water"}},
{"type":"Feature","geometry":{"type":"Polygon","coordinates":[[[26.17575,59.46863],[26.17639,59.46811],[26.17576,59.468],[26.17578,59.46772],[26.17623,59.46768],[26.17631,59.46754],[26.17678,59.46739],[26.17673,59.46726],[26.17714,59.46691],[26.17738,59.46649],[26.17795,59.46628],[26.17911,59.46628],[26.18011,59.46679],[26.1801,59.46694],[26.17966,59.46711],[26.17882,59.46761],[26.17772,59.46833],[26.17654,59.46894],[26.17575,59.46863]]]},"properties":{"fclass":"water"}},
{"type":"Feature","geometry":{"type":"Polygon","coordinates":[[[26.19694,59.18776],[26.19761,59.18755],[26.19761,59.18729],[26.19785,59.18712],[26.19806,59.18637],[26.19795,59.18573],[26.19762,59.18535],[26.19799,59.18496],[26.1986,59.18464],[26.19858,59.18436],[26.19816,59.18423],[26.19787,59.1844],[26.19738,59.18446],[26.19707,59.18413],[26.19712,59.18388],[26.19741,59.18379],[26.19791,59.18386],[26.19842,59.18382],[26.19905,59.18279],[26.19945,59.18262],[26.20005,59.18252],[26.19997,59.18238],[26.19948,59.18218],[26.1991,59.18181],[26.1995,59.18162],[26.19958,59.18128],[26.20018,59.18132],[26.20135,59.18091],[26.20194,59.18109],[26.20283,59.18046],[26.20372,59.17994],[26.20348,59.17959],[26.20354,59.17936],[26.20411,59.17919],[26.20462,59.17933],[26.20491,59.1793],[26.20539,59.17886],[26.20592,59.17886],[26.2062,59.17875],[26.20615,59.17851],[26.20747,59.17787],[26.20763,59.17814],[26.20839,59.17804],[26.20894,59.1776],[26.20962,59.17752],[26.21069,59.17711],[26.21172,59.17682],[26.21229,59.17653],[26.21276,59.1761],[26.21221,59.17557],[26.21234,59.17531],[26.21363,59.17502],[26.21383,59.1758],[26.21427,59.17621],[26.21417,59.17657],[26.2143,59.17691],[26.21467,59.17717],[26.21534,59.17723],[26.21508,59.17743],[26.21408,59.17745],[26.21361,59.17767],[26.21345,59.17804],[26.21316,59.1782],[26.21311,59.17866],[26.21335,59.17886],[26.21323,59.17911],[26.21168,59.18011],[26.21185,59.18053],[26.21167,59.18066],[26.21055,59.18076],[26.20902,59.18162],[26.20926,59.18182],[26.20914,59.18242],[26.2088,59.1826],[26.20852,59.18297],[26.20752,59.18318],[26.20632,59.18389],[26.20564,59.1842],[26.20518,59.18452],[26.20439,59.18523],[26.20347,59.18559],[26.20294,59.18573],[26.2024,59.18574],[26.2021,59.18613],[26.2013,59.18626],[26.20117,59.18665],[26.20087,59.18661],[26.20066,59.18715],[26.19997,59.18721],[26.1995,59.18754],[26.19853,59.18812],[26.19806,59.18827],[26.19739,59.18812],[26.19694,59.18776]],[[26.19869,59.18373],[26.19899,59.18413],[26.19936,59.18424],[26.20019,59.18404],[26.20076,59.18397],[26.2008,59.18352],[26.20097,59.18333],[26.20167,59.18335],[26.20182,59.18361],[26.20236,59.18369],[26.20336,59.18369],[26.20418,59.18354],[26.20445,59.18339],[26.20456,59.18298],[26.20416,59.18285],[26.20412,59.18208],[26.20423,59.1818],[26.20376,59.18164],[26.20351,59.18145],[26.20363,59.18112],[26.20333,59.18096],[26.20288,59.18112],[26.20256,59.18143],[26.20221,59.18141],[26.2005,59.18219],[26.20095,59.18224],[26.20094,59.18244],[26.19924,59.18291],[26.19869,59.18373]],[[26.20284,59.18051],[26.20285,59.18066],[26.20328,59.18091],[26.20377,59.18078],[26.20371,59.18061],[26.20318,59.18043],[26.20284,59.18051]],[[26.20541,59.18275],[26.20559,59.18284],[26.20615,59.18245],[26.20682,59.18249],[26.20691,59.18239],[26.20669,59.18206],[26.20541,59.18275]],[[26.20622,59.17972],[26.20644,59.17994],[26.20699,59.1802],[26.20747,59.18025],[26.20795,59.18016],[26.20797,59.17999],[26.2089,59.18001],[26.20907,59.17985],[26.20884,59.17951],[26.2084,59.17948],[26.208,59.17932],[26.20716,59.17858],[26.20657,59.17857],[26.20627,59.17883],[26.20638,59.17913],[26.20622,59.17972]],[[26.20648,59.18116],[26.20722,59.1813],[26.2084,59.18176],[26.20892,59.18167],[26.2089,59.18111],[26.20839,59.18104],[26.20776,59.18104],[26.20696,59.18095],[26.20662,59.18097],[26.20648,59.18116]],[[26.20726,59.18077],[26.20733,59.18096],[26.20808,59.18093],[26.20864,59.18078],[26.20856,59.18042],[26.20781,59.18024],[26.20736,59.1804],[26.20743,59.18065],[26.20726,59.18077]],[[26.2112,59.1787],[26.21131,59.17894],[26.21182,59.17885],[26.21232,59.17904],[26.21262,59.17895],[26.21265,59.17869],[26.21215,59.1786],[26.21173,59.17841],[26.2115,59.17844],[26.2112,59.1787]]]},"properties":{"fclass":"water"}},
{"type":"Feature","geometry":{"type":"Polygon","coordinates":[[[26.03825,59.37256],[26.03828,59.37246],[26.03894,59.37191],[26.03936,59.37198],[26.0391,59.3722],[26.03993,59.37286],[26.0399,59.37314],[26.03948,59.37315],[26.03894,59.37278],[26.03863,59.37276],[26.03825,59.37256]]]},"properties":{"fclass":"water"}},
{"type":"Feature","geometry":{"type":"MultiPolygon","coordinates":[[[[26.03966,59.37339],[26.04009,59.37321],[26.04085,59.37352],[26.04158,59.37327],[26.04248,59.37338],[26.04263,59.37363],[26.04147,59.3734],[26.04042,59.37394],[26.03996,59.37368],[26.03966,59.37339]]],[[[26.04168,59.37475],[26.04219,59.37493],[26.04279,59.37493],[26.04338,59.37472],[26.04338,59.37434],[26.04358,59.37407],[26.0438,59.37406],[26.04406,59.37438],[26.04544,59.37539],[26.04489,59.37572],[26.04408,59.37543],[26.04353,59.37549],[26.04344,59.37527],[26.04282,59.37508],[26.04206,59.37501],[26.04168,59.37475]]]]},"properties":{"fclass":"water"}},
{"type":"Feature","geometry":{"type":"Polygon","coordinates":[[[25.38125,59.39945],[25.38152,59.3993],[25.38201,59.39936],[25.38215,59.39954],[25.38289,59.39968],[25.38338,59.39987],[25.38397,59.39988],[25.38416,59.39996],[25.38486,59.40003],[25.38477,59.40037],[25.38372,59.40039],[25.38173,59.40021],[25.3813,59.39991],[25.38125,59.39945]]]},"properties":{"fclass":"water"}},
{"type":"Feature","geometry":{"type":"Polygon","coordinates":[[[25.37451,59.39769],[25.37502,59.39769],[25.37797,59.39783],[25.3782,59.39798],[25.37783,59.39816],[25.37905,59.39886],[25.37962,59.39879],[25.38039,59.39919],[25.3804,59.39942],[25.3802,59.39986],[25.37976,59.39998],[25.37887,59.39997],[25.37858,59.40001],[25.37743,59.40003],[25.37707,59.39994],[25.37686,59.39964],[25.3772,59.39939],[25.37692,59.39913],[25.3762,59.3988],[25.37593,59.39885],[25.3752,59.39833],[25.37515,59.39817],[25.37475,59.39803],[25.37451,59.39769]]]},"properties":{"fclass":"water"}},
{"type":"Feature","geometry":{"type":"Polygon","coordinates":[[[25.37799,59.40091],[25.37905,59.40072],[25.38033,59.40073],[25.3802,59.40147],[25.38023,59.40179],[25.37992,59.40191],[25.37799,59.40091]]]},"properties":{"fclass":"water"}},
{"type":"Feature","geometry":{"type":"Polygon","coordinates":[[[25.38569,59.39724],[25.38599,59.39667],[25.38739,59.39681],[25.38736,59.39696],[25.38676,59.39753],[25.38587,59.39751],[25.38569,59.39724]]]},"properties":{"fclass":"water"}},
{"type":"Feature","geometry":{"type":"Polygon","coordinates":[[[25.38076,59.40044],[25.38258,59.40059],[25.38325,59.40069],[25.38342,59.4011],[25.38325,59.40123],[25.38295,59.40172],[25.38295,59.40191],[25.38262,59.40225],[25.38167,59.40223],[25.38145,59.40199],[25.38171,59.40174],[25.38151,59.40141],[25.38156,59.401],[25.38171,59.40073],[25.38124,59.40074],[25.38077,59.40056],[25.38076,59.40044]]]},"properties":{"fclass":"water"}},
{"type":"Feature","geometry":{"type":"Polygon","coordinates":[[[25.41935,59.42713],[25.41942,59.42703],[25.42114,59.42656],[25.42234,59.4263],[25.42317,59.42622],[25.42337,59.42613],[25.42463,59.42593],[25.42496,59.42634],[25.42475,59.42687],[25.42453,59.42718],[25.4231,59.4273],[25.42256,59.42772],[25.42181,59.42772],[25.4209,59.42785],[25.42097,59.42755],[25.4203,59.42747],[25.42026,59.42701],[25.41949,59.42721],[25.41935,59.42713]]]},"properties":{"fclass":"water"}},
{"type":"Feature","geometry":{"type":"Polygon","coordinates":[[[25.41907,59.42945],[25.41917,59.42885],[25.41942,59.42873],[25.4194,59.4285],[25.41985,59.42833],[25.42096,59.42824],[25.4213,59.42816],[25.42242,59.42828],[25.42271,59.42799],[25.42327,59.42789],[25.42408,59.42783],[25.42433,59.42796],[25.42405,59.42911],[25.42355,59.42925],[25.42201,59.42938],[25.42035,59.42946],[25.41986,59.42954],[25.41907,59.42945]]]},"properties":{"fclass":"water"}},
{"type":"Feature","geometry":{"type":"Polygon","coordinates":[[[25.36364,59.42392],[25.36421,59.42381],[25.36571,59.42376],[25.36717,59.4239],[25.36713,59.42417],[25.36794,59.42474],[25.3672,59.4248],[25.36596,59.42477],[25.36558,59.42468],[25.36536,59.42493],[25.36485,59.42461],[25.36387,59.42435],[25.36364,59.42392]]]},"properties":{"fclass":"water"}},
{"type":"Feature","geometry":{"type":"Polygon","coordinates":[[[25.36565,59.4253],[25.36624,59.42491],[25.36774,59.42488],[25.36805,59.42542],[25.36759,59.42543],[25.36734,59.42591],[25.36689,59.42591],[25.36659,59.42572],[25.36665,59.42558],[25.36601,59.42552],[25.36565,59.4253]]]},"properties":{"fclass":"water"}},
{"type":"Feature","geometry":{"type":"Polygon","coordinates":[[[25.42329,59.42552],[25.4234,59.42527],[25.42423,59.42503],[25.42439,59.42511],[25.42521,59.42494],[25.42537,59.425],[25.42517,59.42569],[25.42453,59.42582],[25.42401,59.42563],[25.42329,59.42552]]]},"properties":{"fclass":"water"}},
{"type":"Feature","geometry":{"type":"Polygon","coordinates":[[[25.37104,59.42388],[25.37141,59.42366],[25.37157,59.42342],[25.37253,59.42289],[25.37315,59.42249],[25.37379,59.42234],[25.37394,59.42214],[25.37495,59.42242],[25.37537,59.42274],[25.37573,59.42286],[25.37593,59.42349],[25.37565,59.42373],[25.37408,59.42376],[25.37333,59.42392],[25.3727,59.42393],[25.37117,59.4241],[25.37104,59.42388]]]},"properties":{"fclass":"water"}},
{"type":"Feature","geometry":{"type":"Polygon","coordinates":[[[25.42028,59.43005],[25.42103,59.42983],[25.42145,59.42978],[25.42348,59.42978],[25.42327,59.43027],[25.42351,59.43046],[25.42336,59.4309],[25.42217,59.43077],[25.42116,59.43052],[25.42068,59.43051],[25.42043,59.43037],[25.42028,59.43005]]]},"properties":{"fclass":"water"}},
{"type":"Feature","geometry":{"type":"Polygon","coordinates":[[[25.83061,59.15457],[25.83108,59.15421],[25.83153,59.15435],[25.83203,59.15418],[25.83195,59.15393],[25.83247,59.15378],[25.83304,59.15406],[25.83306,59.15433],[25.83281,59.15448],[25.83219,59.15466],[25.83216,59.15515],[25.8318,59.15547],[25.83122,59.1555],[25.83087,59.15525],[25.83061,59.15457]]]},"properties":{"fclass":"water"}},
{"type":"Feature","geometry":{"type":"Polygon","coordinates":[[[26.03415,59.4068],[26.03468,59.40682],[26.03479,59.40746],[26.03495,59.40789],[26.0349,59.40809],[26.03588,59.40828],[26.03647,59.4086],[26.03626,59.40897],[26.03634,59.40921],[26.03705,59.40932],[26.03695,59.40943],[26.03622,59.40925],[26.03611,59.40869],[26.03553,59.40841],[26.03461,59.40811],[26.03443,59.40747],[26.03442,59.40703],[26.03415,59.4068]]]},"properties":{"fclass":"water"}},
{"type":"Feature","geometry":{"type":"Polygon","coordinates":[[[25.67782,59.40854],[25.67835,59.40779],[25.67936,59.40787],[25.67935,59.40813],[25.67858,59.40866],[25.67805,59.40869],[25.67782,59.40854]]]},"properties":{"fclass":"water"}},
{"type":"Feature","geometry":{"type":"Polygon","coordinates":[[[25.38744,59.23395],[25.38813,59.23396],[25.3888,59.23386],[25.38919,59.23409],[25.38917,59.2344],[25.38899,59.23457],[25.38845,59.23462],[25.3876,59.23417],[25.38744,59.23395]]]},"properties":{"fclass":"water"}},
{"type":"Feature","geometry":{"type":"Polygon","coordinates":[[[25.46998,59.1254],[25.47082,59.12461],[25.471,59.12417],[25.47095,59.12389],[25.4712,59.12349],[25.47122,59.1231],[25.47203,59.1233],[25.47222,59.12367],[25.47232,59.12422],[25.47214,59.12471],[25.47176,59.12498],[25.47147,59.12557],[25.47105,59.12577],[25.47052,59.12586],[25.46998,59.1257],[25.46998,59.1254]]]},"properties":{"fclass":"water"}},
{"type":"Feature","geometry":{"type":"Polygon","coordinates":[[[25.23014,59.06143],[25.23088,59.06117],[25.23091,59.06088],[25.2308,59.06029],[25.23126,59.06024],[25.23198,59.06066],[25.23231,59.06104],[25.23191,59.06125],[25.23157,59.06108],[25.23122,59.06119],[25.23141,59.06166],[25.23093,59.06186],[25.23042,59.06186],[25.23014,59.06143]]]},"properties":{"fclass":"water"}},
{"type":"Feature","geometry":{"type":"Polygon","coordinates":[[[25.95599,59.04205],[25.95612,59.04181],[25.9593,59.04124],[25.95969,59.04119],[25.96003,59.04159],[25.96003,59.04243],[25.9601,59.04294],[25.95928,59.04381],[25.95919,59.04459],[25.95895,59.04477],[25.95705,59.04496],[25.95625,59.04495],[25.95642,59.04446],[25.95647,59.04388],[25.95701,59.04313],[25.95699,59.04266],[25.95623,59.04231],[25.95599,59.04205]]]},"properties":{"fclass":"water"}},
{"type":"Feature","geometry":{"type":"Polygon","coordinates":[[[25.95226,59.04016],[25.95243,59.04002],[25.95419,59.0396],[25.95484,59.03967],[25.95451,59.04053],[25.95504,59.04095],[25.95598,59.04157],[25.95576,59.04188],[25.95449,59.04172],[25.95376,59.04154],[25.95348,59.04111],[25.95343,59.04042],[25.95305,59.04023],[25.95247,59.04025],[25.95226,59.04016]],[[25.95354,59.04027],[25.95362,59.04034],[25.95449,59.04015],[25.95436,59.04003],[25.95354,59.04027]]]},"properties":{"fclass":"water"}},
{"type":"Feature","geometry":{"type":"Polygon","coordinates":[[[26.17903,59.24521],[26.17905,59.24501],[26.17973,59.24476],[26.17968,59.24448],[26.18014,59.24412],[26.18019,59.24392],[26.18056,59.24359],[26.18104,59.24337],[26.18144,59.24341],[26.18173,59.24378],[26.18114,59.24428],[26.18064,59.2448],[26.18059,59.24532],[26.1802,59.24538],[26.18017,59.24559],[26.17935,59.24576],[26.17918,59.24527],[26.17903,59.24521]]]},"properties":{"fclass":"water"}},
{"type":"Feature","geometry":{"type":"Polygon","coordinates":[[[26.17812,59.24576],[26.17843,59.24567],[26.17846,59.24539],[26.1789,59.24543],[26.17904,59.24567],[26.17868,59.24599],[26.17959,59.24607],[26.17985,59.24625],[26.17974,59.24644],[26.17936,59.24663],[26.1788,59.24658],[26.17842,59.24613],[26.17851,59.24594],[26.17812,59.24576]]]},"properties":{"fclass":"water"}},
{"type":"Feature","geometry":{"type":"Polygon","coordinates":[[[26.1947,59.22471],[26.1952,59.22467],[26.19536,59.22492],[26.19574,59.2247],[26.19667,59.22459],[26.19693,59.22465],[26.19708,59.22489],[26.19611,59.22523],[26.19573,59.22529],[26.19584,59.22552],[26.19551,59.22566],[26.19521,59.22521],[26.1947,59.22471]]]},"properties":{"fclass":"water"}},
{"type":"Feature","geometry":{"type":"Polygon","coordinates":[[[26.19438,59.22424],[26.19444,59.22358],[26.19476,59.22334],[26.19521,59.22364],[26.19618,59.22403],[26.19614,59.22431],[26.19529,59.22437],[26.19483,59.22412],[26.19438,59.22424]]]},"properties":{"fclass":"water"}},
{"type":"Feature","geometry":{"type":"Polygon","coordinates":[[[26.19087,59.21974],[26.19106,59.21952],[26.19197,59.21926],[26.1919,59.21871],[26.19209,59.21811],[26.19128,59.21794],[26.19148,59.21761],[26.19191,59.21719],[26.19259,59.21671],[26.19307,59.21682],[26.19387,59.21629],[26.19461,59.21615],[26.195,59.21664],[26.1949,59.21781],[26.19471,59.21833],[26.19402,59.21932],[26.19398,59.22002],[26.19336,59.22055],[26.19281,59.22091],[26.19277,59.22133],[26.19338,59.2212],[26.19364,59.22144],[26.19309,59.22203],[26.19314,59.22234],[26.19279,59.22252],[26.19232,59.22259],[26.19188,59.22241],[26.19172,59.22211],[26.19169,59.2213],[26.19119,59.22021],[26.19087,59.21974]]]},"properties":{"fclass":"water"}},
{"type":"Feature","geometry":{"type":"Polygon","coordinates":[[[26.19609,59.21789],[26.1961,59.21769],[26.19689,59.21715],[26.19716,59.21729],[26.19763,59.2178],[26.19744,59.21837],[26.19695,59.21833],[26.1965,59.21816],[26.19609,59.21789]]]},"properties":{"fclass":"water"}},
{"type":"Feature","geometry":{"type":"Polygon","coordinates":[[[26.1903,59.21331],[26.19078,59.21276],[26.19148,59.21296],[26.1917,59.21334],[26.19145,59.21354],[26.19137,59.21381],[26.19086,59.21394],[26.19069,59.21366],[26.1903,59.21354],[26.1903,59.21331]]]},"properties":{"fclass":"water"}},
{"type":"Feature","geometry":{"type":"Polygon","coordinates":[[[26.18784,59.20762],[26.18807,59.20742],[26.189,59.20766],[26.18937,59.20766],[26.18977,59.20789],[26.18992,59.20813],[26.19116,59.20846],[26.19136,59.20872],[26.1913,59.20936],[26.19089,59.21029],[26.19092,59.21085],[26.19047,59.21112],[26.19008,59.21124],[26.18967,59.21118],[26.18921,59.21069],[26.18923,59.21051],[26.18856,59.20941],[26.18857,59.20903],[26.18825,59.20896],[26.18822,59.20877],[26.18856,59.20863],[26.18845,59.20829],[26.18814,59.20821],[26.18784,59.20762]],[[26.18994,59.20933],[26.19028,59.20958],[26.19095,59.20934],[26.19074,59.20908],[26.19009,59.20922],[26.18994,59.20933]]]},"properties":{"fclass":"water"}},
{"type":"Feature","geometry":{"type":"Polygon","coordinates":[[[25.98522,59.08733],[25.98618,59.0869],[25.98684,59.08695],[25.98738,59.0868],[25.98783,59.08694],[25.98836,59.08722],[25.98906,59.08774],[25.98723,59.08802],[25.98706,59.08794],[25.98643,59.08804],[25.98593,59.08781],[25.98546,59.08774],[25.98522,59.08733]]]},"properties":{"fclass":"water"}},
{"type":"Feature","geometry":{"type":"Polygon","coordinates":[[[25.9309,59.22563],[25.93103,59.22541],[25.93164,59.2255],[25.93213,59.22535],[25.93232,59.2251],[25.93203,59.22465],[25.93252,59.2245],[25.93337,59.22469],[25.93324,59.22492],[25.93253,59.22543],[25.93256,59.22565],[25.93337,59.22595],[25.93303,59.22642],[25.93121,59.22589],[25.9309,59.22563]]]},"properties":{"fclass":"water"}},
{"type":"Feature","geometry":{"type":"Polygon","coordinates":[[[25.73672,59.15322],[25.73682,59.15303],[25.73739,59.15292],[25.73763,59.15301],[25.73848,59.15288],[25.73919,59.15268],[25.73944,59.15292],[25.73723,59.15336],[25.73679,59.1534],[25.73672,59.15322]]]},"properties":{"fclass":"water"}},
{"type":"Feature","geometry":{"type":"Polygon","coordinates":[[[26.11211,59.40926],[26.11317,59.40878],[26.11373,59.40847],[26.11391,59.40929],[26.11268,59.40964],[26.11211,59.40926]]]},"properties":{"fclass":"water"}},
{"type":"Feature","geometry":{"type":"Polygon","coordinates":[[[26.35554,59.28845],[26.35576,59.28811],[26.35659,59.28788],[26.35689,59.28819],[26.35679,59.28837],[26.35767,59.28892],[26.35922,59.29029],[26.35975,59.29031],[26.36017,59.29069],[26.35969,59.29109],[26.35929,59.29124],[26.35895,59.29124],[26.35799,59.29042],[26.35669,59.28973],[26.35626,59.28929],[26.35585,59.28902],[26.35554,59.28845]]]},"properties":{"fclass":"water"}},
{"type":"Feature","geometry":{"type":"Polygon","coordinates":[[[26.35484,59.28715],[26.35494,59.28665],[26.35542,59.28626],[26.3557,59.28632],[26.35566,59.28673],[26.35577,59.28716],[26.35559,59.28754],[26.35517,59.28748],[26.35484,59.28715]]]},"properties":{"fclass":"water"}},
{"type":"Feature","geometry":{"type":"Polygon","coordinates":[[[26.34997,59.28069],[26.35071,59.28047],[26.35115,59.2805],[26.35151,59.28122],[26.35167,59.2817],[26.35189,59.28198],[26.35117,59.28208],[26.35101,59.28121],[26.34997,59.28069]]]},"properties":{"fclass":"water"}},
{"type":"Feature","geometry":{"type":"Polygon","coordinates":[[[26.34923,59.26966],[26.34943,59.26957],[26.34992,59.26961],[26.35007,59.26997],[26.35044,59.27022],[26.35114,59.27045],[26.35096,59.27085],[26.3508,59.27088],[26.35024,59.27064],[26.34944,59.2698],[26.34923,59.26966]]]},"properties":{"fclass":"water"}},
{"type":"Feature","geometry":{"type":"Polygon","coordinates":[[[25.92833,59.22712],[25.92899,59.22693],[25.92913,59.22677],[25.92969,59.22672],[25.92961,59.22691],[25.92997,59.22707],[25.92998,59.22762],[25.92939,59.22756],[25.92903,59.22719],[25.92856,59.22743],[25.92833,59.22712]]]},"properties":{"fclass":"water"}},
{"type":"Feature","geometry":{"type":"Polygon","coordinates":[[[26.09457,59.28847],[26.09471,59.2882],[26.09544,59.28801],[26.09595,59.28799],[26.09607,59.2886],[26.09547,59.28877],[26.09457,59.28847]]]},"properties":{"fclass":"water"}},
{"type":"Feature","geometry":{"type":"Polygon","coordinates":[[[26.48147,59.28993],[26.48232,59.289],[26.48275,59.2882],[26.48379,59.28786],[26.48405,59.28881],[26.48371,59.28943],[26.4833,59.28982],[26.48332,59.29016],[26.48273,59.29042],[26.48197,59.2904],[26.48156,59.29026],[26.48147,59.28993]]]},"properties":{"fclass":"water"}},
{"type":"Feature","geometry":{"type":"Polygon","coordinates":[[[26.36207,59.43094],[26.36245,59.43072],[26.36548,59.43071],[26.36589,59.43106],[26.36596,59.4313],[26.36478,59.43119],[26.36405,59.43102],[26.36365,59.43106],[26.36335,59.43095],[26.36294,59.43099],[26.36207,59.43094]]]},"properties":{"fclass":"water"}},
{"type":"Feature","geometry":{"type":"Polygon","coordinates":[[[26.36197,59.42983],[26.36229,59.42979],[26.36432,59.43002],[26.36451,59.4305],[26.36205,59.4305],[26.36197,59.42983]]]},"properties":{"fclass":"water"}},
{"type":"Feature","geometry":{"type":"Polygon","coordinates":[[[25.76492,59.1004],[25.76543,59.10013],[25.76615,59.10005],[25.76652,59.0999],[25.7671,59.09989],[25.7672,59.1002],[25.76661,59.10049],[25.76636,59.10082],[25.76562,59.1007],[25.76497,59.1005],[25.76492,59.1004]]]},"properties":{"fclass":"water"}},
{"type":"Feature","geometry":{"type":"Polygon","coordinates":[[[25.65722,59.07224],[25.65811,59.0718],[25.65872,59.07159],[25.65874,59.07149],[25.6595,59.07113],[25.6599,59.07121],[25.66019,59.07171],[25.65994,59.07183],[25.66033,59.07203],[25.6601,59.07234],[25.65982,59.07226],[25.65902,59.07252],[25.65859,59.07242],[25.65792,59.07256],[25.65756,59.07252],[25.65722,59.07224]]]},"properties":{"fclass":"water"}},
{"type":"Feature","geometry":{"type":"Polygon","coordinates":[[[25.39042,59.06097],[25.39123,59.06083],[25.39125,59.06133],[25.39151,59.06185],[25.39059,59.06226],[25.39055,59.06206],[25.39077,59.06163],[25.39059,59.06147],[25.39067,59.06115],[25.39042,59.06097]]]},"properties":{"fclass":"water"}},
{"type":"Feature","geometry":{"type":"Polygon","coordinates":[[[25.41818,59.09019],[25.41885,59.08989],[25.41905,59.08991],[25.41977,59.08966],[25.42013,59.09],[25.41964,59.09012],[25.41993,59.09029],[25.42071,59.09012],[25.42129,59.09011],[25.41984,59.0908],[25.41932,59.09109],[25.41873,59.09119],[25.4182,59.09097],[25.41845,59.09055],[25.41818,59.09019]]]},"properties":{"fclass":"water"}},
{"type":"Feature","geometry":{"type":"Polygon","coordinates":[[[25.41606,59.09118],[25.41646,59.09076],[25.41629,59.09039],[25.41767,59.09042],[25.4179,59.09084],[25.41729,59.09113],[25.41616,59.09124],[25.41606,59.09118]]]},"properties":{"fclass":"water"}},
{"type":"Feature","geometry":{"type":"Polygon","coordinates":[[[25.26708,59.13757],[25.26671,59.13735],[25.26551,59.13779],[25.26508,59.13785],[25.26437,59.13732],[25.26364,59.13693],[25.26366,59.13687],[25.26684,59.13664],[25.26748,59.13709],[25.26801,59.13737],[25.2678,59.13752],[25.2673,59.13758],[25.26708,59.13757]]]},"properties":{"fclass":"water"}},
{"type":"Feature","geometry":{"type":"Polygon","coordinates":[[[25.2673,59.13758],[25.26665,59.13802],[25.26658,59.13844],[25.26641,59.13859],[25.26603,59.13851],[25.26561,59.13867],[25.26527,59.13823],[25.26557,59.13822],[25.26573,59.13797],[25.26627,59.13796],[25.26708,59.13757],[25.2673,59.13758]]]},"properties":{"fclass":"water"}},
{"type":"Feature","geometry":{"type":"Polygon","coordinates":[[[25.25961,59.14171],[25.25991,59.14112],[25.26019,59.14081],[25.26,59.14066],[25.26035,59.14041],[25.26122,59.14013],[25.2623,59.13998],[25.26237,59.13991],[25.26357,59.13944],[25.26479,59.13865],[25.26474,59.13894],[25.26415,59.13933],[25.26299,59.13987],[25.26242,59.13996],[25.2616,59.14048],[25.2607,59.14087],[25.26032,59.14138],[25.26113,59.14154],[25.2609,59.14201],[25.25963,59.14203],[25.25961,59.14171]]]},"properties":{"fclass":"water"}},
{"type":"Feature","geometry":{"type":"MultiPolygon","coordinates":[[[[25.20003,59.32888],[25.20093,59.32881],[25.20217,59.32901],[25.20311,59.32932],[25.2049,59.32956],[25.20522,59.32965],[25.20743,59.33],[25.20783,59.33009],[25.21183,59.33011],[25.21816,59.3301],[25.21938,59.33001],[25.21953,59.32984],[25.22001,59.32982],[25.22058,59.32994],[25.22111,59.32977],[25.22319,59.3286],[25.22329,59.32844],[25.22375,59.32829],[25.22442,59.32739],[25.22454,59.32709],[25.22482,59.32689],[25.2257,59.32568],[25.22658,59.32526],[25.22776,59.32524],[25.22957,59.32471],[25.2306,59.32444],[25.23087,59.32413],[25.23141,59.32389],[25.2316,59.32358],[25.23163,59.32315],[25.23136,59.32245],[25.23147,59.32223],[25.23264,59.32108],[25.23287,59.32063],[25.23344,59.31923],[25.23362,59.31841],[25.23364,59.31799],[25.23391,59.31675],[25.23393,59.31629],[25.23423,59.31598],[25.23466,59.31578],[25.23621,59.31529],[25.23817,59.31464],[25.23862,59.31453],[25.23939,59.31463],[25.24033,59.31501],[25.24064,59.31507],[25.24141,59.31495],[25.24193,59.315],[25.24273,59.31523],[25.24341,59.31529],[25.2443,59.31521],[25.24486,59.31502],[25.24639,59.31421],[25.24646,59.31409],[25.24706,59.31371],[25.24836,59.31348],[25.24967,59.3132],[25.25079,59.3128],[25.25188,59.31254],[25.25263,59.31241],[25.25322,59.31189],[25.25331,59.31146],[25.25317,59.31075],[25.25219,59.31029],[25.25175,59.30997],[25.25116,59.30977],[25.25087,59.30927],[25.25104,59.30925],[25.25137,59.30978],[25.25189,59.30992],[25.25229,59.31018],[25.25331,59.31069],[25.25343,59.31089],[25.25349,59.31145],[25.25337,59.31194],[25.25278,59.31247],[25.25195,59.31263],[25.25089,59.31288],[25.25013,59.31318],[25.24842,59.31356],[25.24716,59.31379],[25.24666,59.31409],[25.24653,59.31427],[25.2452,59.31498],[25.24437,59.3153],[25.24338,59.31539],[25.24264,59.31531],[25.24185,59.31509],[25.24145,59.31504],[25.24065,59.31516],[25.24023,59.31509],[25.2393,59.31471],[25.23868,59.31461],[25.23477,59.31585],[25.23415,59.31622],[25.23409,59.31676],[25.23381,59.31805],[25.23369,59.319],[25.23345,59.31967],[25.23282,59.32112],[25.23162,59.32229],[25.23154,59.32246],[25.23182,59.32314],[25.23178,59.3236],[25.23159,59.32392],[25.23104,59.32418],[25.23071,59.32452],[25.22962,59.3248],[25.22782,59.32533],[25.22666,59.32535],[25.22585,59.32573],[25.22533,59.32647],[25.22391,59.32833],[25.22343,59.32851],[25.22335,59.32864],[25.2212,59.32986],[25.22073,59.33002],[25.2201,59.33001],[25.21973,59.32989],[25.21952,59.33009],[25.21898,59.33015],[25.2173,59.3302],[25.21596,59.33019],[25.21132,59.3302],[25.20779,59.33018],[25.20734,59.33009],[25.20425,59.32959],[25.20304,59.32941],[25.20209,59.3291],[25.20093,59.3289],[25.19903,59.32905],[25.19574,59.32823],[25.19441,59.32807],[25.19379,59.3281],[25.19224,59.32792],[25.19189,59.32798],[25.19112,59.32788],[25.18984,59.32762],[25.18985,59.32752],[25.19117,59.32779],[25.19192,59.32788],[25.1921,59.32783],[25.1938,59.32801],[25.19445,59.32798],[25.19579,59.32814],[25.19903,59.32895],[25.19986,59.32889],[25.20003,59.32888]]],[[[25.25112,59.28718],[25.25065,59.28722],[25.25004,59.28748],[25.25013,59.2879],[25.24992,59.28805],[25.24934,59.28813],[25.2489,59.28854],[25.249,59.28918],[25.24895,59.28976],[25.24723,59.29081],[25.24577,59.29109],[25.24534,59.29125],[25.24529,59.29152],[25.24602,59.29179],[25.24608,59.29203],[25.24593,59.29253],[25.24631,59.29276],[25.24686,59.29258],[25.24707,59.29264],[25.24736,59.29296],[25.24836,59.29336],[25.2484,59.2935],[25.24794,59.29374],[25.24812,59.29391],[25.24956,59.29422],[25.24936,59.29449],[25.24784,59.29444],[25.24798,59.29401],[25.24775,59.29374],[25.2482,59.29341],[25.24722,59.29303],[25.24688,59.29268],[25.24637,59.29285],[25.24601,59.29281],[25.24575,59.29256],[25.24591,59.29191],[25.2458,59.2918],[25.24513,59.29157],[25.24521,59.29118],[25.24567,59.29101],[25.24711,59.29073],[25.24877,59.28972],[25.24882,59.28922],[25.24871,59.28852],[25.24919,59.28808],[25.24995,59.2879],[25.2499,59.28749],[25.25075,59.28694],[25.25105,59.28707],[25.25166,59.28704],[25.2517,59.28657],[25.25141,59.28657],[25.2516,59.2862],[25.25142,59.28611],[25.25154,59.28568],[25.25176,59.28559],[25.25238,59.28558],[25.25263,59.28547],[25.25453,59.285],[25.25612,59.28446],[25.25664,59.28425],[25.2578,59.28414],[25.25819,59.28387],[25.25867,59.28373],[25.25871,59.28347],[25.25863,59.28276],[25.25915,59.28218],[25.25929,59.28222],[25.25877,59.28284],[25.2589,59.28348],[25.25883,59.28377],[25.25832,59.28394],[25.25791,59.28423],[25.25667,59.28434],[25.25621,59.28454],[25.25463,59.28508],[25.25398,59.28524],[25.25262,59.28596],[25.25192,59.28624],[25.25197,59.28665],[25.25177,59.28718],[25.25112,59.28718]]],[[[25.24658,59.2984],[25.24672,59.29806],[25.24681,59.29747],[25.24711,59.29689],[25.24767,59.29647],[25.24807,59.2957],[25.24838,59.2948],[25.24856,59.29482],[25.24825,59.29573],[25.24785,59.2965],[25.24727,59.29694],[25.24707,59.2972],[25.24695,59.29783],[25.24676,59.29842],[25.24683,59.29877],[25.24756,59.29913],[25.24818,59.29949],[25.24831,59.3007],[25.24862,59.30213],[25.24963,59.30257],[25.25062,59.30304],[25.25142,59.30321],[25.25196,59.3038],[25.25192,59.30396],[25.25147,59.30436],[25.25024,59.3051],[25.25008,59.30573],[25.24992,59.306],[25.24947,59.30714],[25.24929,59.30712],[25.24974,59.30598],[25.24989,59.30572],[25.25008,59.30506],[25.25133,59.3043],[25.25178,59.30381],[25.25128,59.30327],[25.2505,59.30311],[25.24902,59.30242],[25.24863,59.3023],[25.24836,59.30195],[25.24826,59.3012],[25.24812,59.30069],[25.24801,59.29952],[25.24667,59.29882],[25.24658,59.2984]]]]},"properties":{"fclass":"riverbank"}},
{"type":"Feature","geometry":{"type":"Polygon","coordinates":[[[26.46798,59.26223],[26.46911,59.26208],[26.46999,59.26189],[26.47044,59.26169],[26.4713,59.26179],[26.4715,59.26194],[26.47065,59.26215],[26.47016,59.26193],[26.46985,59.26208],[26.46984,59.26228],[26.46919,59.2623],[26.46839,59.26241],[26.46798,59.26223]]]},"properties":{"fclass":"water"}},
{"type":"Feature","geometry":{"type":"Polygon","coordinates":[[[26.35841,59.30312],[26.3585,59.30278],[26.35908,59.30244],[26.36021,59.30238],[26.36067,59.3026],[26.36049,59.30283],[26.35876,59.30349],[26.35841,59.30312]]]},"properties":{"fclass":"water"}},
{"type":"Feature","geometry":{"type":"Polygon","coordinates":[[[26.36068,59.30197],[26.36074,59.30167],[26.36245,59.30121],[26.36333,59.30088],[26.36493,59.30075],[26.36457,59.3014],[26.36305,59.30228],[26.36227,59.30226],[26.36146,59.30249],[26.36077,59.30235],[26.36087,59.30211],[26.36068,59.30197]]]},"properties":{"fclass":"water"}},
{"type":"Feature","geometry":{"type":"Polygon","coordinates":[[[25.3607,59.3836],[25.36131,59.38322],[25.36207,59.38326],[25.36225,59.38341],[25.36244,59.38403],[25.36203,59.38451],[25.36165,59.38456],[25.36153,59.38435],[25.36164,59.38414],[25.36148,59.38391],[25.361,59.3839],[25.3607,59.3836]]]},"properties":{"fclass":"water"}},
{"type":"Feature","geometry":{"type":"Polygon","coordinates":[[[25.3678,59.3362],[25.36757,59.33613],[25.36761,59.33607],[25.36764,59.3361],[25.36781,59.33617],[25.368,59.33616],[25.3681,59.33615],[25.36861,59.33601],[25.36919,59.3357],[25.36959,59.33566],[25.36973,59.33552],[25.37003,59.33542],[25.37036,59.33524],[25.37043,59.33509],[25.37063,59.33507],[25.37114,59.3352],[25.37135,59.33508],[25.37138,59.33506],[25.37142,59.33506],[25.37144,59.33506],[25.37183,59.33508],[25.37185,59.33507],[25.37229,59.33519],[25.37258,59.33498],[25.37244,59.33477],[25.37244,59.33474],[25.37261,59.33463],[25.37261,59.33461],[25.37246,59.33427],[25.37271,59.3341],[25.37317,59.33405],[25.37345,59.3342],[25.37426,59.33391],[25.37435,59.33377],[25.37458,59.33376],[25.37494,59.33366],[25.37534,59.33373],[25.37532,59.33357],[25.37498,59.33342],[25.37498,59.33339],[25.3756,59.33324],[25.37648,59.33315],[25.37658,59.33298],[25.37698,59.33303],[25.37799,59.33262],[25.37819,59.33241],[25.37864,59.33232],[25.37913,59.33236],[25.37933,59.33216],[25.37949,59.33216],[25.37978,59.33226],[25.38025,59.33209],[25.38028,59.33211],[25.38028,59.33212],[25.3803,59.33213],[25.37958,59.33233],[25.37946,59.33234],[25.37923,59.33239],[25.37918,59.33239],[25.37886,59.33244],[25.37885,59.33244],[25.37824,59.33245],[25.3781,59.3326],[25.37807,59.33263],[25.37791,59.3327],[25.37789,59.33271],[25.37756,59.33285],[25.37752,59.33288],[25.37713,59.33305],[25.37703,59.33306],[25.37649,59.33318],[25.37647,59.33318],[25.37617,59.33328],[25.3757,59.33325],[25.37569,59.33328],[25.37525,59.33341],[25.37516,59.33339],[25.37515,59.33345],[25.37522,59.33347],[25.37535,59.33354],[25.37539,59.3337],[25.37539,59.33371],[25.37518,59.33382],[25.37494,59.33375],[25.37465,59.33387],[25.37454,59.33387],[25.37399,59.33407],[25.37379,59.33414],[25.37368,59.33418],[25.37364,59.3342],[25.37355,59.33423],[25.3735,59.33426],[25.37299,59.33419],[25.37295,59.33419],[25.37267,59.33422],[25.37264,59.33423],[25.3728,59.3345],[25.37279,59.33459],[25.37265,59.33465],[25.37263,59.33466],[25.37249,59.33475],[25.37268,59.33504],[25.37201,59.33532],[25.37189,59.33518],[25.37189,59.33517],[25.37181,59.33514],[25.37165,59.33512],[25.37158,59.3351],[25.37155,59.3351],[25.3714,59.33523],[25.37145,59.33525],[25.37129,59.33529],[25.37127,59.33528],[25.37056,59.33509],[25.37043,59.33524],[25.37042,59.33525],[25.37004,59.33545],[25.37002,59.33545],[25.36972,59.33562],[25.36971,59.33562],[25.36968,59.33566],[25.36967,59.33568],[25.36959,59.33572],[25.36956,59.33572],[25.36931,59.33569],[25.36916,59.33579],[25.36865,59.33602],[25.36877,59.33621],[25.36831,59.33633],[25.36806,59.33619],[25.36801,59.33619],[25.36781,59.3362],[25.3678,59.3362]]]},"properties":{"fclass":"water"}},
{"type":"Feature","geometry":{"type":"MultiPolygon","coordinates":[[[[25.18328,59.45036],[25.18412,59.45039],[25.18401,59.45021],[25.18331,59.44987],[25.18333,59.44958],[25.18434,59.45007],[25.18495,59.45031],[25.18545,59.45036],[25.18613,59.45022],[25.18677,59.44995],[25.18697,59.44949],[25.18704,59.44867],[25.18684,59.44814],[25.18674,59.44743],[25.18627,59.44707],[25.18667,59.44699],[25.18686,59.4466],[25.18678,59.44646],[25.18734,59.44549],[25.18767,59.44523],[25.18777,59.44495],[25.18778,59.44444],[25.18754,59.44397],[25.1875,59.44336],[25.18812,59.44275],[25.18967,59.44211],[25.19065,59.4418],[25.19147,59.4417],[25.19207,59.44146],[25.19244,59.44114],[25.19273,59.44069],[25.19322,59.44026],[25.19364,59.44004],[25.19419,59.4395],[25.19427,59.43903],[25.19413,59.43878],[25.19352,59.43835],[25.19299,59.4381],[25.1921,59.43787],[25.19149,59.43748],[25.19125,59.43712],[25.19158,59.43669],[25.19205,59.4365],[25.1929,59.43594],[25.1933,59.43553],[25.19346,59.43486],[25.19325,59.43446],[25.1932,59.43394],[25.19361,59.43328],[25.19413,59.43302],[25.19468,59.43295],[25.19631,59.43303],[25.197,59.43311],[25.19744,59.4331],[25.198,59.43292],[25.19809,59.43266],[25.19785,59.43251],[25.19585,59.43192],[25.19552,59.4317],[25.19535,59.43133],[25.19539,59.43112],[25.19637,59.42987],[25.19699,59.42944],[25.19767,59.42917],[25.19883,59.42881],[25.19983,59.42817],[25.20096,59.42783],[25.20138,59.42774],[25.2021,59.42747],[25.20366,59.4272],[25.20414,59.42697],[25.20515,59.426],[25.20601,59.42548],[25.20652,59.42541],[25.2073,59.42484],[25.20796,59.42412],[25.20853,59.42379],[25.20907,59.42362],[25.20957,59.4236],[25.21023,59.42368],[25.21167,59.42399],[25.21203,59.42415],[25.21236,59.4245],[25.2129,59.42482],[25.21318,59.42483],[25.21366,59.42526],[25.21407,59.42547],[25.21499,59.42576],[25.21537,59.42594],[25.21557,59.42579],[25.21684,59.42583],[25.21769,59.42601],[25.21893,59.42638],[25.2196,59.42641],[25.22075,59.4263],[25.22167,59.42615],[25.22233,59.42586],[25.22262,59.42544],[25.22316,59.42502],[25.22446,59.42471],[25.2248,59.42467],[25.2249,59.42493],[25.22614,59.42536],[25.22718,59.42551],[25.2278,59.42547],[25.22858,59.42521],[25.22926,59.42471],[25.22939,59.42445],[25.22933,59.42414],[25.22869,59.423],[25.22866,59.42269],[25.22887,59.42215],[25.22944,59.42169],[25.22991,59.42155],[25.23042,59.42151],[25.23153,59.42159],[25.2324,59.4217],[25.23364,59.42206],[25.2348,59.42269],[25.23615,59.42327],[25.23752,59.42422],[25.23812,59.42428],[25.23845,59.42422],[25.23917,59.42384],[25.23947,59.42346],[25.23992,59.42273],[25.24075,59.4217],[25.24098,59.42131],[25.24105,59.42064],[25.24097,59.42025],[25.24067,59.4196],[25.24028,59.41928],[25.23979,59.41848],[25.23927,59.41811],[25.2392,59.41774],[25.23979,59.41701],[25.24012,59.41678],[25.24164,59.41634],[25.2438,59.41601],[25.24502,59.41588],[25.2471,59.4158],[25.24759,59.41573],[25.24797,59.41555],[25.24854,59.41491],[25.2488,59.41414],[25.24944,59.41377],[25.25011,59.41365],[25.25055,59.41365],[25.25191,59.41381],[25.25263,59.41397],[25.25316,59.41422],[25.2538,59.41463],[25.2547,59.41484],[25.25558,59.41488],[25.25627,59.41481],[25.25729,59.41463],[25.25913,59.41415],[25.26041,59.41413],[25.26121,59.41424],[25.26189,59.41455],[25.26256,59.41493],[25.26318,59.41541],[25.26369,59.41591],[25.26435,59.41617],[25.26519,59.41625],[25.26582,59.4162],[25.26707,59.41601],[25.26732,59.41591],[25.26842,59.41512],[25.26878,59.41448],[25.27004,59.41338],[25.27054,59.41315],[25.27305,59.41261],[25.27484,59.41226],[25.27614,59.41208],[25.27736,59.41178],[25.2787,59.41127],[25.27973,59.41038],[25.2801,59.40978],[25.28041,59.40949],[25.28076,59.40933],[25.28119,59.40927],[25.28275,59.40962],[25.28276,59.40983],[25.28319,59.40997],[25.28408,59.40986],[25.28613,59.4087],[25.28758,59.40834],[25.28781,59.40815],[25.28797,59.40766],[25.28776,59.40719],[25.28781,59.40646],[25.28789,59.4061],[25.28811,59.40583],[25.28909,59.40554],[25.29003,59.40565],[25.29043,59.40585],[25.29169,59.40609],[25.29333,59.4062],[25.29487,59.40616],[25.2953,59.40608],[25.29619,59.4058],[25.29682,59.40548],[25.29841,59.4042],[25.29913,59.40385],[25.29985,59.4037],[25.30141,59.40374],[25.30296,59.40368],[25.30348,59.40313],[25.30357,59.40213],[25.30374,59.40168],[25.3046,59.40042],[25.30526,59.39999],[25.30607,59.39974],[25.30781,59.39935],[25.30874,59.39926],[25.30945,59.39928],[25.31014,59.39939],[25.31089,59.39928],[25.31177,59.39884],[25.31219,59.39845],[25.31308,59.3981],[25.31349,59.39806],[25.31485,59.39811],[25.31548,59.39821],[25.31639,59.39822],[25.31708,59.39812],[25.31819,59.39814],[25.31893,59.39792],[25.31945,59.3976],[25.32005,59.39697],[25.32035,59.3965],[25.32034,59.39606],[25.32068,59.39564],[25.32092,59.39515],[25.32156,59.39469],[25.32247,59.39435],[25.32378,59.39391],[25.32479,59.39344],[25.32606,59.39255],[25.32687,59.39189],[25.32728,59.39149],[25.32765,59.39098],[25.32836,59.39041],[25.32932,59.38996],[25.32964,59.38987],[25.33019,59.38993],[25.33106,59.39028],[25.33156,59.39004],[25.33167,59.38962],[25.33157,59.38867],[25.33142,59.38819],[25.33185,59.38778],[25.33185,59.38727],[25.33243,59.3865],[25.33363,59.38534],[25.33464,59.38468],[25.33635,59.38378],[25.33756,59.38322],[25.3385,59.38273],[25.33888,59.38243],[25.33934,59.38192],[25.33964,59.38131],[25.33989,59.38107],[25.34074,59.38086],[25.34206,59.38086],[25.34325,59.38068],[25.34418,59.38058],[25.34449,59.38047],[25.34452,59.3802],[25.34405,59.37992],[25.34143,59.37921],[25.34097,59.37905],[25.33937,59.37862],[25.33824,59.37829],[25.33774,59.37804],[25.33756,59.37777],[25.33744,59.37729],[25.33677,59.37645],[25.33559,59.37619],[25.33453,59.37629],[25.33279,59.37628],[25.33189,59.3761],[25.33127,59.37579],[25.33071,59.37532],[25.33063,59.3751],[25.33062,59.37454],[25.33101,59.37306],[25.33117,59.37275],[25.33154,59.37241],[25.33221,59.372],[25.33283,59.37176],[25.33299,59.37144],[25.33257,59.3709],[25.33138,59.37016],[25.3311,59.36995],[25.3304,59.36846],[25.33017,59.36816],[25.3292,59.3677],[25.3287,59.36712],[25.32868,59.36665],[25.329,59.36606],[25.32901,59.36589],[25.32876,59.36531],[25.32852,59.36507],[25.328,59.36484],[25.32666,59.36456],[25.325,59.36441],[25.3239,59.36424],[25.32348,59.36409],[25.32286,59.36399],[25.32243,59.36369],[25.32248,59.36333],[25.32303,59.36297],[25.32404,59.36263],[25.32473,59.36229],[25.32526,59.36184],[25.32661,59.36032],[25.32726,59.35947],[25.32921,59.35817],[25.32941,59.3578],[25.32974,59.35652],[25.33014,59.35592],[25.33065,59.35537],[25.3325,59.35404],[25.33308,59.35372],[25.33404,59.35329],[25.33457,59.35297],[25.33519,59.35252],[25.3354,59.35154],[25.33525,59.35127],[25.33462,59.35068],[25.33446,59.35044],[25.3345,59.35014],[25.33505,59.34976],[25.3368,59.34919],[25.33701,59.34908],[25.33769,59.34843],[25.33815,59.34773],[25.33818,59.34722],[25.3383,59.34687],[25.33859,59.34659],[25.33877,59.34608],[25.33898,59.34591],[25.33905,59.34559],[25.33946,59.34513],[25.33954,59.34474],[25.33983,59.34429],[25.3406,59.34353],[25.34111,59.34229],[25.34183,59.34148],[25.34213,59.34085],[25.34256,59.34045],[25.34344,59.33988],[25.34472,59.33915],[25.34587,59.33832],[25.34604,59.33777],[25.34572,59.33734],[25.34523,59.33704],[25.34498,59.33672],[25.34449,59.33634],[25.34391,59.33612],[25.34214,59.33609],[25.34111,59.33585],[25.34072,59.33558],[25.34046,59.33512],[25.34002,59.3349],[25.3388,59.3347],[25.33752,59.33436],[25.33691,59.33408],[25.33652,59.33364],[25.33641,59.33312],[25.33645,59.33284],[25.33681,59.33234],[25.33729,59.33182],[25.33759,59.33163],[25.33854,59.33133],[25.33984,59.33123],[25.34097,59.33123],[25.34188,59.33142],[25.3427,59.33138],[25.3432,59.33119],[25.34333,59.33092],[25.34306,59.33073],[25.3422,59.3305],[25.34183,59.33033],[25.34173,59.32995],[25.34243,59.32928],[25.34263,59.32893],[25.34265,59.32863],[25.34239,59.32818],[25.34246,59.3277],[25.34339,59.32701],[25.34388,59.32679],[25.34443,59.32674],[25.34592,59.32703],[25.34797,59.32698],[25.34847,59.32689],[25.34897,59.32695],[25.34953,59.32716],[25.34999,59.32722],[25.35151,59.32718],[25.35182,59.32702],[25.352,59.3267],[25.35185,59.32649],[25.35127,59.32646],[25.35077,59.32634],[25.35053,59.32616],[25.35052,59.32589],[25.35072,59.32582],[25.35073,59.3254],[25.35039,59.32487],[25.35011,59.32462],[25.35017,59.32458],[25.35054,59.32432],[25.35087,59.3243],[25.35145,59.32446],[25.352,59.32491],[25.35259,59.32521],[25.35306,59.32522],[25.35334,59.32507],[25.35434,59.32432],[25.35453,59.32399],[25.35443,59.32355],[25.35424,59.32338],[25.3544,59.32322],[25.35404,59.32297],[25.35353,59.32282],[25.35288,59.32278],[25.35241,59.32303],[25.35264,59.32323],[25.35346,59.32341],[25.35313,59.32353],[25.35255,59.32339],[25.35214,59.32319],[25.35205,59.32299],[25.35225,59.32274],[25.35264,59.32256],[25.35249,59.32222],[25.35247,59.32186],[25.35288,59.32138],[25.35296,59.32098],[25.35276,59.32039],[25.35273,59.31989],[25.35282,59.31962],[25.35312,59.3194],[25.35358,59.31935],[25.35419,59.31956],[25.35411,59.32029],[25.35447,59.32028],[25.35525,59.31975],[25.35597,59.31959],[25.35644,59.31934],[25.35662,59.31906],[25.35614,59.31893],[25.35552,59.31905],[25.35436,59.31903],[25.3533,59.31873],[25.35299,59.31824],[25.3533,59.31783],[25.35325,59.31769],[25.35243,59.317],[25.35186,59.31661],[25.35156,59.31624],[25.35157,59.31586],[25.35137,59.31558],[25.35097,59.31534],[25.35058,59.31527],[25.34988,59.31529],[25.34769,59.315],[25.34676,59.31501],[25.34644,59.31493],[25.34601,59.31469],[25.34585,59.31413],[25.34606,59.31397],[25.34654,59.31386],[25.34663,59.31349],[25.34647,59.313],[25.34683,59.31241],[25.34647,59.31225],[25.34537,59.31192],[25.34567,59.31155],[25.34604,59.3114],[25.34708,59.31144],[25.34828,59.31084],[25.34807,59.31053],[25.34887,59.31061],[25.34933,59.31044],[25.34994,59.31034],[25.35175,59.31046],[25.35269,59.31017],[25.35417,59.30932],[25.35483,59.3091],[25.35565,59.30895],[25.35584,59.3088],[25.35595,59.30846],[25.35589,59.30814],[25.35656,59.30774],[25.35687,59.30777],[25.3565,59.30809],[25.35661,59.30834],[25.35642,59.30858],[25.35658,59.30874],[25.35716,59.30868],[25.35827,59.3087],[25.35931,59.30847],[25.36012,59.30812],[25.36045,59.30786],[25.36073,59.30784],[25.36072,59.30751],[25.36028,59.30724],[25.35987,59.30663],[25.35985,59.30611],[25.36043,59.30554],[25.36035,59.30539],[25.36063,59.30513],[25.36081,59.30478],[25.36089,59.30434],[25.3605,59.30379],[25.36076,59.30282],[25.36112,59.30241],[25.36143,59.30227],[25.3626,59.30118],[25.36221,59.30059],[25.36264,59.30047],[25.3629,59.30076],[25.36288,59.30101],[25.36312,59.30111],[25.36381,59.3011],[25.3646,59.30116],[25.36617,59.30153],[25.36683,59.30134],[25.36703,59.30081],[25.367,59.30061],[25.36722,59.29984],[25.36786,59.29897],[25.36767,59.29849],[25.36719,59.29812],[25.36714,59.29783],[25.36731,59.29762],[25.36795,59.29729],[25.36911,59.29684],[25.36967,59.29667],[25.37074,59.29626],[25.37118,59.29616],[25.37211,59.29619],[25.37306,59.29633],[25.37373,59.29595],[25.3741,59.2955],[25.3743,59.29559],[25.37395,59.29602],[25.37359,59.29624],[25.37377,59.29642],[25.37462,59.29645],[25.37516,59.29638],[25.37556,59.2962],[25.37714,59.29536],[25.37862,59.29447],[25.38249,59.29293],[25.38285,59.2929],[25.38355,59.29263],[25.38409,59.292],[25.38433,59.29194],[25.38572,59.29186],[25.38622,59.29154],[25.38607,59.29137],[25.38571,59.29135],[25.38379,59.29163],[25.38324,59.29165],[25.38261,59.29196],[25.38226,59.29197],[25.3816,59.29149],[25.38119,59.29129],[25.38133,59.29093],[25.38168,59.29068],[25.3824,59.29049],[25.38267,59.29033],[25.38249,59.29003],[25.38259,59.28939],[25.38217,59.28943],[25.38178,59.28932],[25.38055,59.28925],[25.38064,59.28905],[25.38148,59.28904],[25.38162,59.28914],[25.38297,59.28888],[25.38335,59.28865],[25.38374,59.28827],[25.38379,59.28796],[25.38446,59.28748],[25.38499,59.28729],[25.38489,59.28702],[25.38496,59.2867],[25.38571,59.28643],[25.38648,59.28636],[25.38692,59.28645],[25.38744,59.28631],[25.38756,59.28606],[25.38873,59.28554],[25.38948,59.28538],[25.39007,59.2854],[25.3914,59.28586],[25.39231,59.28602],[25.39285,59.28601],[25.39275,59.28622],[25.39183,59.28616],[25.39157,59.28628],[25.39157,59.28659],[25.3912,59.28649],[25.39106,59.28595],[25.3901,59.2856],[25.38973,59.28557],[25.38894,59.28567],[25.3879,59.28614],[25.38784,59.28639],[25.38866,59.28631],[25.38947,59.28614],[25.39029,59.28621],[25.39072,59.28642],[25.38961,59.28638],[25.38892,59.28647],[25.38891,59.2866],[25.39013,59.28672],[25.3917,59.28706],[25.39237,59.28707],[25.39323,59.28698],[25.39404,59.28656],[25.39466,59.28613],[25.39473,59.28591],[25.3951,59.28547],[25.39458,59.28477],[25.39479,59.28448],[25.39554,59.28438],[25.39709,59.28471],[25.39783,59.28481],[25.39829,59.28496],[25.39862,59.28519],[25.39885,59.28576],[25.39924,59.28602],[25.39921,59.28619],[25.39878,59.28635],[25.39845,59.28619],[25.39846,59.28689],[25.39818,59.28727],[25.39823,59.28744],[25.39881,59.28748],[25.39934,59.28732],[25.40057,59.28684],[25.40096,59.28661],[25.40214,59.28566],[25.40266,59.28539],[25.40307,59.28508],[25.40352,59.2849],[25.40465,59.28433],[25.40525,59.28412],[25.40616,59.28407],[25.40677,59.28444],[25.40772,59.28453],[25.40835,59.28478],[25.40871,59.28475],[25.40927,59.28436],[25.41195,59.28333],[25.41229,59.28312],[25.41248,59.28283],[25.41267,59.28205],[25.41336,59.28068],[25.41373,59.28043],[25.4143,59.28026],[25.41534,59.28033],[25.41573,59.28011],[25.41593,59.27928],[25.41614,59.27901],[25.41727,59.27835],[25.41782,59.27777],[25.41869,59.27694],[25.41939,59.27636],[25.42015,59.2759],[25.42039,59.27604],[25.42091,59.27595],[25.42213,59.27516],[25.42267,59.27489],[25.4232,59.27473],[25.42467,59.27457],[25.42509,59.27439],[25.42528,59.27416],[25.42613,59.27369],[25.42708,59.27306],[25.42818,59.27245],[25.42836,59.27204],[25.42885,59.27182],[25.42931,59.27175],[25.43107,59.27179],[25.43211,59.27191],[25.43262,59.2718],[25.43308,59.27154],[25.43344,59.27109],[25.43417,59.27046],[25.43436,59.27009],[25.4346,59.26928],[25.43486,59.26904],[25.43533,59.26879],[25.43597,59.26867],[25.43691,59.26841],[25.43786,59.26793],[25.43861,59.26769],[25.44111,59.26769],[25.44211,59.26766],[25.44361,59.26784],[25.44434,59.26799],[25.44467,59.26796],[25.44555,59.26763],[25.44677,59.26772],[25.44699,59.26749],[25.44679,59.26733],[25.44665,59.26678],[25.44561,59.26623],[25.44569,59.2659],[25.44554,59.26551],[25.44553,59.26496],[25.44536,59.2648],[25.44404,59.26417],[25.44378,59.26376],[25.44416,59.26352],[25.44547,59.26358],[25.44677,59.26387],[25.44721,59.26376],[25.44733,59.26334],[25.44605,59.26231],[25.44572,59.26187],[25.44568,59.26155],[25.44583,59.26108],[25.44639,59.26054],[25.44718,59.26003],[25.44722,59.25968],[25.44688,59.2592],[25.4469,59.25892],[25.44717,59.25869],[25.44851,59.25852],[25.44904,59.25831],[25.44923,59.25814],[25.44914,59.25794],[25.44865,59.25752],[25.44823,59.25695],[25.44821,59.2567],[25.4488,59.2565],[25.44998,59.25622],[25.45043,59.25603],[25.4506,59.25581],[25.45039,59.25527],[25.44982,59.25487],[25.44942,59.25449],[25.44932,59.25418],[25.44939,59.25374],[25.45113,59.25243],[25.45106,59.25217],[25.45081,59.25203],[25.44986,59.25173],[25.44902,59.25159],[25.44859,59.2514],[25.44853,59.25121],[25.44856,59.25038],[25.44829,59.24964],[25.44855,59.24869],[25.44917,59.24795],[25.45055,59.2472],[25.45097,59.24684],[25.45129,59.24639],[25.45188,59.24584],[25.45268,59.24542],[25.45297,59.2452],[25.45257,59.2447],[25.45197,59.24414],[25.45171,59.24339],[25.45124,59.24232],[25.45162,59.24169],[25.45225,59.24153],[25.45283,59.24157],[25.45307,59.24143],[25.45254,59.24128],[25.45256,59.24096],[25.45288,59.24066],[25.45356,59.24062],[25.45378,59.2404],[25.45336,59.23996],[25.45331,59.2397],[25.45366,59.23961],[25.45402,59.2398],[25.45446,59.23969],[25.45491,59.23889],[25.45508,59.23869],[25.45499,59.23838],[25.45413,59.23742],[25.45417,59.23707],[25.45439,59.2367],[25.455,59.23628],[25.45535,59.23625],[25.45585,59.23637],[25.45649,59.23607],[25.45693,59.23601],[25.45738,59.2357],[25.45755,59.23534],[25.45749,59.23513],[25.45678,59.23479],[25.45679,59.23442],[25.45737,59.23403],[25.45734,59.2338],[25.45753,59.23363],[25.45801,59.23348],[25.4585,59.23343],[25.45881,59.23315],[25.45838,59.23284],[25.45812,59.23278],[25.45693,59.23273],[25.45636,59.23248],[25.45626,59.23209],[25.45713,59.23151],[25.45739,59.23126],[25.4585,59.23062],[25.45905,59.23047],[25.45942,59.23026],[25.45949,59.23006],[25.45861,59.22958],[25.45833,59.22926],[25.45831,59.22892],[25.458,59.22838],[25.45765,59.22828],[25.45682,59.22828],[25.45663,59.22811],[25.45722,59.22774],[25.45736,59.22754],[25.45714,59.22729],[25.45683,59.22722],[25.45595,59.22723],[25.45466,59.22739],[25.45385,59.22782],[25.45338,59.22788],[25.45276,59.22773],[25.45218,59.22725],[25.45214,59.22674],[25.4518,59.22642],[25.45119,59.22604],[25.45105,59.22543],[25.45158,59.22517],[25.45135,59.2247],[25.45129,59.22423],[25.4516,59.22395],[25.45239,59.22367],[25.45265,59.22327],[25.45342,59.22274],[25.45385,59.22253],[25.45419,59.22221],[25.45425,59.22197],[25.45356,59.22131],[25.45307,59.22093],[25.45248,59.22081],[25.45195,59.22049],[25.45113,59.22014],[25.45048,59.21956],[25.44969,59.21917],[25.44927,59.21908],[25.448,59.21851],[25.44775,59.21822],[25.44692,59.21783],[25.44679,59.21736],[25.44714,59.21701],[25.44669,59.21644],[25.44636,59.21617],[25.44632,59.21586],[25.44647,59.21574],[25.44735,59.21563],[25.44833,59.21583],[25.44863,59.21565],[25.4485,59.21502],[25.4483,59.21463],[25.44781,59.21406],[25.44681,59.21333],[25.44575,59.21275],[25.44549,59.21234],[25.44529,59.21221],[25.44477,59.21233],[25.44382,59.21288],[25.44354,59.21294],[25.44339,59.21324],[25.44284,59.21349],[25.44249,59.21347],[25.44209,59.21329],[25.44207,59.21272],[25.44159,59.21189],[25.44125,59.21175],[25.44098,59.21149],[25.44046,59.21123],[25.43955,59.21122],[25.43871,59.21113],[25.43782,59.21092],[25.43745,59.21061],[25.43741,59.21036],[25.43663,59.21019],[25.43614,59.21001],[25.43569,59.20968],[25.43551,59.2093],[25.43555,59.20883],[25.43597,59.20841],[25.43578,59.20784],[25.43585,59.2076],[25.43764,59.2064],[25.43837,59.20614],[25.43888,59.20586],[25.44036,59.20536],[25.44145,59.20528],[25.44207,59.20517],[25.44324,59.20472],[25.44479,59.20398],[25.44551,59.20383],[25.44584,59.20346],[25.44563,59.2031],[25.44513,59.20264],[25.4448,59.20205],[25.44414,59.20152],[25.4443,59.20109],[25.44555,59.20106],[25.44605,59.20114],[25.447,59.20113],[25.44789,59.20103],[25.44855,59.20069],[25.44943,59.20035],[25.44975,59.20031],[25.45052,59.20049],[25.45097,59.20053],[25.45169,59.20041],[25.45201,59.20013],[25.45211,59.19958],[25.45206,59.19922],[25.45173,59.19885],[25.45141,59.19864],[25.45133,59.1984],[25.45155,59.19772],[25.45226,59.19736],[25.45228,59.19698],[25.45189,59.19661],[25.45102,59.19615],[25.45046,59.19571],[25.45013,59.19528],[25.44953,59.19467],[25.44822,59.19406],[25.44805,59.19378],[25.44837,59.19328],[25.44874,59.19306],[25.44881,59.19286],[25.44865,59.19249],[25.44773,59.19191],[25.44739,59.19147],[25.44726,59.19102],[25.4474,59.19055],[25.44722,59.19025],[25.4473,59.19007],[25.44765,59.18989],[25.44915,59.18969],[25.44963,59.1895],[25.45027,59.18935],[25.45116,59.18933],[25.45181,59.18946],[25.45287,59.18958],[25.45384,59.18964],[25.45467,59.1896],[25.45599,59.18931],[25.45644,59.18914],[25.45716,59.18901],[25.45884,59.18913],[25.45964,59.18934],[25.46009,59.1896],[25.4603,59.18995],[25.46059,59.19015],[25.46071,59.19056],[25.46124,59.19072],[25.46184,59.19072],[25.46298,59.19035],[25.46337,59.19037],[25.46372,59.19056],[25.46405,59.19056],[25.46453,59.19002],[25.46591,59.18983],[25.46605,59.18994],[25.46598,59.19025],[25.46574,59.19032],[25.46554,59.19003],[25.46478,59.19012],[25.46434,59.19036],[25.4643,59.19063],[25.46553,59.19074],[25.46593,59.19081],[25.46645,59.19078],[25.46719,59.19047],[25.46812,59.18998],[25.46866,59.18976],[25.46914,59.18948],[25.4704,59.1889],[25.47112,59.18874],[25.47138,59.1885],[25.47232,59.188],[25.47246,59.18759],[25.47293,59.18732],[25.47304,59.18697],[25.47287,59.1864],[25.47304,59.186],[25.47369,59.18552],[25.47408,59.18504],[25.47479,59.18489],[25.47599,59.18448],[25.47674,59.18396],[25.4779,59.18356],[25.47796,59.18342],[25.47889,59.18299],[25.47921,59.18265],[25.47976,59.18239],[25.48032,59.18231],[25.48164,59.1818],[25.48196,59.18136],[25.48236,59.18063],[25.48237,59.18035],[25.48302,59.17978],[25.48282,59.17935],[25.48282,59.17907],[25.48252,59.17861],[25.48218,59.17856],[25.48211,59.17834],[25.48233,59.1782],[25.48296,59.17828],[25.48426,59.17803],[25.48451,59.17788],[25.48446,59.17749],[25.48483,59.17728],[25.48529,59.17717],[25.48562,59.17686],[25.48553,59.17627],[25.48519,59.17599],[25.48454,59.17514],[25.48427,59.17496],[25.48444,59.17456],[25.48493,59.17425],[25.48503,59.17403],[25.48483,59.17338],[25.48508,59.17295],[25.48453,59.17276],[25.48389,59.17246],[25.48413,59.17204],[25.48395,59.17169],[25.48426,59.17131],[25.4842,59.17114],[25.48381,59.17093],[25.48345,59.17038],[25.48362,59.16969],[25.48372,59.16886],[25.48436,59.16781],[25.48457,59.16757],[25.48538,59.16693],[25.48574,59.16654],[25.48623,59.16617],[25.48687,59.16548],[25.4877,59.16483],[25.48811,59.16438],[25.48851,59.16417],[25.48875,59.16376],[25.4893,59.16329],[25.48904,59.16287],[25.48934,59.16258],[25.49045,59.16263],[25.49086,59.16243],[25.49163,59.16181],[25.4922,59.16116],[25.49301,59.16003],[25.49326,59.1598],[25.49361,59.15961],[25.49456,59.15906],[25.49556,59.15833],[25.4961,59.15755],[25.49722,59.15722],[25.49839,59.15664],[25.49898,59.15568],[25.49923,59.15537],[25.49956,59.15477],[25.49981,59.15456],[25.50063,59.1541],[25.50164,59.15387],[25.50307,59.15382],[25.50466,59.15364],[25.50549,59.15366],[25.50604,59.15335],[25.50697,59.15272],[25.50729,59.15258],[25.50739,59.15235],[25.50801,59.15194],[25.50954,59.15157],[25.51045,59.15122],[25.51105,59.15117],[25.51134,59.15098],[25.51172,59.15057],[25.51236,59.15026],[25.51294,59.15016],[25.51384,59.15026],[25.51484,59.15022],[25.5152,59.15109],[25.51536,59.15117],[25.51608,59.15112],[25.51779,59.15047],[25.51909,59.15012],[25.52004,59.1497],[25.52051,59.14963],[25.52118,59.14938],[25.52152,59.14914],[25.52153,59.14897],[25.52209,59.14869],[25.5225,59.14814],[25.52208,59.14762],[25.52197,59.14716],[25.52173,59.14695],[25.52175,59.14642],[25.52219,59.14564],[25.52227,59.14537],[25.52219,59.14501],[25.52222,59.14437],[25.52303,59.14383],[25.52455,59.14323],[25.52543,59.14303],[25.52626,59.14275],[25.52634,59.14259],[25.52593,59.14234],[25.526,59.1421],[25.52633,59.1419],[25.52755,59.14177],[25.52794,59.14149],[25.52835,59.14135],[25.52898,59.14091],[25.52943,59.14075],[25.52982,59.14049],[25.53032,59.14044],[25.53086,59.1405],[25.53184,59.14009],[25.53259,59.13986],[25.53336,59.13946],[25.5335,59.13884],[25.53342,59.13805],[25.53347,59.13764],[25.53386,59.13725],[25.53399,59.13667],[25.53418,59.13627],[25.53425,59.13553],[25.53444,59.13472],[25.53436,59.13434],[25.53548,59.13407],[25.53593,59.13409],[25.53625,59.13394],[25.53634,59.13367],[25.53689,59.13323],[25.53719,59.1328],[25.53749,59.13268],[25.53811,59.13264],[25.53841,59.13247],[25.53851,59.13151],[25.53879,59.13111],[25.53915,59.13029],[25.53926,59.12978],[25.53972,59.129],[25.54039,59.12875],[25.54066,59.12855],[25.54076,59.12825],[25.54066,59.12764],[25.54211,59.12722],[25.54266,59.12673],[25.54316,59.12652],[25.5446,59.12613],[25.54491,59.12538],[25.54526,59.12518],[25.54665,59.1241],[25.54729,59.12356],[25.54726,59.12342],[25.54674,59.12297],[25.54682,59.12283],[25.54789,59.12254],[25.54996,59.12221],[25.55174,59.12204],[25.55438,59.12175],[25.55784,59.12143],[25.56036,59.12124],[25.56133,59.12105],[25.56234,59.12051],[25.56325,59.12007],[25.56441,59.11936],[25.56489,59.11921],[25.56581,59.11871],[25.56694,59.11816],[25.56878,59.11721],[25.56974,59.11667],[25.57006,59.11619],[25.56991,59.1149],[25.57021,59.11443],[25.57016,59.11424],[25.56978,59.11409],[25.56961,59.11384],[25.56958,59.11334],[25.56931,59.11212],[25.56926,59.11137],[25.56909,59.11079],[25.56881,59.10903],[25.56849,59.10853],[25.56858,59.108],[25.56848,59.10745],[25.56822,59.10706],[25.56741,59.10483],[25.56693,59.10329],[25.56687,59.10245],[25.5667,59.10098],[25.56657,59.10074],[25.56572,59.10007],[25.56389,59.09881],[25.56312,59.09831],[25.56278,59.09765],[25.56257,59.0975],[25.5623,59.09698],[25.56194,59.09653],[25.56186,59.09621],[25.56139,59.09605],[25.5606,59.09562],[25.55997,59.09547],[25.55918,59.09508],[25.55861,59.09474],[25.55645,59.09307],[25.55587,59.09265],[25.55468,59.09104],[25.55464,59.09089],[25.5549,59.09008],[25.55434,59.08978],[25.55348,59.0889],[25.55246,59.08807],[25.55221,59.0878],[25.55181,59.08765],[25.55121,59.08767],[25.54938,59.08754],[25.54832,59.08754],[25.54772,59.08734],[25.54407,59.08638],[25.54284,59.0851],[25.5381,59.08068],[25.53773,59.08035],[25.53645,59.07899],[25.53558,59.07812],[25.53538,59.07801],[25.53371,59.07659],[25.53276,59.07605],[25.53199,59.07548],[25.53161,59.0744],[25.53149,59.07386],[25.53163,59.07345],[25.53152,59.07279],[25.53091,59.07187],[25.53098,59.07132],[25.53084,59.07114],[25.52986,59.07067],[25.5297,59.07043],[25.52953,59.06967],[25.52937,59.06938],[25.52916,59.06775],[25.52817,59.06698],[25.52379,59.0636],[25.52377,59.06334],[25.52463,59.06181],[25.52554,59.06066],[25.52458,59.05991],[25.52425,59.05917],[25.52353,59.05875],[25.52346,59.05855],[25.52372,59.05814],[25.52493,59.0567],[25.52518,59.05608],[25.52574,59.05594],[25.5272,59.0557],[25.52829,59.05549],[25.52881,59.0553],[25.52998,59.05513],[25.53032,59.05513],[25.5315,59.05488],[25.53235,59.05478],[25.53298,59.05481],[25.53774,59.05528],[25.53859,59.05543],[25.53959,59.05578],[25.53979,59.05578],[25.54202,59.05528],[25.54364,59.05398],[25.54418,59.05388],[25.54496,59.05336],[25.54469,59.05243],[25.54467,59.05217],[25.54514,59.0515],[25.54619,59.05025],[25.54657,59.04914],[25.54717,59.0488],[25.54745,59.04851],[25.54773,59.04841],[25.54816,59.04779],[25.54873,59.04784],[25.54923,59.04811],[25.54993,59.04806],[25.55045,59.04812],[25.55081,59.0478],[25.55122,59.04705],[25.55184,59.04675],[25.55257,59.04677],[25.55374,59.04622],[25.5539,59.04607],[25.55477,59.04613],[25.55529,59.04628],[25.55569,59.04674],[25.5564,59.04675],[25.55661,59.04625],[25.5569,59.04614],[25.55739,59.04618],[25.55791,59.04644],[25.55929,59.04673],[25.56009,59.04708],[25.56141,59.04701],[25.56226,59.04675],[25.56302,59.0461],[25.56294,59.04558],[25.56328,59.04523],[25.56397,59.04514],[25.56447,59.04532],[25.56449,59.04588],[25.56483,59.04616],[25.56615,59.04607],[25.56704,59.04606],[25.56801,59.04636],[25.56852,59.04671],[25.56904,59.04672],[25.56952,59.04648],[25.56996,59.04639],[25.57061,59.04639],[25.57147,59.04689],[25.57171,59.04717],[25.57239,59.04733],[25.57303,59.04727],[25.57355,59.04705],[25.57507,59.04716],[25.57541,59.04691],[25.57538,59.04658],[25.57557,59.04616],[25.57586,59.04606],[25.57674,59.04627],[25.57741,59.04626],[25.5774,59.04611],[25.57681,59.04562],[25.57687,59.04545],[25.57749,59.04552],[25.57786,59.04549],[25.57818,59.04515],[25.57908,59.04512],[25.57966,59.04444],[25.5799,59.04427],[25.58082,59.04391],[25.58136,59.0441],[25.58156,59.04475],[25.58184,59.04499],[25.58219,59.04496],[25.5828,59.04471],[25.58402,59.04476],[25.58434,59.04473],[25.58452,59.04442],[25.58329,59.04415],[25.58323,59.04399],[25.58345,59.04329],[25.58386,59.04323],[25.58531,59.04321],[25.58546,59.04317],[25.58544,59.0426],[25.5856,59.04235],[25.58598,59.0421],[25.58725,59.04171],[25.58762,59.04174],[25.58872,59.04226],[25.58987,59.04187],[25.59039,59.04177],[25.59079,59.04192],[25.59088,59.04241],[25.59232,59.04267],[25.59306,59.04274],[25.59381,59.04302],[25.59435,59.0433],[25.59486,59.04333],[25.5956,59.04279],[25.59611,59.04263],[25.59641,59.04267],[25.59711,59.04292],[25.5984,59.04291],[25.5994,59.04303],[25.59975,59.04282],[25.59948,59.04185],[25.59965,59.04167],[25.60062,59.04146],[25.60111,59.04176],[25.60136,59.04168],[25.60131,59.04128],[25.6014,59.04106],[25.6019,59.04065],[25.60228,59.04045],[25.60302,59.04033],[25.60346,59.0405],[25.60391,59.04101],[25.60457,59.04097],[25.6051,59.04104],[25.60582,59.0405],[25.60653,59.0401],[25.60659,59.03929],[25.60687,59.03905],[25.60727,59.039],[25.60852,59.03941],[25.60922,59.03956],[25.60966,59.03956],[25.61009,59.03933],[25.61026,59.0391],[25.61027,59.03875],[25.60962,59.03831],[25.60905,59.03812],[25.60882,59.03794],[25.60875,59.03764],[25.60895,59.0374],[25.61037,59.03746],[25.6107,59.03739],[25.61055,59.03662],[25.61089,59.03641],[25.61242,59.03632],[25.61259,59.03631],[25.61403,59.03622],[25.61466,59.03628],[25.61527,59.03608],[25.61521,59.03549],[25.61569,59.03473],[25.61656,59.03453],[25.61797,59.03447],[25.62012,59.03455],[25.62088,59.03439],[25.62148,59.03419],[25.62256,59.03391],[25.62427,59.03387],[25.62529,59.03392],[25.62558,59.0341],[25.62585,59.0345],[25.62605,59.0346],[25.62731,59.03482],[25.62856,59.03521],[25.62886,59.03557],[25.62888,59.03602],[25.62922,59.03614],[25.6305,59.03619],[25.63108,59.03643],[25.63193,59.03642],[25.63239,59.03664],[25.63313,59.03742],[25.63323,59.03776],[25.63311,59.03833],[25.63276,59.03898],[25.63304,59.0392],[25.63384,59.03903],[25.63518,59.03894],[25.63602,59.03896],[25.63686,59.0391],[25.63729,59.0394],[25.63737,59.03964],[25.63781,59.04042],[25.63805,59.04054],[25.63953,59.03992],[25.64009,59.03981],[25.64088,59.04002],[25.64187,59.04018],[25.64224,59.04063],[25.64294,59.04128],[25.643,59.0415],[25.64284,59.0417],[25.64221,59.04187],[25.64211,59.04201],[25.64086,59.04241],[25.64076,59.04266],[25.64103,59.04277],[25.64199,59.04287],[25.64274,59.04309],[25.64402,59.04325],[25.64524,59.04393],[25.64535,59.04418],[25.64568,59.04442],[25.6464,59.04462],[25.64667,59.04481],[25.64698,59.0447],[25.64756,59.04482],[25.64788,59.04552],[25.64778,59.04593],[25.64791,59.04623],[25.64885,59.04637],[25.64924,59.04658],[25.64975,59.04666],[25.65025,59.04685],[25.65079,59.04692],[25.65183,59.04663],[25.65281,59.04687],[25.65306,59.04706],[25.6529,59.04729],[25.65256,59.0472],[25.65237,59.04739],[25.65288,59.04815],[25.65367,59.04849],[25.65374,59.04888],[25.65437,59.04914],[25.65473,59.04943],[25.65502,59.04934],[25.6555,59.04943],[25.6562,59.04946],[25.65632,59.04972],[25.65586,59.04993],[25.65547,59.05032],[25.65601,59.05045],[25.65623,59.05056],[25.65714,59.05076],[25.65751,59.05103],[25.65749,59.05132],[25.6572,59.05156],[25.65617,59.05189],[25.6556,59.05227],[25.65553,59.05263],[25.65512,59.05259],[25.65475,59.05299],[25.65474,59.05324],[25.65427,59.05362],[25.65435,59.05414],[25.65575,59.05454],[25.65625,59.05456],[25.65647,59.05475],[25.6564,59.05495],[25.65576,59.05514],[25.65541,59.05557],[25.65599,59.05572],[25.65604,59.05583],[25.65679,59.05596],[25.65671,59.05644],[25.65639,59.05655],[25.65642,59.0568],[25.65724,59.05689],[25.65775,59.05701],[25.65819,59.05703],[25.65839,59.05719],[25.65782,59.05737],[25.65765,59.05757],[25.65838,59.05756],[25.65871,59.05764],[25.65892,59.05817],[25.65961,59.05861],[25.66022,59.05892],[25.65928,59.05917],[25.65923,59.05935],[25.65982,59.05949],[25.66029,59.05981],[25.66083,59.06],[25.66082,59.06014],[25.66023,59.06051],[25.66073,59.06056],[25.66128,59.06114],[25.66107,59.06154],[25.66164,59.06161],[25.66194,59.06192],[25.66166,59.06198],[25.66107,59.06244],[25.66045,59.06318],[25.66017,59.06575],[25.66131,59.06678],[25.66344,59.0688],[25.66326,59.06885],[25.661,59.06671],[25.66006,59.06589],[25.65999,59.06569],[25.66027,59.06316],[25.66091,59.06239],[25.66131,59.06208],[25.66175,59.06186],[25.66157,59.06168],[25.66105,59.06162],[25.66097,59.06121],[25.66116,59.0611],[25.66067,59.06063],[25.66016,59.06058],[25.66009,59.06046],[25.66069,59.06011],[25.6602,59.05987],[25.65994,59.05962],[25.65909,59.05938],[25.65916,59.05913],[25.66008,59.05888],[25.65947,59.05864],[25.65874,59.05817],[25.65858,59.05769],[25.65747,59.05764],[25.65706,59.05742],[25.65771,59.05709],[25.6569,59.05692],[25.65632,59.05687],[25.65615,59.05671],[25.65629,59.05648],[25.65663,59.05635],[25.65664,59.05599],[25.65596,59.05591],[25.65583,59.05577],[25.65517,59.05554],[25.65562,59.0551],[25.65627,59.0549],[25.65618,59.05464],[25.65568,59.05461],[25.65497,59.05444],[25.6542,59.05418],[25.65413,59.05359],[25.6546,59.05322],[25.65462,59.05297],[25.65506,59.05253],[25.65548,59.05248],[25.65551,59.05216],[25.65607,59.05184],[25.65636,59.0518],[25.65714,59.0515],[25.65735,59.05132],[25.65734,59.05104],[25.65702,59.05083],[25.65623,59.05068],[25.65569,59.05044],[25.65543,59.05039],[25.65535,59.05023],[25.65603,59.0497],[25.65612,59.04953],[25.65543,59.0495],[25.655,59.04942],[25.65473,59.04949],[25.65441,59.04939],[25.6542,59.04916],[25.65359,59.0489],[25.65361,59.04859],[25.65313,59.04826],[25.65261,59.04808],[25.65256,59.04783],[25.65223,59.04739],[25.65266,59.04693],[25.65184,59.0467],[25.65131,59.04689],[25.6508,59.04699],[25.65017,59.04691],[25.64969,59.04673],[25.64917,59.04665],[25.64875,59.04642],[25.64786,59.0463],[25.64764,59.04619],[25.6477,59.04553],[25.6473,59.04479],[25.64652,59.04492],[25.64598,59.04468],[25.64518,59.04413],[25.64512,59.04397],[25.64396,59.04332],[25.64268,59.04316],[25.64194,59.04294],[25.64079,59.04279],[25.64057,59.0426],[25.64071,59.04236],[25.64183,59.04202],[25.64215,59.04176],[25.6427,59.04163],[25.64278,59.04131],[25.64208,59.04067],[25.64184,59.04034],[25.64157,59.04018],[25.64081,59.0401],[25.64009,59.0399],[25.63917,59.04016],[25.63814,59.04063],[25.63764,59.04045],[25.63727,59.03982],[25.63712,59.03943],[25.63675,59.03917],[25.63599,59.03905],[25.63518,59.03903],[25.63387,59.03912],[25.63309,59.03929],[25.6327,59.03928],[25.63258,59.03896],[25.63294,59.03831],[25.63306,59.03784],[25.63296,59.03744],[25.63217,59.03663],[25.63187,59.0365],[25.63136,59.03656],[25.631,59.03651],[25.63042,59.03627],[25.62912,59.03623],[25.62871,59.03603],[25.62865,59.03547],[25.62843,59.03527],[25.62751,59.03496],[25.62594,59.03467],[25.62569,59.03454],[25.62542,59.03414],[25.6252,59.03401],[25.62417,59.03396],[25.6226,59.034],[25.62096,59.03447],[25.62014,59.03464],[25.61828,59.03455],[25.61701,59.0346],[25.61619,59.03467],[25.61584,59.03478],[25.61538,59.03551],[25.61549,59.03589],[25.61541,59.03614],[25.61473,59.03636],[25.61388,59.03631],[25.61326,59.03637],[25.61092,59.0365],[25.61073,59.03661],[25.61088,59.03741],[25.61034,59.03755],[25.60913,59.03748],[25.60896,59.03784],[25.60915,59.03804],[25.60973,59.03824],[25.61043,59.0387],[25.6104,59.03919],[25.6101,59.03949],[25.60942,59.03966],[25.60882,59.03959],[25.60747,59.03915],[25.60701,59.03911],[25.6067,59.0395],[25.60669,59.04014],[25.60597,59.04055],[25.60519,59.04112],[25.60454,59.04107],[25.60383,59.04109],[25.60332,59.04056],[25.60298,59.04043],[25.60239,59.04052],[25.60204,59.04071],[25.60156,59.04111],[25.60153,59.04173],[25.60144,59.04194],[25.60092,59.04194],[25.60052,59.04165],[25.59976,59.0418],[25.59979,59.04233],[25.59993,59.04283],[25.59944,59.04312],[25.59838,59.043],[25.59737,59.04304],[25.59702,59.043],[25.59613,59.04272],[25.59574,59.04285],[25.59497,59.04341],[25.5946,59.04343],[25.59405,59.04332],[25.59342,59.04297],[25.59275,59.04278],[25.59224,59.04275],[25.59084,59.04251],[25.59067,59.04239],[25.59061,59.04195],[25.58995,59.04196],[25.589,59.04231],[25.58848,59.04233],[25.58794,59.04199],[25.58753,59.04182],[25.58703,59.04186],[25.58611,59.04216],[25.58562,59.04261],[25.58564,59.04321],[25.58532,59.04331],[25.5839,59.04332],[25.58359,59.04336],[25.58345,59.04408],[25.58464,59.04435],[25.58473,59.04456],[25.58447,59.0448],[25.58407,59.04485],[25.58286,59.0448],[25.58227,59.04504],[25.58177,59.04508],[25.58139,59.04478],[25.5812,59.04415],[25.58089,59.04404],[25.58009,59.0443],[25.57982,59.04449],[25.57927,59.04515],[25.57836,59.04526],[25.57799,59.04561],[25.57714,59.0456],[25.57711,59.04574],[25.57764,59.04615],[25.57751,59.04638],[25.57676,59.04637],[25.57599,59.04621],[25.57571,59.04625],[25.57556,59.04659],[25.57557,59.0471],[25.57507,59.04727],[25.57442,59.0472],[25.57355,59.0472],[25.57279,59.04741],[25.57231,59.04741],[25.57161,59.04725],[25.57131,59.04693],[25.57054,59.04648],[25.56962,59.04656],[25.56914,59.0468],[25.56856,59.04683],[25.56789,59.04646],[25.56698,59.04617],[25.56472,59.04626],[25.56428,59.0459],[25.56427,59.04537],[25.56397,59.04526],[25.5634,59.04532],[25.56315,59.04559],[25.56319,59.04626],[25.5624,59.04684],[25.56165,59.04709],[25.56001,59.04719],[25.55924,59.04685],[25.55775,59.04652],[25.55727,59.04629],[25.55692,59.04626],[25.5567,59.04643],[25.55663,59.04678],[25.55567,59.04701],[25.55512,59.04634],[25.55474,59.04624],[25.55394,59.04615],[25.5536,59.04644],[25.5528,59.04682],[25.55244,59.0469],[25.55196,59.04684],[25.55142,59.0471],[25.55101,59.04784],[25.55056,59.04822],[25.54993,59.04817],[25.54929,59.04825],[25.54858,59.04792],[25.54833,59.04787],[25.54798,59.04841],[25.54762,59.04858],[25.54733,59.04888],[25.54679,59.04913],[25.54639,59.05028],[25.54535,59.05153],[25.54488,59.0522],[25.5449,59.05243],[25.54517,59.05334],[25.54513,59.05348],[25.54431,59.05397],[25.54379,59.05406],[25.54215,59.05537],[25.53984,59.05589],[25.5395,59.05588],[25.5381,59.05544],[25.53293,59.05492],[25.53295,59.05541],[25.53317,59.0556],[25.53399,59.05558],[25.53468,59.05545],[25.53516,59.05606],[25.53501,59.05611],[25.53458,59.05559],[25.53401,59.05567],[25.53308,59.05569],[25.53278,59.05543],[25.53274,59.05491],[25.53233,59.05489],[25.53158,59.05498],[25.53037,59.05524],[25.53002,59.05524],[25.5289,59.0554],[25.5284,59.05559],[25.52728,59.0558],[25.52581,59.05604],[25.52535,59.05615],[25.52513,59.05673],[25.52392,59.05818],[25.52367,59.05857],[25.52371,59.05869],[25.52443,59.05911],[25.52477,59.05985],[25.5256,59.06052],[25.52568,59.06079],[25.5248,59.06185],[25.52394,59.06336],[25.52395,59.06356],[25.52909,59.06752],[25.52936,59.06789],[25.52981,59.06787],[25.53012,59.06755],[25.53009,59.06707],[25.53028,59.06707],[25.53027,59.06764],[25.53014,59.06786],[25.52936,59.06799],[25.52956,59.0695],[25.5297,59.06966],[25.52987,59.0704],[25.53002,59.07062],[25.53099,59.07109],[25.53117,59.07132],[25.53108,59.07185],[25.53169,59.07277],[25.5318,59.07345],[25.53245,59.07324],[25.53336,59.07312],[25.53407,59.07251],[25.53424,59.07255],[25.53357,59.07317],[25.53252,59.07332],[25.53175,59.07355],[25.53167,59.07383],[25.53178,59.07439],[25.5322,59.07551],[25.53268,59.07543],[25.53308,59.07475],[25.53325,59.07477],[25.53285,59.07546],[25.53254,59.07573],[25.5329,59.07599],[25.53383,59.07652],[25.53551,59.07795],[25.53597,59.07823],[25.53653,59.07886],[25.53789,59.08032],[25.53827,59.08065],[25.54302,59.08507],[25.54424,59.08634],[25.54779,59.08725],[25.54836,59.08745],[25.54939,59.08745],[25.5512,59.08758],[25.55185,59.08756],[25.55238,59.08777],[25.55261,59.08802],[25.55363,59.08886],[25.55448,59.08972],[25.55507,59.09004],[25.55485,59.09102],[25.55597,59.09254],[25.55617,59.09267],[25.55879,59.09468],[25.5601,59.09538],[25.56073,59.09553],[25.56154,59.09597],[25.56204,59.09614],[25.56215,59.09651],[25.56251,59.09696],[25.56276,59.09745],[25.56298,59.09761],[25.56332,59.09826],[25.56407,59.09875],[25.5659,59.10001],[25.56646,59.10043],[25.56689,59.10085],[25.56708,59.10244],[25.56714,59.10327],[25.56758,59.10468],[25.56844,59.10704],[25.56863,59.10734],[25.56877,59.10799],[25.56867,59.10851],[25.56899,59.10901],[25.56912,59.10992],[25.56937,59.1112],[25.56944,59.11133],[25.56949,59.11212],[25.56992,59.11403],[25.57032,59.11418],[25.57039,59.11445],[25.57009,59.11492],[25.57024,59.11619],[25.56991,59.1167],[25.56891,59.11727],[25.56689,59.11831],[25.56577,59.11886],[25.56489,59.11934],[25.5645,59.11945],[25.56366,59.11996],[25.56353,59.12005],[25.56246,59.12058],[25.56144,59.12113],[25.56041,59.12133],[25.55788,59.12153],[25.55444,59.12184],[25.5519,59.12212],[25.55169,59.12214],[25.55,59.1223],[25.54797,59.12263],[25.54692,59.12292],[25.54745,59.1234],[25.54748,59.12355],[25.54671,59.12424],[25.54577,59.12495],[25.54646,59.1248],[25.54647,59.12503],[25.5456,59.1251],[25.54506,59.12544],[25.54477,59.12617],[25.54408,59.12635],[25.54282,59.12678],[25.54239,59.12719],[25.54151,59.1275],[25.54105,59.12757],[25.54086,59.12773],[25.54094,59.12801],[25.54082,59.12856],[25.54065,59.12876],[25.53987,59.12912],[25.53943,59.1298],[25.53929,59.13037],[25.53897,59.13113],[25.53868,59.13154],[25.53861,59.13184],[25.5386,59.13258],[25.53834,59.13278],[25.5379,59.13274],[25.53736,59.13286],[25.53706,59.13328],[25.53657,59.13366],[25.5363,59.13408],[25.53562,59.13416],[25.53468,59.13436],[25.53459,59.13509],[25.53446,59.13554],[25.53449,59.1362],[25.5342,59.13669],[25.53406,59.13729],[25.53368,59.13768],[25.53364,59.13811],[25.53371,59.13883],[25.53354,59.13952],[25.53295,59.13982],[25.53148,59.14037],[25.53108,59.14057],[25.52996,59.14058],[25.52958,59.14082],[25.52914,59.14099],[25.52851,59.14143],[25.52762,59.14185],[25.52694,59.14191],[25.52632,59.14204],[25.52613,59.14226],[25.52666,59.1426],[25.52663,59.14279],[25.52616,59.14289],[25.52534,59.1432],[25.52395,59.14361],[25.52273,59.14415],[25.52249,59.14442],[25.52242,59.14486],[25.52249,59.14522],[25.52239,59.14568],[25.52197,59.14641],[25.52195,59.14681],[25.52218,59.14718],[25.52232,59.1477],[25.52267,59.1481],[25.52272,59.14836],[25.52231,59.14877],[25.523,59.14887],[25.52334,59.14866],[25.52361,59.14871],[25.52338,59.14896],[25.52301,59.149],[25.52214,59.14882],[25.5218,59.14893],[25.52157,59.14933],[25.52111,59.14959],[25.52037,59.14975],[25.51951,59.15004],[25.51876,59.15036],[25.51814,59.15044],[25.51708,59.1508],[25.51657,59.15108],[25.51591,59.15124],[25.51523,59.15124],[25.51498,59.15111],[25.51484,59.15059],[25.51431,59.15034],[25.51292,59.15029],[25.51248,59.15032],[25.51172,59.15078],[25.51158,59.15099],[25.51101,59.1513],[25.51038,59.15141],[25.50965,59.15167],[25.50811,59.15204],[25.50769,59.15229],[25.50742,59.15263],[25.50621,59.15339],[25.50585,59.15366],[25.50548,59.15381],[25.50439,59.15377],[25.50356,59.15389],[25.50193,59.15397],[25.50074,59.15423],[25.49986,59.15476],[25.49973,59.15489],[25.49919,59.15578],[25.49889,59.15613],[25.49854,59.15671],[25.49762,59.1572],[25.49645,59.15756],[25.49619,59.15776],[25.49599,59.15815],[25.49533,59.15875],[25.49462,59.15917],[25.49396,59.15965],[25.49337,59.16022],[25.49302,59.16045],[25.49226,59.16137],[25.49173,59.16193],[25.49088,59.16259],[25.49017,59.16276],[25.48942,59.16271],[25.48925,59.16288],[25.48952,59.16321],[25.48946,59.1634],[25.48895,59.16385],[25.48881,59.16414],[25.48825,59.16445],[25.48792,59.16485],[25.48709,59.16552],[25.48557,59.16698],[25.48461,59.16779],[25.48438,59.1683],[25.48404,59.16866],[25.48381,59.16915],[25.48384,59.16965],[25.48365,59.17037],[25.48381,59.17071],[25.48448,59.17121],[25.48419,59.17163],[25.4843,59.1719],[25.48408,59.17242],[25.4851,59.1728],[25.48524,59.17312],[25.48504,59.17341],[25.48525,59.17399],[25.48523,59.17416],[25.48461,59.17465],[25.48449,59.17489],[25.48482,59.17518],[25.48538,59.17592],[25.48579,59.17629],[25.48585,59.17663],[25.48559,59.1771],[25.4847,59.17748],[25.48478,59.17786],[25.48462,59.17803],[25.48339,59.17834],[25.48248,59.17834],[25.48299,59.17891],[25.4831,59.17934],[25.4833,59.17956],[25.48319,59.17991],[25.48269,59.18029],[25.48227,59.18115],[25.48186,59.18178],[25.48151,59.182],[25.48058,59.18239],[25.48007,59.18243],[25.47945,59.18263],[25.47918,59.18294],[25.47859,59.18329],[25.47827,59.18358],[25.47728,59.18389],[25.47665,59.18419],[25.47612,59.18455],[25.47498,59.18499],[25.47439,59.18509],[25.47415,59.18523],[25.47319,59.18621],[25.47311,59.18646],[25.47319,59.18723],[25.47263,59.18769],[25.47255,59.18798],[25.47223,59.1882],[25.47096,59.1889],[25.4705,59.18899],[25.46899,59.18977],[25.46821,59.19008],[25.4676,59.19045],[25.46641,59.19091],[25.46596,59.19091],[25.46477,59.19077],[25.46409,59.19079],[25.46305,59.19049],[25.46173,59.19086],[25.46087,59.19081],[25.46048,59.19061],[25.4604,59.19023],[25.45984,59.18968],[25.45915,59.18942],[25.45859,59.18928],[25.45759,59.18917],[25.45692,59.18916],[25.45525,59.18961],[25.45401,59.18974],[25.45265,59.18968],[25.45131,59.18949],[25.45049,59.18946],[25.44979,59.18958],[25.44932,59.1898],[25.4477,59.19001],[25.44748,59.19028],[25.44761,59.19067],[25.44751,59.1911],[25.4476,59.19137],[25.44807,59.19197],[25.44882,59.19246],[25.44899,59.19291],[25.44891,59.19312],[25.44836,59.19355],[25.44828,59.19386],[25.44842,59.19401],[25.44953,59.19451],[25.44985,59.19477],[25.45087,59.19578],[25.45161,59.19631],[25.45224,59.19662],[25.45265,59.19695],[25.45264,59.19726],[25.45198,59.1978],[25.45171,59.19834],[25.45174,59.19856],[25.45208,59.19877],[25.45236,59.19908],[25.45234,59.1999],[25.45243,59.20021],[25.45189,59.20053],[25.45119,59.2007],[25.44979,59.20058],[25.44904,59.20073],[25.44802,59.20123],[25.44723,59.20134],[25.44471,59.20131],[25.44445,59.20139],[25.44454,59.20166],[25.44493,59.2019],[25.44545,59.20257],[25.44608,59.20315],[25.4461,59.2036],[25.44566,59.20399],[25.44489,59.20425],[25.44377,59.20473],[25.44258,59.20505],[25.4425,59.20515],[25.4415,59.20541],[25.44098,59.20544],[25.44016,59.20558],[25.43863,59.20618],[25.43812,59.20647],[25.43755,59.20667],[25.43636,59.20757],[25.43611,59.20792],[25.43623,59.20837],[25.43587,59.20887],[25.43592,59.20957],[25.43618,59.20984],[25.43688,59.21015],[25.43756,59.21036],[25.4377,59.21063],[25.43852,59.21096],[25.43948,59.21111],[25.44045,59.21107],[25.44106,59.21124],[25.44139,59.21164],[25.44201,59.212],[25.44229,59.21253],[25.44225,59.21304],[25.44237,59.21325],[25.44296,59.21332],[25.44325,59.21295],[25.44491,59.21208],[25.44558,59.21211],[25.44588,59.21255],[25.4465,59.21297],[25.44753,59.21354],[25.44807,59.21397],[25.44844,59.2144],[25.44867,59.21481],[25.44887,59.21539],[25.44879,59.21591],[25.44837,59.216],[25.44772,59.21581],[25.44727,59.21579],[25.44676,59.21581],[25.44665,59.21613],[25.44724,59.21667],[25.44759,59.21714],[25.44779,59.21735],[25.4479,59.21774],[25.4484,59.21827],[25.44898,59.21844],[25.44992,59.21888],[25.44997,59.21869],[25.45065,59.21876],[25.44997,59.21902],[25.45031,59.2192],[25.45098,59.21897],[25.45118,59.2191],[25.45143,59.21977],[25.452,59.22007],[25.45191,59.22028],[25.45257,59.22062],[25.45281,59.2206],[25.45389,59.22134],[25.45418,59.22148],[25.45455,59.22197],[25.45444,59.22229],[25.45409,59.22261],[25.45304,59.22317],[25.45286,59.2236],[25.45219,59.22387],[25.45161,59.22421],[25.45147,59.22459],[25.45187,59.22502],[25.45173,59.22522],[25.45127,59.22547],[25.45135,59.22592],[25.45228,59.22651],[25.4524,59.22665],[25.45243,59.22714],[25.45263,59.22739],[25.45334,59.22777],[25.45377,59.2277],[25.45424,59.22739],[25.45479,59.22724],[25.45684,59.22705],[25.45739,59.2273],[25.45747,59.22765],[25.45707,59.22806],[25.45715,59.22815],[25.45795,59.22819],[25.45827,59.22845],[25.45845,59.22875],[25.45854,59.22927],[25.45909,59.22973],[25.45973,59.23001],[25.45968,59.23029],[25.45923,59.23055],[25.45803,59.23102],[25.45752,59.23133],[25.45686,59.23189],[25.45646,59.23211],[25.45647,59.23239],[25.4568,59.23257],[25.4573,59.23266],[25.45817,59.23269],[25.45897,59.23291],[25.45903,59.23332],[25.4585,59.23351],[25.45777,59.23364],[25.45752,59.2339],[25.45756,59.23406],[25.45718,59.2343],[25.45697,59.23465],[25.457,59.23484],[25.4576,59.23506],[25.45773,59.23522],[25.45758,59.23571],[25.45712,59.23608],[25.45652,59.23614],[25.4562,59.23646],[25.45525,59.23639],[25.45448,59.2368],[25.45437,59.23714],[25.45452,59.23767],[25.45492,59.23799],[25.45521,59.23838],[25.45522,59.23877],[25.4547,59.23952],[25.45462,59.23982],[25.45356,59.24],[25.45402,59.24053],[25.45363,59.24071],[25.45306,59.24074],[25.4527,59.24112],[25.45285,59.24127],[25.4533,59.2413],[25.45355,59.24149],[25.45289,59.24167],[25.45186,59.24172],[25.45141,59.2424],[25.45189,59.24345],[25.45197,59.24387],[25.45226,59.24425],[25.45303,59.24499],[25.45311,59.24537],[25.45195,59.24593],[25.45077,59.2472],[25.44941,59.24791],[25.44869,59.24873],[25.44843,59.24955],[25.44858,59.25007],[25.44877,59.25026],[25.4487,59.25061],[25.44876,59.25135],[25.44917,59.25154],[25.45001,59.25169],[25.45075,59.2519],[25.45121,59.25212],[25.45134,59.2523],[25.45125,59.25256],[25.44959,59.2538],[25.44958,59.25433],[25.44978,59.25463],[25.45065,59.25527],[25.45082,59.25577],[25.45048,59.25617],[25.44858,59.25669],[25.44843,59.2568],[25.4489,59.25753],[25.44944,59.25794],[25.44933,59.25831],[25.4488,59.25863],[25.44806,59.25874],[25.44722,59.25894],[25.44714,59.25907],[25.44752,59.25967],[25.44748,59.26001],[25.4464,59.26074],[25.44601,59.26118],[25.44593,59.26182],[25.44616,59.26213],[25.44691,59.26281],[25.44762,59.26325],[25.44751,59.26373],[25.44728,59.26394],[25.44673,59.264],[25.44604,59.26384],[25.44476,59.26365],[25.44414,59.2637],[25.44414,59.26392],[25.44517,59.26445],[25.44521,59.26458],[25.44584,59.2649],[25.44603,59.26554],[25.44664,59.26619],[25.44702,59.26712],[25.4473,59.26744],[25.44735,59.26772],[25.44713,59.26787],[25.44685,59.26791],[25.44614,59.2678],[25.44536,59.26788],[25.44502,59.26808],[25.44444,59.26819],[25.44397,59.26808],[25.44201,59.26783],[25.44052,59.26789],[25.43923,59.26783],[25.4385,59.26792],[25.43817,59.26804],[25.43757,59.26839],[25.43705,59.26859],[25.43604,59.26885],[25.43529,59.26912],[25.43484,59.26957],[25.43476,59.27003],[25.43447,59.27063],[25.43399,59.27104],[25.43357,59.27149],[25.43287,59.27199],[25.43217,59.27214],[25.43097,59.272],[25.42961,59.27198],[25.42898,59.27208],[25.42914,59.27226],[25.42876,59.27254],[25.42875,59.27269],[25.428,59.27289],[25.42671,59.27351],[25.42659,59.27366],[25.42484,59.27475],[25.42408,59.27474],[25.42289,59.27508],[25.42184,59.27562],[25.42214,59.27574],[25.42304,59.27541],[25.4236,59.27552],[25.42277,59.27592],[25.42241,59.27577],[25.42089,59.27616],[25.42054,59.27621],[25.4202,59.27624],[25.41901,59.27702],[25.41761,59.27842],[25.41653,59.27908],[25.41625,59.27943],[25.41646,59.27957],[25.41684,59.27922],[25.41732,59.27894],[25.41828,59.27818],[25.41969,59.27737],[25.41985,59.27755],[25.41823,59.27836],[25.41793,59.27871],[25.41694,59.27942],[25.41743,59.27947],[25.41738,59.27973],[25.41703,59.2798],[25.41647,59.27977],[25.4162,59.27994],[25.41605,59.28019],[25.41566,59.28045],[25.41516,59.28051],[25.4144,59.2805],[25.41402,59.28061],[25.41364,59.28092],[25.41344,59.28153],[25.41314,59.28203],[25.41308,59.28249],[25.4128,59.28303],[25.41308,59.28314],[25.41096,59.28404],[25.41034,59.28425],[25.41009,59.28447],[25.40959,59.2846],[25.40964,59.28485],[25.40915,59.28556],[25.40896,59.28513],[25.4069,59.28476],[25.40572,59.28434],[25.40508,59.28444],[25.40371,59.28513],[25.40494,59.28546],[25.40343,59.28529],[25.40273,59.28573],[25.40162,59.28667],[25.40091,59.28703],[25.40036,59.28721],[25.39977,59.28752],[25.39879,59.28785],[25.39852,59.28785],[25.39794,59.28769],[25.39775,59.28742],[25.39779,59.28709],[25.39762,59.28672],[25.39786,59.28648],[25.39778,59.28615],[25.39826,59.2857],[25.39809,59.28525],[25.39689,59.28494],[25.39561,59.28468],[25.39516,59.28468],[25.39503,59.28491],[25.3954,59.28526],[25.39554,59.28586],[25.39532,59.28632],[25.39467,59.28665],[25.39409,59.28709],[25.39328,59.28735],[25.39217,59.28744],[25.3915,59.28742],[25.39048,59.28716],[25.38901,59.2869],[25.38781,59.2868],[25.3873,59.28697],[25.38745,59.28733],[25.3877,59.28746],[25.38843,59.28756],[25.38801,59.2871],[25.38845,59.28707],[25.38881,59.28741],[25.38903,59.28785],[25.3891,59.28822],[25.38889,59.28849],[25.38827,59.28867],[25.38756,59.28863],[25.3874,59.28853],[25.38649,59.28866],[25.38586,59.28865],[25.38488,59.28839],[25.38433,59.28898],[25.38328,59.2896],[25.38318,59.2899],[25.38362,59.28993],[25.38405,59.28978],[25.38653,59.28918],[25.38692,59.2891],[25.38729,59.2893],[25.38741,59.28968],[25.38784,59.28965],[25.3882,59.28922],[25.38936,59.28908],[25.38939,59.28933],[25.38842,59.28943],[25.38826,59.28975],[25.38776,59.28999],[25.38725,59.28998],[25.3867,59.28955],[25.38624,59.28954],[25.38534,59.28981],[25.386,59.29014],[25.38608,59.29048],[25.38452,59.29102],[25.38477,59.29114],[25.38592,59.29093],[25.38627,59.29079],[25.38741,59.29076],[25.38825,59.29051],[25.39026,59.2898],[25.38969,59.28938],[25.38995,59.28925],[25.3904,59.28939],[25.39073,59.28964],[25.39115,59.2901],[25.39005,59.29017],[25.38801,59.29098],[25.38746,59.29107],[25.38653,59.29109],[25.38685,59.29147],[25.38672,59.29167],[25.38614,59.29208],[25.38556,59.29236],[25.38466,59.29236],[25.3844,59.29254],[25.3841,59.29297],[25.38372,59.29311],[25.38299,59.2931],[25.38196,59.29348],[25.38172,59.29374],[25.3821,59.29401],[25.38193,59.29412],[25.38145,59.29382],[25.38069,59.294],[25.37897,59.29471],[25.37827,59.29519],[25.37561,59.29657],[25.37493,59.29671],[25.37395,59.29672],[25.3717,59.2965],[25.37111,59.29649],[25.37017,59.2969],[25.36864,59.29748],[25.3679,59.29782],[25.36781,59.29796],[25.36833,59.29836],[25.36859,59.29834],[25.36944,59.29793],[25.36953,59.29802],[25.36879,59.29836],[25.36842,59.29844],[25.36854,59.2989],[25.36834,59.29948],[25.36802,59.29979],[25.36787,59.3004],[25.36786,59.30076],[25.36756,59.30154],[25.36716,59.30178],[25.3654,59.30199],[25.36529,59.30263],[25.36447,59.30322],[25.36426,59.30346],[25.36355,59.30375],[25.36359,59.30338],[25.36394,59.30299],[25.36456,59.30254],[25.36492,59.3019],[25.36485,59.30175],[25.36381,59.30169],[25.36306,59.30183],[25.36286,59.30226],[25.36281,59.30257],[25.36227,59.30304],[25.36223,59.30367],[25.36229,59.30404],[25.36257,59.30471],[25.36235,59.3052],[25.36207,59.3053],[25.36074,59.30603],[25.36055,59.30617],[25.3605,59.3065],[25.3607,59.30671],[25.36132,59.30681],[25.36116,59.30735],[25.36136,59.30685],[25.36259,59.3068],[25.36385,59.30655],[25.36446,59.30654],[25.36543,59.30666],[25.36676,59.30718],[25.36754,59.30764],[25.36803,59.30798],[25.36803,59.30828],[25.36777,59.3086],[25.3699,59.31006],[25.36984,59.31008],[25.36778,59.3087],[25.3675,59.30863],[25.36687,59.30896],[25.36735,59.30935],[25.36713,59.30939],[25.36659,59.309],[25.36592,59.30913],[25.36534,59.30912],[25.36474,59.309],[25.36411,59.30909],[25.36382,59.3093],[25.36366,59.3101],[25.3633,59.31046],[25.36275,59.31074],[25.36198,59.31086],[25.35904,59.31056],[25.35854,59.31055],[25.35771,59.31074],[25.35681,59.311],[25.3562,59.31105],[25.35593,59.3112],[25.35441,59.31158],[25.35337,59.31168],[25.35176,59.31175],[25.35104,59.31185],[25.34958,59.31235],[25.34887,59.31247],[25.34762,59.31241],[25.34746,59.3125],[25.34728,59.31298],[25.34743,59.31365],[25.34719,59.31396],[25.34865,59.314],[25.3493,59.31398],[25.34985,59.31375],[25.34975,59.31339],[25.34934,59.31299],[25.34958,59.31274],[25.35001,59.31326],[25.35015,59.31257],[25.3503,59.31243],[25.35181,59.31197],[25.35434,59.31184],[25.35435,59.31195],[25.35177,59.3121],[25.35045,59.31251],[25.35037,59.31261],[25.35017,59.31349],[25.35026,59.31385],[25.35008,59.31398],[25.34916,59.31416],[25.3465,59.31413],[25.34625,59.31423],[25.34639,59.31467],[25.34721,59.31488],[25.34795,59.31485],[25.3489,59.31503],[25.34981,59.31511],[25.35064,59.31508],[25.35133,59.31525],[25.35168,59.3155],[25.3519,59.31586],[25.3519,59.31616],[25.35252,59.31679],[25.35348,59.31752],[25.35376,59.31782],[25.35345,59.31823],[25.35352,59.3185],[25.35378,59.31866],[25.3544,59.31883],[25.35496,59.31888],[25.35566,59.31884],[25.35641,59.3187],[25.35693,59.31892],[25.35698,59.31918],[25.35638,59.31964],[25.35516,59.32018],[25.35469,59.32053],[25.35396,59.32055],[25.35376,59.32032],[25.35375,59.31973],[25.35359,59.31961],[25.35312,59.31971],[25.35306,59.32026],[25.35336,59.32111],[25.35295,59.32186],[25.35287,59.32222],[25.35308,59.32251],[25.3541,59.32276],[25.35454,59.32295],[25.35487,59.32344],[25.35493,59.32404],[25.35455,59.32449],[25.35354,59.32528],[25.35329,59.32544],[25.35273,59.32549],[25.35216,59.3253],[25.35108,59.32455],[25.35059,59.32467],[25.3511,59.3252],[25.35118,59.32554],[25.35109,59.326],[25.35132,59.32622],[25.3519,59.3262],[25.35252,59.32641],[25.3523,59.32708],[25.35211,59.32736],[25.35182,59.32743],[25.34989,59.32745],[25.34883,59.32733],[25.34745,59.32727],[25.34598,59.32732],[25.3452,59.32712],[25.34439,59.32707],[25.34396,59.32712],[25.34303,59.32771],[25.34281,59.32802],[25.34317,59.32867],[25.343,59.3293],[25.34229,59.32994],[25.34229,59.33017],[25.34256,59.33033],[25.34364,59.33064],[25.34386,59.33119],[25.3436,59.33137],[25.34285,59.33161],[25.34212,59.33167],[25.34092,59.33152],[25.33959,59.3315],[25.33893,59.33156],[25.33803,59.33182],[25.33746,59.33221],[25.33711,59.33267],[25.33706,59.3331],[25.33718,59.33335],[25.33785,59.33402],[25.33851,59.33426],[25.33923,59.33445],[25.34044,59.33466],[25.34074,59.33481],[25.34097,59.33509],[25.3416,59.3356],[25.34206,59.33569],[25.34353,59.33569],[25.34434,59.33583],[25.34544,59.33641],[25.34596,59.33662],[25.3464,59.3373],[25.34664,59.3375],[25.34668,59.33762],[25.34674,59.33785],[25.34644,59.33851],[25.3459,59.33908],[25.34525,59.33951],[25.344,59.34023],[25.34379,59.3406],[25.34347,59.3409],[25.34274,59.34123],[25.34232,59.34171],[25.34184,59.34204],[25.34138,59.34266],[25.34149,59.34337],[25.34095,59.34408],[25.34037,59.34435],[25.34007,59.34464],[25.33964,59.34567],[25.33909,59.3462],[25.33858,59.34719],[25.33856,59.34783],[25.33798,59.3486],[25.33746,59.34907],[25.33674,59.34942],[25.33521,59.34993],[25.33476,59.35037],[25.33551,59.35103],[25.33586,59.35163],[25.33594,59.35194],[25.33568,59.35244],[25.33573,59.35255],[25.33472,59.35324],[25.33387,59.35364],[25.33317,59.35391],[25.33137,59.35517],[25.33086,59.35558],[25.32995,59.35678],[25.32985,59.35759],[25.32949,59.35829],[25.32779,59.35943],[25.32748,59.35972],[25.32616,59.36143],[25.32598,59.36174],[25.32512,59.36246],[25.3243,59.36285],[25.32402,59.36284],[25.32285,59.36338],[25.32284,59.36367],[25.32322,59.36388],[25.32507,59.3642],[25.32664,59.36432],[25.32742,59.36443],[25.3286,59.36477],[25.32897,59.36504],[25.3294,59.36597],[25.32916,59.36657],[25.32912,59.36701],[25.32932,59.36734],[25.32957,59.36756],[25.33043,59.36798],[25.33081,59.36836],[25.33143,59.36965],[25.33168,59.36991],[25.33312,59.37087],[25.33332,59.37113],[25.33339,59.37159],[25.33324,59.37185],[25.33253,59.37228],[25.33186,59.37259],[25.3315,59.37306],[25.33117,59.37407],[25.33105,59.37506],[25.33131,59.37506],[25.33128,59.37536],[25.33184,59.37579],[25.33244,59.37597],[25.33345,59.37612],[25.33409,59.37613],[25.33463,59.37603],[25.33597,59.37598],[25.33665,59.37607],[25.33707,59.37626],[25.33778,59.37734],[25.33786,59.37779],[25.33832,59.37812],[25.33865,59.37824],[25.34002,59.37857],[25.34191,59.37912],[25.34406,59.37969],[25.34478,59.37999],[25.34496,59.38037],[25.34485,59.38057],[25.34441,59.38077],[25.34203,59.38099],[25.3412,59.38099],[25.34055,59.38106],[25.34008,59.38128],[25.33953,59.38207],[25.33901,59.38264],[25.33802,59.38324],[25.33629,59.3841],[25.33494,59.38481],[25.33437,59.3852],[25.33325,59.38614],[25.33272,59.38679],[25.33226,59.38749],[25.33185,59.3886],[25.33184,59.38902],[25.33212,59.38942],[25.33195,59.39016],[25.33147,59.39051],[25.33116,59.39053],[25.33056,59.39046],[25.33017,59.39019],[25.32961,59.39009],[25.32924,59.39026],[25.32851,59.39085],[25.32735,59.39202],[25.32592,59.39304],[25.32522,59.39363],[25.32465,59.39391],[25.32184,59.39496],[25.32152,59.39514],[25.32129,59.39559],[25.32075,59.3962],[25.32092,59.39642],[25.32093,59.397],[25.32083,59.39718],[25.32024,59.39775],[25.31953,59.39816],[25.31864,59.39842],[25.31778,59.39841],[25.31653,59.39853],[25.31461,59.39837],[25.31397,59.39837],[25.3131,59.39846],[25.31256,59.39868],[25.3123,59.39893],[25.31105,59.39962],[25.31077,59.39968],[25.30997,59.39969],[25.30932,59.39956],[25.30856,59.39953],[25.3074,59.3998],[25.30718,59.39993],[25.30672,59.39995],[25.30594,59.40013],[25.30523,59.40049],[25.30486,59.40104],[25.30435,59.40157],[25.30415,59.40191],[25.30431,59.40223],[25.30413,59.40323],[25.30397,59.40358],[25.30328,59.40396],[25.30273,59.40404],[25.30171,59.40401],[25.30079,59.40407],[25.29953,59.40411],[25.29901,59.40435],[25.29856,59.40473],[25.29766,59.40559],[25.29714,59.40592],[25.29608,59.40634],[25.29493,59.40654],[25.29366,59.40656],[25.29162,59.40646],[25.29032,59.40621],[25.28986,59.40601],[25.28907,59.40594],[25.28871,59.40601],[25.28851,59.40619],[25.28872,59.40751],[25.28869,59.40819],[25.2883,59.40848],[25.28774,59.4087],[25.28686,59.40882],[25.28617,59.4091],[25.28499,59.40989],[25.28403,59.41029],[25.28257,59.41024],[25.28239,59.41013],[25.28148,59.41001],[25.28132,59.40982],[25.28097,59.40986],[25.28053,59.41006],[25.28025,59.41061],[25.27962,59.41103],[25.27929,59.41132],[25.27747,59.41202],[25.27619,59.41235],[25.27513,59.41248],[25.27201,59.4131],[25.27057,59.41345],[25.27012,59.41373],[25.26922,59.4145],[25.26884,59.4151],[25.2686,59.41535],[25.26782,59.41591],[25.2675,59.41609],[25.26683,59.41629],[25.266,59.41638],[25.26523,59.41653],[25.26478,59.41654],[25.26404,59.41639],[25.26334,59.41603],[25.26312,59.41579],[25.26241,59.41528],[25.26103,59.41465],[25.26031,59.41444],[25.2591,59.41445],[25.25848,59.41459],[25.25722,59.41494],[25.25611,59.41516],[25.25507,59.4152],[25.25448,59.41511],[25.25357,59.41487],[25.25271,59.41438],[25.25205,59.41408],[25.25011,59.41395],[25.24945,59.41418],[25.24915,59.41458],[25.24887,59.41515],[25.24857,59.41553],[25.24816,59.4158],[25.24759,59.416],[25.24687,59.41611],[25.24472,59.41617],[25.2432,59.41637],[25.24246,59.4165],[25.24217,59.41666],[25.24173,59.41666],[25.24055,59.41705],[25.24021,59.41736],[25.24056,59.41779],[25.24062,59.4184],[25.24098,59.419],[25.24151,59.41956],[25.2418,59.42014],[25.24197,59.42022],[25.24178,59.42128],[25.24161,59.42183],[25.24083,59.42279],[25.24049,59.42306],[25.24003,59.42379],[25.23969,59.42412],[25.23898,59.42445],[25.23824,59.42459],[25.2375,59.42457],[25.23705,59.42448],[25.23615,59.42374],[25.23404,59.42278],[25.23312,59.42224],[25.23209,59.42206],[25.2312,59.42199],[25.23036,59.42203],[25.22953,59.42233],[25.22941,59.42283],[25.2296,59.4234],[25.22977,59.42351],[25.23012,59.42425],[25.23014,59.42454],[25.23,59.42485],[25.22941,59.4254],[25.22857,59.42578],[25.22806,59.42589],[25.22712,59.42591],[25.22619,59.42581],[25.22468,59.42533],[25.22399,59.42526],[25.22367,59.42534],[25.2233,59.42557],[25.22278,59.42613],[25.22213,59.42639],[25.22085,59.42666],[25.2201,59.42676],[25.21925,59.4268],[25.21841,59.42675],[25.21737,59.42642],[25.21628,59.42623],[25.21553,59.42621],[25.21521,59.42642],[25.21449,59.42646],[25.21254,59.42664],[25.20896,59.4269],[25.20832,59.42688],[25.21215,59.42656],[25.21487,59.42636],[25.21524,59.42613],[25.21437,59.42609],[25.21361,59.42596],[25.21235,59.42554],[25.21172,59.42506],[25.21035,59.42444],[25.20995,59.42398],[25.20966,59.42381],[25.20885,59.42384],[25.20803,59.42447],[25.20745,59.42509],[25.20714,59.42524],[25.20676,59.42578],[25.20675,59.42597],[25.20634,59.42646],[25.20588,59.42686],[25.20598,59.4271],[25.2045,59.42731],[25.20371,59.42751],[25.20262,59.42771],[25.20117,59.42808],[25.20028,59.42838],[25.19986,59.4286],[25.19926,59.42903],[25.19885,59.4292],[25.1977,59.42949],[25.19733,59.42967],[25.19674,59.43012],[25.1959,59.43117],[25.19593,59.43154],[25.19618,59.43174],[25.19839,59.43244],[25.19858,59.4327],[25.19839,59.43302],[25.19799,59.43322],[25.19711,59.43333],[25.19587,59.43323],[25.19495,59.43322],[25.19436,59.43328],[25.19401,59.43343],[25.19379,59.43369],[25.19367,59.43427],[25.19384,59.43479],[25.1938,59.43556],[25.19334,59.43607],[25.19271,59.43653],[25.19205,59.43684],[25.19185,59.43713],[25.19208,59.43737],[25.19271,59.43758],[25.1931,59.43783],[25.19395,59.43816],[25.19442,59.43845],[25.19487,59.43916],[25.19485,59.43948],[25.19462,59.43987],[25.19404,59.44036],[25.19329,59.44085],[25.19277,59.4416],[25.19228,59.44191],[25.19169,59.44184],[25.1911,59.44199],[25.18953,59.44258],[25.18908,59.44292],[25.18884,59.44329],[25.18843,59.44373],[25.18864,59.44411],[25.18884,59.44521],[25.18921,59.44569],[25.18903,59.44598],[25.18903,59.44645],[25.1895,59.44718],[25.1896,59.44745],[25.18951,59.44771],[25.18923,59.44785],[25.18939,59.44803],[25.18978,59.44783],[25.18998,59.44832],[25.18967,59.44846],[25.18973,59.44873],[25.18965,59.44943],[25.18865,59.44992],[25.18765,59.45054],[25.18716,59.45077],[25.18618,59.45108],[25.18595,59.45109],[25.18495,59.45142],[25.18495,59.45119],[25.18452,59.45108],[25.18445,59.45089],[25.18365,59.45059],[25.18328,59.45036]],[[25.36428,59.30783],[25.36459,59.30812],[25.36558,59.30796],[25.36566,59.30773],[25.36434,59.30778],[25.36428,59.30783]],[[25.36556,59.30861],[25.36578,59.30873],[25.36653,59.30847],[25.36702,59.30848],[25.3668,59.30824],[25.36609,59.3083],[25.36556,59.30861]],[[25.20405,59.42722],[25.20516,59.42693],[25.20611,59.4262],[25.20648,59.42581],[25.20651,59.42552],[25.20573,59.42576],[25.20527,59.42611],[25.20464,59.42675],[25.20405,59.42722]],[[25.20984,59.42377],[25.21033,59.42405],[25.21075,59.42443],[25.21151,59.42476],[25.21233,59.4253],[25.21278,59.42551],[25.21292,59.42531],[25.2129,59.42496],[25.21243,59.42473],[25.21213,59.42441],[25.2114,59.42403],[25.20984,59.42377]],[[25.21293,59.42486],[25.21304,59.42503],[25.21301,59.42544],[25.21314,59.42561],[25.21393,59.42577],[25.21401,59.42555],[25.21342,59.4251],[25.21293,59.42486]],[[25.23955,59.41793],[25.23996,59.41829],[25.24022,59.41809],[25.24013,59.41769],[25.23981,59.41752],[25.23955,59.41793]],[[25.32,59.39734],[25.32023,59.39741],[25.32056,59.39693],[25.32029,59.39686],[25.32,59.39734]],[[25.38201,59.29126],[25.38261,59.29154],[25.38361,59.29128],[25.38322,59.29104],[25.38239,59.29108],[25.38201,59.29126]],[[25.3826,59.29075],[25.38315,59.29089],[25.38349,59.29065],[25.38334,59.29046],[25.38284,59.29043],[25.3826,59.29075]],[[25.3838,59.29035],[25.38402,59.29052],[25.38462,59.29053],[25.38498,59.29042],[25.38474,59.29015],[25.38421,59.29017],[25.3838,59.29035]],[[25.38552,59.287],[25.38602,59.28744],[25.38655,59.28776],[25.38666,59.28798],[25.38599,59.28819],[25.38619,59.28828],[25.38685,59.28823],[25.38746,59.28833],[25.38805,59.2883],[25.38835,59.28805],[25.38818,59.28791],[25.38732,59.2877],[25.38665,59.28712],[25.38667,59.28674],[25.38604,59.28662],[25.3857,59.28674],[25.38552,59.287]],[[25.44577,59.26601],[25.44592,59.26631],[25.44656,59.2666],[25.44625,59.26607],[25.44577,59.26601]]],[[[25.66331,59.06891],[25.6635,59.06887],[25.66697,59.07213],[25.66709,59.07223],[25.66987,59.07359],[25.67056,59.07369],[25.67088,59.074],[25.67184,59.07442],[25.67275,59.07519],[25.67274,59.07534],[25.67168,59.07736],[25.67181,59.07751],[25.67385,59.0782],[25.67376,59.07827],[25.67171,59.07759],[25.67148,59.07737],[25.67256,59.07532],[25.67258,59.07522],[25.67169,59.07448],[25.67075,59.07406],[25.67051,59.07377],[25.66975,59.07366],[25.66688,59.07224],[25.66406,59.06963],[25.66331,59.06891]]],[[[25.67394,59.07833],[25.67403,59.07826],[25.6798,59.08017],[25.68037,59.08042],[25.68074,59.08144],[25.68133,59.08284],[25.68118,59.0829],[25.68056,59.08146],[25.6802,59.08047],[25.67969,59.08025],[25.67394,59.07833]]],[[[25.68188,59.08358],[25.68204,59.08352],[25.68264,59.08394],[25.68281,59.08442],[25.68357,59.08627],[25.68421,59.08694],[25.68595,59.0886],[25.68614,59.08861],[25.68756,59.08838],[25.68762,59.08846],[25.68601,59.08874],[25.68583,59.08871],[25.68485,59.08778],[25.68342,59.08638],[25.68336,59.08628],[25.68239,59.08396],[25.68188,59.08358]]],[[[25.68781,59.08833],[25.69196,59.08759],[25.69243,59.08762],[25.69368,59.088],[25.69629,59.08781],[25.69655,59.08792],[25.69861,59.0891],[25.69909,59.08922],[25.70089,59.08935],[25.70082,59.08945],[25.69881,59.0893],[25.6985,59.08921],[25.69625,59.08792],[25.69366,59.0881],[25.69346,59.08808],[25.69233,59.08771],[25.69203,59.08768],[25.68787,59.08842],[25.68781,59.08833]]],[[[25.70106,59.08956],[25.70122,59.08952],[25.70247,59.09034],[25.70471,59.09178],[25.70509,59.092],[25.70632,59.09329],[25.70843,59.0953],[25.70831,59.09535],[25.70617,59.09333],[25.70495,59.09207],[25.70459,59.09185],[25.70106,59.08956]]]]},"properties":{"fclass":"riverbank"}},
{"type":"Feature","geometry":{"type":"Polygon","coordinates":[[[25.20583,59.39555],[25.20633,59.39517],[25.20628,59.3946],[25.20722,59.39495],[25.20777,59.39496],[25.20713,59.39539],[25.20638,59.39549],[25.20615,59.39566],[25.20583,59.39555]]]},"properties":{"fclass":"water"}},
{"type":"Feature","geometry":{"type":"Polygon","coordinates":[[[25.87231,59.12343],[25.87294,59.12248],[25.87341,59.12265],[25.87372,59.12309],[25.87455,59.12327],[25.87522,59.12366],[25.87546,59.12393],[25.87453,59.12419],[25.87285,59.12416],[25.87269,59.12366],[25.87231,59.12343]]]},"properties":{"fclass":"water"}},
{"type":"Feature","geometry":{"type":"Polygon","coordinates":[[[25.6569,59.15689],[25.65717,59.15647],[25.65759,59.15655],[25.65797,59.15629],[25.65852,59.15636],[25.65918,59.15758],[25.65856,59.1578],[25.65792,59.15753],[25.65714,59.1574],[25.6569,59.15689]]]},"properties":{"fclass":"water"}},
{"type":"Feature","geometry":{"type":"MultiPolygon","coordinates":[[[[25.32169,59.12347],[25.32095,59.12297],[25.32071,59.12292],[25.32064,59.12266],[25.3202,59.12237],[25.31972,59.12189],[25.31984,59.12144],[25.32356,59.11969],[25.32495,59.11903],[25.32931,59.11703],[25.33018,59.11629],[25.33447,59.11285],[25.33568,59.11185],[25.33593,59.11171],[25.33761,59.11124],[25.33902,59.11088],[25.34082,59.11037],[25.34519,59.10919],[25.34621,59.10893],[25.34649,59.10875],[25.34971,59.1052],[25.34992,59.10504],[25.35124,59.10446],[25.35253,59.10406],[25.35373,59.10385],[25.35493,59.10386],[25.35609,59.10417],[25.35911,59.10495],[25.36007,59.10505],[25.3615,59.10503],[25.36188,59.10492],[25.36205,59.10444],[25.3625,59.10495],[25.36229,59.1051],[25.35995,59.10513],[25.35898,59.10503],[25.35514,59.10405],[25.3546,59.10396],[25.35341,59.10403],[25.35206,59.10432],[25.35139,59.10455],[25.35017,59.10508],[25.3499,59.10528],[25.34795,59.10745],[25.34659,59.10892],[25.34626,59.10905],[25.34467,59.1095],[25.34215,59.11017],[25.33599,59.11186],[25.33092,59.11594],[25.32971,59.11698],[25.32892,59.11742],[25.32488,59.11932],[25.32029,59.12145],[25.32009,59.12157],[25.32007,59.12191],[25.32153,59.12302],[25.32203,59.12333],[25.32272,59.12386],[25.32307,59.12405],[25.32362,59.12454],[25.32414,59.1249],[25.3247,59.1255],[25.32402,59.12545],[25.32379,59.1253],[25.32223,59.12556],[25.32173,59.12551],[25.32144,59.12509],[25.3207,59.12422],[25.32077,59.12401],[25.32123,59.1238],[25.32169,59.12347]]],[[[25.19749,59.1831],[25.1975,59.18293],[25.19819,59.18309],[25.19947,59.1832],[25.20086,59.18308],[25.20141,59.18307],[25.20183,59.18292],[25.20203,59.18267],[25.20185,59.18244],[25.20146,59.18227],[25.20119,59.18204],[25.20117,59.18183],[25.20146,59.18147],[25.20188,59.18128],[25.2029,59.18124],[25.20379,59.18145],[25.20419,59.18135],[25.20435,59.18081],[25.20453,59.18061],[25.20503,59.1805],[25.20584,59.1806],[25.20622,59.18076],[25.20628,59.18109],[25.20681,59.18113],[25.20752,59.18082],[25.20758,59.18018],[25.20771,59.17978],[25.20818,59.17957],[25.20861,59.17967],[25.20911,59.17965],[25.21054,59.17923],[25.21091,59.17901],[25.21158,59.17892],[25.21194,59.17901],[25.21277,59.17939],[25.2133,59.17946],[25.21384,59.17939],[25.21493,59.1795],[25.2157,59.17972],[25.21623,59.18012],[25.21746,59.1803],[25.21751,59.18016],[25.21728,59.17987],[25.21818,59.17953],[25.21846,59.17933],[25.21898,59.17921],[25.21941,59.17923],[25.21968,59.17937],[25.21954,59.17967],[25.21899,59.18004],[25.21915,59.18027],[25.21989,59.18061],[25.22122,59.18104],[25.22157,59.18095],[25.22124,59.18058],[25.22136,59.18036],[25.22173,59.18039],[25.22229,59.18059],[25.22294,59.18074],[25.22315,59.18087],[25.22287,59.18193],[25.22289,59.18219],[25.22386,59.18249],[25.22501,59.18259],[25.22533,59.18255],[25.22598,59.18225],[25.22641,59.18223],[25.22681,59.18235],[25.22805,59.18285],[25.22967,59.18344],[25.23066,59.18352],[25.23128,59.18364],[25.23195,59.18359],[25.23202,59.18326],[25.23313,59.18318],[25.23344,59.18322],[25.23374,59.18354],[25.23457,59.18381],[25.23506,59.18392],[25.23517,59.18368],[25.23597,59.18336],[25.23711,59.18375],[25.23777,59.18411],[25.23733,59.1845],[25.23762,59.1846],[25.23978,59.18406],[25.24054,59.18382],[25.24104,59.18392],[25.2412,59.18436],[25.24152,59.18458],[25.2424,59.1845],[25.24333,59.18413],[25.24418,59.18321],[25.24458,59.1831],[25.24532,59.183],[25.24676,59.18243],[25.24788,59.18237],[25.24833,59.18203],[25.2488,59.18187],[25.24948,59.18189],[25.24995,59.18221],[25.25058,59.18186],[25.25104,59.18201],[25.2515,59.18176],[25.25229,59.18196],[25.2527,59.18184],[25.25323,59.1814],[25.2538,59.18119],[25.25419,59.1812],[25.25495,59.18152],[25.25572,59.18136],[25.25619,59.18162],[25.25645,59.1816],[25.25659,59.18134],[25.25615,59.18107],[25.25615,59.18074],[25.25654,59.18074],[25.25706,59.18094],[25.25793,59.18067],[25.25864,59.18075],[25.25855,59.18102],[25.25913,59.18114],[25.25945,59.18112],[25.25943,59.18084],[25.25971,59.18077],[25.26011,59.18091],[25.26103,59.18077],[25.26108,59.18062],[25.26061,59.18019],[25.2607,59.18002],[25.26125,59.17983],[25.26147,59.17999],[25.2614,59.18024],[25.26199,59.18027],[25.26268,59.1801],[25.26206,59.17988],[25.26179,59.1797],[25.26214,59.17947],[25.26261,59.17952],[25.26298,59.17905],[25.26234,59.17877],[25.26225,59.17895],[25.26188,59.17908],[25.26165,59.17888],[25.26178,59.17863],[25.26149,59.17812],[25.26192,59.17787],[25.26251,59.17774],[25.26232,59.17756],[25.26185,59.17736],[25.26183,59.17698],[25.26237,59.17696],[25.26227,59.17668],[25.26274,59.17649],[25.26295,59.17675],[25.26331,59.17681],[25.2649,59.17639],[25.26504,59.17618],[25.26566,59.17598],[25.26679,59.17585],[25.26816,59.17563],[25.26913,59.17532],[25.27005,59.17495],[25.27066,59.1748],[25.27131,59.17444],[25.27187,59.17446],[25.27287,59.17492],[25.27339,59.17505],[25.27367,59.17528],[25.27398,59.17521],[25.27408,59.17474],[25.27468,59.17437],[25.27402,59.17403],[25.274,59.17394],[25.27476,59.17379],[25.27534,59.17377],[25.27569,59.17362],[25.27547,59.17338],[25.27514,59.17359],[25.27469,59.17342],[25.27507,59.1732],[25.2748,59.17302],[25.27483,59.17277],[25.27483,59.17273],[25.27483,59.17256],[25.27452,59.17181],[25.27468,59.17136],[25.27532,59.17112],[25.27595,59.17124],[25.27616,59.17057],[25.27651,59.17054],[25.27677,59.17073],[25.27708,59.17073],[25.27766,59.17023],[25.2783,59.17019],[25.27861,59.17005],[25.27848,59.1695],[25.27948,59.16941],[25.27954,59.16928],[25.27919,59.16899],[25.27924,59.16877],[25.27994,59.16866],[25.28041,59.16883],[25.28115,59.1688],[25.28185,59.16843],[25.2825,59.16833],[25.28254,59.16806],[25.28304,59.16786],[25.28228,59.16757],[25.28268,59.16715],[25.28343,59.16695],[25.28386,59.16719],[25.284,59.16739],[25.28389,59.16761],[25.2844,59.16758],[25.28488,59.16786],[25.28521,59.16768],[25.28591,59.16779],[25.28641,59.16813],[25.28733,59.16795],[25.28743,59.1677],[25.28684,59.16738],[25.28674,59.16702],[25.28704,59.16681],[25.28759,59.16679],[25.28948,59.16681],[25.28984,59.16665],[25.29007,59.16611],[25.29038,59.16605],[25.29185,59.16629],[25.2919,59.16614],[25.29144,59.16549],[25.29169,59.1652],[25.29252,59.16521],[25.29267,59.1651],[25.29255,59.16449],[25.2928,59.16443],[25.29385,59.16457],[25.29393,59.16425],[25.29361,59.16399],[25.29381,59.16366],[25.295,59.16359],[25.29462,59.1632],[25.2939,59.16299],[25.29371,59.16268],[25.29414,59.16255],[25.29461,59.16265],[25.29497,59.16263],[25.29521,59.1621],[25.29557,59.16193],[25.29652,59.16191],[25.29734,59.16173],[25.29793,59.16145],[25.29867,59.16133],[25.29992,59.16157],[25.30071,59.16178],[25.30213,59.16189],[25.30239,59.16162],[25.30248,59.16128],[25.30279,59.1611],[25.30406,59.16092],[25.3042,59.16031],[25.30476,59.16035],[25.3051,59.16059],[25.30546,59.16067],[25.30576,59.16059],[25.3063,59.16014],[25.30656,59.15973],[25.30664,59.15926],[25.30645,59.15896],[25.3065,59.15865],[25.3075,59.15841],[25.30769,59.15831],[25.30776,59.15768],[25.30809,59.15739],[25.30811,59.15714],[25.30844,59.15692],[25.30925,59.15684],[25.30947,59.15664],[25.30938,59.15624],[25.30959,59.15608],[25.31012,59.15597],[25.31114,59.15597],[25.31151,59.15581],[25.31158,59.15559],[25.31131,59.15544],[25.31057,59.15526],[25.31051,59.15504],[25.31071,59.15486],[25.31059,59.15467],[25.30989,59.15458],[25.30934,59.15435],[25.30874,59.15429],[25.30826,59.15417],[25.30756,59.15377],[25.30751,59.15353],[25.30782,59.15263],[25.30831,59.15176],[25.30795,59.15098],[25.30793,59.15074],[25.30812,59.15041],[25.30883,59.15009],[25.30962,59.14993],[25.30983,59.14963],[25.30947,59.14924],[25.30965,59.14896],[25.31047,59.14878],[25.31179,59.14881],[25.31219,59.14852],[25.31232,59.14802],[25.31251,59.14784],[25.31293,59.14778],[25.31322,59.1476],[25.31362,59.14756],[25.31465,59.14787],[25.31484,59.14812],[25.31465,59.14828],[25.31463,59.14864],[25.31481,59.14875],[25.3155,59.14876],[25.316,59.1482],[25.31603,59.14749],[25.31628,59.14716],[25.31654,59.147],[25.3169,59.14661],[25.31793,59.14658],[25.31834,59.14671],[25.31926,59.14676],[25.31996,59.14667],[25.32064,59.14679],[25.32115,59.14676],[25.32203,59.1469],[25.32242,59.1469],[25.32296,59.14654],[25.32304,59.14628],[25.32298,59.14569],[25.32334,59.14482],[25.32414,59.14361],[25.32428,59.14365],[25.32348,59.14485],[25.32314,59.14569],[25.32319,59.14639],[25.3231,59.14657],[25.32259,59.14694],[25.32201,59.14697],[25.32114,59.14683],[25.32064,59.14687],[25.31892,59.14683],[25.31828,59.14678],[25.31789,59.14665],[25.317,59.14667],[25.31618,59.1475],[25.31615,59.14821],[25.31584,59.14854],[25.31576,59.1488],[25.3151,59.14885],[25.31455,59.14876],[25.31446,59.14842],[25.31471,59.14808],[25.31464,59.14797],[25.31365,59.14765],[25.31331,59.14766],[25.31247,59.14803],[25.31233,59.14854],[25.31183,59.14888],[25.31053,59.14887],[25.30976,59.14904],[25.30964,59.14921],[25.31001,59.14961],[25.30994,59.14989],[25.30969,59.15002],[25.30894,59.15016],[25.30826,59.15047],[25.30813,59.15096],[25.3085,59.15176],[25.30799,59.15266],[25.30769,59.15364],[25.30785,59.15383],[25.30839,59.1541],[25.30942,59.15427],[25.31013,59.15454],[25.31084,59.15464],[25.31088,59.1549],[25.31072,59.15521],[25.31141,59.15536],[25.31176,59.15556],[25.31166,59.15587],[25.31123,59.15605],[25.31017,59.15606],[25.30956,59.15626],[25.30965,59.15663],[25.30936,59.15692],[25.3085,59.15701],[25.3083,59.15716],[25.30826,59.15742],[25.30794,59.15769],[25.30786,59.15836],[25.30761,59.15849],[25.3068,59.15864],[25.30662,59.15895],[25.30682,59.15924],[25.30673,59.15976],[25.30646,59.16019],[25.30589,59.16065],[25.30556,59.16076],[25.30498,59.16066],[25.30464,59.16042],[25.30428,59.16046],[25.30422,59.16097],[25.3038,59.16109],[25.30334,59.1611],[25.30266,59.16128],[25.30261,59.16147],[25.30325,59.16172],[25.30303,59.16197],[25.30264,59.16202],[25.30104,59.16192],[25.29861,59.16142],[25.29804,59.16152],[25.29744,59.16181],[25.29656,59.162],[25.29567,59.16202],[25.29538,59.16213],[25.29533,59.16241],[25.2951,59.1627],[25.29475,59.16275],[25.29411,59.16265],[25.29398,59.1629],[25.29454,59.16303],[25.2951,59.16346],[25.29502,59.16376],[25.29445,59.1637],[25.29391,59.16374],[25.29379,59.16395],[25.29426,59.16447],[25.29399,59.16467],[25.29306,59.16459],[25.29271,59.16463],[25.29285,59.16514],[25.29264,59.16529],[25.29162,59.16536],[25.29206,59.1661],[25.29195,59.16638],[25.29028,59.16615],[25.29001,59.16669],[25.28959,59.16689],[25.28913,59.16691],[25.28757,59.16688],[25.28711,59.1669],[25.28692,59.16703],[25.28701,59.16734],[25.28757,59.16763],[25.28748,59.168],[25.28645,59.16822],[25.28614,59.16819],[25.28579,59.16787],[25.28538,59.16777],[25.28481,59.16795],[25.28438,59.16768],[25.28388,59.1677],[25.28358,59.16751],[25.28379,59.1673],[25.2834,59.16711],[25.28283,59.16721],[25.28266,59.16757],[25.28314,59.16775],[25.28319,59.16793],[25.28266,59.16814],[25.28268,59.16836],[25.28235,59.1685],[25.28186,59.16853],[25.28126,59.16888],[25.28044,59.16894],[25.27986,59.16875],[25.27937,59.16884],[25.27973,59.16938],[25.27933,59.16953],[25.27871,59.16953],[25.27879,59.17006],[25.27861,59.17022],[25.27779,59.1703],[25.27737,59.17071],[25.27678,59.17083],[25.27632,59.17063],[25.27623,59.17096],[25.27631,59.17132],[25.27611,59.17137],[25.2755,59.17119],[25.2748,59.17144],[25.27471,59.17181],[25.27496,59.17266],[25.27494,59.173],[25.27539,59.17329],[25.27571,59.1733],[25.27582,59.17365],[25.27554,59.17384],[25.27475,59.17387],[25.27425,59.17402],[25.27488,59.17437],[25.27486,59.1745],[25.27428,59.17467],[25.27411,59.17523],[25.27369,59.17537],[25.27325,59.17511],[25.27275,59.175],[25.27191,59.17456],[25.27158,59.1745],[25.2711,59.17463],[25.27068,59.1749],[25.27014,59.17504],[25.26951,59.1753],[25.26796,59.17577],[25.26685,59.17593],[25.26582,59.17603],[25.26509,59.17625],[25.26502,59.17646],[25.26351,59.17688],[25.2626,59.17675],[25.2626,59.17702],[25.262,59.17703],[25.26201,59.17733],[25.26265,59.17766],[25.26243,59.17785],[25.26166,59.17808],[25.26193,59.17865],[25.26177,59.17898],[25.26219,59.17885],[25.26228,59.17867],[25.26259,59.17872],[25.26305,59.17896],[25.26306,59.17921],[25.26269,59.17957],[25.26203,59.17976],[25.26279,59.18],[25.26276,59.18019],[25.26199,59.18041],[25.26129,59.18037],[25.26114,59.17995],[25.26076,59.18021],[25.26131,59.18065],[25.26126,59.18082],[25.26003,59.18101],[25.25919,59.18124],[25.25845,59.1811],[25.25811,59.18123],[25.25782,59.1811],[25.25842,59.18081],[25.25771,59.18081],[25.25732,59.18101],[25.25701,59.18105],[25.25657,59.18085],[25.25635,59.18107],[25.25685,59.18128],[25.2567,59.18156],[25.25612,59.18171],[25.25563,59.18148],[25.25475,59.18167],[25.25445,59.1814],[25.25414,59.18127],[25.25344,59.18142],[25.25289,59.18184],[25.25256,59.182],[25.25274,59.18217],[25.25225,59.18226],[25.25155,59.18187],[25.25096,59.18228],[25.25057,59.18209],[25.25015,59.18234],[25.24975,59.18228],[25.24934,59.18195],[25.24878,59.18197],[25.24836,59.18215],[25.24809,59.18239],[25.24782,59.18246],[25.24685,59.18249],[25.24655,59.18265],[25.24547,59.18304],[25.24432,59.18325],[25.24433,59.18348],[25.24391,59.18373],[25.24344,59.18419],[25.24233,59.1846],[25.24185,59.18469],[25.24133,59.18465],[25.24104,59.18435],[25.24093,59.184],[25.24069,59.1839],[25.23887,59.18437],[25.23799,59.18465],[25.23751,59.18465],[25.23714,59.18445],[25.23759,59.18413],[25.23701,59.18382],[25.2367,59.18396],[25.23623,59.18398],[25.23618,59.18353],[25.23597,59.18347],[25.23542,59.18367],[25.23542,59.18395],[25.23494,59.184],[25.23374,59.18364],[25.23328,59.18328],[25.23229,59.18329],[25.23211,59.18369],[25.23122,59.1837],[25.23066,59.18359],[25.23,59.18356],[25.2294,59.18344],[25.22776,59.18286],[25.22669,59.18241],[25.22604,59.18233],[25.22544,59.18262],[25.22497,59.18268],[25.22361,59.18254],[25.22329,59.18255],[25.22269,59.18233],[25.2227,59.18192],[25.22298,59.18095],[25.22253,59.18075],[25.22166,59.18047],[25.22141,59.18055],[25.22175,59.18097],[25.22117,59.18112],[25.21983,59.1807],[25.21901,59.18032],[25.21882,59.18002],[25.21942,59.17954],[25.21912,59.1793],[25.21866,59.17936],[25.21831,59.17959],[25.21748,59.17987],[25.21752,59.18006],[25.21783,59.18019],[25.21779,59.18042],[25.2175,59.18044],[25.21614,59.18022],[25.21557,59.17981],[25.21518,59.17966],[25.21405,59.17948],[25.21298,59.17955],[25.2125,59.17941],[25.21184,59.17908],[25.21132,59.17901],[25.21103,59.17908],[25.21035,59.17944],[25.20932,59.1797],[25.20858,59.17976],[25.20814,59.17966],[25.20788,59.17981],[25.20776,59.1802],[25.20769,59.18085],[25.20716,59.1812],[25.20674,59.18134],[25.20631,59.18131],[25.20612,59.18114],[25.20604,59.18079],[25.20543,59.18059],[25.20505,59.18058],[25.20465,59.18069],[25.20436,59.18141],[25.20368,59.18154],[25.20266,59.18134],[25.20183,59.18144],[25.20144,59.18176],[25.20151,59.18206],[25.20193,59.18229],[25.20225,59.18268],[25.202,59.18301],[25.20141,59.18315],[25.19989,59.1833],[25.19873,59.18326],[25.19749,59.1831]],[[25.30228,59.16194],[25.30298,59.16193],[25.30316,59.16174],[25.30261,59.16152],[25.30228,59.16194]]],[[[25.32488,59.13968],[25.32491,59.13837],[25.32507,59.13655],[25.32602,59.13382],[25.32619,59.13313],[25.3266,59.13203],[25.32693,59.13089],[25.32708,59.12843],[25.32707,59.12762],[25.32518,59.12609],[25.32531,59.12606],[25.32721,59.12761],[25.32722,59.12852],[25.32707,59.1309],[25.32674,59.13205],[25.3263,59.13326],[25.32604,59.13413],[25.32521,59.13655],[25.32509,59.13801],[25.32502,59.13977],[25.32513,59.13995],[25.32609,59.14081],[25.32597,59.14084],[25.325,59.13998],[25.32488,59.13968]]]]},"properties":{"fclass":"riverbank"}},
{"type":"Feature","geometry":{"type":"MultiPolygon","coordinates":[[[[25.64741,59.00211],[25.64762,59.00191],[25.64844,59.00153],[25.64844,59.00135],[25.64778,59.00102],[25.6468,59.00071],[25.64636,59.0005],[25.6461,58.99972],[25.64581,58.99947],[25.64505,58.99912],[25.64486,58.99896],[25.64488,58.99856],[25.64527,58.99871],[25.64512,58.99898],[25.64609,58.99944],[25.64636,58.99977],[25.64647,59.00032],[25.64681,59.00057],[25.64797,59.00096],[25.64859,59.0013],[25.64858,59.0016],[25.64777,59.00197],[25.6476,59.00211],[25.64741,59.00268],[25.64712,59.00306],[25.64793,59.00312],[25.64938,59.00296],[25.65005,59.00323],[25.65051,59.00358],[25.65055,59.00379],[25.65026,59.00425],[25.65023,59.00515],[25.64954,59.00554],[25.64917,59.00595],[25.64857,59.0062],[25.64798,59.00674],[25.64768,59.00745],[25.64758,59.00801],[25.64717,59.00844],[25.64728,59.00867],[25.64782,59.0088],[25.64855,59.00888],[25.64908,59.00903],[25.64942,59.0093],[25.64944,59.00968],[25.64922,59.01014],[25.64968,59.01028],[25.65,59.01048],[25.65055,59.01061],[25.65086,59.01088],[25.65068,59.01155],[25.65157,59.0119],[25.65245,59.01217],[25.65316,59.01228],[25.65402,59.0125],[25.65465,59.01247],[25.65532,59.01206],[25.65631,59.01229],[25.65654,59.01244],[25.65727,59.01253],[25.65806,59.01281],[25.65803,59.01342],[25.65746,59.01393],[25.65797,59.01449],[25.65954,59.01416],[25.6606,59.01388],[25.66092,59.01396],[25.66106,59.01423],[25.66178,59.01419],[25.66221,59.01433],[25.66239,59.0147],[25.66336,59.01489],[25.66459,59.01547],[25.66503,59.01555],[25.66643,59.01615],[25.66764,59.01618],[25.66818,59.01652],[25.66864,59.01706],[25.66875,59.01734],[25.6703,59.01829],[25.67071,59.01864],[25.67115,59.01913],[25.67165,59.01938],[25.67314,59.01947],[25.67392,59.01936],[25.67458,59.0195],[25.67574,59.01965],[25.67647,59.01967],[25.67718,59.01987],[25.67769,59.01991],[25.67841,59.01986],[25.67947,59.01991],[25.68008,59.02002],[25.681,59.02041],[25.6817,59.02085],[25.68209,59.02132],[25.68249,59.02157],[25.68278,59.02164],[25.6835,59.02162],[25.68428,59.02175],[25.68614,59.02193],[25.68734,59.02226],[25.68808,59.02241],[25.68852,59.02265],[25.68947,59.02276],[25.68978,59.02273],[25.69047,59.02236],[25.69076,59.02229],[25.6913,59.02233],[25.69222,59.02224],[25.69345,59.02219],[25.69422,59.02198],[25.69504,59.02209],[25.69587,59.02244],[25.69703,59.02219],[25.69752,59.02199],[25.6984,59.02216],[25.69831,59.02234],[25.69772,59.02218],[25.69735,59.02229],[25.69689,59.02228],[25.6964,59.02245],[25.69578,59.02252],[25.69497,59.02217],[25.69459,59.02208],[25.69408,59.0221],[25.69349,59.02227],[25.6927,59.02235],[25.69224,59.02232],[25.69151,59.02241],[25.69081,59.02236],[25.68985,59.02281],[25.68947,59.02285],[25.68842,59.02273],[25.68803,59.02251],[25.68723,59.02238],[25.68676,59.0222],[25.6851,59.02191],[25.68424,59.02184],[25.68348,59.02171],[25.68277,59.02173],[25.68236,59.02163],[25.68191,59.02133],[25.68154,59.0209],[25.68088,59.02047],[25.67998,59.0201],[25.67945,59.02],[25.67841,59.01995],[25.67771,59.02],[25.67711,59.01995],[25.67637,59.01975],[25.67596,59.01976],[25.675,59.01966],[25.67458,59.01967],[25.6741,59.01947],[25.67303,59.01956],[25.67177,59.01953],[25.67135,59.01941],[25.67106,59.01922],[25.67054,59.01868],[25.67012,59.01835],[25.6686,59.01739],[25.66842,59.01703],[25.66803,59.01657],[25.66754,59.01626],[25.66641,59.01626],[25.66493,59.01562],[25.66441,59.01552],[25.66374,59.01525],[25.66337,59.015],[25.66235,59.0148],[25.66184,59.01428],[25.66142,59.01436],[25.66099,59.01431],[25.66074,59.01401],[25.66,59.0141],[25.65938,59.01432],[25.65869,59.01442],[25.658,59.01462],[25.65736,59.01407],[25.65735,59.01382],[25.65777,59.01349],[25.65787,59.01329],[25.65785,59.01286],[25.65712,59.01259],[25.6566,59.01256],[25.6562,59.01236],[25.65547,59.01217],[25.65478,59.01256],[25.65444,59.01263],[25.65355,59.01251],[25.6531,59.01236],[25.65237,59.01226],[25.65146,59.01198],[25.65052,59.0116],[25.65068,59.0109],[25.65041,59.01067],[25.64988,59.01055],[25.64959,59.01036],[25.64914,59.01034],[25.64904,59.01012],[25.64926,59.00966],[25.64925,59.00933],[25.64896,59.0091],[25.64845,59.00895],[25.64786,59.00896],[25.64713,59.00877],[25.64685,59.00859],[25.64732,59.00809],[25.64768,59.00686],[25.64803,59.00645],[25.64845,59.00615],[25.64906,59.00587],[25.64954,59.00536],[25.65001,59.00511],[25.65007,59.00419],[25.65037,59.00378],[25.65032,59.00362],[25.64967,59.00317],[25.64928,59.00306],[25.64759,59.00332],[25.64706,59.00321],[25.64741,59.00211]]],[[[25.63731,58.96542],[25.63744,58.96562],[25.63695,58.96584],[25.63678,58.9664],[25.63708,58.96669],[25.63729,58.96704],[25.63724,58.96719],[25.63647,58.96765],[25.63606,58.96821],[25.63621,58.96848],[25.63606,58.96872],[25.63609,58.96912],[25.63586,58.96944],[25.63569,58.97006],[25.63542,58.97015],[25.63527,58.97042],[25.63552,58.97085],[25.63557,58.97132],[25.63538,58.97169],[25.63515,58.97163],[25.63537,58.97134],[25.63454,58.9711],[25.6335,58.97104],[25.63328,58.9714],[25.63294,58.97114],[25.63336,58.97093],[25.63373,58.97087],[25.63447,58.97089],[25.63529,58.9708],[25.63512,58.97032],[25.63561,58.96997],[25.63569,58.96941],[25.63591,58.9691],[25.63588,58.9687],[25.63603,58.96846],[25.63587,58.96822],[25.63617,58.96765],[25.63657,58.96747],[25.63711,58.96706],[25.6369,58.9667],[25.63664,58.96649],[25.6366,58.9662],[25.63679,58.96579],[25.63732,58.96553],[25.63731,58.96542]]],[[[25.63087,58.97821],[25.63103,58.97792],[25.63212,58.97676],[25.6321,58.9771],[25.63183,58.97726],[25.63116,58.97794],[25.63111,58.97845],[25.63166,58.9788],[25.63184,58.97904],[25.63182,58.97915],[25.6314,58.97967],[25.63194,58.9809],[25.63197,58.98124],[25.63179,58.98145],[25.63164,58.98224],[25.63142,58.98271],[25.63154,58.98383],[25.63123,58.98378],[25.63132,58.98353],[25.63133,58.98298],[25.63124,58.98266],[25.6315,58.98223],[25.63157,58.98157],[25.6318,58.98126],[25.6318,58.98092],[25.63166,58.9807],[25.63132,58.97974],[25.63175,58.97914],[25.63175,58.979],[25.63097,58.9785],[25.63087,58.97821]]]]},"properties":{"fclass":"riverbank"}},
{"type":"Feature","geometry":{"type":"MultiPolygon","coordinates":[[[[26.02068,59.25465],[26.02052,59.25507],[26.01986,59.25545],[26.0176,59.25579],[26.01701,59.25596],[26.0166,59.25594],[26.0152,59.25609],[26.01457,59.256],[26.01402,59.25582],[26.01374,59.25584],[26.01354,59.25608],[26.01307,59.25631],[26.01262,59.25637],[26.01173,59.25679],[26.01116,59.25696],[26.01042,59.25709],[26.01046,59.25729],[26.00993,59.25755],[26.00947,59.2576],[26.00881,59.25742],[26.00765,59.25761],[26.00744,59.25775],[26.00715,59.25819],[26.0071,59.25859],[26.0066,59.25881],[26.00577,59.25906],[26.00402,59.25993],[26.00351,59.2603],[26.00333,59.26054],[26.00286,59.26073],[26.00239,59.26067],[26.00215,59.26087],[26.00265,59.26129],[26.00256,59.26158],[26.00325,59.26149],[26.00363,59.26169],[26.00411,59.26163],[26.0049,59.26192],[26.00448,59.262],[26.00397,59.26183],[26.00258,59.26184],[26.00219,59.26189],[26.00195,59.26225],[26.00164,59.26245],[26.0011,59.26243],[26.00042,59.26269],[26.00002,59.26295],[26.00017,59.26315],[25.99959,59.26327],[25.99928,59.2632],[25.9989,59.26292],[25.99857,59.26282],[25.99812,59.26298],[25.99851,59.26335],[25.99808,59.26373],[25.9981,59.26395],[25.99838,59.26421],[25.99807,59.2648],[25.99768,59.26535],[25.99693,59.26573],[25.99629,59.26574],[25.99449,59.26555],[25.99402,59.26561],[25.99339,59.26629],[25.993,59.26713],[25.99295,59.26754],[25.99251,59.2677],[25.99202,59.26768],[25.99129,59.26748],[25.9902,59.26705],[25.98979,59.26703],[25.98946,59.26746],[25.98896,59.26786],[25.98839,59.26796],[25.98779,59.26782],[25.98681,59.26806],[25.98578,59.26815],[25.98535,59.26803],[25.98504,59.26782],[25.98426,59.26796],[25.98415,59.26812],[25.98352,59.26792],[25.98321,59.26795],[25.98224,59.26864],[25.98127,59.26895],[25.98063,59.26893],[25.9805,59.26952],[25.98014,59.26941],[25.98048,59.26899],[25.97996,59.26881],[25.97908,59.26901],[25.97883,59.26926],[25.9783,59.26952],[25.97772,59.26969],[25.97679,59.26984],[25.97635,59.2698],[25.97571,59.27006],[25.97506,59.27017],[25.97424,59.27042],[25.97322,59.2709],[25.97269,59.27087],[25.97178,59.271],[25.97081,59.27154],[25.97049,59.27197],[25.97004,59.27199],[25.96949,59.27183],[25.96924,59.27189],[25.96866,59.27256],[25.96801,59.27259],[25.96727,59.27253],[25.96606,59.27304],[25.96593,59.27321],[25.96515,59.27345],[25.96466,59.27376],[25.96516,59.27385],[25.96625,59.27368],[25.96739,59.27313],[25.96747,59.2732],[25.96624,59.27375],[25.96564,59.2739],[25.96514,59.27394],[25.96435,59.27382],[25.96397,59.27405],[25.96336,59.27428],[25.9622,59.27485],[25.9614,59.27517],[25.96134,59.27531],[25.96158,59.27558],[25.96156,59.27578],[25.96046,59.276],[25.95889,59.27657],[25.95849,59.27699],[25.95608,59.27742],[25.95537,59.2779],[25.95515,59.27832],[25.95519,59.27864],[25.95436,59.27908],[25.95383,59.27919],[25.95329,59.2794],[25.95225,59.27951],[25.9515,59.27968],[25.95148,59.28005],[25.95121,59.2804],[25.95157,59.28123],[25.95148,59.28137],[25.94983,59.2819],[25.94962,59.28209],[25.94996,59.28253],[25.9496,59.28284],[25.94818,59.28327],[25.94795,59.2839],[25.94771,59.28412],[25.94764,59.28442],[25.9473,59.28481],[25.94712,59.2853],[25.94667,59.28584],[25.94651,59.28614],[25.9458,59.28631],[25.94494,59.28664],[25.94494,59.28749],[25.9453,59.28792],[25.9454,59.28823],[25.94513,59.28853],[25.94409,59.28903],[25.94361,59.2892],[25.94303,59.2893],[25.9422,59.28994],[25.94216,59.29007],[25.94149,59.29051],[25.94105,59.29073],[25.94092,59.29094],[25.94099,59.29118],[25.94078,59.29132],[25.93982,59.2914],[25.93837,59.29147],[25.93722,59.29144],[25.93604,59.29147],[25.93552,59.2916],[25.93513,59.29205],[25.9338,59.29232],[25.93262,59.29227],[25.93199,59.29216],[25.93171,59.29196],[25.93091,59.29182],[25.93043,59.2918],[25.92948,59.29219],[25.92874,59.29222],[25.92819,59.29242],[25.92715,59.29239],[25.92682,59.29257],[25.9263,59.29268],[25.9254,59.29263],[25.92523,59.29286],[25.92382,59.29291],[25.9235,59.29323],[25.92364,59.29351],[25.92326,59.29394],[25.92348,59.29428],[25.92328,59.2945],[25.92197,59.29498],[25.92137,59.29515],[25.92089,59.29575],[25.92076,59.29605],[25.92012,59.29645],[25.91988,59.2968],[25.91942,59.29688],[25.91874,59.29666],[25.91846,59.29691],[25.91821,59.29742],[25.91822,59.29774],[25.91659,59.29889],[25.91652,59.29918],[25.91624,59.29949],[25.9158,59.29955],[25.91493,59.29939],[25.91447,59.29943],[25.91421,59.29969],[25.91394,59.29977],[25.91365,59.30004],[25.91246,59.30005],[25.91154,59.30039],[25.91158,59.30064],[25.91203,59.301],[25.91147,59.30154],[25.91141,59.30177],[25.91014,59.30185],[25.90985,59.3019],[25.90953,59.30219],[25.90867,59.30256],[25.90826,59.30263],[25.90742,59.30235],[25.90657,59.30225],[25.90655,59.30235],[25.90698,59.30285],[25.907,59.30306],[25.90625,59.30332],[25.90568,59.30333],[25.90483,59.30349],[25.90466,59.30358],[25.90457,59.30414],[25.90436,59.30431],[25.9037,59.30419],[25.90324,59.30423],[25.9033,59.30443],[25.90364,59.30478],[25.90378,59.30512],[25.90323,59.30537],[25.90251,59.30546],[25.9015,59.30551],[25.90062,59.30509],[25.90069,59.30468],[25.89979,59.30466],[25.89998,59.30491],[25.89962,59.30512],[25.89956,59.30553],[25.8994,59.30579],[25.89799,59.30571],[25.89849,59.30613],[25.89849,59.30647],[25.89801,59.30665],[25.8973,59.30665],[25.8968,59.30652],[25.89659,59.30686],[25.89651,59.30736],[25.8959,59.3076],[25.8955,59.30785],[25.89473,59.30789],[25.894,59.30856],[25.89332,59.3084],[25.8929,59.30878],[25.89301,59.30914],[25.89284,59.30931],[25.89242,59.30941],[25.89193,59.30941],[25.89167,59.30955],[25.89162,59.30979],[25.89125,59.30999],[25.89075,59.30997],[25.89038,59.31013],[25.89035,59.3105],[25.88957,59.31088],[25.88996,59.31119],[25.88985,59.31165],[25.89022,59.31189],[25.89018,59.31214],[25.88948,59.31227],[25.88974,59.31255],[25.8897,59.31276],[25.8893,59.31283],[25.88835,59.31274],[25.8881,59.31291],[25.88796,59.31332],[25.88831,59.3137],[25.88775,59.31372],[25.88685,59.31363],[25.88604,59.31376],[25.88597,59.31401],[25.88683,59.31411],[25.88723,59.31447],[25.88725,59.31463],[25.88672,59.31478],[25.88593,59.31473],[25.88587,59.31486],[25.88628,59.31523],[25.88692,59.31518],[25.8869,59.3157],[25.88731,59.31594],[25.88712,59.31632],[25.88708,59.31697],[25.88747,59.31722],[25.88735,59.31747],[25.88688,59.31753],[25.88584,59.31754],[25.88521,59.31775],[25.88387,59.31773],[25.88297,59.31789],[25.88235,59.31806],[25.88195,59.31794],[25.88019,59.3179],[25.87952,59.31785],[25.87901,59.31791],[25.87798,59.31792],[25.87734,59.31808],[25.87554,59.31821],[25.87489,59.31829],[25.87471,59.31841],[25.87471,59.3187],[25.87433,59.31909],[25.87396,59.31926],[25.87302,59.31941],[25.87242,59.31936],[25.87233,59.31961],[25.8716,59.31963],[25.87086,59.31974],[25.87034,59.32004],[25.87047,59.32043],[25.86957,59.32078],[25.86898,59.3208],[25.86865,59.32091],[25.86748,59.32103],[25.86688,59.32123],[25.8668,59.32151],[25.8666,59.32164],[25.86576,59.32149],[25.86519,59.32165],[25.86519,59.322],[25.86484,59.32234],[25.864,59.32273],[25.86303,59.32301],[25.86247,59.323],[25.86212,59.32312],[25.86183,59.32355],[25.86037,59.32404],[25.85966,59.32451],[25.85989,59.32496],[25.85965,59.32506],[25.85909,59.32504],[25.85801,59.3247],[25.85777,59.32504],[25.85834,59.32513],[25.85843,59.32538],[25.85805,59.32577],[25.85743,59.32591],[25.85634,59.32552],[25.85577,59.32546],[25.85533,59.32556],[25.85473,59.32586],[25.8544,59.3258],[25.85405,59.32541],[25.85331,59.32517],[25.85263,59.32544],[25.85202,59.32578],[25.85133,59.32589],[25.85095,59.32602],[25.85048,59.32637],[25.84985,59.3274],[25.84905,59.32777],[25.84927,59.3285],[25.84917,59.32892],[25.84927,59.32909],[25.85028,59.32939],[25.85011,59.33004],[25.8498,59.33022],[25.84936,59.33071],[25.84944,59.33145],[25.84895,59.33164],[25.84901,59.33186],[25.84945,59.33196],[25.84977,59.33267],[25.84966,59.33293],[25.84905,59.33314],[25.84943,59.33335],[25.84951,59.33358],[25.84943,59.33396],[25.84902,59.33429],[25.84874,59.33485],[25.84828,59.33518],[25.84882,59.33535],[25.84877,59.33561],[25.84825,59.33571],[25.84768,59.33573],[25.84778,59.33605],[25.8477,59.33624],[25.8465,59.33644],[25.84619,59.33664],[25.84561,59.33675],[25.8456,59.33707],[25.84588,59.33718],[25.84579,59.33761],[25.84561,59.33781],[25.8451,59.33771],[25.84496,59.33796],[25.84565,59.33809],[25.8462,59.33827],[25.84571,59.33845],[25.84539,59.33873],[25.84544,59.33911],[25.84596,59.33967],[25.84582,59.33986],[25.84538,59.34013],[25.84457,59.34026],[25.84476,59.34055],[25.8438,59.34098],[25.84356,59.34095],[25.84354,59.34058],[25.84318,59.34042],[25.84222,59.34071],[25.84227,59.34122],[25.84264,59.34137],[25.8427,59.34155],[25.84236,59.34186],[25.84245,59.34211],[25.84288,59.34224],[25.84326,59.34263],[25.84362,59.34332],[25.8437,59.34377],[25.84346,59.34416],[25.84296,59.34428],[25.84267,59.34407],[25.84146,59.34386],[25.84022,59.34395],[25.8398,59.34406],[25.83979,59.34425],[25.83923,59.34455],[25.83862,59.34497],[25.83846,59.34533],[25.83756,59.34576],[25.83655,59.34589],[25.83598,59.34574],[25.83543,59.34592],[25.83527,59.34614],[25.83454,59.34662],[25.83392,59.3465],[25.8337,59.34629],[25.83317,59.34626],[25.83187,59.34569],[25.83078,59.3456],[25.83028,59.3455],[25.83038,59.34492],[25.83028,59.34472],[25.83071,59.34447],[25.83073,59.34421],[25.83051,59.34398],[25.8286,59.34344],[25.82807,59.34348],[25.82703,59.34289],[25.82696,59.34276],[25.82639,59.34236],[25.82569,59.34225],[25.82523,59.34231],[25.82525,59.34273],[25.82459,59.34279],[25.82391,59.34255],[25.82366,59.34254],[25.82259,59.34323],[25.82234,59.3433],[25.82169,59.34375],[25.82117,59.34381],[25.8205,59.3438],[25.82004,59.34419],[25.8197,59.34476],[25.8199,59.34509],[25.82011,59.34522],[25.82016,59.34566],[25.81969,59.34578],[25.81916,59.34561],[25.8189,59.34567],[25.81914,59.346],[25.81957,59.34627],[25.81944,59.34673],[25.8191,59.34701],[25.81941,59.34707],[25.82003,59.34682],[25.82051,59.34694],[25.8205,59.34724],[25.82098,59.34726],[25.82136,59.34705],[25.82217,59.34703],[25.82351,59.34714],[25.82369,59.34727],[25.82357,59.34763],[25.82329,59.34792],[25.82377,59.34798],[25.82364,59.34828],[25.82312,59.34852],[25.82395,59.34885],[25.82375,59.34915],[25.82337,59.34923],[25.82253,59.34924],[25.82229,59.34934],[25.82246,59.34958],[25.82275,59.3497],[25.82363,59.34972],[25.82406,59.3499],[25.82407,59.35011],[25.82377,59.3504],[25.82321,59.35043],[25.82265,59.35033],[25.82248,59.35048],[25.82281,59.35103],[25.82234,59.3516],[25.82156,59.35148],[25.82147,59.35162],[25.8216,59.35218],[25.82119,59.35235],[25.82091,59.35266],[25.8197,59.35272],[25.81947,59.35303],[25.8189,59.35311],[25.8184,59.35287],[25.81843,59.35262],[25.81711,59.35264],[25.81672,59.35241],[25.81634,59.35238],[25.8158,59.3526],[25.81542,59.35285],[25.815,59.35283],[25.81468,59.3526],[25.81297,59.35247],[25.81263,59.35238],[25.81233,59.35204],[25.81255,59.35179],[25.81223,59.35167],[25.81174,59.35188],[25.81134,59.3527],[25.81065,59.35274],[25.81008,59.35257],[25.80947,59.35258],[25.80915,59.35271],[25.80877,59.35262],[25.80852,59.35277],[25.8082,59.35271],[25.80795,59.35243],[25.8076,59.35279],[25.8071,59.35263],[25.80629,59.35248],[25.80584,59.35256],[25.80494,59.35289],[25.80351,59.35276],[25.80308,59.35294],[25.80297,59.35332],[25.80339,59.35374],[25.80341,59.35389],[25.80385,59.35424],[25.80331,59.35447],[25.80267,59.35442],[25.8023,59.35415],[25.80205,59.35413],[25.80097,59.3544],[25.80114,59.35482],[25.80092,59.35502],[25.80008,59.35518],[25.79867,59.35521],[25.79817,59.3553],[25.79803,59.35588],[25.79891,59.35647],[25.79964,59.35669],[25.79971,59.35695],[25.79949,59.35713],[25.79894,59.35719],[25.7986,59.35695],[25.7982,59.35706],[25.79745,59.3574],[25.79755,59.35762],[25.79689,59.35765],[25.7967,59.3573],[25.79696,59.35689],[25.7962,59.35685],[25.79588,59.35698],[25.79597,59.35722],[25.79587,59.35754],[25.79592,59.35789],[25.79566,59.35798],[25.79462,59.35777],[25.79466,59.35818],[25.79453,59.35834],[25.79339,59.35848],[25.79351,59.35877],[25.79376,59.359],[25.79311,59.35904],[25.79227,59.35927],[25.79237,59.35971],[25.79228,59.36018],[25.79291,59.36075],[25.7926,59.36098],[25.79188,59.36093],[25.79152,59.36104],[25.79128,59.36135],[25.79134,59.36172],[25.79089,59.36202],[25.79035,59.3621],[25.78961,59.36235],[25.78893,59.36278],[25.78893,59.3632],[25.78918,59.36343],[25.78901,59.36387],[25.78862,59.36404],[25.78822,59.36404],[25.78756,59.36376],[25.78705,59.36385],[25.7869,59.36408],[25.78737,59.36456],[25.78741,59.36485],[25.78821,59.36492],[25.78842,59.36517],[25.78799,59.36578],[25.78721,59.36585],[25.78654,59.36562],[25.78628,59.36563],[25.78586,59.36604],[25.78617,59.36627],[25.78589,59.3669],[25.78527,59.36719],[25.78525,59.36752],[25.78483,59.36802],[25.78462,59.36837],[25.78508,59.36847],[25.78498,59.3688],[25.78423,59.36921],[25.78414,59.36936],[25.7836,59.3695],[25.78293,59.36922],[25.78225,59.36905],[25.78189,59.36917],[25.78236,59.36947],[25.78234,59.36974],[25.7819,59.36982],[25.78231,59.37016],[25.78222,59.37035],[25.78146,59.37058],[25.78167,59.37079],[25.78178,59.37128],[25.7805,59.37199],[25.78059,59.37231],[25.78035,59.37284],[25.78054,59.37311],[25.78096,59.37329],[25.78112,59.37369],[25.78087,59.37375],[25.78009,59.37365],[25.77965,59.37365],[25.77976,59.37393],[25.77961,59.37413],[25.77902,59.37431],[25.77822,59.37425],[25.77779,59.37431],[25.7775,59.37449],[25.77655,59.37436],[25.77588,59.37453],[25.77602,59.37489],[25.77504,59.37528],[25.77445,59.37525],[25.7736,59.37508],[25.77336,59.37543],[25.77296,59.37562],[25.77317,59.37579],[25.77273,59.37593],[25.77221,59.37598],[25.77154,59.37587],[25.77088,59.37586],[25.77066,59.37569],[25.77017,59.37554],[25.76983,59.37581],[25.77023,59.37595],[25.77001,59.37655],[25.7695,59.37664],[25.76872,59.37645],[25.76841,59.37664],[25.76824,59.37701],[25.76769,59.377],[25.76712,59.37716],[25.76698,59.37738],[25.76728,59.37751],[25.76711,59.37777],[25.76674,59.37775],[25.76538,59.37815],[25.76512,59.37847],[25.76427,59.37847],[25.76367,59.37866],[25.76303,59.37875],[25.76288,59.37899],[25.7625,59.37907],[25.76169,59.37883],[25.76139,59.37902],[25.76148,59.3793],[25.76128,59.37967],[25.76036,59.38013],[25.76018,59.38037],[25.76041,59.38053],[25.76078,59.38113],[25.76138,59.38108],[25.76188,59.3813],[25.76151,59.38174],[25.76167,59.38186],[25.76152,59.38227],[25.76065,59.38251],[25.76103,59.38289],[25.76088,59.38311],[25.76016,59.38331],[25.75952,59.3834],[25.75896,59.38334],[25.75854,59.38359],[25.75864,59.3839],[25.75891,59.38401],[25.7591,59.38432],[25.75867,59.38455],[25.75796,59.38478],[25.75758,59.38504],[25.75751,59.38526],[25.75801,59.38539],[25.75824,59.3856],[25.75812,59.38585],[25.75704,59.38594],[25.75665,59.38617],[25.7562,59.38618],[25.75571,59.38609],[25.75532,59.38638],[25.75487,59.38645],[25.75458,59.38715],[25.75388,59.38707],[25.75351,59.38734],[25.75347,59.3876],[25.75366,59.38822],[25.75271,59.38838],[25.75229,59.38815],[25.75236,59.38861],[25.75173,59.38888],[25.75086,59.38897],[25.75051,59.38887],[25.74994,59.38889],[25.75,59.38921],[25.75049,59.38933],[25.75035,59.38958],[25.74949,59.38985],[25.74901,59.39007],[25.74868,59.39008],[25.74846,59.39039],[25.74814,59.39058],[25.74756,59.39054],[25.74736,59.39028],[25.74667,59.39051],[25.7455,59.39067],[25.74543,59.39106],[25.74517,59.39119],[25.74422,59.39118],[25.74409,59.39159],[25.74437,59.39188],[25.74435,59.3921],[25.74388,59.3924],[25.74418,59.39278],[25.74406,59.39304],[25.74344,59.39334],[25.74283,59.39398],[25.74242,59.39397],[25.74217,59.39416],[25.74203,59.39448],[25.74142,59.39469],[25.74131,59.395],[25.74184,59.39509],[25.74172,59.39582],[25.74152,59.39618],[25.74231,59.39668],[25.74162,59.39669],[25.74134,59.39693],[25.74137,59.39715],[25.74164,59.39733],[25.74144,59.39755],[25.74157,59.39799],[25.74234,59.39839],[25.74239,59.39856],[25.74199,59.39882],[25.74141,59.39888],[25.74134,59.39907],[25.74218,59.39948],[25.74251,59.39984],[25.74247,59.40028],[25.74266,59.40067],[25.74225,59.40106],[25.74221,59.40161],[25.74192,59.402],[25.74242,59.40233],[25.7429,59.40249],[25.74264,59.40294],[25.74216,59.40319],[25.74273,59.40324],[25.74293,59.40345],[25.74256,59.40376],[25.74242,59.40409],[25.74303,59.4041],[25.74335,59.40434],[25.74337,59.40451],[25.74285,59.40506],[25.74279,59.40525],[25.74319,59.40568],[25.7432,59.40587],[25.74294,59.4061],[25.7435,59.40637],[25.74382,59.4064],[25.7441,59.40605],[25.74466,59.40604],[25.74512,59.40641],[25.74522,59.40694],[25.74473,59.40732],[25.74414,59.40718],[25.74388,59.40734],[25.74497,59.40757],[25.74546,59.40802],[25.74545,59.40821],[25.74517,59.40845],[25.74502,59.4088],[25.74507,59.40901],[25.74539,59.40919],[25.74573,59.40975],[25.74527,59.41052],[25.7453,59.4109],[25.74621,59.4113],[25.74616,59.41176],[25.74572,59.41199],[25.74497,59.4121],[25.7443,59.41241],[25.74448,59.4126],[25.74488,59.41259],[25.74634,59.41297],[25.74614,59.41346],[25.74506,59.41366],[25.74454,59.41394],[25.7446,59.41411],[25.74573,59.41409],[25.74596,59.41427],[25.74575,59.41498],[25.7455,59.41525],[25.74505,59.4154],[25.74436,59.41535],[25.74413,59.41562],[25.74476,59.41585],[25.74501,59.41562],[25.74535,59.4157],[25.74562,59.41602],[25.74611,59.41579],[25.74674,59.41566],[25.7472,59.41584],[25.74722,59.41602],[25.7469,59.41617],[25.74665,59.41673],[25.74667,59.41699],[25.74801,59.41723],[25.74821,59.41734],[25.74747,59.41823],[25.74689,59.41853],[25.74741,59.41893],[25.74798,59.41973],[25.74773,59.4199],[25.74815,59.42022],[25.74887,59.42041],[25.74945,59.42076],[25.74985,59.42089],[25.74993,59.42147],[25.74981,59.42169],[25.75041,59.42189],[25.75051,59.42205],[25.75035,59.42239],[25.74993,59.42264],[25.75025,59.42297],[25.75109,59.4231],[25.75152,59.42341],[25.75271,59.42382],[25.75294,59.42402],[25.75406,59.42412],[25.7544,59.42435],[25.7545,59.42463],[25.75436,59.42477],[25.75333,59.42506],[25.75358,59.42517],[25.75469,59.42539],[25.75532,59.42589],[25.75532,59.42604],[25.75475,59.42645],[25.75475,59.42671],[25.7545,59.42685],[25.75461,59.4272],[25.75495,59.42731],[25.7556,59.42732],[25.75622,59.42718],[25.7569,59.42732],[25.75765,59.42792],[25.75782,59.42814],[25.7585,59.42855],[25.75904,59.42872],[25.75944,59.42875],[25.7595,59.42923],[25.75988,59.42965],[25.76035,59.42993],[25.76198,59.43031],[25.76317,59.43048],[25.76324,59.43064],[25.7628,59.43083],[25.76223,59.43086],[25.76119,59.431],[25.76038,59.43093],[25.7603,59.43112],[25.76109,59.43125],[25.7615,59.43121],[25.76194,59.43103],[25.76254,59.43112],[25.76286,59.43166],[25.7628,59.43183],[25.76246,59.43198],[25.76162,59.43202],[25.76103,59.43233],[25.76115,59.43249],[25.76064,59.43278],[25.76084,59.43347],[25.76085,59.43381],[25.76058,59.43404],[25.76007,59.43409],[25.75942,59.43394],[25.75882,59.43404],[25.75852,59.4339],[25.75818,59.43401],[25.75833,59.43448],[25.75942,59.43488],[25.75932,59.4352],[25.75951,59.43535],[25.76032,59.43536],[25.75923,59.43578],[25.75912,59.43612],[25.76043,59.43704],[25.7604,59.4373],[25.76007,59.43755],[25.75975,59.43757],[25.75901,59.43741],[25.75833,59.43748],[25.75811,59.43791],[25.75775,59.43837],[25.75778,59.43862],[25.75827,59.439],[25.75829,59.43938],[25.75898,59.43994],[25.75946,59.44024],[25.76034,59.44061],[25.76116,59.44102],[25.76231,59.44135],[25.76374,59.44155],[25.76398,59.44187],[25.76347,59.4421],[25.76296,59.44212],[25.76216,59.44196],[25.76168,59.44217],[25.76094,59.44222],[25.76105,59.44246],[25.7615,59.44253],[25.76147,59.44279],[25.761,59.44291],[25.75996,59.44299],[25.76046,59.44352],[25.76031,59.44393],[25.75974,59.44425],[25.75974,59.44466],[25.76002,59.44513],[25.76029,59.44535],[25.7602,59.44561],[25.75963,59.44585],[25.75981,59.44594],[25.76038,59.44576],[25.76091,59.44576],[25.7613,59.44592],[25.7617,59.44569],[25.76149,59.44528],[25.76186,59.44504],[25.76246,59.44513],[25.76316,59.44568],[25.76338,59.44609],[25.76322,59.44669],[25.76357,59.4469],[25.76426,59.44696],[25.76496,59.44693],[25.76539,59.44797],[25.76575,59.44793],[25.76593,59.44752],[25.76627,59.44734],[25.76657,59.44747],[25.7666,59.44803],[25.76674,59.44832],[25.76751,59.44904],[25.76862,59.44924],[25.76967,59.44982],[25.77056,59.45],[25.77098,59.45016],[25.77095,59.4504],[25.77069,59.45049],[25.76972,59.45049],[25.769,59.45056],[25.76881,59.45068],[25.76895,59.45092],[25.76946,59.45101],[25.77045,59.45066],[25.77101,59.45065],[25.77133,59.45079],[25.77133,59.45112],[25.77098,59.45141],[25.77081,59.45171],[25.77015,59.45169],[25.77028,59.45199],[25.77104,59.4522],[25.77158,59.45219],[25.7719,59.45163],[25.77246,59.45187],[25.77238,59.45227],[25.77198,59.45274],[25.77164,59.45301],[25.77181,59.45314],[25.77289,59.45319],[25.77353,59.45335],[25.7742,59.45364],[25.77455,59.45397],[25.7754,59.45429],[25.77541,59.45452],[25.77492,59.45477],[25.77439,59.45483],[25.7737,59.45504],[25.77275,59.45524],[25.77229,59.45546],[25.77227,59.45616],[25.77154,59.45658],[25.77096,59.45684],[25.77096,59.45707],[25.77129,59.45729],[25.77199,59.45747],[25.7722,59.45767],[25.7721,59.45797],[25.77169,59.4582],[25.77124,59.45835],[25.77098,59.45854],[25.77065,59.45858],[25.76985,59.45899],[25.76885,59.4591],[25.76835,59.45934],[25.76843,59.45961],[25.76901,59.46003],[25.76913,59.46025],[25.76955,59.46038],[25.77103,59.46051],[25.77162,59.46067],[25.77172,59.46096],[25.7715,59.46159],[25.77173,59.46217],[25.77259,59.46279],[25.7725,59.46316],[25.7722,59.46347],[25.77257,59.46366],[25.77487,59.46364],[25.77535,59.46357],[25.77619,59.46324],[25.77706,59.46242],[25.77741,59.46226],[25.77803,59.46217],[25.77831,59.46224],[25.77903,59.46291],[25.77959,59.4631],[25.78037,59.46297],[25.7819,59.4625],[25.78276,59.46252],[25.78323,59.46265],[25.78397,59.46304],[25.78463,59.4633],[25.78515,59.46341],[25.78601,59.46337],[25.78634,59.46341],[25.78708,59.46372],[25.78747,59.46412],[25.78819,59.46467],[25.78836,59.46504],[25.78831,59.46525],[25.78798,59.46556],[25.78751,59.46579],[25.78724,59.46602],[25.78658,59.46629],[25.78643,59.4667],[25.78671,59.46698],[25.78702,59.46697],[25.78748,59.46725],[25.78827,59.46751],[25.78836,59.46766],[25.78899,59.46766],[25.78949,59.46757],[25.79017,59.46759],[25.79059,59.46747],[25.79114,59.4677],[25.79123,59.46794],[25.7911,59.4682],[25.79112,59.46891],[25.79157,59.46918],[25.7919,59.46903],[25.79259,59.46915],[25.79341,59.46943],[25.79421,59.46984],[25.79404,59.46993],[25.79329,59.46948],[25.79251,59.46922],[25.7919,59.46911],[25.79148,59.46924],[25.79105,59.46899],[25.79085,59.46924],[25.79161,59.46953],[25.79134,59.46961],[25.79097,59.46948],[25.79019,59.46898],[25.79005,59.4687],[25.79029,59.46857],[25.79028,59.46798],[25.78996,59.46773],[25.78928,59.46773],[25.78816,59.4678],[25.78717,59.46767],[25.7865,59.46726],[25.78611,59.46666],[25.78625,59.46632],[25.78699,59.46579],[25.78726,59.46575],[25.78757,59.46541],[25.78794,59.4652],[25.7878,59.46472],[25.78734,59.46445],[25.78697,59.46393],[25.78655,59.46367],[25.78508,59.46356],[25.78467,59.4635],[25.78345,59.46303],[25.78324,59.46287],[25.78259,59.46267],[25.78207,59.46268],[25.78013,59.46319],[25.77974,59.46325],[25.77919,59.46321],[25.77878,59.46296],[25.7783,59.46247],[25.7779,59.46236],[25.77725,59.46257],[25.77657,59.46323],[25.77601,59.46351],[25.77511,59.46375],[25.77384,59.46382],[25.77225,59.46378],[25.77186,59.46364],[25.77188,59.46342],[25.77224,59.46293],[25.77214,59.46267],[25.77147,59.46228],[25.77129,59.46166],[25.77127,59.46128],[25.77141,59.46079],[25.77107,59.46063],[25.76997,59.46055],[25.76927,59.46046],[25.76887,59.46027],[25.76874,59.46002],[25.76821,59.45962],[25.76821,59.45926],[25.76873,59.459],[25.76965,59.45894],[25.77015,59.45863],[25.77173,59.45802],[25.772,59.45772],[25.7716,59.45746],[25.77107,59.45732],[25.77074,59.45714],[25.77086,59.45674],[25.77134,59.45652],[25.77207,59.45608],[25.77211,59.45541],[25.77224,59.4553],[25.77394,59.45477],[25.77435,59.45478],[25.77493,59.45468],[25.77518,59.45451],[25.77504,59.45428],[25.77448,59.4541],[25.77403,59.45373],[25.77356,59.45347],[25.77307,59.45335],[25.77144,59.45313],[25.77143,59.45301],[25.77181,59.45275],[25.77224,59.45218],[25.7718,59.45211],[25.77151,59.45235],[25.77113,59.45234],[25.77018,59.45206],[25.76997,59.45172],[25.77009,59.45148],[25.77048,59.45145],[25.77073,59.45157],[25.77122,59.45102],[25.77115,59.45084],[25.77052,59.45072],[25.76966,59.45104],[25.76887,59.45097],[25.76864,59.45076],[25.76893,59.45042],[25.76998,59.45038],[25.77066,59.45043],[25.77067,59.45019],[25.77029,59.45015],[25.7696,59.44995],[25.76878,59.44948],[25.76827,59.44939],[25.76806,59.44922],[25.76725,59.44908],[25.7665,59.4483],[25.76637,59.44802],[25.76639,59.44749],[25.76613,59.44753],[25.76597,59.44793],[25.76572,59.44809],[25.76525,59.448],[25.76497,59.44743],[25.76499,59.44719],[25.76472,59.44698],[25.7641,59.44706],[25.76352,59.447],[25.76314,59.44685],[25.76307,59.44665],[25.76317,59.44599],[25.76297,59.44574],[25.76235,59.44518],[25.7619,59.44511],[25.76165,59.44532],[25.76186,59.44573],[25.76168,59.4459],[25.76118,59.44602],[25.76079,59.44584],[25.76036,59.44585],[25.75965,59.44606],[25.75939,59.44584],[25.76005,59.44551],[25.75994,59.44521],[25.75952,59.44462],[25.75954,59.44393],[25.76001,59.44396],[25.76028,59.44371],[25.75977,59.44301],[25.76007,59.44276],[25.76066,59.44285],[25.76132,59.44272],[25.76127,59.44258],[25.76082,59.44251],[25.7607,59.44219],[25.76101,59.44208],[25.76147,59.4421],[25.76204,59.44188],[25.76268,59.44189],[25.76298,59.44204],[25.76363,59.44194],[25.76377,59.44176],[25.76353,59.44163],[25.76217,59.44141],[25.76106,59.44109],[25.75933,59.44028],[25.75869,59.43987],[25.75808,59.4393],[25.75812,59.43902],[25.75759,59.43864],[25.75758,59.43832],[25.75792,59.43788],[25.75815,59.43745],[25.75836,59.43733],[25.75906,59.43731],[25.75987,59.43747],[25.76015,59.43736],[25.76018,59.43698],[25.75912,59.43626],[25.75895,59.43591],[25.7591,59.43571],[25.7597,59.43549],[25.75928,59.4354],[25.75909,59.43523],[25.75905,59.43483],[25.75819,59.43453],[25.75801,59.43428],[25.75807,59.43391],[25.75851,59.43381],[25.75935,59.43382],[25.75969,59.43394],[25.75997,59.43375],[25.76028,59.43398],[25.76067,59.43382],[25.7605,59.43272],[25.76059,59.43253],[25.76107,59.43212],[25.76141,59.43199],[25.76241,59.43189],[25.76268,59.43175],[25.76252,59.43131],[25.76227,59.43112],[25.76154,59.43132],[25.76097,59.43134],[25.76021,59.43122],[25.76,59.43103],[25.76028,59.4308],[25.76085,59.43089],[25.76185,59.43079],[25.76276,59.43074],[25.76263,59.43051],[25.7621,59.43046],[25.76101,59.43023],[25.76001,59.42995],[25.75933,59.42954],[25.75917,59.42882],[25.75824,59.42859],[25.75744,59.42811],[25.75747,59.42798],[25.75672,59.42743],[25.75631,59.4274],[25.75542,59.42747],[25.75486,59.42741],[25.75451,59.42726],[25.75427,59.42687],[25.75443,59.42649],[25.75492,59.4262],[25.75515,59.42592],[25.75452,59.42544],[25.7531,59.42521],[25.75306,59.4249],[25.75348,59.42491],[25.75416,59.42467],[25.75401,59.42436],[25.75361,59.42422],[25.753,59.42418],[25.75269,59.42407],[25.75237,59.42377],[25.75147,59.42352],[25.75099,59.42317],[25.75015,59.42305],[25.74983,59.42285],[25.74975,59.42258],[25.75014,59.42243],[25.75029,59.42202],[25.74942,59.42184],[25.74927,59.42164],[25.74951,59.42149],[25.74972,59.42111],[25.7495,59.42091],[25.749,59.42074],[25.74794,59.42027],[25.74763,59.42009],[25.74762,59.41989],[25.74726,59.41952],[25.7475,59.41945],[25.74732,59.41913],[25.74704,59.41891],[25.74655,59.41877],[25.74688,59.41831],[25.74777,59.41757],[25.74771,59.4173],[25.74617,59.41697],[25.74603,59.41675],[25.74646,59.41654],[25.7466,59.41617],[25.74709,59.41591],[25.74677,59.41577],[25.74636,59.41585],[25.74603,59.41607],[25.74561,59.41616],[25.74501,59.41601],[25.74438,59.41592],[25.74361,59.41542],[25.74443,59.41517],[25.7449,59.41533],[25.74545,59.41507],[25.74575,59.41448],[25.74554,59.41418],[25.74451,59.41426],[25.74411,59.41415],[25.7443,59.41378],[25.74477,59.41358],[25.74579,59.41349],[25.74598,59.41341],[25.74615,59.41306],[25.74446,59.41273],[25.74406,59.41255],[25.74398,59.41239],[25.74421,59.41218],[25.74491,59.41197],[25.74565,59.41193],[25.74596,59.4118],[25.74611,59.41158],[25.74601,59.41125],[25.74522,59.41096],[25.74474,59.41059],[25.7451,59.41047],[25.74499,59.4102],[25.74535,59.40992],[25.7454,59.40953],[25.74516,59.40944],[25.74522,59.40918],[25.74495,59.40904],[25.74479,59.40879],[25.74501,59.40859],[25.74483,59.40833],[25.74523,59.40811],[25.74505,59.40786],[25.7446,59.40762],[25.74357,59.40727],[25.74365,59.40695],[25.74408,59.40702],[25.74463,59.40726],[25.74501,59.40696],[25.74496,59.40649],[25.74477,59.40628],[25.74447,59.40622],[25.74408,59.4065],[25.74325,59.40646],[25.74257,59.40599],[25.74299,59.40567],[25.74253,59.40519],[25.74311,59.40467],[25.74316,59.40441],[25.74273,59.40434],[25.74167,59.40398],[25.74078,59.40343],[25.74114,59.40323],[25.74111,59.40273],[25.74169,59.40215],[25.74167,59.4019],[25.74194,59.40155],[25.74173,59.40097],[25.74228,59.40086],[25.7424,59.40061],[25.74218,59.40032],[25.74165,59.40019],[25.74143,59.40004],[25.74145,59.39966],[25.74027,59.39925],[25.74012,59.39899],[25.74035,59.39856],[25.74004,59.39804],[25.74009,59.3977],[25.74029,59.39738],[25.74069,59.39736],[25.74131,59.39745],[25.74136,59.3973],[25.74109,59.39698],[25.7411,59.39662],[25.74159,59.39642],[25.741,59.39613],[25.74096,59.39588],[25.7414,59.39558],[25.74151,59.39515],[25.74102,59.39509],[25.74101,59.3949],[25.74124,59.39448],[25.74187,59.39441],[25.74199,59.39401],[25.74129,59.3932],[25.74204,59.39298],[25.74225,59.39269],[25.74187,59.39248],[25.74201,59.39185],[25.74279,59.39183],[25.74296,59.39176],[25.74298,59.39132],[25.7433,59.39122],[25.74372,59.39045],[25.74412,59.39033],[25.74472,59.39035],[25.74487,59.3905],[25.74606,59.38961],[25.74633,59.38954],[25.74717,59.38972],[25.74768,59.39042],[25.74807,59.39048],[25.74819,59.3902],[25.74858,59.3899],[25.74919,59.38984],[25.74926,59.38961],[25.74882,59.3895],[25.74871,59.38928],[25.74895,59.38916],[25.74972,59.38928],[25.74964,59.38901],[25.74991,59.38865],[25.7504,59.38856],[25.75086,59.38878],[25.75153,59.38878],[25.7519,59.38863],[25.75179,59.38832],[25.75195,59.38805],[25.7522,59.38795],[25.75266,59.38805],[25.7531,59.38825],[25.75339,59.38815],[25.7532,59.38786],[25.75318,59.38729],[25.75351,59.38699],[25.7539,59.38689],[25.75454,59.38691],[25.75461,59.38648],[25.75456,59.38604],[25.75549,59.38574],[25.75601,59.38571],[25.75598,59.38594],[25.75653,59.38606],[25.7571,59.3858],[25.75773,59.38575],[25.75777,59.38556],[25.75742,59.38538],[25.75744,59.38483],[25.75673,59.38447],[25.75771,59.38462],[25.75801,59.38418],[25.75842,59.38398],[25.75834,59.38344],[25.75875,59.38328],[25.75978,59.38325],[25.7606,59.3831],[25.76049,59.38285],[25.76051,59.38236],[25.76126,59.38225],[25.76144,59.38202],[25.76123,59.38185],[25.76175,59.38136],[25.76159,59.38126],[25.76071,59.38123],[25.76033,59.38093],[25.75998,59.38042],[25.75993,59.38002],[25.7611,59.37963],[25.76124,59.37943],[25.76121,59.37906],[25.76134,59.37881],[25.76166,59.37867],[25.7624,59.37869],[25.76239,59.3789],[25.76313,59.37854],[25.76354,59.37847],[25.76325,59.37794],[25.76344,59.37775],[25.76406,59.37764],[25.7646,59.37784],[25.76493,59.37772],[25.76491,59.37747],[25.76529,59.37726],[25.76563,59.37729],[25.76624,59.37765],[25.76678,59.37763],[25.76697,59.3771],[25.76741,59.37689],[25.7681,59.37675],[25.76821,59.37657],[25.76876,59.37632],[25.76943,59.37653],[25.76983,59.37634],[25.76984,59.37596],[25.76967,59.37567],[25.77004,59.37539],[25.77106,59.37536],[25.77135,59.3756],[25.77122,59.37575],[25.7721,59.37587],[25.77255,59.37584],[25.77281,59.3755],[25.77317,59.37539],[25.7734,59.37504],[25.77389,59.37493],[25.77403,59.37503],[25.77505,59.37519],[25.77562,59.37494],[25.77562,59.37465],[25.77589,59.37439],[25.77629,59.37429],[25.77735,59.37427],[25.77848,59.37409],[25.77898,59.37423],[25.77954,59.37392],[25.77932,59.37362],[25.7797,59.37347],[25.78004,59.37355],[25.78072,59.37341],[25.78023,59.37315],[25.78024,59.37208],[25.78038,59.37168],[25.78093,59.37162],[25.78106,59.37148],[25.78098,59.3712],[25.78153,59.37085],[25.78116,59.37051],[25.78141,59.3703],[25.78193,59.3702],[25.78127,59.36984],[25.78124,59.36964],[25.78165,59.36954],[25.78165,59.36926],[25.78206,59.36893],[25.78256,59.36888],[25.78268,59.369],[25.78352,59.36895],[25.78383,59.3687],[25.78453,59.36884],[25.78431,59.36823],[25.78489,59.36775],[25.7848,59.36753],[25.7851,59.36743],[25.78481,59.36712],[25.78523,59.36707],[25.78578,59.36668],[25.78579,59.36637],[25.78561,59.36624],[25.78568,59.36593],[25.78623,59.3655],[25.78647,59.36543],[25.78699,59.36556],[25.78713,59.36575],[25.7877,59.36571],[25.78808,59.36536],[25.7882,59.3651],[25.78737,59.365],[25.78676,59.36419],[25.78682,59.36384],[25.78719,59.36369],[25.78778,59.36371],[25.78843,59.36396],[25.78887,59.36379],[25.78896,59.36345],[25.7887,59.36311],[25.78875,59.36279],[25.78999,59.36207],[25.79069,59.36197],[25.79118,59.36164],[25.79114,59.36125],[25.79156,59.36087],[25.7926,59.36089],[25.79249,59.36049],[25.79222,59.36026],[25.79222,59.35973],[25.79208,59.35928],[25.79224,59.35916],[25.79295,59.359],[25.79348,59.35896],[25.79317,59.35862],[25.79328,59.35841],[25.7942,59.35835],[25.79452,59.35814],[25.79416,59.35781],[25.79437,59.35767],[25.79576,59.35788],[25.79579,59.35722],[25.79568,59.35696],[25.79629,59.35675],[25.7971,59.35683],[25.79726,59.35696],[25.79684,59.35725],[25.79686,59.35752],[25.79718,59.35755],[25.79741,59.35732],[25.79805,59.35705],[25.79816,59.35683],[25.79851,59.35683],[25.79902,59.35714],[25.79927,59.35709],[25.79953,59.35673],[25.79891,59.35655],[25.79817,59.35609],[25.79789,59.35585],[25.79787,59.35559],[25.79811,59.35521],[25.79866,59.35512],[25.8,59.35511],[25.80056,59.355],[25.80097,59.35478],[25.80083,59.35442],[25.801,59.35429],[25.80198,59.35406],[25.80268,59.35412],[25.80289,59.35441],[25.80333,59.35438],[25.80361,59.35421],[25.80318,59.35368],[25.80289,59.35343],[25.80285,59.35321],[25.80325,59.3527],[25.80446,59.35283],[25.805,59.3528],[25.80514,59.35269],[25.80624,59.35239],[25.80649,59.3524],[25.80758,59.35264],[25.80771,59.35239],[25.80805,59.35241],[25.80828,59.35267],[25.80939,59.35246],[25.80976,59.35254],[25.81,59.35217],[25.81034,59.35231],[25.81025,59.35255],[25.81052,59.35264],[25.81123,59.35259],[25.8115,59.35223],[25.81143,59.352],[25.81219,59.35155],[25.81254,59.35153],[25.81275,59.35176],[25.81249,59.35201],[25.81274,59.35233],[25.81351,59.35248],[25.81453,59.35252],[25.81506,59.35279],[25.81542,59.35277],[25.81564,59.35257],[25.81619,59.35232],[25.81677,59.3523],[25.81739,59.35261],[25.81822,59.35252],[25.81889,59.35255],[25.81851,59.35287],[25.81897,59.35305],[25.81938,59.35294],[25.8195,59.35272],[25.81999,59.35261],[25.82079,59.35259],[25.82146,59.35206],[25.82136,59.35145],[25.82179,59.3514],[25.82219,59.35151],[25.82261,59.35104],[25.82232,59.35064],[25.82231,59.35043],[25.82268,59.35025],[25.82349,59.35037],[25.82392,59.35001],[25.8238,59.34987],[25.82273,59.34976],[25.82217,59.34949],[25.82231,59.34916],[25.82337,59.34918],[25.82365,59.34909],[25.82374,59.34884],[25.82286,59.34863],[25.82369,59.34809],[25.82321,59.34797],[25.82309,59.3478],[25.82352,59.34746],[25.82349,59.34723],[25.82264,59.34719],[25.82225,59.34712],[25.82126,59.34714],[25.82108,59.34734],[25.82048,59.34736],[25.82031,59.34722],[25.82037,59.34692],[25.82006,59.34689],[25.81935,59.34714],[25.81894,59.34703],[25.81943,59.34652],[25.8194,59.34624],[25.81887,59.34592],[25.81878,59.34561],[25.81906,59.3455],[25.81971,59.34569],[25.82001,59.34562],[25.82006,59.3454],[25.81958,59.34481],[25.81966,59.34451],[25.82015,59.34385],[25.82058,59.34368],[25.82144,59.34373],[25.82229,59.3432],[25.82297,59.3429],[25.82311,59.34271],[25.82359,59.34243],[25.82459,59.34268],[25.82516,59.34261],[25.82513,59.34225],[25.82572,59.34217],[25.82648,59.34229],[25.82759,59.34307],[25.82811,59.34327],[25.82866,59.34336],[25.82949,59.3436],[25.83043,59.34381],[25.83084,59.34404],[25.83082,59.34457],[25.83047,59.34469],[25.83054,59.34503],[25.83048,59.3455],[25.83195,59.34564],[25.8333,59.34622],[25.83377,59.34626],[25.83416,59.34648],[25.8346,59.34647],[25.83522,59.34609],[25.83549,59.3458],[25.83592,59.34565],[25.83624,59.34565],[25.8367,59.34583],[25.83752,59.34567],[25.83802,59.34548],[25.83829,59.34527],[25.83843,59.3449],[25.83937,59.34428],[25.83974,59.34393],[25.84032,59.34381],[25.8413,59.34373],[25.84278,59.34397],[25.84327,59.3441],[25.84347,59.34375],[25.84317,59.34283],[25.84283,59.34234],[25.84231,59.34214],[25.84215,59.34189],[25.8425,59.34156],[25.84203,59.34105],[25.84217,59.34058],[25.84287,59.34039],[25.8434,59.34031],[25.84366,59.34042],[25.84372,59.34077],[25.84445,59.34062],[25.84426,59.34021],[25.8453,59.33988],[25.84569,59.33967],[25.8452,59.33906],[25.84516,59.33882],[25.84477,59.33867],[25.84472,59.33836],[25.84517,59.33817],[25.84483,59.338],[25.84483,59.33773],[25.84519,59.33764],[25.84562,59.33769],[25.84571,59.33726],[25.84535,59.33686],[25.84578,59.33662],[25.84678,59.33627],[25.84763,59.33614],[25.84751,59.33581],[25.84779,59.3356],[25.84837,59.33563],[25.84874,59.33541],[25.84822,59.33531],[25.84809,59.33517],[25.84855,59.33478],[25.84849,59.33462],[25.84882,59.3345],[25.84859,59.33433],[25.84918,59.33404],[25.84935,59.33374],[25.84936,59.33346],[25.84879,59.33314],[25.84892,59.33301],[25.84958,59.33285],[25.84958,59.33261],[25.84925,59.33197],[25.84874,59.33186],[25.84885,59.33151],[25.84932,59.33127],[25.84917,59.33076],[25.84944,59.33037],[25.84994,59.33],[25.85003,59.32947],[25.84965,59.32926],[25.84912,59.32916],[25.84898,59.32903],[25.8491,59.32867],[25.84888,59.32774],[25.84981,59.32722],[25.85033,59.32628],[25.85114,59.3257],[25.8522,59.32536],[25.85256,59.32538],[25.8531,59.32513],[25.85354,59.32513],[25.85429,59.32542],[25.85457,59.32574],[25.8557,59.32539],[25.85653,59.32547],[25.85755,59.32583],[25.85792,59.32573],[25.85828,59.32544],[25.85831,59.32521],[25.85761,59.32506],[25.85779,59.32464],[25.85839,59.32462],[25.85892,59.32487],[25.85937,59.32498],[25.85966,59.32493],[25.85948,59.32461],[25.8596,59.32438],[25.86009,59.32414],[25.86045,59.32387],[25.86162,59.32349],[25.86204,59.32291],[25.86298,59.32291],[25.86381,59.32269],[25.86491,59.32218],[25.86494,59.32174],[25.86524,59.32152],[25.86565,59.32137],[25.86653,59.32152],[25.86689,59.32109],[25.86785,59.32086],[25.86864,59.32082],[25.86883,59.32073],[25.86946,59.32067],[25.87027,59.32037],[25.87017,59.32001],[25.87074,59.31965],[25.87169,59.31952],[25.87206,59.31957],[25.87232,59.31927],[25.87333,59.31931],[25.87401,59.31918],[25.87458,59.31867],[25.87441,59.31828],[25.87517,59.31816],[25.87573,59.31816],[25.87634,59.31806],[25.87679,59.31806],[25.87794,59.31783],[25.879,59.31781],[25.87952,59.31776],[25.88021,59.31781],[25.88194,59.31785],[25.88235,59.31796],[25.88359,59.31765],[25.88474,59.31768],[25.88556,59.31748],[25.88722,59.3174],[25.88731,59.31726],[25.88692,59.31697],[25.887,59.31619],[25.88715,59.31596],[25.8867,59.31572],[25.88681,59.31532],[25.88613,59.31533],[25.8857,59.31491],[25.88591,59.31461],[25.88647,59.3147],[25.88709,59.31462],[25.88674,59.3142],[25.88639,59.31421],[25.88578,59.314],[25.8857,59.31384],[25.88606,59.31365],[25.88687,59.31354],[25.88757,59.31366],[25.88806,59.31366],[25.88777,59.31333],[25.88774,59.31312],[25.88814,59.31272],[25.88834,59.31265],[25.88933,59.31274],[25.88955,59.3126],[25.88936,59.31233],[25.88942,59.31211],[25.88994,59.31208],[25.89001,59.31194],[25.88969,59.31158],[25.88975,59.31124],[25.88939,59.31087],[25.88957,59.31072],[25.8902,59.31049],[25.89023,59.31009],[25.89065,59.30987],[25.89106,59.3099],[25.89149,59.30964],[25.89108,59.30926],[25.89137,59.30909],[25.89197,59.30929],[25.8924,59.3093],[25.89278,59.30908],[25.89264,59.30887],[25.89284,59.30855],[25.89287,59.30829],[25.89322,59.30824],[25.89384,59.30846],[25.89447,59.30796],[25.89483,59.3078],[25.89529,59.30779],[25.89577,59.30753],[25.89638,59.3073],[25.8965,59.30671],[25.89667,59.30645],[25.89704,59.30641],[25.89743,59.30658],[25.89806,59.30653],[25.89832,59.30639],[25.89829,59.30613],[25.89789,59.30572],[25.89816,59.30553],[25.89915,59.30573],[25.89946,59.30545],[25.89939,59.30511],[25.89981,59.30492],[25.89955,59.30477],[25.89971,59.3046],[25.9001,59.30454],[25.90087,59.30465],[25.90077,59.30497],[25.90126,59.3053],[25.90179,59.30538],[25.90317,59.30529],[25.90354,59.30513],[25.90335,59.30468],[25.90308,59.30442],[25.9031,59.30412],[25.90376,59.30408],[25.90424,59.30422],[25.90446,59.30349],[25.90541,59.30324],[25.90651,59.30319],[25.90677,59.30298],[25.90634,59.30238],[25.90665,59.30206],[25.90759,59.30228],[25.90815,59.30248],[25.90844,59.30249],[25.90918,59.30218],[25.90993,59.30171],[25.91112,59.30172],[25.91175,59.3011],[25.91172,59.30086],[25.91132,59.30062],[25.91133,59.30041],[25.91173,59.30015],[25.91247,59.29993],[25.91357,59.29994],[25.91424,59.2994],[25.91497,59.29928],[25.91544,59.29944],[25.91614,59.29938],[25.91648,59.29883],[25.91684,59.2985],[25.91808,59.29772],[25.91804,59.29721],[25.91829,59.29687],[25.91829,59.29663],[25.91878,59.29653],[25.91936,59.29677],[25.91964,59.29674],[25.92029,59.29613],[25.92065,59.29594],[25.92069,59.29576],[25.92118,59.29514],[25.92273,59.29459],[25.92315,59.29441],[25.92305,59.29389],[25.92348,59.29351],[25.92322,59.29316],[25.92375,59.29283],[25.92499,59.29277],[25.92531,59.29254],[25.92655,59.29255],[25.92728,59.29225],[25.92785,59.2923],[25.929,59.29209],[25.92941,59.29206],[25.93023,59.29179],[25.93045,59.29165],[25.93093,59.29173],[25.9314,59.29172],[25.93207,59.29203],[25.93269,59.29214],[25.93356,59.29221],[25.93426,59.29213],[25.93495,59.29189],[25.93536,59.29149],[25.93668,59.29128],[25.9378,59.29135],[25.93894,59.29134],[25.94046,59.29125],[25.94069,59.29112],[25.9408,59.29074],[25.94105,59.29052],[25.94176,59.29017],[25.94201,59.28981],[25.94293,59.28918],[25.94371,59.28905],[25.94465,59.28858],[25.94507,59.28842],[25.94508,59.28801],[25.9446,59.28734],[25.94472,59.28666],[25.94496,59.2864],[25.94632,59.28607],[25.94676,59.28542],[25.94714,59.28471],[25.94724,59.28439],[25.94769,59.28395],[25.9479,59.28351],[25.94789,59.28328],[25.94811,59.28311],[25.94963,59.28272],[25.94977,59.28254],[25.94939,59.28212],[25.94952,59.28174],[25.95029,59.28153],[25.95082,59.28147],[25.95126,59.28132],[25.9513,59.28089],[25.95105,59.28049],[25.95109,59.28024],[25.95145,59.2795],[25.95314,59.27928],[25.9537,59.27909],[25.95427,59.27897],[25.95479,59.27877],[25.95498,59.27856],[25.95497,59.2783],[25.95521,59.27784],[25.9561,59.27723],[25.95685,59.27715],[25.95802,59.27695],[25.95845,59.27672],[25.95896,59.27632],[25.95968,59.27614],[25.95995,59.27598],[25.96127,59.27569],[25.96132,59.27554],[25.96107,59.27512],[25.96171,59.2749],[25.96292,59.27433],[25.96359,59.27409],[25.96402,59.27378],[25.96489,59.27331],[25.96576,59.27277],[25.96678,59.27236],[25.96749,59.27226],[25.96809,59.27242],[25.96858,59.27224],[25.9692,59.27176],[25.96969,59.27174],[25.97026,59.27187],[25.97052,59.27168],[25.97052,59.27149],[25.97177,59.27086],[25.97225,59.27069],[25.97317,59.27083],[25.97357,59.27059],[25.97483,59.27012],[25.97558,59.26995],[25.97644,59.26968],[25.97695,59.26975],[25.977,59.26959],[25.97749,59.26955],[25.97834,59.26928],[25.97836,59.26917],[25.97928,59.26879],[25.9808,59.26867],[25.98127,59.26881],[25.98177,59.26865],[25.98277,59.26809],[25.98292,59.26787],[25.98329,59.26771],[25.98386,59.26768],[25.98446,59.26786],[25.9851,59.26774],[25.98544,59.26779],[25.98581,59.26802],[25.9868,59.26778],[25.98703,59.26787],[25.98787,59.26771],[25.98839,59.26786],[25.98895,59.26773],[25.98974,59.26692],[25.99058,59.26687],[25.99092,59.26715],[25.99145,59.2672],[25.99193,59.26751],[25.99248,59.26756],[25.99274,59.26748],[25.99285,59.26704],[25.99313,59.26637],[25.99356,59.26592],[25.99378,59.26555],[25.99473,59.26534],[25.99506,59.26546],[25.99622,59.2656],[25.99685,59.26562],[25.99751,59.26528],[25.99782,59.26485],[25.998,59.26441],[25.99745,59.26393],[25.99758,59.26371],[25.99811,59.26344],[25.99816,59.26322],[25.99782,59.26296],[25.99785,59.26283],[25.9984,59.26263],[25.99879,59.26262],[25.99896,59.26281],[25.99945,59.26307],[25.99999,59.26268],[26.0005,59.26199],[26.00167,59.26167],[26.00198,59.26172],[26.00222,59.26154],[26.00199,59.26094],[26.00218,59.26061],[26.00274,59.26062],[26.00312,59.26044],[26.00343,59.26013],[26.00406,59.25982],[26.00412,59.25971],[26.00557,59.25904],[26.00689,59.25856],[26.00684,59.25828],[26.00739,59.25754],[26.00925,59.25732],[26.0096,59.25748],[26.01013,59.25728],[26.01038,59.25697],[26.01113,59.25684],[26.01177,59.25662],[26.01254,59.25607],[26.01291,59.25592],[26.01409,59.25569],[26.01464,59.25588],[26.01569,59.25598],[26.01648,59.25574],[26.01732,59.25571],[26.01849,59.25554],[26.01911,59.25527],[26.01904,59.25498],[26.01955,59.25474],[26.0202,59.2546],[26.02065,59.25462],[26.02068,59.25465]],[[25.74024,59.39796],[25.74035,59.39835],[25.74055,59.39857],[25.74104,59.39836],[25.74141,59.39794],[25.74134,59.39759],[25.74072,59.39749],[25.74083,59.3978],[25.74024,59.39796]],[[25.74035,59.39912],[25.74109,59.39939],[25.74124,59.39885],[25.74198,59.39868],[25.74213,59.39845],[25.74149,59.39813],[25.74122,59.39841],[25.74057,59.39873],[25.74035,59.39912]],[[25.74108,59.40352],[25.74173,59.40392],[25.74215,59.40398],[25.7424,59.40382],[25.74247,59.40331],[25.74204,59.40336],[25.74194,59.40312],[25.74263,59.4027],[25.74249,59.40242],[25.74157,59.40245],[25.74131,59.40275],[25.74142,59.40332],[25.74108,59.40352]],[[25.7416,59.3932],[25.74162,59.39332],[25.74219,59.39389],[25.74304,59.39351],[25.7427,59.39319],[25.7416,59.3932]],[[25.74169,59.39965],[25.74181,59.40009],[25.74225,59.40012],[25.74234,59.39987],[25.7419,59.39948],[25.74169,59.39965]],[[25.74208,59.39244],[25.74247,59.39267],[25.74217,59.39307],[25.7426,59.39312],[25.74279,59.3926],[25.74323,59.39246],[25.74414,59.39195],[25.74397,59.39171],[25.74395,59.39136],[25.74348,59.39129],[25.74314,59.39136],[25.74319,59.39186],[25.74279,59.39201],[25.74221,59.39193],[25.74208,59.39244]],[[25.74286,59.39315],[25.74314,59.3934],[25.74394,59.39297],[25.74401,59.39281],[25.74363,59.39245],[25.74309,59.39266],[25.74286,59.39315]],[[25.74359,59.39122],[25.74423,59.39109],[25.74509,59.39112],[25.74528,59.39103],[25.74535,59.39064],[25.74562,59.39043],[25.74598,59.39049],[25.74676,59.39041],[25.74709,59.38992],[25.74699,59.38974],[25.74636,59.38963],[25.74609,59.38971],[25.74493,59.3906],[25.74462,59.39042],[25.74416,59.39041],[25.74378,59.39055],[25.74359,59.39122]],[[25.74884,59.38937],[25.74899,59.38949],[25.75007,59.38952],[25.74993,59.38935],[25.74884,59.38937]],[[25.75791,59.38471],[25.75892,59.38434],[25.75871,59.38405],[25.75832,59.38422],[25.75812,59.38458],[25.75791,59.38471]],[[25.76342,59.37794],[25.76345,59.37812],[25.76427,59.37825],[25.76465,59.37789],[25.76371,59.37777],[25.76342,59.37794]],[[25.76366,59.37844],[25.76381,59.37849],[25.76522,59.3783],[25.76518,59.37817],[25.76583,59.37793],[25.76551,59.37735],[25.76506,59.37752],[25.76516,59.37802],[25.7645,59.37814],[25.76431,59.37833],[25.76366,59.37844]],[[25.78669,59.46707],[25.78677,59.46726],[25.78713,59.4675],[25.78789,59.46768],[25.78789,59.46751],[25.78735,59.46731],[25.78694,59.46705],[25.78669,59.46707]],[[25.79026,59.46765],[25.79049,59.46791],[25.79056,59.46855],[25.79098,59.46854],[25.79104,59.46777],[25.79066,59.46753],[25.79026,59.46765]],[[25.79026,59.46881],[25.79051,59.46903],[25.79092,59.46884],[25.79077,59.46867],[25.79041,59.46864],[25.79026,59.46881]],[[25.84495,59.33837],[25.84533,59.33865],[25.84578,59.33822],[25.84549,59.33812],[25.84495,59.33837]],[[25.85133,59.32577],[25.85211,59.32569],[25.85226,59.32543],[25.85133,59.32577]],[[26.00079,59.26214],[26.00133,59.26239],[26.00186,59.26219],[26.00183,59.26186],[26.00146,59.26182],[26.00079,59.26214]]],[[[26.03174,59.25434],[26.03272,59.25423],[26.03332,59.25409],[26.0338,59.25408],[26.03366,59.25352],[26.03342,59.25331],[26.0336,59.2531],[26.03442,59.25307],[26.03482,59.25299],[26.03552,59.25265],[26.03529,59.25229],[26.03516,59.25171],[26.03556,59.25172],[26.03625,59.25158],[26.0362,59.25127],[26.03699,59.25114],[26.03685,59.25153],[26.03565,59.25185],[26.03541,59.25197],[26.03579,59.25267],[26.03564,59.25281],[26.03501,59.25299],[26.03485,59.25311],[26.03378,59.2532],[26.03365,59.25336],[26.03411,59.25369],[26.03457,59.25375],[26.03486,59.25396],[26.03552,59.2541],[26.03571,59.25431],[26.03612,59.2544],[26.03683,59.25421],[26.03777,59.25423],[26.03777,59.25446],[26.03694,59.25437],[26.03649,59.25457],[26.03574,59.25468],[26.03524,59.25422],[26.0347,59.25421],[26.03414,59.25409],[26.03394,59.25454],[26.03323,59.25464],[26.03267,59.25457],[26.03238,59.25472],[26.03194,59.25471],[26.03177,59.25454],[26.03174,59.25434]]]]},"properties":{"fclass":"riverbank"}},
{"type":"Feature","geometry":{"type":"MultiPolygon","coordinates":[[[[25.65979,59.16037],[25.66011,59.16059],[25.66245,59.16331],[25.66329,59.16369],[25.66532,59.16415],[25.66592,59.16455],[25.66764,59.16588],[25.67036,59.16686],[25.67367,59.16811],[25.67405,59.16828],[25.67417,59.16858],[25.67396,59.16899],[25.67392,59.16932],[25.67403,59.16955],[25.67454,59.16991],[25.67585,59.17018],[25.6774,59.17055],[25.67859,59.17171],[25.67942,59.17238],[25.67969,59.17277],[25.67981,59.17316],[25.68007,59.17474],[25.6804,59.17514],[25.68099,59.17536],[25.6816,59.17548],[25.68312,59.17569],[25.68627,59.17606],[25.68674,59.1762],[25.68739,59.17656],[25.68899,59.17732],[25.6907,59.17822],[25.69064,59.17828],[25.68888,59.17737],[25.68717,59.17653],[25.68667,59.17625],[25.6862,59.17613],[25.68417,59.17588],[25.68305,59.17576],[25.68153,59.17556],[25.68091,59.17542],[25.68023,59.17517],[25.67997,59.17486],[25.67985,59.17408],[25.67972,59.17371],[25.67972,59.17316],[25.67955,59.17273],[25.67922,59.17234],[25.67861,59.17184],[25.67824,59.17142],[25.67805,59.17133],[25.6772,59.17056],[25.67443,59.16995],[25.67413,59.16976],[25.67379,59.16935],[25.67397,59.16843],[25.67377,59.16827],[25.67144,59.16739],[25.6689,59.1664],[25.66745,59.16589],[25.66562,59.16445],[25.66523,59.16422],[25.66323,59.16376],[25.66235,59.16338],[25.65996,59.1606],[25.65979,59.16037]]],[[[25.55169,59.12214],[25.5519,59.12212],[25.55255,59.12245],[25.55338,59.12262],[25.55415,59.12338],[25.55466,59.1236],[25.55599,59.12384],[25.55722,59.1242],[25.55755,59.12425],[25.55845,59.12471],[25.55928,59.12535],[25.55974,59.12562],[25.56007,59.12596],[25.56033,59.12605],[25.56187,59.12584],[25.56305,59.12558],[25.56398,59.12503],[25.56479,59.12491],[25.56572,59.1247],[25.56538,59.12448],[25.56534,59.12414],[25.56548,59.12385],[25.5653,59.12358],[25.56443,59.12369],[25.56416,59.12352],[25.56422,59.12319],[25.5636,59.12266],[25.5636,59.12216],[25.56436,59.12208],[25.56526,59.12213],[25.56538,59.12191],[25.56508,59.12152],[25.56456,59.12158],[25.56409,59.12154],[25.56398,59.12126],[25.56453,59.12083],[25.56452,59.12065],[25.56416,59.12058],[25.56368,59.12036],[25.56353,59.12005],[25.56366,59.11996],[25.56382,59.12029],[25.56467,59.1206],[25.56474,59.12082],[25.56416,59.12128],[25.56428,59.12149],[25.565,59.12141],[25.56537,59.12158],[25.56557,59.12191],[25.5653,59.12222],[25.56434,59.12217],[25.56378,59.12223],[25.56378,59.12265],[25.56443,59.12321],[25.56434,59.12349],[25.56542,59.1235],[25.56568,59.12394],[25.56552,59.12415],[25.56555,59.12445],[25.5659,59.12466],[25.57008,59.12423],[25.57104,59.12419],[25.57185,59.12428],[25.57286,59.12456],[25.5753,59.12559],[25.57623,59.12593],[25.58545,59.1298],[25.58579,59.12993],[25.5911,59.13098],[25.59225,59.13149],[25.59348,59.13194],[25.59405,59.13223],[25.59595,59.133],[25.59727,59.13359],[25.59772,59.1337],[25.59923,59.13379],[25.59943,59.13386],[25.60083,59.13472],[25.60163,59.13531],[25.60144,59.13538],[25.60061,59.13479],[25.59927,59.13396],[25.59913,59.13392],[25.59764,59.13382],[25.5971,59.13368],[25.59579,59.13311],[25.59386,59.13232],[25.59329,59.13203],[25.5921,59.1316],[25.59096,59.13109],[25.58582,59.13008],[25.58529,59.1299],[25.57277,59.12464],[25.57175,59.12437],[25.57101,59.12428],[25.57017,59.12432],[25.5659,59.12476],[25.56526,59.12492],[25.56436,59.12502],[25.56408,59.12511],[25.56341,59.12553],[25.56297,59.1257],[25.56346,59.12631],[25.56242,59.12629],[25.56217,59.12623],[25.56196,59.12595],[25.56153,59.12597],[25.56029,59.12614],[25.55992,59.12601],[25.55959,59.12567],[25.55913,59.1254],[25.5583,59.12476],[25.55745,59.12434],[25.55591,59.12393],[25.55455,59.12368],[25.55401,59.12344],[25.55325,59.12269],[25.55244,59.12253],[25.55169,59.12214]],[[25.56216,59.12588],[25.56248,59.12623],[25.56305,59.12617],[25.56285,59.12572],[25.56216,59.12588]]],[[[25.60158,59.13549],[25.60178,59.13541],[25.60268,59.1359],[25.61095,59.13632],[25.61599,59.1366],[25.61712,59.13665],[25.6208,59.13707],[25.62214,59.13727],[25.62737,59.1387],[25.62795,59.1389],[25.62853,59.13926],[25.62997,59.14028],[25.63415,59.14343],[25.63475,59.14385],[25.6355,59.1441],[25.63748,59.14451],[25.63871,59.14483],[25.6422,59.14665],[25.64251,59.14677],[25.6434,59.14694],[25.64504,59.14735],[25.64653,59.14763],[25.65008,59.14772],[25.65099,59.14795],[25.65163,59.14829],[25.65188,59.14854],[25.65205,59.14894],[25.65249,59.14916],[25.65291,59.14969],[25.6535,59.15029],[25.65393,59.15036],[25.65452,59.15068],[25.65485,59.15076],[25.65537,59.15109],[25.65539,59.15133],[25.65592,59.15188],[25.65687,59.15236],[25.657,59.15273],[25.65687,59.15317],[25.65653,59.15338],[25.65542,59.15363],[25.65541,59.15405],[25.6557,59.15449],[25.65554,59.15454],[25.65523,59.15408],[25.65518,59.15369],[25.6555,59.15349],[25.65642,59.1533],[25.65669,59.15314],[25.65682,59.15277],[25.6567,59.1524],[25.65576,59.15193],[25.65521,59.15137],[25.65509,59.15103],[25.65439,59.15075],[25.65382,59.15044],[25.65333,59.15034],[25.65312,59.15005],[25.65275,59.14974],[25.65232,59.1492],[25.65185,59.14897],[25.65171,59.14859],[25.65142,59.14832],[25.65089,59.14803],[25.6499,59.1478],[25.64722,59.14775],[25.64644,59.14772],[25.64492,59.14743],[25.64247,59.14691],[25.64211,59.14679],[25.63857,59.14494],[25.63742,59.14464],[25.63533,59.1442],[25.63477,59.14404],[25.63393,59.14351],[25.62995,59.1405],[25.62813,59.13918],[25.62763,59.13893],[25.62484,59.13815],[25.62205,59.13739],[25.62079,59.13721],[25.61706,59.13678],[25.61592,59.13672],[25.6103,59.13641],[25.6027,59.13603],[25.6025,59.136],[25.60158,59.13549]]],[[[25.83321,59.19724],[25.83347,59.19713],[25.83406,59.19669],[25.83406,59.19641],[25.83447,59.19593],[25.834,59.19393],[25.8341,59.19372],[25.83512,59.19318],[25.83528,59.19323],[25.83418,59.19385],[25.83466,59.19596],[25.83425,59.1964],[25.83424,59.19671],[25.83407,59.19689],[25.83335,59.19732],[25.83321,59.19724]]]]},"properties":{"fclass":"riverbank"}}
]}