{"type":"FeatureCollection", "features": [
{"type":"Feature","geometry":{"type":"MultiLineString","coordinates":[[[25.6966,59.0263],[25.6956,59.0247],[25.694,59.0247],[25.6928,59.0237],[25.6935,59.0227],[25.6935,59.0226],[25.693,59.0225],[25.6901,59.0226],[25.6896,59.0228],[25.6857,59.0219],[25.6825,59.0216],[25.681,59.0205],[25.6797,59.02],[25.6773,59.0199],[25.674,59.0194],[25.6717,59.0194],[25.6687,59.0174],[25.6676,59.0163],[25.6666,59.0162],[25.6624,59.0147],[25.6619,59.0143],[25.6602,59.014],[25.6581,59.0146],[25.6574,59.014],[25.658,59.0129],[25.6553,59.0121],[25.6542,59.0126],[25.6516,59.012],[25.6506,59.0115],[25.6508,59.0109],[25.6491,59.0101],[25.6493,59.0093],[25.6472,59.0087],[25.6479,59.0067],[25.6501,59.0051],[25.6504,59.0036],[25.6494,59.003],[25.6471,59.0031],[25.6475,59.0021],[25.6485,59.0016],[25.6466,59.0006],[25.6461,58.9996],[25.645,58.9988],[25.6442,58.9977],[25.6427,58.9967],[25.6383,58.9964],[25.6358,58.9958],[25.6336,58.9962],[25.6322,58.9959],[25.6313,58.9963],[25.6313,58.9972],[25.629,58.9973],[25.628,58.9979],[25.6236,58.9987],[25.6245,58.9975],[25.6241,58.9959],[25.6234,58.9947],[25.6232,58.9932],[25.6238,58.9926],[25.6272,58.9916],[25.6291,58.9907],[25.6299,58.9896],[25.6315,58.9881],[25.6323,58.9864],[25.632,58.9856],[25.633,58.985],[25.6313,58.9838],[25.6318,58.9809],[25.6314,58.9796],[25.6316,58.9789],[25.6309,58.9783],[25.6332,58.9756],[25.6331,58.9747],[25.6343,58.9741],[25.6355,58.9725],[25.6354,58.9724],[25.6351,58.9705],[25.6357,58.9699],[25.636,58.9682],[25.6372,58.9671],[25.6367,58.9663],[25.6376,58.9652],[25.6359,58.964],[25.6349,58.964],[25.6351,58.9627],[25.6338,58.9617],[25.6327,58.9606],[25.6304,58.9601],[25.6291,58.9593],[25.6303,58.9586],[25.63,58.9571],[25.6302,58.9561],[25.6293,58.9555],[25.6269,58.9549],[25.6257,58.9551],[25.6232,58.9527],[25.6197,58.9525],[25.6191,58.9513],[25.6182,58.9509],[25.617,58.9492],[25.618,58.9479],[25.6177,58.947],[25.6157,58.9455],[25.6126,58.9452],[25.6107,58.9447],[25.6095,58.9448],[25.6079,58.9442],[25.607,58.9432],[25.6072,58.9424],[25.6047,58.9422],[25.6026,58.9411],[25.6015,58.94],[25.5987,58.9385],[25.5849,58.933],[25.5804,58.9306],[25.5777,58.9269],[25.5767,58.9252],[25.5767,58.9233],[25.5783,58.9207],[25.5784,58.9205],[25.5774,58.9191],[25.5762,58.9188],[25.573,58.9173],[25.5716,58.9155],[25.5698,58.914],[25.5692,58.9131],[25.5693,58.9122],[25.5693,58.9121],[25.5696,58.9064],[25.5697,58.9063],[25.5713,58.9045],[25.5702,58.9035],[25.5706,58.9021],[25.5712,58.9017],[25.5706,58.9007],[25.5711,58.899],[25.5706,58.8986],[25.5713,58.897],[25.5808,58.8954],[25.5821,58.8941],[25.5844,58.8927],[25.5854,58.8921],[25.586,58.8879],[25.5815,58.8861],[25.5809,58.8854],[25.5806,58.884],[25.5788,58.8831],[25.5783,58.8815],[25.575,58.8799],[25.5733,58.878],[25.5703,58.8769],[25.567,58.8775],[25.5661,58.8774],[25.5653,58.8759],[25.5638,58.8761],[25.5627,58.8769],[25.561,58.8767],[25.56,58.8764],[25.5575,58.8752],[25.556,58.8739],[25.5541,58.8732],[25.5522,58.8704],[25.5452,58.8688],[25.5419,58.8696],[25.5404,58.8689],[25.5378,58.8687],[25.5354,58.8685],[25.5334,58.8686],[25.5305,58.8676],[25.5298,58.8667],[25.5266,58.8657],[25.5264,58.8645],[25.5251,58.8639],[25.5226,58.8647],[25.521,58.8638],[25.5198,58.8637],[25.5177,58.8641],[25.515,58.8644],[25.5141,58.8637],[25.5122,58.8632],[25.5111,58.8635],[25.51,58.8629],[25.5062,58.862],[25.5064,58.8614],[25.505,58.8607],[25.5058,58.8576],[25.5069,58.8556],[25.5044,58.8542],[25.4986,58.8534],[25.4953,58.8537],[25.4931,58.8548],[25.4903,58.855],[25.4864,58.8524],[25.4844,58.8521],[25.4816,58.8512],[25.4813,58.8499],[25.4827,58.8489],[25.4833,58.8473],[25.4832,58.8458],[25.4793,58.8432],[25.4786,58.8419],[25.4806,58.8387],[25.4804,58.8378],[25.4792,58.8369],[25.4796,58.8354],[25.4778,58.8352],[25.4782,58.8337],[25.4759,58.8332],[25.4758,58.8326],[25.4757,58.8318],[25.4745,58.8313],[25.4729,58.8299],[25.4702,58.8292],[25.4682,58.8289],[25.4642,58.8288],[25.4617,58.8279],[25.4551,58.8244],[25.4519,58.8243],[25.4489,58.8238],[25.4465,58.8231],[25.4442,58.822],[25.4431,58.8204],[25.4445,58.8189],[25.4428,58.8183],[25.4419,58.8173],[25.4425,58.8163],[25.4411,58.8157],[25.4415,58.8146],[25.4396,58.8139],[25.4393,58.8132],[25.4399,58.8111],[25.4444,58.8096],[25.4452,58.809],[25.4449,58.8081],[25.4426,58.8066],[25.4415,58.8066],[25.4397,58.8048],[25.4396,58.8037],[25.4368,58.8017],[25.4355,58.8005],[25.435,58.7989],[25.4343,58.7987],[25.4323,58.7992],[25.4305,58.7991],[25.4298,58.7984],[25.4299,58.7974],[25.4277,58.7965],[25.4258,58.7965],[25.4241,58.7945],[25.4229,58.792],[25.422,58.7916],[25.4215,58.7892],[25.4173,58.7873],[25.413,58.7856],[25.4149,58.7851],[25.4135,58.7836],[25.4143,58.7829],[25.4144,58.7819],[25.4156,58.782],[25.4169,58.7815],[25.4185,58.7801],[25.4169,58.7776],[25.4151,58.7763],[25.4151,58.774],[25.413,58.7739],[25.4128,58.7728],[25.4107,58.7704],[25.4103,58.7694],[25.404,58.7683],[25.4027,58.7682],[25.4012,58.7691],[25.399,58.7688],[25.3966,58.7692],[25.3947,58.7701],[25.3928,58.7705],[25.3895,58.7708],[25.3873,58.7701],[25.3867,58.7692],[25.3865,58.7678],[25.3847,58.7665],[25.3836,58.7643],[25.382,58.7622],[25.3806,58.7616],[25.3778,58.7622],[25.3741,58.7619],[25.372,58.7622],[25.3685,58.7625],[25.3638,58.7621],[25.3608,58.7606],[25.3599,58.7604],[25.3581,58.7605],[25.3547,58.7603],[25.3529,58.7589],[25.3505,58.7589],[25.347,58.7583],[25.3431,58.7584],[25.3403,58.7579],[25.3356,58.7562],[25.3346,58.7555],[25.3321,58.755],[25.3315,58.7558],[25.3297,58.7559],[25.328,58.7552],[25.3281,58.7538],[25.3273,58.7531],[25.3253,58.7527],[25.3217,58.7534],[25.3216,58.7534],[25.3195,58.7532],[25.3156,58.7524],[25.3143,58.7525],[25.3135,58.7532],[25.3134,58.7542],[25.3105,58.7545],[25.3099,58.7552],[25.3079,58.7562],[25.3067,58.7571],[25.3039,58.7573],[25.2997,58.7593],[25.2991,58.7591],[25.3001,58.7564],[25.2996,58.7559],[25.2961,58.7546],[25.2936,58.7532],[25.2919,58.7526],[25.2896,58.7507],[25.2854,58.7492],[25.2853,58.7474],[25.2844,58.7466],[25.2847,58.7457],[25.2839,58.7448],[25.2835,58.7432],[25.2821,58.7427],[25.2819,58.742],[25.2804,58.7416],[25.2787,58.7403],[25.2784,58.7381],[25.2772,58.7374],[25.2762,58.7359],[25.2752,58.7358],[25.2732,58.7365],[25.2719,58.7348],[25.2719,58.7338],[25.2727,58.7326],[25.2715,58.7321],[25.2691,58.7322],[25.2682,58.7311],[25.2685,58.7297],[25.2659,58.7276],[25.2661,58.7263],[25.2634,58.7251],[25.2625,58.724],[25.2612,58.7234],[25.2589,58.7216],[25.2589,58.7207],[25.2605,58.7202],[25.2612,58.7198],[25.2626,58.7185],[25.2639,58.7175],[25.2654,58.7168],[25.2656,58.718],[25.2651,58.7183],[25.2612,58.7198]],[[24.4759,58.3769],[24.4777,58.379],[24.4803,58.3832],[24.4826,58.3852],[24.4843,58.3864],[24.4869,58.3875],[24.4897,58.388],[24.5002,58.3898],[24.504,58.3902],[24.5114,58.3901],[24.5178,58.3892],[24.5211,58.3885],[24.5262,58.3867],[24.5302,58.3849],[24.5328,58.3837],[24.5367,58.3817],[24.5403,58.3802],[24.5424,58.3797],[24.5482,58.3787],[24.5555,58.3778],[24.5577,58.3775],[24.5604,58.3766],[24.5615,58.3757],[24.562,58.3747],[24.5613,58.3717],[24.5616,58.3695],[24.5617,58.3685],[24.5638,58.3656],[24.5704,58.3635],[24.5785,58.3632],[24.5798,58.3635],[24.5848,58.3645],[24.5915,58.3678],[24.5965,58.3706],[24.6011,58.3735],[24.6073,58.3783],[24.6095,58.3802],[24.6134,58.3831],[24.6155,58.3851],[24.6172,58.3864],[24.6211,58.3883],[24.6271,58.3901],[24.6329,58.3928],[24.6359,58.3948],[24.6375,58.3972],[24.6375,58.3986],[24.6385,58.4011],[24.6397,58.4026],[24.6408,58.4033],[24.6458,58.4051],[24.6479,58.4061],[24.6479,58.409],[24.6486,58.4098],[24.6499,58.4102],[24.6567,58.4113],[24.6578,58.4115],[24.6606,58.4125],[24.6625,58.4137],[24.6656,58.4163],[24.6688,58.4174],[24.6707,58.4174],[24.6767,58.4184],[24.6796,58.4192],[24.681,58.4193],[24.6876,58.4187],[24.69,58.4187],[24.6949,58.4207],[24.6975,58.4209],[24.7034,58.4203],[24.7065,58.4202],[24.7084,58.4207],[24.7099,58.4214],[24.7121,58.4231],[24.7138,58.4241],[24.7192,58.4248],[24.7213,58.4252],[24.7223,58.426],[24.7241,58.4285],[24.7244,58.4293],[24.7253,58.4299],[24.7258,58.4312],[24.7278,58.433],[24.7281,58.4338],[24.7311,58.4371],[24.735,58.4393],[24.7361,58.4396],[24.7383,58.4408],[24.7411,58.4418],[24.7435,58.442],[24.7441,58.4424],[24.745,58.4433],[24.7446,58.4442],[24.7453,58.4453],[24.7467,58.4466],[24.7495,58.4472],[24.7522,58.4473],[24.7579,58.447],[24.7599,58.4475],[24.7623,58.4492],[24.7622,58.451],[24.7641,58.4534],[24.7641,58.4541],[24.7632,58.455],[24.7632,58.4564],[24.7643,58.4575],[24.7659,58.4584],[24.7664,58.4598],[24.7656,58.4616],[24.7662,58.4621],[24.7707,58.4636],[24.7717,58.4634],[24.7745,58.4621],[24.7776,58.4625],[24.7811,58.4637],[24.7819,58.4644],[24.7813,58.4673],[24.7826,58.4687],[24.7839,58.4707],[24.7839,58.4723],[24.7852,58.4738],[24.7876,58.4749],[24.7902,58.4753],[24.7919,58.4754],[24.7941,58.4762],[24.7955,58.4778],[24.8003,58.4783],[24.8052,58.4796],[24.8076,58.4806],[24.8113,58.4829],[24.8127,58.4836],[24.8157,58.4843],[24.8184,58.4841],[24.8203,58.4843],[24.8222,58.4848],[24.8282,58.4874],[24.8296,58.4879],[24.833,58.4887],[24.8338,58.4916],[24.8371,58.4924],[24.8413,58.4945],[24.8424,58.4956],[24.8409,58.4969],[24.8377,58.4979],[24.8369,58.499],[24.8373,58.5006],[24.8398,58.5024],[24.8392,58.5043],[24.8383,58.5053],[24.8387,58.5064],[24.8403,58.5067],[24.8422,58.5064],[24.8436,58.5056],[24.8453,58.5052],[24.8463,58.5055],[24.8479,58.5082],[24.8493,58.5086],[24.851,58.5084],[24.8524,58.5076],[24.8538,58.5056],[24.8554,58.5046],[24.8571,58.504],[24.8587,58.5034],[24.8606,58.5013],[24.8634,58.4998],[24.8658,58.499],[24.8707,58.4994],[24.8735,58.4984],[24.8757,58.4983],[24.8772,58.4986],[24.8788,58.4986],[24.8822,58.4977],[24.8861,58.4973],[24.8881,58.4961],[24.8903,58.4952],[24.8918,58.4948],[24.8939,58.4939],[24.8985,58.4937],[24.8997,58.4942],[24.9015,58.4958],[24.9033,58.4987],[24.9047,58.5002],[24.9073,58.5015],[24.908,58.5032],[24.9068,58.5047],[24.9075,58.5052],[24.9093,58.5093],[24.911,58.5118],[24.9125,58.513],[24.9138,58.5152],[24.9156,58.5168],[24.9167,58.5192],[24.9185,58.5205],[24.9194,58.5223],[24.9211,58.5229],[24.9237,58.5243],[24.9247,58.5262],[24.9254,58.5266],[24.9282,58.5268],[24.9307,58.5282],[24.9328,58.5282],[24.935,58.5286],[24.9358,58.5292],[24.936,58.5313],[24.9353,58.5337],[24.9355,58.5345],[24.9392,58.5385],[24.94,58.539],[24.9438,58.5401],[24.9455,58.541],[24.9455,58.5419],[24.9415,58.5427],[24.9406,58.5431],[24.9393,58.5443],[24.9389,58.546],[24.9394,58.5481],[24.9401,58.5488],[24.9414,58.5492],[24.9447,58.5503],[24.947,58.5516],[24.9481,58.5518],[24.9511,58.5517],[24.9542,58.5527],[24.9562,58.553],[24.9604,58.5528],[24.9634,58.553],[24.9664,58.5535],[24.9684,58.5543],[24.9696,58.5551],[24.971,58.5574],[24.9742,58.561],[24.9758,58.5621],[24.9778,58.5629],[24.979,58.5637],[24.9805,58.5659],[24.982,58.5667],[24.9878,58.5671],[24.9908,58.5676],[24.9945,58.5695],[24.9975,58.5702],[24.9993,58.572],[24.9998,58.5731],[25,58.5743],[24.9995,58.5767],[25,58.5779],[25.002,58.5797],[25.0011,58.5813],[25.0021,58.5823],[25.0046,58.5811],[25.0067,58.5808],[25.0086,58.5809],[25.0111,58.5823],[25.0126,58.5866],[25.0138,58.5873],[25.0157,58.5873],[25.0173,58.5869],[25.0185,58.5859],[25.0197,58.5866],[25.0196,58.5871],[25.0226,58.5881],[25.0244,58.5884],[25.0284,58.5894],[25.0308,58.5893],[25.0341,58.5899],[25.0349,58.5903],[25.0364,58.5915],[25.0377,58.5916],[25.0391,58.591],[25.0406,58.5888],[25.0426,58.5889],[25.0423,58.5904],[25.0431,58.591],[25.0447,58.5911],[25.0473,58.5905],[25.0482,58.5907],[25.0504,58.5921],[25.0512,58.5923],[25.0531,58.5921],[25.0548,58.591],[25.0571,58.5909],[25.062,58.5931],[25.0648,58.5938],[25.068,58.5939],[25.069,58.5947],[25.0707,58.5948],[25.0717,58.596],[25.0704,58.5971],[25.0706,58.5981],[25.0731,58.599],[25.0755,58.6025],[25.0774,58.6036],[25.0794,58.6055],[25.0822,58.6058],[25.0835,58.6065],[25.084,58.6067],[25.0846,58.6087],[25.0855,58.6096],[25.0881,58.6094],[25.0898,58.6085],[25.0919,58.6085],[25.0929,58.6091],[25.0929,58.6104],[25.0925,58.6109],[25.0907,58.6117],[25.0909,58.6133],[25.0926,58.6155],[25.0934,58.6161],[25.0964,58.6167],[25.1048,58.617],[25.1065,58.6173],[25.1088,58.6173],[25.1114,58.6163],[25.1133,58.6159],[25.1148,58.616],[25.1188,58.6163],[25.1198,58.6166],[25.1204,58.6181],[25.1195,58.6197],[25.1199,58.6203],[25.1218,58.6207],[25.1246,58.622],[25.1255,58.6228],[25.1258,58.6239],[25.1307,58.6267],[25.1332,58.6266],[25.1354,58.626],[25.1367,58.6255],[25.1382,58.6253],[25.1428,58.6266],[25.145,58.6281],[25.1467,58.6288],[25.149,58.6286],[25.1511,58.6276],[25.1556,58.6272],[25.1568,58.6279],[25.1581,58.6297],[25.1596,58.6297],[25.1604,58.6289],[25.1616,58.6287],[25.1633,58.6291],[25.1674,58.6304],[25.1679,58.6313],[25.1676,58.6327],[25.1699,58.6333],[25.1714,58.6326],[25.1726,58.6321],[25.1769,58.6334],[25.1791,58.6339],[25.1792,58.6353],[25.1814,58.6375],[25.1836,58.6382],[25.1894,58.638],[25.1919,58.6378],[25.195,58.6378],[25.1972,58.6382],[25.1979,58.6389],[25.1994,58.6391],[25.2009,58.6385],[25.203,58.6387],[25.2049,58.6397],[25.2058,58.6412],[25.2077,58.6417],[25.2095,58.6417],[25.2118,58.6427],[25.214,58.6449],[25.214,58.646],[25.2147,58.6466],[25.2168,58.6467],[25.2174,58.6459],[25.2193,58.6458],[25.2213,58.6476],[25.2229,58.6495],[25.2251,58.6501],[25.2275,58.6514],[25.2285,58.6526],[25.2307,58.6526],[25.2323,58.6534],[25.2335,58.6546],[25.2378,58.6577],[25.2416,58.6582],[25.2421,58.6587],[25.2409,58.66],[25.2411,58.6609],[25.2426,58.6612],[25.2446,58.6612],[25.2457,58.6615],[25.2471,58.6627],[25.2479,58.6644],[25.2502,58.6663],[25.2522,58.6665],[25.2539,58.6662],[25.2569,58.6645],[25.2593,58.6645],[25.2606,58.665],[25.2624,58.6662],[25.265,58.6662],[25.2659,58.6666],[25.2676,58.6688],[25.2688,58.6698],[25.2689,58.6709],[25.2716,58.6729],[25.2722,58.6746],[25.2722,58.676],[25.2728,58.6764],[25.2748,58.6765],[25.2769,58.6776],[25.2791,58.6782],[25.2816,58.6773],[25.2836,58.6774],[25.2842,58.6781],[25.2839,58.6792],[25.2823,58.6806],[25.2835,58.6814],[25.2867,58.6819],[25.2879,58.683],[25.2851,58.6834],[25.2837,58.6846],[25.2832,58.6858],[25.2838,58.6869],[25.2848,58.6878],[25.2851,58.6894],[25.2838,58.6903],[25.2817,58.6903],[25.279,58.6917],[25.2763,58.6918],[25.2754,58.6922],[25.2753,58.6933],[25.2766,58.6945],[25.2745,58.6974],[25.2729,58.6982],[25.2726,58.6987],[25.2735,58.7004],[25.2717,58.7016],[25.2717,58.7022],[25.2738,58.7028],[25.2747,58.7038],[25.2746,58.7046],[25.2737,58.7055],[25.2734,58.7066],[25.2723,58.7071],[25.2698,58.7072],[25.269,58.708],[25.269,58.7091],[25.2701,58.7102],[25.2747,58.7125],[25.2771,58.7124],[25.2779,58.7134],[25.2773,58.7141],[25.2747,58.7148],[25.2719,58.7151],[25.2705,58.7153],[25.2685,58.716],[25.267,58.7157],[25.2663,58.7149],[25.2649,58.715],[25.2654,58.7168]],[[25.3321,58.755],[25.3281,58.7538]],[[25.0835,58.6065],[25.0811,58.6072],[25.0796,58.6067],[25.0794,58.6055]],[[25.1769,58.6334],[25.1747,58.6345],[25.1735,58.6342],[25.1726,58.6328],[25.1714,58.6326]],[[25.0196,58.5871],[25.0173,58.5869]],[[25.3431,58.7584],[25.3418,58.7589],[25.3403,58.7579]],[[25.2715,58.7321],[25.2703,58.7325],[25.2691,58.7322]],[[25.2626,58.7185],[25.2651,58.7183]]]},"properties":{"name":"Pärnu jõgi"}},
{"type":"Feature","geometry":{"type":"MultiLineString","coordinates":[[[26.5233,59.4402],[26.5246,59.4404],[26.5264,59.4414],[26.5271,59.4412],[26.5277,59.44],[26.527,59.4396],[26.525,59.4398],[26.5244,59.4393]],[[26.5208,59.4421],[26.523,59.4428],[26.5241,59.4427],[26.5228,59.4407]],[[26.5303,59.4333],[26.5333,59.4333],[26.5322,59.4314],[26.5299,59.4315]],[[24.853,59.4624],[24.8553,59.4627],[24.8563,59.4622],[24.8558,59.4613]],[[24.8482,59.464],[24.8504,59.4639],[24.8522,59.4625]],[[24.8405,59.4628],[24.8392,59.4629],[24.8388,59.4641],[24.8366,59.4648],[24.8349,59.4644]],[[24.8438,59.4644],[24.843,59.4647],[24.8425,59.4654],[24.8399,59.4658],[24.839,59.4672],[24.8374,59.4671],[24.8372,59.4658],[24.8366,59.4648]],[[26.8363,57.9107],[26.8361,57.9107]],[[25.9866,58.6448],[25.9855,58.6458],[25.984,58.6458]],[[25.9562,59.522],[25.9564,59.5235],[25.9561,59.5247],[25.9544,59.5273],[25.9532,59.5281],[25.9492,59.5291],[25.9489,59.5292],[25.9485,59.5294]],[[25.1986,58.8822],[25.1996,58.8821]],[[25.2666,58.802],[25.2666,58.8024]],[[25.2688,58.766],[25.2689,58.7661]],[[25.2698,58.7633],[25.27,58.7636]],[[25.2554,58.7521],[25.2553,58.7526]],[[25.2452,58.7452],[25.2459,58.7452]],[[25.2362,58.734],[25.234,58.733],[25.2341,58.734]],[[24.4166,59.3341],[24.4156,59.3333],[24.4173,59.333]],[[25.1574,59.4651],[25.1588,59.4644],[25.1605,59.4646],[25.1618,59.4653],[25.1628,59.4651],[25.1642,59.4628],[25.1662,59.4629],[25.1677,59.4636],[25.169,59.4633]],[[24.9847,59.2337],[24.9852,59.2336]],[[24.9863,59.2331],[24.9855,59.2335]],[[27.1713,58.9891],[27.1711,58.9879],[27.172,58.9867]],[[24.6686,59.2383],[24.6698,59.2379]],[[24.684,59.233],[24.6849,59.2325],[24.6861,59.2327]],[[24.7205,59.2063],[24.7188,59.2066],[24.7179,59.2071]],[[24.7188,59.2069],[24.7188,59.2066]],[[24.4405,59.3018],[24.4391,59.3016]],[[25.4035,59.2851],[25.406,59.2856]],[[27.7539,59.4016],[27.7529,59.4017],[27.7509,59.401],[27.7504,59.3987],[27.7509,59.398],[27.754,59.3951],[27.7573,59.3925],[27.7575,59.3912]],[[24.4933,59.1551],[24.494,59.1567],[24.4943,59.1582],[24.494,59.159],[24.4946,59.1596],[24.4979,59.1603],[24.5003,59.1606],[24.5012,59.1603]],[[24.4178,59.3327],[24.4165,59.3319]],[[24.6978,58.9481],[24.6969,58.9478],[24.6971,58.9476]],[[26.4291,58.23],[26.4286,58.2287],[26.4304,58.2288]],[[26.4071,57.9696],[26.4071,57.9698]],[[26.5817,59.3872],[26.5822,59.3875],[26.5819,59.389],[26.5813,59.3892],[26.5785,59.3893]],[[26.5363,59.4241],[26.5347,59.4239],[26.5347,59.4232],[26.5335,59.4218],[26.5347,59.4211],[26.5358,59.4216],[26.5372,59.4215]],[[26.3321,59.3806],[26.3316,59.3805]],[[27.9248,59.2548],[27.9249,59.2536],[27.9264,59.2524],[27.9296,59.2524],[27.9306,59.2518],[27.9305,59.2508],[27.9283,59.2492],[27.9283,59.2483],[27.9272,59.2476],[27.9271,59.2467],[27.9248,59.2454],[27.9234,59.2453],[27.9248,59.2431],[27.9242,59.2406],[27.9256,59.2391],[27.9261,59.2379],[27.9253,59.2369],[27.9265,59.2358],[27.9248,59.2337],[27.9232,59.2326],[27.9239,59.2321],[27.9227,59.2308],[27.9247,59.2299],[27.9278,59.2297],[27.9292,59.2292],[27.9295,59.2286],[27.9318,59.2283],[27.9326,59.2288],[27.9355,59.2285],[27.9367,59.2278],[27.9382,59.228],[27.9399,59.2276],[27.94,59.2265],[27.9418,59.2249],[27.9424,59.2223],[27.944,59.2211],[27.9451,59.2211],[27.9486,59.219]],[[25.1355,59.4424],[25.1334,59.4426]],[[24.7709,58.9951],[24.7725,58.9961]],[[27.1757,58.9892],[27.1752,58.9883],[27.1755,58.9869],[27.1788,58.9859],[27.1791,58.9852],[27.1782,58.9841],[27.1753,58.9841],[27.1737,58.9858],[27.1724,58.9864]],[[24.786,59.1319],[24.7843,59.1322],[24.7841,59.1334],[24.7838,59.1353],[24.7841,59.1356]],[[24.7847,59.1333],[24.7841,59.1334]],[[24.7981,59.1185],[24.7969,59.118],[24.7975,59.1172]],[[26.1911,58.0797],[26.1912,58.0798]],[[26.1917,58.0819],[26.1911,58.082]],[[26.1902,58.0837],[26.1907,58.0836]],[[26.1898,58.0844],[26.1893,58.0842]],[[26.1283,58.0708],[26.1281,58.0702]],[[26.0498,58.0572],[26.0492,58.0558],[26.05,58.0552],[26.0526,58.0553],[26.0537,58.0545]],[[26.1391,57.8474],[26.1421,57.8477],[26.1441,57.8483]],[[24.6649,59.3614],[24.6641,59.3631]],[[25.9927,58.5438],[25.9943,58.5441],[25.9927,58.5448]],[[26.1329,58.4452],[26.1335,58.4464],[26.1356,58.447],[26.1352,58.4482],[26.1343,58.4486],[26.1313,58.448],[26.1313,58.446]],[[25.9926,58.5453],[25.9948,58.5456],[25.9947,58.5462],[25.992,58.5464]],[[25.9919,58.5466],[25.9935,58.547],[25.9945,58.5487],[25.9921,58.5486],[25.9895,58.5481]],[[25.989,58.5483],[25.9908,58.55],[25.9888,58.5501],[25.9881,58.5515],[25.9856,58.5519],[25.985,58.5515],[25.9849,58.55]],[[27.5053,59.375],[27.5079,59.3749],[27.5081,59.3749],[27.5084,59.3742],[27.5084,59.3739],[27.5094,59.3736]],[[25.2412,58.4682],[25.2416,58.4685]],[[25.4427,58.4654],[25.4435,58.4649],[25.4475,58.4644]],[[25.5412,58.1144],[25.5428,58.114],[25.5453,58.1125],[25.5475,58.1108],[25.5543,58.1073]],[[25.5406,58.1146],[25.5412,58.1144]],[[26.3238,57.9152],[26.3246,57.9167],[26.3242,57.9176],[26.3225,57.9184],[26.3217,57.9194],[26.3218,57.9208],[26.3231,57.9222],[26.3248,57.9217],[26.3253,57.921],[26.3265,57.921]],[[25.9861,58.6426],[25.9857,58.6432],[25.987,58.644]],[[26.8282,58.4675],[26.8282,58.4682]],[[26.8277,58.4672],[26.8282,58.4676]],[[26.8284,58.469],[26.8288,58.4699]],[[26.8259,58.4667],[26.8264,58.467]],[[24.7664,58.9689],[24.7667,58.9688]],[[25.8825,59.318],[25.8817,59.3187],[25.8802,59.3183],[25.8781,59.3183],[25.8767,59.3188],[25.8764,59.3188],[25.8746,59.3187]],[[24.5967,58.2861],[24.5978,58.287],[24.599,58.2867],[24.6001,58.2876],[24.6002,58.2882],[24.6014,58.2889],[24.6019,58.2891],[24.6033,58.2896],[24.604,58.2906],[24.6069,58.2914],[24.6067,58.2927],[24.6059,58.2931],[24.6103,58.2948],[24.6105,58.2954]],[[26.0372,58.8957],[26.0371,58.8958]],[[26.0532,58.886],[26.0522,58.8861]],[[26.0675,58.8775],[26.0667,58.8778]],[[26.0654,58.8786],[26.0657,58.8784],[26.0668,58.8781]],[[25.6908,58.3984],[25.6903,58.3989],[25.6926,58.399],[25.6943,58.3983],[25.6948,58.399],[25.6964,58.3982],[25.6993,58.3975]],[[24.7209,59.2904],[24.7195,59.2908],[24.7194,59.2916],[24.7173,59.2921],[24.716,59.292],[24.7152,59.2911],[24.7133,59.2911],[24.7126,59.2919],[24.7109,59.2928],[24.7098,59.2936],[24.7082,59.2934],[24.7073,59.2928],[24.7074,59.2922],[24.7102,59.291],[24.7102,59.2905]],[[27.232,58.1084],[27.2286,58.1079],[27.2247,58.107],[27.2231,58.1046],[27.2218,58.104],[27.2218,58.1028],[27.2202,58.1022],[27.2195,58.101],[27.2195,58.0991],[27.2186,58.0978],[27.219,58.0972],[27.2183,58.0958],[27.2184,58.0937],[27.2193,58.0925],[27.2177,58.0921],[27.2172,58.091],[27.216,58.0912],[27.2117,58.0901],[27.2119,58.0894],[27.2109,58.0888],[27.208,58.0888],[27.2072,58.0885],[27.2051,58.0883],[27.2022,58.0897],[27.198,58.0897],[27.1978,58.0898],[27.1949,58.0901],[27.1931,58.0911],[27.1881,58.0907],[27.1863,58.0908],[27.1845,58.0903],[27.1837,58.0892],[27.1824,58.089],[27.1822,58.0875],[27.1794,58.0867],[27.1795,58.0864],[27.1811,58.0855],[27.1812,58.0848],[27.1834,58.0835],[27.1825,58.0821],[27.1807,58.0818],[27.1818,58.0811],[27.1806,58.0808],[27.1809,58.08],[27.1802,58.0791],[27.1815,58.0785],[27.1817,58.0779],[27.1794,58.0767],[27.1798,58.0748],[27.1807,58.0745],[27.1806,58.0737],[27.1827,58.0729],[27.1835,58.0719],[27.1835,58.0711],[27.1844,58.07],[27.1824,58.0694]],[[27.2989,58.0471],[27.2973,58.0467]],[[27.3046,58.0278],[27.3045,58.0273]],[[27.5609,58.0987],[27.563,58.0998],[27.5688,58.104],[27.5701,58.1047],[27.5683,58.1003],[27.5672,58.0989],[27.5656,58.0982],[27.5638,58.0982]],[[26.9539,57.8534],[26.9523,57.8534],[26.9427,57.8521],[26.9378,57.8515],[26.9216,57.8497],[26.9112,57.8484],[26.9067,57.8465],[26.9018,57.8449],[26.8969,57.8431],[26.8898,57.8405],[26.8863,57.8394]],[[25.6703,57.985],[25.6706,57.9852]],[[25.3731,59.2965],[25.3742,59.2951]],[[25.2879,58.5835],[25.2889,58.583]],[[26.6418,57.6424],[26.6408,57.6427],[26.6408,57.6437],[26.6427,57.6434]],[[26.6415,57.6404],[26.6398,57.6405],[26.6383,57.6411],[26.6381,57.6417],[26.6395,57.6422],[26.6409,57.6414]],[[26.6551,57.6513],[26.6539,57.6515]],[[26.6063,57.6186],[26.605,57.6189]],[[26.487,57.5966],[26.4869,57.5968],[26.4858,57.5974],[26.4871,57.5981],[26.4888,57.5984],[26.4891,57.5982],[26.4902,57.5981],[26.4921,57.5981],[26.4934,57.5972]],[[26.8943,57.6835],[26.8932,57.6831],[26.892,57.6818]],[[26.891,57.6886],[26.8906,57.6868],[26.8915,57.6861]],[[24.3614,58.4123],[24.3581,58.4124],[24.3571,58.4129]],[[23.5771,59.2165],[23.573,59.2149],[23.5747,59.2146],[23.5745,59.2138],[23.5729,59.2126],[23.5757,59.2125],[23.5767,59.2117],[23.5764,59.2108]],[[25.986,58.6146],[25.9865,58.6147]],[[26.4677,58.8401],[26.4685,58.8402],[26.4694,58.8415],[26.4711,58.8421],[26.4682,58.8425],[26.4674,58.844],[26.4656,58.844],[26.4649,58.8446],[26.4626,58.845],[26.4615,58.8447],[26.461,58.846],[26.4584,58.8451],[26.4573,58.8452],[26.4558,58.8464],[26.4548,58.846],[26.4547,58.8448],[26.4558,58.8445],[26.4546,58.8436],[26.4532,58.8437],[26.4524,58.843],[26.452,58.8418],[26.4497,58.8416],[26.4497,58.8427],[26.4485,58.8435]],[[26.4378,58.8413],[26.439,58.8429],[26.4414,58.8428],[26.4428,58.8423]],[[25.3606,58.1402],[25.358,58.1404],[25.3551,58.1407],[25.3519,58.1414],[25.349,58.1423],[25.3451,58.1433],[25.3418,58.1449],[25.3388,58.1453],[25.3372,58.1449],[25.336,58.1455],[25.3351,58.1474],[25.3354,58.1483],[25.3344,58.1491],[25.3309,58.1493],[25.3286,58.1502],[25.3267,58.1515],[25.3243,58.1518]],[[25.4764,58.5984],[25.4806,58.598],[25.4806,58.5979],[25.4832,58.5976],[25.4893,58.5973],[25.4919,58.5969]],[[24.6148,58.9136],[24.6164,58.9129],[24.6165,58.913],[24.6161,58.9137]],[[25.9676,58.7878],[25.9665,58.7885],[25.9645,58.789]],[[24.6457,58.9319],[24.6464,58.9319],[24.6453,58.9323],[24.6449,58.9323],[24.6441,58.9322]],[[25.5281,58.1203],[25.5268,58.1209],[25.5247,58.1207],[25.5224,58.1209]],[[26.5797,59.3888],[26.5819,59.389]],[[26.6966,58.5916],[26.6959,58.5931],[26.6957,58.5947]],[[26.7634,58.3296],[26.7632,58.3295]],[[27.1808,58.0674],[27.1806,58.0673]],[[27.1811,58.0688],[27.1818,58.0685]],[[27.1805,58.0668],[27.179,58.0663],[27.1791,58.0659]],[[27.0956,58.5464],[27.0923,58.5464],[27.0877,58.5466],[27.0851,58.5476]],[[24.8362,58.7476],[24.8364,58.7477]],[[24.7258,58.7289],[24.7259,58.7288]],[[24.8493,58.763],[24.8495,58.763]],[[24.7992,58.7268],[24.7993,58.7268]],[[24.6971,58.7458],[24.697,58.7457]],[[24.8016,58.7273],[24.8019,58.7272]],[[27.2527,58.4063],[27.2594,58.4108],[27.2652,58.4135],[27.2719,58.4179],[27.2769,58.4231],[27.2831,58.4282],[27.2911,58.4353],[27.2951,58.4394],[27.3007,58.4445],[27.3069,58.4496],[27.3117,58.4546],[27.3156,58.4583],[27.3222,58.4638],[27.3301,58.4692],[27.3354,58.4726],[27.3384,58.4745],[27.3539,58.485],[27.3677,58.4941],[27.3768,58.4999],[27.391,58.5094],[27.399,58.5154],[27.4051,58.5199],[27.4134,58.5257],[27.4227,58.5327],[27.4305,58.5386],[27.4368,58.5441],[27.4415,58.5479],[27.4516,58.5582],[27.4552,58.5498],[27.4572,58.5455],[27.4625,58.5361],[27.4693,58.522],[27.4781,58.506],[27.4867,58.4886],[27.4893,58.4813],[27.4927,58.4743],[27.4934,58.473],[27.4995,58.4624],[27.5069,58.4496],[27.5122,58.4362],[27.5193,58.4232],[27.5203,58.4212],[27.5257,58.4092],[27.5343,58.3919],[27.5394,58.3843],[27.543,58.3753],[27.5439,58.3684],[27.5443,58.3645],[27.544,58.3609],[27.5404,58.3571],[27.5364,58.3552],[27.5287,58.3502],[27.5254,58.3472],[27.5267,58.344],[27.5305,58.3396],[27.5329,58.3373],[27.5371,58.3344],[27.5426,58.3294],[27.5506,58.3239],[27.5551,58.3214],[27.5593,58.3196],[27.5652,58.318],[27.5739,58.3169],[27.5881,58.3133],[27.5988,58.3113],[27.6057,58.3072],[27.607,58.3043],[27.6072,58.3028]],[[26.6024,57.8124],[26.6026,57.8124]],[[27.1113,57.7606],[27.1098,57.76],[27.1083,57.7604]],[[25.6893,58.8414],[25.6891,58.8411]],[[26.6066,58.3797],[26.6078,58.3778],[26.6084,58.3762],[26.6093,58.3719],[26.6092,58.3714],[26.6068,58.3694],[26.6071,58.368]],[[26.9185,57.7296],[26.9258,57.7265],[26.9267,57.7264]],[[25.9594,59.5172],[25.9573,59.5179],[25.9555,59.5183],[25.9551,59.5199],[25.956,59.5211],[25.9561,59.5213],[25.9563,59.5218]],[[26.8412,57.5858],[26.8445,57.5875]],[[26.8331,57.5828],[26.8353,57.5834]],[[26.8357,57.5836],[26.8404,57.5855]],[[27.7646,59.3814],[27.7648,59.3826],[27.7641,59.3845],[27.7676,59.3862],[27.7664,59.3872],[27.7624,59.3882],[27.7607,59.3888],[27.7575,59.3909]],[[27.2208,58.4223],[27.2183,58.4206],[27.217,58.419],[27.2143,58.4186]],[[26.9254,59.285],[26.9254,59.2849]],[[24.9356,58.8912],[24.9358,58.8912]],[[24.9231,58.8927],[24.9232,58.8926]],[[24.9528,58.8947],[24.9528,58.8948]],[[24.8199,58.9325],[24.8201,58.9324]],[[24.9443,58.8913],[24.9444,58.8913]],[[24.8834,58.9026],[24.8834,58.9025]],[[24.8525,58.9237],[24.8526,58.9237]],[[24.9095,58.8925],[24.9099,58.8925]],[[24.8051,58.9372],[24.8053,58.9371]],[[26.5029,57.9252],[26.4987,57.9283],[26.4946,57.9291],[26.4919,57.9293],[26.4855,57.9308],[26.482,57.9312],[26.4803,57.9312],[26.4713,57.9306],[26.4689,57.9285],[26.4664,57.9273],[26.4635,57.927],[26.4631,57.9266],[26.4632,57.9251]],[[26.8645,58.0626],[26.8625,58.0617],[26.8617,58.061],[26.8599,58.0602]],[[26.7353,57.6159],[26.7359,57.6164]],[[26.7951,57.6438],[26.7953,57.6437]],[[26.7941,57.6435],[26.7942,57.6435]],[[26.7346,57.6156],[26.7349,57.6158]],[[26.5745,57.9745],[26.5752,57.9746],[26.5752,57.9743]],[[26.6567,57.9571],[26.6557,57.9572]],[[26.5339,57.9865],[26.5337,57.9863]],[[26.6943,57.9555],[26.695,57.9553]],[[26.5765,57.9741],[26.5762,57.9742]],[[26.5758,57.9743],[26.5752,57.9746]],[[26.5341,57.9868],[26.5339,57.9865]],[[26.7624,57.606],[26.7625,57.606]],[[26.7459,57.6036],[26.746,57.6038]],[[25.094,58.0856],[25.0939,58.0856]],[[26.0938,58.9781],[26.0939,58.9784]],[[26.0962,58.9788],[26.0962,58.9789]],[[22.2009,58.1607],[22.201,58.1606]],[[22.2144,58.1676],[22.2139,58.1676],[22.2137,58.1676],[22.2135,58.1676]],[[27.1902,59.1398],[27.192,59.1403],[27.1928,59.1394],[27.1914,59.1388],[27.1912,59.1373],[27.1902,59.1366],[27.1922,59.1361],[27.193,59.1354],[27.1946,59.1353],[27.1945,59.1346],[27.1963,59.1336],[27.195,59.1329],[27.1948,59.1318],[27.1962,59.1314],[27.1984,59.1318],[27.1997,59.131],[27.1992,59.1303],[27.2,59.1298],[27.1999,59.1297],[27.1983,59.1292],[27.1975,59.1278]],[[25.0752,58.3624],[25.0751,58.3623]],[[26.8235,58.1549],[26.8236,58.1548]],[[24.8456,58.754],[24.8456,58.7541]],[[25.9808,58.3969],[25.9901,58.3947],[25.9915,58.3944],[25.9941,58.3927],[25.997,58.3889],[26.0005,58.3859],[26.0051,58.3818],[26.0079,58.3801],[26.0133,58.3778],[26.0167,58.3762],[26.0219,58.3741],[26.0279,58.372],[26.031,58.3712],[26.0368,58.371],[26.0425,58.3712],[26.0536,58.3714],[26.0604,58.3717],[26.0667,58.3721],[26.078,58.3721],[26.0874,58.3722],[26.1018,58.3733],[26.1136,58.3745],[26.1207,58.3764],[26.1234,58.3782],[26.1314,58.3825]],[[27.5546,58.1012],[27.5564,58.1019],[27.5582,58.1028],[27.5664,58.1082],[27.5679,58.109],[27.5702,58.1099],[27.5767,58.1128],[27.573,58.1094],[27.5701,58.1047]],[[27.1772,58.9792],[27.1792,58.978],[27.1831,58.9763],[27.1875,58.975],[27.1921,58.9737],[27.2053,58.9706],[27.2083,58.97],[27.2173,58.9686],[27.227,58.9669],[27.2377,58.9648],[27.249,58.9636],[27.2562,58.9626],[27.2718,58.9615],[27.286,58.9598],[27.2994,58.958],[27.3169,58.9562],[27.3268,58.9549],[27.3382,58.9539],[27.3472,58.9527],[27.3344,58.9515],[27.3189,58.95],[27.3067,58.9484],[27.2944,58.9469],[27.2773,58.9438],[27.2599,58.9405],[27.2465,58.9404],[27.2376,58.9402],[27.2243,58.9401],[27.2129,58.9402],[27.1856,58.9402],[27.1704,58.9404],[27.1562,58.9406],[27.1416,58.9404],[27.1169,58.9404],[27.1056,58.9406],[27.0951,58.9405],[27.0818,58.9405],[27.0733,58.9403],[27.0688,58.9406],[27.0652,58.9404],[27.0575,58.9405],[27.0556,58.9408]],[[26.9795,58.781],[26.9817,58.7824],[26.9826,58.7835],[26.983,58.7872],[26.9829,58.7894],[26.9825,58.7914],[26.9825,58.7931],[26.983,58.7968],[26.9848,58.8014],[26.9875,58.8061],[26.989,58.8099],[26.9927,58.8156],[26.9972,58.8211],[27.0013,58.8258],[27.0045,58.83],[27.0091,58.8351],[27.0132,58.8386],[27.0164,58.8416],[27.0208,58.845],[27.0261,58.8489],[27.031,58.8518],[27.0354,58.8547],[27.0397,58.8573],[27.0453,58.8599],[27.0491,58.8613],[27.057,58.8647],[27.0647,58.8684],[27.0743,58.8733],[27.0851,58.8779],[27.0898,58.8809],[27.0946,58.8828],[27.1009,58.8857],[27.1101,58.8902],[27.1183,58.8931],[27.1297,58.897],[27.1382,58.8997],[27.1498,58.9031],[27.159,58.9064],[27.1714,58.9103],[27.1768,58.9129],[27.1879,58.9179],[27.2025,58.9237],[27.2127,58.9274],[27.2226,58.9307],[27.2445,58.937],[27.2599,58.9405]],[[27.6285,57.9574],[27.626,57.9609],[27.6238,57.962],[27.6206,57.9628],[27.6184,57.9641],[27.6169,57.9656],[27.6166,57.9669],[27.6173,57.9683],[27.6176,57.9703],[27.6169,57.9724],[27.616,57.9737],[27.6147,57.9748],[27.6127,57.9769],[27.6124,57.9789],[27.6135,57.9824],[27.6157,57.987],[27.6184,57.9914],[27.6218,57.9956],[27.625,58.0001],[27.6263,58.0022],[27.6275,58.0048],[27.6264,58.0065],[27.6246,58.0083],[27.6191,58.0114],[27.6171,58.0129],[27.6162,58.0146],[27.6145,58.0199],[27.6141,58.0226],[27.6134,58.0257],[27.6118,58.0339],[27.6112,58.0365],[27.6101,58.0399],[27.6096,58.0423],[27.6078,58.0496],[27.6074,58.0508],[27.607,58.0537],[27.6079,58.057],[27.6092,58.0594],[27.6106,58.0612],[27.6119,58.0635],[27.6154,58.0682],[27.6183,58.0725],[27.619,58.0739],[27.6216,58.078],[27.6259,58.0856],[27.6295,58.0911],[27.6287,58.093],[27.6273,58.0945],[27.6346,58.0942],[27.6488,58.0949],[27.655,58.0953]],[[26.0573,58.0961],[26.0608,58.0973],[26.064,58.0986],[26.0674,58.1007],[26.0703,58.1038],[26.0725,58.1064],[26.0747,58.1084],[26.077,58.1112],[26.0785,58.1134],[26.0793,58.1154],[26.0798,58.1183],[26.0793,58.1206],[26.0783,58.1229],[26.0761,58.1262],[26.0749,58.1278],[26.0706,58.1327],[26.0692,58.1349],[26.0697,58.1378],[26.0698,58.1403],[26.0698,58.1454],[26.07,58.1489],[26.0699,58.1515],[26.07,58.1546],[26.0695,58.1641],[26.0688,58.1673],[26.0674,58.1714],[26.0658,58.176],[26.0651,58.1813],[26.0639,58.1861],[26.0624,58.1913],[26.0619,58.1942],[26.0607,58.1972],[26.0585,58.1985],[26.0561,58.1993],[26.0493,58.202],[26.046,58.203],[26.0424,58.2042],[26.0325,58.2062],[26.0268,58.2085],[26.0205,58.2104],[26.0177,58.2116],[26.0147,58.2125],[26.0112,58.2139],[26.0073,58.2159],[26.0048,58.2166],[26.002,58.2178],[26.0051,58.2139],[26.0074,58.2107],[26.009,58.2078],[26.0126,58.2022],[26.0142,58.2001],[26.0165,58.1976],[26.0201,58.1938]],[[26.0929,58.1349],[26.0847,58.136],[26.0807,58.1372],[26.0769,58.14],[26.0756,58.1411],[26.0723,58.1457],[26.0717,58.1472],[26.07,58.1489]],[[27.8393,58.5583],[27.8258,58.5603],[27.8192,58.5613],[27.8083,58.5633],[27.8036,58.5646],[27.798,58.5657],[27.7914,58.5672],[27.7859,58.5683],[27.7819,58.5693],[27.7737,58.5716],[27.7692,58.5727],[27.7625,58.5737],[27.7573,58.5753],[27.7537,58.5759],[27.7469,58.5774],[27.7432,58.5785],[27.7374,58.5796],[27.7335,58.5807],[27.7259,58.5821],[27.7198,58.5838],[27.7131,58.5853],[27.7068,58.5864],[27.6919,58.59],[27.6856,58.592],[27.6786,58.5944],[27.6729,58.5966],[27.6631,58.5997],[27.6559,58.6015],[27.6474,58.6031],[27.6342,58.6061],[27.6204,58.609],[27.6147,58.6113],[27.609,58.6132],[27.5971,58.6178],[27.5891,58.6202],[27.5826,58.6226],[27.5767,58.6243],[27.5664,58.6286],[27.5607,58.6313],[27.5552,58.6344],[27.5472,58.6381],[27.5415,58.6399],[27.5305,58.6439],[27.5199,58.6458],[27.5066,58.6483],[27.4999,58.651],[27.4924,58.6531],[27.4733,58.6579],[27.451,58.6621],[27.434,58.6661],[27.4197,58.6704],[27.4046,58.6735],[27.3924,58.6772],[27.3964,58.6686],[27.4064,58.6505],[27.4101,58.6405],[27.4125,58.6369],[27.4149,58.6331],[27.4165,58.6291],[27.4185,58.6247],[27.4203,58.6203],[27.4227,58.6169],[27.4242,58.6118],[27.427,58.6078],[27.4288,58.6035],[27.4335,58.5956],[27.4349,58.5926],[27.4384,58.5854],[27.4434,58.576],[27.4465,58.57],[27.449,58.5645],[27.4501,58.5615],[27.4516,58.5582]],[[26.8859,57.6208],[26.8882,57.6199],[26.8888,57.6191],[26.9005,57.6159],[26.9006,57.6153]],[[27.7292,58.9875],[27.727,58.9871],[27.7246,58.9862],[27.7207,58.9846],[27.7175,58.9828],[27.7139,58.9791],[27.7104,58.9762],[27.7064,58.9745],[27.7029,58.9728],[27.6914,58.9703],[27.6803,58.9688],[27.6686,58.9675],[27.6634,58.967],[27.6568,58.9664],[27.6332,58.9664],[27.6215,58.967],[27.615,58.967],[27.607,58.9675],[27.6,58.9675],[27.5975,58.9677],[27.587,58.9684],[27.5766,58.9689],[27.568,58.9692],[27.5435,58.9707],[27.5366,58.9704],[27.5342,58.9703],[27.5231,58.9703],[27.5163,58.9696],[27.5044,58.9695],[27.4954,58.9688],[27.4836,58.9684],[27.4355,59.0058]],[[25.9866,58.6144],[25.9866,58.6145]],[[25.0616,58.7348],[25.062,58.7349]],[[25.0714,58.7423],[25.0714,58.7425]],[[25.0672,58.763],[25.0666,58.7635]],[[25.0678,58.7622],[25.0674,58.7626]],[[25.0706,58.7604],[25.0679,58.7621]],[[25.1011,58.7389],[25.1008,58.7398]],[[25.1013,58.7404],[25.101,58.7415]],[[25.1014,58.7421],[25.1008,58.7427]],[[25.0603,58.7678],[25.062,58.768],[25.0648,58.7674],[25.0647,58.7674]],[[25.0653,58.7668],[25.0648,58.7674]],[[25.0654,58.7665],[25.0653,58.7667]],[[25.0665,58.7644],[25.0672,58.764],[25.0667,58.764]],[[25.1152,58.7682],[25.114,58.7688]],[[25.1091,58.7788],[25.1083,58.7794]],[[25.1103,58.7768],[25.1091,58.7765],[25.108,58.7774],[25.1099,58.7778]],[[25.1109,58.7749],[25.1103,58.7748]],[[25.0569,58.721],[25.0569,58.7214]],[[25.064,58.7297],[25.0635,58.7295],[25.0627,58.7297],[25.0625,58.7307]],[[25.0644,58.7293],[25.0644,58.7299],[25.0639,58.7299]],[[25.0633,58.7307],[25.0632,58.7311]],[[25.102,58.7307],[25.1008,58.7301],[25.098,58.7312],[25.1006,58.7319],[25.1008,58.7328]],[[27.2414,58.4381],[27.2436,58.4389],[27.2465,58.4397],[27.2513,58.4412],[27.2617,58.4496],[27.3149,58.4669],[27.3234,58.4696],[27.3354,58.4726]],[[26.9712,58.8898],[26.9735,58.8891],[26.9762,58.8889],[26.98,58.8889],[26.9921,58.8894],[26.9964,58.8898],[27.0044,58.89],[27.0172,58.8907],[27.022,58.891],[27.0283,58.8914],[27.0369,58.892],[27.0414,58.8924],[27.0462,58.8925],[27.0506,58.8928],[27.0622,58.8933],[27.0695,58.8938],[27.0752,58.8939],[27.0828,58.8942],[27.0894,58.8944],[27.0954,58.8948],[27.1106,58.8955],[27.1232,58.8963],[27.1297,58.897]],[[26.9527,58.8468],[26.9548,58.8468],[26.9588,58.8471],[26.9683,58.8485],[26.9753,58.8496],[26.9835,58.8507],[26.9893,58.8516],[27.0044,58.8537],[27.0118,58.855],[27.0172,58.856],[27.0242,58.8569],[27.0379,58.859],[27.0491,58.8613]],[[27.1794,58.6341],[27.1819,58.6345],[27.1915,58.6378],[27.1961,58.6392],[27.1986,58.6401],[27.2075,58.6428],[27.2156,58.6456],[27.2232,58.6485],[27.2295,58.6513],[27.2326,58.6524],[27.2413,58.6561],[27.2441,58.6576],[27.2466,58.6586],[27.2489,58.6599],[27.2526,58.6614],[27.2581,58.6642],[27.2611,58.6655],[27.2647,58.6676],[27.2711,58.6706],[27.2764,58.6731],[27.2798,58.6746],[27.2822,58.6762],[27.2893,58.6797],[27.2964,58.6828],[27.3015,58.6855],[27.3099,58.6896],[27.3178,58.694],[27.3206,58.6956],[27.3242,58.6971],[27.3286,58.6992],[27.3327,58.7014],[27.3347,58.7029],[27.339,58.7056],[27.3406,58.7069],[27.3443,58.7087],[27.349,58.7108],[27.3525,58.7128],[27.3561,58.7147],[27.3589,58.7158],[27.3652,58.7192],[27.369,58.7223],[27.3708,58.7252],[27.3733,58.717],[27.3808,58.7009],[27.3883,58.6862],[27.3924,58.6772]],[[27.7792,58.7609],[27.7665,58.7643],[27.7626,58.7656],[27.7534,58.7687],[27.7505,58.77],[27.7469,58.7711],[27.746,58.7716],[27.7419,58.7727],[27.7332,58.7756],[27.729,58.777],[27.7256,58.7788],[27.7212,58.7805],[27.7185,58.7817],[27.7139,58.7829],[27.7091,58.7839],[27.7047,58.7854],[27.6989,58.7876],[27.6905,58.7905],[27.6866,58.7915],[27.6765,58.7944],[27.6657,58.7982],[27.6616,58.7998],[27.6583,58.8015],[27.6523,58.804],[27.6477,58.8053],[27.6395,58.8085],[27.6359,58.8096],[27.6343,58.8106],[27.6146,58.817],[27.6112,58.8183],[27.6035,58.8207],[27.5916,58.824],[27.585,58.8264],[27.5748,58.8299],[27.5679,58.8326],[27.5573,58.8373],[27.5519,58.8393],[27.5462,58.8425],[27.5419,58.8474],[27.5393,58.8515],[27.5377,58.8565],[27.5367,58.8616],[27.537,58.8671],[27.539,58.8742],[27.5419,58.8807],[27.5436,58.8892],[27.54,58.8874],[27.5299,58.883],[27.5197,58.8784],[27.512,58.8747],[27.5042,58.8722],[27.4966,58.8692],[27.4891,58.8653],[27.4827,58.8611],[27.4735,58.8568],[27.4646,58.8521],[27.4525,58.8453],[27.448,58.843],[27.4433,58.8403],[27.4362,58.8378],[27.4327,58.8359],[27.429,58.8341],[27.4241,58.8316],[27.4201,58.8298],[27.4122,58.8262],[27.4074,58.8238],[27.4025,58.8216],[27.3984,58.8199],[27.3915,58.8169],[27.3854,58.8137],[27.3819,58.8124],[27.38,58.8113],[27.3744,58.8086],[27.373,58.8081],[27.3702,58.8063],[27.3688,58.805],[27.3661,58.8039],[27.3597,58.8008],[27.3548,58.7978],[27.3531,58.7972],[27.3498,58.7954],[27.3483,58.7942],[27.3442,58.792],[27.3437,58.7898],[27.3433,58.7849],[27.3437,58.7805],[27.3475,58.7732],[27.3488,58.7704],[27.3512,58.7643],[27.3514,58.7629],[27.3595,58.7523],[27.3602,58.7511],[27.3621,58.7424],[27.3684,58.733],[27.3708,58.7252]],[[24.5926,58.7467],[24.5941,58.747]],[[24.6056,58.7489],[24.6066,58.7488]],[[26.098,59.5622],[26.1007,59.5629],[26.1023,59.5642],[26.1039,59.565]],[[26.6134,57.5062],[26.6124,57.5052],[26.613,57.5043],[26.6142,57.5046],[26.6145,57.5056],[26.6164,57.5055]],[[27.2961,58.3267],[27.2961,58.3285],[27.2959,58.3285]],[[27.2959,58.3298],[27.2961,58.3285]],[[26.8763,57.8445],[26.8773,57.8427],[26.8759,57.8431],[26.8753,57.8441]],[[26.8789,57.8396],[26.8781,57.8413],[26.8788,57.8416],[26.8773,57.8426],[26.8773,57.8427]],[[24.2189,58.8539],[24.219,58.854]],[[24.2116,58.8478],[24.2117,58.8478]],[[23.7938,58.4324],[23.7938,58.4325]],[[22.0801,58.2778],[22.0802,58.2777]],[[24.2361,58.8882],[24.2359,58.8883]],[[24.2372,58.8919],[24.2374,58.892]],[[24.2401,58.8939],[24.2403,58.8941]],[[23.8311,58.3999],[23.8311,58.4]],[[26.0138,59.5509],[26.0136,59.5507]],[[26.0006,59.5205],[26.0005,59.5204]],[[24.2254,58.8653],[24.2255,58.8654]],[[24.2304,58.876],[24.2303,58.8759],[24.2315,58.8751],[24.2306,58.8738],[24.231,58.8726],[24.2297,58.8709],[24.228,58.8705],[24.2272,58.8681],[24.2274,58.8668]],[[24.2353,58.8835],[24.2355,58.8836]],[[28.1299,59.4318],[28.1283,59.4303]],[[25.9469,58.2712],[25.9483,58.2716],[25.9506,58.2729],[25.9576,58.274],[25.9614,58.2762],[25.964,58.2788],[25.9653,58.2811],[25.9662,58.2803],[25.9704,58.2752],[25.9743,58.271],[25.9847,58.2609],[25.9907,58.2541],[25.9951,58.2471],[25.9962,58.2426],[25.9966,58.2377],[25.996,58.2327],[25.9959,58.2301],[25.9969,58.2262],[25.9984,58.223],[26.0007,58.2194],[26.002,58.2178]],[[28.0049,59.2779],[28.0043,59.2802],[28.0028,59.2828],[28.0005,59.2874],[28.0032,59.2902],[28.0047,59.2912],[28.0127,59.2945],[28.0197,59.297],[28.0223,59.2977],[28.0349,59.2996],[28.0374,59.3001],[28.042,59.3004],[28.0487,59.3001],[28.0516,59.2992],[28.0533,59.2977],[28.0559,59.2963],[28.0592,59.2948],[28.0637,59.2932],[28.068,59.2919],[28.07,59.2911]],[[23.9647,58.4578],[23.9647,58.4577]],[[27.2434,58.4513],[27.2445,58.4515],[27.2467,58.4503],[27.2617,58.4496]],[[26.8205,57.6022],[26.823,57.6031],[26.8247,57.602],[26.8261,57.6019]],[[24.9846,58.4262],[24.9848,58.4253],[24.9901,58.4241],[24.9912,58.4241],[24.993,58.4228],[24.9938,58.423],[24.9957,58.422]],[[26.4355,58.0976],[26.4348,58.0977],[26.4343,58.0975]],[[26.4349,58.0975],[26.4348,58.0977]],[[26.2903,58.572],[26.2925,58.5729],[26.2921,58.5745],[26.2914,58.5752]],[[25.9723,59.5076],[25.9732,59.5072]],[[25.9664,59.5094],[25.9672,59.5089],[25.9693,59.5091]],[[25.9521,59.5502],[25.9544,59.5493],[25.9583,59.5468],[25.9591,59.5456],[25.9607,59.5453],[25.9618,59.5443]],[[26.2265,59.0424],[26.2301,59.0423],[26.2312,59.0418]],[[26.2704,59.0798],[26.2715,59.0803]],[[26.2101,59.1568],[26.2103,59.1569]],[[25.9862,58.6128],[25.987,58.6137]],[[26.2074,59.0064],[26.2073,59.0078],[26.2068,59.0087],[26.2036,59.0105]],[[26.2045,58.9933],[26.205,58.9951],[26.2044,58.9961]],[[26.1924,59.02],[26.1919,59.0206]],[[26.8221,57.7264],[26.824,57.7269],[26.8263,57.728],[26.8277,57.7282],[26.83,57.7291]],[[26.9078,57.7357],[26.9132,57.7315]],[[26.9043,57.7401],[26.9058,57.7368]],[[26.8868,57.7493],[26.884,57.7531],[26.8794,57.7571],[26.8748,57.7635],[26.8732,57.7661],[26.8726,57.7694]],[[26.9343,57.7263],[26.9303,57.7266],[26.9291,57.7267]],[[26.7661,57.6299],[26.7687,57.6312],[26.7696,57.6319]],[[26.7697,57.632],[26.7729,57.6331],[26.7741,57.6333]],[[26.8428,57.6066],[26.843,57.6067]],[[26.8177,57.6024],[26.8179,57.6023]],[[26.8987,57.7905],[26.9002,57.7892],[26.8993,57.7877]],[[26.5487,57.5981],[26.5505,57.5977],[26.5524,57.5984],[26.5539,57.5986],[26.5537,57.5993],[26.5543,57.6002],[26.5528,57.6004],[26.5513,57.5993],[26.5494,57.5986]],[[26.5725,57.6167],[26.573,57.6174],[26.5724,57.6181],[26.5736,57.6196],[26.5731,57.6198]],[[26.9681,57.6158],[26.9691,57.6151]],[[26.7403,57.8865],[26.7407,57.8864],[26.7409,57.8863],[26.7415,57.8862],[26.7431,57.8845],[26.7427,57.884],[26.7424,57.8838]],[[27.1033,57.7418],[27.1032,57.7422],[27.1021,57.7455],[27.1,57.7475],[27.1004,57.7488]],[[27.1735,57.8254],[27.1733,57.8249],[27.1712,57.8224],[27.1666,57.8185],[27.165,57.8154],[27.1625,57.8137]],[[27.1187,57.7636],[27.1186,57.7627]],[[27.1521,57.7968],[27.1505,57.7955]],[[27.1515,57.7784],[27.1519,57.7777]],[[27.471,57.9603],[27.4711,57.9589],[27.4719,57.9581],[27.4752,57.9557],[27.4765,57.9542]],[[27.3504,57.745],[27.3494,57.7443],[27.3505,57.7438]],[[26.5848,57.9745],[26.5839,57.9745],[26.5778,57.9743]],[[26.5744,57.9746],[26.5736,57.9746],[26.5713,57.9756]],[[26.5579,57.983],[26.5564,57.9849],[26.5518,57.9866]],[[26.6363,57.9619],[26.6337,57.9622]],[[26.5663,57.9808],[26.5645,57.9812],[26.5612,57.9815]],[[26.6322,57.964],[26.6296,57.965],[26.6273,57.9654]],[[26.6381,57.9613],[26.6394,57.9607],[26.6421,57.9602],[26.6442,57.9575],[26.6485,57.9563]],[[26.5963,57.969],[26.5937,57.9716],[26.5886,57.9736]],[[26.57,57.9768],[26.5687,57.9774]],[[26.5491,57.9867],[26.5473,57.9873],[26.543,57.9884],[26.5394,57.9887],[26.537,57.9884],[26.5356,57.9879],[26.5345,57.987]],[[25.075,58.0854],[25.0742,58.0862],[25.0688,58.0883]],[[25.4559,58.8847],[25.4557,58.8847]],[[25.3922,58.8176],[25.3924,58.8178]],[[26.5176,57.9125],[26.5145,57.9143],[26.5139,57.9148],[26.5129,57.9172],[26.511,57.9196],[26.5061,57.9233],[26.5031,57.9252]],[[26.1765,58.8668],[26.1765,58.8665],[26.1811,58.8664],[26.1819,58.8664],[26.1873,58.8648],[26.1923,58.8641],[26.1946,58.8634],[26.195,58.863],[26.1971,58.8627],[26.2001,58.8632],[26.2022,58.8643],[26.2035,58.8656]],[[22.358,58.2741],[22.3573,58.2733],[22.3579,58.2722],[22.3576,58.2694],[22.3576,58.2679],[22.3567,58.2657],[22.3566,58.2639],[22.3573,58.2632],[22.3576,58.2607],[22.3572,58.2562],[22.3563,58.2529],[22.3565,58.2506],[22.3571,58.2487],[22.3604,58.246],[22.3645,58.2446],[22.3701,58.244],[22.3781,58.2429],[22.3791,58.2428]],[[22.3439,58.241],[22.3506,58.243],[22.357,58.244],[22.3615,58.2442],[22.3645,58.2446]],[[26.1764,58.8665],[26.1765,58.8665]],[[27.1454,58.2762],[27.1479,58.2756],[27.149,58.2756],[27.1495,58.2766],[27.1495,58.2778],[27.1488,58.2783],[27.1453,58.278]],[[26.8209,58.6442],[26.8167,58.6469],[26.8149,58.648],[26.8125,58.6512],[26.813,58.6527],[26.8143,58.6543],[26.8141,58.6545],[26.821,58.6541],[26.825,58.653],[26.8277,58.6503]],[[26.4944,58.5713],[26.5027,58.5751]],[[26.8137,58.6423],[26.8154,58.6423],[26.8167,58.6432],[26.8173,58.6445],[26.8172,58.6461],[26.8167,58.6469]],[[26.5821,58.6846],[26.5816,58.6858],[26.5787,58.6869],[26.5784,58.6873]],[[26.5839,58.6803],[26.5834,58.6814],[26.5834,58.6826],[26.5822,58.6832],[26.5821,58.6845]],[[27.1475,58.2842],[27.1502,58.2835],[27.1495,58.2829],[27.1471,58.2829]],[[26.8097,58.3395],[26.8064,58.3394],[26.8054,58.3397],[26.8044,58.3409],[26.8021,58.3413]],[[26.4047,59.0324],[26.4029,59.0335],[26.4028,59.0335],[26.4013,59.0345],[26.4011,59.036],[26.4017,59.0367],[26.401,59.038],[26.4026,59.0387],[26.4021,59.0401],[26.4033,59.0409],[26.4034,59.042],[26.4026,59.0423]],[[26.4039,59.0341],[26.4027,59.0352],[26.402,59.0377],[26.4026,59.0387]],[[26.8226,58.6439],[26.8343,58.6429],[26.8406,58.6369],[26.8411,58.6364]],[[26.3816,58.4894],[26.3848,58.4904]],[[26.8137,58.6547],[26.8141,58.6545]],[[26.7056,58.5758],[26.7052,58.5756],[26.7065,58.575],[26.7161,58.569],[26.7206,58.5651]],[[26.8408,58.6367],[26.8406,58.6369]],[[26.8291,58.6476],[26.8299,58.647],[26.8343,58.6429]],[[26.6562,58.6154],[26.6567,58.615],[26.674,58.6048],[26.6948,58.5922]],[[27.8585,59.1583],[27.8582,59.1604],[27.8586,59.1626],[27.859,59.1654],[27.8603,59.168],[27.8617,59.1699],[27.8631,59.1712],[27.8686,59.1723],[27.8716,59.1729],[27.8739,59.1738]],[[26.5698,58.1007],[26.5703,58.0993]],[[26.5749,58.0962],[26.5757,58.093]],[[28.036,59.301],[28.0374,59.3001]],[[26.5775,58.0915],[26.5788,58.0916],[26.5794,58.0924],[26.5806,58.0921],[26.5813,58.0927],[26.5829,58.0925]],[[27.8087,59.1297],[27.8095,59.1325],[27.8105,59.1334],[27.8135,59.1351],[27.8145,59.1363],[27.8151,59.1378],[27.8163,59.1391],[27.8202,59.1403],[27.822,59.1404],[27.8246,59.1411],[27.8273,59.1423]],[[26.4181,57.9774],[26.4174,57.9782],[26.4191,57.9787],[26.418,57.9795]],[[26.3836,58.1312],[26.3837,58.132],[26.3851,58.1343],[26.3863,58.1361],[26.3867,58.1365]],[[26.3768,57.9453],[26.3792,57.9451]],[[26.4637,58.0957],[26.4639,58.0967],[26.4674,58.0968]],[[26.4636,58.3301],[26.4637,58.3298],[26.4621,58.3277],[26.4567,58.3219]],[[27.7688,59.2229],[27.7688,59.2228]],[[27.6982,59.2281],[27.6981,59.2282]],[[27.5956,59.2564],[27.5924,59.2562],[27.5868,59.2537],[27.5863,59.2536]],[[25.5926,58.084],[25.5925,58.0839]],[[25.5587,58.1064],[25.5581,58.1064],[25.5549,58.1068],[25.5543,58.1071]],[[25.565,58.1008],[25.5618,58.1029],[25.5614,58.104],[25.5616,58.1052]],[[23.8979,58.7632],[23.9018,58.7622]],[[24.7181,58.9657],[24.7198,58.9669],[24.7236,58.9674],[24.7243,58.9688],[24.7303,58.9699],[24.7319,58.9695]],[[26.4525,58.4115],[26.4527,58.4115],[26.4531,58.4112]],[[26.2149,58.4057],[26.213,58.4058],[26.2115,58.4052],[26.2119,58.4042],[26.2142,58.4034],[26.216,58.4034],[26.2187,58.4042],[26.2176,58.4048],[26.2178,58.4053],[26.2201,58.4066],[26.2196,58.4076],[26.2185,58.4076],[26.2167,58.4072],[26.2151,58.4075],[26.2143,58.409],[26.2151,58.4097]],[[26.4616,58.4095],[26.4609,58.4105],[26.4596,58.411],[26.459,58.4121],[26.4581,58.4125],[26.4538,58.4128],[26.4527,58.4127],[26.4527,58.4115]],[[26.1914,58.4116],[26.193,58.4108],[26.1955,58.4117],[26.1972,58.4117],[26.1986,58.4113],[26.1987,58.4103],[26.2003,58.4103],[26.2018,58.4109]],[[26.2247,58.411],[26.2243,58.4104],[26.2254,58.4097],[26.2279,58.4091],[26.2284,58.4078],[26.2263,58.4069],[26.2232,58.4053],[26.2207,58.4044],[26.2187,58.4042]],[[27.2417,58.3836],[27.2397,58.3737],[27.2401,58.3701],[27.2407,58.3688],[27.2415,58.3683]],[[24.6494,58.9316],[24.6483,58.932],[24.6469,58.9319],[24.6461,58.9317]],[[27.1208,59.0477],[27.1198,59.0459],[27.1169,59.0444],[27.116,59.0434],[27.1129,59.0425],[27.1119,59.0409],[27.112,59.0403],[27.1136,59.0396],[27.1123,59.0385],[27.1125,59.0364],[27.1107,59.0359],[27.1082,59.0362],[27.1065,59.0352],[27.1055,59.0337],[27.1057,59.0327],[27.1069,59.0323],[27.1077,59.0329],[27.1097,59.0317],[27.1093,59.0311],[27.1078,59.0305],[27.106,59.0302],[27.1053,59.0293],[27.1072,59.0287],[27.1081,59.027],[27.1068,59.0263],[27.1075,59.0253],[27.1053,59.0239],[27.105,59.0231],[27.1055,59.0222],[27.1044,59.0215]],[[26.8568,57.9812],[26.8565,57.9811],[26.8564,57.9811],[26.8563,57.981],[26.8561,57.9809],[26.8542,57.9805]],[[26.8631,57.9839],[26.863,57.9838]],[[27.0117,57.983],[27.0135,57.9826],[27.0163,57.9822],[27.0167,57.9818],[27.016,57.98]],[[27.062,58.0677],[27.0645,58.0656],[27.0632,58.0635],[27.0643,58.0629],[27.0643,58.0619],[27.0625,58.06],[27.0603,58.0592],[27.06,58.0585],[27.0585,58.0583],[27.0599,58.0564],[27.0593,58.0554]],[[27.0554,58.021],[27.0554,58.0208]],[[27.1746,58.0583],[27.1744,58.058]],[[27.1838,58.0155],[27.1841,58.0151],[27.1848,58.0108]],[[27.2467,58.1738],[27.2465,58.1719],[27.2467,58.1712],[27.2458,58.1706],[27.2451,58.1707]],[[24.2893,58.9653],[24.291,58.9663],[24.2916,58.9675],[24.2908,58.968]],[[26.0961,58.9798],[26.0961,58.98]],[[26.7456,57.9992],[26.7411,58.001]],[[26.8186,58.1807],[26.8207,58.1792],[26.8208,58.1787]],[[27.5197,58.0654],[27.5193,58.0653]],[[27.3961,58.0688],[27.396,58.0687]],[[27.2002,57.946],[27.2013,57.9447],[27.2042,57.9446],[27.2087,57.9455],[27.2094,57.9462],[27.2082,57.9473],[27.208,57.9474]],[[27.4537,58.0969],[27.4537,58.0982],[27.4547,58.1001],[27.4543,58.1008],[27.4515,58.1011]],[[27.323,58.0677],[27.3212,58.0691],[27.3205,58.0709],[27.3196,58.0714],[27.3205,58.0725],[27.3184,58.0729],[27.3169,58.0736],[27.3181,58.0745],[27.3194,58.0746],[27.3198,58.0759],[27.3234,58.0774],[27.3237,58.0782],[27.324,58.0815],[27.3268,58.0842],[27.3285,58.0844],[27.3327,58.0843],[27.334,58.0846],[27.3369,58.084],[27.3381,58.0841],[27.3381,58.085],[27.3379,58.0853],[27.3396,58.0866],[27.3396,58.0879],[27.3403,58.0883],[27.3438,58.0885],[27.3452,58.0897],[27.3479,58.0899]],[[24.6521,59.0347],[24.6523,59.0348]],[[24.8812,58.9108],[24.8813,58.9112],[24.8808,58.9116],[24.879,58.9116],[24.8769,58.9143],[24.8772,58.9145],[24.8773,58.9146]],[[24.8772,58.9146],[24.8772,58.9145]],[[26.9523,58.2358],[26.9521,58.2358]],[[26.761,58.3288],[26.7607,58.3285]],[[26.9585,58.2342],[26.9583,58.2343]],[[26.8394,58.3119],[26.8374,58.312],[26.8367,58.3127],[26.8353,58.313],[26.8341,58.3142],[26.8304,58.3156]],[[26.8656,58.2988],[26.8665,58.298],[26.8682,58.2975],[26.8707,58.297],[26.8714,58.2962],[26.8773,58.2952],[26.8789,58.2954]],[[26.8187,58.3221],[26.8209,58.3189],[26.8225,58.3175],[26.8237,58.3171],[26.8301,58.3157]],[[25.6943,59.1781],[25.6945,59.178]],[[25.4782,58.7999],[25.4785,58.7998]],[[26.701,58.5897],[26.7008,58.5897]],[[26.9431,58.5295],[26.9469,58.5292],[26.9516,58.5292],[26.9545,58.5293],[26.9561,58.5302],[26.9569,58.531],[26.9599,58.5306],[26.9614,58.5308]],[[27.0663,58.6202],[27.0617,58.6202],[27.0568,58.622],[27.0536,58.6247]],[[27.1388,58.6047],[27.1326,58.6055],[27.1305,58.6056],[27.1292,58.606],[27.1234,58.607],[27.122,58.6066],[27.1212,58.6077],[27.1203,58.6075],[27.1188,58.6081]],[[26.8755,58.7325],[26.8737,58.7326],[26.8722,58.7313],[26.8713,58.7308]],[[26.6254,58.4663],[26.6256,58.4665]],[[27.0887,57.5741],[27.089,57.5747],[27.0871,57.576],[27.0864,57.5771]],[[26.7753,57.7565],[26.7759,57.7563]],[[26.7742,57.7572],[26.7742,57.7569]],[[27.7426,59.0194],[27.7409,59.0202],[27.7408,59.0202],[27.7351,59.0228],[27.7338,59.0232],[27.7303,59.0248],[27.7285,59.0263],[27.7234,59.0261],[27.7214,59.0262],[27.7194,59.0269],[27.7183,59.0276],[27.7175,59.0287],[27.7171,59.0299],[27.7181,59.0331],[27.7156,59.0339],[27.7117,59.0359],[27.7098,59.0368],[27.7077,59.0372],[27.7046,59.0375],[27.6975,59.0365],[27.6945,59.0354],[27.6921,59.0337],[27.6907,59.0325],[27.6904,59.0316]],[[26.9235,59.388],[26.9221,59.3877]],[[27.0741,59.3628],[27.0743,59.3628]],[[25.8761,57.9438],[25.8778,57.9439],[25.8765,57.9449],[25.8787,57.9452],[25.8803,57.9463],[25.8809,57.9461]],[[25.7619,57.9337],[25.7614,57.9344]],[[25.9728,58.0812],[25.972,58.0803]],[[25.6732,57.995],[25.6717,57.9947],[25.6706,57.9931],[25.6705,57.9926]],[[27.7695,59.0545],[27.7697,59.0545],[27.7699,59.0525],[27.7704,59.052]],[[27.7726,59.0562],[27.7697,59.0545]],[[27.8865,59.1832],[27.8786,59.1811],[27.8757,59.18],[27.8734,59.1786],[27.8712,59.1761],[27.8686,59.1723]],[[25.0116,58.6302],[25.0121,58.6304]],[[27.0435,57.9972],[27.0434,57.9972],[27.0417,57.9967],[27.0416,57.996]],[[25.4338,58.4744],[25.4356,58.4743],[25.4376,58.4748],[25.4385,58.4747],[25.4391,58.4725],[25.4422,58.472]],[[26.1775,59.1949],[26.1777,59.1949]],[[25.5056,58.4369],[25.5057,58.4368]],[[26.8652,57.9221],[26.865,57.922]],[[26.8526,57.917],[26.8524,57.9169]],[[25.6957,58.8416],[25.6961,58.8413]],[[25.4101,58.4804],[25.4143,58.4795]],[[25.485,58.4472],[25.488,58.4462],[25.4886,58.4456],[25.4892,58.4433]],[[23.9953,58.34],[23.9953,58.3402]],[[23.9976,58.3442],[23.9974,58.3443]],[[25.4476,59.2174],[25.4475,59.2157]],[[22.3593,58.2748],[22.36,58.2753],[22.3621,58.2758],[22.3633,58.2769],[22.3662,58.2782],[22.3656,58.2789]],[[23.621,59.0175],[23.6184,59.0182],[23.6161,59.0181],[23.6142,59.017],[23.6136,59.0153],[23.6153,59.0146],[23.6179,59.0139],[23.62,59.0131],[23.6213,59.0122],[23.6247,59.0102],[23.6268,59.009],[23.6272,59.0069],[23.6247,59.0059],[23.622,59.0056],[23.6215,59.0044],[23.6203,59.0039]],[[24.4591,58.4039],[24.4603,58.4033],[24.4591,58.403]],[[24.5,58.4459],[24.5009,58.4459]],[[27.9813,59.3782],[27.981,59.3781]],[[25.2124,58.5726],[25.2127,58.5727]],[[25.3296,58.4999],[25.3325,58.4988],[25.3322,58.4981]],[[25.361,59.3074],[25.361,59.3091],[25.3546,59.3112],[25.351,59.3114],[25.3478,59.3119],[25.3471,59.3124]],[[26.3095,57.5931],[26.3102,57.5932]],[[24.9172,59.4429],[24.9183,59.4421],[24.9191,59.4406],[24.9201,59.4401],[24.9198,59.4395]],[[25.6333,59.2668],[25.6352,59.2666],[25.6359,59.2671]],[[25.6673,59.2553],[25.6676,59.2544]],[[27.0533,59.3695],[27.0514,59.3697],[27.052,59.3706]],[[27.0231,58.2847],[27.0232,58.2846]],[[26.9366,58.1453],[26.9407,58.1475],[26.9411,58.1476],[26.9452,58.1487],[26.9462,58.1507],[26.946,58.152],[26.9452,58.1541],[26.9437,58.155],[26.9409,58.1555],[26.9399,58.1548],[26.9396,58.1532],[26.9392,58.1529],[26.9387,58.1528],[26.9383,58.1509],[26.937,58.15],[26.933,58.1485],[26.9328,58.1484],[26.932,58.1475]],[[22.4669,58.2463],[22.4668,58.2465]],[[26.3575,58.375],[26.3576,58.3749]],[[27.9262,59.2554],[27.9227,59.2562]],[[26.766,58.2239],[26.7645,58.222],[26.7643,58.2213]],[[26.3839,58.1111],[26.3855,58.1098]],[[26.3881,58.1059],[26.3894,58.1047],[26.3919,58.1036]],[[25.6612,59.4983],[25.662,59.4979]],[[26.6198,58.3237],[26.6176,58.3221],[26.613,58.3196],[26.6127,58.319]],[[26.5555,58.3931],[26.5575,58.3909],[26.5592,58.3899],[26.5632,58.3894],[26.5651,58.3886],[26.5676,58.3883],[26.5698,58.3888]],[[27.1103,58.5143],[27.1102,58.5142]],[[26.5044,58.4187],[26.5045,58.4185]],[[24.9898,58.1364],[24.9898,58.1365]],[[24.9685,58.143],[24.97,58.142],[24.97,58.14]],[[26.2255,59.0426],[26.2255,59.0427],[26.2255,59.0428],[26.2265,59.0428],[26.2267,59.0428]],[[25.8539,59.497],[25.8544,59.4969]],[[27.1363,57.8672],[27.134,57.8663],[27.1342,57.8681]],[[25.3422,59.3414],[25.3436,59.3413],[25.3436,59.3412],[25.3428,59.3408]],[[26.9021,58.2462],[26.9013,58.2461]],[[26.903,58.2465],[26.9024,58.2462]],[[26.8994,58.2457],[26.8985,58.2454]],[[26.8999,58.2459],[26.8995,58.2457]],[[26.9011,58.2461],[26.9008,58.2461]],[[27.478,57.9951],[27.4778,57.995]],[[24.7358,59.2907],[24.7336,59.2898],[24.7318,59.2909]],[[24.6442,59.2511],[24.6454,59.2515]],[[27.0477,59.3732],[27.0475,59.3725],[27.0494,59.3726]],[[27.3672,59.208],[27.3674,59.2081]],[[27.0996,59.3665],[27.0998,59.3666]],[[27.1192,59.3646],[27.1194,59.3646]],[[27.3652,59.2015],[27.3638,59.2019]],[[27.1462,57.8659],[27.1452,57.8646],[27.144,57.865]],[[27.1503,57.8666],[27.1517,57.8663],[27.1525,57.8644],[27.1514,57.8643],[27.1504,57.8651],[27.1488,57.8643],[27.1483,57.8654]],[[27.7519,59.0328],[27.7472,59.0341],[27.7431,59.0348],[27.7404,59.0355],[27.7382,59.0363],[27.7347,59.0367],[27.7308,59.0362],[27.7276,59.0362],[27.7243,59.0355],[27.7208,59.0346],[27.7181,59.0331]],[[25.9701,58.7773],[25.9728,58.7777],[25.9733,58.7783],[25.9707,58.7788],[25.9725,58.7799],[25.9753,58.7801],[25.9756,58.7811],[25.9726,58.7807],[25.9701,58.7812]],[[26.2054,58.9977],[26.2058,58.9984]],[[25.9695,58.7815],[25.9698,58.7825]],[[26.4758,59.3723],[26.476,59.3722]],[[26.4719,59.482],[26.472,59.482]],[[26.4458,59.4261],[26.4459,59.426]],[[26.4522,59.4028],[26.4522,59.4027]],[[26.4638,59.4546],[26.4638,59.4545]],[[26.8007,57.6435],[26.8016,57.6437]],[[25.974,58.6534],[25.9736,58.6537]],[[25.9747,58.6538],[25.9742,58.654]],[[25.2605,58.7202],[25.2603,58.7202]],[[25.0315,58.7077],[25.0307,58.708],[25.0307,58.7077]],[[24.8557,59.4598],[24.8577,59.4598]],[[24.3052,58.898],[24.304,58.8992]],[[25.4565,58.686],[25.4566,58.6861]],[[24.9218,58.7835],[24.9219,58.7836]],[[25.9965,57.976],[25.9986,57.977],[25.9999,57.978],[26.0004,57.9789],[26.0019,57.9804],[26.0021,57.9805]],[[25.9724,57.9522],[25.9734,57.9493],[25.9733,57.9479],[25.9743,57.946],[25.9728,57.9446],[25.9713,57.9428],[25.9674,57.9419],[25.9669,57.9421]],[[25.9759,57.9677],[25.9756,57.9667],[25.9738,57.9663],[25.9739,57.9653],[25.9733,57.9647]],[[27.5842,59.4009],[27.584,59.4005]],[[27.5642,59.3553],[27.5642,59.3552]],[[27.5517,59.3341],[27.5503,59.3324]],[[27.2072,58.0885],[27.2078,58.0881],[27.208,58.0888]],[[27.5767,58.1128],[27.5807,58.1159],[27.5816,58.1179],[27.5813,58.1187],[27.5867,58.1156],[27.592,58.1116],[27.5978,58.1089],[27.6017,58.1058],[27.6074,58.1028],[27.615,58.0984],[27.6217,58.0959],[27.6273,58.0945]],[[24.6469,58.9319],[24.6464,58.9319]],[[26.7409,57.8863],[26.7406,57.8855],[26.7421,57.8848],[26.7427,57.884]],[[27.3472,58.9527],[27.3616,58.9539],[27.3767,58.9547],[27.3893,58.956],[27.3996,58.9571],[27.4093,58.9587],[27.4209,58.9602],[27.4314,58.9615],[27.4443,58.9633],[27.4544,58.965],[27.4655,58.9666],[27.4731,58.9673],[27.4836,58.9684]],[[27.5093,58.3327],[27.5163,58.3388],[27.5254,58.3472]],[[27.5685,58.1331],[27.5634,58.1383],[27.5587,58.1436],[27.5525,58.1492],[27.5449,58.1562],[27.541,58.1617],[27.5376,58.165],[27.5332,58.1676],[27.5312,58.1705],[27.5303,58.1735],[27.5262,58.177],[27.5224,58.18],[27.5189,58.1857],[27.5115,58.1932],[27.507,58.1992],[27.4985,58.208],[27.4933,58.2133],[27.4902,58.218],[27.4879,58.2222],[27.4863,58.2258],[27.4855,58.2297],[27.4854,58.234],[27.4857,58.2388],[27.4859,58.2448],[27.4855,58.2498],[27.4857,58.2555],[27.4851,58.2608],[27.4856,58.2659],[27.4853,58.2709],[27.4845,58.2766],[27.4845,58.2857],[27.4836,58.2906],[27.4836,58.2954],[27.4819,58.3018],[27.4829,58.3083],[27.4874,58.3135],[27.4943,58.3168],[27.4964,58.3191],[27.4989,58.3228],[27.5046,58.3267],[27.5061,58.3298],[27.5093,58.3327]],[[25.9653,58.2811],[25.9633,58.2831],[25.9612,58.2845],[25.9578,58.2876],[25.9534,58.2913],[25.9489,58.2947],[25.9446,58.2977],[25.9403,58.301],[25.9392,58.3037],[25.9384,58.3087],[25.9388,58.3118],[25.9388,58.3148],[25.9398,58.3174],[25.9409,58.3198],[25.9446,58.3237],[25.9481,58.3258],[25.9528,58.3282],[25.9562,58.3291],[25.9588,58.3305],[25.966,58.3347],[25.9702,58.3377],[25.9757,58.3437],[25.9795,58.3493],[25.9825,58.3517],[25.9853,58.3531],[25.9935,58.3574],[26.0016,58.3627],[26.0062,58.3648],[26.0133,58.3674],[26.0195,58.3693],[26.031,58.3712]],[[27.5813,58.1187],[27.5779,58.1229],[27.5744,58.1262],[27.5708,58.1293],[27.5685,58.1331]],[[27.646,58.9401],[27.6514,58.942],[27.6568,58.9461],[27.6624,58.9486],[27.6679,58.9516],[27.6793,58.9576],[27.6835,58.961],[27.6872,58.9638],[27.6919,58.9667],[27.6962,58.9698],[27.7029,58.9728]],[[27.5509,58.891],[27.5559,58.8944],[27.5616,58.898],[27.5657,58.8997],[27.5696,58.9017],[27.5761,58.9057],[27.5842,58.909],[27.5893,58.9123],[27.5961,58.915],[27.6037,58.9176],[27.6083,58.9201],[27.6135,58.9228],[27.6213,58.9273],[27.6297,58.9299],[27.6348,58.9336],[27.6414,58.9373],[27.646,58.9401]],[[27.5436,58.8892],[27.5509,58.891]],[[24.6453,58.9323],[24.6449,58.9323]]]},"properties":{"name":""}},
{"type":"Feature","geometry":{"type":"MultiLineString","coordinates":[[[25.7682,59.3767],[25.7689,59.3774],[25.7683,59.378],[25.7662,59.378],[25.7635,59.3785],[25.7636,59.3784],[25.765,59.3778],[25.7667,59.3777],[25.7671,59.3771],[25.7697,59.3757],[25.7722,59.3759],[25.7737,59.375],[25.7751,59.3752],[25.7763,59.3743],[25.7794,59.3741],[25.7801,59.3736],[25.7808,59.3733],[25.7803,59.3728],[25.7821,59.3702],[25.7821,59.369],[25.7835,59.3694],[25.7847,59.3689],[25.7851,59.3672],[25.7859,59.3665],[25.7863,59.3655],[25.7879,59.3657],[25.7868,59.3641],[25.7891,59.3636],[25.7889,59.3627],[25.7912,59.3617],[25.7922,59.3602],[25.7922,59.3592],[25.7932,59.3586],[25.7958,59.3578],[25.7958,59.3569],[25.7995,59.357],[25.798,59.3559],[25.7982,59.3552],[25.8,59.3551],[25.801,59.3543],[25.8037,59.3543],[25.8029,59.3532],[25.8061,59.3524],[25.8074,59.3527],[25.8127,59.3524],[25.8154,59.3528],[25.8171,59.3526],[25.821,59.3526],[25.8226,59.3509],[25.8224,59.3492],[25.8237,59.3481],[25.8235,59.3472],[25.82,59.3469],[25.8188,59.3456],[25.8202,59.3439],[25.8216,59.3437],[25.823,59.3429],[25.8264,59.3423],[25.8272,59.3429],[25.8304,59.3439],[25.8304,59.3455],[25.832,59.3457],[25.8346,59.3465],[25.8355,59.3458],[25.8375,59.3457],[25.8401,59.3439],[25.8428,59.3441],[25.8436,59.3438],[25.8422,59.3406],[25.8455,59.3399],[25.8453,59.3388],[25.8453,59.3382],[25.8455,59.3368],[25.8476,59.3358],[25.8494,59.3339],[25.8496,59.3329],[25.8493,59.3307],[25.8501,59.3294],[25.8491,59.3291],[25.849,59.3278],[25.8499,59.3273],[25.851,59.3259],[25.8535,59.3252],[25.8547,59.3258],[25.8557,59.3254],[25.8579,59.3258],[25.8597,59.3244],[25.8648,59.3223],[25.865,59.3217],[25.8675,59.321],[25.8696,59.3207],[25.871,59.3197],[25.874,59.3192],[25.8746,59.3187],[25.8746,59.3183],[25.878,59.3179],[25.8825,59.318],[25.8874,59.3174],[25.8872,59.3159],[25.8862,59.3153],[25.8858,59.314],[25.8895,59.3128],[25.8901,59.3121],[25.8895,59.3108],[25.8902,59.3102],[25.8941,59.3084],[25.8992,59.3058],[25.9,59.3046],[25.9017,59.3055],[25.9037,59.305],[25.9048,59.3034],[25.9069,59.3031],[25.9068,59.3021],[25.9088,59.3025],[25.9098,59.3018],[25.9112,59.3018],[25.9119,59.301],[25.9115,59.3004],[25.9136,59.3],[25.9145,59.2993],[25.9162,59.2994],[25.9165,59.2989],[25.9181,59.2978],[25.9183,59.2967],[25.9194,59.2968],[25.9212,59.2952],[25.9232,59.2945],[25.9238,59.2929],[25.9263,59.2926],[25.9298,59.292],[25.9304,59.2917],[25.9335,59.2923],[25.935,59.2921],[25.9355,59.2915],[25.9406,59.2913],[25.9409,59.2907],[25.9427,59.2894],[25.9452,59.2884],[25.9448,59.2874],[25.9452,59.2864],[25.9464,59.2861],[25.9481,59.2832],[25.9497,59.2827],[25.9496,59.2818],[25.9514,59.2813],[25.9515,59.2796],[25.9532,59.2794],[25.9551,59.2782],[25.956,59.2774],[25.958,59.277],[25.9601,59.276],[25.9613,59.2751],[25.9644,59.2738],[25.9674,59.2724],[25.9687,59.2722],[25.9722,59.2708],[25.9732,59.2708],[25.9749,59.2702],[25.9785,59.2694],[25.9793,59.2689],[25.9815,59.2689],[25.9838,59.2677],[25.9859,59.2681],[25.9873,59.2679],[25.9886,59.2679],[25.9902,59.267],[25.9916,59.2675],[25.9929,59.2674],[25.9939,59.2656],[25.9968,59.2657],[25.9983,59.2643],[25.9979,59.2639],[25.9985,59.2627],[26.0004,59.2625],[26.0021,59.2618],[26.0023,59.2613],[26.0041,59.2598],[26.0067,59.2588],[26.0076,59.2576],[26.0113,59.2569],[26.0139,59.2558],[26.0156,59.256],[26.0185,59.2556],[26.0211,59.2546],[26.0231,59.2546],[26.0266,59.2543],[26.0283,59.2545],[26.0337,59.2543],[26.034,59.2538],[26.0334,59.2532],[26.0355,59.2527],[26.0354,59.2519],[26.0364,59.2517],[26.0367,59.2513],[26.037,59.2511],[26.0371,59.2511],[26.0391,59.2498],[26.0431,59.2486],[26.0448,59.2487],[26.0459,59.2484],[26.0458,59.2472],[26.0466,59.2469],[26.0461,59.246],[26.0467,59.2455],[26.0491,59.2452],[26.0529,59.2453],[26.0537,59.2456],[26.0563,59.2448],[26.0565,59.2448],[26.0612,59.244],[26.0638,59.2439],[26.0653,59.2441],[26.0675,59.2433],[26.0696,59.2432],[26.0729,59.2439],[26.074,59.243],[26.074,59.2425],[26.0785,59.2415],[26.0796,59.2406],[26.079,59.2391],[26.0817,59.238],[26.0825,59.2383],[26.0863,59.2366],[26.0859,59.2352],[26.0872,59.2349],[26.0889,59.2338],[26.094,59.2332],[26.0954,59.2325],[26.0977,59.2326],[26.1012,59.2319],[26.1023,59.2309],[26.1058,59.2308],[26.1067,59.2312],[26.1114,59.2298],[26.1116,59.2293],[26.1143,59.2291],[26.1167,59.2275],[26.1195,59.2262],[26.1217,59.2242],[26.1237,59.2217],[26.1269,59.2199],[26.1311,59.2184],[26.135,59.2143],[26.1364,59.2126],[26.1384,59.2118],[26.1472,59.2091],[26.1474,59.209],[26.1516,59.2066]],[[26.1922,59.1885],[26.192,59.1886],[26.1909,59.1893],[26.1906,59.1895],[26.1895,59.1907],[26.1887,59.1919],[26.1834,59.1928],[26.1777,59.1949]],[[26.1516,59.2066],[26.1565,59.2046],[26.1579,59.2032],[26.1604,59.2022],[26.1619,59.2007],[26.1669,59.1986],[26.1716,59.1973],[26.1745,59.1959],[26.1775,59.1949]],[[25.7585,59.4396],[25.7612,59.4411],[25.7622,59.4419],[25.7599,59.443],[25.7603,59.4435],[25.7596,59.4442],[25.7602,59.4454],[25.7633,59.4462],[25.7635,59.4469],[25.765,59.4471],[25.7653,59.448],[25.7665,59.4481],[25.7672,59.449],[25.7689,59.4494],[25.7713,59.4508],[25.7703,59.452],[25.7723,59.4522],[25.7716,59.4531],[25.7735,59.4534],[25.7752,59.4546],[25.7722,59.4554],[25.7722,59.4561],[25.7709,59.4568],[25.772,59.4579],[25.7683,59.4596],[25.7691,59.4603],[25.7716,59.4608],[25.7716,59.4622],[25.7724,59.4627],[25.7721,59.4636],[25.7745,59.4637],[25.7761,59.4634],[25.7773,59.4624],[25.7785,59.4624],[25.7798,59.4632],[25.7822,59.4626],[25.7848,59.4635],[25.7867,59.4636],[25.7881,59.4649],[25.7873,59.4658],[25.7865,59.4662],[25.7865,59.467],[25.7883,59.4677],[25.7901,59.4677],[25.7904,59.4684],[25.7907,59.4692],[25.7934,59.4698],[25.794,59.4712],[25.7941,59.4717],[25.7934,59.4723],[25.7945,59.4734],[25.7932,59.4739],[25.7937,59.4747],[25.796,59.4754],[25.7958,59.4763],[25.7945,59.4774],[25.7951,59.4803],[25.7981,59.4822],[25.8004,59.485],[25.7987,59.4867],[25.7992,59.4874],[25.7974,59.4874],[25.7972,59.4881],[25.7954,59.4887],[25.7953,59.4894],[25.7979,59.4903],[25.7957,59.4912],[25.796,59.4922],[25.7945,59.4925],[25.7942,59.4946],[25.7924,59.4949],[25.7922,59.4954],[25.794,59.496],[25.7944,59.4966],[25.7927,59.4973],[25.7939,59.4977],[25.7945,59.499],[25.7934,59.4998],[25.7923,59.4993],[25.7906,59.4993],[25.7888,59.4986],[25.7876,59.499],[25.7875,59.4997],[25.7904,59.5007],[25.7897,59.501],[25.7862,59.5007],[25.7855,59.5014],[25.7883,59.5024],[25.787,59.5032],[25.7873,59.5044],[25.7856,59.5049],[25.7858,59.5059],[25.788,59.507],[25.7884,59.5078],[25.7886,59.5079],[25.7892,59.508],[25.7896,59.5081],[25.7898,59.5094],[25.7898,59.5095],[25.7892,59.5102],[25.789,59.5103],[25.7849,59.5113],[25.7842,59.5121],[25.7834,59.512],[25.7833,59.512],[25.7821,59.5124],[25.7815,59.5139],[25.7807,59.5138],[25.7802,59.5145],[25.7817,59.515],[25.7813,59.5158],[25.7802,59.5158],[25.7795,59.5165],[25.7801,59.5172],[25.7789,59.5175],[25.777,59.5171],[25.7765,59.518],[25.7748,59.5177],[25.7742,59.5184],[25.7726,59.5179],[25.7709,59.5185],[25.77,59.5183],[25.7679,59.5191],[25.767,59.5182],[25.7649,59.5187],[25.7631,59.5183],[25.7624,59.5189],[25.7599,59.5192],[25.7583,59.521],[25.7563,59.5222],[25.7538,59.5211],[25.7514,59.5217],[25.7506,59.5226],[25.7496,59.5227],[25.7472,59.5238],[25.7466,59.523],[25.7448,59.5221],[25.7437,59.5231],[25.7423,59.5228],[25.7432,59.522],[25.7411,59.5209],[25.7399,59.5209],[25.7381,59.5219],[25.7395,59.5228],[25.7393,59.5238],[25.7414,59.5245],[25.7414,59.5249],[25.7387,59.5261],[25.7387,59.5271],[25.7369,59.5278],[25.7383,59.5289],[25.7358,59.5312],[25.7361,59.5326],[25.7346,59.5322],[25.7344,59.533],[25.7363,59.5333],[25.7358,59.5347],[25.7365,59.5363],[25.7351,59.5375],[25.7357,59.5385],[25.7365,59.5392],[25.7366,59.5398],[25.7384,59.5402],[25.7395,59.5423],[25.7417,59.5419],[25.7438,59.5417],[25.7455,59.5428],[25.7462,59.5443],[25.7485,59.5443],[25.7478,59.5458],[25.7468,59.5465],[25.748,59.5489],[25.7465,59.5504],[25.7436,59.5496],[25.7416,59.5501],[25.7395,59.5496],[25.7387,59.5512],[25.737,59.5512],[25.7369,59.5518],[25.7388,59.5521],[25.7357,59.5528],[25.7348,59.5549],[25.7359,59.5551],[25.7347,59.5564],[25.7322,59.5553],[25.7298,59.5563],[25.7308,59.557],[25.7287,59.5573],[25.7296,59.5585],[25.7278,59.5591],[25.7265,59.5588],[25.7263,59.561],[25.7271,59.5619],[25.7268,59.5628],[25.7283,59.5635],[25.7269,59.5639],[25.7283,59.5647],[25.727,59.5655],[25.7282,59.5671],[25.7267,59.5685],[25.7279,59.5687],[25.7284,59.5693],[25.7277,59.571],[25.7284,59.5714],[25.7268,59.5725],[25.7277,59.5739],[25.7275,59.575],[25.7263,59.5765],[25.7269,59.5771],[25.7248,59.5774],[25.7236,59.5764],[25.7216,59.5769],[25.7217,59.5786],[25.7227,59.5794],[25.7211,59.5797],[25.7206,59.5803],[25.7189,59.5803],[25.7175,59.5811],[25.7167,59.582],[25.7154,59.5821],[25.7159,59.583],[25.7136,59.584],[25.7118,59.583],[25.7101,59.5833],[25.709,59.5834],[25.707,59.5833],[25.7065,59.5828],[25.7085,59.5831],[25.7101,59.5833]],[[25.7448,59.3906],[25.7433,59.3913],[25.7422,59.3919],[25.7419,59.3931],[25.7428,59.3931],[25.743,59.3936],[25.7441,59.3928],[25.7436,59.3924],[25.744,59.3914],[25.7433,59.3913]],[[25.7456,59.4099],[25.7456,59.41],[25.745,59.4107],[25.7461,59.4113],[25.7444,59.4127],[25.7462,59.413],[25.7458,59.4143],[25.7448,59.4159],[25.7455,59.4161],[25.7463,59.4168],[25.7479,59.4173],[25.7468,59.4187],[25.7477,59.42],[25.7498,59.421],[25.7503,59.4219],[25.7501,59.423],[25.7541,59.4242],[25.7533,59.4252],[25.7553,59.4259],[25.7546,59.4272],[25.757,59.4275],[25.7577,59.4282],[25.7593,59.4288],[25.7605,59.43],[25.7631,59.4306],[25.7626,59.4319],[25.7614,59.432],[25.7606,59.4327],[25.7607,59.4338],[25.7584,59.4339],[25.7593,59.4349],[25.7592,59.4362],[25.7601,59.4374],[25.7583,59.4374],[25.7577,59.4383],[25.7585,59.4396]],[[25.7421,59.3941],[25.7412,59.397],[25.7414,59.3976],[25.7414,59.398],[25.7404,59.3987],[25.741,59.3994],[25.7415,59.3993],[25.7424,59.4002],[25.7418,59.4019],[25.7422,59.4024],[25.7428,59.4025],[25.7423,59.4041],[25.7432,59.4043],[25.7427,59.4052],[25.7434,59.4064],[25.745,59.4064],[25.7446,59.4073],[25.7453,59.4082],[25.7449,59.409],[25.7456,59.4099]],[[25.7422,59.4024],[25.741,59.4035],[25.7423,59.4041]],[[25.743,59.3936],[25.7421,59.394],[25.7419,59.3931]],[[25.7472,59.3901],[25.7456,59.3905],[25.7447,59.3911],[25.7448,59.3906],[25.7459,59.3897],[25.7472,59.3901],[25.748,59.3905],[25.7494,59.3897],[25.7499,59.3893],[25.7535,59.3882],[25.7535,59.3872],[25.7545,59.387],[25.7547,59.3861],[25.7564,59.3861],[25.7578,59.3858],[25.7575,59.385],[25.7584,59.3835],[25.7589,59.3824],[25.7613,59.3812],[25.7604,59.381],[25.7601,59.3801],[25.7611,59.3797],[25.7613,59.3789],[25.7635,59.3785]],[[25.7414,59.398],[25.7422,59.3986],[25.7415,59.3993]],[[25.8453,59.3382],[25.8453,59.3388]],[[25.7859,59.3665],[25.7851,59.3672]],[[25.741,59.3994],[25.7424,59.4002]],[[25.7414,59.3976],[25.7401,59.398],[25.7404,59.3987]],[[25.7904,59.4684],[25.791,59.4687],[25.7912,59.468],[25.7901,59.4677]],[[25.7946,59.4709],[25.794,59.4712]],[[25.791,59.4688],[25.7907,59.4692]],[[25.7865,59.467],[25.7869,59.467],[25.7883,59.4677]],[[25.791,59.4687],[25.791,59.4688],[25.7939,59.4698],[25.7946,59.4709],[25.7941,59.4717]],[[25.7448,59.4159],[25.7455,59.4161]],[[25.7849,59.5113],[25.7838,59.5114],[25.7834,59.512]],[[25.7842,59.5121],[25.7834,59.5124],[25.7833,59.512]],[[25.709,59.5834],[25.7085,59.5831]],[[25.7898,59.5095],[25.7892,59.5102]],[[25.7808,59.3733],[25.7801,59.3736]],[[25.7447,59.3911],[25.744,59.3914]],[[25.7436,59.3924],[25.7428,59.3931]],[[25.7357,59.5385],[25.7365,59.5392]],[[25.765,59.3778],[25.7636,59.3784]],[[25.7613,59.3812],[25.7614,59.3822],[25.7608,59.3831],[25.7584,59.3835]],[[25.7499,59.3893],[25.7494,59.3897]],[[25.7421,59.394],[25.7421,59.3941]],[[26.0021,59.2618],[26.0004,59.2625]],[[26.0367,59.2513],[26.0364,59.2517]],[[25.7873,59.4658],[25.7869,59.467]]]},"properties":{"name":"Valgejõgi"}},
{"type":"Feature","geometry":{"type":"MultiLineString","coordinates":[[[24.5715,59.3571],[24.5729,59.3565],[24.5737,59.3579],[24.5753,59.3571],[24.5749,59.3561],[24.5779,59.3558],[24.5793,59.355],[24.5803,59.3565],[24.5829,59.3569],[24.5838,59.3566],[24.5842,59.3558],[24.5888,59.3557],[24.5908,59.3539],[24.59,59.3535],[24.5907,59.3526],[24.5916,59.3525],[24.5922,59.3512],[24.5933,59.3507],[24.5951,59.3507],[24.5976,59.3513],[24.5993,59.351],[24.6006,59.3514],[24.6015,59.3508],[24.6025,59.351],[24.6036,59.3524],[24.6046,59.3522],[24.6054,59.3536],[24.6066,59.3525],[24.6086,59.3524],[24.612,59.3528],[24.6128,59.3526],[24.6151,59.3525],[24.6158,59.3535],[24.6159,59.3536],[24.6177,59.3537],[24.619,59.3534],[24.6215,59.3534],[24.6269,59.3521],[24.6274,59.352],[24.6275,59.352],[24.6279,59.3519],[24.6281,59.3519],[24.6289,59.3518],[24.6301,59.3522],[24.6317,59.3532],[24.6342,59.3539],[24.636,59.3538],[24.637,59.3536],[24.6386,59.3536],[24.6403,59.354],[24.6411,59.354],[24.6417,59.3538],[24.6451,59.3553],[24.6471,59.3547],[24.6495,59.3551],[24.6515,59.3562],[24.6534,59.3563],[24.6543,59.3572],[24.6563,59.3578],[24.6558,59.3583],[24.6566,59.3593],[24.6576,59.3596],[24.6586,59.3604],[24.6601,59.3611],[24.6649,59.3614],[24.6669,59.3613],[24.6703,59.3609],[24.6702,59.3604],[24.6704,59.3601],[24.6727,59.3599],[24.6739,59.3591],[24.6735,59.3587],[24.6737,59.3583],[24.6756,59.3581],[24.6761,59.3567],[24.6771,59.3569],[24.6784,59.3561],[24.6794,59.3558],[24.6784,59.3561],[24.6761,59.3567]],[[24.6735,59.3418],[24.6749,59.3425],[24.6766,59.3448],[24.6776,59.3471],[24.6776,59.348],[24.6787,59.3484],[24.6796,59.3492],[24.679,59.3496],[24.679,59.3497],[24.6783,59.3512],[24.6786,59.3526],[24.6793,59.3531],[24.6791,59.354],[24.6801,59.3549],[24.6794,59.3558]],[[24.6737,59.3583],[24.6735,59.3587]],[[24.6704,59.3601],[24.6702,59.3604]],[[24.6586,59.3604],[24.6576,59.3596]],[[24.6411,59.354],[24.6403,59.354]],[[24.637,59.3536],[24.636,59.3538]],[[24.6342,59.3539],[24.6343,59.3533],[24.6317,59.3532]]]},"properties":{"name":"Pääsküla jõgi"}},
{"type":"Feature","geometry":{"type":"MultiLineString","coordinates":[[[25.3622,59.105],[25.3591,59.105],[25.3547,59.1039],[25.3518,59.1043],[25.35,59.1051],[25.3465,59.1089],[25.336,59.1118],[25.3294,59.1171],[25.3199,59.1216],[25.3199,59.122],[25.3246,59.1256],[25.3252,59.126],[25.3259,59.1265],[25.3271,59.1276],[25.327,59.1305],[25.3268,59.1316],[25.3252,59.1365],[25.3249,59.1395],[25.325,59.1399],[25.3271,59.1419],[25.3271,59.142],[25.3244,59.1434],[25.3233,59.1451],[25.323,59.1465],[25.3225,59.1469],[25.3169,59.1467],[25.3161,59.1475],[25.3157,59.1488],[25.3138,59.1476],[25.3127,59.1478],[25.3122,59.1487],[25.3096,59.149],[25.3098,59.1499],[25.3085,59.1503],[25.3084,59.1517],[25.3078,59.1539],[25.3107,59.1546],[25.3111,59.156],[25.3096,59.1561],[25.3084,59.157],[25.3078,59.1583],[25.3068,59.1586],[25.3066,59.1599],[25.3057,59.1607],[25.3025,59.1615],[25.3021,59.1619],[25.2984,59.1614],[25.2955,59.162],[25.295,59.1635],[25.2939,59.1637],[25.2895,59.1668],[25.2869,59.1669],[25.2875,59.1677],[25.2863,59.1682],[25.2831,59.1679],[25.2797,59.1693],[25.2771,59.1708],[25.2762,59.1706],[25.2746,59.1717],[25.2748,59.1744],[25.2741,59.1752],[25.2721,59.1746],[25.2715,59.1745],[25.2683,59.1757],[25.266,59.176],[25.265,59.1764],[25.2619,59.1771],[25.2625,59.1778],[25.2618,59.1786],[25.2631,59.1791],[25.2627,59.1801],[25.2612,59.1808],[25.2592,59.1812],[25.2583,59.1807],[25.2562,59.1817],[25.2535,59.1813],[25.2522,59.1822],[25.2501,59.1822],[25.2489,59.1819],[25.2443,59.1832],[25.2434,59.1842],[25.2415,59.1847],[25.2405,59.1839],[25.2378,59.1846],[25.2376,59.1841],[25.2359,59.1834],[25.235,59.1839],[25.2334,59.1833],[25.2305,59.1835],[25.228,59.1829],[25.2263,59.1823],[25.2252,59.1826],[25.2228,59.1822],[25.2231,59.1809],[25.2212,59.1811],[25.2189,59.1801],[25.2195,59.1793],[25.2174,59.1798],[25.2176,59.1804],[25.2156,59.1797],[25.2129,59.1795],[25.2115,59.1789],[25.2092,59.1797],[25.2079,59.1797],[25.2076,59.1808],[25.2067,59.1813],[25.2054,59.1805],[25.2038,59.1815],[25.2022,59.1813],[25.2014,59.1821],[25.2015,59.1831],[25.1993,59.1832],[25.1953,59.1827],[25.1939,59.1827],[25.191,59.1813],[25.1886,59.1819],[25.1881,59.1825],[25.1889,59.183],[25.1874,59.1837],[25.1875,59.1846],[25.1838,59.1849],[25.1831,59.1853],[25.1775,59.1843],[25.1751,59.1835],[25.1721,59.1832],[25.1713,59.1833],[25.1692,59.1849],[25.1668,59.1862],[25.167,59.1875],[25.1693,59.188],[25.1682,59.1887],[25.1686,59.1907],[25.1664,59.1913],[25.1649,59.1909],[25.1642,59.1915],[25.1659,59.1923],[25.1658,59.193],[25.1658,59.1935],[25.1639,59.1939],[25.1639,59.1949],[25.1626,59.195],[25.1626,59.1957],[25.1599,59.1961],[25.1596,59.1955],[25.1577,59.1952],[25.1566,59.1972],[25.1551,59.1964],[25.1541,59.1966],[25.1545,59.1979],[25.1557,59.1982],[25.1544,59.1993],[25.1525,59.1988],[25.1521,59.1998],[25.1509,59.1999],[25.1511,59.2008],[25.1502,59.2013],[25.1483,59.2012],[25.1463,59.2024],[25.1444,59.2014],[25.1414,59.2017],[25.1403,59.202],[25.1371,59.2017],[25.1359,59.2007],[25.1334,59.2007],[25.1332,59.2016],[25.1315,59.2011],[25.131,59.2003],[25.1297,59.2002],[25.1295,59.201],[25.1281,59.2011],[25.1272,59.2018],[25.1263,59.2014],[25.1241,59.2031],[25.1222,59.2029],[25.1214,59.2017],[25.1197,59.2024],[25.1183,59.2022],[25.1169,59.2024],[25.1157,59.2034],[25.1144,59.2031],[25.1113,59.2044],[25.1115,59.2057],[25.1099,59.2055],[25.1091,59.2048],[25.1076,59.205],[25.107,59.2056],[25.1094,59.2064],[25.1079,59.2069],[25.1081,59.2075],[25.1058,59.2079],[25.1043,59.2074],[25.1036,59.2084],[25.1031,59.2076],[25.1027,59.2075],[25.1015,59.2088],[25.1001,59.2081],[25.1011,59.2077],[25.1004,59.2072],[25.0987,59.2074],[25.0966,59.2069],[25.0959,59.2077],[25.0945,59.2074],[25.0933,59.2085],[25.0914,59.2084],[25.0912,59.2081],[25.0886,59.208],[25.0883,59.2093],[25.0869,59.2089],[25.0855,59.2093],[25.0856,59.21],[25.0835,59.2107],[25.0828,59.2123],[25.0804,59.2111],[25.074,59.2127],[25.0729,59.2122],[25.0716,59.2131],[25.0698,59.2125],[25.0685,59.2134],[25.0668,59.2139],[25.0649,59.2127],[25.0638,59.2137],[25.0617,59.2133],[25.0604,59.2146],[25.0583,59.214],[25.0562,59.2144],[25.0539,59.2156],[25.0525,59.2154],[25.0505,59.216],[25.0488,59.216],[25.0483,59.2172],[25.0473,59.2178],[25.0457,59.2173],[25.0441,59.2156],[25.0426,59.2164],[25.0436,59.2169],[25.0423,59.2174],[25.0412,59.2171],[25.0402,59.2178],[25.0419,59.2184],[25.0419,59.2192],[25.0392,59.22],[25.0381,59.2192],[25.0363,59.2194],[25.0341,59.2201],[25.0324,59.2198],[25.0322,59.2213],[25.0304,59.2208],[25.0276,59.2213],[25.0261,59.221],[25.0255,59.2221],[25.0231,59.2227],[25.0222,59.2225],[25.0217,59.2214],[25.0206,59.2217],[25.0197,59.223],[25.0184,59.2218],[25.0174,59.2219],[25.0173,59.2228],[25.016,59.2235],[25.0145,59.2222],[25.0124,59.2222],[25.0113,59.2232],[25.0093,59.2229],[25.0088,59.2239],[25.0107,59.225],[25.0088,59.2258],[25.0064,59.2257],[25.0055,59.225],[25.0042,59.2264],[25.0037,59.2269],[25.0029,59.2282],[25.0015,59.229],[25,59.2272],[24.9981,59.2278],[24.9978,59.2287],[24.9963,59.2286],[24.996,59.2302],[24.9978,59.2305],[24.9965,59.2312],[24.9946,59.231],[24.9948,59.2301],[24.994,59.2292],[24.9924,59.2292],[24.9923,59.2318],[24.9904,59.2312],[24.9914,59.2306],[24.9896,59.2302],[24.989,59.2315],[24.9894,59.2325],[24.9874,59.2325],[24.9863,59.2331],[24.9852,59.2326],[24.9837,59.2326],[24.9847,59.2337],[24.984,59.2344],[24.9827,59.2339],[24.982,59.2328],[24.9809,59.2325],[24.9796,59.2335],[24.9813,59.2339],[24.9807,59.2349],[24.9789,59.2344],[24.9779,59.2348],[24.9777,59.2357],[24.9788,59.2362],[24.9803,59.236],[24.9799,59.2371],[24.9767,59.2368],[24.9754,59.2378],[24.9743,59.2377],[24.9725,59.2381],[24.9716,59.2402],[24.9722,59.242],[24.9713,59.2429],[24.9694,59.2432],[24.9674,59.2442],[24.9684,59.2451],[24.9662,59.2448],[24.9665,59.2458],[24.9651,59.2463],[24.9645,59.2452],[24.963,59.2455],[24.9631,59.2469],[24.9627,59.2479],[24.9647,59.2481],[24.9639,59.2488],[24.9618,59.2488],[24.9612,59.2482],[24.9579,59.2484],[24.9569,59.2492],[24.9582,59.2499],[24.958,59.251],[24.9549,59.2511],[24.955,59.2513],[24.956,59.252],[24.9562,59.2521],[24.9564,59.253],[24.9548,59.2535],[24.9555,59.2542],[24.954,59.2574],[24.952,59.2767],[24.9513,59.2822],[24.9512,59.2828],[24.9476,59.2941],[24.947,59.2955],[24.9448,59.2961],[24.9458,59.2982],[24.9477,59.2987],[24.9468,59.3004],[24.949,59.3004],[24.9506,59.301],[24.9506,59.3026],[24.9499,59.303],[24.9484,59.3037],[24.9464,59.3047],[24.9456,59.3056],[24.9455,59.3064],[24.9468,59.3074],[24.946,59.3095],[24.9438,59.3103],[24.9448,59.3114],[24.9451,59.3127],[24.9468,59.312],[24.9504,59.3135],[24.952,59.3146],[24.9504,59.3154],[24.9519,59.3163],[24.9529,59.3183],[24.9526,59.3196],[24.9535,59.32],[24.9527,59.3206],[24.95,59.32],[24.9486,59.3214],[24.9496,59.3223],[24.9494,59.3229],[24.947,59.3237],[24.9465,59.3253],[24.9472,59.3271],[24.949,59.3283],[24.9512,59.3293],[24.9523,59.3314],[24.952,59.332],[24.9533,59.3343],[24.9526,59.335],[24.9521,59.3358],[24.9531,59.3363],[24.9526,59.3376],[24.9552,59.3383],[24.959,59.3373],[24.9595,59.3393],[24.959,59.3399],[24.9563,59.3402],[24.9555,59.3406],[24.9559,59.3424],[24.9572,59.3427],[24.957,59.3436],[24.9556,59.344],[24.9546,59.3454],[24.9514,59.3472],[24.9496,59.3476],[24.9455,59.3489],[24.9431,59.3504],[24.9436,59.3517],[24.9429,59.353],[24.9431,59.354],[24.9415,59.3556],[24.9412,59.3565],[24.9428,59.358],[24.9435,59.3584],[24.9451,59.3593],[24.9457,59.3612],[24.9478,59.3622],[24.9479,59.3627],[24.9472,59.3642],[24.9482,59.3657],[24.9487,59.3663],[24.9473,59.3668],[24.9467,59.368],[24.9479,59.3691],[24.9493,59.3696],[24.9514,59.3707],[24.9524,59.3724],[24.9531,59.3729],[24.9522,59.374],[24.948,59.3746],[24.9462,59.3747],[24.9468,59.3763],[24.9432,59.3774],[24.942,59.3784],[24.942,59.38],[24.9411,59.3801],[24.9394,59.3793],[24.9387,59.3794],[24.9384,59.381],[24.9399,59.3817],[24.9369,59.3836],[24.9374,59.384],[24.9383,59.384],[24.9385,59.3858],[24.9389,59.3869],[24.9368,59.3873],[24.9367,59.3886],[24.9386,59.3892],[24.9421,59.3909],[24.9411,59.3919],[24.9414,59.3927],[24.9436,59.3925],[24.9445,59.393],[24.946,59.3947],[24.9463,59.3953],[24.9458,59.3979],[24.9433,59.3996],[24.943,59.4004],[24.9388,59.4028],[24.9374,59.403],[24.9359,59.4042],[24.9363,59.4048],[24.9379,59.4055],[24.9387,59.4058],[24.9398,59.407],[24.9396,59.4082],[24.9422,59.4087],[24.944,59.4102],[24.9442,59.412],[24.944,59.4129],[24.9419,59.4142],[24.9416,59.4155],[24.9403,59.4164],[24.9369,59.4176],[24.9361,59.4184],[24.9366,59.4206],[24.9378,59.4219],[24.9371,59.4231],[24.9381,59.4238],[24.9393,59.4253],[24.9387,59.4261],[24.9366,59.4265],[24.9343,59.4286],[24.9347,59.433],[24.9336,59.4336],[24.9317,59.4339],[24.9292,59.435],[24.9273,59.4354],[24.9263,59.4355],[24.9248,59.4359],[24.9236,59.437],[24.923,59.4384],[24.9221,59.4391],[24.9198,59.4395],[24.9191,59.4389],[24.9171,59.4397],[24.9172,59.4429],[24.9155,59.4443],[24.9154,59.4444],[24.9152,59.4448],[24.9151,59.4452],[24.9149,59.4456],[24.9111,59.4469],[24.9118,59.4486],[24.9101,59.451],[24.9114,59.4523],[24.9112,59.4537],[24.9091,59.4545],[24.9093,59.4566],[24.9074,59.4572],[24.9052,59.4567],[24.9049,59.4564],[24.9044,59.4542],[24.9001,59.453],[24.8994,59.4521],[24.8979,59.452],[24.8975,59.4526],[24.899,59.4539],[24.9016,59.4549],[24.9016,59.4557],[24.9028,59.4568],[24.9029,59.4578],[24.9019,59.4582],[24.8997,59.458],[24.897,59.4567],[24.8958,59.4571],[24.8949,59.459],[24.8965,59.4606],[24.8989,59.4609],[24.8989,59.4619],[24.8983,59.4624],[24.8966,59.4624],[24.8948,59.4616],[24.8926,59.462],[24.8898,59.4615],[24.8885,59.4616],[24.8877,59.4627],[24.8881,59.4632],[24.8908,59.4634],[24.8898,59.4644],[24.8879,59.4646],[24.8855,59.4652],[24.8838,59.466],[24.8815,59.4666],[24.8791,59.466],[24.8766,59.4662],[24.8754,59.4667],[24.8726,59.4668],[24.8718,59.4664],[24.8737,59.4645],[24.8724,59.4629],[24.8722,59.4621],[24.8706,59.4619],[24.8693,59.4624],[24.8676,59.4622],[24.8672,59.4613],[24.8681,59.4605],[24.8634,59.4599],[24.8596,59.4596],[24.8577,59.4598],[24.8557,59.4598],[24.855,59.4604],[24.8558,59.4613],[24.8553,59.462],[24.853,59.4624],[24.8522,59.4625],[24.8501,59.4628],[24.8482,59.464],[24.8438,59.4644],[24.8417,59.464],[24.8405,59.4628],[24.8404,59.4614],[24.8383,59.4611],[24.8376,59.4614],[24.8349,59.4644],[24.8297,59.4671],[24.8244,59.4691]],[[24.9412,59.4208],[24.9391,59.4211],[24.9378,59.4219]],[[25.0042,59.2264],[25.0037,59.2269]],[[24.9379,59.4055],[24.9387,59.4058]],[[24.8879,59.4646],[24.8863,59.4647],[24.8855,59.4652]],[[24.9416,59.4155],[24.9407,59.4188],[24.9407,59.4193],[24.9413,59.4207],[24.9412,59.4208]],[[24.9407,59.4188],[24.9413,59.4196],[24.9413,59.4207]],[[24.9407,59.4193],[24.9413,59.4196]],[[24.9482,59.3657],[24.9473,59.3668]],[[24.9457,59.3612],[24.9473,59.3616],[24.9478,59.3622]],[[25.3025,59.1615],[25.3021,59.1619]]]},"properties":{"name":"Pirita jõgi"}},
{"type":"Feature","geometry":{"type":"MultiLineString","coordinates":[[[26.3238,57.9152],[26.3237,57.9151],[26.3249,57.9137],[26.3256,57.9127],[26.326,57.9124],[26.3272,57.9115],[26.3264,57.9108],[26.3272,57.9102],[26.3273,57.9091],[26.3309,57.9068],[26.3309,57.9062],[26.3294,57.9051],[26.3312,57.9037],[26.3313,57.9027],[26.3326,57.9022],[26.3333,57.9017],[26.3364,57.9002],[26.3392,57.8998],[26.3404,57.8994],[26.3405,57.8975],[26.3417,57.8959],[26.3413,57.895],[26.3423,57.8936],[26.3413,57.8928],[26.3406,57.8899],[26.3418,57.8887],[26.342,57.8881],[26.3409,57.8868],[26.3404,57.886],[26.3383,57.8817],[26.338,57.8816],[26.3311,57.8742],[26.3302,57.8732],[26.327,57.8698],[26.3252,57.8685],[26.3191,57.8646],[26.3187,57.8643],[26.3172,57.8608],[26.3165,57.8592],[26.3153,57.8579],[26.3137,57.8563],[26.3089,57.8463],[26.3073,57.8428],[26.3079,57.8423],[26.312,57.8403],[26.3124,57.8394],[26.3102,57.8381],[26.3094,57.8356],[26.3082,57.8348],[26.3054,57.8351],[26.3046,57.8349],[26.3016,57.8354],[26.2993,57.8353],[26.2973,57.8346],[26.2949,57.8344],[26.2942,57.8336],[26.294,57.8323],[26.2931,57.8316],[26.2881,57.83],[26.2851,57.83],[26.2826,57.8309],[26.2816,57.8307],[26.2791,57.8289],[26.2767,57.8276],[26.2749,57.8282],[26.2735,57.8297],[26.2731,57.8314],[26.2719,57.8324],[26.2702,57.8319],[26.2678,57.8309],[26.2664,57.8297],[26.2637,57.8298],[26.2605,57.8295],[26.2555,57.8285],[26.2454,57.8268],[26.2443,57.8266],[26.2421,57.8273],[26.2413,57.8279],[26.2395,57.8291],[26.2379,57.8297],[26.2348,57.8313],[26.2342,57.8321],[26.2379,57.8331],[26.2385,57.8339],[26.2407,57.8351],[26.241,57.8362],[26.2408,57.8365],[26.2367,57.8369],[26.2354,57.8376],[26.2318,57.8384],[26.23,57.8392],[26.2284,57.8403],[26.2254,57.8401],[26.2235,57.8392],[26.2226,57.8392],[26.2209,57.841],[26.2178,57.8413],[26.2163,57.8422],[26.2151,57.8444],[26.2142,57.8448],[26.2113,57.8439],[26.2079,57.8435],[26.2058,57.8443],[26.2071,57.8461],[26.207,57.8467],[26.2027,57.848],[26.2022,57.8486],[26.2019,57.8503],[26.2005,57.8508],[26.2002,57.8517],[26.1988,57.852],[26.1965,57.8518],[26.1958,57.8529],[26.1964,57.8537],[26.196,57.8541],[26.1936,57.8544],[26.1922,57.8546],[26.19,57.855],[26.1898,57.8556],[26.1886,57.8558],[26.1842,57.8552],[26.1834,57.8554],[26.1812,57.8553],[26.1783,57.8547],[26.1767,57.8533],[26.1775,57.8524],[26.1766,57.8515],[26.1722,57.8501],[26.1696,57.8499],[26.1674,57.8503],[26.165,57.8503],[26.1639,57.8493],[26.1616,57.8501],[26.1599,57.8501],[26.1583,57.8491],[26.1575,57.8471],[26.156,57.8469],[26.1552,57.8476],[26.1534,57.8482],[26.1515,57.8492],[26.1512,57.85],[26.1498,57.8503],[26.1488,57.8501],[26.1489,57.849],[26.1478,57.8485],[26.1456,57.8488],[26.1441,57.8483],[26.1413,57.8489],[26.1401,57.8495],[26.1389,57.8489],[26.1386,57.85],[26.1359,57.8501],[26.1341,57.8501],[26.1321,57.851],[26.1317,57.8518],[26.1312,57.8535],[26.1308,57.8541],[26.1312,57.8551],[26.1324,57.8554],[26.1321,57.8564],[26.1288,57.8559],[26.1278,57.8569],[26.129,57.8573],[26.1291,57.8582],[26.127,57.8594],[26.1252,57.8599],[26.1258,57.8606],[26.1275,57.8604],[26.1306,57.8604],[26.1317,57.861],[26.1306,57.8618],[26.1279,57.8614],[26.127,57.8627],[26.1259,57.8627],[26.1234,57.8618],[26.1214,57.8617],[26.1199,57.8622],[26.1196,57.8629],[26.1224,57.8647],[26.1226,57.8655],[26.1184,57.8676],[26.1173,57.868],[26.1142,57.868],[26.1136,57.8683],[26.1134,57.8689],[26.1138,57.8721],[26.113,57.8731],[26.1146,57.8745],[26.1138,57.8761],[26.1133,57.8779],[26.1174,57.8794],[26.1176,57.8803],[26.1135,57.8821],[26.1115,57.8824],[26.1082,57.8833],[26.1061,57.8836],[26.1054,57.8841],[26.1052,57.8855],[26.1044,57.8862],[26.1009,57.8874],[26.0998,57.8882],[26.0985,57.8885],[26.0958,57.8876],[26.0928,57.8872],[26.0904,57.8872],[26.0883,57.888],[26.0893,57.8895],[26.0904,57.8905],[26.0888,57.8909],[26.0851,57.8903],[26.0848,57.8917],[26.086,57.8924],[26.0855,57.8932],[26.0838,57.8933],[26.083,57.8938],[26.0832,57.8947],[26.0843,57.8962],[26.0857,57.8967],[26.086,57.8981],[26.0841,57.8995],[26.0843,57.9006],[26.0853,57.9014],[26.0849,57.9021],[26.0809,57.9029],[26.0793,57.9045],[26.0785,57.9049],[26.0758,57.9046],[26.0748,57.9052],[26.0749,57.9069],[26.0767,57.908],[26.077,57.9085],[26.0764,57.9097],[26.0772,57.9111],[26.0763,57.9116],[26.0741,57.9115],[26.0719,57.9132],[26.0712,57.9142],[26.0691,57.9174],[26.0676,57.9183],[26.0674,57.9194],[26.0688,57.9205],[26.0691,57.9215],[26.068,57.9236],[26.0666,57.9246],[26.0658,57.9266],[26.0633,57.9274],[26.0621,57.9282],[26.0629,57.9312],[26.0629,57.9353],[26.0606,57.9363],[26.0609,57.9371],[26.0627,57.9379],[26.062,57.9387],[26.0593,57.9397],[26.0587,57.9402],[26.0578,57.9423],[26.0562,57.9433],[26.0534,57.944],[26.0494,57.9453],[26.0465,57.9468],[26.043,57.9476],[26.044,57.9486],[26.0458,57.9491],[26.0476,57.949],[26.0486,57.9493],[26.0493,57.9509],[26.0477,57.9521],[26.0478,57.9526],[26.0498,57.954],[26.0522,57.9552],[26.0529,57.956],[26.0527,57.9572],[26.0507,57.9586],[26.0507,57.9597],[26.0512,57.9609],[26.0507,57.9619],[26.0483,57.9638],[26.0472,57.9648],[26.0477,57.9664],[26.0509,57.9705],[26.0529,57.9713],[26.0538,57.9724],[26.0534,57.9731],[26.0519,57.9745],[26.0507,57.9752],[26.0474,57.9754],[26.0446,57.9758],[26.0439,57.9766],[26.0439,57.9773],[26.0447,57.9808],[26.0484,57.9842],[26.0485,57.9858],[26.0486,57.987],[26.05,57.9888],[26.05,57.9897],[26.0489,57.9904],[26.0488,57.991],[26.0472,57.9938],[26.0454,57.9956],[26.0447,57.9967],[26.0452,57.9984],[26.0463,58],[26.0478,58.0015],[26.0475,58.0031],[26.0464,58.0038],[26.0447,58.0083],[26.0447,58.0089],[26.0476,58.0114],[26.0502,58.0148],[26.0539,58.0168],[26.0547,58.0175],[26.0548,58.0188],[26.0555,58.0208],[26.0549,58.0227],[26.0554,58.025],[26.0566,58.027],[26.0574,58.0282],[26.0547,58.0295],[26.0546,58.0302],[26.056,58.0326],[26.0568,58.035],[26.0559,58.0356],[26.0543,58.0355],[26.0536,58.036],[26.0541,58.0368],[26.0539,58.0386],[26.0533,58.0407],[26.0533,58.0428],[26.0541,58.0442],[26.0564,58.0448],[26.0582,58.0446],[26.0596,58.0438],[26.0621,58.0431],[26.0634,58.0432],[26.0642,58.0438],[26.0639,58.0459],[26.0634,58.0466],[26.0626,58.0492],[26.0616,58.0502],[26.0597,58.0503],[26.059,58.0512],[26.0584,58.0534],[26.053,58.0568],[26.0517,58.0573],[26.0498,58.0572],[26.0483,58.0578],[26.0481,58.0592],[26.0486,58.06],[26.0504,58.0614],[26.0522,58.0625],[26.053,58.0631],[26.0577,58.0663],[26.0592,58.0675],[26.0593,58.068],[26.0579,58.0684],[26.0553,58.0687],[26.0541,58.0697],[26.0551,58.0709],[26.0575,58.0719],[26.059,58.0739],[26.0594,58.0758],[26.0607,58.0781],[26.0609,58.0793],[26.0607,58.0817],[26.0603,58.0835],[26.0588,58.085],[26.0573,58.086],[26.055,58.0874],[26.0531,58.09],[26.0529,58.0913],[26.0537,58.0935],[26.0546,58.0944],[26.0573,58.0961]],[[26.3768,57.9453],[26.3767,57.9453],[26.3744,57.9445],[26.3742,57.944],[26.3754,57.943],[26.3738,57.9423],[26.3698,57.942],[26.3703,57.9409],[26.3659,57.9397],[26.3632,57.9396],[26.3612,57.9393],[26.3598,57.9396],[26.3572,57.9387],[26.3543,57.939],[26.354,57.937],[26.3552,57.9346],[26.3526,57.9338],[26.3512,57.934],[26.3505,57.9332],[26.3464,57.9329],[26.3454,57.9324],[26.3455,57.9313],[26.3429,57.9309],[26.3428,57.9299],[26.3411,57.9292],[26.34,57.9294],[26.3376,57.9291],[26.3364,57.9272],[26.3375,57.9268],[26.3365,57.9256],[26.3365,57.9246],[26.3351,57.9234],[26.3335,57.9227],[26.3305,57.9229],[26.329,57.9225],[26.3293,57.9219],[26.3265,57.921]],[[26.3792,57.9451],[26.3804,57.9454],[26.3817,57.9448],[26.3867,57.9474],[26.3885,57.9474],[26.3901,57.9472],[26.3932,57.948],[26.3943,57.9475],[26.3963,57.948],[26.3969,57.9491],[26.3978,57.9494],[26.3975,57.9506],[26.3979,57.9523],[26.3965,57.9532],[26.3967,57.956],[26.3982,57.9583],[26.3992,57.9591],[26.3992,57.9598],[26.4014,57.9598],[26.4012,57.9606],[26.4026,57.9618],[26.4043,57.9616],[26.4055,57.9622],[26.406,57.9633],[26.4045,57.9638],[26.4039,57.9647],[26.4028,57.9648],[26.4015,57.9659],[26.4017,57.9667],[26.4048,57.9688],[26.4067,57.9689],[26.4071,57.9696],[26.4082,57.9701],[26.4102,57.9701],[26.4109,57.9707],[26.4122,57.9709],[26.4122,57.9719],[26.4098,57.9721],[26.4089,57.9725],[26.4094,57.9732],[26.4108,57.9736],[26.4134,57.9736],[26.4153,57.974],[26.4156,57.974],[26.416,57.9742],[26.4157,57.9769],[26.4181,57.9774]],[[26.4465,58.0161],[26.4466,58.016],[26.4488,58.0152],[26.448,58.0148],[26.4493,58.0135],[26.4479,58.0128],[26.4462,58.0103],[26.4455,58.0102],[26.4452,58.009],[26.4464,58.0083],[26.4463,58.0083],[26.4456,58.0071],[26.4439,58.0065],[26.4431,58.0055],[26.4386,58.0054],[26.4384,58.0054],[26.4379,58.0053],[26.4307,58.0021],[26.4305,58.002],[26.4303,58.0019],[26.4292,58.0008],[26.4308,57.9991],[26.4315,57.9973],[26.4309,57.9965],[26.4315,57.996],[26.4328,57.9957],[26.434,57.9951],[26.434,57.9937],[26.4371,57.9929],[26.4366,57.9906],[26.4365,57.9904],[26.4349,57.9889],[26.4323,57.9875],[26.4332,57.9872],[26.4339,57.986],[26.4341,57.9849],[26.4317,57.9848],[26.4304,57.9853],[26.4283,57.9852],[26.4276,57.9835],[26.4264,57.983],[26.4251,57.9832],[26.4247,57.9825],[26.4233,57.9824],[26.4202,57.9817],[26.4182,57.9803],[26.418,57.9795]],[[26.4315,57.996],[26.4328,57.9957]]]},"properties":{"name":"Väike Emajõgi"}},
{"type":"Feature","geometry":{"type":"MultiLineString","coordinates":[[[24.4869,58.3875],[24.4846,58.3885],[24.4829,58.3886],[24.4803,58.3884],[24.4783,58.3886],[24.4749,58.3897],[24.471,58.3924],[24.4698,58.3929],[24.4665,58.3936],[24.4653,58.3941],[24.4638,58.3953],[24.4627,58.3977],[24.462,58.3985],[24.4593,58.4001],[24.4587,58.4014],[24.4591,58.403],[24.4592,58.4036],[24.4591,58.4039],[24.4583,58.4052],[24.4561,58.4067],[24.454,58.4083],[24.4508,58.4098],[24.448,58.4102],[24.4442,58.4122],[24.4433,58.4128],[24.4427,58.4154],[24.4433,58.4168],[24.4444,58.4182],[24.4445,58.4199],[24.4428,58.4218],[24.4425,58.4228],[24.4411,58.4236],[24.4409,58.4244],[24.4417,58.4267],[24.4415,58.4278],[24.4408,58.4287],[24.4413,58.4294],[24.4446,58.4313],[24.4511,58.4341],[24.4522,58.4344],[24.4546,58.4357],[24.4561,58.4363],[24.4583,58.4376],[24.4615,58.4385],[24.4666,58.4402],[24.4687,58.4421],[24.472,58.4431],[24.4768,58.4434],[24.4791,58.4439],[24.4836,58.4438],[24.4861,58.4447],[24.4889,58.4451],[24.4924,58.4449],[24.4953,58.4456],[24.4964,58.4464],[24.4985,58.4463],[24.5,58.4459],[24.5009,58.4459],[24.5072,58.4464],[24.5127,58.4461],[24.5142,58.4474],[24.5184,58.4485],[24.5208,58.4494],[24.523,58.4496],[24.5242,58.4503],[24.5243,58.4513],[24.526,58.4522],[24.5275,58.4538],[24.5322,58.4571],[24.5347,58.4586],[24.5376,58.4589],[24.5372,58.4599],[24.5351,58.4603],[24.5351,58.4617],[24.5363,58.4626],[24.5385,58.4639],[24.5379,58.4659],[24.5368,58.4662],[24.5356,58.4677],[24.5359,58.4684],[24.5386,58.4705],[24.5383,58.4742],[24.5365,58.4767],[24.5352,58.4773],[24.5343,58.4793],[24.5332,58.4796],[24.5325,58.4805],[24.5312,58.4809],[24.5317,58.4817],[24.5331,58.4818],[24.5328,58.4825],[24.5314,58.4829],[24.533,58.4845],[24.5335,58.4861],[24.5335,58.4874],[24.5322,58.489],[24.5328,58.4901],[24.5341,58.4917],[24.5352,58.4925],[24.5349,58.4935],[24.5379,58.4945],[24.5405,58.4968],[24.5431,58.4959],[24.5445,58.4964],[24.545,58.4983],[24.5439,58.5002],[24.5446,58.5011],[24.5478,58.5007],[24.5481,58.5013],[24.5471,58.502],[24.5504,58.5025],[24.55,58.5035],[24.5484,58.5037],[24.5488,58.505],[24.5499,58.5051],[24.5508,58.5044],[24.5527,58.5042],[24.553,58.505],[24.5526,58.5059],[24.5528,58.5076],[24.5533,58.508],[24.552,58.5089],[24.553,58.5102],[24.5526,58.5115],[24.5545,58.5112],[24.5555,58.5115],[24.56,58.5124],[24.5607,58.513],[24.5623,58.513],[24.5636,58.5123],[24.565,58.5134],[24.566,58.5128],[24.5687,58.5126],[24.5702,58.5136],[24.5754,58.5136],[24.5777,58.5134],[24.5829,58.5137],[24.5862,58.5137],[24.5875,58.5127],[24.5893,58.5122],[24.5924,58.5124],[24.596,58.513],[24.5977,58.5135],[24.5992,58.5136],[24.6016,58.5144],[24.6055,58.514],[24.6052,58.5131],[24.6078,58.5131],[24.6097,58.5136],[24.6118,58.513],[24.6127,58.511],[24.6122,58.5099],[24.6148,58.5097],[24.6159,58.5089],[24.6174,58.51],[24.6185,58.5098],[24.6193,58.5088],[24.6209,58.5085],[24.6204,58.5074],[24.623,58.5068],[24.6273,58.5074],[24.6286,58.5079],[24.6303,58.5076],[24.6315,58.508],[24.634,58.5073],[24.6355,58.5081],[24.6378,58.5078],[24.6382,58.5065],[24.6403,58.5068],[24.643,58.5089],[24.6447,58.5085],[24.6455,58.5096],[24.647,58.5093],[24.6475,58.5101],[24.6489,58.5105],[24.6515,58.51],[24.6522,58.5105],[24.6558,58.5104],[24.6553,58.511],[24.6598,58.5114],[24.661,58.5117],[24.6606,58.5129],[24.6621,58.513],[24.6647,58.5153],[24.6662,58.5171],[24.6687,58.5166],[24.6707,58.5174],[24.6729,58.5178],[24.6741,58.5188],[24.6774,58.5179],[24.6795,58.518],[24.6801,58.5168],[24.6826,58.5175],[24.6845,58.5169],[24.6855,58.5175],[24.6857,58.5193],[24.6878,58.5201],[24.6891,58.5213],[24.691,58.5212],[24.6922,58.522],[24.6961,58.5224],[24.6971,58.524],[24.699,58.5241],[24.6995,58.5248],[24.7025,58.5253],[24.7038,58.5258],[24.7042,58.5266],[24.7065,58.5264],[24.7061,58.5276],[24.7083,58.5283],[24.7084,58.5291],[24.7096,58.5294],[24.7103,58.531],[24.7116,58.5309],[24.7132,58.5313],[24.7174,58.5311],[24.719,58.5317],[24.7196,58.5323],[24.7231,58.5326],[24.7232,58.5339],[24.7265,58.5351],[24.7269,58.5358],[24.7289,58.5359],[24.7311,58.5363],[24.732,58.5371],[24.7344,58.5374],[24.7364,58.5387],[24.7386,58.5385],[24.7398,58.539],[24.7418,58.5384],[24.7433,58.5392],[24.7445,58.5388],[24.7465,58.5389],[24.7489,58.538],[24.7508,58.5376],[24.7527,58.5375],[24.7536,58.5367],[24.755,58.5368],[24.7558,58.5375],[24.7591,58.5377],[24.7611,58.5384],[24.7625,58.5384],[24.7635,58.5392],[24.7647,58.5391],[24.7671,58.5399],[24.7668,58.5406],[24.7686,58.5407],[24.7695,58.5411],[24.7691,58.542],[24.771,58.542],[24.772,58.5414],[24.7737,58.5409],[24.7748,58.5413],[24.7759,58.5409],[24.7779,58.542],[24.7772,58.5429],[24.7793,58.5441],[24.7796,58.5452],[24.7789,58.5456],[24.7801,58.5466],[24.7795,58.5472],[24.78,58.5479],[24.7796,58.5491],[24.7803,58.5498],[24.7821,58.5502],[24.7828,58.5512],[24.7849,58.5517],[24.7846,58.5527],[24.7866,58.5529],[24.7879,58.5538],[24.7883,58.5546],[24.7895,58.5551],[24.7889,58.5557],[24.7909,58.5563],[24.7905,58.5572],[24.7923,58.5573],[24.7931,58.5583],[24.7946,58.5581],[24.7967,58.5589],[24.7975,58.5584],[24.7989,58.5585],[24.8,58.5592],[24.802,58.5585],[24.8044,58.5594],[24.8058,58.5586],[24.808,58.5587],[24.8089,58.558],[24.8111,58.5587],[24.8115,58.5587],[24.8117,58.5586],[24.8132,58.5587],[24.8166,58.5603],[24.8171,58.5618],[24.8181,58.5622],[24.821,58.5621],[24.8248,58.5618],[24.8264,58.562],[24.8275,58.5628],[24.8276,58.563],[24.8294,58.5634],[24.8308,58.5649],[24.8335,58.5672],[24.8426,58.5726],[24.8486,58.5762],[24.8554,58.5764],[24.8576,58.5766],[24.8649,58.5831],[24.8665,58.5846],[24.8653,58.5859],[24.8652,58.5866],[24.8719,58.5921],[24.878,58.5976],[24.8774,58.5985],[24.8736,58.5997],[24.8742,58.6003],[24.8876,58.6127],[24.889,58.614],[24.8911,58.6171],[24.893,58.6188],[24.8949,58.6212],[24.8964,58.6223],[24.8983,58.6233],[24.9018,58.6263],[24.9011,58.6275],[24.9028,58.6294],[24.9057,58.634],[24.9079,58.6375],[24.9081,58.6377],[24.9085,58.6386],[24.9099,58.6398],[24.9095,58.6407],[24.9135,58.6418],[24.9138,58.6434],[24.9163,58.6443],[24.9166,58.6455],[24.9166,58.6456],[24.916,58.6472],[24.9209,58.6486],[24.9211,58.6489],[24.921,58.6496],[24.9239,58.6558],[24.9231,58.6621],[24.9234,58.6624],[24.9241,58.6649],[24.9178,58.67],[24.9168,58.6726],[24.918,58.6794],[24.9194,58.6815],[24.9205,58.685],[24.9211,58.6865],[24.9185,58.6949],[24.9184,58.6959],[24.9232,58.7001],[24.9233,58.7002],[24.9259,58.7037],[24.9257,58.7042],[24.9215,58.7062],[24.9229,58.7134],[24.9229,58.7135],[24.9229,58.7136],[24.9216,58.7156],[24.9162,58.7237],[24.9156,58.7244],[24.9173,58.7262],[24.9194,58.7331],[24.9067,58.7407],[24.9066,58.7407],[24.9021,58.7435],[24.9004,58.7454],[24.9008,58.748],[24.9036,58.7505],[24.9037,58.7506],[24.904,58.751],[24.9039,58.7511],[24.9061,58.7528],[24.9117,58.7546],[24.913,58.7559],[24.913,58.756],[24.913,58.7569],[24.9177,58.7637],[24.9178,58.7648],[24.9235,58.7669],[24.9229,58.7675],[24.9227,58.7675],[24.9171,58.7718],[24.917,58.7719],[24.9168,58.7721],[24.9169,58.7721],[24.9217,58.7759],[24.9209,58.7778],[24.9209,58.7779],[24.9192,58.7793],[24.919,58.7794],[24.9163,58.7811],[24.9168,58.7821],[24.9189,58.7829],[24.9204,58.7829],[24.9218,58.7835]],[[24.9262,58.796],[24.9244,58.7943],[24.9203,58.7897],[24.9202,58.7896],[24.9242,58.7887],[24.9233,58.7872],[24.9226,58.7843],[24.9219,58.7836]]]},"properties":{"name":"Sauga jõgi"}},
{"type":"Feature","geometry":{"type":"MultiLineString","coordinates":[[[24.3234,58.5474],[24.3217,58.5459],[24.3235,58.5437],[24.3255,58.5409],[24.3271,58.5395],[24.33,58.536],[24.3345,58.5312],[24.3365,58.5266],[24.3374,58.5238],[24.3382,58.5227],[24.3428,58.5173],[24.3462,58.5145],[24.3465,58.5116],[24.3469,58.5062],[24.342,58.5014],[24.3408,58.5],[24.3412,58.4994],[24.339,58.4981],[24.3389,58.4981],[24.3386,58.4978],[24.3372,58.4938],[24.3377,58.4933],[24.3371,58.4915],[24.3375,58.4896],[24.3383,58.4879],[24.3388,58.4851],[24.3382,58.4838],[24.3366,58.481],[24.3369,58.4806],[24.3344,58.4789],[24.3337,58.477],[24.334,58.4763],[24.3319,58.4743],[24.3337,58.4741],[24.3337,58.4732],[24.332,58.4729],[24.3318,58.4719],[24.3329,58.4717],[24.332,58.4708],[24.3321,58.4702],[24.3323,58.4698],[24.3304,58.4691],[24.3289,58.469],[24.325,58.4691],[24.3235,58.4688],[24.3221,58.4681],[24.3211,58.4688],[24.32,58.4684],[24.3196,58.4675],[24.3205,58.4665],[24.319,58.4659],[24.3187,58.4653],[24.3169,58.4655],[24.3173,58.4647],[24.3195,58.464],[24.3202,58.4634],[24.3228,58.4623],[24.3241,58.4631],[24.326,58.4622],[24.3281,58.4616],[24.3299,58.4617],[24.3317,58.4614],[24.3324,58.4614],[24.3335,58.4598],[24.3335,58.4589],[24.3323,58.4577],[24.3339,58.4559],[24.3329,58.4552],[24.3304,58.4548],[24.3292,58.454],[24.3291,58.4531],[24.3316,58.4519],[24.3324,58.4512],[24.3314,58.4498],[24.3293,58.4495],[24.3283,58.4489],[24.3232,58.4477],[24.3211,58.447],[24.3192,58.4459],[24.3173,58.4452],[24.3161,58.4444],[24.3162,58.4434],[24.3158,58.4401],[24.3153,58.4393],[24.3155,58.4385],[24.3151,58.4374],[24.3182,58.4346],[24.3191,58.4332],[24.32,58.4306],[24.3188,58.426],[24.3181,58.4245],[24.3186,58.4233],[24.3191,58.4228],[24.3237,58.4219],[24.3278,58.4219],[24.3338,58.4211],[24.3356,58.4214],[24.3403,58.4216],[24.3446,58.4216],[24.3465,58.4219],[24.3487,58.4218],[24.3504,58.4214],[24.3518,58.4199],[24.3527,58.4195],[24.3553,58.4196],[24.3571,58.4189],[24.3587,58.4179],[24.3595,58.4165],[24.3613,58.4158],[24.3633,58.4154],[24.3655,58.4143],[24.3654,58.4136],[24.3644,58.4131],[24.3614,58.4123],[24.3614,58.4117],[24.3626,58.4103],[24.3621,58.4093],[24.3584,58.4078],[24.3573,58.4065],[24.3583,58.4054],[24.36,58.4054],[24.3616,58.4046],[24.364,58.4025],[24.3653,58.4013],[24.3647,58.4],[24.3646,58.3997],[24.3644,58.3985],[24.3655,58.3971],[24.3673,58.3965],[24.3699,58.3951],[24.3713,58.3947],[24.3731,58.3948],[24.3776,58.3958],[24.3802,58.3965],[24.3856,58.3962],[24.3882,58.3963],[24.3945,58.3969],[24.3972,58.3968],[24.399,58.3961],[24.4001,58.3938],[24.401,58.3927],[24.4039,58.392],[24.4062,58.3921],[24.4094,58.3927],[24.4126,58.3929],[24.4155,58.3927],[24.4246,58.3913],[24.4328,58.3894],[24.4361,58.3885],[24.4428,58.3873],[24.4471,58.3857],[24.4497,58.3848]],[[24.364,58.4025],[24.3647,58.4]],[[24.3573,58.4065],[24.3571,58.4056],[24.3583,58.4054]]]},"properties":{"name":"Audru jõgi"}},
{"type":"Feature","geometry":{"type":"MultiLineString","coordinates":[[[25.3471,59.3124],[25.3467,59.3149],[25.351,59.3152],[25.3518,59.3163],[25.3534,59.3176],[25.3533,59.3185],[25.3564,59.3195],[25.3532,59.3211],[25.3529,59.3225],[25.3543,59.3229],[25.3545,59.3244],[25.353,59.3254],[25.3509,59.3252],[25.3511,59.3263],[25.3519,59.3273],[25.3477,59.3271],[25.3436,59.3271],[25.3426,59.3279],[25.3429,59.3287],[25.3421,59.3303],[25.3436,59.3311],[25.3425,59.3315],[25.34,59.3314],[25.3379,59.3317],[25.3367,59.3329],[25.3375,59.3341],[25.3407,59.3351],[25.3419,59.3359],[25.3443,59.336],[25.3454,59.3366],[25.3463,59.3376],[25.3463,59.3381],[25.345,59.3393],[25.3428,59.3408],[25.3422,59.3414],[25.3408,59.3438],[25.34,59.3445],[25.3385,59.3468],[25.3384,59.3478],[25.337,59.3492],[25.3351,59.3499],[25.3347,59.3505],[25.3357,59.3516],[25.3356,59.3524],[25.3331,59.3538],[25.3307,59.3555],[25.3299,59.3565],[25.3294,59.3583],[25.3273,59.3596],[25.3251,59.3623],[25.3228,59.3632],[25.3229,59.3638],[25.328,59.3648],[25.3289,59.3652],[25.3291,59.3675],[25.3306,59.3684],[25.3314,59.3701],[25.3332,59.3712],[25.3331,59.3717],[25.3314,59.3727],[25.3309,59.3749],[25.3315,59.3757],[25.3333,59.3762],[25.3368,59.3763],[25.3383,59.3782],[25.3444,59.3799],[25.3444,59.3807],[25.3402,59.3811],[25.3391,59.3824],[25.3342,59.3851],[25.3325,59.3867],[25.3316,59.3882],[25.3318,59.3901],[25.3312,59.3904],[25.3295,59.39],[25.3284,59.3906],[25.3272,59.3919],[25.3247,59.3937],[25.3212,59.3952],[25.3204,59.3975],[25.3185,59.3983],[25.3161,59.3983],[25.3128,59.3983],[25.3107,59.3995],[25.3088,59.3994],[25.3051,59.4002],[25.3042,59.4013],[25.3037,59.4033],[25.3029,59.4038],[25.2999,59.4039],[25.2984,59.4044],[25.2961,59.4061],[25.2951,59.4064],[25.2909,59.4062],[25.2901,59.4059],[25.2882,59.4064],[25.2882,59.4082],[25.2871,59.4086],[25.284,59.4101],[25.281,59.4096],[25.279,59.4113],[25.2772,59.4119],[25.2738,59.4126],[25.2703,59.4134],[25.2689,59.4146],[25.2686,59.4153],[25.2671,59.4161],[25.2641,59.4163],[25.2624,59.415],[25.2605,59.4143],[25.2589,59.4143],[25.2571,59.4148],[25.2551,59.4151],[25.2527,59.4141],[25.2511,59.4138],[25.2491,59.4142],[25.2485,59.4153],[25.2469,59.416],[25.2442,59.4161],[25.2411,59.4166],[25.24,59.4172],[25.2405,59.4188],[25.2411,59.4198],[25.2413,59.4213],[25.2409,59.4224],[25.2387,59.4243],[25.2372,59.4243],[25.2365,59.4237],[25.2342,59.4226],[25.2323,59.4219],[25.2296,59.4219],[25.2291,59.4229],[25.2297,59.4243],[25.2288,59.4255],[25.2272,59.4257],[25.2248,59.4251],[25.2235,59.4252],[25.2217,59.4263],[25.2192,59.4266],[25.2173,59.4262],[25.2156,59.4261],[25.2148,59.426],[25.2131,59.4257],[25.2096,59.4237],[25.2082,59.4242],[25.2069,59.4254],[25.2058,59.4267],[25.2044,59.4272],[25.2029,59.4275],[25.2002,59.4282],[25.1974,59.4294],[25.1956,59.4311],[25.196,59.4318],[25.1984,59.4326],[25.197,59.4332],[25.1939,59.4333],[25.1936,59.4346],[25.1934,59.4358],[25.1917,59.4369],[25.1917,59.4374],[25.1944,59.4388],[25.1944,59.4397],[25.1928,59.4412],[25.1893,59.4424],[25.1881,59.4436],[25.1882,59.4457],[25.1877,59.4497],[25.1866,59.4506],[25.1854,59.4507],[25.1832,59.4497],[25.1819,59.4495],[25.1786,59.4498],[25.1781,59.4501],[25.1742,59.4502],[25.1731,59.4504],[25.1713,59.4513],[25.1709,59.4539],[25.1716,59.4554],[25.1702,59.4561],[25.1686,59.4565],[25.1685,59.4575],[25.1673,59.4578],[25.1647,59.458],[25.1639,59.4587],[25.1654,59.4593],[25.1682,59.4599],[25.1701,59.4612],[25.169,59.4633]],[[25.361,59.3074],[25.3601,59.3062],[25.3616,59.3051],[25.3614,59.3031],[25.3627,59.3017],[25.3627,59.3009],[25.3618,59.3]],[[25.39,59.2894],[25.3901,59.2901],[25.386,59.2912],[25.3844,59.2913],[25.3824,59.2918],[25.3822,59.2908],[25.3841,59.291],[25.3856,59.2905],[25.3847,59.29],[25.3859,59.2895],[25.388,59.2898],[25.3893,59.2892]],[[25.4104,59.2855],[25.409,59.2849],[25.4094,59.2845],[25.4122,59.2834],[25.4141,59.2804],[25.4156,59.2804],[25.4162,59.2792],[25.4174,59.2784],[25.4192,59.2767],[25.4207,59.2761],[25.4213,59.2759],[25.4229,59.2755]],[[25.3913,59.2866],[25.3913,59.286],[25.3929,59.2861]],[[25.3904,59.2864],[25.3883,59.2867],[25.3918,59.2873],[25.3936,59.2871],[25.3948,59.2864],[25.3956,59.2846],[25.3976,59.2849],[25.3984,59.2856],[25.398,59.2874],[25.3987,59.2877],[25.4008,59.2869],[25.4035,59.2851],[25.4058,59.2842],[25.4071,59.2847],[25.409,59.2849]],[[25.3883,59.2872],[25.3886,59.2878],[25.3874,59.2876],[25.387,59.2868],[25.3858,59.2865],[25.3846,59.2882],[25.3883,59.2885],[25.3886,59.2878]],[[25.1497,59.4768],[25.1504,59.4758],[25.1517,59.4729],[25.152,59.471],[25.153,59.4703],[25.1539,59.4689],[25.1561,59.4681],[25.1574,59.4656],[25.1574,59.4651]],[[25.7086,59.0955],[25.705,59.092],[25.7011,59.0895],[25.701,59.0894],[25.6986,59.0892],[25.6964,59.0879],[25.6937,59.088],[25.6919,59.0877],[25.6878,59.0884],[25.6876,59.0884],[25.6859,59.0886],[25.6834,59.0862],[25.6825,59.084],[25.682,59.0835],[25.6818,59.0834],[25.6813,59.0829],[25.6801,59.0803],[25.674,59.0783],[25.6738,59.0782],[25.6716,59.0774],[25.6726,59.0753],[25.6718,59.0745],[25.667,59.0722],[25.6634,59.0689],[25.6633,59.0688],[25.6601,59.0658],[25.6604,59.0632],[25.6618,59.0619],[25.6619,59.0618],[25.6608,59.06],[25.6592,59.0594],[25.6601,59.0589],[25.6588,59.0582],[25.6581,59.0571],[25.6564,59.0568],[25.6566,59.0559],[25.6553,59.0555],[25.6563,59.0546],[25.6542,59.0541],[25.6547,59.053],[25.6561,59.0519],[25.6573,59.0515],[25.657,59.0508],[25.6554,59.0503],[25.6562,59.0495],[25.6545,59.0494],[25.6527,59.0481],[25.6516,59.0467],[25.6508,59.047],[25.6478,59.0462],[25.6476,59.0449],[25.6456,59.0444],[25.6441,59.0433],[25.6407,59.0427],[25.6428,59.0416],[25.6422,59.0407],[25.6402,59.0399],[25.638,59.0406],[25.6377,59.0404],[25.6368,59.0391],[25.6327,59.039],[25.6331,59.0374],[25.6324,59.0368],[25.6304,59.0362],[25.6288,59.0361],[25.6284,59.0352],[25.6259,59.0346],[25.6254,59.034],[25.6226,59.034],[25.6206,59.0345],[25.6158,59.0347],[25.6154,59.036],[25.6144,59.0364],[25.6125,59.0363],[25.611,59.0365],[25.6106,59.0368],[25.6105,59.0375],[25.609,59.038],[25.6104,59.0388],[25.6101,59.0394],[25.6089,59.0396],[25.6069,59.0391],[25.6067,59.0401],[25.6052,59.0411],[25.6039,59.0411],[25.6031,59.0404],[25.5996,59.0418],[25.5994,59.0431],[25.5961,59.0427],[25.5949,59.0434],[25.5929,59.0427],[25.5909,59.0425],[25.5899,59.0419],[25.5888,59.0423],[25.5878,59.0419],[25.5861,59.0421],[25.5856,59.0426],[25.5855,59.0432],[25.5837,59.0433],[25.5829,59.0448],[25.5821,59.045],[25.5808,59.044],[25.5792,59.0451],[25.5771,59.0455],[25.577,59.0464],[25.5755,59.0463],[25.5753,59.0472],[25.5718,59.0473],[25.5706,59.0465],[25.5691,59.0468],[25.5668,59.0461],[25.5649,59.0463],[25.5644,59.0454],[25.5623,59.0468],[25.5601,59.0472],[25.5571,59.0462],[25.5565,59.0468],[25.554,59.0461],[25.5513,59.0471],[25.5507,59.0481],[25.5479,59.0484],[25.5467,59.0491],[25.5463,59.0503],[25.5448,59.0522],[25.5451,59.0535],[25.5434,59.0543],[25.542,59.0554],[25.5392,59.0557],[25.5377,59.0553],[25.5364,59.0552],[25.5324,59.0549],[25.5289,59.0553],[25.5255,59.056],[25.5236,59.0586],[25.5244,59.0591],[25.5257,59.0607],[25.5246,59.0621],[25.5239,59.0636],[25.5264,59.0655],[25.529,59.0675],[25.5299,59.0706],[25.5309,59.0711],[25.5316,59.0728],[25.5316,59.0738],[25.5321,59.0755],[25.5338,59.0765],[25.536,59.0785],[25.5394,59.0818],[25.5405,59.0828],[25.5442,59.0864],[25.5482,59.0875],[25.5523,59.0878],[25.555,59.0903],[25.5547,59.091],[25.5559,59.0926],[25.5591,59.095],[25.5619,59.0962],[25.5631,59.0982],[25.5666,59.1006],[25.5669,59.101],[25.5671,59.1034],[25.5687,59.108],[25.5702,59.1163],[25.5697,59.1168],[25.5635,59.12],[25.5613,59.1211],[25.5518,59.1221],[25.5487,59.1224],[25.5469,59.1229],[25.5473,59.1237],[25.5448,59.1257],[25.5447,59.1261],[25.5428,59.1267],[25.5408,59.1277],[25.5408,59.1285],[25.5397,59.1291],[25.5384,59.1326],[25.5373,59.1328],[25.5363,59.134],[25.5345,59.1344],[25.534,59.1373],[25.5335,59.1377],[25.5333,59.1395],[25.531,59.1405],[25.5298,59.1406],[25.5274,59.1418],[25.5261,59.1422],[25.5264,59.1428],[25.5231,59.1438],[25.5223,59.1444],[25.5224,59.1455],[25.5219,59.147],[25.5226,59.1483],[25.5213,59.1494],[25.5163,59.1511],[25.5151,59.1512],[25.5145,59.1503],[25.5125,59.1503],[25.5114,59.1511],[25.5081,59.1519],[25.5054,59.1538],[25.5018,59.1539],[25.4995,59.155],[25.4984,59.1567],[25.4961,59.1577],[25.4954,59.1585],[25.4938,59.1597],[25.4919,59.1616],[25.4894,59.1634],[25.4844,59.1679],[25.4837,59.1691],[25.4837,59.1707],[25.4844,59.1713],[25.484,59.1725],[25.4851,59.1729],[25.4851,59.1741],[25.4845,59.1749],[25.4857,59.1763],[25.4846,59.1776],[25.4827,59.1786],[25.4832,59.1797],[25.4819,59.1816],[25.4795,59.1826],[25.4778,59.1837],[25.4742,59.1851],[25.473,59.1864],[25.4729,59.1874],[25.4711,59.1888],[25.4701,59.1891],[25.4662,59.1909],[25.463,59.1904],[25.4606,59.1907],[25.4601,59.1898],[25.4587,59.1893],[25.4568,59.1891],[25.4546,59.1896],[25.4506,59.1894],[25.4474,59.1902],[25.4474,59.1912],[25.4489,59.193],[25.4484,59.1941],[25.4495,59.1945],[25.4504,59.1955],[25.4524,59.197],[25.4517,59.1979],[25.4522,59.1999],[25.4519,59.2004],[25.4499,59.2005],[25.4466,59.2013],[25.4443,59.2015],[25.446,59.2033],[25.4459,59.2038],[25.4418,59.2053],[25.4386,59.2061],[25.4361,59.2077],[25.4357,59.209],[25.4363,59.21],[25.4378,59.2108],[25.4405,59.2112],[25.4419,59.212],[25.4427,59.2134],[25.4451,59.2121],[25.4479,59.214],[25.4486,59.2148],[25.4475,59.2157],[25.4466,59.2163],[25.4476,59.2174],[25.448,59.2181],[25.451,59.2197],[25.4514,59.2202],[25.4517,59.2203],[25.4528,59.2208],[25.4543,59.2219],[25.4526,59.2236],[25.4516,59.2241],[25.4517,59.2252],[25.4512,59.2259],[25.4523,59.2272],[25.4533,59.2278],[25.4557,59.2271],[25.4574,59.2275],[25.4593,59.2304],[25.4575,59.2313],[25.4563,59.2322],[25.4583,59.2328],[25.4569,59.2348],[25.4573,59.2359],[25.4544,59.2369],[25.4551,59.2385],[25.4539,59.2404],[25.453,59.2407],[25.4528,59.2416],[25.4514,59.2424],[25.4519,59.2438],[25.453,59.2454],[25.4516,59.2462],[25.4506,59.2472],[25.4493,59.2479],[25.4484,59.2494],[25.4486,59.2513],[25.4512,59.2522],[25.4495,59.2538],[25.4496,59.2545],[25.4506,59.256],[25.4484,59.2567],[25.4493,59.258],[25.4489,59.2585],[25.4471,59.2588],[25.4474,59.2598],[25.446,59.2612],[25.4459,59.262],[25.4474,59.2632],[25.4465,59.2639],[25.4448,59.2636],[25.4452,59.2646],[25.4457,59.2655],[25.4457,59.2663],[25.4467,59.2667],[25.4468,59.2678],[25.4445,59.2681],[25.4419,59.2677],[25.439,59.2677],[25.435,59.2691],[25.4346,59.27],[25.4339,59.271],[25.4324,59.272],[25.4288,59.272],[25.4279,59.2728],[25.4246,59.2747],[25.4229,59.275],[25.4213,59.2759]],[[25.2131,59.4257],[25.2128,59.4248],[25.2119,59.4242],[25.2096,59.4237]],[[25.2069,59.4254],[25.2059,59.4256],[25.204,59.4271],[25.2029,59.4275]],[[25.24,59.4172],[25.2395,59.4181],[25.2405,59.4188]],[[25.3883,59.2867],[25.3876,59.2867],[25.387,59.2868]],[[25.3846,59.2882],[25.3832,59.2893],[25.3829,59.2902],[25.3833,59.2902],[25.3847,59.29]],[[25.3841,59.291],[25.3844,59.2913]],[[25.386,59.2912],[25.3857,59.2921],[25.3845,59.2922],[25.3788,59.2947],[25.376,59.2962],[25.3749,59.2966],[25.3731,59.2965],[25.3713,59.2963],[25.3678,59.2976],[25.3682,59.2989],[25.3671,59.3015],[25.3656,59.3017],[25.3636,59.3014],[25.3627,59.3017]],[[25.3829,59.2902],[25.3822,59.2908]],[[25.3833,59.2902],[25.3841,59.291]],[[25.3913,59.286],[25.3889,59.2856],[25.3876,59.2867]],[[25.2148,59.426],[25.2128,59.4248]],[[25.4457,59.2655],[25.4467,59.2667]],[[25.5434,59.0543],[25.5423,59.0544],[25.5415,59.0552],[25.5402,59.0549],[25.5392,59.0557]]]},"properties":{"name":"Jägala jõgi"}},
{"type":"Feature","geometry":{"type":"LineString","coordinates":[[28.0427,59.4716],[28.0461,59.4668],[28.0481,59.4646],[28.0497,59.4639],[28.0531,59.4624],[28.0585,59.4617],[28.0652,59.4618],[28.0706,59.4615],[28.0771,59.4607],[28.0841,59.4591],[28.0919,59.4558],[28.1064,59.4477],[28.119,59.4408],[28.1236,59.4376],[28.1274,59.4342],[28.1299,59.4318],[28.1334,59.4275],[28.1352,59.424],[28.1371,59.4211],[28.1391,59.4194],[28.1416,59.4181],[28.1479,59.416],[28.1595,59.4131],[28.1642,59.4118],[28.1683,59.4089],[28.1732,59.4064],[28.1756,59.4052],[28.1827,59.4032],[28.1912,59.4006],[28.1956,59.3976],[28.1968,59.3958],[28.1994,59.3924],[28.2017,59.3905],[28.2086,59.3837],[28.2092,59.3814],[28.2085,59.3801],[28.2076,59.3791],[28.2056,59.378],[28.2041,59.3768],[28.203,59.3749],[28.2033,59.3743],[28.2085,59.3723],[28.2098,59.3714],[28.21,59.3704],[28.209,59.3693],[28.2059,59.367],[28.2056,59.3665],[28.2062,59.3647],[28.2049,59.3639],[28.2021,59.3628],[28.1991,59.3612],[28.2005,59.3579],[28.1988,59.356],[28.195,59.3539],[28.191,59.3528],[28.1907,59.3524],[28.1919,59.3472],[28.1893,59.3446],[28.1853,59.3423],[28.1743,59.3375],[28.1699,59.3352],[28.1678,59.3338],[28.1643,59.3272],[28.158,59.3182],[28.1538,59.3121],[28.1507,59.3086],[28.1461,59.3043],[28.1417,59.3006],[28.137,59.297],[28.1347,59.2941],[28.1327,59.2924],[28.1295,59.2909],[28.1233,59.2907],[28.12,59.2905],[28.1146,59.2911],[28.1084,59.2925],[28.0999,59.2923],[28.0902,59.2922],[28.0845,59.2917],[28.0787,59.2916],[28.07,59.2911],[28.0653,59.2906],[28.0537,59.2908],[28.0474,59.2905],[28.042,59.2898],[28.0329,59.2886],[28.0264,59.2875],[28.0195,59.2857],[28.0098,59.2803],[28.0049,59.2779],[27.9975,59.2766],[27.99,59.2752],[27.9829,59.2741],[27.9772,59.2737],[27.9664,59.2737],[27.9578,59.272],[27.9542,59.2704],[27.9493,59.2672],[27.9446,59.2639],[27.94,59.2621],[27.93,59.257],[27.9262,59.2554],[27.9248,59.2548],[27.9212,59.2524],[27.9166,59.2495],[27.9137,59.2474],[27.9103,59.2452],[27.9079,59.2434],[27.9043,59.2413],[27.9014,59.2386],[27.9,59.2359],[27.8992,59.232],[27.8994,59.2266],[27.8979,59.2217],[27.8961,59.2179],[27.8965,59.2172],[27.8993,59.2112],[27.9004,59.2077],[27.8991,59.2051],[27.895,59.2001],[27.891,59.193],[27.8905,59.1867],[27.8896,59.1852],[27.8865,59.1832],[27.8793,59.1779],[27.8739,59.1738],[27.8725,59.1727],[27.8697,59.1683],[27.8664,59.1638],[27.8637,59.1617],[27.8585,59.1583],[27.8546,59.1555],[27.8518,59.1542],[27.8486,59.1521],[27.8444,59.1499],[27.8431,59.149],[27.8384,59.1478],[27.831,59.1449],[27.8273,59.1423],[27.8195,59.1344],[27.8114,59.1307],[27.8087,59.1297],[27.8053,59.1226],[27.8044,59.1199],[27.8036,59.1144],[27.8038,59.1124],[27.8049,59.111],[27.8094,59.1088],[27.8098,59.1072],[27.8078,59.1053],[27.8013,59.1036],[27.7992,59.102],[27.7978,59.1006],[27.7938,59.0973],[27.7887,59.0915],[27.7885,59.088],[27.7891,59.086],[27.7883,59.0826],[27.7905,59.0803],[27.7922,59.0792],[27.7932,59.0776],[27.7929,59.0756],[27.7914,59.0733],[27.7921,59.0703],[27.7901,59.0683],[27.7823,59.0658],[27.7789,59.0632],[27.7742,59.0584],[27.7726,59.0562],[27.7704,59.052],[27.7729,59.0507],[27.7755,59.0464],[27.7748,59.0436],[27.7705,59.0366],[27.767,59.033],[27.7652,59.0326],[27.7594,59.0323],[27.753,59.0312],[27.7491,59.0303],[27.7465,59.0284],[27.7448,59.0268],[27.7445,59.0229],[27.7445,59.0207],[27.7437,59.017],[27.7436,59.0159],[27.7392,59.0111],[27.7381,59.0099],[27.7403,59.0046],[27.7412,59.0027],[27.7422,58.9997]]},"properties":{"name":"Narva jõgi - Нарва"}},
{"type":"Feature","geometry":{"type":"MultiLineString","coordinates":[[[24.8985,58.4937],[24.9009,58.4936],[24.9028,58.4927],[24.9036,58.4904],[24.9031,58.4897],[24.9052,58.4884],[24.9052,58.4869],[24.9038,58.4856],[24.9042,58.4848],[24.9053,58.4845],[24.9083,58.4848],[24.9118,58.4847],[24.9161,58.4848],[24.9175,58.4849],[24.919,58.4855],[24.9208,58.4875],[24.921,58.4888],[24.9242,58.4917],[24.9258,58.4929],[24.9271,58.4943],[24.9261,58.4966],[24.9265,58.4976],[24.9275,58.4983],[24.9289,58.4991],[24.9318,58.4994],[24.9322,58.5],[24.9317,58.5021],[24.9318,58.5026],[24.9336,58.503],[24.935,58.5022],[24.9387,58.5022],[24.9408,58.5036],[24.9433,58.5034],[24.9462,58.5038],[24.9481,58.5023],[24.9485,58.501],[24.9493,58.4998],[24.951,58.498],[24.9506,58.4968],[24.9511,58.4964],[24.9531,58.4961],[24.9549,58.4951],[24.9586,58.4946],[24.9618,58.4936],[24.9634,58.4934],[24.967,58.4936],[24.9719,58.4924],[24.9753,58.4923],[24.977,58.4927],[24.9802,58.4944],[24.9829,58.4951],[24.9868,58.4965],[24.9914,58.4987],[24.9953,58.4999],[24.9972,58.501],[24.9998,58.5031],[25.0033,58.5042],[25.0069,58.5045],[25.0094,58.5039],[25.0127,58.504],[25.0142,58.5043],[25.0194,58.5065],[25.0217,58.5084],[25.0225,58.5087],[25.0245,58.5087],[25.0277,58.5086],[25.0341,58.5093],[25.0419,58.5093],[25.0477,58.5098],[25.0511,58.5104],[25.0527,58.5115],[25.0545,58.5115],[25.0559,58.5121],[25.0563,58.5131],[25.0579,58.5143],[25.0598,58.5149],[25.0651,58.5152],[25.0671,58.5151],[25.069,58.5156],[25.0696,58.5161],[25.0715,58.5164],[25.0752,58.5161],[25.0795,58.5172],[25.0819,58.5175],[25.0841,58.5172],[25.086,58.5172],[25.0896,58.5182],[25.0915,58.5185],[25.0942,58.5182],[25.098,58.5172],[25.0995,58.5175],[25.1031,58.5187],[25.1042,58.5188],[25.1078,58.5198],[25.1103,58.5208],[25.113,58.5212],[25.1189,58.5229],[25.1218,58.5234],[25.1223,58.5239],[25.1251,58.5262],[25.1263,58.5278],[25.1274,58.5287],[25.1298,58.5298],[25.1354,58.5328],[25.1378,58.5337],[25.1425,58.5352],[25.1472,58.5378],[25.1495,58.5387],[25.1506,58.5397],[25.1518,58.5401],[25.1562,58.5399],[25.1587,58.539],[25.1596,58.539],[25.1615,58.5399],[25.162,58.5408],[25.1625,58.5437],[25.1645,58.5451],[25.1646,58.5468],[25.165,58.5474],[25.168,58.5481],[25.1684,58.5485],[25.1699,58.5514],[25.1702,58.553],[25.1713,58.5546],[25.1737,58.5558],[25.1744,58.5565],[25.1747,58.5584],[25.1753,58.56],[25.1764,58.5615],[25.1784,58.5629],[25.1816,58.5634],[25.1826,58.5638],[25.1845,58.5655],[25.1866,58.5681],[25.19,58.5685],[25.1924,58.5692],[25.1964,58.5714],[25.1986,58.5721],[25.204,58.5724],[25.2105,58.573],[25.2124,58.5726],[25.213,58.5721],[25.2131,58.571],[25.2137,58.5707],[25.2167,58.5705],[25.2219,58.5714],[25.2258,58.5718],[25.2268,58.5735],[25.2285,58.5733],[25.2292,58.574],[25.231,58.5744],[25.2376,58.5732],[25.2398,58.5744],[25.2418,58.5745],[25.2427,58.5739],[25.2421,58.5727],[25.2446,58.5724],[25.2463,58.5726],[25.2489,58.5736],[25.2497,58.5749],[25.2522,58.5751],[25.2537,58.5755],[25.2542,58.574],[25.2557,58.5737],[25.2571,58.5746],[25.2556,58.576],[25.2562,58.5768],[25.2573,58.5766],[25.259,58.5754],[25.2603,58.5754],[25.2606,58.5761],[25.2643,58.5766],[25.2666,58.5777],[25.2685,58.578],[25.2698,58.5796],[25.2712,58.5804],[25.2742,58.5803],[25.2757,58.5812],[25.2782,58.5799],[25.2804,58.5792],[25.2821,58.5784],[25.2838,58.5797],[25.2826,58.5806],[25.2832,58.5817],[25.2846,58.5812],[25.2861,58.5813],[25.2862,58.5823],[25.2872,58.5834],[25.2879,58.5835],[25.2889,58.583],[25.2913,58.5824],[25.2932,58.5815],[25.2953,58.582],[25.2944,58.5836],[25.2949,58.5842],[25.2983,58.5842],[25.3009,58.5844],[25.3035,58.5844],[25.3056,58.585],[25.3069,58.5857],[25.3086,58.5846],[25.3105,58.5844],[25.3121,58.5831],[25.3141,58.5821],[25.3174,58.5809],[25.3198,58.5818],[25.3226,58.5817],[25.3252,58.5819],[25.3273,58.5812],[25.3288,58.58],[25.3334,58.5792],[25.3349,58.5784],[25.337,58.5779],[25.3405,58.5787],[25.341,58.5794],[25.3444,58.5808],[25.3472,58.5809],[25.3499,58.5816],[25.3514,58.5815],[25.3523,58.5804],[25.3533,58.5799],[25.3564,58.58],[25.3586,58.5807],[25.3609,58.5812],[25.3619,58.5818],[25.3631,58.5825],[25.3649,58.5846],[25.3659,58.5854],[25.3669,58.5856],[25.3691,58.585],[25.373,58.5853],[25.3748,58.585],[25.3752,58.5851],[25.3754,58.5851],[25.3761,58.5853],[25.3768,58.5862],[25.3779,58.5863],[25.3794,58.5871],[25.3834,58.5881],[25.3877,58.5889],[25.3923,58.5883],[25.3953,58.5892],[25.3971,58.5901],[25.3977,58.5911],[25.3995,58.5919],[25.402,58.5925],[25.4029,58.5931],[25.4027,58.5939],[25.4015,58.595],[25.4019,58.5962],[25.4042,58.5972],[25.4064,58.5969],[25.4086,58.5971],[25.4152,58.5986],[25.4199,58.5992],[25.425,58.6009],[25.4266,58.6009],[25.4291,58.5989],[25.4319,58.5986],[25.4362,58.5991],[25.439,58.6001],[25.4403,58.6003],[25.4434,58.5998],[25.4446,58.6],[25.45,58.6017],[25.4509,58.6018],[25.456,58.6012],[25.4598,58.6012],[25.4634,58.601],[25.4675,58.6018],[25.469,58.6015],[25.4704,58.5998],[25.4717,58.5994],[25.4764,58.5984],[25.4789,58.5976],[25.4883,58.5965],[25.4908,58.5956],[25.4912,58.5955],[25.4988,58.5924],[25.5031,58.5914],[25.5034,58.5913],[25.5058,58.5908],[25.5117,58.5903],[25.5195,58.5897],[25.5257,58.5898],[25.5297,58.5895],[25.5498,58.587],[25.5521,58.5864],[25.5542,58.5849],[25.5557,58.5844],[25.5605,58.5842],[25.5628,58.584],[25.5706,58.5837],[25.5726,58.5831],[25.5786,58.5789],[25.5849,58.5774],[25.5863,58.5767],[25.5908,58.5749],[25.5946,58.5739],[25.5961,58.5728],[25.5986,58.5705],[25.6023,58.5685],[25.6034,58.5684],[25.6061,58.5686],[25.6088,58.5689],[25.6113,58.5688],[25.6132,58.5658],[25.6153,58.5646],[25.6173,58.5644],[25.6201,58.5651],[25.6229,58.565],[25.6244,58.5652],[25.6266,58.5661],[25.6276,58.5679],[25.629,58.5687],[25.6316,58.5698],[25.6346,58.5707],[25.6393,58.571],[25.6428,58.5717],[25.6433,58.5741],[25.6423,58.5751],[25.6429,58.5764],[25.6438,58.5771],[25.6442,58.5782],[25.6475,58.5792],[25.6488,58.5801],[25.6528,58.5814],[25.653,58.5829],[25.6563,58.5843],[25.6595,58.5868],[25.663,58.588],[25.6652,58.588],[25.6699,58.5872],[25.6756,58.5856],[25.6768,58.5852],[25.6779,58.5854],[25.6796,58.5847],[25.6826,58.5847],[25.6833,58.5841],[25.6852,58.5843],[25.6863,58.585],[25.6877,58.585],[25.6878,58.5849],[25.6892,58.5854],[25.6895,58.5863],[25.689,58.5871],[25.6912,58.587],[25.6932,58.5878],[25.6943,58.5874],[25.695,58.5881],[25.6963,58.5875],[25.6981,58.5878],[25.6987,58.5887],[25.6999,58.5887],[25.7017,58.5905],[25.7019,58.5917],[25.7006,58.5917],[25.7002,58.5923],[25.6998,58.594],[25.6986,58.5957],[25.6993,58.5982],[25.6996,58.5985],[25.7008,58.5989],[25.7024,58.599],[25.7044,58.5987],[25.7064,58.5993],[25.7054,58.5999],[25.706,58.6021],[25.7069,58.6029],[25.7069,58.6045],[25.7086,58.605],[25.7102,58.6045],[25.7123,58.6046],[25.7133,58.6052],[25.7139,58.6063],[25.7157,58.6064],[25.7175,58.6073],[25.7183,58.6072],[25.7191,58.6082],[25.7207,58.6076],[25.7206,58.6069],[25.7252,58.6069],[25.7262,58.6071],[25.7266,58.6081],[25.729,58.6092],[25.7298,58.6099],[25.7338,58.6085],[25.7342,58.6075],[25.7361,58.6073],[25.7364,58.6068],[25.7382,58.606],[25.7394,58.6064],[25.7403,58.6072],[25.7412,58.6089],[25.7424,58.6096],[25.7447,58.6101],[25.7455,58.6112],[25.747,58.6116],[25.7477,58.6123],[25.7506,58.6126],[25.7531,58.6137],[25.7541,58.6133],[25.7568,58.6132],[25.7593,58.6137],[25.7604,58.6133],[25.7615,58.6137],[25.7629,58.6133],[25.7637,58.6139],[25.7634,58.6146],[25.7644,58.6152],[25.765,58.6158],[25.7661,58.6152],[25.7683,58.6159],[25.7687,58.6176],[25.7702,58.6178],[25.7701,58.6188],[25.7709,58.6201],[25.7696,58.6211],[25.7699,58.6217],[25.7708,58.6218],[25.7692,58.6243],[25.772,58.6253],[25.7735,58.6252],[25.7757,58.6256],[25.7762,58.6262],[25.7758,58.6278],[25.7746,58.6282],[25.7755,58.6298],[25.7786,58.6299],[25.78,58.6311],[25.7802,58.6313],[25.7811,58.6316],[25.7803,58.6326],[25.7808,58.6334],[25.7811,58.6343],[25.783,58.6348],[25.7848,58.6347],[25.7858,58.635],[25.7878,58.6343],[25.7901,58.6345],[25.7897,58.6358],[25.7885,58.6368],[25.7897,58.6372],[25.7898,58.6381],[25.7889,58.6387],[25.7873,58.6386],[25.7862,58.6391],[25.7864,58.6399],[25.7875,58.6402],[25.7866,58.641],[25.7878,58.6421],[25.7882,58.6438],[25.787,58.6444],[25.785,58.6459],[25.7865,58.6472],[25.7825,58.6509],[25.7826,58.6517],[25.7815,58.6523],[25.7789,58.6527],[25.7781,58.6524],[25.7763,58.6529],[25.775,58.6528],[25.7748,58.6521],[25.7723,58.6518],[25.771,58.6523],[25.7687,58.6521],[25.7686,58.6529],[25.77,58.6537],[25.7687,58.6546],[25.7689,58.6553],[25.767,58.6565],[25.7673,58.658],[25.7659,58.6586],[25.7648,58.6583],[25.7627,58.6599],[25.7611,58.6604],[25.7594,58.6603],[25.7581,58.6598],[25.757,58.6602],[25.7563,58.6617],[25.7562,58.663],[25.7547,58.664],[25.7519,58.665],[25.751,58.6658],[25.7494,58.6657],[25.7495,58.6673],[25.749,58.6684],[25.7467,58.6705],[25.7461,58.6718],[25.7465,58.6731],[25.7445,58.6735],[25.7436,58.6743],[25.7412,58.6745],[25.7407,58.675],[25.7391,58.6749],[25.7376,58.6758],[25.736,58.6759],[25.7354,58.6764],[25.7345,58.6785],[25.7338,58.679],[25.7327,58.6795],[25.7321,58.6817],[25.7331,58.6822],[25.7355,58.6832],[25.7379,58.6829],[25.7405,58.6841],[25.7394,58.6846],[25.7404,58.6861],[25.7398,58.6869],[25.74,58.6879],[25.739,58.6888],[25.7375,58.6908],[25.7373,58.6917],[25.735,58.6929],[25.7353,58.6944],[25.7333,58.6955],[25.7346,58.6979],[25.7369,58.6991],[25.7381,58.6992],[25.7544,58.7049],[25.7571,58.7081],[25.7569,58.7098],[25.7549,58.7124],[25.7525,58.7138],[25.7522,58.7138],[25.7502,58.7138],[25.7458,58.7164],[25.7457,58.7165],[25.7442,58.7172],[25.7442,58.7218],[25.7448,58.7234],[25.7448,58.7235],[25.7462,58.7271],[25.751,58.7313],[25.7534,58.7358],[25.758,58.7386],[25.7581,58.7387],[25.7604,58.74],[25.7624,58.7438],[25.7641,58.7474],[25.764,58.7475],[25.7642,58.7477],[25.7645,58.7476],[25.7644,58.7484],[25.7657,58.7505],[25.7658,58.7506],[25.77,58.7563],[25.7701,58.7564],[25.7754,58.7636],[25.7788,58.7665],[25.7789,58.7666]],[[25.3779,58.5863],[25.3771,58.5851],[25.3762,58.5846],[25.3748,58.5847],[25.373,58.5853]],[[25.765,58.6158],[25.7644,58.6152]],[[25.3754,58.5849],[25.3748,58.585]],[[25.3755,58.5849],[25.3754,58.5849]],[[25.3761,58.5853],[25.3755,58.5849]],[[25.7808,58.6334],[25.7812,58.6329],[25.7811,58.6316]],[[25.7642,58.7474],[25.7641,58.7474]],[[25.7644,58.7476],[25.7642,58.7474]],[[25.7645,58.7476],[25.7644,58.7476]]]},"properties":{"name":"Navesti jõgi"}},
{"type":"Feature","geometry":{"type":"MultiLineString","coordinates":[[[25.046,58.8682],[25.0477,58.8646],[25.0493,58.8624],[25.0494,58.8623],[25.0497,58.8619],[25.0575,58.8579],[25.0603,58.8531],[25.0649,58.8497],[25.0625,58.8471],[25.0624,58.847],[25.0593,58.8431],[25.0592,58.843],[25.064,58.8416],[25.0639,58.8415],[25.0634,58.8412],[25.0632,58.841],[25.0629,58.8407],[25.0619,58.8365],[25.0664,58.8333],[25.0662,58.8328],[25.0633,58.8273],[25.063,58.8264],[25.0631,58.8202],[25.0611,58.8192],[25.0607,58.8184],[25.059,58.8138],[25.059,58.8137],[25.0599,58.8127],[25.0616,58.8103],[25.0655,58.8067],[25.0667,58.7973],[25.0667,58.7971],[25.0667,58.797],[25.0676,58.7949],[25.0656,58.7927],[25.0656,58.7912],[25.0649,58.7903],[25.0676,58.7881],[25.0649,58.7863],[25.0653,58.7849],[25.0654,58.7848],[25.0659,58.7833],[25.0659,58.7832],[25.064,58.782],[25.0608,58.7777],[25.0607,58.7776],[25.059,58.7755],[25.0588,58.7745],[25.0599,58.7729],[25.0575,58.7687],[25.0581,58.7682],[25.0583,58.7682],[25.0603,58.7678],[25.0647,58.7674],[25.0653,58.7668],[25.0653,58.7667],[25.0654,58.7665],[25.0665,58.7644],[25.0667,58.764],[25.0668,58.7639],[25.0668,58.7638],[25.0672,58.763],[25.0674,58.7626],[25.0678,58.7622],[25.0679,58.7621],[25.0687,58.7612],[25.0706,58.7604],[25.0717,58.7595],[25.0714,58.7587],[25.0713,58.7586],[25.0709,58.7573],[25.0722,58.7554],[25.0708,58.7523],[25.0715,58.7516],[25.0728,58.7513],[25.0729,58.7513],[25.0742,58.7511],[25.0736,58.7487],[25.0727,58.7477],[25.0717,58.7457],[25.0706,58.745],[25.0709,58.7444],[25.0698,58.7433],[25.0699,58.7426],[25.0714,58.7425],[25.0714,58.7423],[25.0703,58.7417],[25.0702,58.7407],[25.0679,58.7406],[25.0668,58.7395],[25.0639,58.739],[25.0631,58.7381],[25.0643,58.7378],[25.0641,58.7363],[25.062,58.7349],[25.0616,58.7348],[25.0608,58.7339],[25.0609,58.7338],[25.0633,58.7307],[25.0639,58.7299],[25.064,58.7297],[25.0644,58.7293],[25.0642,58.7291],[25.0626,58.7278],[25.063,58.7263],[25.061,58.7261],[25.0607,58.7244],[25.0601,58.7232],[25.0591,58.7224],[25.0595,58.7219],[25.0569,58.7214],[25.0569,58.721],[25.0568,58.7207],[25.0557,58.7206],[25.0535,58.7173],[25.0546,58.7167],[25.0547,58.7159],[25.0524,58.7159],[25.0532,58.7147],[25.0522,58.7136],[25.0514,58.7136],[25.0506,58.7124],[25.0502,58.7111],[25.0462,58.7109],[25.0447,58.7105],[25.0446,58.7105],[25.0439,58.7099],[25.0401,58.7088],[25.0373,58.7095],[25.0362,58.7085],[25.0325,58.7072],[25.0315,58.7077],[25.0307,58.7077],[25.0305,58.7067],[25.0285,58.7059],[25.0309,58.7045],[25.0314,58.7039],[25.0322,58.701],[25.0315,58.699],[25.0321,58.6984],[25.0316,58.6975],[25.0326,58.6967],[25.0338,58.6968],[25.0343,58.696],[25.0356,58.6953],[25.0353,58.6942],[25.0376,58.6918],[25.0355,58.6904],[25.0366,58.6891],[25.0356,58.6887],[25.033,58.6884],[25.0337,58.6873],[25.0363,58.6856],[25.0363,58.6848],[25.0375,58.6835],[25.0362,58.6808],[25.037,58.6802],[25.0356,58.6798],[25.0369,58.6788],[25.0368,58.6773],[25.0351,58.6768],[25.0348,58.6759],[25.0337,58.6755],[25.0338,58.6747],[25.0349,58.674],[25.0346,58.6723],[25.0352,58.6713],[25.0341,58.6694],[25.0349,58.6689],[25.0341,58.6681],[25.0325,58.6676],[25.032,58.6664],[25.0302,58.6652],[25.0311,58.6645],[25.0313,58.6644],[25.0314,58.6643],[25.0306,58.6625],[25.0295,58.6618],[25.0308,58.6612],[25.0312,58.6595],[25.0297,58.6583],[25.0292,58.6573],[25.0296,58.6569],[25.0295,58.6552],[25.027,58.6543],[25.0247,58.654],[25.0245,58.6533],[25.0257,58.6526],[25.023,58.6505],[25.023,58.6498],[25.0247,58.6498],[25.0242,58.6483],[25.0253,58.6483],[25.026,58.6471],[25.0237,58.6463],[25.0237,58.6454],[25.0229,58.6448],[25.0233,58.6441],[25.0243,58.6435],[25.0228,58.6428],[25.0238,58.642],[25.0243,58.6406],[25.023,58.6399],[25.0237,58.6391],[25.023,58.6387],[25.0217,58.639],[25.0195,58.6385],[25.018,58.6364],[25.0183,58.635],[25.0157,58.6345],[25.0147,58.6332],[25.0145,58.6317],[25.0132,58.6309],[25.0136,58.6301],[25.0116,58.6302],[25.0109,58.631],[25.0086,58.6306],[25.007,58.6312],[25.0067,58.6318],[25.0048,58.632],[25.0035,58.6316],[25.0026,58.6322],[24.9992,58.6321],[24.9968,58.6331],[24.995,58.6331],[24.992,58.6321],[24.9919,58.6316],[24.991,58.6313],[24.9898,58.6318],[24.9897,58.6317],[24.989,58.6297],[24.9865,58.6289],[24.9865,58.6282],[24.9878,58.627],[24.9867,58.6266],[24.986,58.6242],[24.985,58.6238],[24.9839,58.6242],[24.9825,58.6225],[24.9837,58.6207],[24.9861,58.6205],[24.9836,58.6179],[24.9842,58.6166],[24.9863,58.6164],[24.9855,58.6151],[24.9841,58.6149],[24.9816,58.6155],[24.981,58.6137],[24.9816,58.613],[24.979,58.6132],[24.9781,58.6127],[24.9777,58.6114],[24.9768,58.6105],[24.9774,58.6097],[24.9769,58.6093],[24.9756,58.6086],[24.9743,58.6087],[24.9735,58.6099],[24.969,58.6083],[24.9682,58.6076],[24.9682,58.6068],[24.9695,58.6064],[24.9685,58.6058],[24.9662,58.6022],[24.9659,58.6013],[24.965,58.601],[24.9648,58.6002],[24.9635,58.599],[24.9621,58.599],[24.9594,58.5967],[24.9596,58.5956],[24.957,58.5942],[24.9577,58.5927],[24.9552,58.5913],[24.9555,58.5894],[24.9544,58.5884],[24.9558,58.5875],[24.9563,58.5871],[24.955,58.5859],[24.9541,58.5841],[24.9543,58.5834],[24.9525,58.5826],[24.952,58.5817],[24.9505,58.5817],[24.9509,58.5807],[24.9502,58.5797],[24.9479,58.5798],[24.9462,58.5789],[24.9462,58.5775],[24.9471,58.5765],[24.9475,58.5753],[24.9464,58.5739],[24.9466,58.5722],[24.9456,58.571],[24.9471,58.5677],[24.9494,58.5665],[24.9501,58.5656],[24.953,58.5665],[24.9543,58.5652],[24.9544,58.5646],[24.9527,58.5644],[24.9533,58.5636],[24.9527,58.563],[24.9545,58.561],[24.9531,58.5584],[24.9517,58.5567],[24.954,58.5547],[24.9542,58.5527]],[[24.9774,58.6097],[24.9769,58.6093]]]},"properties":{"name":"Vändra jõgi"}},
{"type":"Feature","geometry":{"type":"MultiLineString","coordinates":[[[26.2305,59.3521],[26.2273,59.3566],[26.2273,59.3567],[26.2297,59.3604],[26.2301,59.3613],[26.2349,59.3629],[26.2432,59.3664],[26.2432,59.3673],[26.2452,59.3705],[26.2477,59.3712],[26.2491,59.3697],[26.2503,59.3691],[26.2519,59.369],[26.2622,59.3704],[26.2623,59.3704],[26.272,59.3724],[26.2752,59.3736],[26.2777,59.3736],[26.2868,59.3753],[26.2871,59.3753],[26.2891,59.3757],[26.2901,59.3753],[26.291,59.3747],[26.2928,59.3747],[26.295,59.3751],[26.2963,59.3751],[26.2982,59.3743],[26.2995,59.3746],[26.3006,59.3743],[26.3026,59.3747],[26.3034,59.374],[26.3056,59.3748],[26.3061,59.3765],[26.3072,59.3771],[26.3091,59.3771],[26.3104,59.3777],[26.3127,59.3773],[26.3142,59.3774],[26.3141,59.3783],[26.3157,59.3784],[26.3189,59.3791],[26.3204,59.3791],[26.3254,59.381],[26.3267,59.3812],[26.3298,59.3808],[26.3316,59.3805],[26.3321,59.3806],[26.3364,59.3816],[26.3378,59.3823],[26.3394,59.3826],[26.342,59.3825],[26.3423,59.3836],[26.3449,59.384],[26.3456,59.3845],[26.3462,59.386],[26.3492,59.3871],[26.3506,59.3881],[26.3541,59.3875],[26.354,59.3868],[26.355,59.3863],[26.3551,59.3862],[26.3566,59.3859],[26.3584,59.3841],[26.3593,59.3843],[26.3616,59.3836],[26.3626,59.3836],[26.3622,59.3826],[26.3628,59.3822],[26.3653,59.3826],[26.3657,59.3819],[26.3671,59.382],[26.3714,59.383],[26.3711,59.3847],[26.372,59.3868],[26.3753,59.389],[26.3754,59.3894],[26.3775,59.3902],[26.3783,59.3908],[26.3786,59.3929],[26.38,59.3937],[26.3805,59.3938],[26.3822,59.3937],[26.3827,59.3937],[26.3836,59.3931],[26.3857,59.3929],[26.3877,59.3923],[26.3884,59.3906],[26.39,59.3905],[26.3918,59.3909],[26.3938,59.391],[26.3949,59.3915],[26.3995,59.3918],[26.3976,59.393],[26.3981,59.3938],[26.3976,59.3946],[26.3991,59.3951],[26.3982,59.3957],[26.3994,59.3965],[26.3987,59.3975],[26.4002,59.3984],[26.3999,59.3995],[26.4038,59.3992],[26.4053,59.4],[26.4049,59.4006],[26.4039,59.4017],[26.4038,59.4031],[26.4014,59.4068],[26.4012,59.408],[26.3997,59.4085],[26.3991,59.4096],[26.3973,59.4105],[26.3958,59.4109],[26.3945,59.4138],[26.3927,59.4143],[26.3923,59.415],[26.3939,59.4157],[26.3929,59.4167],[26.3931,59.4189],[26.3925,59.4193],[26.3926,59.4215],[26.3912,59.4221],[26.3911,59.4243],[26.3901,59.4253],[26.39,59.4269],[26.3878,59.4282],[26.3878,59.4291],[26.3863,59.4301],[26.383,59.4311],[26.3824,59.4328],[26.3815,59.4341],[26.3816,59.4359],[26.3788,59.4385],[26.3774,59.4388],[26.3781,59.4405],[26.376,59.4411],[26.3774,59.4425],[26.3773,59.4432],[26.3753,59.4439],[26.3751,59.4445],[26.3721,59.4454],[26.3713,59.4468],[26.3701,59.4474],[26.368,59.448],[26.3672,59.4485],[26.3682,59.449],[26.3681,59.4498],[26.3657,59.4508],[26.3651,59.4511],[26.3657,59.4523],[26.3651,59.4545],[26.3631,59.4554],[26.3638,59.4563],[26.3624,59.4577],[26.3616,59.4581],[26.3597,59.4597],[26.3579,59.4604],[26.3585,59.462],[26.3576,59.4627],[26.3584,59.4636],[26.3565,59.4649],[26.357,59.4664],[26.3563,59.467],[26.3581,59.4675],[26.3567,59.468],[26.357,59.4688],[26.3556,59.4693],[26.3554,59.4703],[26.3534,59.4705],[26.3522,59.4721],[26.3506,59.473],[26.3478,59.474],[26.3467,59.4741],[26.346,59.4755],[26.3451,59.4761],[26.3446,59.4776],[26.3428,59.4783],[26.3417,59.4807],[26.3403,59.4811],[26.3394,59.4827],[26.3376,59.4846],[26.336,59.4842],[26.3358,59.4852],[26.3345,59.4849],[26.3336,59.4857],[26.3308,59.4852],[26.3286,59.4865],[26.3284,59.4872],[26.3269,59.4883],[26.3268,59.4894],[26.3253,59.4892],[26.3244,59.4904],[26.3247,59.4917],[26.3263,59.491],[26.328,59.4911],[26.3293,59.4926],[26.3321,59.4935],[26.3347,59.4932],[26.3362,59.4925],[26.3365,59.4939],[26.3373,59.4953],[26.3356,59.4961],[26.3352,59.4979],[26.3356,59.4987],[26.334,59.4992],[26.3339,59.5011],[26.3329,59.5016],[26.3321,59.5027],[26.3324,59.5032],[26.3351,59.5042],[26.3361,59.5051],[26.3367,59.5068],[26.3363,59.5072],[26.3333,59.5077],[26.3319,59.5083],[26.3326,59.5098],[26.3316,59.5102],[26.3296,59.5105],[26.3288,59.5103],[26.3282,59.5092],[26.3259,59.5097],[26.3266,59.5106],[26.3277,59.5111],[26.3262,59.5119],[26.3264,59.5127],[26.3257,59.5132],[26.3253,59.5145],[26.3266,59.516],[26.3252,59.5169],[26.3269,59.5175],[26.3255,59.5186],[26.3254,59.5192],[26.3266,59.5217],[26.3303,59.5215],[26.3313,59.5245],[26.3285,59.5248],[26.3301,59.5265],[26.3293,59.5273],[26.3338,59.5283],[26.3377,59.5283],[26.3389,59.5293],[26.3389,59.5299],[26.3407,59.5299],[26.3415,59.5307],[26.343,59.5306],[26.3454,59.5309],[26.3461,59.5328],[26.3473,59.5336],[26.351,59.5339],[26.3519,59.5347],[26.3541,59.5343],[26.3563,59.5352],[26.3593,59.5349],[26.3621,59.536],[26.3633,59.536],[26.3647,59.5351],[26.3668,59.536],[26.3693,59.5357],[26.3705,59.5362],[26.3718,59.5359],[26.3726,59.535],[26.3743,59.5356],[26.3758,59.5375],[26.3774,59.5372],[26.38,59.5381],[26.3817,59.5373],[26.3822,59.5387],[26.383,59.5391],[26.3852,59.5389],[26.3851,59.5399],[26.3871,59.5401],[26.3879,59.5393],[26.3892,59.5395],[26.3902,59.5391],[26.3941,59.5385],[26.3961,59.5393],[26.3965,59.5399],[26.3993,59.5401],[26.399,59.5408],[26.4005,59.5413],[26.4014,59.5422],[26.4035,59.5418],[26.405,59.5439],[26.4046,59.5452],[26.4028,59.5465],[26.4028,59.5482],[26.4025,59.549]],[[26.3805,59.3938],[26.381,59.3941],[26.3827,59.3937]],[[26.38,59.3937],[26.381,59.3941]],[[26.355,59.3863],[26.3551,59.3862]],[[26.3775,59.3902],[26.3783,59.3908]],[[26.3822,59.3937],[26.3836,59.3931]]]},"properties":{"name":"Selja jõgi"}},
{"type":"Feature","geometry":{"type":"MultiLineString","coordinates":[[[26.113,58.8807],[26.1143,58.8804],[26.1145,58.8813],[26.1167,58.8803],[26.1171,58.8818],[26.1185,58.8814],[26.1191,58.8822],[26.1207,58.8828],[26.1204,58.8838],[26.1226,58.8849],[26.1241,58.8853],[26.1233,58.8867],[26.125,58.8876],[26.1234,58.8892],[26.1243,58.8908],[26.1233,58.8914],[26.1241,58.8929],[26.1215,58.8935],[26.1205,58.894],[26.1206,58.895],[26.1196,58.896],[26.1222,58.8963],[26.121,58.897],[26.122,58.8983],[26.1234,58.8989],[26.1225,58.9002],[26.124,58.9009],[26.1237,58.9018],[26.1247,58.9052],[26.1248,58.9067],[26.1234,58.9084],[26.1223,58.9088],[26.1209,58.9113],[26.1209,58.9128],[26.1197,58.9151],[26.1202,58.9162],[26.1218,58.9175],[26.1219,58.9186],[26.1245,58.92],[26.1273,58.9201],[26.1272,58.9211],[26.1261,58.9217],[26.1242,58.922],[26.1236,58.9232],[26.1211,58.9246],[26.1209,58.9248],[26.1178,58.9249],[26.1151,58.9262],[26.1118,58.9273],[26.1118,58.9286],[26.113,58.9316],[26.113,58.9323],[26.114,58.9341],[26.1135,58.9365],[26.1135,58.9378],[26.1138,58.9386],[26.1161,58.9388],[26.1194,58.9394],[26.1262,58.9407],[26.1265,58.9408],[26.1294,58.9414],[26.134,58.945],[26.1322,58.9464],[26.1301,58.9468],[26.1301,58.9474],[26.1314,58.948],[26.1325,58.9477],[26.1337,58.9483],[26.1315,58.949],[26.1301,58.951],[26.1313,58.9526],[26.129,58.9539],[26.1306,58.9548],[26.1313,58.9564],[26.1299,58.9567],[26.131,58.9588],[26.1344,58.9584],[26.1351,58.9589],[26.1361,58.9608],[26.1373,58.9617],[26.1363,58.962],[26.1352,58.963],[26.1357,58.964],[26.1352,58.9652],[26.1342,58.9654],[26.1338,58.9675],[26.1351,58.9681],[26.1349,58.9689],[26.1368,58.9692],[26.1369,58.9694],[26.1378,58.9697],[26.1372,58.9708],[26.1368,58.9711],[26.137,58.9715],[26.137,58.9716],[26.1368,58.9711]],[[26.0981,59.0412],[26.0986,59.0409],[26.0987,59.0408],[26.0993,59.0401],[26.1012,59.0392],[26.1027,59.0388],[26.1042,59.0384],[26.1057,59.0369],[26.1058,59.0361],[26.1061,59.0361],[26.1064,59.0362],[26.1079,59.0361],[26.108,59.0361],[26.1091,59.0363],[26.11,59.0356],[26.1105,59.0345],[26.1118,59.0338],[26.1143,59.0304],[26.1174,59.0284],[26.1172,59.0268],[26.1166,59.0258],[26.1166,59.0257],[26.1162,59.0249],[26.1183,59.0242],[26.1208,59.024],[26.1259,59.0158],[26.1282,59.0119],[26.1246,59.011],[26.1217,59.01],[26.1119,59.0095],[26.1092,59.008],[26.1091,59.0079],[26.109,59.0069],[26.1122,59.0044],[26.1132,59.0025],[26.1129,59.0016],[26.1138,59.0005],[26.1169,58.9988],[26.1184,58.9985],[26.1185,58.9984],[26.1211,58.9976],[26.1232,58.9977],[26.1252,58.9974],[26.1274,58.9976],[26.129,58.996],[26.1326,58.9959],[26.1359,58.9937],[26.136,58.9877],[26.137,58.9858],[26.1357,58.9836],[26.1339,58.9814],[26.1331,58.9807],[26.1334,58.9797],[26.1359,58.9769],[26.135,58.9764],[26.1344,58.9733],[26.1358,58.9725],[26.1361,58.9721],[26.1362,58.9721],[26.137,58.9719],[26.137,58.9716]],[[26.1057,59.0369],[26.1064,59.0362]],[[26.0986,59.0409],[26.0984,59.0397],[26.1012,59.0392]],[[26.0987,59.0408],[26.1027,59.0388]],[[26.1358,58.9725],[26.1361,58.9721]],[[26.1339,58.9814],[26.1331,58.9807]],[[26.137,58.9715],[26.1372,58.9708]],[[26.1058,59.0361],[26.1061,59.0361]],[[26.1362,58.9721],[26.137,58.9719]]]},"properties":{"name":"Preedi jõgi"}},
{"type":"Feature","geometry":{"type":"LineString","coordinates":[[28.1507,59.3086],[28.1817,59.2827],[28.1842,59.2751],[28.183,59.2733],[28.1794,59.2725],[28.1783,59.2712],[28.1792,59.2693],[28.1784,59.2677],[28.1792,59.2645],[28.1781,59.2615],[28.1784,59.2588],[28.1763,59.2577],[28.1741,59.2577],[28.1695,59.2603],[28.1669,59.2607],[28.1648,59.2599],[28.1633,59.256],[28.1618,59.2553],[28.1567,59.2553],[28.1541,59.2542],[28.1503,59.2503],[28.1482,59.2476],[28.1479,59.2461],[28.1487,59.2416],[28.1484,59.2332],[28.15,59.2287],[28.1477,59.2248],[28.149,59.2207],[28.1478,59.219],[28.1439,59.2181],[28.1429,59.2167],[28.1463,59.2102],[28.1456,59.2075],[28.1457,59.2055],[28.1441,59.2047],[28.1419,59.2048],[28.1389,59.2056],[28.1364,59.2057],[28.1353,59.2051],[28.1353,59.204],[28.1383,59.2007],[28.1394,59.196],[28.1411,59.1925],[28.1427,59.1901],[28.1425,59.1892],[28.1393,59.1861],[28.1383,59.1834],[28.1388,59.179],[28.1398,59.1769],[28.1386,59.1756],[28.1343,59.1747],[28.1273,59.1737],[28.1253,59.1728],[28.1217,59.1684],[28.12,59.1675],[28.1135,59.1658],[28.1117,59.1642],[28.111,59.1629],[28.1109,59.1603],[28.1089,59.1573],[28.1015,59.1509],[28.0942,59.1474],[28.0917,59.1467],[28.09,59.1465],[28.0864,59.1471],[28.0848,59.1471],[28.0827,59.1465],[28.0808,59.1454],[28.0793,59.1436],[28.0789,59.142],[28.0781,59.1416],[28.0755,59.1409],[28.0744,59.1397],[28.0741,59.138],[28.0757,59.1362],[28.0786,59.1343],[28.0802,59.1315],[28.0799,59.1303],[28.0789,59.1283],[28.0789,59.1267],[28.0798,59.1251],[28.0802,59.1226],[28.0794,59.1205],[28.0785,59.1192],[28.0782,59.1181],[28.0786,59.1159],[28.0788,59.1131],[28.0783,59.1119],[28.0774,59.1108],[28.0772,59.1082],[28.0756,59.1057],[28.0752,59.1042]]},"properties":{"name":"Плюсса"}},
{"type":"Feature","geometry":{"type":"MultiLineString","coordinates":[[[27.1542,58.4391],[27.1544,58.4406],[27.1563,58.4422],[27.158,58.443],[27.1624,58.444],[27.1652,58.4449],[27.1669,58.4455],[27.1687,58.4456],[27.1707,58.4449],[27.176,58.4422],[27.1783,58.4418],[27.1821,58.4426],[27.1849,58.4424],[27.1889,58.4409],[27.1909,58.4407],[27.1937,58.4408],[27.1952,58.4404],[27.1969,58.4395],[27.1989,58.4389]],[[27.1102,58.5142],[27.109,58.5134],[27.1066,58.5123],[27.1032,58.512],[27.1003,58.5132],[27.0994,58.5142],[27.1006,58.5162],[27.1016,58.5173],[27.1017,58.5182],[27.1019,58.5184],[27.103,58.5214],[27.1031,58.5243],[27.1053,58.5271],[27.1051,58.5277],[27.1029,58.5289],[27.1005,58.5294],[27.1004,58.5294],[27.1002,58.5306],[27.1012,58.5311],[27.1003,58.5317],[27.1017,58.5328],[27.101,58.5333],[27.1012,58.5342],[27.101,58.535],[27.1011,58.5355],[27.1015,58.5346],[27.101,58.535]],[[27.0956,58.5464],[27.0957,58.5465],[27.0979,58.5465],[27.0987,58.5463],[27.1009,58.5469],[27.1015,58.5463],[27.1016,58.5463],[27.1025,58.5452],[27.1011,58.5438],[27.1015,58.5431],[27.1006,58.5427],[27.0998,58.5409],[27.1008,58.5403],[27.1016,58.5389],[27.101,58.5377],[27.1014,58.537],[27.1015,58.5367],[27.1011,58.5355]],[[27.0851,58.5476],[27.0849,58.5476],[27.0839,58.5476],[27.0831,58.5484],[27.0845,58.5506],[27.0825,58.5516],[27.0836,58.5538],[27.0848,58.5542],[27.086,58.5559],[27.0861,58.5559],[27.0863,58.556],[27.0861,58.5563],[27.086,58.5561],[27.0862,58.5561],[27.0861,58.5559]],[[27.0094,58.5817],[27.0114,58.5809],[27.0129,58.581],[27.0139,58.5805],[27.0138,58.5796],[27.0155,58.5784],[27.0156,58.5783],[27.0151,58.5776],[27.0151,58.5765],[27.0144,58.5761],[27.0168,58.5747],[27.0175,58.571],[27.0211,58.5713],[27.0225,58.5712],[27.0242,58.5716],[27.0266,58.5727],[27.0279,58.5736],[27.0293,58.5741],[27.0312,58.5756],[27.0314,58.5767],[27.0332,58.5773],[27.0334,58.5773],[27.0363,58.5774],[27.0378,58.5772],[27.0387,58.5763],[27.0403,58.5763],[27.0417,58.5757],[27.0469,58.5771],[27.0492,58.5774],[27.052,58.5768],[27.0534,58.5775],[27.0554,58.5775],[27.0555,58.5775],[27.057,58.5779],[27.0587,58.5788],[27.062,58.5783],[27.0648,58.5793],[27.0741,58.5782],[27.0767,58.579],[27.0784,58.579],[27.0815,58.5784],[27.0832,58.5761],[27.0833,58.5755],[27.0825,58.5745],[27.0829,58.5734],[27.0847,58.5727],[27.085,58.5708],[27.0858,58.5699],[27.0891,58.569],[27.0886,58.5676],[27.0881,58.5672],[27.0866,58.5668],[27.088,58.5652],[27.0884,58.5651],[27.0886,58.5651],[27.0888,58.565],[27.0889,58.5648],[27.0888,58.5646],[27.0886,58.5643],[27.0885,58.5636],[27.0885,58.5633],[27.0879,58.5631],[27.0878,58.563],[27.0873,58.5617],[27.0876,58.5616],[27.0871,58.5613],[27.0854,58.561],[27.0854,58.56],[27.0852,58.56],[27.0849,58.56],[27.0851,58.5597],[27.0852,58.5597],[27.0853,58.559],[27.0853,58.5588],[27.0855,58.5587],[27.0857,58.5586],[27.085,58.558],[27.0854,58.5576],[27.0854,58.5572],[27.0858,58.5572],[27.086,58.5571],[27.0859,58.557],[27.0861,58.5568],[27.0859,58.5568],[27.0857,58.5565],[27.0858,58.5565],[27.086,58.5563],[27.0861,58.5563]],[[27.1103,58.5143],[27.1112,58.514],[27.1114,58.5139],[27.1145,58.5123],[27.1179,58.5102],[27.1216,58.5084],[27.1258,58.5078],[27.1266,58.5069],[27.1279,58.5059],[27.1303,58.5038],[27.1312,58.5039],[27.1325,58.5029],[27.135,58.502],[27.135,58.5012],[27.1359,58.5],[27.1356,58.4997],[27.1355,58.4995],[27.1354,58.4994],[27.1352,58.499],[27.1352,58.4982],[27.1363,58.4977],[27.1367,58.4967],[27.1365,58.4962],[27.1384,58.4955],[27.1377,58.4945],[27.1396,58.4926],[27.1401,58.4916],[27.1413,58.4911],[27.1399,58.4897],[27.141,58.4892],[27.1421,58.4894],[27.143,58.4884],[27.1446,58.4882],[27.1474,58.4888],[27.1483,58.4875],[27.1472,58.4861],[27.1476,58.4847],[27.1467,58.4844],[27.1477,58.4832],[27.1459,58.4817],[27.148,58.4806],[27.1467,58.48],[27.1484,58.4788],[27.1498,58.4784],[27.1501,58.4774],[27.1494,58.4764],[27.1504,58.4758],[27.1482,58.4742],[27.149,58.4738],[27.1517,58.4734],[27.152,58.4724],[27.1539,58.4724],[27.1551,58.4719],[27.1567,58.4727],[27.1573,58.4715],[27.1565,58.4705],[27.1549,58.4701],[27.1549,58.4686],[27.157,58.4678],[27.158,58.467],[27.1591,58.467],[27.1602,58.4682],[27.1623,58.4678],[27.162,58.4664],[27.1644,58.4658],[27.1661,58.466],[27.1686,58.4655],[27.1686,58.4648],[27.1686,58.4634],[27.1672,58.462],[27.1687,58.4619],[27.1687,58.4611],[27.1665,58.461],[27.1661,58.4604],[27.1688,58.4598],[27.1688,58.4594],[27.1674,58.4584],[27.1684,58.4569],[27.1674,58.4556],[27.1683,58.4533],[27.1682,58.4521],[27.1648,58.4486],[27.1649,58.4482],[27.1668,58.4475],[27.1666,58.4467],[27.165,58.446],[27.1652,58.4449]],[[27.0859,58.5568],[27.086,58.5566],[27.0859,58.5565],[27.0858,58.5565]],[[27.0855,58.5587],[27.0857,58.5586]],[[27.0852,58.56],[27.085,58.5598],[27.0849,58.56]],[[27.0861,58.5568],[27.086,58.5567],[27.0859,58.5568]],[[27.0853,58.5588],[27.085,58.5586],[27.0853,58.559]],[[27.0873,58.5617],[27.0872,58.5615],[27.0871,58.5613]],[[27.0886,58.5651],[27.0886,58.565],[27.0887,58.5648],[27.0889,58.5648]],[[27.0886,58.5676],[27.0881,58.5672]],[[27.088,58.5652],[27.0884,58.5651]],[[27.0854,58.56],[27.0852,58.5597]],[[27.0887,58.5648],[27.0885,58.5646],[27.0886,58.5643]],[[27.0857,58.5565],[27.0854,58.5565],[27.0859,58.5561],[27.086,58.5561]],[[27.0859,58.557],[27.0856,58.557],[27.0854,58.5565]],[[27.1014,58.537],[27.1015,58.5367]],[[27.1012,58.5342],[27.1017,58.5345],[27.1015,58.5346]],[[27.085,58.5586],[27.0847,58.558],[27.0851,58.5573],[27.0854,58.5572]],[[27.1672,58.462],[27.1665,58.461]],[[27.0888,58.565],[27.0886,58.565]],[[27.0888,58.5646],[27.0885,58.5646]],[[27.086,58.5571],[27.0858,58.5571],[27.0858,58.5572]],[[27.0863,58.556],[27.0862,58.5561]],[[27.0859,58.5561],[27.086,58.5559]],[[27.1017,58.5345],[27.102,58.5339],[27.101,58.5333]],[[27.086,58.5567],[27.086,58.5566]],[[27.085,58.558],[27.0847,58.558]],[[27.0859,58.5565],[27.086,58.5563]],[[27.085,58.5598],[27.0851,58.5597]],[[27.0885,58.5636],[27.0885,58.5633]],[[27.0858,58.5571],[27.0856,58.557]],[[27.0876,58.5616],[27.0872,58.5615]],[[27.1355,58.4995],[27.1354,58.4994]],[[27.1359,58.5],[27.1356,58.4997]]]},"properties":{"name":"Kargaja jõgi"}},
{"type":"Feature","geometry":{"type":"LineString","coordinates":[[27.1425,58.3943],[27.1421,58.3949],[27.1389,58.3968],[27.138,58.3982],[27.1379,58.3994],[27.139,58.4003],[27.1413,58.4007],[27.1447,58.4019],[27.1446,58.4025],[27.1426,58.4039],[27.1423,58.4046],[27.1434,58.4062],[27.1476,58.4079],[27.1517,58.4101],[27.1534,58.4107],[27.1536,58.4116],[27.1574,58.4139],[27.1589,58.4141],[27.1636,58.4155],[27.1657,58.4169],[27.1643,58.419],[27.1647,58.4201],[27.166,58.4203],[27.1716,58.4197],[27.1729,58.4206],[27.1722,58.4216],[27.1728,58.4237],[27.1725,58.4246],[27.1753,58.4263],[27.1779,58.4272],[27.1791,58.4279],[27.1796,58.4289],[27.1806,58.4295],[27.1829,58.4301],[27.1824,58.4316],[27.1832,58.433],[27.189,58.435],[27.1914,58.4342],[27.1944,58.4338],[27.1956,58.4343],[27.1955,58.4367],[27.1962,58.4377],[27.1989,58.4389],[27.2016,58.44],[27.2046,58.4413],[27.2058,58.4416],[27.2094,58.4415],[27.2113,58.4418],[27.2136,58.4426],[27.2158,58.444],[27.2185,58.4452],[27.2241,58.4464],[27.2296,58.447],[27.234,58.4486],[27.2413,58.4505],[27.2434,58.4513]]},"properties":{"name":"Koosa jõgi"}},
{"type":"Feature","geometry":{"type":"MultiLineString","coordinates":[[[27.2414,58.4381],[27.2392,58.4372],[27.2304,58.4324],[27.2261,58.4309],[27.2239,58.4296],[27.2232,58.4277],[27.2235,58.4263],[27.2248,58.4245],[27.2239,58.423],[27.2208,58.4223],[27.2174,58.4226],[27.2162,58.4225],[27.2146,58.4215],[27.2139,58.4204],[27.2143,58.4186],[27.2139,58.4178],[27.2127,58.417],[27.2081,58.4166],[27.2034,58.4166],[27.1967,58.4168],[27.1904,58.4162],[27.1889,58.4156],[27.1886,58.4148],[27.189,58.4132],[27.1908,58.4114],[27.1914,58.4093],[27.1904,58.4082],[27.1891,58.4079],[27.1851,58.4076],[27.1801,58.4078],[27.1785,58.4074],[27.1774,58.4058],[27.1774,58.4049],[27.1782,58.404],[27.1782,58.4027],[27.1763,58.4012],[27.1724,58.3992],[27.1689,58.3964],[27.1667,58.3949],[27.1658,58.3935],[27.1636,58.392],[27.1617,58.3913],[27.1573,58.3907],[27.1561,58.3908],[27.1526,58.3923],[27.1495,58.3929],[27.1465,58.3927],[27.1452,58.3931],[27.1436,58.3942],[27.1425,58.3943],[27.1416,58.394],[27.1399,58.3928],[27.1387,58.3924],[27.1351,58.3922],[27.1339,58.392],[27.1316,58.3909],[27.1301,58.3895],[27.1291,58.3879],[27.1259,58.386],[27.1234,58.3836],[27.1221,58.3829],[27.1191,58.3829],[27.1137,58.3843],[27.1112,58.3842],[27.1083,58.383],[27.1062,58.3817],[27.1029,58.3811],[27.1015,58.3806],[27.0974,58.3787],[27.0953,58.3782],[27.0924,58.3785],[27.0901,58.379],[27.0838,58.3794],[27.0812,58.3794],[27.0742,58.3791],[27.0647,58.3796],[27.0607,58.3795],[27.0563,58.3781],[27.0531,58.3774],[27.0484,58.3771],[27.0353,58.3775],[27.0289,58.3786],[27.0225,58.3793],[27.0152,58.3794],[27.0104,58.3801],[27.0084,58.3802],[27.0052,58.3799],[26.9993,58.3793],[26.9964,58.3794],[26.9909,58.3802],[26.988,58.3809],[26.9846,58.3814],[26.9786,58.3813],[26.9686,58.3807],[26.9666,58.3802],[26.9636,58.3787],[26.9615,58.3773],[26.9581,58.3763],[26.9561,58.376],[26.9531,58.3752],[26.9507,58.374],[26.9472,58.373],[26.9448,58.3728],[26.9439,58.3724],[26.9425,58.3706],[26.9411,58.3699],[26.9365,58.3695],[26.9315,58.3682],[26.9288,58.3669],[26.9258,58.365],[26.9237,58.3646],[26.9207,58.3649],[26.9186,58.3649],[26.9143,58.364],[26.9091,58.3632],[26.907,58.3624],[26.9059,58.36],[26.8988,58.3539],[26.8955,58.3522],[26.886,58.3498],[26.8837,58.3498],[26.881,58.3508],[26.8785,58.3508],[26.8748,58.3498],[26.8677,58.3471],[26.8654,58.3466],[26.8618,58.3469],[26.8589,58.3467],[26.8575,58.3462],[26.8558,58.3453],[26.8546,58.3435],[26.8538,58.3429],[26.8454,58.3404],[26.8391,58.3389],[26.8362,58.3381],[26.8335,58.3378],[26.8314,58.338],[26.8284,58.3387],[26.8234,58.3403],[26.8222,58.3404],[26.8184,58.34],[26.8161,58.3395],[26.8144,58.3394],[26.8111,58.3396],[26.8097,58.3395],[26.8087,58.339],[26.8064,58.3365],[26.8042,58.3353],[26.8017,58.3348],[26.7969,58.3351],[26.7932,58.3356],[26.789,58.3364],[26.7863,58.3366],[26.7845,58.3367],[26.7822,58.3365],[26.777,58.338],[26.7758,58.3386],[26.7749,58.3409],[26.7739,58.3422],[26.7724,58.3425],[26.7699,58.3423],[26.7661,58.3433],[26.762,58.3453],[26.7586,58.3466],[26.7565,58.3488],[26.7518,58.3495],[26.7505,58.3504],[26.7495,58.3532],[26.7475,58.355],[26.7468,58.3561],[26.7477,58.3572],[26.75,58.358],[26.7516,58.3591],[26.7517,58.361],[26.7486,58.3637],[26.7488,58.365],[26.7501,58.366],[26.7502,58.3675],[26.7492,58.3684],[26.746,58.3694],[26.7435,58.3703],[26.7414,58.3716],[26.7385,58.3751],[26.7375,58.3772],[26.7375,58.3796],[26.7355,58.3803],[26.7338,58.38],[26.7316,58.3793],[26.7283,58.3795],[26.726,58.3806],[26.7255,58.3833],[26.7245,58.3845],[26.7214,58.3868],[26.7196,58.3877],[26.7127,58.3905],[26.709,58.3933],[26.7059,58.3947],[26.7028,58.3957],[26.6977,58.3965],[26.6962,58.3978],[26.6937,58.4004],[26.6923,58.4028],[26.691,58.4055],[26.6911,58.4066],[26.6903,58.4095],[26.6858,58.4155],[26.6835,58.4177],[26.6765,58.4223],[26.6741,58.4243],[26.6724,58.4253],[26.6656,58.4295],[26.6619,58.4311],[26.6604,58.4322],[26.6593,58.4336],[26.6561,58.4349],[26.6541,58.436],[26.6485,58.4397],[26.6464,58.4409],[26.6408,58.4431],[26.6361,58.4452],[26.6337,58.446],[26.6268,58.448],[26.6227,58.4504],[26.6169,58.4522],[26.6113,58.4543],[26.606,58.4556],[26.6013,58.4563],[26.5981,58.4563],[26.5963,58.4566],[26.596,58.4576],[26.5966,58.4588],[26.5983,58.4604],[26.5981,58.461],[26.5964,58.4613],[26.592,58.4611],[26.5865,58.4615],[26.5853,58.4611],[26.584,58.4595],[26.5799,58.4588],[26.5749,58.4589],[26.5681,58.4587],[26.5659,58.4582],[26.5643,58.4571],[26.5645,58.4555],[26.5655,58.4538],[26.5636,58.4518],[26.5629,58.4514],[26.5604,58.4511],[26.5568,58.4511],[26.5552,58.4504],[26.5519,58.4475],[26.5468,58.4448],[26.5453,58.4444],[26.5369,58.4427],[26.5352,58.4423],[26.5339,58.4416],[26.5308,58.4386],[26.5306,58.4364],[26.5296,58.435],[26.5274,58.4341],[26.5255,58.4341],[26.5195,58.4347],[26.5189,58.4347],[26.5148,58.4319],[26.5162,58.4306],[26.5158,58.4299],[26.5143,58.4299],[26.5106,58.4303],[26.5089,58.43],[26.5058,58.4281],[26.5054,58.4268],[26.5061,58.4253],[26.5075,58.4243],[26.5063,58.422],[26.5049,58.4192],[26.5044,58.4187],[26.5007,58.4177],[26.4984,58.4163],[26.4957,58.4158],[26.4956,58.415],[26.4968,58.4136],[26.4959,58.4132],[26.4941,58.4133],[26.492,58.4139],[26.4908,58.4139],[26.4894,58.4133],[26.4884,58.4116],[26.487,58.4115],[26.486,58.4121],[26.4853,58.4131],[26.4844,58.4135],[26.4819,58.4133],[26.4809,58.4128],[26.4804,58.4119],[26.4815,58.4107],[26.4807,58.4102],[26.4759,58.4106],[26.4737,58.4111],[26.471,58.4125],[26.4695,58.4127],[26.4679,58.4122],[26.4661,58.4113],[26.4642,58.4096],[26.4616,58.4095],[26.4553,58.4097],[26.4534,58.4094],[26.4513,58.4095],[26.4474,58.4101],[26.4471,58.4092],[26.45,58.4078],[26.4498,58.407],[26.4428,58.4077],[26.4423,58.4073],[26.4419,58.4056],[26.4399,58.4038],[26.4401,58.4028],[26.4375,58.4023],[26.4333,58.4025],[26.4302,58.4026],[26.4276,58.4013],[26.4216,58.4014],[26.419,58.4017],[26.4193,58.4007],[26.421,58.4001],[26.4212,58.3992],[26.4198,58.3988],[26.4145,58.3991],[26.412,58.3986],[26.4094,58.3985],[26.4069,58.3971],[26.3997,58.3949],[26.3973,58.3944],[26.3946,58.3944],[26.3934,58.3949],[26.3943,58.3961],[26.3937,58.397],[26.3883,58.398],[26.3826,58.3988],[26.3807,58.3998],[26.378,58.4],[26.3734,58.3997],[26.3719,58.3999],[26.3707,58.4008],[26.3693,58.4013],[26.3654,58.4017],[26.3618,58.4027],[26.3587,58.4039],[26.3586,58.4048],[26.3573,58.4055],[26.3536,58.4066],[26.3527,58.4083],[26.3534,58.409],[26.3561,58.4092],[26.3561,58.4099],[26.3517,58.4108],[26.3501,58.4105],[26.3469,58.4085],[26.3453,58.4085],[26.346,58.4095],[26.3454,58.4108],[26.3443,58.4113],[26.3431,58.411],[26.3437,58.4101],[26.3428,58.4088],[26.3409,58.4084],[26.3378,58.4087],[26.3332,58.4087],[26.3335,58.4069],[26.3332,58.4061],[26.3317,58.405],[26.3299,58.405],[26.3291,58.4058],[26.329,58.4071],[26.3268,58.4082],[26.3261,58.4089],[26.325,58.4085],[26.3244,58.4067],[26.323,58.4058],[26.3208,58.4055],[26.3194,58.4043],[26.319,58.4028],[26.3192,58.401],[26.3184,58.3984],[26.3168,58.3971],[26.3111,58.3968],[26.3094,58.397],[26.3089,58.3988],[26.308,58.3994],[26.3061,58.4001],[26.3059,58.4005],[26.3079,58.4021],[26.3078,58.403],[26.3034,58.4043],[26.3017,58.4049],[26.3003,58.405],[26.2994,58.4046],[26.2983,58.4035],[26.2943,58.4005],[26.2928,58.4],[26.2908,58.3997],[26.2884,58.3999],[26.2848,58.4],[26.283,58.4004],[26.2822,58.4011],[26.281,58.4033],[26.2797,58.4044],[26.2758,58.4043],[26.274,58.4038],[26.2723,58.4036],[26.2714,58.4041],[26.2713,58.4052],[26.2695,58.406],[26.2673,58.4061],[26.2664,58.4072],[26.2644,58.4074],[26.2627,58.407],[26.2603,58.407],[26.2582,58.4075],[26.2552,58.4068],[26.2525,58.4067],[26.2517,58.407],[26.2514,58.4088],[26.2504,58.4094],[26.2466,58.4104],[26.2426,58.4117],[26.2425,58.4121],[26.2444,58.413],[26.2455,58.4145],[26.2457,58.4158],[26.2446,58.4167],[26.2429,58.417],[26.2412,58.4166],[26.2401,58.417],[26.2378,58.4193],[26.235,58.4207],[26.2328,58.4202],[26.2325,58.4193],[26.2326,58.4161],[26.2323,58.4138],[26.2324,58.4127],[26.2314,58.4122],[26.2291,58.4126],[26.2272,58.4121],[26.2264,58.4112],[26.2247,58.411],[26.2222,58.4122],[26.2205,58.4123],[26.2188,58.4113],[26.2172,58.4122],[26.2152,58.4128],[26.2115,58.4126],[26.2088,58.4129],[26.2088,58.4121],[26.2106,58.4113],[26.2098,58.4104],[26.2062,58.4102],[26.2038,58.4108],[26.2018,58.4109],[26.2003,58.4114],[26.2008,58.4125],[26.2004,58.4132],[26.1989,58.4135],[26.1961,58.4122],[26.1948,58.4122],[26.1912,58.4128],[26.1891,58.4122],[26.1863,58.411],[26.1861,58.4104],[26.1875,58.4078],[26.1884,58.4068],[26.1863,58.4066],[26.1791,58.4075],[26.1775,58.4087],[26.1763,58.4092],[26.1731,58.4095],[26.1711,58.4093],[26.1686,58.4084],[26.1676,58.4067],[26.1662,58.406],[26.1643,58.4058],[26.1636,58.4053],[26.1633,58.4038],[26.1622,58.4036],[26.1571,58.4037],[26.156,58.4033],[26.1557,58.4026],[26.1564,58.4019],[26.1589,58.4008],[26.1569,58.4001],[26.1555,58.3989],[26.152,58.3975],[26.15,58.3964],[26.1476,58.3963],[26.1467,58.3957],[26.1458,58.3943],[26.1464,58.393],[26.1478,58.3926],[26.1475,58.3914],[26.1461,58.3897],[26.1459,58.3882],[26.1451,58.3862],[26.1429,58.3856],[26.1419,58.3846],[26.1389,58.3855],[26.1357,58.3857],[26.1347,58.3855],[26.1337,58.3836],[26.1314,58.3825]],[[26.5799,58.4588],[26.5916,58.4572],[26.5963,58.4566]],[[26.5158,58.4299],[26.5274,58.4341]]]},"properties":{"name":"Emajõgi"}},
{"type":"Feature","geometry":{"type":"MultiLineString","coordinates":[[[27.016,57.98],[27.0162,57.9797],[27.0167,57.9794],[27.0172,57.9787],[27.0179,57.9767],[27.022,57.9771],[27.0228,57.9776],[27.0261,57.9768],[27.0275,57.9761],[27.0291,57.9764],[27.0313,57.9762],[27.0325,57.9766],[27.034,57.977],[27.0335,57.9778],[27.0326,57.9788],[27.0321,57.9807],[27.0375,57.9837],[27.0379,57.9846],[27.0374,57.9855],[27.0387,57.9865],[27.0387,57.9867],[27.0378,57.9883],[27.0392,57.9897],[27.0383,57.9906],[27.0399,57.9919],[27.0416,57.9923],[27.0407,57.9934],[27.0418,57.9954],[27.0416,57.996]],[[26.8652,57.9221],[26.8662,57.9226],[26.8877,57.9266],[26.8999,57.9294],[26.9031,57.9314],[26.9035,57.9319],[26.9068,57.9341],[26.9112,57.9363],[26.9122,57.9365],[26.914,57.9374],[26.9226,57.9403],[26.9254,57.9407],[26.9316,57.9434],[26.9318,57.9435],[26.9339,57.9442],[26.9361,57.9467],[26.9374,57.947],[26.9377,57.9471],[26.941,57.9491],[26.9447,57.9516],[26.9464,57.9523],[26.948,57.9536],[26.9481,57.9537],[26.9512,57.9541],[26.952,57.9548],[26.9513,57.9554],[26.9512,57.9555],[26.949,57.9558],[26.9478,57.9566],[26.9463,57.957],[26.9427,57.959],[26.939,57.9602],[26.9403,57.9615],[26.9415,57.962],[26.9461,57.9618],[26.9479,57.9634],[26.95,57.9634],[26.9515,57.9648],[26.9531,57.9659],[26.9562,57.9665],[26.9585,57.968],[26.9615,57.9688],[26.962,57.971],[26.9631,57.9724],[26.9659,57.9735],[26.9662,57.9737],[26.9713,57.976],[26.972,57.9763],[26.9771,57.9767],[26.9782,57.977],[26.9791,57.9779],[26.9819,57.9788],[26.988,57.9805],[26.9881,57.9806],[26.9883,57.9817],[26.9922,57.9823],[26.9933,57.9817],[26.9943,57.982],[26.9957,57.9834],[26.9969,57.9832],[26.9982,57.9843],[27.0006,57.9843],[27.0011,57.9838],[27.0036,57.9842],[27.0051,57.9836],[27.0072,57.9836],[27.0071,57.9826],[27.0084,57.9825],[27.01,57.9832],[27.0117,57.983]],[[27.0554,58.021],[27.0556,58.0229],[27.0565,58.0238],[27.0543,58.0262],[27.0556,58.0271],[27.0548,58.0281],[27.0533,58.0289],[27.0512,58.0305],[27.0498,58.0297],[27.0482,58.03],[27.0469,58.0294],[27.046,58.0315],[27.0468,58.032],[27.0462,58.0332],[27.0459,58.0341],[27.048,58.035],[27.0511,58.0373],[27.0523,58.0394],[27.0515,58.0401],[27.0527,58.0404],[27.0529,58.041],[27.0543,58.0414],[27.0547,58.0423],[27.0562,58.0437],[27.0575,58.044],[27.0592,58.0436],[27.0603,58.0438],[27.0628,58.0436],[27.0655,58.0442],[27.0665,58.0438],[27.0675,58.0452],[27.07,58.0447],[27.071,58.0457],[27.0706,58.0468],[27.0707,58.0487],[27.0699,58.0491],[27.0704,58.0505],[27.0694,58.0511],[27.0668,58.0517],[27.0642,58.053],[27.062,58.0525],[27.0616,58.0541],[27.0593,58.0554]],[[27.0821,58.1063],[27.0821,58.1061],[27.0826,58.1047],[27.0812,58.1037],[27.0817,58.1031],[27.0803,58.1011],[27.0814,58.1007],[27.0803,58.0995],[27.0781,58.0989],[27.0776,58.0982],[27.0752,58.0978],[27.075,58.0961],[27.0733,58.0953],[27.0735,58.0947],[27.0725,58.094],[27.0752,58.0939],[27.0764,58.0926],[27.076,58.0919],[27.0783,58.0915],[27.0783,58.091],[27.0762,58.091],[27.0769,58.0902],[27.0759,58.0895],[27.0749,58.09],[27.0723,58.089],[27.0721,58.0873],[27.0708,58.0862],[27.0693,58.0857],[27.0676,58.0856],[27.0667,58.086],[27.0661,58.0853],[27.065,58.0854],[27.0644,58.0846],[27.0647,58.0838],[27.0644,58.083],[27.0624,58.082],[27.0627,58.0782],[27.0615,58.078],[27.0611,58.0771],[27.0632,58.0769],[27.0635,58.0763],[27.0626,58.0745],[27.0608,58.0738],[27.0607,58.0729],[27.0617,58.0724],[27.0614,58.0712],[27.0602,58.0711],[27.0574,58.0706],[27.0588,58.0697],[27.0577,58.0694],[27.0578,58.0679],[27.0588,58.0679],[27.0617,58.0679],[27.062,58.0677]],[[27.0554,58.0208],[27.0549,58.0197],[27.0564,58.0188],[27.0556,58.0183],[27.0561,58.0168],[27.056,58.0158],[27.054,58.0161],[27.0544,58.0169],[27.0529,58.0169],[27.053,58.0147],[27.0521,58.0144],[27.0516,58.0134],[27.0531,58.0129],[27.0545,58.0116],[27.0545,58.0109],[27.0534,58.0106],[27.0532,58.0097],[27.0549,58.0092],[27.0571,58.0075],[27.0566,58.0061],[27.0558,58.0056],[27.0549,58.0046],[27.0543,58.0039],[27.0528,58.0036],[27.051,58.0039],[27.0499,58.0034],[27.0488,58.0037],[27.0474,58.0034],[27.0459,58.0024],[27.0462,58.0017],[27.0438,58.0012],[27.0449,57.9987],[27.0435,57.9972]],[[26.8361,57.9107],[26.8338,57.9116],[26.8324,57.9113]],[[26.8363,57.9107],[26.8388,57.9111],[26.8419,57.9125],[26.8411,57.9139],[26.841,57.9149],[26.8424,57.9155],[26.8455,57.9148],[26.8472,57.9148],[26.8473,57.9148],[26.8524,57.9169]],[[26.865,57.922],[26.8526,57.917]]]},"properties":{"name":"Orajõgi"}},
{"type":"Feature","geometry":{"type":"MultiLineString","coordinates":[[[26.1631,58.4449],[26.1601,58.4456],[26.1572,58.4457],[26.1555,58.4455],[26.1546,58.4446],[26.155,58.4437],[26.1539,58.4429],[26.1527,58.4431],[26.1525,58.4438],[26.1533,58.4447],[26.1526,58.4451],[26.1491,58.4443],[26.1478,58.4462],[26.1464,58.4461],[26.145,58.4455],[26.144,58.4445],[26.142,58.444],[26.1411,58.4432],[26.1398,58.4435],[26.1405,58.4448],[26.1378,58.4441],[26.137,58.4449],[26.1356,58.4451],[26.1348,58.4446],[26.1335,58.4445],[26.1329,58.4452],[26.1313,58.446],[26.1306,58.4468],[26.1288,58.4474],[26.1283,58.449],[26.1263,58.4494],[26.127,58.4501],[26.1281,58.4503],[26.1293,58.4511],[26.128,58.4514],[26.1266,58.4508],[26.1248,58.4505],[26.1243,58.4513],[26.126,58.4515],[26.1268,58.4532],[26.1257,58.4536],[26.1244,58.4532],[26.1223,58.4539],[26.1207,58.4548],[26.1204,58.4553],[26.1215,58.4562],[26.1213,58.4566],[26.1193,58.4565],[26.1171,58.457],[26.1175,58.4579],[26.1205,58.4584],[26.1225,58.459],[26.1222,58.4596],[26.1181,58.4596],[26.1167,58.4606],[26.1183,58.4616],[26.1167,58.4622],[26.1163,58.4627],[26.1152,58.4629],[26.1132,58.4625],[26.1111,58.4624],[26.1095,58.463],[26.1108,58.464],[26.1097,58.4648],[26.1072,58.4652],[26.1065,58.466],[26.1051,58.4662],[26.1027,58.4676],[26.1013,58.4684],[26.0981,58.4686],[26.0973,58.4698],[26.0948,58.4707],[26.0932,58.4717],[26.0931,58.4729],[26.0906,58.4729],[26.0879,58.4742],[26.0871,58.4749],[26.0852,58.4756],[26.0832,58.4757],[26.082,58.4765],[26.0817,58.4778],[26.0788,58.478],[26.0775,58.479],[26.0749,58.4796],[26.0735,58.4805],[26.0704,58.4838],[26.0705,58.4849],[26.0673,58.4857],[26.0643,58.4859],[26.0575,58.4856],[26.0564,58.4862],[26.056,58.4873],[26.0544,58.4879],[26.0517,58.488],[26.0498,58.4893],[26.0491,58.4902],[26.0462,58.4926],[26.0457,58.4935],[26.0434,58.495],[26.04,58.4954],[26.0375,58.4962],[26.0357,58.4965],[26.035,58.4974],[26.0325,58.4978],[26.0312,58.4992],[26.0293,58.5016],[26.0303,58.5034],[26.0291,58.5049],[26.0266,58.5053],[26.0256,58.5063],[26.0255,58.5073],[26.0263,58.5084],[26.0255,58.509],[26.024,58.5108],[26.022,58.5115],[26.0214,58.5125],[26.0207,58.5147],[26.0199,58.5148],[26.0151,58.5149],[26.0118,58.5157],[26.0102,58.5169],[26.0107,58.5187],[26.0096,58.5198],[26.0067,58.5198],[26.0055,58.5206],[26.0076,58.5219],[26.005,58.5234],[26.0032,58.5243],[26.0013,58.5248],[26.0001,58.526],[25.9995,58.5282],[25.9978,58.5288],[25.9977,58.5299],[25.9967,58.5311],[25.9941,58.5322],[25.9933,58.5334],[25.9933,58.534],[25.9904,58.5345],[25.9901,58.5349],[25.992,58.5362],[25.9931,58.5376],[25.9929,58.5387],[25.9933,58.5398],[25.9936,58.5426],[25.9927,58.5438],[25.9927,58.5448],[25.9926,58.5453],[25.992,58.5464],[25.9919,58.5466],[25.9895,58.5481],[25.989,58.5483],[25.9849,58.55],[25.983,58.5506],[25.9834,58.5515],[25.9834,58.5532],[25.9823,58.5539],[25.9803,58.5534],[25.9776,58.5547],[25.9758,58.554],[25.9748,58.5549],[25.9718,58.5558],[25.9691,58.5551],[25.9671,58.5558],[25.967,58.5563],[25.9688,58.5566],[25.9679,58.5579],[25.9697,58.5584],[25.9696,58.5593],[25.9679,58.5609],[25.9691,58.5618],[25.9686,58.5633],[25.9676,58.5635],[25.9679,58.5645],[25.9672,58.5653],[25.9655,58.5649],[25.9631,58.5655],[25.9613,58.5672],[25.9597,58.5681],[25.9599,58.5699],[25.9589,58.5709],[25.9621,58.5728],[25.9614,58.5734],[25.9588,58.5742],[25.9608,58.5751],[25.9615,58.5761],[25.9624,58.5764],[25.965,58.5762],[25.9663,58.5766],[25.9647,58.5776],[25.9652,58.5789],[25.9655,58.5802],[25.9634,58.581],[25.9632,58.5821],[25.9644,58.5831],[25.9632,58.5836],[25.9627,58.5849],[25.9639,58.5856],[25.9631,58.5862],[25.9629,58.5884],[25.9643,58.589],[25.9639,58.5899],[25.9617,58.591],[25.9613,58.5926],[25.9589,58.5936],[25.9593,58.5943],[25.9606,58.5948],[25.9594,58.5959],[25.9613,58.5967],[25.9612,58.5972],[25.9593,58.5975],[25.9594,58.5981],[25.9608,58.5985],[25.9618,58.5993],[25.9633,58.5997],[25.9644,58.601],[25.9642,58.6013],[25.962,58.6018],[25.9616,58.6032],[25.9633,58.6047],[25.9632,58.6053],[25.9609,58.6056],[25.9608,58.6069],[25.9638,58.6068],[25.9641,58.6074],[25.9664,58.6079],[25.9691,58.6078],[25.9727,58.6083],[25.9752,58.6082],[25.976,58.6094],[25.9776,58.6104],[25.9775,58.611],[25.9789,58.6123],[25.9815,58.6125],[25.9836,58.6124],[25.9864,58.6124],[25.9874,58.6129],[25.987,58.6137],[25.9867,58.6143],[25.9866,58.6144]],[[26.2044,58.9961],[26.2046,58.9973],[26.2054,58.9977],[26.2058,58.9984],[26.2063,58.9991],[26.208,59.0003],[26.2068,59.001],[26.2077,59.002],[26.2091,59.0038],[26.2084,59.0051],[26.209,59.0055],[26.2074,59.0064]],[[26.2036,59.0105],[26.2034,59.0117],[26.2023,59.0129],[26.2011,59.0129],[26.2004,59.0136],[26.2006,59.0154],[26.1975,59.0166],[26.1967,59.0183],[26.1976,59.0192],[26.1924,59.02]],[[25.9862,58.6128],[25.9836,58.6124]],[[26.2045,58.9933],[26.2009,58.9849],[26.2008,58.9829],[26.2014,58.9812],[26.2027,58.9797],[26.2044,58.978],[26.2054,58.9774],[26.2061,58.9773],[26.2099,58.9777],[26.2122,58.9771],[26.2125,58.9756],[26.2135,58.9749],[26.2136,58.9741],[26.213,58.9725],[26.215,58.97],[26.2155,58.9682],[26.2145,58.9677],[26.2141,58.9662],[26.2153,58.9648],[26.2159,58.9634],[26.2174,58.9625],[26.2178,58.9618],[26.2194,58.9608],[26.2215,58.9608],[26.2232,58.9605],[26.225,58.9588],[26.2255,58.9537],[26.2253,58.9525],[26.2259,58.9513],[26.2242,58.9486],[26.222,58.9477],[26.2206,58.9476],[26.2202,58.9468],[26.2195,58.9461],[26.2131,58.9448],[26.2103,58.9456],[26.2084,58.9449],[26.2086,58.9444],[26.2074,58.9436],[26.2055,58.9437],[26.2046,58.9431],[26.2025,58.9435],[26.2003,58.9426],[26.2004,58.941],[26.1996,58.9406],[26.1995,58.9405],[26.1968,58.9388],[26.1968,58.9387],[26.1955,58.9377],[26.195,58.9314],[26.1952,58.9309],[26.193,58.9285],[26.1887,58.927],[26.1881,58.9264],[26.189,58.9247],[26.189,58.9238],[26.1878,58.9233],[26.1841,58.9227],[26.181,58.9214],[26.1805,58.9214],[26.1804,58.9214],[26.1784,58.9214],[26.1745,58.9218],[26.1727,58.9214],[26.1715,58.9218],[26.1714,58.9234],[26.1698,58.9228],[26.1694,58.9222],[26.1682,58.9218],[26.1688,58.9204],[26.1677,58.9192],[26.1655,58.9157],[26.1665,58.9152],[26.1648,58.9136],[26.1642,58.9126],[26.1628,58.9116],[26.1616,58.9112],[26.161,58.9099],[26.1622,58.9092],[26.1616,58.9084],[26.1596,58.908],[26.161,58.907],[26.157,58.9067],[26.1579,58.9054],[26.1551,58.9053],[26.1552,58.9037],[26.1569,58.9033],[26.1565,58.9027],[26.1535,58.9027],[26.1535,58.9019],[26.1561,58.901],[26.1556,58.9001],[26.1543,58.899],[26.1521,58.899],[26.1518,58.8984],[26.1526,58.8975],[26.1513,58.8966],[26.1527,58.8955],[26.1504,58.8948],[26.1505,58.893],[26.1536,58.8923],[26.1553,58.8911],[26.157,58.8915],[26.1577,58.8911],[26.1576,58.8894],[26.1591,58.8887],[26.1588,58.8879],[26.1599,58.8877],[26.1602,58.8869],[26.1617,58.885],[26.1591,58.884],[26.1589,58.8833],[26.1567,58.8833],[26.1566,58.8823],[26.1577,58.8819],[26.1578,58.8812],[26.1555,58.8813],[26.1545,58.8809],[26.1502,58.881],[26.1489,58.8816],[26.1476,58.8815],[26.1464,58.8819],[26.1471,58.8829],[26.1455,58.8829],[26.1444,58.8824],[26.1435,58.8829],[26.1443,58.8843],[26.1425,58.8842],[26.1401,58.8829],[26.1406,58.8818],[26.138,58.8811],[26.136,58.8808],[26.1376,58.8798],[26.136,58.8787],[26.1343,58.878],[26.1313,58.8777],[26.1302,58.8782],[26.1276,58.8772],[26.1296,58.8761],[26.1306,58.8751],[26.1302,58.8747],[26.129,58.8746],[26.1284,58.8756],[26.127,58.8754],[26.1258,58.8745],[26.123,58.8755],[26.1216,58.8746],[26.1206,58.8747],[26.1199,58.8758],[26.1184,58.8744],[26.1173,58.8753],[26.1161,58.8746],[26.1152,58.875],[26.1164,58.876],[26.1165,58.8767],[26.1156,58.8782],[26.1134,58.8776],[26.1119,58.8778],[26.1131,58.879],[26.1108,58.8799],[26.113,58.8807],[26.112,58.8818],[26.1106,58.8823],[26.1082,58.8823],[26.1076,58.8844],[26.1056,58.8844],[26.1041,58.8839],[26.1017,58.8843],[26.1019,58.8858],[26.1008,58.8862],[26.099,58.8856],[26.0996,58.8835],[26.0992,58.8824],[26.1012,58.8819],[26.1007,58.8814],[26.0985,58.8812],[26.0979,58.8796],[26.099,58.8794],[26.1,58.8803],[26.1011,58.8801],[26.1014,58.8791],[26.1025,58.8787],[26.1042,58.8789],[26.1045,58.878],[26.103,58.877],[26.1012,58.8766],[26.1024,58.8755],[26.1054,58.8755],[26.1064,58.874],[26.1053,58.8736],[26.1062,58.8726],[26.1043,58.8712],[26.1041,58.87],[26.1058,58.8697],[26.1055,58.8692],[26.1035,58.8693],[26.1028,58.8686],[26.1036,58.8664],[26.1045,58.8658],[26.1011,58.8651],[26.1,58.8644],[26.0978,58.8625],[26.0928,58.8611],[26.0912,58.8603],[26.0923,58.8598],[26.0948,58.8602],[26.0958,58.8598],[26.0952,58.8585],[26.0972,58.8572],[26.0964,58.8548],[26.0972,58.8524],[26.0993,58.8512],[26.0996,58.8506],[26.0985,58.8496],[26.0994,58.8482],[26.0983,58.8466],[26.1002,58.8462],[26.1001,58.8452],[26.1018,58.8446],[26.103,58.8449],[26.1049,58.8436],[26.1032,58.8425],[26.1032,58.842],[26.1053,58.8412],[26.1056,58.8391],[26.1049,58.8379],[26.1023,58.8383],[26.1013,58.838],[26.1012,58.8372],[26.1005,58.8367],[26.0985,58.8373],[26.0982,58.8367],[26.0951,58.8366],[26.0926,58.8359],[26.0896,58.8366],[26.0879,58.836],[26.0852,58.834],[26.0806,58.8342],[26.0773,58.8339],[26.0744,58.8332],[26.0731,58.8339],[26.0701,58.8349],[26.0673,58.8353],[26.067,58.8353],[26.0608,58.8329],[26.0591,58.8327],[26.0579,58.8334],[26.055,58.8325],[26.0537,58.8327],[26.0518,58.8324],[26.0504,58.8336],[26.0484,58.8338],[26.0473,58.832],[26.0434,58.8314],[26.0402,58.8302],[26.0389,58.829],[26.0381,58.8287],[26.0357,58.8288],[26.0341,58.8284],[26.0299,58.828],[26.0272,58.8287],[26.0254,58.8296],[26.0236,58.8295],[26.0223,58.8298],[26.0192,58.8301],[26.0183,58.8309],[26.0165,58.8314],[26.0153,58.8311],[26.015,58.8297],[26.0138,58.8291],[26.0134,58.8269],[26.0124,58.8256],[26.0137,58.8248],[26.0123,58.8227],[26.0138,58.8219],[26.0146,58.821],[26.0144,58.82],[26.0156,58.8197],[26.0124,58.8183],[26.0133,58.8168],[26.0133,58.8167],[26.0113,58.817],[26.0102,58.8167],[26.0093,58.8156],[26.0066,58.8144],[26.0041,58.8136],[26.0027,58.8135],[26.0015,58.8128],[25.999,58.813],[25.9963,58.8139],[25.9943,58.8146],[25.9928,58.8144],[25.9915,58.8138],[25.9892,58.8134],[25.9879,58.8139],[25.9867,58.8157],[25.9857,58.816],[25.984,58.8157],[25.9824,58.8169],[25.9801,58.818],[25.9783,58.8181],[25.9768,58.8178],[25.974,58.8176],[25.9734,58.8172],[25.974,58.8161],[25.9736,58.8149],[25.9715,58.8144],[25.9696,58.8153],[25.9688,58.8139],[25.9671,58.8135],[25.9669,58.8127],[25.9653,58.8119],[25.9634,58.8121],[25.9622,58.8119],[25.9627,58.8103],[25.9597,58.81],[25.9592,58.8092],[25.9571,58.8087],[25.9562,58.808],[25.9587,58.8066],[25.9576,58.8055],[25.9568,58.8038],[25.9574,58.803],[25.9595,58.8019],[25.9605,58.8011],[25.962,58.7978],[25.9635,58.7967],[25.9649,58.7962],[25.9653,58.7954],[25.965,58.7941],[25.9653,58.7931],[25.9632,58.7922],[25.9626,58.7912],[25.9637,58.7897],[25.9638,58.7896],[25.9645,58.789]],[[25.9866,58.6145],[25.9865,58.6147],[25.9898,58.6169],[25.9934,58.6184],[25.9933,58.6191],[25.9917,58.6213],[25.9933,58.6234],[25.9925,58.6243],[25.9939,58.6254],[25.9941,58.6261],[25.993,58.628],[25.9922,58.6281],[25.9917,58.6278],[25.992,58.6268],[25.9899,58.6265],[25.9889,58.627],[25.99,58.6283],[25.9898,58.6288],[25.9881,58.6293],[25.9861,58.6293],[25.9848,58.63],[25.9857,58.6309],[25.9854,58.6315],[25.9827,58.6329],[25.9824,58.6335],[25.983,58.635],[25.9833,58.6362],[25.9861,58.6375],[25.9872,58.6383],[25.9871,58.639],[25.9871,58.6394],[25.9887,58.6407],[25.9891,58.642],[25.9861,58.6426],[25.987,58.644],[25.9866,58.6448],[25.984,58.6458],[25.9807,58.6469],[25.9802,58.6474],[25.9811,58.6491],[25.9801,58.6504],[25.98,58.6504],[25.9778,58.651],[25.9759,58.652],[25.9758,58.652],[25.9752,58.6532],[25.9742,58.6537],[25.9739,58.6538],[25.9722,58.6543],[25.9684,58.6563],[25.9644,58.6576],[25.9626,58.6588],[25.9625,58.6589],[25.9581,58.6613],[25.9544,58.6624],[25.952,58.6636],[25.9492,58.6635],[25.947,58.6644],[25.945,58.6658],[25.9434,58.6675],[25.9419,58.6706],[25.9419,58.6707],[25.9419,58.6708],[25.9419,58.6709],[25.9407,58.6719],[25.9383,58.6725],[25.9338,58.6742],[25.9301,58.6751],[25.928,58.678],[25.9261,58.6792],[25.9252,58.6808],[25.924,58.682],[25.9242,58.6824],[25.9256,58.6828],[25.9251,58.6837],[25.9245,58.6844],[25.9225,58.6843],[25.9211,58.6864],[25.9216,58.687],[25.923,58.6872],[25.925,58.688],[25.9262,58.689],[25.9262,58.6897],[25.9229,58.6913],[25.9194,58.693],[25.9187,58.6943],[25.9198,58.6956],[25.9179,58.6969],[25.9183,58.6985],[25.9197,58.6995],[25.9202,58.7005],[25.9214,58.7009],[25.9246,58.7012],[25.9269,58.7024],[25.9278,58.7038],[25.9279,58.7038],[25.9281,58.7056],[25.9268,58.707],[25.9258,58.7097],[25.9258,58.713],[25.9248,58.7143],[25.9266,58.7152],[25.9299,58.7156],[25.9317,58.7167],[25.9318,58.7178],[25.9307,58.7189],[25.93,58.7199],[25.9328,58.7207],[25.9324,58.7216],[25.9314,58.7219],[25.9298,58.7215],[25.9287,58.7219],[25.9288,58.7232],[25.927,58.7246],[25.9257,58.7246],[25.9253,58.7256],[25.9244,58.7263],[25.924,58.7317],[25.924,58.7319],[25.9235,58.7355],[25.9258,58.7362],[25.9259,58.7367],[25.9246,58.7377],[25.9239,58.7395],[25.9248,58.7405],[25.9243,58.742],[25.9223,58.7428],[25.9221,58.7452],[25.9223,58.7479],[25.9218,58.7489],[25.9222,58.7497],[25.924,58.7503],[25.9259,58.7517],[25.9278,58.7518],[25.9288,58.7514],[25.9305,58.7513],[25.9326,58.7525],[25.9344,58.7526],[25.9383,58.7532],[25.9391,58.7539],[25.9393,58.7553],[25.9409,58.7565],[25.9439,58.7574],[25.951,58.7583],[25.9563,58.7607],[25.9571,58.7631],[25.958,58.7636],[25.9623,58.7643],[25.9656,58.7646],[25.9681,58.7652],[25.97,58.7664],[25.9706,58.7675],[25.9683,58.7709],[25.9682,58.7719],[25.968,58.7728],[25.9693,58.7734],[25.9709,58.7736],[25.9711,58.7752],[25.9701,58.7773],[25.9695,58.7815],[25.9693,58.7824],[25.9706,58.7837],[25.9705,58.7845],[25.9696,58.7856],[25.9687,58.7868],[25.9676,58.7878]],[[26.2101,59.1568],[26.2101,59.1553],[26.2094,59.1542],[26.2107,59.1509],[26.2114,59.1489],[26.2112,59.1472],[26.2114,59.1449],[26.21,59.1418],[26.2098,59.1387],[26.2087,59.1383],[26.2086,59.136],[26.2074,59.134],[26.2076,59.132],[26.2074,59.1301],[26.2086,59.1284],[26.2087,59.1249],[26.2098,59.1232],[26.2103,59.1208],[26.2103,59.1207],[26.2108,59.1193],[26.2108,59.1192],[26.2108,59.1191],[26.2099,59.1184],[26.2099,59.1169],[26.2084,59.1161],[26.2079,59.115],[26.207,59.1145],[26.2055,59.1134],[26.2042,59.113],[26.203,59.1112],[26.2011,59.1094],[26.2003,59.1075],[26.1996,59.1066],[26.1994,59.1065],[26.1974,59.1053],[26.1958,59.1049],[26.1879,59.1036],[26.1877,59.1036],[26.1831,59.1033],[26.1804,59.1028],[26.1773,59.1025],[26.1746,59.1016],[26.1711,59.1017],[26.171,59.1009],[26.1692,59.0991],[26.1692,59.0979],[26.1707,59.0968],[26.1714,59.0968],[26.1727,59.095],[26.1743,59.0935],[26.1739,59.0932],[26.176,59.0921],[26.1793,59.0907],[26.1794,59.0906],[26.1804,59.0899],[26.182,59.0896],[26.1847,59.0871],[26.1861,59.0845],[26.1857,59.0843],[26.1857,59.0818],[26.1885,59.0798],[26.1894,59.0761],[26.1913,59.0755],[26.192,59.0731],[26.1918,59.0713],[26.1911,59.0711],[26.1908,59.0697],[26.1832,59.0672],[26.1772,59.0625],[26.1769,59.0617],[26.1771,59.0588],[26.1771,59.0587],[26.1779,59.0566],[26.18,59.0554],[26.1805,59.0548],[26.1798,59.0533],[26.1815,59.0527],[26.1802,59.052],[26.1809,59.0511],[26.1822,59.0507],[26.1835,59.0509],[26.1846,59.0495],[26.1846,59.0488],[26.1857,59.0482],[26.1871,59.047],[26.1876,59.0458],[26.1868,59.0456],[26.1889,59.0442],[26.1883,59.0436],[26.1895,59.0432],[26.1915,59.0412],[26.1906,59.0391],[26.1881,59.038],[26.1879,59.0372],[26.1866,59.036],[26.1834,59.0339],[26.1835,59.0334],[26.1825,59.0321],[26.183,59.0311],[26.1818,59.0308],[26.1831,59.03],[26.1828,59.0292],[26.1857,59.029],[26.1868,59.0285],[26.1885,59.0281],[26.1875,59.0274],[26.1912,59.026],[26.1903,59.0253],[26.1918,59.0244],[26.1905,59.0232],[26.1922,59.0222],[26.1921,59.0218],[26.1919,59.0206]],[[25.986,58.6146],[25.98,58.6133],[25.9798,58.6132],[25.9782,58.6126],[25.9772,58.6117],[25.9775,58.611]],[[25.9257,58.7246],[25.9259,58.7243],[25.9307,58.7189]],[[25.9225,58.6843],[25.9233,58.6838],[25.9251,58.6837]],[[25.9256,58.6828],[25.9242,58.6824]],[[25.9288,58.7232],[25.9314,58.7219]],[[25.9815,58.6125],[25.9789,58.6123]],[[25.9898,58.6288],[25.9922,58.6281]]]},"properties":{"name":"Põltsamaa jõgi"}},
{"type":"Feature","geometry":{"type":"MultiLineString","coordinates":[[[27.4537,58.0969],[27.454,58.0946],[27.4554,58.0935],[27.4572,58.093],[27.4591,58.0916],[27.4619,58.0913],[27.4637,58.0913],[27.468,58.0923],[27.4695,58.0919],[27.4702,58.0912],[27.4696,58.0904],[27.4706,58.0896],[27.472,58.0879],[27.4735,58.0877],[27.4773,58.0879],[27.4787,58.0875],[27.4786,58.0865],[27.4804,58.0854],[27.4805,58.0846],[27.4816,58.0841],[27.486,58.0832],[27.488,58.0833],[27.4889,58.0812],[27.4904,58.0804],[27.4931,58.0805],[27.4966,58.0785],[27.4992,58.0786],[27.4998,58.0783],[27.5004,58.0767],[27.5003,58.0758],[27.5016,58.0748],[27.4999,58.0737],[27.5001,58.0727],[27.5026,58.0713],[27.503,58.07],[27.5045,58.0698],[27.5061,58.0706],[27.5082,58.0702],[27.5085,58.0689],[27.5098,58.0682],[27.5107,58.0691],[27.5122,58.0689],[27.5132,58.0681],[27.5163,58.0678],[27.5173,58.0676],[27.5176,58.0665],[27.5183,58.0658],[27.5197,58.0654],[27.5217,58.0659],[27.5223,58.0664],[27.5224,58.0665],[27.5231,58.0679],[27.525,58.069],[27.5265,58.0713],[27.5284,58.0721],[27.5308,58.0718],[27.5308,58.0744],[27.5316,58.0759],[27.5331,58.0767],[27.5364,58.0766],[27.5385,58.0759],[27.5405,58.0763],[27.5433,58.0802],[27.5458,58.082],[27.5456,58.0837],[27.5471,58.0853],[27.5479,58.0875],[27.5475,58.0887],[27.5478,58.0905],[27.5474,58.0911],[27.5459,58.0923],[27.5448,58.0937],[27.5447,58.0952],[27.5461,58.0972],[27.5473,58.098],[27.5502,58.0992],[27.5519,58.1001],[27.5543,58.1007],[27.5546,58.1012]],[[27.4515,58.1011],[27.45,58.1009],[27.4483,58.0998],[27.4467,58.0973],[27.4443,58.0961],[27.4423,58.0961],[27.4403,58.0956],[27.4384,58.094],[27.435,58.0938],[27.4332,58.0933],[27.433,58.0928],[27.4334,58.0906],[27.431,58.0899],[27.4289,58.0899],[27.4286,58.0896],[27.4297,58.0879],[27.429,58.0865],[27.4275,58.0865],[27.4261,58.0861],[27.4215,58.0846],[27.4229,58.0837],[27.4213,58.0819],[27.4187,58.0811],[27.4179,58.08],[27.421,58.0794],[27.4202,58.0782],[27.4221,58.0777],[27.4207,58.0768],[27.4206,58.0761],[27.4187,58.0762],[27.4171,58.0748],[27.4158,58.0753],[27.4144,58.076],[27.4117,58.0763],[27.4104,58.076],[27.4092,58.0744],[27.4064,58.0738],[27.404,58.0736],[27.4014,58.0729],[27.399,58.0726],[27.3974,58.0736],[27.3946,58.0743],[27.3924,58.0751],[27.3899,58.0751],[27.3886,58.0756],[27.3874,58.0771],[27.3868,58.0777],[27.3848,58.0775],[27.3818,58.0782],[27.3818,58.0789],[27.3808,58.0795],[27.3804,58.0807],[27.3782,58.0809],[27.3767,58.0815],[27.3735,58.0821],[27.3726,58.0826],[27.3736,58.0845],[27.3728,58.0851],[27.3727,58.0862],[27.3716,58.0872],[27.3708,58.0862],[27.3687,58.0864],[27.3649,58.0873],[27.364,58.0882],[27.3645,58.0893],[27.3679,58.0902],[27.3699,58.0903],[27.3722,58.0916],[27.3726,58.0933],[27.371,58.093],[27.3697,58.0932],[27.3691,58.0941],[27.3679,58.0941],[27.3669,58.095],[27.3654,58.0951],[27.3648,58.0957],[27.3652,58.0968],[27.3668,58.0964],[27.3685,58.0975],[27.3681,58.0985],[27.3631,58.0983],[27.3606,58.0991],[27.3589,58.0992],[27.3585,58.0991],[27.3572,58.0975],[27.3542,58.0959],[27.3549,58.0953],[27.3539,58.0946],[27.3545,58.0937],[27.3538,58.093],[27.3527,58.0933],[27.3509,58.0928],[27.3514,58.0916],[27.3493,58.09],[27.3479,58.0899]],[[27.2002,57.946],[27.2001,57.9473],[27.1974,57.9477],[27.1967,57.9484],[27.1968,57.9497],[27.194,57.9493],[27.1926,57.9476],[27.1927,57.9457],[27.1909,57.945],[27.193,57.9435],[27.1943,57.9423],[27.1941,57.9406],[27.1898,57.9401],[27.188,57.9413],[27.1848,57.9411],[27.1811,57.9405],[27.1769,57.9412],[27.1748,57.9412],[27.174,57.9417],[27.1721,57.9408],[27.1714,57.942],[27.1706,57.9425],[27.1685,57.9419],[27.1683,57.9415],[27.1679,57.941],[27.1674,57.9403],[27.1676,57.9393],[27.1669,57.9386],[27.167,57.9366],[27.1687,57.9363],[27.1686,57.9354],[27.1709,57.9353],[27.1714,57.9349],[27.1692,57.934],[27.1696,57.9335],[27.1713,57.9328],[27.1731,57.9325],[27.1723,57.9318],[27.1739,57.9315],[27.1743,57.9309],[27.1735,57.9297],[27.1743,57.9286],[27.1752,57.9272],[27.1773,57.9266],[27.1789,57.9266],[27.1773,57.9248],[27.1796,57.9245],[27.1806,57.923],[27.1794,57.9226],[27.1769,57.9235],[27.1759,57.9237],[27.1744,57.9245],[27.1735,57.9236],[27.1738,57.9229],[27.1739,57.9208],[27.1763,57.9195],[27.1767,57.919],[27.1756,57.9174],[27.1754,57.9166]],[[27.323,58.0677],[27.3255,58.0679],[27.3261,58.0668],[27.3269,58.0665],[27.3269,58.0651],[27.325,58.0637],[27.3214,58.0636],[27.3205,58.0627],[27.3159,58.0612],[27.314,58.0613],[27.3127,58.0603],[27.3113,58.0602],[27.309,58.0589],[27.3082,58.0571],[27.3087,58.0561],[27.3084,58.0554],[27.3062,58.0553],[27.3038,58.0546],[27.3042,58.0541],[27.3022,58.053],[27.3004,58.0523],[27.2991,58.0513],[27.299,58.0506],[27.3008,58.0494],[27.2984,58.0488],[27.2984,58.0487],[27.2989,58.0471],[27.2995,58.0467],[27.2991,58.0457],[27.3003,58.0452],[27.3021,58.0437],[27.3032,58.0441],[27.3046,58.0439],[27.3039,58.0423],[27.3052,58.0418],[27.3045,58.041],[27.3034,58.0401],[27.3052,58.0398],[27.3047,58.0379],[27.3053,58.0374],[27.3046,58.0362],[27.3012,58.0364],[27.3006,58.0361],[27.299,58.0344],[27.3009,58.0337],[27.3036,58.0323],[27.304,58.0316],[27.3025,58.0304],[27.3034,58.0293],[27.303,58.0287],[27.3046,58.0278],[27.3045,58.0273],[27.3038,58.0261],[27.3024,58.0256],[27.2993,58.0251],[27.2975,58.0269],[27.2959,58.0262],[27.2959,58.0254],[27.2941,58.0238],[27.2933,58.0236],[27.2913,58.0222],[27.2912,58.0215],[27.2897,58.0214],[27.2878,58.0205],[27.289,58.0185],[27.2915,58.0189],[27.2942,58.0186],[27.2955,58.018],[27.2962,58.0166],[27.2955,58.0158],[27.2965,58.0142],[27.2942,58.0142],[27.292,58.0134],[27.2909,58.0111],[27.2879,58.0103],[27.2878,58.0082],[27.2852,58.0074],[27.2837,58.0067],[27.2846,58.0063],[27.2829,58.0054],[27.2825,58.0045],[27.2849,58.0037],[27.2841,58.0029],[27.283,58.0021],[27.2811,58.0018],[27.2787,57.9997],[27.2749,57.9994],[27.2761,57.9974],[27.2751,57.9963],[27.275,57.9952],[27.2739,57.9948],[27.2719,57.9952],[27.271,57.9941],[27.2689,57.9937],[27.2691,57.9916],[27.2709,57.9908],[27.2692,57.9888],[27.2709,57.9889],[27.271,57.9878],[27.2697,57.9875],[27.265,57.988],[27.2628,57.9871],[27.2627,57.9863],[27.2654,57.9854],[27.2652,57.9851],[27.2645,57.9846],[27.2639,57.9841],[27.264,57.9824],[27.2616,57.9825],[27.26,57.9815],[27.2596,57.9801],[27.2598,57.979],[27.2595,57.9768],[27.2584,57.9758],[27.2574,57.9759],[27.2558,57.9766],[27.2549,57.9775],[27.2527,57.9796],[27.2512,57.9801],[27.2487,57.9798],[27.2474,57.9801],[27.2472,57.9802],[27.2442,57.9802],[27.2422,57.9809],[27.241,57.9818],[27.2397,57.9821],[27.2365,57.9818],[27.2334,57.9828],[27.2347,57.9835],[27.2343,57.9842],[27.2351,57.9853],[27.2349,57.9859],[27.2317,57.9858],[27.2288,57.9863],[27.2284,57.9877],[27.2268,57.989],[27.2259,57.99],[27.2244,57.9899],[27.223,57.9893],[27.2206,57.9889],[27.2177,57.9892],[27.2162,57.9889],[27.2136,57.9891],[27.2123,57.9895],[27.2137,57.9905],[27.2134,57.991],[27.2117,57.991],[27.2116,57.9918],[27.21,57.9927],[27.208,57.9926],[27.2073,57.992],[27.2053,57.9926],[27.2034,57.9924],[27.2021,57.9926],[27.2014,57.9914],[27.1998,57.9902],[27.1983,57.9896],[27.1982,57.9889],[27.1963,57.9868],[27.1977,57.9865],[27.1976,57.9857],[27.1979,57.9848],[27.197,57.984],[27.1959,57.9813],[27.1967,57.9803],[27.1985,57.9798],[27.197,57.9791],[27.197,57.9776],[27.1974,57.9762],[27.1999,57.9757],[27.2007,57.9751],[27.2002,57.9744],[27.2028,57.9734],[27.2033,57.9724],[27.2031,57.9714],[27.2087,57.9707],[27.2093,57.9702],[27.2122,57.9695],[27.2122,57.9691],[27.2117,57.9688],[27.2117,57.9672],[27.2107,57.9669],[27.2106,57.9656],[27.2111,57.965],[27.2123,57.9646],[27.2118,57.9639],[27.2093,57.963],[27.2076,57.9632],[27.2048,57.9609],[27.205,57.9591],[27.2039,57.9573],[27.2047,57.9572],[27.2061,57.9566],[27.2055,57.954],[27.206,57.9527],[27.2054,57.9524],[27.206,57.9527]],[[26.9539,57.8534],[26.9559,57.8539],[26.9594,57.8544],[26.962,57.8546],[26.9621,57.8556],[26.9644,57.8583],[26.9659,57.8594],[26.9693,57.8611],[26.9744,57.8638],[26.9747,57.8646],[26.9743,57.8657],[26.9747,57.8666],[26.977,57.8666],[26.9785,57.8661],[26.9793,57.8661],[26.9816,57.8674],[26.9833,57.8673],[26.9845,57.8664],[26.9847,57.8653],[26.9885,57.8649],[26.9918,57.8644],[26.9929,57.8657],[26.994,57.8661],[26.9981,57.8667],[27.0026,57.8666],[27.0053,57.8677],[27.0062,57.8677],[27.0076,57.8661],[27.0102,57.8659],[27.0129,57.8659],[27.0131,57.8646],[27.0163,57.8638],[27.0174,57.8639],[27.0193,57.8648],[27.0229,57.8657],[27.0259,57.8652],[27.0281,57.8656],[27.0298,57.8667],[27.0297,57.8676],[27.0286,57.8693],[27.03,57.8698],[27.0318,57.8693],[27.0336,57.8678],[27.0353,57.8674],[27.0399,57.8673],[27.0423,57.8676],[27.0466,57.8682],[27.0483,57.8686],[27.0506,57.8685],[27.0529,57.8677],[27.0544,57.8673],[27.0569,57.8672],[27.0593,57.8679],[27.0615,57.8691],[27.0648,57.8697],[27.0688,57.8698],[27.0714,57.8704],[27.0739,57.87],[27.0745,57.8704],[27.0748,57.8719],[27.0755,57.8724],[27.0784,57.8722],[27.079,57.8725],[27.0795,57.8734],[27.0805,57.8743],[27.0822,57.8751],[27.0849,57.8761],[27.0861,57.8758],[27.087,57.8747],[27.089,57.8749],[27.0905,57.8762],[27.0925,57.8761],[27.0947,57.8766],[27.0964,57.8766],[27.0967,57.8765],[27.0978,57.8761],[27.0993,57.8749],[27.1009,57.8746],[27.1033,57.8747],[27.1054,57.8736],[27.1073,57.8737],[27.1082,57.8754],[27.1104,57.8758],[27.1121,57.8751],[27.1137,57.8751],[27.1151,57.8746],[27.1167,57.8727],[27.1174,57.8711],[27.1164,57.8694],[27.1166,57.8685],[27.118,57.8678],[27.1176,57.867],[27.1199,57.8661],[27.1238,57.8669],[27.126,57.8664],[27.1275,57.8666],[27.1285,57.8673],[27.131,57.8681],[27.1342,57.8681],[27.1363,57.8672],[27.1386,57.8663],[27.1393,57.8663],[27.1413,57.8674],[27.1433,57.8672],[27.1432,57.8663],[27.1443,57.866],[27.1462,57.8659],[27.1478,57.866],[27.1503,57.8666],[27.1517,57.8669],[27.1587,57.8685],[27.1595,57.8702],[27.1606,57.8713],[27.1613,57.8733],[27.1624,57.8744],[27.1648,57.8749],[27.1659,57.8751],[27.1656,57.8762],[27.1659,57.8771],[27.1672,57.8787],[27.1711,57.8805],[27.1708,57.881],[27.1692,57.8822],[27.1706,57.8837],[27.1683,57.884],[27.1677,57.8848],[27.1692,57.886],[27.1676,57.8869],[27.1661,57.8871],[27.1653,57.8879],[27.1657,57.8901],[27.1662,57.8913],[27.1648,57.8922],[27.1647,57.8933],[27.1655,57.8945],[27.1644,57.8961],[27.1647,57.8966],[27.1673,57.8972],[27.168,57.8983],[27.1702,57.8984],[27.1714,57.8978],[27.1727,57.8977],[27.1744,57.8981],[27.1748,57.8986],[27.1745,57.9007],[27.174,57.9016],[27.1741,57.903],[27.1736,57.9039],[27.1708,57.9038],[27.1695,57.9041],[27.1685,57.9049],[27.1685,57.9059],[27.1677,57.9062],[27.164,57.9064],[27.1654,57.9086],[27.1668,57.9089],[27.1659,57.9096],[27.1672,57.9108],[27.1702,57.9107],[27.173,57.9116],[27.1745,57.9133],[27.1748,57.9145],[27.1766,57.9155],[27.1756,57.9161],[27.1755,57.9162],[27.1749,57.9166],[27.1756,57.9174]],[[27.2081,57.9475],[27.2082,57.9473]],[[27.1756,57.9163],[27.1756,57.9161]],[[26.7427,57.884],[26.7421,57.8838],[26.7418,57.8836],[26.7401,57.8833],[26.7407,57.8829],[26.7424,57.8838]],[[26.7411,58.001],[26.7403,58.002],[26.7402,58.0021],[26.7393,58.0028],[26.7398,58.0032],[26.7353,58.005],[26.7343,58.0057],[26.735,58.0068],[26.7325,58.0081],[26.7322,58.0081],[26.7294,58.0083],[26.7289,58.009],[26.7267,58.0096],[26.7262,58.01],[26.7228,58.0098],[26.7229,58.0104],[26.7187,58.011],[26.718,58.0118],[26.7189,58.0127],[26.7178,58.0135],[26.7176,58.0144],[26.7187,58.0165],[26.7195,58.017],[26.7216,58.019],[26.7225,58.0199],[26.7226,58.02],[26.7247,58.0221],[26.7258,58.0237],[26.7257,58.026],[26.7291,58.0306],[26.7311,58.0342],[26.7315,58.0353],[26.7317,58.0355],[26.7347,58.0378],[26.7354,58.0397],[26.7384,58.0423],[26.7385,58.0424],[26.748,58.0506],[26.7475,58.0513],[26.7368,58.0559],[26.7293,58.0603],[26.7289,58.0603],[26.7245,58.0605],[26.7243,58.0605],[26.7219,58.0604],[26.7182,58.0617],[26.7163,58.0615]],[[27.5609,58.0987],[27.5602,58.0986],[27.5582,58.0986],[27.5548,58.0989],[27.5513,58.0993],[27.5502,58.0992]],[[27.5638,58.0982],[27.5612,58.0983],[27.5602,58.0986]],[[26.8863,57.8394],[26.8857,57.8395],[26.881,57.8385],[26.8808,57.8385],[26.8802,57.8384],[26.8789,57.8396],[26.8778,57.8387],[26.8759,57.8381],[26.8763,57.8376],[26.8755,57.8372],[26.874,57.8373],[26.8734,57.8378],[26.8712,57.8367],[26.8694,57.8372],[26.8678,57.8367],[26.866,57.8355],[26.8637,57.8362],[26.8613,57.8363],[26.8603,57.837],[26.8572,57.8365],[26.8555,57.8365],[26.8505,57.8355],[26.8492,57.8362],[26.848,57.8361],[26.848,57.8374],[26.8492,57.8376],[26.8463,57.8397],[26.8454,57.8407],[26.8459,57.8416],[26.8451,57.843],[26.8453,57.8436],[26.8432,57.8455],[26.8431,57.8456],[26.8411,57.8448],[26.8413,57.8461],[26.8385,57.846],[26.8368,57.848],[26.8358,57.8496],[26.835,57.8503],[26.8344,57.8521],[26.8326,57.8527],[26.8321,57.8539],[26.831,57.8544],[26.8309,57.8551],[26.8322,57.8571],[26.8323,57.8586],[26.8313,57.8588],[26.8366,57.8602],[26.8374,57.8609],[26.8393,57.8609],[26.8409,57.8605],[26.8435,57.8626],[26.845,57.8629],[26.8451,57.8641],[26.8466,57.8647],[26.8453,57.8666],[26.8446,57.8669],[26.8444,57.8673],[26.8445,57.8676],[26.8437,57.8683],[26.8435,57.8687],[26.8438,57.8693],[26.8435,57.8695],[26.843,57.8692],[26.8435,57.8687]],[[26.7403,57.8865],[26.7391,57.8871],[26.7387,57.8879],[26.7407,57.8864]],[[26.7456,57.9992],[26.746,57.9987],[26.7455,57.9978],[26.7455,57.9966],[26.7463,57.9952],[26.7458,57.9942],[26.7456,57.9926],[26.7442,57.9915],[26.7443,57.9905],[26.7432,57.9898],[26.7435,57.9878],[26.7423,57.9874],[26.7407,57.986],[26.7407,57.9857],[26.7378,57.985],[26.738,57.9847],[26.7374,57.9839],[26.7374,57.9837],[26.7366,57.9836],[26.7362,57.9835],[26.7357,57.9833],[26.7356,57.9832],[26.7357,57.9825],[26.7346,57.9824],[26.7337,57.9813],[26.7324,57.9805],[26.7333,57.9789],[26.7336,57.9777],[26.7347,57.9774],[26.7349,57.9769],[26.7367,57.9767],[26.7375,57.9754],[26.7395,57.975],[26.7395,57.9744],[26.7412,57.9744],[26.7425,57.9739],[26.7453,57.9736],[26.7455,57.9733],[26.7494,57.9725],[26.7501,57.9719],[26.754,57.9701],[26.7568,57.9674],[26.7569,57.9673],[26.7571,57.967],[26.7542,57.9634],[26.749,57.9623],[26.7402,57.9616],[26.7331,57.9624],[26.7285,57.9631],[26.726,57.9634],[26.7231,57.9642],[26.721,57.9651],[26.7174,57.9652],[26.712,57.9658],[26.7057,57.9654],[26.7047,57.9657],[26.7016,57.9649],[26.6991,57.9643],[26.6988,57.9642],[26.6954,57.9636],[26.6946,57.9629],[26.6903,57.9618],[26.6888,57.9611],[26.6875,57.9606],[26.687,57.9599],[26.6847,57.9594],[26.6846,57.9588],[26.6825,57.9574],[26.6825,57.9562],[26.6836,57.9561],[26.6872,57.9564],[26.6874,57.9558],[26.6909,57.9556],[26.6921,57.9561],[26.6944,57.9567],[26.6954,57.9563],[26.6967,57.9565],[26.6988,57.9556],[26.6991,57.9531],[26.6996,57.9525],[26.6994,57.9507],[26.7009,57.9509],[26.7047,57.9494],[26.7074,57.9501],[26.7088,57.9497],[26.7101,57.9472],[26.7109,57.9458],[26.7102,57.9435],[26.7118,57.9424],[26.7107,57.9419],[26.7112,57.9419],[26.7114,57.9411],[26.709,57.9406],[26.7056,57.9385],[26.6999,57.9381],[26.7004,57.9369],[26.7014,57.9364],[26.6983,57.9355],[26.6974,57.9347],[26.6987,57.934],[26.7001,57.934],[26.6985,57.9312],[26.6991,57.9298],[26.6974,57.9287],[26.6975,57.9281],[26.6988,57.9277],[26.7,57.9266],[26.7024,57.926],[26.7074,57.9257],[26.7096,57.9262],[26.7103,57.9274],[26.712,57.9283],[26.7128,57.9277],[26.7149,57.9286],[26.7151,57.9297],[26.7161,57.9304],[26.7185,57.9291],[26.7205,57.9298],[26.7225,57.9317],[26.7267,57.9311],[26.7278,57.9314],[26.7282,57.9324],[26.7297,57.9319],[26.7298,57.9311],[26.732,57.9307],[26.7337,57.9315],[26.7363,57.9319],[26.7373,57.9312],[26.7386,57.9304],[26.7409,57.9298],[26.7423,57.9298],[26.7435,57.9309],[26.7448,57.9311],[26.7471,57.9311],[26.7486,57.9304],[26.7518,57.9291],[26.7511,57.9283],[26.7506,57.9269],[26.7519,57.9252],[26.7536,57.9245],[26.7542,57.923],[26.7562,57.9218],[26.7564,57.9201],[26.7574,57.9199],[26.7573,57.9188],[26.7563,57.9179],[26.7547,57.9174],[26.7551,57.916],[26.7522,57.9155],[26.7504,57.9143],[26.7497,57.9132],[26.7507,57.9109],[26.7518,57.91],[26.7507,57.9092],[26.7508,57.9072],[26.7483,57.9071],[26.7464,57.908],[26.7458,57.9075],[26.744,57.907],[26.7419,57.9072],[26.7416,57.9067],[26.7395,57.9069],[26.7387,57.906],[26.7387,57.9048],[26.7374,57.9039],[26.7367,57.904],[26.7362,57.9045],[26.7344,57.9043],[26.7335,57.9028],[26.7346,57.9023],[26.7359,57.9006],[26.7368,57.9002],[26.7371,57.8991],[26.7365,57.898],[26.7348,57.8984],[26.7316,57.8977],[26.7298,57.8962],[26.7335,57.8951],[26.7338,57.8945],[26.7327,57.8941],[26.7315,57.8928],[26.7311,57.8918],[26.7302,57.8911],[26.7315,57.8898],[26.7336,57.8889],[26.7353,57.8895],[26.7365,57.8895],[26.7374,57.8889],[26.7387,57.8879]],[[27.208,57.9474],[27.2076,57.9479],[27.2089,57.9491],[27.209,57.9499],[27.2075,57.9504],[27.206,57.9505],[27.205,57.9511],[27.2053,57.9524],[27.2054,57.9524]],[[27.1738,57.9229],[27.1735,57.9236]],[[27.4104,58.076],[27.4118,58.0772],[27.4137,58.0772],[27.4158,58.0753]],[[26.8494,57.8374],[26.8519,57.8366],[26.8555,57.8365]],[[26.8763,57.8376],[26.8802,57.8384]],[[27.206,57.9505],[27.205,57.9511]],[[26.7902,57.8811],[26.7914,57.8816],[26.7955,57.8824],[26.7967,57.883],[26.7983,57.8831],[26.7984,57.8818],[26.7995,57.8817],[26.804,57.8822],[26.8046,57.883],[26.8064,57.8829],[26.8088,57.8829],[26.8092,57.8839],[26.8112,57.8837],[26.811,57.8828],[26.8137,57.883],[26.8143,57.8826],[26.8164,57.8836],[26.818,57.8833],[26.8193,57.8835],[26.821,57.8833],[26.8223,57.8826],[26.825,57.8815],[26.8254,57.8808],[26.825,57.8795],[26.8255,57.8781],[26.8264,57.8774],[26.8279,57.8768],[26.8288,57.8767],[26.8316,57.8771],[26.8332,57.8768],[26.8344,57.8769],[26.8355,57.8755],[26.8372,57.8752],[26.8382,57.8752],[26.8392,57.8752],[26.8388,57.8743],[26.8406,57.874],[26.8414,57.8731],[26.8404,57.8724],[26.8406,57.872],[26.841,57.8714],[26.8405,57.8707],[26.842,57.8699],[26.8435,57.8695],[26.8438,57.8693]],[[26.7364,57.877],[26.7379,57.8771],[26.7383,57.8766],[26.7439,57.878],[26.7443,57.8798],[26.7449,57.8805],[26.747,57.8803],[26.749,57.8804],[26.7499,57.8798],[26.7525,57.8791],[26.752,57.8787],[26.7528,57.8777],[26.7522,57.8763],[26.7536,57.8756],[26.7554,57.8754],[26.7569,57.8749],[26.7598,57.8749],[26.7619,57.8766],[26.764,57.8768],[26.7662,57.8765],[26.7677,57.8765],[26.7687,57.8748],[26.7681,57.8726],[26.7706,57.8721],[26.7704,57.8713],[26.7704,57.8707],[26.7724,57.8704],[26.7754,57.8709],[26.7763,57.8713],[26.7761,57.8727],[26.7772,57.8731],[26.7782,57.8741],[26.779,57.8758],[26.7797,57.8765],[26.7794,57.8783],[26.7803,57.8793],[26.7813,57.8786],[26.7842,57.8798],[26.7862,57.8793],[26.7881,57.8805],[26.7902,57.8811]],[[26.8372,57.8752],[26.8381,57.8749],[26.8382,57.8752]],[[26.8264,57.8774],[26.8279,57.8768]],[[26.8381,57.8749],[26.8388,57.8743]],[[26.7322,58.0081],[26.7325,58.0081]],[[26.6825,57.9562],[26.6836,57.9561]],[[26.6991,57.9643],[26.6988,57.9642]],[[27.1755,57.9162],[27.1749,57.9166]],[[26.8492,57.8376],[26.8494,57.8374]],[[26.843,57.8692],[26.8437,57.8683]],[[26.8445,57.8676],[26.8444,57.8673]],[[26.7401,57.8833],[26.7387,57.8832],[26.7378,57.882],[26.7352,57.8798],[26.736,57.8793],[26.7364,57.877]],[[26.8432,57.8455],[26.8451,57.843]],[[26.8404,57.8724],[26.8406,57.872]],[[26.7356,57.9832],[26.7357,57.9825]],[[26.7378,57.985],[26.738,57.9847]],[[26.7407,57.986],[26.7407,57.9857]],[[26.7362,57.9835],[26.7357,57.9833]],[[26.7374,57.9839],[26.7366,57.9836]]]},"properties":{"name":"Võhandu jõgi"}},
{"type":"Feature","geometry":{"type":"MultiLineString","coordinates":[[[26.1672,58.5255],[26.1658,58.527],[26.1673,58.5282],[26.1653,58.5294],[26.1615,58.5307],[26.1621,58.5312],[26.1621,58.5324],[26.1615,58.5333],[26.1603,58.5337],[26.16,58.5347],[26.1587,58.5353],[26.1597,58.5361],[26.1576,58.5369],[26.1553,58.5391],[26.1534,58.5398],[26.1506,58.5413],[26.149,58.5431],[26.1475,58.5426],[26.1461,58.5429],[26.1458,58.5436],[26.1421,58.5446],[26.139,58.5465],[26.1369,58.5464],[26.135,58.5472],[26.1332,58.5472],[26.1326,58.5479],[26.1311,58.5482],[26.1298,58.5475],[26.128,58.548],[26.1267,58.5478],[26.1249,58.5484],[26.1239,58.5479],[26.1227,58.5482],[26.1214,58.548],[26.1195,58.5483],[26.118,58.5493],[26.118,58.5501],[26.1162,58.5511],[26.1166,58.5517],[26.116,58.5525],[26.114,58.5529],[26.1133,58.5545],[26.1136,58.5554],[26.1134,58.5569],[26.1138,58.558],[26.1147,58.5584],[26.1152,58.5594],[26.1147,58.5602],[26.1129,58.5608],[26.1142,58.5621],[26.113,58.5626],[26.1118,58.5652],[26.111,58.5655],[26.1122,58.5664],[26.1113,58.5672],[26.1113,58.569],[26.1094,58.5693],[26.1073,58.57],[26.1071,58.5691],[26.1061,58.5691],[26.1046,58.5699],[26.1029,58.5705],[26.1031,58.5714],[26.1025,58.5733],[26.1017,58.5739],[26.1029,58.5746],[26.1044,58.5746],[26.1053,58.5751],[26.1056,58.5763],[26.1033,58.5771],[26.1034,58.5778],[26.1023,58.5784],[26.1019,58.5795],[26.1007,58.58],[26.1027,58.5812],[26.1018,58.5831],[26.1019,58.5838],[26.1016,58.5849],[26.1006,58.5854],[26.0995,58.587],[26.1007,58.588],[26.1014,58.5892],[26.1029,58.5898],[26.1024,58.5923],[26.101,58.5946],[26.1011,58.5952],[26.1025,58.5969],[26.1043,58.5976],[26.1044,58.5995],[26.1055,58.6004],[26.1045,58.6013],[26.1029,58.6016],[26.1048,58.603],[26.106,58.6032],[26.1046,58.6053],[26.1057,58.6061],[26.1054,58.6071],[26.1062,58.608],[26.1054,58.6086],[26.1057,58.6095],[26.1033,58.6111],[26.1031,58.6117],[26.1016,58.6128],[26.1027,58.6134],[26.1021,58.6144],[26.1003,58.6155],[26.1013,58.6159],[26.1014,58.6172],[26.0993,58.6184],[26.098,58.6197],[26.0957,58.6205],[26.0962,58.6227],[26.0999,58.6245],[26.1003,58.6257],[26.1015,58.626],[26.1013,58.6264],[26.0989,58.6275],[26.0989,58.6281],[26.1006,58.6283],[26.1015,58.6288],[26.0998,58.629],[26.1002,58.6307],[26.0995,58.6323],[26.1001,58.6332],[26.0998,58.6337],[26.1014,58.6345],[26.1005,58.6355],[26.1008,58.6364],[26.1,58.6371],[26.1009,58.6393],[26.1003,58.6398],[26.1007,58.6423],[26.0998,58.6431],[26.101,58.6443],[26.0998,58.646],[26.1,58.6467],[26.0988,58.6471],[26.0981,58.6474],[26.0981,58.6493],[26.0969,58.6506],[26.0963,58.6519],[26.0946,58.6537],[26.095,58.6556],[26.0961,58.6569],[26.0959,58.6585],[26.0952,58.6595],[26.0955,58.6612],[26.0948,58.6622],[26.0937,58.6626],[26.0935,58.6628],[26.0929,58.6633],[26.0924,58.6636],[26.0923,58.6637],[26.0923,58.6638],[26.0923,58.6641],[26.0924,58.6648],[26.0912,58.6654],[26.0914,58.6654],[26.091,58.6657],[26.0867,58.6655],[26.0865,58.6655],[26.0832,58.665],[26.0809,58.665],[26.0796,58.6674],[26.0796,58.6679],[26.0776,58.6686],[26.0772,58.6694],[26.0736,58.6691],[26.072,58.6701],[26.0695,58.6707],[26.0678,58.6714],[26.0659,58.6711],[26.0644,58.6717],[26.0634,58.6729],[26.0614,58.6742],[26.0624,58.676],[26.0632,58.6789],[26.0617,58.6806],[26.0616,58.6808],[26.0612,58.6814],[26.063,58.6829],[26.0665,58.6867],[26.0667,58.6883],[26.0668,58.6884],[26.0671,58.6892],[26.0675,58.6915],[26.0681,58.6927],[26.0678,58.6932],[26.0621,58.6953],[26.0591,58.6957],[26.0565,58.6973],[26.0559,58.6974],[26.0545,58.6994],[26.0529,58.7023],[26.0531,58.7042],[26.0538,58.7055],[26.0555,58.7075],[26.0564,58.7115],[26.0557,58.7127],[26.0532,58.7143],[26.0523,58.7152],[26.0526,58.7159],[26.0524,58.7184],[26.0529,58.7187],[26.0561,58.7192],[26.0593,58.7204],[26.0626,58.7209],[26.0629,58.7214]],[[26.095,58.6556],[26.0942,58.6538],[26.0945,58.6531],[26.0963,58.6508],[26.0969,58.6506]],[[26.0929,58.6633],[26.0935,58.6628]]]},"properties":{"name":"Umbusi jõgi"}},
{"type":"Feature","geometry":{"type":"MultiLineString","coordinates":[[[26.1827,59.2893],[26.1824,59.2898],[26.1823,59.2899],[26.1814,59.2912],[26.1803,59.2916],[26.1798,59.2926],[26.1767,59.2944],[26.1735,59.2958],[26.171,59.2973],[26.1715,59.2981],[26.1709,59.2988],[26.1683,59.2998],[26.1673,59.3006],[26.1671,59.3015],[26.1672,59.3017],[26.1684,59.3016],[26.1686,59.3033],[26.1696,59.3046],[26.1688,59.3058],[26.1693,59.306],[26.169,59.3067],[26.1703,59.3082],[26.1695,59.3096],[26.1688,59.3104],[26.1681,59.3106],[26.1664,59.3103],[26.1661,59.3123],[26.1657,59.3123],[26.1637,59.3135],[26.1629,59.3147],[26.1614,59.3154],[26.1595,59.3159],[26.1576,59.3178],[26.1548,59.3181],[26.154,59.319],[26.1536,59.3203],[26.1527,59.3207],[26.1508,59.3206],[26.1498,59.3215],[26.1505,59.3223],[26.1475,59.3227],[26.1469,59.3233],[26.146,59.3241],[26.1433,59.3269],[26.1432,59.327],[26.1424,59.3284],[26.1399,59.3295],[26.1392,59.3319],[26.1366,59.334],[26.1325,59.3356],[26.1314,59.3369],[26.1305,59.3369],[26.1305,59.3377],[26.1291,59.3381],[26.1279,59.3399],[26.126,59.3406],[26.126,59.3411],[26.1231,59.3423],[26.1218,59.3424],[26.1217,59.3432],[26.1215,59.3433],[26.1188,59.345],[26.1185,59.3462],[26.1164,59.3473],[26.1134,59.3472],[26.1147,59.3488],[26.1134,59.3491],[26.1111,59.349],[26.108,59.3505],[26.1073,59.3512],[26.1049,59.3526],[26.1045,59.354],[26.1036,59.3549],[26.1015,59.355],[26.098,59.3558],[26.0974,59.3574],[26.0958,59.3588],[26.0947,59.3593],[26.0943,59.3609],[26.0931,59.3614],[26.0934,59.3633],[26.0932,59.3634],[26.092,59.3641],[26.0838,59.367],[26.0815,59.367],[26.0797,59.3674],[26.0782,59.3685],[26.0764,59.3686],[26.0766,59.3693],[26.0757,59.3697],[26.0727,59.3697],[26.0704,59.37],[26.0689,59.3712],[26.0659,59.3724],[26.0666,59.3757],[26.0664,59.3763],[26.0648,59.377],[26.0647,59.3778],[26.0645,59.3783],[26.0621,59.3801],[26.0614,59.3814],[26.0587,59.3839],[26.0591,59.385],[26.0587,59.3857],[26.0575,59.3864],[26.0574,59.3877],[26.055,59.3883],[26.0542,59.3879],[26.0523,59.3886],[26.0508,59.3883],[26.0471,59.389],[26.0467,59.3894],[26.0448,59.3899],[26.0442,59.3915],[26.045,59.3922],[26.042,59.3929],[26.0404,59.3939],[26.0406,59.3949],[26.0398,59.3958],[26.0394,59.3974],[26.0372,59.3972],[26.0373,59.3987],[26.0345,59.4004],[26.0342,59.4018],[26.0324,59.4035],[26.0325,59.4045],[26.0318,59.4054],[26.0312,59.406],[26.0319,59.4069],[26.0327,59.4113],[26.0316,59.4121],[26.0328,59.414],[26.0292,59.414],[26.0292,59.4147],[26.0306,59.4155],[26.029,59.4166],[26.0271,59.4173],[26.0245,59.4172],[26.0254,59.4188],[26.0228,59.4194],[26.0226,59.4195],[26.0226,59.4196],[26.0202,59.4208],[26.0198,59.4209],[26.0184,59.4215],[26.0174,59.4225],[26.0145,59.4235],[26.0137,59.4252],[26.0111,59.4257],[26.011,59.4264],[26.0092,59.427],[26.0101,59.4276],[26.0065,59.4279],[26.0064,59.4291],[26.0038,59.4289],[26.0029,59.4295],[26.0008,59.4296],[26.0005,59.4305],[25.9982,59.4298],[25.9943,59.4317],[25.9929,59.4316],[25.9898,59.4321],[25.9879,59.4328],[25.9875,59.4336],[25.9859,59.4343],[25.9862,59.4351],[25.9854,59.4356],[25.9868,59.436],[25.9866,59.4367],[25.9882,59.4373],[25.9876,59.438],[25.9874,59.4381],[25.9869,59.4387],[25.9876,59.4395],[25.985,59.4401],[25.982,59.44],[25.9794,59.4401],[25.9785,59.4396],[25.9756,59.4399],[25.9748,59.4392],[25.9746,59.4383],[25.9731,59.4388],[25.9708,59.4381],[25.9689,59.4389],[25.965,59.4393],[25.9637,59.4397],[25.9633,59.4404],[25.9648,59.4412],[25.9667,59.4421],[25.9693,59.4425],[25.9682,59.4442],[25.968,59.4457],[25.9706,59.4475],[25.9689,59.4488],[25.9686,59.4494],[25.9666,59.4506],[25.965,59.4509],[25.9643,59.4503],[25.962,59.4498],[25.96,59.4496],[25.9566,59.4483],[25.9544,59.4477],[25.953,59.4479],[25.9513,59.4494],[25.9515,59.4499],[25.9502,59.4521],[25.9494,59.4528],[25.9502,59.4535],[25.9507,59.4538],[25.9513,59.4547],[25.9497,59.455],[25.9497,59.4556],[25.9509,59.4572],[25.9488,59.4582],[25.9488,59.4594],[25.9475,59.4609],[25.9487,59.4615],[25.9454,59.4622],[25.9459,59.4632],[25.9443,59.463],[25.9451,59.4643],[25.9425,59.4649],[25.9411,59.4648],[25.9402,59.4655],[25.9384,59.4655],[25.9383,59.4663],[25.9363,59.466],[25.934,59.4661],[25.9325,59.4669],[25.931,59.4667],[25.9298,59.4674],[25.9299,59.4684],[25.9279,59.469],[25.9255,59.4693],[25.9236,59.4693],[25.921,59.4719],[25.9214,59.4727],[25.9205,59.4737],[25.9189,59.4742],[25.9195,59.4756],[25.9188,59.4762],[25.918,59.4776],[25.9168,59.478],[25.9149,59.4775],[25.9126,59.478],[25.9089,59.4783],[25.9081,59.4788],[25.9084,59.4795],[25.9076,59.4803],[25.9039,59.4821],[25.9021,59.4815],[25.8999,59.4818],[25.8999,59.4831],[25.899,59.4837],[25.8969,59.4836],[25.8965,59.4842],[25.895,59.4847],[25.8938,59.4865],[25.8919,59.486],[25.8898,59.4864],[25.8902,59.4873],[25.8877,59.4884],[25.8863,59.4878],[25.8812,59.4891],[25.8794,59.4892],[25.8777,59.4888],[25.8726,59.4903],[25.8711,59.4904],[25.8704,59.4898],[25.8668,59.4905],[25.867,59.4917],[25.8647,59.4921],[25.8639,59.4927],[25.8642,59.4937],[25.8621,59.4941],[25.8604,59.4956],[25.8584,59.4963],[25.8565,59.496],[25.8544,59.4969],[25.8539,59.497],[25.8532,59.4978],[25.8516,59.4977],[25.85,59.4983],[25.8482,59.4984],[25.8443,59.4996],[25.843,59.4991],[25.8413,59.5001],[25.8401,59.4996],[25.8389,59.5001],[25.837,59.4996],[25.8356,59.5],[25.8341,59.4995],[25.8343,59.4982],[25.8326,59.4981],[25.8324,59.499],[25.8293,59.5001],[25.8285,59.501],[25.829,59.5017],[25.8287,59.5026],[25.8296,59.5034],[25.8291,59.5041],[25.8293,59.5064],[25.8269,59.5074],[25.8265,59.508],[25.8274,59.5088],[25.8266,59.51],[25.8253,59.5102],[25.8215,59.5096],[25.8198,59.5088],[25.8182,59.5091],[25.8191,59.5107],[25.8179,59.5117],[25.8156,59.5125],[25.8149,59.5146],[25.8164,59.515],[25.8164,59.5169],[25.8153,59.5178],[25.8153,59.519],[25.8144,59.5198],[25.8149,59.5205],[25.8165,59.5208],[25.8169,59.5218],[25.8163,59.5224],[25.8121,59.5229],[25.8105,59.5234],[25.8093,59.5232],[25.8066,59.5241],[25.8038,59.5238],[25.8019,59.5238],[25.7992,59.5244],[25.7991,59.5252],[25.8003,59.5259],[25.8005,59.5278],[25.8018,59.5313],[25.8006,59.533],[25.7971,59.5352],[25.7961,59.5366],[25.7942,59.5363],[25.7954,59.538],[25.7941,59.5386],[25.7964,59.5393],[25.7961,59.5401],[25.7965,59.5405],[25.797,59.5413],[25.7988,59.5411],[25.7994,59.5416],[25.7991,59.5425],[25.7963,59.5431],[25.7953,59.5441],[25.7935,59.5437],[25.793,59.5449],[25.7917,59.5448],[25.79,59.5451],[25.7902,59.5463],[25.7861,59.5467],[25.7861,59.5476],[25.7843,59.5489],[25.7841,59.5502],[25.7856,59.5531],[25.7837,59.5531],[25.7837,59.5539],[25.7846,59.5544],[25.7861,59.5539],[25.7869,59.5558],[25.7886,59.5567],[25.7887,59.5585],[25.7881,59.5591],[25.7887,59.5603],[25.791,59.5603],[25.7917,59.5611],[25.7892,59.5616],[25.7911,59.5621],[25.7934,59.5636],[25.7976,59.5646],[25.7978,59.5651],[25.7971,59.5682],[25.7973,59.5702]],[[26.1688,59.3104],[26.1687,59.3106],[26.1685,59.3119],[26.1661,59.3123]],[[25.9502,59.4521],[25.9502,59.4532],[25.9502,59.4535]],[[26.1469,59.3233],[26.146,59.3241],[26.146,59.3248],[26.1473,59.3251],[26.1474,59.3262],[26.1462,59.3265],[26.1456,59.3278],[26.1455,59.3279],[26.1448,59.3283],[26.1424,59.3284]],[[26.0198,59.4209],[26.0205,59.4219],[26.0184,59.4215]],[[25.965,59.4415],[25.965,59.4416],[25.9667,59.4421]],[[26.0325,59.4045],[26.0341,59.405],[26.0333,59.4058],[26.0318,59.4054]],[[26.0226,59.4195],[26.0246,59.4205],[26.0226,59.421],[26.0202,59.4208]],[[26.1687,59.3106],[26.1681,59.3106]],[[25.9648,59.4412],[25.965,59.4415]],[[25.9507,59.4538],[25.9497,59.455]],[[26.1671,59.3015],[26.1672,59.3017]]]},"properties":{"name":"Loobu jõgi"}},
{"type":"Feature","geometry":{"type":"MultiLineString","coordinates":[[[25.9562,59.522],[25.9563,59.5218]],[[25.9664,59.5094],[25.9661,59.5096],[25.9652,59.5104],[25.966,59.5115],[25.9658,59.5122],[25.9626,59.5133],[25.9607,59.5142],[25.9599,59.5152],[25.9608,59.5163],[25.9594,59.5172]],[[25.9723,59.5847],[25.9732,59.5843],[25.972,59.5834],[25.9727,59.5817],[25.9736,59.5812],[25.9715,59.58],[25.9709,59.5788],[25.9684,59.5774],[25.9658,59.5761],[25.9637,59.5762],[25.9604,59.575],[25.9586,59.5749],[25.9556,59.5737],[25.9563,59.5731],[25.9599,59.5731],[25.963,59.5743],[25.9653,59.5747],[25.9661,59.5743],[25.9686,59.5743],[25.9703,59.5732],[25.97,59.5715],[25.9702,59.5697],[25.9716,59.5689],[25.9749,59.567],[25.9762,59.5661],[25.9785,59.5657],[25.9803,59.5646],[25.9818,59.5646],[25.9825,59.5626],[25.9858,59.5622],[25.987,59.5617],[25.9873,59.5608],[25.9867,59.5602],[25.9865,59.56],[25.9847,59.5596],[25.9837,59.5587],[25.9822,59.5583],[25.9794,59.5566],[25.9781,59.5561],[25.9742,59.5558],[25.973,59.5561],[25.9717,59.5555],[25.97,59.5556],[25.9699,59.5556],[25.968,59.5554],[25.9664,59.5546],[25.9632,59.5545],[25.9598,59.5541],[25.9572,59.554],[25.9561,59.5526],[25.955,59.5524],[25.9544,59.551],[25.9522,59.5507],[25.9521,59.5502]],[[25.9693,59.5091],[25.9712,59.5079],[25.9723,59.5076]],[[25.9618,59.5443],[25.9636,59.5433],[25.9637,59.5417],[25.9651,59.5411],[25.9637,59.5405],[25.9627,59.5396],[25.9627,59.5384],[25.9606,59.5369],[25.9586,59.535],[25.9563,59.5345],[25.9521,59.533],[25.9508,59.5331],[25.9493,59.5323],[25.9485,59.5302],[25.9485,59.5294]]]},"properties":{"name":"Võsu jõgi"}},
{"type":"Feature","geometry":{"type":"MultiLineString","coordinates":[[[25.3372,59.2008],[25.336,59.2024],[25.3365,59.203],[25.3378,59.2031],[25.3397,59.2037],[25.3415,59.2044],[25.342,59.2052],[25.3439,59.2055],[25.3451,59.2062],[25.3471,59.2066],[25.3521,59.2098],[25.3551,59.21],[25.357,59.2119],[25.3574,59.2128],[25.355,59.2158],[25.3549,59.218],[25.3565,59.2201],[25.3565,59.2221],[25.3551,59.2241],[25.3578,59.2271],[25.3606,59.228],[25.3615,59.2306],[25.3606,59.2356],[25.3552,59.2424],[25.3551,59.2426],[25.3547,59.2434],[25.3497,59.2463],[25.3471,59.2468],[25.3453,59.248],[25.3402,59.2494],[25.3382,59.2508],[25.3355,59.2516],[25.3312,59.2515],[25.3275,59.2521],[25.3232,59.2541],[25.3229,59.2542],[25.3149,59.2577],[25.3145,59.2592],[25.3135,59.2598],[25.3091,59.2604],[25.3072,59.2628],[25.3071,59.2629],[25.305,59.2635],[25.3017,59.2634],[25.2969,59.2658],[25.2966,59.2659],[25.2945,59.2671],[25.2912,59.2676],[25.2842,59.267],[25.2825,59.2682],[25.2818,59.2684],[25.2792,59.2689],[25.2771,59.2703],[25.2755,59.2701],[25.2742,59.2708],[25.2749,59.2717],[25.2747,59.2726],[25.2736,59.2726],[25.2744,59.2738],[25.2744,59.2739],[25.2734,59.2747],[25.2733,59.2754],[25.2719,59.2764],[25.2721,59.277],[25.2707,59.2776],[25.2698,59.2789],[25.2683,59.2795],[25.2664,59.2799],[25.2664,59.2804],[25.2644,59.281],[25.2643,59.282],[25.263,59.2825],[25.2622,59.2819],[25.2603,59.2819],[25.2587,59.2827],[25.2588,59.2837],[25.2565,59.2843],[25.2519,59.2859],[25.2517,59.2871],[25.2506,59.2871],[25.2487,59.2886],[25.2489,59.2897],[25.2469,59.2909],[25.2456,59.2911],[25.2458,59.2925],[25.2469,59.2926],[25.2483,59.2934],[25.2485,59.2945],[25.2485,59.2948],[25.2478,59.2965],[25.2472,59.2969],[25.2467,59.2988],[25.2482,59.2997],[25.2485,59.302],[25.2519,59.3038],[25.2503,59.305],[25.2493,59.3073],[25.2504,59.3084],[25.2505,59.3084],[25.251,59.3093],[25.2532,59.3107],[25.2533,59.3119],[25.2527,59.3124],[25.247,59.3138],[25.2449,59.3151],[25.2439,59.3153],[25.2404,59.3151],[25.2382,59.3147],[25.2347,59.3158],[25.234,59.3165],[25.2335,59.3193],[25.2328,59.3211],[25.2315,59.3224],[25.2316,59.3238],[25.2307,59.3245],[25.2258,59.3257],[25.2239,59.3283],[25.2212,59.3298],[25.2178,59.3302],[25.2079,59.3301],[25.2032,59.3294],[25.201,59.3289],[25.199,59.329],[25.196,59.3282],[25.1914,59.3279],[25.1894,59.3276],[25.184,59.3276],[25.1807,59.3287],[25.1782,59.3314],[25.1758,59.3323],[25.1749,59.3332],[25.1726,59.3343],[25.1706,59.3368],[25.171,59.3384],[25.1691,59.3395],[25.1682,59.3404],[25.1683,59.341],[25.1699,59.3415],[25.1692,59.3423],[25.1678,59.3425],[25.1695,59.3451],[25.1707,59.3457],[25.1729,59.3462],[25.1737,59.348],[25.1755,59.3495],[25.176,59.351],[25.1788,59.3519],[25.179,59.3533],[25.1772,59.3546],[25.1767,59.3554],[25.1751,59.3567],[25.1742,59.3581],[25.1715,59.3587],[25.1713,59.3598],[25.1705,59.3605],[25.1708,59.3616],[25.169,59.3626],[25.169,59.3628],[25.1691,59.3638],[25.1669,59.3645],[25.1662,59.3644],[25.1642,59.3652],[25.164,59.3662],[25.1641,59.3663],[25.1643,59.3668],[25.1632,59.3677],[25.1626,59.3688],[25.1595,59.3698],[25.157,59.3724],[25.1556,59.373],[25.155,59.3738],[25.1527,59.3744],[25.1513,59.3741],[25.1479,59.3745],[25.1464,59.3745],[25.1439,59.3754],[25.145,59.3803],[25.1434,59.381],[25.1443,59.3824],[25.1432,59.3844],[25.1436,59.3854],[25.143,59.3868],[25.1414,59.3876],[25.1413,59.3889],[25.1377,59.3896],[25.1372,59.3911],[25.1347,59.3918],[25.1343,59.3928],[25.1333,59.3934],[25.1332,59.3949],[25.1312,59.3955],[25.1288,59.3969],[25.13,59.3981],[25.1283,59.3989],[25.1278,59.4001],[25.127,59.4005],[25.1231,59.4028],[25.1221,59.4042],[25.1193,59.4055],[25.1157,59.4069],[25.1145,59.4074],[25.1126,59.4076],[25.1107,59.4083],[25.1083,59.4078],[25.1076,59.408],[25.1056,59.4102],[25.103,59.4108],[25.1018,59.4118],[25.0994,59.4122],[25.0985,59.414],[25.0951,59.42],[25.0945,59.4212],[25.0935,59.422],[25.0931,59.423],[25.0951,59.4236],[25.0962,59.4244],[25.0964,59.4262],[25.0976,59.4268],[25.0987,59.4275],[25.0983,59.4299],[25.099,59.4296],[25.1005,59.4301],[25.1017,59.4299],[25.1054,59.431],[25.1071,59.4321],[25.1094,59.4338],[25.1112,59.4347],[25.1124,59.4357],[25.113,59.4366],[25.113,59.4376],[25.1149,59.4385],[25.1186,59.4388],[25.1233,59.44],[25.1272,59.4395],[25.1294,59.4405],[25.1303,59.44],[25.1352,59.4418],[25.1355,59.4424],[25.1361,59.4428],[25.1384,59.443],[25.1411,59.4436],[25.1397,59.443],[25.1384,59.443]],[[25.1731,59.4504],[25.1752,59.4481],[25.172,59.4469],[25.1718,59.4463],[25.1699,59.445],[25.1677,59.4447],[25.1673,59.4433],[25.1658,59.4417],[25.1634,59.4418],[25.1622,59.4414],[25.1593,59.4419],[25.1573,59.4409],[25.1566,59.4418],[25.1544,59.4434],[25.1528,59.4454],[25.1511,59.4456],[25.1504,59.4448],[25.1492,59.4444],[25.1448,59.4458],[25.1441,59.4456],[25.144,59.4448],[25.1411,59.4436]],[[25.1641,59.3663],[25.1643,59.3668]],[[25.1642,59.3652],[25.164,59.3662]],[[25.0976,59.4268],[25.0987,59.4275]],[[25.2825,59.2682],[25.2818,59.2684]]]},"properties":{"name":"Jõelähtme jõgi"}},
{"type":"Feature","geometry":{"type":"MultiLineString","coordinates":[[[25.7071,58.844],[25.7061,58.8433],[25.7039,58.8434],[25.7019,58.8437],[25.6986,58.8432],[25.6979,58.8427],[25.6958,58.8422],[25.6957,58.8416],[25.6893,58.8414],[25.6877,58.8418],[25.6867,58.8426],[25.6844,58.8433],[25.6834,58.8442],[25.6823,58.8446],[25.6789,58.8444],[25.6795,58.8457],[25.6786,58.8462],[25.6736,58.8471],[25.6726,58.8466],[25.6683,58.8481],[25.6656,58.8476],[25.6594,58.847],[25.6576,58.847],[25.6553,58.8465],[25.651,58.8472],[25.6502,58.847],[25.6473,58.8476],[25.6464,58.847],[25.6464,58.846],[25.6447,58.846],[25.644,58.8471],[25.6428,58.8464],[25.6431,58.8454],[25.6407,58.8453],[25.6404,58.8438],[25.6398,58.8433],[25.6378,58.8428],[25.6376,58.8424],[25.6349,58.8412],[25.6333,58.8414],[25.6319,58.8407],[25.6334,58.8395],[25.6323,58.8382],[25.633,58.8376],[25.6312,58.8359],[25.6297,58.8348],[25.6311,58.8337],[25.6284,58.8334],[25.6278,58.8329],[25.6282,58.8319],[25.6273,58.8316],[25.6282,58.8308],[25.6261,58.8305],[25.6249,58.8309],[25.6244,58.8297],[25.6227,58.8292],[25.6227,58.8284],[25.6219,58.8272],[25.6209,58.8267],[25.6205,58.8256],[25.6187,58.8253],[25.6186,58.8245],[25.617,58.8232],[25.6152,58.8226],[25.6131,58.8206],[25.6133,58.8196],[25.6122,58.8188],[25.6105,58.8183],[25.611,58.8172],[25.6099,58.8164],[25.6076,58.8152],[25.6077,58.8142],[25.6048,58.8139],[25.6018,58.8126],[25.6015,58.812],[25.5985,58.8106],[25.5963,58.8107],[25.5905,58.8114],[25.5907,58.8124],[25.5891,58.8122],[25.5882,58.8115],[25.5865,58.8122],[25.5841,58.812],[25.5837,58.8116],[25.5795,58.8105],[25.5771,58.811],[25.5751,58.8111],[25.572,58.8102],[25.5678,58.8092],[25.5644,58.8088],[25.5623,58.8089],[25.5599,58.8101],[25.5578,58.8109],[25.5562,58.8111],[25.5497,58.8109],[25.547,58.8115],[25.5438,58.8127],[25.5422,58.8128],[25.5378,58.8115],[25.5355,58.8103],[25.5336,58.81],[25.5312,58.8089],[25.5291,58.8088],[25.5287,58.8088],[25.5278,58.8087],[25.5264,58.8084],[25.5238,58.8078],[25.5208,58.8073],[25.5158,58.8053],[25.5137,58.8035],[25.5122,58.8029],[25.5088,58.8024],[25.5054,58.8016],[25.5025,58.8015],[25.4968,58.8023],[25.4952,58.802],[25.4918,58.8],[25.4867,58.7994],[25.4835,58.8006],[25.483,58.8008],[25.4818,58.8009],[25.4805,58.8],[25.4782,58.7999],[25.4764,58.7992],[25.4753,58.7976],[25.4742,58.7974],[25.4722,58.7978],[25.4719,58.7964],[25.4703,58.7956],[25.4666,58.7955],[25.4636,58.7969],[25.461,58.7967],[25.4593,58.7952],[25.4574,58.7943],[25.4561,58.7928],[25.4532,58.7916],[25.4498,58.7915],[25.4474,58.7911],[25.4456,58.7911],[25.4432,58.7908],[25.4416,58.7912],[25.4384,58.7906],[25.4358,58.7907],[25.4352,58.789],[25.4324,58.7882],[25.4311,58.7866],[25.4288,58.7859],[25.4269,58.7847],[25.4258,58.7833],[25.4248,58.7827],[25.4217,58.7822],[25.4213,58.7834],[25.4196,58.7833],[25.4188,58.7821],[25.417,58.7819],[25.4169,58.7815]],[[25.4785,58.7998],[25.4807,58.7997],[25.4826,58.8006],[25.483,58.8008]],[[25.5278,58.8087],[25.5264,58.8084]]]},"properties":{"name":"Prandi jõgi"}},
{"type":"Feature","geometry":{"type":"MultiLineString","coordinates":[[[25.4078,59.0533],[25.4072,59.0446],[25.4071,59.0436],[25.4058,59.0401],[25.4042,59.0359],[25.4048,59.0282],[25.4011,59.0221],[25.401,59.0219],[25.4003,59.0208],[25.3823,59.0109],[25.3847,59.0037],[25.3847,59.0036],[25.3868,58.9975],[25.3888,58.9916],[25.3879,58.9895],[25.3852,58.9876],[25.3856,58.9864],[25.3856,58.9863],[25.3883,58.9782],[25.3881,58.9777],[25.3845,58.9757],[25.365,58.97],[25.3648,58.97],[25.3636,58.9639],[25.3614,58.9629],[25.3594,58.96],[25.3581,58.9569],[25.3575,58.9548],[25.3582,58.9535],[25.3567,58.951],[25.354,58.951],[25.3538,58.951],[25.3511,58.9511],[25.3491,58.9501],[25.3487,58.946],[25.3418,58.9416],[25.3383,58.9375],[25.3376,58.9362],[25.3341,58.9334],[25.33,58.9319],[25.3276,58.9323],[25.3249,58.9317],[25.3231,58.9289],[25.3226,58.9258],[25.3233,58.9248],[25.3214,58.9231],[25.3192,58.9219],[25.3187,58.9207],[25.3172,58.9204],[25.3172,58.9194],[25.3154,58.9179],[25.3159,58.9163],[25.3173,58.915],[25.3166,58.9138],[25.3153,58.9132],[25.3167,58.9109],[25.3168,58.909],[25.3175,58.9082],[25.3166,58.9072],[25.3169,58.9067],[25.3195,58.9058],[25.3195,58.9052],[25.3243,58.904],[25.3269,58.9025],[25.3269,58.9013],[25.3277,58.8998],[25.33,58.8992],[25.3288,58.8979],[25.3302,58.8975],[25.332,58.8963],[25.3319,58.8959],[25.3337,58.895],[25.3365,58.8941],[25.3385,58.8932],[25.3432,58.8933],[25.3444,58.8926],[25.3465,58.8927],[25.3487,58.8919],[25.3505,58.8916],[25.3522,58.8916],[25.3506,58.8914],[25.3487,58.8919]],[[25.2603,58.7202],[25.2576,58.7205],[25.2571,58.7208],[25.2559,58.7215],[25.2537,58.7208],[25.2512,58.7204],[25.2501,58.7212],[25.2506,58.7223],[25.2489,58.722],[25.2474,58.7223],[25.2461,58.7226],[25.2457,58.7236],[25.2466,58.7247],[25.2468,58.726],[25.2462,58.7273],[25.2445,58.7286],[25.2435,58.729],[25.2417,58.7302],[25.2404,58.732],[25.2387,58.7317],[25.237,58.7322],[25.2362,58.734],[25.2353,58.7344],[25.2341,58.734],[25.2336,58.7351],[25.2336,58.737],[25.2345,58.7384],[25.2358,58.7379],[25.2368,58.7382],[25.236,58.7389],[25.2377,58.7398],[25.2391,58.7398],[25.2424,58.7405],[25.2428,58.7412],[25.2451,58.7425],[25.2447,58.7432],[25.2484,58.7439],[25.2492,58.7448],[25.2484,58.7452],[25.2465,58.7446],[25.2452,58.7452],[25.2459,58.7452],[25.2474,58.7459],[25.248,58.7471],[25.2494,58.7466],[25.2517,58.7481],[25.249,58.7485],[25.2487,58.7498],[25.2505,58.7498],[25.2524,58.7509],[25.2546,58.7516],[25.2554,58.7521],[25.2553,58.7526],[25.2547,58.7541],[25.257,58.754],[25.2576,58.7545],[25.2556,58.7569],[25.2564,58.7573],[25.2562,58.7582],[25.2574,58.7586],[25.259,58.7583],[25.2619,58.7589],[25.2631,58.76],[25.2652,58.7601],[25.2659,58.7613],[25.2675,58.7613],[25.2706,58.7624],[25.2698,58.7633],[25.27,58.7636],[25.2705,58.7643],[25.2693,58.7647],[25.2696,58.7654],[25.2688,58.766],[25.2689,58.7661],[25.2699,58.7663],[25.2689,58.7673],[25.2663,58.7681],[25.2655,58.7688],[25.2666,58.7702],[25.266,58.7712],[25.2661,58.772],[25.265,58.7735],[25.2657,58.7747],[25.2676,58.7754],[25.2696,58.7767],[25.2714,58.7772],[25.2716,58.7784],[25.2695,58.7805],[25.2678,58.7815],[25.2663,58.7813],[25.2658,58.7827],[25.2632,58.7826],[25.2632,58.7851],[25.2617,58.7858],[25.2599,58.7863],[25.2599,58.7869],[25.2587,58.7878],[25.257,58.7881],[25.2515,58.7899],[25.2518,58.7905],[25.25,58.7916],[25.2506,58.7921],[25.2492,58.7931],[25.2475,58.7933],[25.2485,58.795],[25.2462,58.795],[25.2455,58.7955],[25.2463,58.7969],[25.2479,58.7978],[25.2485,58.8],[25.2515,58.8013],[25.2537,58.8011],[25.2542,58.8016],[25.2535,58.8024],[25.2566,58.802],[25.258,58.8026],[25.2578,58.8038],[25.2594,58.8035],[25.2587,58.8028],[25.2644,58.8025],[25.2657,58.802],[25.2664,58.8017],[25.2666,58.802],[25.2666,58.8024],[25.2668,58.8029],[25.2691,58.8037],[25.2688,58.8051],[25.2696,58.8056],[25.2726,58.8064],[25.276,58.8061],[25.2782,58.8061],[25.2781,58.8068],[25.2798,58.807],[25.2807,58.8079],[25.2808,58.8092],[25.2817,58.8097],[25.2814,58.8108],[25.2815,58.8118],[25.2833,58.8118],[25.2845,58.8122],[25.2841,58.8131],[25.2855,58.8135],[25.2868,58.8127],[25.2901,58.8136],[25.2905,58.8143],[25.2941,58.8141],[25.2945,58.8148],[25.2957,58.8151],[25.2974,58.815],[25.2977,58.8164],[25.2993,58.8163],[25.3001,58.8169],[25.3002,58.8179],[25.3021,58.8175],[25.3034,58.8178],[25.3025,58.8189],[25.3048,58.819],[25.3038,58.8201],[25.3056,58.8203],[25.3041,58.8213],[25.3059,58.8218],[25.3054,58.8224],[25.3056,58.8238],[25.3083,58.8243],[25.3103,58.824],[25.3117,58.8236],[25.3133,58.8244],[25.3122,58.8249],[25.3126,58.8256],[25.3156,58.8261],[25.3163,58.8268],[25.3196,58.8272],[25.3219,58.8271],[25.3245,58.8276],[25.3246,58.8285],[25.3227,58.8284],[25.3232,58.8292],[25.3251,58.8295],[25.326,58.829],[25.3276,58.8291],[25.3303,58.8303],[25.3331,58.8304],[25.3342,58.83],[25.337,58.831],[25.3379,58.8316],[25.3402,58.8321],[25.3415,58.8316],[25.3445,58.8321],[25.3452,58.8329],[25.3444,58.8333],[25.3447,58.8342],[25.346,58.8346],[25.3472,58.8345],[25.3484,58.8351],[25.3457,58.8364],[25.3451,58.837],[25.3478,58.8387],[25.3484,58.8396],[25.3501,58.8408],[25.3504,58.8425],[25.3492,58.8433],[25.3504,58.8446],[25.3546,58.8463],[25.3545,58.847],[25.3558,58.8474],[25.3569,58.8486],[25.3561,58.85],[25.3575,58.8505],[25.3571,58.8516],[25.3621,58.8531],[25.3633,58.8522],[25.3646,58.852],[25.3661,58.8526],[25.3668,58.8516],[25.3693,58.8519],[25.3674,58.8532],[25.3679,58.8537],[25.3666,58.8545],[25.3674,58.8549],[25.3663,58.8557],[25.3682,58.8561],[25.368,58.8571],[25.3658,58.857],[25.3641,58.8575],[25.3633,58.8591],[25.3632,58.8592],[25.362,58.8595],[25.3617,58.861],[25.3606,58.8618],[25.3602,58.8628],[25.3617,58.8636],[25.3637,58.8641],[25.3624,58.8652],[25.3629,58.8662],[25.3618,58.8672],[25.3629,58.8679],[25.3646,58.8695],[25.3634,58.871],[25.3665,58.8718],[25.3687,58.872],[25.3677,58.8729],[25.3722,58.8736],[25.3731,58.8749],[25.3714,58.8754],[25.3729,58.8761],[25.3715,58.8764],[25.3713,58.8773],[25.3693,58.8785],[25.3695,58.8788],[25.3705,58.8791],[25.3722,58.8789],[25.3736,58.8795],[25.3729,58.8802],[25.3737,58.8809],[25.3728,58.8814],[25.3737,58.8816],[25.3748,58.8835],[25.3733,58.8844],[25.3715,58.8851],[25.3704,58.8852],[25.3687,58.8847],[25.368,58.8867],[25.3659,58.8873],[25.364,58.889],[25.3647,58.8899],[25.3643,58.8906],[25.3618,58.89],[25.3607,58.8906],[25.3597,58.8905],[25.3591,58.8897],[25.3576,58.8906],[25.3551,58.8914],[25.3556,58.8919],[25.3546,58.8924],[25.3533,58.8923],[25.3522,58.8916]],[[25.3545,58.847],[25.3546,58.8463]]]},"properties":{"name":"Lintsi jõgi"}},
{"type":"Feature","geometry":{"type":"MultiLineString","coordinates":[[[25.2204,59.0166],[25.2194,59.0162],[25.2106,59.017],[25.2085,59.0169],[25.1884,59.0139],[25.188,59.0138],[25.1878,59.0137],[25.1866,59.0135],[25.1725,59.0154],[25.1724,59.0155],[25.1647,59.0165],[25.161,59.0163],[25.1556,59.0186],[25.1399,59.0216],[25.1351,59.0239],[25.135,59.0239],[25.1257,59.0284],[25.1211,59.0318],[25.1213,59.0348],[25.1212,59.0349],[25.1144,59.0427],[25.1123,59.0449],[25.1123,59.045],[25.1123,59.0461],[25.1123,59.0462],[25.1109,59.0477],[25.11,59.0481],[25.108,59.0479],[25.107,59.0485],[25.1066,59.0494],[25.1048,59.0501],[25.1021,59.0517],[25.0955,59.0537],[25.0935,59.0548],[25.0952,59.056],[25.0931,59.0582],[25.0913,59.0589],[25.0918,59.0624],[25.0907,59.0636],[25.0868,59.0651],[25.0841,59.0656],[25.083,59.0661],[25.0812,59.0663],[25.0791,59.0659],[25.0758,59.0648],[25.0744,59.0648],[25.0721,59.0651],[25.0619,59.0637],[25.0604,59.0636],[25.0528,59.0636],[25.0505,59.0625],[25.0504,59.0613],[25.0496,59.0604],[25.0475,59.0601],[25.0458,59.0598],[25.0428,59.0599],[25.04,59.0593],[25.0365,59.0596],[25.0349,59.06],[25.0281,59.0629],[25.0233,59.0649],[25.0226,59.0653],[25.0209,59.0656],[25.0197,59.0662],[25.0176,59.0677],[25.0148,59.0688],[25.0101,59.0704],[25.0028,59.072],[25.001,59.0727],[24.9994,59.0729],[24.9809,59.0756],[24.9795,59.0763],[24.9758,59.0763],[24.9685,59.0776],[24.9641,59.0795],[24.9617,59.0815],[24.957,59.0835],[24.9495,59.0859],[24.9473,59.0865],[24.9453,59.0867],[24.9443,59.0874],[24.9397,59.0894],[24.9331,59.0922],[24.9278,59.0926],[24.9212,59.0968],[24.9187,59.0977],[24.9064,59.1011],[24.9041,59.1013],[24.8962,59.1028],[24.8933,59.1053],[24.8932,59.1053],[24.8908,59.1074],[24.8741,59.1178],[24.8683,59.1201],[24.8573,59.1278],[24.851,59.127],[24.848,59.1268],[24.8459,59.1248],[24.8439,59.1243],[24.8395,59.1217],[24.8406,59.1212],[24.8401,59.12],[24.8382,59.1194],[24.8366,59.1192],[24.8346,59.1171],[24.8334,59.1166],[24.8319,59.1151],[24.8324,59.1144],[24.833,59.1136],[24.8309,59.113],[24.8308,59.1122],[24.8291,59.1114],[24.8303,59.111],[24.8294,59.1103],[24.8275,59.1105],[24.8244,59.1098],[24.8249,59.109],[24.824,59.1077],[24.8222,59.1073],[24.8221,59.1057],[24.8215,59.1049],[24.8188,59.1043]],[[24.8324,59.1144],[24.833,59.1136]]]},"properties":{"name":"Atla jõgi"}},
{"type":"Feature","geometry":{"type":"MultiLineString","coordinates":[[[26.5089,58.43],[26.5004,58.4294],[26.4848,58.4284],[26.4677,58.4272],[26.4285,58.4299],[26.4283,58.4299],[26.4165,58.4308],[26.4057,58.4315],[26.4039,58.4317],[26.4011,58.433],[26.3999,58.4326],[26.3978,58.4333],[26.3957,58.4333],[26.395,58.4328],[26.3935,58.4334],[26.3919,58.4321],[26.3907,58.4315],[26.3889,58.4316],[26.3875,58.4308],[26.3852,58.4316],[26.3842,58.4327],[26.3828,58.4328],[26.3824,58.4339],[26.3833,58.4349],[26.3819,58.4353],[26.3817,58.4359],[26.3832,58.4369],[26.3826,58.4382],[26.3832,58.4391],[26.3827,58.4397],[26.382,58.4415],[26.3813,58.4422],[26.3772,58.4441],[26.3443,58.4601],[26.3435,58.4604],[26.3423,58.4616],[26.3436,58.4625],[26.3434,58.4639],[26.3426,58.4662],[26.3385,58.4687],[26.3369,58.4725],[26.337,58.4728],[26.3414,58.4759],[26.3431,58.4769],[26.3483,58.4786],[26.3482,58.4799],[26.352,58.4821],[26.3539,58.4872],[26.3598,58.4894],[26.3698,58.4887],[26.3731,58.4882],[26.377,58.4879],[26.3796,58.4887],[26.3813,58.4893],[26.3816,58.4894]],[[26.3848,58.4904],[26.391,58.4925],[26.3937,58.4921],[26.3963,58.4926],[26.3972,58.4933],[26.3975,58.4942],[26.3991,58.4944],[26.3999,58.4952],[26.4022,58.4965],[26.4076,58.4977],[26.4098,58.499],[26.4121,58.5008],[26.4131,58.5045],[26.4129,58.5054],[26.4117,58.5078],[26.4113,58.5105],[26.4098,58.5118],[26.4092,58.5138],[26.4106,58.5175],[26.4115,58.5186],[26.4145,58.5211],[26.4164,58.5225],[26.4234,58.527],[26.4255,58.5286],[26.4268,58.5294],[26.43,58.5303],[26.433,58.5306],[26.436,58.5323],[26.4403,58.5339],[26.4434,58.5357],[26.4447,58.5367],[26.4472,58.5372],[26.4479,58.538],[26.4503,58.5386],[26.4592,58.5414],[26.4593,58.5414],[26.4614,58.5422],[26.4666,58.5448],[26.4752,58.5492],[26.4775,58.5502],[26.4784,58.5511],[26.482,58.5512],[26.4833,58.5504],[26.4869,58.5501],[26.4897,58.5509],[26.4893,58.5519],[26.4916,58.5523],[26.4899,58.553],[26.4896,58.5536],[26.4917,58.554],[26.491,58.5548],[26.4914,58.5554],[26.4894,58.5567],[26.4893,58.5569],[26.4877,58.5574],[26.4884,58.5586],[26.4867,58.559],[26.4853,58.5605],[26.4861,58.5622],[26.4876,58.5624],[26.4867,58.5631],[26.4885,58.5638],[26.4896,58.5658],[26.4905,58.5669],[26.4917,58.5665],[26.4934,58.5684],[26.4931,58.5696],[26.4944,58.5713]],[[26.5027,58.5751],[26.5035,58.5764],[26.505,58.5773],[26.507,58.5779],[26.5084,58.5794],[26.5095,58.58],[26.509,58.5808],[26.5094,58.5819],[26.5114,58.5842],[26.5105,58.5848],[26.5108,58.5856],[26.5142,58.5863],[26.5158,58.5875],[26.5166,58.5876],[26.5187,58.5871],[26.5235,58.5892],[26.5233,58.59],[26.5243,58.5907],[26.5261,58.5911],[26.5276,58.592],[26.5274,58.593],[26.528,58.5936],[26.5279,58.5953],[26.5225,58.5983],[26.5204,58.5994],[26.5168,58.6031],[26.5168,58.6069],[26.5197,58.6083],[26.5201,58.6089],[26.5224,58.6096],[26.5261,58.6128],[26.5268,58.6132],[26.5289,58.6133],[26.5291,58.6137],[26.5318,58.6148],[26.532,58.6149],[26.533,58.6158],[26.5322,58.6169],[26.5356,58.6187],[26.5291,58.6244],[26.5195,58.6325],[26.5193,58.6326],[26.5163,58.638],[26.5187,58.6404],[26.5164,58.6441],[26.5021,58.6465],[26.4961,58.6464],[26.49,58.6463],[26.4863,58.6467],[26.4816,58.6485],[26.4796,58.6496],[26.4794,58.6497],[26.4729,58.6534],[26.4717,58.6547],[26.4718,58.656],[26.4729,58.6565],[26.473,58.6566],[26.4739,58.6571],[26.4731,58.6591],[26.4693,58.6614],[26.4692,58.6614],[26.4679,58.6632],[26.4682,58.6644],[26.467,58.6658],[26.4673,58.6665],[26.4663,58.6683],[26.4655,58.669],[26.4645,58.6706],[26.4609,58.6778],[26.4601,58.6789],[26.4588,58.6819],[26.4566,58.6836],[26.4553,58.6841],[26.4531,58.6856],[26.451,58.6865],[26.4508,58.6873],[26.4485,58.6878],[26.4467,58.6877],[26.4429,58.6881],[26.4423,58.6896]],[[26.3827,58.4397],[26.3939,58.4364],[26.4011,58.433]],[[26.4893,58.5569],[26.4894,58.5567]],[[26.3813,58.4893],[26.3796,58.4887]]]},"properties":{"name":"Laeva jõgi"}},
{"type":"Feature","geometry":{"type":"MultiLineString","coordinates":[[[27.1044,59.0215],[27.1016,59.0214],[27.0997,59.0219],[27.0982,59.021],[27.0966,59.0217],[27.0955,59.0214],[27.0939,59.0226],[27.0921,59.0224],[27.0917,59.0218],[27.0889,59.0226],[27.0891,59.0231],[27.0878,59.0245],[27.0885,59.0252],[27.0881,59.0265],[27.0851,59.0279],[27.0852,59.0286],[27.0872,59.029],[27.0866,59.0296],[27.0881,59.0301],[27.0885,59.0314],[27.0898,59.0322],[27.0878,59.0333],[27.0878,59.0345],[27.089,59.0364],[27.0883,59.0372],[27.0856,59.0382],[27.0853,59.0388],[27.084,59.0395],[27.0847,59.0401],[27.0838,59.041],[27.0811,59.0412],[27.0798,59.0423],[27.078,59.0429],[27.0777,59.044],[27.0769,59.0444],[27.0754,59.0442],[27.0748,59.0451],[27.0762,59.0456],[27.0743,59.0466],[27.0751,59.0476],[27.0734,59.048],[27.0732,59.0493],[27.0721,59.0497],[27.0723,59.0515],[27.0699,59.052],[27.0672,59.0531],[27.0639,59.0532],[27.0642,59.0538],[27.0655,59.0544],[27.0638,59.055],[27.0634,59.0558],[27.0588,59.0568],[27.0572,59.0578],[27.0581,59.0588],[27.0596,59.0594],[27.059,59.0602],[27.0595,59.0615],[27.0609,59.0612],[27.0629,59.0617],[27.0639,59.0633],[27.0668,59.0632],[27.0661,59.0639],[27.0669,59.0646],[27.0652,59.0648],[27.0655,59.0659],[27.0673,59.067],[27.0698,59.0667],[27.0707,59.0672],[27.0709,59.0681],[27.0725,59.069],[27.0743,59.069],[27.0732,59.07],[27.0743,59.0706],[27.0742,59.0719],[27.076,59.072],[27.0743,59.0735],[27.076,59.0734],[27.0764,59.0741],[27.0778,59.0751],[27.0777,59.0757],[27.0753,59.0759],[27.074,59.0763],[27.0751,59.0771],[27.0771,59.0773],[27.0769,59.0781],[27.0776,59.0794],[27.0787,59.08],[27.0775,59.0806],[27.0767,59.0816],[27.0777,59.0825],[27.0772,59.0829],[27.0733,59.0825],[27.0713,59.0828],[27.0702,59.0843],[27.0691,59.0842],[27.0675,59.0835],[27.0641,59.0837],[27.0638,59.0821],[27.0622,59.0824],[27.0598,59.0823],[27.0606,59.0831],[27.0585,59.0835],[27.0561,59.0827],[27.0532,59.0828],[27.0526,59.0835],[27.0508,59.083],[27.0502,59.0822],[27.0483,59.0825],[27.0466,59.082],[27.0428,59.084],[27.0432,59.0847],[27.0411,59.0848],[27.0417,59.0859],[27.0392,59.0857],[27.0388,59.0864],[27.0395,59.087],[27.0379,59.0877],[27.04,59.0886],[27.0398,59.0893],[27.0372,59.0896],[27.0377,59.0905],[27.0357,59.0915],[27.0361,59.093],[27.0346,59.0934],[27.0342,59.0942],[27.0318,59.0943],[27.0317,59.0954],[27.0302,59.0953],[27.0296,59.0961],[27.0282,59.0961],[27.0278,59.0965],[27.0286,59.0979],[27.0275,59.0983],[27.0249,59.0983],[27.0253,59.0992],[27.0237,59.1],[27.0259,59.1009],[27.0241,59.1018],[27.0236,59.1027],[27.0261,59.1038],[27.0248,59.1049],[27.0242,59.1066],[27.023,59.1065],[27.0223,59.1072],[27.0244,59.1078],[27.0243,59.1084],[27.0207,59.1092],[27.0215,59.1108],[27.0212,59.1111],[27.0217,59.1121],[27.02,59.1128],[27.0192,59.1126],[27.0138,59.1131],[27.0125,59.1135],[27.01,59.1135],[27.008,59.1143],[27.0064,59.1141],[27.0024,59.1142],[27.0022,59.1128],[26.9998,59.1129],[26.9977,59.1138],[26.9973,59.1153],[26.9977,59.1162],[26.9972,59.1177],[26.9994,59.118],[26.9979,59.1194],[26.9959,59.1199],[26.9956,59.1205],[26.9927,59.1204],[26.9914,59.1199],[26.9903,59.1189],[26.9907,59.1186],[26.988,59.1164],[26.985,59.116],[26.9848,59.1159],[26.9845,59.1154],[26.9824,59.1155],[26.98,59.1147],[26.9785,59.1146],[26.9785,59.1144],[26.9754,59.1148],[26.975,59.1138],[26.9713,59.1125],[26.9683,59.1125],[26.9668,59.1131],[26.9647,59.1122],[26.9639,59.1126],[26.9621,59.1126],[26.9604,59.1121],[26.9583,59.1129],[26.9576,59.1126],[26.9554,59.1125],[26.9511,59.1132],[26.9493,59.1121],[26.9453,59.1116],[26.9431,59.1111],[26.9414,59.1113],[26.9392,59.1123],[26.9349,59.1138],[26.9335,59.1159],[26.9286,59.1177],[26.9273,59.1202],[26.9277,59.1208],[26.9258,59.1211],[26.9216,59.1198],[26.918,59.1203],[26.9162,59.1199],[26.9151,59.1201],[26.913,59.122],[26.9132,59.1226],[26.9125,59.1234],[26.9121,59.1248],[26.907,59.1261],[26.9025,59.1257],[26.9012,59.126],[26.8946,59.1317],[26.8912,59.1327],[26.8814,59.1327],[26.8756,59.1318],[26.8696,59.1334],[26.86,59.1385],[26.8595,59.1391],[26.8584,59.1448],[26.8538,59.1473],[26.8537,59.1473],[26.8454,59.1518],[26.8313,59.1531],[26.8231,59.1556],[26.8211,59.1556],[26.8209,59.1556],[26.8174,59.1558],[26.8115,59.1595],[26.8053,59.1595],[26.7997,59.1586],[26.7996,59.1586],[26.7987,59.1584],[26.7945,59.1585],[26.7883,59.164],[26.7816,59.1644],[26.7753,59.1646]],[[26.9576,59.1126],[26.9583,59.1129]],[[26.9785,59.1144],[26.9785,59.1146]],[[26.9848,59.1159],[26.985,59.116]]]},"properties":{"name":"Tagajõgi"}},
{"type":"Feature","geometry":{"type":"MultiLineString","coordinates":[[[24.5915,58.3678],[24.5936,58.3667],[24.594,58.366],[24.5942,58.3638],[24.5951,58.363],[24.597,58.3623],[24.5999,58.3619],[24.6022,58.3611],[24.6044,58.36],[24.607,58.3592],[24.6086,58.358],[24.6123,58.3546],[24.6151,58.3541],[24.617,58.353],[24.6178,58.3519],[24.6176,58.3504],[24.6181,58.3483],[24.6187,58.347],[24.6187,58.3457],[24.6169,58.3428],[24.6151,58.3406],[24.6135,58.3393],[24.6124,58.3375],[24.6114,58.3364],[24.6115,58.3352],[24.6127,58.3339],[24.6126,58.3324],[24.6131,58.3293],[24.6129,58.3276],[24.6133,58.3262],[24.6146,58.3242],[24.6156,58.3217],[24.6153,58.3194],[24.6145,58.3179],[24.6123,58.3165],[24.6091,58.314],[24.6088,58.3131],[24.6103,58.3122],[24.612,58.3119],[24.6144,58.3107],[24.6153,58.3091],[24.6147,58.3074],[24.6153,58.3058],[24.6164,58.3044],[24.6163,58.3034],[24.6148,58.3016],[24.6146,58.3001],[24.6139,58.2992],[24.6118,58.2985],[24.6094,58.2975],[24.609,58.2968],[24.6095,58.2957],[24.6105,58.2954],[24.6129,58.2953],[24.6148,58.2948],[24.6174,58.2925],[24.6184,58.2909],[24.6203,58.2904],[24.6228,58.2891],[24.6232,58.2881],[24.6249,58.2866],[24.6278,58.2853],[24.6299,58.2837],[24.6322,58.2835],[24.6341,58.2842],[24.6375,58.2839],[24.6394,58.2834],[24.6386,58.2823],[24.6386,58.2816],[24.6408,58.2806],[24.6407,58.2798],[24.6386,58.2794],[24.6389,58.2784],[24.6413,58.2779],[24.641,58.2772],[24.6397,58.2763],[24.6415,58.2756],[24.6418,58.2749],[24.64,58.2742],[24.64,58.2736],[24.6425,58.2734],[24.6431,58.2721],[24.6414,58.2709],[24.6412,58.2703],[24.6446,58.2692],[24.6454,58.2683],[24.6472,58.2675],[24.6505,58.2665],[24.6514,58.2667],[24.6518,58.2677],[24.654,58.2677],[24.6556,58.2686],[24.6572,58.268],[24.6611,58.267],[24.6618,58.2665],[24.6606,58.2656],[24.6608,58.2649],[24.6625,58.2651],[24.6639,58.2647],[24.6652,58.2629],[24.6669,58.2629],[24.6686,58.2644],[24.6703,58.2644],[24.672,58.2634],[24.6734,58.263],[24.6764,58.265],[24.6787,58.2645],[24.6841,58.2646],[24.687,58.2627],[24.6877,58.2617],[24.6916,58.2601],[24.6928,58.2589],[24.6912,58.2584],[24.6912,58.2577],[24.6957,58.2575],[24.6962,58.257],[24.6954,58.2555],[24.6968,58.2545],[24.6968,58.2535],[24.6952,58.253],[24.6964,58.2521],[24.6969,58.25],[24.6963,58.2498],[24.697,58.2483],[24.6989,58.2486],[24.7005,58.2481],[24.7003,58.2475],[24.6985,58.2463],[24.7004,58.2445],[24.6996,58.2438],[24.697,58.2442],[24.6972,58.2433],[24.6949,58.2419],[24.6961,58.2419],[24.6963,58.2401],[24.6968,58.2396],[24.6953,58.2398],[24.6958,58.2387],[24.6966,58.2385],[24.6974,58.2379],[24.6986,58.2381],[24.7005,58.2374],[24.7011,58.2378],[24.7037,58.2372],[24.7049,58.2365],[24.7046,58.236],[24.7039,58.2354],[24.7005,58.235],[24.7007,58.2342],[24.7024,58.2336],[24.7028,58.2325],[24.7022,58.2321],[24.702,58.2303],[24.7028,58.229],[24.7044,58.229],[24.705,58.2279],[24.7077,58.2278],[24.7085,58.2262],[24.7063,58.2251],[24.7066,58.2241],[24.7085,58.2242],[24.7112,58.2238],[24.7126,58.2225],[24.711,58.2225],[24.71,58.222],[24.7116,58.2215],[24.7131,58.2206],[24.7152,58.22],[24.7152,58.2195],[24.7137,58.2188],[24.7153,58.2185],[24.716,58.2176],[24.7138,58.2166],[24.716,58.2153],[24.717,58.2144],[24.7178,58.2154],[24.7193,58.2156],[24.7204,58.2146],[24.7221,58.2137],[24.7227,58.2129],[24.7215,58.2124],[24.722,58.2118],[24.7245,58.2121],[24.7283,58.2102],[24.7289,58.2094],[24.728,58.2083],[24.7298,58.2082],[24.7315,58.2076],[24.7314,58.2066],[24.7287,58.205],[24.7321,58.2038],[24.7343,58.2026],[24.7354,58.2036],[24.7373,58.2036],[24.738,58.2026],[24.7396,58.2025],[24.7403,58.2012],[24.7417,58.2013],[24.743,58.2005],[24.7475,58.1995],[24.7487,58.1999],[24.7509,58.1996],[24.7519,58.1964],[24.7525,58.1957],[24.7568,58.196],[24.7574,58.1952],[24.7555,58.1947],[24.757,58.1941],[24.7588,58.1946],[24.7595,58.1935],[24.7629,58.1935],[24.7667,58.1934],[24.7681,58.1938],[24.7691,58.1934],[24.7703,58.194],[24.7726,58.1932],[24.7717,58.1924],[24.7724,58.1919],[24.7749,58.1926],[24.7755,58.1921],[24.7752,58.1912],[24.7762,58.191],[24.7779,58.1926],[24.7796,58.1926],[24.7797,58.1919],[24.7789,58.1906],[24.7801,58.1902],[24.7822,58.1905],[24.7852,58.1897],[24.7865,58.1906],[24.7882,58.1903],[24.788,58.1894],[24.79,58.1869],[24.7923,58.1866],[24.7938,58.1853],[24.7953,58.1853],[24.796,58.1844],[24.7994,58.1854],[24.8004,58.1853],[24.7996,58.1841],[24.8009,58.1834],[24.8024,58.1842],[24.8034,58.184],[24.8047,58.1832],[24.8051,58.1818],[24.8061,58.1801],[24.8053,58.1793],[24.807,58.1792],[24.8055,58.1772],[24.8092,58.1769],[24.8105,58.1764],[24.8129,58.1767],[24.8114,58.1754],[24.8118,58.1744],[24.813,58.1744],[24.8143,58.1749],[24.8155,58.1762],[24.8166,58.176],[24.8154,58.1736],[24.8175,58.1735],[24.8189,58.1731],[24.8169,58.1722],[24.8193,58.1714],[24.8212,58.171],[24.8212,58.1706],[24.8184,58.1707],[24.8173,58.1699],[24.8206,58.1698],[24.8199,58.1686],[24.8177,58.1674],[24.8175,58.1653],[24.8195,58.1639],[24.8194,58.1633],[24.8177,58.1629],[24.8169,58.1624],[24.8171,58.1614],[24.8188,58.161],[24.8185,58.1599],[24.82,58.158],[24.8189,58.1573],[24.8187,58.1565],[24.8211,58.1562],[24.8235,58.1554],[24.8209,58.1541],[24.8241,58.1537],[24.8257,58.1557],[24.8278,58.1552],[24.8273,58.1547],[24.8302,58.1543],[24.8322,58.1533],[24.8327,58.1509],[24.8358,58.1503],[24.8369,58.1494],[24.8368,58.1484],[24.8347,58.148],[24.8347,58.1468],[24.8362,58.1463],[24.8368,58.1471],[24.8415,58.1464],[24.8413,58.1453],[24.8399,58.1454],[24.839,58.1446],[24.8396,58.144],[24.8421,58.143],[24.8431,58.1424],[24.8419,58.1418],[24.84,58.142],[24.8396,58.1415],[24.8424,58.1402],[24.8423,58.1389],[24.8405,58.1385],[24.8417,58.1377],[24.8398,58.1372],[24.8395,58.1357],[24.8378,58.1359],[24.8356,58.135],[24.8363,58.134],[24.8359,58.1333],[24.8337,58.1317],[24.8355,58.1314],[24.8347,58.1307],[24.8362,58.1281],[24.8342,58.1282],[24.8335,58.1274],[24.8345,58.1266],[24.834,58.1261],[24.8317,58.1257],[24.8298,58.1245],[24.8302,58.1235],[24.8319,58.1232],[24.8316,58.1223],[24.8302,58.1219],[24.8313,58.1204],[24.8327,58.1195],[24.8316,58.1185],[24.8336,58.1179],[24.8353,58.1172],[24.8358,58.1163],[24.834,58.1151],[24.8324,58.1146],[24.8326,58.1139],[24.831,58.1135],[24.831,58.113],[24.8326,58.1124],[24.83,58.1121],[24.83,58.1114],[24.8272,58.1111],[24.8277,58.1094],[24.8297,58.109],[24.8316,58.1083],[24.8312,58.1061],[24.8327,58.1063],[24.8335,58.1056],[24.8335,58.1046],[24.8323,58.1046],[24.8314,58.1038],[24.832,58.1032],[24.8338,58.1028],[24.8331,58.1013],[24.8321,58.1012],[24.8312,58.0992],[24.8334,58.0991],[24.8336,58.0987],[24.8356,58.0986],[24.8356,58.0979],[24.8367,58.0969],[24.8368,58.0961],[24.8355,58.0952],[24.8358,58.0937],[24.8342,58.0938],[24.834,58.0929],[24.8356,58.0925],[24.8357,58.0915],[24.8348,58.0905],[24.8343,58.0889],[24.833,58.0869],[24.8338,58.0852],[24.8337,58.0828],[24.835,58.0808],[24.8336,58.0794],[24.8322,58.0786],[24.833,58.0775],[24.8322,58.077],[24.8326,58.0755],[24.8317,58.0749],[24.8298,58.0753],[24.8278,58.074],[24.8279,58.0719],[24.8264,58.0707],[24.8255,58.069],[24.826,58.0655],[24.8245,58.0642],[24.8172,58.061],[24.8147,58.0591],[24.8147,58.0588],[24.8162,58.0559],[24.8161,58.0556],[24.8123,58.0506],[24.8114,58.0496],[24.8079,58.0472],[24.8012,58.0435],[24.8009,58.043],[24.8012,58.0403],[24.8006,58.0392],[24.8004,58.0391],[24.7948,58.0364],[24.7953,58.0344],[24.798,58.0329],[24.7994,58.0325],[24.7999,58.0318],[24.8006,58.0288],[24.7984,58.0269],[24.7975,58.0265],[24.7985,58.0254],[24.7954,58.0228],[24.7941,58.0224],[24.7933,58.0211],[24.7918,58.0193],[24.7917,58.0192],[24.7911,58.018],[24.7919,58.016],[24.7914,58.0149],[24.7913,58.0131],[24.7924,58.011],[24.7928,58.0092],[24.7922,58.0075],[24.7958,58.0047]],[[24.6966,58.2385],[24.6968,58.2396]]]},"properties":{"name":"Reiu jõgi"}},
{"type":"Feature","geometry":{"type":"MultiLineString","coordinates":[[[27.1585,57.6461],[27.1601,57.6449],[27.1602,57.6442],[27.1617,57.6428],[27.1602,57.641],[27.1596,57.6397],[27.1601,57.6389],[27.1586,57.638],[27.1585,57.638],[27.1559,57.6374],[27.1548,57.6354],[27.1563,57.6346],[27.1552,57.634],[27.1553,57.6333],[27.1564,57.6324],[27.1571,57.632],[27.1588,57.632],[27.161,57.6328],[27.1628,57.6318],[27.1616,57.6293],[27.1608,57.6286],[27.1613,57.6276],[27.1604,57.6253],[27.159,57.6253],[27.1584,57.6249],[27.1593,57.6233],[27.1605,57.6229],[27.1607,57.6228],[27.1618,57.622],[27.1628,57.618],[27.1525,57.6081],[27.1491,57.6076],[27.1444,57.6095],[27.1437,57.6103],[27.1403,57.6112],[27.1374,57.6123],[27.1328,57.6119],[27.131,57.6101],[27.1307,57.6099],[27.1292,57.6087],[27.128,57.6088],[27.1268,57.608],[27.1255,57.6075],[27.125,57.6069],[27.122,57.6065],[27.1206,57.6054],[27.1212,57.6044],[27.1217,57.6038],[27.1213,57.6038],[27.1217,57.6036],[27.1218,57.6036],[27.1216,57.6032],[27.1222,57.6025],[27.1225,57.6022],[27.1229,57.6019],[27.1231,57.6019],[27.1235,57.6015],[27.1231,57.6012],[27.123,57.6011],[27.1246,57.6004],[27.1245,57.5993],[27.1246,57.5991],[27.1264,57.5985],[27.1276,57.5971],[27.1287,57.5967],[27.1275,57.5954],[27.1257,57.5941],[27.1243,57.5941],[27.1228,57.5934],[27.1223,57.593],[27.1193,57.591],[27.1144,57.5906],[27.1136,57.5899],[27.1116,57.5895],[27.11,57.5894],[27.1095,57.5889],[27.1073,57.5889],[27.1058,57.5903],[27.104,57.5902],[27.1001,57.5905],[27.0979,57.5912],[27.0966,57.592],[27.0952,57.591],[27.0969,57.59],[27.0967,57.5892]],[[27.1217,57.6036],[27.1216,57.6032]],[[27.1229,57.6019],[27.123,57.6017],[27.1231,57.6019]],[[27.1228,57.5934],[27.1223,57.593]],[[27.1235,57.6015],[27.1233,57.6015],[27.1232,57.6015],[27.123,57.6011]],[[27.1217,57.6038],[27.1218,57.6036]],[[27.1222,57.6025],[27.1225,57.6022]],[[27.123,57.6017],[27.1233,57.6015]],[[27.1232,57.6015],[27.1231,57.6012]]]},"properties":{"name":"Kuura jõgi"}},
{"type":"Feature","geometry":{"type":"MultiLineString","coordinates":[[[27.2427,57.6756],[27.243,57.6754],[27.2479,57.6749],[27.2464,57.6721],[27.2463,57.672],[27.2444,57.6695],[27.2427,57.6684],[27.243,57.6667],[27.2437,57.6661],[27.2474,57.665],[27.2472,57.6636],[27.2466,57.6607],[27.2458,57.6584],[27.2461,57.6561],[27.2462,57.6559],[27.2435,57.6542],[27.2441,57.6513],[27.2417,57.649],[27.2416,57.6471],[27.2418,57.6453],[27.2444,57.6425],[27.2429,57.6404],[27.239,57.6396],[27.2307,57.6373],[27.2322,57.6334],[27.2338,57.6326],[27.2352,57.6312],[27.2398,57.6281],[27.2409,57.6274],[27.2423,57.6255],[27.2439,57.6232],[27.2437,57.6217],[27.2449,57.6201],[27.2454,57.6191],[27.2442,57.6176],[27.2443,57.6169],[27.2449,57.6159],[27.2468,57.6153],[27.2473,57.6144],[27.2514,57.6134],[27.2545,57.6118],[27.2561,57.6105],[27.2564,57.6103],[27.2564,57.6092],[27.2575,57.6083],[27.2572,57.608],[27.2581,57.6069],[27.2565,57.6054],[27.2566,57.6037],[27.2576,57.6024],[27.2584,57.6026],[27.2611,57.6023],[27.2629,57.6019],[27.2649,57.6025],[27.2654,57.6022],[27.2685,57.602],[27.2691,57.6027],[27.2704,57.6028],[27.2722,57.6031],[27.2752,57.6018],[27.2749,57.6013],[27.2766,57.6008],[27.2757,57.6],[27.2752,57.5989],[27.2762,57.5985],[27.2747,57.5972],[27.2745,57.5963],[27.2737,57.5958],[27.2759,57.594],[27.2753,57.5929],[27.2732,57.5916],[27.2724,57.5906],[27.2726,57.5893],[27.273,57.5886],[27.2751,57.5876],[27.2757,57.5872],[27.2764,57.5842],[27.2783,57.5802],[27.2778,57.5785],[27.2775,57.5758],[27.2781,57.5748],[27.2809,57.5743],[27.2889,57.5737],[27.2928,57.5747],[27.2983,57.575],[27.3012,57.5741],[27.3046,57.5724],[27.3075,57.5719],[27.3102,57.5717],[27.3122,57.5711],[27.3142,57.5708],[27.3171,57.5717],[27.3201,57.571],[27.3223,57.5708],[27.3243,57.572],[27.3257,57.5723],[27.3258,57.5723],[27.3259,57.5723]],[[27.3435,57.5429],[27.3433,57.543]]]},"properties":{"name":"Pedetsi jõgi"}},
{"type":"Feature","geometry":{"type":"MultiLineString","coordinates":[[[26.766,58.2239],[26.765,58.2245],[26.7628,58.2251],[26.7598,58.2252],[26.7586,58.2269],[26.7572,58.2274],[26.7585,58.2287],[26.7579,58.2295],[26.7578,58.2296],[26.7569,58.2298],[26.7574,58.231],[26.7561,58.2316],[26.754,58.2319],[26.7548,58.2331],[26.7567,58.2336],[26.7573,58.2346],[26.7591,58.2351],[26.7584,58.2362],[26.7575,58.2365],[26.7587,58.2366],[26.7608,58.2378],[26.7622,58.2398],[26.761,58.2403],[26.7621,58.2414],[26.7617,58.242],[26.7598,58.2425],[26.7577,58.2437],[26.7589,58.2446],[26.7584,58.2458],[26.7586,58.246],[26.7596,58.2476],[26.7579,58.248],[26.7594,58.2488],[26.7584,58.2492],[26.7589,58.2504],[26.7587,58.2518],[26.7612,58.2531],[26.7601,58.2539],[26.7598,58.2547],[26.7609,58.255],[26.758,58.2562],[26.7582,58.257],[26.7563,58.2571],[26.7545,58.2586],[26.7543,58.2599],[26.7518,58.2605],[26.7518,58.2613],[26.7502,58.2611],[26.7493,58.2614],[26.7496,58.2623],[26.7479,58.2624],[26.7469,58.2629],[26.7457,58.2639],[26.7438,58.2641],[26.7448,58.2649],[26.7446,58.2662],[26.742,58.2665],[26.7418,58.2679],[26.7422,58.2686],[26.7444,58.2695],[26.7445,58.2705],[26.7428,58.2711],[26.7417,58.2719],[26.7424,58.2743],[26.7406,58.2758],[26.7392,58.2765],[26.7397,58.2785],[26.7393,58.2796],[26.7406,58.2818],[26.7394,58.2838],[26.7393,58.2847],[26.7373,58.2853],[26.7351,58.2865],[26.7315,58.2905],[26.7296,58.294],[26.7282,58.2972],[26.7275,58.3018],[26.7261,58.3029],[26.7257,58.304],[26.7263,58.3047],[26.73,58.3053],[26.7326,58.3075],[26.7342,58.3131],[26.7348,58.3142],[26.7359,58.3151],[26.7375,58.321],[26.7331,58.3258],[26.7328,58.3264],[26.7331,58.3294],[26.7335,58.3302],[26.7377,58.3355],[26.7395,58.3361],[26.7497,58.3376],[26.7523,58.3389],[26.7535,58.3393],[26.7553,58.3392],[26.7587,58.3384],[26.7634,58.3389],[26.7647,58.3394],[26.7653,58.3408],[26.7699,58.3423]],[[26.8186,58.1807],[26.8186,58.1808],[26.8174,58.1815],[26.8152,58.1843],[26.8132,58.1845],[26.8116,58.1857],[26.8106,58.1857],[26.8099,58.1864],[26.8101,58.1888],[26.8086,58.1896],[26.8074,58.1899],[26.8077,58.1906],[26.8076,58.1907],[26.8061,58.1917],[26.806,58.1923],[26.8057,58.1924],[26.8058,58.1928],[26.8061,58.1929],[26.8063,58.193],[26.8056,58.1939],[26.8032,58.1945],[26.8018,58.1941],[26.8014,58.1949],[26.8,58.1953],[26.7978,58.1971],[26.7975,58.1973],[26.7977,58.1973],[26.7973,58.1975],[26.7961,58.1992],[26.7964,58.2001],[26.7951,58.2014],[26.7924,58.2015],[26.7915,58.2009],[26.7883,58.2022],[26.7859,58.2042],[26.786,58.2062],[26.785,58.2069],[26.785,58.2075],[26.787,58.2083],[26.7855,58.2094],[26.784,58.2097],[26.7832,58.2107],[26.7831,58.2108],[26.782,58.2111],[26.7817,58.2113],[26.7801,58.2118],[26.7773,58.2111],[26.7754,58.2114],[26.7755,58.2122],[26.7743,58.2123],[26.7735,58.213],[26.7716,58.2138],[26.7706,58.2154],[26.7708,58.2158],[26.7706,58.2161],[26.7712,58.2185],[26.7706,58.2195],[26.7679,58.2197],[26.7662,58.2196],[26.7646,58.2204],[26.7643,58.2213]],[[26.8208,58.1787],[26.8243,58.1787],[26.8256,58.1782],[26.8263,58.1774],[26.8283,58.1772],[26.8295,58.1761],[26.8282,58.1758],[26.827,58.1756],[26.8263,58.1746],[26.8278,58.1716],[26.8279,58.1703],[26.8266,58.17],[26.825,58.1687],[26.8242,58.1675],[26.8232,58.167],[26.8234,58.1663],[26.8221,58.1648],[26.8224,58.164],[26.8222,58.1638],[26.8211,58.1625],[26.8213,58.1616],[26.8203,58.1614],[26.821,58.1589],[26.822,58.1575],[26.821,58.157],[26.8225,58.1554],[26.8235,58.1549]],[[26.8236,58.1548],[26.8237,58.153],[26.8234,58.1518],[26.8244,58.1505],[26.8236,58.1496],[26.8239,58.1486],[26.8233,58.1476],[26.8242,58.147],[26.8243,58.1457],[26.8231,58.1449],[26.8211,58.1433],[26.8207,58.1426],[26.8207,58.1424],[26.8205,58.1419],[26.8203,58.141],[26.8201,58.1408],[26.8199,58.14],[26.8197,58.1399],[26.8189,58.1391],[26.8184,58.1373],[26.8176,58.1357],[26.8153,58.1355],[26.8139,58.1351],[26.8133,58.1341],[26.8128,58.1337],[26.8119,58.1335],[26.8116,58.1316],[26.8136,58.1304],[26.8137,58.1291],[26.8109,58.1289],[26.8099,58.1284],[26.8077,58.1284],[26.8075,58.1275],[26.8052,58.1273],[26.8038,58.1285],[26.8004,58.1277],[26.7984,58.1282],[26.7992,58.1289],[26.7984,58.13],[26.797,58.1303],[26.7934,58.1301],[26.7883,58.1303],[26.7834,58.1288],[26.7829,58.1279],[26.7811,58.1277],[26.7788,58.1257],[26.7787,58.1256],[26.7797,58.1246],[26.7763,58.1236],[26.7743,58.1244],[26.7741,58.1244],[26.7733,58.1244],[26.7715,58.1228]],[[26.806,58.1923],[26.8059,58.1924],[26.806,58.1924],[26.8058,58.1928]],[[26.806,58.1924],[26.8063,58.1928],[26.8063,58.193]],[[26.7584,58.2458],[26.7586,58.246]],[[26.7978,58.1971],[26.7977,58.1973]],[[26.782,58.2111],[26.7817,58.2113]],[[26.8063,58.1928],[26.8061,58.1929]],[[26.7975,58.1973],[26.7973,58.1975]],[[26.8059,58.1924],[26.8057,58.1924]],[[26.7708,58.2158],[26.7706,58.2161]],[[26.8197,58.1399],[26.8199,58.14]],[[26.8201,58.1408],[26.8203,58.141]],[[26.8205,58.1419],[26.8207,58.1424]],[[26.8207,58.1424],[26.8207,58.1426]]]},"properties":{"name":"Porijõgi"}},
{"type":"Feature","geometry":{"type":"LineString","coordinates":[[24.3417,59.4256],[24.3444,59.4263],[24.3459,59.4272],[24.3464,59.4281],[24.3483,59.4298],[24.3485,59.4302],[24.3505,59.4307],[24.3522,59.4315],[24.3538,59.4318],[24.3574,59.4319],[24.3578,59.4331],[24.3592,59.4336],[24.3602,59.4333],[24.361,59.4319],[24.3627,59.4319],[24.3656,59.431],[24.3654,59.4286],[24.3634,59.4275],[24.3627,59.4265],[24.3631,59.4261],[24.3654,59.4269],[24.3668,59.4266],[24.3665,59.4259],[24.3649,59.4248],[24.3636,59.4243],[24.3638,59.4233],[24.3619,59.423],[24.3623,59.4223],[24.3618,59.4211],[24.3644,59.4219],[24.3645,59.4229],[24.3673,59.4234],[24.3685,59.4241],[24.3706,59.4242],[24.372,59.4223],[24.3718,59.4208],[24.3713,59.42],[24.37,59.4203],[24.3696,59.4194],[24.3688,59.4191],[24.3673,59.4172],[24.3654,59.4161],[24.365,59.4153],[24.3626,59.4138],[24.3613,59.4134],[24.3595,59.4138],[24.3587,59.4127],[24.3594,59.4117],[24.3613,59.4112],[24.3638,59.4109],[24.3656,59.4118],[24.3684,59.4109],[24.3688,59.4114],[24.3706,59.4114],[24.3728,59.4119],[24.3726,59.4129],[24.3744,59.4124],[24.3761,59.4126],[24.3764,59.4131],[24.3808,59.4145],[24.3804,59.4161],[24.3822,59.4159],[24.3821,59.4167],[24.3834,59.4169],[24.3877,59.4156],[24.386,59.4147],[24.387,59.4144],[24.3895,59.4149],[24.3934,59.4163],[24.3938,59.417],[24.3928,59.4176],[24.3932,59.4182],[24.3918,59.4187],[24.3939,59.4193],[24.3953,59.4189],[24.396,59.4173],[24.3977,59.4182],[24.3985,59.4174],[24.401,59.4171],[24.4011,59.4166],[24.3997,59.4158],[24.4017,59.4155],[24.4024,59.4149],[24.4041,59.4146],[24.4044,59.4139],[24.4079,59.4134],[24.4083,59.4127],[24.4125,59.4119],[24.4133,59.4104],[24.4148,59.4096],[24.4169,59.4058],[24.4155,59.4053],[24.4165,59.4048],[24.4152,59.4044],[24.4138,59.4031],[24.4148,59.4024],[24.4156,59.4032],[24.417,59.4028],[24.4175,59.404],[24.42,59.4036],[24.419,59.4026],[24.4197,59.4021],[24.4213,59.4028],[24.4238,59.4018],[24.4215,59.4011],[24.4233,59.3999],[24.4227,59.3981],[24.4234,59.3971],[24.4244,59.3967],[24.4269,59.398],[24.4301,59.398],[24.429,59.3971],[24.429,59.3964],[24.4309,59.3965],[24.4311,59.3947],[24.4319,59.3943],[24.4341,59.3948],[24.4349,59.3937],[24.4367,59.394],[24.4387,59.3947],[24.4404,59.3939],[24.4424,59.3935],[24.4427,59.3926],[24.4443,59.3925],[24.4459,59.3914],[24.4465,59.3908],[24.4454,59.3902],[24.4469,59.3895],[24.4455,59.3863],[24.4461,59.3853],[24.449,59.3849],[24.4499,59.3859],[24.4531,59.3865],[24.4556,59.3847],[24.4577,59.3836],[24.4585,59.3836],[24.4599,59.3826],[24.4612,59.3835],[24.4622,59.3838],[24.4631,59.3833],[24.4623,59.3821],[24.4643,59.3819],[24.4664,59.381],[24.4671,59.3801],[24.4663,59.3797],[24.4662,59.3789],[24.4682,59.378],[24.4703,59.3766],[24.4716,59.3757],[24.4743,59.3752],[24.4762,59.3752],[24.4781,59.3756],[24.4798,59.375],[24.481,59.3751],[24.4824,59.3743],[24.4845,59.3736],[24.4868,59.3743],[24.4887,59.3751],[24.4909,59.3755],[24.4914,59.377],[24.4906,59.3779],[24.492,59.3792],[24.4937,59.3797],[24.4943,59.3803],[24.4975,59.3814],[24.5038,59.3828],[24.5045,59.3843],[24.5086,59.385],[24.5106,59.3868],[24.5123,59.387],[24.5148,59.387],[24.5165,59.3858],[24.5176,59.3853],[24.5184,59.3853],[24.5199,59.3851],[24.5212,59.3841],[24.5216,59.383],[24.5243,59.3827],[24.525,59.381],[24.5284,59.3803],[24.5296,59.3794],[24.5314,59.379],[24.5334,59.3793],[24.5324,59.3799],[24.5361,59.3801],[24.539,59.3797],[24.541,59.3789],[24.5407,59.3781],[24.5419,59.3766],[24.542,59.3751],[24.5445,59.3744],[24.5456,59.3744],[24.5464,59.3737],[24.5459,59.3724],[24.5469,59.3719],[24.5487,59.3721],[24.5496,59.3712],[24.5519,59.3707],[24.5537,59.3712],[24.5534,59.3702],[24.5557,59.3695],[24.5545,59.3685],[24.5566,59.368],[24.5601,59.3683],[24.5614,59.3682],[24.5633,59.3688],[24.5643,59.3672],[24.564,59.3659],[24.5658,59.3658],[24.5662,59.3647],[24.5653,59.3638],[24.5668,59.3635],[24.5678,59.3618],[24.5666,59.3604],[24.5682,59.3597],[24.5673,59.3588],[24.5681,59.3576],[24.5703,59.3578],[24.5715,59.3571],[24.571,59.3559],[24.571,59.3558],[24.5724,59.354],[24.5711,59.3532],[24.5723,59.3523],[24.5728,59.3513],[24.572,59.3506],[24.5716,59.348],[24.5699,59.3468],[24.5705,59.3461],[24.5706,59.3445],[24.573,59.3423],[24.5749,59.3412],[24.5806,59.3409],[24.5816,59.3406],[24.5833,59.3391],[24.5833,59.338],[24.585,59.3377],[24.5878,59.3383],[24.5889,59.3376],[24.5901,59.336],[24.5917,59.3357],[24.5925,59.3353],[24.5929,59.3339],[24.594,59.3324],[24.5977,59.3308],[24.602,59.3303],[24.6038,59.3305],[24.6062,59.3299],[24.6082,59.3301],[24.609,59.3293],[24.6106,59.3285],[24.6139,59.3282],[24.6145,59.3279],[24.6142,59.3262],[24.6165,59.3259],[24.6184,59.3253],[24.6217,59.3253],[24.6224,59.3242],[24.6259,59.3235],[24.6267,59.3238],[24.629,59.3228],[24.6313,59.3229],[24.6341,59.3245],[24.6363,59.3244],[24.6368,59.3236],[24.6378,59.3233],[24.6428,59.3232],[24.6442,59.323],[24.6461,59.322],[24.6489,59.3201],[24.6506,59.3197],[24.6514,59.3192],[24.6558,59.3169],[24.6571,59.3168],[24.6575,59.3161],[24.6615,59.3137],[24.6623,59.3128],[24.6636,59.3117],[24.665,59.3104],[24.6652,59.3078],[24.6659,59.3067],[24.6665,59.3051],[24.6663,59.3033],[24.6669,59.3023],[24.6664,59.3004],[24.6681,59.2991],[24.6696,59.2988],[24.6706,59.2978],[24.6705,59.2968],[24.6715,59.2964],[24.6777,59.2952],[24.6942,59.2923],[24.6964,59.2918],[24.7029,59.2906],[24.7071,59.2898],[24.7096,59.2905],[24.7102,59.2905],[24.7121,59.2905],[24.715,59.2904],[24.7211,59.2903],[24.7272,59.2901],[24.7318,59.2909],[24.7343,59.2913],[24.736,59.292],[24.7379,59.2924],[24.7416,59.2936],[24.7427,59.2936],[24.7623,59.2921],[24.7665,59.2917],[24.7684,59.2921],[24.7762,59.2945],[24.786,59.2976],[24.7875,59.2971],[24.7903,59.2969],[24.7987,59.2954],[24.802,59.2942],[24.805,59.2934],[24.8067,59.2934],[24.8088,59.2926],[24.8104,59.2925],[24.8148,59.2904],[24.8187,59.29],[24.8339,59.2852],[24.8418,59.2827],[24.8444,59.2816],[24.8446,59.28],[24.838,59.2764],[24.8379,59.272],[24.8386,59.2704],[24.8395,59.2695],[24.8389,59.2676],[24.8386,59.2658],[24.838,59.2653],[24.8383,59.2642],[24.8383,59.2641],[24.8387,59.263],[24.8388,59.2628],[24.8397,59.2608],[24.8405,59.2595],[24.8401,59.2584],[24.8409,59.2577],[24.8422,59.2576],[24.843,59.2566],[24.8439,59.2566],[24.8461,59.2556],[24.8466,59.255],[24.8459,59.2542],[24.8447,59.2535],[24.8451,59.2529],[24.8435,59.2521],[24.8433,59.2521],[24.842,59.2512],[24.8423,59.2504],[24.8424,59.2504],[24.841,59.2498],[24.8405,59.2479],[24.8371,59.2475],[24.8343,59.2482],[24.8342,59.2483],[24.8327,59.2487],[24.8302,59.2481],[24.8283,59.2482],[24.8277,59.2478],[24.8246,59.2475],[24.8231,59.245],[24.8205,59.2443],[24.8194,59.2436],[24.817,59.2442],[24.8157,59.2437],[24.815,59.2443],[24.812,59.2437],[24.8104,59.244],[24.8095,59.2447],[24.8078,59.2442],[24.8029,59.2435]]},"properties":{"name":"Vääna jõgi"}},
{"type":"Feature","geometry":{"type":"LineString","coordinates":[[22.6722,58.5796],[22.6721,58.5787],[22.6712,58.5772],[22.6715,58.5765],[22.6702,58.5761],[22.6713,58.5739],[22.6706,58.5736],[22.6706,58.5717],[22.6724,58.5712],[22.6712,58.5698],[22.6721,58.569],[22.6725,58.5675],[22.6741,58.5666],[22.6746,58.5654],[22.6736,58.5634],[22.6717,58.5624],[22.6697,58.56],[22.6684,58.5588],[22.6692,58.5569],[22.6688,58.556],[22.669,58.5551],[22.6668,58.5531],[22.6643,58.5454],[22.6836,58.5268],[22.6841,58.5254],[22.6851,58.5253],[22.6878,58.5235],[22.6889,58.5225],[22.6906,58.5218],[22.6921,58.52],[22.6936,58.5196],[22.6949,58.5189],[22.6955,58.5174],[22.6946,58.5151],[22.6945,58.5141],[22.6971,58.5129],[22.6978,58.5121],[22.6983,58.5107],[22.6965,58.5081],[22.6937,58.5053],[22.6944,58.5041],[22.6935,58.5012],[22.6938,58.4987],[22.6925,58.4966],[22.6922,58.4941],[22.693,58.4928],[22.692,58.4916],[22.6922,58.4906],[22.6937,58.4895],[22.6926,58.4887],[22.6938,58.4879],[22.6934,58.4871],[22.6914,58.4864],[22.6896,58.4853],[22.6879,58.4838],[22.6889,58.4824],[22.6889,58.4823],[22.6877,58.481],[22.6853,58.4812],[22.6813,58.4803],[22.6793,58.4803],[22.6766,58.4796],[22.675,58.4789],[22.6716,58.4786],[22.6699,58.478],[22.6688,58.474],[22.6678,58.4733],[22.6653,58.4698],[22.6651,58.4693],[22.6632,58.4684],[22.6566,58.4659],[22.6545,58.4656],[22.6479,58.4643],[22.6341,58.4618],[22.6219,58.4595],[22.6191,58.4584],[22.619,58.4584],[22.6129,58.4549],[22.6128,58.4549],[22.6079,58.452],[22.6005,58.4479],[22.591,58.4441],[22.5892,58.4437],[22.5864,58.4438]]},"properties":{"name":"Leisi jõgi"}},
{"type":"Feature","geometry":{"type":"MultiLineString","coordinates":[[[22.4863,58.5853],[22.4868,58.5842],[22.4881,58.5837],[22.4902,58.5836],[22.4904,58.5836],[22.4903,58.5827],[22.4904,58.5827],[22.4919,58.5818],[22.4961,58.5796],[22.5034,58.5755],[22.506,58.5739],[22.5062,58.5732],[22.5096,58.5733],[22.5142,58.5687],[22.5132,58.5664],[22.5132,58.5653],[22.5147,58.562],[22.5173,58.5602],[22.5163,58.5575],[22.5157,58.5532],[22.5153,58.5514],[22.5166,58.5505],[22.5157,58.5493],[22.5144,58.5488],[22.5144,58.545],[22.5086,58.545],[22.5052,58.5441],[22.5042,58.5437],[22.5006,58.541],[22.4993,58.5408],[22.499,58.5408],[22.4964,58.5397],[22.4938,58.5377],[22.4931,58.5374],[22.488,58.5368],[22.4851,58.5354],[22.4835,58.535],[22.4784,58.5343],[22.4763,58.5342],[22.4746,58.5322],[22.4746,58.5321],[22.4743,58.5313],[22.4765,58.5272],[22.4766,58.5271],[22.4786,58.5247],[22.4801,58.5222],[22.4797,58.5221],[22.4758,58.5157],[22.4782,58.5135],[22.4682,58.5103],[22.4681,58.5102],[22.4629,58.5086],[22.4623,58.5083],[22.4625,58.5069],[22.4631,58.5062],[22.4633,58.5049],[22.4622,58.5034],[22.463,58.5028],[22.463,58.5014],[22.4642,58.5011],[22.4643,58.501],[22.4642,58.4995],[22.4651,58.4973],[22.4634,58.493],[22.4634,58.4929],[22.4583,58.4889],[22.458,58.4888],[22.4578,58.4887],[22.4566,58.4882],[22.4568,58.4865],[22.4562,58.4856],[22.4528,58.4837]],[[22.4919,58.5818],[22.4894,58.582],[22.4896,58.5828],[22.4881,58.5837]]]},"properties":{"name":"Punapea jõgi"}},
{"type":"Feature","geometry":{"type":"MultiLineString","coordinates":[[[22.2569,58.1662],[22.2536,58.1654],[22.2519,58.1654],[22.2479,58.166],[22.2463,58.1665],[22.243,58.1683],[22.2394,58.1697],[22.2387,58.171],[22.2385,58.1709],[22.2374,58.1708],[22.2332,58.1714],[22.2277,58.171],[22.2247,58.1692],[22.2232,58.1689],[22.2201,58.1677],[22.2153,58.1675],[22.2144,58.1676]],[[22.201,58.1606],[22.2006,58.1598],[22.2019,58.1593],[22.2027,58.1585]],[[22.2135,58.1676],[22.2122,58.1677],[22.2106,58.1673],[22.2065,58.1647],[22.2036,58.1632],[22.2013,58.1627],[22.2009,58.1607]]]},"properties":{"name":"Salme jõgi"}},
{"type":"Feature","geometry":{"type":"LineString","coordinates":[[22.3791,58.2428],[22.3818,58.2424],[22.3828,58.2415],[22.3851,58.2402],[22.3853,58.2394],[22.3847,58.2367],[22.384,58.2355],[22.3819,58.2336],[22.3827,58.2316],[22.3828,58.2306],[22.3818,58.2294],[22.3827,58.228],[22.3829,58.2254],[22.3869,58.2245],[22.3879,58.2241],[22.3884,58.2232],[22.39,58.2222],[22.3914,58.2205],[22.3936,58.2188],[22.3948,58.2172]]},"properties":{"name":"Nasva jõgi"}},
{"type":"Feature","geometry":{"type":"MultiLineString","coordinates":[[[22.4617,58.2442],[22.4623,58.2452],[22.4631,58.2471],[22.4648,58.2486],[22.4697,58.2547],[22.471,58.2571],[22.4735,58.2604],[22.4771,58.2632],[22.4773,58.2644],[22.4772,58.2649],[22.4792,58.2668],[22.4799,58.2678],[22.4809,58.2685],[22.4815,58.2698],[22.483,58.2707],[22.4834,58.2719],[22.4836,58.2737],[22.4848,58.2766],[22.4862,58.2782],[22.4891,58.2808],[22.4967,58.2849],[22.5018,58.2892],[22.5039,58.2931],[22.5087,58.2964],[22.5085,58.298],[22.5109,58.2998],[22.5113,58.3008],[22.5147,58.3042],[22.5167,58.3069],[22.5183,58.3081],[22.5224,58.3107],[22.5267,58.3119],[22.5306,58.3123],[22.5353,58.3131],[22.5365,58.3153],[22.5354,58.3164],[22.5354,58.3176],[22.5339,58.3186],[22.5338,58.3192],[22.535,58.3198],[22.5337,58.3213],[22.5302,58.324],[22.5285,58.3256],[22.5279,58.3266],[22.5297,58.3279],[22.5296,58.3288],[22.5285,58.3297],[22.5299,58.3304],[22.5296,58.331],[22.5268,58.332],[22.5261,58.3331],[22.526,58.3332],[22.525,58.3344],[22.5256,58.3356],[22.5281,58.3369],[22.5282,58.3382],[22.5306,58.3406],[22.5299,58.3416],[22.5277,58.3429],[22.5274,58.3439],[22.5259,58.3451],[22.5259,58.3459],[22.5259,58.346],[22.5189,58.348],[22.5167,58.3479],[22.5159,58.3483],[22.5165,58.35],[22.5161,58.3507],[22.5144,58.3523],[22.514,58.3533],[22.5154,58.3538],[22.5148,58.355],[22.5153,58.3558],[22.5134,58.3563],[22.5134,58.3569],[22.5122,58.3586],[22.5113,58.361],[22.5121,58.3615],[22.5127,58.3627],[22.5127,58.3628],[22.5144,58.3631],[22.5161,58.3648],[22.5155,58.3656],[22.5142,58.3657],[22.5126,58.3665],[22.5129,58.3673],[22.5124,58.368],[22.5106,58.3685],[22.5099,58.369],[22.5073,58.3702],[22.5044,58.3706],[22.5029,58.3717],[22.5032,58.3724],[22.5018,58.3731],[22.4979,58.374],[22.4969,58.3744],[22.4949,58.3759],[22.4927,58.3766],[22.4926,58.3766],[22.4838,58.3796],[22.4836,58.3796],[22.4725,58.3839],[22.4713,58.3863],[22.4706,58.3892],[22.4707,58.3896],[22.4682,58.3911],[22.4667,58.3917],[22.4671,58.3925],[22.467,58.3926],[22.4669,58.3953],[22.4646,58.4013],[22.4641,58.4044],[22.4649,58.4051],[22.4718,58.4091],[22.4719,58.4092],[22.4759,58.4143],[22.4759,58.4144],[22.4748,58.4199],[22.4748,58.42],[22.4737,58.4252],[22.4737,58.4253],[22.473,58.4288],[22.4728,58.4291],[22.4727,58.4293],[22.4636,58.4399],[22.4635,58.44],[22.4623,58.4414],[22.4586,58.4423],[22.4574,58.4455],[22.4592,58.448],[22.4657,58.4568],[22.4656,58.4575],[22.4655,58.4576],[22.4652,58.459],[22.4549,58.4649],[22.4548,58.465],[22.4518,58.4665]],[[22.4772,58.2649],[22.4773,58.2644]]]},"properties":{"name":"Põduste jõgi"}},
{"type":"Feature","geometry":{"type":"MultiLineString","coordinates":[[[22.4668,58.2465],[22.4648,58.2486]],[[22.4682,58.245],[22.4669,58.2463]]]},"properties":{"name":"Tori jõgi"}},
{"type":"Feature","geometry":{"type":"LineString","coordinates":[[22.7531,58.5754],[22.7529,58.5749],[22.7551,58.5723],[22.7571,58.5715],[22.759,58.5712],[22.7615,58.5711],[22.7628,58.5706],[22.7688,58.5714],[22.77,58.5711],[22.7762,58.5716],[22.7811,58.5747],[22.7878,58.5782],[22.7971,58.5792],[22.7983,58.5793],[22.8007,58.5786],[22.801,58.5776],[22.8032,58.5761],[22.8069,58.575],[22.808,58.5739],[22.808,58.5674],[22.809,58.5666],[22.8162,58.5654],[22.8194,58.5644],[22.8275,58.5497],[22.8276,58.5496],[22.8292,58.5466],[22.8393,58.5409],[22.8396,58.5392],[22.8371,58.5363],[22.839,58.5304],[22.8414,58.5239],[22.8423,58.5209],[22.8451,58.5204],[22.8453,58.5199],[22.8412,58.516],[22.8411,58.5159],[22.84,58.5149],[22.8386,58.5127],[22.8387,58.5111],[22.837,58.5095],[22.8361,58.5092],[22.8356,58.5079],[22.8359,58.507],[22.845,58.5025],[22.8457,58.5023],[22.8478,58.502],[22.85,58.5019],[22.8516,58.5023],[22.8537,58.5031],[22.856,58.5031],[22.8562,58.5013],[22.8566,58.5002]]},"properties":{"name":"Võlupe jõgi"}},
{"type":"Feature","geometry":{"type":"LineString","coordinates":[[22.9573,58.8462],[22.9563,58.8474],[22.9544,58.8485],[22.9479,58.8525],[22.9436,58.8543],[22.9432,58.8561],[22.9436,58.8568],[22.9428,58.8576],[22.9406,58.8583],[22.9414,58.8591],[22.9402,58.86],[22.9391,58.86],[22.9393,58.8611],[22.9377,58.8618],[22.9379,58.8629],[22.9391,58.8636],[22.9379,58.865],[22.938,58.866],[22.9374,58.8674],[22.9375,58.8694],[22.9362,58.871],[22.9347,58.8712],[22.9329,58.8723],[22.9325,58.8729],[22.9317,58.8756],[22.9314,58.8773],[22.9306,58.8777],[22.93,58.8789],[22.9272,58.8799],[22.9251,58.8801],[22.9228,58.8807],[22.9214,58.8814],[22.9192,58.8815],[22.9185,58.882],[22.9166,58.8826],[22.9151,58.8826],[22.9147,58.8842],[22.9147,58.8843],[22.9138,58.8858],[22.91,58.8877],[22.9086,58.889],[22.9057,58.8903],[22.9052,58.8909],[22.9005,58.893],[22.9002,58.8931],[22.8968,58.8947],[22.8929,58.8962],[22.8914,58.8975],[22.8928,58.9007],[22.8944,58.904],[22.8878,58.9108],[22.8877,58.9109],[22.8839,58.9151],[22.8769,58.9222],[22.8769,58.9223],[22.8718,58.9275],[22.8581,58.9262],[22.8579,58.9262],[22.851,58.9256],[22.8509,58.9257],[22.8489,58.9316],[22.8459,58.9374],[22.8459,58.9375],[22.8436,58.9432],[22.8398,58.9429],[22.8395,58.9429],[22.8334,58.9444]]},"properties":{"name":"Suuremõisa jõgi"}},
{"type":"Feature","geometry":{"type":"MultiLineString","coordinates":[[[25.2568,59.0168],[25.2587,59.0162],[25.2578,59.0153],[25.2579,59.0145],[25.2612,59.0126],[25.2611,59.0107],[25.2604,59.0099],[25.2615,59.009],[25.2646,59.0069],[25.2624,59.0061],[25.2655,59.0041],[25.2608,59.0024],[25.2599,59.0016],[25.2598,59.0015],[25.2591,59.0008],[25.2542,58.998],[25.2494,58.9966],[25.2428,58.9933],[25.2444,58.9902],[25.2465,58.9864],[25.2467,58.9841],[25.2464,58.9835],[25.2421,58.981],[25.2399,58.9804],[25.2373,58.9779],[25.2359,58.9758],[25.2358,58.9756],[25.2351,58.9738],[25.235,58.9714],[25.2324,58.969],[25.2341,58.968],[25.2364,58.9662],[25.2365,58.9655],[25.2419,58.9635],[25.2452,58.962],[25.2484,58.9601],[25.2515,58.9573],[25.2515,58.9572],[25.2544,58.9553],[25.2544,58.9545],[25.252,58.9516],[25.2522,58.9508],[25.2516,58.95],[25.2526,58.9491],[25.2526,58.949],[25.2519,58.9476],[25.2497,58.9444],[25.2482,58.9433],[25.2485,58.9418],[25.2494,58.9409],[25.2488,58.9398],[25.2451,58.9378],[25.2434,58.9372],[25.2424,58.9364],[25.2424,58.9354],[25.2425,58.9352],[25.2447,58.9336],[25.2451,58.9303],[25.2465,58.9279],[25.2419,58.9222],[25.241,58.922],[25.2371,58.92],[25.237,58.92],[25.2334,58.9185],[25.232,58.917],[25.232,58.916],[25.2303,58.9143],[25.2293,58.9135],[25.2304,58.9123],[25.234,58.9107],[25.2337,58.9073],[25.2311,58.9052],[25.2314,58.9046],[25.2258,58.9021],[25.2245,58.8998],[25.2296,58.8975],[25.2292,58.8966],[25.2266,58.8961],[25.2256,58.8953],[25.2231,58.8947],[25.2249,58.8941],[25.2252,58.8927],[25.2245,58.8919],[25.2231,58.8918],[25.2188,58.89],[25.2128,58.8902],[25.2119,58.8898],[25.2118,58.8898],[25.2109,58.8887],[25.2112,58.888],[25.2093,58.8871],[25.2088,58.8864],[25.2063,58.8869],[25.204,58.8862],[25.2033,58.8855],[25.2022,58.8858],[25.2016,58.8848],[25.2002,58.8844],[25.2007,58.8832],[25.1996,58.8821],[25.1986,58.8822],[25.1964,58.8821],[25.1957,58.881],[25.1946,58.8805],[25.194,58.8788],[25.1928,58.8782],[25.1937,58.8773],[25.193,58.8766],[25.194,58.8758],[25.191,58.8751],[25.1902,58.874],[25.1887,58.8736],[25.1884,58.8728],[25.1867,58.8724],[25.1865,58.8703],[25.1853,58.8683],[25.1832,58.8675],[25.182,58.8665],[25.1834,58.8655],[25.1832,58.865],[25.1812,58.8652],[25.1804,58.8658],[25.1793,58.8649],[25.1773,58.8644],[25.1767,58.8636],[25.1768,58.8627],[25.1755,58.8608],[25.1739,58.8604],[25.1743,58.8597],[25.1736,58.8591],[25.1691,58.859],[25.1683,58.8584],[25.1687,58.857],[25.1698,58.8561],[25.1682,58.8556],[25.1685,58.8543],[25.1669,58.8541],[25.1671,58.8534],[25.1648,58.8519],[25.1635,58.8501],[25.1602,58.8501],[25.1595,58.8489],[25.1577,58.8476],[25.1576,58.8467],[25.1558,58.8466],[25.1551,58.8455],[25.1552,58.8438],[25.1538,58.8428],[25.1524,58.8426],[25.1507,58.843],[25.1499,58.842],[25.1466,58.841],[25.1469,58.8401],[25.1444,58.8399],[25.1448,58.8388],[25.1438,58.8381],[25.1423,58.8381],[25.141,58.837],[25.1394,58.8366],[25.1371,58.8361],[25.138,58.8351],[25.1372,58.8346],[25.1363,58.8339],[25.1363,58.8329],[25.138,58.8323],[25.1393,58.8305],[25.139,58.8299],[25.1375,58.8293],[25.1383,58.8286],[25.1371,58.8269],[25.1377,58.8262],[25.1389,58.8261],[25.1404,58.8249],[25.1392,58.8226],[25.138,58.8218],[25.1381,58.8205],[25.1373,58.82],[25.1361,58.8192],[25.1358,58.8179],[25.1341,58.8181],[25.133,58.8171],[25.131,58.8163],[25.1298,58.8145],[25.1268,58.8144],[25.1283,58.8129],[25.1273,58.8126],[25.1254,58.813],[25.1244,58.8112],[25.1222,58.8104],[25.1194,58.809],[25.1191,58.8083],[25.1198,58.8073],[25.1177,58.8057],[25.1156,58.8029],[25.1154,58.8023],[25.1163,58.8009],[25.1156,58.8003],[25.1155,58.8002],[25.1142,58.7991],[25.115,58.7981],[25.1146,58.7966],[25.1152,58.7959],[25.1147,58.7947],[25.1159,58.7922],[25.1147,58.7896],[25.1127,58.788],[25.1132,58.7864],[25.1127,58.7854],[25.1111,58.7844],[25.1108,58.7836],[25.1117,58.7826],[25.1102,58.7821],[25.1094,58.7811],[25.1091,58.7788],[25.1096,58.7785],[25.1099,58.7778],[25.1102,58.7773],[25.1102,58.777],[25.1103,58.7768],[25.1106,58.7758],[25.1109,58.7749],[25.1114,58.7746],[25.1111,58.7719],[25.1137,58.7696],[25.1151,58.7683],[25.1152,58.7682],[25.1169,58.7666],[25.1168,58.7664],[25.1167,58.7651],[25.1167,58.7632],[25.1167,58.763],[25.1163,58.7603],[25.116,58.758],[25.1143,58.7573],[25.1133,58.7563],[25.1138,58.7554],[25.1132,58.7542],[25.112,58.7532],[25.1104,58.7524],[25.1093,58.752],[25.1056,58.7506],[25.1055,58.7499],[25.1062,58.7491],[25.106,58.7483],[25.1032,58.747],[25.1021,58.7458],[25.1016,58.7441],[25.1014,58.7421],[25.1013,58.7404],[25.1011,58.7389],[25.1015,58.7352],[25.1012,58.7339],[25.1013,58.7317],[25.102,58.7307],[25.1031,58.7291],[25.1029,58.7284],[25.1036,58.727],[25.1036,58.7259],[25.099,58.7229],[25.098,58.7225],[25.0978,58.7211],[25.097,58.7206],[25.0973,58.7199],[25.0958,58.7181],[25.0943,58.7173],[25.094,58.7163],[25.092,58.7155],[25.0907,58.7146],[25.0909,58.713],[25.0895,58.712],[25.0896,58.7103],[25.0909,58.7094],[25.0919,58.7082],[25.0919,58.7072],[25.0933,58.7058],[25.0922,58.7053],[25.0931,58.7047],[25.0938,58.7035],[25.0948,58.7031],[25.0977,58.7008],[25.0982,58.6999],[25.0997,58.6995],[25.1029,58.6972],[25.1009,58.696],[25.102,58.6953],[25.1034,58.6958],[25.1042,58.6954],[25.1034,58.6934],[25.1055,58.6926],[25.1066,58.6927],[25.1075,58.6925],[25.1092,58.6914],[25.1102,58.69],[25.1111,58.688],[25.1101,58.6871],[25.112,58.6864],[25.1134,58.6852],[25.115,58.6856],[25.1163,58.6843],[25.1162,58.6825],[25.1158,58.6816],[25.1164,58.6802],[25.1184,58.6787],[25.1189,58.677],[25.1201,58.6765],[25.1212,58.6761],[25.1204,58.675],[25.1216,58.6739],[25.1206,58.6724],[25.1212,58.6706],[25.1218,58.6695],[25.1199,58.6683],[25.1211,58.6669],[25.1202,58.6661],[25.1217,58.6652],[25.1223,58.6641],[25.1212,58.6628],[25.1219,58.6618],[25.1213,58.6609],[25.1191,58.661],[25.1182,58.6604],[25.1191,58.6597],[25.1176,58.6581],[25.1181,58.6563],[25.1177,58.6549],[25.1164,58.6541],[25.1172,58.6536],[25.1178,58.6523],[25.1152,58.6509],[25.1145,58.6501],[25.1132,58.6496],[25.1118,58.6504],[25.1103,58.6505],[25.1089,58.65],[25.1058,58.6496],[25.1052,58.6492],[25.1067,58.648],[25.1055,58.6471],[25.1053,58.6453],[25.106,58.6442],[25.1054,58.6431],[25.1062,58.6417],[25.108,58.641],[25.1078,58.6403],[25.1066,58.6397],[25.1075,58.6384],[25.1072,58.638],[25.1054,58.638],[25.1059,58.6366],[25.1055,58.6357],[25.1042,58.6351],[25.1023,58.632],[25.1021,58.6299],[25.1027,58.6293],[25.102,58.6285],[25.1027,58.6276],[25.1043,58.6276],[25.106,58.6272],[25.107,58.6266],[25.1063,58.6256],[25.1075,58.6238],[25.1091,58.624],[25.1094,58.6238],[25.1091,58.6229],[25.1065,58.622],[25.1065,58.6212],[25.1054,58.6209],[25.1054,58.619],[25.1042,58.618],[25.1047,58.6173],[25.1048,58.617]],[[25.1167,58.763],[25.1187,58.7629],[25.1196,58.7624],[25.1175,58.7615],[25.1183,58.7611],[25.1163,58.7603]],[[25.1151,58.7683],[25.1164,58.7685],[25.1167,58.7707],[25.1177,58.7708],[25.118,58.7689],[25.1186,58.7685],[25.1182,58.7675],[25.1195,58.7669],[25.1183,58.7665],[25.1169,58.7666]],[[25.1104,58.7524],[25.1093,58.752]],[[25.1137,58.7696],[25.1167,58.7707]],[[25.0933,58.7058],[25.0931,58.7047]],[[25.1102,58.777],[25.1124,58.7768],[25.1106,58.7758]],[[25.1096,58.7785],[25.1107,58.779],[25.1116,58.7777],[25.1102,58.7773]],[[25.1198,58.7653],[25.1185,58.7639],[25.1167,58.7632]],[[25.1168,58.7664],[25.1198,58.7653]],[[25.1138,58.7554],[25.1148,58.7543],[25.1132,58.7542]]]},"properties":{"name":"Käru jõgi"}},
{"type":"Feature","geometry":{"type":"MultiLineString","coordinates":[[[25.2716,58.7784],[25.2741,58.7788],[25.2743,58.7788],[25.2771,58.7793],[25.2799,58.7812],[25.2827,58.7816],[25.2835,58.782],[25.2864,58.7861],[25.289,58.7867],[25.2889,58.7871],[25.2916,58.7876],[25.291,58.7885],[25.2924,58.7892],[25.2935,58.7889],[25.2934,58.7905],[25.2943,58.7911],[25.2962,58.7904],[25.2972,58.7911],[25.2985,58.7914],[25.2993,58.7923],[25.3011,58.7919],[25.302,58.7929],[25.3033,58.7922],[25.3053,58.7928],[25.3063,58.7949],[25.3076,58.7947],[25.3093,58.795],[25.3118,58.7948],[25.3135,58.7949],[25.3153,58.7946],[25.3165,58.795],[25.3197,58.7951],[25.3206,58.7946],[25.323,58.7951],[25.3238,58.7945],[25.3265,58.7947],[25.3282,58.7945],[25.3295,58.7951],[25.3324,58.7955],[25.3329,58.7948],[25.3356,58.7944],[25.3371,58.7949],[25.3385,58.7943],[25.3399,58.7951],[25.3426,58.7951],[25.344,58.7952],[25.3449,58.796],[25.3461,58.7962],[25.3472,58.7975],[25.3487,58.7971],[25.3497,58.7977],[25.3515,58.7977],[25.3567,58.7985],[25.3575,58.7992],[25.3595,58.7993],[25.3609,58.8011],[25.3619,58.8011],[25.3609,58.8026],[25.3652,58.8046],[25.3657,58.8051],[25.3677,58.8057],[25.3666,58.8063],[25.3691,58.8073],[25.3724,58.8076],[25.3731,58.8081],[25.3757,58.8087],[25.3775,58.808],[25.3775,58.8091],[25.3794,58.8096],[25.3827,58.8087],[25.3837,58.8088],[25.3844,58.8101],[25.3878,58.8095],[25.3888,58.81],[25.3898,58.8121],[25.3932,58.8134],[25.394,58.8137],[25.3946,58.8147],[25.3939,58.8168],[25.3925,58.817],[25.3922,58.8176]],[[25.5026,58.9178],[25.4871,58.9155],[25.4869,58.9154],[25.4863,58.9154],[25.483,58.9168],[25.48,58.9168],[25.4797,58.9168],[25.472,58.9169],[25.4712,58.9166],[25.4686,58.9142],[25.4675,58.9096],[25.4668,58.9065],[25.4642,58.9035],[25.4626,58.9022],[25.4624,58.9014],[25.4613,58.9004],[25.4599,58.9001],[25.4588,58.8987],[25.4589,58.8985],[25.4593,58.8975],[25.4562,58.8963],[25.4555,58.8958],[25.4548,58.8944],[25.4549,58.8935],[25.4564,58.8931],[25.455,58.8913],[25.4546,58.8902],[25.4549,58.8886],[25.4549,58.8884],[25.4538,58.8865],[25.4546,58.8852],[25.4557,58.8847]],[[25.4559,58.8847],[25.4566,58.8837],[25.4588,58.8836],[25.4607,58.883],[25.4607,58.8821],[25.4614,58.8813],[25.4616,58.8805],[25.4629,58.8792],[25.4614,58.8777],[25.4614,58.8776],[25.4608,58.8761],[25.4607,58.8746],[25.4597,58.8732],[25.456,58.872],[25.4561,58.8713],[25.4548,58.8705],[25.4534,58.8703],[25.4507,58.8689],[25.4497,58.8681],[25.4506,58.8669],[25.4499,58.8656],[25.4481,58.8648],[25.4489,58.8635],[25.4483,58.8631],[25.4476,58.8614],[25.4477,58.8602],[25.4486,58.859],[25.4486,58.8588],[25.4467,58.8575],[25.4478,58.8568],[25.4441,58.8549],[25.4455,58.8536],[25.4446,58.853],[25.4449,58.8524],[25.444,58.8514],[25.4411,58.8497],[25.4412,58.8478],[25.4385,58.8459],[25.4363,58.8436],[25.436,58.8436],[25.4309,58.8422],[25.4292,58.842],[25.4293,58.8432],[25.4274,58.8425],[25.4241,58.8417],[25.4213,58.8407],[25.4203,58.8407],[25.4186,58.8398],[25.4158,58.8396],[25.4118,58.8405],[25.4117,58.8393],[25.41,58.8389],[25.4091,58.8383],[25.4074,58.8384],[25.405,58.8369],[25.4035,58.8369],[25.4033,58.8365],[25.4026,58.836],[25.4031,58.8352],[25.4015,58.8344],[25.4032,58.8338],[25.402,58.8316],[25.4001,58.8315],[25.3997,58.8304],[25.401,58.8291],[25.4008,58.8285],[25.4006,58.8282],[25.3976,58.8278],[25.3981,58.8271],[25.3967,58.8265],[25.3966,58.8265],[25.3955,58.8252],[25.3965,58.8243],[25.3966,58.823],[25.3957,58.8225],[25.3936,58.822],[25.3942,58.8209],[25.3935,58.8205],[25.3928,58.8195],[25.3924,58.8192],[25.3924,58.8178]],[[25.4549,58.8935],[25.4533,58.8922],[25.455,58.8913]],[[25.4035,58.8369],[25.4033,58.8365]],[[25.344,58.7952],[25.3426,58.7951]]]},"properties":{"name":"Lokuta jõgi"}},
{"type":"Feature","geometry":{"type":"MultiLineString","coordinates":[[[27.7717,59.3996],[27.7694,59.399],[27.766,59.3998],[27.7646,59.3999],[27.7562,59.4015],[27.7539,59.4016]],[[27.7575,59.3912],[27.7575,59.3909]],[[27.7646,59.3814],[27.7627,59.3795],[27.7602,59.3785],[27.7598,59.3776],[27.7609,59.3765],[27.7608,59.3754],[27.7609,59.3752],[27.7613,59.3751],[27.762,59.3748],[27.7624,59.3737],[27.7623,59.3735],[27.7656,59.3716],[27.7674,59.3694],[27.7691,59.3686],[27.7689,59.3679],[27.7697,59.3665],[27.7707,59.3664],[27.7704,59.3651],[27.7714,59.3646],[27.7719,59.3632],[27.7705,59.3623],[27.7712,59.3616],[27.769,59.3613],[27.769,59.361],[27.7688,59.3607],[27.7685,59.3607],[27.7689,59.3606],[27.7688,59.3607]],[[27.6662,59.3651],[27.6663,59.3651],[27.6921,59.3656],[27.7064,59.3591],[27.7066,59.359],[27.7094,59.355],[27.7102,59.3548],[27.7262,59.3527],[27.7264,59.3527],[27.7392,59.3511],[27.7428,59.3508],[27.7453,59.351],[27.7455,59.351],[27.7458,59.352],[27.7478,59.3523],[27.7494,59.3521],[27.7505,59.3534],[27.7524,59.354],[27.7525,59.3551],[27.7533,59.3563],[27.754,59.3566],[27.7538,59.3576],[27.7546,59.3583],[27.756,59.3588],[27.7584,59.3586],[27.7593,59.3592],[27.7594,59.3593],[27.7609,59.3603],[27.761,59.3611],[27.7619,59.3618],[27.766,59.3611],[27.7668,59.3604],[27.7674,59.3606],[27.7675,59.3607],[27.768,59.3608],[27.7683,59.3608],[27.7685,59.3607]],[[27.7689,59.3606],[27.7689,59.3605],[27.7691,59.3604],[27.769,59.361]],[[27.7689,59.3605],[27.7691,59.3604]],[[27.768,59.3608],[27.7681,59.3608],[27.7683,59.3608]],[[27.7675,59.3607],[27.7681,59.3608]],[[27.7668,59.3604],[27.7674,59.3606]]]},"properties":{"name":"Sõtke jõgi"}},
{"type":"Feature","geometry":{"type":"LineString","coordinates":[[25.2657,58.802],[25.2664,58.8017]]},"properties":{"name":"Lintsi (Käru) jõgi"}},
{"type":"Feature","geometry":{"type":"MultiLineString","coordinates":[[[23.7206,58.7506],[23.7275,58.7492],[23.7574,58.7432],[23.7785,58.739],[23.7815,58.7386],[23.7841,58.7386],[23.788,58.7388],[23.7921,58.7397],[23.8065,58.7442],[23.8094,58.7449],[23.814,58.7459],[23.8211,58.7481],[23.823,58.749],[23.8271,58.7507],[23.8292,58.7512],[23.8329,58.7514],[23.8372,58.753],[23.8424,58.7542],[23.8442,58.7545],[23.8464,58.7549],[23.849,58.756],[23.8691,58.7647],[23.8705,58.765],[23.8733,58.765],[23.8789,58.7659],[23.8825,58.766],[23.8871,58.7653],[23.8889,58.7657],[23.8896,58.7658],[23.8927,58.765],[23.8979,58.7632],[23.9005,58.762],[23.9023,58.7609],[23.9033,58.7599],[23.9065,58.7579],[23.9086,58.7556],[23.9106,58.7544],[23.9127,58.7536],[23.9153,58.7535],[23.9189,58.7536],[23.92,58.7532],[23.9242,58.7528],[23.9288,58.7521],[23.9313,58.7521],[23.9337,58.7524],[23.9374,58.7514],[23.939,58.7514],[23.9412,58.7518],[23.9442,58.7518],[23.9466,58.7513],[23.9512,58.7512],[23.956,58.7514],[23.9592,58.7518],[23.9613,58.7516],[23.9639,58.7508],[23.9666,58.7491],[23.9747,58.7459],[23.978,58.7448],[23.9784,58.741],[23.9792,58.7395],[23.9816,58.7384],[23.9846,58.738],[23.9869,58.737],[23.989,58.734],[23.9917,58.7318],[23.9926,58.7302],[23.9946,58.728],[23.9964,58.7264],[24,58.7249],[24.0043,58.7238],[24.0136,58.7216],[24.0158,58.7195],[24.0212,58.7176],[24.0237,58.7164],[24.0267,58.716],[24.0296,58.7164],[24.0313,58.7165],[24.0317,58.7166],[24.0373,58.7193],[24.039,58.7206],[24.0421,58.722],[24.0502,58.7248],[24.0511,58.7258],[24.0526,58.7277],[24.053,58.729],[24.054,58.7302],[24.0553,58.7308],[24.0644,58.7337],[24.0679,58.7353],[24.0716,58.7354],[24.0728,58.7356],[24.0748,58.7367],[24.0754,58.7376],[24.0753,58.739],[24.0746,58.7401],[24.0727,58.7421],[24.07,58.7442],[24.0704,58.7457],[24.0712,58.7466],[24.0701,58.7478],[24.0679,58.749],[24.068,58.7502],[24.0666,58.7523],[24.0669,58.7537],[24.0651,58.756],[24.064,58.7565],[24.0622,58.758],[24.0618,58.7597],[24.06,58.7606],[24.0626,58.7614],[24.0651,58.7624],[24.0668,58.7626],[24.0688,58.7633],[24.0684,58.7643],[24.0673,58.7651],[24.0679,58.7662],[24.0671,58.7673],[24.0682,58.7692],[24.0706,58.77],[24.072,58.7701],[24.0747,58.7696],[24.0785,58.7696],[24.0804,58.7692],[24.0818,58.7694],[24.0835,58.77],[24.0848,58.7713],[24.0876,58.7723],[24.0896,58.7719],[24.0904,58.7712],[24.0924,58.7712],[24.0944,58.7716],[24.0954,58.7711],[24.0974,58.7714],[24.0977,58.7724],[24.0996,58.7725],[24.1005,58.7734],[24.0989,58.7738],[24.099,58.7743],[24.102,58.7764],[24.1037,58.7769],[24.106,58.7783],[24.1105,58.7784],[24.1125,58.7794],[24.1144,58.7797],[24.1163,58.7805],[24.1202,58.7809],[24.1233,58.7814],[24.1238,58.7823],[24.1292,58.7854],[24.1317,58.7854],[24.134,58.7867],[24.1353,58.7866],[24.137,58.7874],[24.1388,58.7879],[24.1418,58.7894],[24.1456,58.7896],[24.1465,58.7905],[24.1486,58.7906],[24.1503,58.7901],[24.1518,58.7902],[24.1536,58.791],[24.1577,58.7923],[24.1581,58.7934],[24.1595,58.7946],[24.1598,58.7957],[24.159,58.7968],[24.1605,58.7979],[24.1637,58.7986],[24.1666,58.8001],[24.1689,58.8006],[24.1713,58.8007],[24.1735,58.8019],[24.1748,58.8031],[24.1784,58.8045],[24.179,58.8055],[24.1801,58.8064],[24.1818,58.8067],[24.1846,58.8079],[24.1863,58.809],[24.1891,58.8095],[24.1911,58.8106],[24.1936,58.8133],[24.1954,58.8137],[24.1973,58.8148],[24.2014,58.8152],[24.2031,58.8158],[24.2035,58.8164],[24.2036,58.8181],[24.2052,58.8186],[24.2072,58.8189],[24.2098,58.8191],[24.2106,58.8199],[24.2118,58.8203],[24.2198,58.8211],[24.2208,58.8213],[24.2302,58.8222],[24.2337,58.8223],[24.2389,58.8215],[24.2409,58.8205],[24.2434,58.82],[24.2467,58.8196],[24.2482,58.8193],[24.2494,58.8185],[24.2522,58.8192],[24.2536,58.8192],[24.2551,58.8185],[24.2564,58.8192],[24.2563,58.8211],[24.2585,58.8212],[24.2587,58.8201],[24.2599,58.8198],[24.2621,58.8201],[24.2633,58.8202],[24.2649,58.8199],[24.2662,58.8203],[24.2683,58.8202],[24.2748,58.8182],[24.2767,58.8191],[24.2784,58.819],[24.2797,58.8194],[24.2816,58.8208],[24.2817,58.822],[24.2839,58.8226],[24.2856,58.8222],[24.2886,58.8234],[24.2908,58.8232],[24.2925,58.8235],[24.2939,58.8234],[24.2948,58.8225],[24.296,58.8223],[24.297,58.8235],[24.2994,58.8233],[24.3003,58.8239],[24.3004,58.8251],[24.3025,58.827],[24.3017,58.8281],[24.303,58.8284],[24.3047,58.8296],[24.3043,58.8313],[24.3047,58.8336],[24.3072,58.8368],[24.3093,58.8375],[24.3103,58.8397],[24.3106,58.8404],[24.3092,58.8417],[24.3084,58.8426],[24.3079,58.8417],[24.3087,58.8407],[24.3098,58.8404],[24.3092,58.8417]],[[24.6705,59.1209],[24.6699,59.118],[24.6698,59.1179],[24.6687,59.113],[24.6687,59.1129],[24.6679,59.1093],[24.6705,59.1059],[24.6674,59.1047],[24.6633,59.1052],[24.6592,59.1029],[24.657,59.1014],[24.6557,59.1],[24.6522,59.098],[24.6519,59.0967],[24.6501,59.0963],[24.65,59.0962],[24.6495,59.0957],[24.6449,59.0936],[24.6367,59.0916],[24.6365,59.0916],[24.6346,59.0911],[24.6315,59.0917],[24.6308,59.0927],[24.6269,59.0922],[24.624,59.0906],[24.6186,59.0903],[24.6174,59.0906],[24.6162,59.0921],[24.6145,59.0919],[24.614,59.0914],[24.6105,59.0902],[24.609,59.0885],[24.6077,59.0886],[24.6062,59.0886],[24.6038,59.0881],[24.6022,59.0886],[24.6006,59.0881],[24.5999,59.0874],[24.5978,59.0873],[24.5952,59.0863],[24.5938,59.0864],[24.5932,59.0869],[24.5895,59.088],[24.5872,59.0879],[24.5841,59.0884],[24.5834,59.0901],[24.5822,59.0908],[24.58,59.0908],[24.5785,59.0914],[24.5761,59.0915],[24.5735,59.0933],[24.5735,59.0939],[24.5714,59.0942],[24.5709,59.0944],[24.5698,59.0951],[24.5671,59.0951],[24.5633,59.0944],[24.561,59.0945],[24.5607,59.0939],[24.5585,59.0933],[24.5552,59.0935],[24.5542,59.0943],[24.5535,59.0949],[24.5513,59.0955],[24.5492,59.0956],[24.5474,59.0967],[24.545,59.0966],[24.5403,59.0972],[24.536,59.0965],[24.5331,59.0973],[24.5301,59.0973],[24.5296,59.0971],[24.5239,59.0981],[24.5173,59.0989],[24.5152,59.0989],[24.5137,59.0985],[24.5118,59.097],[24.5102,59.0957],[24.5083,59.0945],[24.5037,59.0924],[24.4955,59.0899],[24.4861,59.0887],[24.4831,59.0879],[24.4803,59.0867],[24.4754,59.0862],[24.473,59.0865],[24.4705,59.0853],[24.4692,59.0859],[24.4668,59.0849],[24.4632,59.0851],[24.4619,59.0835],[24.4603,59.0828],[24.4589,59.0817],[24.4584,59.0811],[24.4583,59.08],[24.4649,59.0751],[24.4649,59.0746],[24.4591,59.0703],[24.4578,59.0698],[24.4567,59.0689],[24.4545,59.0695],[24.4515,59.069],[24.4511,59.069],[24.4501,59.0695],[24.4505,59.0705],[24.4491,59.0712],[24.4492,59.0723],[24.4484,59.0741],[24.4445,59.0741],[24.4431,59.0725],[24.4404,59.074],[24.4388,59.0742],[24.4397,59.0749],[24.439,59.0759],[24.4388,59.0774],[24.4364,59.0764],[24.433,59.0768],[24.4324,59.0764],[24.4303,59.076],[24.4298,59.0755],[24.4269,59.0756],[24.4236,59.0742],[24.4237,59.0735],[24.4216,59.0725],[24.4213,59.0715],[24.4219,59.0707],[24.4209,59.0695],[24.4218,59.0687],[24.4203,59.0681],[24.4209,59.0675],[24.4201,59.067],[24.4197,59.0659],[24.4216,59.065],[24.4207,59.0643],[24.4216,59.0634],[24.4202,59.0608],[24.419,59.0604],[24.4168,59.0592],[24.4151,59.057],[24.4126,59.0566],[24.4107,59.0555],[24.4103,59.0548],[24.4088,59.0545],[24.4074,59.0534],[24.4081,59.0524],[24.4091,59.052],[24.4092,59.0517],[24.4091,59.0513],[24.4092,59.0517]],[[24.3072,58.9077],[24.3073,58.905],[24.3062,58.9043],[24.3046,58.9048],[24.3033,58.9043],[24.3025,58.9034],[24.3026,58.9027],[24.3052,58.9003],[24.3039,58.8995],[24.304,58.8992],[24.3044,58.898],[24.3052,58.898],[24.3068,58.8974],[24.3068,58.8968],[24.3049,58.8963],[24.3042,58.8944],[24.3056,58.8935],[24.3061,58.8923],[24.3053,58.8905],[24.3043,58.8893],[24.3045,58.8886],[24.3057,58.8872],[24.3062,58.8848],[24.3055,58.8841],[24.3064,58.8833],[24.3056,58.8816],[24.3077,58.8802],[24.3092,58.8784],[24.3108,58.8776],[24.3126,58.8768],[24.3168,58.8757],[24.3178,58.8748],[24.3175,58.8739],[24.3187,58.8731],[24.3213,58.8725],[24.3225,58.8713],[24.3246,58.8707],[24.3246,58.8692],[24.3242,58.867],[24.3225,58.8661],[24.3256,58.8652],[24.3267,58.8646],[24.3266,58.8634],[24.323,58.8633],[24.3216,58.8628],[24.3212,58.8619],[24.3229,58.8614],[24.3244,58.8598],[24.3237,58.8584],[24.3221,58.8587],[24.3201,58.8596],[24.3192,58.8593],[24.3188,58.858],[24.316,58.8565],[24.3137,58.8548],[24.313,58.8539],[24.3132,58.8527],[24.3104,58.8513],[24.3103,58.8504],[24.3119,58.8495],[24.3118,58.8488],[24.3103,58.8478],[24.3098,58.8467],[24.3082,58.845],[24.3093,58.8442],[24.3084,58.8426]],[[24.3098,58.8404],[24.3103,58.8397]],[[24.2621,58.8201],[24.2602,58.8179],[24.259,58.8188],[24.2587,58.8201]],[[24.2467,58.8196],[24.2438,58.8196],[24.2415,58.8203],[24.2409,58.8205]],[[24.4012,59.0434],[24.3986,59.0431],[24.3979,59.042],[24.3971,59.0417],[24.3949,59.0413],[24.3946,59.0406],[24.3915,59.0405],[24.3909,59.0397],[24.3893,59.0385],[24.388,59.038],[24.3853,59.0386],[24.3834,59.0376],[24.3812,59.0369],[24.3816,59.0361],[24.3815,59.0337],[24.3804,59.033],[24.3802,59.0317],[24.3808,59.0311],[24.3801,59.0298],[24.3809,59.0281],[24.3807,59.0269],[24.3798,59.0266],[24.3796,59.0259],[24.3768,59.0245],[24.3748,59.0227],[24.3747,59.0206],[24.3733,59.0192],[24.3742,59.0185],[24.3736,59.0169],[24.3752,59.0166],[24.3752,59.0154],[24.3739,59.0148],[24.3739,59.0131],[24.3788,59.0127],[24.3793,59.012],[24.3791,59.0115],[24.3789,59.011],[24.3805,59.0086],[24.3796,59.0078],[24.3782,59.0076],[24.3787,59.0062],[24.3775,59.0058],[24.3777,59.0046],[24.3768,59.0038],[24.3749,59.0032],[24.3738,59.0028],[24.3737,59.0018],[24.373,59.001],[24.371,59.0012],[24.3701,59.0011],[24.37,59],[24.3683,58.999],[24.3664,58.9975],[24.3654,58.996],[24.3624,58.993],[24.3591,58.9929],[24.3579,58.9925],[24.3556,58.9931],[24.3514,58.9938],[24.3493,58.9944],[24.3443,58.9952],[24.3421,58.9952],[24.3403,58.9961],[24.3357,58.9959],[24.335,58.9965],[24.3279,58.9947],[24.3249,58.9953],[24.3211,58.9954],[24.3193,58.9956],[24.3169,58.9947],[24.3163,58.9939],[24.3143,58.9934],[24.3124,58.9932],[24.3096,58.992],[24.3072,58.9916],[24.3075,58.9897],[24.3081,58.989],[24.3065,58.9881],[24.3053,58.9879],[24.3039,58.9871],[24.3021,58.9867],[24.3024,58.9858],[24.3009,58.9853],[24.301,58.9835],[24.2997,58.982],[24.2987,58.9818],[24.2967,58.9824],[24.2946,58.9814],[24.2948,58.9801],[24.2931,58.9792],[24.2922,58.9797],[24.2911,58.9793],[24.2911,58.9784],[24.2894,58.9784],[24.2905,58.9766],[24.2903,58.9748],[24.289,58.9736],[24.2897,58.9714],[24.2914,58.9709],[24.2917,58.9705],[24.2902,58.9691],[24.2893,58.9672],[24.2893,58.9653],[24.2896,58.9644],[24.2891,58.9637],[24.2867,58.9629],[24.2863,58.9624],[24.2876,58.9614],[24.2866,58.9598],[24.2865,58.9579],[24.2846,58.9577],[24.284,58.9567],[24.2849,58.9558],[24.2845,58.9549],[24.2831,58.9544],[24.2828,58.953],[24.282,58.9522],[24.2825,58.9508],[24.284,58.949],[24.2834,58.948],[24.2831,58.9461],[24.2844,58.945],[24.2856,58.9439],[24.2869,58.9434],[24.2863,58.9426],[24.287,58.942],[24.2889,58.9418],[24.2904,58.9405],[24.2924,58.9396],[24.2937,58.9383],[24.295,58.9377],[24.2966,58.9377],[24.2995,58.9386],[24.3013,58.9386],[24.3026,58.9371],[24.3051,58.9358],[24.3057,58.935],[24.3056,58.934],[24.3039,58.9328],[24.3037,58.9316],[24.3029,58.9295],[24.3016,58.9286],[24.2996,58.9281],[24.3001,58.9266],[24.3026,58.9259],[24.3034,58.9247],[24.3053,58.9238],[24.3056,58.9232],[24.3049,58.9219],[24.3062,58.9216],[24.3066,58.9212],[24.3054,58.9192],[24.3063,58.9177],[24.3058,58.9173],[24.3067,58.9152],[24.3032,58.914],[24.3042,58.9117],[24.3059,58.911],[24.3075,58.9106],[24.3066,58.9087],[24.3072,58.9077]],[[24.3039,58.8995],[24.3034,58.8989],[24.3044,58.898]],[[24.3213,58.8725],[24.3237,58.8719],[24.3254,58.8707],[24.3257,58.8701],[24.3246,58.8692]],[[24.3242,58.867],[24.3256,58.8652]],[[24.3979,59.042],[24.3971,59.0417]],[[24.4091,59.0513],[24.4085,59.051],[24.4089,59.0502],[24.4085,59.051]],[[24.3802,59.0317],[24.3774,59.0311],[24.3771,59.0306],[24.3787,59.0295],[24.3778,59.0275],[24.3798,59.0266]],[[24.4089,59.0502],[24.4091,59.05],[24.4079,59.0484],[24.4075,59.0471],[24.4058,59.0465],[24.4037,59.0469],[24.4019,59.0461],[24.4029,59.0456],[24.4023,59.0447],[24.4019,59.044],[24.4023,59.0447]],[[24.5709,59.0944],[24.5692,59.0939],[24.5675,59.0938],[24.5637,59.0941],[24.5633,59.0944]],[[24.4019,59.044],[24.4012,59.0434]],[[24.4202,59.0608],[24.419,59.0604]],[[24.3737,59.0018],[24.371,59.0012]],[[24.3807,59.0269],[24.3807,59.0263],[24.3796,59.0259]]]},"properties":{"name":"Kasari jõgi"}},
{"type":"Feature","geometry":{"type":"LineString","coordinates":[[23.8889,58.7657],[23.8819,58.768],[23.8781,58.769],[23.8757,58.7705],[23.8712,58.7721],[23.8662,58.7735],[23.8621,58.7734],[23.8599,58.7738],[23.8569,58.774],[23.8477,58.7749],[23.8395,58.7753],[23.8339,58.775],[23.8267,58.7748],[23.8247,58.7743],[23.8236,58.7744],[23.8206,58.7752],[23.8168,58.7753],[23.8143,58.775],[23.8105,58.7751],[23.8067,58.7755],[23.8026,58.7762],[23.7994,58.776],[23.7927,58.7754],[23.7894,58.7747],[23.7835,58.7744],[23.7788,58.7738],[23.7705,58.7726],[23.7668,58.7718],[23.7535,58.7688],[23.7502,58.7679],[23.7481,58.7663],[23.7472,58.7659]]},"properties":{"name":"Rõude jõgi"}},
{"type":"Feature","geometry":{"type":"MultiLineString","coordinates":[[[25.3312,59.3904],[25.3333,59.3906],[25.333,59.3899],[25.3346,59.3896],[25.3335,59.3886],[25.3345,59.3883],[25.3366,59.3894],[25.3364,59.3904],[25.3375,59.3906],[25.3387,59.39],[25.3421,59.3897],[25.343,59.3889],[25.3443,59.3886],[25.3457,59.389],[25.3482,59.3879],[25.3505,59.3883],[25.3509,59.3896],[25.3521,59.39],[25.3536,59.39],[25.3544,59.3911],[25.3568,59.3894],[25.3582,59.3895],[25.3594,59.3903],[25.3604,59.3893],[25.3625,59.3892],[25.364,59.388],[25.3666,59.3881],[25.3683,59.3888],[25.3693,59.3879],[25.3711,59.3874],[25.3717,59.388],[25.374,59.3888],[25.3748,59.3897],[25.3765,59.3898],[25.3813,59.3888],[25.3837,59.3891],[25.3899,59.3892],[25.3913,59.3896],[25.3934,59.3888],[25.3932,59.3899],[25.3942,59.392],[25.3933,59.3929],[25.3905,59.3933],[25.3914,59.3941],[25.3943,59.3949],[25.3957,59.3949],[25.3972,59.394],[25.3969,59.3936],[25.3969,59.3932],[25.3988,59.3923],[25.3995,59.3912],[25.4013,59.3908],[25.4028,59.3896],[25.4043,59.388],[25.4032,59.3875],[25.403,59.3864],[25.4037,59.386],[25.402,59.3849],[25.4022,59.3844],[25.4061,59.3839],[25.4061,59.3831],[25.4091,59.3817],[25.4118,59.3816],[25.4126,59.3826],[25.4146,59.3812],[25.4173,59.3804],[25.4176,59.3794],[25.4196,59.3785],[25.4206,59.3804],[25.4218,59.3812],[25.4235,59.3812],[25.4246,59.3797],[25.4255,59.38],[25.4258,59.3809],[25.4278,59.3813],[25.4287,59.3823],[25.4297,59.3816],[25.4315,59.3816],[25.4327,59.3812],[25.4359,59.3808],[25.4385,59.3808],[25.4394,59.3813],[25.4407,59.381],[25.4414,59.3815],[25.441,59.3828],[25.4426,59.3826],[25.4428,59.3815],[25.4441,59.3814],[25.4461,59.3822],[25.4472,59.3814],[25.4501,59.3813],[25.4502,59.3795],[25.4513,59.379],[25.4534,59.3787],[25.4541,59.3794],[25.4562,59.3801],[25.4582,59.3798],[25.4601,59.3803],[25.4605,59.3812],[25.4613,59.3817],[25.4633,59.3817],[25.4632,59.3824],[25.4633,59.3824],[25.4635,59.3826],[25.4669,59.3839],[25.4682,59.3848],[25.4697,59.3851],[25.4701,59.3852],[25.4726,59.386],[25.4775,59.3868],[25.4815,59.387],[25.4872,59.3867],[25.491,59.3856],[25.4985,59.3838],[25.5053,59.3833],[25.513,59.3849],[25.5172,59.3875],[25.5241,59.3896],[25.5293,59.3906],[25.5354,59.3909],[25.5401,59.3907],[25.5451,59.3909],[25.5497,59.3914],[25.5532,59.3921],[25.5563,59.3939],[25.558,59.3945],[25.5613,59.3945],[25.5637,59.3948],[25.5666,59.3964],[25.5699,59.3967],[25.5731,59.3968],[25.5792,59.3979],[25.5872,59.3975],[25.5894,59.3965],[25.5916,59.3962],[25.5948,59.3966],[25.5959,59.3957],[25.5987,59.3964],[25.6002,59.396],[25.6013,59.396],[25.6005,59.3957],[25.6014,59.396],[25.6013,59.396]],[[25.9329,59.1861],[25.9308,59.1869],[25.9256,59.1875],[25.9249,59.1869],[25.9197,59.1883],[25.9211,59.1912],[25.924,59.1915],[25.9264,59.1937],[25.9292,59.1959],[25.9267,59.1989],[25.9228,59.199],[25.9212,59.2014],[25.9167,59.203],[25.9099,59.2063],[25.9097,59.2064],[25.9049,59.2077],[25.9073,59.2143],[25.908,59.218],[25.9022,59.2192],[25.9021,59.2192],[25.9005,59.2195],[25.8973,59.2213],[25.8971,59.2213],[25.8936,59.2213],[25.8929,59.2221],[25.8927,59.2223],[25.8926,59.2238],[25.8892,59.2261],[25.8872,59.2263],[25.8871,59.2263],[25.8848,59.2264],[25.8828,59.2275],[25.8815,59.2274],[25.8805,59.2279],[25.8784,59.2302],[25.877,59.2308],[25.8735,59.2316],[25.8707,59.2309],[25.8688,59.2296],[25.8643,59.2294],[25.8626,59.23],[25.8616,59.2377],[25.8615,59.2397],[25.8594,59.2398],[25.8592,59.2398],[25.8568,59.2399],[25.8539,59.2407],[25.8527,59.2408],[25.8496,59.2416],[25.8468,59.2429],[25.8471,59.2442],[25.8437,59.2456],[25.8431,59.2461],[25.8439,59.2488],[25.8469,59.251],[25.8481,59.2517],[25.8518,59.2546],[25.8514,59.2565],[25.8513,59.2566],[25.8512,59.257],[25.8476,59.2587],[25.844,59.2615],[25.8444,59.2627],[25.8436,59.2628],[25.8419,59.2643],[25.841,59.2647],[25.8408,59.2648],[25.8398,59.2654],[25.8382,59.268],[25.8363,59.2681],[25.8355,59.2676],[25.8315,59.2679],[25.8292,59.2672],[25.8261,59.267],[25.8237,59.2662],[25.8205,59.2666],[25.8174,59.27],[25.8156,59.2697],[25.8151,59.2702],[25.8133,59.2697],[25.8103,59.2702],[25.8084,59.272],[25.8099,59.2741],[25.8116,59.2752],[25.8121,59.2774],[25.8133,59.2791],[25.8134,59.2809],[25.8127,59.2816],[25.8111,59.2842],[25.8117,59.2851],[25.8112,59.2885],[25.811,59.2918],[25.8108,59.2925],[25.8082,59.2937],[25.8056,59.2941],[25.8029,59.2939],[25.8025,59.2946],[25.8008,59.2955],[25.7991,59.2955],[25.799,59.2963],[25.7958,59.2962],[25.7948,59.2966],[25.7954,59.2986],[25.794,59.2995],[25.7928,59.2993],[25.7917,59.3021],[25.7929,59.3028],[25.7925,59.3036],[25.7942,59.3063],[25.7941,59.307],[25.7952,59.3079],[25.7955,59.3087],[25.7945,59.3092],[25.7926,59.3088],[25.7915,59.3083],[25.7886,59.3082],[25.7856,59.3098],[25.7856,59.3108],[25.784,59.3122],[25.7843,59.3132],[25.783,59.3136],[25.7824,59.3148],[25.7806,59.316],[25.78,59.317],[25.7776,59.3175],[25.7761,59.3184],[25.7749,59.3196],[25.7735,59.3204],[25.7725,59.3203],[25.7709,59.3212],[25.7698,59.3208],[25.7689,59.3215],[25.7673,59.3217],[25.7655,59.3216],[25.7659,59.3226],[25.7633,59.3231],[25.7619,59.3242],[25.7617,59.3245],[25.7607,59.3253],[25.7613,59.3262],[25.7606,59.3275],[25.7595,59.3274],[25.7581,59.329],[25.7585,59.3294],[25.7565,59.3305],[25.7558,59.3318],[25.7546,59.3326],[25.7512,59.3331],[25.7502,59.3328],[25.7495,59.3328],[25.7494,59.3335],[25.7484,59.3346],[25.7464,59.3342],[25.7458,59.3352],[25.7463,59.3361],[25.7463,59.3368],[25.7454,59.3377],[25.7428,59.3391],[25.738,59.34],[25.7373,59.3408],[25.7349,59.3411],[25.7343,59.3418],[25.7326,59.3424],[25.7316,59.3419],[25.7291,59.3425],[25.7285,59.343],[25.7264,59.3432],[25.7265,59.3441],[25.7253,59.3458],[25.7242,59.3462],[25.7242,59.3468],[25.7217,59.3478],[25.7209,59.3474],[25.7192,59.3475],[25.7183,59.3472],[25.7165,59.3471],[25.7166,59.3477],[25.7161,59.3482],[25.7152,59.3488],[25.7136,59.3489],[25.7125,59.3496],[25.7103,59.3501],[25.7094,59.3513],[25.7084,59.3516],[25.7078,59.3524],[25.7079,59.3529],[25.7053,59.3539],[25.7056,59.3542],[25.7039,59.3545],[25.7037,59.3555],[25.7037,59.3565],[25.7011,59.3567],[25.7006,59.3574],[25.6978,59.3584],[25.6969,59.3584],[25.6974,59.3598],[25.6954,59.3603],[25.6944,59.3621],[25.6953,59.3629],[25.694,59.3633],[25.6939,59.3655],[25.6946,59.3663],[25.6952,59.3671],[25.6973,59.3687],[25.6983,59.3689],[25.7013,59.3698],[25.7009,59.3706],[25.702,59.3712],[25.7016,59.3723],[25.7001,59.3727],[25.7,59.373],[25.7002,59.3733],[25.7002,59.3734],[25.7001,59.3744],[25.6993,59.3751],[25.6999,59.3762],[25.6989,59.3764],[25.6997,59.3774],[25.6994,59.3781],[25.7003,59.379],[25.7003,59.381],[25.6998,59.382],[25.6971,59.3821],[25.6959,59.3825],[25.694,59.3821],[25.6934,59.3829],[25.692,59.3832],[25.6908,59.3856],[25.6893,59.3857],[25.6876,59.3866],[25.6868,59.387],[25.6841,59.3871],[25.6826,59.3884],[25.6824,59.3894],[25.6791,59.3905],[25.6731,59.3915],[25.6701,59.3929],[25.6695,59.3936],[25.668,59.3936],[25.6665,59.3944],[25.665,59.3938],[25.6616,59.3948],[25.6605,59.3969],[25.6593,59.3973],[25.6568,59.397],[25.6558,59.3963],[25.6536,59.3965],[25.6518,59.3959],[25.6503,59.396],[25.6472,59.3969],[25.6455,59.3971],[25.6437,59.3968],[25.6426,59.3961],[25.641,59.3963],[25.6405,59.3971],[25.6389,59.3977],[25.6367,59.3973],[25.6356,59.3978],[25.6339,59.3978],[25.6331,59.3982],[25.6309,59.398],[25.6296,59.3971],[25.6283,59.3972],[25.6265,59.398],[25.6241,59.3986],[25.6226,59.3982],[25.6213,59.3974],[25.6212,59.3963],[25.6191,59.3964],[25.6178,59.3956],[25.6159,59.3964],[25.6152,59.3959],[25.6135,59.3962],[25.6114,59.3956],[25.6087,59.3953],[25.6073,59.3959],[25.6055,59.3961],[25.604,59.3953],[25.6014,59.396]],[[25.6005,59.3957],[25.6002,59.396]],[[25.668,59.3936],[25.6663,59.3932],[25.665,59.3938]],[[25.6939,59.3655],[25.696,59.3662],[25.6952,59.3671]],[[25.7056,59.3542],[25.7048,59.3552],[25.7037,59.3555]],[[25.7484,59.3346],[25.7487,59.3349],[25.7491,59.3358],[25.7463,59.3368]],[[25.7487,59.3349],[25.747,59.3353],[25.7463,59.3361]],[[25.7606,59.3275],[25.7609,59.3281],[25.7606,59.33],[25.7594,59.3319],[25.7565,59.3321],[25.7558,59.3318]],[[25.4632,59.3824],[25.4613,59.3817]],[[25.4605,59.3812],[25.4604,59.3806],[25.4601,59.3803]],[[25.7165,59.3471],[25.7166,59.3477]],[[25.7192,59.3475],[25.7183,59.3472]],[[25.7619,59.3242],[25.7617,59.3245]],[[25.7001,59.3727],[25.7002,59.3734]],[[25.7581,59.329],[25.7558,59.3288],[25.7549,59.329],[25.7531,59.3286],[25.7524,59.3299],[25.7504,59.3306],[25.7487,59.3323],[25.7495,59.3328]],[[25.7009,59.3706],[25.702,59.3712]],[[25.694,59.3821],[25.6932,59.382],[25.692,59.3832]],[[25.7,59.373],[25.7002,59.3733]],[[25.7161,59.3482],[25.7152,59.3488]],[[25.7084,59.3516],[25.7078,59.3524]]]},"properties":{"name":"Soodla jõgi"}},
{"type":"Feature","geometry":{"type":"LineString","coordinates":[[23.9586,59.1477],[23.9594,59.1456],[23.96,59.145],[23.9607,59.1443],[23.9637,59.1396],[23.9697,59.1393],[23.9698,59.1392],[23.9764,59.1237],[24.0038,59.1179],[24.0103,59.1165],[24.0194,59.1097],[24.0229,59.1072],[24.0229,59.1019],[24.0233,59.1009],[24.0279,59.1012],[24.0349,59.1033],[24.0361,59.1037],[24.042,59.1023],[24.0453,59.1027],[24.0497,59.0962],[24.0631,59.0924],[24.0637,59.0907],[24.0637,59.0906],[24.0656,59.0846],[24.066,59.0829],[24.0673,59.0825],[24.0686,59.0808],[24.0696,59.0803],[24.0683,59.079],[24.0706,59.0775],[24.0707,59.0775],[24.0723,59.0766],[24.0719,59.0754],[24.069,59.0738],[24.0703,59.0735],[24.0703,59.0726],[24.0688,59.0713],[24.0702,59.0701],[24.0707,59.0693],[24.0684,59.0687],[24.0674,59.0677],[24.0675,59.067],[24.0688,59.0664],[24.0682,59.0658],[24.0684,59.0644],[24.0669,59.062],[24.0662,59.0603],[24.0659,59.0597],[24.0633,59.0569],[24.0648,59.0558],[24.0659,59.0536],[24.0669,59.0531],[24.0695,59.0531],[24.0757,59.0504],[24.0885,59.0463],[24.0888,59.0463],[24.0889,59.0463],[24.0911,59.0456],[24.0961,59.0455],[24.0997,59.0443],[24.0999,59.0443],[24.1031,59.0422],[24.108,59.0412],[24.109,59.0407],[24.1088,59.0393],[24.1098,59.0385],[24.1099,59.0384],[24.1114,59.0375],[24.1118,59.0357],[24.1133,59.036],[24.115,59.0358],[24.1184,59.0352],[24.1287,59.0403]]},"properties":{"name":"Piirsalu jõgi"}},
{"type":"Feature","geometry":{"type":"MultiLineString","coordinates":[[[23.8837,59.2703],[23.8836,59.27],[23.8841,59.2692],[23.8819,59.2683],[23.8803,59.2672],[23.8821,59.2668],[23.8823,59.2663],[23.8802,59.2647],[23.8806,59.2634],[23.8799,59.2627],[23.8782,59.2623],[23.8767,59.2616],[23.8739,59.2607],[23.8733,59.2595],[23.8721,59.258],[23.869,59.2572],[23.8677,59.2561],[23.8678,59.255],[23.8665,59.2535],[23.8668,59.252],[23.8662,59.2503],[23.8642,59.2496],[23.8647,59.2491],[23.8658,59.2481],[23.8671,59.2461],[23.8692,59.2446],[23.8691,59.244],[23.8701,59.2427],[23.8724,59.2425],[23.8762,59.2415],[23.8789,59.2396],[23.8805,59.2387],[23.8827,59.2366],[23.8828,59.2354],[23.8856,59.2335],[23.8863,59.232],[23.8855,59.2308],[23.8854,59.2296],[23.886,59.2278],[23.8876,59.2271],[23.8894,59.2272],[23.8915,59.226],[23.8936,59.2257],[23.8982,59.2258],[23.9015,59.2247],[23.9111,59.2217],[23.916,59.2188],[23.9241,59.2139],[23.9238,59.2109],[23.9242,59.209],[23.926,59.2068],[23.9257,59.2052],[23.9247,59.2022],[23.9268,59.2006],[23.928,59.1989],[23.9299,59.1975],[23.9323,59.1975],[23.9347,59.197],[23.9382,59.1951],[23.9388,59.1935],[23.94,59.1929],[23.9416,59.1908],[23.9439,59.19],[23.9445,59.1889],[23.9466,59.1879],[23.9486,59.1876],[23.9504,59.1869],[23.9507,59.1863],[23.9523,59.1862],[23.9544,59.1852],[23.9549,59.1836],[23.9547,59.183],[23.9556,59.1817],[23.9559,59.1806],[23.9555,59.1785],[23.9542,59.1768],[23.9539,59.1756],[23.9555,59.174],[23.9548,59.1734],[23.9545,59.1724],[23.9572,59.1709],[23.9584,59.1694],[23.958,59.168],[23.9568,59.1669],[23.9567,59.1654],[23.9573,59.1646],[23.9561,59.1636],[23.9557,59.162],[23.957,59.1594],[23.9579,59.1558],[23.9575,59.1547],[23.9589,59.1536],[23.9591,59.1502],[23.9595,59.1497],[23.9586,59.1477],[23.9569,59.1475],[23.9539,59.1466],[23.9526,59.1464],[23.951,59.1455],[23.9493,59.145],[23.947,59.1448],[23.9401,59.1427],[23.9326,59.1408],[23.9286,59.1395],[23.9137,59.1352],[23.9063,59.1325],[23.8911,59.1271],[23.8876,59.126],[23.8862,59.1253],[23.8854,59.124],[23.883,59.1234],[23.8828,59.1222],[23.8802,59.1223],[23.8795,59.1214],[23.8766,59.1205],[23.8751,59.1198],[23.8732,59.1194],[23.8719,59.1183],[23.8701,59.1184],[23.8696,59.1155],[23.8668,59.1141],[23.8663,59.1136],[23.8638,59.1127],[23.8599,59.1128],[23.8573,59.112],[23.858,59.1113],[23.8564,59.1103],[23.856,59.1086],[23.8571,59.1077],[23.8581,59.1066],[23.8598,59.1066],[23.8609,59.1062],[23.8632,59.1063],[23.8639,59.1045],[23.8653,59.1038],[23.8645,59.1029],[23.8661,59.1013],[23.8686,59.1008],[23.8689,59.0998],[23.87,59.0992],[23.8701,59.0984],[23.8732,59.0941],[23.8721,59.0913],[23.8767,59.0891],[23.8769,59.0852],[23.8793,59.0825],[23.8795,59.0814],[23.8787,59.0759],[23.8785,59.0744],[23.8796,59.0734],[23.8802,59.0723],[23.8817,59.071],[23.8821,59.0701],[23.8839,59.0693],[23.8849,59.0675],[23.8863,59.0671],[23.8875,59.0653],[23.8874,59.0634],[23.8887,59.0622],[23.8909,59.0612],[23.8921,59.0601],[23.8942,59.0589],[23.8964,59.0585],[23.8979,59.0587],[23.8994,59.0581],[23.9015,59.0585],[23.9026,59.0576],[23.9056,59.0578],[23.9077,59.0573],[23.9089,59.0568],[23.9096,59.0558],[23.9111,59.0549],[23.9131,59.055],[23.9138,59.0543],[23.9158,59.0539],[23.9179,59.0531],[23.9203,59.0528],[23.9237,59.0532],[23.9255,59.0525],[23.9271,59.0522],[23.9301,59.0508],[23.9314,59.0499],[23.9318,59.0491],[23.9331,59.049],[23.9346,59.0482],[23.935,59.0472],[23.9344,59.046],[23.9357,59.046],[23.9358,59.0452],[23.9373,59.0448],[23.9395,59.0451],[23.9414,59.0446],[23.9438,59.0444],[23.9492,59.0433],[23.9513,59.0399],[23.9498,59.0357],[23.9488,59.0325],[23.9487,59.0302],[23.949,59.0288],[23.9485,59.0256],[23.9454,59.0235],[23.9441,59.0205],[23.9439,59.016],[23.9465,59.0139],[23.9493,59.0114],[23.9494,59.0083],[23.9528,59.0064],[23.9567,59.0043],[23.9564,59.004],[23.9568,59.002],[23.9564,59.0011],[23.9563,59.001],[23.958,58.9993],[23.9581,58.9984],[23.9596,58.9961],[23.9617,58.9927],[23.9646,58.9921],[23.9758,58.9895],[23.9785,58.9894],[23.9787,58.9894]],[[23.8803,59.2672],[23.8801,59.2675],[23.8804,59.2683],[23.8821,59.2693],[23.8836,59.27]],[[23.8801,59.2675],[23.8821,59.2693]]]},"properties":{"name":"Vihterpalu jõgi"}},
{"type":"Feature","geometry":{"type":"LineString","coordinates":[[23.9639,58.7508],[23.965,58.751],[23.9684,58.7522],[23.9691,58.7532],[23.9671,58.7554],[23.9691,58.7586],[23.97,58.7593],[23.9696,58.7601],[23.9682,58.761],[23.9649,58.7671],[23.9585,58.7787],[23.9567,58.7811],[23.9564,58.7823],[23.9622,58.7879],[23.9637,58.7887],[23.971,58.7922],[23.972,58.7943],[23.9729,58.7957],[23.9764,58.798],[23.9769,58.7989],[23.9784,58.7996],[23.9777,58.8032],[23.9758,58.8091],[23.9721,58.8209],[23.9696,58.8268],[23.9666,58.8332],[23.9653,58.8353],[23.9651,58.8376],[23.9639,58.8388],[23.9633,58.8404],[23.9623,58.8414],[23.9629,58.8422],[23.9621,58.8437],[23.9614,58.8443],[23.9613,58.846],[23.9629,58.8464],[23.9633,58.8477],[23.9623,58.8483],[23.9625,58.8488],[23.9649,58.8494],[23.9679,58.8489],[23.9734,58.8495],[23.9736,58.8507],[23.9746,58.8526],[23.9742,58.8534],[23.9769,58.8539],[23.9776,58.8548],[23.9779,58.8563],[23.9787,58.8576],[23.9781,58.8584],[23.9788,58.859],[23.9785,58.8598],[23.9801,58.8608],[23.981,58.8611],[23.9845,58.8621],[23.9876,58.8628],[23.9885,58.8639],[23.9911,58.8637],[23.9912,58.8643],[23.9926,58.8654],[23.9939,58.8657],[23.9968,58.8647],[23.9992,58.8656],[24.0035,58.8658],[24.0061,58.8664],[24.0063,58.8672],[24.0084,58.8684],[24.0104,58.8675],[24.0126,58.8678],[24.0136,58.8684],[24.0164,58.8689],[24.017,58.869],[24.0207,58.8682],[24.025,58.8665],[24.0267,58.8663],[24.0282,58.8664],[24.0306,58.8661],[24.0316,58.865],[24.0344,58.8639],[24.036,58.8642],[24.0377,58.863],[24.0396,58.8628],[24.0424,58.8613],[24.0442,58.8619],[24.0464,58.8617],[24.0479,58.8615],[24.051,58.8595],[24.0524,58.8596],[24.0577,58.8596],[24.0619,58.8604],[24.0636,58.8604],[24.0648,58.8609],[24.0647,58.8601],[24.0669,58.8591],[24.069,58.8597],[24.069,58.861],[24.0711,58.8607],[24.074,58.8608],[24.0745,58.8607],[24.0763,58.8607],[24.0781,58.8611],[24.0804,58.8608],[24.0807,58.8619],[24.0828,58.8624],[24.0863,58.8622],[24.0869,58.8617],[24.0877,58.8624],[24.0876,58.8633],[24.0889,58.8635],[24.0903,58.8654],[24.09,58.8663],[24.0915,58.8661],[24.089,58.8689],[24.0876,58.8693],[24.088,58.8704],[24.0877,58.8714],[24.0889,58.8715],[24.0898,58.8723],[24.09,58.8725],[24.092,58.875],[24.093,58.8748],[24.0942,58.8756],[24.0939,58.8762],[24.0943,58.8779],[24.0958,58.878],[24.0947,58.8796],[24.0961,58.8803],[24.0973,58.8803],[24.0974,58.8814],[24.0959,58.8821],[24.0961,58.8833],[24.0929,58.8833],[24.0917,58.8847],[24.0927,58.885],[24.0929,58.8865],[24.095,58.8872],[24.0951,58.8876],[24.095,58.8887],[24.0971,58.8897],[24.0992,58.8896],[24.1004,58.889],[24.1018,58.8897],[24.1047,58.8905],[24.1066,58.8917],[24.1072,58.8928],[24.1033,58.8936],[24.1026,58.8942],[24.1023,58.8952],[24.1015,58.8955],[24.1015,58.8962],[24.1016,58.8966],[24.0998,58.8973],[24.0995,58.8981],[24.1001,58.8988],[24.0996,58.9009],[24.1003,58.9018],[24.101,58.9038],[24.1021,58.9051],[24.104,58.9048],[24.1053,58.9056],[24.1049,58.9072],[24.1066,58.9094],[24.1063,58.9102],[24.1069,58.9112],[24.109,58.9117],[24.1092,58.9124],[24.1085,58.913],[24.1093,58.9143],[24.1111,58.9158],[24.1106,58.9164],[24.1115,58.9173],[24.1111,58.9185],[24.1127,58.9195],[24.113,58.9195],[24.114,58.9204],[24.1146,58.9224],[24.1132,58.9235],[24.1132,58.9251],[24.115,58.926],[24.1152,58.927],[24.1168,58.9286],[24.1181,58.929],[24.1192,58.9301],[24.1209,58.9311],[24.1211,58.9313],[24.1229,58.9313],[24.1241,58.9324],[24.1269,58.933],[24.128,58.9342],[24.1277,58.935],[24.129,58.9377],[24.129,58.9387],[24.1284,58.9391],[24.1285,58.9404],[24.1277,58.9421],[24.1269,58.9426],[24.1272,58.9439],[24.1253,58.9456],[24.1264,58.9466],[24.125,58.9473],[24.126,58.9479],[24.126,58.9487],[24.1252,58.9488],[24.1243,58.9502],[24.122,58.9506],[24.1207,58.9514],[24.1206,58.9514],[24.1192,58.9519],[24.1177,58.9529],[24.1144,58.9544],[24.1139,58.9556],[24.1141,58.9573],[24.1139,58.9594],[24.1145,58.9639],[24.1141,58.9654],[24.1124,58.9661],[24.1129,58.9685],[24.1127,58.9694],[24.114,58.9707],[24.1133,58.9732],[24.1121,58.9742],[24.1125,58.9765],[24.1124,58.9774],[24.11,58.9794],[24.1085,58.9813],[24.1087,58.9825],[24.1061,58.986],[24.1066,58.9879],[24.1049,58.9909],[24.0999,58.9991],[24.0998,58.9993],[24.0996,58.9995],[24.0996,58.9996]]},"properties":{"name":"Liivi jõgi"}},
{"type":"Feature","geometry":{"type":"MultiLineString","coordinates":[[[23.6726,59.2358],[23.6723,59.2352],[23.673,59.2337],[23.6723,59.2333],[23.6706,59.2336],[23.6689,59.2324],[23.6685,59.2317],[23.6657,59.2313],[23.6666,59.2307],[23.6648,59.2286],[23.6633,59.2284],[23.6604,59.2277],[23.6575,59.2262],[23.6559,59.2235],[23.6504,59.2217],[23.6487,59.2199],[23.649,59.2182],[23.6479,59.2175],[23.6518,59.2146],[23.6526,59.2135],[23.651,59.2105],[23.6481,59.2087],[23.6483,59.2082],[23.6506,59.2062],[23.6533,59.2037],[23.6544,59.2018],[23.655,59.2015],[23.6642,59.1987],[23.6706,59.1989],[23.6732,59.1984],[23.6843,59.1961],[23.6845,59.1961],[23.685,59.196],[23.6871,59.1935],[23.6903,59.1906],[23.6919,59.187],[23.6929,59.1862],[23.6908,59.1843],[23.6902,59.1838],[23.6903,59.1836],[23.6902,59.1835],[23.6911,59.1822],[23.6932,59.1799],[23.6956,59.1798],[23.6957,59.1793],[23.698,59.179],[23.6981,59.1776],[23.6969,59.176],[23.698,59.1754],[23.6991,59.1736],[23.6978,59.1724],[23.6978,59.1718],[23.6957,59.1699],[23.6935,59.1688],[23.6926,59.1677],[23.6905,59.167],[23.6892,59.1659],[23.6908,59.1649],[23.6924,59.1651],[23.6961,59.1649],[23.6976,59.1642],[23.6994,59.1628],[23.7025,59.1611],[23.7037,59.1608],[23.7052,59.1612],[23.7056,59.162],[23.7083,59.1626],[23.7142,59.1626],[23.7206,59.1632],[23.7253,59.1623],[23.7261,59.1618],[23.7304,59.1604],[23.7351,59.1592],[23.7363,59.1583],[23.7365,59.1575],[23.739,59.1517],[23.7412,59.1498],[23.7429,59.147],[23.7447,59.1453],[23.749,59.1418],[23.7491,59.1411],[23.7498,59.1385],[23.7524,59.1366],[23.7537,59.1349],[23.7605,59.1249],[23.7607,59.1248],[23.7759,59.1247],[23.7837,59.1134],[23.7825,59.1044],[23.7884,59.0998]],[[23.6902,59.1838],[23.6908,59.1843]]]},"properties":{"name":"Nõva jõgi"}},
{"type":"Feature","geometry":{"type":"MultiLineString","coordinates":[[[26.7683,59.4997],[26.7682,59.4986],[26.7688,59.4968],[26.767,59.4947],[26.7651,59.493],[26.7635,59.4939],[26.7621,59.494],[26.7618,59.4946],[26.7581,59.4945],[26.7558,59.4948],[26.7534,59.4958],[26.7512,59.4961],[26.7487,59.4958],[26.7488,59.4951],[26.7467,59.4952],[26.746,59.4948],[26.7454,59.4935],[26.7436,59.4926],[26.7419,59.4935],[26.7395,59.4931],[26.7374,59.4932],[26.7373,59.4939],[26.7353,59.4939],[26.7331,59.4949],[26.7325,59.4943],[26.7299,59.4947],[26.7295,59.4942],[26.7276,59.494],[26.7276,59.495],[26.7274,59.4952],[26.7238,59.495],[26.7234,59.4956],[26.7212,59.4949],[26.7205,59.4955],[26.7188,59.4949],[26.7157,59.4961],[26.7133,59.496],[26.7124,59.4951],[26.7079,59.4964],[26.707,59.4976],[26.7059,59.4973],[26.7056,59.4987],[26.704,59.4983],[26.7017,59.4995],[26.6995,59.4993],[26.6981,59.4981],[26.6982,59.4966],[26.6976,59.4963],[26.6988,59.4953],[26.6987,59.4945],[26.6966,59.4937],[26.6953,59.4928],[26.6963,59.4923],[26.6969,59.4913],[26.6966,59.4907],[26.6982,59.4904],[26.6984,59.4903],[26.7026,59.4892],[26.7027,59.4887],[26.703,59.4877],[26.7038,59.487],[26.7063,59.4864],[26.7071,59.4852],[26.7088,59.4853],[26.7109,59.4835],[26.7124,59.4837],[26.7128,59.4821],[26.7118,59.4812],[26.7104,59.4813],[26.7106,59.4803],[26.7117,59.48],[26.7106,59.4789],[26.7104,59.4778],[26.713,59.4766],[26.7142,59.4758],[26.7152,59.4758],[26.7171,59.475],[26.7161,59.4745],[26.7163,59.4732],[26.717,59.4727],[26.7157,59.4714],[26.7159,59.4708],[26.7167,59.4707],[26.7174,59.4701],[26.7193,59.4703],[26.7214,59.4695],[26.7212,59.4686],[26.723,59.4687],[26.724,59.4685],[26.7229,59.4681],[26.721,59.4681],[26.7201,59.4675],[26.7226,59.4672],[26.7249,59.4672],[26.7232,59.4667],[26.7238,59.4662],[26.7261,59.4661],[26.7249,59.4672],[26.724,59.4685],[26.723,59.4687]],[[26.722,59.3101],[26.7208,59.3107],[26.7202,59.3136],[26.7214,59.3164],[26.7206,59.3185],[26.719,59.3199],[26.7166,59.3241],[26.7176,59.3255],[26.7163,59.3263],[26.7162,59.3265],[26.7159,59.33],[26.7142,59.3304],[26.7135,59.3318],[26.7122,59.3329],[26.7121,59.3329],[26.7112,59.3331],[26.7077,59.3352],[26.7067,59.3375],[26.7113,59.3443],[26.7128,59.3456],[26.7128,59.3458],[26.7128,59.3465],[26.7154,59.3503],[26.7085,59.3545],[26.7085,59.3546],[26.7034,59.3577],[26.6968,59.3618],[26.6973,59.363],[26.7024,59.3667],[26.7025,59.3667],[26.7045,59.3686],[26.7044,59.369],[26.6945,59.3761],[26.6941,59.3772],[26.6945,59.3787],[26.7001,59.3828],[26.7012,59.3838],[26.7032,59.3872],[26.7022,59.3883],[26.7005,59.3913],[26.7015,59.3942],[26.7008,59.3946],[26.7008,59.3948],[26.7007,59.3963],[26.7004,59.3977],[26.6993,59.3983],[26.6995,59.3991],[26.699,59.4005],[26.6974,59.4014],[26.6937,59.4027],[26.6954,59.4037],[26.6956,59.4047],[26.6972,59.4054],[26.6984,59.4066],[26.7004,59.4065],[26.7016,59.4071],[26.7011,59.4082],[26.7013,59.4094],[26.7028,59.4107],[26.7019,59.4114],[26.7019,59.4125],[26.7032,59.413],[26.7022,59.4141],[26.7017,59.4157],[26.7021,59.4173],[26.7052,59.4181],[26.7043,59.4185],[26.7036,59.42],[26.7049,59.4206],[26.7066,59.4226],[26.7065,59.4239],[26.7054,59.4246],[26.7054,59.426],[26.7047,59.4262],[26.705,59.4273],[26.7037,59.4282],[26.7036,59.4292],[26.7042,59.4295],[26.7052,59.431],[26.7059,59.4315],[26.7082,59.4318],[26.7086,59.4328],[26.7083,59.4342],[26.7082,59.4345],[26.7082,59.4358],[26.7087,59.437],[26.7106,59.4372],[26.7108,59.4382],[26.7098,59.439],[26.7112,59.4397],[26.7106,59.441],[26.712,59.4416],[26.712,59.4421],[26.7113,59.4424],[26.7112,59.4439],[26.7124,59.4446],[26.7122,59.4452],[26.713,59.4465],[26.7135,59.4477],[26.7124,59.4481],[26.7133,59.4492],[26.7144,59.4499],[26.7158,59.4498],[26.7165,59.4504],[26.7162,59.4514],[26.7184,59.452],[26.7171,59.4525],[26.7185,59.4532],[26.7204,59.4555],[26.7212,59.4555],[26.7222,59.4566],[26.7211,59.4567],[26.7235,59.459],[26.725,59.4594],[26.7254,59.4604],[26.7265,59.4616],[26.7246,59.4639],[26.7263,59.4655],[26.7261,59.4661]],[[26.6984,59.4903],[26.6982,59.4904]],[[26.7015,59.3942],[26.7008,59.3948]],[[26.7008,59.3946],[26.7005,59.395],[26.7007,59.3963]]]},"properties":{"name":"Pada jõgi"}},
{"type":"Feature","geometry":{"type":"MultiLineString","coordinates":[[[26.5315,59.52],[26.5344,59.5195],[26.5376,59.5179],[26.5383,59.5167],[26.5384,59.5157],[26.5368,59.5141],[26.5363,59.5123],[26.5375,59.5118],[26.539,59.5108],[26.5382,59.5101],[26.5396,59.5092],[26.5395,59.5079],[26.5382,59.5053],[26.5388,59.5046],[26.5412,59.5038],[26.5419,59.5033],[26.5423,59.502],[26.5414,59.5011],[26.5417,59.5003],[26.5408,59.499],[26.5387,59.4987],[26.5381,59.4973],[26.5384,59.4962],[26.5368,59.4946],[26.5362,59.4936],[26.5355,59.4929],[26.5329,59.4936],[26.5308,59.4936],[26.5295,59.493],[26.5275,59.4932],[26.5273,59.4926],[26.5261,59.4918],[26.5272,59.4915],[26.5286,59.4918],[26.5296,59.491],[26.5271,59.4904],[26.5268,59.4885],[26.5273,59.4882],[26.5273,59.488],[26.5284,59.4872],[26.5287,59.4865],[26.5309,59.4854],[26.5307,59.4852],[26.5315,59.485],[26.5322,59.4844],[26.534,59.4838],[26.5381,59.4829],[26.5397,59.4824],[26.5393,59.4819],[26.5369,59.4814],[26.5365,59.4806],[26.5387,59.4801],[26.5393,59.4791],[26.5404,59.4783],[26.5399,59.4778],[26.5381,59.4773],[26.5381,59.4763],[26.5367,59.476],[26.5384,59.474],[26.5409,59.473],[26.5399,59.4718],[26.5419,59.4703],[26.5449,59.4703],[26.5459,59.4698],[26.5451,59.4692],[26.5446,59.4688],[26.5461,59.4679],[26.5463,59.467],[26.5445,59.4664],[26.5465,59.4659],[26.5465,59.4641],[26.5448,59.4634],[26.5469,59.4629],[26.5467,59.4621],[26.5448,59.4621],[26.5457,59.4609],[26.5479,59.4608],[26.549,59.4595],[26.5471,59.4594],[26.5464,59.4579],[26.5443,59.4567],[26.5436,59.4557],[26.5451,59.4549],[26.5451,59.4532],[26.5434,59.4525],[26.5406,59.4527],[26.5395,59.4519],[26.5375,59.4514],[26.5356,59.4514],[26.5343,59.4518],[26.5311,59.4524],[26.5295,59.453],[26.5276,59.4521],[26.5259,59.4524],[26.5217,59.4525],[26.5206,59.4521],[26.5173,59.4522],[26.5167,59.4516],[26.5139,59.4503],[26.5138,59.4491],[26.514,59.4488],[26.5141,59.4487],[26.5174,59.4458],[26.5189,59.4444],[26.52,59.4427],[26.5208,59.4421],[26.5228,59.4407],[26.5233,59.4402],[26.5244,59.4393],[26.5268,59.4375],[26.5278,59.4358],[26.5292,59.4352],[26.5303,59.4333],[26.5299,59.4315],[26.5297,59.4304],[26.5319,59.4282],[26.5336,59.4265],[26.5346,59.4259],[26.5363,59.4241],[26.5372,59.4215],[26.5368,59.4202],[26.5369,59.419],[26.5378,59.4183],[26.541,59.4172],[26.5426,59.4148],[26.5432,59.4125],[26.5447,59.4114],[26.5479,59.4101],[26.5493,59.4092],[26.5498,59.4081],[26.5508,59.4077],[26.5535,59.4079],[26.5561,59.4073],[26.5593,59.4069],[26.5624,59.405],[26.5627,59.4036],[26.5652,59.4017],[26.5684,59.4006],[26.5692,59.3989],[26.57,59.3957],[26.5707,59.3949],[26.5714,59.3932],[26.5737,59.392],[26.5746,59.3918],[26.5757,59.3909],[26.5785,59.3893],[26.5797,59.3888],[26.5817,59.3872],[26.5827,59.3855],[26.5847,59.3844],[26.5855,59.3829],[26.5887,59.3822],[26.5885,59.3815],[26.5858,59.3803],[26.5857,59.3796],[26.5861,59.3776],[26.5852,59.3771],[26.5823,59.3763],[26.5803,59.3748],[26.581,59.3739],[26.582,59.3732],[26.5842,59.3725],[26.5849,59.3709],[26.587,59.3705],[26.5875,59.3699],[26.5899,59.3697],[26.5899,59.3687],[26.5912,59.3687],[26.5914,59.3678],[26.5902,59.3677],[26.5908,59.3661],[26.5933,59.3661],[26.5946,59.3651],[26.5933,59.3635],[26.5935,59.3627],[26.5966,59.3613],[26.598,59.3604],[26.5976,59.359],[26.5992,59.3577],[26.6005,59.3569],[26.6041,59.3555],[26.6063,59.3553],[26.6065,59.3548],[26.6091,59.3538],[26.6097,59.3525],[26.6084,59.352],[26.6097,59.3508],[26.6095,59.3505],[26.6087,59.3492],[26.6077,59.3488],[26.6092,59.3479],[26.6128,59.3461],[26.6138,59.345],[26.6155,59.3446],[26.6158,59.3434],[26.6144,59.3413],[26.616,59.3392],[26.6161,59.3354],[26.6165,59.3343],[26.6188,59.3337],[26.6187,59.3326],[26.6194,59.3319],[26.6187,59.3305],[26.62,59.3293],[26.6187,59.3278],[26.6191,59.3265],[26.6229,59.3257],[26.6252,59.3259],[26.6265,59.3251],[26.6267,59.3235],[26.6268,59.322],[26.6288,59.3208],[26.6295,59.3195],[26.6289,59.3186],[26.63,59.3177],[26.6302,59.3169],[26.6314,59.3158],[26.6331,59.3153],[26.6354,59.3132],[26.6421,59.3102],[26.6443,59.3085],[26.6461,59.3078],[26.6457,59.307],[26.6439,59.3058],[26.6451,59.3045],[26.6455,59.3043],[26.6475,59.3042],[26.6485,59.3041],[26.6499,59.3033],[26.6532,59.3035],[26.6543,59.3033],[26.6578,59.3029],[26.658,59.3015],[26.6591,59.301],[26.6585,59.3],[26.6605,59.2995],[26.6619,59.2996],[26.6647,59.2989],[26.666,59.2975],[26.6682,59.2973],[26.6697,59.2968],[26.6699,59.2954],[26.6667,59.2937],[26.6621,59.2919],[26.6621,59.2912],[26.6608,59.2906],[26.6615,59.2898],[26.6601,59.2879],[26.6606,59.2862],[26.6634,59.2858],[26.6646,59.2848],[26.6663,59.2849],[26.6667,59.284],[26.668,59.2839],[26.6712,59.2845],[26.6726,59.2842],[26.6745,59.2854],[26.6751,59.2845],[26.6782,59.284],[26.6799,59.2828],[26.6809,59.2834],[26.6823,59.2826],[26.6831,59.2815],[26.686,59.2807],[26.6853,59.2797],[26.686,59.2777],[26.6878,59.2774],[26.6888,59.2787],[26.6904,59.2783],[26.6906,59.2775],[26.6918,59.2764],[26.6909,59.2756],[26.6894,59.2758],[26.6877,59.2751],[26.6854,59.2746],[26.6841,59.275],[26.682,59.2742],[26.6794,59.2738],[26.68,59.2728],[26.6782,59.272],[26.6763,59.2722],[26.675,59.2718],[26.6749,59.2706],[26.6739,59.2702],[26.672,59.2705],[26.6697,59.2704],[26.6673,59.2696],[26.6655,59.2702],[26.6638,59.2698],[26.662,59.2696],[26.6614,59.2685],[26.6622,59.2672],[26.6612,59.2654],[26.6626,59.2639],[26.6624,59.2617],[26.6616,59.2609],[26.6636,59.2596],[26.6651,59.2591],[26.6651,59.2584],[26.6636,59.2577],[26.6639,59.2558],[26.6629,59.2553],[26.6642,59.2537],[26.6629,59.2533],[26.663,59.2519],[26.6646,59.2507],[26.6659,59.2503],[26.6658,59.2497],[26.667,59.2484],[26.6696,59.2464],[26.6761,59.2412],[26.675,59.2397],[26.6751,59.2386],[26.6726,59.2369],[26.6718,59.236],[26.6711,59.2342],[26.6691,59.2339],[26.6667,59.2339],[26.6663,59.2348],[26.6648,59.2345],[26.6635,59.2352],[26.6622,59.2348],[26.6592,59.2348],[26.6581,59.2344],[26.6567,59.2337],[26.6547,59.2337],[26.6518,59.2331],[26.6499,59.2322],[26.6446,59.2319],[26.6433,59.2321],[26.642,59.2328],[26.6388,59.2322],[26.6371,59.2325],[26.6337,59.2326],[26.6316,59.2321],[26.63,59.2322],[26.6285,59.2311],[26.6266,59.2307],[26.6247,59.2312],[26.6226,59.2312],[26.6191,59.2304],[26.6178,59.2307],[26.6164,59.2302],[26.6124,59.2313],[26.6122,59.2312],[26.6104,59.2313],[26.6104,59.2319],[26.6065,59.231],[26.6057,59.2315],[26.6007,59.2313],[26.6,59.2323],[26.5965,59.2323],[26.5953,59.2317],[26.5923,59.2312],[26.589,59.2315],[26.5866,59.2308],[26.5845,59.2305],[26.5828,59.2299],[26.5835,59.2294],[26.5807,59.2277],[26.5786,59.2281],[26.5762,59.2268],[26.5714,59.2263],[26.5712,59.2263],[26.5664,59.2257],[26.5664,59.225],[26.5639,59.2245],[26.5626,59.2229],[26.5591,59.2219],[26.56,59.2202],[26.5589,59.2194],[26.5601,59.2179],[26.5613,59.2175],[26.5629,59.2163],[26.5614,59.2152],[26.5623,59.2147],[26.5614,59.2141],[26.5612,59.2126],[26.5606,59.2118],[26.5608,59.2108],[26.5619,59.2109],[26.5653,59.2071],[26.5677,59.2066],[26.5678,59.2066],[26.5678,59.2059],[26.5693,59.2053],[26.5698,59.2039],[26.5736,59.2026],[26.5745,59.2014],[26.574,59.201],[26.5759,59.2002],[26.5776,59.2004],[26.5789,59.1997],[26.5787,59.1987],[26.5812,59.198],[26.5802,59.1972],[26.5816,59.1961],[26.5803,59.1953],[26.5811,59.1948],[26.5819,59.1928],[26.5811,59.1925],[26.5788,59.1922],[26.5763,59.1922],[26.5759,59.1917],[26.5786,59.1899],[26.5774,59.1891],[26.5782,59.1881],[26.5792,59.1871],[26.58,59.1858],[26.5818,59.1851],[26.5832,59.1863],[26.5871,59.1858],[26.5872,59.1842],[26.5863,59.183],[26.5845,59.1826],[26.5832,59.1803],[26.5841,59.1795],[26.5841,59.1794],[26.5845,59.1781],[26.5862,59.1779],[26.5862,59.1772],[26.5849,59.1771],[26.5846,59.1763]],[[26.51,59.4474],[26.5138,59.4491]],[[26.6097,59.3508],[26.6097,59.3525]],[[26.5902,59.3677],[26.5899,59.3687]],[[26.6475,59.3042],[26.6451,59.3045]],[[26.5426,59.4148],[26.5409,59.4154],[26.5405,59.4161],[26.541,59.4172]],[[26.5382,59.5101],[26.5373,59.511],[26.5375,59.5118]],[[26.5315,59.485],[26.5309,59.4854]],[[26.5284,59.4872],[26.5295,59.4876],[26.5273,59.4882]],[[26.5292,59.4352],[26.5278,59.4358]],[[26.5784,59.1881],[26.5782,59.1881]],[[26.5301,59.4852],[26.5298,59.4852],[26.5267,59.487],[26.5273,59.488]],[[26.5136,59.4436],[26.5124,59.4427],[26.511,59.4433],[26.5117,59.4443],[26.5128,59.4444],[26.5136,59.4436],[26.5151,59.4435],[26.52,59.4427]],[[26.5125,59.4448],[26.5108,59.4449],[26.5086,59.4438],[26.5069,59.4439],[26.5073,59.445],[26.509,59.4452],[26.5102,59.4456],[26.5119,59.4457],[26.5125,59.4448],[26.5128,59.4444]],[[26.5792,59.1871],[26.5784,59.1881],[26.5774,59.1891]],[[26.6433,59.2321],[26.6446,59.2319]],[[26.6567,59.2337],[26.6581,59.2344]],[[26.5307,59.4852],[26.5301,59.4852]],[[26.5119,59.4457],[26.5095,59.4464],[26.51,59.4474]]]},"properties":{"name":"Kunda jõgi"}},
{"type":"Feature","geometry":{"type":"MultiLineString","coordinates":[[[26.4458,59.4261],[26.4451,59.4271],[26.4454,59.428],[26.4432,59.4297],[26.4431,59.4298],[26.4485,59.4326],[26.4486,59.4327],[26.4507,59.4359],[26.4546,59.4406],[26.4567,59.4413],[26.4591,59.4424],[26.4607,59.4437],[26.4619,59.446],[26.4647,59.4473],[26.4648,59.4516],[26.4634,59.4533],[26.4638,59.4545]],[[26.4742,59.5287],[26.472,59.5272],[26.4697,59.5241],[26.4685,59.5237],[26.4681,59.5236],[26.4658,59.5231],[26.4648,59.5215],[26.4627,59.5214],[26.4612,59.5209],[26.4598,59.5197],[26.4602,59.5187],[26.4568,59.5182],[26.4563,59.5186],[26.4523,59.5194],[26.4516,59.5191],[26.4507,59.5178],[26.4518,59.5176],[26.4525,59.5159],[26.4532,59.5152],[26.4507,59.514],[26.454,59.5118],[26.4544,59.5111],[26.4539,59.5104],[26.4541,59.5095],[26.4566,59.509],[26.4574,59.508],[26.4617,59.5083],[26.4619,59.5066],[26.4631,59.5059],[26.4657,59.5053],[26.4689,59.5041],[26.4702,59.5032],[26.4713,59.5018],[26.4749,59.5006],[26.4749,59.4999],[26.4764,59.4995],[26.4765,59.4987],[26.4762,59.4986],[26.4758,59.4973],[26.477,59.4971],[26.4792,59.4973],[26.481,59.4967],[26.4811,59.4962],[26.4828,59.4949],[26.4834,59.4935],[26.4844,59.4928],[26.4816,59.4919],[26.4795,59.4917],[26.4791,59.4906],[26.4774,59.4902],[26.4753,59.4904],[26.4745,59.49],[26.4745,59.4889],[26.4719,59.4885],[26.4716,59.4876],[26.4698,59.4873],[26.4698,59.4861],[26.4704,59.4851],[26.47,59.4843],[26.4702,59.4829],[26.4719,59.482]],[[26.4459,59.426],[26.4462,59.426],[26.4463,59.4259],[26.4467,59.4256],[26.4473,59.4247],[26.4463,59.4237],[26.4458,59.4212],[26.4479,59.4202],[26.4499,59.4189],[26.4513,59.4184],[26.4528,59.4173],[26.4535,59.4163],[26.4528,59.4155],[26.4527,59.4154],[26.4508,59.4134],[26.4553,59.4096],[26.4545,59.4088],[26.452,59.404],[26.4522,59.4028]],[[26.4758,59.3723],[26.4733,59.3743],[26.4665,59.3785],[26.465,59.3816],[26.465,59.3817],[26.4638,59.3842],[26.4636,59.3854],[26.4636,59.3855],[26.4632,59.3882],[26.4632,59.3883],[26.4627,59.391],[26.4627,59.3911],[26.4623,59.3933],[26.4619,59.3948],[26.4591,59.3966],[26.4579,59.3983],[26.4537,59.4017],[26.4522,59.4027]],[[26.4638,59.4546],[26.4649,59.4559],[26.4676,59.4574],[26.4683,59.4581],[26.4681,59.4591],[26.4697,59.4597],[26.4742,59.4602],[26.4749,59.4608],[26.4736,59.4623],[26.4707,59.4632],[26.4705,59.4633],[26.4709,59.464],[26.4697,59.4648],[26.4689,59.4667],[26.4687,59.4679],[26.4679,59.4686],[26.4672,59.4698],[26.469,59.4714],[26.4674,59.4721],[26.4669,59.4741],[26.4656,59.4757],[26.4656,59.4759],[26.4655,59.476],[26.4685,59.4764],[26.4691,59.4775],[26.4733,59.478],[26.4739,59.4786],[26.472,59.4794],[26.4739,59.4813],[26.472,59.482]]]},"properties":{"name":"Toolse jõgi"}},
{"type":"Feature","geometry":{"type":"MultiLineString","coordinates":[[[24.2786,59.4045],[24.2807,59.4028],[24.2823,59.4025],[24.2827,59.402],[24.2815,59.4009],[24.2849,59.3995],[24.2857,59.3984],[24.2855,59.3974],[24.2872,59.3966],[24.2892,59.397],[24.2931,59.3974],[24.2946,59.3969],[24.2947,59.3962],[24.2947,59.3957],[24.2946,59.3949],[24.2947,59.3943],[24.2961,59.3938],[24.2967,59.3945],[24.297,59.3944],[24.2982,59.3937],[24.298,59.3928],[24.2988,59.3924],[24.301,59.3925],[24.3032,59.3913],[24.3057,59.3915],[24.3064,59.391],[24.3074,59.3885],[24.3081,59.3883],[24.3099,59.388],[24.3105,59.3867],[24.3135,59.3858],[24.3145,59.3838],[24.3156,59.3827],[24.3186,59.3799],[24.325,59.3766],[24.3258,59.3755],[24.3277,59.3739],[24.3284,59.3717],[24.3307,59.3714],[24.3342,59.3718],[24.3359,59.3712],[24.3359,59.3703],[24.337,59.3697],[24.3383,59.3695],[24.3423,59.3696],[24.3454,59.3686],[24.3464,59.3676],[24.3474,59.3674],[24.3492,59.3677],[24.3525,59.3673],[24.3533,59.3669],[24.3542,59.3651],[24.3564,59.3635],[24.3579,59.3628],[24.3601,59.3623],[24.3632,59.3609],[24.3667,59.3605],[24.3676,59.3592],[24.37,59.3573],[24.3703,59.3564],[24.3687,59.3555],[24.3698,59.3543],[24.3711,59.3535],[24.373,59.3536],[24.3738,59.3547],[24.3748,59.3552],[24.377,59.3549],[24.3811,59.3556],[24.3823,59.3553],[24.3839,59.3536],[24.3878,59.3539],[24.3908,59.3529],[24.3915,59.352],[24.3909,59.3507],[24.3938,59.3494],[24.396,59.3497],[24.4004,59.3495],[24.4013,59.3485],[24.3992,59.3472],[24.3994,59.3466],[24.4024,59.3465],[24.4028,59.3452],[24.4035,59.344],[24.4049,59.3431],[24.4058,59.3429],[24.408,59.3434],[24.4096,59.343],[24.4128,59.3425],[24.4123,59.3412],[24.4128,59.3403],[24.416,59.3394],[24.4161,59.3376],[24.4151,59.3363],[24.4158,59.3347],[24.4166,59.3341],[24.4177,59.3329],[24.4178,59.3327],[24.4179,59.3317],[24.4195,59.3287],[24.4201,59.3272],[24.4211,59.326],[24.4239,59.3244],[24.4246,59.3228],[24.4244,59.3217],[24.428,59.3206],[24.4272,59.3181],[24.4307,59.3176],[24.4338,59.3164],[24.4352,59.316],[24.4368,59.3143],[24.4383,59.3139],[24.4353,59.3121],[24.4347,59.3113],[24.4343,59.3108],[24.435,59.3091],[24.4353,59.3072],[24.4357,59.3067],[24.4346,59.3056],[24.4351,59.3031],[24.4343,59.3021],[24.4332,59.3017],[24.4343,59.3004],[24.4375,59.3],[24.4386,59.3002],[24.44,59.2994],[24.441,59.2982],[24.441,59.2973],[24.4427,59.2971],[24.4438,59.2947],[24.4456,59.2942],[24.4453,59.2933],[24.4445,59.2924],[24.4462,59.2911],[24.448,59.2904],[24.4496,59.2901],[24.4517,59.2888],[24.4533,59.2882],[24.4529,59.2871],[24.456,59.2863],[24.4581,59.2868],[24.4598,59.2862],[24.4602,59.2853],[24.462,59.2843],[24.4628,59.2835],[24.4641,59.2832],[24.4665,59.2837],[24.4673,59.2828],[24.4697,59.2821],[24.4709,59.2814],[24.4737,59.2804],[24.4748,59.2788],[24.4767,59.2778],[24.4767,59.2775],[24.4747,59.2769],[24.4761,59.2754],[24.4779,59.2744],[24.48,59.2741],[24.4813,59.2734],[24.4832,59.2732],[24.484,59.2719],[24.4848,59.2717],[24.4849,59.2717],[24.4851,59.2717],[24.4857,59.2721],[24.4891,59.2731],[24.4904,59.2737],[24.4915,59.2728],[24.4924,59.2732],[24.4921,59.274],[24.4952,59.2744],[24.4989,59.2738],[24.5011,59.2749],[24.5041,59.2754],[24.5062,59.276],[24.5091,59.2757],[24.5104,59.2744],[24.513,59.2746],[24.515,59.2743],[24.5163,59.2736],[24.5193,59.274],[24.5221,59.2735],[24.5239,59.2733],[24.5265,59.2739],[24.5284,59.2738],[24.5292,59.272],[24.5325,59.2724],[24.5347,59.2735],[24.5358,59.2734],[24.5359,59.2726],[24.5374,59.2724],[24.5394,59.2734],[24.5425,59.2737],[24.5447,59.275],[24.5486,59.2754],[24.5492,59.2745],[24.5512,59.2739],[24.553,59.2737],[24.5537,59.2733],[24.5556,59.273],[24.5563,59.2731],[24.5574,59.2731],[24.5582,59.2735],[24.5597,59.2725],[24.5616,59.2723],[24.5622,59.2714],[24.5647,59.27],[24.5688,59.27],[24.5722,59.2702],[24.575,59.2687],[24.5767,59.2689],[24.5766,59.268],[24.5786,59.2665],[24.58,59.2669],[24.5815,59.266],[24.5836,59.2664],[24.5834,59.2671],[24.5841,59.2668],[24.5851,59.2674],[24.5877,59.2676],[24.5894,59.268],[24.592,59.2653],[24.5927,59.265],[24.5952,59.2656],[24.5963,59.2653],[24.5983,59.2655],[24.599,59.2651],[24.6025,59.2649],[24.6034,59.2642],[24.6039,59.2644],[24.6052,59.2643],[24.6076,59.2635],[24.6088,59.2641],[24.6094,59.2651],[24.6108,59.2661],[24.6121,59.266],[24.6115,59.2651],[24.6131,59.2644],[24.615,59.2653],[24.6156,59.2642],[24.6163,59.264],[24.6176,59.2654],[24.6168,59.2665],[24.6149,59.267],[24.6166,59.2682],[24.6178,59.2679],[24.6172,59.2668],[24.6186,59.267],[24.6206,59.266],[24.6232,59.2653],[24.6268,59.265],[24.6304,59.2665],[24.6311,59.2662],[24.6306,59.2648],[24.6288,59.2639],[24.6293,59.2636],[24.6339,59.264],[24.6344,59.2636],[24.6357,59.2629],[24.6351,59.2615],[24.6371,59.2619],[24.6381,59.2611],[24.6377,59.2603],[24.6389,59.26],[24.6384,59.2586],[24.6354,59.2583],[24.6364,59.2575],[24.6353,59.2565],[24.6353,59.2558],[24.6368,59.2553],[24.6405,59.2549],[24.6407,59.2543],[24.6388,59.2534],[24.64,59.2528],[24.6413,59.253],[24.6433,59.2526],[24.6431,59.2513],[24.6443,59.2512],[24.6444,59.2513],[24.6447,59.2515],[24.6457,59.2515],[24.6454,59.2515],[24.6447,59.2515]],[[25.156,59.0048],[25.15,59.0065],[25.1467,59.0072],[25.142,59.0068],[25.1402,59.0056],[25.1348,59.0028],[25.1346,59.0027],[25.1268,58.9991],[25.1273,58.9974],[25.1269,58.9953],[25.1164,58.9917],[25.1128,58.9897],[25.1105,58.9864],[25.1101,58.9818],[25.1098,58.9814],[25.1097,58.9812],[25.1066,58.9806],[25.102,58.9792],[25.0997,58.978],[25.0979,58.9732],[25.0951,58.9683],[25.0941,58.9668],[25.0878,58.9645],[25.0851,58.9646],[25.0806,58.9668],[25.0776,58.9671],[25.0758,58.9676],[25.0721,58.9693],[25.0721,58.9719],[25.0716,58.9725],[25.0716,58.9726],[25.0711,58.9733],[25.0697,58.9735],[25.0657,58.9721],[25.0504,58.9666],[25.0384,58.9649],[25.0379,58.9649],[25.0255,58.9728],[25.0232,58.9744],[25.0229,58.9754],[25.0223,58.983],[25.0221,58.9846],[25.0183,58.9883],[25.0181,58.9896],[25.0194,58.9925],[25.0214,58.9931],[25.0201,58.994],[25.0201,58.9948],[25.0213,58.9949],[25.0237,58.9966],[25.0257,58.9989],[25.0255,58.9998],[25.021,59.0014],[25.0166,59.0015],[25.015,59.002],[25.0149,59.0034],[25.0159,59.0039],[25.0151,59.0044],[25.0116,59.0055],[25.0109,59.0063],[25.0117,59.0073],[25.0111,59.008],[25.0086,59.0076],[25.0078,59.0078],[25.0077,59.009],[25.0066,59.0103],[25.0047,59.0104],[25.002,59.009],[24.999,59.0091],[24.9979,59.0099],[24.9966,59.0102],[24.9959,59.0109],[24.9937,59.0111],[24.9921,59.0103],[24.9918,59.0096],[24.9908,59.0098],[24.9895,59.0107],[24.9888,59.0097],[24.9862,59.0093],[24.9827,59.0082],[24.9811,59.0089],[24.9792,59.0083],[24.9782,59.0086],[24.9769,59.0077],[24.9752,59.0086],[24.9757,59.0098],[24.9739,59.0111],[24.9734,59.01],[24.9706,59.0101],[24.9701,59.011],[24.9686,59.0113],[24.9681,59.012],[24.9641,59.0116],[24.9631,59.0108],[24.961,59.0115],[24.9604,59.0122],[24.9591,59.0124],[24.9596,59.0132],[24.9594,59.0141],[24.9576,59.0138],[24.956,59.0143],[24.9544,59.0156],[24.9516,59.0156],[24.9471,59.0174],[24.9439,59.0173],[24.9423,59.0168],[24.9403,59.0174],[24.9386,59.0186],[24.936,59.0191],[24.935,59.0194],[24.9332,59.0211],[24.9323,59.0214],[24.9298,59.0214],[24.9293,59.0222],[24.9277,59.0234],[24.9243,59.0247],[24.9232,59.0267],[24.9203,59.0272],[24.9191,59.0269],[24.9172,59.0277],[24.9156,59.0294],[24.9136,59.0289],[24.9125,59.0291],[24.9121,59.0301],[24.9143,59.0308],[24.9134,59.0314],[24.9109,59.0316],[24.9101,59.0327],[24.9072,59.0331],[24.9073,59.0337],[24.9046,59.0339],[24.9032,59.0345],[24.9021,59.034],[24.9017,59.0344],[24.903,59.0356],[24.9012,59.0362],[24.9022,59.0372],[24.8988,59.0381],[24.9001,59.0396],[24.8993,59.0407],[24.901,59.0412],[24.9017,59.0419],[24.9004,59.0424],[24.9008,59.0433],[24.8999,59.0441],[24.899,59.0442],[24.8958,59.045],[24.8946,59.0461],[24.8948,59.0469],[24.8939,59.0474],[24.8952,59.0497],[24.8929,59.0507],[24.8883,59.0499],[24.8939,59.0474]],[[24.8495,59.0679],[24.8488,59.068],[24.8466,59.0693],[24.8453,59.0706],[24.8443,59.0708],[24.845,59.0716],[24.8435,59.0723],[24.8407,59.0719],[24.839,59.0726],[24.8381,59.0749],[24.8383,59.0758],[24.8368,59.076],[24.8353,59.0758],[24.8343,59.076],[24.8333,59.0776],[24.8334,59.0784],[24.8327,59.079],[24.831,59.0781],[24.8285,59.08],[24.8285,59.0812],[24.8293,59.0837],[24.8285,59.0844],[24.8259,59.0854],[24.8234,59.0867],[24.822,59.0856],[24.8211,59.0864],[24.8192,59.0868],[24.8183,59.0874],[24.8169,59.0869],[24.8158,59.0876],[24.8163,59.0888],[24.8181,59.0883],[24.8183,59.089],[24.8177,59.0901],[24.8199,59.0895],[24.8203,59.0902],[24.8184,59.0912],[24.8191,59.0921],[24.8172,59.0933],[24.8156,59.0934],[24.8156,59.094],[24.8141,59.0951],[24.8148,59.0958],[24.8139,59.0965],[24.8133,59.0977],[24.814,59.0984],[24.8152,59.0986],[24.8143,59.0995],[24.8157,59.0999],[24.8141,59.1006],[24.8148,59.1013],[24.8171,59.1014],[24.8171,59.1026],[24.82,59.1026],[24.8207,59.1031],[24.819,59.1037],[24.8187,59.1039],[24.8188,59.1043],[24.8167,59.1055],[24.8157,59.1056],[24.814,59.1056],[24.8112,59.1066],[24.809,59.107],[24.8074,59.1085],[24.8052,59.1092],[24.8028,59.1094],[24.8028,59.1108],[24.8056,59.1115],[24.8071,59.1117],[24.8043,59.1123],[24.8026,59.1143],[24.8011,59.1142],[24.7974,59.1165],[24.7975,59.1172],[24.7981,59.1185],[24.7993,59.1192],[24.7983,59.1205],[24.7973,59.1208],[24.7961,59.1219],[24.7969,59.1237],[24.795,59.1243],[24.7945,59.1253],[24.793,59.126],[24.7914,59.1278],[24.7895,59.1286],[24.7873,59.1298],[24.7862,59.1308],[24.786,59.1319],[24.7847,59.1333],[24.785,59.1347],[24.7841,59.1356],[24.7832,59.1366],[24.7839,59.139],[24.7849,59.1408],[24.7823,59.1408],[24.781,59.1415],[24.7796,59.1436],[24.7781,59.1438],[24.7777,59.1448],[24.7786,59.1459],[24.7796,59.1462],[24.7774,59.1474],[24.777,59.1491],[24.7789,59.15],[24.7772,59.1511],[24.7751,59.1516],[24.7756,59.1522],[24.7737,59.153],[24.7726,59.153],[24.7706,59.1549],[24.7696,59.1563],[24.7688,59.1585],[24.769,59.1601],[24.7681,59.1606],[24.764,59.161],[24.7631,59.1619],[24.7644,59.1633],[24.7642,59.1639],[24.762,59.1639],[24.7604,59.1646],[24.7596,59.1648],[24.7587,59.1658],[24.7573,59.1663],[24.7565,59.1671],[24.7573,59.1674],[24.7582,59.168],[24.7604,59.1685],[24.7592,59.1693],[24.7567,59.1701],[24.7563,59.1717],[24.7568,59.1727],[24.7556,59.174],[24.7537,59.1744],[24.7511,59.1743],[24.7492,59.1744],[24.7476,59.1763],[24.7477,59.178],[24.7472,59.1795],[24.746,59.1802],[24.7465,59.1808],[24.7459,59.1817],[24.7441,59.1821],[24.7453,59.1828],[24.7424,59.1831],[24.7404,59.1839],[24.7402,59.1859],[24.7387,59.1866],[24.7362,59.187],[24.7363,59.1892],[24.738,59.1905],[24.7386,59.1915],[24.7388,59.1936],[24.737,59.1949],[24.7376,59.1963],[24.7373,59.1969],[24.7334,59.1981],[24.732,59.1992],[24.7297,59.1995],[24.729,59.2006],[24.725,59.2021],[24.723,59.2042],[24.721,59.2046],[24.7216,59.2058],[24.7205,59.2063],[24.7188,59.2069],[24.7179,59.2071],[24.7165,59.2092],[24.7167,59.2099],[24.7155,59.2104],[24.7167,59.2114],[24.7171,59.2123],[24.7153,59.2125],[24.7142,59.2116],[24.7121,59.2124],[24.7114,59.2158],[24.7093,59.216],[24.7089,59.2167],[24.7088,59.2174],[24.7075,59.2182],[24.708,59.2189],[24.7098,59.2191],[24.71,59.2205],[24.7073,59.2201],[24.707,59.2206],[24.7082,59.2226],[24.7066,59.2237],[24.7076,59.2248],[24.7078,59.2259],[24.709,59.2269],[24.7085,59.2273],[24.7058,59.2274],[24.704,59.227],[24.7033,59.2289],[24.7019,59.2296],[24.6997,59.2295],[24.694,59.2323],[24.6917,59.231],[24.6898,59.2313],[24.6874,59.2324],[24.6876,59.2334],[24.6862,59.2332],[24.684,59.233],[24.6835,59.2338],[24.6822,59.234],[24.6807,59.2346],[24.6799,59.2344],[24.6768,59.2345],[24.6768,59.2358],[24.6778,59.236],[24.6765,59.2364],[24.6747,59.2368],[24.6732,59.2384],[24.6717,59.2377],[24.6698,59.2379],[24.6687,59.2371],[24.6676,59.2377],[24.6686,59.2383],[24.6671,59.2387],[24.666,59.238],[24.665,59.2382],[24.664,59.2399],[24.6655,59.2403],[24.6639,59.2416],[24.6635,59.2419],[24.6633,59.2414],[24.6638,59.2404],[24.6617,59.2408],[24.6604,59.2406],[24.6589,59.2411],[24.6585,59.2418],[24.6611,59.243],[24.6595,59.2436],[24.6601,59.244],[24.6619,59.244],[24.6611,59.2447],[24.6594,59.2442],[24.6579,59.2454],[24.6563,59.2459],[24.6582,59.2472],[24.6566,59.2473],[24.6567,59.2484],[24.6585,59.2488],[24.6612,59.2487],[24.6616,59.2495],[24.6602,59.2498],[24.6583,59.2496],[24.6568,59.2506],[24.6537,59.2506],[24.6546,59.2513],[24.6527,59.2514],[24.6526,59.2505],[24.6518,59.2504],[24.6514,59.2515],[24.6518,59.2526],[24.6488,59.2517],[24.6457,59.2515]],[[24.8742,59.0533],[24.8731,59.0542],[24.8731,59.0552],[24.8722,59.0568],[24.8706,59.0574],[24.8677,59.0568],[24.8647,59.0571],[24.8625,59.0581],[24.8607,59.0581],[24.86,59.0595],[24.859,59.0607],[24.8578,59.061],[24.8588,59.0623],[24.8611,59.0622],[24.8634,59.063],[24.8623,59.065],[24.8586,59.0665],[24.8579,59.0677],[24.854,59.0691],[24.8518,59.0686],[24.8513,59.0679],[24.8495,59.0679]],[[24.4386,59.3002],[24.4387,59.3012],[24.4405,59.3018],[24.4404,59.3031],[24.442,59.3042],[24.4398,59.3054],[24.4379,59.3055],[24.4364,59.306],[24.4357,59.3067]],[[24.7604,59.1646],[24.7609,59.1653],[24.7587,59.1658]],[[24.6807,59.2346],[24.6794,59.2351],[24.6793,59.2352],[24.6778,59.236]],[[24.4857,59.2721],[24.4851,59.2717]],[[24.6443,59.2512],[24.6442,59.2511],[24.6431,59.2513]],[[24.6433,59.2526],[24.6463,59.2531],[24.6471,59.2537],[24.6454,59.2546],[24.6462,59.2553],[24.6452,59.2562],[24.644,59.256],[24.642,59.2549],[24.6412,59.2537],[24.6413,59.253]],[[24.6639,59.2416],[24.6633,59.2414]],[[24.6635,59.2419],[24.6619,59.244]],[[24.2967,59.3945],[24.2946,59.3949]],[[24.8873,59.0503],[24.8859,59.051],[24.8785,59.0522],[24.8772,59.0528],[24.8757,59.0528],[24.8742,59.0533]],[[24.8883,59.0499],[24.8873,59.0503]],[[24.5574,59.2731],[24.5569,59.2731],[24.5563,59.2731]],[[24.819,59.1037],[24.8187,59.1039]],[[24.8157,59.1056],[24.814,59.1056]]]},"properties":{"name":"Keila jõgi"}},
{"type":"Feature","geometry":{"type":"MultiLineString","coordinates":[[[25.5177,58.8641],[25.5204,58.866],[25.52,58.8691],[25.5203,58.8709],[25.5197,58.8715],[25.5208,58.8774],[25.5215,58.8784],[25.521,58.8798],[25.5204,58.8812],[25.5218,58.8833],[25.5219,58.8842],[25.5227,58.8853],[25.5237,58.8865],[25.5239,58.8868],[25.5286,58.8891],[25.5288,58.8895],[25.5278,58.8934],[25.5283,58.8957],[25.5283,58.8958],[25.529,58.8965],[25.5285,58.8982],[25.5293,58.8991],[25.5271,58.9001],[25.519,58.9015],[25.5138,58.9053],[25.5101,58.9097],[25.5051,58.9117],[25.5034,58.9127],[25.5017,58.9133],[25.502,58.9156],[25.5031,58.9167],[25.5026,58.9178],[25.5024,58.9193],[25.5015,58.9206],[25.5017,58.921],[25.5093,58.9296],[25.5097,58.9303],[25.5096,58.9316],[25.5067,58.9392],[25.5054,58.9408],[25.5039,58.9437],[25.495,58.9597],[25.4959,58.9644],[25.4914,58.9678],[25.4899,58.9732],[25.4996,58.9835],[25.5001,58.9839],[25.5042,58.9929],[25.5087,59.0023],[25.511,59.005],[25.511,59.0051],[25.5142,59.0083],[25.5152,59.0086],[25.5176,59.0104],[25.5196,59.0129],[25.5196,59.0134],[25.5196,59.0135],[25.5205,59.0193],[25.5279,59.028],[25.5229,59.0315],[25.5231,59.0318],[25.5222,59.032],[25.5204,59.0333],[25.52,59.0336],[25.5199,59.0336],[25.5198,59.0338],[25.5165,59.036],[25.5051,59.0348],[25.4981,59.0383],[25.487,59.0437],[25.4883,59.0461],[25.4882,59.0463],[25.4831,59.0477],[25.483,59.0478],[25.4823,59.0486],[25.4836,59.0523],[25.4829,59.0528],[25.4776,59.0538],[25.4718,59.0608]],[[25.5237,58.8865],[25.5243,58.8853],[25.5227,58.8853]]]},"properties":{"name":"Reopalu jõgi"}},
{"type":"Feature","geometry":{"type":"MultiLineString","coordinates":[[[23.9647,58.4577],[23.9647,58.4575],[23.9684,58.4539],[23.9687,58.453],[23.9701,58.4525],[23.971,58.4508],[23.9737,58.4471],[23.9738,58.446],[23.9736,58.4425],[23.976,58.4378],[23.9747,58.4359],[23.975,58.4347],[23.9756,58.4347],[23.9908,58.4367],[23.991,58.4367],[23.9925,58.4365],[23.9934,58.4344],[23.9931,58.4329],[23.9945,58.4322]],[[23.9647,58.4578],[23.9647,58.4611],[23.9642,58.4617],[23.9638,58.4636],[23.9641,58.4648],[23.9637,58.4653],[23.9597,58.4669],[23.9576,58.4707],[23.9557,58.4719],[23.955,58.4739],[23.9538,58.4761],[23.9556,58.4801],[23.9569,58.4826],[23.9599,58.4843],[23.9607,58.4847],[23.9631,58.486],[23.9628,58.487],[23.9626,58.4878],[23.9625,58.488],[23.9623,58.4885],[23.9618,58.4893],[23.9594,58.4911],[23.9589,58.4925],[23.9577,58.4933],[23.957,58.4938],[23.9562,58.4944],[23.9526,58.4969],[23.9524,58.4982],[23.9518,58.4985],[23.9493,58.4997],[23.9476,58.4999],[23.9456,58.5014],[23.9448,58.5025],[23.943,58.5036],[23.9431,58.5042],[23.9413,58.505],[23.9395,58.5061],[23.9394,58.5065],[23.9372,58.5082],[23.9368,58.509],[23.9367,58.5092],[23.935,58.5097],[23.9349,58.5107],[23.9335,58.5111],[23.9343,58.5124],[23.9323,58.513],[23.9316,58.5142],[23.9303,58.5144],[23.93,58.5154],[23.9282,58.5161],[23.9278,58.5167],[23.929,58.5177],[23.9271,58.5186],[23.9254,58.5203],[23.9256,58.5212],[23.9232,58.5224],[23.9212,58.5229],[23.9169,58.5248],[23.9168,58.5254],[23.915,58.5265],[23.9133,58.5263],[23.9114,58.528],[23.9097,58.5281],[23.9066,58.5288],[23.9038,58.5275],[23.9021,58.5278],[23.9011,58.5274],[23.8997,58.5277],[23.8974,58.5274],[23.8961,58.527],[23.8945,58.5271],[23.8937,58.5267],[23.8922,58.5271],[23.8894,58.5268],[23.8867,58.527],[23.8844,58.5276],[23.8836,58.5281],[23.8818,58.5279],[23.8811,58.5287],[23.8796,58.5294],[23.8775,58.5291],[23.8755,58.531],[23.8737,58.5307],[23.8729,58.5315],[23.8712,58.532],[23.8695,58.5313],[23.8678,58.5313],[23.862,58.5309],[23.8605,58.5312],[23.8593,58.5311],[23.8576,58.5303],[23.8528,58.5296],[23.8517,58.5292],[23.8496,58.5292],[23.8473,58.5307],[23.847,58.5313],[23.8452,58.5319],[23.8413,58.5321],[23.8398,58.5324],[23.8375,58.5324],[23.836,58.5333],[23.8359,58.5339],[23.8343,58.5345],[23.8311,58.5344],[23.8292,58.5337],[23.8271,58.5324],[23.8247,58.5324],[23.8238,58.5322],[23.8232,58.5322],[23.823,58.533],[23.8217,58.5342],[23.8217,58.5345],[23.8205,58.5356],[23.8185,58.5356],[23.8141,58.5368],[23.8058,58.5359],[23.804,58.5355],[23.7846,58.533],[23.7637,58.5303],[23.7626,58.5302],[23.714,58.5383],[23.7137,58.5383],[23.6987,58.5322],[23.6966,58.5296],[23.6946,58.5289],[23.6937,58.5268],[23.6936,58.5253],[23.6927,58.5219],[23.6892,58.5195],[23.6891,58.5192]],[[23.8247,58.5324],[23.8238,58.5322]],[[23.9626,58.4878],[23.9623,58.4885]],[[23.9628,58.487],[23.9637,58.4874],[23.9625,58.488]],[[23.9372,58.5082],[23.9368,58.509]],[[23.957,58.4938],[23.9562,58.4944]],[[23.9599,58.4843],[23.9607,58.4847]],[[23.9589,58.4925],[23.9575,58.4925],[23.9577,58.4933]],[[23.8217,58.5342],[23.8217,58.5345]]]},"properties":{"name":"Paadrema jõgi"}},
{"type":"Feature","geometry":{"type":"MultiLineString","coordinates":[[[25.4468,59.2678],[25.4486,59.268],[25.4496,59.2669],[25.4532,59.2674],[25.4552,59.2674],[25.4569,59.2676],[25.4566,59.2683],[25.4624,59.268],[25.4634,59.2685],[25.4648,59.268],[25.4669,59.2685],[25.4685,59.2683],[25.4706,59.2685],[25.4712,59.2687],[25.4722,59.2682],[25.4743,59.2684],[25.4761,59.2675],[25.477,59.2683],[25.4803,59.2677],[25.4829,59.2677],[25.4846,59.2683],[25.4847,59.2684],[25.4862,59.2677],[25.4871,59.2685],[25.489,59.2691],[25.4926,59.2693],[25.495,59.2684],[25.4986,59.2682],[25.4998,59.2687],[25.501,59.2681],[25.5032,59.2687],[25.5054,59.2687],[25.5057,59.268],[25.5069,59.2674],[25.5086,59.2675],[25.5101,59.2666],[25.5103,59.2656],[25.5116,59.2659],[25.5168,59.2653],[25.5184,59.2647],[25.5261,59.2638],[25.5286,59.2639],[25.5324,59.263],[25.5327,59.2625],[25.5355,59.2623],[25.5364,59.263],[25.5383,59.2637],[25.5379,59.2649],[25.5412,59.2658],[25.5428,59.266],[25.5457,59.266],[25.5484,59.2674],[25.5496,59.2675],[25.5505,59.2685],[25.5517,59.2688],[25.5545,59.2688],[25.5558,59.2696],[25.558,59.2704],[25.5592,59.2706],[25.5599,59.2714],[25.561,59.2713],[25.5629,59.2727],[25.5649,59.2726],[25.5663,59.2732],[25.5685,59.2732],[25.5695,59.2722],[25.5713,59.2725],[25.5724,59.2719],[25.5763,59.2716],[25.5769,59.2712],[25.5811,59.27],[25.5824,59.27],[25.5825,59.2699],[25.5843,59.2688],[25.5855,59.2683],[25.5874,59.2683],[25.5902,59.2687],[25.594,59.2683],[25.5977,59.2668],[25.5982,59.2662],[25.6,59.266],[25.6,59.2651],[25.6015,59.2647],[25.6016,59.2639],[25.6029,59.2631],[25.6046,59.2628],[25.6056,59.2622],[25.6086,59.2621],[25.6089,59.261],[25.6106,59.2595],[25.6154,59.2584],[25.6155,59.2574],[25.6191,59.2575],[25.621,59.2585],[25.6226,59.2588],[25.6227,59.2597],[25.6245,59.2606],[25.6236,59.2615],[25.6251,59.2623],[25.6259,59.2632],[25.6255,59.2643],[25.6272,59.2649],[25.6286,59.2664],[25.6311,59.2665],[25.6325,59.266],[25.6333,59.2668],[25.6359,59.2671],[25.6367,59.2673],[25.6385,59.2666],[25.6407,59.2651],[25.6405,59.2642],[25.6422,59.2636],[25.6438,59.2625],[25.6444,59.2616],[25.6462,59.2613],[25.6475,59.262],[25.6495,59.2618],[25.6508,59.2611],[25.6524,59.2612],[25.6541,59.2597],[25.6577,59.2591],[25.6579,59.26],[25.6594,59.2602],[25.6609,59.2596],[25.6614,59.2587],[25.663,59.2584],[25.6627,59.257],[25.6648,59.2568],[25.6639,59.2562],[25.6669,59.2559],[25.6673,59.2553],[25.6676,59.2544],[25.6697,59.254],[25.6708,59.2533],[25.6702,59.2527],[25.6706,59.2516],[25.6729,59.2503],[25.6735,59.249]],[[25.7599,59.1916],[25.7536,59.1941],[25.7526,59.1964],[25.7483,59.1965],[25.7473,59.1971],[25.7456,59.199],[25.745,59.1992],[25.7447,59.1993],[25.7422,59.2004],[25.7397,59.202],[25.7362,59.2027],[25.7359,59.2027],[25.7347,59.2032],[25.7341,59.204],[25.7319,59.2058],[25.7266,59.2081],[25.7218,59.2113],[25.7217,59.2114],[25.7181,59.2128],[25.7179,59.2128],[25.7156,59.2138],[25.7148,59.216],[25.7141,59.219],[25.7135,59.2203],[25.711,59.221],[25.7108,59.221],[25.7087,59.2213],[25.7075,59.2225],[25.7067,59.2256],[25.7037,59.2294],[25.6995,59.2297],[25.6985,59.2299],[25.696,59.2327],[25.6932,59.2334],[25.6893,59.2367],[25.6876,59.2378],[25.6847,59.241],[25.6839,59.2414],[25.6813,59.2426],[25.6812,59.2434],[25.6804,59.2442],[25.6789,59.2444],[25.6764,59.2454],[25.6755,59.2469],[25.6745,59.2481],[25.6743,59.2482],[25.6737,59.2488],[25.6737,59.2489]]]},"properties":{"name":"Jänijõgi"}},
{"type":"Feature","geometry":{"type":"MultiLineString","coordinates":[[[25.6732,57.995],[25.673,57.9959],[25.6749,57.9965],[25.6752,57.9971],[25.6775,57.9985],[25.6787,57.9989],[25.6798,57.9997],[25.681,58.0008],[25.6837,58.001],[25.6868,58.0029],[25.6865,58.0031],[25.6869,58.0039],[25.6873,58.0048],[25.6885,58.006],[25.6899,58.0064],[25.6903,58.0072],[25.6911,58.0082],[25.6906,58.0095],[25.6913,58.0101],[25.6906,58.012],[25.6899,58.0127],[25.6899,58.0129],[25.6894,58.0171],[25.688,58.0173],[25.6875,58.0181],[25.6865,58.0185],[25.6897,58.0221],[25.6902,58.0226],[25.6911,58.0234],[25.692,58.0243],[25.6943,58.0251],[25.6972,58.0266],[25.6975,58.027],[25.6995,58.0281],[25.7021,58.0299],[25.7046,58.0302],[25.7064,58.0317],[25.7117,58.0344],[25.7124,58.0364],[25.7131,58.0374],[25.7155,58.039],[25.7199,58.0393],[25.7218,58.0406],[25.723,58.0415],[25.7241,58.0428],[25.7241,58.0439],[25.7283,58.0466],[25.7294,58.0472],[25.7306,58.0473],[25.7322,58.0482],[25.7321,58.0486],[25.735,58.0505],[25.7373,58.0517],[25.7383,58.0528],[25.7379,58.0542],[25.7392,58.0569],[25.7392,58.0576],[25.7412,58.0578],[25.7422,58.0585],[25.7382,58.0773],[25.7382,58.0774],[25.7495,58.0858]],[[26.0201,58.1938],[26.0187,58.1912],[26.0191,58.1895],[26.0171,58.1871],[26.016,58.1855],[26.0139,58.1854],[26.0107,58.1842],[26.0073,58.1841],[26.0046,58.1843],[26.0034,58.1834],[26.0034,58.1833],[26.005,58.18],[26.005,58.1787],[26.0044,58.1775],[26.0046,58.1764],[26.004,58.1756],[26.0025,58.1748],[26.0022,58.174],[26.0035,58.1729],[26.0028,58.172],[26.0007,58.1709],[26.0005,58.1702],[26.0009,58.1668],[26.0012,58.1654],[26.0032,58.1643],[26.0045,58.1633],[26.0044,58.1624],[26.0038,58.162],[26.0023,58.1591],[26.0021,58.1578],[26.0025,58.1575],[26.0027,58.1574],[26.0031,58.1564],[26.0026,58.1552],[26.0016,58.1529],[26.0011,58.1521],[26.0009,58.1515],[26.0026,58.1503],[26.0014,58.1498],[25.9968,58.1489],[25.9943,58.1503],[25.9936,58.1503],[25.9914,58.1494],[25.9909,58.1484],[25.9895,58.1482],[25.9871,58.1482],[25.9814,58.1477],[25.9811,58.1477],[25.979,58.1475],[25.9776,58.1468],[25.977,58.1455],[25.975,58.1445],[25.9767,58.1427],[25.9779,58.1421],[25.9779,58.1412],[25.9756,58.1412],[25.9744,58.1416],[25.9731,58.1412],[25.9724,58.1394],[25.9701,58.1361],[25.97,58.1348],[25.9679,58.1352],[25.9684,58.1339],[25.9679,58.1331],[25.9669,58.1324],[25.9679,58.1315],[25.9709,58.1307],[25.9733,58.1301],[25.9734,58.1288],[25.9721,58.1271],[25.9721,58.1255],[25.9731,58.125],[25.9731,58.124],[25.9714,58.1231],[25.9721,58.1226],[25.9722,58.1211],[25.9732,58.1205],[25.9714,58.1201],[25.9725,58.1185],[25.9713,58.1172],[25.9729,58.1166],[25.9727,58.1156],[25.9713,58.1146],[25.9748,58.1142],[25.974,58.1132],[25.9733,58.1129],[25.9729,58.1119],[25.9747,58.1112],[25.9755,58.1115],[25.9767,58.1103],[25.9759,58.1079],[25.9729,58.1058],[25.9722,58.1047],[25.9705,58.1037],[25.9716,58.104],[25.9738,58.104],[25.9727,58.1032],[25.9738,58.1019],[25.9743,58.1006],[25.9728,58.0999],[25.9727,58.0989],[25.9712,58.0979],[25.9728,58.0972],[25.973,58.0966],[25.9699,58.0957],[25.9714,58.0949],[25.9697,58.094],[25.9686,58.0931],[25.9671,58.0923],[25.9663,58.0916],[25.9682,58.0907],[25.9681,58.09],[25.9701,58.0901],[25.971,58.0892],[25.9685,58.0892],[25.9681,58.0889],[25.9699,58.0876],[25.9724,58.0876],[25.9714,58.0863],[25.9735,58.0862],[25.9738,58.0857],[25.9721,58.0844],[25.9737,58.0835],[25.9748,58.0824],[25.9742,58.0812],[25.9728,58.0812]],[[25.754,57.9172],[25.7544,57.918],[25.7557,57.9177],[25.757,57.9187],[25.7558,57.9196],[25.756,57.9209],[25.7585,57.9223],[25.7598,57.9223],[25.7601,57.9237],[25.7596,57.9243],[25.7607,57.9247],[25.7598,57.9255],[25.7593,57.9266],[25.7606,57.9282],[25.7603,57.9287],[25.7612,57.9312],[25.7625,57.9322],[25.762,57.9336],[25.7619,57.9337]],[[25.7614,57.9344],[25.7575,57.936],[25.7561,57.9375],[25.7542,57.937],[25.7511,57.9382],[25.7492,57.9397],[25.7456,57.9395],[25.744,57.9406],[25.7429,57.9404],[25.7427,57.9413],[25.7407,57.9434],[25.7379,57.9432],[25.7367,57.9447],[25.7334,57.9462],[25.7342,57.947],[25.7321,57.9475],[25.7326,57.9484],[25.7301,57.9488],[25.7295,57.9493],[25.7276,57.9495],[25.7276,57.9505],[25.7257,57.9508],[25.7227,57.9528],[25.7206,57.9526],[25.7169,57.9526],[25.716,57.9531],[25.7145,57.9524],[25.7122,57.9524],[25.7097,57.9532],[25.7095,57.9538],[25.7076,57.9541],[25.7055,57.9538],[25.7054,57.9543],[25.7027,57.9552],[25.7012,57.9571],[25.7,57.9581],[25.6998,57.9582],[25.6987,57.9588],[25.6969,57.9605],[25.6955,57.9612],[25.6956,57.9621],[25.6964,57.963],[25.6947,57.9631],[25.6946,57.965],[25.6949,57.9656],[25.6938,57.9664],[25.6906,57.9671],[25.6907,57.9676],[25.6891,57.968],[25.6885,57.9694],[25.6877,57.9697],[25.6864,57.9693],[25.6856,57.9703],[25.6838,57.9708],[25.6835,57.9718],[25.6822,57.9717],[25.6823,57.9732],[25.6807,57.974],[25.6794,57.9739],[25.6789,57.9748],[25.6771,57.9752],[25.677,57.9762],[25.6757,57.9773],[25.6734,57.9779],[25.6733,57.9788],[25.6739,57.9798],[25.6716,57.9805],[25.6716,57.9817],[25.6694,57.9837],[25.6706,57.9844],[25.6703,57.985],[25.6706,57.9852],[25.671,57.9858],[25.6709,57.9869],[25.6698,57.9871],[25.6705,57.9882],[25.6699,57.9905],[25.6697,57.9913],[25.6705,57.9926]],[[25.7861,57.8983],[25.7898,57.8986],[25.792,57.8994],[25.7945,57.8997],[25.7962,57.9008],[25.798,57.9007],[25.8004,57.8994],[25.8021,57.9003],[25.8038,57.9006],[25.8047,57.9017],[25.8075,57.9025],[25.8104,57.9035],[25.811,57.9051],[25.8131,57.9047],[25.814,57.905],[25.8133,57.9065],[25.8157,57.9071],[25.8152,57.9077],[25.817,57.9079],[25.8161,57.9085],[25.8171,57.909],[25.8184,57.9093],[25.8197,57.9087],[25.822,57.9099],[25.822,57.9107],[25.8243,57.912],[25.826,57.912],[25.8274,57.9124],[25.8288,57.912],[25.8302,57.9125],[25.8359,57.9096],[25.8389,57.9097],[25.8412,57.9092],[25.8431,57.9097],[25.8441,57.9092],[25.8448,57.9108],[25.8455,57.9113],[25.8476,57.9114],[25.8481,57.9129],[25.849,57.9131],[25.8494,57.9139],[25.8516,57.9153],[25.8513,57.9159],[25.8522,57.9165],[25.8512,57.9171],[25.8524,57.9188],[25.8515,57.9191],[25.8516,57.9204],[25.8532,57.9212],[25.8547,57.9224],[25.857,57.9232],[25.8586,57.9245],[25.8611,57.9259],[25.8622,57.9263],[25.864,57.9261],[25.8654,57.9257],[25.8669,57.9266],[25.8674,57.9275],[25.866,57.928],[25.8669,57.9291],[25.8666,57.9305],[25.8676,57.9308],[25.8693,57.9304],[25.8698,57.9322],[25.8709,57.9326],[25.8726,57.9324],[25.8742,57.9329],[25.8759,57.9338],[25.8752,57.9347],[25.8775,57.9368],[25.8751,57.9373],[25.8732,57.937],[25.8729,57.9392],[25.8733,57.9399],[25.8723,57.9403],[25.8742,57.941],[25.8745,57.9422],[25.8762,57.943],[25.8761,57.9438]],[[25.8809,57.9461],[25.8821,57.9461],[25.8833,57.946],[25.8852,57.9463],[25.886,57.9471],[25.887,57.9466],[25.8886,57.9468],[25.8904,57.9463],[25.8916,57.9471],[25.8919,57.9479],[25.8915,57.9487],[25.8936,57.9492],[25.8938,57.95],[25.8956,57.9497],[25.8966,57.9503],[25.9006,57.9504],[25.9026,57.951],[25.9042,57.9503],[25.9062,57.9503],[25.9052,57.9515],[25.9064,57.952],[25.9084,57.9516],[25.9079,57.9522],[25.9082,57.9533],[25.9097,57.954],[25.9102,57.9551],[25.9139,57.9558],[25.9133,57.9582],[25.9123,57.959],[25.9114,57.9607],[25.9118,57.9616],[25.9135,57.9614],[25.9137,57.9624],[25.9128,57.9639],[25.9144,57.965],[25.9135,57.9656],[25.9146,57.9662],[25.9152,57.9671],[25.9183,57.9671],[25.9181,57.9687],[25.9208,57.9681],[25.9221,57.9686],[25.9228,57.9706],[25.9243,57.9706],[25.926,57.9719],[25.9276,57.9719],[25.9282,57.9711],[25.9305,57.9722],[25.9312,57.9732],[25.9303,57.9744],[25.9331,57.9753],[25.9336,57.9763],[25.9327,57.9773],[25.9333,57.9779],[25.9321,57.9786],[25.9327,57.9793],[25.9322,57.9806],[25.9327,57.981],[25.9315,57.9819],[25.9307,57.9819],[25.9304,57.9833],[25.9311,57.9834],[25.9307,57.9849],[25.9315,57.9848],[25.9324,57.9869],[25.9337,57.9881],[25.9315,57.9882],[25.9304,57.9885],[25.9324,57.9897],[25.9316,57.9904],[25.9302,57.9903],[25.9297,57.9908],[25.9307,57.9916],[25.9296,57.9919],[25.9283,57.9923],[25.9284,57.9929],[25.9266,57.9938],[25.926,57.9946],[25.9236,57.9954],[25.921,57.9957],[25.9207,57.9962],[25.9184,57.9963],[25.9187,57.9973],[25.9202,57.9971],[25.9197,57.9981],[25.9182,57.9981],[25.9182,57.9988],[25.9195,57.9995],[25.918,58.0003],[25.9182,58.001],[25.9194,58.0018],[25.919,58.0026],[25.9217,58.0041],[25.9218,58.0046],[25.9233,58.0049],[25.9242,58.0059],[25.9236,58.0062],[25.9237,58.0073],[25.9256,58.008],[25.9248,58.0088],[25.9253,58.01],[25.9238,58.0114],[25.9249,58.0117],[25.9278,58.0112],[25.9284,58.0114],[25.9291,58.0122],[25.9303,58.0126],[25.9318,58.0123],[25.9328,58.0132],[25.9332,58.0144],[25.9343,58.0148],[25.9373,58.0141],[25.9388,58.0139],[25.9392,58.015],[25.9419,58.0157],[25.9419,58.0171],[25.9439,58.0172],[25.9462,58.0189],[25.9456,58.02],[25.9475,58.0208],[25.9475,58.0218],[25.9461,58.022],[25.9449,58.0212],[25.9425,58.0212],[25.9421,58.0226],[25.9413,58.0231],[25.9418,58.0262],[25.9431,58.0258],[25.9457,58.0258],[25.9465,58.0265],[25.9479,58.0266],[25.9489,58.0255],[25.951,58.0261],[25.9521,58.0244],[25.9538,58.0239],[25.9558,58.0245],[25.9556,58.0258],[25.9575,58.0259],[25.9573,58.0271],[25.9579,58.0277],[25.9602,58.0275],[25.9607,58.0281],[25.96,58.0294],[25.9583,58.0304],[25.9567,58.0304],[25.9596,58.0326],[25.9594,58.0344],[25.9625,58.0348],[25.963,58.0356],[25.9622,58.0361],[25.9631,58.0366],[25.9618,58.0376],[25.9623,58.0384],[25.9618,58.0389],[25.9624,58.0397],[25.9606,58.0401],[25.9606,58.042],[25.9625,58.0423],[25.963,58.0432],[25.9618,58.045],[25.9634,58.0452],[25.9627,58.046],[25.9636,58.0463],[25.9659,58.0462],[25.967,58.0455],[25.968,58.0482],[25.969,58.0485],[25.969,58.0486],[25.9694,58.0488],[25.9704,58.0491],[25.971,58.0504],[25.9729,58.0521],[25.9705,58.0543],[25.9728,58.0553],[25.9739,58.0554],[25.9729,58.0568],[25.9713,58.0575],[25.9702,58.0576],[25.9705,58.0588],[25.9675,58.0604],[25.9709,58.061],[25.9703,58.0617],[25.9695,58.0624],[25.9699,58.0632],[25.969,58.0655],[25.9694,58.0676],[25.9684,58.0683],[25.9686,58.0691],[25.967,58.0692],[25.9666,58.0697],[25.9678,58.0711],[25.969,58.0717],[25.9663,58.0736],[25.9686,58.0747],[25.969,58.0756],[25.9707,58.0765],[25.9702,58.0771],[25.9702,58.0781],[25.9722,58.0782],[25.9717,58.0797],[25.9719,58.0803],[25.972,58.0803]],[[25.969,58.0485],[25.969,58.0486]],[[25.6865,58.0031],[25.6868,58.0029]],[[25.9182,57.9988],[25.9187,57.9999],[25.9183,58],[25.918,58.0003]]]},"properties":{"name":"Õhne jõgi"}},
{"type":"Feature","geometry":{"type":"MultiLineString","coordinates":[[[25.3243,58.1518],[25.3219,58.152],[25.319,58.1527],[25.3166,58.1541],[25.313,58.1547],[25.3121,58.1557],[25.3105,58.1562],[25.3071,58.1563],[25.3054,58.1574],[25.3035,58.1576],[25.3018,58.1582],[25.2998,58.1601],[25.2966,58.1603],[25.2936,58.1626],[25.292,58.1634],[25.2915,58.1644],[25.2909,58.1651],[25.2868,58.1655],[25.2853,58.1654],[25.2821,58.1663],[25.2807,58.1667],[25.279,58.1666],[25.264,58.169],[25.2628,58.1693],[25.2588,58.1708],[25.255,58.1721],[25.2447,58.1758],[25.239,58.1779],[25.2367,58.1794],[25.2259,58.1888],[25.2187,58.1951],[25.2108,58.2021],[25.2102,58.2026],[25.2047,58.2075],[25.2047,58.2094],[25.2023,58.2111],[25.2009,58.2118],[25.1998,58.213],[25.1991,58.2143],[25.1999,58.2149],[25.1989,58.2157],[25.1976,58.2158],[25.1976,58.2165],[25.199,58.2168],[25.1987,58.2174],[25.197,58.218],[25.1962,58.2187],[25.1951,58.2189],[25.1923,58.2201],[25.191,58.22],[25.1897,58.2207],[25.1893,58.2217],[25.1875,58.2219],[25.1855,58.2235],[25.1835,58.2239],[25.1815,58.2255],[25.1802,58.2259],[25.1792,58.2275],[25.177,58.228],[25.1762,58.2288],[25.1749,58.2286],[25.1716,58.2293],[25.1685,58.229],[25.1628,58.2302],[25.16,58.2312],[25.1584,58.2323],[25.1579,58.2332],[25.1581,58.2342],[25.1564,58.2356],[25.1554,58.2369],[25.1552,58.238],[25.1569,58.2397],[25.1557,58.2413],[25.1534,58.2421],[25.1529,58.2423],[25.1528,58.2423],[25.1503,58.242],[25.1503,58.2433],[25.1489,58.2436],[25.1466,58.243],[25.1429,58.2436],[25.1427,58.2444],[25.1412,58.2454],[25.1382,58.2464],[25.1368,58.2471],[25.1329,58.2471],[25.1322,58.2478],[25.1339,58.2486],[25.1335,58.2491],[25.126,58.2499],[25.1239,58.2498],[25.123,58.2511],[25.1222,58.2511],[25.1181,58.2504],[25.1164,58.2509],[25.1159,58.2522],[25.1151,58.2531],[25.113,58.2531],[25.1087,58.2543],[25.1099,58.2549],[25.109,58.2556],[25.1061,58.256],[25.1033,58.2584],[25.1034,58.2595],[25.1023,58.2606],[25.1023,58.2645],[25.103,58.2652],[25.1048,58.2661],[25.1052,58.267],[25.1039,58.2677],[25.1038,58.2683],[25.1061,58.269],[25.1064,58.27],[25.1077,58.2707],[25.108,58.2719],[25.1074,58.2739],[25.1067,58.2752],[25.1069,58.2786],[25.1055,58.2787],[25.1035,58.2774],[25.102,58.2772],[25.1004,58.2781],[25.0998,58.2792],[25.1001,58.2798],[25.1027,58.282],[25.1023,58.2844],[25.103,58.2871],[25.1047,58.289],[25.1046,58.2901],[25.1035,58.2903],[25.1026,58.2897],[25.1006,58.2893],[25.0988,58.2899],[25.0993,58.2908],[25.1011,58.2929],[25.1004,58.2951],[25.098,58.2957],[25.0977,58.296],[25.1005,58.2974],[25.1006,58.2979],[25.0994,58.2993],[25.1017,58.3002],[25.1034,58.3004],[25.1042,58.3012],[25.1028,58.3018],[25.1016,58.3028],[25.1016,58.3051],[25.1022,58.3055],[25.1024,58.3064],[25.1001,58.3067],[25.0993,58.3079],[25.1018,58.3087],[25.102,58.3098],[25.1037,58.3092],[25.1039,58.3099],[25.1035,58.3105],[25.1017,58.3111],[25.0998,58.3103],[25.0985,58.3105],[25.0984,58.3121],[25.0992,58.3137],[25.0992,58.3143],[25.0999,58.3157],[25.1007,58.3161],[25.0994,58.3171],[25.1002,58.3175],[25.096,58.3182],[25.0974,58.3205],[25.0981,58.3211],[25.0982,58.3222],[25.0967,58.3237],[25.0944,58.324],[25.0932,58.3248],[25.0944,58.3252],[25.0968,58.325],[25.0967,58.3256],[25.0958,58.3272],[25.0949,58.3279],[25.094,58.3293],[25.0972,58.3309],[25.0994,58.3317],[25.1016,58.3317],[25.1035,58.3323],[25.1045,58.3318],[25.1053,58.3326],[25.1041,58.3338],[25.1056,58.3344],[25.1049,58.3353],[25.1073,58.3361],[25.1076,58.337],[25.1056,58.3371],[25.1026,58.339],[25.1023,58.3395],[25.1008,58.3394],[25.0979,58.3405],[25.0987,58.3415],[25.1016,58.3426],[25.1014,58.3434],[25.0991,58.3443],[25.0971,58.3446],[25.096,58.3452],[25.0935,58.3447],[25.091,58.3446],[25.089,58.344],[25.0866,58.3449],[25.0848,58.3452],[25.0843,58.3463],[25.0859,58.3476],[25.0851,58.3486],[25.0836,58.3485],[25.0813,58.3489],[25.0807,58.3496],[25.0813,58.3502],[25.0816,58.3514],[25.0811,58.3518],[25.078,58.3522],[25.0787,58.353],[25.0764,58.3531],[25.075,58.3538],[25.0751,58.3551],[25.0785,58.3555],[25.079,58.3562],[25.0776,58.3571],[25.076,58.3573],[25.0735,58.3568],[25.0709,58.3577],[25.0685,58.3579],[25.067,58.3583],[25.0671,58.3592],[25.0681,58.3601],[25.0667,58.3607],[25.0664,58.3615],[25.0652,58.362],[25.0635,58.3623],[25.0626,58.3629],[25.0587,58.3624],[25.0575,58.3624],[25.0551,58.3622],[25.054,58.3623],[25.0527,58.3638],[25.0513,58.3645],[25.0514,58.365],[25.0499,58.3658],[25.0494,58.3652],[25.0478,58.3657],[25.048,58.3662],[25.0477,58.367],[25.0462,58.3667],[25.0456,58.3674],[25.0439,58.3677],[25.0442,58.3681],[25.0419,58.3694],[25.0415,58.3703],[25.0395,58.3708],[25.0402,58.3725],[25.0394,58.3736],[25.0402,58.374],[25.039,58.3767],[25.0369,58.3767],[25.0364,58.3782],[25.0343,58.3794],[25.0333,58.3796],[25.0308,58.3791],[25.0299,58.3795],[25.0298,58.382],[25.0276,58.3842],[25.0251,58.384],[25.0235,58.3834],[25.0221,58.3843],[25.0203,58.3849],[25.0184,58.3849],[25.0183,58.3856],[25.017,58.386],[25.0166,58.3881],[25.0144,58.3881],[25.015,58.3899],[25.0136,58.3906],[25.0138,58.3919],[25.0146,58.3929],[25.0134,58.3935],[25.0131,58.395],[25.0144,58.3955],[25.0134,58.3964],[25.0144,58.3972],[25.0129,58.3974],[25.0129,58.3994],[25.0094,58.4009],[25.0106,58.4018],[25.0101,58.4025],[25.011,58.4031],[25.0107,58.4041],[25.0117,58.4046],[25.0116,58.4055],[25.0104,58.4059],[25.0113,58.4071],[25.0102,58.4078],[25.01,58.4087],[25.0084,58.4087],[25.0076,58.4096],[25.0086,58.4107],[25.0077,58.4111],[25.008,58.4118],[25.0046,58.4149],[25.0027,58.4154],[25.0005,58.4167],[24.99,58.4199],[24.9861,58.4213],[24.9854,58.4214],[24.9837,58.4241],[24.9843,58.4251],[24.9837,58.4258],[24.9846,58.4262],[24.9847,58.4267],[24.9828,58.4271],[24.9842,58.4276],[24.9845,58.4283],[24.9819,58.4292],[24.9815,58.4313],[24.9833,58.4326],[24.9826,58.4339],[24.9817,58.4343],[24.9833,58.4357],[24.9831,58.4363],[24.9815,58.437],[24.9839,58.4384],[24.984,58.4393],[24.9856,58.4397],[24.9861,58.4412],[24.9853,58.4417],[24.9865,58.4432],[24.9868,58.4441],[24.9861,58.4446],[24.9861,58.4458],[24.986,58.4466],[24.9853,58.4474],[24.9852,58.4486],[24.9835,58.4491],[24.9837,58.4497],[24.9841,58.4502],[24.9837,58.4512],[24.9815,58.4532],[24.9799,58.4537],[24.9801,58.4541],[24.9791,58.4557],[24.9807,58.456],[24.981,58.4569],[24.9793,58.4576],[24.9803,58.458],[24.9806,58.4588],[24.9824,58.4598],[24.9835,58.4599],[24.9838,58.4611],[24.9857,58.4605],[24.9865,58.4622],[24.9863,58.4636],[24.9855,58.4661],[24.9843,58.4673],[24.982,58.4681],[24.9809,58.4689],[24.9808,58.4696],[24.9842,58.473],[24.9884,58.4754],[24.9912,58.4764],[24.9919,58.4771],[24.9916,58.4785],[24.993,58.4792],[24.9969,58.4799],[24.9977,58.4805],[24.9977,58.4821],[24.9971,58.4833],[24.9973,58.484],[24.9987,58.485],[25.0004,58.4853],[25.0028,58.4868],[25.0054,58.4881],[25.0071,58.4886],[25.0104,58.4892],[25.0127,58.4895],[25.0136,58.4903],[25.0158,58.4903],[25.0183,58.4904],[25.0194,58.4908],[25.0193,58.4926],[25.0208,58.4941],[25.0242,58.4964],[25.0248,58.4971],[25.0253,58.499],[25.0269,58.5011],[25.0329,58.5052],[25.0357,58.5058],[25.0376,58.506],[25.0411,58.5061],[25.0431,58.5065],[25.044,58.5075],[25.0471,58.5086],[25.0477,58.5098]],[[25.3606,58.1402],[25.3631,58.1396],[25.3652,58.1388],[25.3688,58.1385],[25.3738,58.138],[25.3751,58.138],[25.3767,58.1389],[25.3782,58.1391],[25.3786,58.1385],[25.3803,58.1382],[25.3815,58.1386],[25.3829,58.1381],[25.3837,58.1391],[25.3869,58.1385],[25.3876,58.1379],[25.3888,58.1378],[25.3899,58.1368],[25.3912,58.1374],[25.3921,58.1363],[25.3963,58.1366],[25.3978,58.1364],[25.4009,58.1372],[25.4024,58.1378],[25.4035,58.1368],[25.4054,58.1367],[25.4064,58.1362],[25.4091,58.1365],[25.4102,58.1352],[25.4114,58.1355],[25.413,58.1353],[25.4141,58.1356],[25.4148,58.1347],[25.4162,58.1346],[25.4168,58.1354],[25.4181,58.1348],[25.4199,58.1348],[25.4242,58.1358],[25.4256,58.1351],[25.4281,58.1341],[25.4294,58.1347],[25.4335,58.136],[25.4346,58.1367],[25.4373,58.1365],[25.4381,58.1355],[25.4399,58.1353],[25.4408,58.1347],[25.4429,58.1345],[25.4435,58.1351],[25.445,58.1347],[25.4462,58.1351],[25.4495,58.135],[25.4505,58.1358],[25.453,58.1354],[25.4538,58.136],[25.4558,58.1358],[25.4576,58.1363],[25.4587,58.1361],[25.4596,58.1368],[25.4607,58.1363],[25.4615,58.1369],[25.4616,58.1369],[25.4646,58.1362],[25.4676,58.1361],[25.4697,58.1355],[25.4713,58.1349],[25.4761,58.1323],[25.4757,58.1317],[25.4765,58.1308],[25.4788,58.1312],[25.479,58.1307],[25.4813,58.1308],[25.4841,58.1299],[25.4858,58.1302],[25.4877,58.1291],[25.4908,58.1281],[25.4914,58.1281],[25.495,58.127],[25.4952,58.1266],[25.4985,58.1267],[25.4997,58.1261],[25.5011,58.1262],[25.5022,58.1251],[25.5032,58.1252],[25.505,58.1245],[25.5052,58.1237],[25.5044,58.123],[25.5052,58.1219],[25.507,58.1213],[25.5085,58.1217],[25.5087,58.1208],[25.5105,58.12],[25.5146,58.1202],[25.5155,58.1207],[25.5177,58.1202],[25.5184,58.1207],[25.5205,58.1202],[25.5222,58.1209]],[[25.5406,58.1146],[25.5375,58.1152],[25.5327,58.1162],[25.5318,58.116],[25.5298,58.1186],[25.5284,58.1195],[25.5281,58.1203]],[[25.5543,58.1073],[25.5543,58.1071]],[[25.565,58.1008],[25.5662,58.1002],[25.5662,58.0997],[25.5678,58.0983],[25.5711,58.0966],[25.5724,58.0957],[25.574,58.0953],[25.5763,58.0952],[25.5781,58.0949],[25.5788,58.094],[25.5822,58.0924],[25.5843,58.0917],[25.5874,58.0916],[25.5895,58.0909],[25.5907,58.0909],[25.5921,58.0904],[25.5922,58.0887],[25.5916,58.0877],[25.5922,58.087],[25.5953,58.0866],[25.5957,58.0861],[25.5949,58.0842],[25.5926,58.084]],[[25.5614,58.1053],[25.5596,58.1058],[25.5592,58.106],[25.5587,58.1064]],[[25.5925,58.0839],[25.5923,58.0838],[25.5918,58.0839]],[[25.5614,58.1053],[25.5616,58.1052]],[[24.9837,58.4497],[24.9841,58.4502]],[[25.0476,58.3659],[25.0462,58.3667]],[[25.1528,58.2423],[25.1512,58.2417],[25.1503,58.242]],[[25.0939,58.3267],[25.0949,58.3279]],[[25.0587,58.3624],[25.0575,58.3624]],[[25.0967,58.3256],[25.096,58.3256],[25.094,58.3265],[25.0939,58.3267]],[[25.1322,58.2478],[25.1335,58.2491]],[[25.1044,58.3094],[25.1039,58.3099]],[[25.0127,58.4895],[25.0137,58.4893],[25.0158,58.4903]],[[25.0027,58.4154],[25.0048,58.4164],[25.0038,58.4174],[25.0049,58.418],[25.0022,58.4187],[25.0014,58.4178],[24.9989,58.4186],[24.9976,58.4196],[24.998,58.4204],[24.9956,58.4208],[24.9964,58.4217],[24.9957,58.422],[24.9948,58.4218],[24.9939,58.4208],[24.9928,58.4218],[24.9916,58.421],[24.9903,58.4222],[24.989,58.4227],[24.9882,58.4219],[24.9861,58.4213]],[[25.1037,58.3092],[25.1044,58.3094]],[[25.1022,58.3055],[25.1064,58.3063],[25.1042,58.3072],[25.1034,58.3072],[25.1024,58.3064]],[[25.0478,58.3657],[25.0476,58.3659],[25.048,58.3662]],[[25.1557,58.2413],[25.1534,58.2421]],[[24.9861,58.4458],[24.986,58.4466]]]},"properties":{"name":"Halliste jõgi"}},
{"type":"Feature","geometry":{"type":"MultiLineString","coordinates":[[[26.1912,58.4128],[26.1903,58.4135],[26.1884,58.4142],[26.186,58.4147],[26.1845,58.4167],[26.1819,58.4183],[26.1813,58.4192],[26.1811,58.4209],[26.1793,58.4227],[26.1805,58.4246],[26.1797,58.4255],[26.1773,58.4266],[26.1766,58.4275],[26.1765,58.4305],[26.1741,58.4322],[26.1738,58.4337],[26.1751,58.4348],[26.1749,58.4358],[26.1723,58.4377],[26.1708,58.4385],[26.1671,58.4414],[26.1663,58.4423],[26.1659,58.4436],[26.1631,58.4449],[26.1614,58.4457],[26.1612,58.4466],[26.1627,58.448],[26.1656,58.4495],[26.166,58.4507],[26.1651,58.4517],[26.1629,58.4527],[26.162,58.4534],[26.1618,58.4546],[26.1624,58.4555],[26.1619,58.4563],[26.1584,58.4576],[26.1586,58.4584],[26.1598,58.4589],[26.1615,58.46],[26.1602,58.4614],[26.1564,58.4621],[26.1552,58.4626],[26.1549,58.4632],[26.1562,58.464],[26.1573,58.4652],[26.1569,58.4657],[26.1536,58.4657],[26.1533,58.4662],[26.1546,58.4675],[26.1509,58.4676],[26.1508,58.4681],[26.152,58.4689],[26.1521,58.47],[26.1509,58.4706],[26.1488,58.47],[26.1473,58.4707],[26.1484,58.4711],[26.1483,58.4718],[26.147,58.4722],[26.1449,58.4729],[26.1453,58.4735],[26.1484,58.4735],[26.1505,58.4741],[26.151,58.4746],[26.1504,58.4754],[26.1477,58.4755],[26.1468,58.4764],[26.1488,58.4764],[26.1501,58.477],[26.1489,58.4785],[26.1463,58.4789],[26.145,58.48],[26.146,58.4805],[26.1478,58.4798],[26.1494,58.4797],[26.1505,58.4801],[26.15,58.4811],[26.1484,58.482],[26.149,58.4833],[26.1502,58.4838],[26.1505,58.4825],[26.153,58.4817],[26.1557,58.482],[26.1556,58.4824],[26.1539,58.4831],[26.1534,58.484],[26.1559,58.4844],[26.1563,58.485],[26.1542,58.4856],[26.1533,58.4862],[26.153,58.4874],[26.1539,58.4876],[26.1553,58.4869],[26.157,58.4873],[26.1578,58.4885],[26.1597,58.4882],[26.1609,58.4885],[26.1606,58.4895],[26.1621,58.4903],[26.1606,58.4908],[26.1604,58.4916],[26.1565,58.4921],[26.1559,58.4927],[26.1577,58.4933],[26.157,58.4947],[26.1589,58.4953],[26.1561,58.4955],[26.1549,58.4974],[26.1557,58.498],[26.1578,58.4977],[26.1592,58.4979],[26.1594,58.4987],[26.1572,58.4995],[26.1581,58.5005],[26.1589,58.5021],[26.1583,58.5024],[26.1559,58.5023],[26.1547,58.5032],[26.1566,58.504],[26.1566,58.5044],[26.1546,58.5047],[26.153,58.5055],[26.1504,58.506],[26.1532,58.5066],[26.1529,58.5073],[26.1504,58.5077],[26.1508,58.5083],[26.1536,58.5088],[26.1545,58.5097],[26.1518,58.5102],[26.1509,58.5108],[26.1506,58.5119],[26.1523,58.5116],[26.1539,58.5118],[26.1562,58.5114],[26.1575,58.5119],[26.1582,58.5127],[26.159,58.5145],[26.1623,58.5162],[26.163,58.5169],[26.1625,58.5178],[26.161,58.5186],[26.1605,58.5195],[26.1612,58.5199],[26.1631,58.5197],[26.1645,58.5204],[26.1626,58.5215],[26.1634,58.5229],[26.1645,58.5242],[26.1665,58.5248],[26.1672,58.5255],[26.1687,58.525],[26.1707,58.525],[26.1708,58.5257],[26.172,58.5259],[26.1725,58.5249],[26.1741,58.5244],[26.1743,58.5262],[26.175,58.5269],[26.1768,58.5267],[26.1788,58.5272],[26.1771,58.5286],[26.1777,58.5292],[26.1794,58.529],[26.1822,58.5295],[26.1846,58.5305],[26.186,58.5304],[26.1874,58.531],[26.1856,58.5314],[26.1865,58.5332],[26.1873,58.5337],[26.1891,58.5338],[26.1898,58.5342],[26.1899,58.5354],[26.1918,58.5359],[26.1915,58.5364],[26.1924,58.5371],[26.195,58.5379],[26.1973,58.5384],[26.1972,58.5394],[26.1991,58.5405],[26.2017,58.5404],[26.2037,58.5407],[26.2058,58.5397],[26.2062,58.5407],[26.2081,58.5408],[26.2102,58.5419],[26.2104,58.5405],[26.2129,58.5409],[26.2146,58.5399],[26.2149,58.5407],[26.2178,58.5414],[26.2185,58.5429],[26.223,58.543],[26.2242,58.5414],[26.2256,58.5414],[26.2265,58.543],[26.2249,58.5438],[26.2263,58.5447],[26.2282,58.5448],[26.2291,58.5439],[26.2306,58.544],[26.2319,58.5455],[26.2342,58.5461],[26.2342,58.5447],[26.2361,58.5452],[26.2366,58.5439],[26.2361,58.5432],[26.2372,58.5429],[26.2387,58.543],[26.2405,58.5445],[26.2426,58.5447],[26.2441,58.5434],[26.2457,58.5429],[26.2475,58.5432],[26.2452,58.5452],[26.2475,58.5454],[26.2484,58.5465],[26.25,58.5459],[26.2526,58.5457],[26.2531,58.5449],[26.2552,58.5453],[26.2573,58.5446],[26.2587,58.5438],[26.2605,58.545],[26.2618,58.5453],[26.2639,58.5464],[26.2652,58.5468],[26.2672,58.5453],[26.2695,58.5453],[26.2737,58.5458],[26.2757,58.5457],[26.2767,58.547],[26.2779,58.5471],[26.2783,58.5459],[26.2794,58.5459],[26.2811,58.5474],[26.2827,58.546],[26.2828,58.5469],[26.2855,58.5475],[26.2871,58.5478],[26.2878,58.5486],[26.2874,58.5494],[26.2864,58.5525],[26.2873,58.5543],[26.2869,58.5551],[26.2854,58.5566],[26.2845,58.5583],[26.2855,58.5593],[26.2857,58.5605],[26.2854,58.5609],[26.286,58.5622],[26.286,58.5629],[26.2855,58.565],[26.2882,58.5661],[26.2887,58.567],[26.2881,58.5679],[26.2878,58.569],[26.2885,58.5699],[26.289,58.5703],[26.2903,58.572],[26.2914,58.5752],[26.2926,58.5761],[26.2954,58.5767],[26.2988,58.5762],[26.3039,58.5775],[26.307,58.5777],[26.3094,58.5786],[26.3125,58.5796],[26.3158,58.5817],[26.3174,58.5834],[26.3189,58.5841],[26.3215,58.5847],[26.323,58.5853],[26.3253,58.5871],[26.3273,58.5877],[26.3298,58.5893],[26.3328,58.59],[26.3335,58.5907],[26.3345,58.591],[26.3379,58.5917],[26.3412,58.5915],[26.3426,58.5911],[26.3451,58.5905],[26.3474,58.5912],[26.3488,58.5916],[26.3518,58.592],[26.3533,58.5923],[26.3541,58.593],[26.3555,58.5932],[26.3572,58.5925],[26.359,58.5925],[26.3604,58.5931],[26.3611,58.5935],[26.3635,58.5945],[26.3641,58.5946],[26.3666,58.5948],[26.3691,58.5956],[26.3701,58.5973],[26.3725,58.598],[26.3754,58.5993],[26.3762,58.6004],[26.3752,58.6023],[26.3757,58.6034],[26.3782,58.6057],[26.3797,58.6064],[26.3828,58.6072],[26.3855,58.6083],[26.3884,58.6112],[26.3906,58.6126],[26.3932,58.6157],[26.3934,58.6173],[26.3946,58.6188],[26.3947,58.6197],[26.3963,58.6207],[26.3963,58.6213],[26.3944,58.6221],[26.3948,58.6235],[26.3946,58.6249],[26.3921,58.6249],[26.3905,58.6254],[26.3882,58.6244],[26.388,58.6238],[26.3893,58.6234],[26.3893,58.6228],[26.3879,58.6225],[26.3858,58.6231],[26.386,58.6246],[26.3845,58.6252],[26.3845,58.6266],[26.3821,58.6275],[26.3814,58.6285],[26.3828,58.6296],[26.3821,58.6304],[26.3808,58.631],[26.3801,58.6315],[26.38,58.6317],[26.3801,58.6319],[26.3805,58.6324],[26.3823,58.6325],[26.3828,58.6332],[26.3826,58.6344],[26.3821,58.6352],[26.3787,58.6377],[26.3761,58.639],[26.3743,58.6391],[26.3719,58.6401],[26.3709,58.641],[26.3706,58.6423],[26.3692,58.6435],[26.3673,58.6442],[26.3662,58.6458],[26.3667,58.6461],[26.3671,58.6464],[26.3685,58.6481],[26.3684,58.6492],[26.3688,58.6505],[26.3708,58.6516],[26.3732,58.6529],[26.3749,58.6535],[26.375,58.6542],[26.3739,58.6545],[26.3734,58.6556],[26.3722,58.6571],[26.3684,58.6583],[26.367,58.6584],[26.3662,58.6591],[26.3654,58.6617],[26.3666,58.6626],[26.3668,58.6633],[26.3682,58.6648],[26.3683,58.6659],[26.3699,58.6674],[26.3701,58.6699],[26.3711,58.6704],[26.3712,58.6712],[26.3705,58.6727],[26.3685,58.6739],[26.3678,58.6754],[26.3661,58.6759],[26.365,58.6768],[26.3646,58.6792],[26.3638,58.6803],[26.3637,58.6812],[26.3638,58.6829],[26.366,58.6835],[26.3683,58.6846],[26.3695,58.6863],[26.3738,58.6881],[26.3751,58.6884],[26.3797,58.6879],[26.382,58.6869],[26.3851,58.6865],[26.3868,58.6865],[26.3921,58.6865],[26.3938,58.6874],[26.3955,58.6875],[26.3961,58.6863],[26.3972,58.6864],[26.3998,58.6875],[26.4003,58.6882],[26.4025,58.6897],[26.4044,58.6906],[26.4054,58.6914],[26.4073,58.6915],[26.4081,58.6919],[26.4106,58.695],[26.4115,58.6953],[26.4123,58.6961],[26.4123,58.6972],[26.4129,58.6981],[26.412,58.6997],[26.4129,58.7007],[26.412,58.6997]],[[26.4039,59.0341],[26.4039,59.034],[26.4047,59.0337],[26.4047,59.0324],[26.4056,59.0317],[26.4078,59.0309],[26.4091,59.0298],[26.4107,59.0296],[26.4121,59.0299],[26.4136,59.0307],[26.4146,59.0304],[26.4174,59.0312],[26.4183,59.0308],[26.4193,59.029],[26.4209,59.0283],[26.4206,59.0271],[26.4223,59.026],[26.4226,59.0247],[26.4236,59.0236],[26.4255,59.0227],[26.4255,59.0221],[26.4275,59.0209],[26.4274,59.0202],[26.4302,59.0192],[26.4286,59.0175],[26.4305,59.0175],[26.431,59.0163],[26.4303,59.0154],[26.4326,59.0152],[26.433,59.0139],[26.4325,59.0132],[26.435,59.0127],[26.4354,59.012],[26.4345,59.0114],[26.4351,59.0103],[26.4379,59.0095],[26.4384,59.0103],[26.4374,59.0109],[26.4383,59.0114],[26.4413,59.0103],[26.4421,59.0102],[26.4425,59.0091],[26.446,59.0085],[26.4463,59.0081],[26.4453,59.007],[26.4425,59.0054],[26.4405,59.0054],[26.441,59.0047],[26.4408,59.0037],[26.4427,59.0025],[26.4451,59.0028],[26.4468,59.0026],[26.449,59.0018],[26.4495,59.0005],[26.4513,59.0002],[26.452,58.999],[26.4514,58.9985],[26.4517,58.9977],[26.4529,58.9968],[26.4557,58.9956],[26.4605,58.9951],[26.4635,58.9938],[26.4646,58.9936],[26.4663,58.9927],[26.4746,58.9866],[26.4741,58.9848],[26.4724,58.9849],[26.4709,58.9842],[26.4708,58.9831],[26.4695,58.9824],[26.4667,58.9797],[26.4669,58.9789],[26.4662,58.9777],[26.4674,58.977],[26.4679,58.974],[26.4672,58.9734],[26.4699,58.9728],[26.4695,58.9723],[26.4708,58.9711],[26.4704,58.9706],[26.4712,58.9699],[26.4746,58.969],[26.4756,58.9672],[26.4766,58.967],[26.4797,58.9659],[26.4801,58.964],[26.4802,58.9639],[26.4822,58.9636],[26.4832,58.963],[26.4831,58.9624],[26.4866,58.9629],[26.4878,58.9618],[26.4878,58.9611],[26.4911,58.9602],[26.4909,58.9595],[26.493,58.9592],[26.4929,58.958],[26.4945,58.9582],[26.4956,58.9573],[26.4974,58.9571],[26.4991,58.9573],[26.5008,58.9573],[26.5026,58.9575],[26.5055,58.9565],[26.5063,58.9561],[26.5081,58.9544],[26.5078,58.9535],[26.5091,58.9527],[26.5086,58.9493],[26.507,58.9479],[26.5059,58.9464],[26.506,58.9457],[26.5077,58.9447],[26.5093,58.9445],[26.5084,58.943],[26.5099,58.9416],[26.5114,58.9411],[26.5137,58.9393],[26.5161,58.9394],[26.5166,58.9391],[26.5204,58.9384],[26.5222,58.9378],[26.5258,58.9352],[26.527,58.9337],[26.5278,58.9336],[26.5306,58.9319],[26.532,58.9307],[26.5321,58.9298],[26.5313,58.9282],[26.533,58.9259],[26.5324,58.9244],[26.5304,58.9216],[26.5305,58.9203],[26.5295,58.9165],[26.5294,58.9149],[26.5287,58.9145],[26.5221,58.9143],[26.5199,58.914],[26.5162,58.9141],[26.5077,58.9132],[26.5052,58.914],[26.5033,58.9155],[26.5016,58.9156],[26.4999,58.9149],[26.4981,58.9149],[26.4959,58.9153],[26.4941,58.914],[26.4935,58.9133],[26.4922,58.9127],[26.4912,58.9111],[26.4937,58.9056],[26.4943,58.905],[26.4953,58.9029],[26.497,58.9022],[26.498,58.9013],[26.4993,58.9006],[26.5002,58.8974],[26.4995,58.8968],[26.4999,58.8957],[26.4994,58.8948],[26.4976,58.8942],[26.496,58.8942],[26.4943,58.8939],[26.4938,58.8933],[26.4943,58.8911],[26.4921,58.8893],[26.4918,58.8882],[26.4899,58.8859],[26.4897,58.8849],[26.4882,58.8844],[26.4882,58.8822],[26.4892,58.8813],[26.4899,58.8796],[26.4915,58.8782],[26.4931,58.8764],[26.4943,58.8762],[26.4979,58.8748],[26.4988,58.8738],[26.4987,58.8725],[26.4998,58.871],[26.5012,58.8703],[26.5017,58.8693],[26.5037,58.8685],[26.5043,58.8676],[26.5016,58.8644],[26.4994,58.8622],[26.4932,58.8577],[26.4924,58.8561],[26.4937,58.8551],[26.4965,58.8548],[26.5001,58.8538],[26.5007,58.8532],[26.5003,58.8515],[26.5005,58.8506],[26.5009,58.8462],[26.5012,58.8445],[26.5008,58.8433],[26.5012,58.8419],[26.5035,58.8409],[26.5036,58.8401],[26.5046,58.839],[26.505,58.8374],[26.4984,58.8334],[26.4939,58.8336],[26.4918,58.8344],[26.4892,58.8343],[26.4862,58.8337],[26.4836,58.8332],[26.4812,58.8337],[26.4786,58.8339],[26.4768,58.8349],[26.4744,58.8351],[26.4711,58.8359],[26.47,58.8365],[26.4699,58.8374],[26.4685,58.838],[26.4684,58.8389],[26.4665,58.8398],[26.4524,58.843],[26.4485,58.8435],[26.4455,58.8431],[26.4428,58.8423],[26.4378,58.8413],[26.4355,58.8409],[26.43,58.8387],[26.4279,58.8385],[26.4267,58.8376],[26.4194,58.8364],[26.4157,58.8352],[26.4131,58.8339],[26.4118,58.8336],[26.4081,58.8338],[26.4063,58.8334],[26.4029,58.8334],[26.4002,58.8331],[26.3974,58.8331],[26.3961,58.8328],[26.3918,58.8318],[26.3887,58.8307],[26.3864,58.8306],[26.3842,58.831],[26.3808,58.8305],[26.3785,58.83],[26.377,58.8291],[26.3752,58.827],[26.3758,58.8258],[26.3762,58.8236],[26.3764,58.8217],[26.3768,58.8209],[26.3794,58.8188],[26.38,58.8178],[26.3799,58.8165],[26.3805,58.8154],[26.3801,58.8145],[26.3813,58.8123],[26.3802,58.811],[26.3808,58.8091],[26.3789,58.8079],[26.3782,58.8062],[26.3766,58.8051],[26.3761,58.8035],[26.3764,58.8028],[26.378,58.8021],[26.3787,58.8012],[26.379,58.7999],[26.3806,58.7994],[26.3831,58.7998],[26.3839,58.7989],[26.3846,58.7976],[26.3862,58.7974],[26.3856,58.7962],[26.3874,58.7942],[26.3856,58.7924],[26.3881,58.7901],[26.3906,58.7889],[26.3905,58.7882],[26.3918,58.7876],[26.3922,58.7861],[26.3934,58.7844],[26.3947,58.7836],[26.3953,58.7815],[26.3939,58.7804],[26.3896,58.779],[26.3893,58.7785],[26.3904,58.7774],[26.3906,58.7749],[26.3927,58.7737],[26.3938,58.7721],[26.3932,58.7707],[26.3935,58.77],[26.3949,58.7688],[26.3976,58.7653],[26.3995,58.7643],[26.401,58.7616],[26.403,58.7591],[26.4033,58.7583],[26.4053,58.7562],[26.4061,58.7547],[26.4061,58.754],[26.4074,58.7526],[26.4112,58.7493],[26.4128,58.7475],[26.4147,58.7459],[26.415,58.7453],[26.4167,58.7429],[26.4175,58.7421],[26.4169,58.74],[26.417,58.7376],[26.4181,58.7326],[26.418,58.7314],[26.419,58.7304],[26.4203,58.73],[26.4208,58.7293],[26.4221,58.729],[26.4249,58.7271],[26.425,58.7265],[26.423,58.725],[26.4226,58.7232],[26.4199,58.7217],[26.4169,58.7204],[26.4143,58.717],[26.4123,58.7155],[26.4116,58.7145],[26.4094,58.7125],[26.409,58.7118],[26.4092,58.7101],[26.4102,58.7084],[26.4112,58.7073],[26.4118,58.7045],[26.411,58.7032],[26.4129,58.7017],[26.4129,58.7007]],[[26.3957,58.7711],[26.3961,58.7703],[26.3974,58.7696],[26.3992,58.7679],[26.4003,58.7668],[26.4002,58.7658],[26.4007,58.7653],[26.4008,58.7653],[26.4015,58.765],[26.402,58.7636],[26.4019,58.7626],[26.4017,58.7625],[26.401,58.7616]],[[26.3927,58.7737],[26.3943,58.7731],[26.3953,58.7722],[26.3957,58.7711]],[[26.3801,58.6319],[26.3808,58.631]],[[26.3821,58.6304],[26.3828,58.6296]],[[26.4061,58.7547],[26.4074,58.7526]],[[26.5055,58.9565],[26.5063,58.9561]],[[26.507,58.9479],[26.507,58.9468],[26.5059,58.9464]],[[26.4991,58.9573],[26.5008,58.9573]],[[26.3684,58.6492],[26.3685,58.6481]],[[26.3474,58.5912],[26.3472,58.5908],[26.3451,58.5905]]]},"properties":{"name":"Pedja jõgi"}},
{"type":"Feature","geometry":{"type":"LineString","coordinates":[[25.5854,58.8921],[25.5868,58.8921],[25.588,58.8927],[25.5906,58.8933],[25.592,58.8934],[25.5947,58.8941],[25.5948,58.8947],[25.5967,58.896],[25.5977,58.897],[25.6001,58.8971],[25.6025,58.8975],[25.6055,58.8995],[25.6065,58.8999],[25.6069,58.9011],[25.6081,58.9015],[25.6092,58.9031],[25.6118,58.9049],[25.6131,58.9053],[25.6131,58.906],[25.6161,58.907],[25.6192,58.9076],[25.6199,58.908],[25.6223,58.9083],[25.6249,58.91],[25.6265,58.9105],[25.626,58.9113],[25.6277,58.9118],[25.6272,58.9129],[25.6287,58.9152],[25.628,58.9169],[25.6285,58.918],[25.6303,58.9189],[25.6305,58.9195],[25.6324,58.9223],[25.6329,58.9244],[25.6398,58.9315],[25.6419,58.9341],[25.6417,58.9347],[25.6413,58.9362],[25.6424,58.9377],[25.6441,58.9386],[25.6449,58.9397],[25.6464,58.9432],[25.6467,58.9436],[25.6468,58.9436],[25.65,58.9449],[25.6542,58.947],[25.6554,58.9481],[25.6591,58.9515],[25.6595,58.9532],[25.6596,58.9533],[25.6649,58.9573],[25.665,58.9574],[25.6746,58.9645],[25.6786,58.9664],[25.6843,58.9694],[25.6886,58.9701],[25.6962,58.9721],[25.6963,58.9732],[25.6995,58.9767],[25.699,58.9836],[25.7001,58.9889],[25.705,58.9915],[25.7055,58.9955],[25.706,58.997],[25.7061,58.9971],[25.7112,58.9969],[25.7134,59.0015],[25.7142,59.0029],[25.7148,59.0055],[25.7186,59.007],[25.7215,59.0075],[25.7217,59.0075],[25.7285,59.0088],[25.7287,59.0088],[25.7294,59.0089],[25.7308,59.0078],[25.7314,59.006],[25.7326,59.0041],[25.7324,59.0009],[25.7411,59.0002]]},"properties":{"name":"Vodja jõgi"}},
{"type":"Feature","geometry":{"type":"MultiLineString","coordinates":[[[25.5806,58.884],[25.5821,58.8839],[25.5826,58.8854],[25.5875,58.8861],[25.5896,58.8853],[25.5923,58.8835],[25.5924,58.8829],[25.5936,58.8818],[25.5956,58.881],[25.5967,58.8809],[25.6001,58.8813],[25.6016,58.8813],[25.6035,58.882],[25.6072,58.8822],[25.6098,58.8829],[25.6131,58.8822],[25.6208,58.8802],[25.6213,58.8797],[25.6203,58.8789],[25.6224,58.8772],[25.6225,58.8764],[25.6248,58.8757],[25.627,58.8769],[25.6291,58.8766],[25.6293,58.8758],[25.6314,58.8762],[25.6333,58.876],[25.6344,58.8745],[25.6362,58.874],[25.6386,58.8746],[25.6399,58.8731],[25.6413,58.873],[25.6426,58.8734],[25.6437,58.873],[25.6467,58.8733],[25.6485,58.8737],[25.6515,58.8759],[25.6502,58.8772],[25.6505,58.8778],[25.6535,58.878],[25.6527,58.8789],[25.6561,58.8806],[25.6564,58.8823],[25.6585,58.8833],[25.6608,58.8842],[25.6615,58.8868],[25.662,58.8871],[25.662,58.8882],[25.6625,58.8892],[25.6641,58.8903],[25.6655,58.8907],[25.6674,58.892],[25.6698,58.8922],[25.6728,58.8932],[25.6736,58.8938],[25.6772,58.8945],[25.6809,58.896],[25.6908,58.8998],[25.6967,58.9031],[25.6971,58.9037],[25.7073,58.9076],[25.7146,58.9104],[25.7162,58.9106],[25.7255,58.9148],[25.7319,58.9195],[25.7345,58.9238],[25.7357,58.9248],[25.749,58.9284],[25.7492,58.9284],[25.7522,58.9292],[25.76,58.9331],[25.7609,58.9337],[25.7609,58.9338],[25.7647,58.9396],[25.7721,58.9476],[25.773,58.9484],[25.7804,58.9513],[25.7814,58.9529],[25.7816,58.9538],[25.7798,58.9628],[25.7839,58.9671],[25.7839,58.9676],[25.7812,58.9715],[25.7811,58.9716],[25.7804,58.9727],[25.7801,58.973],[25.7706,58.9768],[25.7703,58.9778],[25.7718,58.979],[25.7737,58.9794],[25.7751,58.98],[25.7774,58.9805],[25.7821,58.9812],[25.7838,58.9821],[25.7858,58.9834],[25.7849,58.9838],[25.7837,58.985],[25.7852,58.9869],[25.7854,58.987]],[[25.7745,58.9794],[25.7741,58.9794],[25.7745,58.9794],[25.7751,58.98]],[[25.7821,58.9812],[25.7828,58.9803],[25.7816,58.9798],[25.7798,58.98],[25.7785,58.9797],[25.7774,58.9805]],[[25.7741,58.9794],[25.7737,58.9794]]]},"properties":{"name":"Esna jõgi"}},
{"type":"Feature","geometry":{"type":"MultiLineString","coordinates":[[[25.4207,59.2761],[25.4218,59.2765],[25.425,59.2765],[25.4293,59.2762],[25.4309,59.2768],[25.432,59.2765],[25.4329,59.2772],[25.435,59.2776],[25.4372,59.2777],[25.4388,59.2783],[25.4388,59.279],[25.441,59.2792],[25.4429,59.2787],[25.4441,59.2794],[25.4437,59.2801],[25.4451,59.2803],[25.4458,59.2797],[25.4475,59.2806],[25.4488,59.2798],[25.4507,59.2812],[25.4523,59.2814],[25.4535,59.2806],[25.4561,59.2805],[25.4577,59.2812],[25.4586,59.2811],[25.4588,59.2811],[25.4635,59.2818],[25.4668,59.2822],[25.468,59.2827],[25.4703,59.2824],[25.4729,59.2831],[25.4733,59.2825],[25.4776,59.2832],[25.478,59.2846],[25.4801,59.2851],[25.4808,59.2843],[25.4836,59.2853],[25.4845,59.2844],[25.4894,59.285],[25.4893,59.2862],[25.4966,59.2882],[25.4986,59.2889],[25.4999,59.2898],[25.499,59.2901],[25.502,59.2917],[25.5036,59.292],[25.5036,59.2928],[25.5054,59.2928],[25.5052,59.2936],[25.5078,59.2942],[25.5126,59.2962],[25.5133,59.2958],[25.5153,59.2961],[25.5162,59.2973],[25.5177,59.2976],[25.5196,59.2971],[25.5231,59.298],[25.5239,59.2994],[25.5255,59.3001],[25.525,59.3009],[25.5269,59.3015],[25.5284,59.3013],[25.5298,59.3024],[25.5313,59.3019],[25.5331,59.3018],[25.5345,59.3032],[25.538,59.3034],[25.5385,59.3043],[25.5406,59.3054],[25.5438,59.3062],[25.5445,59.3069],[25.5462,59.3066],[25.5474,59.3076],[25.5482,59.307],[25.5495,59.3079],[25.5509,59.3076],[25.554,59.3086],[25.5545,59.3095],[25.5567,59.3105],[25.559,59.311],[25.5597,59.3105],[25.561,59.3104],[25.5612,59.3105],[25.5644,59.3098],[25.5674,59.31],[25.5684,59.3096],[25.5712,59.3096],[25.574,59.31],[25.5754,59.3097],[25.5771,59.3104],[25.5794,59.3097],[25.5799,59.3101],[25.5828,59.3097],[25.5839,59.3101],[25.5884,59.3089],[25.591,59.309],[25.5929,59.3087],[25.5947,59.3091],[25.597,59.3086],[25.5995,59.3089],[25.6002,59.308],[25.6045,59.3081],[25.6061,59.3077],[25.6067,59.3072],[25.6095,59.3064],[25.6104,59.3055],[25.6095,59.305],[25.6116,59.3027],[25.6114,59.3019],[25.6135,59.3012],[25.6134,59.2993],[25.6136,59.2981],[25.6138,59.2978],[25.6135,59.2971],[25.6139,59.296],[25.6148,59.2955],[25.614,59.2946],[25.615,59.2941],[25.6149,59.2933],[25.618,59.2905],[25.6197,59.2893],[25.6206,59.2891],[25.622,59.2877],[25.6218,59.2867],[25.6236,59.2861],[25.6248,59.2863],[25.6279,59.285],[25.6301,59.2847],[25.6303,59.2847],[25.6336,59.2836],[25.6332,59.2826],[25.6313,59.2816],[25.6316,59.2804],[25.6323,59.2796],[25.6348,59.2786],[25.6346,59.278],[25.6369,59.278],[25.639,59.2774],[25.6402,59.2768],[25.6413,59.2769],[25.6433,59.2759],[25.6444,59.2754],[25.6484,59.2746],[25.6489,59.275],[25.6521,59.2739],[25.6534,59.2741],[25.6553,59.2749],[25.6587,59.2752],[25.6602,59.2755],[25.6625,59.2747],[25.6631,59.2755],[25.6645,59.275],[25.6669,59.275],[25.6676,59.2743],[25.67,59.2744],[25.6714,59.2747],[25.6726,59.2741],[25.6756,59.2744],[25.6773,59.2744],[25.6813,59.2754],[25.6825,59.2753],[25.6844,59.2765],[25.6846,59.2774],[25.6847,59.2775],[25.6871,59.2781],[25.6886,59.2789],[25.6894,59.28],[25.6921,59.2809],[25.694,59.2821],[25.698,59.2836],[25.701,59.2845],[25.702,59.2845],[25.7057,59.283],[25.7059,59.283],[25.7098,59.2829],[25.7119,59.2824],[25.7124,59.2817],[25.7162,59.2818],[25.7176,59.2821],[25.7177,59.2822]],[[26.3102,57.5932],[26.3138,57.5939],[26.3159,57.594],[26.3161,57.593],[26.3181,57.5933],[26.3181,57.5941],[26.3226,57.5947],[26.3236,57.5955],[26.3234,57.5943],[26.3251,57.5939],[26.3264,57.5959],[26.3284,57.5955],[26.3293,57.5947],[26.3311,57.594],[26.3322,57.5942],[26.3328,57.596],[26.3344,57.5954],[26.3354,57.5955],[26.3373,57.5942],[26.3369,57.5933],[26.3387,57.5935],[26.3396,57.5943],[26.3408,57.5937],[26.3417,57.5941],[26.3429,57.5953],[26.3441,57.5955],[26.3444,57.5968],[26.3472,57.5977],[26.3483,57.5984],[26.3506,57.5994],[26.3513,57.6007],[26.3524,57.6016],[26.3536,57.6019],[26.3564,57.6012],[26.3574,57.6007],[26.3585,57.6015],[26.3607,57.6021],[26.3602,57.6029],[26.3607,57.6037],[26.3619,57.6037],[26.363,57.6025],[26.3646,57.6023],[26.3663,57.6032],[26.3684,57.6022],[26.3693,57.6026],[26.3685,57.6039],[26.3701,57.6041],[26.3708,57.6037],[26.3719,57.6022],[26.372,57.6013],[26.3735,57.6011],[26.3741,57.6005],[26.3757,57.6],[26.3782,57.6001],[26.3797,57.6016],[26.3808,57.6007],[26.3825,57.6011],[26.3851,57.6021],[26.3852,57.6033],[26.3873,57.6038],[26.3895,57.6058],[26.3893,57.6062],[26.3912,57.6072],[26.3923,57.6073],[26.3952,57.6069],[26.3964,57.6066],[26.3958,57.6059],[26.394,57.6057],[26.3935,57.6046],[26.3978,57.6052],[26.4022,57.6052],[26.4036,57.6056],[26.4067,57.605],[26.4098,57.6061],[26.4119,57.6071],[26.413,57.6068],[26.4149,57.6068],[26.4147,57.6074],[26.4157,57.6081],[26.4189,57.6076],[26.4209,57.6082],[26.4223,57.6073],[26.4246,57.6069],[26.4256,57.6075],[26.4266,57.6064],[26.4281,57.6062],[26.4295,57.6051],[26.4311,57.6059],[26.4325,57.6053],[26.433,57.6043],[26.4341,57.6038],[26.4358,57.604],[26.4376,57.6036],[26.439,57.6036],[26.4397,57.6031],[26.4385,57.602],[26.4398,57.6009],[26.4419,57.6016],[26.444,57.6012],[26.4465,57.5996],[26.4493,57.5992],[26.4496,57.5998],[26.4481,57.6009],[26.4498,57.6012],[26.4502,57.5996],[26.4528,57.5993],[26.4537,57.6001],[26.4557,57.5994],[26.4579,57.5984],[26.4581,57.5976],[26.4593,57.597],[26.4624,57.599],[26.4638,57.5991],[26.4656,57.5982],[26.4673,57.5964],[26.4683,57.5962],[26.4692,57.5968],[26.4691,57.5989],[26.4697,57.5996],[26.4723,57.6004],[26.4761,57.5996],[26.478,57.5987],[26.4813,57.5977],[26.4822,57.5966],[26.4833,57.5958],[26.486,57.5956],[26.4867,57.5958],[26.487,57.5966],[26.4898,57.5972],[26.4919,57.5961],[26.4965,57.596],[26.4963,57.5949],[26.497,57.5944],[26.4984,57.5943],[26.5007,57.5952],[26.5016,57.5969],[26.5036,57.5974],[26.5051,57.5966],[26.5074,57.5962],[26.5077,57.5972],[26.5093,57.5977],[26.5125,57.5963],[26.5141,57.595],[26.5157,57.5964],[26.5185,57.5962],[26.5188,57.5955],[26.5209,57.5954],[26.5225,57.5958],[26.5233,57.595],[26.5251,57.5947],[26.5259,57.5953],[26.5277,57.5951],[26.5299,57.596],[26.5304,57.5966],[26.5318,57.5967],[26.533,57.5959],[26.5348,57.5965],[26.5357,57.5957],[26.537,57.5956],[26.5384,57.5959],[26.5382,57.5975],[26.5394,57.5977],[26.541,57.5968],[26.543,57.5968],[26.5438,57.5979],[26.5452,57.5984],[26.5487,57.5981],[26.5494,57.5986],[26.5485,57.5994],[26.5488,57.6007],[26.5506,57.6024],[26.5519,57.602],[26.5529,57.6026],[26.5521,57.6033],[26.5534,57.604],[26.5551,57.6043],[26.5571,57.6051],[26.559,57.6051],[26.5607,57.6056],[26.5637,57.6055],[26.5653,57.6062],[26.5671,57.6062],[26.5691,57.6064],[26.5707,57.6075],[26.572,57.6078],[26.5744,57.608],[26.5757,57.6074],[26.5771,57.608],[26.5777,57.6075],[26.5796,57.6073],[26.5808,57.6086],[26.5829,57.6083],[26.5838,57.6094],[26.585,57.6095],[26.5863,57.6104],[26.5864,57.6114],[26.5885,57.6131],[26.5896,57.613],[26.5908,57.6135],[26.5934,57.6137],[26.5922,57.615],[26.5945,57.6165],[26.5963,57.6162],[26.598,57.6166],[26.5978,57.618],[26.5998,57.6175],[26.6003,57.6181],[26.6027,57.6185],[26.6035,57.6176],[26.605,57.6178],[26.6063,57.6186],[26.607,57.6189],[26.6074,57.6203],[26.6088,57.6207],[26.6105,57.6218],[26.6107,57.6229],[26.6125,57.6235],[26.6124,57.6244],[26.6147,57.6251],[26.6155,57.6256],[26.6182,57.6252],[26.621,57.6261],[26.6226,57.6269],[26.6232,57.6279],[26.6241,57.6281],[26.6233,57.6296],[26.6239,57.6303],[26.626,57.6312],[26.6251,57.6322],[26.6269,57.6332],[26.6277,57.6348],[26.6296,57.6349],[26.6311,57.6343],[26.6318,57.6348],[26.6318,57.6358],[26.635,57.6367],[26.6365,57.6368],[26.6359,57.6381],[26.6381,57.6381],[26.6384,57.6393],[26.6393,57.6396],[26.6404,57.639],[26.642,57.6398],[26.6415,57.6404],[26.6409,57.6409],[26.6418,57.6424],[26.6451,57.6435],[26.6458,57.6445],[26.6434,57.6452],[26.644,57.6462],[26.6465,57.6461],[26.6464,57.6471],[26.6477,57.6477],[26.6491,57.6468],[26.6502,57.6468],[26.6512,57.6477],[26.6517,57.6491],[26.6544,57.6501],[26.6563,57.6502],[26.656,57.651],[26.6551,57.6513],[26.6551,57.652],[26.6561,57.6527],[26.6562,57.6535],[26.6588,57.6535],[26.6593,57.6543],[26.6587,57.6551],[26.6607,57.6558],[26.6632,57.6566],[26.6619,57.6575],[26.6633,57.6584],[26.6669,57.6575],[26.6676,57.6568],[26.669,57.6572],[26.6706,57.6562],[26.6715,57.6563],[26.6718,57.6576],[26.6725,57.658],[26.6748,57.6583],[26.6758,57.659],[26.6749,57.6601],[26.6767,57.6613],[26.6782,57.6619],[26.6796,57.6611],[26.6804,57.6625],[26.6797,57.665],[26.681,57.6668],[26.6809,57.6682],[26.6794,57.6684],[26.6796,57.6694],[26.6791,57.6703],[26.6797,57.6709],[26.6815,57.671],[26.6837,57.6732],[26.6823,57.6745],[26.684,57.6753],[26.6845,57.6762],[26.6836,57.6769],[26.6848,57.6785],[26.6845,57.6797],[26.6838,57.6801],[26.6847,57.6818],[26.6844,57.6825],[26.6854,57.6835],[26.6852,57.6844],[26.6865,57.6848],[26.6868,57.6855],[26.6849,57.6858],[26.6864,57.687],[26.6857,57.6874],[26.6854,57.6886],[26.6861,57.6896],[26.6868,57.6901],[26.6873,57.693],[26.6904,57.6942],[26.6899,57.6948],[26.6904,57.6958],[26.6918,57.6969],[26.6906,57.6978],[26.69,57.6982],[26.6911,57.6993],[26.6906,57.6999],[26.6921,57.7008],[26.6923,57.7017],[26.6937,57.7023],[26.6928,57.7035],[26.6924,57.7037],[26.693,57.7042],[26.693,57.7055],[26.6943,57.7066],[26.6943,57.7075],[26.6934,57.7084],[26.6944,57.7095],[26.6961,57.7097],[26.6957,57.7114],[26.6951,57.7121],[26.6966,57.7129],[26.6972,57.7139],[26.6978,57.7153],[26.6984,57.7161],[26.6974,57.717],[26.6991,57.7189],[26.6999,57.7203],[26.7014,57.7209],[26.7001,57.7214],[26.7023,57.7219],[26.7024,57.7231],[26.7041,57.7236],[26.7049,57.7252],[26.7068,57.7254],[26.7068,57.7259],[26.7066,57.7259],[26.7066,57.7266],[26.7083,57.7271],[26.7085,57.7283],[26.7095,57.7293],[26.7089,57.7299],[26.709,57.731],[26.7078,57.7313],[26.7085,57.7321],[26.7068,57.7323],[26.7066,57.7337],[26.7068,57.7356],[26.7079,57.736],[26.7077,57.7366],[26.709,57.7378],[26.7107,57.7372],[26.7114,57.7384],[26.7136,57.7379],[26.7143,57.7384],[26.7137,57.74],[26.715,57.74],[26.7151,57.7408],[26.7141,57.7416],[26.716,57.7427],[26.7177,57.7446],[26.7191,57.7445],[26.7242,57.7486],[26.7282,57.7515],[26.73,57.7533],[26.7327,57.7537],[26.7341,57.7549],[26.7344,57.7566],[26.7378,57.758],[26.7418,57.7584],[26.747,57.7604],[26.7487,57.7613],[26.7506,57.7617],[26.7535,57.7636],[26.7554,57.7645],[26.7577,57.7653],[26.7582,57.766],[26.7598,57.7671],[26.7641,57.7693],[26.7663,57.77],[26.7669,57.7707],[26.7689,57.7706],[26.7706,57.7716],[26.7719,57.7715],[26.7735,57.7723],[26.7745,57.7749],[26.7758,57.7758],[26.7757,57.7779],[26.776,57.7784],[26.7753,57.7805],[26.7746,57.7815],[26.7735,57.7823],[26.7743,57.7834],[26.7719,57.7847],[26.7727,57.786],[26.7713,57.7897],[26.7695,57.7911],[26.7699,57.7914],[26.7694,57.7932],[26.7693,57.7953],[26.7697,57.7959],[26.7673,57.7972],[26.7651,57.7978],[26.7648,57.7984],[26.7657,57.7989],[26.765,57.8004],[26.7658,57.8015],[26.7652,57.8021],[26.7662,57.8039],[26.765,57.8059],[26.7635,57.8072],[26.7584,57.8086],[26.7583,57.8086],[26.7569,57.8076],[26.7546,57.8076],[26.7535,57.8066],[26.7516,57.8065],[26.7512,57.806],[26.7486,57.8052],[26.7447,57.8049],[26.7417,57.8041],[26.7399,57.8045],[26.7364,57.8042],[26.7329,57.8023],[26.7297,57.8024],[26.7273,57.8013],[26.7254,57.7991],[26.7239,57.7987],[26.7224,57.799],[26.7201,57.7985],[26.717,57.797],[26.7169,57.7961],[26.7156,57.7956],[26.7152,57.7949],[26.7149,57.794],[26.7131,57.793],[26.7119,57.7927],[26.7089,57.7928],[26.7066,57.7918],[26.7049,57.792],[26.7036,57.7916],[26.6996,57.7911],[26.6956,57.7904],[26.6929,57.7891],[26.692,57.7881],[26.6898,57.7876],[26.6877,57.7867],[26.6871,57.7858],[26.6857,57.7849],[26.6848,57.7848],[26.6825,57.7833],[26.6804,57.7832],[26.6797,57.7826],[26.6797,57.7825],[26.6792,57.7806],[26.6777,57.78],[26.6748,57.7794],[26.6735,57.7787],[26.6723,57.7787],[26.671,57.7781],[26.6709,57.7773],[26.6696,57.777],[26.6618,57.7739],[26.658,57.7729],[26.6541,57.7724],[26.6513,57.7714],[26.6493,57.7706],[26.645,57.7699],[26.639,57.7705],[26.636,57.7705],[26.634,57.7708],[26.6275,57.7702],[26.6243,57.7708],[26.6163,57.77],[26.6156,57.7707],[26.6128,57.7709],[26.6109,57.7704],[26.6096,57.7704],[26.6084,57.7696],[26.6057,57.7693],[26.6055,57.7682],[26.6032,57.768],[26.6023,57.7682],[26.5978,57.7674],[26.5969,57.7665],[26.598,57.7651],[26.5975,57.764],[26.5997,57.7633],[26.5995,57.7623],[26.5986,57.7617],[26.5976,57.7596],[26.596,57.7587],[26.5943,57.7569],[26.5928,57.7567],[26.5924,57.7562],[26.59,57.7567],[26.5874,57.7564],[26.5859,57.7569],[26.5845,57.7581],[26.5831,57.7582],[26.5825,57.7565],[26.5814,57.7546],[26.5814,57.7544],[26.5814,57.7537],[26.5798,57.7513],[26.5786,57.7504],[26.5759,57.7503],[26.5758,57.7503],[26.5743,57.7507],[26.5718,57.75],[26.5704,57.7501],[26.5676,57.7495],[26.5656,57.7476],[26.5666,57.7463],[26.5616,57.7435],[26.5575,57.7432],[26.5566,57.7436],[26.5512,57.7437],[26.5503,57.744],[26.546,57.7429],[26.5422,57.7404],[26.5385,57.7405],[26.5372,57.7402],[26.5349,57.7413],[26.5338,57.7409],[26.5336,57.7392],[26.529,57.7383],[26.5272,57.7373],[26.525,57.737],[26.5238,57.7356],[26.5201,57.7348],[26.5192,57.7349],[26.519,57.7349],[26.518,57.7352]],[[26.2393,58.9297],[26.2426,58.9271],[26.2401,58.9255],[26.2416,58.9231],[26.2414,58.923],[26.2419,58.9225],[26.2437,58.9195],[26.2436,58.9194],[26.2434,58.9176],[26.2438,58.9174],[26.2451,58.9124],[26.2404,58.9119],[26.2404,58.9118],[26.2417,58.9071],[26.2417,58.9069],[26.2437,58.8993],[26.2437,58.8992],[26.2449,58.8947],[26.2447,58.8943],[26.2447,58.8942],[26.2465,58.8867],[26.2415,58.8862],[26.2396,58.8844],[26.2355,58.8821],[26.2362,58.8793],[26.2367,58.8789],[26.2362,58.8778],[26.235,58.8769],[26.2352,58.8765],[26.2295,58.8745],[26.2275,58.8729],[26.2252,58.8725],[26.2232,58.8715],[26.222,58.8716],[26.2176,58.8711],[26.2157,58.8703],[26.2152,58.8697],[26.2133,58.8692],[26.2112,58.8682],[26.2103,58.8672],[26.2075,58.8661],[26.2051,58.8661],[26.2035,58.8656]]]},"properties":{"name":"Mustjõgi"}},
{"type":"Feature","geometry":{"type":"MultiLineString","coordinates":[[[24.155,58.7355],[24.1576,58.7349],[24.1609,58.7352],[24.1611,58.7364],[24.1647,58.737],[24.1672,58.7373],[24.1699,58.7382],[24.1714,58.7384],[24.1744,58.7389],[24.1757,58.7396],[24.1793,58.742],[24.1805,58.7417],[24.1814,58.7406],[24.1835,58.7408],[24.1859,58.7403],[24.1876,58.7404],[24.1921,58.7415],[24.1946,58.7408],[24.1995,58.74],[24.2012,58.7408],[24.2027,58.741],[24.2035,58.7416],[24.2034,58.7426],[24.2041,58.7432],[24.2092,58.7444],[24.2132,58.7442],[24.215,58.7438],[24.2178,58.7426],[24.2186,58.7419],[24.2222,58.742],[24.2247,58.7428],[24.2309,58.7428],[24.2332,58.7432],[24.2397,58.7436],[24.2424,58.7429],[24.2456,58.7416],[24.247,58.7406],[24.2479,58.7394],[24.2495,58.7383],[24.2516,58.7372],[24.2537,58.7367],[24.2554,58.7359],[24.2564,58.7348],[24.2569,58.7334],[24.2582,58.7323],[24.2616,58.7312],[24.267,58.7296],[24.268,58.728],[24.2694,58.7271],[24.2705,58.7267],[24.2747,58.726],[24.2781,58.7256],[24.2809,58.7257],[24.2849,58.7254],[24.2895,58.7247],[24.2932,58.7243],[24.2979,58.7234],[24.3017,58.7221],[24.3067,58.7212],[24.3091,58.7205],[24.3094,58.7205],[24.3129,58.7208],[24.3138,58.7217],[24.3128,58.7233],[24.3131,58.7238],[24.3137,58.724],[24.3188,58.7246],[24.3204,58.726],[24.3216,58.7277],[24.3227,58.728],[24.3258,58.7277],[24.3273,58.7283],[24.3293,58.7298],[24.3307,58.7314],[24.3321,58.732],[24.3333,58.7319],[24.335,58.7316],[24.3388,58.7318],[24.3409,58.7316],[24.3432,58.7309],[24.3447,58.7308],[24.3468,58.7321],[24.3485,58.7328],[24.3505,58.7331],[24.3536,58.7325],[24.3554,58.7324],[24.3583,58.7328],[24.3601,58.732],[24.3617,58.7321],[24.3631,58.7327],[24.3654,58.7326],[24.3674,58.7321],[24.3687,58.7324],[24.3696,58.734],[24.3713,58.7341],[24.3736,58.7326],[24.3772,58.7319],[24.3792,58.7323],[24.3817,58.7334],[24.3832,58.7337],[24.3851,58.7336],[24.3873,58.7348],[24.3911,58.7336],[24.3926,58.7336],[24.3939,58.7342],[24.3955,58.7357],[24.3947,58.737],[24.3952,58.738],[24.3983,58.74],[24.3989,58.743],[24.3994,58.7439],[24.3989,58.7453],[24.3996,58.7466],[24.4018,58.7472],[24.4018,58.7481],[24.4019,58.7494],[24.4032,58.7501],[24.4041,58.751],[24.4065,58.7527],[24.4092,58.7537],[24.4101,58.7544],[24.4099,58.7559],[24.411,58.7583],[24.4111,58.7593],[24.4098,58.7593],[24.4093,58.7603],[24.4113,58.7617],[24.4112,58.7629],[24.4118,58.7652],[24.4107,58.7656],[24.4074,58.766],[24.405,58.7675],[24.4054,58.7681],[24.4113,58.7696],[24.4128,58.7697],[24.415,58.7693],[24.4181,58.7697],[24.4223,58.7705],[24.424,58.7705],[24.4252,58.77],[24.4265,58.7686],[24.4277,58.7683],[24.4346,58.7693],[24.4368,58.7694],[24.4389,58.7706],[24.4418,58.7709],[24.4452,58.7726],[24.4458,58.774],[24.4467,58.7748],[24.4491,58.7758],[24.4511,58.7761],[24.4521,58.7766],[24.4546,58.777],[24.4562,58.778],[24.4577,58.7791],[24.4602,58.7802],[24.4626,58.7805],[24.463,58.7796],[24.464,58.7791],[24.4663,58.7796],[24.4653,58.7807],[24.466,58.7809],[24.4684,58.781],[24.4702,58.7815],[24.4709,58.7809],[24.4723,58.7809],[24.4733,58.782],[24.4742,58.7822],[24.4764,58.7824],[24.4779,58.7829],[24.4805,58.7824],[24.4821,58.7823],[24.4834,58.7815],[24.4851,58.7813],[24.4871,58.7822],[24.4895,58.7821],[24.4922,58.7822],[24.4947,58.7835],[24.498,58.7845],[24.5019,58.7862],[24.5026,58.7872],[24.5039,58.788],[24.505,58.7881],[24.5081,58.7874],[24.5099,58.7869],[24.5114,58.787],[24.5126,58.7875],[24.5133,58.7887],[24.5163,58.7881],[24.5173,58.7882],[24.5194,58.7893],[24.5242,58.7896],[24.5246,58.7884],[24.5254,58.788],[24.5299,58.7869],[24.5333,58.7869],[24.5349,58.7873],[24.5368,58.7883],[24.5363,58.7888],[24.538,58.7896],[24.541,58.79],[24.5424,58.7906],[24.5434,58.792],[24.5456,58.7932],[24.5484,58.794],[24.5502,58.795],[24.5516,58.7953],[24.5515,58.796],[24.5535,58.7976],[24.5541,58.7985],[24.5559,58.7985],[24.558,58.8002],[24.5585,58.8013],[24.5599,58.8014],[24.5596,58.8024],[24.5605,58.8037],[24.5615,58.8037],[24.5622,58.8059],[24.5644,58.8072],[24.5655,58.8082],[24.5674,58.8091],[24.5685,58.8101],[24.5702,58.8102],[24.5711,58.811],[24.5717,58.8113],[24.574,58.8117],[24.5763,58.8132],[24.5771,58.8131],[24.5781,58.8129],[24.5801,58.8134],[24.5819,58.8131],[24.5835,58.8133],[24.5844,58.8141],[24.5841,58.8149],[24.5865,58.8149],[24.5881,58.8145],[24.5892,58.8146],[24.5903,58.8155],[24.5908,58.8166],[24.5945,58.8173],[24.5962,58.8174],[24.5992,58.8173],[24.6007,58.8177],[24.6024,58.8177],[24.6041,58.8186],[24.6041,58.8195],[24.605,58.8196],[24.6085,58.8202],[24.6092,58.8213],[24.6101,58.8217],[24.612,58.821],[24.6132,58.8201],[24.6145,58.8208],[24.6169,58.8211],[24.6172,58.8207],[24.6195,58.8209],[24.6205,58.8203],[24.6232,58.8212],[24.6242,58.8204],[24.6262,58.8197],[24.6285,58.8194],[24.6303,58.8197],[24.6331,58.819],[24.6334,58.8187],[24.6361,58.8193],[24.6375,58.8187],[24.6398,58.8194],[24.6409,58.8193],[24.6426,58.8182],[24.6439,58.8183],[24.6448,58.8175],[24.647,58.8177],[24.6485,58.8175],[24.6498,58.8165],[24.6519,58.8168],[24.6537,58.8156],[24.656,58.8157],[24.6584,58.8142],[24.6609,58.8141],[24.6619,58.815],[24.6653,58.8146],[24.6676,58.814],[24.6698,58.8147],[24.6716,58.8149],[24.6727,58.8137],[24.6756,58.8137],[24.6776,58.814],[24.6789,58.8137],[24.6806,58.8139],[24.6805,58.8124],[24.6814,58.8118],[24.682,58.8104],[24.6835,58.8107],[24.684,58.8108],[24.6866,58.811],[24.6881,58.8105],[24.6895,58.8108],[24.6922,58.8106],[24.694,58.81],[24.6945,58.8095],[24.6975,58.8097],[24.6996,58.8087],[24.7005,58.8086],[24.7022,58.8076],[24.7034,58.8078],[24.7044,58.8069],[24.7059,58.8063],[24.708,58.8068],[24.7099,58.8068],[24.7106,58.8076],[24.7124,58.8072],[24.7151,58.8071],[24.7169,58.8059],[24.7184,58.8054],[24.7191,58.8045],[24.7209,58.8049],[24.7225,58.8047],[24.7252,58.8058],[24.7272,58.8056],[24.7274,58.8065],[24.7287,58.8069],[24.7294,58.808],[24.7336,58.8084],[24.7348,58.8091],[24.7366,58.8092],[24.7397,58.8088],[24.7452,58.8097],[24.7475,58.8115],[24.7479,58.8123],[24.7545,58.815],[24.7742,58.8154],[24.7748,58.8148],[24.7766,58.815],[24.7776,58.8144],[24.7802,58.8141],[24.7823,58.8133],[24.7842,58.8144],[24.7839,58.8153],[24.7856,58.8154],[24.7871,58.816],[24.7887,58.817],[24.7889,58.8179],[24.7884,58.8188],[24.7897,58.8191],[24.7925,58.8189],[24.7941,58.8192],[24.7954,58.8184],[24.7963,58.8188],[24.7971,58.8198],[24.7992,58.8206],[24.7981,58.8228],[24.7998,58.8234],[24.8009,58.8253],[24.8021,58.8258],[24.8029,58.8272],[24.8044,58.8274],[24.8056,58.8284],[24.8082,58.8294],[24.8102,58.8296],[24.8131,58.8294],[24.8163,58.8305],[24.818,58.8323],[24.8195,58.833],[24.8195,58.8331],[24.8212,58.8347],[24.8211,58.8354],[24.8233,58.8357],[24.8225,58.8369],[24.8241,58.837],[24.8249,58.8379],[24.8243,58.8396],[24.8257,58.8411],[24.8283,58.8408],[24.8293,58.8416],[24.8305,58.8418],[24.8338,58.8433],[24.8345,58.8439],[24.8368,58.8447],[24.8372,58.846],[24.8366,58.8468],[24.8379,58.8477],[24.8395,58.8483],[24.8404,58.8489],[24.8408,58.8491],[24.8423,58.8498],[24.8432,58.8504],[24.8449,58.8502],[24.8466,58.8503],[24.8468,58.8505],[24.8483,58.8525],[24.8498,58.8537],[24.8515,58.8545],[24.8547,58.8551],[24.8554,58.8556],[24.8556,58.8556],[24.8567,58.8561],[24.858,58.8558],[24.8612,58.8565],[24.8608,58.8572],[24.8622,58.8577],[24.8638,58.8577],[24.8648,58.8581],[24.8682,58.8582],[24.8709,58.8591],[24.8711,58.8591],[24.8731,58.859],[24.8764,58.8594],[24.8783,58.86],[24.8792,58.8611],[24.886,58.8619],[24.8874,58.8625],[24.8929,58.8658],[24.8988,58.8675],[24.9049,58.8678],[24.9085,58.8682],[24.9111,58.868],[24.9113,58.868],[24.9141,58.869],[24.9169,58.8692],[24.92,58.8689],[24.9211,58.8684],[24.9225,58.8688],[24.9226,58.8688],[24.9232,58.8694],[24.9278,58.8697],[24.929,58.8703],[24.9317,58.8704],[24.9331,58.8717],[24.9336,58.8726],[24.937,58.8731],[24.942,58.8746],[24.9551,58.8789],[24.9636,58.8816],[24.9692,58.8819],[24.97,58.8816],[24.976,58.8818],[24.9845,58.878],[24.9846,58.878],[24.9851,58.8778],[24.9853,58.8779],[24.9861,58.8774],[24.9909,58.8756],[24.9973,58.8715],[24.9993,58.8713],[24.9999,58.8715]],[[24.684,58.8108],[24.6835,58.8107]],[[24.8423,58.8498],[24.8408,58.8491]],[[24.8404,58.8489],[24.8395,58.8483]]]},"properties":{"name":"Velise jõgi"}},
{"type":"Feature","geometry":{"type":"LineString","coordinates":[[24.9421,59.3909],[24.9421,59.3897],[24.9414,59.389],[24.9416,59.3875],[24.9431,59.3862],[24.9434,59.3847],[24.9455,59.3834],[24.952,59.3817],[24.9531,59.3819],[24.967,59.382],[24.9679,59.3818],[24.9705,59.3799],[24.9718,59.3794],[24.9783,59.377],[24.9801,59.376],[24.9839,59.375],[24.9863,59.374],[24.9907,59.3724],[24.9986,59.3683],[25.0006,59.3672],[25.0026,59.3669],[25.0065,59.3656],[25.0091,59.3637],[25.0094,59.3633],[25.0094,59.3631],[25.0124,59.3545],[25.0132,59.3522],[25.0192,59.3345],[25.0201,59.3317],[25.0297,59.3212],[25.03,59.321],[25.0342,59.3189],[25.0373,59.3173],[25.0593,59.3061],[25.0611,59.3057],[25.0611,59.3054],[25.0628,59.3042],[25.0622,59.3021],[25.0622,59.302],[25.0595,59.2932],[25.0595,59.2931]]},"properties":{"name":"Leivajõgi"}},
{"type":"Feature","geometry":{"type":"MultiLineString","coordinates":[[[26.758,59.2152],[26.7582,59.2136],[26.764,59.2129],[26.7658,59.2125],[26.7665,59.2119],[26.7684,59.2098],[26.7697,59.2084],[26.772,59.2082],[26.7787,59.2079],[26.7847,59.2086],[26.7967,59.2108],[26.7975,59.2112],[26.8004,59.2113],[26.8008,59.2113],[26.8019,59.2115],[26.802,59.2115],[26.8061,59.2133],[26.8083,59.2135],[26.8125,59.2132],[26.8145,59.2142],[26.8151,59.2154],[26.8188,59.2168],[26.8189,59.2169],[26.8247,59.2192],[26.8325,59.22],[26.834,59.2219],[26.8394,59.2225],[26.8395,59.2226],[26.844,59.223],[26.8466,59.2259],[26.8491,59.2271],[26.8507,59.2283],[26.8657,59.224],[26.8676,59.2221],[26.8717,59.2202],[26.8775,59.219],[26.8843,59.2173],[26.8845,59.2173],[26.8881,59.2175],[26.8926,59.2183],[26.9072,59.2157],[26.9164,59.2142],[26.9166,59.2141],[26.919,59.2137],[26.9222,59.2112],[26.9243,59.2105],[26.9245,59.2104],[26.9246,59.2103],[26.9273,59.2097],[26.9294,59.2103],[26.9305,59.2102],[26.9338,59.2107],[26.935,59.2119],[26.9351,59.212],[26.9359,59.2126],[26.9385,59.2125],[26.9418,59.2132],[26.9452,59.2119],[26.946,59.2126],[26.9488,59.2129],[26.9505,59.2145],[26.9523,59.2148],[26.9537,59.216],[26.9581,59.2175],[26.9595,59.2176],[26.9618,59.2193],[26.9673,59.2189],[26.9698,59.2193],[26.9783,59.2199],[26.9811,59.2206],[26.9829,59.2221],[26.9859,59.2225],[26.9905,59.2253],[26.9912,59.2262],[26.9903,59.2275],[26.9938,59.2303],[26.9925,59.2316],[26.9908,59.2327],[26.9916,59.2329],[26.9921,59.234],[26.9918,59.2349],[26.9928,59.2354],[26.9931,59.2367],[26.9951,59.2373],[26.9952,59.2383],[26.996,59.2393],[27.0009,59.2413],[27.0013,59.242],[27.0032,59.242],[27.0043,59.2416],[27.0052,59.2423],[27.0074,59.242],[27.011,59.2436],[27.0133,59.2451],[27.0152,59.2454],[27.0159,59.2462],[27.0174,59.2462],[27.0192,59.2466],[27.0184,59.2484],[27.0188,59.2492],[27.0204,59.2493],[27.0197,59.2503],[27.0212,59.2505],[27.0216,59.2514],[27.0208,59.2525],[27.0214,59.253],[27.0181,59.2537],[27.0163,59.2557],[27.0141,59.2558],[27.0133,59.2568],[27.0142,59.2581],[27.0139,59.2598],[27.0118,59.2599],[27.0092,59.2621],[27.0083,59.2631],[27.007,59.2637],[27.0048,59.2638],[27.0043,59.2642],[27.0021,59.2646],[27.002,59.2657],[27.002,59.2658],[27.0016,59.2671],[27.0009,59.2675],[27.0012,59.2685],[27.0023,59.269],[27.0017,59.2701],[27.0007,59.2709],[27.0008,59.2716],[27.0026,59.2725],[27.0088,59.2785],[27.0117,59.2806],[27.0149,59.2824],[27.0155,59.2834],[27.0185,59.2852],[27.0193,59.286],[27.0212,59.2867],[27.0228,59.2879],[27.025,59.2884],[27.0287,59.2911],[27.027,59.292],[27.0267,59.2932],[27.0286,59.2931],[27.0296,59.294],[27.0309,59.2943],[27.0311,59.2944],[27.0303,59.2953],[27.0292,59.2957],[27.0299,59.2968],[27.0299,59.2976],[27.031,59.2982],[27.0306,59.2988],[27.0287,59.2991],[27.0299,59.3006],[27.029,59.3008],[27.0283,59.3017],[27.0287,59.3022],[27.0313,59.3031],[27.0317,59.3046],[27.0332,59.3052],[27.0322,59.306],[27.0352,59.3065],[27.0338,59.3071],[27.0337,59.3089],[27.032,59.3093],[27.0328,59.31],[27.0324,59.3107],[27.0315,59.3112],[27.0269,59.3115],[27.0255,59.3119],[27.0242,59.3129],[27.0202,59.3138],[27.019,59.3148],[27.0155,59.3165],[27.0149,59.3179],[27.014,59.3184],[27.0109,59.3193],[27.0078,59.3198],[27.0075,59.3212],[27.006,59.3218],[27.0064,59.3228],[27.005,59.325],[27.0066,59.3253],[27.0067,59.3267],[27.0075,59.3275],[27.0075,59.3287],[27.007,59.3302],[27.0074,59.3307],[27.0062,59.3326],[27.0067,59.3343],[27.0098,59.3368],[27.0108,59.3373],[27.012,59.3382],[27.0127,59.3393],[27.0156,59.3405],[27.0161,59.3416],[27.0174,59.3424],[27.017,59.3434],[27.0167,59.3459],[27.0195,59.3461],[27.0206,59.3465],[27.0218,59.3476],[27.024,59.3485],[27.0245,59.3492],[27.0238,59.3505],[27.0253,59.3513],[27.0286,59.3518],[27.0308,59.3523],[27.0343,59.3524],[27.0349,59.3527],[27.0348,59.3541],[27.0343,59.3549],[27.0357,59.3562],[27.0359,59.3567],[27.0337,59.3587],[27.0311,59.3597],[27.0301,59.3606],[27.0302,59.3613],[27.0271,59.362],[27.0281,59.3631],[27.03,59.364],[27.0305,59.3656],[27.0317,59.3668],[27.032,59.368],[27.0335,59.3679],[27.0367,59.3685],[27.04,59.3702],[27.0433,59.3705],[27.0441,59.3712],[27.0432,59.3717],[27.0405,59.3714],[27.0398,59.3721],[27.0402,59.3743],[27.04,59.3755],[27.039,59.3769],[27.0396,59.3776],[27.0398,59.378],[27.0391,59.3797],[27.0402,59.3814],[27.0401,59.3822],[27.0388,59.3832],[27.039,59.3853],[27.038,59.3878],[27.0371,59.3886],[27.0363,59.3905],[27.035,59.3913],[27.0323,59.3921],[27.029,59.3926],[27.0283,59.3932],[27.028,59.3952],[27.0254,59.3965],[27.0238,59.3965],[27.0234,59.3975],[27.0243,59.399],[27.0243,59.3991],[27.0234,59.3996],[27.0218,59.3983],[27.0206,59.3978],[27.0163,59.398],[27.0141,59.3986],[27.0131,59.3996],[27.0127,59.4011],[27.0116,59.4026],[27.0124,59.4033],[27.0164,59.4039],[27.018,59.4051],[27.0167,59.4058],[27.0144,59.4065],[27.0126,59.4072],[27.0099,59.4079],[27.0093,59.4089],[27.0069,59.4122],[27.007,59.4129],[27.0037,59.4153],[27.0033,59.4164],[27.0024,59.4173],[27.0007,59.4185],[26.9997,59.4187],[26.9981,59.42],[26.998,59.4208],[26.9966,59.4216],[26.9962,59.4229],[26.9941,59.4251],[26.9946,59.426],[26.9963,59.427],[26.9964,59.4278],[26.9958,59.4295],[26.9963,59.431],[26.9928,59.4317],[26.99,59.433],[26.9903,59.4343],[26.9926,59.4359]],[[27.0144,59.4065],[27.0141,59.407],[27.0115,59.4077],[27.0099,59.4089],[27.0093,59.4089]]]},"properties":{"name":"Purtse jõgi"}},
{"type":"Feature","geometry":{"type":"MultiLineString","coordinates":[[[26.4636,58.3301],[26.4629,58.3309],[26.4633,58.3324],[26.4645,58.3335],[26.4651,58.3344],[26.4639,58.3354],[26.4637,58.3362],[26.4618,58.3383],[26.4623,58.3402],[26.4632,58.3413],[26.4619,58.3421],[26.4612,58.3434],[26.4599,58.344],[26.4601,58.3446],[26.4585,58.3455],[26.4552,58.3467],[26.455,58.3484],[26.4553,58.3496],[26.4549,58.3502],[26.4527,58.3503],[26.4528,58.3518],[26.4516,58.3524],[26.4521,58.3533],[26.4513,58.354],[26.45,58.3542],[26.4493,58.3557],[26.4479,58.3553],[26.4474,58.356],[26.4477,58.3573],[26.4462,58.3578],[26.4435,58.3602],[26.4415,58.3605],[26.4424,58.3615],[26.4421,58.362],[26.4399,58.3621],[26.4394,58.3624],[26.4364,58.3632],[26.4358,58.3637],[26.4348,58.3644],[26.4337,58.3649],[26.4303,58.3661],[26.4286,58.3672],[26.4291,58.3685],[26.4292,58.3686],[26.4277,58.3707],[26.4254,58.3723],[26.425,58.3733],[26.4236,58.374],[26.4252,58.3754],[26.4267,58.3762],[26.4266,58.378],[26.4275,58.3795],[26.429,58.38],[26.4295,58.3813],[26.4279,58.3831],[26.4282,58.3842],[26.4245,58.3852],[26.424,58.3865],[26.4243,58.3876],[26.4261,58.3893],[26.427,58.3896],[26.4274,58.3917],[26.4266,58.3931],[26.429,58.3935],[26.4286,58.3941],[26.4291,58.3951],[26.4285,58.3959],[26.4285,58.3975],[26.4293,58.399],[26.4302,58.3999],[26.4322,58.4001],[26.434,58.401],[26.4332,58.4018],[26.4333,58.4025]],[[26.4567,58.3219],[26.4541,58.3206],[26.4541,58.3182],[26.452,58.3171],[26.4499,58.3152],[26.4495,58.3145],[26.4486,58.3112],[26.4497,58.3102],[26.4487,58.3095],[26.4476,58.3094],[26.4462,58.3081],[26.4441,58.3068],[26.4455,58.3065],[26.4439,58.3055],[26.445,58.3047],[26.4423,58.3042],[26.4406,58.3035],[26.4395,58.3017],[26.4401,58.2999],[26.4397,58.2991],[26.4408,58.2976],[26.4395,58.2969],[26.4393,58.2962],[26.4374,58.2948],[26.4414,58.2931],[26.4426,58.2922],[26.4419,58.2918],[26.4416,58.2906],[26.4436,58.2905],[26.4443,58.2896],[26.4446,58.2882],[26.4423,58.2868],[26.4423,58.2859],[26.4404,58.2854],[26.4406,58.2847],[26.443,58.2841],[26.4441,58.2832],[26.4459,58.2829],[26.4472,58.2817],[26.4445,58.2816],[26.4439,58.2804],[26.4464,58.2799],[26.4472,58.2794],[26.4491,58.2792],[26.4495,58.278],[26.4488,58.2769],[26.4494,58.2763],[26.4482,58.2749],[26.4475,58.2737],[26.4473,58.2724],[26.4494,58.2714],[26.4471,58.2714],[26.4476,58.2704],[26.4472,58.2697],[26.4452,58.2697],[26.4456,58.269],[26.4451,58.2681],[26.4445,58.2678],[26.4451,58.267],[26.4465,58.267],[26.4474,58.2663],[26.4504,58.2661],[26.4513,58.2655],[26.4533,58.2651],[26.4543,58.263],[26.4529,58.2626],[26.4545,58.2605],[26.4555,58.26],[26.4551,58.2594],[26.4567,58.2589],[26.4565,58.2581],[26.4592,58.2567],[26.4587,58.2554],[26.4599,58.2546],[26.4612,58.2542],[26.463,58.2538],[26.465,58.2533],[26.4698,58.254],[26.4714,58.2529],[26.4715,58.2528],[26.4711,58.2518],[26.4714,58.2513],[26.4698,58.2508],[26.4677,58.2506],[26.4681,58.2488],[26.4672,58.248],[26.466,58.248],[26.4649,58.2467],[26.4637,58.2464],[26.4628,58.2468],[26.4616,58.2451],[26.4589,58.242],[26.4576,58.2415],[26.4541,58.2421],[26.4527,58.2414],[26.45,58.2411],[26.4474,58.2406],[26.4463,58.2401],[26.4443,58.2399],[26.4407,58.2387],[26.439,58.2372],[26.4382,58.2362],[26.4355,58.2354],[26.435,58.2339],[26.4329,58.2339],[26.4315,58.2334],[26.4311,58.2326],[26.4291,58.2327],[26.4283,58.2319],[26.4284,58.2305],[26.4291,58.23],[26.4304,58.2288],[26.4306,58.228],[26.4295,58.227],[26.4299,58.2264],[26.429,58.2254],[26.4292,58.2246],[26.4306,58.2238],[26.4294,58.2235],[26.4301,58.2227],[26.4283,58.2225],[26.429,58.221],[26.431,58.2209],[26.4312,58.22],[26.4321,58.2198],[26.4329,58.2189],[26.4321,58.218],[26.4322,58.2174],[26.4304,58.2168],[26.4305,58.2158],[26.4312,58.2164],[26.4328,58.216],[26.4323,58.215],[26.4348,58.2147],[26.436,58.2135],[26.4345,58.2132],[26.4347,58.2126],[26.4339,58.2114],[26.4323,58.2116],[26.4322,58.2108],[26.4336,58.2105],[26.4345,58.2095],[26.436,58.209],[26.4373,58.2082],[26.437,58.2078],[26.434,58.2073],[26.4327,58.2065],[26.4311,58.2064],[26.4292,58.2059],[26.4276,58.2066],[26.4269,58.2058],[26.4266,58.2041],[26.4249,58.2037],[26.4249,58.2027],[26.4239,58.2019],[26.4247,58.2013],[26.4244,58.2006],[26.4264,58.2003],[26.4264,58.1981],[26.4242,58.1978],[26.4258,58.1972],[26.4254,58.1963],[26.4257,58.1955],[26.4237,58.1949],[26.4229,58.1936],[26.4239,58.1929],[26.4233,58.1922],[26.4217,58.1921],[26.4215,58.1914],[26.4205,58.1909],[26.421,58.1899],[26.4196,58.1897],[26.4204,58.1888],[26.42,58.1881],[26.4206,58.1872],[26.4203,58.1858],[26.4216,58.1843],[26.4215,58.1843],[26.4204,58.1838],[26.4186,58.1839],[26.4174,58.1831],[26.4161,58.1828],[26.4147,58.1807],[26.4161,58.1798],[26.4147,58.1779],[26.4115,58.1771],[26.4113,58.1758],[26.409,58.1748],[26.4092,58.1741],[26.407,58.1735],[26.4067,58.1735],[26.4059,58.1726],[26.405,58.172],[26.4041,58.1716],[26.4029,58.1694],[26.4051,58.1687],[26.4053,58.1677],[26.4051,58.1667],[26.4074,58.1667],[26.4048,58.1653],[26.4051,58.1648],[26.4038,58.1639],[26.4044,58.1629],[26.4058,58.1629],[26.4067,58.162],[26.4067,58.1612],[26.4085,58.1615],[26.4087,58.1621],[26.4097,58.162],[26.4113,58.1611],[26.4106,58.1604],[26.411,58.1588],[26.4101,58.1581],[26.4106,58.1576],[26.412,58.1577],[26.4131,58.1568],[26.4133,58.1554],[26.4148,58.1549],[26.4139,58.1526],[26.4154,58.1524],[26.4163,58.1518],[26.4158,58.1508],[26.415,58.1504],[26.4146,58.1493],[26.413,58.1484],[26.4131,58.148],[26.4113,58.1473],[26.4118,58.1466],[26.4116,58.1456],[26.4107,58.1449],[26.4087,58.1449],[26.4076,58.1452],[26.406,58.1445],[26.4041,58.1444],[26.4028,58.1448],[26.4012,58.1442],[26.3988,58.1444],[26.3974,58.1432],[26.397,58.1422],[26.3953,58.1414],[26.3941,58.1413],[26.3921,58.1406],[26.3871,58.1375],[26.387,58.1374],[26.3869,58.1373],[26.3865,58.1369],[26.3861,58.1367],[26.3862,58.1366],[26.3863,58.1361]],[[26.6301,58.091],[26.6269,58.0933],[26.6268,58.0933],[26.625,58.0947],[26.6232,58.0946],[26.6215,58.0951],[26.6202,58.095],[26.6181,58.0963],[26.618,58.0964],[26.6165,58.0978],[26.6151,58.0978],[26.613,58.0984],[26.6109,58.0983],[26.607,58.0985],[26.6041,58.0992],[26.6033,58.0982],[26.6002,58.0971],[26.5997,58.0966],[26.6007,58.0953],[26.5988,58.0943],[26.5959,58.0946],[26.5948,58.0945],[26.5932,58.0935],[26.5899,58.0935],[26.5856,58.0938],[26.5841,58.093],[26.5829,58.0925]],[[26.4674,58.0968],[26.4701,58.0956],[26.4714,58.0945],[26.4736,58.0948],[26.4735,58.0956],[26.4746,58.0962],[26.4764,58.0966],[26.4764,58.0971],[26.4794,58.0982],[26.4809,58.0984],[26.4807,58.099],[26.478,58.0996],[26.4779,58.0997],[26.4786,58.1004],[26.4799,58.1004],[26.4796,58.1015],[26.4779,58.1025],[26.4776,58.1033],[26.4793,58.1042],[26.4794,58.105],[26.4795,58.1051],[26.4806,58.1061],[26.4848,58.1055],[26.4867,58.1051],[26.4872,58.1059],[26.4882,58.106],[26.4902,58.105],[26.492,58.1046],[26.494,58.1054],[26.4953,58.1044],[26.4959,58.1048],[26.4958,58.1066],[26.4948,58.1071],[26.4951,58.1085],[26.4961,58.1093],[26.4984,58.1101],[26.504,58.1083],[26.5088,58.1083],[26.5095,58.1074],[26.5107,58.1073],[26.5103,58.1064],[26.5105,58.1052],[26.5102,58.1038],[26.5117,58.1032],[26.5139,58.1017],[26.5145,58.1008],[26.5166,58.1002],[26.5175,58.0996],[26.5178,58.0996],[26.5196,58.0994],[26.5215,58.0988],[26.5231,58.0997],[26.5252,58.0995],[26.5263,58.0987],[26.5272,58.0987],[26.5283,58.1008],[26.5289,58.1014],[26.5315,58.1011],[26.5318,58.1005],[26.5339,58.1002],[26.5372,58.1001],[26.5398,58.0992],[26.5412,58.0993],[26.5417,58.1009],[26.545,58.1],[26.5465,58.1006],[26.5457,58.1014],[26.5478,58.1016],[26.549,58.1008],[26.5521,58.1008],[26.5546,58.1017],[26.5537,58.1039],[26.5556,58.1039],[26.5578,58.1045],[26.558,58.1046],[26.5584,58.1047],[26.5604,58.1034],[26.5644,58.1028],[26.5636,58.1045],[26.5649,58.1046],[26.565,58.1047],[26.5679,58.1033],[26.5695,58.103],[26.5691,58.1019],[26.5692,58.1019],[26.5698,58.1007]],[[26.4637,58.0957],[26.4638,58.0956],[26.4604,58.0942],[26.4586,58.0945],[26.4585,58.0945],[26.4565,58.0969],[26.4552,58.0981],[26.4539,58.0984],[26.4529,58.0966],[26.4498,58.0964],[26.4482,58.0958],[26.4469,58.0936],[26.4452,58.0938],[26.444,58.0935],[26.443,58.0942],[26.4409,58.0944],[26.4392,58.0951],[26.4366,58.0974],[26.4349,58.0975],[26.4343,58.0975],[26.4316,58.0979],[26.4306,58.0971],[26.4277,58.0971],[26.4241,58.0976],[26.424,58.0984],[26.4248,58.0994],[26.4248,58.1003],[26.424,58.1007],[26.4204,58.1019],[26.4154,58.1018],[26.414,58.1017],[26.4138,58.1017],[26.4114,58.1018],[26.4097,58.1032],[26.4078,58.1032],[26.408,58.104],[26.4056,58.1046],[26.4053,58.1069],[26.4069,58.1081],[26.4076,58.1082],[26.4059,58.109],[26.4053,58.1103],[26.406,58.1109],[26.402,58.1123],[26.4002,58.1125],[26.3993,58.1132],[26.3952,58.1131],[26.3932,58.1134],[26.3927,58.1138],[26.391,58.1137],[26.3889,58.1146],[26.3879,58.1157],[26.3852,58.1164],[26.3863,58.1169],[26.385,58.1176],[26.3864,58.1191],[26.3862,58.1204],[26.3821,58.1212],[26.3832,58.1225],[26.3832,58.1231],[26.3871,58.1251],[26.3873,58.1263],[26.3858,58.1269],[26.385,58.1264],[26.3836,58.1268],[26.3829,58.128],[26.3822,58.1291],[26.3838,58.1305],[26.3836,58.1312]],[[26.5703,58.0993],[26.5721,58.0982],[26.5741,58.0973],[26.5749,58.0962]],[[26.5757,58.093],[26.5775,58.0915]],[[26.3867,58.1365],[26.3869,58.1373]],[[26.4445,58.2678],[26.4451,58.2681]],[[26.4612,58.2542],[26.4599,58.2546]],[[26.405,58.172],[26.406,58.1724],[26.4059,58.1726]],[[26.4337,58.3649],[26.4328,58.3667],[26.4292,58.3686]],[[26.4154,58.1018],[26.4138,58.1017]]]},"properties":{"name":"Elva jõgi"}},
{"type":"Feature","geometry":{"type":"MultiLineString","coordinates":[[[24.7181,58.9657],[24.7168,58.9648],[24.7152,58.9643],[24.715,58.9637],[24.7132,58.963],[24.7104,58.9637],[24.7104,58.9627],[24.7096,58.9621],[24.7098,58.9612],[24.7067,58.961],[24.7084,58.9595],[24.7079,58.9588],[24.7064,58.9581],[24.7069,58.956],[24.705,58.9555],[24.7061,58.9548],[24.705,58.9529],[24.7034,58.9509],[24.7002,58.9511],[24.7008,58.9502],[24.7026,58.9501],[24.702,58.9494],[24.6992,58.9499],[24.6979,58.9494],[24.699,58.949],[24.6994,58.9478],[24.6975,58.9477],[24.6971,58.9476],[24.6967,58.9473],[24.6954,58.9469],[24.694,58.9475],[24.6926,58.947],[24.6929,58.9457],[24.6895,58.9453],[24.6873,58.9448],[24.6861,58.9444],[24.6839,58.9431],[24.683,58.942],[24.6816,58.9414],[24.6821,58.9402],[24.6818,58.9396],[24.6799,58.9392],[24.6808,58.9384],[24.6787,58.938],[24.6771,58.9381],[24.6765,58.9375],[24.6754,58.9363],[24.677,58.9352],[24.677,58.9345],[24.6736,58.934],[24.6723,58.9328],[24.6707,58.9329],[24.6704,58.9315],[24.6689,58.9309],[24.6674,58.9317],[24.6648,58.931],[24.6623,58.9323],[24.6585,58.9334],[24.6565,58.9334],[24.6549,58.9338],[24.6536,58.9337],[24.6528,58.9331],[24.6532,58.932],[24.6506,58.9312],[24.6494,58.9316]],[[24.0746,58.7401],[24.0753,58.7411],[24.077,58.7412],[24.0808,58.7404],[24.0863,58.7394],[24.0895,58.7387],[24.0954,58.7382],[24.1,58.7373],[24.1021,58.737],[24.1053,58.7369],[24.1066,58.7366],[24.1081,58.7358],[24.1116,58.7352],[24.1174,58.7333],[24.1208,58.7329],[24.1235,58.7323],[24.1264,58.733],[24.1276,58.7331],[24.1307,58.7324],[24.1323,58.7323],[24.1351,58.7333],[24.1386,58.7339],[24.141,58.7339],[24.1435,58.7343],[24.1508,58.7347],[24.155,58.7355],[24.1563,58.7368],[24.1549,58.7372],[24.1547,58.7379],[24.156,58.7386],[24.1566,58.7396],[24.1587,58.7402],[24.1595,58.7409],[24.1615,58.7412],[24.1621,58.7429],[24.1646,58.7433],[24.1697,58.7453],[24.171,58.7473],[24.172,58.7482],[24.1735,58.749],[24.1742,58.75],[24.1759,58.7506],[24.1773,58.753],[24.1783,58.7541],[24.1799,58.7545],[24.1808,58.7555],[24.183,58.7554],[24.1841,58.7551],[24.188,58.756],[24.1912,58.7575],[24.194,58.7572],[24.1962,58.7559],[24.1981,58.7563],[24.1993,58.7563],[24.2021,58.7549],[24.2031,58.755],[24.2042,58.7558],[24.2068,58.7568],[24.2095,58.7591],[24.2088,58.7607],[24.2104,58.7613],[24.2119,58.7625],[24.2112,58.7633],[24.2117,58.765],[24.2139,58.7656],[24.2151,58.7665],[24.214,58.767],[24.215,58.7681],[24.217,58.7688],[24.2177,58.7697],[24.2196,58.7709],[24.2202,58.7719],[24.2214,58.7723],[24.2259,58.7721],[24.2278,58.7727],[24.2289,58.7738],[24.2371,58.7756],[24.2437,58.7766],[24.2481,58.777],[24.2491,58.7773],[24.2531,58.7778],[24.2544,58.7785],[24.2567,58.7785],[24.2616,58.7777],[24.2627,58.7783],[24.2622,58.7796],[24.2626,58.7804],[24.2652,58.7806],[24.2691,58.7802],[24.2703,58.7805],[24.2699,58.7813],[24.2703,58.782],[24.2723,58.7822],[24.2753,58.7819],[24.2766,58.7821],[24.2782,58.7833],[24.2798,58.784],[24.2803,58.7847],[24.28,58.7862],[24.2801,58.7869],[24.281,58.7872],[24.2862,58.7869],[24.2877,58.7872],[24.29,58.7887],[24.2939,58.7896],[24.2951,58.7902],[24.2953,58.7909],[24.297,58.7914],[24.298,58.7912],[24.3015,58.7901],[24.3031,58.7904],[24.3032,58.7913],[24.3041,58.7925],[24.3041,58.7933],[24.3032,58.7945],[24.3041,58.7977],[24.3066,58.7988],[24.3098,58.7992],[24.3127,58.7999],[24.3181,58.8004],[24.3212,58.8017],[24.321,58.8024],[24.3192,58.8033],[24.32,58.8037],[24.3219,58.8032],[24.3234,58.8038],[24.3239,58.8048],[24.3256,58.805],[24.3283,58.8043],[24.3316,58.8044],[24.3362,58.8035],[24.3375,58.8035],[24.3389,58.8043],[24.3386,58.8056],[24.3394,58.806],[24.3412,58.8058],[24.3459,58.8048],[24.3487,58.8033],[24.3522,58.8031],[24.3535,58.8029],[24.3564,58.8029],[24.3585,58.8031],[24.3609,58.8038],[24.3617,58.8038],[24.3637,58.8025],[24.3678,58.8031],[24.3701,58.8026],[24.3719,58.8029],[24.3738,58.8028],[24.3756,58.8023],[24.3765,58.8017],[24.3787,58.8016],[24.3793,58.8025],[24.3802,58.8027],[24.382,58.8014],[24.3838,58.8016],[24.3853,58.8025],[24.3851,58.8039],[24.3871,58.8039],[24.3889,58.8014],[24.3902,58.8016],[24.3904,58.8023],[24.3929,58.8042],[24.3955,58.8048],[24.3964,58.8056],[24.3954,58.8062],[24.3955,58.8073],[24.3968,58.8079],[24.3991,58.8084],[24.4014,58.8082],[24.4023,58.8089],[24.4037,58.8091],[24.4056,58.8079],[24.4075,58.8078],[24.4089,58.8087],[24.4101,58.8089],[24.4111,58.8082],[24.4165,58.8076],[24.4181,58.8071],[24.4203,58.8083],[24.4215,58.8082],[24.4246,58.8069],[24.4268,58.8072],[24.4278,58.8078],[24.4302,58.8087],[24.4331,58.8089],[24.4338,58.8093],[24.4357,58.8102],[24.4379,58.8109],[24.4393,58.8116],[24.4413,58.813],[24.4425,58.8136],[24.4449,58.8135],[24.4469,58.8142],[24.4483,58.8151],[24.4497,58.8153],[24.4519,58.815],[24.4568,58.8149],[24.4619,58.8152],[24.4644,58.816],[24.4662,58.8162],[24.4685,58.8154],[24.4703,58.8156],[24.4715,58.8164],[24.4737,58.8153],[24.4749,58.8158],[24.4746,58.8167],[24.475,58.8177],[24.4787,58.8196],[24.4801,58.8197],[24.4821,58.8194],[24.4829,58.8198],[24.4839,58.8207],[24.487,58.821],[24.4891,58.8217],[24.4896,58.8227],[24.4914,58.8242],[24.4959,58.8252],[24.4973,58.8269],[24.4995,58.8279],[24.501,58.8277],[24.5015,58.8266],[24.5036,58.8268],[24.5046,58.8279],[24.5062,58.8288],[24.507,58.8294],[24.5073,58.8304],[24.5095,58.8308],[24.5075,58.8314],[24.508,58.8319],[24.511,58.8323],[24.5121,58.8327],[24.5121,58.8335],[24.514,58.8353],[24.5161,58.8365],[24.516,58.8374],[24.5166,58.8388],[24.5179,58.8394],[24.5207,58.8403],[24.5221,58.8411],[24.5216,58.8422],[24.5224,58.8429],[24.5242,58.8437],[24.5258,58.8453],[24.5288,58.8457],[24.5326,58.8457],[24.5334,58.8467],[24.5345,58.8469],[24.5375,58.8464],[24.5384,58.8465],[24.5393,58.8473],[24.5385,58.8479],[24.5384,58.8487],[24.5397,58.8487],[24.5405,58.8493],[24.5401,58.8503],[24.54,58.851],[24.5432,58.8523],[24.5435,58.8529],[24.5449,58.8536],[24.5445,58.8544],[24.5462,58.856],[24.5459,58.8566],[24.5438,58.8576],[24.5425,58.8579],[24.543,58.8587],[24.5435,58.8596],[24.5474,58.8605],[24.5481,58.8609],[24.5467,58.8624],[24.5471,58.8633],[24.5485,58.8638],[24.5508,58.8637],[24.5514,58.8643],[24.5499,58.865],[24.5498,58.8657],[24.5521,58.8666],[24.5537,58.867],[24.5544,58.8677],[24.5588,58.8685],[24.5593,58.8694],[24.5582,58.8702],[24.5576,58.8718],[24.559,58.8727],[24.5604,58.8727],[24.562,58.8748],[24.5635,58.8749],[24.5642,58.8758],[24.5656,58.8763],[24.5658,58.8775],[24.5664,58.8778],[24.5694,58.8781],[24.5716,58.8792],[24.5716,58.8797],[24.5724,58.881],[24.5736,58.8809],[24.5748,58.8819],[24.5737,58.8824],[24.5734,58.8835],[24.5744,58.885],[24.5738,58.886],[24.5753,58.8866],[24.5779,58.8861],[24.5797,58.8868],[24.5797,58.8885],[24.5798,58.8889],[24.5829,58.8895],[24.5805,58.8911],[24.5814,58.8917],[24.5836,58.8915],[24.5824,58.893],[24.5843,58.8933],[24.5855,58.8943],[24.5859,58.8956],[24.5868,58.896],[24.5882,58.8951],[24.5902,58.896],[24.5891,58.8971],[24.5914,58.8972],[24.5924,58.8977],[24.592,58.8991],[24.5953,58.8997],[24.5954,58.9002],[24.594,58.9009],[24.5946,58.9018],[24.5978,58.903],[24.5991,58.9047],[24.5981,58.9058],[24.6036,58.9073],[24.605,58.9068],[24.6069,58.908],[24.6032,58.9085],[24.6038,58.9092],[24.6067,58.9108],[24.6069,58.912],[24.6082,58.9124],[24.6116,58.9127],[24.6134,58.9126],[24.6135,58.9134],[24.6148,58.9136],[24.6161,58.9137],[24.6186,58.9145],[24.6196,58.9152],[24.6208,58.9152],[24.6222,58.9144],[24.6221,58.9136],[24.6242,58.9143],[24.6261,58.9154],[24.6273,58.9156],[24.6289,58.9164],[24.6331,58.9171],[24.6313,58.9183],[24.631,58.919],[24.6285,58.9194],[24.6269,58.9205],[24.627,58.9216],[24.6249,58.9232],[24.6234,58.9239],[24.6242,58.9246],[24.6263,58.9253],[24.6276,58.9264],[24.6271,58.927],[24.6246,58.9273],[24.625,58.9282],[24.6268,58.9281],[24.6277,58.9288],[24.6272,58.93],[24.6261,58.931],[24.6282,58.9324],[24.6322,58.9327],[24.6378,58.9327],[24.638,58.9349],[24.6389,58.9351],[24.6411,58.9341],[24.6418,58.9333],[24.6433,58.9336],[24.6437,58.9327],[24.6441,58.9322],[24.6453,58.9319],[24.6457,58.9319]],[[24.7709,58.9951],[24.7705,58.9949],[24.7669,58.994],[24.7665,58.9931],[24.7627,58.9926],[24.7617,58.9929],[24.7604,58.992],[24.7581,58.9915],[24.7588,58.9907],[24.7586,58.9899],[24.7573,58.9893],[24.7568,58.9879],[24.7558,58.9872],[24.7538,58.9865],[24.755,58.986],[24.7538,58.9849],[24.7561,58.9843],[24.7542,58.983],[24.753,58.9827],[24.7534,58.982],[24.7507,58.9815],[24.7511,58.9802],[24.752,58.9798],[24.7525,58.9789],[24.7513,58.9774],[24.7527,58.977],[24.7519,58.9759],[24.7503,58.9764],[24.7499,58.9757],[24.7485,58.9752],[24.7462,58.9749],[24.7477,58.9743],[24.7473,58.9736],[24.7465,58.9735],[24.7455,58.9727],[24.7435,58.9726],[24.7412,58.9728],[24.7399,58.9724],[24.7388,58.9713],[24.7389,58.9705],[24.7386,58.9696],[24.7355,58.9699],[24.7329,58.9698],[24.7319,58.9695]],[[24.7725,58.9961],[24.7733,58.9979],[24.7717,58.9993],[24.7711,59.0007],[24.774,59.0009],[24.774,59.0019],[24.7758,59.0028],[24.7745,59.0035],[24.7771,59.0043],[24.777,59.0052],[24.7782,59.0056],[24.7797,59.0055],[24.7809,59.006],[24.7824,59.0086],[24.785,59.0074],[24.7853,59.0073],[24.7873,59.0066],[24.788,59.0056],[24.7893,59.0058],[24.7894,59.0068],[24.7914,59.0074],[24.7922,59.0066],[24.7933,59.0065],[24.7974,59.0069],[24.7997,59.006],[24.801,59.0049],[24.8032,59.0046],[24.8028,59.0036],[24.8055,59.0038],[24.8061,59.0024],[24.8054,59.002],[24.8096,59.0008],[24.8109,59.0011],[24.8143,59.0008],[24.8192,58.9999],[24.823,58.9995],[24.8279,58.9983],[24.8301,58.9977],[24.8319,58.9972],[24.8316,58.9959],[24.8322,58.995],[24.8371,58.9921],[24.8373,58.992],[24.8414,58.9893],[24.8424,58.9886],[24.8501,58.9855],[24.8514,58.9838],[24.851,58.9837],[24.8538,58.9796],[24.8527,58.9784],[24.8528,58.9783],[24.8548,58.9778],[24.8563,58.9769],[24.8608,58.9761],[24.8615,58.9751],[24.8632,58.9739],[24.8656,58.9734],[24.8657,58.9735],[24.8705,58.9718],[24.8728,58.9712],[24.8786,58.9723],[24.8806,58.972],[24.881,58.972],[24.8829,58.9717],[24.8842,58.9711],[24.8868,58.9689],[24.8879,58.9685],[24.8948,58.967],[24.8984,58.9666],[24.9007,58.9668],[24.9038,58.9665],[24.9048,58.9654],[24.9076,58.9662],[24.9078,58.9663],[24.909,58.9672],[24.9116,58.9672],[24.916,58.9676],[24.9261,58.9701],[24.9263,58.9701],[24.9353,58.9722],[24.9442,58.9755],[24.9444,58.9755],[24.95,58.975],[24.9542,58.9735],[24.9556,58.9724],[24.9579,58.9698],[24.9606,58.9696],[24.9608,58.9696],[24.9635,58.9699],[24.9648,58.9691],[24.9708,58.9691],[24.9715,58.9688],[24.9796,58.9648],[24.9797,58.9647],[24.987,58.961],[24.9998,58.9515],[25.0069,58.9501]],[[24.6461,58.9317],[24.6444,58.9315],[24.6437,58.9327]],[[24.7389,58.9705],[24.7386,58.9696]],[[24.4839,58.8207],[24.4829,58.8198]],[[24.5716,58.8792],[24.5715,58.8784],[24.5694,58.8781]],[[24.5401,58.8503],[24.5384,58.8487]],[[24.5179,58.8394],[24.5172,58.8396],[24.5166,58.8388]],[[24.507,58.8294],[24.5062,58.8288]],[[24.5779,58.8861],[24.5767,58.8869],[24.5753,58.8866]]]},"properties":{"name":"Vigala jõgi"}},
{"type":"Feature","geometry":{"type":"MultiLineString","coordinates":[[[26.4038,59.3992],[26.4018,59.397],[26.4024,59.3958],[26.4023,59.3946],[26.404,59.3934],[26.4071,59.3916],[26.4079,59.3908],[26.4092,59.3903],[26.4093,59.3897],[26.4116,59.389],[26.4118,59.3882],[26.4135,59.3871],[26.4146,59.3868],[26.4153,59.3859],[26.4153,59.3846],[26.4164,59.384],[26.4174,59.3824],[26.421,59.3802],[26.4223,59.3788],[26.4222,59.3781],[26.425,59.3771],[26.4253,59.3765],[26.4269,59.3751],[26.4297,59.3735],[26.4313,59.3733],[26.432,59.3722],[26.4345,59.3699],[26.4355,59.3699],[26.4396,59.3677],[26.4408,59.3651],[26.4409,59.3651],[26.4411,59.3649],[26.4417,59.3639],[26.4435,59.363],[26.4435,59.3625],[26.4415,59.3598],[26.4417,59.3584],[26.454,59.3527],[26.4539,59.3522],[26.4539,59.3521],[26.4539,59.352],[26.4575,59.3472],[26.459,59.346],[26.4607,59.3456],[26.4606,59.3446],[26.4636,59.3417],[26.465,59.3402],[26.4651,59.3401],[26.4652,59.34],[26.4664,59.339],[26.4761,59.3324],[26.4789,59.3301],[26.4789,59.3294],[26.4804,59.3246],[26.4811,59.3242],[26.4799,59.3236],[26.4794,59.3227],[26.4781,59.3223],[26.4774,59.3215],[26.4767,59.3211],[26.4743,59.3211],[26.4737,59.3214],[26.47,59.3204],[26.47,59.3199],[26.4699,59.3198],[26.4694,59.3192],[26.467,59.3182],[26.4638,59.3179],[26.4616,59.3173],[26.4606,59.3164],[26.4591,59.3165],[26.458,59.3153],[26.4567,59.3148],[26.4566,59.3146],[26.4568,59.3138],[26.4603,59.3132],[26.4603,59.3118],[26.4556,59.3108],[26.4551,59.3096],[26.4531,59.3087],[26.4525,59.3061],[26.4524,59.3061],[26.4524,59.306],[26.4525,59.3045],[26.4524,59.3036],[26.4537,59.3014],[26.4536,59.3014],[26.4505,59.2994],[26.4496,59.298],[26.4485,59.2971],[26.448,59.2964]],[[26.4253,59.3765],[26.425,59.3771]]]},"properties":{"name":"Sõmeru jõgi"}},
{"type":"Feature","geometry":{"type":"LineString","coordinates":[[23.7484,58.7688],[23.7517,58.7698],[23.7623,58.776],[23.77,58.7805],[23.7745,58.7832],[23.7768,58.7849],[23.7772,58.7855],[23.7787,58.7892],[23.7787,58.7899],[23.7769,58.7927],[23.774,58.7951],[23.7731,58.7997],[23.774,58.8011],[23.7751,58.8018],[23.7868,58.8092],[23.7902,58.8114],[23.7918,58.8143],[23.7918,58.8145],[23.7895,58.8153],[23.7883,58.8155],[23.787,58.8166],[23.7864,58.8178],[23.7865,58.8179],[23.7835,58.8193],[23.7833,58.8201],[23.7811,58.8215],[23.7784,58.8219],[23.7756,58.8229],[23.772,58.8231],[23.77,58.8235],[23.7689,58.8245],[23.7693,58.8257],[23.7715,58.8267],[23.7723,58.8278],[23.7717,58.8289],[23.7739,58.8321],[23.775,58.833],[23.776,58.8345],[23.7783,58.8357],[23.779,58.8374],[23.7781,58.8391],[23.7773,58.8401],[23.7796,58.8418],[23.7813,58.8423],[23.7827,58.8437],[23.7807,58.8452],[23.7823,58.8476],[23.7817,58.849],[23.7809,58.8499],[23.7813,58.8509],[23.7814,58.851],[23.7818,58.8519],[23.7814,58.8528],[23.7856,58.8539],[23.7862,58.8551],[23.7881,58.8552],[23.7881,58.8557],[23.7896,58.8564],[23.7921,58.8568],[23.7941,58.8574],[23.7953,58.8568],[23.7982,58.8569],[23.7995,58.8565],[23.8008,58.8573],[23.8022,58.8571],[23.8078,58.8595],[23.8088,58.8606],[23.8106,58.8617],[23.8114,58.8647],[23.8124,58.8651],[23.8178,58.8664],[23.8195,58.8674],[23.8217,58.8682],[23.8211,58.8713],[23.822,58.8736],[23.8216,58.8748],[23.8218,58.8766],[23.8215,58.8789],[23.8214,58.879],[23.8227,58.8852],[23.8282,58.8909],[23.8272,58.8952],[23.8263,58.8999],[23.8266,58.9025],[23.8253,58.9039],[23.8225,58.9071],[23.821,58.9078],[23.817,58.9099],[23.8165,58.9105],[23.8165,58.9106],[23.8154,58.9139],[23.817,58.9144],[23.8159,58.9156],[23.8174,58.9171],[23.8257,58.9193],[23.8258,58.9193],[23.8292,58.9201],[23.8359,58.9196],[23.837,58.9198],[23.8392,58.9212],[23.8469,58.9226],[23.8532,58.9274],[23.8527,58.9319],[23.8514,58.9367],[23.8514,58.9368],[23.8511,58.9376],[23.8518,58.9486],[23.8518,58.9487],[23.8519,58.9507]]},"properties":{"name":"Rannamõisa jõgi"}},
{"type":"Feature","geometry":{"type":"MultiLineString","coordinates":[[[27.7106,57.847],[27.7084,57.8484],[27.7068,57.8478],[27.7068,57.8461],[27.7053,57.8464],[27.7063,57.8448],[27.7039,57.8438],[27.7038,57.8423],[27.7028,57.8414],[27.7002,57.8417],[27.6992,57.8412],[27.6998,57.8407],[27.6979,57.8385],[27.6956,57.8379],[27.6936,57.838],[27.691,57.8368],[27.6894,57.8382],[27.6888,57.8366],[27.6877,57.8356],[27.6851,57.8352],[27.6834,57.8352],[27.682,57.8356],[27.6796,57.8358],[27.6776,57.8367],[27.6731,57.8364],[27.6717,57.8371],[27.6702,57.8368],[27.6688,57.8376],[27.6666,57.8386],[27.6648,57.8385],[27.661,57.8399],[27.6599,57.8399],[27.6566,57.8391],[27.6558,57.8395],[27.652,57.8397],[27.6504,57.839],[27.6484,57.8387],[27.6445,57.8393],[27.643,57.84],[27.642,57.8399],[27.6399,57.841],[27.6396,57.8404],[27.6394,57.8404],[27.637,57.8408],[27.6342,57.8408],[27.632,57.8405],[27.6308,57.8407],[27.6299,57.8397],[27.6286,57.8394],[27.6265,57.8393],[27.6258,57.8383],[27.6219,57.8402],[27.6212,57.8397],[27.6164,57.8398],[27.6154,57.8388],[27.6131,57.8395],[27.6128,57.8383],[27.6117,57.8381]],[[27.5941,57.8341],[27.5923,57.8344],[27.5904,57.8336],[27.5865,57.8343],[27.5837,57.8335],[27.5824,57.8328],[27.5797,57.8336],[27.5789,57.8336],[27.5764,57.8318],[27.5745,57.8322],[27.5702,57.8316],[27.5684,57.8316],[27.5664,57.8322],[27.5643,57.8309],[27.5636,57.8315],[27.5616,57.8312],[27.5596,57.832],[27.558,57.8338],[27.5562,57.8336],[27.5567,57.8327],[27.5542,57.8327],[27.5524,57.8336],[27.5509,57.8336],[27.5491,57.8319]]]},"properties":{"name":"Piusa jõgi - Пимжа"}},
{"type":"Feature","geometry":{"type":"MultiLineString","coordinates":[[[27.5941,57.8341],[27.5957,57.8336],[27.597,57.8339],[27.5984,57.8343],[27.5998,57.8343]],[[27.7528,57.9018],[27.7537,57.9014],[27.7538,57.9026],[27.7555,57.9029]],[[27.601,57.8351],[27.6014,57.8355],[27.6037,57.8349],[27.6044,57.8359],[27.6069,57.8366],[27.6088,57.838],[27.6105,57.8378],[27.6117,57.8381]]]},"properties":{"name":"Piusa jõgi / Пимжа"}},
{"type":"Feature","geometry":{"type":"MultiLineString","coordinates":[[[26.9795,58.781],[26.9779,58.7803],[26.9769,58.7795],[26.9775,58.7779],[26.9789,58.7774],[26.9829,58.777],[26.9845,58.7764],[26.9863,58.7761],[26.9893,58.7761],[26.9917,58.7758],[26.9932,58.7751],[26.993,58.7739],[26.9916,58.7734],[26.9892,58.7731],[26.9881,58.7727],[26.9862,58.7727],[26.9841,58.7736],[26.9828,58.7732],[26.9808,58.7716],[26.9801,58.7703],[26.9785,58.7698],[26.9755,58.77],[26.9722,58.7686],[26.9703,58.7685],[26.9668,58.7679],[26.9647,58.7683],[26.9613,58.7683],[26.9577,58.7691],[26.955,58.769],[26.952,58.7697],[26.9509,58.7692],[26.9487,58.7679],[26.946,58.7679],[26.9443,58.7677],[26.9436,58.7663],[26.9436,58.7649],[26.9417,58.7644],[26.9389,58.7644],[26.9376,58.764],[26.9384,58.7629],[26.9373,58.7621],[26.9354,58.7618],[26.9327,58.7615],[26.9238,58.7628],[26.9189,58.7633],[26.9157,58.7635],[26.9119,58.7643],[26.909,58.7652],[26.9052,58.7668],[26.9022,58.7678],[26.9003,58.7688],[26.8993,58.7693],[26.8967,58.7697],[26.8971,58.7702],[26.8959,58.7718],[26.8972,58.7731],[26.8928,58.7745],[26.8929,58.7753],[26.8913,58.7755],[26.8897,58.7751],[26.8875,58.7762],[26.8859,58.7761],[26.8853,58.7746],[26.8835,58.7742],[26.88,58.7736],[26.8776,58.7745],[26.8747,58.7744],[26.8713,58.7749],[26.8709,58.774],[26.8695,58.7733],[26.8687,58.7739],[26.8654,58.7741],[26.8647,58.7734],[26.8635,58.7736],[26.8624,58.7732],[26.862,58.7723],[26.8606,58.7726],[26.8579,58.7719],[26.856,58.7722],[26.8553,58.7713],[26.8533,58.7706],[26.8518,58.7689],[26.8498,58.7683],[26.8481,58.7663],[26.8472,58.7646],[26.846,58.7641],[26.8429,58.7635],[26.8422,58.763],[26.8415,58.7618],[26.8397,58.7605],[26.8416,58.7585],[26.8416,58.7572],[26.8396,58.7549],[26.838,58.7543],[26.8389,58.7535],[26.8388,58.7523],[26.8371,58.7526],[26.8367,58.7515],[26.8337,58.7503],[26.8315,58.7498],[26.831,58.7502],[26.8279,58.7477],[26.828,58.7462],[26.8268,58.7456],[26.8282,58.7452],[26.8285,58.7443],[26.8273,58.7437],[26.8265,58.7428],[26.8232,58.7411],[26.8209,58.7417],[26.8185,58.7408],[26.8147,58.7399],[26.8149,58.7392],[26.8135,58.7384],[26.8127,58.7384],[26.8122,58.7375],[26.8109,58.7373],[26.8111,58.7363],[26.8108,58.7348],[26.8084,58.7345],[26.8067,58.7349],[26.8059,58.7344],[26.804,58.7346],[26.802,58.7343],[26.8006,58.7348],[26.7982,58.7339],[26.7982,58.733],[26.798,58.733],[26.7974,58.7322],[26.7981,58.7314],[26.7972,58.7307],[26.7971,58.7299],[26.7984,58.7292],[26.7986,58.7285],[26.7969,58.7281],[26.7958,58.7267],[26.7937,58.7262],[26.7919,58.7242],[26.7908,58.7243],[26.7895,58.7237],[26.79,58.7231],[26.7889,58.7222],[26.7895,58.7214],[26.7878,58.7189],[26.7853,58.7185],[26.7839,58.7173],[26.7825,58.7173],[26.781,58.7167],[26.7789,58.7146],[26.7812,58.7138],[26.7808,58.7129],[26.7816,58.7125],[26.7817,58.7108],[26.7826,58.71],[26.7813,58.7092],[26.7805,58.7077],[26.7811,58.7058],[26.7818,58.7048],[26.7846,58.7041],[26.7826,58.7024],[26.7811,58.7025],[26.7803,58.7018],[26.7762,58.7019],[26.7742,58.7053],[26.7738,58.7054],[26.7724,58.7051],[26.7711,58.7065],[26.7682,58.7073],[26.7674,58.7091],[26.7657,58.7098],[26.7641,58.7103],[26.7614,58.7111],[26.7577,58.715],[26.7556,58.7183],[26.7542,58.7188],[26.7477,58.718],[26.7462,58.7184],[26.7436,58.7179],[26.7435,58.7171],[26.7415,58.7169],[26.7405,58.7178],[26.7398,58.7194],[26.738,58.7195],[26.737,58.7199],[26.7367,58.7211],[26.7354,58.7231],[26.7344,58.7238],[26.7323,58.7243],[26.7319,58.7256],[26.7265,58.7289],[26.7202,58.7315],[26.7173,58.7323],[26.7108,58.7336],[26.7081,58.7343],[26.7065,58.7361],[26.7072,58.7424],[26.7056,58.7439],[26.7036,58.7444],[26.7006,58.7467],[26.7,58.7469],[26.6957,58.7502],[26.6955,58.751],[26.6971,58.7526],[26.6981,58.753],[26.6991,58.7544],[26.6976,58.7559],[26.6992,58.7573],[26.6992,58.7582],[26.6972,58.7593],[26.701,58.7619],[26.701,58.7636],[26.6974,58.7669],[26.6972,58.7671],[26.6941,58.7706],[26.6916,58.7736],[26.684,58.7792],[26.6847,58.7827],[26.6847,58.7828],[26.6853,58.7854],[26.6831,58.7885],[26.6842,58.7896],[26.6797,58.7933],[26.6795,58.7941],[26.6789,58.7965],[26.6781,58.7997],[26.6758,58.8012],[26.675,58.8022],[26.6713,58.8049],[26.6705,58.8061],[26.6704,58.8062],[26.6702,58.8068],[26.6714,58.8079],[26.6723,58.8092],[26.6733,58.8114],[26.6732,58.8129],[26.6717,58.8141],[26.6708,58.8158],[26.6688,58.8166],[26.666,58.818],[26.6651,58.8193],[26.6644,58.821],[26.6647,58.8218],[26.6638,58.8229],[26.661,58.8251],[26.6614,58.8262],[26.6614,58.8263],[26.6604,58.8278],[26.6588,58.8285],[26.657,58.8287],[26.6538,58.8299],[26.6531,58.8305],[26.6528,58.8317],[26.6544,58.8338],[26.6549,58.8352],[26.6524,58.8371],[26.6503,58.8393],[26.6483,58.8427],[26.6451,58.8461],[26.6444,58.848],[26.6443,58.8516],[26.6441,58.8518],[26.639,58.8525],[26.6327,58.8546],[26.6303,58.8551],[26.6253,58.8578],[26.6204,58.859],[26.6202,58.859],[26.6174,58.8597],[26.6173,58.8598],[26.6171,58.8624],[26.6146,58.8636],[26.6122,58.8635],[26.608,58.8658],[26.6017,58.8659],[26.6007,58.8659],[26.5977,58.8663],[26.5946,58.8653]],[[26.7641,58.7103],[26.7657,58.7098]],[[26.7711,58.7065],[26.7717,58.7071],[26.7732,58.7066],[26.7729,58.706],[26.7738,58.7054]]]},"properties":{"name":"Kullavere jõgi"}},
{"type":"Feature","geometry":{"type":"MultiLineString","coordinates":[[[26.7206,58.5651],[26.7214,58.5643],[26.7225,58.5632],[26.7237,58.5626],[26.7255,58.5629],[26.7258,58.5617],[26.7288,58.5631],[26.7303,58.5633],[26.7313,58.5617],[26.7317,58.5605],[26.7333,58.5591],[26.7339,58.559],[26.7366,58.5605],[26.7385,58.5593],[26.74,58.5596],[26.7419,58.5592],[26.7436,58.5579],[26.7497,58.556],[26.7506,58.5548],[26.7515,58.5546],[26.7534,58.5531],[26.7552,58.552],[26.762,58.549],[26.7627,58.548],[26.7643,58.548],[26.7672,58.5468],[26.7685,58.5466],[26.7698,58.5453],[26.7716,58.543],[26.7727,58.5426],[26.7737,58.5408],[26.7748,58.5394],[26.7757,58.5391],[26.7785,58.5372],[26.7789,58.5364],[26.781,58.5356],[26.7835,58.5337],[26.7855,58.5321],[26.7892,58.5301],[26.7892,58.529],[26.7885,58.5286],[26.788,58.5273],[26.7884,58.5261],[26.791,58.5241],[26.7928,58.5231],[26.7935,58.5227],[26.7979,58.5228],[26.8014,58.524],[26.8027,58.524],[26.8044,58.5224],[26.8055,58.5202],[26.8084,58.5196],[26.8095,58.518],[26.8103,58.5178],[26.8131,58.5183],[26.8134,58.519],[26.8115,58.5199],[26.813,58.5224],[26.8111,58.5245],[26.8144,58.5281],[26.8156,58.5287],[26.8183,58.5292],[26.8203,58.5293],[26.8234,58.5283],[26.827,58.5267],[26.84,58.5139],[26.8402,58.5138],[26.8408,58.5131],[26.8448,58.5075],[26.8438,58.5057],[26.8431,58.5039],[26.8435,58.5023],[26.842,58.5019],[26.8416,58.5004],[26.8397,58.4992],[26.8395,58.4982],[26.8385,58.4975],[26.8375,58.4964],[26.838,58.4953],[26.8377,58.4936],[26.8391,58.4931],[26.8383,58.4919],[26.8387,58.4905],[26.8398,58.4895],[26.8385,58.4882],[26.8386,58.4874],[26.8419,58.4871],[26.8419,58.4863],[26.8437,58.4856],[26.8455,58.4855],[26.846,58.4849],[26.8456,58.4835],[26.845,58.4828],[26.8455,58.4815],[26.8446,58.4806],[26.8446,58.4783],[26.8426,58.4777],[26.8425,58.4767],[26.8396,58.4755],[26.8397,58.4747],[26.8378,58.4745],[26.8362,58.4733],[26.8343,58.4729],[26.8331,58.472],[26.8337,58.4716],[26.8314,58.4703],[26.8291,58.4703],[26.8288,58.4699],[26.8284,58.469],[26.8282,58.4682],[26.8282,58.4676],[26.8282,58.4675],[26.8277,58.4672],[26.8264,58.467],[26.8259,58.4667],[26.8262,58.4657],[26.8251,58.4645],[26.8242,58.4643],[26.8254,58.4632],[26.8237,58.4619],[26.8212,58.4583],[26.8202,58.4573],[26.8181,58.4563],[26.8148,58.4556],[26.8113,58.4554],[26.8098,58.4556],[26.8076,58.4553],[26.8056,58.4554],[26.8039,58.4561],[26.8038,58.4566],[26.802,58.4567],[26.7981,58.4591],[26.7971,58.4601],[26.7946,58.4612],[26.7934,58.4619],[26.7908,58.4625],[26.7889,58.4626],[26.7881,58.4632],[26.7884,58.4642],[26.7879,58.4649],[26.7859,58.4652],[26.7822,58.4661],[26.7804,58.4669],[26.7774,58.467],[26.7756,58.4673],[26.7741,58.468],[26.7715,58.468],[26.7696,58.4688],[26.7679,58.4701],[26.7677,58.4713],[26.7633,58.4714],[26.7623,58.4727],[26.7613,58.4735],[26.7595,58.4733],[26.7573,58.4746],[26.7516,58.4744],[26.7484,58.474],[26.7468,58.4743],[26.744,58.476],[26.7409,58.476],[26.7398,58.4758],[26.7376,58.4754],[26.7308,58.4755],[26.7288,58.4749],[26.7254,58.4724],[26.7223,58.4726],[26.7117,58.4736],[26.7071,58.4734],[26.7072,58.4721],[26.7063,58.4714],[26.7015,58.4699],[26.7007,58.4692],[26.6974,58.4698],[26.6963,58.469],[26.6954,58.4672],[26.6955,58.4665],[26.6945,58.4657],[26.6932,58.4652],[26.6897,58.4652],[26.6892,58.4636],[26.6872,58.4631],[26.6836,58.462],[26.6807,58.4615],[26.6801,58.4608],[26.6787,58.4607],[26.6779,58.4596],[26.6763,58.4596],[26.675,58.4602],[26.674,58.4601],[26.6726,58.4585],[26.6705,58.4581],[26.6669,58.4577],[26.6645,58.4568],[26.6628,58.4563],[26.6608,58.4556],[26.6584,58.4554],[26.6572,58.4558],[26.655,58.4557],[26.6521,58.4566],[26.6496,58.457],[26.6483,58.4566],[26.6483,58.4556],[26.6466,58.455],[26.6457,58.455],[26.6425,58.4566],[26.6386,58.4572],[26.6361,58.4588],[26.636,58.4593],[26.6328,58.4595],[26.6323,58.4601],[26.6298,58.4613],[26.6275,58.4612],[26.6263,58.4618],[26.6224,58.4628],[26.6207,58.4629],[26.6182,58.4634],[26.6159,58.4634],[26.6132,58.4631],[26.6118,58.4635],[26.6092,58.4634],[26.6078,58.4637],[26.6059,58.4635],[26.6035,58.4624],[26.6015,58.4628],[26.5996,58.4627],[26.5965,58.4615],[26.5964,58.4613]],[[26.5765,58.7023],[26.5751,58.7005],[26.5754,58.7002],[26.577,58.7001],[26.5796,58.699],[26.5796,58.698],[26.582,58.6962],[26.5834,58.696],[26.5833,58.6949],[26.5823,58.6936],[26.5809,58.6931],[26.5787,58.6919],[26.5785,58.6905],[26.5778,58.689],[26.5784,58.6873]],[[26.5821,58.6845],[26.5821,58.6846]],[[26.5739,58.7023],[26.5751,58.7005]],[[26.6562,58.6154],[26.6556,58.6154],[26.6467,58.6177],[26.6371,58.6234],[26.6275,58.6316],[26.619,58.6342],[26.6131,58.638],[26.613,58.638],[26.6123,58.6387],[26.6122,58.6396],[26.6135,58.6402],[26.617,58.641],[26.6202,58.6411],[26.6235,58.6406],[26.6249,58.6411],[26.6256,58.6424],[26.6267,58.6423],[26.6275,58.643],[26.6275,58.6451],[26.6264,58.6472],[26.6264,58.6488],[26.6269,58.6496],[26.6244,58.6524],[26.6174,58.6571],[26.6068,58.6626],[26.5984,58.6659],[26.5966,58.667],[26.5964,58.6671],[26.5958,58.6672],[26.5914,58.6694],[26.5818,58.6744],[26.5816,58.6745],[26.5817,58.6751],[26.5845,58.6776],[26.5847,58.6792],[26.5839,58.6803]],[[26.7056,58.5758],[26.7069,58.5761],[26.7081,58.5787],[26.7077,58.5792],[26.708,58.5806],[26.7025,58.5883],[26.7015,58.5896],[26.701,58.5897]],[[26.6948,58.5922],[26.6966,58.5916],[26.7008,58.5897]],[[26.6645,58.4568],[26.6637,58.4556],[26.6628,58.4563]],[[26.6059,58.4635],[26.6054,58.4641],[26.6031,58.4641],[26.6029,58.4631],[26.6016,58.4631],[26.6008,58.4631],[26.6006,58.4631],[26.5996,58.4627]],[[26.6016,58.4631],[26.6015,58.4628]],[[26.7339,58.559],[26.7385,58.5593]],[[26.5754,58.7002],[26.5809,58.6931]]]},"properties":{"name":"Amme jõgi"}},
{"type":"Feature","geometry":{"type":"MultiLineString","coordinates":[[[24.5746,58.2924],[24.5743,58.2913],[24.5764,58.2906],[24.5791,58.2908],[24.5831,58.2904],[24.5879,58.2904],[24.591,58.2905],[24.5922,58.2901],[24.5927,58.2899],[24.5964,58.2882],[24.5966,58.2877],[24.5952,58.2856],[24.5928,58.2834],[24.5934,58.2817],[24.5929,58.2806],[24.5909,58.2794],[24.5892,58.2791],[24.5813,58.2805],[24.58,58.2795],[24.58,58.2783],[24.5809,58.2774],[24.5827,58.2763],[24.5851,58.2753],[24.5859,58.2742],[24.5861,58.2717],[24.5854,58.2701],[24.5834,58.2672],[24.5831,58.2659],[24.5833,58.2639],[24.5841,58.2622],[24.5834,58.2612],[24.5834,58.2601],[24.5826,58.2592],[24.5838,58.2572],[24.5837,58.2564],[24.5849,58.2559],[24.5855,58.2551],[24.5872,58.2546],[24.588,58.2536],[24.5893,58.2529],[24.5884,58.2521],[24.5898,58.2507],[24.5907,58.2506],[24.5924,58.2492],[24.592,58.2486],[24.5922,58.2475],[24.5976,58.2462],[24.6015,58.245],[24.6037,58.2449],[24.6054,58.2454],[24.6061,58.2451],[24.6101,58.245],[24.6113,58.2447],[24.614,58.2431],[24.6146,58.2421],[24.6173,58.2419],[24.6175,58.2425],[24.6195,58.243],[24.6202,58.2435],[24.626,58.2431],[24.6274,58.2428],[24.6283,58.242],[24.6293,58.2429],[24.6316,58.243],[24.6335,58.2428],[24.6339,58.2419],[24.6356,58.2402],[24.6376,58.2391],[24.6418,58.2398],[24.6444,58.241],[24.6502,58.2412],[24.6522,58.2407],[24.6541,58.2409],[24.6543,58.242],[24.6561,58.242],[24.6578,58.2396],[24.6571,58.238],[24.6572,58.2369],[24.6581,58.2365],[24.6594,58.2366],[24.6617,58.2362],[24.6619,58.2362],[24.6628,58.2362],[24.6646,58.2345],[24.6685,58.2338],[24.67,58.2324],[24.6717,58.2314],[24.6721,58.2306],[24.6739,58.2297],[24.678,58.2294],[24.6831,58.2273],[24.6835,58.2266],[24.6832,58.2255],[24.6846,58.2245],[24.6846,58.2226],[24.6853,58.2218],[24.6847,58.2201],[24.6869,58.2186],[24.6866,58.217],[24.6855,58.2165],[24.6865,58.2147],[24.6884,58.2135],[24.6884,58.2131],[24.6902,58.212],[24.6909,58.2092],[24.6901,58.2078],[24.6952,58.204],[24.6986,58.2031],[24.7005,58.2035],[24.7021,58.2034],[24.7053,58.2016],[24.7117,58.2],[24.7125,58.1994],[24.7126,58.1993],[24.7152,58.1965],[24.7165,58.1939],[24.7152,58.1876],[24.7119,58.1841],[24.7098,58.1761],[24.7111,58.1728],[24.7118,58.1724],[24.714,58.1721],[24.7141,58.1721],[24.7146,58.172],[24.7165,58.1681],[24.7208,58.1665],[24.7206,58.1648],[24.7214,58.1638],[24.7214,58.1624],[24.7227,58.1616],[24.7213,58.1599],[24.7215,58.1585],[24.7202,58.1565],[24.7201,58.1556],[24.7208,58.155],[24.7201,58.1544],[24.7208,58.1534],[24.7228,58.1515],[24.7244,58.1509],[24.7256,58.1509],[24.7265,58.1497],[24.7281,58.1496],[24.7294,58.149],[24.7308,58.1484],[24.7316,58.1482],[24.7315,58.1474],[24.7349,58.1466],[24.7353,58.1457],[24.7368,58.1453],[24.7371,58.144],[24.7394,58.1445],[24.741,58.1452],[24.7422,58.1445],[24.7436,58.1442],[24.7452,58.1444],[24.7481,58.1435],[24.751,58.1435],[24.7503,58.1428],[24.7513,58.1419],[24.7534,58.1422],[24.7532,58.1411],[24.7553,58.1409],[24.7558,58.1398],[24.7573,58.1393],[24.7584,58.1396],[24.7612,58.1392],[24.76,58.1379],[24.7607,58.1373],[24.7601,58.1367],[24.7608,58.1358],[24.7633,58.1358],[24.7641,58.1352],[24.7618,58.1349],[24.7628,58.1341],[24.7622,58.1329],[24.7644,58.1326],[24.7639,58.1322],[24.7647,58.1308],[24.7649,58.1307],[24.7657,58.1298],[24.7678,58.13],[24.7704,58.1298],[24.7707,58.1291],[24.7742,58.1288],[24.7753,58.1278],[24.7749,58.1269],[24.7757,58.1258],[24.775,58.1256],[24.7748,58.125],[24.7755,58.1238],[24.774,58.1232],[24.774,58.1223],[24.7732,58.1219],[24.7728,58.1218],[24.7724,58.1217],[24.7703,58.1197],[24.7692,58.117],[24.7694,58.1167],[24.7752,58.115],[24.7752,58.1125],[24.7727,58.1119],[24.7738,58.1109],[24.7733,58.1101],[24.7716,58.1093],[24.7738,58.1081],[24.773,58.1078],[24.7725,58.1065],[24.7734,58.1056],[24.7721,58.1047],[24.7732,58.1043],[24.7742,58.1041],[24.7743,58.1038],[24.7743,58.1037],[24.7747,58.1028],[24.7744,58.1017],[24.7756,58.1],[24.777,58.0986],[24.7779,58.0983],[24.7785,58.0981],[24.7789,58.0974],[24.7792,58.0973],[24.7797,58.0968],[24.7803,58.0954],[24.78,58.0944],[24.78,58.0943],[24.78,58.0942],[24.7805,58.0938],[24.7827,58.0929],[24.7849,58.0914],[24.785,58.0904],[24.7843,58.0888],[24.7847,58.0868],[24.7837,58.0846],[24.7843,58.0812],[24.7864,58.0792],[24.786,58.0756],[24.7873,58.0738],[24.7872,58.0737],[24.7866,58.0717],[24.7852,58.0704],[24.7826,58.0688],[24.782,58.0658],[24.781,58.0648],[24.7787,58.0635],[24.7786,58.0633],[24.7753,58.0579],[24.7752,58.0578],[24.7748,58.0571],[24.7766,58.0559],[24.7782,58.0522],[24.775,58.0478],[24.7755,58.0446],[24.7753,58.0427],[24.7752,58.0427],[24.7729,58.0411],[24.7717,58.0372],[24.7699,58.0364],[24.7656,58.0328],[24.7647,58.0297],[24.7648,58.029],[24.7627,58.0252],[24.7629,58.0232],[24.7625,58.0213],[24.761,58.0198],[24.7576,58.0172],[24.7551,58.0163],[24.7525,58.0111],[24.7487,58.0064],[24.749,58.0038],[24.7488,58.0022],[24.7451,58.0004],[24.7432,58.0004],[24.7383,58.0018]],[[24.7726,58.1222],[24.7727,58.1222],[24.774,58.1223]],[[24.7742,58.1041],[24.7732,58.1043]],[[24.7724,58.1217],[24.7726,58.1222]],[[24.7797,58.0968],[24.7792,58.0973]],[[24.7789,58.0974],[24.7785,58.0981]],[[24.7779,58.0983],[24.777,58.0986]],[[24.7748,58.125],[24.775,58.1256]],[[24.7805,58.0938],[24.78,58.0942]],[[24.7639,58.1322],[24.7644,58.1326]],[[24.7628,58.1341],[24.7618,58.1349]]]},"properties":{"name":"Ura jõgi"}},
{"type":"Feature","geometry":{"type":"MultiLineString","coordinates":[[[26.9747,57.8646],[26.9775,57.8641],[26.9792,57.8633],[26.9799,57.8622],[26.9816,57.8627],[26.986,57.8623],[26.9894,57.8614],[26.997,57.8605],[26.9975,57.8596],[26.9968,57.8585],[26.997,57.8574],[26.9983,57.8558],[26.9928,57.8536],[26.991,57.8541],[26.9883,57.8537],[26.986,57.8526],[26.9857,57.8525],[26.9855,57.8524],[26.9826,57.8512],[26.9804,57.8497],[26.9797,57.8476]],[[26.9807,57.8472],[26.9808,57.8493],[26.9816,57.8502],[26.9833,57.8511],[26.9855,57.8524]],[[22.518,58.8756],[22.5021,58.882],[22.4986,58.8863],[22.4774,58.8973],[22.4769,58.8974],[22.4644,58.8978],[22.458,58.8963],[22.4552,58.894],[22.4376,58.8931],[22.4374,58.8931],[22.4341,58.8927],[22.434,58.8926],[22.4319,58.8914],[22.4317,58.8913],[22.432,58.8905],[22.4344,58.8892],[22.4363,58.8869],[22.4352,58.8861],[22.4295,58.8853],[22.4294,58.8853],[22.4259,58.8849],[22.4162,58.8834],[22.4139,58.8815],[22.4117,58.8803],[22.4109,58.8802]]]},"properties":{"name":"Vanajõgi"}},
{"type":"Feature","geometry":{"type":"MultiLineString","coordinates":[[[24.1169,59.3045],[24.1188,59.3042],[24.1239,59.3056],[24.1263,59.3056],[24.128,59.3051],[24.129,59.3048],[24.1313,59.3049],[24.1314,59.3054],[24.1354,59.3057],[24.1365,59.3054],[24.1396,59.3037],[24.1424,59.3036],[24.1443,59.3032],[24.1487,59.3032],[24.1494,59.3042],[24.1506,59.3047],[24.1532,59.3051],[24.1547,59.3058],[24.1603,59.3065],[24.1622,59.3061],[24.1632,59.3067],[24.1619,59.3077],[24.1632,59.3087],[24.1656,59.3089],[24.1682,59.3107],[24.1698,59.3103],[24.1718,59.3106],[24.1731,59.3104],[24.1753,59.3112],[24.176,59.3106],[24.1748,59.31],[24.1765,59.3089],[24.1788,59.3086],[24.18,59.3081],[24.1817,59.3079],[24.1821,59.3074],[24.1805,59.3067],[24.1826,59.3058],[24.1843,59.3051],[24.1874,59.3051],[24.1909,59.3022],[24.1936,59.3026],[24.1953,59.3018],[24.1959,59.301],[24.1958,59.2998],[24.1973,59.2989],[24.1975,59.2981],[24.1975,59.2971],[24.1971,59.2959],[24.1976,59.2954],[24.1993,59.295],[24.2004,59.2939],[24.2005,59.2928],[24.2029,59.292],[24.2056,59.2923],[24.2089,59.2914],[24.2097,59.2907],[24.2122,59.2907],[24.2138,59.2911],[24.2161,59.29],[24.2184,59.2885],[24.2199,59.2875],[24.2263,59.2849],[24.2265,59.2835],[24.2291,59.2824],[24.2299,59.2826],[24.2326,59.2814],[24.2364,59.2805],[24.2361,59.2797],[24.2341,59.279],[24.2351,59.2777],[24.2345,59.2762],[24.2356,59.276],[24.2356,59.2747],[24.2367,59.2744],[24.2363,59.2729],[24.238,59.2729],[24.2394,59.2723],[24.2431,59.2716],[24.2408,59.27],[24.2414,59.2693],[24.243,59.2687],[24.2432,59.2683],[24.2417,59.2677],[24.2423,59.2669],[24.2427,59.2665],[24.2436,59.2669],[24.2448,59.2664],[24.246,59.2658],[24.2467,59.2649],[24.2478,59.265],[24.2484,59.2643],[24.2484,59.2625],[24.2495,59.262],[24.2495,59.2606],[24.2501,59.2594],[24.2526,59.2584],[24.2524,59.2572],[24.2534,59.2568],[24.2527,59.256],[24.2543,59.2552],[24.2556,59.254],[24.2572,59.2543],[24.2581,59.2538],[24.2571,59.2529],[24.2569,59.252],[24.2591,59.2511],[24.259,59.2502],[24.258,59.2494],[24.2586,59.249],[24.2609,59.2491],[24.262,59.2484],[24.2634,59.248],[24.2614,59.2472],[24.2604,59.2464],[24.261,59.2446],[24.2606,59.2439],[24.2617,59.243],[24.259,59.2416],[24.2577,59.2423],[24.2565,59.2424],[24.2554,59.2415],[24.2537,59.242],[24.2526,59.2414],[24.2501,59.2415],[24.2494,59.2405],[24.248,59.2406],[24.2474,59.2395],[24.2478,59.239],[24.247,59.2377],[24.2485,59.2372],[24.2482,59.2363],[24.2486,59.2354],[24.2498,59.2355],[24.2506,59.2343],[24.2516,59.233],[24.2529,59.2316],[24.2547,59.2308],[24.2544,59.2295],[24.2549,59.2292],[24.2541,59.2287],[24.2546,59.2279],[24.2535,59.2274],[24.2548,59.2265],[24.2549,59.2255],[24.2576,59.2245],[24.2588,59.2227],[24.2604,59.2222],[24.2597,59.2216],[24.2607,59.2208],[24.2638,59.2203],[24.27,59.22],[24.2722,59.221],[24.2764,59.2203],[24.2777,59.2193],[24.2819,59.2191],[24.2828,59.2201],[24.2847,59.2201],[24.2867,59.2191],[24.2888,59.2193],[24.2917,59.2194],[24.2932,59.22],[24.2966,59.2201],[24.3004,59.2207],[24.3022,59.2203],[24.3038,59.2211],[24.306,59.2212],[24.3074,59.2219],[24.3083,59.2212],[24.3098,59.2212],[24.3109,59.222],[24.3127,59.2228],[24.3128,59.2234],[24.3179,59.2245],[24.3213,59.2256],[24.3229,59.2265],[24.326,59.2264],[24.3309,59.2277],[24.333,59.2272],[24.3347,59.2277],[24.3362,59.2273],[24.3445,59.2286],[24.3519,59.2295],[24.3546,59.2302],[24.3555,59.2301],[24.3582,59.231],[24.3606,59.2311],[24.364,59.2318],[24.3659,59.2327],[24.3707,59.2331],[24.3764,59.2332],[24.3791,59.2328],[24.3821,59.2315],[24.3842,59.2302],[24.3843,59.2295],[24.3869,59.2284],[24.3871,59.2268],[24.3882,59.2258],[24.392,59.2252],[24.3926,59.2248],[24.3931,59.2216],[24.3955,59.221],[24.3986,59.2192],[24.3995,59.219],[24.4028,59.2169],[24.4046,59.2166],[24.4061,59.216],[24.408,59.2167],[24.4111,59.216],[24.412,59.2155],[24.4152,59.2144],[24.415,59.2133],[24.4161,59.213],[24.4184,59.2112],[24.4185,59.2097],[24.4179,59.2093],[24.4186,59.2084],[24.4184,59.2072],[24.4211,59.2062],[24.4211,59.2058],[24.4227,59.2048],[24.4248,59.2054],[24.4266,59.2059],[24.4312,59.2053],[24.4315,59.2042],[24.4362,59.203],[24.4393,59.2014],[24.4416,59.2007],[24.4436,59.1993],[24.4428,59.1964],[24.4429,59.1952],[24.4413,59.1946],[24.4402,59.1942],[24.4399,59.1926],[24.4408,59.1914],[24.4437,59.1914],[24.4467,59.1923],[24.4486,59.1909],[24.4514,59.1908],[24.4532,59.1899],[24.4569,59.1886],[24.4611,59.1873],[24.4626,59.1876],[24.4633,59.1871],[24.4631,59.1841],[24.4642,59.1829],[24.4665,59.1826],[24.4679,59.181],[24.468,59.1799],[24.4732,59.1785],[24.4759,59.1755],[24.475,59.1738],[24.475,59.171],[24.4761,59.1696],[24.4803,59.1685],[24.481,59.1679],[24.4812,59.1666],[24.4808,59.1641],[24.4789,59.162],[24.4782,59.1586],[24.4791,59.1572],[24.4802,59.1567],[24.484,59.1559],[24.4901,59.1553],[24.4926,59.1548],[24.4932,59.155],[24.4933,59.1551]],[[24.5012,59.1603],[24.5044,59.1608],[24.5047,59.1609],[24.5056,59.1616],[24.51,59.163],[24.5169,59.1646],[24.518,59.1673],[24.5191,59.1678],[24.5204,59.1697],[24.523,59.1697],[24.5289,59.1731],[24.5296,59.1736],[24.5313,59.1771],[24.5371,59.1799],[24.5415,59.1809],[24.5449,59.1812],[24.5527,59.1822],[24.5567,59.1801],[24.5592,59.1798],[24.5609,59.1784],[24.5605,59.1773],[24.5614,59.1767],[24.5635,59.1737],[24.5665,59.1734],[24.5704,59.1735],[24.5723,59.1713],[24.5728,59.1713],[24.5743,59.1705],[24.5746,59.1702],[24.574,59.1686],[24.5728,59.1683],[24.5716,59.1673]],[[24.2867,59.2191],[24.2819,59.2191]],[[24.2303,59.2811],[24.2299,59.2816],[24.2291,59.2824]],[[24.1313,59.3049],[24.129,59.3048]],[[24.2356,59.2747],[24.2335,59.2762],[24.233,59.2772],[24.2335,59.2782],[24.2308,59.2804],[24.2303,59.2811]],[[24.2549,59.2292],[24.2563,59.2301],[24.2547,59.2308]],[[24.2516,59.233],[24.2517,59.2339],[24.2506,59.2343]],[[24.2614,59.2472],[24.262,59.2484]],[[24.2467,59.2649],[24.246,59.2658]]]},"properties":{"name":"Vasalemma jõgi"}},
{"type":"Feature","geometry":{"type":"MultiLineString","coordinates":[[[27.5193,58.0653],[27.5186,58.0643],[27.5188,58.0628],[27.5173,58.062],[27.5151,58.0618],[27.5113,58.0607],[27.5104,58.0601],[27.5114,58.0597],[27.5099,58.0583],[27.5103,58.0574],[27.5118,58.0573],[27.5119,58.0552],[27.5104,58.0551],[27.5093,58.0541],[27.5077,58.0539],[27.5064,58.0529],[27.5053,58.0537],[27.5045,58.0529],[27.5027,58.0528],[27.5025,58.0522],[27.5011,58.0518],[27.4992,58.0521],[27.4968,58.0513],[27.4944,58.051],[27.494,58.0503],[27.4912,58.0479],[27.4901,58.0487],[27.4876,58.0492],[27.4865,58.049],[27.4868,58.0482],[27.485,58.0483],[27.4841,58.0478],[27.4854,58.0469],[27.485,58.0451],[27.4835,58.0443],[27.4835,58.0434],[27.4821,58.0422],[27.4837,58.0411],[27.4836,58.0402],[27.4848,58.0397],[27.4852,58.0386],[27.4896,58.0376],[27.49,58.0365],[27.4918,58.0367],[27.4936,58.0363],[27.4949,58.0355],[27.497,58.0349],[27.4953,58.0342],[27.4964,58.0337],[27.496,58.0331],[27.4969,58.0325],[27.4962,58.0312],[27.4955,58.0302],[27.4966,58.0288],[27.4966,58.0277],[27.4974,58.0265],[27.4973,58.0256],[27.4998,58.0251],[27.4994,58.0242],[27.5011,58.0241],[27.5007,58.0233],[27.5013,58.0228],[27.4998,58.0222],[27.4995,58.021],[27.4975,58.0196],[27.498,58.0189],[27.4976,58.0173],[27.4966,58.0165],[27.497,58.0154],[27.4961,58.0151],[27.4968,58.0138],[27.4954,58.0134],[27.4966,58.0126],[27.4959,58.0119],[27.4947,58.0118],[27.4931,58.0109],[27.4927,58.01],[27.4897,58.0099],[27.4891,58.0079],[27.4905,58.0078],[27.4895,58.0058],[27.4902,58.0047],[27.4886,58.0032],[27.4882,58.0018],[27.487,58.0013],[27.4854,58.0013],[27.4846,58.0004],[27.4844,57.9991],[27.4819,57.9989],[27.4812,57.9986],[27.4814,57.9971],[27.4799,57.9972],[27.4801,57.9961],[27.4804,57.9947],[27.4786,57.9931],[27.4782,57.9933],[27.4778,57.9925],[27.4765,57.9912],[27.4772,57.9903],[27.4744,57.9897],[27.4764,57.9878],[27.4764,57.987],[27.4771,57.9857],[27.476,57.9841],[27.4749,57.9822],[27.4753,57.9804],[27.4743,57.98],[27.4747,57.9786],[27.4738,57.9769],[27.4744,57.9759],[27.4735,57.9757],[27.4738,57.9749],[27.4751,57.9738],[27.474,57.9731],[27.4733,57.9717],[27.4717,57.9712],[27.4705,57.9717],[27.4706,57.9697],[27.4688,57.9685],[27.4688,57.9674],[27.4698,57.9667],[27.4691,57.9653],[27.4681,57.9643],[27.4692,57.9641],[27.4702,57.9628],[27.4721,57.962],[27.4721,57.9619],[27.4711,57.9606],[27.471,57.9603]],[[27.4809,57.9016],[27.4825,57.9028],[27.4855,57.906],[27.4874,57.907],[27.4905,57.9102],[27.4906,57.9103],[27.4929,57.912],[27.4923,57.9135],[27.4928,57.9145],[27.4911,57.9159],[27.4917,57.9178],[27.4918,57.9179],[27.4934,57.9195],[27.4934,57.9207],[27.4949,57.922],[27.4977,57.923],[27.4994,57.923],[27.503,57.9234],[27.5064,57.9243],[27.5077,57.9249],[27.5081,57.9272],[27.509,57.9278],[27.5092,57.9291],[27.5077,57.9306],[27.5056,57.9317],[27.5044,57.932],[27.503,57.9343],[27.5019,57.9354],[27.5005,57.9359],[27.4997,57.937],[27.4986,57.9369],[27.4979,57.9382],[27.4983,57.9391],[27.4967,57.9394],[27.4964,57.9405],[27.4952,57.9409],[27.4937,57.9426],[27.4924,57.9435],[27.4913,57.9437],[27.4912,57.944],[27.4868,57.9466],[27.485,57.9474],[27.4847,57.9481],[27.4838,57.9491],[27.4825,57.9495],[27.4814,57.9509],[27.4806,57.9511],[27.4789,57.9526],[27.4784,57.9535],[27.4765,57.9542]],[[27.478,57.9951],[27.4789,57.9958],[27.4801,57.9961]],[[27.4778,57.995],[27.4771,57.9947],[27.4782,57.9933]],[[27.4778,57.9925],[27.4786,57.9931]]]},"properties":{"name":"Mädajõgi"}},
{"type":"Feature","geometry":{"type":"MultiLineString","coordinates":[[[26.6207,58.4629],[26.6225,58.4646],[26.6254,58.4663]],[[26.6428,58.5339],[26.6425,58.5331],[26.6428,58.5317],[26.6426,58.5306],[26.6404,58.5308],[26.6381,58.5307],[26.6377,58.5306],[26.6368,58.53],[26.6368,58.5299],[26.6366,58.5296],[26.6365,58.5294],[26.6359,58.529],[26.6319,58.5234],[26.6311,58.5226],[26.6279,58.5207],[26.6204,58.5209],[26.6186,58.5208],[26.6184,58.5208],[26.6182,58.5207],[26.6157,58.5201],[26.6155,58.5201],[26.6137,58.5195],[26.6026,58.5175],[26.6003,58.5183],[26.5915,58.5213],[26.5858,58.5245],[26.5781,58.5282],[26.5748,58.529],[26.5728,58.5283],[26.5692,58.5283],[26.5665,58.5266],[26.5661,58.526],[26.5679,58.5244],[26.5679,58.5231],[26.5692,58.5208],[26.5814,58.5158],[26.5943,58.5106],[26.5959,58.5099],[26.5979,58.5071],[26.5979,58.5059],[26.5974,58.5036],[26.6003,58.5009],[26.6006,58.5004],[26.6013,58.499],[26.6036,58.4959],[26.6041,58.4949],[26.604,58.4932],[26.6084,58.4911],[26.6094,58.4896],[26.6128,58.4878],[26.6129,58.4866],[26.617,58.4847],[26.6199,58.4831],[26.6193,58.4822],[26.6175,58.4812],[26.6144,58.4802],[26.6123,58.4793],[26.6113,58.4784],[26.6123,58.4779],[26.6131,58.4774],[26.6129,58.4753],[26.6181,58.4736],[26.6226,58.4717],[26.6248,58.4711],[26.6269,58.4689],[26.6264,58.4672],[26.6256,58.4665]],[[26.6419,58.5333],[26.6425,58.5331]],[[26.6428,58.5317],[26.6415,58.5309],[26.6404,58.5308]]]},"properties":{"name":"Mudajõgi"}},
{"type":"Feature","geometry":{"type":"MultiLineString","coordinates":[[[26.7912,57.982],[26.7919,57.9823],[26.792,57.9823],[26.7939,57.9839],[26.8003,57.9874],[26.8035,57.9889],[26.8069,57.9903],[26.8081,57.9911],[26.8104,57.9915],[26.8111,57.9924],[26.8126,57.9923],[26.8147,57.9922],[26.816,57.9916],[26.8162,57.9913],[26.8165,57.9904],[26.8177,57.9883],[26.8182,57.9877],[26.8192,57.9856],[26.8209,57.984],[26.8203,57.983],[26.821,57.9822],[26.8238,57.9826],[26.8252,57.9823],[26.8266,57.9812],[26.8261,57.9802],[26.8303,57.9795],[26.8309,57.9794],[26.834,57.9794],[26.837,57.9785],[26.839,57.9785],[26.8412,57.9777],[26.8439,57.9774],[26.8441,57.9772],[26.8443,57.9773],[26.8449,57.9773],[26.8459,57.9779],[26.849,57.9784],[26.8508,57.9793],[26.8509,57.979],[26.8514,57.9792],[26.8518,57.9801],[26.8542,57.9805]],[[26.8631,57.9839],[26.8643,57.9848],[26.8676,57.9861],[26.869,57.9867],[26.87,57.988],[26.874,57.9885],[26.874,57.9886],[26.8755,57.9887],[26.8761,57.9893],[26.8762,57.9894],[26.878,57.9896],[26.8793,57.9893],[26.8824,57.9888],[26.8853,57.9897],[26.8862,57.9895],[26.8884,57.9906],[26.89,57.9909],[26.8905,57.991],[26.8919,57.9912],[26.8931,57.992],[26.8937,57.9919],[26.8965,57.9925],[26.8999,57.9922],[26.9005,57.9928],[26.9006,57.9929],[26.9021,57.9942],[26.904,57.9947],[26.905,57.9969],[26.9049,57.9978],[26.9055,57.9989],[26.9068,57.9991],[26.9082,57.9992],[26.9108,58.0002],[26.9123,58.0007],[26.9128,58.0016],[26.9148,58.0016],[26.9168,58.002],[26.9166,58.0027],[26.9147,58.0026],[26.9136,58.0033],[26.9142,58.0042],[26.9158,58.0049],[26.9161,58.0061],[26.9155,58.0064],[26.9157,58.0076],[26.917,58.0083],[26.9173,58.0094],[26.9169,58.0099],[26.9169,58.0114],[26.9182,58.0116],[26.9194,58.0123],[26.9194,58.0124],[26.9198,58.0125],[26.9204,58.0128],[26.921,58.0133],[26.9208,58.0144],[26.9231,58.0151],[26.9226,58.0165],[26.925,58.0172],[26.9233,58.0182],[26.9235,58.0189],[26.9246,58.0196],[26.9259,58.02],[26.9258,58.0208],[26.9246,58.0221],[26.9247,58.023],[26.9255,58.0239],[26.9258,58.0246],[26.9274,58.0255],[26.9263,58.0267],[26.9275,58.0272],[26.9276,58.0278],[26.9292,58.0287],[26.9288,58.0298],[26.9276,58.0304],[26.9299,58.0319],[26.9307,58.0326],[26.9325,58.0332],[26.932,58.0343],[26.9336,58.0352],[26.935,58.0351],[26.9362,58.0377],[26.9368,58.0386],[26.9367,58.0393],[26.9368,58.0386]],[[26.863,57.9838],[26.8576,57.981],[26.8568,57.9812]],[[27.1561,58.3908],[27.1566,58.3896],[27.1577,58.3847],[27.1558,58.3837],[27.1498,58.3808],[27.1457,58.3782],[27.1459,58.3772],[27.1469,58.3763],[27.1508,58.3735],[27.1519,58.3726],[27.152,58.3715],[27.1511,58.3697],[27.1467,58.367],[27.1449,58.3656],[27.1411,58.3617],[27.1413,58.361],[27.1425,58.3606],[27.1478,58.3601],[27.1496,58.3595],[27.1511,58.3583],[27.1516,58.3568],[27.1503,58.3557],[27.1444,58.3537],[27.1435,58.3527],[27.1432,58.3495],[27.1424,58.3481],[27.1402,58.346],[27.1399,58.345],[27.1406,58.3442],[27.1441,58.3424],[27.145,58.3416],[27.145,58.3405],[27.1429,58.3371],[27.1429,58.3362],[27.1446,58.3349],[27.1468,58.334],[27.1486,58.3327],[27.1498,58.3313],[27.1521,58.3299],[27.1558,58.3285],[27.159,58.3269],[27.1601,58.3261],[27.1601,58.3248],[27.1578,58.3213],[27.1577,58.3203],[27.1583,58.3176],[27.1579,58.3161],[27.1579,58.3142],[27.159,58.3128],[27.1631,58.3101],[27.1665,58.309],[27.1682,58.3087],[27.1697,58.308],[27.171,58.3067],[27.171,58.3057],[27.1686,58.3044],[27.1676,58.3035],[27.1671,58.3022],[27.169,58.3012],[27.1691,58.3007],[27.1677,58.2973],[27.1656,58.2956],[27.164,58.2938],[27.1635,58.2924],[27.1626,58.2919],[27.1558,58.2907],[27.1519,58.2896],[27.1508,58.2888],[27.1507,58.2874],[27.1503,58.2862],[27.1476,58.2849],[27.1475,58.2842],[27.1471,58.2829],[27.1468,58.2822],[27.1474,58.2809],[27.1472,58.28],[27.1455,58.2788],[27.1453,58.278],[27.1454,58.2762],[27.1451,58.2757],[27.1422,58.2745],[27.1403,58.2746],[27.1392,58.274],[27.1388,58.273],[27.1364,58.2711],[27.1335,58.2711],[27.1324,58.2706],[27.1306,58.269],[27.1301,58.268],[27.1284,58.2667],[27.129,58.2659],[27.1271,58.2655],[27.1268,58.2649],[27.1277,58.2634],[27.1274,58.2618],[27.1277,58.2607],[27.1271,58.26],[27.1289,58.2584],[27.1307,58.2561],[27.1295,58.2553],[27.1277,58.2552],[27.1268,58.2545],[27.125,58.2505],[27.1239,58.2485],[27.1224,58.2476],[27.117,58.2465],[27.1137,58.2455],[27.113,58.245],[27.1119,58.2422],[27.1133,58.2407],[27.1149,58.2398],[27.1144,58.2394],[27.1153,58.2373],[27.1154,58.2373],[27.1173,58.2373],[27.1186,58.2362],[27.1198,58.2343],[27.1194,58.2334],[27.1196,58.232],[27.1213,58.2303],[27.1246,58.2294],[27.126,58.2281],[27.1257,58.2271],[27.1234,58.2255],[27.1237,58.2239],[27.1226,58.2225],[27.1238,58.2216],[27.1236,58.2205],[27.1217,58.2203],[27.1211,58.2192],[27.122,58.2179],[27.1189,58.2161],[27.1165,58.2154],[27.114,58.215],[27.1121,58.2143],[27.1137,58.2135],[27.1129,58.2124],[27.1109,58.2121],[27.1101,58.2111],[27.1109,58.2102],[27.1122,58.2094],[27.1113,58.2089],[27.1137,58.2081],[27.113,58.2077],[27.1135,58.2068],[27.1109,58.207],[27.1104,58.2066],[27.11,58.2051],[27.1082,58.2034],[27.1071,58.2032],[27.106,58.2037],[27.1048,58.2033],[27.1062,58.2026],[27.1077,58.2024],[27.1066,58.2015],[27.108,58.2008],[27.1059,58.2001],[27.1058,58.1984],[27.104,58.198],[27.1014,58.1966],[27.1009,58.1948],[27.1001,58.1935],[27.1012,58.1935],[27.1022,58.1925],[27.1014,58.1918],[27.1022,58.191],[27.1038,58.1904],[27.1038,58.1898],[27.1028,58.1873],[27.1018,58.1866],[27.1003,58.1849],[27.1007,58.1841],[27.1028,58.1832],[27.1047,58.1831],[27.1047,58.1824],[27.1058,58.1818],[27.1055,58.1816],[27.1048,58.1809],[27.1056,58.1792],[27.1067,58.1795],[27.1073,58.1788],[27.1054,58.1778],[27.1053,58.1772],[27.1069,58.1766],[27.107,58.175],[27.1038,58.1738],[27.106,58.1729],[27.1067,58.1721],[27.1059,58.1713],[27.1063,58.1707],[27.1052,58.1698],[27.1055,58.1685],[27.1043,58.1683],[27.1045,58.1679],[27.1058,58.1673],[27.1048,58.1666],[27.1063,58.1655],[27.1075,58.1651],[27.1078,58.164],[27.109,58.1638],[27.11,58.1627],[27.1128,58.1625],[27.1114,58.161],[27.1133,58.16],[27.111,58.1576],[27.1112,58.1571],[27.114,58.1572],[27.1121,58.1562],[27.1128,58.155],[27.1145,58.1547],[27.1118,58.1526],[27.1134,58.1526],[27.1151,58.1516],[27.1128,58.15],[27.1136,58.148],[27.1123,58.1469],[27.114,58.1461],[27.1142,58.1454],[27.1133,58.1445],[27.1136,58.1438],[27.1148,58.1435],[27.116,58.1439],[27.1174,58.1434],[27.1156,58.142],[27.1179,58.1417],[27.117,58.1405],[27.1186,58.1403],[27.1184,58.1393],[27.1138,58.1384],[27.1135,58.1378],[27.1163,58.1376],[27.1148,58.1348],[27.1157,58.1343],[27.1157,58.1335],[27.1167,58.1317],[27.1162,58.131],[27.1146,58.131],[27.1136,58.1292],[27.1155,58.1295],[27.1157,58.1285],[27.1154,58.1263],[27.1136,58.1252],[27.1125,58.1254],[27.1107,58.1249],[27.1095,58.1249],[27.1097,58.1242],[27.108,58.1227],[27.1062,58.1223],[27.1034,58.1221],[27.1046,58.1212],[27.1035,58.1205],[27.1004,58.1206],[27.0996,58.1215],[27.0967,58.1223],[27.0951,58.1223],[27.0946,58.1217],[27.0954,58.1208],[27.0942,58.1204],[27.0913,58.1203],[27.0904,58.1206],[27.0887,58.1193],[27.0874,58.1188],[27.0877,58.1179],[27.0863,58.1167],[27.0863,58.1154],[27.0846,58.1152],[27.085,58.1133],[27.0832,58.1141],[27.082,58.1138],[27.0817,58.1132],[27.0836,58.113],[27.0834,58.1123],[27.0814,58.1115],[27.0831,58.111],[27.0826,58.1098],[27.0801,58.1092],[27.0806,58.1081],[27.0822,58.1081],[27.0829,58.1073],[27.0826,58.1064],[27.0821,58.1063],[27.0797,58.1057],[27.0777,58.1072],[27.0746,58.1068],[27.073,58.1075],[27.0737,58.1095],[27.0725,58.1102],[27.0698,58.1108],[27.0681,58.1105],[27.067,58.1097],[27.0679,58.1086],[27.0676,58.108],[27.0677,58.1069],[27.0686,58.1059],[27.0684,58.105],[27.0659,58.1047],[27.0633,58.1041],[27.0625,58.1047],[27.0631,58.1061],[27.0621,58.1065],[27.0591,58.1062],[27.0591,58.1068],[27.0574,58.1075],[27.0535,58.108],[27.0502,58.1076],[27.0496,58.1079],[27.05,58.1092],[27.0471,58.1095],[27.0464,58.11],[27.0474,58.1106],[27.0477,58.1117],[27.0512,58.1132],[27.0513,58.1137],[27.0514,58.1144],[27.0529,58.1172],[27.0532,58.1192],[27.0529,58.121],[27.0509,58.1221],[27.046,58.1241],[27.0454,58.1249],[27.0467,58.1253],[27.05,58.1259],[27.0519,58.1278],[27.0513,58.1284],[27.0491,58.1283],[27.0462,58.1287],[27.0434,58.1294],[27.0424,58.1312],[27.0428,58.1314],[27.0458,58.1313],[27.0477,58.1316],[27.0492,58.1327],[27.0495,58.1354],[27.0491,58.1363],[27.048,58.1365],[27.0456,58.136],[27.0413,58.1372],[27.0404,58.1367],[27.0389,58.1367],[27.0351,58.1376],[27.0352,58.1384],[27.036,58.1392],[27.0353,58.1401],[27.0336,58.1401],[27.0325,58.1408],[27.0307,58.1409],[27.0293,58.1417],[27.0256,58.1401],[27.0226,58.1393],[27.0207,58.1392],[27.0159,58.141],[27.0143,58.1421],[27.0123,58.1428],[27.013,58.1442],[27.0124,58.1457],[27.013,58.147],[27.0111,58.148],[27.0108,58.1474],[27.0079,58.1469],[27.0063,58.1461],[27.0023,58.1462],[27.0006,58.1467],[27.0002,58.1476],[26.9976,58.1489],[26.9962,58.1494],[26.9954,58.1509],[26.9969,58.1515],[26.9971,58.1531],[26.9967,58.1542],[26.9955,58.1553],[26.997,58.1567],[26.9974,58.1582],[26.9968,58.1587],[26.9953,58.1588],[26.9934,58.1585],[26.9913,58.1589],[26.9894,58.1562],[26.9855,58.1553],[26.9841,58.1547],[26.984,58.1527],[26.983,58.152],[26.9836,58.1505],[26.9846,58.15],[26.9833,58.1484],[26.9812,58.1479],[26.9794,58.1477],[26.9758,58.1489],[26.9744,58.1481],[26.9745,58.1474],[26.9725,58.1466],[26.9746,58.1459],[26.9757,58.1462],[26.9768,58.1456],[26.9768,58.1449],[26.9739,58.1438],[26.972,58.1435],[26.9703,58.1418],[26.9706,58.1411],[26.9706,58.1397],[26.9691,58.1389],[26.9677,58.1389],[26.9677,58.1376],[26.969,58.1372],[26.9713,58.1365],[26.9717,58.136],[26.9688,58.1359],[26.9675,58.1343],[26.9673,58.1325],[26.9645,58.1314],[26.9657,58.1309],[26.9657,58.1303],[26.9634,58.1284],[26.9616,58.1285],[26.9606,58.1277],[26.9604,58.1267],[26.9614,58.1262],[26.9601,58.1257],[26.9599,58.1245],[26.9581,58.1238],[26.9572,58.1229],[26.9554,58.123],[26.955,58.123],[26.9543,58.1228],[26.9547,58.122],[26.9533,58.1209],[26.9525,58.1199],[26.9511,58.1193],[26.9513,58.1186],[26.9503,58.1181],[26.949,58.118],[26.9483,58.1168],[26.945,58.1161],[26.9442,58.1143],[26.9438,58.1131],[26.945,58.1116],[26.9452,58.1097],[26.941,58.1088],[26.9398,58.109],[26.9399,58.1082],[26.9398,58.1081],[26.9404,58.1066],[26.9399,58.1058],[26.9408,58.1049],[26.9391,58.1038],[26.941,58.1029],[26.9391,58.1025],[26.939,58.1018],[26.9415,58.1007],[26.9396,58.0992],[26.9397,58.0986],[26.9386,58.0974],[26.9396,58.0969],[26.9388,58.0962],[26.94,58.0956],[26.9387,58.0949],[26.9401,58.093],[26.9395,58.0919],[26.9387,58.0918],[26.938,58.091],[26.9384,58.0903],[26.9376,58.0886],[26.9355,58.0877],[26.936,58.0873],[26.9342,58.0864],[26.9343,58.0853],[26.9365,58.085],[26.9369,58.0837],[26.9359,58.0824],[26.9345,58.0816],[26.9355,58.0811],[26.9344,58.0802],[26.9348,58.0797],[26.933,58.079],[26.9332,58.0785],[26.9317,58.078],[26.9311,58.0769],[26.9319,58.0748],[26.9315,58.074],[26.933,58.0735],[26.9349,58.0737],[26.9347,58.0705],[26.9356,58.0687],[26.9352,58.0679],[26.9364,58.0671],[26.9383,58.0671],[26.9385,58.0662],[26.9374,58.065],[26.9378,58.0642],[26.9391,58.0638],[26.9389,58.0631],[26.9375,58.0624],[26.938,58.0617],[26.9396,58.0607],[26.9396,58.0597],[26.9397,58.0595],[26.9396,58.059],[26.9401,58.0579],[26.9418,58.0575],[26.9424,58.0569],[26.9409,58.0558],[26.9397,58.0556],[26.94,58.0549],[26.9388,58.0544],[26.9396,58.0538],[26.9381,58.0528],[26.9393,58.0526],[26.9408,58.0515],[26.9412,58.0502],[26.9402,58.05],[26.9414,58.0488],[26.9435,58.0479],[26.944,58.0471],[26.9431,58.0463],[26.943,58.0452],[26.9417,58.0442],[26.9417,58.0424],[26.9401,58.0426],[26.9384,58.0422],[26.9401,58.0411],[26.9394,58.0404],[26.9389,58.0407],[26.9387,58.0407],[26.9381,58.0394],[26.9367,58.0393]],[[26.9194,58.0123],[26.9198,58.0125]],[[26.9195,58.0125],[26.9195,58.0126],[26.9204,58.0128]],[[26.816,57.9916],[26.8162,57.9913]],[[26.8508,57.9793],[26.8514,57.9792]],[[26.9194,58.0124],[26.9195,58.0125]],[[26.9398,58.1081],[26.9399,58.1082]],[[26.8443,57.9773],[26.8449,57.9773]],[[26.9396,58.058],[26.9396,58.059]],[[26.9401,58.0579],[26.9396,58.058]],[[26.8439,57.9774],[26.8441,57.9772]],[[26.9387,58.0407],[26.9389,58.0407]],[[26.9299,58.0319],[26.9307,58.0326]],[[26.8303,57.9795],[26.8309,57.9794]],[[27.1173,58.2373],[27.1166,58.2383],[27.1149,58.2398]],[[27.1058,58.1818],[27.1047,58.1831]]]},"properties":{"name":"Ahja jõgi"}},
{"type":"Feature","geometry":{"type":"MultiLineString","coordinates":[[[26.9354,58.7618],[26.9361,58.7607],[26.9346,58.7593],[26.9324,58.7589],[26.9323,58.758],[26.9296,58.7577],[26.9286,58.7569],[26.9266,58.7559],[26.9301,58.7551],[26.9286,58.7541],[26.9276,58.7529],[26.9271,58.7516],[26.9277,58.751],[26.9266,58.7505],[26.9261,58.7496],[26.9244,58.7491],[26.9197,58.7489],[26.9193,58.7483],[26.9175,58.7481],[26.916,58.7474],[26.9132,58.7464],[26.9126,58.7465],[26.9116,58.7466],[26.91,58.7461],[26.9079,58.7463],[26.9065,58.746],[26.9048,58.7465],[26.9017,58.7453],[26.9005,58.7457],[26.8989,58.7447],[26.8997,58.7427],[26.8983,58.7413],[26.8982,58.7406],[26.8963,58.74],[26.8966,58.7368],[26.8948,58.7368],[26.8925,58.7351],[26.8915,58.7348],[26.8896,58.735],[26.8868,58.7341],[26.8849,58.7327],[26.8834,58.7325],[26.8824,58.7317],[26.8799,58.7308],[26.8786,58.7317],[26.8755,58.7325]],[[26.8137,58.6547],[26.8129,58.6567],[26.8159,58.661],[26.8154,58.6615],[26.8164,58.6631],[26.8166,58.6644],[26.8173,58.6658],[26.8191,58.6674],[26.8241,58.6699],[26.8258,58.6716],[26.8262,58.6725],[26.8291,58.6734],[26.8324,58.6735],[26.834,58.6754],[26.8328,58.6764],[26.8306,58.6762],[26.83,58.6771],[26.8326,58.678],[26.8357,58.6778],[26.8371,58.6782],[26.8408,58.6778],[26.8416,58.6785],[26.8406,58.68],[26.84,58.682],[26.8384,58.6836],[26.8388,58.6846],[26.8407,58.6857],[26.8426,58.6858],[26.8455,58.6855],[26.849,58.6858],[26.8509,58.6872],[26.8515,58.6887],[26.8526,58.6888],[26.8528,58.6899],[26.8524,58.6904],[26.8534,58.6926],[26.853,58.6928],[26.8541,58.6936],[26.8534,58.6946],[26.8525,58.6973],[26.852,58.6988],[26.851,58.7],[26.8485,58.7009],[26.8477,58.7024],[26.8478,58.704],[26.8475,58.7072],[26.8512,58.7117],[26.8514,58.7123],[26.851,58.7137],[26.8503,58.7173],[26.8505,58.7185],[26.851,58.7223],[26.8525,58.7235],[26.8559,58.7245],[26.8582,58.7256],[26.8595,58.7263],[26.8616,58.726],[26.8654,58.7273],[26.8655,58.7286],[26.8665,58.7296],[26.8679,58.7304],[26.8713,58.7308]],[[26.8411,58.6364],[26.8408,58.6364],[26.8423,58.6346],[26.8464,58.6326],[26.8524,58.6327],[26.8551,58.6328],[26.8562,58.6332],[26.8614,58.6329],[26.8638,58.6326],[26.8665,58.6303],[26.8685,58.6292],[26.8696,58.6296],[26.8718,58.6295],[26.8734,58.6285],[26.876,58.6284],[26.8804,58.6276],[26.8821,58.6263],[26.8823,58.6257],[26.8855,58.6233],[26.8869,58.6205],[26.8876,58.6199],[26.8865,58.6178],[26.8876,58.6164],[26.889,58.6161],[26.8893,58.6154],[26.8913,58.6147],[26.8917,58.6141],[26.8936,58.614],[26.8964,58.6124],[26.8999,58.6119],[26.9042,58.611],[26.906,58.6112],[26.9085,58.6096],[26.9084,58.6086],[26.9073,58.6077],[26.9081,58.6069],[26.908,58.6061],[26.9071,58.6057],[26.9082,58.6044],[26.9099,58.6046],[26.9111,58.6036],[26.9107,58.6024],[26.9116,58.6009],[26.9101,58.6001],[26.9091,58.5978],[26.9109,58.5974],[26.9128,58.5969],[26.9138,58.5963],[26.9128,58.5952],[26.9118,58.5942],[26.9095,58.594],[26.9091,58.5933],[26.9105,58.5923],[26.9106,58.5916],[26.9084,58.59],[26.9072,58.5894],[26.9077,58.588],[26.9068,58.5874],[26.9018,58.5853],[26.8993,58.586],[26.8974,58.5857],[26.8973,58.5845],[26.8986,58.5845],[26.8997,58.5829],[26.9007,58.5822],[26.8998,58.5817],[26.9001,58.5807],[26.9009,58.5802],[26.9001,58.5789],[26.9004,58.5779],[26.8992,58.5771],[26.8993,58.5761],[26.9,58.5757],[26.9024,58.5756],[26.9058,58.5743],[26.9076,58.572],[26.9084,58.5709],[26.9096,58.5673],[26.9084,58.5662],[26.9036,58.5594],[26.9044,58.5574],[26.9045,58.5573],[26.9108,58.5464],[26.9138,58.5412],[26.9144,58.5382],[26.9165,58.5338],[26.9169,58.5334],[26.9321,58.5304],[26.9333,58.5305],[26.9354,58.5297],[26.9354,58.5296],[26.9371,58.5288],[26.9404,58.5296],[26.9427,58.5295],[26.9431,58.5295]],[[26.9614,58.5308],[26.9622,58.5319],[26.9619,58.5325],[26.9635,58.5346],[26.9647,58.535],[26.9653,58.5351],[26.9664,58.5353],[26.9653,58.5351],[26.9647,58.535]],[[26.8209,58.6442],[26.8226,58.6439]],[[27.0217,58.5208],[27.0178,58.5283],[27.0177,58.5285],[27.0172,58.5285],[27.0065,58.531],[27.0033,58.5337],[27.0008,58.5375],[26.9986,58.5409],[26.9915,58.5393],[26.9914,58.5392],[26.9886,58.5394],[26.985,58.5391],[26.9847,58.5391],[26.9796,58.5387],[26.9753,58.5359],[26.9715,58.5351],[26.9696,58.5353],[26.9664,58.5353]],[[26.8277,58.6503],[26.8288,58.6487],[26.8291,58.6476]],[[26.8408,58.6367],[26.8408,58.6364]]]},"properties":{"name":"Kääpa jõgi"}},
{"type":"Feature","geometry":{"type":"MultiLineString","coordinates":[[[26.5029,57.9252],[26.5031,57.9252]],[[26.4632,57.9251],[26.4632,57.925],[26.4633,57.9243],[26.462,57.9241],[26.4595,57.9242],[26.4562,57.9236],[26.4562,57.9226],[26.4532,57.9209],[26.4523,57.9212],[26.4506,57.9208],[26.45,57.92],[26.4474,57.92],[26.4469,57.9191],[26.4446,57.9179],[26.4441,57.9185],[26.4421,57.9181],[26.4396,57.9181],[26.4392,57.9185],[26.4366,57.9185],[26.436,57.9176],[26.4315,57.9158],[26.4303,57.9163],[26.4276,57.9158],[26.4232,57.9164],[26.4214,57.9174],[26.4207,57.9168],[26.4186,57.9169],[26.4175,57.9159],[26.4129,57.9159],[26.4105,57.9146],[26.4088,57.9139],[26.4107,57.9121],[26.4101,57.9112],[26.41,57.9111],[26.4081,57.9104],[26.4077,57.9096],[26.4061,57.9091],[26.4056,57.9086],[26.4045,57.9087],[26.4031,57.9086],[26.3984,57.9099],[26.3956,57.9094],[26.3949,57.909],[26.3947,57.9072],[26.393,57.9071],[26.3916,57.9054],[26.3913,57.904],[26.3916,57.9025],[26.3922,57.9019],[26.3891,57.9007],[26.3869,57.9003],[26.3805,57.8988],[26.3793,57.8987],[26.377,57.8993],[26.365,57.9017],[26.3636,57.9027],[26.3621,57.9032],[26.3578,57.9025],[26.3576,57.9025],[26.3547,57.9017],[26.3527,57.9007],[26.3456,57.8974],[26.3445,57.8971],[26.3417,57.8959]],[[26.5447,57.9051],[26.5419,57.9056],[26.54,57.9063],[26.5376,57.9067],[26.5374,57.9068],[26.5364,57.9069],[26.5363,57.9088],[26.5355,57.9091],[26.5349,57.9102],[26.5295,57.9117],[26.5241,57.9122],[26.5207,57.912],[26.5176,57.9125]],[[26.4056,57.9086],[26.4045,57.9087]]]},"properties":{"name":"Visela jõgi"}},
{"type":"Feature","geometry":{"type":"MultiLineString","coordinates":[[[27.0807,57.6758],[27.0808,57.6758],[27.0809,57.6759],[27.0814,57.6768],[27.0841,57.678],[27.0837,57.6789],[27.0856,57.6798],[27.0856,57.6804],[27.0927,57.6825],[27.0931,57.683],[27.0964,57.6837],[27.0997,57.6829],[27.1006,57.6833],[27.1036,57.6818],[27.107,57.6808],[27.1085,57.6794],[27.1111,57.6797],[27.1118,57.6803],[27.1136,57.68],[27.1138,57.6799],[27.1137,57.6792],[27.1163,57.6782],[27.1184,57.6789],[27.1198,57.6787],[27.1216,57.679],[27.1254,57.6784],[27.1255,57.6784],[27.1272,57.6781],[27.1274,57.6775],[27.1291,57.6773],[27.1304,57.6766],[27.1305,57.6766],[27.1319,57.676],[27.1335,57.6761],[27.134,57.675],[27.1355,57.6756],[27.1385,57.6752],[27.1399,57.6778],[27.14,57.6779],[27.1411,57.6788],[27.1397,57.6808],[27.1412,57.6821],[27.1445,57.6826],[27.1451,57.6833],[27.1444,57.6841],[27.1447,57.6848],[27.1465,57.685],[27.1491,57.6846],[27.1501,57.6842],[27.1522,57.6853],[27.1515,57.6859],[27.1521,57.6873],[27.1538,57.6876],[27.154,57.6882],[27.1556,57.6887],[27.1541,57.6893],[27.1533,57.6908],[27.1515,57.6922],[27.153,57.6929],[27.1502,57.6937],[27.1514,57.695],[27.1505,57.6954],[27.1509,57.6961],[27.1559,57.697],[27.1582,57.6978],[27.1593,57.6987],[27.1605,57.7009],[27.1613,57.7011],[27.1622,57.7027],[27.1621,57.7035],[27.1632,57.7048],[27.1645,57.7049],[27.1647,57.7062],[27.1644,57.7066],[27.165,57.7078],[27.165,57.708],[27.166,57.7087],[27.1656,57.7092],[27.168,57.7097],[27.1712,57.7115],[27.172,57.7122],[27.1722,57.7136],[27.1718,57.7143],[27.1724,57.7149],[27.1737,57.7149],[27.1751,57.7151],[27.1759,57.7162],[27.1776,57.7163],[27.179,57.7178],[27.1792,57.7192],[27.1813,57.7189],[27.1825,57.7191],[27.1832,57.7198],[27.1829,57.721],[27.1854,57.7218],[27.1879,57.7216],[27.1885,57.722],[27.1912,57.7224],[27.1942,57.7223],[27.1961,57.723],[27.1972,57.7241],[27.1976,57.7243],[27.1976,57.7248],[27.1989,57.7254],[27.1983,57.7264],[27.1986,57.7265],[27.2006,57.727],[27.2008,57.7274],[27.2028,57.7283],[27.2037,57.729],[27.2039,57.73],[27.2066,57.7308],[27.2067,57.7308],[27.21,57.7323],[27.211,57.7329],[27.214,57.7333],[27.2153,57.734],[27.2176,57.7342],[27.2218,57.7336],[27.224,57.7333],[27.2251,57.7337],[27.2282,57.734],[27.2373,57.735],[27.2403,57.7347],[27.2422,57.7342],[27.2458,57.7341],[27.2489,57.7342],[27.2512,57.7345],[27.2529,57.7343],[27.2536,57.7338],[27.2552,57.7336],[27.2554,57.7328],[27.2601,57.7339],[27.2633,57.7343],[27.2655,57.7337],[27.2664,57.7339],[27.2665,57.7339],[27.2698,57.7333],[27.2734,57.7336],[27.2751,57.7331],[27.2775,57.7333],[27.2784,57.7336],[27.2796,57.7331],[27.2834,57.7329],[27.2872,57.7316],[27.2886,57.7309],[27.2914,57.7304],[27.2929,57.7308],[27.2949,57.73],[27.2998,57.7296],[27.3024,57.7318],[27.3043,57.7318],[27.3065,57.733],[27.3139,57.731],[27.3162,57.7303],[27.3181,57.7298],[27.3243,57.7268],[27.3307,57.7238],[27.3329,57.7227],[27.3327,57.7222],[27.3341,57.7207],[27.3353,57.7203],[27.3374,57.7202],[27.3389,57.7209],[27.34,57.7208],[27.343,57.7222],[27.3441,57.7222],[27.3462,57.7226],[27.3465,57.7242],[27.3477,57.7248],[27.3513,57.7255],[27.3552,57.7268],[27.3542,57.7279],[27.3522,57.729],[27.352,57.7296],[27.349,57.7304],[27.3488,57.7312],[27.351,57.7329],[27.3513,57.7336],[27.3527,57.7334],[27.3554,57.7324],[27.3543,57.7316],[27.3552,57.7307],[27.3567,57.7302],[27.3571,57.7292],[27.3585,57.7293],[27.36,57.73],[27.361,57.7318],[27.3611,57.732],[27.3602,57.7323],[27.3601,57.7329],[27.3576,57.7344],[27.3574,57.7356],[27.3565,57.7365],[27.3588,57.7374],[27.3589,57.7391],[27.3579,57.7398],[27.3578,57.7405],[27.3587,57.7415],[27.3585,57.7421],[27.3573,57.7422],[27.3555,57.7427],[27.3541,57.7426],[27.3532,57.7431],[27.3515,57.743],[27.3495,57.7419],[27.3494,57.7428],[27.3505,57.7438],[27.3503,57.7447],[27.3507,57.7448],[27.3509,57.7448],[27.3516,57.745],[27.3522,57.7458],[27.3517,57.7466],[27.3521,57.7477],[27.3531,57.748],[27.3548,57.7476],[27.3559,57.7485],[27.3545,57.7492],[27.353,57.75],[27.3535,57.7509],[27.3554,57.7512],[27.3544,57.752],[27.3547,57.7528],[27.3509,57.7536],[27.3508,57.7548],[27.3537,57.7564],[27.3526,57.7574],[27.3534,57.7579],[27.3558,57.7579],[27.3559,57.7588],[27.354,57.7597],[27.3547,57.7608],[27.3551,57.7623],[27.3574,57.7621],[27.3587,57.7613],[27.3596,57.7621],[27.3592,57.7627],[27.3572,57.7628],[27.3563,57.7639],[27.3581,57.7652],[27.3595,57.7657],[27.3627,57.7661],[27.3642,57.766],[27.3648,57.7652],[27.3668,57.7655],[27.3674,57.7669],[27.3656,57.7681],[27.3644,57.7678],[27.3623,57.7683],[27.3622,57.7687],[27.3639,57.7697],[27.3626,57.7703],[27.3642,57.7707],[27.3655,57.7701],[27.3681,57.77],[27.369,57.7704],[27.3691,57.7712],[27.37,57.7721],[27.3726,57.7719],[27.3716,57.7732],[27.3703,57.7737],[27.3702,57.7738],[27.3698,57.7743],[27.3674,57.7748],[27.3657,57.7744],[27.3656,57.7754],[27.3658,57.7759],[27.3682,57.7765],[27.369,57.777],[27.3721,57.7769],[27.3731,57.7775],[27.3725,57.7789],[27.3743,57.7797],[27.3745,57.7816],[27.3749,57.7825],[27.3736,57.7843],[27.3735,57.7853],[27.3716,57.7852],[27.3714,57.7862],[27.3718,57.7867],[27.3711,57.7878],[27.3687,57.7884],[27.3688,57.7893],[27.3676,57.7895],[27.3665,57.7902],[27.3666,57.7908],[27.3646,57.7908],[27.3639,57.7905],[27.3627,57.7903],[27.3607,57.7911],[27.3607,57.7922],[27.3618,57.7931],[27.3631,57.7931],[27.3633,57.7941],[27.3625,57.7944],[27.3593,57.7942],[27.3584,57.7952],[27.3596,57.7961],[27.3613,57.7971],[27.3611,57.798],[27.3593,57.7974],[27.3582,57.7979],[27.3573,57.7988],[27.357,57.8002],[27.3592,57.8007],[27.36,57.8013],[27.3585,57.8017],[27.3578,57.8022],[27.3586,57.8034],[27.357,57.8035],[27.3565,57.8043],[27.3571,57.8049],[27.3557,57.8052],[27.355,57.8067],[27.3554,57.8079],[27.3555,57.8081],[27.3539,57.8097],[27.3522,57.8102],[27.3493,57.8101],[27.3489,57.8106],[27.3497,57.8118],[27.3487,57.8122],[27.35,57.8134],[27.35,57.8143],[27.3509,57.8159],[27.3508,57.8171],[27.3526,57.8168],[27.3525,57.8176],[27.354,57.8173],[27.3547,57.8184],[27.3561,57.8185],[27.3575,57.8177],[27.3578,57.8195],[27.3573,57.8202],[27.3585,57.8212],[27.3595,57.821],[27.3604,57.8223],[27.3607,57.8226],[27.3619,57.8233],[27.3622,57.8239],[27.3637,57.8244],[27.3608,57.8249],[27.3621,57.8256],[27.3621,57.8262],[27.3646,57.8269],[27.3661,57.8279],[27.3675,57.8272],[27.3684,57.8275],[27.3702,57.8267],[27.3707,57.8279],[27.3722,57.8272],[27.3733,57.8287],[27.3747,57.8294],[27.3755,57.8305],[27.3746,57.831],[27.3742,57.8322],[27.3764,57.8321],[27.3769,57.8316],[27.3783,57.8327],[27.3775,57.8334],[27.3787,57.8343],[27.3794,57.8355],[27.3818,57.835],[27.3828,57.834],[27.3822,57.833],[27.3832,57.8321],[27.3869,57.8326],[27.3874,57.8343],[27.389,57.8338],[27.3893,57.8352],[27.3912,57.8351],[27.3925,57.8357],[27.394,57.8352],[27.3948,57.8356],[27.3955,57.8372],[27.3988,57.8372],[27.3995,57.8373],[27.3998,57.8375],[27.4001,57.8381],[27.4018,57.8379],[27.4037,57.8381],[27.405,57.8387],[27.407,57.8386],[27.4059,57.8377],[27.4103,57.8377],[27.4124,57.8384],[27.4144,57.8386],[27.4158,57.8394],[27.416,57.8401],[27.4161,57.8402],[27.4176,57.8406],[27.4188,57.8406],[27.4205,57.84],[27.421,57.84],[27.4228,57.8396],[27.4234,57.8398],[27.4257,57.8397],[27.4285,57.8382],[27.4313,57.8383],[27.4321,57.8388],[27.4338,57.8378],[27.4372,57.8378],[27.4386,57.8375],[27.4396,57.8376],[27.4402,57.8383],[27.4417,57.8386],[27.4423,57.8394],[27.4447,57.8385],[27.4465,57.8391],[27.4467,57.8383],[27.4479,57.8377],[27.4515,57.8374],[27.4532,57.8377],[27.4539,57.8367],[27.4557,57.8363],[27.4595,57.8363],[27.4598,57.837],[27.4614,57.8366],[27.4618,57.8358],[27.4638,57.8358],[27.4652,57.8343],[27.47,57.8345],[27.4715,57.8339],[27.4718,57.8349],[27.4711,57.8353],[27.4729,57.8359],[27.4745,57.8357],[27.4765,57.835],[27.4783,57.8354],[27.4791,57.8362],[27.4801,57.8361],[27.481,57.8348],[27.483,57.8349],[27.4847,57.8336],[27.4852,57.8335],[27.4864,57.8336],[27.487,57.8343],[27.4904,57.8343],[27.4911,57.8334],[27.4941,57.8324],[27.4946,57.8333],[27.4961,57.8331],[27.4973,57.8324],[27.4996,57.8318],[27.5016,57.8322],[27.5029,57.8314],[27.507,57.8313],[27.5086,57.8322],[27.5102,57.8323],[27.5114,57.8329],[27.5128,57.8316],[27.5165,57.8316],[27.5179,57.831],[27.5191,57.832],[27.5224,57.8313],[27.5242,57.8322],[27.5258,57.8324],[27.5265,57.8318],[27.5279,57.8318],[27.5303,57.8323],[27.5297,57.8313],[27.5317,57.8307],[27.5322,57.8317],[27.5344,57.832],[27.5347,57.832],[27.5374,57.8328],[27.5408,57.8334],[27.5416,57.8341],[27.5438,57.8333],[27.5447,57.8337],[27.5462,57.8332],[27.5463,57.8325],[27.5465,57.8319],[27.5491,57.8319]],[[27.6396,57.8404],[27.6394,57.8404]],[[27.7528,57.9018],[27.7519,57.901],[27.7508,57.8997],[27.7501,57.8996],[27.7493,57.8993],[27.7488,57.8991],[27.7477,57.8984],[27.7494,57.8972],[27.7492,57.8965],[27.7479,57.8961],[27.7465,57.896],[27.745,57.896],[27.7447,57.8945],[27.7442,57.8943],[27.7427,57.8945],[27.742,57.8935],[27.7403,57.8927],[27.7392,57.8907],[27.7361,57.8894],[27.7345,57.8895],[27.7346,57.8887],[27.7339,57.8882],[27.7318,57.889],[27.7303,57.8892],[27.7298,57.8884],[27.7309,57.8874],[27.7309,57.8865],[27.7292,57.8871],[27.7273,57.887],[27.7261,57.8847],[27.7257,57.8842],[27.7227,57.8824],[27.7221,57.8805],[27.7207,57.8798],[27.7215,57.8788],[27.7239,57.8784],[27.7233,57.8773],[27.7243,57.8753],[27.7229,57.8738],[27.7226,57.8726],[27.7213,57.8723],[27.7203,57.8713],[27.722,57.8708],[27.7207,57.8695],[27.7243,57.8683],[27.7244,57.8678],[27.7227,57.8668],[27.7235,57.8659],[27.7224,57.8646],[27.7225,57.8636],[27.7232,57.8625],[27.7204,57.8615],[27.7203,57.8594],[27.7187,57.8592],[27.7192,57.8582],[27.7189,57.8573],[27.7198,57.8566],[27.7188,57.8561],[27.7207,57.8554],[27.7195,57.8545],[27.7188,57.8533],[27.7191,57.8523],[27.7177,57.8514],[27.7161,57.8513],[27.7163,57.8505],[27.7151,57.8495],[27.7134,57.8496],[27.7123,57.848],[27.7106,57.847]],[[27.5303,57.8323],[27.5321,57.8322],[27.5322,57.8317]],[[27.3503,57.7447],[27.3504,57.745],[27.3516,57.745]],[[27.3995,57.8373],[27.3998,57.8375]],[[27.7257,57.8842],[27.7261,57.8847]]]},"properties":{"name":"Piusa jõgi"}},
{"type":"Feature","geometry":{"type":"LineString","coordinates":[[27.3259,57.5723],[27.3284,57.5713],[27.3284,57.571],[27.3305,57.5705],[27.3308,57.5688],[27.33,57.5682],[27.3307,57.5676],[27.3309,57.5666],[27.3326,57.5658],[27.3327,57.5648],[27.3302,57.5629],[27.3305,57.5613],[27.33,57.5607],[27.3303,57.5598],[27.3319,57.5598],[27.3331,57.5594],[27.3347,57.5595],[27.336,57.5585],[27.3358,57.5575],[27.3348,57.5567],[27.3367,57.5562],[27.3376,57.5534],[27.3366,57.553],[27.3359,57.5512],[27.3382,57.5499],[27.3369,57.5495],[27.3356,57.5485],[27.3365,57.5473],[27.3367,57.5459],[27.338,57.5455],[27.3384,57.5454],[27.3408,57.5454],[27.34,57.5445],[27.3422,57.5444],[27.3433,57.543],[27.3436,57.5431],[27.3435,57.5429],[27.3432,57.5422],[27.3443,57.541],[27.3436,57.5395],[27.345,57.539],[27.3444,57.5375],[27.3451,57.537],[27.3472,57.5365],[27.3473,57.5358],[27.3489,57.5353],[27.3492,57.5336],[27.3483,57.532],[27.3491,57.5308],[27.3461,57.53],[27.3475,57.5289],[27.3493,57.5284],[27.3501,57.5287],[27.3505,57.5269],[27.3499,57.5256],[27.3525,57.5257],[27.3529,57.5251],[27.352,57.5233],[27.351,57.5228],[27.3527,57.5217],[27.3515,57.5211],[27.3514,57.5201],[27.3519,57.5193],[27.3516,57.5182]]},"properties":{"name":"Pedetsi jõgi - Педедзе"}},
{"type":"Feature","geometry":{"type":"MultiLineString","coordinates":[[[24.7084,58.4207],[24.7115,58.4202],[24.7125,58.421],[24.7137,58.4205],[24.7171,58.4207],[24.7181,58.4213],[24.7202,58.421],[24.721,58.4219],[24.7221,58.4216],[24.7239,58.4218],[24.7253,58.4216],[24.727,58.4225],[24.7287,58.4221],[24.73,58.423],[24.7314,58.4226],[24.732,58.4226],[24.7336,58.4235],[24.7363,58.4242],[24.7401,58.4262],[24.7431,58.4268],[24.7436,58.4274],[24.746,58.4275],[24.7508,58.4291],[24.7522,58.4289],[24.7536,58.4297],[24.7569,58.4298],[24.7588,58.4303],[24.7619,58.4308],[24.7629,58.4312],[24.764,58.4312],[24.7656,58.4307],[24.7663,58.4311],[24.7703,58.431],[24.7709,58.4318],[24.7732,58.4318],[24.7762,58.4324],[24.7775,58.4335],[24.7789,58.4334],[24.7803,58.433],[24.7886,58.4339],[24.7909,58.4334],[24.7909,58.4333],[24.7945,58.432],[24.7952,58.4261],[24.7962,58.4256],[24.8013,58.4238],[24.8038,58.4233],[24.8154,58.4235],[24.8195,58.4217],[24.8229,58.4208],[24.824,58.4201],[24.8274,58.4191],[24.8286,58.4185],[24.8327,58.4155],[24.8335,58.4142],[24.8371,58.4136],[24.8403,58.4133],[24.8438,58.4141],[24.8456,58.4136],[24.8473,58.4137],[24.8506,58.4134],[24.8518,58.413],[24.8536,58.4136],[24.856,58.414],[24.8561,58.4141],[24.8568,58.4148],[24.8605,58.4165],[24.8635,58.4169],[24.8654,58.416],[24.8656,58.4159],[24.8684,58.4161],[24.8699,58.4149],[24.8698,58.4148],[24.8701,58.4141],[24.8716,58.4132],[24.8728,58.412],[24.8742,58.4097],[24.8764,58.4089],[24.8773,58.4083],[24.8797,58.4074],[24.8804,58.4044],[24.8809,58.4039],[24.881,58.4038],[24.8823,58.4029],[24.8903,58.3999],[24.9006,58.3958],[24.9046,58.3951],[24.9124,58.3951],[24.9142,58.3951],[24.918,58.3942],[24.9193,58.3933],[24.9226,58.3917],[24.9246,58.3914],[24.9258,58.3905],[24.9301,58.3898],[24.9321,58.3892],[24.9344,58.3872],[24.9382,58.3858],[24.9402,58.3846],[24.9409,58.3836],[24.9407,58.3827],[24.9384,58.3795],[24.9387,58.3786],[24.9428,58.3745],[24.9429,58.3734],[24.9446,58.3725],[24.9477,58.3722],[24.9499,58.3696],[24.9506,58.3681],[24.9541,58.3645],[24.9574,58.3615],[24.9627,58.357],[24.9629,58.3534],[24.9633,58.3505],[24.9576,58.3472],[24.9433,58.3392]],[[24.732,58.4226],[24.7314,58.4226]]]},"properties":{"name":"Kurina jõgi"}},
{"type":"Feature","geometry":{"type":"LineString","coordinates":[[26.6761,59.2412],[26.6792,59.2388],[26.6814,59.2336],[26.6814,59.2335],[26.6842,59.227],[26.6862,59.2257],[26.6902,59.2248],[26.6933,59.2235],[26.6935,59.2233],[26.694,59.2229],[26.6921,59.2197],[26.6913,59.2188],[26.6918,59.2177],[26.6945,59.213],[26.6904,59.2075],[26.6893,59.2063],[26.6904,59.2048],[26.6913,59.2044],[26.692,59.2031],[26.6918,59.2021],[26.6899,59.2008],[26.6903,59.2002],[26.6899,59.1984],[26.6932,59.1941],[26.6927,59.1929],[26.6903,59.1921],[26.6881,59.1892],[26.6887,59.188],[26.6982,59.1858],[26.6995,59.1851],[26.7019,59.1834],[26.702,59.1833],[26.7091,59.1783],[26.7092,59.1782],[26.7093,59.1781],[26.7099,59.1778],[26.7146,59.1729],[26.7147,59.1728],[26.7173,59.1701],[26.7126,59.1633],[26.7129,59.1611],[26.7138,59.1605],[26.7138,59.1591],[26.7137,59.159],[26.7137,59.157],[26.7142,59.1563],[26.7208,59.1559],[26.722,59.1537],[26.7269,59.1513],[26.7407,59.1443],[26.7454,59.142],[26.7456,59.1417]]},"properties":{"name":"Anguse jõgi"}},
{"type":"Feature","geometry":{"type":"MultiLineString","coordinates":[[[26.3536,58.4066],[26.3533,58.4064],[26.3508,58.4023],[26.3514,58.3979],[26.3533,58.387],[26.3553,58.3787],[26.3565,58.3767],[26.3575,58.375]],[[26.405,58.2333],[26.4005,58.2344],[26.3955,58.235],[26.3929,58.2356],[26.3906,58.2369],[26.3904,58.2371],[26.3816,58.2422],[26.3759,58.2467],[26.3699,58.2486],[26.3698,58.2486],[26.367,58.2497],[26.3553,58.2523],[26.3517,58.2519],[26.3481,58.2521],[26.3455,58.2538],[26.3419,58.2542],[26.34,58.2551],[26.3383,58.2563],[26.3371,58.2577],[26.3355,58.2578],[26.3337,58.2585],[26.3335,58.2585],[26.3322,58.2587],[26.3303,58.2594],[26.3297,58.26],[26.3252,58.2613],[26.3243,58.2618],[26.3227,58.2618],[26.3196,58.2623],[26.3181,58.2635],[26.3174,58.2654],[26.318,58.2659],[26.3175,58.2668],[26.3163,58.267],[26.314,58.2679],[26.3124,58.2681],[26.3108,58.2687],[26.3112,58.27],[26.3117,58.2728],[26.3104,58.2734],[26.3105,58.2735],[26.3113,58.2743],[26.3112,58.2752],[26.3127,58.2765],[26.3125,58.2769],[26.3127,58.278],[26.3137,58.2797],[26.3139,58.2807],[26.3143,58.2835],[26.313,58.2845],[26.3134,58.2866],[26.3154,58.2879],[26.3167,58.2881],[26.319,58.2896],[26.3191,58.29],[26.3208,58.2909],[26.3222,58.2922],[26.3248,58.2929],[26.3258,58.2938],[26.3259,58.2939],[26.3265,58.2945],[26.3287,58.2966],[26.3286,58.2978],[26.3307,58.299],[26.3316,58.3008],[26.3326,58.3015],[26.3351,58.3025],[26.3365,58.3034],[26.337,58.3052],[26.338,58.3059],[26.3369,58.3063],[26.3364,58.3079],[26.3378,58.3095],[26.3373,58.3099],[26.3376,58.3113],[26.3381,58.3129],[26.3396,58.3143],[26.341,58.3162],[26.3441,58.3178],[26.346,58.3196],[26.3494,58.3206],[26.35,58.3203],[26.3503,58.3204],[26.3513,58.321],[26.3529,58.321],[26.3548,58.3224],[26.3568,58.323],[26.3589,58.3229],[26.3593,58.3234],[26.3613,58.3242],[26.3629,58.3256],[26.3632,58.3261],[26.3654,58.3271],[26.3658,58.3277],[26.365,58.3286],[26.3653,58.3305],[26.366,58.3311],[26.3679,58.3328],[26.3689,58.3331],[26.3687,58.335],[26.3681,58.3367],[26.3669,58.3377],[26.3677,58.3384],[26.3671,58.3399],[26.3685,58.3401],[26.3682,58.3413],[26.3682,58.3414],[26.3703,58.3439],[26.369,58.3442],[26.3688,58.3456],[26.3694,58.3462],[26.3694,58.349],[26.3703,58.3494],[26.3689,58.35],[26.3688,58.3509],[26.368,58.3518],[26.3689,58.3553],[26.3687,58.3563],[26.3691,58.3573],[26.3678,58.3581],[26.3675,58.3603],[26.3688,58.3622],[26.3683,58.363],[26.3691,58.3633],[26.369,58.3645],[26.3662,58.3663],[26.3653,58.3673],[26.3638,58.3694],[26.3636,58.3704],[26.3585,58.3733],[26.3576,58.3749]]]},"properties":{"name":"Kavilda jõgi"}},
{"type":"Feature","geometry":{"type":"LineString","coordinates":[[24.6375,58.2839],[24.6401,58.2851],[24.6396,58.2863],[24.6417,58.2863],[24.6413,58.2874],[24.6429,58.2876],[24.6427,58.2885],[24.6441,58.2892],[24.6443,58.2899],[24.6465,58.2912],[24.6486,58.2919],[24.6502,58.2915],[24.651,58.292],[24.6526,58.2918],[24.6544,58.2924],[24.6561,58.292],[24.6593,58.2924],[24.6611,58.2933],[24.6622,58.2933],[24.6642,58.2908],[24.6656,58.2904],[24.6685,58.2911],[24.6687,58.2922],[24.6682,58.2941],[24.6674,58.2943],[24.6665,58.2955],[24.6679,58.2969],[24.6689,58.2978],[24.6672,58.2983],[24.6667,58.2999],[24.6686,58.3011],[24.6685,58.3016],[24.6707,58.3024],[24.6722,58.3023],[24.6738,58.3032],[24.6742,58.3039],[24.6756,58.3046],[24.6778,58.3054],[24.678,58.306],[24.6806,58.307],[24.6814,58.3078],[24.6816,58.3088],[24.6806,58.31],[24.6801,58.3114],[24.6811,58.3121],[24.6833,58.312],[24.6838,58.313],[24.683,58.3135],[24.6837,58.3151],[24.6826,58.3164],[24.6835,58.317],[24.6838,58.318],[24.683,58.3188],[24.6843,58.3204],[24.6826,58.3219],[24.6827,58.3225],[24.6827,58.3226],[24.6825,58.3234],[24.684,58.3253],[24.6827,58.326],[24.6844,58.3267],[24.6849,58.3275],[24.6875,58.3275],[24.689,58.3281],[24.6879,58.3295],[24.6888,58.3301],[24.6883,58.3306],[24.6907,58.3317],[24.6909,58.3332],[24.6902,58.334],[24.6899,58.3352],[24.6906,58.336],[24.6906,58.3369],[24.6916,58.3378],[24.6917,58.3388],[24.6909,58.3402],[24.6907,58.3407],[24.688,58.3424],[24.6878,58.3428],[24.6892,58.3461],[24.6878,58.3483],[24.6901,58.3519],[24.6898,58.3535],[24.6887,58.3542],[24.6886,58.356],[24.6902,58.357],[24.6929,58.3574],[24.6949,58.3588],[24.6966,58.359],[24.7007,58.3605],[24.7027,58.3618],[24.7028,58.3631],[24.7029,58.364],[24.7047,58.3647],[24.705,58.3664],[24.7083,58.3672],[24.709,58.3683],[24.7087,58.37],[24.7104,58.3712],[24.7113,58.3722],[24.7146,58.3737],[24.7204,58.3751],[24.7262,58.3751],[24.7305,58.3763],[24.7348,58.3768],[24.743,58.3787],[24.7449,58.3788],[24.7449,58.3789],[24.7447,58.3815],[24.745,58.3817],[24.7652,58.3864],[24.7655,58.3866],[24.7699,58.3959],[24.7747,58.3961],[24.775,58.3963],[24.7809,58.407],[24.7821,58.4096],[24.7898,58.4188]]},"properties":{"name":"Vaskjõgi"}},
{"type":"Feature","geometry":{"type":"MultiLineString","coordinates":[[[26.742,58.2665],[26.7405,58.2655],[26.7383,58.2645],[26.7381,58.2644],[26.7355,58.2647],[26.7342,58.264],[26.7335,58.2637],[26.7272,58.2624],[26.7256,58.2623],[26.7232,58.2615],[26.7209,58.2613],[26.7194,58.2618],[26.7192,58.2626],[26.7172,58.2624],[26.7158,58.2615],[26.7137,58.261],[26.7135,58.2605],[26.7107,58.2597],[26.7113,58.259],[26.7095,58.2573],[26.7056,58.2568],[26.7006,58.2569],[26.696,58.2568],[26.6941,58.257],[26.6923,58.2564],[26.6921,58.2549],[26.6908,58.2547],[26.6894,58.2535],[26.6878,58.2531],[26.6837,58.2537],[26.6811,58.2543],[26.6806,58.2544],[26.6792,58.2543],[26.6778,58.2547],[26.676,58.2541],[26.6735,58.2545],[26.6715,58.2545],[26.671,58.2549],[26.6693,58.2548],[26.6676,58.2543],[26.6658,58.2533],[26.6641,58.2531],[26.6606,58.2517],[26.6596,58.2517],[26.6586,58.2518],[26.6584,58.2519],[26.6573,58.2521],[26.6554,58.2515],[26.6557,58.2499],[26.6552,58.249],[26.6552,58.2489],[26.6526,58.2477],[26.6525,58.2476],[26.6519,58.2469],[26.6493,58.245],[26.649,58.2448],[26.6469,58.2445],[26.6435,58.2432],[26.6396,58.2419],[26.6367,58.2397],[26.6333,58.238],[26.6332,58.2379],[26.6286,58.2361],[26.6233,58.2347],[26.6199,58.2344],[26.6198,58.2344],[26.6176,58.2345],[26.6169,58.2334],[26.6021,58.2344]],[[26.6596,58.2517],[26.6606,58.2517]]]},"properties":{"name":"Tatra jõgi"}},
{"type":"Feature","geometry":{"type":"MultiLineString","coordinates":[[[27.1208,59.0477],[27.12,59.0493],[27.1203,59.0497],[27.1221,59.0502],[27.123,59.0525],[27.1225,59.0538],[27.1227,59.0548],[27.1239,59.0554],[27.1253,59.0554],[27.1258,59.0563],[27.1284,59.0568],[27.129,59.0573],[27.1282,59.0581],[27.1283,59.0589],[27.1303,59.0609],[27.1325,59.062],[27.1328,59.0628],[27.1346,59.063],[27.1354,59.065],[27.1365,59.0643],[27.1405,59.0666],[27.1422,59.0672],[27.1501,59.0688],[27.154,59.0688],[27.1565,59.0684],[27.1592,59.0691],[27.1615,59.0693],[27.1622,59.0699],[27.1647,59.0707],[27.1656,59.0716],[27.1682,59.0732],[27.1713,59.0754],[27.1727,59.076],[27.1744,59.0762],[27.1752,59.0769],[27.178,59.0778],[27.1794,59.078],[27.1803,59.0773],[27.1823,59.0776],[27.1825,59.0783],[27.1858,59.0779],[27.1865,59.0775],[27.1851,59.0763],[27.1859,59.075],[27.1885,59.0753],[27.1875,59.0761],[27.1892,59.0772],[27.1904,59.0768],[27.1924,59.0772],[27.1923,59.078],[27.191,59.0784],[27.1915,59.0789],[27.1936,59.0789],[27.1918,59.0799],[27.1927,59.0805],[27.1941,59.0805],[27.1953,59.0812],[27.1937,59.0824],[27.1937,59.083],[27.1949,59.0836],[27.1975,59.0842],[27.1985,59.0835],[27.2015,59.0843],[27.2031,59.0837],[27.2055,59.0837],[27.2054,59.0849],[27.2083,59.0861],[27.2095,59.0861],[27.2117,59.0868],[27.2165,59.0864],[27.2164,59.0877],[27.2202,59.0885],[27.2213,59.0897],[27.2235,59.0895],[27.2246,59.0902],[27.2256,59.0896],[27.2268,59.0899],[27.2261,59.0905],[27.227,59.0915],[27.2292,59.0919],[27.2293,59.0926],[27.2311,59.0929],[27.233,59.0938],[27.2347,59.0939],[27.2352,59.0944],[27.237,59.0946],[27.238,59.0943],[27.2381,59.0934],[27.2398,59.0932],[27.2409,59.0936],[27.2427,59.0951],[27.2434,59.0965],[27.2464,59.0984],[27.2479,59.0988],[27.2501,59.0993],[27.2579,59.0998],[27.261,59.0995],[27.2629,59.1004],[27.2645,59.1079],[27.2652,59.1084],[27.2673,59.1091],[27.2684,59.1091],[27.2711,59.1101],[27.2713,59.1111],[27.2731,59.1119],[27.2724,59.1129],[27.2729,59.1141],[27.2718,59.1147],[27.2724,59.1164],[27.2743,59.1168],[27.2764,59.1181],[27.2781,59.1183],[27.2793,59.1182],[27.2807,59.1173],[27.2881,59.1196],[27.29,59.1201],[27.2934,59.1208],[27.2953,59.1216],[27.2982,59.1217],[27.3014,59.1221],[27.3089,59.1247],[27.3114,59.1279],[27.3113,59.1293],[27.312,59.1307],[27.3121,59.1308],[27.3133,59.133],[27.3133,59.1351],[27.3202,59.1395],[27.3239,59.141],[27.3249,59.1419],[27.3274,59.1426],[27.3305,59.143],[27.3342,59.1444],[27.3364,59.1454],[27.3411,59.1461],[27.3447,59.146],[27.3484,59.1467],[27.3477,59.1498],[27.3483,59.1515],[27.3464,59.152],[27.3453,59.1527],[27.3449,59.1536],[27.3449,59.1561],[27.3464,59.1573],[27.3462,59.1587],[27.3466,59.1592],[27.3487,59.1597],[27.3528,59.159],[27.353,59.159],[27.3553,59.1588],[27.3559,59.1589],[27.3605,59.1599],[27.3624,59.1612],[27.3627,59.1624],[27.3616,59.1634],[27.3625,59.1646],[27.3616,59.1655],[27.3617,59.1661],[27.3617,59.1662],[27.3617,59.1666],[27.3593,59.169],[27.3586,59.1707],[27.3586,59.1722],[27.3601,59.1734],[27.3581,59.1751],[27.3582,59.1759],[27.3571,59.1771],[27.3579,59.1779],[27.3601,59.1784],[27.3602,59.1797],[27.3605,59.1803],[27.3602,59.1825],[27.3595,59.1828],[27.3584,59.1826],[27.3587,59.1823],[27.3588,59.18],[27.3595,59.1796],[27.3596,59.1802],[27.3595,59.1828]],[[27.1044,59.0215],[27.1046,59.0205],[27.1074,59.0193],[27.1084,59.018],[27.1112,59.0181],[27.1127,59.0189],[27.116,59.0175],[27.115,59.0171],[27.1163,59.0156],[27.1207,59.0142],[27.1229,59.0142],[27.1236,59.0135],[27.1248,59.0135],[27.1251,59.0144],[27.1246,59.0159],[27.1256,59.0162],[27.1282,59.0149],[27.1289,59.0141],[27.1316,59.0126],[27.1348,59.0115],[27.1372,59.0124],[27.1396,59.0123],[27.141,59.0146],[27.1425,59.0147],[27.1434,59.0127],[27.1428,59.0113],[27.1431,59.0105],[27.1447,59.01],[27.147,59.0101],[27.1497,59.0097],[27.1508,59.0107],[27.152,59.0108],[27.1522,59.0098],[27.1537,59.0085],[27.1554,59.0084],[27.1571,59.0091],[27.1581,59.0089],[27.1582,59.0076],[27.1573,59.0067],[27.1539,59.0051],[27.155,59.0047],[27.1586,59.0054],[27.159,59.0046],[27.158,59.004],[27.1587,59.0035],[27.1606,59.0039],[27.1632,59.0039],[27.1636,59.0031],[27.162,59.0021],[27.1597,59.0016],[27.1614,58.9999],[27.1641,59.0001],[27.1662,58.9993],[27.167,59.0002],[27.1679,59.0003],[27.1685,58.999],[27.1708,58.9982],[27.1677,58.9964],[27.1657,58.9963],[27.164,58.9969],[27.1621,58.9961],[27.1614,58.9949],[27.1624,58.9925],[27.1625,58.9915],[27.1653,58.9903],[27.167,58.9906],[27.1677,58.9913],[27.1689,58.9907],[27.1685,58.9895],[27.1713,58.9891],[27.1757,58.9892],[27.1773,58.9894],[27.1792,58.9891],[27.1798,58.9884],[27.1795,58.9876],[27.1811,58.9863],[27.1822,58.9844],[27.1846,58.9834],[27.1841,58.9826],[27.1787,58.9818],[27.1767,58.981],[27.1772,58.9792]],[[27.3581,59.2382],[27.3584,59.2365],[27.3576,59.2354],[27.3582,59.2319],[27.3646,59.2276],[27.3689,59.2267],[27.3683,59.225],[27.368,59.2226],[27.369,59.2213],[27.371,59.2207],[27.3719,59.2176],[27.3745,59.216],[27.3744,59.2158],[27.3744,59.2157],[27.3742,59.2143],[27.3741,59.2141],[27.3732,59.2127],[27.369,59.2101],[27.3687,59.2084],[27.3674,59.2081]],[[27.3652,59.2015],[27.3655,59.2009],[27.3649,59.1993],[27.3651,59.1982],[27.3666,59.1984],[27.3674,59.1962],[27.3669,59.1956],[27.3648,59.1955],[27.3626,59.1951],[27.3622,59.1938],[27.3581,59.1925],[27.357,59.1917],[27.357,59.1905],[27.3544,59.1885],[27.3552,59.1878],[27.3548,59.187],[27.3524,59.1863],[27.3532,59.1856],[27.3519,59.185],[27.3533,59.1837],[27.3556,59.1831],[27.3584,59.1826]],[[27.3638,59.2019],[27.3629,59.2029],[27.3642,59.2035],[27.3656,59.2047],[27.3656,59.206],[27.3682,59.2069],[27.3672,59.208]],[[27.3595,59.1796],[27.3602,59.1797]]]},"properties":{"name":"Rannapungerja jõgi"}},
{"type":"Feature","geometry":{"type":"MultiLineString","coordinates":[[[27.2479,59.0988],[27.2479,59.0992],[27.2454,59.1009],[27.2412,59.1026],[27.2405,59.1033],[27.237,59.1098],[27.2365,59.1156],[27.2343,59.1153],[27.2324,59.1159],[27.2298,59.1157],[27.2281,59.1161],[27.2252,59.1164],[27.2265,59.1185],[27.2264,59.1186],[27.2262,59.1199],[27.2238,59.1195],[27.2209,59.1202],[27.221,59.1215],[27.22,59.1229],[27.2169,59.1253],[27.216,59.1255],[27.2127,59.1272],[27.2114,59.1272],[27.207,59.1244],[27.2044,59.1243],[27.2016,59.1264],[27.2011,59.1272],[27.1975,59.1278],[27.1962,59.1279],[27.1942,59.1286],[27.192,59.1283],[27.1903,59.1285],[27.188,59.1329],[27.1879,59.133],[27.1841,59.14],[27.1843,59.1406],[27.1842,59.1418],[27.185,59.1426],[27.1866,59.1451],[27.1889,59.1461],[27.1915,59.1485],[27.192,59.1507],[27.1919,59.152],[27.189,59.1538],[27.1854,59.1568],[27.1827,59.1582],[27.1837,59.1603],[27.1837,59.1611],[27.1837,59.1612],[27.1837,59.1617],[27.1837,59.1619],[27.1837,59.1624],[27.1837,59.1632],[27.1838,59.1637],[27.184,59.1644],[27.1834,59.1658],[27.1858,59.1672],[27.187,59.1674],[27.2071,59.1682],[27.215,59.1684],[27.2155,59.1685],[27.22,59.1717],[27.22,59.1718],[27.221,59.1756],[27.2328,59.1831],[27.2356,59.1864],[27.2386,59.1884],[27.2404,59.1902],[27.2405,59.1909],[27.2405,59.191],[27.2403,59.1926],[27.2406,59.1935],[27.2403,59.1947],[27.2411,59.1958],[27.2422,59.1966],[27.2423,59.1967],[27.2465,59.2],[27.2509,59.203],[27.2528,59.2041],[27.2531,59.2065],[27.2541,59.2078],[27.2584,59.2122],[27.2589,59.2135],[27.2626,59.22],[27.2629,59.2204],[27.263,59.2205],[27.2689,59.2277],[27.269,59.2277],[27.2695,59.2284],[27.2682,59.2365],[27.2695,59.2383],[27.2697,59.2385],[27.2708,59.2389],[27.2711,59.2391],[27.2762,59.2411],[27.2763,59.2411],[27.2782,59.2418],[27.2822,59.2418],[27.2824,59.2418],[27.2847,59.2427],[27.286,59.2427],[27.2862,59.2437],[27.2862,59.2438],[27.2864,59.2451],[27.2865,59.2452],[27.2869,59.2482]],[[27.1838,59.1637],[27.1837,59.1632]],[[27.1837,59.1624],[27.1837,59.1619]],[[27.1837,59.1617],[27.1837,59.1612]],[[27.1837,59.1611],[27.1837,59.1603]],[[27.1889,59.1461],[27.1843,59.1406]]]},"properties":{"name":"Mäetaguse jõgi"}},
{"type":"Feature","geometry":{"type":"MultiLineString","coordinates":[[[24.3091,58.7205],[24.3083,58.7195],[24.3086,58.7183],[24.3124,58.7165],[24.3149,58.7158],[24.3172,58.7142],[24.3193,58.7138],[24.3225,58.7118],[24.3259,58.7105],[24.3284,58.7104],[24.3302,58.7098],[24.3317,58.7105],[24.3321,58.7116],[24.3339,58.7123],[24.3364,58.7122],[24.3373,58.7134],[24.3404,58.7136],[24.3421,58.7133],[24.3441,58.7124],[24.3479,58.7138],[24.3496,58.7138],[24.3507,58.7131],[24.3496,58.7113],[24.3499,58.7109],[24.3521,58.7105],[24.3543,58.7115],[24.3573,58.7105],[24.3597,58.7105],[24.362,58.7109],[24.3631,58.7108],[24.3649,58.71],[24.3667,58.7102],[24.3677,58.7097],[24.37,58.7102],[24.3707,58.7098],[24.3739,58.7102],[24.3755,58.7102],[24.3766,58.7092],[24.3775,58.7098],[24.3804,58.7097],[24.3807,58.7088],[24.3841,58.7085],[24.3856,58.708],[24.3887,58.7081],[24.3894,58.7069],[24.3916,58.7072],[24.3919,58.7067],[24.39,58.7058],[24.3931,58.7052],[24.3941,58.704],[24.3936,58.7033],[24.3951,58.7028],[24.3967,58.703],[24.3976,58.702],[24.3993,58.7017],[24.4004,58.7021],[24.4019,58.7017],[24.403,58.7019],[24.4046,58.7015],[24.4079,58.7013],[24.4102,58.7017],[24.4111,58.7013],[24.412,58.7025],[24.413,58.7027],[24.4134,58.7016],[24.4117,58.7007],[24.4124,58.7002],[24.4142,58.7005],[24.4146,58.7012],[24.4161,58.7011],[24.4162,58.7001],[24.4184,58.7],[24.4193,58.6997],[24.4209,58.7003],[24.4223,58.6997],[24.4216,58.6991],[24.4235,58.6987],[24.4257,58.6994],[24.4266,58.6992],[24.4269,58.698],[24.4281,58.698],[24.4291,58.6987],[24.4303,58.6988],[24.4321,58.6977],[24.4336,58.6975],[24.4354,58.6977],[24.4364,58.6968],[24.4388,58.6968],[24.4394,58.696],[24.4417,58.6957],[24.4427,58.695],[24.4458,58.6945],[24.447,58.694],[24.4484,58.6945],[24.4507,58.6933],[24.452,58.6935],[24.4536,58.6932],[24.4541,58.6926],[24.4575,58.6922],[24.4595,58.6915],[24.4625,58.691],[24.4663,58.6913],[24.4673,58.6916],[24.4686,58.6913],[24.4691,58.6907],[24.4705,58.6903],[24.4726,58.6903],[24.4735,58.6898],[24.4753,58.6909],[24.4774,58.6912],[24.4792,58.6919],[24.4923,58.6914],[24.4937,58.691],[24.497,58.687],[24.4976,58.6865],[24.4994,58.6867],[24.5008,58.686],[24.503,58.6856],[24.5084,58.6854],[24.5095,58.6856],[24.5102,58.6864],[24.513,58.6864],[24.5131,58.6863],[24.5158,58.6858],[24.5171,58.6862],[24.5203,58.6844],[24.5223,58.6844],[24.5255,58.6849],[24.5264,58.6839],[24.5284,58.6832],[24.5296,58.6822],[24.5321,58.679],[24.5322,58.6777],[24.5338,58.6761],[24.536,58.6744],[24.5405,58.6741],[24.5419,58.6733],[24.5426,58.6725],[24.5427,58.6707],[24.543,58.67],[24.5493,58.6675],[24.5564,58.6657],[24.5607,58.6649],[24.5632,58.664],[24.5689,58.6636],[24.5702,58.6629],[24.5714,58.6616],[24.5718,58.6598],[24.574,58.6583],[24.5802,58.6577],[24.5897,58.6544],[24.5993,58.6509],[24.608,58.6503],[24.6097,58.6501],[24.6134,58.6501],[24.6166,58.6505],[24.6168,58.6505],[24.6187,58.651],[24.6197,58.6518],[24.6216,58.6521],[24.6244,58.6519],[24.6292,58.6512],[24.6443,58.6521],[24.6459,58.6519],[24.6481,58.6506],[24.6515,58.6491],[24.6567,58.6477],[24.6576,58.6476],[24.6578,58.6476],[24.6599,58.6482],[24.6615,58.6503],[24.6626,58.6523],[24.6635,58.6527],[24.6629,58.6535],[24.6617,58.6537],[24.6587,58.6553],[24.656,58.656],[24.6541,58.6575],[24.6542,58.6594],[24.6555,58.6609],[24.6547,58.6628],[24.6559,58.6654],[24.6558,58.6662],[24.6559,58.6663],[24.6558,58.6683],[24.6577,58.67],[24.6585,58.6715],[24.6603,58.673],[24.6599,58.6736],[24.6613,58.6741],[24.6619,58.6747],[24.6633,58.6752],[24.6644,58.6769],[24.6637,58.6775],[24.661,58.6777],[24.6593,58.6782],[24.657,58.6801],[24.6565,58.6827],[24.6559,58.6834],[24.6546,58.6841],[24.6548,58.6855],[24.6561,58.6867],[24.6572,58.6871],[24.6568,58.6879],[24.6579,58.6889],[24.6648,58.69],[24.6666,58.6899],[24.6703,58.6907]],[[24.4193,58.6997],[24.4184,58.7]]]},"properties":{"name":"Enge jõgi"}},
{"type":"Feature","geometry":{"type":"MultiLineString","coordinates":[[[23.6635,58.9722],[23.6645,58.972],[23.6664,58.9705],[23.667,58.9697],[23.6695,58.9684],[23.6738,58.9671],[23.6758,58.9663],[23.679,58.9667],[23.6806,58.9673],[23.681,58.9684],[23.683,58.9693],[23.6864,58.9699],[23.6924,58.9687],[23.6942,58.9687],[23.6958,58.9681],[23.6982,58.9683],[23.6991,58.9676],[23.7008,58.967],[23.7037,58.9665],[23.7069,58.9668],[23.7084,58.9675],[23.7108,58.9678],[23.7209,58.966],[23.7277,58.9656],[23.7301,58.965],[23.733,58.9637],[23.7384,58.9619],[23.7414,58.9598],[23.7432,58.9584],[23.7442,58.958],[23.7475,58.9579],[23.7492,58.9587],[23.7505,58.9589],[23.753,58.9585],[23.7532,58.9579],[23.7546,58.9578],[23.757,58.9564],[23.7602,58.9575],[23.7612,58.9574],[23.7651,58.9577],[23.7655,58.9589],[23.7665,58.9593],[23.7711,58.9601],[23.7727,58.9609],[23.7741,58.9626],[23.7745,58.9635],[23.7737,58.9642],[23.7748,58.965],[23.776,58.9652],[23.7783,58.9649],[23.7784,58.965],[23.7793,58.9654],[23.78,58.9679],[23.7821,58.9747],[23.7822,58.9754],[23.784,58.976],[23.7843,58.9764],[23.7818,58.9779],[23.7815,58.9784],[23.7792,58.9796],[23.7788,58.981],[23.7795,58.9832],[23.7806,58.9854],[23.7838,58.9869],[23.7874,58.9875],[23.7947,58.9886],[23.7949,58.9886],[23.8088,58.9907],[23.8124,58.9912],[23.8145,58.9905],[23.8189,58.9897],[23.8196,58.989],[23.8236,58.9875],[23.8236,58.9869],[23.8256,58.9863],[23.8272,58.9867],[23.8283,58.9865],[23.8294,58.9857],[23.8291,58.9851],[23.8317,58.9833],[23.8328,58.9831],[23.8342,58.9835],[23.8351,58.9843],[23.8361,58.9837],[23.8374,58.9841],[23.8416,58.9838],[23.8432,58.9836],[23.8445,58.9828],[23.8463,58.9828],[23.8456,58.9818],[23.8503,58.98],[23.8493,58.9782],[23.8592,58.9752],[23.8608,58.9752],[23.8643,58.9737],[23.8684,58.973],[23.8697,58.9731],[23.8719,58.9727],[23.8726,58.9736],[23.8749,58.9738],[23.8749,58.9739],[23.8763,58.9744],[23.8782,58.9745],[23.8799,58.974],[23.8807,58.9746],[23.8826,58.9744],[23.8834,58.9752],[23.885,58.9758],[23.8863,58.9756],[23.888,58.9761],[23.8896,58.9758],[23.8901,58.9758],[23.8918,58.9757],[23.8923,58.9746],[23.8915,58.9735],[23.89,58.9731],[23.8924,58.9722],[23.8925,58.9719],[23.8945,58.9717],[23.8961,58.9705],[23.8963,58.9704],[23.8974,58.9698],[23.8991,58.967],[23.9004,58.9654],[23.9013,58.9643],[23.9048,58.9638],[23.9095,58.959],[23.9107,58.9583],[23.9239,58.9579],[23.9264,58.9585],[23.9298,58.9595],[23.9307,58.9594],[23.9353,58.9578],[23.9409,58.9569],[23.9522,58.9597],[23.9548,58.9604],[23.9709,58.9638],[23.9789,58.9654]],[[23.8361,58.9837],[23.8342,58.9835]]]},"properties":{"name":"Taebla jõgi"}},
{"type":"Feature","geometry":{"type":"MultiLineString","coordinates":[[[25.0376,59.1175],[25.0366,59.1184],[25.0351,59.119],[25.0349,59.1206],[25.0353,59.1216],[25.0328,59.1233],[25.0317,59.1256],[25.0288,59.1266],[25.0282,59.128],[25.0268,59.1283],[25.0253,59.1294],[25.0237,59.1298],[25.0231,59.1307],[25.021,59.1309],[25.0199,59.1323],[25.0189,59.1322],[25.0174,59.1331],[25.0167,59.1344],[25.0169,59.1351],[25.0146,59.1365],[25.0146,59.1374],[25.0154,59.1379],[25.0139,59.1384],[25.0137,59.139],[25.0146,59.1398],[25.0144,59.1408],[25.0126,59.1423],[25.0112,59.1423],[25.0091,59.1433],[25.0098,59.1459],[25.0091,59.1468],[24.9947,59.1519],[24.9896,59.1536],[24.9826,59.1587],[24.9824,59.1588],[24.9792,59.1611],[24.9765,59.164],[24.9717,59.1661],[24.9688,59.1676],[24.9641,59.1715],[24.964,59.1716],[24.957,59.1774],[24.9569,59.1783],[24.9569,59.1784],[24.9562,59.1813],[24.9499,59.1859],[24.9481,59.1867],[24.9472,59.1882],[24.9481,59.1903],[24.9495,59.1911],[24.9525,59.1918],[24.9531,59.1924],[24.9551,59.1931],[24.9553,59.1941],[24.9572,59.1943],[24.9566,59.1952],[24.9571,59.196],[24.9552,59.1973],[24.9562,59.1979],[24.9557,59.1998],[24.9537,59.2],[24.9509,59.2012],[24.9536,59.2031],[24.9537,59.2033],[24.9537,59.204],[24.9541,59.2057],[24.9549,59.206],[24.9544,59.207],[24.9562,59.2079],[24.9572,59.2079],[24.9612,59.2092],[24.9619,59.2098],[24.9615,59.2142],[24.9616,59.2158],[24.9644,59.2164],[24.9671,59.2177],[24.9685,59.2192],[24.969,59.2202],[24.9687,59.2211],[24.9668,59.2226],[24.9669,59.2234],[24.966,59.2238],[24.9654,59.2253],[24.9655,59.2254],[24.9658,59.2256],[24.9659,59.2259],[24.9657,59.2271],[24.9625,59.2286],[24.9623,59.2305],[24.9647,59.2317],[24.9669,59.2324],[24.9669,59.2336],[24.9661,59.234],[24.9633,59.2343],[24.9618,59.2364],[24.9532,59.2403],[24.9545,59.2499],[24.955,59.2513]],[[24.9691,59.2008],[24.9694,59.2014],[24.9683,59.2025],[24.9686,59.2031],[24.9683,59.2054],[24.9684,59.2054],[24.97,59.2059],[24.9681,59.2075],[24.9677,59.2095],[24.9692,59.2094],[24.969,59.2104],[24.969,59.211],[24.968,59.212],[24.9684,59.2128],[24.9666,59.214],[24.9664,59.2145],[24.9644,59.2164]],[[24.9658,59.2256],[24.9659,59.2259]]]},"properties":{"name":"Tuhala jõgi"}},
{"type":"Feature","geometry":{"type":"LineString","coordinates":[[26.5829,57.5392],[26.582,57.5406],[26.5803,57.5415],[26.5804,57.5425],[26.5824,57.5424],[26.5831,57.5428],[26.5825,57.5437],[26.5813,57.5444],[26.5812,57.5455],[26.5788,57.5457],[26.5794,57.5466],[26.5818,57.547],[26.5806,57.5484],[26.5825,57.5489],[26.5812,57.5494],[26.5768,57.5485],[26.5745,57.5492],[26.5738,57.55],[26.5724,57.5493],[26.5709,57.5497],[26.5683,57.5511],[26.5674,57.5511],[26.5656,57.5498],[26.569,57.5497],[26.5684,57.5491],[26.5639,57.549],[26.5602,57.5501],[26.5588,57.5507],[26.561,57.5518],[26.5611,57.553],[26.5602,57.5534],[26.5571,57.5532],[26.5544,57.552],[26.5524,57.5524],[26.5524,57.5533],[26.5514,57.5535],[26.5499,57.5524],[26.5499,57.551],[26.5471,57.5518],[26.5464,57.5528],[26.544,57.553],[26.5468,57.5546],[26.5477,57.5556],[26.5459,57.556],[26.5435,57.5546],[26.5424,57.5547],[26.542,57.5556],[26.5426,57.5572],[26.5398,57.5576],[26.5392,57.5573],[26.5389,57.556],[26.5378,57.5554],[26.5358,57.5556],[26.534,57.5579],[26.5365,57.5584],[26.5372,57.5598],[26.5405,57.5607],[26.5408,57.562],[26.5393,57.5625],[26.5375,57.5616],[26.5369,57.562],[26.5375,57.563],[26.5371,57.5644],[26.5342,57.5654],[26.5326,57.5647],[26.5292,57.564],[26.5262,57.563],[26.5248,57.5642],[26.5263,57.5651],[26.5261,57.5665],[26.528,57.5671],[26.5275,57.5683],[26.5253,57.5692],[26.5262,57.5696],[26.5284,57.5699],[26.5284,57.5707],[26.527,57.5712],[26.5266,57.5721],[26.5252,57.5732],[26.5232,57.5733],[26.5214,57.5729],[26.519,57.5734],[26.5177,57.5744],[26.5143,57.5742],[26.5138,57.5734],[26.5127,57.5729],[26.5077,57.5728],[26.5056,57.5736],[26.5047,57.5747],[26.5024,57.5758],[26.5027,57.5767],[26.5038,57.5776],[26.5015,57.5788],[26.5013,57.5794],[26.4991,57.5805],[26.4981,57.5804],[26.4982,57.5816],[26.5021,57.5834],[26.5025,57.584],[26.5009,57.5846],[26.4966,57.5854],[26.4955,57.5849],[26.4944,57.5851],[26.4933,57.5862],[26.4935,57.5867],[26.4966,57.5886],[26.4979,57.589],[26.4991,57.5904],[26.5013,57.5918],[26.5024,57.5912],[26.5044,57.5911],[26.5059,57.5917],[26.5046,57.5922],[26.5036,57.5919],[26.5021,57.5928],[26.5049,57.5934],[26.5028,57.594],[26.5023,57.5947],[26.5007,57.5952]]},"properties":{"name":"Peetri jõgi"}},
{"type":"Feature","geometry":{"type":"MultiLineString","coordinates":[[[26.3852,58.1164],[26.3845,58.1148],[26.3848,58.1143],[26.3838,58.113],[26.3837,58.1121],[26.3838,58.1111],[26.3839,58.1111]],[[26.4066,58.0609],[26.4073,58.0625],[26.4105,58.0637],[26.4102,58.064],[26.412,58.065],[26.4111,58.0654],[26.4121,58.067],[26.4112,58.0685],[26.4113,58.0697],[26.4101,58.0707],[26.411,58.0718],[26.4105,58.073],[26.4114,58.0741],[26.4126,58.0746],[26.4123,58.0756],[26.4128,58.0765],[26.4129,58.0782],[26.4142,58.0793],[26.4144,58.0794],[26.4159,58.0804],[26.4168,58.0824],[26.4162,58.083],[26.4166,58.0841],[26.4164,58.0859],[26.4141,58.0867],[26.4137,58.0874],[26.4104,58.0885],[26.4086,58.0906],[26.4067,58.0908],[26.405,58.0925],[26.4032,58.0933],[26.4025,58.0949],[26.4017,58.0955],[26.3999,58.0963],[26.3998,58.0964],[26.3985,58.0985],[26.3976,58.0991],[26.3976,58.1003],[26.3969,58.1012],[26.3946,58.1016],[26.3929,58.1024],[26.3919,58.1036]],[[26.3881,58.1059],[26.388,58.106],[26.3871,58.1066],[26.3865,58.1093],[26.3855,58.1098]]]},"properties":{"name":"Palu jõgi"}},
{"type":"Feature","geometry":{"type":"MultiLineString","coordinates":[[[24.5299,58.7869],[24.5294,58.7855],[24.5301,58.7849],[24.5329,58.7851],[24.5345,58.7849],[24.5361,58.7842],[24.5398,58.7854],[24.5428,58.7854],[24.5461,58.7849],[24.5488,58.7842],[24.5501,58.7834],[24.5561,58.7807],[24.5575,58.7804],[24.5596,58.7807],[24.5611,58.7814],[24.562,58.7812],[24.5628,58.78],[24.5645,58.7796],[24.5671,58.7798],[24.5705,58.7795],[24.5715,58.7775],[24.5721,58.7772],[24.5745,58.7769],[24.5759,58.776],[24.5797,58.7755],[24.5847,58.774],[24.5841,58.7729],[24.5842,58.7719],[24.5827,58.7711],[24.5831,58.7702],[24.5849,58.7697],[24.5884,58.7684],[24.5909,58.7682],[24.593,58.7685],[24.5947,58.7663],[24.5937,58.7645],[24.5944,58.7616],[24.5924,58.7609],[24.5899,58.7609],[24.5904,58.7584],[24.5898,58.7581],[24.588,58.7583],[24.5864,58.7576],[24.5876,58.756],[24.5857,58.7554],[24.5856,58.7548],[24.5856,58.7546],[24.5875,58.7539],[24.5869,58.7531],[24.5871,58.7523],[24.5862,58.7518],[24.587,58.7514],[24.5859,58.7504],[24.5851,58.7483],[24.5865,58.7482],[24.5887,58.7468],[24.5889,58.7461],[24.5927,58.7461],[24.5926,58.7467],[24.594,58.7477],[24.5957,58.7474],[24.5987,58.7478],[24.602,58.7481],[24.6056,58.7489],[24.6065,58.7483],[24.6085,58.7484],[24.6089,58.7485],[24.6097,58.7492],[24.611,58.7488],[24.6158,58.7493],[24.6193,58.7513],[24.62,58.752],[24.6216,58.7516],[24.6225,58.7527],[24.6247,58.7526],[24.6256,58.7535],[24.6272,58.7532],[24.629,58.7536],[24.6277,58.7542],[24.6279,58.7547],[24.6297,58.7548],[24.6304,58.7542],[24.6331,58.7534],[24.6353,58.7541],[24.6358,58.7534],[24.6372,58.7537],[24.6394,58.7535],[24.6393,58.7527],[24.6425,58.7533],[24.6429,58.7523],[24.6442,58.7522],[24.6448,58.7515],[24.6466,58.7519],[24.6487,58.7517],[24.6507,58.7506],[24.6521,58.751],[24.6534,58.75],[24.655,58.7497],[24.6558,58.75],[24.6595,58.75],[24.6601,58.7512],[24.662,58.7511],[24.6639,58.7519],[24.6649,58.7527],[24.667,58.7536],[24.6698,58.7533],[24.6694,58.7542],[24.672,58.7551],[24.6753,58.7556],[24.6755,58.756],[24.6773,58.7568],[24.6785,58.7558],[24.68,58.7557],[24.6824,58.7561],[24.6842,58.7553],[24.6829,58.7548],[24.684,58.7537],[24.6841,58.7536],[24.6852,58.7533],[24.685,58.7523],[24.6878,58.7518],[24.6883,58.7511],[24.6904,58.7503],[24.6901,58.7497],[24.6943,58.7484],[24.6945,58.7477],[24.6962,58.7465],[24.6985,58.7465],[24.7035,58.7452],[24.7048,58.7456],[24.7069,58.7453],[24.7081,58.7445],[24.7099,58.7445],[24.7121,58.7441],[24.7134,58.7446],[24.7168,58.745],[24.719,58.7455],[24.7212,58.7466],[24.7242,58.7479],[24.7255,58.7482],[24.727,58.7491],[24.7336,58.7496],[24.7356,58.7514],[24.737,58.7543],[24.7351,58.7559],[24.7353,58.7578],[24.7354,58.7579],[24.7368,58.7587],[24.7367,58.7588],[24.7344,58.762],[24.7346,58.7633],[24.7368,58.7645],[24.7375,58.7659],[24.7384,58.7664],[24.7416,58.7665],[24.7429,58.7677],[24.7435,58.7692],[24.7451,58.7698],[24.7465,58.7699],[24.7478,58.7707],[24.7492,58.7711],[24.7513,58.7709],[24.7545,58.7713],[24.7601,58.7705],[24.7614,58.7699],[24.768,58.7707],[24.7705,58.7716],[24.772,58.7727],[24.7725,58.7733],[24.7744,58.7747],[24.7763,58.7771],[24.7764,58.7772],[24.7772,58.7778],[24.7817,58.7798],[24.7824,58.7806],[24.7922,58.7835],[24.7942,58.7849],[24.794,58.7859],[24.7959,58.7869],[24.7973,58.7869],[24.7975,58.7869],[24.8009,58.7872],[24.803,58.7878],[24.8083,58.7888],[24.8107,58.7875],[24.8141,58.786],[24.8188,58.786],[24.8195,58.7856],[24.8223,58.7857],[24.8236,58.786]],[[24.6089,58.7485],[24.6085,58.7484]]]},"properties":{"name":"Nurtu jõgi"}},
{"type":"Feature","geometry":{"type":"MultiLineString","coordinates":[[[23.8257,58.6455],[23.826,58.646],[23.8249,58.6458],[23.8221,58.6439],[23.8206,58.6438],[23.8196,58.6429],[23.8196,58.6426],[23.819,58.6406],[23.8194,58.6378],[23.8205,58.6363],[23.82,58.6359],[23.8209,58.6347],[23.8209,58.6326],[23.8216,58.6319],[23.8198,58.6311],[23.82,58.63],[23.8203,58.6294],[23.8197,58.6275],[23.822,58.627],[23.8232,58.6264],[23.8234,58.625],[23.825,58.624],[23.8241,58.6232],[23.8232,58.6217],[23.8221,58.6215],[23.8212,58.6203],[23.8216,58.6199],[23.8217,58.6197],[23.8213,58.6194],[23.8177,58.6177],[23.8173,58.6172],[23.8166,58.6155],[23.8192,58.6106],[23.8199,58.6083],[23.8234,58.6044],[23.8236,58.5994],[23.8228,58.598],[23.8345,58.5875],[23.8376,58.5779],[23.8377,58.5779],[23.8378,58.5779],[23.8548,58.5793],[23.8534,58.5814]],[[23.7574,58.7432],[23.7576,58.7428],[23.7585,58.7353],[23.7583,58.7314],[23.7575,58.7298],[23.7573,58.7286],[23.755,58.7278],[23.7542,58.7271],[23.7539,58.7257],[23.7543,58.725],[23.7532,58.7237],[23.7507,58.7234],[23.7492,58.7218],[23.7463,58.7203],[23.7448,58.7174],[23.7448,58.7163],[23.7458,58.7152],[23.7474,58.7145],[23.7479,58.7133],[23.7501,58.7119],[23.7487,58.7112],[23.7479,58.7096],[23.7497,58.7082],[23.7504,58.7066],[23.7517,58.7057],[23.7514,58.7051],[23.7537,58.7028],[23.7535,58.7021],[23.7554,58.7014],[23.7572,58.6997],[23.7571,58.6991],[23.7593,58.6983],[23.7622,58.698],[23.7623,58.6971],[23.7638,58.6974],[23.7648,58.6964],[23.768,58.6951],[23.7682,58.6941],[23.7702,58.6932],[23.7709,58.6923],[23.7695,58.6895],[23.7702,58.6887],[23.7716,58.689],[23.7727,58.6884],[23.7738,58.6866],[23.7751,58.6854],[23.7763,58.6851],[23.7761,58.6837],[23.7779,58.6817],[23.7795,58.6811],[23.7788,58.6803],[23.7787,58.6793],[23.78,58.6786],[23.7804,58.6781],[23.7823,58.6775],[23.7841,58.676],[23.785,58.6743],[23.7868,58.6737],[23.7879,58.6729],[23.7893,58.6693],[23.7908,58.6691],[23.7922,58.6672],[23.7948,58.6669],[23.7965,58.6662],[23.8004,58.6642],[23.8037,58.6631],[23.8059,58.6622],[23.8066,58.6614],[23.8086,58.6614],[23.8101,58.6605],[23.8131,58.6598],[23.8147,58.659],[23.8166,58.6588],[23.8208,58.6577],[23.8222,58.6569],[23.8229,58.6555],[23.8249,58.6543],[23.8245,58.6535],[23.8256,58.653],[23.8256,58.6522],[23.8267,58.6507],[23.8283,58.6503],[23.8287,58.6493],[23.8278,58.6477],[23.826,58.646]],[[23.8213,58.6194],[23.8217,58.6197]],[[23.8216,58.6199],[23.8212,58.6203]],[[23.8196,58.6426],[23.8196,58.6429]]]},"properties":{"name":"Tuudi jõgi"}},
{"type":"Feature","geometry":{"type":"MultiLineString","coordinates":[[[26.1194,58.9394],[26.12,58.9404],[26.1162,58.9428],[26.1102,58.9502],[26.1109,58.9507],[26.111,58.9507],[26.1131,58.9519],[26.1121,58.9556],[26.1107,58.9565],[26.1117,58.9575],[26.1112,58.9589],[26.1077,58.9597],[26.1064,58.9608],[26.1074,58.964],[26.1133,58.966],[26.1129,58.9676],[26.1113,58.9678],[26.0987,58.9733],[26.0986,58.9734],[26.0925,58.9761],[26.0924,58.9775],[26.0938,58.9781]],[[26.0962,58.9789],[26.0961,58.9798]],[[26.0939,58.9784],[26.0945,58.9783],[26.0962,58.9788]]]},"properties":{"name":"Vahu jõgi"}},
{"type":"Feature","geometry":{"type":"LineString","coordinates":[[25.541,59.5243],[25.5427,59.5231],[25.5449,59.5223],[25.5465,59.522],[25.5454,59.5211],[25.5471,59.5198],[25.5469,59.5191],[25.5504,59.519],[25.5532,59.5192],[25.5532,59.5196],[25.5544,59.5189],[25.5549,59.5175],[25.5561,59.5171],[25.5584,59.5176],[25.5628,59.5175],[25.5636,59.5171],[25.5662,59.5168],[25.5683,59.5158],[25.569,59.5162],[25.5707,59.5152],[25.5727,59.5136],[25.5729,59.5126],[25.5746,59.5125],[25.5746,59.5117],[25.5736,59.5101],[25.5728,59.5103],[25.5716,59.509],[25.5712,59.5076],[25.5729,59.5082],[25.5752,59.5081],[25.5762,59.5085],[25.5771,59.5079],[25.5785,59.5083],[25.5802,59.508],[25.5826,59.5093],[25.5844,59.509],[25.5927,59.5107],[25.5947,59.5097],[25.5948,59.5086],[25.5965,59.508],[25.5988,59.5084],[25.6017,59.5104],[25.6014,59.5116],[25.6036,59.5119],[25.6051,59.5127],[25.6067,59.5131],[25.6097,59.5157],[25.6116,59.5163],[25.6111,59.5176],[25.6123,59.5178],[25.6134,59.519],[25.6157,59.5198],[25.6174,59.52],[25.6189,59.5208],[25.6183,59.522],[25.6204,59.5226],[25.6215,59.5225],[25.6242,59.5213],[25.6412,59.5146],[25.6417,59.5145],[25.6419,59.5117],[25.6411,59.51],[25.6396,59.5098],[25.6377,59.5089],[25.6374,59.508],[25.6384,59.5071],[25.6397,59.5069],[25.6409,59.5072],[25.6471,59.5062],[25.6485,59.5057],[25.649,59.5051],[25.6511,59.5047],[25.6512,59.504],[25.6529,59.503],[25.6553,59.502],[25.6559,59.5013],[25.6572,59.501],[25.6572,59.5001],[25.6599,59.4994],[25.6606,59.4986],[25.6611,59.4983],[25.6612,59.4983],[25.662,59.4979],[25.664,59.4976],[25.6643,59.4969],[25.6666,59.4966],[25.6701,59.4969],[25.6747,59.4972],[25.675,59.4968],[25.6782,59.497],[25.6808,59.4963],[25.6825,59.4955],[25.6834,59.4932],[25.6833,59.4921],[25.685,59.4912],[25.6868,59.4907],[25.6873,59.4893],[25.6887,59.4891],[25.6892,59.4884],[25.6887,59.487],[25.6858,59.4858],[25.6871,59.4848],[25.6895,59.484],[25.6893,59.4825],[25.6892,59.4824],[25.6898,59.481],[25.6935,59.4805],[25.693,59.4795],[25.695,59.4792],[25.696,59.4795],[25.6975,59.4788],[25.6976,59.4777],[25.6971,59.4765]]},"properties":{"name":"Pudisoo jõgi"}},
{"type":"Feature","geometry":{"type":"LineString","coordinates":[[27.7458,59.1422],[27.7457,59.1424],[27.7648,59.1577],[27.7643,59.1584],[27.7661,59.1595],[27.767,59.1598],[27.7672,59.1607],[27.7686,59.1611],[27.7683,59.1617],[27.7694,59.1621],[27.7707,59.1637],[27.7699,59.1641],[27.7709,59.1649],[27.7695,59.1658],[27.7715,59.1665],[27.7724,59.1676],[27.7746,59.1691],[27.7757,59.1688],[27.7777,59.1689],[27.7804,59.1707],[27.784,59.1718],[27.7889,59.1724],[27.7893,59.1732],[27.7906,59.1729],[27.7907,59.1745],[27.7926,59.1754],[27.7941,59.1758],[27.7958,59.1758],[27.7966,59.1752],[27.7967,59.1752],[27.7969,59.1752],[27.7981,59.1746],[27.7995,59.1737],[27.8014,59.1742],[27.8031,59.1737],[27.8038,59.1731],[27.8055,59.1741],[27.8085,59.1739],[27.8102,59.174],[27.814,59.1749],[27.8169,59.1743],[27.8184,59.1751],[27.8192,59.1746],[27.8207,59.175],[27.8225,59.1745],[27.824,59.1753],[27.8253,59.1747],[27.8269,59.175],[27.8284,59.1737],[27.8293,59.1739],[27.83,59.1748],[27.8318,59.1752],[27.8322,59.1756],[27.8313,59.1764],[27.8313,59.1775],[27.832,59.1778],[27.8344,59.1775],[27.8361,59.1778],[27.8379,59.1775],[27.8396,59.178],[27.8413,59.1776],[27.8421,59.1766],[27.846,59.1753],[27.8495,59.1733],[27.8503,59.1732],[27.853,59.1738],[27.8565,59.1735],[27.8571,59.1727],[27.86,59.1718],[27.8631,59.1712]]},"properties":{"name":"Poruni jõgi"}},
{"type":"Feature","geometry":{"type":"MultiLineString","coordinates":[[[25.2427,59.0452],[25.2404,59.0462],[25.2403,59.0462],[25.24,59.0464],[25.2399,59.0464],[25.2373,59.0476],[25.2387,59.049],[25.241,59.0496],[25.2399,59.0506],[25.2409,59.051],[25.2411,59.0524],[25.2409,59.0567],[25.2409,59.0568],[25.2411,59.0583],[25.2405,59.0594],[25.2376,59.06],[25.2363,59.0597],[25.2361,59.0597],[25.2317,59.0625],[25.2316,59.0626],[25.2295,59.0648],[25.2338,59.0705],[25.2372,59.0744],[25.2373,59.0745],[25.2389,59.0762],[25.2427,59.0774],[25.2417,59.0798],[25.2398,59.0819],[25.2389,59.0822],[25.2388,59.0822],[25.2378,59.083],[25.2358,59.0834],[25.2323,59.0836],[25.2299,59.0848],[25.2288,59.0851],[25.2253,59.0853],[25.2229,59.0862],[25.2228,59.0863],[25.2222,59.0865],[25.2192,59.0897],[25.2181,59.0914],[25.216,59.0925],[25.213,59.0933],[25.2128,59.0938],[25.2137,59.0956],[25.2125,59.0966],[25.2111,59.0973],[25.2093,59.0974],[25.2085,59.0992],[25.2085,59.0993],[25.2088,59.1],[25.2084,59.1012],[25.2036,59.1022],[25.1974,59.1042],[25.1965,59.1047],[25.1964,59.1049],[25.1967,59.1055],[25.1989,59.1068],[25.1988,59.1076],[25.2,59.1084],[25.1996,59.1095],[25.2009,59.1102],[25.2007,59.1112],[25.1991,59.112],[25.1993,59.1124],[25.1996,59.1127],[25.2011,59.1141],[25.2007,59.1169],[25.2017,59.1175],[25.2018,59.1176],[25.2012,59.1187],[25.2019,59.1192],[25.2017,59.1202],[25.2036,59.1202],[25.2048,59.1208],[25.2042,59.1222],[25.2052,59.1225],[25.2057,59.1234],[25.2051,59.124],[25.204,59.1265],[25.204,59.1276],[25.2024,59.1283],[25.2008,59.1277],[25.1988,59.1283],[25.1994,59.1289],[25.1998,59.131],[25.1982,59.1322],[25.1992,59.1331],[25.1984,59.1336],[25.1984,59.1337],[25.1957,59.1348],[25.195,59.1356],[25.1931,59.1355],[25.1916,59.136],[25.1906,59.1374],[25.1888,59.1382],[25.1865,59.1379],[25.1851,59.1381],[25.1844,59.1376],[25.1819,59.1374],[25.18,59.138],[25.1771,59.1371],[25.1741,59.1369],[25.1705,59.1375],[25.1676,59.1376],[25.1654,59.1372],[25.1632,59.1377],[25.1618,59.1371],[25.1603,59.137],[25.1577,59.1375],[25.1577,59.1381],[25.1556,59.1389],[25.1562,59.1395],[25.1559,59.1406],[25.1509,59.1395],[25.1497,59.1397],[25.1498,59.1413],[25.1477,59.1408],[25.1453,59.1397],[25.143,59.1397],[25.1405,59.1403],[25.1407,59.1412],[25.1392,59.1417],[25.141,59.143],[25.1398,59.1462],[25.1395,59.1477],[25.1406,59.1482],[25.1393,59.1494],[25.1375,59.1494],[25.136,59.1499],[25.1339,59.1501],[25.1334,59.1504],[25.1311,59.1511],[25.1316,59.1519],[25.1299,59.1535],[25.1281,59.1536],[25.1287,59.1544],[25.1289,59.1557],[25.1306,59.1564],[25.1305,59.1576],[25.1282,59.1583],[25.1287,59.1597],[25.1281,59.16],[25.129,59.1609],[25.1302,59.1609],[25.1313,59.162],[25.1309,59.1627],[25.1287,59.1631],[25.1278,59.1649],[25.1275,59.1659],[25.1267,59.1664],[25.1266,59.1682],[25.1255,59.17],[25.1235,59.1709],[25.1232,59.1728],[25.1212,59.1724],[25.1206,59.1734],[25.1159,59.1724],[25.1162,59.1736],[25.114,59.174],[25.1125,59.1734],[25.1109,59.1738],[25.1099,59.1747],[25.1083,59.1749],[25.1073,59.1755],[25.1051,59.1755],[25.1049,59.1768],[25.1032,59.1761],[25.1014,59.1764],[25.1013,59.177],[25.0999,59.1771],[25.0993,59.1764],[25.0985,59.1769],[25.0975,59.1791],[25.0978,59.1797],[25.0962,59.1808],[25.098,59.1817],[25.0985,59.1828],[25.1028,59.1829],[25.1032,59.1835],[25.1028,59.1855],[25.1028,59.1867],[25.1027,59.1869],[25.103,59.1877],[25.1048,59.1891],[25.1059,59.1896],[25.1055,59.1903],[25.1039,59.1903],[25.1017,59.1914],[25.1001,59.1909],[25.0991,59.1912],[25.0994,59.1933],[25.0986,59.1939],[25.0981,59.1954],[25.0969,59.1958],[25.0973,59.1967],[25.0966,59.1983],[25.0965,59.1996],[25.097,59.2],[25.0956,59.2013],[25.0962,59.203],[25.0944,59.2034],[25.0954,59.2059],[25.0931,59.2064],[25.093,59.2071],[25.0913,59.2075],[25.0912,59.2081]],[[25.1993,59.1124],[25.1996,59.1127]],[[25.1339,59.1501],[25.1334,59.1504]]]},"properties":{"name":"Kuivajõgi"}},
{"type":"Feature","geometry":{"type":"MultiLineString","coordinates":[[[27.5344,59.4273],[27.5338,59.4258],[27.5332,59.4255],[27.5307,59.4232],[27.5293,59.4234],[27.5288,59.4226],[27.5288,59.421],[27.528,59.4208],[27.5277,59.4195],[27.5262,59.4192],[27.525,59.4184],[27.5263,59.4176],[27.5258,59.4167],[27.5243,59.4164],[27.5232,59.4156],[27.5244,59.4149],[27.5244,59.4133],[27.5262,59.4123],[27.5279,59.4125],[27.5298,59.4131],[27.5306,59.413],[27.5315,59.4117],[27.533,59.4117],[27.5329,59.4104],[27.5339,59.4101],[27.5355,59.4111],[27.5381,59.4104],[27.5376,59.4097],[27.5355,59.4099],[27.5354,59.4092],[27.5366,59.4086],[27.5327,59.408],[27.5343,59.4074],[27.5325,59.4071],[27.5317,59.4061],[27.5334,59.4047],[27.5359,59.4039],[27.5364,59.4031],[27.5401,59.4028],[27.5427,59.4014],[27.5432,59.4009],[27.5458,59.401],[27.5468,59.399],[27.5451,59.3992],[27.5452,59.3981],[27.5446,59.3977],[27.543,59.3981],[27.5426,59.3975],[27.5437,59.3967],[27.5456,59.3965],[27.547,59.3951],[27.5473,59.3932],[27.5505,59.3908],[27.5523,59.3901],[27.5543,59.3891],[27.5555,59.3889],[27.5576,59.3892],[27.5588,59.3884],[27.5561,59.3871],[27.5564,59.3856],[27.5575,59.3852],[27.5581,59.3842],[27.558,59.3831],[27.557,59.3823],[27.5563,59.38],[27.5537,59.3804],[27.5525,59.3803],[27.5528,59.3794],[27.5505,59.3788],[27.5491,59.3789],[27.5509,59.3773],[27.5502,59.3769],[27.5491,59.3777],[27.5474,59.3783],[27.5457,59.3777],[27.5429,59.3778],[27.542,59.3771],[27.539,59.3763],[27.5374,59.3764],[27.5363,59.3758],[27.535,59.3739],[27.5328,59.3742],[27.5326,59.3752],[27.5304,59.3753],[27.5295,59.3746],[27.5273,59.3736],[27.5234,59.3732],[27.5228,59.3738],[27.5213,59.374],[27.5165,59.3726],[27.5136,59.3719],[27.5111,59.3727],[27.5094,59.3736],[27.5061,59.3736],[27.505,59.3744],[27.5041,59.3743],[27.5009,59.3743],[27.4996,59.3748],[27.4947,59.3752],[27.4937,59.3758],[27.4919,59.3753],[27.4897,59.3757],[27.4883,59.375],[27.4866,59.3751],[27.4846,59.374],[27.4802,59.3728],[27.4794,59.3718],[27.479,59.3697],[27.4776,59.3694],[27.473,59.3671],[27.473,59.367],[27.4712,59.3663],[27.4701,59.3665],[27.4671,59.3649],[27.4662,59.3652],[27.4623,59.3642],[27.4605,59.3631],[27.4605,59.3628],[27.4563,59.3611],[27.4546,59.3615],[27.4525,59.3618],[27.4515,59.3619],[27.4513,59.3619],[27.4508,59.362],[27.4502,59.3623],[27.4497,59.3624],[27.4485,59.3634],[27.4486,59.3643],[27.4487,59.3645],[27.4488,59.3647],[27.4488,59.3648],[27.4496,59.3654],[27.4492,59.3672],[27.4504,59.3684],[27.449,59.3692],[27.4485,59.3707],[27.4463,59.3712],[27.4451,59.3728],[27.4434,59.3728],[27.4428,59.3734],[27.44,59.3736],[27.4371,59.3745],[27.4355,59.3755],[27.4329,59.3756],[27.4294,59.3765],[27.4269,59.3776],[27.425,59.3775],[27.4231,59.3792],[27.421,59.3794],[27.4204,59.3791],[27.4176,59.3787],[27.4173,59.3787]],[[22.3439,58.241],[22.3325,58.2386],[22.3287,58.2377],[22.3185,58.2368],[22.3163,58.237],[22.3069,58.2397],[22.3022,58.2443],[22.2977,58.2507],[22.2898,58.262],[22.2868,58.2666],[22.2825,58.2733],[22.2822,58.274],[22.2795,58.2749],[22.2791,58.2756],[22.2766,58.2775],[22.2766,58.2781],[22.2737,58.2796],[22.2713,58.2794],[22.27,58.2805],[22.2702,58.2812],[22.2694,58.2823],[22.2685,58.2824],[22.2683,58.2824],[22.2668,58.2819],[22.2632,58.2824],[22.2618,58.2818],[22.2598,58.2823],[22.2563,58.2826],[22.2557,58.2824],[22.2527,58.2831],[22.2518,58.2836],[22.2473,58.285],[22.2457,58.2856],[22.2421,58.2883],[22.2396,58.2897],[22.239,58.2905],[22.2394,58.2911],[22.2388,58.2922],[22.2375,58.293],[22.2354,58.293],[22.2314,58.2926],[22.2294,58.2931],[22.2284,58.2938],[22.2267,58.2941],[22.224,58.2958],[22.2219,58.2964],[22.2189,58.2987],[22.2144,58.3004],[22.2136,58.3009],[22.2089,58.3013],[22.2071,58.3011],[22.2036,58.3007],[22.2025,58.303],[22.1993,58.3042],[22.1977,58.3057],[22.1937,58.309],[22.1926,58.3096],[22.1901,58.3118],[22.1888,58.3114],[22.1874,58.3117],[22.1862,58.3114],[22.1855,58.3121],[22.1855,58.3131],[22.1854,58.3131],[22.1822,58.312],[22.1786,58.3109],[22.1771,58.31],[22.1771,58.3095],[22.1719,58.3084],[22.1597,58.3104],[22.158,58.3104],[22.1582,58.3111],[22.1574,58.3116],[22.154,58.3133]],[[27.4502,59.3623],[27.4508,59.362]]]},"properties":{"name":"Pühajõgi"}},
{"type":"Feature","geometry":{"type":"MultiLineString","coordinates":[[[26.9527,58.8468],[26.9475,58.8469],[26.9439,58.8464],[26.9417,58.8469],[26.94,58.847],[26.9382,58.8476],[26.9371,58.8474],[26.9366,58.8468],[26.9337,58.8473],[26.9323,58.8464],[26.9307,58.8467],[26.9293,58.8475],[26.9285,58.8484],[26.9256,58.8484],[26.9246,58.8472],[26.9237,58.8476],[26.922,58.8471],[26.9196,58.8476],[26.9157,58.8474],[26.9148,58.8459],[26.9131,58.846],[26.912,58.8468],[26.9038,58.8467],[26.905,58.8444],[26.9039,58.8444],[26.9035,58.8436],[26.9028,58.8434],[26.9007,58.8419],[26.8989,58.8427],[26.8982,58.8407],[26.8957,58.8403],[26.895,58.8398],[26.8941,58.838],[26.8907,58.8373],[26.8899,58.8378],[26.8874,58.8378],[26.887,58.8367],[26.8854,58.8366],[26.8843,58.8359],[26.8843,58.8351],[26.8826,58.8348],[26.8801,58.8331],[26.8778,58.8332],[26.8774,58.8336],[26.8755,58.8333],[26.8729,58.8348],[26.8733,58.8357],[26.8719,58.8363],[26.872,58.8373],[26.8715,58.8382],[26.8687,58.8399],[26.8688,58.8403],[26.8715,58.8406],[26.8705,58.8422],[26.8657,58.8429],[26.8648,58.8435],[26.8643,58.8447],[26.8662,58.8453],[26.8659,58.8456],[26.863,58.8457],[26.8622,58.8462],[26.8606,58.8463],[26.8598,58.8467],[26.8604,58.8477],[26.8598,58.8485],[26.8604,58.8494],[26.8598,58.8499],[26.8579,58.8499],[26.857,58.8505],[26.8572,58.8513],[26.8564,58.8525],[26.8546,58.8527],[26.8506,58.8521],[26.8478,58.8523],[26.8473,58.8515],[26.8463,58.851],[26.8451,58.8512],[26.8446,58.8519],[26.8428,58.8528],[26.842,58.8544],[26.8402,58.8561],[26.8421,58.8579],[26.8414,58.8589],[26.8402,58.8588],[26.839,58.858],[26.8369,58.858],[26.8362,58.859],[26.835,58.8582],[26.8335,58.8589],[26.8321,58.8574],[26.8335,58.8571],[26.833,58.8556],[26.8315,58.856],[26.8275,58.8559],[26.8268,58.8545],[26.8255,58.8544],[26.8246,58.8545],[26.824,58.8555],[26.8226,58.8552],[26.8219,58.856],[26.8223,58.8574],[26.821,58.8578],[26.8176,58.8584],[26.8163,58.8584],[26.8148,58.8591],[26.8158,58.8602],[26.8155,58.8608],[26.814,58.861],[26.8129,58.8615],[26.8138,58.8626],[26.8167,58.8625],[26.8168,58.8631],[26.8154,58.8637],[26.8151,58.8644],[26.8132,58.8652],[26.8138,58.8659],[26.808,58.8673],[26.8039,58.8674],[26.8022,58.8678],[26.7998,58.8665],[26.7967,58.8658],[26.7953,58.8648],[26.7949,58.8649],[26.7945,58.8652],[26.7925,58.8657],[26.7919,58.8659],[26.7909,58.8662],[26.7898,58.8665],[26.7897,58.8668],[26.7879,58.8669],[26.7866,58.8681],[26.7854,58.8682],[26.7842,58.8676],[26.7828,58.8679],[26.7814,58.8692],[26.7806,58.8689],[26.7778,58.8692],[26.7773,58.8697],[26.778,58.8715],[26.7767,58.8716],[26.7752,58.8711],[26.7732,58.8717],[26.7737,58.873],[26.771,58.873],[26.7703,58.8738],[26.7714,58.874],[26.7726,58.8748],[26.7718,58.8758],[26.7729,58.8761],[26.7731,58.8771],[26.7694,58.8781],[26.7676,58.8783],[26.7659,58.879],[26.7644,58.879],[26.765,58.8805],[26.7608,58.8804],[26.7589,58.8798],[26.7576,58.8799],[26.7572,58.8799],[26.7569,58.8801],[26.7572,58.88],[26.7572,58.8799]],[[26.7152,58.9409],[26.7158,58.9393],[26.7249,58.94],[26.7256,58.9377],[26.7267,58.934],[26.7309,58.9344],[26.7321,58.9338],[26.7336,58.9313],[26.7347,58.9294],[26.7353,58.9291],[26.7354,58.9277],[26.7329,58.9268],[26.7317,58.926],[26.7318,58.9249],[26.7306,58.9239],[26.7317,58.9231],[26.7306,58.9223],[26.7308,58.9212],[26.7311,58.921],[26.7312,58.9201],[26.7305,58.9196],[26.7309,58.9192],[26.7315,58.9189],[26.7323,58.9178],[26.7325,58.9177],[26.7337,58.917],[26.733,58.9156],[26.7337,58.9153],[26.7347,58.9153],[26.7371,58.9153],[26.7374,58.9149],[26.7375,58.9149],[26.7367,58.9141],[26.7381,58.9137],[26.7387,58.9131],[26.7375,58.9126],[26.7376,58.9119],[26.738,58.9116],[26.7388,58.9107],[26.7389,58.9087],[26.7379,58.9077],[26.7387,58.9064],[26.7405,58.9056],[26.7407,58.9056],[26.7421,58.905],[26.7408,58.9038],[26.7411,58.9017],[26.7406,58.9014],[26.7408,58.9002],[26.7418,58.8992],[26.7418,58.899],[26.7429,58.8985],[26.7433,58.8972],[26.7436,58.8963],[26.7434,58.8964],[26.7436,58.896],[26.7437,58.8956],[26.7438,58.8952],[26.7436,58.8952],[26.7436,58.895],[26.7438,58.895],[26.7444,58.8941],[26.7456,58.8933],[26.7449,58.8925],[26.7454,58.8921],[26.7444,58.8913],[26.7447,58.8904],[26.7458,58.8892],[26.7467,58.8887],[26.7468,58.8886],[26.7469,58.8885],[26.7471,58.8884],[26.7476,58.8879],[26.7479,58.8874],[26.7479,58.8872],[26.7476,58.887],[26.7481,58.887],[26.7487,58.8867],[26.7489,58.8865],[26.7487,58.8865],[26.7484,58.8861],[26.7487,58.8857],[26.7488,58.8858],[26.7492,58.8855],[26.7493,58.8854],[26.7494,58.8851],[26.7496,58.8836],[26.7512,58.8838],[26.7515,58.883],[26.7526,58.8829],[26.7525,58.8825],[26.7529,58.8827],[26.7526,58.8824],[26.7529,58.8819],[26.7536,58.8819],[26.7539,58.882],[26.7548,58.8813],[26.7549,58.881],[26.7552,58.8812],[26.7548,58.8808],[26.7551,58.8802],[26.7569,58.8801]],[[26.9028,58.8434],[26.9035,58.8436]],[[26.7572,58.88],[26.7576,58.8799]],[[26.7897,58.8668],[26.7902,58.867],[26.7898,58.8665]],[[26.7909,58.8662],[26.7901,58.8659],[26.7901,58.8656],[26.7919,58.8659]],[[26.7945,58.8652],[26.7949,58.8649]],[[26.7325,58.9177],[26.7337,58.917]],[[26.7458,58.8892],[26.7463,58.8885],[26.7468,58.8886]],[[26.7433,58.8972],[26.7434,58.8964]],[[26.7437,58.8951],[26.7436,58.895]],[[26.7405,58.9056],[26.7407,58.9056]],[[26.7469,58.8885],[26.7481,58.8886],[26.7476,58.8879]],[[26.7525,58.8825],[26.7526,58.8824]],[[26.7479,58.8872],[26.7481,58.887]],[[26.7471,58.8884],[26.7465,58.8879],[26.7479,58.8874]],[[26.7487,58.8867],[26.7487,58.8865]],[[26.7309,58.9192],[26.7315,58.9189]],[[26.7467,58.8887],[26.7463,58.8885]],[[26.7484,58.8861],[26.7488,58.8858]],[[26.7437,58.8956],[26.7436,58.8952]],[[26.7487,58.8857],[26.7492,58.8855]],[[26.7549,58.881],[26.7548,58.8808]],[[26.7438,58.8952],[26.7437,58.8951],[26.7438,58.895]],[[26.7526,58.8829],[26.7529,58.8827]],[[26.7548,58.8813],[26.7552,58.8812]],[[26.7493,58.8854],[26.7494,58.8851]],[[26.7308,58.9212],[26.7311,58.921]],[[26.7536,58.8819],[26.7539,58.882]],[[26.7436,58.8963],[26.7436,58.896]],[[26.7376,58.9119],[26.738,58.9116]]]},"properties":{"name":"Mustvee jõgi"}},
{"type":"Feature","geometry":{"type":"MultiLineString","coordinates":[[[24.4031,57.9665],[24.4048,57.9666],[24.4074,57.9665],[24.4077,57.9665],[24.4108,57.9661],[24.4134,57.9663],[24.4156,57.9659],[24.4185,57.9662],[24.421,57.9659],[24.4239,57.9659],[24.4271,57.9639],[24.429,57.964],[24.4313,57.9643],[24.4333,57.9642],[24.4336,57.9638],[24.4358,57.9641],[24.4365,57.9645],[24.4385,57.9647],[24.4427,57.9656],[24.4436,57.9653],[24.4459,57.9661],[24.4471,57.9661],[24.4474,57.966],[24.4486,57.9662],[24.4494,57.9672],[24.4524,57.9673],[24.4586,57.9666],[24.4602,57.9669],[24.4639,57.9673],[24.4685,57.9671],[24.4697,57.9673],[24.4699,57.9673],[24.4721,57.9688],[24.4775,57.97],[24.4793,57.9698],[24.4804,57.9692],[24.4806,57.9684],[24.4824,57.9688],[24.4831,57.9681],[24.4865,57.9677],[24.4886,57.9682],[24.4897,57.9682],[24.4908,57.9673],[24.4922,57.9673],[24.4938,57.9658],[24.4988,57.9625],[24.4998,57.9616],[24.5098,57.9598],[24.5101,57.959],[24.5128,57.9583],[24.5128,57.9577],[24.5148,57.9578],[24.5183,57.9575],[24.5184,57.9574],[24.5199,57.957],[24.5208,57.9573],[24.5219,57.9569],[24.5229,57.9577],[24.5259,57.9578],[24.5265,57.9567],[24.5306,57.957],[24.531,57.9569],[24.5328,57.9563],[24.5331,57.9555],[24.5329,57.9553],[24.5328,57.9548],[24.5331,57.9546],[24.5349,57.954],[24.5356,57.9532],[24.5392,57.9522],[24.542,57.9515],[24.5438,57.9515],[24.544,57.9515],[24.5469,57.9513],[24.5469,57.9522],[24.5502,57.9525],[24.5533,57.9534],[24.556,57.9539],[24.5574,57.9533],[24.5586,57.9532],[24.5583,57.9524],[24.5606,57.9522],[24.562,57.9527],[24.5618,57.9533],[24.5636,57.9539],[24.5662,57.9544],[24.5679,57.9552],[24.57,57.9551],[24.5706,57.9553],[24.5715,57.9556],[24.5706,57.9553]],[[24.6472,57.9949],[24.6353,57.9936],[24.6351,57.9936],[24.6221,57.9922],[24.6219,57.9922],[24.6165,57.9916],[24.6153,57.99],[24.6153,57.9899],[24.6162,57.9869],[24.6146,57.9866],[24.6128,57.9856],[24.6131,57.984],[24.6084,57.9811],[24.6061,57.9788],[24.6057,57.9779],[24.6062,57.9769],[24.6047,57.9759],[24.6043,57.9746],[24.6051,57.9739],[24.605,57.9725],[24.6049,57.9724],[24.6048,57.9717],[24.6027,57.9697],[24.6017,57.9692],[24.5985,57.9695],[24.5961,57.9692],[24.5941,57.9692],[24.5898,57.9686],[24.5856,57.9698],[24.5852,57.9695],[24.5851,57.9694],[24.5836,57.9694],[24.5806,57.9681],[24.5806,57.9675],[24.5806,57.9674],[24.5806,57.9669],[24.5806,57.9668],[24.5805,57.9666],[24.5801,57.9645],[24.5793,57.9639],[24.5762,57.9623],[24.5743,57.9587],[24.5742,57.9585],[24.5735,57.9574],[24.5733,57.9562],[24.5715,57.9556]],[[24.5331,57.9546],[24.5328,57.9548]],[[24.5329,57.9553],[24.5331,57.9555]],[[24.5706,57.9553],[24.57,57.9551]],[[24.5806,57.9675],[24.5806,57.9669]],[[24.5743,57.9587],[24.5742,57.9585]],[[24.5801,57.9645],[24.5793,57.9639]],[[24.5742,57.9585],[24.5735,57.9574]],[[24.5806,57.9681],[24.5806,57.9674]],[[24.5806,57.9668],[24.5805,57.9666]]]},"properties":{"name":"Lemmejõgi"}},
{"type":"Feature","geometry":{"type":"MultiLineString","coordinates":[[[27.5956,59.2564],[27.6018,59.2568],[27.6049,59.2568],[27.6096,59.2533],[27.6163,59.2537],[27.6166,59.2537],[27.6191,59.2537],[27.6203,59.254],[27.6206,59.2541],[27.6266,59.2551],[27.6268,59.2551],[27.6305,59.2558],[27.6343,59.2565],[27.6346,59.2565],[27.6399,59.2574],[27.6401,59.2575],[27.647,59.2587],[27.6471,59.2587],[27.6522,59.2596],[27.6524,59.2596],[27.6545,59.2599],[27.6547,59.2599],[27.6551,59.2599],[27.6577,59.2558],[27.6574,59.254],[27.6573,59.2497],[27.6574,59.2451],[27.6572,59.2424],[27.6579,59.2415],[27.658,59.2414],[27.6584,59.2413],[27.6806,59.2452],[27.6813,59.2453],[27.686,59.2437],[27.6892,59.2425],[27.6936,59.241],[27.6942,59.2406],[27.6959,59.238],[27.6965,59.236],[27.6976,59.2291],[27.6981,59.2282]],[[27.7688,59.2229],[27.7689,59.2283],[27.769,59.2316],[27.769,59.234],[27.7692,59.2387],[27.7691,59.24],[27.7695,59.2424],[27.7693,59.2451],[27.7697,59.2475],[27.7694,59.2494],[27.7701,59.2526],[27.7697,59.2556],[27.77,59.2602],[27.7707,59.2631],[27.7732,59.2639],[27.7776,59.2635],[27.7818,59.2635],[27.7845,59.2631],[27.7869,59.2623],[27.7913,59.2615],[27.794,59.2617],[27.7961,59.2613],[27.8004,59.2612],[27.8039,59.2617],[27.8051,59.2618],[27.809,59.2629],[27.8111,59.2628],[27.8175,59.2632],[27.8202,59.2639],[27.8242,59.2652],[27.8254,59.2652],[27.8265,59.2657],[27.8288,59.2655],[27.831,59.2656],[27.8341,59.2663],[27.8357,59.2663],[27.8401,59.2671],[27.8437,59.2673],[27.846,59.2672],[27.8466,59.2676],[27.8487,59.2676],[27.8512,59.2668],[27.853,59.2669],[27.8541,59.266],[27.8556,59.266],[27.8567,59.2672],[27.8589,59.2666],[27.8622,59.267],[27.8627,59.2678],[27.8628,59.2679],[27.8647,59.2673],[27.8657,59.2666],[27.8671,59.2672],[27.8702,59.2664],[27.8712,59.2665],[27.8743,59.2662],[27.8754,59.2668],[27.8775,59.2664],[27.878,59.2656],[27.8803,59.2659],[27.8824,59.2658],[27.8846,59.2647],[27.8856,59.2646],[27.8867,59.2653],[27.8889,59.2652],[27.8938,59.2668],[27.8944,59.267],[27.8943,59.2679],[27.8979,59.2694],[27.9,59.2698],[27.9026,59.2698],[27.9053,59.2703],[27.9087,59.2718],[27.9106,59.2722],[27.9134,59.273],[27.9171,59.2735],[27.9201,59.2727],[27.9211,59.2721],[27.9211,59.271],[27.9189,59.2699],[27.9178,59.2688],[27.9171,59.2672],[27.9158,59.2664],[27.9161,59.2657],[27.9154,59.264],[27.9155,59.2625],[27.9151,59.2607],[27.9161,59.2584],[27.9171,59.2579],[27.9227,59.2562]],[[27.5863,59.2536],[27.5838,59.252]],[[27.6982,59.2281],[27.699,59.2276],[27.7021,59.2274],[27.7075,59.2259],[27.7087,59.2252],[27.713,59.225],[27.7132,59.2232],[27.7144,59.2225],[27.7142,59.2206],[27.7146,59.2202],[27.7274,59.2201],[27.7342,59.2201],[27.7447,59.22],[27.749,59.2221],[27.7505,59.2224],[27.7546,59.2225],[27.7678,59.222],[27.7688,59.2228]],[[27.8039,59.2617],[27.8051,59.2618]]]},"properties":{"name":"Mustajõgi"}},
{"type":"Feature","geometry":{"type":"MultiLineString","coordinates":[[[25.86,57.8808],[25.8611,57.8802],[25.8612,57.8782],[25.8596,57.8756],[25.8626,57.8744],[25.864,57.8741],[25.8641,57.8732],[25.8654,57.8726],[25.8664,57.8727],[25.869,57.8715],[25.8704,57.8705],[25.8714,57.8685],[25.8706,57.8674],[25.8718,57.8672],[25.8733,57.866],[25.875,57.8657],[25.8767,57.8643],[25.8765,57.8593],[25.8786,57.8581],[25.8796,57.8577],[25.885,57.8567],[25.886,57.8565],[25.8861,57.8563],[25.8863,57.8556],[25.8868,57.853],[25.8863,57.8519],[25.8862,57.8518],[25.8855,57.8513],[25.8851,57.851],[25.8836,57.8497],[25.8837,57.8493],[25.8843,57.849],[25.8846,57.8488],[25.8861,57.8481],[25.8866,57.8478],[25.8881,57.847],[25.891,57.8458],[25.8928,57.845],[25.8936,57.843],[25.8938,57.8425],[25.8939,57.8423],[25.8945,57.8408],[25.8951,57.837],[25.8975,57.8331],[25.8983,57.8317],[25.8959,57.8274],[25.8977,57.8235],[25.9045,57.8209],[25.9109,57.8198],[25.9175,57.8181],[25.9256,57.8162]],[[26.1359,57.8501],[26.1353,57.8487],[26.1341,57.8483],[26.1358,57.8473],[26.1371,57.8469],[26.1391,57.8474],[26.1408,57.8453],[26.1429,57.845],[26.1434,57.844],[26.145,57.8436],[26.1469,57.8418],[26.147,57.8407],[26.1446,57.8373],[26.1451,57.8364],[26.1452,57.8336],[26.1447,57.8321],[26.1449,57.8307],[26.1465,57.8297],[26.1463,57.8292],[26.141,57.828],[26.1406,57.8274],[26.1374,57.8256],[26.137,57.8241],[26.1307,57.82],[26.1302,57.8194],[26.1276,57.8187],[26.1242,57.8156],[26.1204,57.8154],[26.1175,57.8151],[26.1142,57.8141],[26.1128,57.8141],[26.1105,57.8134],[26.1054,57.8105],[26.0981,57.8077],[26.096,57.807],[26.0945,57.8073],[26.0924,57.8058],[26.0894,57.8039],[26.088,57.8035],[26.0861,57.8034],[26.083,57.8028],[26.0808,57.8016],[26.0788,57.801],[26.0738,57.8004],[26.0722,57.7996],[26.0711,57.7986],[26.0704,57.798],[26.0713,57.7974],[26.0685,57.7964],[26.0663,57.7958],[26.0654,57.7949],[26.0642,57.795],[26.0634,57.7943],[26.0606,57.7938],[26.0572,57.7922],[26.0563,57.7909],[26.0569,57.7906],[26.0553,57.7893],[26.0524,57.7886],[26.0518,57.7876],[26.0495,57.7868],[26.0494,57.7868],[26.0491,57.7867],[26.0468,57.7857],[26.0432,57.7829],[26.0411,57.782]]]},"properties":{"name":"Pedeli jõgi"}},
{"type":"Feature","geometry":{"type":"MultiLineString","coordinates":[[[26.3651,58.0747],[26.3629,58.0744],[26.3608,58.0765],[26.3607,58.0765],[26.3599,58.0772],[26.3575,58.0777],[26.3559,58.0777],[26.3539,58.0782],[26.3525,58.079],[26.3507,58.0797],[26.3485,58.0798],[26.3468,58.0793],[26.3438,58.0803],[26.3443,58.0814],[26.3426,58.0825],[26.3417,58.0827],[26.3416,58.0828],[26.3409,58.0833],[26.3386,58.0842],[26.3375,58.084],[26.3371,58.0852],[26.3353,58.0855],[26.3336,58.0869],[26.3338,58.0871],[26.3342,58.089],[26.3346,58.0895],[26.3365,58.0903],[26.3356,58.0909],[26.3355,58.091],[26.3354,58.0926],[26.3348,58.0939],[26.3364,58.0947],[26.3364,58.0956],[26.3358,58.097],[26.3381,58.0978],[26.3362,58.0989],[26.3359,58.0995],[26.3357,58.1023],[26.3336,58.1029],[26.3323,58.1037],[26.3299,58.1093],[26.3279,58.1107],[26.3278,58.1108],[26.3226,58.1142],[26.3157,58.1142],[26.3128,58.1124],[26.3116,58.1127],[26.3112,58.1128],[26.3096,58.1133],[26.3042,58.1128],[26.303,58.1124],[26.2974,58.1123],[26.2965,58.112],[26.2943,58.1099],[26.2869,58.1084],[26.2844,58.1073],[26.2841,58.107],[26.279,58.106],[26.2788,58.1059],[26.2753,58.1051],[26.2737,58.1051],[26.2725,58.104],[26.2707,58.1035],[26.2703,58.1027],[26.2654,58.0981],[26.2624,58.0954],[26.2585,58.0933],[26.2575,58.0931],[26.2542,58.091],[26.2539,58.0904],[26.2501,58.0887],[26.2504,58.0882],[26.2491,58.0878],[26.2493,58.0872],[26.2475,58.087],[26.2466,58.0876],[26.2446,58.0873],[26.2444,58.0858],[26.2431,58.0855],[26.2418,58.0833],[26.2408,58.0828],[26.2388,58.0823],[26.225,58.0786],[26.2225,58.0779],[26.2212,58.078],[26.2157,58.0791],[26.2147,58.0805],[26.219,58.0833],[26.2212,58.0856],[26.2192,58.0889],[26.2191,58.0891],[26.2114,58.093],[26.2101,58.0936],[26.2082,58.0938],[26.2048,58.0934],[26.2016,58.094],[26.1991,58.0932],[26.1977,58.0923],[26.1975,58.0923],[26.1962,58.0924],[26.1954,58.0919],[26.1935,58.0914],[26.1924,58.0906],[26.1887,58.0902],[26.1887,58.0885],[26.1894,58.0878],[26.1881,58.087],[26.1883,58.0862],[26.1898,58.0859],[26.1887,58.085],[26.1898,58.0844],[26.1902,58.0837],[26.1916,58.0829],[26.1917,58.0819],[26.1909,58.081],[26.1912,58.0798],[26.1911,58.0797],[26.1912,58.0782],[26.1898,58.0774],[26.1893,58.0765],[26.1871,58.0758],[26.1865,58.0752],[26.1844,58.0748],[26.1841,58.074],[26.1816,58.0736],[26.1812,58.0739],[26.1771,58.0727],[26.1762,58.0735],[26.1759,58.0735],[26.1739,58.073],[26.1709,58.0725],[26.1692,58.0724],[26.1653,58.0708],[26.1641,58.0711],[26.1621,58.0712],[26.1608,58.0698],[26.1609,58.069],[26.1589,58.0691],[26.159,58.0698],[26.1562,58.0709],[26.1512,58.0714],[26.1493,58.071],[26.1436,58.0715],[26.1434,58.0706],[26.1372,58.071],[26.1347,58.0704],[26.134,58.0695],[26.1322,58.0706],[26.1315,58.0695],[26.1292,58.0698],[26.1281,58.0702],[26.1283,58.0708],[26.1295,58.072],[26.1311,58.0729],[26.1294,58.0735],[26.1288,58.0726],[26.1255,58.0731],[26.1261,58.0745],[26.1246,58.0753],[26.1235,58.075],[26.1189,58.0747],[26.1181,58.0752],[26.1169,58.0746],[26.1145,58.0758],[26.114,58.0765],[26.1113,58.0788],[26.1086,58.079],[26.1077,58.0787],[26.1048,58.0804],[26.1028,58.0809],[26.1027,58.0816],[26.0991,58.0809],[26.098,58.0823],[26.0957,58.0829],[26.0924,58.083],[26.0918,58.0841],[26.0893,58.0856],[26.0859,58.0862],[26.0845,58.0856],[26.0832,58.0867],[26.0828,58.0875],[26.0791,58.0875],[26.0777,58.088],[26.0764,58.0877],[26.0754,58.0867],[26.0742,58.0864],[26.071,58.088],[26.0697,58.0882],[26.0691,58.0876],[26.0675,58.0879],[26.0655,58.0876],[26.0645,58.0871],[26.0652,58.086],[26.0636,58.0855],[26.0629,58.0867],[26.0613,58.0865],[26.0598,58.0859],[26.059,58.0863],[26.0573,58.086]],[[26.2101,58.0936],[26.2082,58.0938]]]},"properties":{"name":"Purtsi jõgi"}},
{"type":"Feature","geometry":{"type":"LineString","coordinates":[[27.2637,58.342],[27.2644,58.3419],[27.2656,58.3431],[27.2681,58.3438],[27.2688,58.3426],[27.2699,58.3429],[27.2721,58.3419],[27.2749,58.342],[27.2765,58.3415],[27.2772,58.342],[27.2797,58.3426],[27.2812,58.3434],[27.2833,58.3434],[27.2844,58.3427],[27.2868,58.3427],[27.2875,58.3407],[27.2866,58.3399],[27.2891,58.3388],[27.2911,58.3395],[27.2937,58.3396],[27.2969,58.3383],[27.2977,58.3372],[27.2969,58.3361],[27.2947,58.3353],[27.295,58.3342],[27.2971,58.3326],[27.2969,58.3307],[27.2959,58.3298],[27.2959,58.3285],[27.2958,58.3262],[27.2978,58.3248],[27.3018,58.3227],[27.308,58.3212],[27.3104,58.3196],[27.3099,58.318],[27.3098,58.3179],[27.3093,58.3171],[27.3107,58.3116],[27.311,58.3108],[27.3214,58.3116],[27.3224,58.3081],[27.3242,58.3076],[27.3242,58.3075],[27.3247,58.3062],[27.3126,58.3053],[27.3138,58.3007],[27.3146,58.3001],[27.3146,58.3],[27.3162,58.289],[27.3162,58.2889],[27.3171,58.2833],[27.3141,58.2791],[27.3093,58.2717],[27.3093,58.2716],[27.3075,58.2688],[27.3074,58.2687],[27.3072,58.2683],[27.306,58.2666],[27.3034,58.2647],[27.3002,58.2607],[27.2998,58.2595],[27.2988,58.2585],[27.2989,58.2573],[27.3,58.2534],[27.3015,58.2521],[27.3017,58.2521],[27.3056,58.2512],[27.3053,58.2524],[27.3063,58.253],[27.3087,58.2537],[27.3099,58.2544],[27.3115,58.256],[27.3141,58.2563],[27.3158,58.2568],[27.3176,58.2567],[27.3202,58.2574],[27.3236,58.2587],[27.3259,58.2604],[27.3259,58.2616],[27.3244,58.2616]]},"properties":{"name":"Apna jõgi"}},
{"type":"Feature","geometry":{"type":"LineString","coordinates":[[24.5904,59.4347],[24.5891,59.436],[24.5879,59.4358],[24.5863,59.4368],[24.5836,59.4368],[24.5826,59.4372],[24.5809,59.4388],[24.5806,59.4395],[24.5818,59.4411],[24.5819,59.442],[24.5807,59.4432],[24.5779,59.4447],[24.5749,59.4451],[24.573,59.446],[24.5725,59.4469]]},"properties":{"name":"Tiskre oja"}},
{"type":"Feature","geometry":{"type":"MultiLineString","coordinates":[[[27.4718,59.1802],[27.4722,59.1784],[27.472,59.1777],[27.4741,59.1763],[27.474,59.1751],[27.4728,59.1745],[27.4718,59.1735],[27.4707,59.1731],[27.4686,59.172],[27.4682,59.1705],[27.4678,59.1702],[27.4669,59.1687],[27.4666,59.1682],[27.4631,59.1674],[27.4629,59.1673],[27.4607,59.1669],[27.4606,59.1668],[27.4472,59.1612],[27.4471,59.1569],[27.4465,59.156],[27.4465,59.1559],[27.4447,59.1535],[27.4425,59.1533],[27.4425,59.1416],[27.4401,59.1415],[27.4329,59.1415],[27.4257,59.1386],[27.4239,59.1378],[27.4237,59.1377],[27.4192,59.1358],[27.4144,59.133],[27.4104,59.1305],[27.4096,59.1262],[27.4096,59.1261],[27.4085,59.1203],[27.4084,59.1201],[27.4072,59.1153],[27.4074,59.1139],[27.4074,59.1138],[27.4081,59.1116],[27.4091,59.11],[27.4092,59.1073],[27.4084,59.106],[27.4067,59.1042],[27.4049,59.0991],[27.4049,59.099],[27.3998,59.0895],[27.3997,59.0894],[27.3947,59.0802],[27.3927,59.0766],[27.3871,59.074],[27.3867,59.0738],[27.3837,59.0727],[27.3835,59.0727],[27.3768,59.0731],[27.375,59.0731],[27.3734,59.0726],[27.3712,59.071],[27.3721,59.0701],[27.3704,59.0694],[27.3707,59.0685],[27.37,59.0681],[27.3697,59.0668],[27.3684,59.0666],[27.3686,59.0644],[27.3676,59.0639],[27.3681,59.063],[27.3684,59.0627],[27.3748,59.061],[27.3748,59.059],[27.3748,59.0572],[27.377,59.0537],[27.383,59.0533],[27.3832,59.0532],[27.3878,59.0529],[27.3917,59.0524],[27.3932,59.0517],[27.3955,59.0518],[27.402,59.0509],[27.4022,59.0495],[27.4021,59.0489],[27.402,59.0472],[27.4005,59.0461],[27.3986,59.0441],[27.3994,59.0434],[27.398,59.043],[27.3949,59.0404],[27.3946,59.0388],[27.3951,59.0377],[27.3961,59.0371],[27.3962,59.0361],[27.3953,59.0351],[27.3934,59.0344],[27.3939,59.034],[27.3933,59.0331],[27.3942,59.0328],[27.3925,59.031],[27.3939,59.0306],[27.3931,59.0298],[27.3945,59.0279],[27.3936,59.0269],[27.3962,59.0262],[27.3972,59.0263],[27.399,59.0253],[27.4008,59.0252],[27.3998,59.024],[27.4021,59.0234],[27.4024,59.0227],[27.4052,59.0227],[27.4063,59.0208],[27.4079,59.0193],[27.4089,59.0198],[27.4135,59.017],[27.4147,59.0169],[27.4159,59.0162],[27.4181,59.0165],[27.4228,59.0146],[27.4245,59.0146],[27.4267,59.0139],[27.4276,59.0129],[27.4289,59.0131],[27.4281,59.011],[27.4312,59.0103],[27.4295,59.0095],[27.4293,59.009],[27.43,59.0078],[27.4317,59.0079],[27.4341,59.0072],[27.4355,59.0058]],[[27.4682,59.1705],[27.4671,59.1705],[27.466,59.1693],[27.4669,59.1687]]]},"properties":{"name":"Alajõgi"}},
{"type":"Feature","geometry":{"type":"MultiLineString","coordinates":[[[27.5408,59.2658],[27.5397,59.2667],[27.5414,59.2679],[27.5413,59.2686],[27.5423,59.2693],[27.5437,59.2715],[27.5439,59.2724],[27.5455,59.2733],[27.5461,59.2754],[27.5436,59.2763],[27.5436,59.2771],[27.5442,59.2779],[27.5436,59.2792],[27.5458,59.2801],[27.5458,59.2807],[27.5444,59.2816],[27.5435,59.2824],[27.5436,59.2835],[27.5437,59.2842],[27.5449,59.2845],[27.5449,59.2859],[27.5468,59.2867],[27.5456,59.2884],[27.547,59.2886],[27.5464,59.2901],[27.5478,59.2911],[27.5498,59.2916],[27.5491,59.2926],[27.5458,59.2931],[27.5443,59.295],[27.5438,59.2961],[27.5438,59.2962],[27.5435,59.2975],[27.5429,59.2982],[27.5438,59.2991],[27.5454,59.2995],[27.5444,59.3001],[27.5457,59.3012],[27.5491,59.3023],[27.5482,59.3032],[27.5489,59.3039],[27.547,59.3047],[27.5465,59.3065],[27.5439,59.3065],[27.5441,59.3078],[27.5447,59.3083],[27.5437,59.3095],[27.5446,59.31],[27.5435,59.3106],[27.5431,59.3115],[27.5447,59.3121],[27.5449,59.3135],[27.5449,59.3136],[27.5461,59.3152],[27.5452,59.3172],[27.5456,59.3187],[27.5508,59.3317],[27.5503,59.3324]],[[27.5502,59.3769],[27.5513,59.3765],[27.553,59.3748],[27.5537,59.3732],[27.5538,59.3731],[27.5543,59.3727],[27.5548,59.3724],[27.5558,59.3717],[27.556,59.3716],[27.5553,59.3697],[27.5553,59.3696],[27.5545,59.3679],[27.5524,59.3632],[27.5523,59.3631],[27.5514,59.3609],[27.5626,59.3597],[27.5642,59.3553]],[[27.5642,59.3552],[27.5646,59.3542],[27.5595,59.3498],[27.5598,59.3486],[27.5587,59.3485],[27.5539,59.3385],[27.552,59.3342],[27.5517,59.3341]]]},"properties":{"name":"Vasavere jõgi"}},
{"type":"Feature","geometry":{"type":"MultiLineString","coordinates":[[[24.7667,58.9688],[24.7689,58.9687],[24.7699,58.9693],[24.7725,58.9687],[24.7737,58.9679],[24.7768,58.9681],[24.778,58.9674],[24.7794,58.9657],[24.7784,58.9648],[24.7782,58.9635],[24.7803,58.9614],[24.7807,58.9597],[24.7836,58.9586],[24.7877,58.9547],[24.7888,58.9541],[24.7881,58.9523],[24.7895,58.9513],[24.7894,58.9503],[24.791,58.9474],[24.7934,58.9461],[24.7957,58.9451],[24.7993,58.9429],[24.8012,58.9424],[24.8017,58.9395],[24.804,58.9377],[24.8051,58.9372]],[[24.7473,58.9736],[24.7486,58.9734],[24.751,58.9738],[24.7528,58.9731],[24.7574,58.9729],[24.7582,58.9725],[24.76,58.9727],[24.7624,58.9725],[24.7641,58.9714],[24.7642,58.9702],[24.7647,58.9693],[24.7664,58.9689]],[[24.8526,58.9237],[24.8548,58.9242],[24.8648,58.9223],[24.8654,58.9193],[24.8654,58.9192],[24.8664,58.9177],[24.8722,58.9162],[24.875,58.9154],[24.8764,58.9159],[24.8772,58.9147],[24.8772,58.9146]],[[24.9358,58.8912],[24.9399,58.8911],[24.9412,58.8915],[24.9443,58.8913]],[[24.9232,58.8926],[24.9273,58.8911],[24.9298,58.8912],[24.9306,58.8908],[24.9356,58.8912]],[[24.9099,58.8925],[24.914,58.8934],[24.9174,58.8935],[24.9226,58.8929],[24.9231,58.8927]],[[24.9444,58.8913],[24.945,58.8916],[24.946,58.8938],[24.9515,58.8933],[24.9528,58.8947]],[[24.8053,58.9371],[24.8115,58.9344],[24.8199,58.9325]],[[24.9528,58.8948],[24.9534,58.8957],[24.962,58.8962],[24.9656,58.8963],[24.971,58.8957],[24.9754,58.8964],[24.9836,58.898],[24.9885,58.8989]],[[24.8834,58.9026],[24.8819,58.9053],[24.8816,58.9076],[24.8832,58.9083],[24.8835,58.9096],[24.8815,58.9102],[24.8812,58.9108]],[[24.8813,58.9112],[24.8835,58.9096]],[[24.9095,58.8925],[24.9076,58.8918],[24.9051,58.8912],[24.9019,58.8915],[24.899,58.8926],[24.8978,58.8941],[24.8963,58.8944],[24.8955,58.8956],[24.8942,58.8964],[24.8932,58.8964],[24.8926,58.8973],[24.8915,58.8976],[24.8893,58.8993],[24.8872,58.8996],[24.8854,58.9002],[24.8832,58.9016],[24.8834,58.9023],[24.8834,58.9025]],[[24.8201,58.9324],[24.8228,58.9318],[24.8278,58.9301],[24.8301,58.9292],[24.8359,58.9279],[24.8429,58.9257],[24.8474,58.9245],[24.8525,58.9237]],[[24.8773,58.9146],[24.8772,58.9147]],[[24.8893,58.8993],[24.8886,58.8989],[24.8872,58.8996]],[[24.8834,58.9023],[24.8834,58.9025]]]},"properties":{"name":"Rõue jõgi"}},
{"type":"Feature","geometry":{"type":"MultiLineString","coordinates":[[[24.8016,59.0403],[24.8,59.039],[24.7981,59.0385],[24.7968,59.0368],[24.7962,59.0365],[24.7962,59.0364],[24.7945,59.0349],[24.7916,59.0349],[24.787,59.0338],[24.7863,59.0335],[24.7861,59.0335],[24.7846,59.0332],[24.7825,59.0316],[24.7817,59.0312],[24.7776,59.0311],[24.7773,59.0311],[24.7707,59.0304],[24.7663,59.0301],[24.7661,59.0301],[24.7642,59.0291],[24.762,59.0292],[24.7577,59.0284],[24.7579,59.0275],[24.7577,59.0275],[24.7561,59.0274],[24.7557,59.0264],[24.7556,59.0262],[24.7552,59.0253],[24.7541,59.0247],[24.7512,59.0237],[24.7472,59.0233],[24.7445,59.0223],[24.7442,59.0223],[24.7417,59.0216],[24.74,59.022],[24.7399,59.022],[24.7393,59.0218],[24.7391,59.0217],[24.7375,59.0221],[24.7335,59.0238],[24.7293,59.0218],[24.7254,59.0213],[24.7199,59.0236],[24.7197,59.0237],[24.7186,59.0241],[24.7071,59.0265],[24.6956,59.0288],[24.6953,59.0291],[24.6951,59.0292],[24.6922,59.0313],[24.6818,59.0343],[24.6778,59.0351],[24.6775,59.0351],[24.6707,59.0363],[24.6701,59.0366],[24.6639,59.0374],[24.6636,59.0374],[24.6567,59.0367],[24.6523,59.0348]],[[24.6873,58.9448],[24.6887,58.9469],[24.6884,58.9477],[24.6868,58.9487],[24.6879,58.9505],[24.6873,58.9524],[24.6879,58.9529],[24.6872,58.9542],[24.6897,58.9545],[24.6879,58.9558],[24.6876,58.9566],[24.6861,58.9568],[24.683,58.9565],[24.6821,58.9568],[24.6817,58.9578],[24.6815,58.9578],[24.6784,58.959],[24.6753,58.9592],[24.6745,58.9597],[24.671,58.9608],[24.6684,58.9623],[24.6683,58.9642],[24.6664,58.965],[24.6637,58.9669],[24.664,58.9678],[24.6638,58.9711],[24.664,58.9714],[24.6688,58.9739],[24.6639,58.9824],[24.6638,58.9826],[24.6618,58.9861],[24.6594,58.9899],[24.6551,58.9974],[24.6515,59],[24.6476,59.0058],[24.6475,59.006],[24.6421,59.014],[24.6394,59.0202],[24.6395,59.0208],[24.6395,59.0209],[24.6417,59.0278],[24.6451,59.0306],[24.6489,59.0334],[24.6521,59.0347]]]},"properties":{"name":"Kodila jõgi"}},
{"type":"Feature","geometry":{"type":"LineString","coordinates":[[27.5136,59.3719],[27.5088,59.3713],[27.5052,59.3701],[27.5006,59.3675],[27.5001,59.3671],[27.4975,59.3664],[27.4962,59.3664],[27.4955,59.3647],[27.4957,59.3634],[27.4972,59.3567],[27.4955,59.3521],[27.4948,59.3512],[27.4949,59.3503],[27.4938,59.3479],[27.4938,59.3472],[27.4927,59.3463],[27.4909,59.3452],[27.4826,59.3394],[27.4797,59.3382],[27.4789,59.3376],[27.4759,59.3371],[27.4741,59.3364],[27.4739,59.3363],[27.4721,59.3358],[27.472,59.3358],[27.4714,59.3351],[27.4712,59.3326],[27.4726,59.3313],[27.4752,59.3317],[27.4775,59.3285],[27.4776,59.3284],[27.4779,59.328],[27.478,59.326],[27.478,59.3259],[27.4775,59.3236],[27.4775,59.3235],[27.4772,59.3214],[27.4772,59.3213],[27.477,59.3211],[27.4735,59.3202]]},"properties":{"name":"Kose jõgi"}},
{"type":"Feature","geometry":{"type":"LineString","coordinates":[[24.4848,59.2717],[24.4855,59.271],[24.4845,59.2704],[24.4855,59.2691],[24.4852,59.2682],[24.4881,59.2661],[24.4931,59.2658],[24.4956,59.2654],[24.4976,59.2638],[24.4993,59.2631],[24.5007,59.2619],[24.5009,59.2606],[24.5035,59.2595],[24.5071,59.2589],[24.5081,59.2584],[24.5215,59.2512],[24.5232,59.2481],[24.5232,59.248],[24.5234,59.2471],[24.5244,59.2461],[24.5257,59.2457],[24.5308,59.2459],[24.5323,59.2451],[24.5326,59.2445],[24.5327,59.2444],[24.5341,59.2426],[24.5371,59.2415],[24.5396,59.2402],[24.5411,59.2388],[24.5403,59.2378],[24.5405,59.2366],[24.5406,59.2365],[24.5469,59.2333],[24.5497,59.2311],[24.5524,59.2304],[24.5561,59.2285],[24.5595,59.2274],[24.5631,59.2283],[24.5663,59.2278],[24.5683,59.227],[24.5707,59.2267],[24.5717,59.2262],[24.5771,59.2248],[24.5784,59.2206],[24.5781,59.2202],[24.5785,59.2186],[24.5807,59.2174],[24.5809,59.2173],[24.582,59.2168],[24.5804,59.2135],[24.58,59.2121],[24.58,59.212],[24.5794,59.2113],[24.5803,59.2105],[24.5827,59.2095],[24.5875,59.2083],[24.587,59.2061],[24.591,59.2049],[24.5919,59.2043],[24.5921,59.2042],[24.5948,59.2028],[24.5971,59.2021],[24.5978,59.2012],[24.5976,59.2005],[24.5987,59.2001],[24.6021,59.1968],[24.6028,59.1954],[24.6037,59.1949],[24.6047,59.1932],[24.6103,59.1909],[24.6139,59.1896],[24.6171,59.1874],[24.6177,59.1866],[24.6188,59.1861],[24.6244,59.1864],[24.6312,59.1832],[24.6313,59.1832],[24.6388,59.1797],[24.639,59.1798],[24.6424,59.1807],[24.6432,59.1805],[24.6462,59.1776],[24.6463,59.1775],[24.6477,59.1762],[24.6477,59.1751],[24.6477,59.175],[24.6487,59.1742],[24.6513,59.173],[24.6526,59.1716],[24.6527,59.1716],[24.6535,59.1711],[24.6537,59.171],[24.6538,59.171],[24.6539,59.171],[24.655,59.1704],[24.6554,59.1696],[24.6568,59.1685],[24.6581,59.1668],[24.6591,59.1663],[24.6581,59.1644],[24.6595,59.1632],[24.6587,59.1627],[24.6575,59.1612],[24.6587,59.1603],[24.659,59.1593],[24.6592,59.159]]},"properties":{"name":"Maidla jõgi"}},
{"type":"Feature","geometry":{"type":"LineString","coordinates":[[26.2871,57.5917],[26.2866,57.5907],[26.2883,57.59],[26.2887,57.589],[26.29,57.5876],[26.2893,57.5861],[26.2893,57.5851],[26.2906,57.5834],[26.2946,57.582],[26.2951,57.579],[26.2944,57.577],[26.2947,57.5765],[26.2971,57.5752]]},"properties":{"name":"Stepupe"}},
{"type":"Feature","geometry":{"type":"MultiLineString","coordinates":[[[27.1493,59.3613],[27.1441,59.3611],[27.1359,59.363],[27.1304,59.3629],[27.1264,59.3629],[27.1179,59.3639],[27.1135,59.3633],[27.1115,59.3625],[27.1101,59.3628],[27.1066,59.3643],[27.1041,59.3651],[27.1021,59.3652],[27.0988,59.3657],[27.0975,59.3654],[27.0961,59.3646],[27.0929,59.3641],[27.0908,59.3642],[27.0897,59.3636],[27.0857,59.3624],[27.0832,59.3626],[27.082,59.3619],[27.078,59.3611],[27.0767,59.3611],[27.0718,59.36],[27.07,59.3604],[27.071,59.3612],[27.0741,59.3628]],[[27.1966,59.3629],[27.1957,59.3654],[27.1938,59.3668],[27.1907,59.3666],[27.1884,59.3674],[27.1868,59.3682],[27.1857,59.368],[27.1856,59.3681],[27.1839,59.3686],[27.1817,59.3686],[27.1792,59.3689],[27.1789,59.369],[27.1757,59.3694],[27.172,59.3694],[27.17,59.3682],[27.1667,59.3668],[27.1659,59.3664],[27.1654,59.3662],[27.1631,59.3658],[27.162,59.3647],[27.1619,59.3646],[27.1604,59.3651],[27.1583,59.3644],[27.1559,59.3641],[27.1548,59.3632],[27.1538,59.363],[27.15,59.3615],[27.1461,59.3622],[27.144,59.3617],[27.1419,59.3626],[27.1408,59.3627],[27.1397,59.3639],[27.1354,59.3643],[27.1315,59.3641],[27.1291,59.3632],[27.1247,59.3633],[27.1217,59.3639],[27.1194,59.3646]],[[27.0402,59.3814],[27.041,59.3806],[27.0424,59.3802],[27.0436,59.3791],[27.0455,59.3788],[27.0464,59.3782],[27.047,59.3768],[27.0464,59.3755],[27.0472,59.3746],[27.0474,59.3744],[27.0477,59.3732],[27.0494,59.3726],[27.0513,59.372],[27.052,59.3706],[27.0533,59.3695],[27.0537,59.3686],[27.055,59.3674],[27.0572,59.367],[27.0592,59.3661],[27.0586,59.3644],[27.059,59.3634],[27.0613,59.3627],[27.0592,59.3621],[27.0589,59.3615],[27.0622,59.3617],[27.063,59.3617],[27.0643,59.3604],[27.0658,59.3609],[27.0675,59.3609],[27.07,59.3604]],[[27.0743,59.3628],[27.076,59.3623],[27.0796,59.3624],[27.0825,59.3631],[27.0846,59.3631],[27.0867,59.3638],[27.0886,59.3639],[27.0903,59.3647],[27.0946,59.3647],[27.0967,59.3662],[27.0996,59.3665]],[[27.0998,59.3666],[27.1047,59.3667],[27.1052,59.3666],[27.1085,59.3646],[27.1092,59.3639],[27.1105,59.3635],[27.1134,59.364],[27.1155,59.364],[27.1179,59.3646],[27.1192,59.3646]]]},"properties":{"name":"Kohtla jõgi"}},
{"type":"Feature","geometry":{"type":"MultiLineString","coordinates":[[[26.8357,57.5836],[26.8354,57.5834],[26.8353,57.5834]],[[26.8445,57.5875],[26.8464,57.5893]],[[26.8404,57.5855],[26.8412,57.5858]],[[26.7841,57.5817],[26.7847,57.5819],[26.7873,57.5812],[26.7891,57.5815],[26.7909,57.5814],[26.7925,57.582],[26.797,57.5819],[26.7999,57.5822],[26.8008,57.583]],[[26.8331,57.5828],[26.83,57.5826],[26.8279,57.5827],[26.8212,57.5824],[26.8177,57.5813],[26.8153,57.5816],[26.814,57.583],[26.8133,57.5837],[26.8105,57.584],[26.8097,57.5844]],[[26.7378,57.5877],[26.7448,57.5843],[26.746,57.5829],[26.7478,57.5826],[26.7527,57.5802]]]},"properties":{"name":"Peeli jõgi / Peļļupīte"}},
{"type":"Feature","geometry":{"type":"LineString","coordinates":[[26.3351,57.5796],[26.3335,57.5807],[26.3322,57.5806],[26.3299,57.5809],[26.3287,57.5796],[26.3274,57.5801],[26.3278,57.5819],[26.326,57.5831],[26.324,57.5837],[26.3216,57.5837],[26.3187,57.5844],[26.3167,57.5847],[26.3142,57.5846],[26.3124,57.5842],[26.3111,57.5854],[26.3114,57.5858],[26.3148,57.5862],[26.3166,57.587],[26.3165,57.5881],[26.3142,57.5883],[26.3127,57.5877],[26.3129,57.5869],[26.3117,57.5865],[26.3104,57.5889],[26.3095,57.5899],[26.3114,57.5925],[26.3113,57.593],[26.3095,57.5931],[26.307,57.5936],[26.3033,57.5938],[26.3007,57.5936],[26.2967,57.5929],[26.2936,57.5918],[26.2918,57.5915],[26.2898,57.5914],[26.2871,57.5917],[26.2846,57.5923],[26.2836,57.5929],[26.2836,57.594],[26.2844,57.5954],[26.2818,57.5963],[26.2807,57.5963],[26.2796,57.5955],[26.2783,57.5952],[26.2774,57.5958],[26.2774,57.597],[26.2763,57.5975],[26.2744,57.5975],[26.2728,57.5987],[26.2712,57.5997],[26.271,57.6002],[26.2723,57.6007],[26.2743,57.6008],[26.274,57.6014],[26.2726,57.6019],[26.2709,57.6047],[26.2698,57.605],[26.2683,57.6061],[26.2677,57.608],[26.2668,57.6091],[26.2656,57.6099],[26.2636,57.6103],[26.2626,57.611],[26.2619,57.6124],[26.2606,57.6132],[26.2591,57.6134],[26.2568,57.6132],[26.2549,57.6141],[26.2549,57.6158],[26.2567,57.6167],[26.2566,57.6178],[26.2554,57.6184],[26.2527,57.6179],[26.2518,57.6186],[26.2539,57.6197],[26.2562,57.6204],[26.2561,57.6214],[26.2546,57.6218],[26.2527,57.6215],[26.2515,57.6202],[26.2481,57.6202],[26.2472,57.6208],[26.248,57.622],[26.2496,57.6225],[26.2502,57.6233],[26.2482,57.6251],[26.2494,57.626],[26.2503,57.6259],[26.2523,57.6251],[26.2538,57.6254],[26.2539,57.626],[26.252,57.627],[26.2492,57.6277],[26.2461,57.6296],[26.2438,57.6313],[26.2409,57.6331],[26.2403,57.6343],[26.2416,57.6351],[26.245,57.6353],[26.2468,57.6349],[26.2477,57.6355],[26.2465,57.6388],[26.2457,57.6399],[26.2444,57.6408],[26.2431,57.6424],[26.2417,57.6449],[26.2403,57.6463],[26.2389,57.6466],[26.2367,57.6466],[26.2344,57.6463],[26.2326,57.6466],[26.2317,57.6473],[26.2319,57.6486],[26.2332,57.6491],[26.2388,57.6503],[26.2405,57.6504],[26.243,57.651],[26.2431,57.6518],[26.2419,57.6527],[26.2406,57.6542],[26.2381,57.6556],[26.2385,57.6565],[26.2397,57.6576],[26.2388,57.6583],[26.2369,57.658],[26.234,57.6579],[26.2282,57.6589],[26.2268,57.6594],[26.2238,57.6612],[26.2221,57.6618],[26.2203,57.6629],[26.2167,57.6643],[26.2131,57.6653],[26.2121,57.6658],[26.2119,57.6665],[26.2143,57.6681],[26.2146,57.6693],[26.2124,57.6702],[26.2119,57.6714],[26.2118,57.6739],[26.2109,57.6767],[26.2113,57.6775],[26.2129,57.6787],[26.212,57.6795],[26.2093,57.6798],[26.2077,57.6802],[26.2019,57.6809],[26.2004,57.6818],[26.2001,57.6834],[26.1957,57.6854],[26.1908,57.6856],[26.1869,57.6851],[26.1849,57.6853],[26.183,57.6862],[26.1804,57.6869],[26.1794,57.6875],[26.1797,57.6887],[26.182,57.6899],[26.1827,57.6908],[26.1824,57.6916]]},"properties":{"name":"Gauja / Koiva jõgi"}},
{"type":"Feature","geometry":{"type":"MultiLineString","coordinates":[[[27.7422,58.9997],[27.7447,58.9954],[27.7443,58.9939],[27.7425,58.9916],[27.7397,58.9899],[27.7339,58.9881],[27.7292,58.9875]],[[28.1991,59.3612],[28.1968,59.3601],[28.1957,59.3593],[28.1943,59.3569],[28.1922,59.3549],[28.191,59.3528]],[[27.8013,59.1036],[27.8001,59.1056],[27.8,59.1076],[27.7982,59.1095],[27.7979,59.1102],[27.7989,59.1121],[27.7998,59.1132],[27.7998,59.1149],[27.801,59.1177],[27.8024,59.119],[27.8044,59.1199]],[[27.8036,59.1144],[27.7998,59.1132]],[[27.7885,59.088],[27.786,59.0874],[27.7843,59.0866],[27.7829,59.0844],[27.78,59.0813],[27.7797,59.0807],[27.781,59.0786],[27.7809,59.0772],[27.7798,59.0757],[27.7792,59.0737],[27.7774,59.0704],[27.777,59.0693],[27.7771,59.068],[27.778,59.0646],[27.7789,59.0632]],[[27.7465,59.0284],[27.7462,59.0301],[27.7465,59.0309],[27.7493,59.0322],[27.7519,59.0328],[27.7549,59.0332],[27.7587,59.0327],[27.7594,59.0323]],[[27.7437,59.017],[27.74,59.0157],[27.7382,59.0149],[27.7376,59.014],[27.7379,59.0126],[27.7373,59.0115],[27.7381,59.0099]],[[28.1064,59.4477],[28.0944,59.4496],[28.0881,59.4513],[28.0838,59.4527],[28.0788,59.4548],[28.076,59.4567],[28.0722,59.4608],[28.0706,59.4615]],[[28.1642,59.4118],[28.1646,59.4107],[28.1633,59.409],[28.1637,59.4085],[28.1663,59.4071],[28.1732,59.4064]],[[28.1827,59.4032],[28.1846,59.4007],[28.191,59.3972],[28.1934,59.3965],[28.1968,59.3958]]]},"properties":{"name":"Narva jõgi"}},
{"type":"Feature","geometry":{"type":"MultiLineString","coordinates":[[[26.8955,58.3522],[26.8981,58.3519],[26.9014,58.352],[26.9033,58.3525],[26.9052,58.3523],[26.9075,58.3525],[26.9084,58.3518],[26.9088,58.3504],[26.91,58.3502],[26.9104,58.3503],[26.9125,58.3504],[26.9169,58.3489],[26.9202,58.348],[26.9217,58.3465],[26.9273,58.3452],[26.9299,58.3458],[26.9324,58.3456],[26.9332,58.3448],[26.9373,58.3454],[26.9421,58.3455],[26.9428,58.3456],[26.943,58.3458],[26.9431,58.3458],[26.9462,58.3453],[26.9472,58.3457],[26.9512,58.346],[26.9539,58.3468],[26.9553,58.3467],[26.9565,58.346],[26.9617,58.3468],[26.9662,58.345],[26.9706,58.3447],[26.972,58.3446],[26.9737,58.3437],[26.9735,58.343],[26.9739,58.3421],[26.9763,58.3404],[26.977,58.339],[26.9784,58.3383],[26.9788,58.3382],[26.9811,58.3371],[26.9828,58.3357],[26.9853,58.3354],[26.986,58.3343],[26.9873,58.3333],[26.9883,58.3332],[26.99,58.3322],[26.9897,58.3313],[26.9918,58.3309],[26.9936,58.3296],[26.9958,58.3276],[26.9976,58.327],[27.0001,58.3237],[27.0001,58.3236],[27.0016,58.3219],[27.003,58.3198],[27.0031,58.3187],[27.0044,58.3183],[27.005,58.3164],[27.0045,58.3158],[27.0056,58.3135],[27.0074,58.3117],[27.0082,58.31],[27.0076,58.3086],[27.0087,58.3071],[27.0088,58.3055],[27.0092,58.3045],[27.0101,58.3039],[27.0114,58.3024],[27.0132,58.2997],[27.0133,58.2975],[27.0142,58.2953],[27.0164,58.2936],[27.0173,58.2934],[27.0192,58.2917],[27.0188,58.2901],[27.0183,58.2896],[27.0183,58.2884],[27.0197,58.2867],[27.0228,58.2853],[27.0231,58.2847]],[[26.9585,58.2342],[26.9647,58.2343],[26.9664,58.234],[26.9687,58.2343],[26.9703,58.2354],[26.9714,58.2356],[26.9732,58.2347],[26.9733,58.2346],[26.9751,58.2339],[26.9763,58.2345],[26.9785,58.2344],[26.9807,58.235],[26.9808,58.2364],[26.9821,58.238],[26.984,58.2382],[26.9869,58.2388],[26.9882,58.2384],[26.9902,58.2384],[26.9929,58.2389],[26.9974,58.2383],[26.9993,58.2376],[26.9995,58.2376],[27.0009,58.2378],[27.0057,58.2377],[27.0122,58.2396],[27.013,58.2401],[27.0134,58.2402],[27.0143,58.2405],[27.0144,58.2406],[27.0158,58.2409],[27.0184,58.241],[27.0198,58.2417],[27.0198,58.2422],[27.0211,58.243],[27.0224,58.2431],[27.0248,58.2423],[27.0287,58.2427],[27.0345,58.2444],[27.0381,58.2458],[27.0372,58.2479],[27.0361,58.2489],[27.0357,58.2502],[27.0356,58.2503],[27.0354,58.2511],[27.0363,58.2566],[27.0367,58.2593],[27.0372,58.2605],[27.0392,58.265],[27.041,58.2655],[27.0407,58.2676],[27.0418,58.2691],[27.0436,58.2698],[27.0438,58.2714],[27.0424,58.2742],[27.0379,58.2772],[27.0389,58.2786],[27.0382,58.2801],[27.0372,58.2804],[27.037,58.2805],[27.0345,58.2813],[27.0316,58.2808],[27.0235,58.2841],[27.0232,58.2846]],[[26.9583,58.2343],[26.9554,58.234],[26.9537,58.2346],[26.9523,58.2358]],[[26.9521,58.2358],[26.9483,58.2391]]]},"properties":{"name":"Luutsna jõgi"}},
{"type":"Feature","geometry":{"type":"MultiLineString","coordinates":[[[27.5892,59.4153],[27.5874,59.4127],[27.5846,59.4104],[27.5845,59.4099],[27.5844,59.4098],[27.586,59.4069],[27.5858,59.4042],[27.5858,59.4041],[27.5851,59.4025],[27.5843,59.401],[27.5842,59.4009]],[[27.584,59.4005],[27.5845,59.3994],[27.583,59.398],[27.5836,59.3976],[27.5844,59.3957],[27.5859,59.3944],[27.5857,59.3931],[27.5857,59.393],[27.5858,59.3906],[27.5858,59.3904],[27.5856,59.3893],[27.5828,59.3864],[27.5828,59.3861],[27.5868,59.3819],[27.5915,59.3772],[27.5903,59.3764],[27.5904,59.3762],[27.5905,59.3758],[27.5806,59.3676]]]},"properties":{"name":"Voka jõgi"}},
{"type":"Feature","geometry":{"type":"LineString","coordinates":[[25.4708,59.4344],[25.4709,59.4345],[25.4724,59.4363],[25.4725,59.4378],[25.4713,59.4406],[25.4783,59.4437],[25.4846,59.4461],[25.4847,59.4461],[25.4851,59.4463],[25.4924,59.4476],[25.4989,59.4514],[25.5032,59.453],[25.5068,59.4537],[25.5084,59.4543],[25.5101,59.4542],[25.5133,59.4551],[25.5132,59.4554],[25.513,59.4561],[25.514,59.4575],[25.5127,59.4585],[25.5131,59.4591],[25.5118,59.4599],[25.5078,59.4605],[25.5058,59.4611],[25.5052,59.4626],[25.5022,59.4632],[25.4994,59.4625],[25.4986,59.4629],[25.4941,59.4623],[25.4893,59.4638],[25.4897,59.4648],[25.4905,59.4653],[25.489,59.4658],[25.4882,59.4665],[25.489,59.4682],[25.4901,59.4684],[25.4898,59.4695],[25.4915,59.4705],[25.4901,59.4727],[25.4912,59.4733],[25.49,59.4743],[25.4883,59.4761],[25.4872,59.4777],[25.4848,59.4789],[25.4807,59.4799],[25.4795,59.4797],[25.4781,59.4802],[25.4776,59.4817],[25.4762,59.4822],[25.4772,59.483],[25.4779,59.4844],[25.4799,59.4857],[25.4809,59.4872],[25.4806,59.4879],[25.4814,59.489],[25.4817,59.4902],[25.4801,59.4906],[25.4794,59.4913],[25.478,59.4909],[25.4757,59.4916],[25.4728,59.4909],[25.4718,59.4915],[25.472,59.4923],[25.4712,59.4931],[25.4694,59.4936],[25.4677,59.4946],[25.466,59.4946],[25.4647,59.4951],[25.4647,59.4952],[25.4615,59.4956],[25.4593,59.4969],[25.458,59.4969],[25.4551,59.4975]]},"properties":{"name":"Loo jõgi"}},
{"type":"Feature","geometry":{"type":"MultiLineString","coordinates":[[[27.0556,58.9408],[27.052,58.9418],[27.0518,58.9424],[27.0529,58.9436],[27.0555,58.9449],[27.0549,58.9456],[27.0529,58.9463],[27.0507,58.9482],[27.0508,58.9496],[27.0514,58.9508],[27.0511,58.9519],[27.0492,58.953],[27.0497,58.9535],[27.0516,58.9536],[27.0522,58.9554],[27.0498,58.9553],[27.0485,58.9558],[27.0498,58.9568],[27.0497,58.9572],[27.0479,58.9579],[27.0447,58.9584],[27.0421,58.96],[27.0433,58.9611],[27.0421,58.9622],[27.0398,58.9634],[27.0395,58.9655],[27.0369,58.9663],[27.0334,58.9664],[27.0305,58.9658],[27.0295,58.966],[27.0291,58.9675],[27.0268,58.9674],[27.025,58.9669],[27.0228,58.9677],[27.0211,58.9679],[27.0216,58.9688],[27.0188,58.9685],[27.015,58.9684],[27.0141,58.9686],[27.0145,58.9696],[27.0142,58.9706],[27.0132,58.9716],[27.0102,58.9716],[27.0086,58.971],[27.008,58.9714],[27.0086,58.9723],[27.0057,58.9726],[27.0051,58.972],[27.0036,58.9718],[27.0015,58.9727],[26.9996,58.9729],[26.9975,58.9739],[26.9944,58.9746],[26.9937,58.9752],[26.9933,58.9764],[26.9946,58.9781],[26.9936,58.9791],[26.9926,58.9791],[26.9901,58.9805],[26.9884,58.9805],[26.9874,58.9818],[26.9849,58.9815],[26.9827,58.9818],[26.9823,58.9823],[26.9802,58.9819],[26.9776,58.9827],[26.9776,58.9833],[26.9764,58.9846],[26.9785,58.9852],[26.9762,58.9856],[26.9761,58.9869],[26.9742,58.9868],[26.9731,58.9876],[26.9711,58.987],[26.969,58.9875],[26.9668,58.9899],[26.9663,58.9902],[26.9661,58.9907],[26.9653,58.9919],[26.9642,58.9924],[26.9638,58.9933],[26.9606,58.9934],[26.9588,58.9941],[26.9567,58.9941],[26.955,58.9946],[26.9549,58.9953],[26.9531,58.9955],[26.9506,58.9967],[26.9505,58.9972],[26.9491,58.9979],[26.9475,58.998],[26.9454,58.9987],[26.9447,58.9995],[26.9427,58.9995],[26.942,59],[26.9384,58.9991],[26.9377,58.9983],[26.9334,58.9982],[26.9324,58.9979],[26.9306,58.9984],[26.9271,58.9977],[26.9269,58.9985],[26.9255,58.9983],[26.9216,58.9981],[26.9198,58.999],[26.918,58.999],[26.9163,58.9986],[26.915,58.9986],[26.9143,58.9979],[26.9121,58.9969],[26.9102,58.9963],[26.9077,58.997],[26.9063,58.9963],[26.9054,58.9964],[26.9038,58.9974],[26.9026,58.9964],[26.9015,58.9969],[26.8997,58.9972],[26.8983,58.9992],[26.8964,58.999],[26.8959,58.9978],[26.893,58.9986],[26.8915,58.9985],[26.8895,58.9972],[26.89,58.9966],[26.8887,58.9957],[26.8859,58.995],[26.8866,58.9943],[26.8854,58.9938],[26.8852,58.9928],[26.8832,58.993],[26.8831,58.9919],[26.8807,58.9921],[26.8803,58.9922],[26.8783,58.9913],[26.8762,58.9917],[26.8753,58.9902],[26.8754,58.9891],[26.8748,58.9886],[26.8733,58.9894],[26.8715,58.9884],[26.8687,58.9887],[26.8679,58.9875],[26.8652,58.9868],[26.8646,58.9864],[26.8624,58.9864],[26.861,58.9858],[26.859,58.9861],[26.8563,58.9868],[26.8539,58.9883],[26.8532,58.9877],[26.8509,58.9886],[26.8484,58.9901],[26.8458,58.9898],[26.8453,58.987],[26.8437,58.9866],[26.8419,58.9868],[26.8408,58.9861],[26.841,58.985],[26.8392,58.984],[26.8397,58.9832],[26.8383,58.983],[26.8354,58.9818],[26.8332,58.9817],[26.8288,58.9812],[26.8271,58.9823],[26.8255,58.9817],[26.8215,58.9822],[26.8201,58.9827],[26.821,58.9841],[26.8198,58.9847],[26.8171,58.985],[26.8152,58.9844],[26.8139,58.9833],[26.8122,58.983],[26.8119,58.9824],[26.8103,58.9822],[26.8102,58.9809],[26.8088,58.9808],[26.808,58.98],[26.8052,58.9792],[26.804,58.9798],[26.8029,58.9787],[26.802,58.9785],[26.7995,58.9791],[26.7989,58.9789],[26.7954,58.9792],[26.7924,58.9787],[26.7902,58.9788],[26.7901,58.9791],[26.7896,58.9799],[26.7895,58.9801],[26.7894,58.981],[26.7882,58.9824],[26.7883,58.9843],[26.7871,58.9842],[26.7858,58.9851],[26.786,58.9867],[26.7854,58.9868],[26.7842,58.9887],[26.7831,58.9885],[26.7815,58.989],[26.7809,58.9881],[26.7797,58.9878],[26.7781,58.9878],[26.7783,58.9869],[26.7764,58.9868],[26.7749,58.9862],[26.7718,58.9856],[26.7713,58.985],[26.7672,58.9854],[26.7634,58.9873],[26.7627,58.9886],[26.7636,58.989],[26.7629,58.9903],[26.7629,58.9919],[26.7633,58.9928],[26.7627,58.9947],[26.7617,58.9948],[26.7609,58.9956],[26.7608,58.9966],[26.7614,58.9972],[26.7599,58.9975],[26.7612,58.9982],[26.7612,58.9994],[26.7601,58.9996],[26.7576,58.9995],[26.7522,59.0007],[26.7499,59.0037],[26.7465,59.0048],[26.7458,59.0057],[26.7429,59.0065],[26.7428,59.0072],[26.7414,59.0078],[26.7398,59.0093],[26.7381,59.0091],[26.7354,59.0099],[26.7346,59.0111],[26.7336,59.0115],[26.7319,59.0112],[26.7301,59.0115],[26.7288,59.0125],[26.7288,59.0131],[26.7299,59.014],[26.7285,59.0151],[26.7272,59.0154],[26.7248,59.0173],[26.7219,59.0174],[26.7211,59.0168],[26.7193,59.0169],[26.7173,59.0167],[26.7165,59.017],[26.7123,59.0174],[26.7097,59.0169],[26.7092,59.0161],[26.7077,59.0158],[26.7034,59.0162],[26.7009,59.0168],[26.7009,59.0172],[26.6981,59.0184],[26.6974,59.019],[26.6947,59.0195],[26.6933,59.0208],[26.6913,59.0214],[26.6906,59.0222],[26.6905,59.0235],[26.6904,59.0248],[26.6924,59.0257],[26.6928,59.0272],[26.694,59.0279],[26.6926,59.0286],[26.6919,59.0299],[26.6927,59.0318],[26.6917,59.0342],[26.6899,59.0375],[26.6893,59.038],[26.6892,59.0381],[26.6887,59.039],[26.6868,59.0412],[26.687,59.0428],[26.6854,59.0436],[26.6857,59.0442],[26.6848,59.046],[26.6853,59.0474],[26.6827,59.0491],[26.6822,59.0505],[26.6834,59.052],[26.6813,59.0545],[26.6821,59.0561],[26.6815,59.0571],[26.678,59.0582],[26.6737,59.057],[26.6729,59.0571],[26.6665,59.0609],[26.6665,59.061],[26.6657,59.0615],[26.6621,59.0666],[26.6607,59.0669],[26.6599,59.0675],[26.6599,59.0676],[26.6598,59.0686],[26.6603,59.0699],[26.6594,59.0712],[26.6603,59.0722],[26.6601,59.0731],[26.657,59.0762],[26.657,59.0763],[26.6564,59.0786],[26.6542,59.0796],[26.6517,59.0818],[26.6529,59.0825],[26.6519,59.0831],[26.652,59.0839],[26.6511,59.0843],[26.6507,59.0852],[26.6527,59.0861],[26.6526,59.0884],[26.6516,59.0895],[26.6516,59.0896],[26.6501,59.0911],[26.6474,59.0921],[26.6462,59.0937],[26.6464,59.0955],[26.6457,59.0962],[26.6438,59.0967],[26.6417,59.098],[26.6386,59.0987],[26.6362,59.0986],[26.636,59.0986],[26.635,59.0991],[26.6331,59.0989],[26.6313,59.1],[26.6307,59.1017]],[[26.8803,58.9922],[26.8807,58.9921]],[[26.9653,58.9919],[26.9661,58.9907]],[[26.9663,58.9902],[26.9668,58.9899]],[[26.8509,58.9886],[26.8539,58.9883]],[[26.7895,58.9801],[26.7896,58.9799]],[[26.7901,58.9791],[26.7902,58.9788]]]},"properties":{"name":"Avijõgi"}},
{"type":"Feature","geometry":{"type":"MultiLineString","coordinates":[[[26.8137,58.6423],[26.8097,58.6423],[26.8093,58.6428],[26.8075,58.6422],[26.8044,58.6436],[26.8027,58.6439],[26.8007,58.6431],[26.7996,58.6434],[26.7965,58.6421],[26.7934,58.6402],[26.7907,58.6399],[26.7895,58.6395],[26.787,58.6396],[26.7852,58.6392],[26.7808,58.6373],[26.7788,58.6368],[26.7727,58.6345],[26.7699,58.6344],[26.7689,58.6341],[26.7659,58.6342],[26.7641,58.6329],[26.7554,58.6357],[26.7523,58.638],[26.7537,58.6406],[26.7537,58.6449],[26.7532,58.6474],[26.7528,58.6484],[26.7518,58.6486],[26.7462,58.6484],[26.744,58.6503],[26.7383,58.6515],[26.7346,58.6558],[26.7323,58.658],[26.7314,58.6597],[26.7314,58.6598],[26.7309,58.6609],[26.7299,58.6618],[26.726,58.6615],[26.7245,58.6623],[26.7247,58.6633],[26.7243,58.6635],[26.7244,58.6636],[26.724,58.6633],[26.7243,58.6635]],[[26.6577,58.7157],[26.6585,58.7139],[26.6586,58.7139],[26.6603,58.711],[26.6638,58.7112],[26.6639,58.7111],[26.6677,58.7082],[26.6702,58.7065],[26.673,58.7014],[26.6775,58.6973],[26.6809,58.6962],[26.6827,58.6966],[26.6863,58.698],[26.6881,58.6982],[26.6903,58.6995],[26.6924,58.6994],[26.6926,58.6993],[26.6958,58.6994],[26.6986,58.7008],[26.703,58.6986],[26.7051,58.6971],[26.7052,58.697],[26.7059,58.6959],[26.7058,58.6949],[26.7036,58.6915],[26.7035,58.6903],[26.701,58.6883],[26.7014,58.6875],[26.704,58.6869],[26.7034,58.6856],[26.7043,58.6848],[26.7065,58.6845],[26.7093,58.6829],[26.7092,58.6822],[26.7107,58.6813],[26.7113,58.6799],[26.7111,58.6793],[26.7122,58.6771],[26.7139,58.6759],[26.7139,58.6752],[26.7141,58.675],[26.7176,58.6742],[26.7169,58.6726],[26.717,58.6725],[26.719,58.671],[26.7193,58.6702],[26.7218,58.6691],[26.7234,58.6687],[26.7249,58.6679],[26.7251,58.667],[26.725,58.6669],[26.7246,58.6657],[26.7239,58.6648],[26.7244,58.6636]],[[26.7251,58.667],[26.725,58.6669]],[[26.724,58.6633],[26.7247,58.6633]]]},"properties":{"name":"Uhmardu jõgi"}},
{"type":"Feature","geometry":{"type":"LineString","coordinates":[[26.9712,58.8898],[26.9679,58.8916],[26.9679,58.8922],[26.9665,58.8929],[26.9648,58.893],[26.9638,58.8923],[26.9641,58.8918],[26.9628,58.8905],[26.9599,58.8911],[26.9591,58.8917],[26.9567,58.8911],[26.9548,58.8914],[26.9534,58.8899],[26.9523,58.8897],[26.951,58.8903],[26.9485,58.8901],[26.9471,58.8914],[26.9454,58.892],[26.9444,58.8921],[26.9439,58.893],[26.9423,58.8931],[26.9412,58.8938],[26.9395,58.8934],[26.9371,58.8946],[26.938,58.8956],[26.9367,58.8977],[26.9355,58.8976],[26.9348,58.8982],[26.9324,58.8985],[26.9328,58.8992],[26.9311,58.9],[26.9315,58.9006],[26.9306,58.9014],[26.9276,58.9053],[26.9265,58.9072],[26.9283,58.9094],[26.9287,58.9102],[26.9275,58.912],[26.9271,58.9139],[26.9264,58.9148],[26.9263,58.9149],[26.9243,58.9153],[26.9226,58.9162],[26.9201,58.9187],[26.9189,58.9207],[26.9191,58.9219],[26.9203,58.9229],[26.9216,58.9235],[26.9218,58.9236],[26.9257,58.9284],[26.9261,58.9298],[26.9258,58.9311],[26.9278,58.9347],[26.9282,58.9366],[26.9288,58.9376],[26.9285,58.9383],[26.926,58.9394],[26.9233,58.9395],[26.9231,58.9395],[26.9207,58.9414],[26.9194,58.9413],[26.9175,58.9434],[26.9171,58.9444],[26.9159,58.9446],[26.9151,58.9458],[26.912,58.9455],[26.9101,58.9439],[26.909,58.9443],[26.907,58.9441],[26.9054,58.9445],[26.9045,58.9457],[26.9035,58.9462],[26.9033,58.9472],[26.9017,58.9481],[26.9001,58.9498],[26.8968,58.9511],[26.8942,58.952],[26.8895,58.9514],[26.8893,58.9515],[26.8853,58.9515],[26.8842,58.9513],[26.8822,58.9504],[26.8805,58.9491],[26.877,58.9486],[26.8747,58.9477],[26.8744,58.9476],[26.8727,58.9478],[26.8721,58.9485],[26.8709,58.9488],[26.8689,58.9481],[26.864,58.947],[26.8628,58.9471],[26.8603,58.9481],[26.8583,58.9495],[26.8567,58.9496],[26.8547,58.9507],[26.8544,58.9507],[26.8527,58.9508],[26.851,58.9501],[26.8496,58.95],[26.8478,58.9494],[26.8451,58.9479],[26.8372,58.9426],[26.8366,58.9418],[26.8305,58.9386],[26.8283,58.9376],[26.8214,58.9379],[26.8213,58.9379],[26.819,58.9382],[26.8187,58.9383],[26.8173,58.939],[26.8137,58.939],[26.8132,58.9393],[26.8131,58.9393],[26.8111,58.9394],[26.8073,58.9392],[26.8058,58.9433],[26.8058,58.9434],[26.8043,58.9475],[26.8042,58.9476],[26.8023,58.9529],[26.802,58.953],[26.8009,58.9548],[26.8,58.955],[26.7961,58.9548],[26.7941,58.9562],[26.7935,58.9577],[26.7923,58.9589],[26.7905,58.9591],[26.7871,58.958],[26.7853,58.9582],[26.7842,58.9577],[26.7824,58.9576],[26.78,58.9586],[26.7784,58.9603],[26.774,58.9608]]},"properties":{"name":"Piilsi jõgi"}},
{"type":"Feature","geometry":{"type":"LineString","coordinates":[[26.9804,57.8471],[26.9797,57.8476],[26.9785,57.8478],[26.9767,57.848],[26.973,57.8496],[26.9719,57.8508],[26.9699,57.8516],[26.9678,57.8522],[26.967,57.8527],[26.9655,57.8531],[26.962,57.8546]]},"properties":{"name":"Vahejõgi"}},
{"type":"Feature","geometry":{"type":"MultiLineString","coordinates":[[[25.5769,58.3333],[25.5755,58.3319],[25.5747,58.3317],[25.5745,58.3316],[25.5743,58.3313],[25.5735,58.3307],[25.5721,58.3302],[25.5719,58.3301],[25.5682,58.3285],[25.5673,58.3281],[25.5668,58.3279],[25.5665,58.3277],[25.5661,58.3275],[25.5658,58.3273],[25.5619,58.3253],[25.5609,58.3251],[25.5588,58.3251],[25.5574,58.3246],[25.5563,58.3237],[25.5534,58.3231],[25.553,58.3236],[25.5507,58.3232],[25.5504,58.3227],[25.5476,58.322],[25.5453,58.3218],[25.5415,58.3203],[25.5389,58.3197],[25.5386,58.3191],[25.535,58.3189],[25.534,58.3197],[25.5314,58.3205],[25.5297,58.3214],[25.5271,58.3216],[25.5263,58.3221],[25.5239,58.3229],[25.5205,58.3235],[25.5185,58.3235],[25.5185,58.3242],[25.5161,58.3249],[25.516,58.3257],[25.5149,58.3259],[25.5126,58.3257],[25.5112,58.3269],[25.5099,58.3275],[25.5083,58.3275],[25.5086,58.3283],[25.5053,58.3283],[25.5032,58.329],[25.5015,58.3288],[25.5009,58.3295],[25.4986,58.3298],[25.4987,58.3309],[25.4975,58.3304],[25.4961,58.3307],[25.4958,58.3314],[25.4959,58.3323],[25.4941,58.3326],[25.4934,58.3332],[25.4932,58.3337],[25.4936,58.334],[25.4926,58.3344],[25.4923,58.3352],[25.4909,58.3352],[25.4907,58.3359],[25.4913,58.3366],[25.4901,58.3365],[25.4897,58.3372],[25.4906,58.3376],[25.4891,58.339],[25.4872,58.3399],[25.4851,58.3404],[25.4847,58.3407],[25.482,58.3428],[25.4814,58.344],[25.4774,58.346],[25.4761,58.3475],[25.4761,58.3481],[25.4743,58.3501],[25.4731,58.3506],[25.4722,58.3522],[25.4704,58.3531],[25.4679,58.3536],[25.4665,58.3547],[25.466,58.356],[25.4664,58.3571],[25.4656,58.3578],[25.4627,58.3582],[25.4603,58.3596],[25.46,58.3602],[25.4577,58.3622],[25.454,58.3635],[25.4518,58.3657],[25.4511,58.3662],[25.451,58.3663],[25.4509,58.3663],[25.4497,58.3677],[25.448,58.3718],[25.4469,58.3737],[25.4437,58.3748],[25.4399,58.3779],[25.4382,58.3788],[25.4356,58.3791],[25.4324,58.3801],[25.4273,58.382],[25.4233,58.3841],[25.4198,58.3854],[25.4163,58.3852],[25.41,58.3873],[25.4098,58.3874],[25.409,58.3876],[25.4049,58.3881],[25.397,58.3898],[25.3925,58.3903],[25.3908,58.3899],[25.3879,58.3903],[25.3829,58.3906],[25.3802,58.3914],[25.3787,58.3915],[25.3771,58.3915],[25.3735,58.3926],[25.3714,58.3929],[25.3704,58.3926],[25.3662,58.3924],[25.3642,58.3921],[25.3624,58.3925],[25.3607,58.3939],[25.3581,58.3955],[25.3565,58.3959],[25.354,58.397],[25.3499,58.3969],[25.3491,58.398],[25.3472,58.3981],[25.3455,58.3989],[25.3441,58.3989],[25.3425,58.3998],[25.3411,58.3994],[25.3406,58.3991],[25.3408,58.398],[25.342,58.3971],[25.3389,58.397],[25.3332,58.3956],[25.3331,58.3949],[25.3299,58.3933],[25.3296,58.3941],[25.3285,58.3945],[25.3264,58.394],[25.3255,58.3934],[25.3241,58.3934],[25.3227,58.3939],[25.3216,58.3934],[25.3214,58.3934],[25.3182,58.3927],[25.3154,58.3933],[25.3139,58.3932],[25.3119,58.3923],[25.3098,58.3919],[25.3073,58.3919],[25.3045,58.3916],[25.3027,58.3912],[25.3012,58.3923],[25.2972,58.3916],[25.2959,58.3917],[25.2956,58.391],[25.2929,58.3913],[25.2925,58.3923],[25.2908,58.3917],[25.2899,58.3917],[25.288,58.3935],[25.2868,58.3932],[25.286,58.394],[25.2849,58.3937],[25.2829,58.3943],[25.2824,58.3942],[25.2812,58.3941],[25.2808,58.3944],[25.2803,58.3951],[25.2776,58.3961],[25.2757,58.3965],[25.2756,58.397],[25.2756,58.3974],[25.2759,58.3985],[25.2747,58.3987],[25.2736,58.3997],[25.274,58.4002],[25.2729,58.4008],[25.2726,58.4025],[25.2707,58.4018],[25.2698,58.4029],[25.2705,58.4036],[25.2676,58.4039],[25.2678,58.4049],[25.2661,58.4053],[25.2646,58.4066],[25.2635,58.4064],[25.2612,58.4072],[25.26,58.4063],[25.2578,58.4065],[25.2559,58.4075],[25.2559,58.4086],[25.2548,58.4095],[25.2514,58.4104],[25.2504,58.4102],[25.2495,58.4098],[25.2478,58.4098],[25.2478,58.4118],[25.2458,58.4114],[25.2448,58.4108],[25.2433,58.4112],[25.2415,58.4109],[25.2412,58.4122],[25.2398,58.4124],[25.2396,58.4116],[25.2386,58.4114],[25.2382,58.4118],[25.2374,58.4129],[25.236,58.4125],[25.2354,58.413],[25.2355,58.414],[25.2332,58.4146],[25.2324,58.414],[25.2297,58.4144],[25.2288,58.414],[25.2264,58.414],[25.2244,58.4123],[25.2236,58.413],[25.2239,58.414],[25.2218,58.4149],[25.22,58.4153],[25.2194,58.4145],[25.2171,58.4156],[25.2151,58.4151],[25.2142,58.4145],[25.2124,58.4154],[25.2115,58.4163],[25.2106,58.4156],[25.2087,58.415],[25.2083,58.416],[25.205,58.416],[25.2034,58.4167],[25.201,58.4168],[25.2002,58.4152],[25.1987,58.4149],[25.1968,58.4161],[25.1954,58.416],[25.1953,58.4152],[25.1919,58.4153],[25.1865,58.4158],[25.1872,58.415],[25.1857,58.4143],[25.1834,58.4154],[25.1808,58.4148],[25.1791,58.4141],[25.1779,58.4152],[25.177,58.4154],[25.1757,58.4164],[25.1742,58.4164],[25.1732,58.4154],[25.1723,58.4153],[25.1712,58.4162],[25.1719,58.4174],[25.1704,58.4178],[25.1697,58.4189],[25.1712,58.4197],[25.1688,58.42],[25.1691,58.4208],[25.1716,58.4217],[25.1714,58.4221],[25.1682,58.4226],[25.167,58.4238],[25.1663,58.4238],[25.164,58.4231],[25.1628,58.424],[25.1604,58.4239],[25.1581,58.4229],[25.1563,58.4229],[25.1558,58.4222],[25.1542,58.4226],[25.1507,58.424],[25.1505,58.4231],[25.1487,58.4237],[25.1488,58.4248],[25.1478,58.4252],[25.1449,58.424],[25.1428,58.4256],[25.1412,58.4251],[25.1399,58.4251],[25.1406,58.4264],[25.1376,58.4264],[25.1374,58.4275],[25.1354,58.4276],[25.1359,58.4291],[25.1374,58.4298],[25.1367,58.4313],[25.1345,58.432],[25.1352,58.4336],[25.1338,58.435],[25.1342,58.4361],[25.1335,58.4375],[25.1333,58.4397],[25.1319,58.4411],[25.1326,58.4419],[25.1345,58.4415],[25.1343,58.4423],[25.1296,58.4431],[25.1274,58.4427],[25.1248,58.4431],[25.122,58.442],[25.1139,58.4416],[25.1129,58.4414],[25.1124,58.4399],[25.1107,58.4396],[25.1084,58.4407],[25.1081,58.4415],[25.1089,58.4421],[25.1086,58.4427],[25.106,58.4432],[25.105,58.4432],[25.104,58.4424],[25.1018,58.4425],[25.0994,58.4416],[25.0978,58.4417],[25.0957,58.4424],[25.0943,58.4422],[25.0906,58.4429],[25.0887,58.4426],[25.0858,58.444],[25.0824,58.4435],[25.0793,58.4439],[25.0779,58.445],[25.0761,58.446],[25.0755,58.4477],[25.0759,58.4491],[25.0741,58.4498],[25.0723,58.4517],[25.0722,58.4521],[25.0711,58.4531],[25.0688,58.4536],[25.0644,58.4537],[25.062,58.4537],[25.0612,58.4538],[25.0576,58.4533],[25.0541,58.4535],[25.049,58.4545],[25.0478,58.4535],[25.0455,58.4529],[25.0437,58.4521],[25.0433,58.4512],[25.0416,58.451],[25.0395,58.4515],[25.0383,58.4511],[25.0363,58.4511],[25.0344,58.452],[25.0329,58.4513],[25.0319,58.4515],[25.0318,58.4527],[25.0303,58.4519],[25.0275,58.4533],[25.027,58.4548],[25.0257,58.4547],[25.0243,58.4541],[25.0251,58.4528],[25.0233,58.4523],[25.0221,58.4532],[25.0209,58.4531],[25.0203,58.4518],[25.0186,58.4519],[25.0181,58.4533],[25.0159,58.4534],[25.0133,58.4545],[25.0118,58.4546],[25.0099,58.4531],[25.008,58.4528],[25.0059,58.4527],[25.0022,58.4521],[25.0008,58.4521],[24.9985,58.4528],[24.9967,58.4551],[24.9939,58.4556],[24.9931,58.4559],[24.9931,58.4564],[24.9925,58.4568],[24.9919,58.457],[24.9894,58.4574],[24.9864,58.4586],[24.9868,58.4593],[24.9892,58.4601],[24.9895,58.4606],[24.9881,58.4611],[24.9865,58.4622]],[[25.2812,58.3941],[25.2808,58.3944]],[[25.2829,58.3943],[25.2824,58.3942]],[[25.3216,58.3934],[25.3214,58.3934]],[[25.3411,58.3994],[25.3406,58.3991]],[[25.2756,58.397],[25.2756,58.3974]],[[25.2386,58.4114],[25.2382,58.4118]],[[24.9924,58.4563],[24.9919,58.457]],[[25.062,58.4537],[25.0614,58.4534],[25.0576,58.4533]],[[24.9931,58.4564],[24.9927,58.4565],[24.9924,58.4563],[24.9931,58.4559]],[[24.9927,58.4565],[24.9925,58.4568]]]},"properties":{"name":"Raudna jõgi"}},
{"type":"Feature","geometry":{"type":"MultiLineString","coordinates":[[[25.5056,58.4369],[25.5046,58.4373],[25.5022,58.4374],[25.4986,58.4372],[25.4973,58.4377],[25.4972,58.4377],[25.4949,58.4387],[25.4932,58.4387],[25.4929,58.4387],[25.4887,58.4391],[25.4884,58.4414],[25.4892,58.4433]],[[25.3322,58.4981],[25.3328,58.4972],[25.3354,58.4965],[25.3371,58.4965],[25.3374,58.4973],[25.3389,58.4975],[25.3386,58.499],[25.3415,58.4997],[25.3449,58.4994],[25.3459,58.4998],[25.3477,58.4995],[25.3486,58.5007],[25.3503,58.5007],[25.3514,58.5016],[25.3527,58.502],[25.3553,58.5043],[25.3569,58.504],[25.3581,58.5032],[25.3592,58.5031],[25.3597,58.5023],[25.3608,58.5022],[25.3618,58.5014],[25.3645,58.5018],[25.3661,58.5026],[25.3695,58.5029],[25.3698,58.5023],[25.3718,58.502],[25.3716,58.5014],[25.3727,58.5007],[25.3724,58.4999],[25.3709,58.4997],[25.3706,58.4981],[25.3689,58.4977],[25.3683,58.4965],[25.3695,58.4961],[25.3708,58.4964],[25.3728,58.4956],[25.3739,58.4946],[25.3751,58.4944],[25.3751,58.4935],[25.3767,58.4936],[25.3797,58.4953],[25.382,58.4939],[25.3835,58.4944],[25.3842,58.4941],[25.3844,58.4922],[25.3849,58.4912],[25.3898,58.4903],[25.3899,58.4902],[25.3935,58.4896],[25.3935,58.488],[25.3931,58.4863],[25.3921,58.4848],[25.3924,58.4833],[25.3934,58.4822],[25.3961,58.4817],[25.3963,58.4818],[25.401,58.4822],[25.4052,58.4817],[25.407,58.4817],[25.409,58.481],[25.4092,58.4809],[25.4101,58.4804]],[[25.0722,58.4521],[25.0737,58.4514],[25.0765,58.4507],[25.0798,58.4506],[25.0823,58.4501],[25.085,58.4492],[25.0916,58.4497],[25.0922,58.45],[25.0935,58.4504],[25.0991,58.4514],[25.1001,58.452],[25.1016,58.4519],[25.1041,58.4532],[25.1061,58.4525],[25.1063,58.4535],[25.1078,58.4536],[25.1084,58.4543],[25.1103,58.4542],[25.1105,58.4553],[25.1137,58.4564],[25.115,58.4557],[25.1158,58.4563],[25.1204,58.4563],[25.1208,58.4573],[25.1221,58.4567],[25.1237,58.457],[25.125,58.4565],[25.1276,58.4567],[25.1275,58.4559],[25.1294,58.4557],[25.1305,58.4562],[25.1321,58.4556],[25.1348,58.4551],[25.1382,58.456],[25.1392,58.4556],[25.1405,58.456],[25.1423,58.4559],[25.1431,58.4564],[25.145,58.4565],[25.1469,58.4563],[25.1512,58.4564],[25.1504,58.4568],[25.1528,58.4578],[25.1541,58.4574],[25.157,58.4574],[25.1596,58.458],[25.1613,58.4578],[25.1629,58.4586],[25.1632,58.4594],[25.1679,58.4594],[25.1682,58.4602],[25.1702,58.4604],[25.1725,58.4617],[25.1732,58.461],[25.1748,58.4615],[25.1758,58.4609],[25.1783,58.4613],[25.1789,58.4616],[25.1791,58.4628],[25.1821,58.4631],[25.1832,58.4625],[25.1845,58.4627],[25.1861,58.4622],[25.1862,58.4638],[25.1924,58.4642],[25.193,58.4647],[25.1929,58.4657],[25.1947,58.466],[25.1949,58.4652],[25.1973,58.4642],[25.1978,58.4652],[25.1993,58.4655],[25.2013,58.4649],[25.2014,58.4648],[25.204,58.4636],[25.2054,58.4634],[25.2092,58.4644],[25.2106,58.4652],[25.2114,58.4662],[25.2142,58.4667],[25.2149,58.4673],[25.2171,58.4667],[25.2178,58.4672],[25.2199,58.4674],[25.2217,58.4683],[25.2229,58.4679],[25.2233,58.4685],[25.2258,58.4683],[25.2264,58.4686],[25.2266,58.4686],[25.2285,58.4684],[25.2292,58.4687],[25.2312,58.4684],[25.2375,58.466],[25.2399,58.4678],[25.2412,58.4682],[25.243,58.4685],[25.2449,58.4685],[25.247,58.4694],[25.246,58.47],[25.2459,58.4708],[25.2478,58.4713],[25.2477,58.4719],[25.2486,58.4729],[25.2474,58.4742],[25.2477,58.4752],[25.2466,58.4763],[25.2475,58.4769],[25.248,58.4786],[25.2487,58.4802],[25.2496,58.4806],[25.2498,58.4807],[25.2501,58.4816],[25.252,58.4836],[25.2536,58.4839],[25.2534,58.4858],[25.2571,58.4907],[25.2587,58.4913],[25.2606,58.4931],[25.2663,58.4934],[25.2697,58.4952],[25.271,58.4952],[25.2735,58.496],[25.2745,58.4958],[25.271,58.4952]],[[25.4143,58.4795],[25.4173,58.478],[25.4199,58.4785],[25.422,58.4767],[25.4239,58.4764],[25.4245,58.4751],[25.4256,58.4753],[25.4283,58.4752],[25.429,58.4747],[25.4317,58.4747],[25.4336,58.4745],[25.4338,58.4744]],[[25.485,58.4472],[25.4839,58.4473],[25.4827,58.4475],[25.4779,58.4498],[25.4741,58.4511],[25.474,58.4511],[25.4729,58.4517],[25.4719,58.4539],[25.4672,58.4548],[25.4643,58.4546],[25.4624,58.4582],[25.4624,58.4583],[25.4579,58.4612],[25.458,58.4616],[25.4584,58.4622],[25.4582,58.4644],[25.4565,58.465],[25.4538,58.4646],[25.4518,58.464],[25.451,58.4644],[25.4479,58.4644],[25.4477,58.4644],[25.4475,58.4644]],[[25.4427,58.4654],[25.4426,58.4654],[25.442,58.4664],[25.4434,58.4678],[25.4428,58.4689],[25.4408,58.4693],[25.443,58.4704],[25.4422,58.472]],[[25.3296,58.4999],[25.3276,58.5005],[25.3273,58.5006],[25.3263,58.5006],[25.3256,58.5014],[25.3233,58.5012],[25.323,58.5022],[25.3218,58.5027],[25.3205,58.5025],[25.3192,58.5038],[25.3156,58.5038],[25.3147,58.5044],[25.3116,58.5049],[25.3098,58.5051],[25.3083,58.5062],[25.307,58.5063],[25.3052,58.5054],[25.2991,58.5044],[25.298,58.5039],[25.2941,58.5032],[25.2913,58.5022],[25.2886,58.501],[25.2876,58.5001],[25.2864,58.4998],[25.2848,58.4984],[25.2837,58.4985],[25.2832,58.4972],[25.2821,58.4964],[25.2797,58.4955],[25.2757,58.4959],[25.2747,58.4958],[25.2757,58.4959]],[[25.5057,58.4368],[25.5084,58.4362]],[[25.2266,58.4686],[25.2264,58.4686]],[[25.0922,58.45],[25.0916,58.4497]],[[25.2747,58.4958],[25.2745,58.4958]]]},"properties":{"name":"Lemmjõgi"}},
{"type":"Feature","geometry":{"type":"MultiLineString","coordinates":[[[25.3485,58.2817],[25.3482,58.2815],[25.3503,58.281],[25.3515,58.2804],[25.3527,58.28],[25.3549,58.2791],[25.3558,58.278],[25.356,58.2771],[25.3583,58.2774],[25.3602,58.2766],[25.3619,58.2766],[25.3626,58.2764],[25.3619,58.2766]],[[25.3424,58.2888],[25.3415,58.2894],[25.3396,58.2884],[25.3409,58.2886],[25.3407,58.2875],[25.3427,58.2865],[25.3449,58.2859],[25.346,58.2853],[25.3452,58.2846],[25.3449,58.2834],[25.3458,58.2826],[25.3482,58.2815]],[[25.3027,58.3912],[25.3031,58.3895],[25.3018,58.3888],[25.3027,58.3877],[25.3043,58.3873],[25.3038,58.3846],[25.306,58.3845],[25.3058,58.3836],[25.3068,58.3828],[25.3092,58.3823],[25.3089,58.3816],[25.3057,58.3798],[25.3055,58.3782],[25.3075,58.3768],[25.3098,58.3766],[25.3105,58.3751],[25.3112,58.3744],[25.3137,58.3743],[25.315,58.373],[25.3162,58.3723],[25.3166,58.3715],[25.3154,58.3703],[25.3166,58.3696],[25.3201,58.3707],[25.3221,58.3704],[25.3231,58.3698],[25.3247,58.3703],[25.3263,58.3705],[25.3291,58.3696],[25.3304,58.3684],[25.3295,58.3671],[25.3298,58.3661],[25.332,58.3663],[25.333,58.3654],[25.332,58.3643],[25.3331,58.3632],[25.3332,58.3624],[25.332,58.3611],[25.3302,58.3603],[25.3294,58.3584],[25.327,58.3569],[25.3259,58.3552],[25.327,58.3541],[25.3271,58.3532],[25.3282,58.3525],[25.3287,58.352],[25.3273,58.3515],[25.3267,58.3511],[25.3276,58.3504],[25.3264,58.3497],[25.3278,58.3493],[25.3287,58.3483],[25.3272,58.3474],[25.3276,58.3462],[25.3259,58.3442],[25.3276,58.3436],[25.3276,58.3429],[25.3309,58.3434],[25.3325,58.3425],[25.3337,58.3424],[25.3349,58.3417],[25.3351,58.3405],[25.3366,58.3392],[25.3351,58.3384],[25.3344,58.3374],[25.3339,58.3356],[25.3342,58.3354],[25.3339,58.3352],[25.3336,58.3351],[25.333,58.3343],[25.3345,58.3331],[25.3338,58.3312],[25.3346,58.3303],[25.3334,58.3296],[25.3338,58.3289],[25.3327,58.328],[25.3342,58.3274],[25.3329,58.3268],[25.3327,58.326],[25.3305,58.3235],[25.3307,58.3229],[25.3331,58.3222],[25.3299,58.321],[25.3319,58.3203],[25.3314,58.3196],[25.3297,58.3204],[25.3284,58.3196],[25.3286,58.3187],[25.3294,58.3177],[25.3284,58.3169],[25.3277,58.3146],[25.3288,58.3138],[25.3274,58.313],[25.3266,58.3116],[25.3274,58.3111],[25.3262,58.31],[25.3267,58.3092],[25.3261,58.3086],[25.3232,58.3081],[25.323,58.3069],[25.3213,58.3063],[25.3226,58.3049],[25.3221,58.3038],[25.3223,58.3021],[25.3253,58.3001],[25.3249,58.2987],[25.3264,58.298],[25.3264,58.2974],[25.3299,58.2972],[25.3317,58.2973],[25.3342,58.297],[25.3357,58.296],[25.3365,58.2959],[25.3374,58.2949],[25.3391,58.2944],[25.3396,58.2935],[25.342,58.2931],[25.3413,58.2917],[25.3434,58.2904],[25.3432,58.2896],[25.3415,58.2894]],[[25.5739,58.0406],[25.5739,58.0407],[25.5738,58.0413],[25.5748,58.0418],[25.5805,58.0433],[25.5934,58.0434],[25.5961,58.0437],[25.5963,58.0437],[25.5999,58.0442],[25.605,58.0455],[25.605,58.0473],[25.6087,58.0503],[25.6088,58.0504],[25.6102,58.0515],[25.6124,58.0549],[25.6112,58.057],[25.6129,58.0596],[25.613,58.0598],[25.6144,58.062],[25.6126,58.0627],[25.6114,58.0636],[25.6114,58.0643],[25.6113,58.0645],[25.6104,58.0655],[25.6087,58.066],[25.6069,58.0661],[25.6063,58.0677],[25.6063,58.0678],[25.6068,58.0699],[25.6058,58.0736],[25.6043,58.076],[25.605,58.0782],[25.6061,58.0806],[25.6061,58.0807],[25.6066,58.0817],[25.6066,58.0831],[25.6072,58.0839],[25.6072,58.0841],[25.6081,58.0855],[25.6079,58.0863],[25.6087,58.0866],[25.6094,58.0871],[25.6094,58.0892],[25.6086,58.0902],[25.609,58.0913],[25.61,58.0922],[25.6077,58.0935],[25.604,58.0944],[25.6027,58.096],[25.6013,58.0967],[25.602,58.0986],[25.6004,58.0998],[25.6009,58.1002],[25.6005,58.1015],[25.6014,58.1022],[25.6006,58.1034],[25.5981,58.1055],[25.5979,58.1069],[25.5974,58.1074],[25.5982,58.1088],[25.5982,58.11],[25.5995,58.1117],[25.6007,58.1124],[25.6021,58.112],[25.6042,58.111],[25.6059,58.1113],[25.6079,58.1123],[25.6081,58.1125],[25.6095,58.1126],[25.6103,58.1145],[25.6111,58.1151],[25.6116,58.1167],[25.6098,58.1187],[25.6097,58.1198],[25.6084,58.1196],[25.6079,58.121],[25.6072,58.1216],[25.6074,58.1242],[25.6064,58.1257],[25.6058,58.1285],[25.6049,58.1288],[25.6044,58.1299],[25.6077,58.1311],[25.6116,58.1327],[25.6108,58.1336],[25.6094,58.134],[25.6077,58.1352],[25.6074,58.136],[25.6061,58.1365],[25.6069,58.1375],[25.6052,58.1376],[25.6034,58.139],[25.6015,58.1395],[25.601,58.1405],[25.6,58.1408],[25.5989,58.1419],[25.5975,58.1424],[25.5963,58.1432],[25.5969,58.1438],[25.595,58.1441],[25.5949,58.1451],[25.5936,58.1462],[25.5934,58.147],[25.5904,58.1477],[25.5886,58.1479],[25.5886,58.1508],[25.5893,58.1515],[25.5883,58.1522],[25.5873,58.1518],[25.5857,58.1524],[25.5857,58.153],[25.5836,58.1532],[25.5804,58.1551],[25.581,58.1566],[25.5796,58.1577],[25.5784,58.1578],[25.5782,58.1586],[25.5755,58.1594],[25.5744,58.1603],[25.5737,58.1602],[25.5715,58.1615],[25.5715,58.1624],[25.5703,58.1623],[25.5706,58.1634],[25.5695,58.1641],[25.5702,58.1654],[25.5693,58.1665],[25.5671,58.1677],[25.5665,58.1684],[25.564,58.1686],[25.563,58.1696],[25.5608,58.1701],[25.5607,58.1709],[25.5563,58.1699],[25.5541,58.1699],[25.5527,58.1703],[25.5516,58.1717],[25.5505,58.1725],[25.551,58.1729],[25.5501,58.1743],[25.5479,58.175],[25.5478,58.1769],[25.5468,58.1787],[25.5483,58.1789],[25.5486,58.1817],[25.5458,58.1838],[25.5408,58.1872],[25.5322,58.193],[25.5309,58.194],[25.5267,58.1967],[25.5242,58.1986],[25.5192,58.2044],[25.5179,58.206],[25.5145,58.2096],[25.5095,58.2142],[25.5085,58.2148],[25.5066,58.2152],[25.5061,58.2164],[25.5035,58.2177],[25.5,58.2175],[25.4987,58.2185],[25.4963,58.2191],[25.4958,58.2197],[25.4947,58.2232],[25.4915,58.2237],[25.4904,58.2247],[25.4898,58.2261],[25.4874,58.2276],[25.4864,58.229],[25.4875,58.2303],[25.4874,58.231],[25.4838,58.2317],[25.4827,58.2344],[25.4802,58.2359],[25.4806,58.2369],[25.4833,58.2376],[25.4852,58.2371],[25.4858,58.2377],[25.4849,58.2386],[25.4851,58.2401],[25.4847,58.2412],[25.4837,58.2417],[25.4804,58.2414],[25.4783,58.2418],[25.4768,58.2431],[25.4764,58.2443],[25.4753,58.2454],[25.4747,58.2467],[25.473,58.2472],[25.4709,58.2484],[25.4693,58.2485],[25.4683,58.249],[25.4673,58.2488],[25.4662,58.2503],[25.4675,58.2511],[25.4673,58.2518],[25.4655,58.2526],[25.4649,58.2535],[25.4638,58.2538],[25.4625,58.2534],[25.4618,58.255],[25.4601,58.2557],[25.4495,58.2605],[25.4391,58.2653],[25.4362,58.2666],[25.4339,58.2666],[25.4319,58.2676],[25.4292,58.2665],[25.4264,58.2672],[25.424,58.2674],[25.4242,58.2688],[25.4221,58.2687],[25.419,58.2671],[25.4158,58.2669],[25.4124,58.2676],[25.409,58.2667],[25.4083,58.2669],[25.4055,58.2659],[25.4032,58.2659],[25.3985,58.2652],[25.3957,58.2657],[25.3954,58.2657],[25.3944,58.266],[25.394,58.267],[25.3915,58.2673],[25.3916,58.2682],[25.3907,58.2691],[25.3891,58.2693],[25.3874,58.269],[25.3852,58.2704],[25.3862,58.2711],[25.3861,58.272],[25.3846,58.2731],[25.382,58.2737],[25.3813,58.2746],[25.3803,58.2746],[25.3794,58.2739],[25.3783,58.2738],[25.3757,58.2751],[25.3721,58.2752],[25.3722,58.2741],[25.3694,58.2735],[25.3683,58.2735],[25.3664,58.2737],[25.3648,58.2743],[25.3618,58.2753],[25.3603,58.276],[25.3593,58.2763],[25.3581,58.2767],[25.3583,58.2774]],[[25.6129,58.0596],[25.613,58.0598]],[[25.3722,58.2741],[25.3718,58.2731],[25.37,58.2727],[25.3694,58.2735]],[[25.3683,58.2735],[25.3683,58.2733],[25.3688,58.2731],[25.3679,58.2727],[25.3667,58.2731],[25.3664,58.2737]],[[25.3618,58.2753],[25.3637,58.2756],[25.3626,58.2764]],[[25.3602,58.2766],[25.3593,58.2763]],[[25.353,58.2785],[25.3512,58.28],[25.3513,58.28],[25.3526,58.2799],[25.353,58.2785],[25.3542,58.2779],[25.3535,58.2774],[25.356,58.2771]],[[25.3514,58.2803],[25.3504,58.2804],[25.3512,58.28]],[[25.3332,58.3624],[25.3331,58.3632]],[[25.3526,58.2799],[25.3527,58.28]],[[25.3515,58.2804],[25.3514,58.2803],[25.3513,58.28]],[[25.3504,58.2804],[25.3503,58.281]],[[25.3452,58.2846],[25.3449,58.2859]],[[25.3407,58.2875],[25.3395,58.2877],[25.3396,58.2884]],[[25.3339,58.3352],[25.3339,58.3356]],[[25.3337,58.3424],[25.3325,58.3425]],[[25.3267,58.3511],[25.3273,58.3515]],[[25.5505,58.1725],[25.551,58.1729]]]},"properties":{"name":"Kõpu jõgi"}},
{"type":"Feature","geometry":{"type":"MultiLineString","coordinates":[[[25.0752,58.3624],[25.0737,58.3629],[25.0739,58.3642],[25.0734,58.365],[25.072,58.3659],[25.0706,58.3653],[25.0691,58.3664],[25.07,58.367],[25.0714,58.3672],[25.0721,58.368],[25.0712,58.3687],[25.0733,58.3695],[25.0736,58.37],[25.0701,58.3709],[25.0711,58.3716],[25.0738,58.3721],[25.0725,58.373],[25.074,58.3733],[25.0736,58.374],[25.0712,58.375],[25.0739,58.3753],[25.0738,58.3762],[25.0717,58.3768],[25.074,58.3776],[25.0728,58.3781],[25.0721,58.379],[25.0708,58.379],[25.0698,58.3796],[25.0682,58.3796],[25.0676,58.3801],[25.0678,58.3814],[25.066,58.3815],[25.0652,58.3807],[25.0639,58.3809],[25.0654,58.3819],[25.0634,58.3821],[25.0614,58.3814],[25.059,58.3821],[25.0589,58.381],[25.0557,58.3815],[25.0552,58.3804],[25.0535,58.3804],[25.0534,58.3816],[25.0514,58.3816],[25.05,58.3826],[25.0495,58.3826],[25.0472,58.3824],[25.0468,58.3848],[25.0456,58.3848],[25.0436,58.3858],[25.0445,58.3863],[25.042,58.3871],[25.0435,58.3881],[25.0425,58.3885],[25.0422,58.3894],[25.0424,58.3894],[25.044,58.3907],[25.0422,58.3922],[25.0421,58.3926],[25.0398,58.3927],[25.0389,58.3936],[25.041,58.3946],[25.0397,58.3958],[25.0407,58.3968],[25.0387,58.3968],[25.0388,58.3975],[25.041,58.398],[25.0395,58.3985],[25.0372,58.3985],[25.0383,58.4006],[25.0366,58.4012],[25.0384,58.4033],[25.0384,58.4044],[25.0397,58.4041],[25.0403,58.4051],[25.0387,58.4056],[25.0367,58.4055],[25.0358,58.4064],[25.0373,58.4065],[25.0382,58.4075],[25.0381,58.4091],[25.0377,58.4095],[25.0385,58.4101],[25.0397,58.41],[25.0393,58.4112],[25.0386,58.4118],[25.0394,58.4137],[25.038,58.4152],[25.0369,58.4154],[25.0372,58.4162],[25.0361,58.4172],[25.0384,58.4177],[25.0364,58.4183],[25.0365,58.4193],[25.038,58.4194],[25.0395,58.4202],[25.0412,58.4206],[25.0388,58.4215],[25.0383,58.4224],[25.0405,58.4233],[25.0403,58.4237],[25.0381,58.4239],[25.0372,58.4243],[25.0352,58.4261],[25.0334,58.4255],[25.0321,58.4265],[25.031,58.4291],[25.0311,58.4301],[25.033,58.4313],[25.0336,58.4325],[25.0292,58.4326],[25.0271,58.4335],[25.0268,58.4337],[25.0267,58.4337],[25.0266,58.4338],[25.0256,58.4343],[25.0237,58.435],[25.0224,58.4344],[25.0195,58.4337],[25.0178,58.4345],[25.0169,58.4348],[25.0163,58.4357],[25.0143,58.4364],[25.0146,58.4374],[25.0134,58.4384],[25.012,58.4384],[25.0107,58.4392],[25.0113,58.4399],[25.0137,58.4409],[25.014,58.4414],[25.0132,58.4423],[25.0135,58.4432],[25.0164,58.4448],[25.0141,58.4458],[25.0159,58.4467],[25.0129,58.447],[25.0132,58.4477],[25.0145,58.4482],[25.0135,58.449],[25.0101,58.4486],[25.011,58.4493],[25.0126,58.4498],[25.0118,58.4515],[25.0083,58.4505],[25.0078,58.4511],[25.008,58.4528]],[[25.0751,58.3623],[25.0751,58.3621]],[[25.0369,58.4078],[25.0353,58.4079],[25.034,58.4096],[25.0342,58.41],[25.0361,58.4108],[25.0372,58.4108],[25.0385,58.4101]],[[25.0495,58.3826],[25.0435,58.3881]],[[25.0468,58.3848],[25.0451,58.3857],[25.0445,58.3863]],[[25.0377,58.4095],[25.036,58.4092],[25.0342,58.41]],[[25.027,58.4338],[25.0268,58.4338],[25.0266,58.4338]],[[25.0266,58.4338],[25.0256,58.4343]],[[25.0382,58.4075],[25.0369,58.4078],[25.035,58.4065],[25.0332,58.4072],[25.0333,58.4076],[25.0353,58.4079]],[[25.0393,58.4112],[25.0372,58.4114],[25.0361,58.4121],[25.0345,58.4121],[25.035,58.4131],[25.0367,58.4133],[25.0385,58.4126],[25.0386,58.4118]],[[25.0271,58.4335],[25.027,58.4338]]]},"properties":{"name":"Tõramaa jõgi"}},
{"type":"Feature","geometry":{"type":"LineString","coordinates":[[25.3969,58.1766],[25.3966,58.177],[25.4013,58.1845],[25.4046,58.1893],[25.4063,58.1911],[25.4041,58.1956],[25.4032,58.1968],[25.3927,58.1977],[25.3915,58.1976],[25.3818,58.1983],[25.3789,58.1993],[25.3738,58.2023],[25.3708,58.2057],[25.3704,58.2079],[25.3685,58.2096],[25.3667,58.2137],[25.3654,58.2153],[25.3623,58.2184],[25.3622,58.2186],[25.3596,58.2207],[25.3559,58.2228],[25.3533,58.2234],[25.3457,58.2236],[25.3428,58.225],[25.3417,58.2262],[25.3417,58.2274],[25.3428,58.2289],[25.3405,58.2299],[25.3399,58.2306],[25.3401,58.2316],[25.3388,58.2324],[25.3376,58.2321],[25.3369,58.2329],[25.3371,58.2336],[25.3358,58.2363],[25.3363,58.2366],[25.3356,58.2379],[25.336,58.2387],[25.333,58.2391],[25.3327,58.2391],[25.3314,58.2398],[25.3312,58.241],[25.3304,58.242],[25.3293,58.2423],[25.3295,58.2432],[25.329,58.2444],[25.3272,58.2452],[25.3261,58.2453],[25.326,58.2453],[25.3237,58.2458],[25.3217,58.2468],[25.3198,58.2473],[25.3176,58.2471],[25.3158,58.2476],[25.3166,58.2487],[25.3164,58.2495],[25.3182,58.2517],[25.3148,58.2524],[25.3143,58.252],[25.312,58.2519],[25.3112,58.2534],[25.3111,58.2535],[25.3099,58.2541],[25.306,58.2546],[25.3058,58.2553],[25.3039,58.2553],[25.3036,58.2558],[25.3014,58.2554],[25.3007,58.2556],[25.2956,58.2567],[25.2928,58.2568],[25.2849,58.2567],[25.2823,58.2569],[25.2749,58.2563],[25.2707,58.2542],[25.2687,58.2533],[25.2655,58.2533],[25.2629,58.2535],[25.2599,58.2532],[25.2561,58.2525],[25.2525,58.2514],[25.2458,58.25],[25.2441,58.2499],[25.2402,58.2491],[25.2357,58.2482],[25.2315,58.2473],[25.2294,58.246],[25.2227,58.2436],[25.2187,58.2425],[25.2149,58.243],[25.2147,58.243],[25.2083,58.2437],[25.2065,58.2434],[25.2042,58.2437],[25.2003,58.2434],[25.1984,58.2429],[25.1979,58.2422],[25.1964,58.2413],[25.1942,58.2413],[25.1901,58.2406],[25.1882,58.2411],[25.1853,58.2401],[25.1824,58.2401],[25.1831,58.2391],[25.1824,58.2388],[25.1776,58.2391],[25.1786,58.24],[25.1764,58.2402],[25.1737,58.2412],[25.1717,58.241],[25.1702,58.2418],[25.17,58.2418],[25.1681,58.2411],[25.1635,58.2416],[25.1631,58.2413],[25.1607,58.2419],[25.1571,58.2418],[25.1553,58.2423],[25.1529,58.2423]]},"properties":{"name":"Pale jõgi"}},
{"type":"Feature","geometry":{"type":"LineString","coordinates":[[25.0523,58.1637],[25.0535,58.1647],[25.0541,58.1657],[25.056,58.1674],[25.0528,58.1692],[25.0499,58.168],[25.0498,58.1679],[25.0476,58.1665],[25.0474,58.1651],[25.0465,58.1627],[25.0424,58.1627],[25.0417,58.161],[25.0428,58.158],[25.0426,58.1573],[25.0425,58.1572],[25.0428,58.1562],[25.0421,58.1544],[25.0414,58.1511],[25.0419,58.1505],[25.0417,58.1494],[25.0417,58.1492],[25.0414,58.149],[25.041,58.1474],[25.0397,58.146],[25.0395,58.1459],[25.0391,58.1457],[25.039,58.1457],[25.0379,58.1451],[25.0369,58.1439],[25.0343,58.143],[25.0318,58.1432],[25.03,58.1441],[25.0281,58.1457],[25.0255,58.146],[25.0223,58.1467],[25.017,58.1477],[25.0133,58.1488],[25.0117,58.1503],[25.0122,58.1511],[25.0122,58.1512],[25.0123,58.1514],[25.0124,58.1517],[25.0119,58.1535],[25.0086,58.1569],[25.0069,58.1576],[25.0059,58.1587],[25.0046,58.1589],[25.0042,58.1592],[25.0034,58.1605],[25.0047,58.1614],[25.0038,58.1622],[25.0097,58.1649],[25.009,58.1653],[25.0091,58.1654],[25.0101,58.1653],[25.013,58.1691],[25.0144,58.1712],[25.016,58.173],[25.0205,58.175],[25.0219,58.1752],[25.0222,58.176],[25.0294,58.1779],[25.0308,58.1787],[25.0324,58.1787],[25.0357,58.1794],[25.0361,58.1798],[25.0362,58.1799],[25.0379,58.1805],[25.0399,58.1823],[25.042,58.1826],[25.0439,58.1841],[25.0446,58.186],[25.0458,58.186],[25.0465,58.1867],[25.0482,58.1873],[25.0492,58.1891],[25.0489,58.1896],[25.0506,58.1908],[25.0502,58.1917],[25.0511,58.192],[25.0532,58.1937],[25.0538,58.1937],[25.0557,58.1965],[25.0576,58.1977],[25.0586,58.2004],[25.054,58.2083],[25.0495,58.2136],[25.0507,58.2146],[25.0506,58.2153],[25.0506,58.2154],[25.0521,58.2177],[25.0525,58.2192],[25.0539,58.2211],[25.0556,58.2221],[25.0569,58.2225],[25.0592,58.2238],[25.0614,58.2238],[25.0632,58.2242],[25.0638,58.2238],[25.0657,58.2242],[25.0679,58.2238],[25.0689,58.2256],[25.0697,58.2258],[25.0705,58.2275],[25.0721,58.2284],[25.0747,58.2284],[25.0781,58.2306],[25.0768,58.231],[25.0771,58.2316],[25.0784,58.2318],[25.0795,58.2342],[25.0812,58.235],[25.0832,58.2348],[25.0833,58.2357],[25.0852,58.2359],[25.088,58.2357],[25.0906,58.2361],[25.0908,58.2374],[25.0927,58.2379],[25.0925,58.2398],[25.0934,58.2401],[25.0928,58.2409],[25.0937,58.2414],[25.0978,58.241],[25.0978,58.2417],[25.1009,58.2412],[25.1024,58.2422],[25.1036,58.242],[25.1043,58.2427],[25.1056,58.2429],[25.106,58.2437],[25.1053,58.2445],[25.1061,58.2451],[25.1075,58.2447],[25.1088,58.2447],[25.11,58.2455],[25.1093,58.2461],[25.1104,58.2466],[25.1116,58.2496],[25.1136,58.2494],[25.1151,58.2505],[25.1151,58.2506],[25.1164,58.2509]]},"properties":{"name":"Alva jõgi"}},
{"type":"Feature","geometry":{"type":"MultiLineString","coordinates":[[[25.9472,58.4013],[25.9483,58.4006],[25.9472,58.4026],[25.9456,58.404],[25.9418,58.4056],[25.9401,58.405],[25.937,58.405],[25.9355,58.406],[25.9355,58.4066],[25.9359,58.4084],[25.9341,58.409],[25.9333,58.4097],[25.9323,58.4096],[25.9314,58.4096],[25.9305,58.4098],[25.9298,58.4101],[25.9285,58.4104],[25.927,58.4122],[25.9262,58.4129],[25.9244,58.4131],[25.9228,58.4139],[25.9223,58.4152],[25.9209,58.4154],[25.9187,58.4149],[25.917,58.4158],[25.9167,58.4167],[25.9154,58.4193],[25.9143,58.4195],[25.9124,58.4191],[25.9116,58.42],[25.9108,58.4223],[25.9102,58.4227],[25.9103,58.4237],[25.9104,58.4243],[25.9093,58.4267],[25.9085,58.4279],[25.9064,58.4282],[25.9053,58.4278],[25.9004,58.428],[25.8992,58.428],[25.8977,58.4275],[25.8935,58.4267],[25.8917,58.4265],[25.8901,58.4267],[25.889,58.4275],[25.8869,58.43],[25.8855,58.4303],[25.8847,58.431],[25.8821,58.4313],[25.8812,58.431],[25.8806,58.4296],[25.8814,58.4263],[25.8806,58.4239],[25.8817,58.4227],[25.8801,58.4217],[25.877,58.4211],[25.8764,58.4199],[25.8765,58.4187],[25.8761,58.4184],[25.876,58.4183],[25.8763,58.4174],[25.8759,58.4169],[25.8753,58.4149],[25.8764,58.4139],[25.8745,58.4124],[25.8719,58.4114],[25.8707,58.4105],[25.8685,58.4099],[25.8666,58.4103],[25.865,58.41],[25.8648,58.4088],[25.8628,58.4075],[25.8607,58.4056],[25.8598,58.4029],[25.8589,58.4022],[25.8583,58.4008],[25.8581,58.3997],[25.8597,58.3995],[25.8599,58.3985],[25.8589,58.3981],[25.8561,58.3979],[25.8552,58.3972],[25.8552,58.3966],[25.8538,58.3956],[25.8528,58.3955],[25.8504,58.3964],[25.8474,58.3972],[25.8449,58.3968],[25.8433,58.3958],[25.8402,58.3952],[25.8381,58.3946],[25.8348,58.3947],[25.8331,58.3945],[25.8314,58.3947],[25.83,58.3953],[25.8279,58.3948],[25.8242,58.3945],[25.8203,58.3951],[25.8187,58.3952],[25.8165,58.3951],[25.8149,58.3947],[25.8104,58.3949],[25.8063,58.3956],[25.8032,58.3968],[25.8027,58.3975],[25.8025,58.3989],[25.8019,58.3993],[25.7992,58.3999],[25.7989,58.4],[25.7978,58.4002],[25.7932,58.3999],[25.7896,58.3995],[25.7839,58.398],[25.7808,58.397],[25.7765,58.3953],[25.7716,58.3948],[25.7695,58.3949],[25.7677,58.3946],[25.7669,58.3944],[25.765,58.3943],[25.7641,58.3938],[25.763,58.3937],[25.7597,58.394],[25.757,58.3942],[25.7547,58.3937],[25.7529,58.3938],[25.7496,58.3946],[25.7478,58.3947],[25.7457,58.3944],[25.7438,58.3945],[25.742,58.3939],[25.7413,58.3947],[25.7398,58.395],[25.7387,58.3945],[25.7373,58.3948],[25.7362,58.3941],[25.7346,58.395],[25.7336,58.3941],[25.7324,58.3937],[25.7314,58.3935],[25.7301,58.3938],[25.7281,58.3939],[25.7265,58.3942],[25.7263,58.3947],[25.7242,58.3942],[25.7234,58.3943],[25.7233,58.395],[25.7211,58.3948],[25.7208,58.3958],[25.7197,58.3962],[25.7175,58.3958],[25.7174,58.396],[25.7166,58.3965],[25.7146,58.3953],[25.7113,58.3951],[25.7099,58.3952],[25.7089,58.3952],[25.7074,58.3955],[25.7017,58.3957],[25.6993,58.3975],[25.6988,58.3974],[25.6945,58.3979],[25.693,58.398],[25.6918,58.3982],[25.6908,58.3984],[25.6905,58.3984],[25.6893,58.3983],[25.6868,58.3988],[25.6847,58.3987],[25.684,58.3994],[25.6809,58.3993],[25.6797,58.3998],[25.6763,58.3997],[25.6736,58.4003],[25.6714,58.4006],[25.6689,58.4019],[25.6639,58.4015],[25.6614,58.4006],[25.6598,58.3996],[25.6574,58.3985],[25.6571,58.398]],[[25.9808,58.3969],[25.978,58.3973],[25.9746,58.3986],[25.9709,58.3976],[25.9684,58.3965],[25.9635,58.3957],[25.9626,58.3958],[25.9607,58.3965],[25.9594,58.3959],[25.959,58.395],[25.9581,58.3947],[25.9554,58.3946],[25.9545,58.395],[25.9533,58.3943],[25.9514,58.3938],[25.9503,58.3957],[25.9478,58.3986],[25.9473,58.3995],[25.9483,58.4006]],[[25.9514,58.3938],[25.9528,58.3935],[25.9533,58.3943]],[[25.9545,58.395],[25.9554,58.3946]],[[25.7074,58.3955],[25.7089,58.3952]],[[25.7314,58.3935],[25.7324,58.3937]],[[25.8763,58.4174],[25.8773,58.4182],[25.8765,58.4187]],[[25.9167,58.4167],[25.9195,58.4169],[25.9223,58.416],[25.9223,58.4152]],[[25.9262,58.4129],[25.9261,58.4128],[25.9265,58.4124],[25.927,58.4122]],[[25.9305,58.4098],[25.9311,58.4088],[25.9323,58.4096]],[[25.765,58.3943],[25.7664,58.3945],[25.7677,58.3946]],[[25.7664,58.3945],[25.7669,58.3944]],[[25.9261,58.4128],[25.9265,58.4124]]]},"properties":{"name":"Tänassilma jõgi"}},
{"type":"Feature","geometry":{"type":"MultiLineString","coordinates":[[[25.7506,58.1606],[25.7505,58.1627],[25.7523,58.1636],[25.7548,58.1637],[25.7566,58.1642],[25.7588,58.1658],[25.7601,58.1676],[25.7606,58.1689],[25.7616,58.1702],[25.7634,58.1706],[25.7645,58.1722],[25.7627,58.1737],[25.7582,58.179],[25.7548,58.1804],[25.7551,58.1817],[25.7518,58.1831],[25.7513,58.1845],[25.7514,58.1854],[25.7508,58.1864],[25.7488,58.1877],[25.7488,58.1878],[25.7495,58.1894],[25.7511,58.1952],[25.751,58.1996],[25.7521,58.2028],[25.7521,58.203],[25.7495,58.2057],[25.7502,58.2082],[25.7516,58.2109],[25.7546,58.214],[25.7546,58.2141],[25.7565,58.216],[25.7565,58.2188],[25.7582,58.2194],[25.7581,58.2202],[25.7594,58.2211],[25.7594,58.2232],[25.7597,58.2238],[25.7613,58.2244],[25.7608,58.2249],[25.7618,58.227],[25.7625,58.2282],[25.7641,58.2283],[25.7682,58.2308],[25.7699,58.2305],[25.7731,58.2318],[25.7747,58.2321],[25.7771,58.2322],[25.7799,58.2331],[25.7793,58.2337],[25.7824,58.2346],[25.7821,58.2358],[25.7823,58.2362],[25.7833,58.2373],[25.7835,58.239],[25.7844,58.2399],[25.7832,58.2407],[25.785,58.2426],[25.7856,58.2446],[25.7868,58.2449],[25.786,58.2456],[25.7859,58.2465],[25.7843,58.2472],[25.7858,58.2488],[25.7857,58.249],[25.7859,58.2497],[25.7875,58.2506],[25.7894,58.2508],[25.7893,58.2517],[25.7899,58.2527],[25.7891,58.2537],[25.7909,58.2542],[25.7925,58.2535],[25.7957,58.2537],[25.7971,58.254],[25.7958,58.2552],[25.7972,58.256],[25.7954,58.2567],[25.795,58.2577],[25.7956,58.2584],[25.795,58.2599],[25.7936,58.2612],[25.7933,58.2629],[25.7919,58.2631],[25.791,58.264],[25.7912,58.265],[25.7906,58.2653],[25.7901,58.2664],[25.7894,58.2669],[25.7927,58.2681],[25.7946,58.2679],[25.796,58.2697],[25.7956,58.2714],[25.7972,58.2724],[25.7962,58.2735],[25.7965,58.2744],[25.7981,58.2744],[25.7983,58.2759],[25.8,58.2768],[25.7993,58.2777],[25.7991,58.2786],[25.7969,58.2795],[25.7976,58.2802],[25.7963,58.2804],[25.7955,58.281],[25.796,58.2816],[25.7951,58.2843],[25.7939,58.2848],[25.7957,58.2859],[25.794,58.2869],[25.7936,58.2891],[25.7947,58.2896],[25.7949,58.2906],[25.7962,58.2903],[25.7979,58.2916],[25.7977,58.2927],[25.7965,58.2927],[25.798,58.2945],[25.7977,58.2961],[25.7978,58.2974],[25.7967,58.2984],[25.7972,58.2989],[25.7956,58.3004],[25.796,58.3013],[25.7954,58.3033],[25.7937,58.3038],[25.7936,58.3042],[25.7919,58.3054],[25.7917,58.3066],[25.7939,58.3074],[25.7936,58.3081],[25.7934,58.3084],[25.7933,58.3104],[25.7923,58.3111],[25.7925,58.312],[25.7938,58.3124],[25.7935,58.3134],[25.7919,58.3147],[25.7932,58.3154],[25.7929,58.317],[25.7918,58.3171],[25.7921,58.3183],[25.793,58.3186],[25.7927,58.3196],[25.7923,58.3201],[25.791,58.3212],[25.791,58.322],[25.7902,58.3227],[25.7887,58.3234],[25.7885,58.3241],[25.7882,58.3245],[25.7861,58.3251],[25.7864,58.3257],[25.7851,58.3266],[25.7849,58.3285],[25.7836,58.3301],[25.785,58.3309],[25.7844,58.3321],[25.785,58.3325],[25.7843,58.3333],[25.7844,58.3344],[25.7834,58.3358],[25.7831,58.337],[25.7835,58.3384],[25.7825,58.34],[25.7815,58.3406],[25.7795,58.3411],[25.7777,58.3432],[25.7772,58.3441],[25.7757,58.3449],[25.7746,58.3463],[25.7737,58.3467],[25.7725,58.3484],[25.7703,58.3492],[25.7697,58.3489],[25.7644,58.3515],[25.7617,58.352],[25.7589,58.3521],[25.7564,58.3531],[25.7541,58.3539],[25.7528,58.3551],[25.752,58.3552],[25.7501,58.3552],[25.7493,58.3559],[25.7477,58.3571],[25.7466,58.3575],[25.744,58.3577],[25.7409,58.3587],[25.7401,58.3595],[25.738,58.3602],[25.7351,58.3604],[25.7332,58.361],[25.7328,58.3617],[25.7315,58.3618],[25.7319,58.3624],[25.7304,58.3626],[25.7292,58.3639],[25.7278,58.3641],[25.7262,58.3654],[25.7243,58.3648],[25.7226,58.3655],[25.7229,58.3663],[25.7218,58.3665],[25.7195,58.368],[25.7191,58.3693],[25.7193,58.3705],[25.7183,58.3712],[25.7171,58.3733],[25.7141,58.3756],[25.7151,58.3761],[25.7148,58.3769],[25.7132,58.3777],[25.7118,58.3775],[25.7102,58.3777],[25.7118,58.3775]],[[25.6905,58.3984],[25.6893,58.3972],[25.6886,58.3961],[25.6874,58.3965],[25.6865,58.395],[25.6872,58.3947],[25.6867,58.3939],[25.6875,58.3935],[25.6887,58.3918],[25.6907,58.3901],[25.6908,58.3876],[25.6914,58.3864],[25.6928,58.3863],[25.6931,58.3857],[25.6947,58.3847],[25.6969,58.3845],[25.6988,58.3845],[25.6987,58.3838],[25.6997,58.3834],[25.7006,58.3831],[25.7017,58.3832],[25.7031,58.3824],[25.7034,58.3809],[25.7069,58.3805],[25.7075,58.3802],[25.7093,58.3794],[25.7094,58.3788],[25.7102,58.3777]],[[25.7564,58.3531],[25.7552,58.3546],[25.7528,58.3551]],[[25.7936,58.3081],[25.7934,58.3084]],[[25.7821,58.2358],[25.7823,58.2362]],[[25.7902,58.3227],[25.7908,58.3237],[25.7896,58.3247],[25.7882,58.3245]],[[25.7226,58.3655],[25.7218,58.3665]],[[25.7927,58.3196],[25.7923,58.3201]],[[25.7332,58.361],[25.7315,58.3618]],[[25.752,58.3552],[25.7493,58.3559]],[[25.7887,58.3234],[25.7885,58.3241]],[[25.6931,58.3857],[25.6914,58.3864]],[[25.7725,58.3484],[25.7705,58.3485],[25.7697,58.3489]],[[25.7094,58.3788],[25.7093,58.3794]]]},"properties":{"name":"Ärma jõgi"}},
{"type":"Feature","geometry":{"type":"LineString","coordinates":[[27.4547,58.2163],[27.4555,58.2161],[27.4565,58.2148],[27.4592,58.2141],[27.4607,58.2139],[27.4622,58.2126],[27.4629,58.2124],[27.4645,58.2124],[27.4663,58.2128],[27.4683,58.2132],[27.4702,58.2146]]},"properties":{"name":"Meeksi oja"}},
{"type":"Feature","geometry":{"type":"MultiLineString","coordinates":[[[26.6198,58.3237],[26.6198,58.3239],[26.6195,58.3248],[26.6186,58.325],[26.6171,58.3271],[26.6181,58.3313],[26.6181,58.3314],[26.6186,58.3337],[26.6216,58.3386],[26.6222,58.3392],[26.6252,58.3409],[26.6242,58.3419],[26.6248,58.3438],[26.6264,58.3442],[26.6266,58.3449],[26.6266,58.3458],[26.627,58.3489],[26.6263,58.3502],[26.6249,58.3517],[26.6229,58.3524],[26.6148,58.3543],[26.6139,58.355],[26.6137,58.3552],[26.6115,58.3573],[26.6096,58.3591],[26.6082,58.3631],[26.607,58.3655],[26.6071,58.3667],[26.6071,58.368]],[[26.5045,58.4185],[26.5058,58.4172],[26.5086,58.4156],[26.5085,58.4138],[26.5093,58.4122],[26.509,58.4113],[26.5097,58.411],[26.5288,58.4038],[26.5308,58.4024],[26.536,58.3975],[26.5378,58.3967],[26.5382,58.3959],[26.5407,58.3956],[26.5442,58.3944],[26.548,58.3935],[26.5493,58.3928],[26.551,58.3931],[26.5545,58.3928],[26.5551,58.3931],[26.5555,58.3931]],[[26.6066,58.3797],[26.6061,58.3797],[26.602,58.3807],[26.6007,58.3825],[26.5833,58.387],[26.5816,58.3869],[26.5801,58.3867],[26.5786,58.3874],[26.5793,58.3892],[26.5761,58.3901],[26.5734,58.3898],[26.5698,58.3888]],[[26.6127,58.319],[26.6131,58.3181],[26.6125,58.3173],[26.6126,58.317],[26.6128,58.3167],[26.6122,58.3134],[26.6066,58.3098],[26.6048,58.3092],[26.6022,58.3077],[26.6011,58.3077],[26.599,58.3063],[26.5978,58.3049],[26.5974,58.3034],[26.599,58.3015],[26.6005,58.3006],[26.5994,58.2997],[26.6028,58.2952],[26.6039,58.2944],[26.6071,58.2936],[26.6083,58.2929],[26.6133,58.2898],[26.6254,58.2829],[26.6279,58.2813],[26.6309,58.2664],[26.6265,58.2654]],[[26.607,58.3655],[26.6078,58.3662],[26.6071,58.3667]],[[26.5833,58.3872],[26.5816,58.3869]],[[26.5833,58.3871],[26.5833,58.3872]],[[26.5833,58.387],[26.5833,58.3871]]]},"properties":{"name":"Ilmatsalu jõgi"}},
{"type":"Feature","geometry":{"type":"LineString","coordinates":[[24.3325,58.5982],[24.3326,58.5998],[24.3342,58.6055],[24.3339,58.6068],[24.3282,58.6086],[24.3219,58.6128],[24.3218,58.6128],[24.3212,58.6144],[24.3205,58.6186],[24.3223,58.6202],[24.3225,58.6203],[24.3237,58.6216],[24.326,58.6249],[24.3242,58.6281],[24.3237,58.6286],[24.3153,58.632],[24.3151,58.632],[24.3005,58.6364],[24.2988,58.6359],[24.2986,58.6358],[24.2864,58.6316],[24.2862,58.6316],[24.2676,58.6393],[24.2643,58.6388],[24.2641,58.6388],[24.2605,58.6382],[24.2477,58.6424],[24.2449,58.6434],[24.2447,58.6434],[24.2424,58.6433],[24.2384,58.6427],[24.2327,58.6412],[24.2288,58.6404],[24.2253,58.6407],[24.2222,58.6398],[24.2196,58.6388],[24.2118,58.6406],[24.208,58.6412],[24.1909,58.644],[24.1753,58.6466],[24.158,58.6471],[24.1577,58.6472],[24.1562,58.6483],[24.1554,58.6488],[24.1509,58.6517],[24.1475,58.6537],[24.1285,58.6638],[24.1262,58.6651],[24.111,58.6743],[24.0978,58.6827],[24.0971,58.686],[24.1003,58.6885],[24.1006,58.6926],[24.1004,58.6933],[24.1009,58.6986],[24.1016,58.7032],[24.0972,58.7066],[24.0957,58.707],[24.0929,58.7084],[24.091,58.7087],[24.0864,58.7105],[24.085,58.7123],[24.0825,58.7125],[24.0808,58.7134],[24.08,58.7142],[24.0776,58.7128],[24.0741,58.712],[24.0735,58.7102],[24.072,58.71],[24.0693,58.7107],[24.0646,58.71],[24.0598,58.7103],[24.0568,58.7099],[24.0554,58.7094],[24.0536,58.7099],[24.0519,58.7099],[24.0509,58.7103],[24.048,58.711],[24.0472,58.7114],[24.0471,58.7115],[24.0458,58.7122],[24.0442,58.7124],[24.0435,58.7137],[24.0419,58.714],[24.0388,58.7154],[24.036,58.7157],[24.0313,58.7165]]},"properties":{"name":"Allika jõgi"}},
{"type":"Feature","geometry":{"type":"MultiLineString","coordinates":[[[26.2788,59.5789],[26.2791,59.5775],[26.2773,59.5773],[26.2749,59.5764],[26.2735,59.5763],[26.2721,59.5758],[26.2705,59.5746],[26.2688,59.5742],[26.2682,59.5725],[26.2673,59.5717],[26.2647,59.571],[26.2645,59.5702],[26.262,59.57],[26.261,59.5695],[26.2607,59.5687],[26.2594,59.5676],[26.2575,59.5671],[26.2563,59.5673],[26.2552,59.5674],[26.2534,59.567],[26.2505,59.567],[26.2496,59.5677],[26.2485,59.5678],[26.2477,59.567],[26.2458,59.5666],[26.2459,59.5656],[26.2436,59.565],[26.2426,59.5642],[26.2416,59.5624],[26.2416,59.5623],[26.2404,59.5617],[26.2388,59.5617],[26.2409,59.5604],[26.2453,59.5605],[26.2491,59.5595],[26.2492,59.5587],[26.2506,59.5576],[26.2552,59.5575],[26.2564,59.5563],[26.2567,59.5554],[26.2593,59.5539],[26.2613,59.5537],[26.2632,59.5536],[26.2638,59.554],[26.2656,59.5533],[26.266,59.5526],[26.2679,59.5518],[26.2703,59.5513],[26.273,59.5492],[26.2723,59.5486],[26.2725,59.5485],[26.2736,59.5461],[26.2752,59.5459],[26.2757,59.5448],[26.2771,59.5442],[26.2786,59.5443],[26.2789,59.5436],[26.2788,59.5435],[26.2778,59.5431],[26.2777,59.5418],[26.2753,59.5393],[26.2734,59.5393],[26.2726,59.5386],[26.2676,59.538],[26.2675,59.538],[26.2673,59.5371],[26.267,59.537],[26.2668,59.537],[26.2666,59.5368],[26.2671,59.5364],[26.2666,59.536],[26.2665,59.536],[26.2664,59.5357],[26.2664,59.5356],[26.2663,59.5356],[26.2664,59.5357]],[[26.2987,59.458],[26.3002,59.4577],[26.3013,59.458],[26.302,59.4603],[26.3029,59.4607],[26.3052,59.4601],[26.3065,59.4608],[26.3059,59.4626],[26.3057,59.4626],[26.2857,59.4741],[26.2842,59.4758],[26.2841,59.4759],[26.2727,59.4895],[26.2762,59.492],[26.2746,59.4931],[26.2728,59.4935],[26.2701,59.4958],[26.2674,59.4977],[26.2686,59.4988],[26.2692,59.5002],[26.2719,59.501],[26.2721,59.5017],[26.2714,59.5025],[26.2715,59.5049],[26.2693,59.5048],[26.269,59.5039],[26.2677,59.5036],[26.2679,59.503],[26.2663,59.5026],[26.266,59.5037],[26.2659,59.5037],[26.265,59.5037],[26.2646,59.5047],[26.2652,59.505],[26.2651,59.5064],[26.2651,59.5066],[26.2642,59.5081],[26.2642,59.5082],[26.2622,59.5087],[26.2623,59.5094],[26.2606,59.5112],[26.2607,59.5122],[26.2603,59.5137],[26.2609,59.514],[26.2607,59.516],[26.2595,59.5172],[26.2598,59.5172],[26.2597,59.5173],[26.2597,59.518],[26.2596,59.518],[26.2603,59.5188],[26.26,59.5194],[26.2612,59.5199],[26.2615,59.5207],[26.2616,59.5207],[26.2626,59.5218],[26.261,59.5232],[26.261,59.5233],[26.2612,59.5235],[26.2611,59.5238],[26.2606,59.524],[26.2605,59.5241],[26.2604,59.5242],[26.2598,59.5249],[26.2594,59.5251],[26.2587,59.5256],[26.2588,59.5257],[26.2593,59.5263],[26.2594,59.5265],[26.2594,59.5266],[26.2595,59.527],[26.2597,59.5273],[26.2598,59.5275],[26.2601,59.5277],[26.2607,59.5278],[26.2608,59.5278],[26.2609,59.5279],[26.261,59.528],[26.2609,59.5281],[26.2609,59.5283],[26.2612,59.5286],[26.2616,59.5287],[26.262,59.5286],[26.2621,59.5286],[26.2633,59.5285],[26.2639,59.5286],[26.2637,59.5288],[26.2635,59.5288],[26.2636,59.5291],[26.2637,59.5291],[26.264,59.5292],[26.2665,59.5308],[26.2671,59.5318],[26.267,59.5319],[26.2672,59.5332],[26.2665,59.534],[26.2654,59.5344],[26.266,59.5355],[26.2664,59.5356]],[[26.2616,59.5286],[26.2619,59.5285],[26.262,59.5286]],[[26.2607,59.5278],[26.2608,59.5278]],[[26.2591,59.5257],[26.2592,59.5258],[26.2593,59.5261],[26.2593,59.5263]],[[26.2612,59.5286],[26.2615,59.5286],[26.2616,59.5286],[26.2616,59.5287]],[[26.2609,59.5281],[26.2609,59.5282],[26.2609,59.5281]],[[26.2615,59.5286],[26.2619,59.5285],[26.2621,59.5286],[26.2634,59.5287],[26.2633,59.5285]],[[26.2665,59.536],[26.2665,59.5361],[26.266,59.5356],[26.266,59.5355]],[[26.2587,59.5256],[26.2591,59.5257],[26.2588,59.5257]],[[26.2592,59.5258],[26.2593,59.5261]],[[26.2663,59.5356],[26.266,59.5356]],[[26.2665,59.5361],[26.2666,59.5361],[26.2666,59.536]],[[26.2671,59.5364],[26.2672,59.5367],[26.2672,59.5368],[26.2672,59.5369],[26.2673,59.5371]],[[26.261,59.5232],[26.261,59.5233]],[[26.2672,59.5367],[26.267,59.5368],[26.2667,59.5368],[26.2666,59.5368]],[[26.2594,59.5265],[26.2594,59.5266]],[[26.2612,59.5235],[26.2609,59.5237],[26.2606,59.5239],[26.2605,59.5241]],[[26.2609,59.5282],[26.2609,59.5283]],[[26.2665,59.5361],[26.2666,59.5361]],[[26.2675,59.538],[26.2676,59.538]],[[26.2597,59.5273],[26.2595,59.5272],[26.2597,59.5277],[26.2601,59.5277]],[[26.2609,59.5279],[26.261,59.528]],[[26.2598,59.5172],[26.2597,59.5173]],[[26.2595,59.527],[26.2595,59.5272]],[[26.2609,59.5237],[26.2611,59.5238]],[[26.2595,59.5172],[26.2597,59.5173]],[[26.2651,59.5064],[26.2651,59.5066]],[[26.2598,59.5275],[26.2597,59.5277]],[[26.2606,59.524],[26.2604,59.5242]],[[26.267,59.5368],[26.2667,59.5368]],[[26.2634,59.5287],[26.2635,59.5288]],[[26.2637,59.5291],[26.264,59.5292]],[[26.2637,59.5288],[26.2636,59.5291]],[[26.2639,59.5286],[26.2637,59.5288]],[[26.2606,59.524],[26.2606,59.5239]],[[26.2725,59.5485],[26.2723,59.5486]],[[26.2598,59.5249],[26.2594,59.5251]]]},"properties":{"name":"Vainupea jõgi"}},
{"type":"Feature","geometry":{"type":"MultiLineString","coordinates":[[[26.2704,59.0798],[26.2687,59.0792],[26.2684,59.0781],[26.269,59.0777],[26.2671,59.0765],[26.2678,59.0752],[26.2678,59.0741],[26.2632,59.0736],[26.2628,59.0727],[26.2597,59.0726],[26.257,59.0727],[26.2553,59.0724],[26.2552,59.0724],[26.2549,59.072],[26.2548,59.0719],[26.2545,59.0715],[26.2544,59.0708],[26.2544,59.0701],[26.2544,59.07],[26.255,59.0698],[26.2554,59.0691],[26.2557,59.0678],[26.2569,59.0672],[26.2567,59.0667],[26.2561,59.0656],[26.2544,59.0649],[26.2544,59.0639],[26.2577,59.063],[26.2616,59.0612],[26.2604,59.0598],[26.2595,59.0544],[26.2582,59.0538],[26.2563,59.0543],[26.2522,59.0542],[26.251,59.0535],[26.2518,59.0512],[26.2509,59.0499],[26.2505,59.048],[26.2521,59.0462],[26.2525,59.0441],[26.2514,59.0428],[26.2494,59.0425],[26.2472,59.0431],[26.2466,59.044],[26.2414,59.0462],[26.2393,59.045],[26.239,59.045],[26.2374,59.0455],[26.2353,59.0433],[26.234,59.0432],[26.2334,59.0423],[26.2312,59.0418]],[[26.2265,59.0424],[26.2255,59.0426],[26.2245,59.0412],[26.226,59.0404],[26.2273,59.0385],[26.2296,59.032],[26.2296,59.0271],[26.2289,59.0267],[26.2271,59.024],[26.2245,59.0222],[26.2219,59.0219],[26.2192,59.0194],[26.2166,59.0191],[26.216,59.0186],[26.2165,59.0175],[26.218,59.0169],[26.2181,59.0156],[26.2192,59.0154],[26.2192,59.0143],[26.2206,59.0138],[26.2211,59.013],[26.2236,59.0127],[26.2243,59.0118],[26.2234,59.011],[26.2237,59.0101],[26.2203,59.009],[26.2171,59.0083],[26.2134,59.0069],[26.211,59.0056],[26.2091,59.0038]],[[26.2627,59.0699],[26.2628,59.0698],[26.263,59.0695],[26.2616,59.0669],[26.2614,59.0669],[26.2567,59.0667]],[[26.2629,59.0725],[26.2629,59.0724],[26.2632,59.0712],[26.2627,59.0699]],[[26.255,59.0698],[26.2554,59.0691]],[[26.2628,59.0727],[26.2629,59.0725]],[[26.2545,59.0715],[26.2544,59.0708]]]},"properties":{"name":"Nõmme jõgi"}},
{"type":"Feature","geometry":{"type":"LineString","coordinates":[[26.1765,58.8668],[26.1776,58.8684],[26.1772,58.869],[26.1754,58.8694],[26.1746,58.87],[26.1744,58.8708],[26.1732,58.8726],[26.1736,58.874],[26.1727,58.8748],[26.1724,58.8761],[26.1712,58.8765],[26.1694,58.8765],[26.1675,58.8771],[26.1664,58.8784],[26.1633,58.8793],[26.162,58.8804],[26.1624,58.881],[26.1615,58.8821],[26.1619,58.883],[26.1612,58.8836],[26.1589,58.8833]]},"properties":{"name":"Nava jõgi"}},
{"type":"Feature","geometry":{"type":"LineString","coordinates":[[26.6166,57.5093],[26.6142,57.5103],[26.6128,57.5114],[26.6085,57.5114],[26.6069,57.512],[26.6054,57.5112],[26.6045,57.5119],[26.6045,57.5127],[26.6056,57.5145],[26.6022,57.5145],[26.6005,57.5148],[26.597,57.5143],[26.5959,57.5136],[26.5951,57.5143],[26.5952,57.5157],[26.5941,57.516],[26.5913,57.5159],[26.5906,57.5159],[26.5887,57.5171],[26.5887,57.5181],[26.5895,57.5187],[26.5915,57.5191],[26.5925,57.5203],[26.5902,57.5219],[26.5898,57.5227],[26.5912,57.5231],[26.5919,57.5239],[26.5915,57.5247],[26.5902,57.5254],[26.5893,57.5252],[26.5873,57.5259],[26.5871,57.5265],[26.589,57.528],[26.5878,57.5289],[26.5862,57.5295],[26.5862,57.5309],[26.5876,57.5316],[26.5869,57.5322],[26.588,57.5331],[26.588,57.535],[26.5888,57.5356],[26.5887,57.5369],[26.588,57.5374],[26.5867,57.5373],[26.5866,57.5382],[26.5857,57.5387],[26.5849,57.5399],[26.5829,57.5392]]},"properties":{"name":"Peetri jõgi / Melnupe"}},
{"type":"Feature","geometry":{"type":"MultiLineString","coordinates":[[[26.8626,57.6419],[26.8623,57.6408],[26.8634,57.6403],[26.8634,57.6396],[26.8612,57.6383],[26.859,57.6381],[26.8585,57.6373],[26.8559,57.638],[26.8535,57.6392],[26.8525,57.64],[26.8506,57.6401],[26.849,57.6398],[26.8464,57.6415],[26.8463,57.6422],[26.8462,57.6423],[26.846,57.6425],[26.8441,57.6434],[26.8433,57.6443],[26.8404,57.6442],[26.8374,57.6452],[26.8342,57.6455],[26.8337,57.6458],[26.8318,57.6453],[26.8262,57.6452],[26.8236,57.6455],[26.8204,57.6451],[26.8167,57.6448],[26.8152,57.6444],[26.8145,57.6448],[26.8119,57.6456],[26.8113,57.6455],[26.8079,57.6462],[26.8045,57.646],[26.8036,57.6443],[26.8016,57.6437],[26.8007,57.6435],[26.799,57.6432],[26.7976,57.6437],[26.7953,57.6437],[26.7951,57.6438],[26.7942,57.6435]],[[26.7696,57.6319],[26.7697,57.632]],[[26.7661,57.6299],[26.7624,57.6299],[26.7593,57.6294],[26.7581,57.6287],[26.7559,57.6292],[26.7542,57.629],[26.7525,57.6284],[26.7481,57.6265],[26.7466,57.6261],[26.7457,57.6254],[26.7452,57.624],[26.7469,57.6223],[26.7464,57.6215],[26.744,57.6202],[26.7445,57.6191],[26.7438,57.6188],[26.7427,57.6185],[26.7411,57.6189],[26.7402,57.6181],[26.7377,57.6169],[26.7359,57.6164],[26.7353,57.6159],[26.7349,57.6158],[26.7346,57.6156],[26.7343,57.615],[26.7344,57.6126],[26.735,57.6111],[26.7347,57.6105],[26.7347,57.6104],[26.7329,57.6086],[26.7325,57.6071],[26.7315,57.6067],[26.7326,57.6057],[26.7315,57.6043],[26.7309,57.6042],[26.7282,57.6039],[26.7267,57.603],[26.7274,57.6021],[26.7293,57.6018],[26.729,57.6005],[26.7297,57.5996],[26.7298,57.5974],[26.7295,57.5958],[26.7296,57.5958],[26.7311,57.5951],[26.7315,57.5943],[26.7316,57.5932],[26.7313,57.5908],[26.7327,57.5895],[26.7326,57.588],[26.7314,57.5877]],[[26.7741,57.6333],[26.7763,57.634],[26.7808,57.6373],[26.7807,57.6379],[26.785,57.6393],[26.786,57.6401],[26.7875,57.6404],[26.7892,57.6415],[26.7926,57.6428],[26.7939,57.6435],[26.7941,57.6435]]]},"properties":{"name":"Pähni oja"}},
{"type":"Feature","geometry":{"type":"LineString","coordinates":[[27.6904,59.0316],[27.6894,59.0305],[27.6887,59.0291],[27.6896,59.0279],[27.689,59.0256],[27.6864,59.0254],[27.6861,59.0254],[27.6837,59.0244],[27.6808,59.0236],[27.6793,59.0237],[27.6792,59.0238],[27.6775,59.0233],[27.6744,59.0217],[27.6735,59.0219],[27.6684,59.0211],[27.6682,59.0211],[27.6655,59.0211],[27.6643,59.0215],[27.6627,59.0228],[27.6257,59.0329],[27.6254,59.0331],[27.6213,59.04],[27.6203,59.0404],[27.6133,59.0443],[27.6071,59.0506],[27.6063,59.0521],[27.6126,59.0545],[27.6142,59.0569],[27.6143,59.0577],[27.6132,59.0587],[27.613,59.0587],[27.6114,59.0586],[27.6086,59.059],[27.6048,59.0605],[27.6024,59.0633],[27.6022,59.0637],[27.605,59.0651],[27.6018,59.075],[27.6015,59.076]]},"properties":{"name":"Jaama jõgi"}},
{"type":"Feature","geometry":{"type":"MultiLineString","coordinates":[[[24.1676,59.075],[24.1679,59.0886],[24.1673,59.0967],[24.163,59.103],[24.1617,59.1071],[24.1618,59.1074],[24.17,59.117],[24.1727,59.1247],[24.1721,59.1271],[24.1712,59.1326],[24.1809,59.1371],[24.1806,59.1378],[24.1773,59.1416],[24.1777,59.1424],[24.1782,59.1456],[24.1728,59.151],[24.1695,59.1541],[24.1679,59.1566],[24.1678,59.1578],[24.167,59.1593],[24.1647,59.1615],[24.1637,59.1628],[24.1638,59.165],[24.1645,59.1658],[24.1643,59.1667],[24.1631,59.1673],[24.1622,59.1689],[24.1625,59.1695],[24.1641,59.17],[24.164,59.1721],[24.1641,59.1722],[24.1669,59.1735],[24.1662,59.1747],[24.1652,59.175],[24.1663,59.1766],[24.1657,59.1774],[24.1666,59.1785],[24.1656,59.1795],[24.166,59.1805],[24.1674,59.1812],[24.1677,59.1815],[24.1674,59.1818],[24.1678,59.182],[24.1694,59.1825],[24.1698,59.1828],[24.1711,59.185],[24.1701,59.1857],[24.1703,59.1857],[24.1703,59.186],[24.1696,59.1859],[24.168,59.1863],[24.1679,59.1873],[24.1669,59.1878],[24.1667,59.1879],[24.1657,59.1881],[24.1649,59.1893],[24.1652,59.1902],[24.1664,59.1908],[24.1655,59.1916],[24.1644,59.192],[24.1651,59.1939],[24.1639,59.1957],[24.1643,59.1968],[24.1668,59.1973],[24.1673,59.1983],[24.1684,59.1989],[24.1662,59.2],[24.1673,59.2015],[24.1649,59.202],[24.1649,59.2025],[24.1623,59.2035],[24.1606,59.2036],[24.1606,59.2042],[24.1589,59.2047],[24.1586,59.2059],[24.1566,59.2058],[24.1555,59.2064],[24.1579,59.2076],[24.1562,59.2078],[24.1552,59.2086],[24.1554,59.2093],[24.153,59.2096],[24.1542,59.2105],[24.1525,59.2106],[24.1527,59.2113],[24.1519,59.2124],[24.1523,59.2132],[24.1511,59.2138],[24.1493,59.2163],[24.1496,59.2174],[24.149,59.2178],[24.1481,59.2179],[24.1467,59.2186],[24.1461,59.2179],[24.1427,59.2184],[24.1415,59.2182],[24.1406,59.2189],[24.1418,59.2196],[24.1435,59.2195],[24.1436,59.2205],[24.1428,59.2221],[24.1418,59.2229],[24.1421,59.224],[24.1402,59.2257],[24.14,59.2263],[24.1412,59.2267],[24.1399,59.2272],[24.1396,59.2284],[24.1396,59.2286],[24.1393,59.229],[24.1393,59.2302],[24.1385,59.231],[24.1392,59.2322],[24.1389,59.2332],[24.1391,59.2336],[24.1373,59.2342],[24.136,59.2342],[24.1346,59.2349],[24.1331,59.235],[24.1317,59.2352],[24.131,59.2361],[24.1324,59.2384],[24.1314,59.2387],[24.1294,59.2401],[24.1282,59.2412],[24.1287,59.2438],[24.1251,59.2449],[24.1222,59.245],[24.1199,59.2462],[24.1192,59.2469],[24.1165,59.2481],[24.1123,59.2488],[24.1088,59.249],[24.1067,59.2495],[24.1015,59.2536],[24.0996,59.2545],[24.0926,59.2541],[24.09,59.2559],[24.0868,59.2564],[24.0842,59.2576],[24.0837,59.2593],[24.0838,59.2605],[24.0833,59.2611],[24.0838,59.2621],[24.0831,59.2624],[24.0831,59.2643],[24.0824,59.2649],[24.083,59.2661],[24.082,59.2674],[24.0809,59.2682],[24.0788,59.2686],[24.0772,59.2686],[24.0756,59.2703],[24.0747,59.2707],[24.0737,59.2719],[24.0743,59.2724]],[[24.1692,59.1826],[24.1695,59.1829],[24.1692,59.1826],[24.1694,59.1825]],[[24.1669,59.1878],[24.1667,59.1879]],[[24.149,59.2178],[24.1481,59.2179]],[[24.1674,59.1812],[24.1665,59.1812],[24.1665,59.181],[24.1664,59.1812],[24.1665,59.1812]],[[24.1677,59.1815],[24.1678,59.182]],[[24.1666,59.1816],[24.1666,59.1817],[24.1666,59.1816],[24.1664,59.1812]],[[24.1695,59.1829],[24.1698,59.1828]],[[24.1656,59.1795],[24.1659,59.1806],[24.166,59.1805]],[[24.1701,59.1857],[24.1699,59.1859],[24.1701,59.1859],[24.1703,59.1857]],[[24.1659,59.1806],[24.1665,59.181]],[[24.1666,59.1817],[24.1674,59.1818]],[[24.1703,59.186],[24.1701,59.1859]],[[24.1699,59.1859],[24.1696,59.1859]],[[24.1396,59.2286],[24.1393,59.229]]]},"properties":{"name":"Kloostri jõgi"}},
{"type":"Feature","geometry":{"type":"MultiLineString","coordinates":[[[25.6006,59.4615],[25.5983,59.4627],[25.5991,59.4631],[25.5993,59.4645],[25.5971,59.4652],[25.5964,59.4665],[25.5983,59.467],[25.5978,59.4677],[25.5988,59.4691],[25.5993,59.4711],[25.6009,59.4714],[25.6011,59.4726],[25.6023,59.473],[25.6028,59.4743],[25.6044,59.4749],[25.6043,59.475],[25.603,59.4757],[25.6006,59.4752],[25.6001,59.4758],[25.6002,59.4785],[25.5978,59.4794],[25.5963,59.4795],[25.5972,59.4806],[25.597,59.4823],[25.5958,59.4828],[25.5951,59.4839],[25.5932,59.4849],[25.5922,59.4861],[25.594,59.4874],[25.595,59.4876],[25.5965,59.4887],[25.5982,59.4887],[25.5978,59.4898],[25.6017,59.4908],[25.6025,59.4915],[25.6039,59.492],[25.6054,59.4934],[25.6056,59.4935],[25.606,59.4946],[25.6051,59.4957],[25.604,59.4959],[25.6024,59.4953],[25.6012,59.496],[25.5973,59.4969],[25.5969,59.4978],[25.5969,59.4979],[25.598,59.4991],[25.598,59.5],[25.597,59.5012],[25.5928,59.5025],[25.5933,59.5038],[25.5931,59.5046],[25.5939,59.5065],[25.5953,59.5073],[25.5948,59.5086]],[[23.8376,58.3592],[23.8372,58.3602],[23.8353,58.362],[23.8339,58.3629],[23.8339,58.3631],[23.8335,58.3637],[23.8312,58.365],[23.8317,58.3668],[23.8309,58.3675],[23.8324,58.3691],[23.8328,58.3722],[23.8353,58.3727],[23.8353,58.3739],[23.8359,58.3748],[23.8415,58.38],[23.8431,58.3817],[23.8437,58.3827],[23.8447,58.3837],[23.8452,58.3848],[23.8451,58.3849],[23.8449,58.3855],[23.8432,58.386],[23.8425,58.3854],[23.8399,58.386],[23.8395,58.3866],[23.8382,58.3868],[23.8349,58.3863],[23.8349,58.3869],[23.8339,58.3887],[23.8336,58.3897],[23.8361,58.3918],[23.8311,58.3999]],[[23.8311,58.4],[23.8302,58.4015],[23.8285,58.4027],[23.8251,58.4033],[23.822,58.4037],[23.8197,58.4105],[23.8094,58.4179],[23.8051,58.4213],[23.7987,58.4258],[23.7981,58.428],[23.7958,58.43],[23.7938,58.4324]],[[23.7938,58.4325],[23.7914,58.4348],[23.7958,58.4406],[23.7956,58.4408]]]},"properties":{"name":"Kolga jõgi"}},
{"type":"Feature","geometry":{"type":"MultiLineString","coordinates":[[[26.8297,59.1616],[26.8318,59.1618],[26.8435,59.1612],[26.8441,59.1611],[26.8442,59.1611],[26.8501,59.16],[26.8543,59.161],[26.8566,59.1619],[26.8567,59.1619],[26.8576,59.1621],[26.8593,59.1613],[26.8617,59.1612],[26.8697,59.164],[26.8696,59.1655],[26.8714,59.1665],[26.8714,59.1666],[26.8719,59.1669],[26.8759,59.1671],[26.8808,59.1684],[26.8846,59.1685],[26.889,59.1683],[26.8891,59.1683],[26.8899,59.1682],[26.8942,59.1689],[26.8986,59.1724],[26.9005,59.1727],[26.9017,59.1732],[26.9018,59.1733],[26.9057,59.1745],[26.9088,59.175],[26.909,59.175],[26.9111,59.1753],[26.9125,59.1761],[26.9151,59.1762],[26.9152,59.176],[26.9186,59.1766],[26.9202,59.1763],[26.9229,59.1765],[26.9249,59.1773],[26.9251,59.1774],[26.926,59.1778],[26.9263,59.178],[26.9266,59.1781],[26.9273,59.1784],[26.9279,59.1785],[26.9326,59.1788],[26.933,59.1783],[26.9328,59.1777],[26.9326,59.1766],[26.9311,59.1757],[26.9284,59.1748],[26.9284,59.1747],[26.9283,59.1741],[26.9285,59.1738],[26.9286,59.1733],[26.9289,59.1727],[26.9297,59.172],[26.93,59.1716],[26.9304,59.1712],[26.9298,59.1707],[26.9297,59.1706],[26.9292,59.1703],[26.9282,59.1697],[26.9278,59.1684],[26.9279,59.1672],[26.929,59.1668],[26.9302,59.1664],[26.9306,59.1663],[26.9314,59.1661],[26.9316,59.166],[26.9323,59.1657],[26.9349,59.1642],[26.9353,59.1641],[26.9364,59.1637],[26.9373,59.1634],[26.9374,59.1634],[26.9381,59.1631],[26.9397,59.1627],[26.9402,59.1619],[26.94,59.1614],[26.9398,59.1611],[26.9396,59.1606],[26.9395,59.1605],[26.9393,59.1602],[26.9384,59.1593],[26.9378,59.1589],[26.9376,59.1587],[26.9376,59.1586],[26.937,59.1579],[26.9368,59.1577],[26.9367,59.1573],[26.9366,59.1569],[26.9365,59.1562],[26.9365,59.156],[26.9365,59.1559],[26.9366,59.1555],[26.9366,59.1553],[26.9368,59.1547],[26.9369,59.1538],[26.9369,59.1536],[26.9369,59.1532],[26.9369,59.153],[26.937,59.1527],[26.9371,59.152],[26.9372,59.1516],[26.9371,59.1506],[26.9368,59.1501],[26.9366,59.1499],[26.9365,59.1496],[26.9365,59.1495],[26.9363,59.1492],[26.9361,59.1486],[26.936,59.1485],[26.9357,59.1478],[26.9359,59.1472],[26.9359,59.147],[26.936,59.1465],[26.9363,59.1461],[26.9387,59.1443],[26.9398,59.1417],[26.9414,59.1408],[26.9414,59.1402],[26.9411,59.14],[26.9399,59.1392],[26.9398,59.1377],[26.9408,59.1377],[26.9409,59.1377],[26.9416,59.1369],[26.9455,59.1369],[26.9458,59.137],[26.946,59.1371],[26.9463,59.1371],[26.9466,59.1362],[26.9482,59.136],[26.949,59.1354],[26.9502,59.1357],[26.9518,59.135],[26.9544,59.1351],[26.9559,59.1339],[26.9574,59.134],[26.9608,59.1326],[26.961,59.1316],[26.9628,59.1312],[26.964,59.1311],[26.9664,59.1313],[26.9674,59.1305],[26.9689,59.1307],[26.9709,59.1308],[26.9724,59.1308],[26.9737,59.1301],[26.9748,59.1309],[26.9745,59.1318],[26.9757,59.1322],[26.9773,59.1318],[26.9815,59.1318],[26.9825,59.1335],[26.9844,59.1337],[26.9858,59.1345],[26.9868,59.1357],[26.989,59.1357],[26.9925,59.1364],[26.995,59.136],[26.9969,59.136],[26.997,59.1368],[26.9995,59.1369],[27.0008,59.1362],[27.0017,59.1354],[27.0028,59.136],[27.0037,59.1355],[27.0036,59.133],[27.0032,59.1324],[27.0014,59.1316],[27.0013,59.1308],[26.9989,59.1304],[26.9989,59.1298],[26.9968,59.1285],[26.9974,59.1275],[26.9973,59.1264],[26.9987,59.1242],[26.9998,59.1237],[26.9996,59.1223],[26.9989,59.1209],[26.9977,59.1206],[26.9979,59.1194]],[[26.9977,59.1162],[27,59.117],[27.0007,59.1183],[27.0006,59.1209],[27.0003,59.1212],[27.0002,59.1212],[26.9989,59.1209]],[[26.9414,59.1402],[26.9411,59.14]],[[26.9369,59.153],[26.937,59.1527],[26.9371,59.152],[26.9372,59.1516],[26.9384,59.151],[26.9371,59.1506],[26.9368,59.1501]],[[26.9359,59.1472],[26.9359,59.147]],[[26.9365,59.156],[26.9369,59.1559],[26.937,59.1557],[26.9366,59.1555]],[[26.9363,59.1492],[26.9361,59.1486]],[[26.937,59.1579],[26.9368,59.1577]],[[26.9349,59.1642],[26.9353,59.1641],[26.9364,59.1637],[26.9373,59.1634]],[[26.9266,59.1781],[26.9273,59.1784],[26.9279,59.1785]],[[26.9316,59.166],[26.9323,59.1657]],[[26.936,59.1465],[26.9363,59.1461]],[[26.9283,59.1741],[26.9285,59.1738]],[[26.9719,59.1312],[26.9724,59.1308]],[[26.9306,59.1663],[26.9314,59.1661]],[[26.9366,59.1553],[26.9368,59.1547]],[[26.9365,59.1562],[26.936,59.1562],[26.9358,59.156],[26.9365,59.1559]],[[26.9374,59.1634],[26.9381,59.1631],[26.9397,59.1627]],[[26.9408,59.1616],[26.9406,59.1614],[26.9402,59.1614],[26.9398,59.1611],[26.9395,59.1605]],[[26.933,59.1783],[26.9328,59.1777]],[[26.9297,59.1706],[26.9292,59.1703]],[[26.9366,59.1499],[26.9365,59.1496]],[[26.9628,59.1312],[26.964,59.1311]],[[26.929,59.1668],[26.9302,59.1664]],[[26.9304,59.1712],[26.9298,59.1707]],[[26.9297,59.172],[26.93,59.1716]],[[26.936,59.1485],[26.9357,59.1478]],[[26.9286,59.1733],[26.9289,59.1727]],[[26.94,59.1614],[26.9402,59.1614]],[[26.9396,59.1606],[26.9396,59.1602],[26.9384,59.1593]],[[26.946,59.1371],[26.9463,59.1371]],[[26.9455,59.1369],[26.9458,59.137]],[[26.9396,59.1602],[26.9393,59.1602]],[[26.9709,59.1308],[26.9719,59.1312],[26.9736,59.1322],[26.9745,59.1318]],[[26.9378,59.1589],[26.9376,59.1587]],[[26.926,59.1778],[26.9263,59.178]],[[26.9369,59.1538],[26.9369,59.1536],[26.9369,59.1532]],[[26.9406,59.1614],[26.9402,59.1614]],[[26.9249,59.1773],[26.9251,59.1774]],[[26.9397,59.1627],[26.9418,59.1632],[26.9415,59.162],[26.9408,59.1616],[26.9402,59.1619]],[[26.9365,59.1495],[26.9363,59.1492]],[[26.9367,59.1573],[26.9366,59.1569]]]},"properties":{"name":"Kaukvere jõgi"}},
{"type":"Feature","geometry":{"type":"MultiLineString","coordinates":[[[27.1135,58.2068],[27.1156,58.206],[27.1161,58.2054],[27.1179,58.2051],[27.1193,58.2053],[27.1223,58.2049],[27.1238,58.2059],[27.1265,58.2055],[27.1273,58.2065],[27.1304,58.2067],[27.1338,58.2064],[27.1354,58.2071],[27.1373,58.207],[27.1374,58.2076],[27.1393,58.2075],[27.1402,58.208],[27.1426,58.2077],[27.1449,58.2086],[27.1454,58.2094],[27.1489,58.2088],[27.1509,58.2092],[27.1521,58.2085],[27.1533,58.2085],[27.1543,58.2092],[27.156,58.2089],[27.1587,58.2088],[27.1676,58.2074],[27.1686,58.2077],[27.1696,58.2086],[27.1718,58.2088],[27.1745,58.2088],[27.176,58.2093],[27.1812,58.2086],[27.1822,58.2086],[27.1828,58.2087],[27.1846,58.2084],[27.1858,58.2081],[27.187,58.2067],[27.1907,58.2065],[27.192,58.2068],[27.1932,58.2079],[27.1922,58.2086],[27.1929,58.2095],[27.195,58.2102],[27.1999,58.2112],[27.2023,58.2113],[27.2048,58.2119],[27.2047,58.2125],[27.2067,58.2126],[27.2086,58.2137],[27.2119,58.214],[27.2131,58.213],[27.2137,58.212],[27.2167,58.2123],[27.2187,58.2131],[27.2199,58.213],[27.2211,58.2122],[27.2219,58.2127],[27.224,58.2129],[27.2261,58.211],[27.2273,58.2105],[27.229,58.2108],[27.2306,58.2103],[27.2322,58.2094],[27.2322,58.2086],[27.2304,58.2077],[27.2322,58.207],[27.2325,58.2056],[27.2338,58.2052],[27.2377,58.2058],[27.2394,58.2054],[27.2408,58.2056],[27.2424,58.2052],[27.2475,58.2063],[27.2484,58.2068],[27.2483,58.2075],[27.25,58.208],[27.2508,58.2074],[27.252,58.2082],[27.2555,58.2082],[27.261,58.209],[27.2658,58.209],[27.2665,58.209],[27.2672,58.2086],[27.2678,58.2073],[27.2676,58.2052],[27.2667,58.2048],[27.2667,58.2038],[27.265,58.2032],[27.2648,58.2017],[27.2657,58.2009],[27.2655,58.1991],[27.2687,58.1965],[27.268,58.1952],[27.2682,58.1942],[27.2669,58.1925],[27.267,58.1918],[27.2684,58.1908],[27.2681,58.1896],[27.2682,58.1861],[27.2668,58.1848],[27.2642,58.1838],[27.262,58.1836],[27.2602,58.1826],[27.2579,58.182],[27.2529,58.1797],[27.2518,58.1778],[27.2501,58.1771],[27.2483,58.1757],[27.2475,58.1755],[27.2467,58.174],[27.2467,58.1738],[27.2458,58.1721],[27.2451,58.1707],[27.2433,58.1683],[27.243,58.1671],[27.2419,58.1648],[27.2411,58.1622],[27.2373,58.1578],[27.2361,58.1542],[27.2368,58.1522],[27.2376,58.1514],[27.2405,58.148],[27.2417,58.1454],[27.2426,58.1446],[27.2426,58.1438],[27.2411,58.1428],[27.2417,58.1418],[27.2439,58.1406],[27.2442,58.14],[27.2425,58.1389],[27.241,58.1383],[27.2391,58.1375],[27.2374,58.1354],[27.2373,58.1346],[27.2389,58.1323],[27.238,58.1306],[27.2355,58.1279],[27.2351,58.1251],[27.2351,58.125],[27.2338,58.1237],[27.2342,58.122],[27.234,58.1212],[27.2318,58.1197],[27.232,58.1192],[27.2316,58.1171],[27.2343,58.1145],[27.235,58.1139],[27.2352,58.1116],[27.2348,58.1095],[27.234,58.1088],[27.232,58.1084]],[[27.1838,58.0155],[27.1827,58.0161],[27.1825,58.0161],[27.1811,58.0173],[27.1804,58.0187],[27.1803,58.0204],[27.1811,58.0224],[27.1783,58.0233],[27.1777,58.0249],[27.1756,58.0252],[27.173,58.0243],[27.171,58.0242],[27.1706,58.0253],[27.1695,58.0262],[27.1691,58.0276],[27.1671,58.0291],[27.1667,58.0303],[27.1652,58.0301],[27.1633,58.0291],[27.1632,58.0291],[27.1615,58.0306],[27.1625,58.0317],[27.1624,58.0334],[27.1597,58.0353],[27.159,58.0375],[27.161,58.0409],[27.1624,58.0425],[27.1604,58.0433],[27.1598,58.0447],[27.1602,58.0452],[27.1601,58.0453],[27.1607,58.0473],[27.1607,58.048],[27.1614,58.0481],[27.1627,58.0486],[27.1645,58.0495],[27.165,58.0506],[27.1659,58.0505],[27.1686,58.0509],[27.17,58.0516],[27.1694,58.0527],[27.1702,58.0538],[27.1712,58.0545],[27.1712,58.0562],[27.173,58.0564],[27.1744,58.0569],[27.1743,58.0579],[27.1744,58.058]],[[27.1746,58.0583],[27.1752,58.059],[27.1747,58.0605],[27.1758,58.0621],[27.1787,58.0652],[27.1791,58.0659],[27.1792,58.066],[27.1805,58.0668],[27.1806,58.0673]],[[27.1808,58.0674],[27.1818,58.0685],[27.1811,58.0688],[27.1824,58.0694]],[[27.1607,58.0473],[27.1607,58.048]],[[27.1614,58.0481],[27.1627,58.0486]]]},"properties":{"name":"Lutsu jõgi"}},
{"type":"Feature","geometry":{"type":"MultiLineString","coordinates":[[[27.0324,59.3107],[27.0345,59.31],[27.035,59.3092],[27.0411,59.3083],[27.0414,59.3075],[27.0392,59.3063],[27.0399,59.3057],[27.042,59.3056],[27.0436,59.3048],[27.0469,59.3048],[27.0476,59.3043],[27.052,59.3021],[27.0556,59.3017],[27.0589,59.302],[27.0647,59.3016],[27.0745,59.3004],[27.0838,59.2982],[27.0886,59.2942],[27.0907,59.294],[27.092,59.2943],[27.0955,59.2943],[27.097,59.2934],[27.1011,59.2931],[27.106,59.2922],[27.1096,59.2922],[27.1121,59.2918],[27.1133,59.2912],[27.1144,59.2895],[27.1153,59.2875],[27.1151,59.2853],[27.1154,59.2848],[27.1203,59.2822],[27.1232,59.2822],[27.1237,59.2817],[27.1265,59.2819],[27.1295,59.2789],[27.128,59.2773],[27.1265,59.2766],[27.1277,59.2745]],[[26.9724,59.178],[26.9755,59.1769],[26.9816,59.1763],[26.9853,59.1758],[26.9883,59.1734],[26.9913,59.1726],[26.9934,59.1713],[26.9938,59.1711],[26.9944,59.17],[26.9945,59.1699],[27.0148,59.1626],[27.0153,59.1625],[27.0212,59.1629],[27.0276,59.1656],[27.0279,59.167],[27.0309,59.1681],[27.0361,59.169],[27.053,59.1721],[27.0533,59.1724],[27.0529,59.1752],[27.0515,59.1827],[27.0534,59.192],[27.0538,59.1932],[27.0581,59.1999],[27.0678,59.2034],[27.07,59.2043],[27.0857,59.2146],[27.0894,59.2181],[27.0905,59.2214],[27.0935,59.2249],[27.0936,59.225],[27.1028,59.2311],[27.1054,59.2342],[27.1125,59.2426],[27.1212,59.2453],[27.1241,59.2485],[27.1258,59.2524],[27.124,59.2546],[27.1231,59.257],[27.1235,59.2584],[27.1232,59.2609],[27.1228,59.2617],[27.1232,59.2626],[27.1228,59.2638],[27.1238,59.2663],[27.1244,59.2671],[27.1235,59.2688],[27.1253,59.271],[27.1267,59.2713],[27.1283,59.2732],[27.1278,59.2744],[27.1277,59.2745]],[[26.9934,59.1713],[26.9938,59.1711]]]},"properties":{"name":"Ojamaa jõgi"}},
{"type":"Feature","geometry":{"type":"LineString","coordinates":[[24.3571,58.4129],[24.3563,58.4139],[24.3534,58.4137],[24.3517,58.4142],[24.3492,58.4135],[24.3458,58.4136],[24.345,58.4143],[24.3429,58.4133],[24.3416,58.4135],[24.3407,58.4127],[24.3395,58.413],[24.3386,58.4121],[24.3373,58.4119],[24.3366,58.4132],[24.3357,58.4135],[24.3333,58.4132],[24.333,58.4136],[24.3309,58.4138],[24.33,58.4135],[24.3267,58.4137],[24.3246,58.4132],[24.323,58.4134],[24.3225,58.4124],[24.3199,58.411],[24.3181,58.4108],[24.313,58.4115],[24.3091,58.4105],[24.3066,58.4108],[24.3043,58.4117],[24.2997,58.4114],[24.2964,58.4119],[24.2943,58.4126],[24.2925,58.4124]]},"properties":{"name":"Uruste oja"}},
{"type":"Feature","geometry":{"type":"MultiLineString","coordinates":[[[25.9469,58.2712],[25.9374,58.2689],[25.9274,58.2669],[25.9265,58.2666],[25.9266,58.2658],[25.9282,58.2636],[25.9278,58.2626],[25.924,58.254],[25.9218,58.2494],[25.9267,58.2442],[25.9264,58.2434],[25.9253,58.2419],[25.9258,58.2411],[25.9239,58.2399],[25.9236,58.2378],[25.923,58.2375],[25.9191,58.238],[25.9183,58.2386],[25.916,58.2374],[25.9132,58.2367],[25.9125,58.2361],[25.9055,58.2354],[25.904,58.2361],[25.9032,58.2354],[25.9014,58.2348],[25.8986,58.2352],[25.8962,58.2347],[25.8942,58.2349],[25.8933,58.2346],[25.8908,58.2348],[25.8896,58.2344],[25.8889,58.2329],[25.8872,58.2314],[25.8879,58.2307],[25.887,58.2298],[25.8842,58.2287],[25.8813,58.229],[25.8788,58.2284],[25.8762,58.2268],[25.8757,58.226],[25.8762,58.2242],[25.8743,58.2219],[25.8758,58.2208],[25.8747,58.2191],[25.8732,58.2185],[25.8748,58.2177],[25.876,58.218],[25.8777,58.2172],[25.877,58.2147],[25.8756,58.2136],[25.8766,58.2127],[25.8765,58.2118],[25.8773,58.2105],[25.8766,58.2091],[25.8769,58.2087],[25.8768,58.2076],[25.8776,58.207],[25.8776,58.2062],[25.8757,58.2052]],[[25.8755,58.2051],[25.8729,58.2036],[25.8702,58.203],[25.8676,58.2034],[25.8671,58.2029],[25.8646,58.2025],[25.8641,58.202],[25.8616,58.2016],[25.8592,58.2016],[25.8571,58.2009],[25.8569,58.2009],[25.8558,58.2011],[25.8548,58.2003],[25.8509,58.1999],[25.8509,58.1994],[25.8489,58.1983],[25.8484,58.1966],[25.8476,58.196],[25.8435,58.1961],[25.8443,58.1948],[25.8416,58.1944],[25.8413,58.1935],[25.8393,58.1924],[25.8398,58.192],[25.8375,58.1895],[25.8376,58.1876],[25.837,58.1867],[25.8376,58.1864],[25.8366,58.1854],[25.8372,58.1851],[25.8371,58.1834],[25.8359,58.1819],[25.8366,58.1809],[25.8354,58.1803],[25.8353,58.1795],[25.8346,58.1793],[25.8364,58.1769],[25.8355,58.1764],[25.835,58.1749],[25.8338,58.174],[25.8337,58.1739],[25.833,58.1735],[25.8346,58.1725],[25.8341,58.1718],[25.8326,58.1712],[25.83,58.171],[25.8263,58.1697],[25.8244,58.1702],[25.8223,58.1701],[25.8193,58.1686],[25.8184,58.1676],[25.8164,58.1667],[25.8162,58.1653],[25.814,58.1639],[25.8135,58.163],[25.8118,58.1617],[25.8114,58.1604],[25.8127,58.16],[25.8146,58.1581],[25.8144,58.1571],[25.8149,58.1563],[25.8159,58.1562],[25.816,58.1562],[25.8163,58.1549],[25.8167,58.1551],[25.8191,58.1542],[25.8195,58.1533],[25.8195,58.1532],[25.8209,58.1499],[25.8186,58.145],[25.8187,58.1449]]]},"properties":{"name":"Tarvastu jõgi"}},
{"type":"Feature","geometry":{"type":"MultiLineString","coordinates":[[[26.9533,58.1209],[26.9521,58.1213],[26.9511,58.1208],[26.9493,58.1206],[26.9466,58.1212],[26.9441,58.1207],[26.9438,58.1211],[26.9384,58.1241],[26.9375,58.1254],[26.9373,58.1259],[26.9357,58.1269],[26.9355,58.1284],[26.935,58.1289],[26.9356,58.1301],[26.9352,58.1305],[26.9366,58.1313],[26.9361,58.1316],[26.9371,58.1323],[26.9365,58.1329],[26.9385,58.1343],[26.9401,58.1348],[26.941,58.1355],[26.9414,58.1366],[26.9404,58.1378],[26.9405,58.1383],[26.9397,58.1392],[26.9374,58.1403],[26.9373,58.1411],[26.9365,58.1421],[26.9352,58.1429],[26.9366,58.1453],[26.9361,58.1461],[26.932,58.1475],[26.9319,58.1472],[26.9309,58.1466],[26.9285,58.1464],[26.9263,58.1469],[26.9251,58.1478],[26.9256,58.1486],[26.9249,58.1492],[26.9243,58.1487],[26.9224,58.1484],[26.9207,58.1474],[26.9185,58.1462],[26.9187,58.1459],[26.9184,58.1451],[26.9159,58.1439],[26.9135,58.1399],[26.9122,58.1397],[26.9114,58.1387],[26.9122,58.1383],[26.9118,58.1365],[26.9105,58.1355],[26.9088,58.1364],[26.9069,58.1372],[26.9054,58.1373],[26.9039,58.1368],[26.9033,58.1361],[26.9009,58.1354],[26.9,58.1354],[26.8985,58.1342],[26.8971,58.1349],[26.8961,58.1343],[26.8943,58.134],[26.8919,58.1332],[26.8896,58.1338],[26.8878,58.1323],[26.8893,58.1314],[26.8886,58.1302],[26.8856,58.1296],[26.8855,58.1295],[26.8851,58.1287],[26.8839,58.1283],[26.8814,58.1284],[26.8792,58.1271],[26.877,58.1265],[26.8761,58.1256],[26.8745,58.1254],[26.8725,58.1257],[26.872,58.1254],[26.8683,58.1252],[26.8673,58.1253],[26.8627,58.1249],[26.8618,58.1252],[26.8591,58.1241],[26.8575,58.1239],[26.8568,58.1228],[26.8549,58.1226],[26.8535,58.1215],[26.8505,58.1222],[26.8445,58.1224],[26.8445,58.1217],[26.8431,58.1209],[26.844,58.1206],[26.8441,58.1198],[26.8427,58.1189],[26.841,58.1191],[26.8403,58.1186],[26.8362,58.1197],[26.8345,58.1181],[26.8325,58.1183],[26.8297,58.1177],[26.8296,58.1171],[26.8275,58.1164],[26.823,58.1162],[26.8234,58.1155],[26.8205,58.115],[26.8204,58.115],[26.8178,58.1145],[26.8162,58.1139],[26.8146,58.1126],[26.8127,58.1117],[26.8119,58.1116],[26.8125,58.1113],[26.8121,58.1104],[26.8108,58.1103],[26.8104,58.1095],[26.8087,58.1084],[26.8088,58.1068],[26.808,58.1062],[26.8064,58.1062],[26.8051,58.1066],[26.8046,58.1058],[26.8035,58.1055],[26.8022,58.1063],[26.802,58.1074],[26.8003,58.1075],[26.7983,58.1081],[26.7968,58.1076],[26.7939,58.1074],[26.7925,58.1076],[26.7908,58.1065],[26.7893,58.1069],[26.7885,58.1066],[26.7872,58.1073],[26.7859,58.1073],[26.7846,58.1065],[26.7835,58.1074],[26.7807,58.1072],[26.7796,58.1074],[26.7763,58.1068],[26.7749,58.1069],[26.773,58.106],[26.7703,58.106],[26.7694,58.1066],[26.7673,58.106],[26.766,58.1068],[26.7651,58.1065],[26.7649,58.1064],[26.7632,58.1055],[26.7623,58.1054],[26.7628,58.1045],[26.762,58.1037],[26.761,58.1035],[26.7617,58.1024],[26.7615,58.1022],[26.7604,58.1014],[26.7627,58.1007],[26.7632,58.1005],[26.7629,58.1005],[26.7628,58.1004],[26.7634,58.1],[26.7633,58.1005],[26.7632,58.1005]],[[26.6739,58.0652],[26.6748,58.0657],[26.6757,58.0672],[26.6753,58.0682],[26.6781,58.0696],[26.6799,58.0699],[26.6843,58.0708],[26.6871,58.0704],[26.6901,58.0685],[26.6913,58.0684],[26.6936,58.0688],[26.6949,58.0681],[26.6962,58.0679],[26.6963,58.0679],[26.6971,58.0674],[26.7,58.0667],[26.7011,58.0667],[26.7014,58.0666],[26.7032,58.0664],[26.7033,58.0664],[26.7057,58.0669],[26.7062,58.0666],[26.7086,58.0666],[26.7112,58.0661],[26.7128,58.0663],[26.7152,58.0652],[26.7172,58.0656],[26.7174,58.0662],[26.7177,58.0674],[26.7178,58.0675],[26.7194,58.0681],[26.721,58.0681],[26.7224,58.0689],[26.7243,58.0692],[26.7267,58.068],[26.7284,58.0677],[26.7321,58.0684],[26.7324,58.0684],[26.7326,58.0683],[26.7327,58.0683],[26.7342,58.0679],[26.7366,58.0679],[26.7381,58.0685],[26.7415,58.0681],[26.7424,58.0688],[26.7446,58.0696],[26.7445,58.0702],[26.7438,58.0706],[26.7434,58.072],[26.745,58.0727],[26.7479,58.0736],[26.7484,58.0741],[26.7478,58.075],[26.7476,58.0752],[26.7473,58.0754],[26.7472,58.0754],[26.7469,58.0757],[26.7468,58.0757],[26.7484,58.077],[26.75,58.0772],[26.7485,58.0786],[26.7484,58.0804],[26.747,58.082],[26.7464,58.0822],[26.7461,58.0823],[26.7459,58.0825],[26.7444,58.083],[26.7435,58.0839],[26.7448,58.0846],[26.7449,58.0847],[26.7455,58.0849],[26.7456,58.0853],[26.7448,58.0857],[26.7449,58.0857],[26.7449,58.0859],[26.745,58.0861],[26.7449,58.0864],[26.7451,58.0866],[26.747,58.0869],[26.7474,58.0873],[26.7473,58.0874],[26.7474,58.0874],[26.7472,58.0876],[26.7476,58.0886],[26.7471,58.0893],[26.7478,58.0898],[26.7469,58.0905],[26.7481,58.0931],[26.748,58.0941],[26.7476,58.0944],[26.7484,58.0946],[26.7495,58.0945],[26.7514,58.0944],[26.7525,58.0936],[26.7534,58.0942],[26.7552,58.0939],[26.7559,58.094],[26.7582,58.0947],[26.7582,58.096],[26.7583,58.0961],[26.7629,58.0963],[26.7644,58.096],[26.7647,58.0972],[26.7638,58.0982],[26.7643,58.099],[26.7644,58.0995],[26.7641,58.0997],[26.764,58.0999],[26.7634,58.1]],[[26.7449,58.0864],[26.7451,58.0866]],[[26.748,58.0941],[26.7476,58.0944]],[[26.7172,58.0656],[26.7174,58.0662]],[[26.7484,58.0946],[26.7495,58.0945]],[[26.7448,58.0857],[26.7447,58.086],[26.745,58.0861]],[[26.7448,58.0846],[26.7453,58.0846],[26.7449,58.0847]],[[26.7643,58.099],[26.7641,58.0995],[26.7641,58.0997]],[[26.7449,58.0857],[26.7456,58.0857],[26.7455,58.086],[26.7449,58.0859]],[[26.747,58.082],[26.7464,58.0822]],[[26.764,58.0999],[26.7633,58.1005]],[[26.7628,58.1004],[26.7627,58.1006],[26.7627,58.1007]],[[26.7615,58.1022],[26.7617,58.1024]],[[26.7474,58.0873],[26.7474,58.0874]],[[26.7473,58.0874],[26.7472,58.0876]],[[26.7453,58.0846],[26.7455,58.0849]],[[26.7644,58.0995],[26.7641,58.0995]],[[26.7629,58.1005],[26.7627,58.1006]],[[26.7456,58.0853],[26.7456,58.0857]],[[26.7011,58.0667],[26.7014,58.0666]],[[26.7446,58.0696],[26.7445,58.0702]],[[26.7552,58.0939],[26.7559,58.094]],[[26.7461,58.0823],[26.7459,58.0825]],[[26.8119,58.1116],[26.8127,58.1117]]]},"properties":{"name":"Leevi jõgi"}},
{"type":"Feature","geometry":{"type":"MultiLineString","coordinates":[[[26.6697,57.563],[26.6674,57.5637],[26.6663,57.5636],[26.6655,57.5644],[26.6639,57.564],[26.6629,57.5648],[26.6605,57.5652],[26.6596,57.566],[26.6614,57.568],[26.6629,57.5689],[26.6619,57.5698],[26.6621,57.5703],[26.6638,57.5707],[26.6645,57.571],[26.6652,57.5716],[26.6648,57.5722],[26.6635,57.5727],[26.6635,57.5737],[26.661,57.5746],[26.6591,57.5746],[26.6574,57.5752],[26.6563,57.5753],[26.6552,57.5764],[26.655,57.5772],[26.6535,57.5776],[26.6531,57.5786],[26.6544,57.5786],[26.6553,57.5796],[26.6547,57.5802],[26.655,57.5812],[26.6536,57.5821],[26.652,57.5824],[26.651,57.5831],[26.6489,57.582],[26.6477,57.5822],[26.6471,57.583],[26.6472,57.5837],[26.6464,57.5844],[26.6471,57.5853],[26.6456,57.5855],[26.643,57.5848],[26.6401,57.5858],[26.6378,57.5845],[26.6337,57.5844],[26.6325,57.5846],[26.6319,57.5859],[26.6313,57.5863],[26.6295,57.5864],[26.629,57.5869],[26.6267,57.5871],[26.6257,57.5893],[26.6257,57.5902],[26.6242,57.5904],[26.6228,57.5901],[26.6226,57.5894],[26.6219,57.5896],[26.6219,57.5911],[26.6199,57.5913],[26.6186,57.5915],[26.6171,57.5922],[26.6172,57.5928],[26.6156,57.5937],[26.6133,57.594],[26.6103,57.5938],[26.6095,57.5932],[26.6067,57.5935],[26.6038,57.5935],[26.6042,57.5944],[26.6025,57.5945],[26.6002,57.5951],[26.5993,57.5955],[26.5955,57.5959],[26.5946,57.5964],[26.5936,57.5959],[26.592,57.5959],[26.5923,57.5968],[26.5894,57.5963],[26.5894,57.5956],[26.5882,57.5945],[26.587,57.5954],[26.5859,57.5953],[26.5844,57.5944],[26.5834,57.5948],[26.583,57.5956],[26.5845,57.5963],[26.5821,57.5969],[26.5798,57.5962],[26.579,57.5963],[26.5782,57.5973],[26.5756,57.5978],[26.5753,57.5992],[26.5738,57.5989],[26.5732,57.5995],[26.5721,57.5995],[26.5716,57.6008],[26.5727,57.6009],[26.5722,57.6018],[26.571,57.6026],[26.5717,57.6035],[26.5714,57.6045],[26.5694,57.6052],[26.5692,57.6059],[26.568,57.6055],[26.5671,57.6062]],[[26.6645,57.571],[26.6665,57.5713],[26.6661,57.5722],[26.6648,57.5722]]]},"properties":{"name":"Vaidva jõgi"}},
{"type":"Feature","geometry":{"type":"MultiLineString","coordinates":[[[26.0912,58.8603],[26.0903,58.8607],[26.0911,58.8615],[26.0879,58.8622],[26.0847,58.8619],[26.0784,58.8617],[26.0782,58.8617],[26.0757,58.8611],[26.0743,58.8616],[26.0733,58.8624],[26.0733,58.8639],[26.0723,58.8647],[26.0724,58.8652],[26.0723,58.8654],[26.0715,58.866],[26.0693,58.8668],[26.0685,58.8679],[26.068,58.8697],[26.0674,58.8705],[26.0687,58.8712],[26.0654,58.8719],[26.0647,58.8724],[26.0676,58.873],[26.0663,58.8738],[26.0676,58.8745],[26.0667,58.8753],[26.0675,58.8775],[26.0668,58.8781],[26.0654,58.8786],[26.063,58.8783],[26.0601,58.8791],[26.061,58.8806],[26.061,58.8814],[26.0623,58.8822],[26.0618,58.8831],[26.0606,58.8839],[26.0602,58.8851],[26.059,58.885],[26.0582,58.8858],[26.0569,58.8857],[26.0535,58.8858],[26.0532,58.886],[26.0527,58.8864],[26.0491,58.8866],[26.0481,58.8871],[26.0475,58.8871],[26.0474,58.8871],[26.0454,58.8873],[26.0448,58.8893],[26.0389,58.8914],[26.036,58.8957],[26.0356,58.8962],[26.0327,58.8983],[26.0331,58.8992],[26.032,58.9033],[26.0251,58.9089],[26.025,58.909],[26.0194,58.9136],[26.0195,58.9137],[26.0196,58.9138],[26.0211,58.9153],[26.0236,58.9171],[26.0228,58.9186],[26.0202,58.9196],[26.0114,58.9212],[26.0054,58.9225],[26.0033,58.9237],[26.0032,58.9238],[26.0014,58.9253],[26.002,58.9259],[26.0014,58.927],[25.9974,58.9284],[25.991,58.9317],[25.9847,58.9325],[25.9797,58.933],[25.9796,58.933],[25.9754,58.9338]],[[26.0715,58.866],[26.0718,58.8652],[26.0723,58.8647]]]},"properties":{"name":"Oostriku jõgi"}},
{"type":"Feature","geometry":{"type":"LineString","coordinates":[[27.7325,57.8136],[27.7319,57.8144],[27.7288,57.8152],[27.727,57.8164],[27.7245,57.8165],[27.7237,57.8173],[27.722,57.8171],[27.7151,57.8189],[27.7142,57.8195],[27.7127,57.8194],[27.7109,57.8205],[27.7112,57.8209],[27.7091,57.8221],[27.7076,57.8233],[27.7055,57.8235],[27.7038,57.8242],[27.7038,57.8246],[27.7011,57.8252],[27.699,57.8262],[27.6975,57.8262],[27.6962,57.8267],[27.6958,57.8275],[27.6923,57.8286],[27.6901,57.8301],[27.6893,57.83],[27.6868,57.8318],[27.6853,57.8323],[27.6852,57.8323],[27.6849,57.8345],[27.6851,57.8352]]},"properties":{"name":"Митковка"}},
{"type":"Feature","geometry":{"type":"MultiLineString","coordinates":[[[26.1185,59.5861],[26.118,59.5855],[26.1198,59.5847],[26.1207,59.5846],[26.1215,59.5837],[26.1226,59.5834],[26.123,59.5822],[26.1223,59.5816],[26.1207,59.5814],[26.1207,59.579],[26.1223,59.5785],[26.1214,59.5776],[26.1163,59.5773],[26.1129,59.5764],[26.115,59.5757],[26.1165,59.5748],[26.1158,59.5734],[26.1164,59.5726],[26.115,59.5713],[26.1127,59.5708],[26.1123,59.57],[26.1148,59.5691],[26.1134,59.5673],[26.1114,59.5672],[26.1101,59.5676],[26.1088,59.5672],[26.1057,59.5671],[26.1042,59.5664],[26.1041,59.5652],[26.1039,59.565]],[[26.098,59.5622],[26.0945,59.5613],[26.0943,59.5613],[26.0941,59.5614],[26.0924,59.561],[26.0892,59.5616],[26.0884,59.561],[26.0871,59.5613],[26.0853,59.5608],[26.0843,59.5609],[26.081,59.5598],[26.0795,59.5605],[26.078,59.5606],[26.0756,59.5601],[26.0738,59.5601],[26.071,59.5596],[26.0705,59.5599],[26.0671,59.5593],[26.0669,59.5592],[26.0635,59.5603],[26.0597,59.5602],[26.0594,59.5599],[26.0581,59.5591],[26.0551,59.5587],[26.054,59.5589],[26.0522,59.5574],[26.0534,59.5566],[26.053,59.5558],[26.0499,59.5558],[26.0491,59.5553],[26.0463,59.5563],[26.045,59.5557],[26.0442,59.556],[26.0417,59.5554],[26.0384,59.5556],[26.0367,59.5546],[26.0347,59.5539],[26.0291,59.5535],[26.0243,59.5529],[26.0226,59.5534],[26.0219,59.5545],[26.0202,59.5544],[26.0179,59.5536],[26.0172,59.5525],[26.0153,59.5514],[26.0138,59.5509]],[[26.0005,59.5204],[26.0012,59.5192],[26.002,59.5189],[26.0011,59.5178],[26.0013,59.5164],[26.0043,59.5152],[26.0052,59.5128]],[[26.0136,59.5507],[26.0117,59.5496],[26.0019,59.545],[25.9988,59.5422],[25.9946,59.5423],[25.9932,59.5416],[25.9929,59.5376],[25.9961,59.5354],[25.9988,59.5343],[25.9992,59.5337],[25.9996,59.5309],[25.9993,59.5286],[26.0003,59.5269],[26.0001,59.5257],[25.9988,59.524],[25.9985,59.5223],[26.0006,59.5205]]]},"properties":{"name":"Altja jõgi"}},
{"type":"Feature","geometry":{"type":"MultiLineString","coordinates":[[[25.9724,57.9522],[25.9727,57.9523],[25.9733,57.9536],[25.9743,57.9544],[25.9775,57.9541],[25.9778,57.9541],[25.9801,57.9533],[25.9826,57.9535],[25.984,57.9543],[25.9847,57.9551],[25.9839,57.9561],[25.9861,57.9573],[25.986,57.9581],[25.9868,57.9589],[25.9857,57.9595],[25.9848,57.9607],[25.9853,57.9619],[25.984,57.9628],[25.9828,57.9625],[25.9809,57.9627],[25.9793,57.9624],[25.9785,57.963],[25.9746,57.9631],[25.974,57.9643],[25.9733,57.9647]],[[25.9965,57.976],[25.9946,57.9757],[25.9904,57.9761],[25.989,57.9753],[25.9862,57.9749],[25.9851,57.9741],[25.9851,57.9735],[25.9838,57.9732],[25.9831,57.9724],[25.9828,57.9722],[25.9795,57.9725],[25.9766,57.9719],[25.9758,57.9714],[25.9754,57.9707],[25.9771,57.9694],[25.9774,57.9681],[25.9759,57.9677]],[[25.9669,57.9421],[25.9659,57.9426],[25.9628,57.9423],[25.9612,57.9429],[25.9611,57.9438],[25.9599,57.9443],[25.9574,57.9443],[25.9565,57.945],[25.952,57.9452],[25.95,57.9447],[25.9495,57.9441],[25.9494,57.944],[25.9491,57.9432],[25.9476,57.9424],[25.9481,57.9413],[25.9469,57.9404],[25.9457,57.9404],[25.9439,57.9396],[25.9407,57.9388],[25.939,57.9373],[25.938,57.9371],[25.9395,57.9354],[25.9394,57.9341],[25.94,57.9332],[25.9399,57.9323],[25.9374,57.9314],[25.937,57.9307],[25.9371,57.9304],[25.9366,57.9293],[25.937,57.9286],[25.9362,57.928],[25.9362,57.9279],[25.9349,57.926],[25.9349,57.9249],[25.9341,57.9246],[25.934,57.9246],[25.9305,57.9227],[25.9314,57.9223],[25.9308,57.9217],[25.9331,57.9202],[25.9328,57.9193],[25.9309,57.9182],[25.9289,57.9176],[25.9265,57.9165],[25.9246,57.9151],[25.9255,57.9138],[25.9273,57.9129],[25.9273,57.9128],[25.9285,57.9118],[25.9281,57.9107],[25.9258,57.9103],[25.9239,57.9103],[25.9229,57.9088],[25.9238,57.9077],[25.9207,57.9063],[25.9206,57.9062],[25.9183,57.9058],[25.917,57.9068],[25.9152,57.9067],[25.91,57.906],[25.9074,57.9035],[25.904,57.901],[25.9023,57.9014]],[[26.0021,57.9805],[26.0022,57.9805],[26.0027,57.981],[26.0029,57.9815],[26.0028,57.9816],[26.0028,57.9821],[26.0043,57.9827],[26.0033,57.9848],[26.0033,57.9872],[26.0029,57.9878],[26.0012,57.9885],[26.0013,57.9896],[26.0003,57.9899],[25.9982,57.9918],[25.9961,57.9931],[25.9958,57.9943],[25.9969,57.9947],[25.9963,57.9954],[25.9968,57.9961],[25.9957,57.9964],[25.9955,57.9977],[25.9961,57.9986],[25.9956,58.001],[25.9935,58.0017],[25.9931,58.0026],[25.9932,58.0028],[25.992,58.0035],[25.9917,58.0047],[25.9925,58.0055],[25.9919,58.0063],[25.992,58.0074],[25.9937,58.0091],[25.9928,58.01],[25.9946,58.0126],[25.9936,58.0131],[25.9944,58.0137],[25.9931,58.0152],[25.9937,58.0158],[25.9925,58.0171],[25.9935,58.0176],[25.9933,58.019],[25.9939,58.0203],[25.9937,58.0211],[25.992,58.0222],[25.9924,58.0233],[25.9892,58.025],[25.99,58.0255],[25.9874,58.0266],[25.9876,58.0288],[25.9859,58.0308],[25.9846,58.0314],[25.9835,58.0332],[25.9818,58.0337],[25.9776,58.0343],[25.9754,58.0344],[25.9719,58.0352],[25.9722,58.0361],[25.9717,58.0384],[25.9712,58.0384],[25.971,58.0384],[25.9707,58.0384],[25.9698,58.0395],[25.9697,58.0413],[25.9706,58.0462],[25.9711,58.0479],[25.9722,58.0503],[25.9724,58.0506],[25.9729,58.0521]],[[25.9722,58.0503],[25.9724,58.0506]],[[25.95,57.9447],[25.952,57.9452]],[[25.9931,58.0026],[25.9932,58.0028]],[[25.9362,57.9279],[25.9362,57.928]],[[25.9371,57.9304],[25.937,57.9307]],[[25.9273,57.9128],[25.9273,57.9129]]]},"properties":{"name":"Jõku jõgi"}},
{"type":"Feature","geometry":{"type":"LineString","coordinates":[[25.754,57.9172],[25.7532,57.9166],[25.7525,57.9158],[25.7534,57.9151],[25.7516,57.9138],[25.752,57.9126],[25.7513,57.912],[25.7524,57.9105],[25.7536,57.9105],[25.7537,57.9089],[25.7528,57.908],[25.7544,57.9071],[25.7529,57.9065],[25.7515,57.9069],[25.7505,57.9062],[25.753,57.9049],[25.7561,57.9036],[25.7568,57.9037],[25.758,57.903],[25.7574,57.9021],[25.7602,57.9016],[25.7615,57.9011],[25.7613,57.9002],[25.7622,57.8996],[25.7645,57.8991],[25.767,57.8995],[25.7686,57.8992],[25.7701,57.8998],[25.7713,57.8996],[25.772,57.899],[25.7741,57.8995],[25.7746,57.8991],[25.7771,57.8985],[25.7789,57.8976],[25.7816,57.8984],[25.7831,57.8985],[25.7861,57.8983]]},"properties":{"name":"Omuļupe"}},
{"type":"Feature","geometry":{"type":"MultiLineString","coordinates":[[[27.3101,57.9845],[27.311,57.9839],[27.3111,57.9838],[27.3109,57.9825],[27.3111,57.9823],[27.3119,57.9819],[27.3144,57.9826],[27.3197,57.9822],[27.3204,57.9819],[27.3304,57.9852],[27.333,57.9885],[27.333,57.9886],[27.3331,57.9918],[27.3338,57.9932],[27.3334,57.9935],[27.3326,57.9952],[27.3306,57.9973],[27.3326,58.0013],[27.3341,58.0028],[27.3367,58.0044],[27.3389,58.0049],[27.3435,58.0049],[27.3437,58.005],[27.3439,58.0051],[27.3462,58.0061],[27.3464,58.0065],[27.3464,58.0071],[27.3444,58.0086],[27.3436,58.0095],[27.3437,58.0095],[27.3437,58.0099],[27.3419,58.0119],[27.3431,58.0124],[27.3434,58.0125],[27.3432,58.0131],[27.3444,58.0141],[27.3445,58.0141],[27.3448,58.0143],[27.3449,58.0145],[27.3482,58.0161],[27.358,58.0212],[27.3608,58.0218],[27.3664,58.0258],[27.3762,58.0247],[27.3766,58.0246],[27.3793,58.0245],[27.3825,58.0252],[27.3834,58.0278],[27.3831,58.0286],[27.3827,58.0288],[27.3821,58.0299],[27.3807,58.0304],[27.3795,58.0313],[27.3799,58.0325],[27.3784,58.0351],[27.3787,58.0368],[27.3805,58.0372],[27.3814,58.0382],[27.3838,58.0393],[27.3839,58.0394],[27.3839,58.0395],[27.3859,58.0401],[27.3882,58.0419],[27.3885,58.0433],[27.3878,58.0445],[27.3864,58.0457],[27.3852,58.0483],[27.3825,58.0499],[27.3819,58.0506],[27.3814,58.0526],[27.3815,58.0539],[27.3812,58.0558],[27.3817,58.0564],[27.383,58.0569],[27.3836,58.0578],[27.3848,58.0584],[27.3872,58.0601],[27.3879,58.0627],[27.3898,58.0631],[27.3903,58.064],[27.3906,58.0649],[27.3926,58.0663],[27.3938,58.0668],[27.3946,58.068],[27.396,58.0687]],[[27.4014,58.0729],[27.4009,58.072],[27.3989,58.0713],[27.3974,58.0719],[27.3968,58.0703],[27.3961,58.0697],[27.3961,58.0688]],[[27.3439,58.0051],[27.3464,58.0065]],[[27.3903,58.064],[27.3905,58.0653],[27.3926,58.0663]]]},"properties":{"name":"Pahtpää jõgi"}},
{"type":"Feature","geometry":{"type":"MultiLineString","coordinates":[[[24.4091,59.052],[24.4092,59.0524],[24.4168,59.0523],[24.4189,59.0521],[24.4196,59.0524],[24.4212,59.0521],[24.4225,59.0509],[24.4227,59.0497],[24.4234,59.0492],[24.4222,59.0476],[24.423,59.0472],[24.4218,59.0463],[24.4247,59.0459],[24.4248,59.0443],[24.4273,59.0441],[24.428,59.0425],[24.4301,59.0421],[24.4314,59.0412],[24.4339,59.04],[24.4351,59.0404],[24.4362,59.04],[24.437,59.0408],[24.4382,59.0407],[24.4389,59.039],[24.4412,59.0378],[24.4444,59.038],[24.4458,59.0374],[24.4504,59.0374],[24.4518,59.0377],[24.4529,59.039],[24.4548,59.0392],[24.4561,59.0397],[24.4559,59.0407],[24.4545,59.0422],[24.4563,59.0444],[24.4583,59.0449],[24.4599,59.0457],[24.4616,59.0461],[24.462,59.0468],[24.4662,59.0472],[24.4664,59.0476],[24.4665,59.0477],[24.4679,59.049],[24.4697,59.049],[24.47,59.0499],[24.471,59.0504],[24.4734,59.0511],[24.4748,59.0513],[24.4771,59.0526],[24.4773,59.0527],[24.4796,59.053],[24.4806,59.052],[24.482,59.0526],[24.4837,59.0518],[24.4846,59.0508],[24.4855,59.0509],[24.4865,59.0498],[24.4879,59.0496],[24.4886,59.0496],[24.4905,59.0512],[24.4914,59.0516],[24.4929,59.0529],[24.4936,59.0526],[24.4956,59.0532],[24.4975,59.0546],[24.498,59.0544],[24.4983,59.055],[24.5004,59.0565],[24.5006,59.0591],[24.5029,59.0592],[24.5095,59.06],[24.5174,59.0596],[24.5202,59.0607],[24.5211,59.0604],[24.5231,59.0608],[24.5263,59.0606],[24.5287,59.061],[24.53,59.0602],[24.531,59.0602],[24.5312,59.0589],[24.5327,59.0581],[24.5332,59.0577],[24.5334,59.0576],[24.5362,59.058],[24.538,59.0574],[24.5382,59.0568],[24.5399,59.057],[24.542,59.0567],[24.5443,59.056],[24.5455,59.0552],[24.5466,59.0543],[24.5474,59.0537],[24.5523,59.0515],[24.5579,59.0499],[24.561,59.0498],[24.5738,59.0479],[24.5745,59.0479],[24.5804,59.0487],[24.5848,59.0499],[24.5862,59.0518]],[[24.5466,59.0543],[24.5455,59.0552]],[[24.5382,59.0568],[24.5366,59.0565],[24.5346,59.0568],[24.5334,59.0576]],[[24.498,59.0544],[24.4956,59.0532]],[[24.4936,59.0526],[24.4927,59.0525],[24.4914,59.0516]],[[24.4886,59.0496],[24.4879,59.0496]],[[24.5332,59.0577],[24.5327,59.0581]]]},"properties":{"name":"Vardi jõgi"}},
{"type":"Feature","geometry":{"type":"LineString","coordinates":[[26.8344,57.8521],[26.8353,57.853],[26.834,57.8538],[26.8326,57.8554],[26.8309,57.8551]]},"properties":{"name":"Võhandu"}},
{"type":"Feature","geometry":{"type":"MultiLineString","coordinates":[[[27.5998,57.8343],[27.6008,57.8345],[27.601,57.8351]],[[27.7555,57.9029],[27.7552,57.9043],[27.7564,57.9045],[27.7563,57.9054],[27.7547,57.9064],[27.7568,57.9075],[27.7568,57.908],[27.7577,57.9094],[27.7554,57.9104],[27.7565,57.9121],[27.7591,57.9124],[27.7589,57.9138]]]},"properties":{"name":"Пимжа"}},
{"type":"Feature","geometry":{"type":"MultiLineString","coordinates":[[[26.8915,57.6861],[26.8934,57.6855],[26.895,57.6853],[26.8943,57.6835]],[[26.9754,57.6126],[26.9754,57.613],[26.9753,57.613],[26.9715,57.6147],[26.97,57.6152],[26.9691,57.6151],[26.969,57.6154],[26.9681,57.6158],[26.9675,57.617],[26.9665,57.6179],[26.9615,57.6196],[26.9594,57.6197],[26.9548,57.619],[26.9533,57.6194],[26.9513,57.6194],[26.9505,57.6201]],[[26.9263,57.6333],[26.927,57.6339],[26.9303,57.6344],[26.9309,57.6348],[26.93,57.6361],[26.9277,57.637],[26.9273,57.6386],[26.9288,57.6392],[26.9282,57.6398],[26.9297,57.6403],[26.9296,57.641],[26.9317,57.6415],[26.9316,57.6424],[26.9329,57.6432],[26.9324,57.6448],[26.9329,57.6453],[26.9302,57.6466],[26.9288,57.6472],[26.9256,57.6484],[26.9249,57.6492],[26.9229,57.6543],[26.9207,57.6554],[26.9092,57.6618],[26.8975,57.6631],[26.8962,57.6632],[26.8934,57.6632],[26.8919,57.6636],[26.89,57.6637],[26.8862,57.663],[26.8847,57.662],[26.8833,57.6622],[26.8833,57.663],[26.8838,57.6646],[26.8821,57.6663],[26.8799,57.6668],[26.8789,57.6677],[26.8798,57.6683],[26.8795,57.6693],[26.876,57.67],[26.8756,57.6704],[26.8762,57.672],[26.8776,57.6715],[26.879,57.6719],[26.8777,57.6725],[26.8777,57.6739],[26.8797,57.6746],[26.8816,57.6765],[26.8811,57.6776],[26.8816,57.6785],[26.8838,57.6779],[26.8863,57.6784],[26.886,57.679],[26.8879,57.6792],[26.8876,57.6803],[26.8882,57.6808],[26.8904,57.681],[26.8913,57.681],[26.8917,57.6811],[26.892,57.6818]],[[26.7487,57.7613],[26.7502,57.7601],[26.7518,57.7598],[26.7535,57.7588],[26.7582,57.7583],[26.7599,57.7587],[26.7616,57.7586],[26.7628,57.7576],[26.7626,57.7569],[26.765,57.7565],[26.7667,57.757],[26.7693,57.7569],[26.7702,57.7573],[26.7727,57.7569],[26.7742,57.7572],[26.7753,57.7565],[26.779,57.7564],[26.7793,57.7548],[26.7811,57.7537],[26.7817,57.7515],[26.7797,57.7495],[26.7788,57.7493],[26.7783,57.7479],[26.7787,57.7471],[26.7778,57.7465],[26.7797,57.7453],[26.7815,57.7457],[26.783,57.7451],[26.7834,57.7444],[26.7824,57.7441],[26.783,57.743],[26.784,57.7426],[26.7854,57.7426],[26.7863,57.7411],[26.7883,57.74],[26.79,57.739],[26.7885,57.7384],[26.7888,57.7369],[26.7899,57.7364],[26.7896,57.7357],[26.7894,57.7346],[26.7884,57.734],[26.7888,57.732],[26.788,57.7312],[26.7899,57.7308],[26.7915,57.7313],[26.7934,57.7313],[26.7947,57.7309],[26.7974,57.7314],[26.7986,57.7313],[26.8002,57.73],[26.8013,57.7299],[26.8023,57.7307],[26.8038,57.7311],[26.804,57.7301],[26.8051,57.7289],[26.8044,57.7281],[26.8063,57.7272],[26.8072,57.7274],[26.8093,57.7277],[26.8121,57.727],[26.8129,57.7248],[26.814,57.7249],[26.8147,57.7249],[26.8183,57.7236],[26.8192,57.7239],[26.8194,57.7248],[26.8206,57.725],[26.8207,57.7257],[26.8221,57.7264]],[[26.83,57.7291],[26.831,57.7293],[26.8328,57.7288],[26.8336,57.7274],[26.8324,57.7258],[26.833,57.7256],[26.8337,57.7242],[26.8329,57.724],[26.8334,57.7233],[26.8346,57.7226],[26.8349,57.7211],[26.8362,57.7216],[26.8386,57.7213],[26.8399,57.7214],[26.8404,57.7206],[26.8393,57.7203],[26.8378,57.7187],[26.8386,57.7175],[26.8405,57.7171],[26.8394,57.7165],[26.8402,57.7155],[26.8392,57.7144],[26.8412,57.7135],[26.8421,57.7142],[26.845,57.7134],[26.8453,57.7128],[26.8477,57.7132],[26.849,57.712],[26.8507,57.7118],[26.8514,57.7126],[26.8537,57.7111],[26.8559,57.7107],[26.8552,57.7099],[26.8553,57.7091],[26.8538,57.7078],[26.8547,57.707],[26.8551,57.7066],[26.8541,57.7054],[26.8565,57.7053],[26.8574,57.7056],[26.858,57.704],[26.8594,57.7037],[26.8606,57.7029],[26.8625,57.7034],[26.8631,57.704],[26.8652,57.7028],[26.8679,57.7029],[26.8673,57.702],[26.8692,57.7008],[26.8716,57.7008],[26.8746,57.6998],[26.8738,57.6988],[26.8737,57.6976],[26.875,57.6964],[26.8752,57.6957],[26.877,57.6955],[26.8768,57.6948],[26.8787,57.6945],[26.8779,57.6935],[26.8781,57.6929],[26.8824,57.6933],[26.8826,57.6924],[26.8838,57.6911],[26.8858,57.6908],[26.8893,57.691],[26.8895,57.6901],[26.8908,57.6894],[26.891,57.6886]],[[26.8904,57.681],[26.8913,57.681]],[[26.7894,57.7346],[26.7896,57.7357]],[[26.7883,57.74],[26.7867,57.7402],[26.7863,57.7411]],[[26.8147,57.7249],[26.814,57.7249]]]},"properties":{"name":"Pärlijõgi"}},
{"type":"Feature","geometry":{"type":"MultiLineString","coordinates":[[[26.9132,57.7315],[26.9144,57.7309],[26.9162,57.729],[26.9168,57.7295],[26.9185,57.7296]],[[26.8726,57.7694],[26.8708,57.7717],[26.8717,57.7721],[26.8726,57.7733],[26.8737,57.7737],[26.8736,57.7746],[26.8757,57.7757],[26.8764,57.7768],[26.8766,57.7773],[26.8768,57.7774],[26.8778,57.7777],[26.879,57.7788],[26.8798,57.7789],[26.8801,57.7789],[26.8815,57.7792],[26.8829,57.7788],[26.8842,57.7792],[26.8872,57.7794],[26.8883,57.7804],[26.8898,57.7801],[26.8908,57.7809],[26.8948,57.782],[26.8954,57.7831],[26.8961,57.7835],[26.8964,57.7835],[26.8984,57.7843],[26.8988,57.7844],[26.8998,57.7847],[26.9,57.787],[26.8999,57.7872],[26.8993,57.7877]],[[26.9675,57.7037],[26.9662,57.703],[26.9629,57.7018],[26.9599,57.7022],[26.9573,57.702],[26.9555,57.7036],[26.9541,57.7055],[26.953,57.7059],[26.9528,57.7072],[26.9499,57.7088],[26.9495,57.7101],[26.9488,57.7105],[26.9487,57.7115],[26.9474,57.7133],[26.9473,57.7137],[26.9487,57.715],[26.9485,57.7162],[26.9492,57.7171],[26.9492,57.7184],[26.9483,57.7194],[26.9485,57.7208],[26.9449,57.7221],[26.9418,57.7228],[26.9389,57.7236],[26.9376,57.7245],[26.9343,57.7263]],[[26.8987,57.7905],[26.8995,57.7912],[26.8958,57.7933],[26.8933,57.7931],[26.893,57.7935],[26.8927,57.7939],[26.8922,57.7939],[26.8917,57.7941],[26.8915,57.7942],[26.8912,57.794],[26.8905,57.7941],[26.8867,57.7953],[26.8839,57.7952],[26.883,57.7959],[26.8818,57.7958],[26.8806,57.7974],[26.8793,57.7973],[26.878,57.7984],[26.8759,57.7995],[26.8753,57.8001],[26.8741,57.8002],[26.8732,57.8011],[26.87,57.8034],[26.8671,57.8043],[26.866,57.8055],[26.8647,57.8061],[26.8644,57.8068],[26.8665,57.808],[26.8656,57.809],[26.8665,57.8098],[26.8663,57.8108],[26.8677,57.8117],[26.8676,57.8123],[26.8677,57.8129],[26.8696,57.8142],[26.8695,57.8154],[26.8683,57.8163],[26.867,57.8167],[26.8652,57.8182],[26.8606,57.8262],[26.8602,57.8274],[26.8607,57.8283],[26.8604,57.8291],[26.862,57.8299],[26.8629,57.8298],[26.8632,57.8311],[26.8642,57.8311],[26.8645,57.8318],[26.8638,57.8324],[26.8654,57.8332],[26.8658,57.8338],[26.866,57.8355]],[[26.8868,57.7493],[26.8883,57.7481],[26.8892,57.748],[26.8904,57.7472],[26.8927,57.7472],[26.893,57.7461],[26.8949,57.7456],[26.8951,57.7444],[26.8962,57.7443],[26.8989,57.7452],[26.9003,57.7452],[26.9006,57.7445],[26.9028,57.7434],[26.9031,57.7422],[26.9047,57.7418],[26.9043,57.7401]],[[26.9058,57.7368],[26.9078,57.7357]],[[26.9267,57.7264],[26.928,57.7265],[26.9291,57.7267]],[[26.893,57.7935],[26.8927,57.7939]],[[26.8922,57.7939],[26.8917,57.7941]],[[26.8676,57.8123],[26.8677,57.8129]],[[26.8988,57.7844],[26.8998,57.7847]],[[26.8954,57.7831],[26.8961,57.7835]],[[26.8964,57.7835],[26.8984,57.7843]],[[26.8915,57.7942],[26.8912,57.794]]]},"properties":{"name":"Rõuge jõgi"}},
{"type":"Feature","geometry":{"type":"MultiLineString","coordinates":[[[26.2954,58.5767],[26.2987,58.5775],[26.2988,58.5785],[26.2995,58.5793],[26.3018,58.5808],[26.3022,58.5816],[26.3031,58.5828],[26.3031,58.5845],[26.302,58.5846],[26.3018,58.5861],[26.3006,58.5869],[26.3007,58.5878],[26.2996,58.5886],[26.2998,58.5898],[26.3008,58.5905],[26.3003,58.591],[26.3017,58.592],[26.3013,58.5925],[26.3021,58.5936],[26.3055,58.5941],[26.3066,58.5962],[26.3096,58.5983],[26.3097,58.5988],[26.3119,58.5993],[26.3133,58.6001],[26.3139,58.6013],[26.3157,58.601],[26.3187,58.6016],[26.3201,58.6024],[26.3216,58.602],[26.3223,58.6027],[26.3234,58.6026],[26.3254,58.6036],[26.327,58.6052],[26.3258,58.6063],[26.3277,58.6063],[26.3266,58.6072],[26.3252,58.609],[26.3238,58.6094],[26.3224,58.6107],[26.3217,58.6113],[26.3237,58.6127],[26.324,58.6133],[26.3242,58.6144],[26.3234,58.616],[26.3238,58.6164],[26.3239,58.6187],[26.3249,58.6195],[26.3257,58.6209],[26.3267,58.6226],[26.3248,58.6227],[26.3262,58.6249],[26.3287,58.6253],[26.331,58.6262],[26.3317,58.6268],[26.3333,58.6271],[26.3361,58.6271],[26.3375,58.6281],[26.3366,58.6295],[26.3354,58.6299],[26.3357,58.6317],[26.3328,58.6329],[26.3306,58.6324],[26.3305,58.6336],[26.3287,58.6336],[26.3275,58.635],[26.328,58.6355],[26.3271,58.6362],[26.3278,58.6371],[26.327,58.6378],[26.3274,58.6391],[26.3265,58.6398],[26.3268,58.6407],[26.3257,58.6411],[26.325,58.6421],[26.3271,58.6429],[26.3276,58.6441],[26.3269,58.6444],[26.3284,58.6454],[26.3317,58.6466],[26.3316,58.6474],[26.3343,58.6488],[26.3332,58.6493],[26.3324,58.6504],[26.3293,58.6522],[26.3298,58.6526],[26.3289,58.6537],[26.3294,58.6546],[26.3274,58.6571],[26.324,58.6591],[26.3218,58.6595],[26.3217,58.6604],[26.3189,58.6608],[26.3157,58.6601],[26.3153,58.6593],[26.3125,58.6588],[26.31,58.6587],[26.309,58.66],[26.3088,58.6611],[26.3065,58.6632],[26.3079,58.6645],[26.308,58.6655],[26.3092,58.6656],[26.3102,58.6666],[26.3117,58.6672],[26.3109,58.6679],[26.3114,58.6684],[26.312,58.6687],[26.3127,58.6702],[26.3123,58.671],[26.3098,58.6729],[26.3099,58.6742],[26.3094,58.6745],[26.3093,58.6758],[26.3085,58.6769],[26.3098,58.6772],[26.3088,58.6786],[26.3077,58.679],[26.3076,58.6799],[26.3062,58.6803],[26.3062,58.6824],[26.3046,58.6834],[26.3047,58.6842],[26.3022,58.6847],[26.3004,58.6858],[26.2992,58.6851],[26.298,58.6854],[26.2962,58.6869],[26.2915,58.6894],[26.2902,58.6906],[26.2904,58.6917],[26.2919,58.6938],[26.2973,58.6929],[26.3011,58.6937],[26.3023,58.6944],[26.3045,58.695],[26.3048,58.6977],[26.3028,58.6991],[26.3035,58.7013],[26.3029,58.7024],[26.3028,58.7025],[26.3041,58.7034],[26.3023,58.7037],[26.2993,58.7034],[26.2986,58.7041],[26.2961,58.7047],[26.2946,58.7044],[26.2915,58.7057],[26.292,58.7078],[26.2905,58.7085],[26.2873,58.709],[26.2852,58.7095],[26.2829,58.7108],[26.2758,58.7118],[26.2749,58.7124],[26.2738,58.7149],[26.2748,58.7163],[26.276,58.7168],[26.2768,58.7183],[26.278,58.719],[26.2782,58.7201],[26.2757,58.7226],[26.2754,58.7233],[26.2783,58.7247],[26.2769,58.7266],[26.2769,58.7275],[26.2784,58.7292],[26.279,58.7301],[26.2793,58.731],[26.2789,58.7316],[26.2795,58.7331],[26.2806,58.7343],[26.2795,58.7354],[26.2808,58.7368],[26.2808,58.7389],[26.283,58.7409],[26.2912,58.7415],[26.2931,58.7419],[26.2933,58.7419],[26.2962,58.743],[26.2985,58.7452],[26.2999,58.7498],[26.3011,58.7526],[26.3027,58.7536],[26.3033,58.7545],[26.3045,58.755],[26.3066,58.7568],[26.3143,58.7603],[26.3147,58.7608],[26.3148,58.7609],[26.316,58.7642],[26.3158,58.7645],[26.3119,58.7676],[26.3081,58.7702],[26.3067,58.7716],[26.3019,58.777],[26.3019,58.7771],[26.2953,58.7846],[26.2985,58.7892],[26.2982,58.7895],[26.2981,58.7896],[26.2886,58.7962],[26.2946,58.7984],[26.291,58.8023],[26.285,58.8086],[26.2807,58.8126]],[[26.279,58.7301],[26.2784,58.7292]],[[26.3114,58.6684],[26.3109,58.6679]],[[26.3257,58.6209],[26.3249,58.6195]],[[26.324,58.6133],[26.3237,58.6127]],[[26.3224,58.6107],[26.323,58.6095],[26.3238,58.6094]]]},"properties":{"name":"Kaave jõgi"}},
{"type":"Feature","geometry":{"type":"MultiLineString","coordinates":[[[25.8827,59.1685],[25.8826,59.1686],[25.88,59.1708],[25.88,59.1726],[25.8774,59.1771],[25.8773,59.1797],[25.8758,59.1802],[25.8703,59.1806],[25.8671,59.1801],[25.8637,59.1789],[25.8617,59.1787],[25.8596,59.1778],[25.8555,59.1773],[25.8486,59.1788],[25.8389,59.1814],[25.8368,59.1856],[25.8364,59.1872],[25.8354,59.1881],[25.8352,59.1891],[25.8358,59.1903],[25.836,59.1916],[25.8353,59.1929],[25.8353,59.193],[25.8341,59.1938],[25.8346,59.1959],[25.8341,59.1967],[25.8329,59.1974],[25.8327,59.1975],[25.8292,59.1988],[25.8284,59.2006],[25.8265,59.2026],[25.8246,59.2032],[25.8179,59.201],[25.8158,59.2005],[25.8134,59.1995],[25.811,59.1989],[25.8089,59.1989],[25.8064,59.1995],[25.8048,59.1995],[25.8014,59.201],[25.7954,59.1997],[25.7952,59.1996],[25.7945,59.1995],[25.7843,59.1996],[25.7838,59.1995],[25.7797,59.1952],[25.7781,59.1941],[25.7761,59.1932],[25.7734,59.1932],[25.7732,59.1932],[25.7717,59.1929],[25.7688,59.1907],[25.7675,59.1905],[25.7627,59.1904],[25.7601,59.1902],[25.7553,59.1902],[25.7547,59.1908],[25.7521,59.1907],[25.7504,59.1913],[25.7484,59.1909],[25.7483,59.1908],[25.7431,59.1898],[25.7426,59.1889],[25.7413,59.1883],[25.74,59.1882],[25.7372,59.1865],[25.7373,59.186],[25.7359,59.1854],[25.7346,59.1844],[25.7319,59.1839],[25.7306,59.1832],[25.7307,59.1823],[25.7298,59.1813],[25.7287,59.1807],[25.7268,59.1788],[25.7243,59.1782],[25.7208,59.1771],[25.7205,59.1772],[25.7191,59.1778],[25.7149,59.1777],[25.7128,59.1783],[25.7112,59.1781],[25.7068,59.1753],[25.7012,59.1742],[25.7007,59.1742],[25.699,59.175],[25.6978,59.177],[25.6945,59.178]],[[25.5635,59.12],[25.5646,59.1206],[25.5653,59.1222],[25.5637,59.1222],[25.5645,59.1236],[25.5654,59.1236],[25.5659,59.1247],[25.5703,59.1243],[25.5726,59.1246],[25.5856,59.13],[25.5911,59.1311],[25.5972,59.1336],[25.5995,59.134],[25.6015,59.1354],[25.6017,59.1355],[25.6025,59.1359],[25.6173,59.1367],[25.6226,59.1375],[25.6278,59.1389],[25.6347,59.1439],[25.6386,59.1449],[25.6423,59.1468],[25.6463,59.1477],[25.6499,59.1478],[25.6516,59.1483],[25.6534,59.1503],[25.6549,59.1509],[25.6568,59.1524],[25.6565,59.1533],[25.6554,59.1536],[25.6562,59.1554],[25.6562,59.1555],[25.657,59.1562],[25.6565,59.1571],[25.658,59.1577],[25.6585,59.1588],[25.6624,59.1633],[25.6653,59.1642],[25.6676,59.1659],[25.6737,59.1682],[25.6738,59.1693],[25.6746,59.17],[25.6774,59.1706],[25.6797,59.1729],[25.68,59.1748],[25.6814,59.1755],[25.6867,59.1762],[25.6907,59.1783],[25.6932,59.1783],[25.6943,59.1781]],[[25.5518,59.1221],[25.5532,59.1226],[25.5545,59.1236],[25.5548,59.1244],[25.5563,59.124],[25.5577,59.1244],[25.5605,59.1261],[25.562,59.1258],[25.5629,59.1257],[25.5643,59.125],[25.5659,59.1247]],[[25.5629,59.1257],[25.562,59.1258]],[[25.5563,59.124],[25.5545,59.1236]]]},"properties":{"name":"Ambla jõgi"}},
{"type":"Feature","geometry":{"type":"MultiLineString","coordinates":[[[24.9895,58.1491],[24.9895,58.1492],[24.9896,58.1493],[24.992,58.1536],[24.9897,58.1574],[24.9896,58.1576],[24.9896,58.158],[24.9896,58.1583],[24.9896,58.161],[24.9815,58.1707],[24.9812,58.171],[24.9776,58.1728],[24.9746,58.1744],[24.9763,58.1766],[24.9764,58.1766],[24.9773,58.1778],[24.9766,58.1791],[24.9765,58.1791],[24.9764,58.1791],[24.9764,58.1792],[24.9749,58.1812],[24.9748,58.1813],[24.9729,58.1818],[24.9718,58.1831],[24.9689,58.1835],[24.9682,58.1842],[24.9688,58.1852],[24.9688,58.1853],[24.965,58.1869],[24.9649,58.1869],[24.9475,58.1888],[24.9374,58.1889],[24.9368,58.1915],[24.9403,58.1948],[24.9423,58.1969],[24.9421,58.1985],[24.9414,58.1997],[24.938,58.2054],[24.9381,58.2065],[24.9369,58.2074],[24.9372,58.2082],[24.9369,58.2106],[24.9381,58.2112],[24.9387,58.2151],[24.9394,58.2188],[24.9395,58.2196],[24.9433,58.2218],[24.9442,58.222],[24.9438,58.2232],[24.943,58.2243],[24.9413,58.2249],[24.9406,58.2266],[24.9405,58.2267],[24.939,58.2302],[24.9422,58.2328],[24.9418,58.2334],[24.9419,58.2349],[24.9411,58.2361],[24.9421,58.2375],[24.9412,58.2385],[24.9413,58.24],[24.9407,58.2424],[24.9317,58.2493],[24.9311,58.2514],[24.9315,58.2519],[24.9307,58.2537],[24.9287,58.2548],[24.9179,58.2566],[24.917,58.2567],[24.9134,58.2561],[24.91,58.2562],[24.9073,58.2569],[24.9066,58.2573],[24.889,58.2602],[24.8875,58.2604],[24.8834,58.2603],[24.8821,58.2606],[24.8805,58.2617],[24.8788,58.2622],[24.8755,58.2623],[24.8749,58.2632],[24.8727,58.2634],[24.8681,58.2654],[24.8642,58.2667],[24.8613,58.2705],[24.8608,58.2724],[24.8587,58.2733],[24.859,58.2738],[24.8585,58.2752],[24.8588,58.2758],[24.8586,58.2779],[24.8561,58.2788],[24.8557,58.2799],[24.8536,58.2805],[24.8512,58.2824],[24.8477,58.2852],[24.8472,58.2854],[24.8438,58.2844],[24.8432,58.2826],[24.8422,58.2819],[24.8417,58.2809],[24.8439,58.2794],[24.8435,58.2773],[24.8439,58.2766],[24.8424,58.2753],[24.8399,58.2745],[24.8381,58.2745],[24.838,58.2752],[24.8364,58.2758],[24.8362,58.2767],[24.8312,58.2757],[24.8305,58.2752],[24.8313,58.2746],[24.8299,58.2738],[24.8302,58.2731],[24.8288,58.2727],[24.8276,58.2717],[24.8287,58.2709],[24.8265,58.2702],[24.8265,58.2691],[24.8249,58.2687],[24.8242,58.2677],[24.8246,58.2663],[24.8234,58.2652],[24.8217,58.2648],[24.8203,58.2638],[24.8212,58.2631],[24.8198,58.2626],[24.8195,58.2618],[24.8172,58.2603],[24.8136,58.2602],[24.8111,58.2611],[24.8112,58.2619],[24.809,58.2626],[24.8,58.2618],[24.7988,58.2605],[24.7979,58.2603],[24.796,58.2591],[24.7948,58.258],[24.795,58.2575],[24.7908,58.2551],[24.7866,58.2556],[24.786,58.2563],[24.784,58.2561],[24.7809,58.2571],[24.7777,58.2587],[24.7749,58.2588],[24.7733,58.259],[24.7714,58.2591],[24.77,58.2583],[24.7686,58.258],[24.7692,58.257],[24.7675,58.2551],[24.7654,58.2541],[24.7648,58.2531],[24.7652,58.2524],[24.762,58.2511],[24.7626,58.25],[24.762,58.2494],[24.7622,58.2484],[24.7606,58.2463],[24.7584,58.2455],[24.7588,58.2445],[24.7561,58.2427],[24.756,58.2424],[24.7561,58.2427]],[[24.6963,58.2498],[24.6984,58.2495],[24.699,58.2504],[24.7009,58.2511],[24.7044,58.2507],[24.7052,58.2514],[24.7074,58.2504],[24.7088,58.2501],[24.7099,58.2494],[24.7095,58.2483],[24.7111,58.2486],[24.7125,58.2478],[24.7137,58.2482],[24.7142,58.2472],[24.7176,58.2466],[24.7215,58.2467],[24.7221,58.2456],[24.7243,58.2456],[24.7268,58.245],[24.7263,58.2441],[24.7289,58.2437],[24.7298,58.244],[24.7322,58.2435],[24.7336,58.2443],[24.7354,58.2439],[24.7392,58.2445],[24.7405,58.244],[24.7433,58.2435],[24.7426,58.2424],[24.7445,58.2423],[24.7444,58.2416],[24.7453,58.2411],[24.747,58.2416],[24.7495,58.2412],[24.75,58.2403],[24.752,58.2403],[24.7531,58.2417],[24.7564,58.2416],[24.756,58.2424]]]},"properties":{"name":"Lähkma jõgi"}},
{"type":"Feature","geometry":{"type":"LineString","coordinates":[[24.78,58.687],[24.7837,58.6861],[24.781,58.6828],[24.781,58.6827],[24.7793,58.6805],[24.7831,58.6789],[24.7818,58.6761],[24.7823,58.6749],[24.7807,58.6712],[24.7806,58.6711],[24.7799,58.6694],[24.7796,58.6673],[24.7796,58.6671],[24.7795,58.6664],[24.7795,58.6662],[24.7793,58.6644],[24.7784,58.6627],[24.7784,58.6625],[24.7762,58.6582],[24.7764,58.6574],[24.7764,58.6573],[24.7757,58.6562],[24.774,58.6559],[24.7723,58.6547],[24.7692,58.6543],[24.7627,58.6514],[24.7625,58.6513],[24.7584,58.6495],[24.7568,58.6473],[24.7569,58.647],[24.7596,58.6443],[24.7612,58.6398],[24.7534,58.6339],[24.7458,58.6337],[24.737,58.6304],[24.7305,58.6281],[24.7302,58.628],[24.73,58.6279],[24.7296,58.6278],[24.709,58.6188],[24.7248,58.598],[24.7249,58.5979],[24.7271,58.5951],[24.7269,58.5941],[24.7269,58.594],[24.7265,58.5919],[24.7265,58.5902],[24.7269,58.5872],[24.7284,58.5773],[24.7281,58.5766],[24.7222,58.574],[24.7225,58.5736],[24.7226,58.5735],[24.7236,58.5729],[24.7231,58.5725],[24.7218,58.57],[24.7208,58.5681],[24.7148,58.5625],[24.7146,58.5603],[24.7132,58.5595],[24.7122,58.5579],[24.7113,58.5554],[24.7093,58.5525],[24.7051,58.5505],[24.7015,58.5495],[24.7003,58.5473],[24.6952,58.5456],[24.6926,58.5443],[24.6895,58.5435],[24.6865,58.543],[24.684,58.5429],[24.6806,58.5414],[24.6781,58.5413],[24.6766,58.5415],[24.6736,58.5413],[24.6723,58.5408],[24.6698,58.5404],[24.6698,58.54],[24.667,58.5387],[24.667,58.5379],[24.6641,58.5372],[24.6636,58.5365],[24.6618,58.5361],[24.6605,58.5353],[24.6607,58.5347],[24.6582,58.5339],[24.6565,58.534],[24.6558,58.5334],[24.6537,58.533],[24.6528,58.5335],[24.6514,58.5335],[24.6492,58.5334],[24.6487,58.5324],[24.6445,58.5332],[24.6433,58.5328],[24.641,58.5328],[24.6392,58.5321],[24.6367,58.5325],[24.6358,58.5318],[24.634,58.5316],[24.6325,58.5311],[24.6329,58.5301],[24.6318,58.5297],[24.6304,58.5301],[24.6291,58.5289],[24.627,58.5292],[24.6254,58.5279],[24.6236,58.5273],[24.6216,58.5279],[24.6216,58.5273],[24.6197,58.5272],[24.6182,58.5261],[24.6181,58.5259],[24.6176,58.5251],[24.6149,58.5256],[24.6131,58.5253],[24.61,58.5256],[24.6094,58.5244],[24.6076,58.5243],[24.6071,58.5234],[24.6058,58.5227],[24.6033,58.5227],[24.6035,58.5218],[24.6024,58.5203],[24.6013,58.5195],[24.5996,58.5203],[24.5973,58.5197],[24.5955,58.5188],[24.5922,58.5184],[24.5915,58.5189],[24.5906,58.5186],[24.5902,58.5168],[24.5886,58.5159],[24.5867,58.5138],[24.5862,58.5137]]},"properties":{"name":"Mõnuvere jõgi"}},
{"type":"Feature","geometry":{"type":"MultiLineString","coordinates":[[[25.931,59.4667],[25.9317,59.465],[25.9315,59.4649],[25.9326,59.4629],[25.931,59.4627],[25.9293,59.4631],[25.9282,59.4616],[25.927,59.4614],[25.9277,59.4594],[25.9269,59.4582],[25.928,59.4567],[25.9255,59.4568],[25.9264,59.4555],[25.9252,59.4549],[25.9253,59.4543],[25.925,59.4539],[25.924,59.4528],[25.9221,59.4531],[25.9207,59.4525],[25.9194,59.453],[25.9166,59.4526],[25.9162,59.4517],[25.9141,59.4506],[25.9122,59.4504],[25.912,59.4504],[25.9115,59.4505],[25.9112,59.4505],[25.9105,59.4509],[25.909,59.45],[25.906,59.45],[25.9041,59.449],[25.9026,59.4487],[25.9025,59.4479],[25.9016,59.4474],[25.9024,59.4466],[25.9004,59.4454],[25.9003,59.4453],[25.898,59.445],[25.8971,59.4445],[25.8959,59.4449],[25.8946,59.4432],[25.8953,59.4425],[25.8946,59.442],[25.8946,59.4419],[25.8934,59.4414],[25.893,59.4411],[25.8884,59.4389],[25.8884,59.4377],[25.889,59.4356],[25.8883,59.4342],[25.8892,59.4329],[25.896,59.4297],[25.8973,59.4274],[25.9004,59.4268],[25.904,59.4224],[25.9069,59.4203],[25.9082,59.4199],[25.9106,59.4181],[25.9121,59.4176],[25.9159,59.4168],[25.9204,59.4165],[25.9259,59.4179],[25.9292,59.4179],[25.9325,59.4173],[25.9333,59.4164],[25.9335,59.4163],[25.9345,59.4158],[25.9373,59.4151]],[[25.893,59.4411],[25.8934,59.4414]]]},"properties":{"name":"Läsna jõgi"}},
{"type":"Feature","geometry":{"type":"LineString","coordinates":[[24.0212,58.7176],[24.0214,58.7166],[24.0203,58.7152],[24.0206,58.7144],[24.0219,58.714],[24.0233,58.7118],[24.0248,58.7119],[24.0261,58.7107],[24.0245,58.7083],[24.0251,58.7077],[24.0247,58.7065],[24.0242,58.7049],[24.0251,58.7047],[24.0255,58.7031],[24.0276,58.7029],[24.0301,58.7019],[24.0321,58.6991],[24.0341,58.6985],[24.035,58.6966],[24.0343,58.696],[24.0341,58.6947],[24.0335,58.6942],[24.0336,58.6931],[24.0321,58.6918],[24.0325,58.6915],[24.0322,58.6898],[24.0308,58.6885],[24.0307,58.6876],[24.0313,58.687],[24.0323,58.6848],[24.0331,58.6841],[24.0327,58.6831],[24.0345,58.68],[24.0365,58.6782],[24.0369,58.6773],[24.0393,58.6752],[24.0388,58.674],[24.0428,58.668],[24.0612,58.6509],[24.0651,58.6472],[24.0636,58.6334],[24.0633,58.6297],[24.0621,58.6201],[24.0604,58.6039],[24.0604,58.6038],[24.0607,58.603],[24.059,58.6016],[24.0591,58.6005],[24.0612,58.5989],[24.0612,58.5955],[24.0632,58.593],[24.0704,58.5883],[24.0642,58.58],[24.0609,58.5776],[24.0463,58.572],[24.0452,58.5717],[24.037,58.5728],[24.0225,58.5685],[24.0214,58.567],[24.0173,58.5655],[24.0172,58.5655],[24.0101,58.563],[24.01,58.5629],[24.0032,58.5604],[23.9996,58.5563],[23.9995,58.5562],[23.9977,58.5543],[23.9976,58.5543],[23.9871,58.5555],[23.987,58.5555],[23.9866,58.5562]]},"properties":{"name":"Vanamõisa jõgi"}},
{"type":"Feature","geometry":{"type":"MultiLineString","coordinates":[[[28.1954,59.3486],[28.1919,59.3472]],[[27.7491,59.0303],[27.7485,59.0289],[27.7496,59.028],[27.7508,59.0263],[27.7509,59.0253],[27.7486,59.0228],[27.7445,59.0207]]]},"properties":{"name":"Нарва"}},
{"type":"Feature","geometry":{"type":"MultiLineString","coordinates":[[[26.761,58.3288],[26.7614,58.3291],[26.7632,58.3295]],[[26.7863,58.3366],[26.7855,58.3349],[26.7843,58.3344],[26.7865,58.3339],[26.7869,58.333],[26.7847,58.3314],[26.783,58.331],[26.7804,58.3312],[26.7742,58.3323],[26.773,58.3325],[26.7678,58.3314],[26.7644,58.3302],[26.7634,58.3296]],[[26.7607,58.3285],[26.7604,58.3279]]]},"properties":{"name":"Savijõgi"}},
{"type":"Feature","geometry":{"type":"MultiLineString","coordinates":[[[26.754,58.2319],[26.7539,58.2318],[26.753,58.2303],[26.7535,58.2299],[26.7512,58.2294],[26.7474,58.2296],[26.748,58.2307],[26.7448,58.2303],[26.745,58.229],[26.7428,58.2287],[26.7427,58.2279],[26.7414,58.2276],[26.7386,58.2288],[26.7374,58.2287],[26.7358,58.2295],[26.7342,58.2282],[26.7344,58.2265],[26.7364,58.2246],[26.7361,58.2238],[26.7353,58.2224],[26.7339,58.2214],[26.7316,58.2225],[26.7287,58.222],[26.7286,58.2215],[26.7256,58.2206],[26.7254,58.2205],[26.7242,58.2203],[26.7224,58.2211],[26.7223,58.2213],[26.7177,58.2221],[26.7167,58.2224],[26.7144,58.2246],[26.7128,58.2237],[26.7127,58.2228],[26.7103,58.2228],[26.7083,58.2233],[26.7066,58.2225],[26.705,58.2225],[26.7041,58.2214],[26.7022,58.2213],[26.7018,58.2213],[26.6991,58.2214],[26.6973,58.2211],[26.6952,58.2199],[26.6943,58.2198],[26.6933,58.2185],[26.6915,58.2183],[26.6895,58.2193],[26.6896,58.2199],[26.6886,58.2208],[26.6873,58.2208],[26.6872,58.2208],[26.6846,58.2196],[26.6835,58.2194],[26.6839,58.2184],[26.6849,58.2175],[26.6839,58.2168],[26.6818,58.217],[26.6796,58.216],[26.6774,58.2162],[26.6768,58.2158],[26.6744,58.2161],[26.6727,58.217],[26.6727,58.2182],[26.674,58.2191],[26.6712,58.2195],[26.6704,58.2191],[26.6677,58.2195],[26.6666,58.219],[26.6637,58.2183],[26.6636,58.2183],[26.6618,58.2154],[26.6575,58.2142],[26.6452,58.2082],[26.644,58.2075],[26.6433,58.2063],[26.6401,58.2046],[26.64,58.2045],[26.6384,58.203],[26.6388,58.2022],[26.6373,58.2006],[26.6359,58.2003],[26.6359,58.1997],[26.6361,58.1994],[26.6392,58.1991],[26.6392,58.1975],[26.6383,58.1975],[26.638,58.196],[26.6386,58.1952],[26.637,58.1947],[26.6345,58.1944],[26.6336,58.1937],[26.6335,58.1936],[26.6322,58.1927],[26.6315,58.1913],[26.6301,58.1907],[26.6297,58.1899],[26.6301,58.1889],[26.6288,58.1875],[26.626,58.1859],[26.6264,58.1853],[26.6253,58.1845],[26.6245,58.1853],[26.623,58.1849],[26.6232,58.1842],[26.6216,58.1836],[26.6182,58.183],[26.6175,58.1822],[26.6146,58.1818],[26.6145,58.1818],[26.6137,58.1814],[26.6144,58.1798],[26.6155,58.1788],[26.6142,58.1776],[26.6137,58.1763],[26.6144,58.176],[26.6145,58.1759],[26.6146,58.1759],[26.6141,58.1753],[26.6121,58.1754],[26.6068,58.1753],[26.6052,58.1755],[26.604,58.1748],[26.6031,58.1733],[26.6035,58.1727],[26.6018,58.172],[26.5995,58.1699],[26.5993,58.1699],[26.5961,58.1694],[26.5943,58.17],[26.5909,58.1684],[26.5909,58.1669],[26.5899,58.1661],[26.5881,58.1656],[26.5867,58.1649],[26.5879,58.1625]],[[26.754,58.2319],[26.7539,58.2318]]]},"properties":{"name":"Peeda jõgi"}},
{"type":"Feature","geometry":{"type":"MultiLineString","coordinates":[[[26.9505,57.6201],[26.9484,57.6192],[26.9447,57.6195],[26.9439,57.6191],[26.9427,57.6193],[26.9404,57.6188],[26.9374,57.6192],[26.9351,57.6204],[26.934,57.6213],[26.9323,57.6217],[26.9321,57.6226],[26.9309,57.6234],[26.9312,57.6236]],[[26.9607,57.591],[26.9602,57.5928],[26.9644,57.5929],[26.9668,57.5939],[26.968,57.594],[26.9713,57.5937],[26.974,57.593],[26.9758,57.5928],[26.9779,57.5932],[26.9801,57.5931],[26.9827,57.5942],[26.9857,57.5939],[26.9878,57.5946],[26.9884,57.5954],[26.9898,57.5961],[26.9888,57.5965],[26.9891,57.5974],[26.9895,57.6003],[26.9885,57.6022],[26.9886,57.6032],[26.9887,57.6033],[26.9891,57.6039],[26.9885,57.6052],[26.9891,57.6055],[26.9878,57.6069],[26.9887,57.6082],[26.9874,57.6091]]]},"properties":{"name":"Pērļupīte"}},
{"type":"Feature","geometry":{"type":"MultiLineString","coordinates":[[[25.2994,58.6411],[25.3006,58.6412],[25.3016,58.6419],[25.3038,58.6423],[25.3056,58.6438],[25.3073,58.6443],[25.3088,58.6454],[25.3071,58.6461],[25.3095,58.6468],[25.3082,58.6475],[25.3102,58.6479],[25.3098,58.6493],[25.3144,58.6506],[25.3162,58.6506],[25.3167,58.6512],[25.3165,58.6535],[25.3183,58.6538],[25.3187,58.6555],[25.3168,58.6565],[25.3167,58.6566],[25.3174,58.6583],[25.3184,58.6594],[25.3169,58.6598],[25.3182,58.6608],[25.3166,58.6617],[25.3176,58.6622],[25.3178,58.6635],[25.3189,58.6635],[25.319,58.6648],[25.3203,58.6652],[25.3196,58.6661],[25.3212,58.6663],[25.3224,58.6676],[25.3232,58.6679],[25.3245,58.6697],[25.3255,58.6702],[25.3256,58.6715],[25.3279,58.6721],[25.3287,58.674],[25.3317,58.6741],[25.3324,58.675],[25.3331,58.6748],[25.3332,58.6749],[25.3338,58.6752],[25.3338,58.6762],[25.3348,58.6776],[25.3347,58.6777],[25.3358,58.6791],[25.3353,58.6798],[25.3365,58.6805],[25.337,58.6819],[25.3387,58.6832],[25.3405,58.6838],[25.3412,58.6836],[25.3414,58.6836],[25.3415,58.6837],[25.3442,58.6842],[25.3492,58.6862],[25.3521,58.6878],[25.3526,58.6887],[25.3527,58.6888],[25.3545,58.6914],[25.3543,58.6919],[25.3559,58.6929],[25.3555,58.6961],[25.357,58.699],[25.3579,58.6996],[25.3581,58.6997],[25.3619,58.7019],[25.3663,58.7025],[25.3733,58.7044],[25.3786,58.7071],[25.3815,58.7076],[25.3817,58.7076],[25.3841,58.7081],[25.3922,58.7056],[25.3928,58.7056],[25.3969,58.7071],[25.4016,58.7076],[25.4065,58.7068],[25.4093,58.7075],[25.4098,58.7076],[25.4099,58.7076],[25.4106,58.7078],[25.4113,58.7086],[25.4129,58.7087],[25.413,58.7087],[25.415,58.7088],[25.4168,58.7097],[25.4227,58.7115],[25.4249,58.7131],[25.4266,58.7147],[25.4285,58.7176],[25.4311,58.7193],[25.4324,58.7189],[25.4344,58.72],[25.4362,58.7199],[25.4377,58.7191],[25.4395,58.7188],[25.44,58.7182],[25.44,58.7181],[25.4404,58.7173],[25.4415,58.7169],[25.443,58.7169],[25.4471,58.7164],[25.452,58.7151],[25.4538,58.7149],[25.4609,58.7151],[25.4611,58.7151],[25.4637,58.7151],[25.4685,58.7149],[25.471,58.7154]],[[25.3331,58.675],[25.3329,58.675],[25.3324,58.675]],[[25.4106,58.7078],[25.4099,58.7076]],[[25.4098,58.7076],[25.4093,58.7075]],[[25.3338,58.6752],[25.3331,58.675]]]},"properties":{"name":"Pikkmetsa jõgi"}},
{"type":"Feature","geometry":{"type":"MultiLineString","coordinates":[[[25.4565,58.686],[25.4562,58.6848],[25.4543,58.6833],[25.4524,58.6827],[25.45,58.6827],[25.4457,58.682],[25.4425,58.6815],[25.4395,58.6817],[25.4373,58.6811],[25.4372,58.68],[25.4349,58.68],[25.4323,58.6804],[25.4313,58.6798],[25.429,58.6797],[25.429,58.6789],[25.4282,58.6785],[25.4281,58.6785],[25.428,58.6785],[25.4278,58.6784],[25.4274,58.678],[25.4279,58.6771],[25.4262,58.6765],[25.4266,58.6758],[25.4247,58.6759],[25.4225,58.6754],[25.4204,58.6749],[25.4196,58.6736],[25.4165,58.6707],[25.4128,58.6692],[25.405,58.6696],[25.4023,58.6699],[25.4013,58.6705],[25.4011,58.6705],[25.4006,58.6706],[25.3996,58.6706],[25.3989,58.6704],[25.3981,58.6699],[25.3978,58.6696],[25.3971,58.6692],[25.3959,58.6682],[25.3947,58.6677],[25.3936,58.6678],[25.3934,58.6679],[25.3898,58.6685],[25.3889,58.6693],[25.3871,58.6691],[25.3867,58.6691],[25.3866,58.669],[25.3861,58.6688],[25.3834,58.6679],[25.3824,58.6671],[25.3806,58.6668],[25.3811,58.6658],[25.3789,58.664],[25.3777,58.663],[25.3764,58.6625],[25.3756,58.6625],[25.3754,58.6625],[25.3727,58.6615],[25.3726,58.661],[25.3726,58.6609],[25.3717,58.6591],[25.3703,58.658],[25.3694,58.6577],[25.3694,58.6567],[25.3682,58.6561],[25.364,58.6559],[25.3625,58.6548],[25.3606,58.6522],[25.3583,58.6525],[25.3583,58.6515],[25.3569,58.6509],[25.3529,58.6509],[25.3514,58.6498],[25.3512,58.6497],[25.3504,58.6491],[25.347,58.6486],[25.3457,58.6473],[25.3429,58.647],[25.3422,58.6471],[25.3394,58.6447],[25.3387,58.644],[25.3348,58.6413],[25.3335,58.6411],[25.3321,58.6418],[25.3297,58.6409],[25.3293,58.6417],[25.3278,58.6411],[25.3278,58.6404],[25.3255,58.6404],[25.3228,58.6415],[25.322,58.6408],[25.3209,58.6406],[25.3202,58.6423],[25.3171,58.6417],[25.3133,58.6406],[25.3126,58.6402],[25.3105,58.6407],[25.3104,58.6415],[25.3083,58.6412],[25.3072,58.6403],[25.3055,58.6399],[25.2994,58.6411],[25.2989,58.64],[25.2972,58.6394],[25.2955,58.6388],[25.2949,58.638],[25.2949,58.6379],[25.2946,58.6378],[25.2955,58.637],[25.2955,58.6369],[25.2933,58.6373],[25.2912,58.6354],[25.2893,58.6356],[25.289,58.6346],[25.2878,58.6342],[25.2857,58.6341],[25.2846,58.6331],[25.2827,58.6324],[25.2831,58.6319],[25.2807,58.6313],[25.2791,58.6316],[25.2757,58.6314],[25.2695,58.63],[25.2674,58.6299],[25.2682,58.6289],[25.2671,58.6281],[25.2687,58.6273],[25.2668,58.6266],[25.2655,58.6265],[25.2651,58.6252],[25.2623,58.6249],[25.2604,58.6235],[25.2599,58.6224],[25.2582,58.6217],[25.2579,58.6199],[25.2571,58.6182],[25.257,58.6168],[25.256,58.6151],[25.2541,58.6142],[25.2515,58.6123],[25.2531,58.6118],[25.2538,58.6109],[25.2523,58.6102],[25.2518,58.6094],[25.2498,58.608],[25.2477,58.6071],[25.2477,58.6061],[25.2462,58.6051],[25.2449,58.6048],[25.2428,58.6056],[25.2418,58.6051],[25.2418,58.6038],[25.2408,58.6032],[25.2391,58.6031],[25.2371,58.6026],[25.2366,58.6025],[25.2359,58.6019],[25.2346,58.6026],[25.2316,58.6021],[25.2308,58.6028],[25.229,58.6016],[25.2277,58.6017],[25.2263,58.6008],[25.2242,58.6008],[25.2238,58.6],[25.2213,58.5999],[25.2215,58.5987],[25.2194,58.5973],[25.2196,58.5963],[25.2191,58.5939],[25.2177,58.5927],[25.2196,58.5917],[25.2169,58.5912],[25.2202,58.5897],[25.2216,58.5884],[25.222,58.5884],[25.2217,58.5872],[25.2234,58.5868],[25.2236,58.5863],[25.2224,58.585],[25.2224,58.5833],[25.2212,58.5825],[25.2203,58.5805],[25.217,58.5807],[25.2166,58.5797],[25.2183,58.5789],[25.2188,58.5796],[25.2215,58.5783],[25.2212,58.5758],[25.2205,58.5753],[25.2175,58.5753],[25.2177,58.5744],[25.2157,58.5743],[25.2144,58.5728],[25.2127,58.5727]],[[25.5686,58.71],[25.5689,58.7093],[25.5681,58.7087],[25.5601,58.707],[25.5558,58.706],[25.5522,58.7065],[25.5488,58.707],[25.5461,58.707],[25.5397,58.7065],[25.5347,58.705],[25.5345,58.705],[25.5275,58.7051],[25.5274,58.705],[25.5252,58.7032],[25.5251,58.7032],[25.5249,58.7032],[25.5247,58.7031],[25.5244,58.7023],[25.5215,58.7005],[25.5204,58.6986],[25.518,58.698],[25.5188,58.6972],[25.5148,58.6952],[25.5109,58.6953],[25.5017,58.6975],[25.499,58.6978],[25.4914,58.6971],[25.4835,58.6948],[25.4821,58.6944],[25.4768,58.6902],[25.4654,58.6884],[25.4618,58.6874],[25.4611,58.6871],[25.4566,58.6861]],[[25.3981,58.6699],[25.3978,58.6696],[25.3971,58.6692]],[[25.3996,58.6706],[25.3989,58.6704],[25.3981,58.6699]],[[25.3866,58.669],[25.3861,58.6688]],[[25.4011,58.6705],[25.4006,58.6706]],[[25.2371,58.6026],[25.2366,58.6025]],[[25.2216,58.5884],[25.222,58.5884]],[[25.3871,58.6691],[25.3867,58.6691]],[[25.4013,58.6705],[25.4011,58.6705]],[[25.4262,58.6765],[25.4247,58.6759]],[[25.2955,58.637],[25.2955,58.6369]],[[25.2949,58.6379],[25.2946,58.6378]]]},"properties":{"name":"Saarjõgi"}},
{"type":"Feature","geometry":{"type":"LineString","coordinates":[[25.2547,58.8541],[25.2557,58.8449],[25.2555,58.8449],[25.2473,58.8446],[25.2477,58.8418],[25.2416,58.84],[25.2369,58.8354],[25.2401,58.8343],[25.2419,58.8343],[25.2437,58.8335],[25.2462,58.8317],[25.2466,58.8304],[25.2443,58.8291],[25.2426,58.8289],[25.2405,58.828],[25.2396,58.8273],[25.2378,58.8276],[25.2358,58.8277],[25.234,58.8269],[25.2311,58.8266],[25.2299,58.826],[25.2296,58.8247],[25.2284,58.8241],[25.2283,58.8239],[25.2281,58.8231],[25.2256,58.8221],[25.2226,58.8199],[25.2224,58.8198],[25.2183,58.817],[25.2157,58.8142],[25.2157,58.8125],[25.2172,58.8122],[25.2174,58.8122],[25.2189,58.8119],[25.2219,58.8128],[25.2241,58.8128],[25.2256,58.812],[25.2254,58.8098],[25.2223,58.8086],[25.2201,58.8055],[25.2195,58.8042],[25.2194,58.8041],[25.2181,58.8022],[25.2185,58.8016],[25.2207,58.8003],[25.2231,58.7997],[25.2271,58.7995],[25.2285,58.7989],[25.2284,58.7984],[25.2251,58.7964],[25.2264,58.7899],[25.2262,58.7896],[25.2172,58.7864],[25.2161,58.785],[25.2128,58.7848],[25.2108,58.7837],[25.2108,58.7827],[25.2098,58.7822],[25.2096,58.7815],[25.2081,58.7811],[25.2071,58.78],[25.2054,58.7798],[25.2038,58.7762],[25.2013,58.7753],[25.2004,58.7726],[25.1983,58.7727],[25.1974,58.7719],[25.1952,58.7717],[25.1949,58.7709],[25.1952,58.7696],[25.197,58.7688],[25.1992,58.7664],[25.2027,58.7639],[25.2025,58.7634],[25.2033,58.7615],[25.2055,58.7604],[25.2053,58.7596],[25.2062,58.7582],[25.2074,58.7576],[25.2086,58.758],[25.2112,58.7568],[25.2116,58.7554],[25.2129,58.7549],[25.2132,58.754],[25.2127,58.7529],[25.2138,58.7522],[25.2131,58.7514],[25.2136,58.7509],[25.2133,58.75],[25.2106,58.7492],[25.2096,58.7485],[25.209,58.7469],[25.2073,58.7457],[25.208,58.7449],[25.2072,58.7439],[25.2045,58.7436],[25.2022,58.7424],[25.2027,58.7416],[25.2005,58.741],[25.1957,58.7385],[25.1967,58.7382],[25.1944,58.7376],[25.1937,58.7364],[25.194,58.7354],[25.1952,58.7349],[25.1937,58.7344],[25.1924,58.7334],[25.1946,58.7331],[25.1956,58.7326],[25.1976,58.7305],[25.1974,58.7299],[25.1953,58.7289],[25.1959,58.7284],[25.198,58.7281],[25.2008,58.7264],[25.2005,58.7259],[25.202,58.7245],[25.2,58.7221],[25.2001,58.7213],[25.1994,58.72],[25.2004,58.7187],[25.199,58.7181],[25.2003,58.7168],[25.1995,58.715],[25.2011,58.7144],[25.2018,58.7132],[25.2013,58.7121],[25.1994,58.711],[25.1995,58.7102],[25.1981,58.7095],[25.1981,58.7089],[25.1965,58.7085],[25.1964,58.7084],[25.1946,58.708],[25.1941,58.7076],[25.1956,58.7071],[25.1959,58.7061],[25.1948,58.7057],[25.1925,58.706],[25.1921,58.7052],[25.19,58.7043],[25.1903,58.7036],[25.1901,58.7012],[25.1901,58.6992],[25.1914,58.699],[25.1924,58.6995],[25.1939,58.6983],[25.1933,58.6967],[25.1921,58.696],[25.1931,58.6942],[25.1919,58.6936],[25.1918,58.6929],[25.1879,58.6927],[25.1861,58.692],[25.1867,58.691],[25.1855,58.6904],[25.1855,58.6896],[25.1844,58.6884],[25.1849,58.6872],[25.1843,58.6863],[25.186,58.6849],[25.1855,58.6825],[25.1877,58.6821],[25.1866,58.6816],[25.1864,58.6807],[25.1843,58.6808],[25.1839,58.6803],[25.1861,58.6788],[25.1855,58.6784],[25.1869,58.6776],[25.1893,58.6779],[25.1908,58.6771],[25.1915,58.6761],[25.1932,58.6753],[25.1955,58.675],[25.1955,58.6744],[25.1974,58.674],[25.1979,58.6734],[25.2002,58.672],[25.1992,58.6711],[25.1993,58.6709],[25.2017,58.6692],[25.2037,58.6688],[25.2074,58.6675],[25.2102,58.6661],[25.2075,58.6655],[25.2074,58.6655],[25.206,58.6647],[25.2061,58.6638],[25.2047,58.6628],[25.2043,58.6609],[25.2037,58.6604],[25.2018,58.6598],[25.2009,58.6598],[25.1986,58.6578],[25.1987,58.6554],[25.1996,58.6545],[25.199,58.6531],[25.1964,58.6521],[25.1957,58.6515],[25.1969,58.6503],[25.197,58.6502],[25.1969,58.6494],[25.1977,58.6466],[25.1957,58.6454],[25.1956,58.6444],[25.1972,58.6444],[25.1982,58.644],[25.1985,58.6428],[25.1978,58.642],[25.1999,58.642],[25.201,58.641],[25.1992,58.6403],[25.1994,58.6391]]},"properties":{"name":"Mädara jõgi"}},
{"type":"Feature","geometry":{"type":"LineString","coordinates":[[27.6129,57.8271],[27.6115,57.8271],[27.6081,57.8281],[27.6078,57.8291],[27.6094,57.8297],[27.6086,57.8303],[27.6059,57.8307],[27.604,57.8316],[27.6032,57.8317],[27.6034,57.8329],[27.6034,57.8331],[27.6035,57.8336],[27.6032,57.8339],[27.6037,57.8349]]},"properties":{"name":"Пачковка"}},
{"type":"Feature","geometry":{"type":"MultiLineString","coordinates":[[[26.3228,58.0154],[26.3208,58.0143],[26.3184,58.0135],[26.3174,58.0126],[26.3175,58.0113],[26.316,58.0087],[26.3139,58.0083],[26.3114,58.0073],[26.3092,58.0067],[26.3075,58.0057],[26.3073,58.0057],[26.3041,58.0055],[26.303,58.0047],[26.2998,58.0043],[26.2984,58.003],[26.2951,58.0028],[26.2934,58.0032],[26.2933,58.0039],[26.2906,58.0037],[26.2887,58.0046],[26.2885,58.0047],[26.287,58.0045],[26.2854,58.0048],[26.2822,58.0043],[26.2807,58.0045],[26.2798,58.0042],[26.278,58.0048],[26.2762,58.0042],[26.2729,58.005],[26.2704,58.004],[26.2715,58.0032],[26.2717,58.0031],[26.2727,58.0012],[26.2717,58.0007],[26.2692,58.0004],[26.2683,57.9993],[26.268,57.9994],[26.264,57.9968],[26.2626,57.9964],[26.2621,57.9956],[26.261,57.9958],[26.2602,57.9952],[26.2604,57.9942],[26.2571,57.9926],[26.257,57.992],[26.2583,57.991],[26.2597,57.9905],[26.2605,57.9896],[26.2605,57.9886],[26.2594,57.9866],[26.2595,57.9865],[26.26,57.9859],[26.26,57.9858],[26.2603,57.985],[26.2598,57.9841],[26.2586,57.9833],[26.2585,57.9823],[26.2579,57.9818],[26.2582,57.9783],[26.2571,57.976],[26.2558,57.975],[26.2529,57.9747],[26.2527,57.9746],[26.2506,57.9744],[26.2485,57.9734],[26.2454,57.9736],[26.245,57.9731],[26.2432,57.9732],[26.2424,57.9728],[26.2398,57.9733],[26.2384,57.9727],[26.2385,57.9722],[26.2367,57.9717],[26.2355,57.9707],[26.2335,57.9701],[26.2333,57.97],[26.2332,57.97],[26.2315,57.9693],[26.2307,57.9692],[26.2306,57.9675],[26.23,57.9664],[26.2308,57.9655],[26.2306,57.9648],[26.2294,57.9647],[26.2285,57.9641],[26.2284,57.963],[26.2276,57.9613],[26.2268,57.9604],[26.2284,57.9585],[26.2281,57.9575],[26.2317,57.9557],[26.2345,57.954],[26.2324,57.9523],[26.2327,57.9512],[26.2334,57.9506],[26.2322,57.9489],[26.2321,57.9477],[26.2306,57.9479],[26.2289,57.9467],[26.229,57.9466],[26.2285,57.9461],[26.2283,57.946],[26.2301,57.9443],[26.2287,57.9442],[26.2279,57.9434],[26.2282,57.9429],[26.2273,57.9422],[26.2294,57.9397],[26.2308,57.9396],[26.2312,57.9382],[26.2318,57.9381],[26.2327,57.9362],[26.2344,57.9353],[26.2351,57.9331],[26.2359,57.9325],[26.2352,57.9318],[26.2357,57.9301],[26.2348,57.9296],[26.2372,57.928],[26.2387,57.9265],[26.241,57.9257],[26.2415,57.9234],[26.2434,57.9221],[26.2457,57.9215],[26.2458,57.92],[26.2452,57.9194],[26.2463,57.918],[26.2452,57.9172],[26.2448,57.9156],[26.2467,57.9146],[26.2468,57.9137],[26.246,57.9123],[26.2467,57.9108],[26.2448,57.9103],[26.2444,57.9092],[26.2462,57.9078],[26.2468,57.907],[26.2465,57.9058],[26.2486,57.9054],[26.248,57.9036],[26.2492,57.9018],[26.2489,57.9007],[26.2473,57.8998],[26.2472,57.8991],[26.2444,57.8984],[26.2438,57.8978],[26.2453,57.8973],[26.2443,57.8964],[26.244,57.8954],[26.245,57.8952],[26.2454,57.8944],[26.2441,57.8941],[26.2431,57.8922],[26.2445,57.8913],[26.2421,57.889],[26.2422,57.8885],[26.2426,57.888],[26.241,57.8871],[26.2396,57.8869],[26.2396,57.8862],[26.2376,57.8856],[26.238,57.8846],[26.2369,57.8838],[26.2385,57.8827],[26.2409,57.8822],[26.2406,57.8814],[26.2422,57.8809],[26.2437,57.8796],[26.2428,57.8788],[26.2434,57.8767],[26.245,57.875],[26.245,57.8741],[26.2443,57.8736],[26.2441,57.8721],[26.246,57.8708],[26.246,57.8706],[26.2452,57.8692],[26.2443,57.8687],[26.2442,57.8674],[26.2432,57.8659],[26.2413,57.8645],[26.2396,57.8641],[26.2385,57.8648],[26.2354,57.8647],[26.2332,57.8636],[26.2331,57.8621],[26.231,57.861],[26.2321,57.8601],[26.2316,57.8595],[26.2303,57.8595],[26.229,57.859],[26.2283,57.8583],[26.2265,57.8584],[26.2273,57.8574],[26.2287,57.8577],[26.2307,57.8573],[26.2316,57.8568],[26.2344,57.8568],[26.2357,57.8562],[26.2376,57.856],[26.2384,57.8554],[26.2386,57.8544],[26.2346,57.8526],[26.2342,57.8518],[26.2331,57.8512],[26.2312,57.8496],[26.2284,57.8498],[26.2275,57.8506],[26.2241,57.8495],[26.2217,57.8495],[26.2194,57.8485],[26.2199,57.847],[26.2179,57.8464],[26.2164,57.8456],[26.2146,57.8454],[26.2142,57.8448]],[[26.2289,57.9467],[26.229,57.9466]],[[26.2285,57.9461],[26.2283,57.946]],[[26.2332,57.97],[26.2315,57.9693]],[[26.2715,58.0032],[26.2717,58.0031]],[[26.2421,57.889],[26.2422,57.8885]]]},"properties":{"name":"Laatre jõgi"}},
{"type":"Feature","geometry":{"type":"LineString","coordinates":[[24.9966,58.8554],[24.9963,58.8554],[24.9957,58.8553],[24.9876,58.8529],[24.9774,58.8502],[24.9774,58.8499],[24.9772,58.8498],[24.9716,58.8476],[24.9674,58.8458],[24.9661,58.8447],[24.9659,58.8446],[24.959,58.841],[24.9589,58.8409],[24.9577,58.8402],[24.9566,58.8385],[24.9555,58.8374],[24.955,58.8356],[24.955,58.8355],[24.9561,58.8344],[24.955,58.8298],[24.9551,58.8296],[24.9552,58.8295],[24.9577,58.8271],[24.9578,58.8255],[24.9581,58.8164],[24.9637,58.8154],[24.9638,58.8143],[24.9655,58.8137],[24.9647,58.8123],[24.9654,58.8112],[24.9655,58.8093],[24.9631,58.8073],[24.9625,58.8047],[24.9642,58.8032],[24.97,58.8023],[24.9702,58.8023],[24.9717,58.802],[24.974,58.8006],[24.9737,58.7996],[24.9723,58.7984],[24.9692,58.797],[24.9691,58.7956],[24.9691,58.7955],[24.9694,58.7935],[24.9688,58.7916],[24.9689,58.7908],[24.9697,58.7898],[24.9699,58.7885],[24.9688,58.7875],[24.973,58.7811],[24.977,58.7785],[24.9784,58.777],[24.9783,58.7751],[24.9784,58.7751],[24.98,58.7736],[24.9802,58.7736],[24.981,58.7729],[24.9813,58.7718],[24.983,58.7695],[24.9801,58.7672],[24.979,58.7661],[24.9773,58.7658],[24.9764,58.7642],[24.9747,58.7629],[24.9753,58.7607],[24.9754,58.7607],[24.9765,58.7606],[24.9768,58.7596],[24.9762,58.758],[24.9748,58.7565],[24.9734,58.7563],[24.9714,58.7564],[24.9702,58.7561],[24.9678,58.7561],[24.9678,58.7542],[24.9672,58.7539],[24.9648,58.7511],[24.9647,58.7511],[24.9636,58.7493],[24.9597,58.7462],[24.9582,58.7459],[24.9575,58.7453],[24.9575,58.7424],[24.9586,58.7417],[24.9604,58.7376],[24.9574,58.7345],[24.9554,58.7305],[24.9508,58.7199],[24.9494,58.7171],[24.9466,58.715],[24.9456,58.7112],[24.9456,58.7111],[24.9446,58.7079],[24.9446,58.7072],[24.9494,58.702],[24.9479,58.6981],[24.9463,58.6965],[24.9459,58.6953],[24.9469,58.6945],[24.947,58.6933],[24.9464,58.6927],[24.9484,58.6911],[24.9481,58.6906],[24.9484,58.6889],[24.9477,58.6876],[24.9486,58.6862],[24.9484,58.6852],[24.9473,58.6852],[24.9458,58.6844],[24.9454,58.6836],[24.9465,58.6826],[24.9486,58.6823],[24.9503,58.6825],[24.9528,58.6822],[24.9531,58.6827],[24.9553,58.683],[24.9585,58.6829],[24.9597,58.6822],[24.9605,58.6812],[24.9633,58.6808],[24.9646,58.6796],[24.9675,58.6786],[24.968,58.6779],[24.9692,58.6776],[24.971,58.6761],[24.9714,58.6746],[24.9708,58.6736],[24.972,58.6726],[24.9725,58.6712],[24.974,58.6702],[24.9722,58.6699],[24.972,58.6671],[24.9703,58.6668],[24.9704,58.6659],[24.9683,58.6659],[24.9684,58.665],[24.9677,58.6637],[24.9682,58.6628],[24.9669,58.6625],[24.968,58.6618],[24.9696,58.6601],[24.971,58.6593],[24.9708,58.658],[24.9693,58.6582],[24.9693,58.6573],[24.9684,58.6571],[24.9656,58.6579],[24.9643,58.657],[24.9638,58.6562],[24.9648,58.6559],[24.9633,58.6541],[24.9616,58.6539],[24.9612,58.6527],[24.9589,58.651],[24.9574,58.6488],[24.9581,58.6482],[24.9585,58.6475],[24.9581,58.6456],[24.9591,58.6453],[24.9595,58.6442],[24.9611,58.6436],[24.96,58.6422],[24.9605,58.6415],[24.9595,58.6407],[24.9599,58.6399],[24.9611,58.6391],[24.9627,58.6391],[24.9632,58.6386],[24.9634,58.6384],[24.9645,58.6373],[24.9625,58.6368],[24.9627,58.6354],[24.9639,58.6335],[24.9652,58.6332],[24.9653,58.6324],[24.9644,58.6318],[24.9655,58.631],[24.9641,58.6294],[24.9653,58.6283],[24.966,58.6277],[24.9654,58.6264],[24.9664,58.6228],[24.968,58.6219],[24.9674,58.621],[24.9696,58.6201],[24.9697,58.6191],[24.9714,58.617],[24.9709,58.6168],[24.9714,58.6155],[24.9736,58.6147],[24.9754,58.6149],[24.9764,58.6145],[24.9764,58.6133],[24.9781,58.6127]]},"properties":{"name":"Massu jõgi"}},
{"type":"Feature","geometry":{"type":"MultiLineString","coordinates":[[[24.6962,58.7465],[24.6971,58.7458]],[[24.7259,58.7288],[24.7283,58.7284],[24.7292,58.7279],[24.7299,58.7268],[24.7319,58.7263],[24.7338,58.7263],[24.7357,58.7255],[24.7378,58.7235],[24.7389,58.7228],[24.7518,58.7245],[24.754,58.7291],[24.7592,58.7309],[24.7678,58.7303],[24.7727,58.7306],[24.7801,58.7298],[24.7826,58.7282],[24.7865,58.7284],[24.7884,58.7271],[24.7977,58.7265],[24.7992,58.7268]],[[24.8364,58.7477],[24.8438,58.7495],[24.8458,58.7512],[24.8448,58.7517],[24.8456,58.754]],[[24.8019,58.7272],[24.8042,58.7286],[24.8098,58.7294],[24.8183,58.7332],[24.8288,58.743],[24.8325,58.7441],[24.834,58.7472],[24.8362,58.7476]],[[24.7993,58.7268],[24.8016,58.7273]],[[24.8495,58.763],[24.8505,58.7635],[24.8524,58.7638],[24.8533,58.7643],[24.8564,58.7652],[24.8575,58.7664],[24.8567,58.7671],[24.8565,58.7682]],[[24.697,58.7457],[24.6985,58.7449],[24.6988,58.7443],[24.7016,58.7436],[24.704,58.7422],[24.7076,58.7384],[24.7137,58.7321],[24.7158,58.7307],[24.7164,58.7298],[24.7176,58.729],[24.7211,58.7283],[24.7246,58.7292],[24.7258,58.7289]],[[24.8456,58.7541],[24.8487,58.7628],[24.8493,58.763]]]},"properties":{"name":"Kõnnu jõgi"}},
{"type":"Feature","geometry":{"type":"MultiLineString","coordinates":[[[26.1859,58.7469],[26.1865,58.7462],[26.187,58.7449],[26.1862,58.7436],[26.1873,58.7394],[26.1912,58.7377],[26.1918,58.7359],[26.1911,58.7352],[26.191,58.7351],[26.1937,58.7337],[26.1939,58.7336],[26.1951,58.7332],[26.1964,58.7324],[26.1978,58.7301],[26.1993,58.7291],[26.1995,58.7291],[26.1997,58.7289],[26.1999,58.7288],[26.2028,58.7274],[26.2016,58.7232],[26.2026,58.722],[26.2048,58.7208],[26.2062,58.7187],[26.2084,58.7177],[26.2094,58.7158],[26.2076,58.7142],[26.2068,58.7129],[26.2063,58.7109],[26.207,58.7094],[26.2068,58.7088],[26.2089,58.7081],[26.2095,58.707],[26.213,58.7056],[26.2145,58.7044],[26.2149,58.7025],[26.2142,58.7018],[26.215,58.7013],[26.2183,58.7004],[26.2192,58.6996],[26.2196,58.6976],[26.2204,58.6971],[26.2197,58.6957],[26.2183,58.6952],[26.2171,58.6938],[26.2135,58.6932],[26.2132,58.6926],[26.214,58.691],[26.2162,58.6899],[26.2164,58.6898],[26.2173,58.687],[26.2164,58.6861],[26.2169,58.685],[26.2192,58.6846],[26.2224,58.6848],[26.2257,58.6841],[26.2288,58.6812],[26.228,58.6794],[26.2313,58.6761],[26.2324,58.676],[26.236,58.6763],[26.2361,58.6762],[26.2386,58.6755],[26.242,58.6753],[26.2434,58.6748],[26.2487,58.6742],[26.2584,58.6645],[26.2599,58.662],[26.2594,58.6603],[26.2594,58.6601],[26.2587,58.658],[26.2603,58.6559],[26.26,58.6539],[26.26,58.6537],[26.2596,58.6517],[26.2589,58.6504],[26.2588,58.6504],[26.2588,58.6498],[26.2574,58.6457],[26.2568,58.6437],[26.2571,58.6421],[26.2567,58.6369],[26.2524,58.6336],[26.2523,58.6335],[26.249,58.6307],[26.2485,58.6293],[26.2452,58.6283],[26.2433,58.6258],[26.2434,58.6241],[26.2419,58.6228],[26.2373,58.6197],[26.2389,58.6172],[26.2385,58.6159],[26.2368,58.6141],[26.234,58.6135],[26.2308,58.6137],[26.2271,58.6116],[26.2264,58.6106],[26.2244,58.6093],[26.2214,58.6092],[26.2219,58.6086],[26.2178,58.6078],[26.2175,58.6063],[26.2156,58.6054],[26.2137,58.604],[26.2151,58.6031],[26.2135,58.602],[26.2126,58.6018],[26.2132,58.6002],[26.2123,58.5993],[26.2118,58.598],[26.212,58.5975],[26.214,58.5972],[26.2147,58.5965],[26.213,58.5948],[26.2125,58.5935],[26.2132,58.5918],[26.2119,58.5912],[26.2135,58.5907],[26.2144,58.589],[26.2128,58.5889],[26.212,58.5882],[26.2123,58.5875],[26.2139,58.5871],[26.2116,58.5859],[26.2126,58.5853],[26.212,58.5844],[26.2102,58.5842],[26.2091,58.5836],[26.2082,58.5821],[26.2103,58.5812],[26.2093,58.5809],[26.2091,58.5797],[26.2088,58.5786],[26.2074,58.5779],[26.2072,58.5771],[26.2049,58.5755],[26.2057,58.5743],[26.2095,58.572],[26.212,58.5708],[26.213,58.5706],[26.2143,58.5696],[26.2159,58.5672],[26.2157,58.566],[26.2144,58.5652],[26.2146,58.5646],[26.214,58.5623],[26.2178,58.5599],[26.218,58.5576],[26.2196,58.5559],[26.2214,58.5546],[26.2223,58.5531],[26.2248,58.5526],[26.2297,58.5482],[26.2319,58.5455]],[[26.2588,58.6498],[26.2609,58.6478],[26.2593,58.6476],[26.2595,58.6462],[26.2586,58.6451],[26.2574,58.6457],[26.255,58.6443],[26.2571,58.6421]],[[26.2666,58.6569],[26.267,58.6564],[26.2661,58.6547],[26.2653,58.655],[26.2618,58.655],[26.2612,58.654],[26.26,58.6537]],[[26.2667,58.6569],[26.2666,58.6569]],[[26.26,58.6539],[26.2587,58.6534],[26.2587,58.6518],[26.2596,58.6517]],[[26.2594,58.6601],[26.2615,58.6587],[26.2641,58.6589],[26.2657,58.6584],[26.2654,58.6577],[26.2667,58.6569]]]},"properties":{"name":"Pikknurme jõgi"}},
{"type":"Feature","geometry":{"type":"MultiLineString","coordinates":[[[26.2612,59.0334],[26.2547,59.0347],[26.2512,59.0329],[26.2463,59.0297],[26.2451,59.0298],[26.2441,59.029],[26.244,59.0289],[26.2434,59.0278],[26.2465,59.0245],[26.25,59.0212],[26.2501,59.0211],[26.2509,59.0204],[26.2546,59.0194],[26.257,59.0193],[26.258,59.0183],[26.2582,59.0173],[26.2582,59.0172],[26.2589,59.0164],[26.265,59.0105],[26.2718,59.0066],[26.2719,59.0065],[26.2769,59.0037],[26.2771,59.0032],[26.2739,59.0013],[26.2754,58.9999],[26.2759,58.9988],[26.276,58.9986],[26.2768,58.9972],[26.2768,58.9971],[26.278,58.9949],[26.2792,58.9932],[26.2793,58.9924],[26.2779,58.9908],[26.2772,58.9849],[26.2808,58.9789],[26.285,58.9738],[26.2854,58.9723],[26.2854,58.9721],[26.2857,58.9717],[26.2914,58.9692],[26.2892,58.9614],[26.2883,58.9599],[26.2889,58.9584],[26.29,58.9572],[26.2897,58.9566],[26.2863,58.9542],[26.2814,58.9515],[26.2792,58.9495],[26.2784,58.9479],[26.2789,58.9449],[26.2805,58.9426],[26.2802,58.9413],[26.2791,58.9405],[26.2809,58.9367],[26.2809,58.9365],[26.2809,58.9353],[26.2821,58.9339],[26.2827,58.9322],[26.2833,58.9315],[26.2878,58.9283],[26.2886,58.9248],[26.2919,58.9184],[26.293,58.917],[26.2931,58.9163],[26.2919,58.9147],[26.2905,58.9117],[26.2906,58.911],[26.2928,58.9085],[26.2929,58.9084],[26.2934,58.9078],[26.302,58.898],[26.3019,58.896],[26.3025,58.8944],[26.3015,58.8934],[26.3,58.8927],[26.2987,58.8894],[26.2978,58.8889],[26.2973,58.8876],[26.2981,58.887],[26.2968,58.886],[26.2985,58.8828],[26.2989,58.8809],[26.2985,58.8798],[26.2997,58.8794],[26.3024,58.8768],[26.3064,58.8745],[26.3082,58.8729],[26.3092,58.8713],[26.3101,58.871],[26.31,58.8702],[26.3115,58.8693],[26.314,58.8688],[26.3167,58.8702],[26.32,58.8731],[26.3233,58.8743],[26.3273,58.8744],[26.3301,58.8747],[26.3319,58.8754],[26.336,58.8757],[26.3385,58.875],[26.3442,58.8744],[26.3458,58.8733],[26.3497,58.8719],[26.3522,58.8714],[26.3566,58.8699],[26.3581,58.8692],[26.3593,58.8677],[26.3611,58.8672],[26.3628,58.8671],[26.3657,58.8654],[26.366,58.8645],[26.3686,58.863],[26.3703,58.8616],[26.3729,58.8606],[26.3736,58.86],[26.3736,58.8589],[26.3745,58.8581],[26.3772,58.8579],[26.3784,58.8576],[26.3797,58.8568],[26.3815,58.8564],[26.3844,58.8566],[26.3903,58.8561],[26.3922,58.8555],[26.3961,58.8546],[26.3978,58.8537],[26.3994,58.852],[26.4072,58.8473],[26.4031,58.8401],[26.3996,58.8372],[26.3974,58.8331]],[[26.2929,58.9084],[26.2934,58.9078]]]},"properties":{"name":"Onga jõgi"}},
{"type":"Feature","geometry":{"type":"MultiLineString","coordinates":[[[22.4801,58.431],[22.4789,58.434],[22.4906,58.4438],[22.4908,58.444],[22.4924,58.4433],[22.4925,58.4432],[22.5003,58.4452],[22.5025,58.4453],[22.508,58.4471],[22.5145,58.4522],[22.5245,58.4525],[22.5329,58.4491],[22.5421,58.446],[22.5478,58.4452],[22.548,58.4451],[22.5692,58.4377],[22.5694,58.4377],[22.5942,58.429],[22.6092,58.4323],[22.6093,58.4323],[22.6142,58.4334],[22.6171,58.4359],[22.625,58.4377],[22.6392,58.4387],[22.6641,58.433],[22.6643,58.433],[22.6822,58.4289],[22.6843,58.4286],[22.6853,58.4284],[22.6854,58.4283],[22.6856,58.4281],[22.7033,58.4257],[22.707,58.4246],[22.7121,58.4238],[22.713,58.4236],[22.7157,58.4236],[22.718,58.4233],[22.72,58.4227],[22.7211,58.4214],[22.723,58.4202],[22.7252,58.4199],[22.727,58.4202],[22.7301,58.4194],[22.7319,58.4196],[22.7324,58.4187],[22.7337,58.4182],[22.7342,58.4172],[22.7361,58.4165],[22.7355,58.416],[22.7379,58.4148],[22.7441,58.4139],[22.7451,58.4123],[22.7464,58.4115],[22.7485,58.4113],[22.75,58.4119],[22.7509,58.4115],[22.7548,58.4121],[22.756,58.4118],[22.7568,58.411],[22.7563,58.4104],[22.7583,58.4098],[22.7594,58.4091],[22.7592,58.4079],[22.7593,58.4079],[22.7646,58.4063],[22.7731,58.4045],[22.7786,58.4023],[22.7801,58.4015],[22.7811,58.4002],[22.7818,58.3975],[22.7843,58.3954],[22.7867,58.3938],[22.7874,58.391],[22.7878,58.3904],[22.7874,58.3872],[22.7887,58.3854],[22.7906,58.3835],[22.7962,58.3795],[22.7969,58.3783],[22.7991,58.3773],[22.801,58.376],[22.8014,58.3751],[22.804,58.3726],[22.8075,58.3724],[22.8103,58.3727],[22.8121,58.3725],[22.814,58.3719],[22.8138,58.371],[22.8163,58.37],[22.8175,58.3682],[22.8175,58.367],[22.8187,58.3661],[22.8205,58.3656],[22.8221,58.3647],[22.8206,58.362],[22.8213,58.3603],[22.8238,58.3588],[22.8264,58.3576],[22.8286,58.3575],[22.8308,58.357],[22.8326,58.357],[22.8345,58.3563],[22.8412,58.351],[22.8465,58.343],[22.8538,58.3364],[22.8545,58.3359],[22.8585,58.3346],[22.8596,58.3333],[22.86,58.3319],[22.86,58.3305],[22.8631,58.3259],[22.8641,58.3252],[22.8658,58.3246],[22.8652,58.3237],[22.8662,58.3224],[22.8661,58.3217],[22.8669,58.3209],[22.8667,58.32],[22.8684,58.3189],[22.868,58.3183],[22.8687,58.3175],[22.8676,58.3169]],[[22.6845,58.4283],[22.6846,58.4282],[22.6856,58.4281]],[[22.6843,58.4286],[22.6845,58.4283]]]},"properties":{"name":"Lõve jõgi"}},
{"type":"Feature","geometry":{"type":"LineString","coordinates":[[27.253,58.3648],[27.258,58.3653],[27.259,58.3656],[27.2611,58.3644],[27.2635,58.3645],[27.267,58.3644],[27.2681,58.3654],[27.2718,58.3646]]},"properties":{"name":"Leego jõgi"}},
{"type":"Feature","geometry":{"type":"LineString","coordinates":[[27.2498,58.3583],[27.2535,58.3577],[27.2568,58.3579]]},"properties":{"name":"Soitse jõgi"}},
{"type":"Feature","geometry":{"type":"MultiLineString","coordinates":[[[27.217,58.419],[27.2184,58.4189],[27.2202,58.4182],[27.224,58.4174],[27.23,58.4159],[27.2311,58.4153],[27.2336,58.4129],[27.2339,58.4122],[27.2333,58.4115],[27.2302,58.4105],[27.2308,58.4093],[27.2326,58.4086],[27.2364,58.408],[27.2397,58.4081],[27.245,58.4077],[27.2469,58.4069],[27.2485,58.405],[27.2475,58.4028],[27.2449,58.4006],[27.2455,58.3997],[27.2463,58.3989],[27.2461,58.3973],[27.2452,58.3972],[27.2441,58.396],[27.2429,58.3954],[27.2411,58.3938],[27.2342,58.3897],[27.2346,58.3889],[27.2381,58.3884],[27.2397,58.3875],[27.2409,58.3861],[27.2417,58.3836]],[[27.2663,58.2742],[27.2677,58.2751],[27.2678,58.2752],[27.2748,58.2801],[27.2742,58.2825],[27.2753,58.286],[27.276,58.2865],[27.2766,58.2881],[27.2806,58.2919],[27.2807,58.292],[27.2827,58.2939],[27.2879,58.2981],[27.2867,58.3028],[27.286,58.3033],[27.2817,58.3044],[27.2788,58.3055],[27.274,58.3086],[27.2725,58.3113],[27.2725,58.3114],[27.2723,58.3119],[27.2726,58.3208],[27.2725,58.3209],[27.2686,58.3237],[27.2667,58.3251],[27.2528,58.332],[27.2528,58.3321],[27.2528,58.3323],[27.2529,58.3327],[27.2556,58.3341],[27.2571,58.3351],[27.2575,58.3358],[27.2607,58.3367],[27.2617,58.3371],[27.2619,58.338],[27.2637,58.3394],[27.2641,58.3405],[27.2637,58.342],[27.2625,58.3434],[27.2612,58.344],[27.2607,58.345],[27.2577,58.3458],[27.2546,58.3472],[27.253,58.3469],[27.2517,58.3471],[27.2517,58.3485],[27.2535,58.3502],[27.2518,58.3522],[27.2497,58.3526],[27.2476,58.3535],[27.2479,58.3545],[27.2499,58.3552],[27.2502,58.3564],[27.2496,58.3576],[27.2498,58.3583],[27.2507,58.3592],[27.2531,58.3596],[27.254,58.3604],[27.2527,58.3619],[27.253,58.3648],[27.2528,58.3656],[27.2535,58.3665],[27.253,58.3685],[27.2527,58.3688],[27.2502,58.3687],[27.2479,58.3676],[27.2469,58.3675],[27.2435,58.3679],[27.2415,58.3683]],[[27.2527,58.4063],[27.2511,58.4053],[27.2485,58.405]],[[27.2607,58.3367],[27.2617,58.3371]],[[27.2452,58.3972],[27.2456,58.3982],[27.2455,58.3997]],[[27.2429,58.3954],[27.2431,58.396],[27.243,58.3979],[27.2435,58.399],[27.2449,58.4006]]]},"properties":{"name":"Kalli jõgi"}},
{"type":"Feature","geometry":{"type":"MultiLineString","coordinates":[[[24.4756,58.1281],[24.4777,58.1279],[24.4795,58.128],[24.4821,58.1274],[24.4832,58.1265],[24.4874,58.1261],[24.4948,58.1262],[24.4994,58.1265],[24.5046,58.1268],[24.5068,58.1272],[24.5101,58.1274],[24.5109,58.1279],[24.5136,58.1278],[24.5193,58.1288],[24.5226,58.1295],[24.5244,58.1297],[24.5307,58.1309],[24.5374,58.1319],[24.5477,58.1338],[24.5514,58.1343],[24.554,58.135],[24.5556,58.135],[24.5574,58.1356],[24.5581,58.1349],[24.5594,58.1351],[24.5609,58.1348],[24.565,58.1338],[24.5665,58.1336],[24.5719,58.1323],[24.5775,58.1311],[24.5781,58.1302],[24.5786,58.1282],[24.579,58.1269],[24.5802,58.1257],[24.5826,58.1249],[24.5937,58.1233],[24.5991,58.1207],[24.6053,58.1201],[24.6054,58.1201],[24.6078,58.1196],[24.6107,58.1186],[24.6125,58.1176],[24.6191,58.115],[24.6215,58.1139],[24.6237,58.1138],[24.6267,58.1128],[24.6426,58.1119],[24.6428,58.1119],[24.6499,58.1095],[24.6513,58.1081],[24.6512,58.1076],[24.6555,58.1042],[24.6579,58.1035],[24.6579,58.1027],[24.657,58.1025],[24.6563,58.1015],[24.658,58.101],[24.6576,58.1007],[24.6579,58.1001],[24.6581,58.0997],[24.6576,58.1007]],[[24.7138,58.0156],[24.7141,58.0187],[24.719,58.0278],[24.7179,58.0295],[24.7212,58.034],[24.7216,58.0363],[24.7221,58.0413],[24.722,58.0417],[24.717,58.0465],[24.717,58.0467],[24.7201,58.0523],[24.7235,58.0637],[24.7179,58.0664],[24.7156,58.0708],[24.7156,58.0718],[24.7171,58.0727],[24.7176,58.0737],[24.7199,58.0753],[24.7203,58.0768],[24.7205,58.0769],[24.7217,58.0776],[24.7216,58.0781],[24.72,58.0793],[24.7201,58.0799],[24.7202,58.0799],[24.7215,58.0816],[24.7242,58.0827],[24.7257,58.0837],[24.7248,58.085],[24.7247,58.0861],[24.7218,58.0868],[24.718,58.0867],[24.7144,58.0858],[24.7126,58.0858],[24.7117,58.0853],[24.71,58.0853],[24.707,58.0845],[24.704,58.0849],[24.7035,58.0847],[24.7034,58.0846],[24.702,58.0843],[24.7008,58.0846],[24.7008,58.0847],[24.6931,58.0862],[24.6927,58.0869],[24.6906,58.0863],[24.69,58.0866],[24.6892,58.0885],[24.6861,58.0887],[24.6849,58.089],[24.684,58.0906],[24.6829,58.0906],[24.6811,58.0914],[24.6812,58.0919],[24.6811,58.092],[24.6802,58.0928],[24.681,58.0932],[24.6786,58.0942],[24.6767,58.0942],[24.6735,58.0949],[24.6727,58.0946],[24.6703,58.095],[24.6685,58.0958],[24.6682,58.0959],[24.6672,58.096],[24.6662,58.097],[24.6629,58.0968],[24.6602,58.098],[24.659,58.0982],[24.6581,58.0997]],[[24.6579,58.1001],[24.658,58.101]]]},"properties":{"name":"Rannametsa jõgi"}},
{"type":"Feature","geometry":{"type":"MultiLineString","coordinates":[[[26.8789,58.2954],[26.8811,58.2947],[26.8834,58.2947],[26.8845,58.2943],[26.8851,58.294],[26.8876,58.2943],[26.8879,58.2935],[26.889,58.293],[26.8909,58.2932],[26.8925,58.2926],[26.893,58.2926],[26.8943,58.2919],[26.8959,58.2921],[26.897,58.2909],[26.8994,58.2901],[26.899,58.2892],[26.9011,58.2881],[26.9023,58.2883],[26.9029,58.2876],[26.9046,58.2868],[26.9066,58.2864],[26.9064,58.286],[26.9097,58.2852],[26.9099,58.2842],[26.9136,58.2836],[26.914,58.2832],[26.9137,58.283],[26.9141,58.2829],[26.9139,58.2828],[26.9142,58.2822],[26.9155,58.2813],[26.9161,58.2811],[26.9164,58.2797],[26.9157,58.2785],[26.9142,58.2777],[26.9148,58.2769],[26.9143,58.2759],[26.9147,58.2753],[26.9134,58.2741],[26.914,58.2734],[26.9133,58.2719],[26.9121,58.2703],[26.9137,58.2682],[26.9136,58.2681],[26.9139,58.2674],[26.9127,58.2663],[26.9107,58.2661],[26.9094,58.2653],[26.9084,58.2639],[26.9065,58.2632],[26.9043,58.262],[26.9021,58.2617],[26.8985,58.2602],[26.8966,58.2604],[26.8963,58.2595],[26.8937,58.2592],[26.8922,58.2587],[26.8929,58.2583],[26.8929,58.2582],[26.8942,58.2566],[26.8977,58.2555],[26.897,58.2549],[26.8979,58.2541],[26.8957,58.2528],[26.8961,58.2505],[26.8994,58.249],[26.9016,58.2478],[26.9029,58.2471],[26.9029,58.2469],[26.903,58.2467],[26.903,58.2465],[26.9024,58.2462],[26.9021,58.2462],[26.9013,58.2461],[26.9011,58.2461],[26.9008,58.2461],[26.8999,58.2459],[26.8995,58.2457],[26.8994,58.2457],[26.8985,58.2454],[26.8966,58.2447],[26.8953,58.2438],[26.8909,58.2424],[26.8881,58.2421],[26.8858,58.2393],[26.8828,58.2386],[26.8805,58.2377],[26.8804,58.2376],[26.873,58.2276],[26.872,58.2257],[26.8727,58.2237],[26.869,58.2181],[26.8678,58.2145],[26.8656,58.2122],[26.8656,58.2094],[26.8654,58.2093],[26.8654,58.2066],[26.8649,58.2041],[26.8615,58.2042],[26.859,58.2035],[26.8597,58.2024],[26.8598,58.2024],[26.8589,58.1997],[26.859,58.1996],[26.8583,58.198],[26.8573,58.1981],[26.8572,58.1968],[26.8546,58.1957],[26.8565,58.1939],[26.8574,58.1937],[26.8605,58.1937],[26.8658,58.1914],[26.8669,58.1903],[26.8699,58.1911],[26.8712,58.1912],[26.8713,58.1912],[26.8723,58.1913],[26.876,58.191],[26.8791,58.191],[26.8804,58.1913],[26.8805,58.1914],[26.8831,58.1916],[26.8845,58.1914],[26.8857,58.1904],[26.8869,58.1904],[26.8921,58.1924],[26.8965,58.1932],[26.8966,58.1933]],[[26.8187,58.3221],[26.8191,58.3226],[26.8192,58.3229],[26.8194,58.324],[26.8187,58.3248],[26.8163,58.3255],[26.8165,58.327],[26.8181,58.3272],[26.8194,58.328],[26.8185,58.329],[26.8162,58.329],[26.8129,58.3299],[26.8128,58.3299],[26.8111,58.3302],[26.8075,58.3339],[26.8064,58.3365]],[[26.8656,58.2988],[26.8652,58.2989],[26.8626,58.3007],[26.8616,58.3027],[26.8604,58.303],[26.8581,58.303],[26.856,58.3026],[26.8537,58.3025],[26.8511,58.3028],[26.8505,58.3042],[26.8497,58.304],[26.8484,58.3052],[26.8491,58.3063],[26.847,58.307],[26.8457,58.3068],[26.8442,58.3098],[26.8442,58.3109],[26.8424,58.311],[26.8423,58.3117],[26.8398,58.3122],[26.8394,58.3119]],[[26.8301,58.3157],[26.8304,58.3156]],[[26.856,58.3026],[26.8537,58.3025]],[[26.8845,58.2943],[26.8834,58.2947]],[[26.9028,58.2469],[26.9029,58.2469]],[[26.9139,58.2828],[26.9141,58.2829]],[[26.9137,58.283],[26.914,58.2832]],[[26.903,58.2467],[26.9028,58.2469],[26.9029,58.2471]]]},"properties":{"name":"Mõra jõgi"}},
{"type":"Feature","geometry":{"type":"LineString","coordinates":[[25.4912,58.7529],[25.491,58.7529],[25.4909,58.7529],[25.4907,58.7529],[25.4891,58.7529],[25.4864,58.7523],[25.4842,58.7503],[25.4834,58.7499],[25.4831,58.7498],[25.4823,58.7493],[25.4822,58.7492],[25.48,58.7476],[25.4794,58.7464],[25.4783,58.7457],[25.4755,58.745],[25.4715,58.7456],[25.469,58.7462],[25.4671,58.7471],[25.4644,58.7481],[25.4589,58.7481],[25.4544,58.7476],[25.4496,58.7479],[25.4481,58.7478],[25.4455,58.7471],[25.4439,58.7475],[25.4426,58.7474],[25.4406,58.7466],[25.4394,58.7454],[25.4346,58.7444],[25.4329,58.7438],[25.4283,58.7399],[25.426,58.7395],[25.4258,58.7394],[25.4224,58.7384],[25.4186,58.7381],[25.416,58.7372],[25.4139,58.7359],[25.4113,58.7349],[25.4084,58.7346],[25.4053,58.7349],[25.4039,58.7362],[25.4014,58.7368],[25.3951,58.737],[25.3879,58.7365],[25.3838,58.7367],[25.3818,58.738],[25.3802,58.7384],[25.377,58.7397],[25.3771,58.7405],[25.3764,58.7411],[25.3748,58.7412],[25.3737,58.7409],[25.3736,58.7408],[25.3725,58.7399],[25.3713,58.7384],[25.3681,58.7374],[25.3672,58.7366],[25.3656,58.7365],[25.3655,58.7359],[25.3607,58.7352],[25.3598,58.7341],[25.3582,58.7343],[25.3569,58.7337],[25.3576,58.7332],[25.3561,58.7322],[25.3549,58.7322],[25.3542,58.7313],[25.3549,58.7302],[25.3532,58.7299],[25.3514,58.729],[25.3512,58.7289],[25.3505,58.7277],[25.3526,58.7272],[25.3516,58.7257],[25.3496,58.7252],[25.3476,58.7239],[25.3474,58.723],[25.3462,58.7229],[25.3462,58.722],[25.3447,58.7213],[25.343,58.721],[25.3416,58.7197],[25.3386,58.7193],[25.3364,58.7197],[25.3351,58.7194],[25.3343,58.7187],[25.335,58.7178],[25.3331,58.717],[25.3332,58.7162],[25.331,58.7164],[25.3306,58.7158],[25.3293,58.7155],[25.3292,58.7154],[25.3298,58.7139],[25.3273,58.713],[25.3275,58.7124],[25.3255,58.7122],[25.3249,58.7115],[25.3227,58.7106],[25.3229,58.7098],[25.3214,58.709],[25.3203,58.7091],[25.3171,58.7083],[25.3148,58.7084],[25.3135,58.7077],[25.3122,58.7082],[25.3111,58.7077],[25.3093,58.7079],[25.3084,58.7074],[25.3066,58.7071],[25.3066,58.7064],[25.3055,58.7048],[25.3056,58.7041],[25.3045,58.703],[25.3049,58.7014],[25.3039,58.7011],[25.3045,58.7004],[25.3036,58.6998],[25.302,58.6996],[25.3023,58.6985],[25.3017,58.6979],[25.3026,58.697],[25.3019,58.6965],[25.3029,58.6953],[25.3032,58.6942],[25.3047,58.6931],[25.3043,58.6921],[25.3064,58.6904],[25.3061,58.6895],[25.3048,58.6891],[25.3035,58.6878],[25.302,58.6875],[25.3017,58.6865],[25.2959,58.6855],[25.2946,58.6857],[25.2942,58.685],[25.2926,58.6852],[25.2922,58.6844],[25.291,58.6838],[25.2884,58.6834],[25.2881,58.6831],[25.2879,58.683]]},"properties":{"name":"Aruküla jõgi"}},
{"type":"Feature","geometry":{"type":"MultiLineString","coordinates":[[[25.4496,59.2669],[25.4489,59.2663],[25.4498,59.2657],[25.4506,59.2642],[25.4529,59.2641],[25.4537,59.2634],[25.4548,59.2636],[25.4574,59.2623],[25.4642,59.2614],[25.4646,59.2609],[25.4679,59.2604],[25.4682,59.2594],[25.4696,59.2586],[25.4699,59.2584],[25.4705,59.2562],[25.4703,59.2539],[25.472,59.2504],[25.473,59.25],[25.4762,59.2499],[25.4782,59.2501],[25.4786,59.2492],[25.4799,59.2491],[25.4812,59.2485],[25.4826,59.2489],[25.4851,59.2472],[25.4866,59.2469],[25.4861,59.2461],[25.4869,59.2457],[25.4883,59.246],[25.4913,59.2456],[25.4925,59.2445],[25.494,59.2441],[25.4967,59.2449],[25.5001,59.2439],[25.5014,59.2444],[25.5035,59.2436],[25.5035,59.2448],[25.505,59.2451],[25.5074,59.2448],[25.5078,59.2444],[25.508,59.2419],[25.5091,59.2406],[25.5106,59.2401],[25.5092,59.2388],[25.5098,59.2384],[25.5095,59.2369],[25.5109,59.2364],[25.5123,59.2347],[25.5104,59.2344],[25.5092,59.233],[25.511,59.2311],[25.5116,59.2295],[25.5127,59.2295],[25.5127,59.2286],[25.5142,59.2276],[25.5139,59.2272],[25.5142,59.227],[25.5153,59.2261],[25.5168,59.2259],[25.5169,59.2257],[25.5177,59.2248],[25.5168,59.224],[25.5195,59.2235],[25.5194,59.223],[25.5194,59.2229],[25.52,59.2226],[25.5225,59.2198],[25.5224,59.2187],[25.5216,59.2174],[25.5222,59.2165],[25.5245,59.2154],[25.5274,59.2146],[25.5281,59.2131],[25.529,59.2131],[25.5306,59.2115],[25.5324,59.2115],[25.5331,59.2103],[25.5331,59.2101],[25.5331,59.2095],[25.5352,59.2091],[25.537,59.2076],[25.5384,59.2076],[25.5399,59.2072],[25.5415,59.2073],[25.5434,59.2056],[25.5428,59.2045],[25.5434,59.2035],[25.547,59.2009],[25.5489,59.2005],[25.5517,59.2002],[25.5554,59.2004],[25.5585,59.1997],[25.5604,59.1979],[25.5606,59.1969],[25.5601,59.1961],[25.5634,59.1952],[25.5645,59.1958],[25.5697,59.1947],[25.5709,59.1939],[25.5733,59.193],[25.5735,59.1914],[25.5741,59.1897],[25.5757,59.1893],[25.5767,59.1885],[25.577,59.1861],[25.5778,59.1851],[25.5764,59.1817]],[[25.4699,59.2584],[25.4696,59.2586]],[[25.5194,59.2229],[25.5194,59.223]],[[25.5169,59.2257],[25.5168,59.2259]],[[25.5142,59.227],[25.5139,59.2272]]]},"properties":{"name":"Tarvasjõgi"}},
{"type":"Feature","geometry":{"type":"MultiLineString","coordinates":[[[27.5317,57.8307],[27.5313,57.8293],[27.5325,57.8286],[27.532,57.8271],[27.5329,57.8264],[27.5325,57.8247],[27.5314,57.8245],[27.5315,57.8236],[27.5328,57.8234],[27.5336,57.8222],[27.5311,57.8217],[27.5308,57.8209],[27.5293,57.8205],[27.527,57.8189],[27.5275,57.8181],[27.527,57.8169],[27.5278,57.8163],[27.5274,57.8154],[27.5294,57.815],[27.5311,57.8154],[27.5323,57.8162],[27.5332,57.815],[27.5376,57.8148],[27.5387,57.8139],[27.5388,57.8139],[27.539,57.8139]],[[27.5419,57.8143],[27.5403,57.814],[27.5396,57.814]],[[27.5402,57.8139],[27.5403,57.814]]]},"properties":{"name":"Pelska jõgi"}},
{"type":"Feature","geometry":{"type":"MultiLineString","coordinates":[[[26.6024,57.8124],[26.5964,57.8128],[26.594,57.8119],[26.5938,57.8119],[26.59,57.8113],[26.582,57.8128],[26.5793,57.811],[26.5792,57.8109],[26.577,57.8094],[26.5763,57.8081],[26.5748,57.8066],[26.5692,57.8052],[26.569,57.8052],[26.5642,57.804],[26.5604,57.8001],[26.5527,57.7985],[26.5525,57.7984],[26.5515,57.7998],[26.5468,57.8019],[26.5453,57.8022],[26.5423,57.8034],[26.5422,57.8034],[26.5407,57.8035],[26.5403,57.8044],[26.5362,57.8052],[26.5351,57.8048],[26.5349,57.8047],[26.531,57.8035],[26.5248,57.8029],[26.5219,57.8016],[26.5202,57.8013],[26.5188,57.8006],[26.5164,57.8008],[26.5161,57.8008],[26.515,57.8014],[26.5133,57.8016],[26.513,57.8025],[26.509,57.803],[26.5073,57.8028],[26.5059,57.8037],[26.5058,57.8038],[26.5031,57.8051],[26.496,57.8053],[26.4887,57.8028],[26.4886,57.8027],[26.4826,57.8007],[26.4808,57.7999],[26.4738,57.7977],[26.4726,57.797],[26.4696,57.7969],[26.4622,57.7952],[26.4597,57.7949],[26.4567,57.795],[26.4529,57.7944],[26.451,57.7938],[26.4486,57.794],[26.4485,57.794],[26.4466,57.7942],[26.445,57.7949],[26.4423,57.7956],[26.4384,57.7948],[26.4372,57.7937],[26.4353,57.7938],[26.4327,57.7944],[26.4315,57.7937],[26.4297,57.7945],[26.428,57.794],[26.4267,57.794],[26.4246,57.7935],[26.424,57.7923],[26.4227,57.792],[26.422,57.7926],[26.4216,57.7926],[26.4208,57.7922],[26.4186,57.7918],[26.416,57.7926],[26.4158,57.7931],[26.4113,57.7939],[26.4094,57.7933],[26.4078,57.7932],[26.4064,57.7945],[26.4064,57.7952],[26.4055,57.7969],[26.4064,57.7974],[26.4046,57.7985],[26.4036,57.7978],[26.401,57.7981],[26.3977,57.7978],[26.3955,57.7984],[26.3948,57.7992],[26.3915,57.7991],[26.3907,57.7998],[26.3883,57.7992],[26.3858,57.7994],[26.3844,57.7983],[26.3828,57.7981],[26.381,57.7984],[26.3795,57.7976],[26.3768,57.798],[26.3757,57.7986],[26.3744,57.798],[26.3715,57.7984],[26.3704,57.799],[26.3663,57.7988],[26.3619,57.7993],[26.3613,57.7998],[26.3591,57.8001],[26.3564,57.7989],[26.3554,57.7984],[26.3484,57.7981],[26.3366,57.7967],[26.331,57.7978],[26.3238,57.7992],[26.3224,57.799],[26.3181,57.8006],[26.3175,57.8004],[26.3158,57.8011],[26.3172,57.8026],[26.3154,57.8038],[26.3162,57.8045],[26.3161,57.8055],[26.3135,57.8064],[26.3129,57.8063],[26.3106,57.8078],[26.3097,57.8078],[26.3088,57.8086],[26.3089,57.8097],[26.3076,57.8128],[26.3067,57.8138],[26.3033,57.8162],[26.3015,57.8171],[26.2981,57.818],[26.2969,57.8181],[26.294,57.8178],[26.293,57.818],[26.2907,57.8175],[26.2892,57.8175],[26.2874,57.8185],[26.2869,57.8199],[26.2879,57.8206],[26.2873,57.8213],[26.287,57.8229],[26.2859,57.8235],[26.2842,57.8244],[26.2822,57.8242],[26.2812,57.8253],[26.2798,57.8261],[26.2772,57.8267],[26.2767,57.8276]],[[26.6026,57.8124],[26.6028,57.8123]],[[26.3135,57.8064],[26.3129,57.8063]],[[26.2853,57.8239],[26.285,57.824],[26.2842,57.8244]],[[26.2859,57.8235],[26.2853,57.8239]],[[26.3591,57.8001],[26.3574,57.8002],[26.3564,57.7989]],[[26.4094,57.7933],[26.4064,57.7945]]]},"properties":{"name":"Ärnu jõgi"}},
{"type":"Feature","geometry":{"type":"MultiLineString","coordinates":[[[27.1032,57.7422],[27.104,57.7412],[27.1052,57.7407],[27.1052,57.7406],[27.1056,57.7399],[27.1038,57.739],[27.1048,57.738],[27.105,57.7368],[27.1025,57.7355],[27.1022,57.7355],[27.1003,57.7349],[27.099,57.7352],[27.0978,57.7334],[27.0976,57.7324],[27.0977,57.7323],[27.0988,57.7317],[27.0982,57.7309],[27.0965,57.7297],[27.096,57.7287],[27.0944,57.7275],[27.0943,57.7274],[27.0936,57.7265],[27.0922,57.7256],[27.0914,57.7246],[27.0916,57.7236],[27.0893,57.7237],[27.0886,57.7231],[27.0885,57.7231],[27.0868,57.722],[27.0854,57.7221],[27.0852,57.7221],[27.0848,57.721],[27.0847,57.721],[27.0833,57.7204],[27.0825,57.7193],[27.0833,57.7176],[27.0832,57.7175],[27.0831,57.7175]],[[27.1113,57.7606],[27.1114,57.7606],[27.1135,57.7602],[27.1146,57.7591],[27.1163,57.7591],[27.1172,57.7609],[27.1173,57.7609],[27.1186,57.7627]],[[27.1083,57.7604],[27.1081,57.7604],[27.1064,57.7605],[27.106,57.7597],[27.1038,57.76],[27.1027,57.7597],[27.101,57.7606],[27.1009,57.7606],[27.1001,57.7609],[27.099,57.7584],[27.0971,57.7579],[27.0958,57.7569],[27.0945,57.7572],[27.0936,57.7561],[27.0933,57.7542],[27.0928,57.7539],[27.0937,57.7528],[27.0998,57.7512],[27.1009,57.7503],[27.1005,57.7489],[27.1004,57.7488]],[[27.1033,57.7418],[27.104,57.7412]],[[27.1275,57.8666],[27.1253,57.8615],[27.1232,57.8609],[27.1218,57.8611],[27.1175,57.8625],[27.1163,57.8628],[27.1148,57.8625],[27.1134,57.8614],[27.1161,57.8578],[27.1161,57.8538],[27.116,57.8493],[27.1186,57.8439],[27.1202,57.8429],[27.1242,57.8415],[27.1284,57.8397],[27.1322,57.8381],[27.1326,57.8377],[27.1309,57.8353],[27.1315,57.8348],[27.1317,57.8345],[27.1281,57.8324],[27.1262,57.8318],[27.1264,57.8312],[27.1301,57.8309],[27.1474,57.8286],[27.1694,57.8257],[27.1735,57.8254]],[[27.1519,57.7777],[27.1523,57.7775],[27.1542,57.7768],[27.1565,57.7756],[27.1574,57.7751],[27.1591,57.774],[27.1602,57.7734],[27.163,57.7728],[27.1632,57.7708],[27.1609,57.7698],[27.1596,57.77],[27.1586,57.7695],[27.1585,57.7693],[27.1584,57.7686],[27.1555,57.7677],[27.153,57.7678],[27.1514,57.768],[27.1483,57.7679],[27.1471,57.7674],[27.1445,57.7671],[27.1418,57.7672],[27.1404,57.7681],[27.1406,57.7687],[27.1392,57.7692],[27.137,57.7683],[27.137,57.7672],[27.135,57.767],[27.1336,57.7672],[27.1316,57.7668],[27.13,57.7654],[27.1272,57.7649],[27.1258,57.7651],[27.1247,57.7645],[27.1231,57.7646],[27.1205,57.7649],[27.1191,57.7644],[27.1188,57.7638],[27.1187,57.7636]],[[27.1521,57.7968],[27.1551,57.7976],[27.1553,57.7994],[27.1548,57.8001],[27.1571,57.8023],[27.1585,57.804],[27.162,57.8049],[27.1619,57.8063],[27.1612,57.8072],[27.1606,57.8088],[27.1604,57.8114],[27.1604,57.8115],[27.1604,57.8128],[27.1625,57.8137]],[[27.1505,57.7955],[27.1495,57.7949],[27.1498,57.7939],[27.151,57.7934],[27.1532,57.7924],[27.1544,57.7922],[27.1543,57.7911],[27.155,57.7905],[27.1557,57.7882],[27.1551,57.7866],[27.1545,57.7859],[27.1541,57.7855],[27.152,57.7845],[27.1516,57.7834],[27.1522,57.7801],[27.1521,57.7788],[27.1515,57.7784]],[[27.0936,57.7561],[27.0945,57.7572]]]},"properties":{"name":"Iskna jõgi"}},
{"type":"Feature","geometry":{"type":"LineString","coordinates":[[27.3516,57.5182],[27.3506,57.5175],[27.349,57.5166],[27.3505,57.5158],[27.3509,57.5147],[27.3497,57.5145],[27.3496,57.5138],[27.3482,57.5137],[27.3482,57.5125],[27.347,57.5119],[27.3482,57.511],[27.3454,57.5082],[27.3459,57.5078],[27.3451,57.5056],[27.3448,57.5034],[27.3456,57.5024],[27.3443,57.502],[27.3427,57.5001],[27.3429,57.4996],[27.3419,57.4989],[27.34,57.4985],[27.3407,57.4976],[27.3369,57.4968],[27.3379,57.4953]]},"properties":{"name":"Pededze"}},
{"type":"Feature","geometry":{"type":"LineString","coordinates":[[27.3384,57.5454],[27.338,57.5455]]},"properties":{"name":"Педедзе"}},
{"type":"Feature","geometry":{"type":"MultiLineString","coordinates":[[[27.0193,58.6118],[27.0187,58.6127],[27.0187,58.6146],[27.0186,58.6147],[27.0185,58.6162],[27.0162,58.6192],[27.0185,58.62],[27.0186,58.62],[27.0161,58.6228],[27.0208,58.6264],[27.0188,58.632],[27.0187,58.6322],[27.0158,58.6336],[27.0141,58.6358],[27.0136,58.6372],[27.0118,58.639],[27.0116,58.639],[27.01,58.6409],[27.0068,58.6456],[27.0068,58.6457],[27.0071,58.649],[27.0065,58.651],[27.0034,58.6517],[27.001,58.6518],[26.9998,58.6516],[26.997,58.6504],[26.997,58.6503],[26.9965,58.6496],[26.994,58.6497],[26.9938,58.6498],[26.9911,58.6509],[26.9891,58.6512],[26.9881,58.6517],[26.9875,58.6521],[26.9839,58.6529],[26.9832,58.653],[26.983,58.6534],[26.9836,58.6539],[26.9838,58.654],[26.985,58.6559],[26.9842,58.658],[26.9841,58.6581],[26.984,58.6584],[26.9838,58.6589],[26.9827,58.6589],[26.9821,58.6594],[26.9824,58.6596],[26.9813,58.6599],[26.9808,58.6601],[26.9807,58.6601],[26.9776,58.6586],[26.9754,58.6596],[26.975,58.6601],[26.9752,58.6613],[26.9761,58.6618],[26.9765,58.6621],[26.976,58.6625],[26.9761,58.6627],[26.976,58.6629],[26.9747,58.6642],[26.9749,58.6662],[26.9735,58.667],[26.9744,58.6685],[26.9705,58.6689],[26.9702,58.6695],[26.9718,58.6711],[26.9715,58.6719],[26.9719,58.6721],[26.9717,58.6728],[26.9717,58.6733],[26.9698,58.6743],[26.9696,58.6745],[26.9694,58.6745],[26.9691,58.6747],[26.9691,58.6748],[26.9686,58.675],[26.9685,58.675],[26.9683,58.675],[26.9682,58.6752],[26.9685,58.6754],[26.969,58.6755],[26.9719,58.6757],[26.9739,58.6765],[26.9727,58.6777],[26.9708,58.6778],[26.9688,58.6773],[26.9681,58.678],[26.9645,58.6783],[26.963,58.6791],[26.9626,58.6792],[26.9611,58.6798],[26.9608,58.681],[26.9608,58.6814],[26.9611,58.6815],[26.9614,58.6824],[26.9629,58.6831],[26.9634,58.6836],[26.9633,58.6836],[26.9635,58.6839],[26.964,58.6845],[26.9629,58.6855],[26.9624,58.6855],[26.9619,58.686],[26.9594,58.687],[26.9568,58.6872],[26.9569,58.6882],[26.9543,58.6887],[26.955,58.6908],[26.955,58.6909],[26.9575,58.6929],[26.9555,58.6937],[26.9542,58.6945],[26.954,58.6963],[26.9515,58.698],[26.9494,58.6983],[26.9482,58.7008],[26.9475,58.701],[26.9479,58.7022],[26.9469,58.704],[26.9484,58.7049],[26.9485,58.706],[26.9464,58.7064],[26.9462,58.7065],[26.9443,58.7085],[26.9441,58.7093],[26.9431,58.7096],[26.9418,58.7111],[26.9425,58.7116],[26.9419,58.7129],[26.9423,58.7139],[26.9414,58.7144],[26.9413,58.7167],[26.9419,58.7174],[26.9418,58.7188],[26.9436,58.7197],[26.9457,58.7194],[26.9472,58.7198],[26.9477,58.7206],[26.946,58.7219],[26.9447,58.7225],[26.9422,58.7227],[26.9412,58.7242],[26.9411,58.7243],[26.9399,58.7248],[26.9393,58.7258],[26.9404,58.7267],[26.9393,58.7281],[26.9409,58.7282],[26.9411,58.7292],[26.9402,58.7301],[26.9385,58.7305],[26.9337,58.7305],[26.9303,58.7296],[26.9237,58.7298],[26.9224,58.7299],[26.917,58.73],[26.9154,58.7306],[26.9154,58.7318],[26.9139,58.7339],[26.9134,58.7353],[26.9137,58.7371],[26.9119,58.7386],[26.9119,58.7397],[26.9125,58.7405],[26.9109,58.7421],[26.91,58.7437],[26.9113,58.7459],[26.9126,58.7465]],[[26.9839,58.6529],[26.9834,58.6531],[26.9832,58.653]],[[26.9626,58.6792],[26.9616,58.679],[26.963,58.6791]],[[26.9824,58.6596],[26.9817,58.6596],[26.9821,58.6594]],[[26.9765,58.6621],[26.976,58.6625]],[[26.9634,58.6836],[26.9635,58.6839]],[[26.9691,58.6747],[26.9686,58.6749],[26.9686,58.675]],[[26.9629,58.6831],[26.9633,58.6836]],[[26.9838,58.6589],[26.9827,58.6589]],[[26.9718,58.6711],[26.9715,58.6719]],[[26.9696,58.6745],[26.9695,58.6748],[26.9691,58.6748]],[[26.9685,58.675],[26.9685,58.6753],[26.969,58.6755]],[[26.984,58.6584],[26.9838,58.6589]],[[26.9608,58.681],[26.9613,58.6812],[26.9611,58.6815]],[[26.9891,58.6512],[26.9881,58.6517]],[[26.975,58.6601],[26.9754,58.6611],[26.9761,58.6618]],[[26.964,58.6845],[26.9626,58.6853],[26.9624,58.6855]],[[26.9412,58.7242],[26.9411,58.7243]],[[26.9616,58.679],[26.9611,58.6798]],[[26.9682,58.6752],[26.9685,58.6753]],[[26.9719,58.6721],[26.9716,58.6726],[26.9712,58.6733],[26.9698,58.6743]],[[26.9754,58.6611],[26.9752,58.6613]],[[26.9685,58.6753],[26.9685,58.6754]],[[26.9694,58.6745],[26.9695,58.6748]],[[26.9716,58.6726],[26.9717,58.6728]],[[26.9817,58.6596],[26.9813,58.6599]],[[26.9613,58.6812],[26.9608,58.6814]],[[26.9626,58.6853],[26.9629,58.6855]],[[26.9834,58.6531],[26.983,58.6534]],[[26.9686,58.6749],[26.9683,58.675]]]},"properties":{"name":"Haavakivi jõgi"}},
{"type":"Feature","geometry":{"type":"MultiLineString","coordinates":[[[26.3662,58.1669],[26.3658,58.167],[26.3655,58.1671],[26.3569,58.1704],[26.3519,58.1742],[26.3518,58.1743],[26.35,58.1757],[26.3487,58.1759],[26.3457,58.178],[26.3436,58.1788],[26.3423,58.1797],[26.3409,58.1801],[26.3407,58.1801],[26.3388,58.1804],[26.3378,58.1809],[26.3329,58.1826],[26.3328,58.1826],[26.3258,58.1839],[26.3238,58.184],[26.3214,58.1844],[26.3176,58.1822],[26.3152,58.1805],[26.3121,58.1789],[26.3099,58.1764],[26.3075,58.1755],[26.3034,58.175],[26.2983,58.175],[26.2981,58.175],[26.2957,58.1752],[26.293,58.1771],[26.2918,58.1776],[26.2911,58.1783],[26.2905,58.1823],[26.2875,58.1836],[26.2838,58.1843],[26.2805,58.1842],[26.2782,58.1848],[26.278,58.1848],[26.2738,58.1853],[26.2712,58.1859],[26.2678,58.185],[26.2647,58.1848],[26.2627,58.1841],[26.2607,58.1835],[26.2588,58.1824],[26.2566,58.1798],[26.2566,58.1797],[26.2554,58.177],[26.2552,58.1763],[26.2557,58.1745],[26.2552,58.173],[26.2557,58.1721],[26.2559,58.1707],[26.2541,58.168],[26.2533,58.1662],[26.2511,58.1654],[26.2499,58.1646],[26.2482,58.1628],[26.246,58.1617],[26.2433,58.16],[26.2421,58.1597],[26.2326,58.1539],[26.2318,58.1523],[26.2299,58.152],[26.2282,58.1522],[26.2232,58.1521],[26.2221,58.153],[26.2145,58.1553],[26.2141,58.1563],[26.213,58.1566],[26.2107,58.1565],[26.2089,58.157],[26.2052,58.1573],[26.2046,58.1582],[26.2023,58.1578],[26.2024,58.1568],[26.1999,58.1556],[26.1975,58.1554],[26.1974,58.1551],[26.194,58.1542],[26.1929,58.1536],[26.1931,58.1529],[26.1913,58.1525],[26.1898,58.1513],[26.188,58.1511],[26.1874,58.1504],[26.183,58.1491],[26.1815,58.1493],[26.1812,58.1493],[26.1794,58.1481],[26.1777,58.1486],[26.1755,58.1481],[26.1744,58.1491],[26.1719,58.1492],[26.1706,58.1499],[26.1698,58.1512],[26.1687,58.1513],[26.1677,58.1527],[26.1669,58.1528],[26.167,58.1544],[26.1678,58.1549],[26.1672,58.1566],[26.1661,58.1572],[26.1649,58.1573],[26.1645,58.1581],[26.1636,58.1587],[26.1638,58.1595],[26.1586,58.1594],[26.1563,58.1599],[26.1556,58.1604],[26.1522,58.1597],[26.1522,58.1585],[26.1516,58.1582],[26.1514,58.1569],[26.1504,58.1561],[26.1486,58.1558],[26.1475,58.156],[26.1465,58.1556],[26.146,58.1543],[26.1447,58.1532],[26.1442,58.1524],[26.1426,58.1518],[26.1425,58.149],[26.1421,58.1485],[26.1397,58.1485],[26.1399,58.1474],[26.138,58.1466],[26.1366,58.1465],[26.1348,58.1459],[26.1328,58.1461],[26.1327,58.146],[26.131,58.1452],[26.1292,58.145],[26.1292,58.1444],[26.1283,58.1433],[26.1269,58.1424],[26.1293,58.141],[26.1278,58.1405],[26.1269,58.1396],[26.1241,58.1395],[26.1235,58.139],[26.118,58.1388],[26.1173,58.1386],[26.1109,58.1355],[26.0929,58.1349]],[[26.146,58.1543],[26.1447,58.1532]]]},"properties":{"name":"Rõngu jõgi"}},
{"type":"Feature","geometry":{"type":"MultiLineString","coordinates":[[[24.2072,58.8189],[24.2088,58.8198],[24.2091,58.8217],[24.2104,58.8228],[24.2099,58.8234],[24.21,58.8246],[24.2117,58.8265],[24.2129,58.8274],[24.2113,58.8284],[24.2108,58.8301],[24.2119,58.8309],[24.2125,58.8327],[24.211,58.8338],[24.2116,58.8348],[24.2103,58.8359],[24.2126,58.8368],[24.2113,58.8376],[24.212,58.8386],[24.2121,58.84],[24.211,58.8404],[24.2116,58.8415],[24.2098,58.8417],[24.2092,58.8426],[24.2076,58.8428],[24.2085,58.8437],[24.2085,58.845],[24.2092,58.8458],[24.2116,58.8478]],[[24.1721,58.867],[24.172,58.867]],[[24.2359,58.8883],[24.2351,58.8896],[24.2372,58.8919]],[[24.2255,58.8654],[24.2259,58.8666],[24.2274,58.8668]],[[24.2374,58.892],[24.2385,58.8931],[24.2395,58.8935],[24.2396,58.8935],[24.2401,58.8939]],[[24.2355,58.8836],[24.237,58.8842],[24.2381,58.8861],[24.2361,58.8882]],[[24.2403,58.8941],[24.249,58.9005],[24.2491,58.9012],[24.2505,58.902],[24.2521,58.9033],[24.2542,58.9043],[24.2551,58.906],[24.2532,58.9073],[24.2524,58.9087],[24.2539,58.9095],[24.2551,58.9108],[24.2547,58.9118],[24.2537,58.9127],[24.2567,58.914],[24.2574,58.9149],[24.259,58.9158],[24.2607,58.9173],[24.2614,58.9187],[24.2632,58.9194],[24.2642,58.9194],[24.2663,58.9205],[24.2679,58.9227],[24.2685,58.9229]],[[24.2117,58.8478],[24.212,58.8497],[24.2138,58.8498],[24.2183,58.8528],[24.2189,58.8539]],[[24.2304,58.876],[24.2306,58.8768],[24.2321,58.8786],[24.2345,58.8811],[24.2341,58.8823],[24.2353,58.8835]],[[24.219,58.854],[24.2206,58.8568],[24.2205,58.8577],[24.2193,58.8581],[24.2193,58.8589],[24.2166,58.8598],[24.2192,58.8624],[24.22,58.8626],[24.2224,58.862],[24.2241,58.8636],[24.2254,58.8653]]]},"properties":{"name":"Luiste jõgi"}},
{"type":"Feature","geometry":{"type":"LineString","coordinates":[[25.8757,58.2052],[25.8755,58.2051]]},"properties":{"name":"Travastu jõgi"}},
{"type":"Feature","geometry":{"type":"LineString","coordinates":[[25.9786,57.7936],[25.9792,57.7929],[25.9814,57.7925],[25.9828,57.7916],[25.9853,57.7907],[25.9869,57.7912],[25.9908,57.7902],[25.9912,57.7908],[25.9943,57.7917],[25.9949,57.7914],[25.9951,57.7902],[25.9982,57.7897],[25.9985,57.7881],[25.9998,57.7869],[26.0012,57.7863],[26.0025,57.7849],[26.0044,57.7838],[26.0062,57.7835],[26.0078,57.7837],[26.0099,57.7825],[26.0094,57.7812],[26.0105,57.7801],[26.0101,57.7791],[26.0123,57.7782],[26.0121,57.7773],[26.0135,57.7771],[26.0148,57.7778],[26.0192,57.7774],[26.0231,57.7781],[26.0254,57.7794],[26.0267,57.7796],[26.0295,57.779],[26.0343,57.7809],[26.0354,57.7817],[26.0391,57.7814],[26.0411,57.782]]},"properties":{"name":"Pedele"}},
{"type":"Feature","geometry":{"type":"LineString","coordinates":[[26.6033,57.4823],[26.6032,57.4834],[26.605,57.4836],[26.6057,57.484],[26.6055,57.4852],[26.6044,57.4856],[26.6064,57.4869],[26.6072,57.4866],[26.6096,57.4879],[26.6116,57.4877],[26.6129,57.4885],[26.6125,57.4896],[26.6107,57.4908],[26.6108,57.4922],[26.6123,57.4927],[26.6146,57.4926],[26.6149,57.4931],[26.6139,57.4942],[26.614,57.4964],[26.6157,57.4972],[26.616,57.4982],[26.6171,57.4985],[26.6191,57.4982],[26.6202,57.4988],[26.6202,57.5],[26.6212,57.5007],[26.62,57.5013],[26.6203,57.5021],[26.6193,57.5036],[26.6192,57.5046],[26.6176,57.5053],[26.6169,57.505],[26.6145,57.5056],[26.6134,57.5062],[26.6123,57.508],[26.6146,57.5081],[26.6166,57.5093]]},"properties":{"name":"Melnupe"}},
{"type":"Feature","geometry":{"type":"LineString","coordinates":[[27.8169,57.8822],[27.8168,57.8821],[27.8167,57.8819],[27.8167,57.8817],[27.8143,57.8792],[27.8141,57.8783],[27.8149,57.8773],[27.8145,57.8764],[27.8119,57.8746],[27.8111,57.8734],[27.8096,57.8727],[27.8095,57.8726],[27.8103,57.8716],[27.8135,57.8709],[27.8139,57.8702],[27.8159,57.8686],[27.8156,57.8674],[27.8159,57.8662],[27.8174,57.8659],[27.8162,57.8649],[27.8138,57.8644],[27.8133,57.8634],[27.8158,57.8626],[27.8155,57.8617],[27.8139,57.861],[27.8137,57.8606],[27.8132,57.86],[27.8093,57.8592],[27.8085,57.8583],[27.8074,57.8575],[27.8059,57.8573],[27.8033,57.856],[27.8018,57.856],[27.7988,57.8539],[27.7971,57.8534],[27.7973,57.8523],[27.796,57.8525],[27.7949,57.852],[27.7931,57.8497],[27.793,57.8486],[27.7936,57.8478],[27.7921,57.8462],[27.7923,57.846],[27.7954,57.8452],[27.7983,57.8442],[27.7984,57.8437],[27.797,57.8426],[27.7961,57.8412],[27.7962,57.8412],[27.797,57.8407]]},"properties":{"name":"Moložva jõgi / Моложевка"}},
{"type":"Feature","geometry":{"type":"MultiLineString","coordinates":[[[26.3311,57.8742],[26.3481,57.8738],[26.3574,57.8721],[26.3616,57.8714],[26.3649,57.8716],[26.3663,57.8722],[26.3705,57.8756],[26.371,57.8758],[26.3778,57.878],[26.3922,57.8793],[26.3956,57.8796],[26.4035,57.8814],[26.4043,57.8818],[26.4042,57.8844],[26.4055,57.8854],[26.411,57.8861],[26.4123,57.8865],[26.4149,57.8862],[26.4188,57.8864],[26.4235,57.8857],[26.4279,57.8862],[26.4294,57.8861],[26.4328,57.8862],[26.433,57.8862],[26.4348,57.8862],[26.4362,57.8856],[26.4388,57.8836],[26.442,57.8831],[26.4424,57.8828],[26.4443,57.8801],[26.4459,57.8794],[26.4466,57.8786],[26.4482,57.8782],[26.4484,57.8782],[26.4628,57.8782],[26.4698,57.8774],[26.47,57.8773],[26.4712,57.8771],[26.4749,57.8778],[26.4767,57.8776],[26.4787,57.8769],[26.4798,57.8774],[26.4812,57.8768],[26.4852,57.8776],[26.489,57.8777],[26.4918,57.8775],[26.4919,57.8756],[26.4919,57.8755],[26.4976,57.8754],[26.5052,57.8744],[26.5053,57.8745],[26.5076,57.8756],[26.5101,57.8744],[26.513,57.8734],[26.5164,57.8728],[26.5202,57.8729],[26.53,57.8704],[26.5301,57.8704],[26.5304,57.8703],[26.5411,57.8689],[26.5484,57.8667],[26.5507,57.8668],[26.5527,57.8677],[26.5554,57.8682],[26.5568,57.8681],[26.5578,57.869],[26.5599,57.8697],[26.5601,57.8698],[26.5621,57.87],[26.5648,57.8691],[26.5659,57.8685],[26.5666,57.8684],[26.5668,57.8684],[26.5688,57.8675],[26.5692,57.8674],[26.5708,57.8671],[26.5723,57.8666],[26.5722,57.8666],[26.5727,57.8664],[26.5728,57.8664],[26.5738,57.8661],[26.5737,57.866],[26.5757,57.8653],[26.5762,57.8651],[26.5805,57.8638],[26.5813,57.8642],[26.5816,57.8641],[26.5818,57.8641],[26.5832,57.8634],[26.5833,57.8633],[26.5861,57.8628],[26.5862,57.8628],[26.5923,57.8618],[26.5953,57.862],[26.5988,57.861],[26.6008,57.8598],[26.6032,57.86],[26.6049,57.8596],[26.6051,57.8595],[26.6073,57.86],[26.6081,57.8608],[26.6083,57.8609],[26.6101,57.8607],[26.6115,57.8609],[26.6116,57.8609],[26.6145,57.8611],[26.6149,57.8615],[26.6149,57.8616],[26.6172,57.8627],[26.6199,57.863],[26.6217,57.8626],[26.6218,57.8626],[26.623,57.8629],[26.6263,57.8654],[26.6264,57.8667],[26.626,57.8672],[26.626,57.8673],[26.6258,57.8692],[26.6258,57.8724],[26.6274,57.873],[26.6276,57.873],[26.6287,57.8734],[26.6289,57.8735]],[[26.5762,57.8651],[26.5757,57.8653]],[[26.5737,57.866],[26.5727,57.8664]],[[26.5722,57.8666],[26.5707,57.8671],[26.5708,57.8671]],[[26.5679,57.8677],[26.5672,57.8679],[26.5679,57.8677],[26.5688,57.8675]],[[26.5667,57.8681],[26.5666,57.8682],[26.5659,57.8685]],[[26.5813,57.8642],[26.5795,57.8643],[26.5738,57.8661]],[[26.5728,57.8664],[26.5723,57.8666]],[[26.5707,57.8671],[26.5692,57.8674]],[[26.5672,57.8679],[26.5667,57.8681]]]},"properties":{"name":"Antsla jõgi"}},
{"type":"Feature","geometry":{"type":"MultiLineString","coordinates":[[[26.9254,59.2849],[26.925,59.2839],[26.9217,59.2831],[26.9201,59.281],[26.921,59.2791],[26.9206,59.2786],[26.9211,59.277],[26.9192,59.2752],[26.9191,59.2752],[26.9169,59.2745],[26.917,59.2744],[26.9154,59.274],[26.9142,59.2741],[26.908,59.2727],[26.9063,59.2718],[26.905,59.2722],[26.9041,59.2718],[26.9039,59.2718],[26.9012,59.2716],[26.9007,59.2716],[26.8982,59.2717],[26.8954,59.2728],[26.8951,59.274],[26.894,59.2751],[26.8903,59.2772],[26.8875,59.2781],[26.8851,59.2779],[26.882,59.2781],[26.8818,59.2781],[26.88,59.2782],[26.877,59.2776],[26.8752,59.2778],[26.8732,59.2777],[26.8731,59.2784],[26.8697,59.2785],[26.8636,59.2779],[26.8616,59.2773],[26.8594,59.2772],[26.8573,59.2767],[26.856,59.277],[26.8541,59.2767],[26.8534,59.2761],[26.8532,59.2761],[26.8517,59.2758],[26.8484,59.2761],[26.8419,59.2776],[26.8365,59.2771],[26.8325,59.2756],[26.8324,59.2756],[26.8313,59.2751],[26.8311,59.2751],[26.8238,59.2723],[26.8227,59.2708],[26.8226,59.2696],[26.8211,59.2691],[26.815,59.2696],[26.8113,59.2692],[26.8024,59.269],[26.8009,59.2695],[26.7996,59.2705],[26.795,59.2773],[26.7876,59.2817],[26.7845,59.2851]],[[27.007,59.3302],[27.004,59.3299],[27.0034,59.3291],[27.001,59.3307],[26.9997,59.3311],[26.9971,59.3308],[26.9953,59.3304],[26.9957,59.3297],[26.9928,59.3286],[26.9928,59.328],[26.9911,59.3272],[26.9899,59.3271],[26.9881,59.3257],[26.9878,59.3245],[26.9863,59.3217],[26.9852,59.321],[26.9847,59.3199],[26.9838,59.319],[26.9813,59.3189],[26.9786,59.319],[26.9777,59.3184],[26.975,59.3186],[26.9744,59.3193],[26.9726,59.3193],[26.9723,59.3186],[26.9706,59.3184],[26.9681,59.3177],[26.9676,59.3165],[26.9651,59.315],[26.9618,59.3144],[26.9617,59.3143],[26.9593,59.3138],[26.9581,59.313],[26.9554,59.3129],[26.9525,59.3136],[26.9507,59.3131],[26.9486,59.313],[26.9481,59.3119],[26.9471,59.311],[26.9473,59.3104],[26.9446,59.308],[26.9424,59.3063],[26.942,59.3048],[26.9361,59.3002],[26.9361,59.3001],[26.9356,59.2977],[26.9327,59.2949],[26.9327,59.2923],[26.9303,59.2908],[26.9282,59.2877],[26.9257,59.2856],[26.9254,59.285]],[[26.9007,59.2716],[26.9012,59.2716]]]},"properties":{"name":"Hirmuse jõgi"}},
{"type":"Feature","geometry":{"type":"MultiLineString","coordinates":[[[26.7917,59.4058],[26.793,59.4044],[26.7938,59.4039],[26.8011,59.402],[26.8021,59.4019],[26.8092,59.4035],[26.8157,59.4044],[26.8184,59.4059],[26.8242,59.4067],[26.8257,59.4064],[26.8259,59.4064],[26.8274,59.4058],[26.8297,59.4054],[26.831,59.4044],[26.8325,59.404],[26.8361,59.4041],[26.8396,59.404],[26.8404,59.4035],[26.8426,59.4036],[26.8423,59.4015],[26.8453,59.4003],[26.8435,59.3988],[26.8465,59.3963],[26.8517,59.3966],[26.8589,59.3959],[26.8609,59.3936],[26.8621,59.3937],[26.867,59.3932],[26.8913,59.3923],[26.8939,59.392],[26.907,59.3897],[26.9077,59.3895],[26.9109,59.3867],[26.9121,59.3864],[26.9178,59.3868],[26.9221,59.3877],[26.9235,59.388],[26.9254,59.3883],[26.927,59.3892],[26.928,59.3892],[26.9296,59.3899],[26.9305,59.3896],[26.9323,59.3899],[26.9332,59.3883],[26.9345,59.3884],[26.9361,59.3874],[26.938,59.3876],[26.9379,59.3866],[26.9396,59.3865],[26.9423,59.3867],[26.9433,59.3853],[26.9434,59.3853],[26.9469,59.3833],[26.9481,59.3821],[26.9513,59.3822],[26.9534,59.3803],[26.9588,59.3796],[26.9635,59.3777],[26.9638,59.3761],[26.9629,59.3755],[26.9632,59.3748],[26.9636,59.3738],[26.9647,59.373],[26.9676,59.3725],[26.9699,59.3727],[26.9705,59.3726],[26.9716,59.3731],[26.9727,59.3729],[26.9735,59.3719],[26.9749,59.3723],[26.976,59.3731],[26.978,59.3727],[26.9794,59.372],[26.983,59.372],[26.985,59.3715],[26.9885,59.3712],[26.9896,59.372],[26.9913,59.3713],[26.9924,59.3714],[26.9929,59.3724],[26.9945,59.3725],[26.9956,59.3731],[26.9973,59.3723],[26.9998,59.3723],[27.0009,59.3727],[27.0025,59.3716],[27.0046,59.3715],[27.0056,59.3724],[27.0065,59.3722],[27.0083,59.3706],[27.0126,59.3715],[27.0143,59.3712],[27.0145,59.3706],[27.0171,59.3703],[27.0181,59.3696],[27.0203,59.3701],[27.0219,59.3697],[27.0236,59.3704],[27.026,59.3705],[27.0266,59.3716],[27.0283,59.373],[27.0318,59.3743],[27.0319,59.3753],[27.0336,59.3757],[27.0338,59.3762],[27.0334,59.3766],[27.0349,59.3774],[27.0381,59.3776],[27.0383,59.3776],[27.0396,59.3776]],[[26.9469,59.3833],[26.9462,59.3829],[26.946,59.3819],[26.9481,59.3821]],[[26.9699,59.3727],[26.9705,59.3726]]]},"properties":{"name":"Erra jõgi"}},
{"type":"Feature","geometry":{"type":"LineString","coordinates":[[25.843,58.0939],[25.8441,58.0935],[25.8454,58.0925],[25.8529,58.0854],[25.853,58.0853],[25.8595,58.081],[25.8673,58.0771],[25.8701,58.0723],[25.8691,58.0715],[25.8693,58.0703],[25.8659,58.0677],[25.8632,58.0662],[25.863,58.0662],[25.8629,58.0662],[25.8609,58.065],[25.86,58.064],[25.8581,58.0634],[25.8582,58.0627],[25.8597,58.0615],[25.8597,58.0614],[25.8598,58.0611],[25.8583,58.0605],[25.8563,58.0584],[25.8555,58.0584],[25.8553,58.0567],[25.8542,58.0557],[25.8543,58.0547],[25.8522,58.0536],[25.8525,58.0524],[25.8534,58.051],[25.8547,58.0505],[25.8541,58.0499],[25.8548,58.0492],[25.8569,58.0474],[25.8582,58.047],[25.8592,58.0461],[25.8606,58.0454],[25.8616,58.044],[25.8628,58.0438],[25.8642,58.0424],[25.8662,58.0424],[25.8663,58.0393],[25.8669,58.0383],[25.8685,58.0372],[25.8702,58.0371],[25.8691,58.0359],[25.8698,58.0355],[25.8694,58.0339],[25.8703,58.0326],[25.8706,58.0315],[25.8703,58.0303],[25.8724,58.0299],[25.8736,58.0284],[25.8753,58.0272],[25.8753,58.0259],[25.8747,58.0248],[25.8767,58.0242],[25.8766,58.023],[25.8778,58.0226],[25.8786,58.0214],[25.8776,58.021],[25.8779,58.0203],[25.8796,58.02],[25.8815,58.0199],[25.8814,58.0182],[25.8818,58.0177],[25.8843,58.0175],[25.8862,58.0178],[25.888,58.0177],[25.8887,58.0183],[25.8909,58.0181],[25.8929,58.0182],[25.8954,58.0189],[25.8967,58.0187],[25.8988,58.0195],[25.9004,58.0196],[25.9027,58.0188],[25.9046,58.0184],[25.9081,58.0183],[25.9097,58.0188],[25.9111,58.0171],[25.9136,58.0166],[25.9136,58.0159],[25.9147,58.0155],[25.9145,58.0141],[25.9158,58.0138],[25.9173,58.0143],[25.9179,58.0151],[25.918,58.0151],[25.9195,58.0148],[25.921,58.0138],[25.9213,58.0117],[25.9238,58.0114]]},"properties":{"name":"Helme jõgi"}},
{"type":"Feature","geometry":{"type":"MultiLineString","coordinates":[[[25.6079,58.7245],[25.6089,58.7241],[25.6063,58.7204],[25.606,58.7202],[25.5998,58.7102],[25.599,58.7092],[25.5996,58.706],[25.602,58.6995],[25.6011,58.6976],[25.5976,58.696],[25.5976,58.6957],[25.5976,58.6956],[25.5958,58.691],[25.5964,58.69],[25.5986,58.6889],[25.5987,58.6884],[25.5987,58.6883],[25.5986,58.6868],[25.5995,58.6861],[25.5997,58.6851],[25.5988,58.6834],[25.6004,58.6806],[25.603,58.679],[25.6055,58.6776],[25.6059,58.6774],[25.6081,58.6762],[25.6118,58.6746],[25.6133,58.6736],[25.6134,58.6736],[25.613,58.6727],[25.613,58.6726],[25.613,58.671],[25.616,58.6684],[25.6161,58.6683],[25.6173,58.6674],[25.6174,58.6673],[25.6184,58.6661],[25.6185,58.6654],[25.6199,58.6635],[25.62,58.6634],[25.6203,58.6624],[25.6204,58.6622],[25.6217,58.658],[25.6211,58.6555],[25.6211,58.6554],[25.6205,58.6525],[25.6207,58.6523],[25.633,58.6486],[25.633,58.6481],[25.6331,58.648],[25.6388,58.6458],[25.642,58.6456],[25.6423,58.645],[25.6436,58.6446],[25.6437,58.6445],[25.6449,58.6438],[25.6438,58.6431],[25.6431,58.642],[25.6434,58.6411],[25.6418,58.6399],[25.6418,58.6398],[25.6432,58.6386],[25.6426,58.6383],[25.6443,58.6374],[25.644,58.6359],[25.6447,58.6349],[25.6444,58.6344],[25.6465,58.6336],[25.6467,58.6335],[25.6473,58.633],[25.6463,58.632],[25.6464,58.6312],[25.6464,58.6311],[25.649,58.6294],[25.6468,58.6286],[25.6473,58.6277],[25.6467,58.6271],[25.6467,58.6257],[25.648,58.626],[25.6491,58.6256],[25.6514,58.6258],[25.6516,58.6257],[25.6577,58.6243],[25.6627,58.622],[25.6684,58.6222],[25.6709,58.623],[25.6712,58.6221],[25.6732,58.6218],[25.674,58.6211],[25.676,58.6203],[25.676,58.6192],[25.6751,58.6183],[25.6759,58.6176],[25.6747,58.6165],[25.6757,58.6161],[25.675,58.6154],[25.675,58.6153],[25.6737,58.615],[25.673,58.6141],[25.673,58.6128],[25.6715,58.6116],[25.6702,58.608],[25.6759,58.6073],[25.6773,58.6068],[25.6781,58.606],[25.6797,58.6059],[25.6791,58.605],[25.6791,58.6045],[25.6805,58.6036],[25.6816,58.6036],[25.6834,58.6024],[25.6867,58.6024],[25.6867,58.6017],[25.6906,58.6019],[25.6915,58.6011],[25.6926,58.6011],[25.6935,58.5998],[25.6933,58.5991],[25.6944,58.5987],[25.6993,58.5982]],[[25.6791,58.605],[25.6791,58.6045]],[[25.6759,58.6073],[25.6773,58.6068]]]},"properties":{"name":"Räpu jõgi"}},
{"type":"Feature","geometry":{"type":"LineString","coordinates":[[22.7336,58.7997],[22.7305,58.8001],[22.7274,58.8007],[22.7254,58.8025],[22.7214,58.8045],[22.7179,58.8048],[22.7176,58.8064],[22.7155,58.8071],[22.7156,58.8076],[22.7147,58.8087],[22.7099,58.8115],[22.7073,58.8123],[22.6984,58.8141],[22.6943,58.8137],[22.6784,58.8143],[22.6781,58.8143],[22.6727,58.8145],[22.6676,58.8136],[22.6499,58.8103],[22.6496,58.8102],[22.6479,58.8101],[22.6384,58.8127],[22.6376,58.8128],[22.6232,58.8135],[22.6198,58.8146],[22.6196,58.8146],[22.615,58.8165],[22.6087,58.8183],[22.6085,58.8184],[22.6011,58.8205],[22.6006,58.8212],[22.6014,58.8227],[22.5992,58.8234],[22.5924,58.8299],[22.5926,58.831],[22.5974,58.8442],[22.5974,58.8443]]},"properties":{"name":"Luguse jõgi"}},
{"type":"Feature","geometry":null,"properties":{"name":"Vaidava jõgi"}},
{"type":"Feature","geometry":{"type":"MultiLineString","coordinates":[[[27.0887,57.5741],[27.0883,57.5734],[27.0897,57.573],[27.0901,57.5724],[27.0939,57.5719],[27.0954,57.5712],[27.0956,57.5706],[27.0958,57.5706],[27.0963,57.5702],[27.0968,57.5693],[27.0981,57.5692],[27.1005,57.5685],[27.0995,57.5677],[27.102,57.5663],[27.1034,57.5658],[27.1065,57.5657],[27.109,57.5653],[27.1101,57.5642],[27.1118,57.5638],[27.1134,57.5639],[27.1155,57.5628],[27.1174,57.5621]],[[26.6697,57.563],[26.6715,57.5628],[26.6725,57.5616],[26.6718,57.5609],[26.67,57.5607],[26.6705,57.5599],[26.6717,57.5592],[26.6724,57.558],[26.6709,57.5572],[26.6719,57.5567],[26.6713,57.5559],[26.6715,57.5543]],[[27.0956,57.5706],[27.0963,57.5702]],[[27.0954,57.5712],[27.0958,57.5706]]]},"properties":{"name":"Vaidva jõgi / Vaidava"}},
{"type":"Feature","geometry":{"type":"MultiLineString","coordinates":[[[27.1196,57.5523],[27.1186,57.5529],[27.1186,57.5538],[27.1196,57.5551],[27.1205,57.5574],[27.1192,57.5581],[27.1209,57.5595],[27.1199,57.56],[27.1182,57.5602],[27.1184,57.5607],[27.1174,57.5613],[27.1174,57.5621]],[[26.6715,57.5543],[26.6687,57.5527],[26.6697,57.5514],[26.6716,57.5516],[26.6721,57.5508],[26.6708,57.5506],[26.6708,57.5499],[26.6736,57.5494],[26.6741,57.5475],[26.6763,57.5483],[26.6773,57.5479],[26.6798,57.5476],[26.6808,57.5471],[26.6871,57.5454],[26.6886,57.5455],[26.6899,57.5465],[26.6908,57.546]]]},"properties":{"name":"Vaidava"}},
{"type":"Feature","geometry":{"type":"MultiLineString","coordinates":[[[26.1593,58.6954],[26.1588,58.695],[26.1557,58.694],[26.1543,58.6933],[26.1492,58.6931],[26.149,58.6931],[26.1444,58.6942],[26.1429,58.6939],[26.1383,58.6921],[26.1368,58.6898],[26.1365,58.6885],[26.1342,58.6874],[26.1341,58.6873],[26.1294,58.6832],[26.129,58.6826],[26.1289,58.6825],[26.1269,58.6788],[26.1301,58.6761],[26.1309,58.6757],[26.1311,58.6756],[26.1338,58.674],[26.1373,58.67],[26.1373,58.6699],[26.1353,58.6684],[26.1375,58.6649],[26.1376,58.6648],[26.1386,58.664],[26.1419,58.6599],[26.141,58.6581],[26.1419,58.6572],[26.1419,58.6571],[26.1426,58.6563],[26.1446,58.6551],[26.1426,58.6538],[26.1406,58.6535],[26.1397,58.652],[26.1393,58.6491],[26.1363,58.6475],[26.1326,58.6472],[26.1325,58.6471],[26.1283,58.6431],[26.1249,58.6404],[26.124,58.6392],[26.124,58.6384],[26.1247,58.6375],[26.1239,58.6364],[26.1238,58.6363],[26.123,58.6354],[26.1221,58.6352],[26.122,58.6352],[26.1214,58.6349],[26.1199,58.6329],[26.1198,58.6327],[26.1204,58.6314],[26.1195,58.6303],[26.1206,58.6285],[26.1201,58.6281],[26.1211,58.6274],[26.1219,58.6262],[26.122,58.6261],[26.1265,58.622],[26.1266,58.6219],[26.128,58.6208],[26.134,58.617],[26.1339,58.6137],[26.134,58.6136],[26.1373,58.6109],[26.1407,58.6094],[26.1529,58.6077],[26.1622,58.6024],[26.1607,58.6013],[26.1606,58.6013],[26.1568,58.5984],[26.1572,58.5976],[26.1593,58.5966],[26.1641,58.5937],[26.1677,58.5936],[26.1693,58.5919],[26.1715,58.5923],[26.1717,58.5924],[26.1747,58.5893],[26.1751,58.5877],[26.1786,58.5861],[26.1807,58.586],[26.1824,58.5855],[26.1825,58.5855],[26.1845,58.5848],[26.1879,58.5841],[26.1921,58.5828],[26.1965,58.5826],[26.2005,58.5836],[26.2023,58.5819],[26.2091,58.5797]],[[26.1206,58.6285],[26.1201,58.6281]]]},"properties":{"name":"Neanurme jõgi"}},
{"type":"Feature","geometry":{"type":"MultiLineString","coordinates":[[[26.5149,57.6987],[26.518,57.6991],[26.5189,57.6988],[26.519,57.6975],[26.5208,57.6971],[26.5211,57.6971],[26.5239,57.6967],[26.5261,57.6967],[26.5267,57.6972],[26.5289,57.6974],[26.5307,57.6985],[26.5313,57.6992],[26.5327,57.6992],[26.5328,57.6992],[26.5349,57.6988],[26.5389,57.6989],[26.5461,57.6992],[26.5497,57.701],[26.5582,57.7034],[26.5596,57.7035],[26.561,57.7028],[26.5618,57.7019],[26.5623,57.7006],[26.5611,57.6997],[26.561,57.6986],[26.5585,57.6936],[26.5598,57.6912],[26.5586,57.6876],[26.5578,57.6862],[26.5607,57.6849],[26.5609,57.6849],[26.5637,57.6836],[26.5647,57.6793],[26.5602,57.6786],[26.5587,57.6763],[26.5566,57.6757],[26.5543,57.673],[26.5535,57.6708],[26.5517,57.67],[26.5523,57.6679],[26.5564,57.6669],[26.558,57.6656],[26.5581,57.6655],[26.5604,57.6636],[26.5599,57.6601],[26.5559,57.6578],[26.5564,57.6552],[26.5535,57.6525],[26.552,57.6507],[26.5513,57.6504],[26.5501,57.6488],[26.5483,57.6473],[26.5472,57.6447],[26.5474,57.6439],[26.5468,57.6424],[26.5475,57.6419],[26.5492,57.6391],[26.5511,57.6391],[26.5528,57.6384],[26.552,57.6369],[26.5538,57.6368],[26.5539,57.6368],[26.5552,57.6367],[26.557,57.6371],[26.5578,57.6366],[26.5576,57.6361],[26.5572,57.6356],[26.5558,57.6352],[26.5531,57.6332],[26.5539,57.6322],[26.5529,57.6306],[26.552,57.6303],[26.5526,57.6294],[26.5544,57.629],[26.5549,57.6285],[26.555,57.6284],[26.5557,57.6271],[26.5593,57.6258],[26.5634,57.6255],[26.5668,57.6239],[26.5678,57.624],[26.5685,57.6232],[26.5698,57.6218],[26.5721,57.6209],[26.5731,57.6198]],[[26.5725,57.6167],[26.5727,57.6165],[26.5738,57.6151],[26.5746,57.614],[26.5744,57.6135],[26.5743,57.6133],[26.5738,57.6119],[26.5756,57.6114],[26.5746,57.6102],[26.5744,57.6101],[26.5746,57.6102]],[[26.572,57.6078],[26.5741,57.6094],[26.5744,57.6101]],[[26.5578,57.6366],[26.5573,57.6363],[26.5576,57.6361]],[[26.5566,57.6359],[26.5558,57.6353],[26.5566,57.6359],[26.5573,57.6363]],[[26.5744,57.6135],[26.5743,57.6133]],[[26.5558,57.6353],[26.5558,57.6352]],[[26.5727,57.6165],[26.5731,57.6151],[26.5729,57.614],[26.5746,57.614]],[[26.5731,57.6151],[26.5738,57.6151]]]},"properties":{"name":"Ahelo jõgi"}},
{"type":"Feature","geometry":{"type":"MultiLineString","coordinates":[[[26.8645,58.0626],[26.8646,58.0627],[26.8655,58.0634],[26.866,58.0638],[26.8672,58.065],[26.8694,58.0653],[26.8704,58.0659],[26.8732,58.0666],[26.8752,58.0675],[26.876,58.0684],[26.878,58.0694],[26.8772,58.0709],[26.8777,58.0721],[26.8773,58.0731],[26.8765,58.0736],[26.8774,58.0747],[26.8805,58.0759],[26.8817,58.0768],[26.8833,58.077],[26.8829,58.0781],[26.8859,58.0793],[26.8888,58.0801],[26.89,58.0801],[26.8931,58.0823],[26.8934,58.0833],[26.893,58.0836],[26.8928,58.084],[26.8924,58.0849],[26.894,58.0854],[26.8957,58.0851],[26.8956,58.0859],[26.896,58.0865],[26.897,58.0878],[26.8997,58.0888],[26.9009,58.0903],[26.901,58.0914],[26.9019,58.0916],[26.9034,58.0928],[26.9034,58.0951],[26.9046,58.0953],[26.9048,58.0967],[26.9069,58.0984],[26.9065,58.0995],[26.9069,58.1005],[26.909,58.1006],[26.9104,58.101],[26.9117,58.1019],[26.9111,58.1026],[26.9121,58.1032],[26.9144,58.1042],[26.9177,58.1038],[26.9191,58.1046],[26.9185,58.1055],[26.9199,58.1067],[26.9214,58.1071],[26.9223,58.1083],[26.9269,58.1091],[26.9272,58.1097],[26.929,58.1102],[26.9308,58.11],[26.9322,58.1108],[26.9333,58.1108],[26.9358,58.11],[26.9374,58.1098],[26.9398,58.109]],[[26.7883,58.0317],[26.7921,58.0335],[26.795,58.0338],[26.7976,58.0347],[26.8018,58.0358],[26.8035,58.0368],[26.8067,58.038],[26.8091,58.0394],[26.8144,58.0412],[26.8168,58.0414],[26.8204,58.0437],[26.8225,58.0438],[26.8236,58.0442],[26.8265,58.044],[26.8307,58.0449],[26.8309,58.0449],[26.8334,58.0449],[26.8351,58.0453],[26.8357,58.0458],[26.8379,58.0458],[26.8384,58.0459],[26.84,58.0462],[26.8424,58.046],[26.8434,58.0451],[26.8438,58.0451],[26.8454,58.0455],[26.8459,58.0461],[26.8474,58.0471],[26.8477,58.0472],[26.8487,58.0477],[26.8505,58.0476],[26.8519,58.0481],[26.852,58.0481],[26.8539,58.0484],[26.8534,58.0491],[26.8547,58.0501],[26.8564,58.0506],[26.8586,58.0535],[26.8581,58.0557],[26.8586,58.0569],[26.8599,58.0575],[26.8594,58.0591],[26.8599,58.0602]],[[26.8934,58.0833],[26.893,58.0836]],[[26.8434,58.0451],[26.8438,58.0451]],[[26.8474,58.0471],[26.8477,58.0472]]]},"properties":{"name":"Hilba jõgi"}},
{"type":"Feature","geometry":{"type":"MultiLineString","coordinates":[[[25.6473,58.7277],[25.6535,58.7268],[25.6517,58.7221],[25.6539,58.7217],[25.654,58.7217],[25.6548,58.7215],[25.6526,58.7161],[25.6521,58.7122],[25.6521,58.7121],[25.6515,58.7074],[25.6516,58.6994],[25.6506,58.6953],[25.6509,58.6948]],[[25.706,58.6021],[25.7024,58.6028],[25.7012,58.6041],[25.6984,58.6052],[25.6896,58.6157],[25.6895,58.6158],[25.686,58.6184],[25.6845,58.6224],[25.6845,58.6302],[25.6889,58.637],[25.689,58.6371],[25.689,58.6373],[25.6887,58.6379],[25.6901,58.6381],[25.6909,58.6394],[25.6902,58.6403],[25.6905,58.6409],[25.6891,58.6422],[25.6888,58.643],[25.6897,58.6435],[25.689,58.6444],[25.6912,58.6453],[25.6921,58.6466],[25.6919,58.6472],[25.6936,58.6477],[25.6932,58.6489],[25.694,58.6496],[25.6939,58.6506],[25.6932,58.651],[25.696,58.6539],[25.6952,58.6544],[25.6947,58.6591],[25.6908,58.6601],[25.6865,58.661],[25.6792,58.6641],[25.6766,58.6645],[25.6735,58.6666],[25.6734,58.6696],[25.6785,58.6738],[25.6784,58.674],[25.671,58.6769],[25.6706,58.6774],[25.6705,58.6777],[25.6686,58.6801],[25.6676,58.6807],[25.665,58.681],[25.6609,58.6832],[25.6614,58.6854],[25.6607,58.6878],[25.6608,58.6879],[25.6607,58.6885],[25.6596,58.6891],[25.6578,58.6892],[25.6561,58.6899],[25.6524,58.693],[25.651,58.6948]]]},"properties":{"name":"Arussaare jõgi"}},
{"type":"Feature","geometry":{"type":"LineString","coordinates":[[25.651,58.6948],[25.6509,58.6948]]},"properties":{"name":"Retla jõgi"}},
{"type":"Feature","geometry":{"type":"MultiLineString","coordinates":[[[27.1794,58.6341],[27.1773,58.6333],[27.1756,58.6306],[27.1702,58.6216],[27.1656,58.6142],[27.1655,58.6134],[27.1548,58.605],[27.1545,58.6049],[27.1428,58.6038],[27.1391,58.6047],[27.1388,58.6047]],[[27.1188,58.6081],[27.1165,58.6096],[27.1144,58.6101],[27.1128,58.6112],[27.1115,58.6112],[27.1113,58.6112],[27.1101,58.6104],[27.1087,58.6101],[27.1085,58.61],[27.1073,58.6099],[27.1063,58.6105],[27.1028,58.6106],[27.1025,58.6111],[27.1015,58.6109],[27.1013,58.6109],[27.1013,58.6107],[27.1021,58.6107],[27.1017,58.6109],[27.1025,58.6111]],[[27.0733,58.6487],[27.0736,58.6496],[27.0719,58.6511],[27.0701,58.6514],[27.0667,58.6511],[27.0665,58.6511],[27.0636,58.6511],[27.0617,58.6502],[27.0606,58.65],[27.0551,58.6504],[27.0548,58.6504],[27.0523,58.6496],[27.053,58.6491],[27.0515,58.6481],[27.052,58.6467],[27.0531,58.6447],[27.053,58.6428],[27.0531,58.6408],[27.0546,58.6387],[27.0536,58.6365],[27.054,58.6344],[27.054,58.6342],[27.054,58.6333],[27.0521,58.6328],[27.0519,58.6328],[27.0504,58.6328],[27.0476,58.6321],[27.0496,58.6294],[27.0517,58.629],[27.0517,58.6285],[27.0517,58.6284],[27.052,58.6262],[27.0536,58.6247]],[[27.0663,58.6202],[27.0679,58.6204],[27.0688,58.6193],[27.0716,58.6182],[27.0725,58.6171],[27.0733,58.6149],[27.0728,58.6134],[27.0728,58.6133],[27.0729,58.6132],[27.0732,58.6131],[27.0743,58.6129],[27.0742,58.6122],[27.075,58.6115],[27.0766,58.6109],[27.0773,58.6106],[27.0781,58.6105],[27.0794,58.6105],[27.0796,58.6106],[27.0802,58.6106],[27.0811,58.6106],[27.0826,58.6105],[27.0829,58.6106],[27.0845,58.6104],[27.0848,58.6102],[27.086,58.6096],[27.0883,58.6103],[27.0927,58.6104],[27.0931,58.6103],[27.0945,58.6105],[27.0951,58.6109],[27.0979,58.611],[27.0996,58.6105],[27.1,58.6108],[27.1013,58.6109]],[[27.0796,58.6106],[27.0802,58.6106]],[[27.0931,58.6103],[27.0945,58.6105]],[[27.1012,58.6105],[27.1021,58.6107],[27.1028,58.6106]],[[27.0781,58.6105],[27.0794,58.6105]],[[27.0848,58.6102],[27.0883,58.6103]],[[27.0996,58.6105],[27.1012,58.6105],[27.1013,58.6107]],[[27.0979,58.611],[27.1,58.6108]],[[27.0811,58.6106],[27.0826,58.6105]],[[27.075,58.6115],[27.0763,58.6108],[27.0766,58.6109]],[[27.0729,58.6132],[27.0732,58.6131]],[[27.0763,58.6108],[27.0773,58.6106]],[[27.1015,58.6109],[27.1017,58.6109]]]},"properties":{"name":"Alatskivi jõgi"}},
{"type":"Feature","geometry":{"type":"MultiLineString","coordinates":[[[22.3337,58.3502],[22.3264,58.3516],[22.3254,58.3516],[22.3092,58.3515],[22.309,58.3515],[22.3057,58.3513],[22.2943,58.3503],[22.289,58.3498],[22.2888,58.3498],[22.2859,58.3494],[22.2717,58.347],[22.2684,58.3458],[22.2682,58.3458],[22.2636,58.3442],[22.2621,58.3434],[22.2606,58.3412],[22.2597,58.341],[22.2591,58.3402],[22.257,58.336],[22.2554,58.3349],[22.2564,58.3344],[22.2563,58.3342],[22.2561,58.3342],[22.256,58.3341],[22.2561,58.3331],[22.2584,58.3326],[22.2592,58.3328],[22.2622,58.332],[22.2636,58.3304],[22.2646,58.3287],[22.2676,58.3291],[22.2689,58.3284],[22.269,58.3268],[22.268,58.3254],[22.2681,58.3254],[22.2704,58.3249],[22.2712,58.322],[22.2746,58.3203],[22.2782,58.3201],[22.282,58.3165],[22.2845,58.314],[22.2857,58.3133],[22.2892,58.3129],[22.2928,58.3134],[22.2939,58.3119],[22.3031,58.3068],[22.3035,58.3063],[22.3042,58.3036],[22.3058,58.303],[22.3095,58.3027],[22.3122,58.3026],[22.315,58.2992],[22.3156,58.2988],[22.3157,58.2988],[22.3205,58.2947],[22.3241,58.2933],[22.3293,58.2924],[22.3288,58.2915],[22.3299,58.2902],[22.3353,58.2901],[22.3375,58.2895],[22.3399,58.2905],[22.343,58.2907],[22.347,58.2921],[22.3561,58.2904],[22.3573,58.288],[22.3574,58.2851],[22.3604,58.2829],[22.3627,58.2818],[22.3641,58.281],[22.3644,58.281],[22.3646,58.2807],[22.3651,58.2798],[22.3656,58.2789]],[[22.358,58.2741],[22.3593,58.2748]],[[22.3645,58.2812],[22.365,58.2809],[22.3646,58.2807]],[[22.3635,58.2816],[22.3641,58.281]],[[22.2569,58.3339],[22.2568,58.3339],[22.256,58.3341]],[[22.365,58.2809],[22.3651,58.2798]],[[22.3627,58.2818],[22.3635,58.2816],[22.3645,58.2812],[22.3644,58.281]],[[22.2564,58.3344],[22.2569,58.3339]]]},"properties":{"name":"Kärla jõgi"}},
{"type":"Feature","geometry":{"type":"LineString","coordinates":[[25.9259,58.7517],[25.9268,58.7524],[25.9281,58.7547],[25.9269,58.7566],[25.9245,58.7607],[25.9244,58.7615],[25.9234,58.7623],[25.9229,58.7635],[25.922,58.7641],[25.9101,58.7679],[25.9046,58.7704],[25.9038,58.7726],[25.9009,58.7797],[25.9019,58.7852],[25.9019,58.7864],[25.9008,58.787],[25.9012,58.7886],[25.9023,58.7896],[25.9026,58.7926],[25.9011,58.7943],[25.8997,58.7955],[25.8995,58.7957],[25.898,58.797],[25.8975,58.7981],[25.8977,58.7993],[25.8974,58.7999],[25.8956,58.8006],[25.8953,58.8011],[25.8963,58.8027],[25.8962,58.8044],[25.8975,58.8054],[25.9002,58.8062],[25.9007,58.8072],[25.9006,58.8074],[25.9003,58.8082],[25.8969,58.8087],[25.8951,58.8094],[25.8945,58.8109],[25.8911,58.8127],[25.8898,58.8141],[25.8906,58.8149],[25.8899,58.8154],[25.8914,58.817],[25.8931,58.8197],[25.8986,58.8241],[25.9036,58.8234],[25.9084,58.8244],[25.9094,58.8249],[25.9099,58.826],[25.911,58.8305],[25.9111,58.8331],[25.9115,58.835],[25.9144,58.8357],[25.9191,58.836],[25.9229,58.8375],[25.9282,58.8382],[25.9331,58.8383],[25.9334,58.8385],[25.934,58.8449],[25.9356,58.8517],[25.9366,58.8526],[25.9374,58.8564],[25.9386,58.8601],[25.9382,58.8613],[25.9371,58.8623],[25.937,58.8624],[25.9366,58.8629],[25.9373,58.8641],[25.9369,58.865],[25.9296,58.8673],[25.9262,58.868],[25.922,58.871]]},"properties":{"name":"Päinurme jõgi"}},
{"type":"Feature","geometry":{"type":"MultiLineString","coordinates":[[[26.7841,57.5817],[26.784,57.5816],[26.7824,57.5811],[26.7795,57.5812],[26.7746,57.5803],[26.7731,57.5809],[26.7711,57.58],[26.7689,57.5798],[26.7681,57.5803],[26.765,57.5795],[26.7622,57.579],[26.7539,57.5796],[26.7527,57.5802]],[[26.8008,57.583],[26.8023,57.5839],[26.8037,57.5837],[26.8056,57.5843],[26.8072,57.5843],[26.8082,57.5848],[26.8097,57.5844]],[[26.7378,57.5877],[26.7361,57.5881],[26.7323,57.5875],[26.7321,57.5875],[26.7314,57.5877],[26.7298,57.5878],[26.7277,57.5888],[26.7192,57.5892],[26.7185,57.5892],[26.7163,57.589],[26.7087,57.5882],[26.7069,57.5875],[26.7046,57.5881],[26.7012,57.5882],[26.7015,57.5886],[26.6983,57.5883],[26.6982,57.5889],[26.6962,57.5889],[26.695,57.5896],[26.6956,57.5899],[26.6922,57.5898],[26.6914,57.5902],[26.6888,57.5901],[26.6882,57.5913],[26.6865,57.5912],[26.6841,57.5915],[26.6833,57.5915],[26.6802,57.5922],[26.6795,57.5922],[26.679,57.5923],[26.6777,57.5922],[26.677,57.5923],[26.6746,57.5929],[26.6721,57.5932],[26.6714,57.5933],[26.6712,57.5932],[26.6708,57.5922],[26.67,57.5921],[26.6698,57.5909],[26.6681,57.5908],[26.6677,57.5902],[26.6662,57.5899],[26.6647,57.5898],[26.6632,57.5888],[26.6633,57.5883],[26.6628,57.5877],[26.66,57.5875],[26.6597,57.5863],[26.659,57.5855],[26.6573,57.5852],[26.6551,57.5835],[26.6543,57.5838],[26.6521,57.5842],[26.6501,57.5839],[26.6493,57.5836],[26.6472,57.5837]],[[26.6841,57.5915],[26.6833,57.5915]],[[26.6802,57.5922],[26.6795,57.5922]],[[26.6721,57.5932],[26.6714,57.5933]],[[26.7298,57.5878],[26.7288,57.5879],[26.7276,57.5886],[26.7255,57.5879],[26.7227,57.5876],[26.7213,57.5886],[26.7203,57.5884],[26.7192,57.5892]],[[26.7185,57.5892],[26.7163,57.589]]]},"properties":{"name":"Peeli jõgi"}},
{"type":"Feature","geometry":{"type":"LineString","coordinates":[[23.7721,59.0384],[23.772,59.0384],[23.7713,59.0386],[23.7649,59.0419],[23.7497,59.046],[23.7467,59.0464],[23.7435,59.0475],[23.7413,59.0498],[23.7413,59.0499],[23.739,59.0523],[23.7389,59.0529],[23.7363,59.0534],[23.7331,59.0542],[23.7297,59.054],[23.7266,59.0526],[23.7145,59.0531],[23.7143,59.0531],[23.712,59.0526],[23.7096,59.0506],[23.7063,59.0489],[23.7042,59.0485],[23.7003,59.0483],[23.6979,59.0484],[23.6957,59.0491],[23.6938,59.0487],[23.6928,59.0478],[23.6922,59.0456],[23.6912,59.0455],[23.687,59.046],[23.6859,59.0456],[23.6857,59.0455],[23.6821,59.0437],[23.6791,59.041],[23.6725,59.0387],[23.6728,59.0371],[23.6769,59.0332],[23.6764,59.03],[23.6749,59.0288],[23.674,59.0275],[23.6747,59.0267],[23.6729,59.0238],[23.6704,59.0225],[23.6693,59.0223],[23.6689,59.022],[23.6687,59.0219],[23.6625,59.0183],[23.6627,59.0179],[23.6609,59.0172],[23.6583,59.0171],[23.6566,59.0174],[23.6565,59.0174],[23.6534,59.0178],[23.6521,59.0174],[23.6515,59.0166],[23.6484,59.0166],[23.648,59.0162],[23.6453,59.0166],[23.6422,59.0166],[23.6395,59.0171],[23.6368,59.0182],[23.6365,59.0188],[23.6347,59.0186],[23.6325,59.0188],[23.6305,59.0179],[23.6286,59.0176],[23.6267,59.0178],[23.6255,59.0185],[23.6239,59.0177],[23.621,59.0175]]},"properties":{"name":"Salajõgi"}},
{"type":"Feature","geometry":{"type":"MultiLineString","coordinates":[[[28.1283,59.4303],[28.1266,59.4287],[28.1261,59.4286],[28.1237,59.4279],[28.1217,59.4261],[28.1209,59.4259],[28.1194,59.4244],[28.1197,59.4228],[28.1194,59.4213],[28.1199,59.4205],[28.1189,59.4198],[28.1198,59.4194],[28.1188,59.4187],[28.1156,59.418],[28.1141,59.4172],[28.1133,59.4163],[28.1114,59.4154],[28.1104,59.414],[28.1077,59.4135],[28.1068,59.4127],[28.1039,59.4125],[28.0983,59.4111],[28.0981,59.411],[28.0924,59.4098],[28.09,59.4098],[28.083,59.4101],[28.081,59.4101],[28.08,59.4092],[28.0759,59.4074],[28.0759,59.4059],[28.0753,59.4036],[28.0755,59.4027],[28.0749,59.4019],[28.0755,59.4014],[28.0747,59.4006],[28.0759,59.4],[28.0763,59.3987],[28.0756,59.3982],[28.0755,59.3981],[28.0753,59.398],[28.072,59.395],[28.072,59.3941],[28.0731,59.3926],[28.0729,59.3918],[28.0696,59.3899],[28.0677,59.3866],[28.0656,59.385],[28.0643,59.3838],[28.0611,59.3828],[28.0569,59.382],[28.0502,59.3826],[28.0431,59.3797],[28.0405,59.3794],[28.0346,59.3796],[28.0345,59.3796],[28.0311,59.3797],[28.0285,59.3801],[28.0253,59.3817],[28.0159,59.38],[28.0157,59.3799],[27.9948,59.376],[27.9925,59.3752],[27.9833,59.3783],[27.9813,59.3782]],[[27.9642,59.3686],[27.9658,59.3698],[27.9659,59.3699],[27.9669,59.3749],[27.9699,59.3749],[27.9732,59.3761],[27.981,59.3781]]]},"properties":{"name":"Tõrvajõgi"}},
{"type":"Feature","geometry":{"type":"MultiLineString","coordinates":[[[26.1921,59.0218],[26.1917,59.0218],[26.1691,59.0219],[26.1689,59.0219],[26.1659,59.0273],[26.168,59.0281],[26.1679,59.0281],[26.168,59.0308],[26.1667,59.032],[26.1656,59.0321],[26.1657,59.0322],[26.165,59.0325],[26.1656,59.0321]],[[26.1918,59.0244],[26.1905,59.0245],[26.1869,59.0254],[26.1847,59.0241],[26.1818,59.0242],[26.18,59.0237],[26.1775,59.0235],[26.1765,59.0234],[26.1747,59.0232],[26.1734,59.024],[26.1724,59.0243],[26.1701,59.0258],[26.1702,59.0267],[26.1693,59.0277],[26.1692,59.028],[26.1687,59.0282],[26.1687,59.0283],[26.1682,59.0291],[26.1684,59.0309],[26.1667,59.0323],[26.1657,59.0322]],[[26.1329,59.0979],[26.1325,59.0972],[26.1299,59.0965],[26.127,59.0966],[26.1268,59.0973],[26.1251,59.0969],[26.122,59.0978],[26.12,59.0978],[26.1188,59.0971],[26.1172,59.0975],[26.1166,59.0966],[26.1166,59.0959],[26.1169,59.0948],[26.1155,59.094],[26.1152,59.0934],[26.1141,59.0925],[26.1154,59.0915],[26.1147,59.0902],[26.1144,59.0894],[26.1132,59.0889],[26.114,59.088],[26.115,59.0873],[26.1157,59.0867],[26.1163,59.0862],[26.1175,59.0822],[26.1186,59.0815],[26.1184,59.0804],[26.1193,59.0795],[26.1188,59.0782],[26.1195,59.0772],[26.1207,59.0765],[26.1203,59.0739],[26.1219,59.073],[26.122,59.0729],[26.1249,59.0722],[26.1258,59.0717],[26.1254,59.0706],[26.1262,59.0694],[26.1258,59.0682],[26.1266,59.068],[26.1279,59.0661],[26.1301,59.0645],[26.1313,59.0642],[26.1326,59.0633],[26.1324,59.0619],[26.1305,59.0617],[26.1306,59.0609],[26.132,59.0606],[26.1332,59.0596],[26.1339,59.0581],[26.1336,59.0571],[26.1367,59.0558],[26.1366,59.0548],[26.1384,59.0537],[26.1382,59.053],[26.1394,59.0521],[26.1406,59.0519],[26.1426,59.0523],[26.1459,59.0515],[26.1455,59.0495],[26.1495,59.0492],[26.1504,59.0486],[26.1502,59.0479],[26.1535,59.0474],[26.1543,59.047],[26.1545,59.0457],[26.1543,59.0452],[26.1555,59.0441],[26.1561,59.042],[26.1554,59.0408],[26.1569,59.04],[26.1583,59.0379],[26.1597,59.0374],[26.1595,59.0369],[26.1612,59.0358],[26.1603,59.0349],[26.1621,59.0346],[26.1628,59.0338],[26.164,59.0337],[26.165,59.0325]],[[26.1166,59.0966],[26.1166,59.0959]],[[26.1734,59.024],[26.1737,59.024],[26.1724,59.0243]],[[26.1262,59.0694],[26.1253,59.0687],[26.1258,59.0682]],[[26.1692,59.028],[26.1693,59.0277]],[[26.1737,59.024],[26.1747,59.0232]],[[26.1765,59.0234],[26.1775,59.0235]],[[26.1147,59.0902],[26.1131,59.0901],[26.1124,59.0894],[26.1132,59.0889]],[[26.114,59.088],[26.115,59.0873]],[[26.1155,59.094],[26.1152,59.0934]]]},"properties":{"name":"Ilmandu jõgi"}},
{"type":"Feature","geometry":{"type":"MultiLineString","coordinates":[[[26.3646,58.9774],[26.367,58.9728],[26.3684,58.972],[26.3686,58.9718],[26.3701,58.971],[26.3767,58.9679],[26.3787,58.9662],[26.3818,58.9616],[26.3822,58.9599],[26.3836,58.9587],[26.3867,58.9569],[26.3868,58.9569],[26.3901,58.9575],[26.3902,58.9574],[26.3919,58.9549],[26.3921,58.9548],[26.3924,58.9547],[26.4019,58.9559],[26.4023,58.9559],[26.4047,58.9541],[26.4069,58.9522],[26.4069,58.951],[26.4069,58.9509],[26.4087,58.9492],[26.4112,58.9482],[26.4119,58.9476],[26.4135,58.9472],[26.4154,58.9458],[26.4149,58.9451],[26.4156,58.9446],[26.4185,58.9443],[26.4198,58.9446],[26.4217,58.9435],[26.4216,58.9419],[26.4221,58.9407],[26.4216,58.9401],[26.4224,58.9392],[26.4235,58.939],[26.4244,58.9381],[26.4248,58.9369],[26.4243,58.9349],[26.4258,58.9344],[26.4273,58.9344],[26.4283,58.9334],[26.4309,58.933],[26.4318,58.9323],[26.4349,58.9323],[26.4354,58.931],[26.435,58.9301],[26.4363,58.9295],[26.4363,58.9287],[26.4372,58.9276],[26.4375,58.9276],[26.4378,58.9275],[26.4379,58.9274],[26.4383,58.927],[26.4401,58.9258],[26.4403,58.9251],[26.4416,58.9245],[26.4413,58.924],[26.4416,58.9239],[26.4417,58.9226],[26.4419,58.9223],[26.4419,58.9222],[26.4422,58.9219],[26.4418,58.9207],[26.4433,58.9202],[26.4435,58.9195],[26.4464,58.9186],[26.4481,58.9183],[26.448,58.9172],[26.4499,58.9161],[26.4522,58.9159],[26.4524,58.9135],[26.4547,58.9105],[26.4568,58.9101],[26.4566,58.9091],[26.455,58.9085],[26.4553,58.9079],[26.4566,58.9076],[26.4599,58.9058],[26.4615,58.9052],[26.4659,58.9054],[26.4666,58.9044],[26.4714,58.9039],[26.4732,58.9038],[26.4751,58.9027],[26.4749,58.9023],[26.4782,58.9006],[26.4806,58.901],[26.4833,58.9006],[26.4835,58.9006],[26.4838,58.9001],[26.486,58.9001],[26.4879,58.8997],[26.4883,58.8988],[26.4922,58.8991],[26.4931,58.9001],[26.498,58.9013]],[[26.4379,58.9274],[26.4383,58.927]],[[26.4372,58.9276],[26.4376,58.9275],[26.4378,58.9275]],[[26.4375,58.9276],[26.4376,58.9275]],[[26.4417,58.9226],[26.4419,58.9223]],[[26.4413,58.924],[26.4416,58.9239]],[[26.4419,58.9222],[26.4422,58.9219]]]},"properties":{"name":"Salla jõgi"}},
{"type":"Feature","geometry":{"type":"MultiLineString","coordinates":[[[26.5518,57.9866],[26.5499,57.9863],[26.5491,57.9867]],[[26.5687,57.9774],[26.5674,57.979],[26.5672,57.9803],[26.5663,57.9808]],[[26.5963,57.969],[26.5996,57.9686],[26.6017,57.968],[26.6035,57.968],[26.6043,57.9675],[26.607,57.9675],[26.6085,57.9671],[26.6105,57.9676],[26.6128,57.9677],[26.6145,57.968],[26.6174,57.9676],[26.6175,57.9669],[26.6195,57.9662],[26.62,57.9652],[26.6219,57.9655],[26.623,57.9651],[26.6273,57.9654]],[[26.5848,57.9745],[26.5849,57.9745],[26.5863,57.9743],[26.588,57.9741],[26.5886,57.9736]],[[26.6954,57.9563],[26.6943,57.9555],[26.695,57.9553],[26.6948,57.9545],[26.6957,57.9535],[26.6935,57.9521],[26.6889,57.9518],[26.6859,57.9515],[26.6859,57.9509],[26.6845,57.9504],[26.6835,57.9494],[26.683,57.9486],[26.6813,57.9484],[26.6803,57.9489],[26.6791,57.9484],[26.6758,57.949],[26.6767,57.9502],[26.6764,57.9518],[26.6756,57.9529],[26.6743,57.9536],[26.6718,57.9532],[26.6683,57.9542],[26.6675,57.9562],[26.6663,57.9571],[26.6638,57.9575],[26.6635,57.9587],[26.6609,57.9582],[26.6606,57.9581],[26.6592,57.9574],[26.6567,57.9571],[26.6557,57.9572],[26.6518,57.9567],[26.6509,57.9569],[26.6485,57.9563]],[[26.6337,57.9622],[26.6322,57.964]],[[26.5713,57.9756],[26.57,57.9768]],[[26.5744,57.9746],[26.5745,57.9745],[26.5752,57.9743],[26.5758,57.9743],[26.5762,57.9742],[26.5765,57.9741],[26.5778,57.9743]],[[26.5579,57.983],[26.5593,57.9816],[26.5604,57.9817],[26.5608,57.9816],[26.5612,57.9815]],[[26.6381,57.9613],[26.6377,57.9615],[26.6375,57.9616],[26.6363,57.9619]],[[26.5296,57.9853],[26.5309,57.9859],[26.5337,57.9863],[26.5339,57.9865],[26.5341,57.9868],[26.5345,57.987]]]},"properties":{"name":"Pühäjõgi"}},
{"type":"Feature","geometry":{"type":"MultiLineString","coordinates":[[[26.5156,59.0406],[26.5169,59.0393],[26.5172,59.0362],[26.5181,59.0354],[26.5174,59.0347],[26.5191,59.0337],[26.5184,59.0329],[26.5188,59.0324],[26.5186,59.03],[26.5193,59.0298],[26.519,59.0293],[26.5195,59.0271],[26.517,59.0261],[26.5167,59.0247],[26.5187,59.0243],[26.5203,59.0243],[26.5213,59.0237],[26.5241,59.0233],[26.5268,59.0225],[26.5282,59.0229],[26.5305,59.0217],[26.5303,59.0211],[26.5316,59.0201],[26.5313,59.0193],[26.532,59.0188],[26.5322,59.0173],[26.5329,59.0171],[26.5331,59.0158],[26.5345,59.0158],[26.5344,59.0145],[26.5317,59.0129],[26.5316,59.0118],[26.5324,59.0108],[26.5337,59.0099],[26.5332,59.0091],[26.5333,59.0079],[26.534,59.0077],[26.5362,59.0051],[26.5398,59.0037],[26.5424,58.9992],[26.5517,58.9937],[26.5519,58.9936],[26.5539,58.9924],[26.5547,58.9919],[26.5557,58.9914],[26.5571,58.9896],[26.5577,58.9864],[26.5577,58.9862],[26.5578,58.9855],[26.5579,58.9853],[26.5582,58.9829],[26.5557,58.9809],[26.5594,58.9768],[26.5674,58.9734],[26.5677,58.973],[26.5665,58.9709],[26.566,58.969],[26.5667,58.968],[26.5661,58.9672],[26.5629,58.9655],[26.5627,58.9643],[26.5627,58.9642],[26.5626,58.9628],[26.5638,58.9615],[26.5657,58.961],[26.5663,58.9605],[26.5641,58.959],[26.5648,58.9577],[26.5692,58.9549],[26.5693,58.9548],[26.5716,58.951],[26.571,58.9472],[26.5689,58.9458],[26.5682,58.9449],[26.56,58.9404],[26.5463,58.9333],[26.5453,58.9328],[26.5405,58.9319],[26.54,58.9315],[26.539,58.928],[26.5359,58.9272],[26.533,58.9259]],[[26.5577,58.9864],[26.5577,58.9862]],[[26.5578,58.9855],[26.5579,58.9853]],[[26.5539,58.9924],[26.5547,58.9919]],[[26.5557,58.9914],[26.5571,58.9896]]]},"properties":{"name":"Imukvere jõgi"}},
{"type":"Feature","geometry":{"type":"MultiLineString","coordinates":[[[22.7412,59.006],[22.7411,59.0049],[22.742,59.0044],[22.7446,59.004],[22.7471,59.0024],[22.747,59.002],[22.7496,59.0011],[22.7505,59.0008],[22.7513,58.9995],[22.7524,58.9991],[22.7532,58.9978],[22.7527,58.9973],[22.7537,58.9965],[22.7549,58.9962],[22.7551,58.9953],[22.7598,58.9903],[22.7598,58.9889],[22.76,58.9874],[22.7592,58.9863],[22.76,58.9852],[22.763,58.9845],[22.7651,58.9838],[22.7652,58.9829],[22.763,58.9814],[22.7614,58.9809],[22.7585,58.9788],[22.7584,58.9765],[22.7557,58.9709],[22.7537,58.9664],[22.7534,58.9659],[22.7533,58.9658],[22.7521,58.9633],[22.7505,58.9617],[22.7496,58.9613],[22.7495,58.9612],[22.7477,58.9597],[22.7478,58.9586],[22.747,58.9585],[22.7485,58.9571],[22.7486,58.9565],[22.751,58.9559],[22.753,58.954],[22.7573,58.9536],[22.7594,58.9538],[22.7623,58.9527],[22.7638,58.9524],[22.7657,58.9517],[22.7658,58.9517],[22.7674,58.9504],[22.7671,58.9491],[22.7677,58.9479],[22.7673,58.9466],[22.768,58.9464],[22.7722,58.9384],[22.7569,58.9353],[22.757,58.9353],[22.7583,58.9336],[22.7575,58.9318],[22.7575,58.9304],[22.7528,58.9296],[22.7526,58.9295],[22.7538,58.928],[22.7538,58.9279],[22.7513,58.9272],[22.7472,58.9274],[22.7415,58.9287],[22.7401,58.9282],[22.732,58.9279],[22.7257,58.9278],[22.7192,58.9284],[22.7156,58.9302],[22.7148,58.9311],[22.7149,58.9328],[22.7144,58.935],[22.7137,58.9361],[22.7124,58.9371],[22.7141,58.9389]],[[22.763,58.9845],[22.7608,58.9857],[22.7598,58.9889]],[[22.7496,59.0011],[22.7471,59.0024]]]},"properties":{"name":"Nuutri jõgi"}},
{"type":"Feature","geometry":{"type":"MultiLineString","coordinates":[[[26.8179,57.6023],[26.8204,57.6022]],[[26.8578,57.6106],[26.8556,57.6097],[26.8553,57.6087],[26.8559,57.6079],[26.855,57.6076],[26.8519,57.6075],[26.8503,57.6078],[26.8483,57.6074],[26.8481,57.6075],[26.8472,57.607],[26.8457,57.6073],[26.8436,57.6073],[26.843,57.6067]],[[26.7625,57.606],[26.7645,57.6064],[26.7657,57.6063],[26.7687,57.6072],[26.7697,57.6069],[26.7724,57.6073],[26.7764,57.6058],[26.7767,57.6053],[26.7791,57.6052],[26.7814,57.6053],[26.7821,57.6043],[26.7838,57.6032],[26.7849,57.6031],[26.7862,57.6033],[26.789,57.602],[26.7901,57.6018],[26.791,57.6015],[26.7911,57.6015],[26.7913,57.6018],[26.7919,57.6019],[26.7946,57.6017],[26.7959,57.6024],[26.797,57.6039],[26.7986,57.6039],[26.8007,57.604],[26.8009,57.6041],[26.8024,57.6042],[26.8037,57.6047],[26.8052,57.6041],[26.8086,57.6041],[26.8093,57.6039],[26.8095,57.6036],[26.8097,57.6032],[26.8109,57.6024],[26.8116,57.6024],[26.8122,57.6026],[26.8142,57.6036],[26.8163,57.6026],[26.8177,57.6024]],[[26.7624,57.606],[26.7606,57.6057],[26.759,57.6063],[26.7558,57.6063],[26.7556,57.6064],[26.7552,57.606],[26.7525,57.6055],[26.7512,57.6049],[26.7495,57.6055],[26.7483,57.605],[26.748,57.6041],[26.7461,57.6038],[26.746,57.6038]],[[26.7459,57.6036],[26.7446,57.6035],[26.7438,57.6028],[26.743,57.6014],[26.7431,57.6012],[26.7429,57.6],[26.7422,57.5995],[26.742,57.5985],[26.7435,57.5969],[26.743,57.5962],[26.7404,57.5952],[26.739,57.5939],[26.7365,57.5934],[26.7334,57.5948],[26.7315,57.5943]],[[26.8261,57.6019],[26.8274,57.6019],[26.8279,57.602],[26.8281,57.6022],[26.8299,57.6029],[26.8305,57.603],[26.8311,57.6032],[26.8331,57.6035],[26.834,57.6042],[26.8342,57.6046],[26.8352,57.6048],[26.836,57.6049],[26.8373,57.6049],[26.84,57.6052],[26.8428,57.6066]],[[26.8204,57.6022],[26.8205,57.6022]],[[26.743,57.6014],[26.7431,57.6012]],[[26.7558,57.6063],[26.7556,57.6064]],[[26.7917,57.6016],[26.7913,57.6018]],[[26.7919,57.6019],[26.7917,57.6016],[26.7911,57.6015]],[[26.791,57.6015],[26.7904,57.6015],[26.7899,57.6015],[26.7901,57.6018],[26.7904,57.6015]],[[26.8281,57.6022],[26.8279,57.602]],[[26.8097,57.6032],[26.8095,57.6036]],[[26.8093,57.6039],[26.8086,57.6041]],[[26.8009,57.6041],[26.8007,57.604]],[[26.8483,57.6074],[26.8481,57.6075]],[[26.8358,57.6048],[26.8352,57.6048]],[[26.8342,57.6046],[26.834,57.6042]],[[26.8311,57.6032],[26.8305,57.603]],[[26.836,57.6049],[26.8358,57.6048]],[[26.8122,57.6026],[26.8116,57.6024]]]},"properties":{"name":"Kolga oja"}},
{"type":"Feature","geometry":{"type":"LineString","coordinates":[[26.884,57.6208],[26.8799,57.6202],[26.8759,57.6196],[26.8744,57.6191],[26.8731,57.6176],[26.8682,57.617],[26.8659,57.6163],[26.8635,57.615],[26.862,57.6134],[26.8617,57.6122],[26.8591,57.6113],[26.8578,57.6106]]},"properties":{"name":"Kolga oja / Līčupe"}},
{"type":"Feature","geometry":{"type":"LineString","coordinates":[[24.4811,58.0789],[24.482,58.0791],[24.4846,58.0808],[24.4869,58.0809],[24.4887,58.0806],[24.4901,58.0796],[24.4918,58.0787],[24.4913,58.0774],[24.4934,58.0769],[24.4929,58.0744],[24.4919,58.0731],[24.4907,58.0722],[24.492,58.0718],[24.4928,58.07],[24.4908,58.0682],[24.4901,58.0671],[24.4916,58.0662],[24.4932,58.0656],[24.4932,58.0635],[24.4947,58.0631],[24.4989,58.0612],[24.501,58.0597],[24.5011,58.0597],[24.5016,58.058],[24.5024,58.0573],[24.5064,58.0554],[24.5071,58.0537],[24.5082,58.0521],[24.5102,58.0509],[24.5107,58.0509],[24.5119,58.0498],[24.5151,58.0495],[24.5173,58.0486],[24.518,58.0477],[24.5206,58.0482],[24.5238,58.0483],[24.525,58.0466],[24.527,58.0472],[24.5284,58.0456],[24.5273,58.0444],[24.5277,58.0435],[24.5303,58.0414],[24.5325,58.0408],[24.5327,58.0408],[24.5388,58.0406],[24.5435,58.0394],[24.5513,58.0353],[24.5613,58.03],[24.5656,58.0288],[24.5657,58.0287],[24.5696,58.0271],[24.5697,58.027],[24.5694,58.0255],[24.5706,58.0238],[24.5746,58.0225],[24.5773,58.0228],[24.5785,58.0221],[24.5811,58.022],[24.5813,58.0219],[24.5827,58.022],[24.5849,58.0229],[24.593,58.0237],[24.598,58.0246],[24.6031,58.0245],[24.6033,58.0245],[24.6072,58.0243],[24.6086,58.0237],[24.6081,58.0223],[24.6081,58.0222],[24.6067,58.0194],[24.6067,58.0193],[24.6055,58.0168],[24.6052,58.0155],[24.6063,58.0145],[24.6108,58.0136],[24.6133,58.0138],[24.6156,58.0145],[24.618,58.0148],[24.62,58.0148],[24.6215,58.0154],[24.6248,58.0155],[24.627,58.0145],[24.6281,58.0142],[24.6321,58.014],[24.6329,58.0137],[24.6381,58.015],[24.6402,58.0152],[24.6418,58.0159],[24.6454,58.0161]]},"properties":{"name":"Häädemeeste jõgi"}},
{"type":"Feature","geometry":{"type":"MultiLineString","coordinates":[[[24.9898,58.1364],[24.9879,58.1354],[24.9804,58.1353],[24.9803,58.1353],[24.9792,58.1348],[24.9781,58.1349],[24.9779,58.1349],[24.9752,58.1352],[24.975,58.1352],[24.9732,58.1346],[24.9711,58.1346],[24.9705,58.1348],[24.9696,58.1358],[24.9694,58.1374],[24.9696,58.1375],[24.9702,58.1384],[24.9696,58.1392],[24.97,58.14]],[[24.9685,58.143],[24.9684,58.1431],[24.9685,58.1434],[24.9684,58.1435],[24.9671,58.1458],[24.9658,58.1465],[24.964,58.1463],[24.9631,58.1466],[24.9617,58.1461],[24.9595,58.1458],[24.9593,58.1458],[24.9565,58.1452],[24.9542,58.1454],[24.9522,58.1451],[24.9493,58.1454],[24.9475,58.1449],[24.9466,58.1451],[24.9457,58.1451],[24.9435,58.1452],[24.9434,58.1452],[24.9406,58.145],[24.9384,58.1442],[24.9358,58.144],[24.9353,58.1438],[24.9333,58.1435],[24.9302,58.1435],[24.9278,58.1441],[24.9259,58.1443],[24.9242,58.1445],[24.9226,58.145],[24.921,58.1454],[24.9176,58.145],[24.9155,58.1456],[24.9146,58.1454],[24.9144,58.1454],[24.9137,58.1453],[24.9134,58.1453],[24.9131,58.1452],[24.9124,58.1455],[24.9103,58.1451],[24.9102,58.1451],[24.908,58.1455],[24.9066,58.1454],[24.9051,58.1463],[24.9003,58.1461],[24.899,58.1456],[24.8989,58.1455],[24.8988,58.1456],[24.8985,58.1455],[24.8949,58.1444],[24.8947,58.1443],[24.8933,58.1441],[24.891,58.1429],[24.8893,58.1431],[24.8887,58.1431],[24.8822,58.1435],[24.8773,58.1434],[24.8759,58.1437],[24.8757,58.1437],[24.876,58.1442],[24.8739,58.1445],[24.8715,58.144],[24.8702,58.1451],[24.87,58.1451],[24.8671,58.1457],[24.8636,58.1437],[24.8615,58.1434],[24.8581,58.1441],[24.8556,58.1455],[24.8502,58.1472],[24.846,58.1473],[24.8442,58.1496],[24.8426,58.1504],[24.8414,58.15],[24.8386,58.1503],[24.8369,58.1494]],[[24.9707,58.1348],[24.9707,58.1347],[24.9711,58.1346]],[[25.0039,58.1437],[25.005,58.1427],[25.0049,58.1427],[25.0009,58.1384],[24.9968,58.1383],[24.9951,58.1375],[24.9949,58.1374],[24.9912,58.1374],[24.9898,58.1365]],[[24.9146,58.1454],[24.9143,58.1453],[24.9137,58.1453]],[[24.899,58.1456],[24.8988,58.1456]],[[24.9144,58.1454],[24.9143,58.1453]],[[24.9134,58.1453],[24.9131,58.1452]],[[24.8989,58.1455],[24.8985,58.1455]],[[24.8949,58.1444],[24.8947,58.1443]],[[24.9707,58.1347],[24.9705,58.1348]],[[24.8893,58.1431],[24.8887,58.1431]],[[24.9358,58.144],[24.9353,58.1438]]]},"properties":{"name":"Humalaste jõgi"}},
{"type":"Feature","geometry":{"type":"LineString","coordinates":[[22.2579,58.487],[22.259,58.4866],[22.2606,58.4854],[22.2578,58.4822],[22.2551,58.4803],[22.2538,58.4785],[22.2559,58.4763],[22.2557,58.4761],[22.2624,58.4708],[22.2644,58.4676],[22.2645,58.4675],[22.2645,58.4671],[22.2706,58.4653],[22.2724,58.4625],[22.2721,58.4615],[22.2707,58.4598],[22.2705,58.4576],[22.2696,58.4556],[22.2704,58.4523],[22.2703,58.4511],[22.2669,58.4497],[22.2663,58.4487],[22.2663,58.4485],[22.268,58.4463],[22.2696,58.4452],[22.2696,58.4451],[22.2695,58.4443],[22.2676,58.4421],[22.2691,58.4367],[22.2691,58.4366],[22.2699,58.4342],[22.2702,58.4342],[22.2799,58.4341],[22.2801,58.4341],[22.2914,58.4339],[22.2916,58.4338],[22.3014,58.4274],[22.3015,58.4273],[22.3074,58.4279],[22.3081,58.4268],[22.3103,58.4267],[22.3123,58.4247],[22.313,58.4236],[22.315,58.4224],[22.3175,58.4224],[22.319,58.4207],[22.3181,58.4202],[22.3202,58.4187],[22.3216,58.4172],[22.3237,58.4167],[22.3249,58.4156],[22.3282,58.4143],[22.3295,58.4129],[22.329,58.4107],[22.3257,58.4088],[22.3247,58.4063],[22.3307,58.4027],[22.3308,58.4021],[22.3282,58.4008],[22.3119,58.3996]]},"properties":{"name":"Tirtsi jõgi"}},
{"type":"Feature","geometry":{"type":"LineString","coordinates":[[27.9331,59.3274],[27.9362,59.3252],[27.941,59.3257],[27.957,59.3276],[27.9595,59.3278],[27.9615,59.3291],[27.9689,59.331],[27.9784,59.3324],[27.9827,59.3332],[27.9881,59.3334],[27.9912,59.3337],[27.9938,59.3336],[27.9953,59.3334],[27.9975,59.3326],[28.0019,59.3323],[28.0064,59.3325],[28.0109,59.3331],[28.0119,59.3328],[28.0142,59.3327],[28.0152,59.3331],[28.0183,59.3326],[28.0191,59.3328],[28.0212,59.3259],[28.0222,59.323],[28.0229,59.3203],[28.026,59.3158],[28.0295,59.3104],[28.0307,59.3088],[28.0347,59.3028],[28.036,59.301]]},"properties":{"name":"Kulgu jõgi"}},
{"type":"Feature","geometry":{"type":"LineString","coordinates":[[22.862,58.8355],[22.8584,58.8368],[22.859,58.8377],[22.8577,58.8396],[22.8579,58.8415],[22.859,58.8434],[22.8586,58.8449],[22.8568,58.8466],[22.8582,58.8473],[22.86,58.8471],[22.8624,58.8476],[22.862,58.8491],[22.8638,58.8507],[22.8639,58.8515],[22.8655,58.8525],[22.8649,58.8538],[22.8651,58.8546],[22.8642,58.8572],[22.8627,58.8587],[22.8612,58.8616],[22.8527,58.8699],[22.8527,58.87],[22.8486,58.8741],[22.8377,58.8746],[22.8374,58.8746],[22.8098,58.876],[22.8018,58.8759],[22.7987,58.8767],[22.7856,58.8762],[22.7829,58.8753],[22.7795,58.8748],[22.7749,58.8742],[22.7739,58.8739],[22.7693,58.8735],[22.7666,58.8735],[22.7545,58.87],[22.7538,58.8689],[22.7459,58.8666],[22.7438,58.8663],[22.7386,58.8667],[22.7366,58.8663],[22.7306,58.863],[22.7305,58.8629],[22.72,58.8618]]},"properties":{"name":"Vaemla jõgi"}},
{"type":"Feature","geometry":{"type":"MultiLineString","coordinates":[[[26.7743,58.7826],[26.7745,58.7826],[26.7756,58.783],[26.7766,58.783],[26.7767,58.783],[26.7769,58.7829],[26.7784,58.7826],[26.7808,58.7812],[26.7827,58.7816],[26.7827,58.7822],[26.7872,58.7838],[26.7899,58.7837],[26.7914,58.7832],[26.7934,58.7831],[26.7949,58.7837],[26.7957,58.7845],[26.7986,58.7843],[26.8,58.7848],[26.8009,58.7855],[26.804,58.7855],[26.8067,58.7852],[26.813,58.7861],[26.8132,58.7862],[26.8161,58.7866],[26.8189,58.7822],[26.8242,58.7828],[26.8251,58.7814],[26.8243,58.7772],[26.8243,58.777],[26.8245,58.7738],[26.8324,58.7678],[26.8356,58.7635],[26.8362,58.7632],[26.8403,58.7627],[26.8422,58.763]],[[26.7756,58.783],[26.7766,58.783]]]},"properties":{"name":"Tarakvere jõgi"}},
{"type":"Feature","geometry":{"type":"LineString","coordinates":[[23.6779,59.0772],[23.6736,59.0848],[23.6714,59.0852],[23.668,59.0846],[23.6643,59.0861],[23.662,59.0875],[23.6603,59.0883],[23.6565,59.089],[23.6559,59.0897],[23.6494,59.0909],[23.623,59.096],[23.6104,59.0984],[23.6049,59.0994],[23.598,59.1008],[23.5943,59.1026],[23.5896,59.1051],[23.586,59.1075],[23.5849,59.1087],[23.5847,59.11],[23.5831,59.1108],[23.5829,59.1108],[23.5806,59.1112],[23.5782,59.1118],[23.5684,59.115],[23.5602,59.1177],[23.5493,59.1213],[23.5492,59.1214],[23.546,59.1216],[23.5435,59.1232],[23.5428,59.125],[23.5382,59.1279],[23.5371,59.1283],[23.5372,59.1291],[23.5361,59.1294],[23.5344,59.1309],[23.5323,59.1311],[23.5299,59.1321]]},"properties":{"name":"Riguldi jõgi"}},
{"type":"Feature","geometry":{"type":"LineString","coordinates":[[23.7487,59.169],[23.7475,59.1694],[23.7357,59.1718],[23.7306,59.1739],[23.7304,59.1739],[23.7294,59.1744],[23.7285,59.1762],[23.7281,59.178],[23.7267,59.1824],[23.727,59.1877],[23.7262,59.19],[23.7253,59.1907],[23.7255,59.1929],[23.7255,59.193],[23.7251,59.1939],[23.7251,59.1957],[23.7256,59.1962],[23.7258,59.1983],[23.7251,59.1988],[23.7213,59.1997],[23.7211,59.1998],[23.7202,59.2004],[23.7183,59.2004],[23.7132,59.2021],[23.7122,59.2046],[23.7123,59.2055],[23.7115,59.2063],[23.7106,59.2083],[23.7107,59.2101],[23.7119,59.2127],[23.712,59.2129],[23.7128,59.214],[23.7122,59.2154],[23.7099,59.2159],[23.7072,59.2177],[23.708,59.2187],[23.7076,59.2196],[23.7053,59.2205],[23.7041,59.2222],[23.7041,59.2223],[23.7031,59.2273],[23.7047,59.2279],[23.7069,59.229],[23.7069,59.2298]]},"properties":{"name":"Veskijõgi"}},
{"type":"Feature","geometry":{"type":"LineString","coordinates":[[23.788,58.7388],[23.7895,58.7385],[23.8028,58.7274],[23.8036,58.7271],[23.8071,58.726],[23.8082,58.7251],[23.8094,58.7186],[23.8122,58.7143],[23.8138,58.7135],[23.8154,58.7131],[23.8156,58.7131],[23.8167,58.7125],[23.8197,58.7122],[23.8234,58.7122],[23.8314,58.7129],[23.8342,58.7125],[23.8372,58.7124],[23.8489,58.7073],[23.8491,58.7072],[23.8528,58.7055],[23.8532,58.7053],[23.8565,58.7003],[23.8567,58.7003],[23.8564,58.6985],[23.8564,58.6984],[23.8566,58.6978],[23.859,58.6969],[23.8598,58.6956],[23.8613,58.6948],[23.8633,58.6944],[23.8671,58.6929],[23.8691,58.6917],[23.8692,58.6917],[23.8721,58.6903]]},"properties":{"name":"Penijõgi"}},
{"type":"Feature","geometry":{"type":"LineString","coordinates":[[24.6728,58.5993],[24.6696,58.5994],[24.6656,58.5978],[24.665,58.5967],[24.6629,58.5955],[24.6626,58.5954],[24.6589,58.5949],[24.6582,58.5944],[24.6565,58.5942],[24.6546,58.5934],[24.6529,58.5939],[24.6528,58.5939],[24.6503,58.5945],[24.6486,58.5943],[24.6485,58.5942],[24.647,58.5942],[24.6433,58.5927],[24.6432,58.5927],[24.6406,58.5916],[24.6394,58.5885],[24.6418,58.5864],[24.6453,58.5847],[24.6456,58.5831],[24.6456,58.583],[24.6465,58.578],[24.6492,58.5706],[24.6503,58.5693],[24.6503,58.5692],[24.6508,58.5682],[24.6356,58.5614],[24.6265,58.5573],[24.6264,58.5573],[24.6262,58.5572],[24.6261,58.5571],[24.6132,58.5514],[24.6109,58.5503],[24.6093,58.5487],[24.6108,58.5466],[24.6116,58.5441],[24.6118,58.5441],[24.6129,58.5435],[24.6153,58.5388],[24.6154,58.5387],[24.6178,58.5361],[24.6178,58.5349],[24.6188,58.5346],[24.619,58.5346],[24.6199,58.5336],[24.6211,58.5281],[24.6216,58.5279]]},"properties":{"name":"Saki jõgi"}},
{"type":"Feature","geometry":{"type":"MultiLineString","coordinates":[[[25.0939,58.0856],[25.0907,58.0867],[25.0895,58.0867],[25.0892,58.0852],[25.087,58.079],[25.0866,58.079],[25.0864,58.0789],[25.082,58.0786],[25.0751,58.0853],[25.075,58.0854]],[[25.094,58.0856],[25.1006,58.0846],[25.1005,58.081],[25.0989,58.0781],[25.0989,58.078],[25.0983,58.0765],[25.1002,58.071],[25.0984,58.0663]]]},"properties":{"name":"Raamatu jõgi"}},
{"type":"Feature","geometry":{"type":"LineString","coordinates":[[25.0617,57.9948],[25.064,57.9949],[25.0685,57.9962],[25.072,57.9983],[25.0751,57.9998],[25.0791,58.0012],[25.0832,58.0025],[25.0853,58.0034],[25.0879,58.0057],[25.0885,58.0068],[25.0882,58.009],[25.0893,58.0117],[25.0919,58.0122],[25.0943,58.0119],[25.0957,58.012],[25.0984,58.0118],[25.1032,58.012],[25.1054,58.0115],[25.1108,58.0139],[25.1113,58.0151],[25.1079,58.0197],[25.1086,58.0244],[25.1124,58.0294],[25.1148,58.0325],[25.1186,58.0396],[25.1218,58.0458],[25.1186,58.05],[25.1156,58.0535],[25.1051,58.0662]]},"properties":{"name":"Ramata"}},
{"type":"Feature","geometry":{"type":"LineString","coordinates":[[25.5122,58.0098],[25.5115,58.0089],[25.5074,58.0078],[25.5026,58.0057],[25.5002,58.006],[25.499,58.0059],[25.4971,58.0072],[25.4968,58.0072],[25.4943,58.0074],[25.4948,58.0081],[25.4949,58.0096],[25.4934,58.0092],[25.4919,58.0096],[25.4897,58.0109],[25.4872,58.0099],[25.4841,58.0099],[25.4832,58.0095],[25.4825,58.0096],[25.4819,58.0092],[25.4777,58.0094],[25.4765,58.0103],[25.4746,58.0105],[25.4741,58.0102],[25.4734,58.0101],[25.4732,58.0101],[25.4728,58.01],[25.4706,58.0081],[25.4686,58.0069],[25.4689,58.0064],[25.4671,58.0058],[25.4669,58.0052]]},"properties":{"name":"Ruhja jõgi"}},
{"type":"Feature","geometry":{"type":"LineString","coordinates":[[22.9055,58.4335],[22.903,58.4351],[22.9019,58.4348],[22.9007,58.4329],[22.9006,58.4327],[22.8993,58.4305],[22.8993,58.4236],[22.8993,58.4235],[22.8993,58.4234],[22.9129,58.4197],[22.916,58.419],[22.9162,58.419],[22.9179,58.4191],[22.9223,58.4178],[22.9257,58.4176],[22.9257,58.4164],[22.9274,58.4154],[22.9276,58.4153],[22.9291,58.4139],[22.9325,58.4131],[22.9332,58.4125],[22.9325,58.41],[22.9331,58.4092],[22.9325,58.4071],[22.9352,58.4062],[22.9362,58.4052],[22.9364,58.4026],[22.9376,58.4013],[22.9389,58.4011],[22.9438,58.3995],[22.944,58.3983],[22.9479,58.3972],[22.95,58.3955],[22.95,58.3954],[22.9491,58.3943],[22.9492,58.3926],[22.948,58.3922],[22.9469,58.3912],[22.9469,58.39],[22.948,58.3888],[22.9481,58.3886],[22.9498,58.3881],[22.9518,58.3869],[22.9525,58.3848],[22.9536,58.3843]]},"properties":{"name":"Maadevahe jõgi"}},
{"type":"Feature","geometry":{"type":"LineString","coordinates":[[27.1096,59.2922],[27.1136,59.294],[27.1163,59.294],[27.1349,59.2962],[27.1353,59.2974],[27.1353,59.2975],[27.136,59.2978],[27.1471,59.2999],[27.1473,59.2999],[27.1583,59.302],[27.1587,59.3021],[27.1629,59.3029],[27.1631,59.3054],[27.1593,59.3151],[27.1596,59.3152],[27.1599,59.3152],[27.1627,59.3146],[27.1641,59.3146],[27.1779,59.316],[27.178,59.3162],[27.1763,59.3203],[27.1838,59.3211],[27.1842,59.321],[27.1845,59.321],[27.1847,59.3211],[27.1832,59.3247],[27.1832,59.3248],[27.1808,59.3308],[27.1801,59.3323]]},"properties":{"name":"Raudjõgi"}},
{"type":"Feature","geometry":{"type":"LineString","coordinates":[[27.8139,57.861],[27.8137,57.8606]]},"properties":{"name":"Moložva jõgi"}},
{"type":"Feature","geometry":{"type":"LineString","coordinates":[[24.6819,57.9526],[24.6823,57.9535],[24.6824,57.9567],[24.6837,57.9579],[24.6867,57.9593],[24.6893,57.9615],[24.689,57.9622],[24.6908,57.9637],[24.6909,57.9638],[24.692,57.9656],[24.6939,57.9672],[24.6946,57.9687],[24.6968,57.9707],[24.6994,57.972],[24.7021,57.9726],[24.705,57.9748],[24.7082,57.9779],[24.7091,57.979],[24.7102,57.9832],[24.7111,57.9883]]},"properties":{"name":"Pužupe jõgi"}},
{"type":"Feature","geometry":{"type":"LineString","coordinates":[[24.6686,57.9392],[24.6677,57.9417],[24.671,57.9431],[24.672,57.9447],[24.672,57.9462],[24.6725,57.9473],[24.6746,57.9488],[24.6795,57.9509],[24.6816,57.9517],[24.6819,57.9526]]},"properties":{"name":"Pužupe"}},
{"type":"Feature","geometry":{"type":"LineString","coordinates":[[27.5552,57.8136],[27.5541,57.814],[27.5539,57.8141]]},"properties":{"name":"Белка"}},
{"type":"Feature","geometry":{"type":"MultiLineString","coordinates":[[[24.0082,58.3195],[24.0076,58.3199],[24.0069,58.3215],[24.0046,58.3244],[24.0032,58.3254],[24.0003,58.3266],[23.9988,58.3294],[23.9988,58.3303],[23.9978,58.331],[23.9973,58.3329],[23.9983,58.3348],[23.9976,58.336],[23.9958,58.3369],[23.9953,58.34]],[[23.9953,58.3402],[23.9954,58.341],[23.9963,58.3416],[23.9967,58.3424],[23.9989,58.3436],[23.9976,58.3442]],[[23.9974,58.3443],[23.9967,58.3448],[23.9924,58.3463],[23.9895,58.3469],[23.9887,58.3485],[23.9897,58.3498],[23.9882,58.3517],[23.9888,58.3525],[23.9883,58.3534]]]},"properties":{"name":"Tõstamaa jõgi"}},
{"type":"Feature","geometry":{"type":"LineString","coordinates":[[27.8413,57.8953],[27.8409,57.894],[27.8392,57.8937],[27.8317,57.8911],[27.831,57.8904],[27.8286,57.8869],[27.8296,57.8851],[27.8289,57.8843],[27.828,57.8841],[27.8255,57.8845],[27.8238,57.8834],[27.8226,57.8831],[27.8191,57.8832],[27.8169,57.8822]]},"properties":{"name":"Моложевка"}},
{"type":"Feature","geometry":{"type":"LineString","coordinates":[[27.7403,59.0046],[27.7431,59.0039],[27.7454,59.0037],[27.7472,59.0049],[27.7496,59.0058],[27.7518,59.0058],[27.7525,59.0052],[27.7551,59.0045],[27.7578,59.0045],[27.7599,59.005],[27.7611,59.0047],[27.7641,59.0046],[27.7663,59.0051],[27.7703,59.0073],[27.7717,59.0075],[27.7741,59.0071]]},"properties":{"name":"Втроя"}},
{"type":"Feature","geometry":{"type":"MultiLineString","coordinates":[[[25.4774,57.5488],[25.479,57.5496],[25.4812,57.5496],[25.4848,57.5487],[25.4881,57.5478],[25.4897,57.5476],[25.4936,57.5487],[25.4943,57.5506],[25.493,57.5512],[25.4899,57.5521],[25.4883,57.5531],[25.488,57.5542],[25.4883,57.5554],[25.4905,57.5576],[25.4922,57.5581],[25.4957,57.5577],[25.4971,57.5577],[25.4996,57.5582],[25.5013,57.5588],[25.5047,57.5597],[25.5065,57.5605],[25.5078,57.5616],[25.5073,57.5622],[25.5056,57.5631],[25.5056,57.5646],[25.5069,57.5653],[25.5101,57.566],[25.5122,57.5666],[25.5136,57.5677],[25.5141,57.5692],[25.5141,57.5714],[25.516,57.5743],[25.5174,57.5756],[25.5223,57.5794],[25.5258,57.5811],[25.5279,57.5815],[25.5306,57.5816],[25.5328,57.5813],[25.5353,57.5808],[25.5383,57.5812],[25.5398,57.5823],[25.5405,57.5833],[25.5416,57.5858],[25.5433,57.5874],[25.5479,57.5892],[25.549,57.589],[25.5501,57.5875],[25.5516,57.5863],[25.5533,57.5856],[25.556,57.5853],[25.5572,57.5859],[25.5574,57.5871],[25.5568,57.5887],[25.5578,57.5906],[25.5587,57.5913],[25.5618,57.5923],[25.5643,57.593],[25.5659,57.5931],[25.5687,57.5927],[25.5698,57.592],[25.5715,57.5896],[25.5728,57.5887],[25.5745,57.5883],[25.5775,57.5883],[25.5784,57.5895],[25.5784,57.5914],[25.579,57.5927],[25.5807,57.5937],[25.5836,57.5945],[25.5906,57.5974],[25.5915,57.5982],[25.5923,57.6001],[25.5933,57.6014],[25.595,57.6027],[25.5968,57.6036],[25.5994,57.6044],[25.6026,57.6049],[25.6094,57.6072],[25.613,57.6101],[25.6151,57.6112],[25.6178,57.6123],[25.6203,57.613],[25.622,57.6142],[25.6235,57.6149],[25.6292,57.6146],[25.6355,57.6153],[25.6389,57.6152],[25.6418,57.6156],[25.6451,57.6165],[25.649,57.6165],[25.6511,57.6168],[25.6537,57.6167],[25.6548,57.6163],[25.6571,57.615],[25.6595,57.6145],[25.6611,57.6152],[25.6607,57.6175],[25.662,57.618],[25.6642,57.6181],[25.6671,57.618],[25.6702,57.6177],[25.6721,57.6178],[25.6743,57.6186],[25.6771,57.6204],[25.6784,57.6214],[25.6802,57.6222],[25.6816,57.6222],[25.6842,57.6216],[25.6859,57.6214],[25.6895,57.6223],[25.6922,57.6222],[25.6954,57.6197],[25.6968,57.6193],[25.7043,57.6182],[25.7064,57.6186],[25.7106,57.6209],[25.7149,57.6215],[25.7176,57.622],[25.7192,57.622],[25.7226,57.6214],[25.7286,57.6226],[25.7299,57.6234],[25.7299,57.6242],[25.7291,57.6251],[25.7276,57.6259],[25.7269,57.6267],[25.7275,57.6282],[25.7289,57.6291],[25.7318,57.6304],[25.734,57.6305],[25.7372,57.6298],[25.7389,57.6289],[25.7405,57.6273],[25.7412,57.6252],[25.7404,57.6222],[25.7391,57.6189],[25.7388,57.6165],[25.7398,57.6157],[25.7412,57.6156],[25.7428,57.6165],[25.7434,57.6172],[25.7448,57.6175],[25.7485,57.615],[25.749,57.6143],[25.7486,57.6131],[25.7493,57.6125],[25.7566,57.6125],[25.7579,57.6121],[25.7595,57.6099],[25.7609,57.6091],[25.7621,57.6091],[25.7632,57.6099],[25.7637,57.6108],[25.7656,57.6125],[25.7682,57.6131],[25.7729,57.6139],[25.7764,57.6148],[25.7795,57.6161],[25.7817,57.6163],[25.7834,57.6155],[25.7854,57.6137],[25.7865,57.6131],[25.7885,57.613],[25.795,57.6134],[25.7963,57.613],[25.7991,57.6104],[25.801,57.6098],[25.8031,57.6095],[25.8053,57.6096],[25.8075,57.6101],[25.8089,57.6108],[25.8091,57.6117],[25.8084,57.6128],[25.8072,57.6136],[25.8043,57.6151],[25.8013,57.6163],[25.8014,57.6174],[25.8029,57.6184],[25.8052,57.6189],[25.8103,57.6194],[25.8149,57.6193],[25.8197,57.6196],[25.8253,57.6208],[25.8278,57.6208],[25.8281,57.6199],[25.8265,57.6191],[25.8253,57.6182],[25.8248,57.6166],[25.8257,57.6158],[25.8274,57.616],[25.8283,57.6165],[25.8307,57.6187],[25.8343,57.6208],[25.8386,57.6218],[25.8396,57.6218],[25.842,57.6211],[25.8455,57.6211],[25.8505,57.6223],[25.8548,57.6226],[25.8573,57.6222],[25.8605,57.6207],[25.8636,57.6206],[25.867,57.6213],[25.8692,57.6214],[25.8746,57.6211],[25.8782,57.6211],[25.8825,57.6206],[25.8846,57.6205],[25.8857,57.6198],[25.886,57.6164],[25.8853,57.6149],[25.8853,57.6136],[25.8862,57.6123],[25.8885,57.6114],[25.8916,57.6107],[25.8945,57.6108],[25.8967,57.6106],[25.9027,57.6096],[25.91,57.6091],[25.9156,57.6093],[25.918,57.6092],[25.9203,57.6087],[25.9264,57.6096],[25.9299,57.6097],[25.9304,57.6101],[25.9294,57.6111],[25.9253,57.613],[25.9251,57.614],[25.9259,57.6146],[25.9272,57.6148],[25.9287,57.6145],[25.9307,57.6127],[25.933,57.6114],[25.9344,57.6113],[25.9363,57.6118],[25.9369,57.6124],[25.9369,57.6141],[25.9363,57.6154],[25.9365,57.6162],[25.9392,57.6185],[25.9442,57.621],[25.9453,57.6207],[25.9457,57.6188],[25.9496,57.6172],[25.9516,57.6176],[25.9514,57.6189],[25.9494,57.6208],[25.9496,57.6227],[25.9524,57.6242],[25.9538,57.6254],[25.9547,57.6253],[25.956,57.6238],[25.9577,57.6227],[25.9604,57.6222],[25.9625,57.6224],[25.9644,57.623],[25.965,57.624],[25.9649,57.6252],[25.9642,57.6265],[25.9612,57.6282],[25.9608,57.6292],[25.9622,57.6305],[25.9637,57.6311],[25.9659,57.633],[25.9673,57.635],[25.969,57.6349],[25.9697,57.6335],[25.9712,57.6328],[25.9725,57.6333],[25.9724,57.6353],[25.973,57.6362],[25.9766,57.6375],[25.9776,57.6387],[25.9776,57.6407],[25.976,57.6444],[25.9755,57.6485],[25.9761,57.649],[25.9796,57.65],[25.98,57.6513],[25.9792,57.6523],[25.9762,57.6546],[25.9752,57.6559],[25.9748,57.6576],[25.9753,57.659],[25.9748,57.6615],[25.976,57.6622],[25.9775,57.662],[25.9798,57.661],[25.9828,57.6612],[25.9853,57.6606],[25.9873,57.6586],[25.9883,57.6583],[25.9894,57.6588],[25.9904,57.6599],[25.9928,57.6606],[25.9935,57.6613],[25.9916,57.6625],[25.9907,57.6634],[25.991,57.664],[25.9938,57.6652],[25.9945,57.6666],[25.9933,57.6672],[25.9879,57.6684],[25.9851,57.6681],[25.9811,57.6669],[25.9789,57.667],[25.978,57.6677],[25.9783,57.6689],[25.9794,57.671],[25.9808,57.6714],[25.9837,57.6716],[25.9876,57.6724],[25.9895,57.6725],[25.9918,57.6723],[26.0014,57.672],[26.0046,57.671],[26.0056,57.6702],[26.0076,57.6706],[26.0097,57.6723],[26.0123,57.6733],[26.0115,57.6745],[26.0102,57.6752],[26.0105,57.6759],[26.0129,57.6775],[26.0143,57.6779],[26.0181,57.6783],[26.0206,57.6783],[26.0239,57.678],[26.0265,57.6774],[26.0279,57.6773],[26.03,57.6778],[26.0316,57.6785],[26.0344,57.6792],[26.0362,57.6802],[26.0376,57.682],[26.0401,57.6829],[26.042,57.6832],[26.0444,57.6841],[26.0456,57.684],[26.0466,57.6845],[26.0465,57.6853],[26.0443,57.6864],[26.0454,57.6872],[26.0478,57.6874],[26.05,57.6869],[26.0528,57.687],[26.0577,57.6886],[26.0582,57.6894],[26.0593,57.6898],[26.0625,57.6895],[26.0638,57.6898],[26.064,57.6907],[26.0627,57.6913],[26.0611,57.6914],[26.0602,57.6922],[26.0617,57.6937],[26.0615,57.6943],[26.0602,57.6949],[26.0571,57.6947],[26.0548,57.6949],[26.0536,57.6958],[26.0552,57.6972],[26.0556,57.698],[26.0545,57.6998],[26.055,57.7009],[26.0565,57.7018],[26.0585,57.7024],[26.063,57.703],[26.0641,57.7034],[26.0649,57.7044],[26.067,57.705],[26.0684,57.7047],[26.0695,57.7036],[26.0683,57.7019],[26.0701,57.702],[26.0708,57.7032],[26.0716,57.7036],[26.0731,57.7032],[26.0739,57.7018],[26.0764,57.7009],[26.0788,57.7009],[26.0811,57.7015],[26.082,57.7026],[26.0823,57.7038],[26.0832,57.7048],[26.0859,57.7054],[26.0884,57.7049],[26.0891,57.7032],[26.0898,57.7027],[26.0918,57.7023],[26.0956,57.7026],[26.0975,57.7035],[26.0975,57.7046],[26.0983,57.7052],[26.0997,57.7054],[26.1014,57.7049],[26.102,57.7042],[26.1019,57.7032],[26.101,57.7022],[26.1013,57.7011],[26.1038,57.6993],[26.1016,57.6977],[26.1019,57.6968],[26.104,57.6963],[26.1158,57.6954],[26.1165,57.6968],[26.1198,57.6986],[26.1218,57.6986],[26.1236,57.6979],[26.1252,57.6976],[26.1268,57.698],[26.1284,57.6997],[26.1315,57.7001],[26.1325,57.6996],[26.1328,57.6983],[26.1304,57.6968],[26.13,57.6962],[26.1304,57.6951],[26.1331,57.6937],[26.1355,57.692],[26.138,57.6912],[26.1409,57.6925],[26.1435,57.6928],[26.145,57.6925],[26.1468,57.6915],[26.1479,57.6918],[26.1491,57.6927],[26.151,57.6931],[26.1534,57.6929],[26.1542,57.6924],[26.1541,57.6913],[26.1529,57.6899],[26.1532,57.689],[26.1544,57.6881],[26.1562,57.6873],[26.1586,57.6873],[26.1601,57.6884],[26.1607,57.6897],[26.1618,57.69],[26.1621,57.6907],[26.1613,57.6912],[26.1597,57.6911],[26.1581,57.6914],[26.1577,57.6922],[26.1584,57.6929],[26.16,57.693],[26.1633,57.6923],[26.1653,57.6931],[26.1667,57.6944],[26.1668,57.6956],[26.1659,57.6966],[26.1675,57.6966],[26.1698,57.6957],[26.1746,57.6945],[26.1804,57.6932],[26.1824,57.6916]],[[26.3351,57.5796],[26.3352,57.5789],[26.3341,57.5772],[26.3326,57.5773],[26.3323,57.5767],[26.3341,57.5761],[26.3382,57.5754],[26.34,57.5763],[26.3421,57.577],[26.3439,57.5772],[26.3451,57.5766],[26.3475,57.5744],[26.3498,57.5743],[26.3514,57.5739],[26.3535,57.5748],[26.3546,57.5747],[26.3553,57.573],[26.3572,57.5718],[26.3584,57.5721],[26.3601,57.574],[26.3613,57.5742],[26.3632,57.5739],[26.3641,57.5726],[26.3654,57.5715],[26.3699,57.57],[26.3709,57.5693],[26.3704,57.5685],[26.3712,57.5681],[26.3737,57.568],[26.375,57.5665],[26.3771,57.5665],[26.3782,57.5658],[26.3759,57.5649],[26.3765,57.5637],[26.3794,57.5635],[26.3797,57.5627],[26.3784,57.5616],[26.3782,57.5606],[26.379,57.56],[26.3769,57.5585],[26.3741,57.5554],[26.3767,57.555],[26.3792,57.5542],[26.3806,57.5525],[26.3804,57.5503],[26.3815,57.5499],[26.383,57.5503],[26.3844,57.5502],[26.3857,57.5488],[26.3856,57.5478],[26.3862,57.5472],[26.3892,57.5465],[26.3891,57.5455],[26.3866,57.5442],[26.3856,57.543],[26.384,57.5419],[26.3814,57.5407],[26.3811,57.5402],[26.3815,57.5383],[26.3807,57.5374],[26.3833,57.5369],[26.3846,57.5376],[26.3861,57.5377],[26.3874,57.5363],[26.3858,57.5345],[26.3856,57.5335],[26.3868,57.5326],[26.3868,57.5321],[26.3853,57.5315],[26.3847,57.5304],[26.3824,57.5292],[26.3817,57.5273],[26.3817,57.5258],[26.3812,57.5238],[26.3818,57.5223],[26.3832,57.522],[26.3879,57.522],[26.3897,57.5211],[26.3911,57.5196],[26.3943,57.5175],[26.3953,57.5165],[26.3936,57.5149],[26.3922,57.5126],[26.3937,57.5114],[26.3953,57.5112],[26.396,57.5108],[26.3963,57.5093],[26.396,57.5087],[26.3943,57.5076],[26.3953,57.5058],[26.3959,57.5041],[26.3955,57.5027],[26.3942,57.5011],[26.3939,57.5],[26.3944,57.4975],[26.3942,57.4965],[26.3946,57.4946],[26.3944,57.4938],[26.3916,57.4935],[26.3878,57.4918],[26.383,57.4906],[26.3796,57.489],[26.3785,57.4878],[26.3786,57.4865],[26.38,57.4851],[26.3844,57.4826],[26.3854,57.4819],[26.3891,57.48],[26.3896,57.4796],[26.3903,57.4775],[26.3897,57.4759],[26.388,57.4745],[26.3849,57.4733],[26.3804,57.4725],[26.3787,57.473],[26.3751,57.4751],[26.3706,57.4767],[26.369,57.4769],[26.364,57.4769],[26.3545,57.4781],[26.3519,57.4774],[26.3514,57.4764],[26.3519,57.4755],[26.3544,57.474],[26.3551,57.4731],[26.3546,57.4713],[26.3535,57.4702],[26.3523,57.4696],[26.3522,57.4691],[26.3539,57.4685],[26.3578,57.4687],[26.3604,57.4698],[26.3639,57.4709],[26.3674,57.4701],[26.3724,57.4675],[26.3735,57.4662],[26.3733,57.4656],[26.3708,57.4641],[26.3703,57.4633],[26.3709,57.4622],[26.3701,57.4608],[26.3678,57.4602],[26.3631,57.4605],[26.3604,57.4604],[26.3584,57.4598],[26.3532,57.4571],[26.3496,57.4565],[26.3479,57.4549]]]},"properties":{"name":"Gauja"}},
{"type":"Feature","geometry":{"type":"LineString","coordinates":[[27.6285,57.9574],[27.6279,57.954],[27.6265,57.9535],[27.6263,57.9529],[27.6272,57.9517],[27.6286,57.9507],[27.6313,57.949],[27.6341,57.9481],[27.6382,57.9461],[27.6404,57.9456],[27.6423,57.9449],[27.6438,57.9439]]},"properties":{"name":"Värska"}},
{"type":"Feature","geometry":{"type":"MultiLineString","coordinates":[[[21.9871,58.3368],[21.9887,58.337],[21.991,58.3366],[21.9925,58.3359],[21.9943,58.3356],[21.9972,58.3356],[21.999,58.3352],[21.9989,58.3338],[22.0001,58.333],[22.0026,58.3325],[22.0046,58.3309],[22.0077,58.3298],[22.0088,58.3292],[22.0106,58.3289],[22.012,58.3282],[22.0143,58.3266],[22.0144,58.3266],[22.0161,58.3257],[22.0183,58.3252],[22.0198,58.3243],[22.022,58.3218],[22.0223,58.3218],[22.0239,58.3211],[22.032,58.3197],[22.0326,58.3185],[22.0327,58.3183],[22.036,58.3154],[22.0384,58.3138],[22.0411,58.3137],[22.0418,58.3133],[22.0437,58.3133],[22.0443,58.3124],[22.0458,58.3121],[22.0477,58.3111],[22.0514,58.3114],[22.0528,58.3118],[22.0547,58.3098],[22.055,58.3092],[22.0574,58.3075],[22.0596,58.3047],[22.0623,58.2978],[22.0634,58.2958],[22.0652,58.2915],[22.0687,58.2843],[22.0801,58.2778]],[[22.0802,58.2777],[22.0832,58.2753],[22.0917,58.2689],[22.0937,58.2673],[22.0988,58.2622],[22.1028,58.2583],[22.1036,58.2536]]]},"properties":{"name":"Vesiku jõgi"}},
{"type":"Feature","geometry":{"type":"LineString","coordinates":[[26.3012,59.0755],[26.3037,59.0734],[26.3038,59.0733],[26.3104,59.0677],[26.3117,59.0664],[26.3067,59.0622],[26.3066,59.0622],[26.298,59.0586],[26.2926,59.0582],[26.2925,59.0582],[26.2906,59.058],[26.2886,59.0572],[26.2884,59.0572],[26.2837,59.0567],[26.2828,59.0561],[26.2804,59.0559],[26.2787,59.0554],[26.2784,59.0546],[26.2757,59.0538],[26.2749,59.0533],[26.2744,59.0519],[26.2685,59.0513],[26.2671,59.0514],[26.2643,59.0526],[26.2613,59.0533],[26.2599,59.0532],[26.2582,59.0538]]},"properties":{"name":"Kärsa jõgi"}},
{"type":"Feature","geometry":{"type":"LineString","coordinates":[[24.9833,58.0037],[24.9835,58.0044],[24.9862,58.0062],[24.9875,58.0074],[24.9866,58.0088],[24.9871,58.0093],[24.9892,58.0098],[24.9903,58.0108]]},"properties":{"name":"Ķīšupe"}},
{"type":"Feature","geometry":{"type":"MultiLineString","coordinates":[[[26.9874,57.6091],[26.987,57.6102],[26.9851,57.6107],[26.9848,57.6117],[26.9835,57.6121],[26.9793,57.6121],[26.9788,57.6116],[26.9754,57.6126]],[[26.9312,57.6236],[26.9306,57.6235],[26.9296,57.6239],[26.93,57.6249],[26.9288,57.6275],[26.9288,57.6284],[26.9298,57.6293],[26.9295,57.6307],[26.9282,57.6312],[26.9281,57.632],[26.9263,57.6333]]]},"properties":{"name":"Pärlijõgi / Pērļupīte"}},
{"type":"Feature","geometry":{"type":"LineString","coordinates":[[25.6627,57.8545],[25.6645,57.8538],[25.6674,57.8536],[25.6696,57.855],[25.6728,57.8547],[25.6731,57.8553],[25.6747,57.8555],[25.6748,57.8563],[25.6765,57.8566],[25.6786,57.8566],[25.6804,57.857],[25.6814,57.8579],[25.6814,57.8589],[25.68,57.8604],[25.678,57.8604],[25.6778,57.8614],[25.6769,57.862],[25.6788,57.8625],[25.6793,57.863],[25.6788,57.8638],[25.6803,57.8639],[25.6817,57.8649],[25.6824,57.866],[25.6816,57.8665],[25.682,57.8671],[25.6809,57.8685],[25.6811,57.8693],[25.6824,57.8701],[25.6824,57.8715],[25.6848,57.8725],[25.6853,57.8745],[25.6836,57.8753],[25.6851,57.8784],[25.6847,57.8788],[25.6801,57.8804],[25.6793,57.8815],[25.6778,57.8816],[25.676,57.8826],[25.6805,57.8838],[25.6798,57.8844],[25.6806,57.8851],[25.6796,57.8863],[25.6807,57.8869],[25.6808,57.888],[25.6828,57.8888],[25.6843,57.8905],[25.6837,57.8914],[25.6844,57.8921],[25.6829,57.8928],[25.6837,57.8932],[25.6847,57.8947],[25.684,57.8958],[25.6824,57.8952],[25.6817,57.8959],[25.6803,57.8961],[25.6791,57.8978],[25.6799,57.8992],[25.6795,57.9012],[25.6806,57.902],[25.6806,57.9029],[25.6796,57.9044],[25.679,57.9052],[25.6784,57.9079],[25.6778,57.9097],[25.6763,57.9122],[25.6755,57.913],[25.6741,57.9133],[25.6702,57.9128],[25.6683,57.9129],[25.6644,57.9126],[25.6639,57.9129],[25.6614,57.9126],[25.6571,57.9141],[25.6563,57.9148],[25.6534,57.9151],[25.6531,57.9153],[25.6492,57.9165],[25.6499,57.9184],[25.649,57.9198],[25.6479,57.9204],[25.6479,57.9214],[25.6468,57.9229],[25.6435,57.9261]]},"properties":{"name":"Acupīte"}},
{"type":"Feature","geometry":{"type":"LineString","coordinates":[[27.5539,57.8141],[27.5531,57.8144],[27.5507,57.8137],[27.5492,57.8141],[27.5458,57.8145],[27.5434,57.8145],[27.5419,57.8143],[27.5402,57.8139],[27.5396,57.814],[27.539,57.8139]]},"properties":{"name":"Pelska jõgi / Белка"}},
{"type":"Feature","geometry":{"type":"LineString","coordinates":[[27.4228,57.5953],[27.4227,57.5956],[27.4156,57.5997],[27.4129,57.6022],[27.412,57.6036],[27.411,57.6042],[27.4113,57.6061],[27.4107,57.607],[27.4095,57.6074],[27.408,57.607],[27.4063,57.6072],[27.4055,57.6087],[27.4054,57.6088],[27.4048,57.6091]]},"properties":{"name":"Лидва"}},
{"type":"Feature","geometry":{"type":"LineString","coordinates":[[28.0497,59.4639],[28.0545,59.4654],[28.0561,59.466],[28.0569,59.4676],[28.0566,59.4689],[28.0538,59.4709],[28.0532,59.4718],[28.054,59.4732],[28.0553,59.474],[28.0618,59.4759],[28.0633,59.4764],[28.0672,59.4784],[28.0691,59.4789],[28.0751,59.4802],[28.077,59.4807],[28.0797,59.4819],[28.0823,59.4827],[28.0848,59.4829],[28.0863,59.4838],[28.0863,59.4857],[28.0891,59.4868],[28.0916,59.4873],[28.0943,59.4875],[28.0976,59.4881],[28.1008,59.4894],[28.1037,59.4917],[28.1056,59.4921],[28.1074,59.4922],[28.1093,59.4919],[28.1106,59.4914],[28.1117,59.4901],[28.1113,59.4881],[28.1114,59.4871],[28.1127,59.4856],[28.1148,59.4843],[28.1155,59.4834],[28.1159,59.4816],[28.1174,59.4809],[28.1198,59.4813],[28.121,59.4818],[28.1234,59.4839],[28.1267,59.4847],[28.1322,59.4846],[28.1341,59.4844],[28.1397,59.4834],[28.1409,59.4834],[28.1434,59.484],[28.1458,59.4861],[28.1452,59.4866],[28.1422,59.4864],[28.139,59.4869],[28.137,59.4879],[28.1347,59.4899],[28.1316,59.4945],[28.1305,59.4955],[28.1285,59.4964],[28.1281,59.4971],[28.1282,59.4986],[28.1305,59.4988],[28.1319,59.4981],[28.1343,59.4955],[28.1368,59.4946],[28.1394,59.4947],[28.1433,59.4957],[28.1447,59.4967],[28.1448,59.4983],[28.147,59.5021],[28.1496,59.5043],[28.1513,59.5055],[28.16,59.5094],[28.1688,59.5138],[28.1706,59.5142],[28.1731,59.5144],[28.1775,59.5144],[28.1842,59.5147],[28.1908,59.5152],[28.1965,59.516],[28.1988,59.517],[28.1992,59.5177],[28.1983,59.5194],[28.1969,59.5206],[28.1936,59.5217],[28.1903,59.5221],[28.1874,59.5231],[28.1842,59.5245],[28.1825,59.5243],[28.18,59.5225],[28.1787,59.5221],[28.1768,59.5222],[28.1748,59.5231],[28.174,59.5242],[28.173,59.5268],[28.1733,59.5274],[28.1771,59.528],[28.1801,59.5291],[28.182,59.5301],[28.185,59.5311],[28.187,59.5325],[28.187,59.5337],[28.1884,59.5347],[28.1897,59.5375],[28.1903,59.5384],[28.1932,59.5416],[28.1947,59.5424],[28.1966,59.5418],[28.196,59.5367],[28.1972,59.5358],[28.1992,59.5358],[28.2025,59.5365],[28.204,59.5371]]},"properties":{"name":"Россонь"}},
{"type":"Feature","geometry":{"type":"LineString","coordinates":[[25.1051,58.0662],[25.0984,58.0663]]},"properties":{"name":"Raamatu jõgi / Ramata"}},
{"type":"Feature","geometry":{"type":"LineString","coordinates":[[26.884,57.6208],[26.8859,57.6208]]},"properties":{"name":"Līčupe"}},
{"type":"Feature","geometry":{"type":"LineString","coordinates":[[25.4433,57.996],[25.446,57.9977],[25.4461,57.9991],[25.4473,57.9992],[25.4479,58.0007],[25.4492,58.0001],[25.4505,58.0003],[25.4507,58.0016],[25.4524,58.0016],[25.4549,58.0023],[25.4565,58.0021],[25.4574,58.0025],[25.4613,58.0028],[25.4623,58.0034],[25.4639,58.0036],[25.4647,58.0044],[25.4669,58.0052]]},"properties":{"name":"Ruhja jõgi / Rūja"}},
{"type":"Feature","geometry":{"type":"LineString","coordinates":[[26.4525,58.4115],[26.4507,58.4124],[26.4487,58.4141],[26.4468,58.4143],[26.4443,58.4133],[26.4436,58.4139],[26.4423,58.4141],[26.4406,58.4138],[26.4385,58.4151],[26.4378,58.416],[26.4354,58.4164],[26.4346,58.4172],[26.435,58.4177],[26.4331,58.4181],[26.4307,58.4169],[26.4287,58.4179],[26.4264,58.4181],[26.4253,58.419],[26.4248,58.4203],[26.426,58.421],[26.4247,58.4243],[26.4259,58.4245],[26.4256,58.4252],[26.4261,58.4264],[26.4251,58.4274],[26.4236,58.4271],[26.4224,58.4273],[26.4214,58.4281],[26.423,58.4282],[26.4224,58.4293],[26.4211,58.4288],[26.4201,58.4293],[26.4182,58.4287],[26.4166,58.429],[26.4177,58.4297],[26.4165,58.4308]]},"properties":{"name":"Karisto oja"}},
{"type":"Feature","geometry":{"type":"LineString","coordinates":[[27.7549,59.0332],[27.7523,59.0351],[27.7511,59.0357],[27.7506,59.0365],[27.7516,59.0393],[27.7524,59.0403],[27.7533,59.0425],[27.754,59.0433],[27.7556,59.0431],[27.7566,59.044],[27.7533,59.0461],[27.7516,59.0467],[27.7513,59.0499],[27.7504,59.0509],[27.7502,59.0527],[27.7524,59.0543],[27.7547,59.055],[27.7575,59.0547],[27.7609,59.0535],[27.765,59.0535],[27.7678,59.0537],[27.7695,59.0545]]},"properties":{"name":"Karoli struuga"}},
{"type":"Feature","geometry":{"type":"LineString","coordinates":[[27.6218,57.9956],[27.6151,57.9953],[27.6114,57.9952],[27.6061,57.9947],[27.5996,57.9936],[27.5985,57.9932]]},"properties":{"name":"Karisilla"}},
{"type":"Feature","geometry":{"type":"LineString","coordinates":[[25.3137,57.9896],[25.3134,57.9905],[25.309,57.9946],[25.3072,57.9957],[25.3044,57.9996],[25.3024,58.0005]]},"properties":{"name":"Raudava"}},
{"type":"Feature","geometry":{"type":"LineString","coordinates":[[27.6855,57.9663],[27.6845,57.9661],[27.6819,57.9645],[27.6815,57.9632]]},"properties":{"name":"Kuuliska oja"}},
{"type":"Feature","geometry":{"type":"MultiLineString","coordinates":[[[27.6872,57.9701],[27.6865,57.9668],[27.6855,57.9663]],[[27.699,57.9951],[27.7004,57.9951],[27.7028,57.9955],[27.704,57.9954],[27.7057,57.9944],[27.7062,57.9926],[27.7042,57.991],[27.7036,57.9897],[27.7041,57.988],[27.704,57.9861],[27.7056,57.9845],[27.706,57.9837],[27.7053,57.9826],[27.705,57.9811],[27.7056,57.9791],[27.7049,57.978],[27.7018,57.9772],[27.701,57.9761],[27.7006,57.9744],[27.6999,57.9733],[27.6971,57.9728],[27.6968,57.972]]]},"properties":{"name":"Кулейская"}},
{"type":"Feature","geometry":{"type":"LineString","coordinates":[[25.4165,58.0103],[25.4174,58.0089],[25.4185,58.0085],[25.4201,58.0085],[25.4212,58.0073],[25.4206,58.0068],[25.4214,58.0055],[25.4205,58.0049],[25.4226,58.0044],[25.4253,58.0042],[25.4251,58.0032],[25.4273,58.0032],[25.4277,58.0027],[25.4298,58.003],[25.4317,58.0012],[25.4332,58.0007],[25.4334,57.9998],[25.4351,57.9993],[25.4359,57.9983],[25.437,57.9987],[25.4381,57.9979],[25.4402,57.9982],[25.4422,57.9976],[25.4433,57.996]]},"properties":{"name":"Rūja"}},
{"type":"Feature","geometry":{"type":"LineString","coordinates":[[24.3653,58.4013],[24.3654,58.4024],[24.364,58.4042],[24.3625,58.4048],[24.3616,58.4046]]},"properties":{"name":"Audri jõgi"}}
]}