{"type":"FeatureCollection", "features": [
{"type":"Feature","geometry":{"type":"MultiLineString","coordinates":[[[24.7298,59.4032],[24.7296,59.4029],[24.7294,59.4027],[24.7288,59.402],[24.7287,59.4019],[24.7285,59.4018],[24.7283,59.4016],[24.7278,59.4009],[24.7276,59.4005],[24.7271,59.3996],[24.7271,59.3994],[24.7266,59.3986],[24.7264,59.3981],[24.726,59.3973],[24.7254,59.3961],[24.7252,59.3956],[24.725,59.3953],[24.7246,59.3945],[24.7244,59.3942],[24.7243,59.3939],[24.7241,59.3937],[24.7241,59.3936],[24.7238,59.3933],[24.7237,59.3931],[24.7234,59.3928],[24.723,59.3926],[24.7225,59.3922],[24.7224,59.3921],[24.7223,59.3919],[24.7219,59.3915],[24.7216,59.391],[24.7211,59.3901],[24.7204,59.3892],[24.72,59.3889],[24.7197,59.3888],[24.7194,59.3887],[24.7192,59.3886],[24.7188,59.3884],[24.7184,59.3883],[24.7173,59.3878],[24.7167,59.3876],[24.7158,59.3873],[24.7157,59.3872],[24.7151,59.387],[24.7138,59.3865],[24.7137,59.3864],[24.7134,59.3863],[24.712,59.3857],[24.7117,59.3856],[24.7115,59.3855],[24.7108,59.3852],[24.7096,59.3847],[24.7094,59.3847],[24.7092,59.3846],[24.7077,59.384],[24.7073,59.3838],[24.707,59.3837],[24.7068,59.3836],[24.7052,59.383],[24.7049,59.3829],[24.7048,59.3828],[24.7024,59.3818],[24.7022,59.3818],[24.7018,59.3816],[24.6998,59.3808],[24.6995,59.3807],[24.6972,59.3801],[24.697,59.38],[24.6962,59.3798],[24.6942,59.3793],[24.694,59.3793],[24.6913,59.3786],[24.6911,59.3786],[24.686,59.3776],[24.6858,59.3776],[24.6826,59.377],[24.6823,59.3769],[24.6782,59.3761],[24.678,59.3761],[24.6777,59.376],[24.6733,59.375],[24.673,59.375],[24.6726,59.3749],[24.6709,59.3745],[24.6704,59.3745],[24.6702,59.3744],[24.6682,59.374],[24.6663,59.3736],[24.6661,59.3735],[24.666,59.3735],[24.6659,59.3735],[24.6649,59.3731],[24.664,59.3727],[24.662,59.3719],[24.6613,59.3716],[24.6597,59.371],[24.6594,59.3709],[24.6578,59.3703],[24.6576,59.3702],[24.6561,59.3696],[24.6559,59.3695],[24.6558,59.3695],[24.6541,59.3687],[24.654,59.3687],[24.6539,59.3687],[24.6527,59.3682],[24.6511,59.3677],[24.651,59.3676],[24.6508,59.3676],[24.6496,59.3673],[24.648,59.367],[24.6477,59.3669],[24.6476,59.3669],[24.6465,59.3667],[24.6456,59.3665],[24.6455,59.3665],[24.6432,59.366],[24.643,59.3659],[24.6419,59.3657],[24.6384,59.365],[24.6373,59.3649],[24.637,59.3648],[24.6367,59.3648],[24.6343,59.3645],[24.633,59.3641],[24.6311,59.3627],[24.63,59.3616],[24.6298,59.3611],[24.6298,59.3607],[24.6299,59.3602],[24.63,59.3601],[24.63,59.3599],[24.6301,59.3597],[24.6301,59.3595],[24.6302,59.3593],[24.6302,59.3592],[24.6304,59.3583],[24.6305,59.3582],[24.6307,59.3573],[24.6308,59.3567],[24.6307,59.3559],[24.6307,59.3555],[24.6304,59.3549],[24.6302,59.3545],[24.63,59.3541],[24.6299,59.354],[24.6298,59.3538],[24.6291,59.3528],[24.6284,59.3519],[24.6282,59.3515],[24.6278,59.351],[24.6275,59.3506],[24.6272,59.3502],[24.6265,59.3494],[24.6258,59.3488],[24.6249,59.3481],[24.6228,59.3466],[24.622,59.3461],[24.6212,59.3455],[24.6139,59.3402],[24.6087,59.3366],[24.606,59.3347],[24.6048,59.3339],[24.6001,59.3306],[24.5999,59.3305],[24.5941,59.3264],[24.5872,59.3217],[24.5868,59.3214],[24.5858,59.3207],[24.5843,59.3196],[24.5812,59.3175],[24.5789,59.3159],[24.5754,59.3135],[24.5749,59.3131],[24.574,59.3125],[24.572,59.3111],[24.5715,59.3108],[24.5707,59.3103],[24.5697,59.3096],[24.5691,59.3092],[24.5683,59.3086],[24.5647,59.3061],[24.5616,59.3041],[24.5606,59.3033],[24.5594,59.3026],[24.5521,59.2976],[24.5462,59.2936],[24.5379,59.2879],[24.5359,59.2863],[24.5356,59.2861],[24.5342,59.285],[24.5339,59.2847],[24.5266,59.2789],[24.5263,59.2786],[24.5251,59.2777],[24.5247,59.2773],[24.5238,59.2765],[24.5234,59.276],[24.5216,59.274],[24.5211,59.2735],[24.5174,59.2694],[24.5169,59.2688],[24.5162,59.2679],[24.5158,59.2675],[24.5157,59.2674],[24.5152,59.2669],[24.5108,59.262],[24.5075,59.2589],[24.5073,59.2587],[24.5015,59.2533],[24.5004,59.2523],[24.499,59.2509],[24.4986,59.2506],[24.4969,59.249],[24.4954,59.247],[24.4944,59.2453],[24.4932,59.243],[24.493,59.2425],[24.4926,59.2414],[24.4925,59.2409],[24.492,59.2384],[24.4918,59.2367],[24.4919,59.235],[24.492,59.234],[24.4924,59.2322],[24.4935,59.2264],[24.4936,59.2257],[24.4937,59.2256],[24.4952,59.2166],[24.4953,59.2158],[24.4953,59.2156],[24.4962,59.2109],[24.4964,59.2095],[24.4972,59.2046],[24.4979,59.2005],[24.498,59.2001],[24.498,59.1997],[24.4981,59.1992],[24.4982,59.1988],[24.4983,59.1982],[24.4989,59.1943],[24.5009,59.1827],[24.501,59.1822],[24.501,59.182],[24.5021,59.176],[24.5021,59.1755],[24.5024,59.1742],[24.5042,59.1633],[24.5043,59.1626],[24.5046,59.1599],[24.5048,59.158],[24.505,59.1549],[24.505,59.1546],[24.505,59.1542],[24.5049,59.1539],[24.5038,59.1511],[24.5031,59.1501],[24.5023,59.1493],[24.5003,59.1477],[24.495,59.1441],[24.4857,59.1377],[24.4839,59.1363],[24.482,59.1345],[24.4805,59.1322],[24.4797,59.1304],[24.4796,59.1299],[24.4795,59.1296],[24.479,59.128],[24.4781,59.1247],[24.4777,59.1229],[24.4762,59.1174],[24.4754,59.1148],[24.4748,59.1126],[24.4748,59.1124],[24.4743,59.1109],[24.4729,59.1065],[24.4726,59.1058],[24.4719,59.1036],[24.4713,59.1024],[24.4702,59.1009],[24.4682,59.0979],[24.4672,59.0964],[24.4662,59.0949],[24.4647,59.0926],[24.4593,59.0846],[24.4569,59.081],[24.4561,59.0798],[24.454,59.0762],[24.4523,59.0719],[24.4522,59.0715],[24.4512,59.0686],[24.4487,59.0615],[24.4481,59.0599],[24.4468,59.0561],[24.4467,59.0557],[24.4453,59.0517],[24.4444,59.0491],[24.4438,59.0473],[24.4437,59.0469],[24.4434,59.0461],[24.4431,59.0444],[24.4431,59.0419],[24.4435,59.0383],[24.4436,59.038],[24.4436,59.0379],[24.4438,59.0361],[24.4441,59.0341],[24.4444,59.0321],[24.4446,59.0313],[24.4463,59.0283],[24.447,59.0271],[24.4492,59.0234],[24.4493,59.0233],[24.4503,59.0217],[24.4537,59.0155],[24.4646,58.9952],[24.4663,58.9921],[24.4702,58.9847],[24.4704,58.9843],[24.4737,58.9782],[24.4739,58.9778],[24.4743,58.9771],[24.4755,58.9748],[24.4756,58.9738],[24.4758,58.9718],[24.4759,58.9703],[24.4759,58.9698],[24.4764,58.9678],[24.4773,58.9656],[24.4775,58.9645],[24.477,58.9628],[24.476,58.9615],[24.4714,58.9557],[24.4695,58.9532],[24.4682,58.9514],[24.4676,58.9493],[24.4678,58.946],[24.4674,58.9441],[24.4659,58.9403],[24.4644,58.9366],[24.4636,58.9346],[24.4624,58.9315],[24.4621,58.9307],[24.462,58.9304],[24.4616,58.9295],[24.4613,58.9285],[24.4611,58.9281],[24.461,58.9277],[24.4598,58.9249],[24.4595,58.9242],[24.4592,58.9235],[24.4591,58.9233],[24.4585,58.9218],[24.4583,58.9214],[24.4581,58.921],[24.4578,58.9202],[24.4571,58.918],[24.4571,58.9179],[24.4564,58.9089],[24.4562,58.9065],[24.4562,58.9064],[24.4558,58.9008],[24.4557,58.8995],[24.4555,58.8968],[24.4552,58.8948],[24.455,58.8939],[24.4544,58.8918],[24.4531,58.8884],[24.4518,58.886],[24.4515,58.8855],[24.4476,58.8792],[24.4373,58.8623],[24.4372,58.8623],[24.4329,58.8552],[24.4328,58.8551],[24.4267,58.8452],[24.4201,58.8342],[24.4192,58.8328],[24.4166,58.8286],[24.4148,58.8252],[24.4131,58.8203],[24.4125,58.8156],[24.4126,58.8128],[24.4126,58.811],[24.4126,58.8085],[24.4126,58.8077],[24.4127,58.8064],[24.413,58.7934],[24.4131,58.7874],[24.4133,58.7772],[24.4135,58.776],[24.415,58.7728],[24.4163,58.7706],[24.4168,58.7697],[24.4171,58.7693],[24.4177,58.7683],[24.4178,58.7682],[24.4208,58.7632],[24.4224,58.7599],[24.4232,58.7557],[24.4234,58.7426],[24.4235,58.7358],[24.4235,58.7338],[24.4236,58.7283],[24.4236,58.7282],[24.4237,58.7241],[24.4239,58.7105],[24.4243,58.7074],[24.4245,58.7066],[24.4247,58.7062],[24.4256,58.7041],[24.4261,58.7031],[24.427,58.7017],[24.4275,58.701],[24.4278,58.7006],[24.4282,58.7],[24.4283,58.6998],[24.429,58.6988],[24.4291,58.6986],[24.4315,58.6953],[24.4318,58.6947],[24.4344,58.6911],[24.4353,58.6899],[24.4363,58.689],[24.4371,58.6885],[24.4391,58.687],[24.4409,58.6854],[24.442,58.6841],[24.4427,58.682],[24.4426,58.6792],[24.4425,58.6779],[24.4424,58.676],[24.4427,58.6753],[24.4442,58.6739],[24.4446,58.6737],[24.4488,58.6712],[24.4533,58.669],[24.4538,58.6687],[24.4555,58.6678],[24.4595,58.6655],[24.4632,58.6633],[24.4644,58.6627],[24.4679,58.6606],[24.4697,58.6596],[24.4709,58.6589],[24.4722,58.658],[24.4742,58.6561],[24.4754,58.6551],[24.4759,58.6546],[24.4791,58.6516],[24.4791,58.6515],[24.4819,58.649],[24.4845,58.6465],[24.4855,58.6456],[24.4903,58.6412],[24.4908,58.6407],[24.493,58.6387],[24.4966,58.6354],[24.5007,58.6316],[24.5047,58.628],[24.5066,58.6262],[24.5083,58.6242],[24.5087,58.6235],[24.51,58.6213],[24.5108,58.6198],[24.512,58.6176],[24.5126,58.6155],[24.5128,58.6147],[24.5128,58.6142],[24.5128,58.6141],[24.5128,58.6131],[24.5127,58.613],[24.5124,58.6091],[24.5123,58.6081],[24.5123,58.608],[24.5122,58.6069],[24.5122,58.5992],[24.5122,58.5972],[24.5122,58.5964],[24.5122,58.5959],[24.5122,58.5955],[24.5122,58.5939],[24.5122,58.5934],[24.5122,58.5927],[24.5122,58.5907],[24.5122,58.5906],[24.5123,58.5892],[24.5123,58.5878],[24.5123,58.5848],[24.5123,58.584],[24.5123,58.5831],[24.5123,58.5826],[24.5123,58.5815],[24.5123,58.5791],[24.5123,58.5769],[24.5123,58.576],[24.5125,58.5719],[24.5132,58.5697],[24.5139,58.5675],[24.5147,58.5656],[24.516,58.5641],[24.5178,58.5622],[24.5215,58.5594],[24.5247,58.558],[24.526,58.557],[24.5283,58.5554],[24.5326,58.5519],[24.5366,58.5485],[24.5426,58.5424],[24.5477,58.5371],[24.5509,58.5339],[24.5519,58.5328],[24.5538,58.5308],[24.5547,58.5299],[24.5568,58.5278],[24.5577,58.5268],[24.5581,58.5264],[24.5582,58.5263],[24.5591,58.5253],[24.5594,58.5246],[24.5596,58.524],[24.5596,58.5238],[24.5595,58.5234],[24.5595,58.5233],[24.5594,58.5231],[24.5592,58.5227],[24.5591,58.5225],[24.5591,58.5224],[24.5588,58.5219],[24.5584,58.5212],[24.5582,58.5208],[24.5573,58.5194],[24.5561,58.5172],[24.5535,58.5131],[24.5534,58.513],[24.5496,58.5096],[24.549,58.5091],[24.5368,58.499],[24.5343,58.4967],[24.5334,58.4956],[24.5313,58.4925],[24.5309,58.492],[24.5301,58.4909],[24.5298,58.4905],[24.5285,58.4875],[24.5281,58.4848],[24.5279,58.4811],[24.5278,58.4783],[24.5278,58.4782],[24.5275,58.4754],[24.5268,58.4737],[24.5257,58.4721],[24.5241,58.4702],[24.5174,58.4628],[24.5163,58.4616],[24.5112,58.4562],[24.5074,58.4531],[24.5039,58.4505],[24.5025,58.4494],[24.5023,58.4493],[24.5018,58.4489],[24.5016,58.4487],[24.501,58.4483],[24.5007,58.4481],[24.5002,58.4476],[24.5001,58.4475],[24.4994,58.4468],[24.4986,58.4455],[24.4985,58.444],[24.4985,58.4437],[24.4992,58.4412],[24.4996,58.4391],[24.4998,58.4386],[24.4998,58.4382],[24.4998,58.4381],[24.501,58.4321],[24.501,58.4318],[24.5011,58.4313]],[[24.7301,59.4033],[24.7299,59.4029],[24.7297,59.4027],[24.7295,59.4024],[24.7293,59.4022],[24.7292,59.402],[24.7289,59.4016],[24.7288,59.4016],[24.7286,59.4013],[24.7285,59.4011],[24.7276,59.3995],[24.7275,59.3994],[24.7268,59.3979],[24.7263,59.3969],[24.725,59.3944],[24.7249,59.3941],[24.7248,59.3938],[24.7247,59.3937],[24.7246,59.3936],[24.7242,59.3931],[24.724,59.3929],[24.7237,59.3927],[24.7236,59.3926],[24.7233,59.3925],[24.723,59.3923],[24.7229,59.3922],[24.7228,59.3922],[24.7226,59.3921],[24.7224,59.3919],[24.7221,59.3914],[24.7212,59.3901],[24.7205,59.3891],[24.7203,59.389],[24.72,59.3889],[24.7198,59.3887],[24.7192,59.3884],[24.719,59.3882],[24.7187,59.3881],[24.7185,59.3881],[24.7183,59.388],[24.7176,59.3879],[24.716,59.3872],[24.7158,59.3871],[24.7157,59.3871],[24.7139,59.3864],[24.7138,59.3863],[24.7118,59.3855],[24.7116,59.3855],[24.7095,59.3846],[24.7093,59.3845],[24.7074,59.3838],[24.7071,59.3836],[24.7069,59.3836],[24.7053,59.3829],[24.7051,59.3828],[24.7049,59.3827],[24.7025,59.3818],[24.7023,59.3817],[24.6999,59.3807],[24.6997,59.3806],[24.6983,59.3803],[24.6973,59.38],[24.6971,59.38],[24.6962,59.3797],[24.6956,59.3796],[24.6943,59.3792],[24.6941,59.3792],[24.6931,59.379],[24.6914,59.3785],[24.6912,59.3785],[24.6861,59.3775],[24.6859,59.3775],[24.6846,59.3773],[24.6826,59.3769],[24.6824,59.3768],[24.6788,59.3761],[24.6783,59.376],[24.6781,59.3759],[24.6778,59.3759],[24.6774,59.3758],[24.6734,59.375],[24.6731,59.3749],[24.6726,59.3748],[24.6709,59.3745],[24.6705,59.3744],[24.6703,59.3743],[24.6683,59.3739],[24.6662,59.3735],[24.6661,59.3734],[24.6641,59.3727],[24.6622,59.3719],[24.6621,59.3719],[24.6614,59.3716],[24.6595,59.3709],[24.6577,59.3702],[24.6561,59.3696],[24.656,59.3695],[24.6559,59.3694],[24.6541,59.3687],[24.6539,59.3686],[24.6528,59.3681],[24.6511,59.3676],[24.651,59.3676],[24.6496,59.3673],[24.6495,59.3672],[24.648,59.3669],[24.6478,59.3669],[24.6476,59.3668],[24.6468,59.3666],[24.6457,59.3664],[24.6433,59.3659],[24.643,59.3659],[24.6384,59.3649],[24.6373,59.3648],[24.637,59.3648],[24.6367,59.3647],[24.634,59.3643],[24.6331,59.364],[24.6323,59.3635],[24.6312,59.3627],[24.6305,59.362],[24.63,59.361],[24.63,59.3607],[24.63,59.3606],[24.6302,59.3602],[24.6302,59.3601],[24.6303,59.3599],[24.6304,59.3594],[24.6304,59.3592],[24.6306,59.3585],[24.6306,59.3583],[24.6306,59.3582],[24.6309,59.357],[24.6309,59.3564],[24.6309,59.3559],[24.6309,59.3558],[24.6308,59.3553],[24.6307,59.3552],[24.6304,59.3544],[24.6302,59.3541],[24.63,59.3538],[24.6297,59.3534],[24.6286,59.3519],[24.6284,59.3515],[24.6281,59.3511],[24.6277,59.3506],[24.6275,59.3502],[24.6269,59.3495],[24.6267,59.3493],[24.6265,59.3491],[24.6256,59.3484],[24.6256,59.3483],[24.6252,59.3481],[24.624,59.3472],[24.6219,59.3456],[24.6216,59.3455],[24.6216,59.3454],[24.6202,59.3445],[24.6141,59.3401],[24.6122,59.3387],[24.6081,59.3358],[24.6069,59.335],[24.6047,59.3335],[24.6004,59.3305],[24.6002,59.3304],[24.5869,59.3212],[24.5846,59.3195],[24.5831,59.3185],[24.5818,59.3176],[24.5801,59.3165],[24.5792,59.3158],[24.5785,59.3153],[24.5762,59.3137],[24.5751,59.313],[24.5718,59.3107],[24.5677,59.3079],[24.565,59.306],[24.5627,59.3045],[24.5616,59.3037],[24.5604,59.3029],[24.5594,59.3023],[24.5525,59.2975],[24.5466,59.2935],[24.5389,59.2882],[24.5359,59.2859],[24.5346,59.2849],[24.5269,59.2788],[24.526,59.2781],[24.5257,59.2778],[24.5254,59.2776],[24.5254,59.2775],[24.5245,59.2767],[24.5219,59.2739],[24.5215,59.2734],[24.5175,59.269],[24.517,59.2683],[24.5167,59.2681],[24.5158,59.267],[24.5117,59.2624],[24.5078,59.2588],[24.5076,59.2586],[24.5047,59.2559],[24.5018,59.2532],[24.4991,59.2506],[24.4982,59.2498],[24.4959,59.2475],[24.4948,59.2459],[24.4933,59.243],[24.4931,59.2425],[24.4927,59.2414],[24.4926,59.2409],[24.492,59.2379],[24.4919,59.2368],[24.4919,59.2365],[24.492,59.2347],[24.4922,59.234],[24.4938,59.2258],[24.4938,59.2256],[24.4939,59.2246],[24.4955,59.2158],[24.4955,59.2157],[24.4956,59.2151],[24.4963,59.2109],[24.4966,59.2095],[24.4974,59.2046],[24.4982,59.1997],[24.4983,59.1992],[24.4984,59.1988],[24.4985,59.1981],[24.4991,59.1943],[24.5012,59.1822],[24.5012,59.182],[24.5023,59.176],[24.5023,59.1757],[24.5023,59.1756],[24.5023,59.1755],[24.5025,59.1742],[24.504,59.1648],[24.5044,59.1626],[24.5047,59.1599],[24.5049,59.1581],[24.5051,59.155],[24.5051,59.1547],[24.5051,59.1543],[24.505,59.1538],[24.5045,59.152],[24.5031,59.15],[24.5029,59.1498],[24.5023,59.1492],[24.5011,59.1481],[24.495,59.1439],[24.4858,59.1376],[24.4836,59.1359],[24.4821,59.1344],[24.4806,59.1321],[24.4797,59.1299],[24.4796,59.1293],[24.4792,59.128],[24.4783,59.1247],[24.4778,59.1229],[24.4756,59.1149],[24.4752,59.1137],[24.4748,59.1124]],[[24.5006,58.4315],[24.5008,58.4321],[24.5008,58.4324],[24.5007,58.4332],[24.5001,58.4366],[24.4999,58.4372],[24.4999,58.4375],[24.4998,58.4378],[24.4998,58.438],[24.4997,58.4381],[24.4989,58.4419],[24.4986,58.4431],[24.4981,58.4439],[24.4976,58.4453],[24.4982,58.4462],[24.4987,58.4465],[24.4995,58.4472],[24.4999,58.4475],[24.5,58.4475],[24.5005,58.4479],[24.5007,58.4481]],[[24.3813,57.8744],[24.3813,57.8745],[24.3814,57.8745],[24.3816,57.8747],[24.3818,57.875],[24.3819,57.8751],[24.383,57.8764],[24.3819,57.8751]],[[24.5001,58.4311],[24.5002,58.4307],[24.5,58.4303],[24.4994,58.4296],[24.4984,58.4285],[24.4978,58.428],[24.4965,58.4269],[24.496,58.4263],[24.4959,58.4262],[24.4956,58.426],[24.495,58.4248],[24.4947,58.4198],[24.4949,58.4178],[24.4956,58.4165],[24.4966,58.4155],[24.4971,58.4144],[24.4969,58.4136],[24.4969,58.4135],[24.4969,58.4132],[24.4966,58.4121],[24.4966,58.4117],[24.4965,58.411],[24.4962,58.4091],[24.496,58.4087],[24.496,58.4086],[24.496,58.4085],[24.496,58.4084],[24.4965,58.4081],[24.4971,58.4075],[24.4972,58.4074],[24.4975,58.4072],[24.4985,58.4063],[24.4987,58.4061],[24.4989,58.4059],[24.5031,58.4037],[24.5036,58.4034],[24.5044,58.4031],[24.506,58.4023],[24.5101,58.4007],[24.5129,58.3998],[24.5141,58.3995],[24.5156,58.3991],[24.5158,58.3991],[24.5168,58.3988],[24.5185,58.3983],[24.5193,58.3981],[24.5236,58.3968],[24.5256,58.3962],[24.5341,58.3937],[24.5346,58.3936],[24.5357,58.3932],[24.5358,58.3932],[24.5374,58.3927],[24.5376,58.3927],[24.5378,58.3926],[24.5447,58.3906],[24.5476,58.3897],[24.5477,58.3897],[24.5488,58.3894],[24.5535,58.3879],[24.5559,58.3865],[24.5567,58.3845],[24.5564,58.3827],[24.556,58.3813],[24.556,58.3812],[24.5559,58.3808],[24.5559,58.3806],[24.5559,58.3802],[24.5559,58.3798],[24.5559,58.3792],[24.5562,58.3803],[24.5564,58.3813],[24.5564,58.3814],[24.5566,58.3824],[24.5566,58.3826],[24.5569,58.3841],[24.5567,58.3859],[24.5556,58.387],[24.5543,58.3878],[24.5532,58.3882],[24.5475,58.3899],[24.5453,58.3905],[24.5403,58.392],[24.5379,58.3927],[24.5378,58.3928],[24.5368,58.3931],[24.5347,58.3937],[24.5238,58.3969],[24.5231,58.3971],[24.5228,58.3972],[24.5218,58.3975],[24.5176,58.3988],[24.5168,58.399],[24.5162,58.3991],[24.516,58.3992],[24.5158,58.3992],[24.5151,58.3994],[24.5129,58.4],[24.5087,58.4014],[24.5067,58.4022],[24.506,58.4025],[24.5049,58.403],[24.5039,58.4035],[24.5025,58.4042],[24.5006,58.4051],[24.4997,58.4056],[24.499,58.4061],[24.4989,58.4062],[24.4988,58.4063],[24.4986,58.4065],[24.4984,58.4067],[24.4976,58.4074],[24.4973,58.4077],[24.4966,58.4083],[24.4965,58.4086],[24.4964,58.4088],[24.4965,58.4093],[24.4965,58.4095],[24.4967,58.4105],[24.4967,58.411],[24.497,58.4131],[24.4971,58.4134],[24.4971,58.4135],[24.4971,58.4136],[24.4973,58.4141],[24.4964,58.4158],[24.4956,58.4166],[24.495,58.4182],[24.4948,58.4193],[24.4951,58.4245],[24.4956,58.4257],[24.4961,58.4262],[24.4962,58.4263],[24.4964,58.4265],[24.498,58.428],[24.4988,58.4288],[24.4994,58.4294],[24.5005,58.4307],[24.5008,58.4309]],[[24.5549,58.3765],[24.5544,58.3755],[24.5543,58.3745],[24.5543,58.3742],[24.5549,58.3728],[24.556,58.371],[24.5548,58.3734],[24.5546,58.3741],[24.5545,58.3747],[24.5549,58.3765],[24.5559,58.3792]],[[24.5129,58.1302],[24.5125,58.128],[24.5124,58.1277],[24.5091,58.1092],[24.5085,58.1056],[24.5081,58.1011],[24.5078,58.0916],[24.508,58.0897],[24.5088,58.0859],[24.5091,58.0852],[24.5109,58.0801],[24.5114,58.0771],[24.5114,58.0751],[24.5114,58.0713],[24.5113,58.0621],[24.5113,58.0602],[24.5109,58.0547],[24.5105,58.0511],[24.5101,58.0492],[24.5096,58.0465],[24.5082,58.0411],[24.5061,58.0349],[24.5045,58.0307],[24.5028,58.0273],[24.5003,58.0228],[24.4972,58.0183],[24.4949,58.0153],[24.4906,58.0105],[24.487,58.007],[24.4737,57.9948],[24.4736,57.9948],[24.4714,57.9928],[24.4696,57.9911],[24.4636,57.9853],[24.4589,57.9803],[24.4543,57.9751],[24.4528,57.9733],[24.4494,57.969],[24.4492,57.9687],[24.4486,57.9679],[24.4484,57.9676],[24.4478,57.9668],[24.4428,57.9594],[24.4424,57.959],[24.4374,57.9512],[24.4329,57.9439],[24.4311,57.9403],[24.431,57.9402],[24.4303,57.9386],[24.4276,57.9327],[24.4263,57.9298],[24.4242,57.9244],[24.422,57.9185],[24.4197,57.9131],[24.4181,57.9102],[24.4154,57.9061],[24.4137,57.9038],[24.4111,57.9006],[24.409,57.8984],[24.4075,57.8968],[24.4034,57.8931],[24.4029,57.8927],[24.4028,57.8926],[24.3943,57.8855],[24.3915,57.8831],[24.389,57.881],[24.3881,57.8802],[24.3866,57.879],[24.3857,57.8782],[24.3854,57.8779],[24.3846,57.8773],[24.3845,57.8773],[24.3837,57.8768],[24.383,57.8764]],[[24.5696,58.3599],[24.5688,58.3603],[24.5686,58.3604],[24.5682,58.3607],[24.5666,58.3617],[24.5647,58.3625],[24.5635,58.3631],[24.5629,58.3635],[24.5609,58.3645],[24.5598,58.3651],[24.5581,58.3669],[24.556,58.371]],[[24.5752,58.3566],[24.5748,58.3569],[24.5747,58.357],[24.5746,58.3571],[24.5746,58.3572],[24.5743,58.3575],[24.5742,58.3575],[24.5735,58.3581],[24.573,58.3584],[24.5719,58.3591],[24.5713,58.3594],[24.5709,58.3595],[24.57,58.3598],[24.5696,58.3599]],[[24.5666,58.3617],[24.5682,58.3603],[24.5683,58.3602],[24.5683,58.3601],[24.5685,58.36],[24.5714,58.3592],[24.5724,58.3585],[24.5725,58.3584],[24.5733,58.3579],[24.5739,58.3575],[24.5741,58.3573],[24.5743,58.3571],[24.5745,58.357],[24.5745,58.3569],[24.5749,58.3566],[24.5758,58.3558],[24.5779,58.354],[24.58,58.3518],[24.5813,58.3506],[24.5826,58.3492],[24.5832,58.3486],[24.5839,58.3479],[24.584,58.3477],[24.5841,58.3477],[24.5841,58.3476],[24.5843,58.3475],[24.5844,58.3473],[24.5861,58.3452],[24.59,58.3399],[24.593,58.3346],[24.5951,58.3314],[24.5966,58.3283],[24.5978,58.3241],[24.598,58.3235],[24.598,58.3233],[24.5982,58.3227],[24.5986,58.3212],[24.599,58.3204],[24.5995,58.3193],[24.6004,58.3177],[24.6044,58.3121],[24.6056,58.3101],[24.606,58.3088],[24.6062,58.3085],[24.6063,58.308],[24.6065,58.3073],[24.6067,58.3046],[24.6061,58.3003],[24.6058,58.2994],[24.6053,58.2984],[24.6048,58.2976],[24.6044,58.297],[24.6021,58.2947],[24.5988,58.2927],[24.5975,58.2921],[24.597,58.2919],[24.5966,58.2917],[24.5946,58.2909],[24.5927,58.2902],[24.5924,58.2901],[24.592,58.2899],[24.5914,58.2897],[24.589,58.2888],[24.5864,58.2879],[24.5841,58.2871],[24.5819,58.2863],[24.5794,58.2852],[24.5775,58.2843],[24.5773,58.2842],[24.5757,58.2833],[24.5753,58.2831],[24.5746,58.2827],[24.5744,58.2826],[24.5743,58.2825],[24.5731,58.2818],[24.5716,58.2809],[24.571,58.2806],[24.57,58.28],[24.5687,58.2793],[24.5658,58.2776],[24.5644,58.2767],[24.562,58.2752],[24.5597,58.2736],[24.5569,58.2713],[24.5558,58.2704],[24.5557,58.2703],[24.5549,58.2695],[24.5517,58.2665],[24.5515,58.2664],[24.5504,58.2653],[24.5504,58.2652],[24.5471,58.2625],[24.5422,58.2596],[24.537,58.257],[24.5348,58.2561],[24.5327,58.2553],[24.5278,58.2533],[24.5256,58.2522],[24.5241,58.2513],[24.5227,58.2505],[24.5226,58.2504],[24.5212,58.2496],[24.5194,58.2485],[24.5181,58.2475],[24.5176,58.2471],[24.5166,58.2462],[24.5152,58.2446],[24.5139,58.2432],[24.5106,58.2396],[24.5081,58.2368],[24.5077,58.2364],[24.5076,58.2363],[24.5071,58.2358],[24.5045,58.2328],[24.5027,58.2311],[24.5023,58.2307],[24.5006,58.2297],[24.496,58.2271],[24.4951,58.2266],[24.4932,58.2254],[24.4925,58.2248],[24.4914,58.2237],[24.4904,58.222],[24.4903,58.2219],[24.4903,58.2218],[24.49,58.2214],[24.4897,58.2208],[24.4896,58.2207],[24.4896,58.2206],[24.4891,58.2197],[24.4886,58.2189],[24.4884,58.2185],[24.4883,58.2183],[24.4882,58.2183],[24.4878,58.2174],[24.4873,58.2167],[24.4869,58.2156],[24.4865,58.2148],[24.4856,58.211],[24.4853,58.2095],[24.4853,58.2093],[24.4852,58.209],[24.4852,58.2086],[24.4852,58.2081],[24.4852,58.2078],[24.4853,58.2072],[24.4853,58.207],[24.4853,58.2067],[24.4853,58.2066],[24.4853,58.2063],[24.4854,58.2059],[24.4854,58.2054],[24.4855,58.2053],[24.4855,58.2047],[24.4855,58.2046],[24.4855,58.2043],[24.4856,58.2019],[24.4863,58.1996],[24.4867,58.1986],[24.4872,58.1977],[24.4876,58.1968],[24.4881,58.1959],[24.4888,58.1946],[24.4895,58.1932],[24.49,58.1923],[24.4904,58.1914],[24.4913,58.1889],[24.4922,58.185],[24.4923,58.1845],[24.4927,58.1816],[24.4928,58.1809],[24.4928,58.1806],[24.4938,58.1756],[24.4945,58.1735],[24.4945,58.1733],[24.4953,58.171],[24.4958,58.1684],[24.4973,58.1646],[24.4975,58.1634],[24.4981,58.1604],[24.4986,58.1572],[24.4986,58.1538],[24.4988,58.1531],[24.4988,58.153],[24.4995,58.151],[24.5005,58.149],[24.5026,58.1469],[24.5031,58.1465],[24.5052,58.1446],[24.5058,58.1438],[24.5063,58.1429],[24.5069,58.1401],[24.5074,58.1391],[24.5114,58.1348],[24.5116,58.1345],[24.5121,58.1339],[24.5129,58.1322],[24.5129,58.1302]],[[24.5598,58.3651],[24.5606,58.3646],[24.5621,58.3637],[24.5626,58.3635],[24.5635,58.3631]],[[24.5593,58.5246],[24.5595,58.524],[24.5594,58.5234],[24.5594,58.5233],[24.5594,58.5231]],[[24.5827,58.3493],[24.5826,58.3494],[24.582,58.35],[24.5797,58.3523],[24.5792,58.3528],[24.5785,58.3535],[24.5777,58.3544],[24.5753,58.3565],[24.5752,58.3566]],[[24.5921,58.2899],[24.5927,58.2901],[24.5944,58.2907],[24.5969,58.2917],[24.5977,58.292],[24.5985,58.2924],[24.6002,58.2933],[24.6029,58.2953],[24.6046,58.2971],[24.6051,58.2978],[24.6055,58.2984],[24.6064,58.3007],[24.6069,58.3041],[24.6069,58.3061],[24.6067,58.3072],[24.6064,58.3082],[24.6064,58.3084],[24.6061,58.3091],[24.6058,58.3099],[24.6038,58.3133],[24.6032,58.314],[24.6016,58.3162],[24.5996,58.3195],[24.5991,58.3205],[24.599,58.3207],[24.5988,58.3215],[24.5983,58.323],[24.5977,58.3252],[24.5974,58.326],[24.5973,58.3267],[24.596,58.3303],[24.5952,58.3317],[24.5928,58.3352],[24.5907,58.339],[24.5903,58.3396],[24.5888,58.3418],[24.5847,58.3473],[24.5844,58.3477],[24.5843,58.3478],[24.5842,58.3478],[24.5834,58.3486],[24.5829,58.3491],[24.5827,58.3493]],[[24.589,58.2888],[24.5914,58.2897],[24.5921,58.2899]],[[24.5731,58.2818],[24.5744,58.2825],[24.5754,58.2831],[24.5758,58.2833],[24.5762,58.2835],[24.577,58.2839],[24.5772,58.2841],[24.5773,58.2842]],[[24.4855,58.2053],[24.4855,58.2059],[24.4854,58.2067],[24.4854,58.2068],[24.4854,58.2071],[24.4854,58.2072],[24.4854,58.2077],[24.4853,58.2081],[24.4853,58.2086],[24.4853,58.209],[24.4853,58.2093]],[[24.5591,58.5253],[24.5592,58.525],[24.5593,58.5246]]]},"properties":{"fclass":"trunk","ref":"4"}},
{"type":"Feature","geometry":{"type":"MultiLineString","coordinates":[[[26.3498,59.3258],[26.3501,59.3258],[26.3508,59.3256],[26.3502,59.3259],[26.3501,59.326]],[[26.3491,59.3262],[26.3485,59.3265],[26.3494,59.3263]],[[26.3394,59.349],[26.3395,59.3485],[26.3392,59.349]],[[26.3394,59.3492],[26.3391,59.3496],[26.3391,59.3491]],[[26.1269,59.3456],[26.128,59.3461],[26.1268,59.3458]],[[26.1264,59.3455],[26.1261,59.3455],[26.1252,59.3452],[26.1245,59.3449],[26.1238,59.3446],[26.122,59.3435],[26.1205,59.342],[26.1199,59.3402],[26.1194,59.3373],[26.1193,59.337],[26.1192,59.3366],[26.119,59.3363],[26.1185,59.3356],[26.116,59.3337],[26.1098,59.3315],[26.1017,59.3288],[26.0982,59.3274],[26.0961,59.3262],[26.0948,59.3251],[26.0905,59.3211],[26.0894,59.32],[26.0867,59.3176],[26.0847,59.3157],[26.084,59.3151],[26.0838,59.3149],[26.0831,59.3142],[26.0829,59.314],[26.0807,59.3117],[26.0791,59.3102],[26.0761,59.3074],[26.0737,59.3057],[26.0597,59.2985],[26.0586,59.2979],[26.0536,59.2952],[26.0523,59.2941],[26.0484,59.2892],[26.0449,59.2863],[26.0416,59.2826],[26.0409,59.2812],[26.0408,59.28],[26.0408,59.2777],[26.0399,59.2756],[26.0383,59.2741],[26.0344,59.2707],[26.0336,59.2702],[26.0302,59.2682],[26.0258,59.266],[26.0252,59.2657],[26.025,59.2656],[26.0247,59.2655],[26.0242,59.2653],[26.0224,59.2648],[26.0203,59.2643],[26.0167,59.2634],[26.0091,59.2617],[26.0063,59.2609],[26.0061,59.2608],[26.0041,59.26],[26.0039,59.2598],[26.0028,59.2594],[26.002,59.259],[26.0016,59.2588],[26.0013,59.2586],[26.0007,59.2583],[25.9991,59.2576],[25.9984,59.2574],[25.9968,59.2567],[25.9958,59.2562],[25.9929,59.255],[25.9903,59.2544],[25.988,59.2541],[25.9875,59.2541],[25.9869,59.254],[25.9856,59.2539],[25.985,59.2538],[25.9841,59.2537],[25.9826,59.2536],[25.9822,59.2535],[25.9783,59.2531],[25.9768,59.2531],[25.9764,59.2531],[25.976,59.2532],[25.9757,59.2533],[25.975,59.2537],[25.9738,59.2546],[25.9736,59.2547],[25.9727,59.2553],[25.972,59.2555],[25.9717,59.2555],[25.9702,59.2554],[25.9689,59.2552],[25.9686,59.2551],[25.9651,59.2547],[25.9637,59.2549],[25.9624,59.2556],[25.9604,59.2572],[25.9602,59.2573],[25.9571,59.2575],[25.9568,59.2575],[25.9524,59.2574],[25.9502,59.2574],[25.9498,59.2574],[25.9483,59.2574],[25.9477,59.2574],[25.9456,59.2574],[25.9449,59.2574],[25.9445,59.2574],[25.9443,59.2574],[25.9429,59.2574],[25.9428,59.2574],[25.9425,59.2574],[25.9424,59.2572],[25.9428,59.2571],[25.9426,59.2568],[25.9425,59.2565],[25.9422,59.2558],[25.9403,59.2541],[25.9391,59.2525],[25.939,59.2523],[25.9388,59.2518],[25.9386,59.2515],[25.938,59.2504],[25.9376,59.25],[25.9372,59.2498],[25.9351,59.2487],[25.935,59.2487],[25.9323,59.2473],[25.9322,59.2472],[25.9318,59.247],[25.9303,59.2455],[25.9275,59.2416],[25.9272,59.2414],[25.9267,59.2411],[25.9264,59.2409],[25.9259,59.2406],[25.9245,59.2397],[25.922,59.2381],[25.9182,59.2357],[25.9022,59.2254],[25.9002,59.2243],[25.8963,59.2231],[25.8954,59.2229],[25.8922,59.2221],[25.8911,59.2218],[25.891,59.2217],[25.8899,59.2214],[25.8888,59.221],[25.8878,59.2205],[25.885,59.2184],[25.8827,59.2166],[25.8799,59.2144],[25.8797,59.2142],[25.8796,59.2141],[25.879,59.2137],[25.8788,59.2135],[25.8775,59.2126],[25.8753,59.2116],[25.8713,59.2108],[25.8606,59.2102],[25.8582,59.2098],[25.8579,59.2098],[25.8562,59.2093],[25.8558,59.2092],[25.8549,59.2088],[25.8547,59.2087],[25.8533,59.208],[25.8498,59.2055],[25.8483,59.2043],[25.8452,59.2023],[25.8416,59.2006],[25.828,59.1957],[25.8235,59.1942],[25.8217,59.1935],[25.8042,59.1873],[25.7862,59.1809],[25.7845,59.1804],[25.7822,59.1799],[25.7772,59.1794],[25.7736,59.1795],[25.7672,59.1802],[25.7622,59.1807],[25.7618,59.1807],[25.7613,59.1807],[25.7609,59.1801],[25.7606,59.1795],[25.7604,59.1791],[25.7594,59.1773],[25.7591,59.1767],[25.759,59.1765],[25.7579,59.1738],[25.7576,59.1724],[25.7576,59.1719],[25.7575,59.1714],[25.7575,59.1711],[25.7575,59.1709],[25.758,59.1685],[25.7594,59.1655],[25.7635,59.1597],[25.7662,59.156],[25.7689,59.152],[25.7701,59.1493],[25.7702,59.1492],[25.7705,59.1477],[25.7711,59.143],[25.7709,59.1416],[25.7693,59.1399],[25.768,59.1391],[25.7622,59.1372],[25.7585,59.1356],[25.7582,59.1355],[25.7569,59.1347],[25.7567,59.1346],[25.7556,59.1337],[25.7507,59.1302],[25.7502,59.1298],[25.7498,59.1296],[25.7487,59.1289],[25.7466,59.128],[25.7452,59.1276],[25.745,59.1275],[25.7427,59.1267],[25.7403,59.1254],[25.7402,59.1254],[25.7381,59.1237],[25.7368,59.1219],[25.7363,59.1207],[25.7348,59.1176],[25.7329,59.1156],[25.7309,59.114],[25.7281,59.1124],[25.728,59.1123],[25.726,59.1113],[25.7254,59.1109],[25.7228,59.1095],[25.7226,59.1094],[25.7221,59.1092],[25.7209,59.1085],[25.7194,59.1077],[25.7162,59.1062],[25.7139,59.1053],[25.7126,59.1048],[25.708,59.1025],[25.7063,59.1016],[25.6998,59.0983],[25.6984,59.0976],[25.6972,59.0969],[25.6963,59.0963],[25.6949,59.0954],[25.692,59.093],[25.69,59.0912],[25.6872,59.0877],[25.6857,59.0856],[25.6844,59.0826],[25.6843,59.0823],[25.6836,59.0794],[25.6836,59.0763],[25.6836,59.0737],[25.6837,59.0731],[25.6837,59.0721],[25.6837,59.072],[25.6841,59.0707],[25.6849,59.0692],[25.6887,59.0646],[25.6914,59.0613],[25.6925,59.06],[25.6932,59.0592],[25.6955,59.057],[25.6979,59.0553],[25.6985,59.055],[25.7003,59.0539],[25.7047,59.0512],[25.7056,59.0504],[25.7069,59.0485],[25.7074,59.0436],[25.7074,59.0434],[25.7075,59.0421],[25.7075,59.0418],[25.7077,59.0403],[25.7077,59.0402],[25.7078,59.039],[25.7076,59.037],[25.7071,59.0353],[25.7068,59.0342],[25.7066,59.0336],[25.7059,59.0326],[25.7058,59.0325],[25.7046,59.0316],[25.7031,59.0303],[25.7029,59.0299],[25.7028,59.0295],[25.7028,59.0294],[25.7028,59.0293],[25.7028,59.0292],[25.7027,59.0288],[25.7027,59.0292],[25.7027,59.0294],[25.7027,59.0295],[25.7029,59.0299]],[[26.396,59.3556],[26.3962,59.3556],[26.3968,59.3558],[26.3962,59.3557],[26.3959,59.3557]],[[25.525,58.8795],[25.5233,58.8795],[25.5212,58.8797],[25.5208,58.8797],[25.5199,58.8799],[25.5185,58.8801]],[[25.5256,58.8796],[25.5275,58.88],[25.5255,58.8798]],[[26.3384,59.3512],[26.3385,59.3511],[26.3388,59.3507],[26.3387,59.3512],[26.3387,59.3513]],[[26.3386,59.3516],[26.3378,59.3524],[26.3369,59.3543],[26.3367,59.3548],[26.3358,59.3568],[26.3355,59.3573],[26.3352,59.3575]],[[26.3382,59.3515],[26.338,59.352],[26.3378,59.3524]],[[24.556,58.3812],[24.5558,58.3811],[24.5545,58.3812],[24.5538,58.3811],[24.5527,58.3804],[24.5529,58.3798],[24.5542,58.3792],[24.5549,58.3791],[24.5559,58.379],[24.5571,58.3789],[24.5579,58.3789],[24.558,58.3788],[24.5588,58.3787],[24.56,58.3786],[24.562,58.3782],[24.5628,58.3779],[24.5642,58.3773],[24.5627,58.3778],[24.5619,58.3781],[24.56,58.3785],[24.5579,58.3788],[24.5568,58.3789],[24.5561,58.3789],[24.5557,58.379],[24.5551,58.379],[24.5546,58.3791],[24.5541,58.3792],[24.5534,58.3794],[24.5527,58.3799],[24.5526,58.3803],[24.5526,58.3804],[24.5539,58.3812],[24.5548,58.3813],[24.5551,58.3813],[24.5555,58.3813],[24.5558,58.3813],[24.556,58.3812]],[[26.3347,59.3577],[26.3343,59.3576],[26.3341,59.3576],[26.3333,59.3575],[26.334,59.3575],[26.3343,59.3575],[26.3347,59.3576]],[[25.5703,58.8942],[25.5703,58.8945],[25.5705,58.895],[25.5705,58.8951],[25.5708,58.8954],[25.5713,58.896],[25.5715,58.8962],[25.5718,58.8966],[25.5719,58.8966],[25.572,58.8968],[25.5721,58.8969],[25.5745,58.8997],[25.5766,58.9021],[25.577,58.9027],[25.5779,58.9042],[25.578,58.9044],[25.5781,58.9045],[25.5786,58.9053],[25.5787,58.9054],[25.5789,58.9057],[25.5795,58.9064],[25.5788,58.9057],[25.5785,58.9053],[25.5784,58.9052],[25.5782,58.9047],[25.578,58.9044]],[[25.5692,58.8941],[25.5689,58.8943],[25.5675,58.8943],[25.5691,58.8944],[25.5695,58.8944]],[[25.4786,58.8477],[25.4791,58.8483],[25.479,58.8476]],[[25.4783,58.8474],[25.4783,58.8472],[25.4782,58.8467],[25.4785,58.8472],[25.4786,58.8473]],[[26.3424,59.3398],[26.3426,59.3397],[26.3427,59.3395],[26.3427,59.3396],[26.3429,59.3398]],[[26.3428,59.3402],[26.3426,59.3405],[26.3425,59.3402]],[[26.4038,59.3322],[26.4035,59.3318],[26.404,59.3321]],[[26.4044,59.3323],[26.4045,59.3324],[26.4047,59.3327],[26.4044,59.3325],[26.4042,59.3324]],[[26.3712,59.3207],[26.3722,59.3207],[26.3712,59.3205]],[[26.3705,59.3205],[26.3702,59.3206],[26.3695,59.3205],[26.3702,59.3206],[26.3705,59.3207]],[[25.525,58.8798],[25.5233,58.8795]],[[26.1263,59.3457],[26.126,59.3456],[26.1252,59.3452]],[[26.4315,59.3655],[26.4324,59.3656],[26.4332,59.3657],[26.4327,59.3655],[26.4315,59.3654]],[[26.431,59.3654],[26.4306,59.3653],[26.4297,59.3653],[26.4272,59.365],[26.424,59.3645],[26.423,59.3643],[26.4223,59.3641],[26.4213,59.3639],[26.419,59.3633],[26.4186,59.3632],[26.4184,59.3631],[26.4173,59.3628],[26.4168,59.3626],[26.4153,59.3621],[26.4148,59.3619],[26.4128,59.361],[26.4122,59.3608],[26.408,59.3589],[26.4076,59.3587],[26.4073,59.3586],[26.4038,59.3572],[26.4017,59.3567],[26.3986,59.3561],[26.3984,59.356],[26.3979,59.356],[26.3974,59.3559],[26.397,59.3558],[26.3968,59.3558]],[[26.3959,59.3554],[26.3962,59.3551],[26.3956,59.3554]],[[25.5183,58.8799],[25.5199,58.8799]],[[25.518,58.8802],[25.5176,58.8801],[25.5164,58.88],[25.5176,58.88],[25.5179,58.88]],[[25.5404,58.8875],[25.54,58.8874],[25.5392,58.8869],[25.5399,58.8875],[25.5401,58.8877]],[[25.4285,58.8081],[25.4287,58.8083],[25.4288,58.8087],[25.4289,58.809],[25.429,58.8095],[25.429,58.8096],[25.4289,58.8099],[25.4288,58.8104],[25.4288,58.8105],[25.4287,58.811],[25.4286,58.8111],[25.4286,58.8112],[25.4286,58.8114],[25.4286,58.8117],[25.4286,58.8118],[25.4286,58.8122],[25.4289,58.813],[25.4292,58.8137],[25.4298,58.8143],[25.4298,58.8144],[25.4308,58.8153],[25.4313,58.8158],[25.4328,58.8171],[25.4329,58.8173],[25.4339,58.818],[25.4344,58.8183],[25.4345,58.8184],[25.4378,58.8202],[25.4408,58.8218],[25.4429,58.8224],[25.4431,58.8225],[25.4444,58.8229],[25.446,58.8233],[25.4466,58.8235],[25.4482,58.824],[25.4503,58.8245],[25.4505,58.8245],[25.4507,58.8246],[25.453,58.8251],[25.4532,58.8252],[25.4538,58.8254],[25.453,58.8252],[25.4526,58.8251],[25.4506,58.8246],[25.4504,58.8246],[25.4502,58.8245],[25.4482,58.824]],[[25.4288,58.808],[25.4288,58.8083],[25.4289,58.8087],[25.4289,58.8088],[25.429,58.809],[25.4291,58.8095],[25.4291,58.8096],[25.429,58.8099],[25.4289,58.8104],[25.4289,58.8105],[25.4287,58.8111],[25.4287,58.8112],[25.4287,58.8115],[25.4287,58.8117],[25.4288,58.8122],[25.429,58.813],[25.4293,58.8136],[25.4298,58.8143]],[[25.4287,58.8078],[25.4285,58.8074],[25.4284,58.8078]],[[25.5407,58.8878],[25.5409,58.8878],[25.5424,58.8883],[25.5411,58.8878],[25.541,58.8878],[25.5408,58.8876]],[[26.335,59.3575],[26.3353,59.3573],[26.3358,59.3568]],[[26.431,59.3655],[26.4306,59.3654],[26.4297,59.3653]],[[24.566,58.3765],[24.5663,58.3763],[24.5676,58.3757],[24.568,58.3755],[24.5692,58.3749],[24.5694,58.3748],[24.5699,58.3746],[24.5718,58.3744],[24.5737,58.3747],[24.5756,58.3755],[24.5761,58.3757],[24.5774,58.3762],[24.5778,58.3763],[24.5782,58.3765],[24.5795,58.3771],[24.58,58.3772],[24.5806,58.3775],[24.5814,58.3778],[24.582,58.378],[24.5851,58.3793],[24.5877,58.3803],[24.5879,58.3804],[24.5881,58.3805],[24.5882,58.3805],[24.5899,58.3812],[24.5908,58.3815],[24.5921,58.382],[24.5932,58.3825],[24.5952,58.3833],[24.5964,58.3837],[24.5965,58.3838],[24.5975,58.3842],[24.5977,58.3843],[24.598,58.3843],[24.5982,58.3844],[24.5997,58.385],[24.5981,58.3845],[24.5979,58.3844],[24.5978,58.3844],[24.5977,58.3843]],[[25.5275,58.88],[25.5287,58.8805],[25.5333,58.8833],[25.5335,58.8834],[25.5363,58.8851],[25.5392,58.8869]],[[25.4767,58.8437],[25.4762,58.8427],[25.4757,58.8417],[25.4757,58.8416],[25.4736,58.8383],[25.4734,58.838],[25.4722,58.8365],[25.4711,58.835],[25.4699,58.8335],[25.4684,58.8322],[25.4669,58.8316],[25.4618,58.8298],[25.4571,58.8267],[25.4567,58.8264],[25.4565,58.8263],[25.455,58.8257],[25.4545,58.8255],[25.4542,58.8255],[25.4538,58.8254]],[[25.4289,58.7855],[25.4286,58.7856],[25.4281,58.7858],[25.428,58.7858],[25.4279,58.7858],[25.4271,58.7861],[25.4268,58.7862],[25.4265,58.7864],[25.426,58.7865],[25.4228,58.7879],[25.4215,58.789],[25.4212,58.7893],[25.4209,58.7904],[25.4213,58.7918],[25.4215,58.7921],[25.422,58.7927],[25.4229,58.7939],[25.4232,58.7942],[25.4239,58.795],[25.4244,58.7955],[25.4244,58.7957],[25.4242,58.7954],[25.4238,58.795],[25.4237,58.7948],[25.4233,58.7943],[25.4232,58.7942]],[[24.9986,58.6529],[25.0047,58.6563],[25.0079,58.6577],[25.0083,58.6579],[25.0105,58.6587],[25.0145,58.6599],[25.0238,58.6624],[25.0261,58.663],[25.0275,58.6634],[25.0288,58.6638],[25.0299,58.6641],[25.0348,58.6654],[25.0353,58.6655],[25.0409,58.6668],[25.0463,58.6676],[25.0526,58.6682],[25.0591,58.6684],[25.0655,58.6686],[25.0775,58.669],[25.0813,58.6693],[25.0829,58.6694],[25.083,58.6694],[25.0831,58.6694],[25.0853,58.6697],[25.0921,58.6705],[25.0928,58.6706],[25.0954,58.6709],[25.0995,58.6713],[25.1043,58.6719],[25.1064,58.6721],[25.1158,58.6732],[25.1197,58.6733],[25.1208,58.6732],[25.1213,58.6731],[25.1222,58.673],[25.1238,58.6728],[25.127,58.6722],[25.1326,58.6707],[25.1349,58.67],[25.1379,58.6692],[25.1387,58.669],[25.1429,58.6678],[25.1434,58.6676],[25.1463,58.6668],[25.1483,58.6663],[25.15,58.6661],[25.1511,58.666],[25.1519,58.6661],[25.1532,58.6662],[25.1546,58.6663],[25.1605,58.6668],[25.161,58.6668],[25.1718,58.6677],[25.181,58.6685],[25.1817,58.6686],[25.19,58.6693],[25.1943,58.67],[25.2019,58.6715],[25.2116,58.6737],[25.2143,58.6743],[25.2196,58.6757],[25.2234,58.677],[25.2281,58.679],[25.2372,58.6839],[25.2398,58.6855],[25.2463,58.6901],[25.2481,58.6914],[25.256,58.697],[25.2573,58.698],[25.258,58.6987],[25.2582,58.6988],[25.2589,58.6994],[25.2607,58.7012],[25.2624,58.7032],[25.2652,58.7066],[25.2656,58.7071],[25.2675,58.7094],[25.2684,58.7105],[25.2711,58.7137],[25.2719,58.7148],[25.2724,58.7153],[25.274,58.7169],[25.2746,58.7175],[25.2749,58.7177],[25.2756,58.7182],[25.2758,58.7183],[25.2793,58.7209],[25.2815,58.7228],[25.2846,58.7267],[25.287,58.7298],[25.2882,58.7314],[25.2902,58.7326],[25.2965,58.7345],[25.2972,58.7349],[25.2977,58.7351],[25.2982,58.7354],[25.3001,58.7372],[25.3017,58.7397],[25.3026,58.7407],[25.3043,58.742],[25.3123,58.7463],[25.3138,58.747],[25.3204,58.7503],[25.3218,58.7508],[25.3227,58.7511],[25.3236,58.7514],[25.3244,58.7515],[25.3247,58.7516],[25.3258,58.7519],[25.332,58.7534],[25.3371,58.7544],[25.3399,58.7546],[25.3459,58.7551],[25.3478,58.7552],[25.3481,58.7553],[25.3528,58.7558],[25.354,58.756],[25.3563,58.7565],[25.3567,58.7566],[25.3575,58.7568],[25.3609,58.7575],[25.3652,58.7583],[25.3657,58.7583],[25.3673,58.7586],[25.3688,58.7588],[25.3697,58.759],[25.3704,58.7591],[25.3718,58.7594],[25.3733,58.7596],[25.3762,58.76],[25.3796,58.76],[25.381,58.7599],[25.3815,58.7599],[25.3859,58.7595],[25.3903,58.7594],[25.3934,58.7598],[25.4006,58.7616],[25.4123,58.7646],[25.4135,58.765],[25.4156,58.7662],[25.4165,58.767],[25.4167,58.7672],[25.4172,58.7677],[25.4173,58.7678],[25.4174,58.7679],[25.4175,58.7679],[25.4183,58.7686],[25.4188,58.769],[25.4207,58.7703],[25.4226,58.7726],[25.4227,58.7726],[25.4246,58.7752],[25.4248,58.776],[25.4249,58.7764],[25.4253,58.7783],[25.4256,58.7794],[25.4259,58.7801],[25.4259,58.7803],[25.4262,58.7812],[25.4265,58.7819],[25.4269,58.7828],[25.4271,58.7833],[25.4272,58.7837],[25.4278,58.7845],[25.4285,58.7851],[25.4286,58.7851],[25.4289,58.7855],[25.4287,58.7853],[25.4285,58.7851]],[[24.6176,58.3919],[24.6184,58.3921],[24.6193,58.3925],[24.6223,58.3936],[24.6247,58.3947],[24.6288,58.3979],[24.6312,58.4],[24.6327,58.4016],[24.6328,58.4016],[24.6347,58.4039],[24.6368,58.4064],[24.6369,58.4064],[24.6381,58.4076],[24.6411,58.4101],[24.6425,58.4111],[24.645,58.4127],[24.648,58.4144],[24.6514,58.416],[24.6539,58.4171],[24.654,58.4171],[24.6575,58.4184],[24.6601,58.4194],[24.6623,58.4202],[24.6627,58.4203],[24.6655,58.4215],[24.6656,58.4216],[24.666,58.4218],[24.6665,58.422],[24.6674,58.4226],[24.6676,58.4227],[24.668,58.4229],[24.6686,58.4232],[24.6704,58.4244],[24.6736,58.4275],[24.6817,58.4377],[24.6918,58.4505],[24.6988,58.4595],[24.7021,58.4631],[24.7051,58.4655],[24.7067,58.4667],[24.7104,58.4688],[24.7127,58.47],[24.7211,58.4742],[24.7269,58.477],[24.7281,58.4775],[24.7306,58.4787],[24.7366,58.4814],[24.7376,58.4818],[24.7378,58.4819],[24.7428,58.4841],[24.7503,58.4874],[24.7514,58.4879],[24.7552,58.4897],[24.7572,58.4906],[24.7607,58.4922],[24.7623,58.493],[24.7637,58.4937],[24.7653,58.4943],[24.7696,58.4961],[24.7742,58.4979],[24.7788,58.4998],[24.7818,58.5008],[24.7849,58.5017],[24.7874,58.5023],[24.7887,58.5027],[24.7929,58.5039],[24.7949,58.5048],[24.7957,58.5051],[24.7959,58.5052],[24.7963,58.5054],[24.7988,58.5064],[24.8006,58.5072],[24.8023,58.5077],[24.8037,58.5082],[24.807,58.5092],[24.809,58.5101],[24.8097,58.5105],[24.8118,58.5119],[24.8148,58.5139],[24.8154,58.5145],[24.8157,58.5147],[24.8166,58.5154],[24.8168,58.5155],[24.8169,58.5156],[24.8176,58.5164],[24.8179,58.5167],[24.818,58.5168],[24.8186,58.5174],[24.8187,58.5175],[24.8188,58.5176],[24.8194,58.5182],[24.8199,58.5187],[24.8212,58.5201],[24.8215,58.5203],[24.8217,58.5205],[24.8229,58.5218],[24.8255,58.5245],[24.8265,58.5257],[24.8271,58.5265],[24.8281,58.5278],[24.829,58.5289],[24.8296,58.5296],[24.8302,58.5304],[24.8307,58.531],[24.8317,58.5324],[24.8331,58.5341],[24.8336,58.5348],[24.834,58.5352],[24.8344,58.5357],[24.835,58.5364],[24.8356,58.5369],[24.8367,58.5378],[24.8391,58.5396],[24.8402,58.5405],[24.8439,58.5434],[24.8441,58.5436],[24.846,58.5453],[24.8488,58.549],[24.8508,58.551],[24.8514,58.5514],[24.8521,58.552],[24.8523,58.5521],[24.8545,58.5535],[24.8577,58.5556],[24.8595,58.5566],[24.864,58.5588],[24.8667,58.5603],[24.8685,58.5616],[24.8709,58.5639],[24.8721,58.5653],[24.873,58.5666],[24.8734,58.5672],[24.8752,58.5694],[24.8757,58.57],[24.878,58.572],[24.8797,58.5731],[24.8844,58.5759],[24.8851,58.5763],[24.8874,58.5778],[24.8901,58.5799],[24.8955,58.5847],[24.8965,58.5859],[24.8997,58.5909],[24.9001,58.5914],[24.9014,58.5928],[24.9064,58.5971],[24.9071,58.5977],[24.908,58.5985],[24.9084,58.5988],[24.9089,58.5992],[24.9089,58.5993],[24.9095,58.5999],[24.9098,58.6002],[24.9103,58.6008],[24.9119,58.6028],[24.914,58.6057],[24.9143,58.606],[24.9152,58.6069],[24.9176,58.6093],[24.9191,58.6109],[24.9219,58.6151],[24.9228,58.6163],[24.9239,58.6176],[24.9246,58.6182],[24.9265,58.6199],[24.9281,58.6211],[24.9267,58.6201],[24.9264,58.62],[24.9264,58.6199],[24.926,58.6196],[24.9243,58.618],[24.9239,58.6176]],[[25.9429,59.2572],[25.9443,59.2574]],[[25.943,59.2573],[25.9429,59.2574]],[[26.3391,59.3496],[26.3388,59.3507]],[[26.332,59.3574],[26.3317,59.3573],[26.3305,59.3572],[26.3301,59.3571],[26.3287,59.3569],[26.3277,59.3567],[26.3245,59.3558],[26.3198,59.354],[26.314,59.3526],[26.3129,59.3524],[26.3126,59.3523],[26.3123,59.3522],[26.3111,59.3521],[26.298,59.3505],[26.2904,59.3497],[26.2841,59.3489],[26.2802,59.3485],[26.2791,59.3485],[26.278,59.3484],[26.2772,59.3484],[26.2763,59.3485],[26.2759,59.3485],[26.2743,59.3485],[26.2736,59.3485],[26.2704,59.3486],[26.27,59.3486],[26.2689,59.3486],[26.2677,59.3486],[26.2654,59.3486],[26.256,59.3488],[26.2516,59.349],[26.2498,59.3491],[26.2482,59.3492],[26.2466,59.3493],[26.2322,59.3501],[26.2264,59.3506],[26.2252,59.3507],[26.2264,59.3506]],[[26.2067,59.3536],[26.1954,59.3553],[26.1946,59.3554],[26.1941,59.3555],[26.188,59.356],[26.187,59.3561],[26.1868,59.3561],[26.1862,59.3561],[26.1848,59.3562],[26.1847,59.3562],[26.1845,59.3562],[26.179,59.3563],[26.1758,59.3559],[26.1701,59.3547],[26.1689,59.3544],[26.1685,59.3543],[26.1672,59.354],[26.1652,59.3536],[26.1609,59.3526],[26.1541,59.3516],[26.1467,59.351],[26.1419,59.3503],[26.1402,59.35],[26.1358,59.3487],[26.128,59.3461]],[[26.3469,59.3273],[26.344,59.329],[26.3433,59.3296],[26.3423,59.3315],[26.3423,59.3333],[26.3426,59.3391],[26.3427,59.3395]],[[25.9424,59.2572],[25.9425,59.2565]],[[25.6201,58.9184],[25.6206,58.9186],[25.6217,58.9192],[25.6229,58.92],[25.6235,58.9205],[25.624,58.921],[25.6248,58.9221],[25.6261,58.9241],[25.6263,58.9243],[25.6265,58.9247],[25.6276,58.9262],[25.6294,58.9286],[25.6317,58.9316],[25.6321,58.9321],[25.6343,58.9349],[25.6356,58.9361],[25.6372,58.9375],[25.6375,58.9377],[25.6382,58.9383],[25.6387,58.9387],[25.639,58.939],[25.6398,58.9397],[25.642,58.9421],[25.6511,58.9536],[25.6513,58.9538],[25.6516,58.9543],[25.6517,58.9544],[25.6585,58.963],[25.663,58.9687],[25.6639,58.9704],[25.664,58.9707],[25.6642,58.9713],[25.6654,58.9747],[25.6661,58.9765],[25.6662,58.977],[25.6678,58.9813],[25.6679,58.9816],[25.6685,58.9832],[25.6691,58.9848],[25.6694,58.9855],[25.6696,58.9859],[25.67,58.9865],[25.6717,58.9895],[25.6726,58.991],[25.6754,58.9959],[25.6758,58.9965],[25.6763,58.9973],[25.6777,58.9997],[25.6797,59.0021],[25.6816,59.0039],[25.6841,59.0055],[25.6881,59.0079],[25.6899,59.0089],[25.6964,59.0126],[25.6973,59.0132],[25.7002,59.0151],[25.7016,59.0164],[25.7032,59.0186],[25.7034,59.0189],[25.704,59.0198],[25.7043,59.0204],[25.7049,59.0212],[25.7052,59.0217],[25.7053,59.0219],[25.7053,59.0235],[25.7048,59.0248],[25.7042,59.0265],[25.704,59.027],[25.7031,59.0282],[25.7029,59.0285],[25.7028,59.0287],[25.7027,59.0288]],[[25.619,58.918],[25.6201,58.9184]],[[25.5978,58.912],[25.6037,58.914],[25.6063,58.915],[25.6085,58.9158],[25.61,58.9163],[25.6113,58.9166],[25.6118,58.9167],[25.6164,58.9173],[25.6181,58.9177],[25.619,58.918]],[[26.3526,59.3249],[26.3538,59.3244],[26.3557,59.3237],[26.3588,59.3224],[26.3592,59.3223],[26.3618,59.3214],[26.3651,59.3207],[26.3676,59.3205],[26.3678,59.3205],[26.3695,59.3205]],[[25.62,58.9185],[25.619,58.9181],[25.618,58.9178],[25.6165,58.9174],[25.6122,58.9168],[25.6112,58.9167],[25.6107,58.9166],[25.6071,58.9155],[25.6036,58.9141],[25.5978,58.912],[25.5956,58.9115],[25.5913,58.9107],[25.5899,58.9104],[25.5896,58.9104],[25.5853,58.9089],[25.5822,58.9078],[25.5808,58.9073],[25.5805,58.9071],[25.5801,58.9069],[25.5799,58.9067],[25.5795,58.9064]],[[25.624,58.921],[25.6223,58.9197],[25.6212,58.919],[25.62,58.9185]],[[26.3399,59.3475],[26.3395,59.3485]],[[25.4792,58.8487],[25.4797,58.8493],[25.4798,58.8494],[25.4801,58.8499],[25.4808,58.8513],[25.4812,58.8517],[25.482,58.8526],[25.4827,58.8533],[25.4834,58.8542],[25.4854,58.8561],[25.4858,58.8565],[25.4875,58.8588],[25.4884,58.8602],[25.4907,58.8623],[25.4927,58.8654],[25.4933,58.8666],[25.4935,58.8668],[25.4939,58.8676],[25.494,58.8677],[25.4949,58.8707],[25.4959,58.8723],[25.4969,58.873],[25.4996,58.8742],[25.507,58.8777],[25.5097,58.879],[25.5103,58.8792],[25.5115,58.8796],[25.5135,58.8798],[25.5142,58.8799],[25.5154,58.8799],[25.5164,58.88]],[[26.4104,59.337],[26.411,59.3377],[26.4118,59.3395],[26.4114,59.3418],[26.4107,59.3429],[26.4077,59.3456],[26.3972,59.3542],[26.3965,59.3548],[26.3962,59.3551]],[[26.3735,59.321],[26.3839,59.3235],[26.3875,59.3244],[26.3894,59.325],[26.3901,59.3253],[26.3947,59.327],[26.3961,59.3276],[26.397,59.328],[26.4006,59.3299],[26.4015,59.3305],[26.4025,59.3311],[26.4032,59.3316],[26.4035,59.3318]],[[26.4047,59.3327],[26.4049,59.3328],[26.4059,59.3335],[26.4089,59.3357],[26.4104,59.337]],[[26.3508,59.3256],[26.3526,59.3249]],[[26.3423,59.3417],[26.3408,59.3456],[26.3407,59.3457],[26.3406,59.3458],[26.3404,59.3463],[26.3399,59.3475]],[[25.7613,59.1807],[25.7618,59.1807],[25.7622,59.1807]],[[25.4285,58.8074],[25.4285,58.8073],[25.4284,58.8068],[25.4284,58.8065],[25.4284,58.8063],[25.4284,58.8058],[25.4284,58.8056],[25.4284,58.8055],[25.4286,58.8049],[25.4286,58.8048],[25.4287,58.8044],[25.4287,58.8043],[25.4289,58.804],[25.429,58.8036],[25.429,58.8035],[25.4292,58.8031],[25.4292,58.803],[25.4293,58.803],[25.4293,58.8029],[25.4294,58.8024],[25.4294,58.8023],[25.4294,58.8021],[25.4287,58.8014],[25.4285,58.8012],[25.4268,58.8002],[25.4261,58.799],[25.4259,58.7984],[25.4258,58.7982],[25.4257,58.7979],[25.4255,58.7975],[25.4253,58.7971],[25.4244,58.7957]],[[25.5424,58.8883],[25.5527,58.8911],[25.5549,58.8917],[25.5551,58.8918],[25.5569,58.8922],[25.5569,58.8923],[25.557,58.8923],[25.5572,58.8923],[25.5583,58.8926],[25.5585,58.8927],[25.5628,58.8938],[25.565,58.8943],[25.5663,58.8944],[25.5675,58.8943]],[[25.4779,58.846],[25.4772,58.8447],[25.4767,58.8437]],[[24.6058,58.3874],[24.609,58.3886],[24.6091,58.3887],[24.6093,58.3887],[24.6094,58.3888],[24.6101,58.389],[24.611,58.3894],[24.6146,58.3907],[24.6168,58.3916],[24.6176,58.3919]],[[24.5658,58.3766],[24.566,58.3765]],[[24.5642,58.3773],[24.5658,58.3766]],[[24.9366,58.6256],[24.9421,58.6276],[24.944,58.6283],[24.9449,58.6286],[24.9465,58.6293],[24.9468,58.6295],[24.9511,58.6316],[24.9596,58.6364],[24.9656,58.6397],[24.9692,58.6416],[24.9715,58.6425],[24.9754,58.644],[24.9832,58.6464],[24.9853,58.6471],[24.9862,58.6474],[24.9898,58.6487],[24.9937,58.6503],[24.9986,58.6529]],[[24.9281,58.6211],[24.9293,58.6219],[24.9312,58.6231],[24.9344,58.6247],[24.9366,58.6256]],[[26.2165,59.3521],[26.2159,59.3522],[26.2152,59.3523],[26.2135,59.3526],[26.2132,59.3526],[26.2106,59.353],[26.2105,59.353],[26.2104,59.353],[26.2085,59.3533],[26.2104,59.353]],[[26.3425,59.3411],[26.3423,59.3417]],[[26.3426,59.3405],[26.3425,59.3411]],[[26.3485,59.3265],[26.3478,59.3268],[26.3471,59.3272],[26.3469,59.3273]],[[26.3722,59.3207],[26.3735,59.321]],[[25.4782,58.8467],[25.4779,58.846]],[[26.2085,59.3533],[26.2067,59.3536]],[[24.6054,58.3872],[24.6058,58.3874]],[[24.6027,58.3862],[24.6007,58.3854],[24.5997,58.385]],[[24.6027,58.3862],[24.603,58.3863],[24.6054,58.3872]],[[24.5782,58.3765],[24.5796,58.377],[24.58,58.3772]],[[25.9428,59.2571],[25.9429,59.2572],[25.943,59.2573]],[[26.3332,59.3575],[26.3322,59.3574],[26.332,59.3574]],[[26.3333,59.3575],[26.3332,59.3575]],[[25.4791,58.8483],[25.4792,58.8487],[25.4793,58.8488],[25.4796,58.8493],[25.4801,58.8499]],[[25.3762,58.76],[25.3733,58.7597],[25.3717,58.7594],[25.3697,58.7591],[25.3687,58.7589],[25.3657,58.7583]],[[26.2252,59.3507],[26.225,59.3508],[26.2227,59.3511],[26.2224,59.3512],[26.2223,59.3512],[26.2194,59.3516],[26.2189,59.3517],[26.2184,59.3518],[26.2178,59.3519],[26.2174,59.3519],[26.2172,59.3519],[26.2165,59.3521],[26.2169,59.352],[26.2172,59.352],[26.2178,59.3519]],[[25.4293,58.803],[25.4291,58.8035],[25.4291,58.8036],[25.429,58.804],[25.4288,58.8043],[25.4288,58.8044],[25.4286,58.8048]],[[26.0028,59.2594],[26.0015,59.2588],[26.0013,59.2587],[26.0011,59.2587],[26.0006,59.2584],[26.0002,59.2582],[25.999,59.2577],[25.9984,59.2574]]]},"properties":{"fclass":"primary","ref":"5"}},
{"type":"Feature","geometry":{"type":"MultiLineString","coordinates":[[[24.7881,59.4223],[24.7878,59.4222],[24.7868,59.4222],[24.7858,59.4224],[24.7837,59.4229],[24.7815,59.423],[24.7792,59.4227],[24.774,59.4214],[24.772,59.4209],[24.7704,59.4205],[24.7701,59.4204],[24.7688,59.4198],[24.7685,59.4195],[24.768,59.4193],[24.7666,59.4183],[24.7636,59.4167]],[[25.525,58.8798],[25.525,58.8795],[25.5255,58.8795],[25.5256,58.8796],[25.5255,58.8798]],[[24.7045,59.4291],[24.7048,59.4291],[24.7051,59.4291],[24.7059,59.429],[24.7063,59.429],[24.7073,59.4288],[24.7081,59.4286],[24.7082,59.4286],[24.7086,59.4285],[24.7096,59.4283],[24.7115,59.4279],[24.7117,59.4278],[24.7132,59.4278],[24.7154,59.4277],[24.7178,59.4277],[24.7188,59.4276],[24.7197,59.4273],[24.7199,59.4273],[24.72,59.4273],[24.7203,59.4273],[24.7205,59.4273],[24.7209,59.4274],[24.7232,59.4278],[24.7235,59.4279],[24.7255,59.4283],[24.7263,59.4282],[24.7266,59.4282],[24.7268,59.4282],[24.7269,59.4282],[24.7274,59.4282],[24.7277,59.4283],[24.7282,59.4284],[24.729,59.4285],[24.7291,59.4285],[24.7293,59.4285],[24.7295,59.4286],[24.7297,59.4286],[24.7306,59.4287],[24.7304,59.4288],[24.7302,59.4289],[24.73,59.429],[24.7286,59.4293],[24.7279,59.4293],[24.7273,59.4291],[24.7271,59.4291],[24.7265,59.4288],[24.7264,59.4288],[24.726,59.4286],[24.7259,59.4286],[24.7253,59.4284],[24.7249,59.4283],[24.7231,59.4279],[24.7228,59.4279],[24.7209,59.4276],[24.7203,59.4276],[24.7202,59.4276],[24.72,59.4276],[24.7199,59.4276],[24.7195,59.4276],[24.7185,59.4277],[24.7172,59.4278],[24.7167,59.4278],[24.7166,59.4278],[24.7161,59.4278],[24.7154,59.4278],[24.7153,59.4278],[24.7143,59.4278],[24.7139,59.4279],[24.7134,59.4279],[24.7121,59.4279],[24.7115,59.428],[24.7103,59.4282],[24.71,59.4283],[24.7097,59.4284],[24.7087,59.4286],[24.7083,59.4287],[24.7081,59.4287],[24.7074,59.4289],[24.707,59.4289],[24.7065,59.4291],[24.706,59.4292],[24.7055,59.4293],[24.7053,59.4293],[24.705,59.4293],[24.7045,59.4293]],[[24.7873,59.4325],[24.7914,59.434],[24.7941,59.4347],[24.7968,59.4349],[24.7974,59.4349],[24.7991,59.4348],[24.8015,59.4347],[24.8042,59.4348],[24.8063,59.4352],[24.8123,59.4369],[24.8153,59.4378],[24.8182,59.4386],[24.819,59.4388],[24.8196,59.4389],[24.8205,59.439],[24.8214,59.4391],[24.8233,59.4392],[24.8298,59.4395],[24.8329,59.4396],[24.8331,59.4396],[24.8367,59.4398],[24.842,59.44],[24.8446,59.4401],[24.8454,59.4401],[24.8465,59.4402],[24.849,59.4403],[24.8495,59.4403],[24.8522,59.4403],[24.8535,59.4403],[24.8566,59.4406],[24.8599,59.4411],[24.8612,59.4413],[24.8665,59.4421],[24.8697,59.4426],[24.8719,59.4428],[24.8728,59.4428],[24.874,59.4429],[24.8748,59.4429],[24.8757,59.4429],[24.8763,59.4429],[24.879,59.443],[24.8807,59.4432],[24.8818,59.4433],[24.8829,59.4435],[24.8862,59.4442],[24.8877,59.4445],[24.8881,59.4446],[24.8887,59.4447],[24.8904,59.445],[24.8916,59.4453],[24.8958,59.4461],[24.8966,59.4462],[24.8971,59.4464],[24.898,59.4465],[24.8981,59.4465],[24.8995,59.4468],[24.901,59.4471],[24.9015,59.4472],[24.9039,59.4468],[24.9045,59.4464],[24.9056,59.4458],[24.9066,59.4448],[24.9072,59.4434]],[[24.7879,59.4224],[24.7875,59.4224],[24.7865,59.4224],[24.7853,59.4227],[24.7851,59.4227],[24.7835,59.4231],[24.7821,59.4231],[24.7781,59.4226],[24.775,59.4218],[24.7724,59.4211],[24.7709,59.4207],[24.77,59.4205],[24.7693,59.4203],[24.7687,59.4202],[24.7682,59.42],[24.7677,59.4199],[24.7672,59.4197],[24.7668,59.4196],[24.764,59.4179],[24.7615,59.416],[24.7594,59.4142],[24.7592,59.4141],[24.7589,59.4138],[24.7579,59.4129],[24.7575,59.4125],[24.7555,59.411]],[[24.7516,59.443],[24.7525,59.442],[24.7529,59.4415],[24.7537,59.4409],[24.7539,59.4408],[24.7542,59.4407],[24.7545,59.4406],[24.7547,59.4405],[24.7557,59.4402],[24.7558,59.4402],[24.7571,59.4398],[24.7585,59.4396],[24.7587,59.4396],[24.7589,59.4395],[24.7591,59.4395],[24.7592,59.4395],[24.7594,59.4395],[24.7599,59.4395],[24.7602,59.4395],[24.7611,59.4395],[24.7614,59.4396],[24.762,59.4396],[24.7622,59.4397],[24.7623,59.4397],[24.7631,59.4399],[24.7633,59.4399],[24.7635,59.4399],[24.7637,59.44],[24.7641,59.44],[24.7647,59.4401],[24.7651,59.4402],[24.7673,59.4407],[24.7677,59.4407],[24.7688,59.441],[24.7705,59.4413],[24.7709,59.4414],[24.7712,59.4415],[24.7724,59.4418],[24.7732,59.4419],[24.775,59.4423],[24.7751,59.4423],[24.7753,59.4424],[24.7754,59.4424],[24.7782,59.443],[24.7784,59.4431],[24.7791,59.4432],[24.781,59.4434],[24.7813,59.4434],[24.7815,59.4434],[24.7816,59.4434],[24.7817,59.4434],[24.7832,59.4434],[24.7858,59.4432],[24.7867,59.4431],[24.7894,59.4425],[24.7897,59.4425],[24.7901,59.4424],[24.7934,59.4427],[24.7936,59.4427],[24.794,59.4427],[24.7958,59.4431],[24.796,59.4431],[24.7965,59.4432],[24.7974,59.4433],[24.7975,59.4433],[24.7985,59.4434],[24.7989,59.4434],[24.799,59.4434],[24.7994,59.4434],[24.7995,59.4434],[24.8011,59.4434],[24.8013,59.4434],[24.8029,59.4434],[24.8044,59.4433],[24.805,59.4432],[24.8052,59.4432],[24.8065,59.443],[24.8084,59.4428],[24.8099,59.4428],[24.8121,59.4434],[24.813,59.444],[24.8132,59.4441],[24.8133,59.4442],[24.8142,59.4446],[24.8146,59.4448],[24.8149,59.4448],[24.815,59.4449],[24.816,59.4453],[24.817,59.4456],[24.8174,59.4457],[24.8178,59.4458],[24.8192,59.4463],[24.8193,59.4462],[24.8194,59.4462],[24.8195,59.446],[24.8197,59.4459],[24.8205,59.445],[24.8212,59.4443],[24.8225,59.4429],[24.823,59.4424],[24.8231,59.4423],[24.8239,59.4415],[24.8247,59.4407],[24.825,59.4403],[24.8256,59.4397],[24.8262,59.4391],[24.8267,59.4385],[24.8275,59.4378],[24.8275,59.4377],[24.8276,59.4376],[24.8287,59.4365],[24.8288,59.4364],[24.8306,59.4345],[24.8311,59.4341],[24.8311,59.434],[24.8312,59.4339],[24.8316,59.4334],[24.8321,59.433],[24.8323,59.4327],[24.8324,59.4326],[24.8336,59.4314],[24.834,59.4309],[24.8346,59.4303],[24.8347,59.4302],[24.8352,59.4296],[24.8354,59.4294],[24.8354,59.4293],[24.8355,59.4292]],[[24.8352,59.4291],[24.8351,59.4292],[24.8351,59.4293],[24.835,59.4293],[24.8346,59.43],[24.8345,59.4301],[24.8344,59.4302],[24.8338,59.4309],[24.8334,59.4313],[24.8322,59.4326],[24.8321,59.4327],[24.8313,59.4336],[24.831,59.4338],[24.831,59.4339],[24.8309,59.434],[24.8309,59.4341],[24.8304,59.4345],[24.8287,59.4363],[24.8285,59.4365],[24.8275,59.4376],[24.8274,59.4377],[24.8273,59.4378],[24.8266,59.4383],[24.8259,59.4389],[24.8258,59.439],[24.8252,59.4397],[24.8246,59.4403],[24.8243,59.4406],[24.8236,59.4411],[24.8233,59.4414],[24.8229,59.4418],[24.8227,59.4421],[24.8226,59.4423],[24.8225,59.4423],[24.8212,59.4436],[24.8196,59.4441],[24.8183,59.4443],[24.8182,59.4443],[24.818,59.4448],[24.818,59.4449],[24.8179,59.4452],[24.8178,59.4454],[24.8178,59.4455],[24.8178,59.4456],[24.8178,59.4458]],[[24.7298,59.4031],[24.729,59.403],[24.7284,59.4029],[24.7274,59.4028],[24.7251,59.4025],[24.723,59.4023],[24.7187,59.4026],[24.7178,59.4025],[24.7173,59.4025],[24.7162,59.4024],[24.7155,59.4023],[24.714,59.4024],[24.7129,59.4024],[24.7126,59.4024],[24.7114,59.4025],[24.7111,59.4025],[24.711,59.4025],[24.7109,59.4025],[24.7106,59.4025],[24.7099,59.4026],[24.7089,59.4029],[24.7079,59.4031],[24.7075,59.4033],[24.7073,59.4033],[24.7071,59.4034],[24.7068,59.4035],[24.7063,59.4036],[24.7058,59.4037],[24.7046,59.4041],[24.7044,59.4042],[24.7028,59.4046],[24.7018,59.4049],[24.7012,59.4051],[24.701,59.4051],[24.7008,59.4052],[24.7007,59.4052],[24.7,59.4054],[24.6994,59.4055],[24.6989,59.4056],[24.6982,59.4058],[24.6974,59.406],[24.6972,59.4061],[24.6971,59.4061],[24.6953,59.4065],[24.6947,59.4066],[24.6945,59.4067],[24.6942,59.4068],[24.6933,59.407],[24.6924,59.4071],[24.6922,59.4072],[24.6921,59.4072],[24.6916,59.4073],[24.6907,59.4075],[24.6903,59.4076],[24.6899,59.4076],[24.689,59.4078],[24.6882,59.4079],[24.6879,59.408],[24.6875,59.4081],[24.6871,59.4081],[24.6866,59.4082],[24.686,59.4083],[24.6853,59.4084],[24.6851,59.4084],[24.6849,59.4085],[24.6848,59.4085],[24.6844,59.4086],[24.6839,59.4086],[24.6827,59.4088],[24.6817,59.4089],[24.6815,59.409],[24.6808,59.4091],[24.6797,59.4092],[24.6793,59.4092],[24.6787,59.4093],[24.6785,59.4093],[24.6783,59.4094],[24.6775,59.4095],[24.6767,59.4095],[24.6761,59.4096],[24.6758,59.4096],[24.6752,59.4097],[24.6747,59.4098],[24.6745,59.4098],[24.6742,59.4098],[24.6728,59.41],[24.6725,59.41],[24.6718,59.4101],[24.6708,59.4102],[24.6706,59.4102],[24.6701,59.4103],[24.6694,59.4103],[24.6693,59.4103],[24.6683,59.4105],[24.6676,59.4106],[24.6664,59.4108],[24.666,59.4108],[24.6651,59.4108],[24.665,59.4108],[24.6648,59.4108],[24.6647,59.4109],[24.6645,59.411],[24.6641,59.4112],[24.6636,59.4115],[24.663,59.4118],[24.6624,59.4121],[24.662,59.4123],[24.6617,59.4125],[24.6615,59.4126],[24.6613,59.4127],[24.66,59.4135],[24.6598,59.4136],[24.659,59.4141],[24.6582,59.4146],[24.658,59.4148],[24.6572,59.4154],[24.6569,59.4157],[24.6567,59.4159],[24.6566,59.416],[24.6564,59.4162],[24.6556,59.4168],[24.6548,59.4174],[24.6544,59.4177],[24.654,59.418],[24.6535,59.4184],[24.6517,59.4197],[24.6509,59.4203],[24.6504,59.4207],[24.6499,59.421],[24.6498,59.4211],[24.6497,59.4212],[24.6482,59.4223],[24.6478,59.4227],[24.6477,59.4227],[24.6476,59.4228],[24.6473,59.4231],[24.6472,59.4233],[24.6472,59.4234],[24.6472,59.4235],[24.6471,59.4235],[24.6471,59.4236],[24.6469,59.4237],[24.6467,59.4237],[24.6457,59.4235],[24.6456,59.4234],[24.6457,59.4233],[24.6458,59.4231],[24.6458,59.423],[24.6459,59.423],[24.646,59.4229],[24.6462,59.4228],[24.6472,59.4227],[24.6474,59.4226],[24.6475,59.4226],[24.6476,59.4225],[24.6482,59.4221],[24.6496,59.4211],[24.6497,59.421],[24.6498,59.4209],[24.6542,59.4176],[24.6553,59.4169],[24.6558,59.4165],[24.6561,59.4162],[24.6564,59.4158],[24.6565,59.4157],[24.657,59.4153],[24.6595,59.4135],[24.6602,59.4131],[24.6609,59.4127],[24.6613,59.4125],[24.6614,59.4125],[24.6617,59.4123],[24.6626,59.4118],[24.6628,59.4117],[24.6633,59.4114],[24.6641,59.411],[24.6643,59.4108],[24.6644,59.4108],[24.6645,59.4107],[24.6646,59.4107],[24.6648,59.4106],[24.665,59.4106],[24.6661,59.4106],[24.6676,59.4105],[24.6682,59.4104],[24.6684,59.4103],[24.669,59.4103],[24.6697,59.4102],[24.6706,59.4101],[24.6707,59.4101],[24.6718,59.41],[24.6727,59.4099],[24.6735,59.4098],[24.674,59.4097],[24.6745,59.4097],[24.6748,59.4096],[24.6755,59.4096],[24.6767,59.4095],[24.6775,59.4094],[24.6781,59.4093],[24.6784,59.4093],[24.6787,59.4092],[24.6798,59.4091],[24.6807,59.409],[24.6814,59.4089],[24.6817,59.4088],[24.6826,59.4087],[24.6838,59.4085],[24.6843,59.4085],[24.6847,59.4084],[24.6848,59.4084],[24.685,59.4083],[24.6852,59.4083],[24.6855,59.4083],[24.6864,59.4081],[24.6878,59.4079],[24.6883,59.4078],[24.6891,59.4077],[24.6893,59.4077],[24.69,59.4075],[24.6903,59.4075],[24.6914,59.4072],[24.692,59.4071],[24.6921,59.4071],[24.6923,59.4071],[24.6932,59.4069],[24.6941,59.4067],[24.6944,59.4066],[24.6963,59.4062],[24.697,59.406],[24.6971,59.406],[24.6974,59.4059],[24.6986,59.4056],[24.6993,59.4054],[24.7005,59.4051],[24.7007,59.405],[24.7009,59.405],[24.7011,59.4049],[24.7015,59.4048],[24.7043,59.404],[24.7044,59.404],[24.7056,59.4036],[24.707,59.4032],[24.7072,59.4032],[24.7074,59.4031],[24.7079,59.403],[24.7085,59.4028],[24.709,59.4027],[24.7093,59.4026],[24.7098,59.4024],[24.7105,59.4023],[24.7107,59.4023],[24.7108,59.4023],[24.7109,59.4023],[24.7112,59.4023],[24.7116,59.4023],[24.7124,59.4022],[24.7156,59.4022],[24.716,59.4022],[24.7174,59.4024],[24.7178,59.4024],[24.7182,59.4024],[24.7189,59.4024],[24.7206,59.4023],[24.7239,59.4023],[24.7251,59.4024],[24.7273,59.4027],[24.7289,59.4029],[24.7298,59.403]],[[24.7629,59.4327],[24.7628,59.4326],[24.7626,59.4324],[24.7621,59.4321],[24.7612,59.4314],[24.7611,59.4313],[24.761,59.4313],[24.7604,59.4309],[24.7603,59.4309],[24.7594,59.4304],[24.7593,59.4304],[24.7581,59.4299],[24.7572,59.4296],[24.757,59.4296],[24.7568,59.4295],[24.7559,59.4293],[24.7549,59.4291],[24.7543,59.429],[24.7542,59.429],[24.7538,59.429],[24.7535,59.4289],[24.753,59.4288],[24.7517,59.4286],[24.7505,59.4284],[24.7504,59.4284],[24.7482,59.4281],[24.7479,59.428],[24.7455,59.4276],[24.7447,59.4275],[24.7443,59.4274],[24.7437,59.4273],[24.7429,59.4273],[24.7428,59.4273],[24.7427,59.4273],[24.7425,59.4273],[24.7424,59.4273],[24.7422,59.4273],[24.7405,59.4272],[24.7407,59.4272],[24.7422,59.4272],[24.7424,59.4272],[24.7425,59.4272],[24.7427,59.4272],[24.7428,59.4272],[24.7429,59.4272],[24.7432,59.4272],[24.7447,59.4274],[24.7451,59.4275],[24.7468,59.4278],[24.7478,59.4279],[24.7479,59.4279],[24.7482,59.428],[24.7492,59.4281],[24.7505,59.4283],[24.7509,59.4284],[24.7538,59.4289],[24.754,59.4289],[24.7554,59.4291],[24.7556,59.4292],[24.757,59.4295],[24.7571,59.4295],[24.7573,59.4296],[24.7577,59.4297],[24.7579,59.4297],[24.7593,59.4303],[24.7594,59.4303],[24.7595,59.4304],[24.7604,59.4308],[24.7607,59.4309],[24.7611,59.4312],[24.7612,59.4312],[24.7613,59.4313],[24.7623,59.432],[24.7627,59.4324],[24.763,59.4326],[24.7631,59.4327],[24.7632,59.4328],[24.763,59.4328]],[[26.0289,57.7809],[26.0291,57.781],[26.0321,57.7819],[26.0325,57.782],[26.0348,57.7827],[26.0352,57.7828],[26.0367,57.7833],[26.037,57.7834],[26.0382,57.7837],[26.0397,57.7842],[26.0409,57.7847],[26.0413,57.7849],[26.0438,57.7864],[26.0439,57.7864],[26.0444,57.7867],[26.0459,57.7876],[26.0465,57.7879],[26.0466,57.788],[26.0468,57.7881],[26.0473,57.7883],[26.0474,57.7883],[26.0476,57.7885],[26.0477,57.7885],[26.0479,57.7885],[26.0479,57.7886],[26.048,57.7888],[26.0482,57.7889],[26.0486,57.7892],[26.0488,57.7893],[26.0489,57.7893],[26.0491,57.7894],[26.0493,57.7895],[26.0496,57.7897],[26.0498,57.7898],[26.0504,57.7901]],[[24.7531,59.4432],[24.753,59.4429],[24.753,59.4428],[24.7529,59.4426],[24.753,59.4419],[24.7532,59.4416],[24.7535,59.4413],[24.7539,59.4411],[24.7544,59.441],[24.7549,59.4409],[24.7553,59.4408],[24.7557,59.4408],[24.7561,59.4407],[24.7572,59.4405],[24.7575,59.4404],[24.7577,59.4404],[24.7578,59.4404],[24.7596,59.44],[24.7598,59.44],[24.7605,59.4399],[24.7607,59.4398],[24.7616,59.4398],[24.7619,59.4399],[24.7628,59.44],[24.763,59.44],[24.7631,59.4401],[24.7634,59.4401],[24.7636,59.4402],[24.7638,59.4402],[24.7655,59.4405],[24.7661,59.4405],[24.7668,59.4407],[24.7676,59.4408],[24.7691,59.4411],[24.7704,59.4414],[24.7705,59.4414],[24.7708,59.4415],[24.7711,59.4416],[24.7715,59.4417],[24.7743,59.4423],[24.7745,59.4423],[24.7749,59.4424],[24.775,59.4424],[24.7752,59.4425],[24.7753,59.4425],[24.7764,59.4427],[24.7769,59.4428],[24.7781,59.4431],[24.779,59.4433],[24.7795,59.4434],[24.7808,59.4436],[24.781,59.4436],[24.7812,59.4436],[24.7814,59.4436],[24.7816,59.4436],[24.7817,59.4436],[24.7828,59.4436],[24.7831,59.4436],[24.7835,59.4435],[24.7858,59.4433],[24.7881,59.4429],[24.7893,59.4427],[24.7895,59.4427],[24.7907,59.4426],[24.7933,59.4428],[24.7945,59.4431],[24.7955,59.4432],[24.7959,59.4432],[24.7973,59.4433],[24.7975,59.4433],[24.7985,59.4434],[24.7989,59.4434],[24.799,59.4435],[24.8011,59.4435],[24.8013,59.4435],[24.803,59.4435],[24.8044,59.4434],[24.805,59.4433],[24.8052,59.4433],[24.8066,59.4431],[24.809,59.4428],[24.8116,59.4433],[24.8129,59.4441],[24.8139,59.4446],[24.8145,59.4448],[24.8148,59.4449],[24.8149,59.445],[24.8169,59.4456],[24.8173,59.4458],[24.818,59.446],[24.819,59.4463],[24.8192,59.4463]],[[24.7872,59.4328],[24.7922,59.4346],[24.7957,59.4352],[24.7969,59.4352],[24.7975,59.4352],[24.7981,59.4352],[24.799,59.4351],[24.8022,59.435],[24.8048,59.4352],[24.8067,59.4357],[24.8077,59.436],[24.8113,59.437],[24.8152,59.438],[24.8173,59.4386],[24.8188,59.439],[24.8207,59.4393],[24.8252,59.4396],[24.8291,59.4397],[24.83,59.4398],[24.8313,59.4398],[24.833,59.4399],[24.8376,59.4401],[24.842,59.4403],[24.8433,59.4403],[24.8461,59.4404],[24.8483,59.4405],[24.8504,59.4406],[24.852,59.4405],[24.8527,59.4405],[24.8549,59.4407],[24.8566,59.4409],[24.8591,59.4413],[24.8616,59.4416],[24.8629,59.4418],[24.8637,59.4419],[24.8663,59.4423],[24.8677,59.4425],[24.8696,59.4428],[24.873,59.4431],[24.8744,59.4431],[24.8749,59.4432],[24.877,59.4432],[24.8797,59.4433],[24.8805,59.4434],[24.8816,59.4435],[24.8828,59.4437],[24.8867,59.4445],[24.8885,59.4449],[24.8917,59.4455],[24.896,59.4464],[24.8965,59.4465],[24.8967,59.4465],[24.897,59.4466],[24.8977,59.4467],[24.8979,59.4468],[24.8995,59.4471],[24.9009,59.4473],[24.9015,59.4474],[24.9032,59.4472],[24.9044,59.4467],[24.9061,59.4457],[24.9071,59.4442],[24.9072,59.4439],[24.908,59.4435]],[[25.4288,58.808],[25.4288,58.8079],[25.4287,58.8078]],[[26.0503,57.7902],[26.0497,57.7898],[26.0495,57.7897],[26.049,57.7894],[26.0488,57.7893],[26.0486,57.7892],[26.0481,57.7889],[26.0479,57.7888],[26.0477,57.7886],[26.0477,57.7885]],[[25.4284,58.8081],[25.4285,58.8081]],[[25.4284,58.8078],[25.4283,58.8079]],[[25.4287,58.7853],[25.4286,58.7855],[25.4281,58.7857],[25.4279,58.7858]],[[26.3498,59.3258],[26.3501,59.326],[26.3501,59.3262],[26.35,59.3263],[26.3496,59.3264],[26.3494,59.3263],[26.3491,59.3262],[26.3491,59.326],[26.3495,59.3258],[26.3498,59.3258]],[[26.3394,59.349],[26.3395,59.3491],[26.3394,59.3492],[26.3391,59.3491],[26.3392,59.349],[26.3394,59.349]],[[26.1263,59.3457],[26.1264,59.3455],[26.1269,59.3456],[26.1268,59.3458],[26.1263,59.3457]],[[26.335,59.3575],[26.3352,59.3575],[26.3351,59.3578],[26.3349,59.3578],[26.3347,59.3577],[26.3347,59.3576],[26.335,59.3575]],[[25.5703,58.8942],[25.5697,58.8945],[25.5695,58.8944],[25.5692,58.8941],[25.5694,58.8939],[25.5695,58.8939],[25.5699,58.8939],[25.5701,58.8939],[25.5703,58.8942]],[[25.5861,58.3633],[25.5862,58.3633],[25.5862,58.3634],[25.5859,58.3635],[25.5858,58.3634],[25.5859,58.3633],[25.5861,58.3633]],[[24.7322,59.4283],[24.7318,59.4283],[24.7317,59.4284],[24.731,59.4286],[24.7306,59.4287]],[[26.3386,59.3516],[26.3382,59.3515],[26.3381,59.3514],[26.3384,59.3512],[26.3387,59.3513],[26.3388,59.3515],[26.3386,59.3516]],[[26.303,58.3312],[26.3028,58.3313],[26.3025,58.3313],[26.3023,58.3312],[26.3026,58.331],[26.3027,58.331],[26.303,58.3311],[26.303,58.3312]],[[25.3594,58.1262],[25.3592,58.1262],[25.3589,58.1261],[25.359,58.1259],[25.3592,58.1258],[25.3593,58.1258],[25.3595,58.1259],[25.3595,58.1261],[25.3594,58.1262]],[[24.7405,59.4272],[24.7393,59.4273],[24.7382,59.4274],[24.738,59.4274],[24.7361,59.4277],[24.736,59.4277],[24.7358,59.4277],[24.735,59.4278],[24.7349,59.4278],[24.7346,59.4279],[24.7332,59.4281],[24.7322,59.4283]],[[23.5825,58.9411],[23.5828,58.9412],[23.5827,58.9413],[23.5825,58.9413],[23.5824,58.9413],[23.5825,58.9411]],[[23.5345,58.9392],[23.5346,58.9392],[23.5348,58.9392],[23.5349,58.9394],[23.5347,58.9394],[23.5346,58.9394],[23.5345,58.9393],[23.5345,58.9392]],[[25.4786,58.8477],[25.4783,58.8476],[25.4783,58.8474],[25.4786,58.8473],[25.4787,58.8473],[25.479,58.8474],[25.479,58.8476],[25.4786,58.8477]],[[23.5697,58.9372],[23.5697,58.9373],[23.5695,58.9373],[23.5694,58.9372],[23.5697,58.9372]],[[23.5742,58.9382],[23.5741,58.9384],[23.5737,58.9383],[23.5738,58.9381],[23.5739,58.9381],[23.5741,58.9381],[23.5742,58.9382]],[[26.3422,59.34],[26.3424,59.3398],[26.3429,59.3398],[26.343,59.3399],[26.3429,59.3401],[26.3428,59.3402],[26.3425,59.3402],[26.3422,59.34]],[[26.404,59.3321],[26.4042,59.3321],[26.4044,59.3322],[26.4044,59.3323],[26.4042,59.3324],[26.404,59.3324],[26.4038,59.3323],[26.4038,59.3322],[26.404,59.3321]],[[26.3705,59.3207],[26.3705,59.3205],[26.3707,59.3204],[26.3712,59.3205],[26.3712,59.3207],[26.3709,59.3208],[26.3705,59.3207]],[[25.6342,58.3627],[25.6342,58.3626],[25.6345,58.3624],[25.6352,58.3626],[25.635,58.3628],[25.6342,58.3627]],[[26.6717,58.3653],[26.6714,58.3653],[26.6714,58.3652],[26.6715,58.3651],[26.6716,58.365],[26.6718,58.3651],[26.6719,58.3651],[26.6717,58.3653]],[[24.6467,59.4229],[24.6472,59.423],[24.6473,59.4231]],[[26.3959,59.3554],[26.396,59.3556],[26.3959,59.3557],[26.3957,59.3558],[26.3952,59.3557],[26.3951,59.3557],[26.3952,59.3555],[26.3956,59.3554],[26.3959,59.3554]],[[25.5184,58.8801],[25.518,58.8802],[25.5179,58.88],[25.518,58.8799],[25.5183,58.8799],[25.5185,58.8801],[25.5184,58.8801]],[[25.5586,58.3555],[25.5592,58.3555],[25.5592,58.3558],[25.5586,58.3558],[25.5585,58.3557],[25.5586,58.3555]],[[25.5833,58.3627],[25.5832,58.3625],[25.5834,58.3625],[25.5834,58.3626],[25.5833,58.3627]],[[25.5599,58.0983],[25.5599,58.0982],[25.5602,58.0981],[25.5603,58.0982],[25.5602,58.0984],[25.5599,58.0983]],[[22.4995,58.2587],[22.4992,58.2587],[22.4994,58.2586],[22.4996,58.2587],[22.4995,58.2587]],[[22.5065,58.2621],[22.5063,58.2621],[22.5061,58.262],[22.506,58.262],[22.5059,58.2619],[22.5057,58.2618],[22.5053,58.2615],[22.5056,58.2617],[22.5058,58.2617],[22.506,58.2618],[22.5063,58.2619],[22.5061,58.262]],[[22.5059,58.2619],[22.506,58.2618]],[[24.6462,59.4228],[24.6467,59.4229]],[[22.5063,58.2619],[22.5064,58.262],[22.5065,58.2621]],[[26.0468,57.7881],[26.0475,57.7883],[26.0477,57.7884],[26.0476,57.7885]],[[25.547,58.1052],[25.5468,58.1051],[25.5471,58.105],[25.5471,58.1052],[25.547,58.1052]],[[25.5917,58.3631],[25.5917,58.3632],[25.5915,58.3633],[25.5914,58.3632],[25.5915,58.3631],[25.5916,58.3631],[25.5917,58.3631]],[[26.0478,57.7884],[26.0479,57.7884],[26.0479,57.7885]],[[25.5958,58.3635],[25.5959,58.3635],[25.596,58.3636],[25.5958,58.3637],[25.5956,58.3636],[25.5957,58.3635],[25.5958,58.3635]],[[25.6096,58.3671],[25.6098,58.3671],[25.6098,58.3672],[25.6097,58.3672],[25.6096,58.3672],[25.6095,58.3672],[25.6096,58.3671]],[[26.0477,57.7884],[26.0478,57.7884]],[[24.6007,58.2897],[24.6007,58.2898],[24.6005,58.2899],[24.6004,58.2899],[24.6002,58.2898],[24.6002,58.2897],[24.6005,58.2896],[24.6007,58.2897]],[[26.431,59.3655],[26.431,59.3654],[26.4312,59.3653],[26.4315,59.3653],[26.4315,59.3654],[26.4315,59.3655],[26.4313,59.3656],[26.4311,59.3655],[26.431,59.3655]]]},"properties":{"fclass":"primary","ref":""}},
{"type":"Feature","geometry":{"type":"MultiLineString","coordinates":[[[27.4104,59.3578],[27.4102,59.358],[27.4085,59.3589],[27.4082,59.3591],[27.408,59.3592],[27.4058,59.3603],[27.4056,59.3604],[27.4055,59.3605],[27.4045,59.3611],[27.4032,59.3618],[27.4031,59.3619],[27.4029,59.362],[27.4024,59.3622],[27.4015,59.3627],[27.4008,59.3631],[27.4007,59.3631],[27.3994,59.364],[27.3991,59.3642],[27.399,59.3643],[27.3985,59.3646],[27.3983,59.3647],[27.3976,59.3651],[27.3968,59.3655],[27.3965,59.3657],[27.3962,59.3659],[27.3958,59.366],[27.3954,59.3662],[27.3949,59.3664],[27.3947,59.3666],[27.3946,59.3667]],[[26.7263,58.3869],[26.7267,58.3873],[26.727,58.3875],[26.7269,58.387],[26.7269,58.3869],[26.7268,58.3867]],[[26.7261,58.3864],[26.7264,58.3862],[26.7263,58.3853],[26.7262,58.3849],[26.7265,58.3841],[26.7273,58.3831],[26.7274,58.3831],[26.7281,58.3821],[26.7286,58.3815],[26.7288,58.3814],[26.7292,58.3811],[26.7293,58.3809],[26.7298,58.3806],[26.73,58.3804],[26.7306,58.3798],[26.7305,58.3796],[26.7304,58.3792],[26.7304,58.3791],[26.7302,58.3786],[26.7298,58.3783],[26.7295,58.3781],[26.7292,58.3779],[26.7291,58.3779],[26.729,58.3779],[26.7284,58.3776],[26.7279,58.3773],[26.7276,58.3772],[26.7273,58.3771],[26.7268,58.3768],[26.7263,58.3765],[26.7261,58.3765],[26.726,58.3764],[26.7242,58.3749],[26.7231,58.3742],[26.723,58.3742],[26.723,58.3741],[26.7228,58.3741],[26.7221,58.3738],[26.7206,58.3731],[26.7204,58.373],[26.7195,58.3727],[26.7173,58.3718],[26.7172,58.3718],[26.7166,58.3715],[26.7158,58.3712],[26.7157,58.3712],[26.7153,58.371],[26.715,58.3709],[26.7148,58.3708],[26.7146,58.3707],[26.7135,58.3703],[26.7133,58.3702],[26.7133,58.3701],[26.7132,58.3701],[26.713,58.37],[26.7127,58.3699],[26.7123,58.3698],[26.7119,58.3696],[26.7116,58.3695],[26.7114,58.3694],[26.7106,58.3691],[26.7097,58.3687],[26.7093,58.3686],[26.707,58.3676],[26.7069,58.3676],[26.7039,58.3663],[26.7037,58.3663],[26.7035,58.3662],[26.7017,58.3654],[26.7016,58.3654],[26.7014,58.3653],[26.7008,58.3651],[26.7004,58.3649],[26.6992,58.3644],[26.6984,58.3641],[26.6982,58.364],[26.698,58.364],[26.6972,58.3637],[26.6964,58.3635],[26.6947,58.3629],[26.693,58.3623],[26.6918,58.3619],[26.6911,58.3616],[26.691,58.3616],[26.6899,58.3611],[26.6888,58.3606],[26.6885,58.3604],[26.6883,58.3603],[26.6864,58.3595],[26.6859,58.3593],[26.6841,58.3584],[26.6838,58.3582],[26.683,58.3577],[26.6829,58.3576],[26.6828,58.3575],[26.6827,58.3573]],[[26.7266,58.3864],[26.7266,58.3862],[26.7267,58.3862],[26.7265,58.3854],[26.7264,58.3853],[26.7264,58.3849],[26.7264,58.3846],[26.7266,58.3843],[26.7266,58.3842],[26.7275,58.3832],[26.7275,58.3831],[26.7277,58.3829],[26.7283,58.3822],[26.7285,58.3821],[26.729,58.3816],[26.7291,58.3816],[26.7294,58.3814],[26.7302,58.3807],[26.7304,58.3805],[26.7305,58.3804],[26.7306,58.3803],[26.7306,58.3798]],[[27.4163,59.3543],[27.4158,59.3547],[27.4151,59.3551],[27.4123,59.3568],[27.4106,59.3576]],[[27.3869,59.3696],[27.3894,59.3684],[27.3906,59.3673],[27.3927,59.3668],[27.3935,59.3666],[27.3938,59.3666]],[[27.411,59.3577],[27.4124,59.3568],[27.4153,59.3552],[27.4167,59.3544]],[[27.4108,59.3579],[27.4104,59.358],[27.4098,59.3583],[27.4087,59.3589],[27.4084,59.3591],[27.4082,59.3592],[27.4069,59.3599],[27.406,59.3604],[27.4058,59.3605],[27.4056,59.3606],[27.4047,59.3611],[27.4042,59.3614],[27.4033,59.3619],[27.4032,59.3619],[27.403,59.362],[27.401,59.3631],[27.4009,59.3632],[27.3995,59.364],[27.3994,59.364]],[[27.4163,59.3543],[27.4159,59.3539],[27.4158,59.3537],[27.4155,59.3534],[27.4153,59.3533],[27.4146,59.3527],[27.4142,59.3523],[27.4139,59.3521],[27.4134,59.3522],[27.4132,59.3523],[27.4129,59.3524],[27.4124,59.3526],[27.4118,59.3528],[27.4109,59.3531],[27.4105,59.3531],[27.41,59.3528],[27.4096,59.3524],[27.4096,59.3523],[27.4094,59.352],[27.4093,59.3519],[27.4093,59.3518],[27.4092,59.3518],[27.4091,59.3516],[27.4091,59.3515],[27.409,59.3513],[27.4088,59.3511],[27.4087,59.3508],[27.4086,59.3508],[27.4084,59.3504],[27.4083,59.3502],[27.4081,59.3499],[27.408,59.3497],[27.4079,59.3495],[27.4077,59.3492],[27.4075,59.3488],[27.4074,59.3486],[27.4073,59.3484],[27.4072,59.3483],[27.4071,59.3482],[27.4069,59.3478],[27.4068,59.3476],[27.4066,59.3473],[27.4048,59.3447],[27.4037,59.3424],[27.4032,59.34],[27.403,59.3391],[27.4029,59.3385],[27.4029,59.3384],[27.4029,59.3381],[27.4029,59.338],[27.4029,59.3373],[27.403,59.3364],[27.403,59.336],[27.403,59.3355],[27.4031,59.3348],[27.4029,59.3355],[27.4028,59.3363],[27.4028,59.3368],[27.4027,59.3378],[27.4027,59.338],[27.4027,59.3381],[27.4028,59.3382],[27.4028,59.3385],[27.403,59.3392],[27.4032,59.34]],[[27.4166,59.3541],[27.4158,59.3537]],[[26.163,58.0115],[26.1632,58.0126],[26.1631,58.0139],[26.1624,58.0165],[26.1624,58.0175],[26.1631,58.0188],[26.1668,58.0226],[26.1697,58.0254],[26.1735,58.0292],[26.174,58.0297],[26.1779,58.0334],[26.1814,58.0359],[26.1817,58.0361],[26.1833,58.0374],[26.1856,58.0398],[26.1876,58.0417],[26.1913,58.0445],[26.1924,58.0458],[26.1927,58.0467],[26.1929,58.0519],[26.1931,58.053],[26.1933,58.054],[26.1934,58.0542],[26.1935,58.0546],[26.1936,58.0547],[26.1938,58.0552],[26.1938,58.0553],[26.1943,58.0562],[26.195,58.0573],[26.199,58.0626],[26.1991,58.0626],[26.2022,58.0668],[26.2031,58.0687],[26.2043,58.0716],[26.2048,58.0728],[26.2049,58.0731],[26.2051,58.0735],[26.2054,58.0742],[26.2055,58.0745],[26.2061,58.0759],[26.208,58.0803],[26.2085,58.0816],[26.2086,58.0818],[26.2088,58.0821],[26.2093,58.0832],[26.2106,58.0849],[26.2117,58.0859],[26.2139,58.0872],[26.216,58.088],[26.2183,58.0888],[26.2201,58.0893],[26.2215,58.0897],[26.2232,58.0905],[26.2256,58.0926],[26.2259,58.0929],[26.2265,58.0936],[26.2267,58.094],[26.227,58.0943],[26.2287,58.0965],[26.2317,58.1001],[26.2339,58.1028],[26.2351,58.1044],[26.2386,58.1087],[26.2396,58.11],[26.24,58.1115],[26.2393,58.1162],[26.2396,58.118],[26.2397,58.1182],[26.2425,58.1227],[26.2434,58.1241],[26.2443,58.1275],[26.2444,58.1287],[26.245,58.1322],[26.2457,58.1342],[26.2457,58.1344],[26.2459,58.1351],[26.2464,58.1367],[26.2467,58.1374],[26.2467,58.1376],[26.2474,58.1398],[26.2474,58.1413],[26.2473,58.1416],[26.2473,58.1418],[26.2473,58.1419],[26.2473,58.142],[26.2475,58.1424],[26.2476,58.1425],[26.2478,58.1427],[26.2481,58.1429],[26.2484,58.1431],[26.2491,58.1435],[26.2513,58.1447],[26.2517,58.1449],[26.2538,58.1459],[26.2542,58.1462],[26.2574,58.1481],[26.2588,58.1491],[26.2596,58.1496],[26.2602,58.1499],[26.2611,58.1503],[26.2614,58.1504],[26.2628,58.1509],[26.2684,58.1521],[26.2691,58.1522],[26.2785,58.1537],[26.2805,58.1541],[26.2824,58.1546],[26.2894,58.1568],[26.2926,58.1575],[26.2977,58.1585],[26.3004,58.1589],[26.304,58.1599],[26.3054,58.1608],[26.3068,58.1624],[26.3071,58.1627],[26.3084,58.1642],[26.3099,58.1651],[26.3119,58.1659],[26.3133,58.1665],[26.3138,58.1667],[26.3166,58.1678],[26.3178,58.1682],[26.3181,58.1683],[26.3187,58.1685],[26.3193,58.1686],[26.32,58.1689],[26.3208,58.1691],[26.3213,58.1693],[26.3215,58.1693],[26.3226,58.1697],[26.3244,58.1703],[26.3264,58.1709],[26.3281,58.1714],[26.3296,58.1718],[26.331,58.1724],[26.3323,58.173],[26.3325,58.1731],[26.3337,58.1738],[26.3346,58.1744],[26.3355,58.1752],[26.3391,58.1786],[26.3397,58.1791],[26.3426,58.1817],[26.3432,58.1823],[26.3436,58.1827],[26.3442,58.1832],[26.3475,58.1863],[26.3476,58.1864],[26.3481,58.1869],[26.3483,58.1871],[26.3493,58.1881],[26.3494,58.1882],[26.3496,58.1885],[26.3509,58.1914],[26.3523,58.1956],[26.3523,58.1957],[26.3537,58.1986],[26.357,58.2037],[26.3622,58.2116],[26.3656,58.2167],[26.3658,58.2171],[26.3662,58.2177],[26.3665,58.2181],[26.3668,58.2186],[26.3672,58.2192],[26.3678,58.2202],[26.368,58.2205],[26.3684,58.2211],[26.3717,58.2261],[26.3733,58.2281],[26.3756,58.2302],[26.3774,58.2315],[26.3807,58.2333],[26.3848,58.235],[26.4002,58.2403],[26.4033,58.2414],[26.4061,58.2423],[26.4067,58.2425],[26.4107,58.2439],[26.4142,58.2451],[26.4158,58.2455],[26.4202,58.2467],[26.428,58.248],[26.4364,58.2491],[26.4389,58.2495],[26.4523,58.2513],[26.4531,58.2515],[26.4555,58.252],[26.4565,58.2522],[26.4576,58.2525],[26.4588,58.2528],[26.4615,58.2535],[26.4622,58.2537],[26.4616,58.2534],[26.4599,58.253],[26.4589,58.2527],[26.4575,58.2524],[26.4556,58.252],[26.4532,58.2515],[26.4523,58.2513]],[[27.3937,59.3668],[27.3935,59.3667],[27.3927,59.3668]],[[27.3944,59.3665],[27.3946,59.3665],[27.3949,59.3664]],[[26.6821,58.3571],[26.682,58.3571],[26.6819,58.357],[26.6817,58.3569],[26.6818,58.3569],[26.6818,58.357],[26.682,58.3571],[26.6821,58.3571]],[[26.6817,58.3574],[26.6817,58.3571],[26.6816,58.357],[26.6816,58.3569],[26.6817,58.357],[26.6817,58.3571],[26.6818,58.3572]],[[26.6824,58.3576],[26.6825,58.3576],[26.6826,58.3577],[26.6828,58.3578],[26.6827,58.3577],[26.6826,58.3576],[26.6825,58.3576],[26.6825,58.3575],[26.6823,58.3575]],[[24.8921,59.44],[24.8968,59.441]],[[26.6826,58.3574],[26.6827,58.3576],[26.6828,58.3576],[26.683,58.3577]],[[26.6786,58.3542],[26.6786,58.3543],[26.6788,58.3545],[26.6786,58.3543],[26.6785,58.3542]],[[26.6784,58.3543],[26.6785,58.3543],[26.6786,58.3545],[26.6784,58.3544],[26.6783,58.3543],[26.6782,58.3543]],[[26.678,58.3539],[26.6777,58.3536],[26.6782,58.3538]],[[26.6778,58.354],[26.6776,58.3537],[26.6768,58.3531],[26.6749,58.3517],[26.6743,58.3514],[26.6699,58.3485],[26.6693,58.3482],[26.6684,58.3477],[26.6683,58.3476],[26.6682,58.3475],[26.667,58.3469],[26.6664,58.3465],[26.6651,58.3458],[26.6648,58.3456],[26.6639,58.3451],[26.6636,58.3449],[26.6634,58.3448],[26.6618,58.3439],[26.6611,58.3435],[26.6607,58.3434],[26.6587,58.3422],[26.6566,58.341],[26.6563,58.3409],[26.6555,58.3405],[26.6554,58.3404],[26.6545,58.3399],[26.6543,58.3398],[26.6527,58.3388],[26.6523,58.3385],[26.6521,58.3384],[26.6494,58.3361],[26.649,58.3357],[26.6478,58.334],[26.6473,58.3333],[26.6464,58.3318],[26.645,58.3298],[26.6444,58.3292],[26.6435,58.3283],[26.6425,58.3275],[26.6414,58.3267],[26.6392,58.3255],[26.6414,58.3266],[26.6426,58.3274],[26.6434,58.3281],[26.6436,58.3283],[26.6445,58.3292],[26.645,58.3298]],[[26.6777,58.354],[26.6776,58.3537]],[[26.1627,58.0098],[26.1627,58.0097],[26.1625,58.0087],[26.1623,58.0073],[26.1624,58.0062],[26.163,58.0043],[26.1646,58.0022],[26.1672,57.9995],[26.1691,57.9982],[26.1704,57.9971],[26.1711,57.9945],[26.1709,57.9919],[26.1711,57.9911],[26.1732,57.9886],[26.1737,57.9876],[26.1738,57.9873],[26.1739,57.9862],[26.1741,57.9839],[26.1739,57.9827],[26.1735,57.9818],[26.1713,57.9791],[26.1687,57.9762],[26.168,57.975],[26.1674,57.9732],[26.1674,57.9719],[26.1681,57.9701],[26.1675,57.9682],[26.1673,57.9676],[26.1673,57.9674],[26.1663,57.9645],[26.1656,57.9637],[26.1629,57.9618],[26.1621,57.9609],[26.1618,57.9601],[26.1627,57.955],[26.1633,57.9537],[26.1654,57.9511],[26.168,57.9486],[26.1686,57.9477],[26.1687,57.9451],[26.1685,57.9424],[26.1684,57.9418],[26.1684,57.9406],[26.1694,57.9379],[26.171,57.9343],[26.1721,57.9326],[26.1723,57.9324],[26.1728,57.9316],[26.1747,57.9287],[26.1751,57.9278],[26.1756,57.9267],[26.1758,57.9262],[26.1771,57.9248],[26.1782,57.924],[26.1782,57.9239],[26.1792,57.9231],[26.1793,57.923],[26.18,57.9225],[26.1817,57.921],[26.1823,57.9196],[26.1824,57.9183],[26.1823,57.917],[26.1816,57.9139],[26.1817,57.9132],[26.1825,57.9109],[26.1828,57.9102],[26.183,57.9097],[26.1831,57.9095],[26.1832,57.9084],[26.1827,57.9075],[26.1826,57.9074],[26.1825,57.9073],[26.1806,57.9064],[26.1788,57.9059],[26.175,57.9044],[26.1725,57.9027],[26.1684,57.8987],[26.1675,57.8976],[26.1658,57.8943],[26.1656,57.8934],[26.1654,57.8886],[26.165,57.8858],[26.1644,57.8839],[26.1634,57.8822],[26.1628,57.8812],[26.1615,57.8795],[26.1577,57.8761],[26.1505,57.8706],[26.1483,57.8685],[26.1456,57.8653],[26.1425,57.8614],[26.1412,57.8599],[26.1411,57.8598],[26.1375,57.8557],[26.1374,57.8556],[26.1352,57.8532],[26.1334,57.8512],[26.1333,57.851],[26.1328,57.8505],[26.1318,57.8494],[26.1299,57.8472],[26.129,57.8462],[26.1283,57.8452],[26.127,57.8424],[26.1261,57.8394],[26.1256,57.8378],[26.1253,57.8372],[26.1242,57.8348],[26.1233,57.8335],[26.1215,57.8318],[26.1184,57.8301],[26.1128,57.8278],[26.1125,57.8277],[26.1053,57.8249],[26.1047,57.8247],[26.1035,57.824],[26.095,57.8184],[26.0917,57.816],[26.0911,57.8156],[26.0892,57.8143],[26.0835,57.8102],[26.0738,57.8032],[26.0698,57.8003],[26.0677,57.7991],[26.0657,57.798],[26.0643,57.7974],[26.0619,57.7962],[26.0611,57.7958],[26.057,57.794],[26.0569,57.7939],[26.0561,57.7934],[26.0557,57.7931],[26.0545,57.7923],[26.0534,57.7917],[26.0523,57.7912],[26.0515,57.7907],[26.0505,57.7903],[26.0503,57.7902],[26.0497,57.7905],[26.05,57.7903],[26.0503,57.7902],[26.0504,57.7901],[26.0506,57.7902],[26.0515,57.7907]],[[26.7947,58.6526],[26.795,58.6551],[26.795,58.6554],[26.7949,58.656],[26.7949,58.6564],[26.7947,58.657],[26.7946,58.6578],[26.7947,58.6576],[26.7948,58.6571],[26.7949,58.6569],[26.7949,58.6566],[26.795,58.656],[26.795,58.6554]],[[26.7703,58.5302],[26.7682,58.5335],[26.7673,58.535],[26.7655,58.5378],[26.7645,58.5391],[26.7601,58.5432],[26.7583,58.545],[26.7582,58.5451],[26.7576,58.5456],[26.7565,58.5466],[26.7548,58.5493],[26.7544,58.5498],[26.7537,58.5512],[26.7536,58.5516],[26.7535,58.553],[26.7535,58.5531],[26.7537,58.5542],[26.7541,58.557],[26.7546,58.5602],[26.7569,58.5757],[26.757,58.5759],[26.7576,58.5801],[26.7577,58.5804],[26.7593,58.5832],[26.7618,58.5862],[26.7631,58.5873],[26.7658,58.5894],[26.7691,58.592],[26.7722,58.5945],[26.7752,58.5973],[26.7766,58.5992],[26.778,58.6025],[26.7781,58.6026],[26.7806,58.6099],[26.7814,58.6122],[26.7825,58.6153],[26.7827,58.6157],[26.7842,58.6201],[26.7843,58.6203],[26.7844,58.6207],[26.7845,58.6208],[26.7845,58.6209],[26.7879,58.6304],[26.7896,58.6352],[26.7896,58.6354],[26.7911,58.6398],[26.7912,58.64],[26.7913,58.6404],[26.7925,58.6447],[26.7947,58.6526]],[[27.2267,59.0049],[27.2239,59.0091],[27.2236,59.0103],[27.2238,59.0121],[27.2239,59.0137],[27.2243,59.0176],[27.2247,59.0191],[27.2255,59.021],[27.2276,59.0239],[27.2293,59.0255],[27.2304,59.0264],[27.2418,59.0346],[27.2423,59.035],[27.2428,59.0353],[27.2433,59.0357],[27.2466,59.0383],[27.2494,59.0404],[27.2518,59.0416],[27.2568,59.0431],[27.2574,59.0432],[27.2612,59.0444],[27.2719,59.0495],[27.2781,59.0524],[27.2807,59.0536],[27.2841,59.0547],[27.2884,59.0558],[27.2887,59.0559],[27.2906,59.0564],[27.2966,59.0582],[27.3009,59.0598],[27.3042,59.0613],[27.3078,59.0633],[27.3103,59.0657],[27.3119,59.0685],[27.3135,59.0712],[27.3139,59.072],[27.3145,59.0732],[27.3149,59.0746],[27.315,59.0754],[27.3153,59.0769],[27.3158,59.08],[27.3159,59.0807],[27.3161,59.082],[27.3168,59.0862],[27.3166,59.0875],[27.3165,59.0881],[27.3164,59.0884],[27.3162,59.0888],[27.3161,59.0893],[27.3159,59.0899],[27.3157,59.0903],[27.3156,59.0906],[27.3155,59.0909],[27.3154,59.0912],[27.3151,59.0932],[27.3151,59.0934],[27.3151,59.0935],[27.3151,59.0938],[27.3153,59.0945],[27.3155,59.0957],[27.3156,59.096],[27.316,59.0982],[27.3162,59.0991],[27.3173,59.1045],[27.3196,59.1157],[27.3198,59.1167],[27.3199,59.1171],[27.3202,59.1183],[27.3204,59.119],[27.3214,59.121],[27.3215,59.1211],[27.3216,59.1213],[27.3218,59.1216],[27.3219,59.1217],[27.3221,59.122],[27.3239,59.124],[27.3251,59.1251],[27.3303,59.1291],[27.334,59.1319],[27.3343,59.1321],[27.3387,59.1345],[27.3458,59.1375],[27.348,59.1386],[27.3502,59.1401],[27.3503,59.1402],[27.3537,59.1426],[27.3552,59.1437],[27.3568,59.1451],[27.3578,59.1465],[27.3588,59.1487],[27.3592,59.1504],[27.3588,59.1533],[27.3573,59.1559],[27.3562,59.1578],[27.3538,59.1621],[27.3527,59.165],[27.3513,59.1701],[27.3509,59.1717],[27.3508,59.1718],[27.3498,59.1756],[27.3489,59.179],[27.3476,59.1842],[27.3473,59.1861],[27.3471,59.1878],[27.3469,59.1893],[27.3467,59.1918],[27.3461,59.1982],[27.3459,59.1993],[27.3452,59.2025],[27.3444,59.2048],[27.3432,59.2073],[27.3424,59.2092],[27.341,59.2122],[27.3389,59.2167],[27.3376,59.22],[27.3373,59.2216],[27.3374,59.2232],[27.3381,59.2258],[27.3386,59.227],[27.3388,59.2274],[27.3402,59.2294],[27.3405,59.2298],[27.341,59.2304],[27.3417,59.2311],[27.3427,59.2321],[27.3457,59.2344],[27.3459,59.2345],[27.3496,59.2366],[27.3505,59.2371],[27.3508,59.2372],[27.3525,59.2381],[27.3527,59.2382],[27.3547,59.2393],[27.3549,59.2394],[27.3579,59.241],[27.358,59.241],[27.3602,59.2422],[27.3685,59.2465],[27.3692,59.2469],[27.3769,59.2509],[27.38,59.253],[27.3801,59.2532],[27.3822,59.2554],[27.3829,59.2566],[27.3838,59.259],[27.3838,59.2604],[27.3838,59.2611],[27.3838,59.2622],[27.3838,59.2629],[27.3838,59.2655],[27.3838,59.2662],[27.3838,59.2664],[27.384,59.2676],[27.3844,59.2688],[27.3862,59.2719],[27.3866,59.2724],[27.3885,59.2748],[27.3945,59.2819],[27.3964,59.2841],[27.398,59.2865],[27.399,59.2895],[27.3992,59.2918],[27.3987,59.2943],[27.3981,59.2956],[27.3979,59.296],[27.3941,59.3045],[27.3932,59.3071],[27.3929,59.3086],[27.3928,59.3099],[27.3928,59.3105],[27.3925,59.3152],[27.3925,59.3163],[27.3925,59.3165],[27.3937,59.3185],[27.394,59.3188],[27.3968,59.3214],[27.3988,59.3233],[27.3998,59.3262],[27.4006,59.328],[27.4012,59.3287],[27.4016,59.3294],[27.4017,59.3295],[27.4017,59.3296],[27.4019,59.3298],[27.4021,59.3301],[27.4028,59.3315],[27.4028,59.3316],[27.4029,59.3322],[27.4029,59.3327],[27.4029,59.3328],[27.403,59.333],[27.403,59.3331],[27.4031,59.3337],[27.4031,59.3339],[27.4031,59.3348]],[[26.7736,58.5033],[26.7721,58.5088],[26.772,58.5092],[26.7712,58.5115],[26.7698,58.5142],[26.769,58.517],[26.7692,58.5187],[26.7693,58.5192],[26.7698,58.5216],[26.7699,58.5221],[26.77,58.5225],[26.7702,58.523],[26.7707,58.5241],[26.7713,58.5263],[26.7711,58.5281],[26.7711,58.5283],[26.7709,58.5289],[26.7706,58.5295],[26.7705,58.5297],[26.7705,58.5298],[26.7703,58.5302]],[[26.9137,58.8492],[26.9137,58.8489],[26.9139,58.8479],[26.914,58.8472],[26.9143,58.846],[26.9144,58.8458],[26.915,58.8441],[26.9167,58.842],[26.9191,58.8403],[26.9227,58.8387],[26.9281,58.8364],[26.9317,58.8346],[26.9337,58.8334],[26.937,58.8303],[26.9381,58.8289],[26.9389,58.8273],[26.939,58.8262],[26.9389,58.8255],[26.9385,58.8245],[26.9371,58.8221],[26.9362,58.82],[26.9362,58.8198],[26.9359,58.8184],[26.9358,58.816],[26.9361,58.8108],[26.9363,58.8096],[26.9376,58.8066],[26.9385,58.8052],[26.9393,58.804],[26.94,58.8029],[26.9414,58.8003],[26.9432,58.7956],[26.9436,58.7946],[26.9439,58.7932],[26.9439,58.7929],[26.9436,58.7913],[26.9419,58.7889],[26.9383,58.7862],[26.9354,58.7847],[26.9343,58.7842],[26.934,58.7841],[26.9329,58.7836],[26.9318,58.7831],[26.9307,58.7826],[26.9291,58.7819],[26.9279,58.7813],[26.9276,58.7812],[26.9243,58.7797],[26.9205,58.7779],[26.9186,58.7771],[26.9161,58.776],[26.9143,58.7752],[26.9113,58.7738],[26.9095,58.773],[26.9055,58.7711],[26.904,58.7705],[26.903,58.77],[26.9025,58.7698],[26.9022,58.7697],[26.9005,58.7689],[26.9001,58.7687],[26.8986,58.768],[26.8957,58.7667],[26.8932,58.7654],[26.8768,58.756],[26.8735,58.7542],[26.8726,58.7538],[26.8714,58.7532],[26.8683,58.7516],[26.8669,58.7509],[26.8665,58.7508],[26.8652,58.7503],[26.8618,58.7489],[26.8598,58.748],[26.8579,58.7466],[26.8538,58.7428],[26.8537,58.7427],[26.8423,58.7319],[26.8418,58.7314],[26.841,58.7307],[26.8405,58.7303],[26.8396,58.7294],[26.8394,58.7292],[26.8311,58.7213],[26.8276,58.7181],[26.8228,58.7136],[26.8207,58.7117],[26.8194,58.7103],[26.8185,58.7091],[26.8181,58.7082],[26.818,58.7078],[26.8179,58.7067],[26.8178,58.7061],[26.8178,58.7059],[26.8173,58.6996],[26.8168,58.6984],[26.8157,58.6968],[26.8044,58.6842],[26.8043,58.684],[26.8038,58.6835],[26.8037,58.6834],[26.8033,58.6829],[26.7958,58.6746],[26.7938,58.6722],[26.7937,58.672],[26.7927,58.6697],[26.7926,58.6691],[26.7925,58.6675],[26.793,58.6645],[26.7932,58.6638],[26.7936,58.6626],[26.7936,58.6624],[26.7939,58.6612],[26.794,58.661],[26.794,58.6607],[26.7938,58.661],[26.7935,58.6622],[26.7935,58.6624],[26.7935,58.6626],[26.7932,58.6638]],[[26.681,58.3565],[26.6804,58.3559],[26.6797,58.3554],[26.6794,58.3552],[26.679,58.3548],[26.6786,58.3545]],[[26.9137,58.8492],[26.9137,58.8504],[26.9138,58.8513],[26.914,58.8518],[26.9147,58.853],[26.9163,58.8547],[26.9198,58.8568],[26.9285,58.8613],[26.9287,58.8614],[26.9307,58.8626],[26.9356,58.8657],[26.9357,58.8658],[26.9393,58.8685],[26.9423,58.8711],[26.9507,58.879],[26.9548,58.8822],[26.9572,58.8838],[26.9643,58.8887],[26.9647,58.889],[26.9658,58.8897],[26.9684,58.8913],[26.9686,58.8914],[26.9689,58.8915],[26.9697,58.892],[26.9703,58.8923],[26.9709,58.8926],[26.972,58.8932],[26.9759,58.8952],[26.9792,58.8975],[26.9812,58.8985],[26.9815,58.8987],[26.9823,58.8991],[26.9824,58.8991],[26.9826,58.8992],[26.9839,58.8998],[26.9865,58.901],[26.9896,58.9024],[26.9929,58.904],[26.9959,58.9049],[27.001,58.9079],[27.0019,58.9091],[27.0031,58.9127],[27.0039,58.9144],[27.0077,58.918],[27.008,58.9182],[27.0082,58.9184],[27.0093,58.9194],[27.01,58.9203],[27.0106,58.9211],[27.0109,58.9215],[27.011,58.9216],[27.0119,58.9225],[27.012,58.9225],[27.0141,58.9241],[27.0152,58.925],[27.016,58.9256],[27.0187,58.9275],[27.0209,58.9289],[27.0216,58.9294],[27.0219,58.9296],[27.0244,58.9311],[27.0277,58.9328],[27.0312,58.9344],[27.0338,58.9355],[27.0396,58.9375],[27.0433,58.9389],[27.045,58.94],[27.0458,58.9406],[27.0462,58.9409],[27.0492,58.9431],[27.0495,58.9432],[27.0512,58.9445],[27.0514,58.9446],[27.0532,58.9459],[27.0536,58.9462],[27.0562,58.9481],[27.0575,58.949],[27.0607,58.9513],[27.0628,58.9525],[27.0651,58.9534],[27.076,58.9566],[27.0806,58.9581],[27.0811,58.9582],[27.0842,58.9593],[27.0926,58.9622],[27.1006,58.965],[27.1029,58.9658],[27.1086,58.9675],[27.1192,58.9705],[27.1197,58.9707],[27.1235,58.9719],[27.1323,58.9748],[27.1378,58.9765],[27.1393,58.9769],[27.1653,58.9829],[27.1686,58.9836],[27.1692,58.9838],[27.1698,58.984],[27.1701,58.9841],[27.1704,58.9842],[27.1713,58.9849],[27.1714,58.985],[27.1716,58.9853],[27.1721,58.9861],[27.1721,58.9862],[27.1722,58.9864],[27.1726,58.9875],[27.1732,58.9889],[27.1734,58.9894],[27.1737,58.9901],[27.1738,58.9903],[27.175,58.9914],[27.1774,58.992],[27.1797,58.9918],[27.1854,58.9918],[27.1883,58.9919],[27.1932,58.9925],[27.1953,58.993],[27.1993,58.9944],[27.2011,58.9948],[27.2076,58.9953],[27.2094,58.9954],[27.2136,58.9957],[27.2137,58.9957],[27.2139,58.9958],[27.2156,58.9959],[27.217,58.9961],[27.2178,58.9962],[27.2213,58.9968],[27.224,58.9974],[27.2251,58.9979],[27.2252,58.998],[27.2256,58.9982],[27.2257,58.9983],[27.226,58.9984],[27.2266,58.9989],[27.2276,59.0003],[27.2279,59.0026],[27.2273,59.004],[27.2268,59.0047],[27.2267,59.0049]],[[26.0497,57.7905],[26.0494,57.7907],[26.0478,57.7912],[26.0477,57.7912],[26.0437,57.7916],[26.0417,57.7921],[26.0412,57.7921],[26.0409,57.7921],[26.0403,57.7922],[26.04,57.7922],[26.0398,57.7922],[26.0397,57.7922],[26.0395,57.7922],[26.0381,57.7922],[26.0378,57.7922],[26.0372,57.7923],[26.0368,57.7923],[26.0364,57.7923],[26.036,57.7923],[26.0357,57.7923],[26.0353,57.7923],[26.0351,57.7923],[26.0347,57.7923],[26.0337,57.7922],[26.0336,57.7922],[26.0333,57.7922],[26.0337,57.7923],[26.0343,57.7923],[26.0347,57.7923]],[[26.7124,58.4105],[26.7158,58.411],[26.717,58.4112],[26.7179,58.4114],[26.7182,58.4115],[26.7183,58.4115],[26.7188,58.4116],[26.7189,58.4115],[26.7189,58.4113],[26.7189,58.4112],[26.7188,58.4112],[26.7184,58.4112],[26.7182,58.4112],[26.718,58.4113],[26.717,58.4112]],[[26.6803,58.3557],[26.6807,58.3561],[26.6809,58.3563],[26.6817,58.3569]],[[26.7203,58.3731],[26.7194,58.3728],[26.719,58.3726],[26.7183,58.3723],[26.7172,58.3719],[26.7171,58.3718],[26.7166,58.3716],[26.7165,58.3716],[26.7158,58.3713],[26.7156,58.3712],[26.7152,58.371],[26.7149,58.3709],[26.7148,58.3709],[26.7146,58.3708],[26.7143,58.3707],[26.7135,58.3704],[26.7132,58.3702],[26.7131,58.3702],[26.7129,58.3701],[26.7127,58.37],[26.7126,58.37],[26.7123,58.3698],[26.7122,58.3698],[26.7116,58.3696],[26.7113,58.3695],[26.7106,58.3692],[26.7101,58.369],[26.7096,58.3688],[26.7093,58.3687],[26.7092,58.3686],[26.7088,58.3684],[26.7084,58.3683],[26.7079,58.3681],[26.707,58.3677],[26.7068,58.3676],[26.7066,58.3675],[26.7061,58.3673],[26.7059,58.3673],[26.7055,58.3671],[26.7051,58.3669],[26.7041,58.3665],[26.7039,58.3664],[26.7038,58.3664],[26.7037,58.3663],[26.7035,58.3663],[26.7026,58.3659],[26.7017,58.3655],[26.7016,58.3655],[26.7013,58.3654],[26.6996,58.3646],[26.6989,58.3643],[26.6983,58.3641],[26.6981,58.3641],[26.6979,58.364],[26.6964,58.3635],[26.6946,58.3629],[26.6929,58.3623],[26.6911,58.3617],[26.6909,58.3616],[26.6906,58.3615],[26.6884,58.3605],[26.6882,58.3604],[26.6863,58.3595],[26.6858,58.3593],[26.6849,58.3589],[26.6839,58.3584],[26.6836,58.3582],[26.6828,58.3578]],[[26.727,58.3876],[26.7272,58.3878],[26.7273,58.3879],[26.7274,58.3881],[26.7277,58.3885],[26.7278,58.3887],[26.7279,58.3888],[26.728,58.389],[26.7281,58.3891],[26.7284,58.3895],[26.7285,58.3896],[26.7283,58.3897],[26.7278,58.3899],[26.7259,58.3905],[26.7258,58.3906],[26.7254,58.3907],[26.7247,58.391],[26.7243,58.3911],[26.7241,58.3912],[26.7228,58.3917],[26.7226,58.3917],[26.7215,58.3921],[26.7211,58.3923],[26.721,58.3923],[26.7208,58.3924],[26.7193,58.3929],[26.7185,58.3932],[26.7178,58.3934],[26.7177,58.3935],[26.7175,58.3936],[26.7171,58.3938],[26.7166,58.394],[26.7163,58.3942],[26.7161,58.3943],[26.7158,58.3944],[26.7151,58.3948],[26.7141,58.3953],[26.713,58.3959],[26.7129,58.3959],[26.7128,58.396],[26.7125,58.3961],[26.7123,58.3962],[26.7121,58.3963],[26.7115,58.3967],[26.7101,58.3977],[26.7095,58.3981],[26.7094,58.3983],[26.7093,58.3984],[26.709,58.3987],[26.7088,58.399],[26.7087,58.3991],[26.7086,58.3992],[26.7086,58.3993],[26.7084,58.3997],[26.7084,58.4003],[26.7083,58.4009],[26.7083,58.4013],[26.7083,58.4019],[26.7083,58.4022],[26.7083,58.4023],[26.7083,58.4024],[26.7083,58.4026],[26.7083,58.4029],[26.7083,58.4032],[26.7083,58.4034],[26.7084,58.4041],[26.7084,58.4042],[26.7083,58.4045],[26.7084,58.405],[26.7084,58.4052],[26.7084,58.4061],[26.7084,58.4065],[26.7084,58.4067],[26.7083,58.407],[26.7083,58.4071],[26.7083,58.4075],[26.7083,58.4079],[26.7081,58.4088],[26.7079,58.4096],[26.7078,58.4099],[26.7083,58.41],[26.7124,58.4105]],[[26.7203,58.4116],[26.7191,58.4115],[26.7189,58.4115]],[[26.7189,58.4113],[26.7192,58.4114],[26.7203,58.4116],[26.7212,58.4117],[26.7279,58.4126],[26.7388,58.4141],[26.739,58.4141],[26.7497,58.4156],[26.751,58.4157],[26.7532,58.416],[26.7556,58.4164],[26.7563,58.4165],[26.7573,58.4166],[26.7574,58.4166],[26.76,58.417],[26.7616,58.4173],[26.7631,58.4175],[26.7635,58.4176],[26.7639,58.4176],[26.7641,58.4176],[26.7662,58.418],[26.7665,58.418],[26.7697,58.4186],[26.7729,58.4197],[26.7745,58.4205],[26.7748,58.4207],[26.7761,58.4215],[26.7814,58.4258],[26.7819,58.4262],[26.7825,58.4267],[26.7839,58.4278],[26.7844,58.4282],[26.7867,58.43],[26.7925,58.4346],[26.7958,58.437],[26.8019,58.4406],[26.8032,58.4413],[26.8059,58.4431],[26.8069,58.4447],[26.8072,58.4456],[26.8075,58.4463],[26.8076,58.4466],[26.8076,58.4468],[26.8076,58.4473],[26.8076,58.4474],[26.8074,58.448],[26.8071,58.4483],[26.8059,58.4493],[26.8052,58.4498],[26.7888,58.4599],[26.7863,58.4616],[26.7859,58.4622],[26.7857,58.4633],[26.7861,58.465],[26.7862,58.4654],[26.7865,58.4668],[26.7865,58.4669],[26.7873,58.4712],[26.7869,58.4729],[26.7859,58.4741],[26.7848,58.4752],[26.7814,58.4787],[26.7795,58.4808],[26.7779,58.4836],[26.7776,58.4845],[26.7771,58.4878],[26.7771,58.4904],[26.7769,58.4915],[26.7767,58.4923],[26.7765,58.4929],[26.7757,58.4957],[26.7755,58.4966],[26.7754,58.4968],[26.7752,58.4975],[26.7752,58.4977],[26.7751,58.4979],[26.7749,58.4988],[26.7747,58.4996],[26.7742,58.5013],[26.7739,58.5025],[26.7738,58.5026],[26.7737,58.5032],[26.7736,58.5033]],[[26.7261,58.3766],[26.726,58.3765],[26.7251,58.3758],[26.7248,58.3755],[26.724,58.3749],[26.723,58.3743],[26.7229,58.3742],[26.7227,58.3742],[26.7227,58.3741],[26.7225,58.374],[26.722,58.3738],[26.7205,58.3732],[26.7203,58.3731]],[[26.5725,58.2921],[26.5702,58.2915],[26.5653,58.2906],[26.5537,58.2888],[26.548,58.2879],[26.5437,58.2872],[26.5422,58.287],[26.5413,58.2868],[26.5409,58.2867],[26.54,58.2865],[26.5386,58.2862],[26.5328,58.2845],[26.5299,58.2834],[26.5272,58.2822],[26.5264,58.2818],[26.5262,58.2818],[26.5252,58.2813],[26.5238,58.2807],[26.5228,58.2803],[26.5224,58.2801],[26.5218,58.2799],[26.5198,58.2791],[26.5176,58.2783],[26.5133,58.2768],[26.5104,58.2758],[26.5039,58.2736],[26.4999,58.2721],[26.4947,58.2699],[26.4925,58.2689],[26.4877,58.2663],[26.4834,58.2638],[26.4806,58.2622],[26.4773,58.2602],[26.4764,58.2597],[26.4755,58.2592],[26.4751,58.259],[26.4747,58.2588],[26.4744,58.2586],[26.4735,58.2581],[26.4731,58.2579],[26.4707,58.2568],[26.4748,58.2587],[26.4752,58.259],[26.4756,58.2592],[26.4758,58.2593],[26.4765,58.2597],[26.4773,58.2602]],[[26.578,58.2939],[26.5743,58.2926],[26.5725,58.2921]],[[26.4707,58.2568],[26.4683,58.2558],[26.467,58.2553],[26.4634,58.2541],[26.4622,58.2537]],[[26.7302,58.3786],[26.7296,58.3783],[26.729,58.378],[26.7289,58.378],[26.7286,58.3778],[26.7277,58.3774],[26.7271,58.3772],[26.7261,58.3766]],[[26.9381,58.8289],[26.9388,58.8264],[26.9388,58.8261],[26.9385,58.8245]],[[26.7946,58.6578],[26.794,58.6607]],[[26.5969,58.3064],[26.5967,58.3063],[26.5958,58.3054],[26.5923,58.3022],[26.5885,58.2993],[26.5831,58.2961],[26.5815,58.2954],[26.5814,58.2953],[26.5803,58.2948],[26.5793,58.2944],[26.5783,58.294],[26.578,58.2939]],[[26.6245,58.3208],[26.624,58.3207],[26.6231,58.3204],[26.6218,58.3201],[26.6199,58.3195],[26.6181,58.319],[26.6177,58.3189],[26.6147,58.318],[26.6139,58.3177],[26.6109,58.3165],[26.6071,58.3146],[26.6063,58.3141],[26.604,58.3126],[26.6031,58.312],[26.6029,58.3118],[26.6022,58.3113],[26.5984,58.3078],[26.5971,58.3066],[26.5969,58.3064],[26.5972,58.3066],[26.5975,58.3069],[26.5984,58.3078]],[[26.6392,58.3255],[26.6367,58.3244],[26.6358,58.3241],[26.6331,58.3232],[26.6283,58.3219],[26.6259,58.3212],[26.6253,58.321],[26.6245,58.3208],[26.6243,58.3207],[26.6231,58.3204],[26.6223,58.3202],[26.6199,58.3195]],[[27.4012,59.3287],[27.4018,59.3295],[27.402,59.3297],[27.4021,59.3298],[27.4024,59.3302],[27.4028,59.331],[27.4028,59.3315]],[[26.6541,58.3397],[26.6534,58.3393],[26.6532,58.3392],[26.6526,58.3388],[26.6523,58.3386],[26.6521,58.3384]],[[26.6749,58.3517],[26.6771,58.3531],[26.6777,58.3536]],[[26.7084,58.4003],[26.7084,58.4009],[26.7084,58.401],[26.7084,58.4011],[26.7085,58.4022],[26.7085,58.4023],[26.7085,58.4024],[26.7085,58.4025],[26.7083,58.4032]],[[26.6791,58.3548],[26.6797,58.3552],[26.6803,58.3557]],[[26.6814,58.3568],[26.681,58.3565]],[[26.6816,58.3569],[26.6814,58.3568]],[[26.727,58.3875],[26.727,58.3876]],[[26.6788,58.3545],[26.6791,58.3548]],[[26.6545,58.3399],[26.6542,58.3398],[26.6541,58.3397]],[[26.7182,58.4115],[26.7182,58.4112]],[[26.5743,58.2926],[26.5761,58.2931],[26.578,58.2939],[26.5781,58.2939],[26.5784,58.294],[26.5804,58.2948],[26.5816,58.2953],[26.5818,58.2955],[26.583,58.296],[26.5831,58.2961]]]},"properties":{"fclass":"trunk","ref":"3"}},
{"type":"Feature","geometry":{"type":"MultiLineString","coordinates":[[[27.5487,57.6743],[27.5125,57.6677],[27.5055,57.6664],[27.4627,57.6585],[27.4336,57.6531],[27.4278,57.6518],[27.4259,57.6514],[27.421,57.6509],[27.4181,57.6505],[27.3992,57.6462],[27.3975,57.6459],[27.3968,57.6458],[27.396,57.6457],[27.3946,57.6455],[27.3937,57.6454],[27.3928,57.6453],[27.3918,57.6452],[27.3895,57.6449],[27.3878,57.6444],[27.3874,57.6443],[27.3862,57.6443],[27.3828,57.6437],[27.383,57.6438],[27.383,57.6439],[27.3837,57.6443],[27.3841,57.6444],[27.3842,57.6444],[27.3847,57.6445],[27.3852,57.6446],[27.3868,57.6453],[27.3872,57.6454],[27.3891,57.6449],[27.3895,57.6449]],[[27.3895,57.645],[27.3891,57.6449],[27.3876,57.6449],[27.3871,57.6448],[27.3843,57.6441],[27.383,57.6438],[27.3826,57.6438],[27.3828,57.6439],[27.3838,57.6445],[27.3841,57.6446],[27.3854,57.6456],[27.3869,57.646],[27.3895,57.645],[27.3909,57.6451],[27.3921,57.6453],[27.3928,57.6453]],[[27.3803,57.6433],[27.3808,57.6433],[27.3828,57.6437]],[[27.3826,57.6438],[27.3803,57.6433]]]},"properties":{"fclass":"trunk","ref":"А-212"}},
{"type":"Feature","geometry":{"type":"MultiLineString","coordinates":[[[24.437,59.3111],[24.4382,59.3108],[24.4387,59.3107],[24.4407,59.3105],[24.4412,59.3104],[24.4434,59.3103],[24.444,59.3103],[24.4476,59.3104],[24.4564,59.3115],[24.4602,59.312],[24.4608,59.312],[24.4641,59.3125],[24.4642,59.3125],[24.4652,59.3127],[24.4654,59.3127],[24.4687,59.3131],[24.4691,59.3132],[24.4701,59.3133],[24.4703,59.3133],[24.4705,59.3134],[24.4716,59.3135],[24.4718,59.3135],[24.4747,59.3139],[24.4817,59.3149],[24.4873,59.3156],[24.4874,59.3156],[24.4907,59.3161],[24.4911,59.3161],[24.4947,59.3166],[24.4994,59.317],[24.5006,59.3171],[24.5012,59.3171],[24.5017,59.3171],[24.5023,59.3171],[24.5031,59.3171],[24.5061,59.3171],[24.508,59.3171],[24.5109,59.3172],[24.5133,59.3172],[24.518,59.3166],[24.5203,59.3163],[24.521,59.3162],[24.5252,59.3154],[24.5303,59.3144],[24.5324,59.3141],[24.535,59.3137],[24.5357,59.3136],[24.5372,59.3134],[24.5494,59.3116],[24.5532,59.3112],[24.5568,59.3115],[24.5581,59.3117],[24.559,59.3118],[24.5593,59.3119],[24.5622,59.3124],[24.5629,59.3125],[24.5654,59.313],[24.5667,59.3132],[24.5691,59.3136],[24.5713,59.3137],[24.5744,59.3134],[24.5761,59.3131],[24.5763,59.3131],[24.5784,59.3128],[24.5806,59.3126],[24.5834,59.3126],[24.5854,59.3126],[24.5868,59.3126],[24.5936,59.3127],[24.6031,59.3127],[24.6073,59.3129],[24.6104,59.3133],[24.6136,59.3137],[24.6205,59.3143],[24.6306,59.315],[24.632,59.3151],[24.6324,59.3151],[24.6358,59.3153],[24.6487,59.3161],[24.6508,59.3162],[24.657,59.3166]],[[24.6576,59.3166],[24.6604,59.3167],[24.6665,59.3165],[24.6705,59.3162],[24.6723,59.3161],[24.6784,59.3152],[24.6808,59.3147],[24.6841,59.3141],[24.6844,59.314],[24.6855,59.3138],[24.6903,59.313],[24.6974,59.3123],[24.7003,59.3122],[24.7095,59.3121],[24.7125,59.3121],[24.7159,59.3121],[24.722,59.3121],[24.7226,59.3121],[24.7284,59.3121],[24.7331,59.3122],[24.7359,59.3124],[24.7379,59.3126],[24.7423,59.3133],[24.7478,59.3147],[24.7498,59.3154],[24.7519,59.3162],[24.759,59.3193],[24.7646,59.3217],[24.7649,59.3218],[24.7655,59.3221],[24.7665,59.3225],[24.7685,59.3232],[24.7732,59.3247],[24.7747,59.3252],[24.7777,59.3262],[24.7797,59.3268],[24.7807,59.3271],[24.7839,59.3281],[24.7908,59.3303],[24.7965,59.332],[24.8003,59.333],[24.8071,59.3344],[24.8112,59.335],[24.8134,59.3353],[24.8155,59.3356],[24.8178,59.3358],[24.8194,59.3359],[24.8223,59.3363],[24.8245,59.3365],[24.8297,59.3374],[24.8323,59.3379],[24.8362,59.3388],[24.8389,59.3395],[24.842,59.3405],[24.849,59.3429],[24.8561,59.3451],[24.8736,59.3505],[24.876,59.3513],[24.8774,59.3517],[24.8787,59.3526],[24.879,59.3532],[24.8795,59.3541],[24.8799,59.3544],[24.8801,59.3545],[24.8804,59.3546],[24.8806,59.3547],[24.8809,59.3548],[24.8816,59.3549],[24.8823,59.355],[24.8839,59.3548],[24.8848,59.3549],[24.8858,59.3553],[24.8861,59.3554],[24.8869,59.3559],[24.8887,59.3569],[24.8911,59.3582],[24.8942,59.36],[24.895,59.3604],[24.8961,59.361],[24.8982,59.3623],[24.9013,59.3644],[24.9031,59.366],[24.9063,59.3691],[24.9063,59.3692],[24.9068,59.3696],[24.9077,59.3705],[24.9112,59.374],[24.9113,59.374],[24.9119,59.3746],[24.9141,59.3768],[24.9143,59.3769],[24.9157,59.3783],[24.9175,59.3806],[24.9184,59.3822],[24.9194,59.3845],[24.9198,59.3868],[24.9198,59.3891],[24.9195,59.3908],[24.9184,59.3936],[24.9166,59.3968],[24.9159,59.3989],[24.9155,59.4017],[24.9159,59.4049],[24.9163,59.4063],[24.9164,59.4067],[24.9168,59.4077],[24.9172,59.4092],[24.9183,59.4125],[24.9186,59.4137],[24.919,59.4148],[24.9195,59.4165],[24.9204,59.4193],[24.921,59.4221],[24.9206,59.425],[24.9205,59.4259],[24.9195,59.43],[24.9189,59.4314],[24.9179,59.4329],[24.9161,59.4349],[24.9148,59.4363],[24.9138,59.4373],[24.9125,59.4386],[24.91,59.4405],[24.9088,59.4416],[24.9085,59.4422],[24.9084,59.4423],[24.9083,59.4423],[24.9082,59.4424],[24.9074,59.4427]],[[24.4368,59.3109],[24.4381,59.3107],[24.4385,59.3107],[24.4407,59.3105]],[[24.9083,59.4427],[24.9083,59.4426],[24.9086,59.4424],[24.9087,59.4422],[24.9088,59.4421],[24.9098,59.4409],[24.9108,59.4401],[24.9112,59.4398],[24.9122,59.4391],[24.9131,59.4383],[24.9148,59.4366],[24.915,59.4364],[24.9163,59.435],[24.9181,59.4329],[24.919,59.4316],[24.9197,59.43],[24.92,59.4291],[24.9206,59.426],[24.9208,59.4251],[24.9212,59.4221],[24.921,59.4211],[24.9198,59.4172],[24.9188,59.4138],[24.9184,59.4124],[24.9179,59.4108],[24.9169,59.4076],[24.9166,59.4066],[24.9157,59.4028],[24.9158,59.3998],[24.9169,59.3966],[24.9172,59.396],[24.919,59.3927],[24.9196,59.3908],[24.92,59.3883],[24.9197,59.3851],[24.9182,59.3814],[24.916,59.3785],[24.9144,59.3769],[24.9143,59.3768],[24.9126,59.3751],[24.912,59.3746],[24.9078,59.3704],[24.9069,59.3696],[24.9066,59.3692],[24.9065,59.3691],[24.902,59.3648],[24.899,59.3626],[24.8963,59.361],[24.8953,59.3605],[24.8943,59.3599],[24.8897,59.3573],[24.8872,59.3559],[24.8859,59.3549],[24.8858,59.3538],[24.8856,59.3523],[24.8851,59.3519],[24.8848,59.3518],[24.8844,59.3516],[24.8823,59.3514],[24.8821,59.3514],[24.8801,59.3519],[24.8782,59.3518],[24.876,59.3512],[24.8737,59.3504],[24.8735,59.3504],[24.8678,59.3486],[24.8657,59.348],[24.8626,59.347],[24.8564,59.3451],[24.8559,59.3449],[24.8532,59.3441],[24.8486,59.3426],[24.8456,59.3416],[24.839,59.3394],[24.8376,59.339],[24.8352,59.3384],[24.8305,59.3374],[24.8265,59.3367],[24.822,59.3361],[24.8194,59.3358],[24.8188,59.3358],[24.8175,59.3356],[24.8149,59.3353],[24.811,59.3348],[24.8071,59.3342],[24.8031,59.3335],[24.7966,59.3319],[24.7905,59.33],[24.7841,59.328],[24.7824,59.3275],[24.7808,59.327],[24.7796,59.3266],[24.7763,59.3256],[24.7741,59.3249],[24.7667,59.3224],[24.7656,59.3219],[24.7642,59.3214],[24.7624,59.3206],[24.7592,59.3192],[24.7588,59.319],[24.7575,59.3185],[24.7499,59.3153],[24.7483,59.3147],[24.745,59.3138],[24.7407,59.3129],[24.7375,59.3124],[24.7355,59.3122],[24.7298,59.312],[24.7226,59.312],[24.722,59.312],[24.7078,59.312],[24.698,59.3122],[24.6943,59.3124],[24.6898,59.3129],[24.6854,59.3137],[24.684,59.314],[24.6783,59.315],[24.6716,59.316],[24.6697,59.3162],[24.6633,59.3165],[24.6616,59.3165],[24.6577,59.3165],[24.6571,59.3165],[24.6478,59.3159],[24.6421,59.3156],[24.6377,59.3153],[24.6334,59.315],[24.6324,59.315],[24.6319,59.3149],[24.6304,59.3148],[24.6205,59.3142],[24.6148,59.3137],[24.6104,59.3132],[24.6074,59.3128],[24.6032,59.3126],[24.5871,59.3125],[24.5834,59.3125],[24.5789,59.3126],[24.5761,59.3131],[24.5744,59.3133],[24.5717,59.3136],[24.5688,59.3135],[24.5668,59.3131],[24.5638,59.3126],[24.5618,59.3122],[24.5593,59.3118],[24.5568,59.3114],[24.5547,59.3112],[24.552,59.3112],[24.5497,59.3114],[24.5415,59.3126],[24.5364,59.3134],[24.5332,59.3139],[24.5311,59.3142],[24.5226,59.3158],[24.5209,59.3161],[24.5201,59.3162],[24.5178,59.3165],[24.517,59.3167],[24.5135,59.3171],[24.5106,59.3171],[24.5062,59.317],[24.5055,59.317],[24.5046,59.317],[24.5031,59.3171]]]},"properties":{"fclass":"trunk","ref":"11"}},
{"type":"Feature","geometry":{"type":"MultiLineString","coordinates":[[[24.7912,59.4248],[24.7917,59.4249],[24.7927,59.425],[24.7938,59.4252],[24.7946,59.4253],[24.7954,59.4254],[24.7956,59.4254]],[[24.7912,59.4247],[24.7916,59.4247],[24.7918,59.4247],[24.7929,59.4249],[24.7957,59.4253],[24.7961,59.4254],[24.7964,59.4254],[24.7968,59.4255],[24.7976,59.4256],[24.7979,59.4256],[24.7983,59.4257],[24.7987,59.4257],[24.7991,59.4257],[24.7994,59.4258],[24.8009,59.4259],[24.8057,59.4262],[24.8083,59.4263],[24.8086,59.4263],[24.8099,59.4264],[24.8113,59.4265],[24.813,59.4265],[24.8132,59.4265],[24.8135,59.4265],[24.8145,59.4266],[24.8171,59.4268],[24.8179,59.4268],[24.8181,59.4268],[24.8201,59.4269],[24.8206,59.4269],[24.8209,59.4269],[24.8214,59.427],[24.8221,59.427],[24.823,59.4271],[24.8232,59.4271],[24.8263,59.4276],[24.8268,59.4277],[24.8307,59.4284],[24.8327,59.4287],[24.8334,59.4288],[24.8338,59.4289],[24.835,59.4291],[24.8352,59.4291],[24.8355,59.4292],[24.8357,59.4292],[24.8361,59.4293],[24.8367,59.4294],[24.8368,59.4294],[24.8383,59.4297],[24.8385,59.4297],[24.8398,59.4299],[24.8408,59.4301],[24.8428,59.4305],[24.8472,59.4312],[24.8475,59.4313],[24.8489,59.4315],[24.8497,59.4316],[24.85,59.4317],[24.851,59.4319],[24.8515,59.432],[24.8542,59.4324],[24.856,59.4327],[24.8571,59.4328],[24.8577,59.4329],[24.8598,59.4332],[24.8602,59.4333],[24.8607,59.4334],[24.8613,59.4335],[24.8653,59.4343],[24.8683,59.4349],[24.8695,59.4351],[24.8726,59.4359],[24.8745,59.4364],[24.875,59.4365],[24.8766,59.4368],[24.8878,59.439],[24.8885,59.4392],[24.8911,59.4397],[24.8915,59.4398],[24.8936,59.4402],[24.894,59.4403],[24.8956,59.4406],[24.8968,59.4408],[24.8979,59.441],[24.8985,59.4412],[24.9019,59.4418],[24.9026,59.442],[24.9043,59.4423],[24.9066,59.4428],[24.9073,59.4429],[24.9082,59.4431],[24.9089,59.4433],[24.9113,59.4438],[24.914,59.4443],[24.9144,59.4443],[24.9149,59.4445],[24.9157,59.4446],[24.917,59.4449],[24.9179,59.445],[24.9237,59.4462],[24.9243,59.4463],[24.9262,59.4466],[24.9332,59.4475],[24.9448,59.4483],[24.9644,59.4496],[24.9707,59.45],[24.9794,59.4506],[24.9818,59.4507],[24.9888,59.4512],[24.9971,59.4518],[25.0039,59.4522],[25.0093,59.4524],[25.0109,59.4525],[25.0124,59.4525],[25.0205,59.4523],[25.0241,59.4522],[25.0301,59.4519],[25.0307,59.4519],[25.0368,59.4516],[25.0438,59.4513],[25.0494,59.4511],[25.0504,59.4511],[25.0525,59.451],[25.0626,59.4506],[25.0631,59.4506],[25.0658,59.4504],[25.0666,59.4504],[25.0681,59.4503],[25.0696,59.4502],[25.0708,59.4501],[25.0716,59.45],[25.0814,59.4488],[25.0875,59.4479],[25.0889,59.4477],[25.0935,59.4469],[25.1159,59.4434],[25.1165,59.4433],[25.1184,59.443],[25.119,59.4429],[25.1193,59.4429],[25.122,59.4424],[25.1302,59.4411],[25.1323,59.4408],[25.1328,59.4407],[25.1331,59.4407],[25.1358,59.4403],[25.1373,59.44],[25.1394,59.4397],[25.1403,59.4395],[25.1417,59.4393],[25.142,59.4393],[25.1435,59.439],[25.1469,59.4385],[25.163,59.4359],[25.1643,59.4357],[25.1655,59.4356],[25.1673,59.4353],[25.1677,59.4353],[25.1724,59.4349],[25.1773,59.4346],[25.1788,59.4345],[25.1804,59.4345],[25.185,59.4344],[25.1876,59.4345],[25.1897,59.4346],[25.1932,59.4348],[25.1941,59.4348],[25.1945,59.4349],[25.1953,59.4349],[25.1968,59.435],[25.1976,59.435],[25.1985,59.4351],[25.2112,59.4358],[25.2163,59.4361],[25.2183,59.4362],[25.2196,59.4363],[25.2213,59.4364],[25.241,59.4375],[25.2421,59.4376],[25.2491,59.438],[25.2511,59.4381],[25.2638,59.4388],[25.2708,59.4392],[25.2734,59.4394],[25.2737,59.4394],[25.2741,59.4394],[25.2767,59.4396],[25.279,59.4397],[25.2801,59.4398],[25.2808,59.4398],[25.2862,59.4401],[25.2952,59.4406],[25.3073,59.4413],[25.308,59.4413],[25.3084,59.4413],[25.309,59.4414],[25.3096,59.4414],[25.3103,59.4415],[25.3108,59.4415],[25.3133,59.4416],[25.3254,59.4423],[25.3362,59.4429],[25.3441,59.4433],[25.3497,59.4437],[25.3554,59.444],[25.3572,59.4441],[25.3595,59.4442],[25.3621,59.4443],[25.3651,59.4445],[25.3672,59.4446],[25.3692,59.4447],[25.3761,59.4451],[25.3769,59.4452],[25.383,59.4455],[25.3843,59.4456],[25.3859,59.4457],[25.3974,59.4463],[25.403,59.4466],[25.4095,59.447],[25.4152,59.4473],[25.4235,59.4477],[25.4273,59.448],[25.4286,59.448],[25.4318,59.4482],[25.4326,59.4483],[25.4335,59.4483],[25.4394,59.4487],[25.4421,59.449],[25.4426,59.449],[25.4437,59.4491],[25.4553,59.4502],[25.4609,59.4507],[25.4618,59.4508],[25.465,59.4511],[25.4771,59.4523],[25.4796,59.4525],[25.492,59.4537],[25.5072,59.4552],[25.5107,59.4555],[25.5127,59.4556],[25.5177,59.456],[25.5184,59.456],[25.5262,59.4565],[25.5301,59.4568],[25.5501,59.458],[25.5528,59.4581],[25.557,59.4584],[25.5816,59.4599],[25.5831,59.46],[25.5877,59.4602],[25.5912,59.4604],[25.596,59.4607],[25.6001,59.461],[25.6016,59.4611],[25.6021,59.4611],[25.6039,59.4612],[25.6043,59.4612],[25.6133,59.4617],[25.6286,59.462],[25.6303,59.4621],[25.6334,59.4621],[25.6351,59.4622],[25.6389,59.4623],[25.6401,59.4623],[25.641,59.4623],[25.6414,59.4623],[25.6422,59.4623],[25.6439,59.4623],[25.6451,59.4624],[25.6555,59.4626],[25.6596,59.4627],[25.6757,59.463],[25.6759,59.463],[25.6773,59.463],[25.6889,59.4633],[25.6943,59.4634],[25.6998,59.4635],[25.7013,59.4635],[25.7022,59.4635],[25.7033,59.4635],[25.7054,59.4636],[25.7062,59.4636],[25.7067,59.4636],[25.7084,59.4636],[25.7097,59.4637],[25.7306,59.4641],[25.737,59.4641],[25.7424,59.464],[25.745,59.4639],[25.7517,59.4634],[25.7596,59.4627],[25.7613,59.4626],[25.7709,59.4617],[25.7719,59.4616],[25.7787,59.4611],[25.7853,59.4606],[25.7943,59.4604],[25.7949,59.4604],[25.7969,59.4603],[25.8041,59.4602],[25.8152,59.4601],[25.8162,59.46],[25.8271,59.4599],[25.83,59.4597],[25.8379,59.4589],[25.8418,59.4585],[25.8455,59.4582],[25.8531,59.4571],[25.8607,59.4568],[25.8625,59.4567],[25.8644,59.4566],[25.8665,59.4565],[25.8678,59.4564],[25.8702,59.4562],[25.8973,59.4551],[25.9097,59.4547],[25.9113,59.4546],[25.9125,59.4545],[25.9157,59.4544],[25.9192,59.4543],[25.9206,59.4542],[25.922,59.4542],[25.9229,59.4541],[25.9269,59.454],[25.9338,59.454],[25.9353,59.4541],[25.9381,59.4543],[25.9393,59.4544],[25.9474,59.4551],[25.9489,59.4552],[25.9495,59.4552],[25.9498,59.4552],[25.9535,59.4555],[25.9561,59.4557],[25.9592,59.456],[25.9614,59.4562],[25.9642,59.4564],[25.9672,59.4567],[25.9681,59.4568],[25.9725,59.4575],[25.9768,59.4584],[25.9862,59.4606],[25.9896,59.4613],[25.9952,59.4622],[25.9996,59.4627],[26.0019,59.4628],[26.0026,59.4629],[26.0039,59.4629],[26.0063,59.463],[26.0102,59.463],[26.015,59.4628],[26.0216,59.4621],[26.0264,59.4613],[26.0329,59.4599],[26.0486,59.4555],[26.0547,59.4537],[26.0682,59.4499],[26.0715,59.449],[26.0735,59.4485],[26.0754,59.4481],[26.0811,59.4469],[26.0831,59.4466],[26.0866,59.446],[26.087,59.4459],[26.089,59.4456],[26.0905,59.4453],[26.0927,59.4449],[26.1106,59.4418],[26.1174,59.4407],[26.1244,59.4399],[26.1338,59.4389],[26.1358,59.4387],[26.1418,59.4381],[26.1476,59.4374],[26.1524,59.4369],[26.2454,59.4266],[26.2602,59.425],[26.2632,59.4246],[26.2724,59.4236],[26.2776,59.423],[26.278,59.423],[26.2804,59.4227],[26.2856,59.4221],[26.2863,59.422],[26.2902,59.4216],[26.2945,59.4212],[26.2915,59.4216],[26.29,59.4217],[26.2797,59.4229],[26.2774,59.4232],[26.2638,59.4247],[26.2455,59.4267],[26.1511,59.4372],[26.1483,59.4375],[26.1422,59.4381],[26.1396,59.4384],[26.1362,59.4387],[26.1324,59.4391],[26.1245,59.44],[26.1154,59.4413],[26.1107,59.442],[26.0951,59.4447],[26.0938,59.4449],[26.0928,59.4451],[26.0871,59.4461],[26.0817,59.447],[26.0762,59.4481],[26.0738,59.4486],[26.0714,59.4493],[26.0693,59.4498],[26.0677,59.4503],[26.0624,59.4517],[26.0331,59.46],[26.0265,59.4615],[26.0216,59.4622],[26.0139,59.463],[26.0082,59.4631],[26.0054,59.4631],[26.0033,59.463],[26.0024,59.463],[26.0016,59.4629],[26.0002,59.4628],[25.9957,59.4624],[25.9914,59.4618],[25.9839,59.4602],[25.9747,59.4581],[25.9675,59.4569],[25.9672,59.4569],[25.9623,59.4564],[25.9608,59.4563],[25.9534,59.4557],[25.9498,59.4554],[25.9494,59.4554],[25.949,59.4554],[25.9469,59.4552],[25.9455,59.4551],[25.9436,59.4549],[25.9415,59.4548],[25.94,59.4546],[25.9389,59.4546],[25.9323,59.4542],[25.9304,59.4541],[25.9283,59.4541],[25.924,59.4543],[25.9225,59.4543],[25.922,59.4544],[25.9204,59.4544],[25.9166,59.4546],[25.913,59.4547],[25.9109,59.4548],[25.9104,59.4548],[25.8978,59.4553],[25.8889,59.4557],[25.8676,59.4566],[25.8661,59.4567],[25.8646,59.4568],[25.8633,59.4569],[25.8619,59.457],[25.8608,59.4571],[25.8531,59.458],[25.8492,59.4585],[25.847,59.4588],[25.8456,59.459],[25.8373,59.4598],[25.8359,59.4598],[25.8334,59.4599],[25.8308,59.46],[25.8245,59.4601],[25.8224,59.4601],[25.8199,59.4602],[25.8185,59.4602],[25.8164,59.4602],[25.8148,59.4603],[25.809,59.4603],[25.8063,59.4604],[25.7979,59.4605],[25.7966,59.4605],[25.7924,59.4606],[25.7873,59.4608],[25.7803,59.4611],[25.772,59.4618],[25.771,59.4619],[25.753,59.4635],[25.7471,59.4639],[25.746,59.464],[25.7441,59.4641],[25.7402,59.4642],[25.7326,59.4643],[25.7256,59.4642],[25.7095,59.4638],[25.7076,59.4638],[25.7064,59.4638],[25.7054,59.4638],[25.703,59.4637],[25.7026,59.4637],[25.7007,59.4637],[25.6997,59.4637],[25.689,59.4634],[25.6787,59.4632],[25.6768,59.4632],[25.6742,59.4632],[25.6597,59.4629],[25.6486,59.4626],[25.6442,59.4626],[25.6433,59.4625],[25.6413,59.4625],[25.6403,59.4625],[25.6392,59.4625],[25.6369,59.4624],[25.6326,59.4623],[25.6311,59.4623],[25.6204,59.4621],[25.6152,59.4619],[25.612,59.4618],[25.6053,59.4615],[25.6021,59.4613],[25.5995,59.4611],[25.5912,59.4606],[25.5867,59.4604],[25.5845,59.4602],[25.5839,59.4602],[25.5806,59.46],[25.5568,59.4586],[25.555,59.4584],[25.5527,59.4583],[25.5492,59.4581],[25.528,59.4568],[25.5258,59.4567],[25.5183,59.4562],[25.5177,59.4562],[25.512,59.4558],[25.5099,59.4556],[25.5079,59.4554],[25.492,59.4539],[25.4795,59.4527],[25.477,59.4525],[25.4576,59.4506],[25.4522,59.4501],[25.4448,59.4494],[25.4426,59.4492],[25.4408,59.449],[25.4394,59.4489],[25.4385,59.4488],[25.4334,59.4485],[25.4325,59.4485],[25.4125,59.4473],[25.4081,59.4471],[25.4075,59.4471],[25.4037,59.4469],[25.3856,59.4459],[25.3831,59.4457],[25.3809,59.4456],[25.3766,59.4453],[25.3759,59.4453],[25.3688,59.4449],[25.3656,59.4447],[25.365,59.4447],[25.3573,59.4443],[25.357,59.4443],[25.3548,59.4441],[25.3533,59.444],[25.35,59.4439],[25.3283,59.4427],[25.3179,59.4421],[25.3128,59.4418],[25.3112,59.4417],[25.3097,59.4416],[25.3094,59.4416],[25.3071,59.4415],[25.3035,59.4413],[25.2953,59.4408],[25.2897,59.4405],[25.2861,59.4403],[25.2808,59.44],[25.2801,59.4399],[25.2795,59.4399],[25.2772,59.4398],[25.2748,59.4396],[25.2741,59.4396],[25.2732,59.4396],[25.2716,59.4395],[25.2697,59.4394],[25.2686,59.4393],[25.2639,59.439],[25.2522,59.4384],[25.249,59.4382],[25.2474,59.4381],[25.24,59.4377],[25.2392,59.4376],[25.2283,59.437],[25.2203,59.4365],[25.2184,59.4364],[25.2168,59.4363],[25.2121,59.4361],[25.1992,59.4353],[25.1967,59.4352],[25.194,59.435],[25.1932,59.435],[25.1897,59.4348],[25.1884,59.4347],[25.1843,59.4346],[25.1816,59.4346],[25.1773,59.4347],[25.1702,59.4352],[25.1679,59.4355],[25.1678,59.4355],[25.1672,59.4356],[25.1658,59.4357],[25.1655,59.4358],[25.1643,59.436],[25.1502,59.4382],[25.1435,59.4392],[25.1416,59.4395],[25.1395,59.4399],[25.1394,59.4399],[25.1363,59.4404],[25.1342,59.4407],[25.1338,59.4408],[25.1332,59.4409],[25.1328,59.4409],[25.1227,59.4425],[25.121,59.4428],[25.1196,59.443],[25.1181,59.4433],[25.1175,59.4434],[25.1165,59.4435],[25.0884,59.448],[25.0862,59.4483],[25.0784,59.4496],[25.0742,59.4501],[25.0703,59.4505],[25.0698,59.4505],[25.0692,59.4505],[25.0672,59.4506],[25.0653,59.4507],[25.0646,59.4507],[25.0632,59.4508],[25.0508,59.4513],[25.0505,59.4513],[25.0503,59.4513],[25.0486,59.4514],[25.0401,59.4517],[25.0394,59.4517],[25.0378,59.4518],[25.0308,59.4521],[25.0302,59.4521],[25.0246,59.4523],[25.0156,59.4526],[25.0125,59.4526],[25.0109,59.4526],[25.0074,59.4525],[25.0039,59.4523],[24.9971,59.4519],[24.9933,59.4516],[24.9915,59.4515],[24.9713,59.4502],[24.962,59.4495],[24.9396,59.448],[24.9321,59.4475],[24.9287,59.4472],[24.9253,59.4467],[24.9226,59.4461],[24.9169,59.445],[24.9156,59.4448],[24.9148,59.4446],[24.9139,59.4444],[24.9128,59.4442],[24.9112,59.4439],[24.9088,59.4434],[24.9081,59.4432],[24.9072,59.4431],[24.9065,59.4429],[24.9042,59.4425],[24.9025,59.4421],[24.901,59.4418],[24.9003,59.4417],[24.899,59.4414],[24.8975,59.4411],[24.8968,59.441]],[[24.8086,59.4264],[24.8099,59.4265],[24.813,59.4266],[24.8132,59.4266],[24.8135,59.4267],[24.8179,59.4269],[24.8181,59.4269],[24.819,59.427],[24.8195,59.427],[24.8205,59.4271],[24.822,59.4271],[24.8226,59.4272],[24.8229,59.4272],[24.8232,59.4272],[24.8237,59.4273],[24.8244,59.4274],[24.8262,59.4277],[24.8267,59.4278],[24.8328,59.4289],[24.8332,59.4289],[24.8344,59.4291],[24.8349,59.4292],[24.8351,59.4293],[24.8352,59.4293],[24.8354,59.4293],[24.8356,59.4293],[24.8363,59.4295],[24.8366,59.4295],[24.8373,59.4297],[24.8384,59.4298],[24.8438,59.4308],[24.8466,59.4312],[24.8471,59.4313],[24.8474,59.4314],[24.8488,59.4316],[24.8496,59.4318],[24.8509,59.432],[24.8514,59.4321],[24.8542,59.4325],[24.8556,59.4328],[24.856,59.4329],[24.8569,59.433],[24.8596,59.4335],[24.8599,59.4336],[24.86,59.4336],[24.8602,59.4337],[24.8611,59.4338],[24.8648,59.4346],[24.8652,59.4347],[24.868,59.4352],[24.869,59.4354],[24.8695,59.4355],[24.8702,59.4357],[24.8734,59.4363],[24.8742,59.4365],[24.8744,59.4365],[24.8758,59.4368],[24.8768,59.437],[24.8777,59.4372],[24.8877,59.4392],[24.8904,59.4397],[24.8917,59.44],[24.8921,59.44]],[[28.0479,59.4047],[28.0501,59.4043],[28.0535,59.4031],[28.0551,59.4026],[28.0621,59.4014],[28.0647,59.401],[28.0698,59.4],[28.0728,59.3992],[28.0756,59.3979],[28.0774,59.3969],[28.0788,59.3957],[28.0808,59.3945],[28.0892,59.3923],[28.0914,59.3917],[28.0929,59.3913],[28.0942,59.391],[28.0966,59.3906],[28.0975,59.3904],[28.0998,59.3901],[28.1025,59.39],[28.1056,59.39],[28.1119,59.3898],[28.1168,59.3896],[28.1231,59.389],[28.1276,59.3887],[28.1294,59.3887],[28.1298,59.3888],[28.1299,59.3888],[28.1303,59.3888],[28.1306,59.3888],[28.1313,59.3889],[28.1315,59.389],[28.1344,59.3893],[28.137,59.3893],[28.1418,59.3882],[28.1452,59.3874],[28.1483,59.3867],[28.1519,59.3859],[28.1533,59.3856],[28.1546,59.3853],[28.1547,59.3852],[28.1552,59.3851],[28.1571,59.3847],[28.1572,59.3847],[28.1578,59.3845],[28.1584,59.3844],[28.1597,59.3841],[28.1598,59.3841],[28.1608,59.3838],[28.161,59.3838],[28.1628,59.3833],[28.1632,59.3833],[28.1638,59.3831],[28.1648,59.3829],[28.166,59.3826],[28.1662,59.3826],[28.1685,59.3821],[28.1699,59.3817],[28.17,59.3817],[28.1708,59.3815],[28.173,59.381],[28.1739,59.3808],[28.1742,59.3807],[28.1744,59.3807],[28.1764,59.3802],[28.1766,59.3802],[28.177,59.3801],[28.1775,59.38],[28.179,59.3796],[28.1792,59.3796],[28.1794,59.3795],[28.1796,59.3795],[28.1802,59.3794],[28.1806,59.3793],[28.1857,59.3781],[28.186,59.378],[28.1862,59.378],[28.1887,59.3774],[28.191,59.3769],[28.1912,59.3769],[28.1915,59.3768],[28.1918,59.3765],[28.1921,59.3765],[28.1923,59.3768],[28.1919,59.3769],[28.1917,59.3769],[28.1916,59.3769],[28.1915,59.3768]],[[28.1931,59.3765],[28.1927,59.3767],[28.1923,59.3768]],[[27.3933,59.3685],[27.3916,59.3686],[27.3912,59.3687],[27.3909,59.3687],[27.3904,59.3688],[27.3902,59.3688],[27.387,59.3697],[27.3863,59.37],[27.3856,59.3703],[27.385,59.3707],[27.3842,59.3713],[27.3801,59.3747],[27.3788,59.3758],[27.378,59.3763],[27.3763,59.3774],[27.3711,59.3801],[27.368,59.3814],[27.3647,59.3825],[27.3613,59.3834],[27.3576,59.3842],[27.3549,59.3848],[27.3503,59.3859],[27.3476,59.3866],[27.345,59.3874],[27.3425,59.3884],[27.339,59.3906],[27.3367,59.3931],[27.3338,59.3973],[27.3333,59.3979],[27.3304,59.4009],[27.3272,59.4034],[27.326,59.4042],[27.3252,59.4047],[27.3233,59.4057],[27.3203,59.4071],[27.3167,59.4084],[27.3202,59.407],[27.3242,59.4051],[27.3258,59.4042],[27.3271,59.4033],[27.3288,59.4022],[27.3315,59.3997],[27.3336,59.3972],[27.337,59.3924],[27.3388,59.3906],[27.3418,59.3886],[27.3431,59.388],[27.3474,59.3864],[27.3502,59.3858],[27.3532,59.3851],[27.3575,59.3841],[27.3612,59.3833],[27.3629,59.3829],[27.3661,59.3819],[27.3694,59.3807],[27.3743,59.3784],[27.3777,59.3763],[27.3785,59.3757],[27.3799,59.3747],[27.3814,59.3734],[27.3839,59.3713],[27.3844,59.3709],[27.3851,59.3705],[27.3857,59.3702],[27.3869,59.3696],[27.3886,59.3691],[27.3898,59.3688],[27.3905,59.3687],[27.3907,59.3687],[27.391,59.3686],[27.3912,59.3686],[27.3942,59.3684],[27.3975,59.3684],[27.4012,59.3684],[27.4068,59.3683],[27.4088,59.3683],[27.4101,59.3683],[27.4106,59.3683],[27.4127,59.3683],[27.4132,59.3683],[27.4143,59.3682],[27.4172,59.3681],[27.42,59.368],[27.4209,59.3678],[27.425,59.3674],[27.4347,59.3662],[27.4419,59.3652],[27.4502,59.3642],[27.4511,59.3641],[27.4522,59.3639],[27.4538,59.3638],[27.4583,59.3632],[27.4604,59.363],[27.463,59.363],[27.4631,59.363],[27.4665,59.3637],[27.4677,59.3641],[27.469,59.3646],[27.4698,59.3648],[27.4745,59.3664],[27.4758,59.3669],[27.4824,59.3691],[27.4859,59.3703],[27.4866,59.3705],[27.4906,59.3718],[27.4948,59.3732],[27.4967,59.3737],[27.5003,59.3739],[27.5018,59.3739],[27.5037,59.3739],[27.5055,59.3739],[27.5058,59.3739],[27.5063,59.374],[27.5069,59.374],[27.507,59.374],[27.5091,59.3741],[27.5092,59.3741],[27.5099,59.3741],[27.5102,59.3741],[27.5117,59.3742],[27.5127,59.3742],[27.5115,59.3741],[27.51,59.3741],[27.5092,59.374],[27.5076,59.374],[27.5058,59.3739]],[[27.9977,59.3951],[27.9993,59.3955],[28.003,59.3966],[28.0069,59.3983],[28.0144,59.4017],[28.0182,59.404],[28.0221,59.4055],[28.0242,59.4061],[28.0267,59.4067],[28.0288,59.4069],[28.0298,59.407],[28.0302,59.407],[28.0305,59.407],[28.0316,59.407],[28.0318,59.4069],[28.0351,59.4066],[28.0354,59.4065],[28.0379,59.4063],[28.0429,59.4056],[28.0431,59.4056],[28.0479,59.4047]],[[26.4097,59.3816],[26.4089,59.3819],[26.4047,59.3835],[26.3999,59.3862],[26.3946,59.3891],[26.393,59.39],[26.3917,59.3907],[26.3913,59.3909],[26.39,59.3917],[26.3868,59.3933],[26.3829,59.3949],[26.3822,59.3952],[26.3818,59.3954],[26.3814,59.3955],[26.3808,59.3958],[26.3791,59.3965],[26.3769,59.3975],[26.3728,59.3993],[26.3723,59.3996],[26.3701,59.4009],[26.3685,59.4023],[26.3683,59.4025],[26.368,59.4028],[26.3675,59.4032],[26.3673,59.4034],[26.367,59.4037],[26.3653,59.4051],[26.3648,59.4056],[26.3634,59.4067],[26.3622,59.4078],[26.3603,59.4093],[26.3581,59.4106],[26.3565,59.4113],[26.354,59.4125],[26.3481,59.4146],[26.3435,59.4156],[26.3415,59.4159],[26.3396,59.4161],[26.3359,59.4165],[26.3357,59.4166],[26.3349,59.4167],[26.301,59.4204],[26.2979,59.4208],[26.2945,59.4212]],[[26.4421,59.365],[26.4413,59.365],[26.4372,59.3649],[26.4362,59.365],[26.4352,59.3651],[26.4332,59.3657],[26.4322,59.3662],[26.4316,59.3667],[26.431,59.3672],[26.4305,59.368],[26.4304,59.3682],[26.4293,59.3698],[26.4283,59.3711],[26.4264,59.3729],[26.4227,59.3754],[26.4202,59.3768],[26.4177,59.378],[26.4169,59.3784],[26.4153,59.3791],[26.415,59.3792],[26.4148,59.3793],[26.4142,59.3796],[26.4139,59.3798],[26.4097,59.3816]],[[27.0773,59.4032],[27.0739,59.4034],[27.0723,59.4036],[27.071,59.4038],[27.0701,59.404],[27.0707,59.4038],[27.073,59.4034],[27.0738,59.4033],[27.0739,59.4033],[27.0747,59.4033],[27.078,59.4032],[27.0788,59.4032],[27.0807,59.4032],[27.0877,59.4032],[27.0892,59.4034],[27.0907,59.4036],[27.0926,59.4039],[27.0941,59.4041],[27.0948,59.4042],[27.0953,59.4042],[27.0959,59.4043],[27.0968,59.4044],[27.0974,59.4044],[27.0996,59.4049],[27.1009,59.4053],[27.1026,59.4058],[27.1033,59.406],[27.1058,59.4067],[27.1068,59.407],[27.1083,59.4074],[27.1104,59.408],[27.1119,59.4083],[27.112,59.4083],[27.1142,59.4087],[27.1189,59.4095],[27.1201,59.4097],[27.1268,59.4108],[27.1285,59.4111],[27.1312,59.4117],[27.1357,59.4128],[27.1386,59.4138],[27.1393,59.414],[27.1427,59.415],[27.1446,59.4155],[27.1448,59.4155],[27.1471,59.4161],[27.1499,59.4167],[27.1519,59.417],[27.1574,59.4179],[27.1589,59.4182],[27.1622,59.4186],[27.1648,59.4191],[27.1663,59.4194],[27.1698,59.4202],[27.1703,59.4203],[27.1728,59.4208],[27.1798,59.4218],[27.1828,59.422],[27.1873,59.422],[27.1902,59.4218],[27.192,59.4217],[27.2002,59.4211],[27.2017,59.4211],[27.2077,59.4211],[27.2125,59.421],[27.214,59.421],[27.2172,59.421],[27.2216,59.421],[27.2346,59.4209],[27.2489,59.4208],[27.2491,59.4208],[27.2724,59.4206],[27.2745,59.4205],[27.2764,59.4204],[27.2795,59.42],[27.2849,59.4189],[27.2853,59.4188],[27.2925,59.4164],[27.2994,59.4142],[27.2998,59.414],[27.3023,59.4132],[27.309,59.4109],[27.3092,59.4109],[27.3093,59.4108],[27.3167,59.4084]],[[26.6943,59.4291],[26.6898,59.4279],[26.6847,59.4267],[26.6752,59.4251],[26.6718,59.4244],[26.6667,59.4231],[26.6644,59.4225],[26.6595,59.4211],[26.6579,59.4203],[26.6571,59.4197],[26.6518,59.4147],[26.6503,59.4135],[26.6485,59.4124],[26.6449,59.4107],[26.6407,59.4087],[26.6378,59.407],[26.6349,59.4044],[26.6339,59.4035],[26.632,59.4018],[26.6311,59.4011],[26.6304,59.4004],[26.6289,59.3991],[26.6269,59.3973],[26.6229,59.3938],[26.6228,59.3937],[26.6192,59.391],[26.6175,59.3896],[26.615,59.387],[26.6119,59.3848],[26.6055,59.3816],[26.6041,59.381],[26.6004,59.3798],[26.6002,59.3797],[26.5907,59.3767],[26.5886,59.3761],[26.5869,59.3756],[26.5846,59.3749],[26.584,59.3747],[26.5831,59.3744],[26.5814,59.3738],[26.5809,59.3737],[26.5797,59.3733],[26.5794,59.3732],[26.576,59.3722],[26.5741,59.3717],[26.5735,59.3715],[26.5674,59.3703],[26.5628,59.3696],[26.5573,59.3691],[26.5518,59.3689],[26.5516,59.3689],[26.5499,59.3689],[26.5487,59.3688],[26.5479,59.3688],[26.5467,59.3687],[26.5352,59.3683],[26.5072,59.3673],[26.5069,59.3673],[26.4983,59.367],[26.4912,59.3668],[26.4629,59.3658],[26.4609,59.3657],[26.4592,59.3656],[26.4465,59.3652],[26.4456,59.3652],[26.4421,59.365]],[[27.8083,59.3876],[27.8105,59.3873],[27.8124,59.387],[27.8162,59.3865],[27.8258,59.3852],[27.8387,59.3834],[27.8389,59.3833],[27.8549,59.3811],[27.8746,59.3784],[27.8756,59.3783],[27.879,59.3778],[27.8794,59.3778],[27.8866,59.3769],[27.8903,59.3767],[27.909,59.3771],[27.9172,59.3778],[27.9184,59.3779],[27.9206,59.3782],[27.9219,59.3783],[27.922,59.3783],[27.9234,59.3784],[27.9251,59.3784],[27.9219,59.3783],[27.9189,59.378],[27.9172,59.3778]],[[27.9251,59.3784],[27.9289,59.3781],[27.9313,59.3775],[27.9323,59.3772],[27.933,59.3769],[27.937,59.3756],[27.9396,59.3751],[27.9413,59.375],[27.9416,59.375],[27.9429,59.375],[27.9479,59.3751],[27.9505,59.3759],[27.9522,59.3768],[27.9567,59.3784],[27.9574,59.3787],[27.9617,59.3807],[27.9689,59.3842],[27.9696,59.3846],[27.9724,59.3857],[27.9764,59.3881],[27.9766,59.3882],[27.9767,59.3883],[27.9787,59.3893],[27.979,59.3894],[27.9813,59.39],[27.9834,59.3904],[27.989,59.3916],[27.992,59.3927],[27.9956,59.3944],[27.9977,59.3951]],[[27.6908,59.3919],[27.6929,59.3918],[27.7046,59.3916],[27.7068,59.3915],[27.7194,59.3913],[27.7224,59.3913],[27.7256,59.3913],[27.7282,59.3913],[27.7297,59.3913],[27.7301,59.3913],[27.736,59.3913],[27.7364,59.3913],[27.7389,59.3911],[27.7432,59.3908],[27.7459,59.3907],[27.7482,59.3908],[27.7506,59.391],[27.7538,59.3912],[27.7554,59.3911],[27.7606,59.391],[27.7622,59.391],[27.7634,59.3909],[27.7656,59.3909],[27.7666,59.3909],[27.7677,59.3909],[27.7692,59.3907],[27.7708,59.3906],[27.771,59.3905],[27.7742,59.3903],[27.7755,59.3902],[27.7795,59.3902],[27.7804,59.3902],[27.7839,59.39],[27.7846,59.3899],[27.7865,59.3898],[27.7908,59.3895],[27.794,59.3892],[27.7961,59.3891],[27.8002,59.3887],[27.802,59.3884],[27.8044,59.3881],[27.8083,59.3876]],[[27.5127,59.3742],[27.5158,59.3744],[27.5217,59.3746],[27.5243,59.3748],[27.5295,59.3758],[27.5353,59.377],[27.541,59.3781],[27.5487,59.3797],[27.5518,59.3804],[27.5521,59.3804],[27.5523,59.3805],[27.5526,59.3805],[27.5539,59.3805],[27.5562,59.3804],[27.5566,59.3804],[27.5572,59.3804],[27.5588,59.3804],[27.5597,59.3804],[27.5608,59.3806],[27.5636,59.3816],[27.5659,59.3829],[27.5661,59.3829],[27.5666,59.3832],[27.5678,59.3838],[27.5685,59.3842],[27.5698,59.3849],[27.5703,59.3852],[27.575,59.3877],[27.5762,59.3883],[27.5775,59.389],[27.578,59.3893],[27.5781,59.3893],[27.5789,59.3896],[27.5803,59.3899],[27.5832,59.3902],[27.5799,59.3898],[27.5781,59.3892],[27.5777,59.3891],[27.575,59.3877]],[[26.9541,59.4286],[26.9539,59.4286],[26.9479,59.4303],[26.945,59.4314],[26.9448,59.4315],[26.9405,59.4325],[26.9388,59.433],[26.9383,59.4331],[26.9374,59.4334],[26.9364,59.4337],[26.9334,59.4344],[26.9307,59.4352],[26.9265,59.436],[26.9259,59.4361],[26.9226,59.4367],[26.9124,59.4383],[26.9087,59.4385],[26.9065,59.4384],[26.9054,59.4383],[26.9044,59.4381],[26.9038,59.4381],[26.8998,59.4375],[26.8969,59.4375],[26.8923,59.4378],[26.8888,59.4379],[26.8879,59.4378],[26.8866,59.4378],[26.8858,59.4378],[26.8828,59.4377],[26.8759,59.4375],[26.8724,59.4374],[26.8691,59.4373],[26.8668,59.4373],[26.8635,59.4375],[26.8595,59.4382],[26.8561,59.4386],[26.8547,59.4387],[26.8536,59.4389],[26.8518,59.4391],[26.8507,59.4392],[26.8506,59.4392],[26.8497,59.4394],[26.8485,59.4395],[26.8471,59.4397],[26.8458,59.44],[26.8452,59.4401],[26.847,59.4397],[26.848,59.4395],[26.8485,59.4394],[26.8506,59.4392],[26.8536,59.4389],[26.8547,59.4387]],[[27.0644,59.4052],[27.0579,59.4067],[27.0526,59.4085],[27.0495,59.4097],[27.0458,59.411],[27.0456,59.4111],[27.0436,59.4116],[27.0404,59.412],[27.0342,59.412],[27.0302,59.4121],[27.0281,59.4121],[27.0271,59.4121],[27.0263,59.4122],[27.0261,59.4122],[27.0258,59.4122],[27.0253,59.4122],[27.0246,59.4122],[27.0234,59.4122],[27.0221,59.4121],[27.0239,59.4121],[27.0246,59.4121],[27.0248,59.4121],[27.0253,59.4121],[27.0258,59.4121],[27.0261,59.4121],[27.0263,59.4121],[27.0271,59.4121],[27.0274,59.4121],[27.0281,59.4121]],[[27.0005,59.4117],[26.9963,59.4117],[26.9937,59.4118],[26.993,59.4119],[26.9915,59.4122],[26.9862,59.4136],[26.9845,59.414],[26.9835,59.4143],[26.9833,59.4143],[26.9829,59.4145],[26.981,59.415],[26.9792,59.4156],[26.974,59.418],[26.9721,59.4191],[26.9708,59.4203],[26.968,59.422],[26.964,59.4239],[26.9612,59.4254],[26.9579,59.4268],[26.9559,59.4278],[26.9555,59.428],[26.9546,59.4284],[26.9543,59.4285],[26.9541,59.4286]],[[27.0166,59.412],[27.0139,59.412],[27.0118,59.412],[27.0106,59.4119],[27.0095,59.4119],[27.0089,59.4119],[27.0076,59.4119],[27.0065,59.4119],[27.0033,59.4118],[27.0022,59.4118],[27.0008,59.4118],[27.0005,59.4117]],[[28.1932,59.3764],[28.1936,59.3763],[28.1943,59.3762],[28.1944,59.3762],[28.1946,59.3761],[28.196,59.376],[28.1966,59.3761],[28.1967,59.3762],[28.1971,59.3762],[28.1972,59.3762],[28.1974,59.3763],[28.1975,59.3763],[28.1976,59.3763],[28.1979,59.3763],[28.198,59.3763],[28.1982,59.3763],[28.2014,59.3768],[28.2024,59.3768],[28.1999,59.3765],[28.1984,59.3763],[28.1981,59.3763],[28.198,59.3763],[28.1979,59.3762],[28.1976,59.3762],[28.1975,59.3762],[28.1973,59.3761],[28.1972,59.3761],[28.1968,59.376],[28.1966,59.376],[28.1965,59.376],[28.196,59.376]],[[28.1916,59.377],[28.1912,59.377],[28.1902,59.3772],[28.19,59.3772],[28.1888,59.3775],[28.1877,59.3777],[28.1862,59.3781],[28.186,59.3781],[28.1858,59.3782],[28.1808,59.3793],[28.1802,59.3795],[28.1796,59.3796],[28.1794,59.3797],[28.1792,59.3797],[28.179,59.3797],[28.1783,59.3799],[28.1776,59.3801],[28.1767,59.3803],[28.1764,59.3803],[28.1742,59.3808],[28.174,59.3809],[28.1731,59.3811],[28.1709,59.3816],[28.1701,59.3818],[28.1699,59.3818],[28.1686,59.3821],[28.1662,59.3826],[28.166,59.3827],[28.1648,59.383],[28.1632,59.3833],[28.1629,59.3834],[28.1624,59.3835],[28.161,59.3838]],[[26.8313,59.4403],[26.831,59.4403],[26.8228,59.44],[26.8122,59.4397],[26.8089,59.4397],[26.8061,59.44],[26.8048,59.4403],[26.8011,59.441],[26.7968,59.442],[26.7925,59.4427],[26.7877,59.4432],[26.78,59.4442],[26.7739,59.4447],[26.7636,59.4452],[26.7605,59.4453],[26.7563,59.4449],[26.752,59.4443],[26.7477,59.4432],[26.7464,59.443],[26.7461,59.443],[26.7458,59.443],[26.7439,59.4428],[26.7414,59.4424],[26.7389,59.4414],[26.7375,59.4408],[26.7341,59.4397],[26.7293,59.4381],[26.7291,59.438],[26.7239,59.437],[26.7146,59.4359],[26.713,59.4356],[26.7124,59.4354],[26.7091,59.4346],[26.7067,59.4338],[26.7004,59.4309],[26.6976,59.43],[26.6957,59.4295],[26.6943,59.4291],[26.6949,59.4293],[26.6968,59.4298],[26.6976,59.43],[26.6976,59.4301],[26.6987,59.4304],[26.6998,59.4307],[26.7004,59.4309]],[[26.8388,59.4404],[26.8376,59.4404],[26.8313,59.4403]],[[27.5832,59.3902],[27.5866,59.3905],[27.5873,59.3906],[27.5878,59.3906],[27.5893,59.3908],[27.5907,59.3909],[27.5929,59.3911],[27.6015,59.3923],[27.6055,59.3928],[27.6104,59.3929],[27.6166,59.3931],[27.6186,59.3931],[27.619,59.3931],[27.6202,59.3932],[27.6215,59.3932],[27.6231,59.3933],[27.6285,59.3936],[27.6311,59.3938],[27.6327,59.3938],[27.6427,59.3933],[27.6533,59.3927],[27.6679,59.3925],[27.6774,59.3922],[27.6908,59.3919]],[[26.8452,59.4401],[26.8441,59.4402],[26.8435,59.4402],[26.8427,59.4403],[26.8426,59.4403],[26.8424,59.4403],[26.8414,59.4403],[26.8406,59.4404],[26.8412,59.4403],[26.8414,59.4403],[26.8417,59.4403],[26.8424,59.4403]],[[28.1944,59.3762],[28.1943,59.3762],[28.1936,59.3764],[28.1931,59.3765]],[[28.1929,59.3765],[28.1932,59.3764]],[[28.1921,59.3765],[28.1924,59.3766],[28.1929,59.3765]],[[27.0221,59.4121],[27.0193,59.4121],[27.0166,59.412]],[[26.8406,59.4404],[26.84,59.4404],[26.8391,59.4404],[26.8388,59.4404]],[[27.0691,59.4042],[27.0644,59.4052]],[[28.131,59.389],[28.1307,59.3889],[28.1298,59.3889],[28.1293,59.3888],[28.1276,59.3887]],[[28.1337,59.3893],[28.1329,59.3892],[28.1315,59.389],[28.131,59.389]],[[28.1344,59.3893],[28.1337,59.3893]],[[27.0788,59.4032],[27.0773,59.4032]],[[27.0701,59.404],[27.0691,59.4042]],[[27.2216,59.421],[27.2172,59.421],[27.2125,59.421]],[[27.4068,59.3683],[27.3979,59.3685],[27.3951,59.3685],[27.3933,59.3685]],[[28.1917,59.3769],[28.1916,59.377]]]},"properties":{"fclass":"trunk","ref":"1"}},
{"type":"Feature","geometry":{"type":"MultiLineString","coordinates":[[[28.1923,59.3768],[28.1924,59.377],[28.1926,59.3774],[28.1928,59.3774],[28.194,59.3777],[28.1957,59.3779],[28.1958,59.3779],[28.1961,59.3775],[28.1963,59.3773],[28.1974,59.3766],[28.1976,59.3766],[28.198,59.3764],[28.1982,59.3763],[28.1984,59.3763]],[[24.0451,59.3526],[24.0473,59.3521],[24.0482,59.3521],[24.0499,59.351],[24.05,59.351],[24.0519,59.3507],[24.0557,59.3476],[24.056,59.3473],[24.0561,59.3472],[24.0563,59.3471],[24.0564,59.3471],[24.0565,59.347],[24.0567,59.3469],[24.057,59.3469],[24.0582,59.347],[24.0583,59.347],[24.0602,59.3454],[24.0607,59.3451],[24.0608,59.345],[24.0637,59.3445],[24.0649,59.3444],[24.0654,59.3444],[24.0658,59.3444],[24.0671,59.3441],[24.0672,59.3441],[24.0679,59.3439],[24.0715,59.3431],[24.072,59.343],[24.0722,59.3429],[24.0744,59.3424],[24.0757,59.3421],[24.0758,59.3421],[24.0786,59.3418]],[[24.7912,59.4248],[24.787,59.4242],[24.7857,59.424],[24.7851,59.424],[24.7844,59.4239],[24.7793,59.4236],[24.7765,59.4232],[24.7741,59.4226],[24.7733,59.4223],[24.7717,59.4219],[24.7708,59.4217],[24.7704,59.4215],[24.77,59.4214],[24.7696,59.4212],[24.7693,59.4211],[24.7689,59.4208],[24.7682,59.4204],[24.7678,59.4201],[24.7672,59.4195],[24.7651,59.4179],[24.7609,59.4152],[24.7598,59.4143],[24.7591,59.4137],[24.7587,59.4133],[24.7574,59.4122],[24.7555,59.411],[24.7534,59.4101],[24.7387,59.405],[24.7383,59.4049],[24.7377,59.4047],[24.7363,59.4042],[24.7362,59.4042],[24.7357,59.4041],[24.735,59.4039],[24.7343,59.4038],[24.7335,59.4036],[24.7307,59.4032],[24.7298,59.4031]],[[24.7912,59.4247],[24.787,59.4242],[24.7858,59.424],[24.7852,59.4239],[24.7845,59.4238],[24.7801,59.4236],[24.7764,59.423],[24.7737,59.4223],[24.7726,59.422],[24.771,59.4216],[24.7705,59.4214],[24.7701,59.4213],[24.7698,59.4211],[24.7695,59.421],[24.769,59.4208],[24.7687,59.4206],[24.7684,59.4204],[24.7681,59.4201],[24.7674,59.4195],[24.7653,59.4178],[24.7636,59.4167],[24.7627,59.4162],[24.7608,59.4148],[24.7597,59.4139],[24.7587,59.413],[24.7554,59.4108],[24.7553,59.4108],[24.7539,59.4101],[24.738,59.4047],[24.7372,59.4044],[24.7357,59.404],[24.7344,59.4037],[24.7325,59.4033],[24.7319,59.4033],[24.731,59.4032],[24.7298,59.403]],[[28.1918,59.3765],[28.1916,59.3764],[28.1915,59.3762],[28.1914,59.3762],[28.1909,59.376],[28.1913,59.3764],[28.1914,59.3767],[28.1915,59.3768],[28.1916,59.3769]],[[28.2014,59.3768],[28.1984,59.3764],[28.198,59.3764]],[[24.8858,59.3538],[24.8849,59.3545],[24.8839,59.3548]],[[24.8801,59.3519],[24.8791,59.3528],[24.879,59.3532]],[[24.657,59.3166],[24.6576,59.3166]],[[28.1919,59.3769],[28.1921,59.3773],[28.1922,59.3774],[28.1926,59.3774],[28.1928,59.3774]],[[26.6817,58.3574],[26.6818,58.3575],[26.6819,58.3575],[26.682,58.3576],[26.6821,58.3576],[26.6824,58.3576],[26.6825,58.3575],[26.6826,58.3574],[26.6826,58.3573],[26.6826,58.3572],[26.6825,58.3572],[26.6825,58.3571],[26.6824,58.3571],[26.6821,58.3571],[26.6819,58.3574]],[[26.6853,58.3556],[26.6861,58.355]],[[26.686,58.3548],[26.6846,58.3558]],[[28.214,59.3763],[28.2135,59.3763]],[[26.6827,58.3573],[26.6827,58.3572],[26.6826,58.3572],[26.6826,58.3571],[26.6825,58.3571],[26.6822,58.3571],[26.6821,58.3571],[26.682,58.3571],[26.6818,58.3572],[26.6818,58.3574],[26.6819,58.3575],[26.682,58.3575],[26.6821,58.3575],[26.6823,58.3575],[26.6825,58.3572]],[[26.6777,58.354],[26.6777,58.3541],[26.6778,58.3542],[26.6778,58.3541],[26.6784,58.3543],[26.6785,58.3542],[26.6785,58.354],[26.678,58.3539],[26.6782,58.3538],[26.6783,58.3538],[26.6785,58.3539],[26.6786,58.354],[26.6786,58.3542]],[[28.204,59.3767],[28.2024,59.3768]],[[28.1558,59.3732],[28.1547,59.3742],[28.1546,59.3742],[28.1546,59.3741],[28.1539,59.3731],[28.154,59.3726],[28.1546,59.372],[28.1548,59.372],[28.1549,59.372],[28.1551,59.372],[28.1554,59.3721],[28.156,59.3725],[28.156,59.3726],[28.1558,59.373],[28.1563,59.3726],[28.1565,59.3726],[28.1564,59.3724],[28.1579,59.3728],[28.1569,59.3727],[28.1565,59.3726]],[[26.6761,58.3789],[26.676,58.3795],[26.675,58.3794],[26.6749,58.3789],[26.6752,58.3788],[26.6761,58.3789]],[[26.7263,58.3869],[26.726,58.3867],[26.7261,58.3864],[26.7266,58.3864],[26.7268,58.3866],[26.7268,58.3867],[26.7263,58.3869]],[[28.156,59.3725],[28.1563,59.3724],[28.1555,59.3721],[28.1582,59.3728],[28.1579,59.3728]],[[27.3938,59.3669],[27.3937,59.3668],[27.3938,59.3666],[27.3939,59.3665],[27.3942,59.3665],[27.3944,59.3665],[27.3946,59.3667],[27.3945,59.3668],[27.3942,59.3669],[27.3941,59.3669],[27.3938,59.3669]],[[24.5011,58.4313],[24.5006,58.4315],[24.5001,58.4313],[24.5001,58.4311],[24.5008,58.4309],[24.5011,58.431],[24.5011,58.4313]],[[27.4106,59.3576],[27.411,59.3577],[27.4111,59.3577],[27.4108,59.3579],[27.4104,59.3578],[27.4104,59.3577],[27.4106,59.3576]],[[27.4167,59.3544],[27.4163,59.3543],[27.4166,59.3541],[27.4169,59.3542],[27.4169,59.3543],[27.4168,59.3544],[27.4167,59.3544]],[[24.4226,59.3144],[24.4228,59.3145],[24.4225,59.3146],[24.4223,59.3145],[24.4225,59.3144],[24.4226,59.3144]],[[28.1974,59.3766],[28.1966,59.3773],[28.1964,59.3776],[28.1959,59.3779],[28.1959,59.378],[28.1957,59.3779]],[[27.0385,57.8493],[27.0383,57.8494],[27.0381,57.8494],[27.0377,57.8493],[27.0377,57.8492],[27.0378,57.8491],[27.0381,57.849],[27.0385,57.8492],[27.0385,57.8493]],[[24.4333,59.312],[24.433,59.3122],[24.4327,59.3122],[24.4325,59.312],[24.4326,59.3119],[24.4329,59.3118],[24.4331,59.3119],[24.4333,59.312]],[[24.4362,59.3111],[24.4363,59.311],[24.4365,59.3109],[24.4368,59.3109],[24.437,59.3111],[24.4369,59.3112],[24.4366,59.3113],[24.4364,59.3112],[24.4362,59.3111]],[[24.4109,59.3175],[24.4107,59.3176],[24.4106,59.3175],[24.4105,59.3174],[24.4107,59.3173],[24.4109,59.3173],[24.411,59.3175],[24.4109,59.3175]],[[27.0004,57.8601],[27.0002,57.8602],[26.9998,57.8602],[26.9998,57.8601],[26.9997,57.8599],[26.9999,57.8598],[27.0003,57.8598],[27.0004,57.8598],[27.0004,57.86],[27.0004,57.8601]],[[28.1729,59.3729],[28.1732,59.3729],[28.1758,59.373],[28.1775,59.3733],[28.1778,59.3734],[28.178,59.3734],[28.18,59.3737],[28.1807,59.3739],[28.1812,59.3739],[28.1817,59.374],[28.1821,59.3741],[28.1822,59.3741],[28.1824,59.3742],[28.1826,59.3742],[28.1834,59.3744],[28.1848,59.3746],[28.1861,59.3749],[28.1862,59.375],[28.187,59.3751],[28.1871,59.3752],[28.1873,59.3752],[28.1886,59.3755],[28.1898,59.3758],[28.1899,59.3758],[28.1909,59.376]],[[24.4285,59.3129],[24.4287,59.3131],[24.4283,59.3132],[24.4282,59.313],[24.4284,59.3129],[24.4285,59.3129]],[[28.1651,59.3728],[28.1653,59.3728],[28.1696,59.3729],[28.1698,59.3729],[28.1727,59.3729],[28.1729,59.3729]],[[24.9084,59.4428],[24.9086,59.4431],[24.9085,59.4432],[24.9084,59.4433],[24.9082,59.4434],[24.908,59.4435],[24.9072,59.4434],[24.907,59.4434],[24.9068,59.4431],[24.9069,59.443],[24.907,59.4428],[24.9072,59.4427],[24.9074,59.4427],[24.9083,59.4427],[24.9084,59.4428]],[[26.6778,58.3541],[26.6778,58.354],[26.678,58.3539]],[[26.6782,58.3543],[26.6781,58.3543],[26.6778,58.3542]],[[26.6784,58.3543],[26.6782,58.3543]],[[28.1563,59.3726],[28.156,59.3726]],[[28.1582,59.3728],[28.1589,59.3728],[28.1614,59.3728],[28.1639,59.3728],[28.1651,59.3728]],[[28.1554,59.3721],[28.1555,59.3721]],[[28.1558,59.3732],[28.1558,59.373]],[[28.1563,59.3724],[28.1564,59.3724]]]},"properties":{"fclass":"trunk","ref":""}},
{"type":"Feature","geometry":{"type":"MultiLineString","coordinates":[[[24.763,59.4328],[24.7629,59.4327],[24.7631,59.4327],[24.7632,59.4326],[24.7635,59.4326],[24.7644,59.4324],[24.766,59.432],[24.767,59.4318],[24.7672,59.4318],[24.7679,59.4316],[24.7686,59.4314],[24.769,59.4313],[24.7691,59.4312],[24.7693,59.4312],[24.7706,59.4306],[24.7713,59.4304],[24.772,59.4301],[24.7724,59.43],[24.7726,59.4299],[24.7726,59.4298],[24.7733,59.4296],[24.7735,59.4295],[24.7739,59.4293],[24.7745,59.4291],[24.7747,59.429],[24.7758,59.4285],[24.7759,59.4285],[24.7761,59.4284],[24.7764,59.4282],[24.7772,59.4279],[24.7775,59.4277],[24.7777,59.4277],[24.7784,59.4273],[24.7786,59.4272],[24.779,59.427],[24.781,59.4259],[24.7815,59.4257],[24.7816,59.4257],[24.7821,59.4255],[24.7835,59.4249],[24.7838,59.4247],[24.784,59.4247],[24.7846,59.4244],[24.7854,59.4241],[24.7857,59.4239],[24.7861,59.4237]],[[24.786,59.4241],[24.7856,59.4243],[24.7852,59.4245],[24.7846,59.4247],[24.784,59.4249],[24.7837,59.425],[24.7837,59.4251],[24.7824,59.4256],[24.7822,59.4256],[24.7817,59.4258],[24.7816,59.4259],[24.781,59.4261],[24.7795,59.4268],[24.7792,59.427],[24.7791,59.4271],[24.7785,59.4274],[24.7783,59.4275],[24.7781,59.4276],[24.7776,59.4278],[24.7765,59.4283],[24.7761,59.4285],[24.7759,59.4285],[24.7758,59.4286],[24.7755,59.4287],[24.775,59.4289],[24.7742,59.4293],[24.773,59.4298],[24.7726,59.43],[24.7724,59.43],[24.7706,59.4308],[24.7696,59.4312],[24.7689,59.4314],[24.7672,59.4319],[24.7671,59.4319],[24.7655,59.4322],[24.7649,59.4324],[24.7645,59.4325],[24.7634,59.4327],[24.7632,59.4328],[24.7633,59.4328],[24.7634,59.4329]]]},"properties":{"fclass":"primary","ref":"2"}},
{"type":"Feature","geometry":{"type":"MultiLineString","coordinates":[[[26.675,58.3794],[26.6745,58.3804],[26.676,58.3795]],[[24.786,59.4241],[24.7861,59.424],[24.7869,59.4234],[24.7875,59.423],[24.7878,59.4228],[24.7881,59.4226],[24.7882,59.4225],[24.7883,59.4224],[24.7885,59.4223],[24.7888,59.4221],[24.7895,59.4215],[24.79,59.4211],[24.7905,59.4208],[24.7912,59.4203],[24.7916,59.42],[24.7918,59.4199],[24.7922,59.4196],[24.7926,59.4193],[24.7955,59.4172],[24.7958,59.4169],[24.7962,59.4166],[24.7967,59.4161],[24.7971,59.4159],[24.7975,59.4155],[24.7979,59.4151],[24.798,59.415],[24.799,59.4141],[24.7994,59.4138],[24.8013,59.4123],[24.8017,59.412],[24.8018,59.4119],[24.8026,59.4112],[24.8035,59.4104],[24.8058,59.4086],[24.8064,59.4081],[24.8065,59.408],[24.8067,59.4078],[24.8069,59.4077],[24.8099,59.4053],[24.8103,59.4049],[24.8105,59.4047],[24.8107,59.4046],[24.8116,59.4039],[24.8117,59.4038],[24.8126,59.4031],[24.8135,59.4023],[24.8136,59.4023],[24.8137,59.4022],[24.8143,59.4017],[24.8151,59.401],[24.8155,59.4007],[24.8164,59.3999],[24.8178,59.3988],[24.8185,59.3982],[24.8194,59.3974],[24.8294,59.3893],[24.8295,59.3891],[24.8307,59.3882],[24.8331,59.3863],[24.8369,59.3831],[24.8396,59.3811],[24.8436,59.3785],[24.8438,59.3784],[24.8498,59.3745],[24.8514,59.3734],[24.8545,59.3715],[24.8566,59.3701],[24.8573,59.3697],[24.8593,59.3684],[24.8622,59.3665],[24.8688,59.3622],[24.8728,59.3596],[24.873,59.3595],[24.8734,59.3592],[24.8752,59.358],[24.8762,59.3574],[24.8772,59.3567],[24.8779,59.3563],[24.8802,59.3548],[24.8807,59.3544],[24.8845,59.352],[24.8851,59.3516],[24.887,59.3503],[24.8887,59.3493],[24.8894,59.3488],[24.9009,59.3413],[24.9031,59.3398],[24.9033,59.3397],[24.9042,59.339],[24.9191,59.3264],[24.921,59.3248],[24.922,59.324],[24.9234,59.3228],[24.9249,59.3216],[24.9309,59.3165],[24.9318,59.3157],[24.9369,59.3114],[24.9391,59.3096],[24.9446,59.3043],[24.9458,59.3034],[24.9493,59.3007],[24.9499,59.3003],[24.9513,59.2994],[24.9548,59.2974],[24.9582,59.2957],[24.9621,59.2935],[24.966,59.2909],[24.9676,59.2896],[24.9712,59.2867],[24.9724,59.2857],[24.9733,59.2851],[25.0103,59.2553],[25.0126,59.2534],[25.0174,59.2495],[25.0211,59.2466],[25.0246,59.2437],[25.0273,59.2407],[25.0291,59.238],[25.03,59.2361],[25.0303,59.2354],[25.0305,59.2347],[25.0327,59.2275],[25.0343,59.2225],[25.0349,59.2205],[25.0353,59.2195],[25.037,59.214],[25.0404,59.2031],[25.0408,59.2018],[25.0414,59.2],[25.042,59.1981],[25.0439,59.1954],[25.0459,59.1936],[25.048,59.1922],[25.0481,59.1921],[25.0519,59.1904],[25.0565,59.189],[25.0588,59.1884],[25.0603,59.188],[25.0608,59.1879],[25.0716,59.1849],[25.0765,59.1839],[25.0795,59.1835],[25.0802,59.1835],[25.0814,59.1833],[25.0822,59.1833],[25.0832,59.1832],[25.0874,59.1832],[25.1029,59.1832],[25.1031,59.1832],[25.1079,59.1833],[25.1089,59.1833],[25.1163,59.1834],[25.1176,59.1834],[25.1187,59.1834],[25.1204,59.1833],[25.1225,59.1832],[25.1242,59.183],[25.1266,59.1828],[25.1271,59.1828],[25.1288,59.1826],[25.1331,59.1818],[25.1384,59.1801],[25.1407,59.1791],[25.1483,59.1753],[25.1484,59.1753],[25.1559,59.1715],[25.1573,59.1708],[25.1584,59.1703],[25.1675,59.1659],[25.1687,59.1654],[25.1705,59.1647],[25.1756,59.1628],[25.1792,59.1617],[25.1838,59.1605],[25.195,59.1576],[25.1969,59.1571],[25.2228,59.1506],[25.223,59.1505],[25.232,59.1483],[25.2363,59.1469],[25.2412,59.145],[25.2441,59.1435],[25.2465,59.1421],[25.2529,59.1376],[25.2531,59.1375],[25.2579,59.134],[25.2669,59.1277],[25.2714,59.1252],[25.2715,59.1251],[25.2754,59.1234],[25.2776,59.1226],[25.2784,59.1224],[25.2816,59.1214],[25.294,59.1184],[25.2972,59.1175],[25.3,59.1165],[25.3032,59.1151],[25.3064,59.1134],[25.3082,59.1122],[25.3108,59.11],[25.3121,59.1086],[25.313,59.1075],[25.3139,59.1059],[25.3153,59.1026],[25.3192,59.0935],[25.3214,59.0896],[25.324,59.0866],[25.3262,59.0845],[25.3283,59.083],[25.3287,59.0827],[25.3306,59.0814],[25.3326,59.0802],[25.3336,59.0797],[25.3368,59.0781],[25.3408,59.0765],[25.3436,59.0754],[25.3449,59.0749],[25.3452,59.0748],[25.3601,59.0695],[25.3609,59.0692],[25.3697,59.066],[25.3745,59.0644],[25.3796,59.0629],[25.384,59.0618],[25.3853,59.0615],[25.3903,59.0605],[25.3997,59.0585],[25.3999,59.0584],[25.4035,59.0575],[25.4068,59.0564],[25.4097,59.0552],[25.4124,59.0539],[25.4155,59.0523],[25.4239,59.0473],[25.4292,59.0442],[25.4362,59.0401],[25.4404,59.038],[25.4443,59.0366],[25.4494,59.0352],[25.4535,59.0344],[25.4611,59.0334],[25.4628,59.0332],[25.4693,59.0324],[25.4728,59.032],[25.4818,59.031],[25.4868,59.0305],[25.491,59.0305],[25.4962,59.0307],[25.508,59.032],[25.5112,59.0322],[25.5122,59.0323],[25.5188,59.0321],[25.5227,59.0317],[25.5273,59.031],[25.5314,59.03],[25.5361,59.0284],[25.5409,59.0262],[25.5439,59.0242],[25.5458,59.0228],[25.5545,59.0145],[25.5576,59.012],[25.5599,59.0103],[25.5645,59.0073],[25.5841,58.9963],[25.5859,58.9952],[25.586,58.9951],[25.5884,58.9935],[25.5893,58.9929],[25.5901,58.9924],[25.5924,58.9906],[25.593,58.9902],[25.5974,58.9861],[25.5993,58.984],[25.6023,58.9799],[25.6046,58.9753],[25.6047,58.9751],[25.6059,58.9707],[25.6064,58.9676],[25.6066,58.9622],[25.607,58.9599],[25.6111,58.9469],[25.6115,58.945],[25.6115,58.9448],[25.6116,58.9428],[25.6112,58.9399],[25.6106,58.9378],[25.6103,58.9355],[25.6104,58.9334],[25.6108,58.9316],[25.6109,58.9313],[25.6125,58.9286],[25.6164,58.9228],[25.6171,58.9217],[25.6184,58.9198],[25.6214,58.9154],[25.6227,58.9137],[25.6229,58.9134],[25.6258,58.9104],[25.626,58.9102],[25.6335,58.9042],[25.6374,58.9019],[25.6403,58.9007],[25.641,58.9004],[25.6415,58.9002],[25.6459,58.8989],[25.6497,58.8979],[25.6501,58.8979],[25.6515,58.8975],[25.6559,58.8965],[25.659,58.8958],[25.6603,58.8954],[25.659,58.8957],[25.6557,58.8964],[25.6515,58.8974],[25.65,58.8977],[25.6459,58.8987],[25.6413,58.9001],[25.6406,58.9004],[25.6366,58.9022],[25.6341,58.9036],[25.6333,58.9042],[25.6258,58.9102],[25.6255,58.9104],[25.6227,58.9134],[25.6224,58.9137],[25.6224,58.9138],[25.621,58.9158],[25.6182,58.9199],[25.6169,58.9217],[25.6168,58.9219],[25.6161,58.9228],[25.6116,58.9295],[25.6107,58.9313],[25.6106,58.9316],[25.6101,58.9334],[25.6101,58.9365],[25.6103,58.9374],[25.6113,58.941],[25.6114,58.942],[25.6114,58.9429],[25.6113,58.9448],[25.6113,58.945],[25.6109,58.9468],[25.6106,58.948],[25.6102,58.9493],[25.607,58.9593],[25.6066,58.9609],[25.6061,58.9681],[25.6059,58.9698],[25.6052,58.973],[25.6045,58.9751],[25.6044,58.9753],[25.6031,58.9781],[25.6017,58.9804],[25.5991,58.984],[25.5957,58.9876],[25.5923,58.9906],[25.5922,58.9906],[25.5914,58.9913],[25.59,58.9923],[25.589,58.993],[25.5858,58.9951],[25.5855,58.9953],[25.5821,58.9972],[25.5641,59.0074],[25.5597,59.0102],[25.5564,59.0127],[25.5543,59.0145],[25.5458,59.0225],[25.544,59.024],[25.5414,59.0257],[25.539,59.027],[25.5364,59.0282],[25.5329,59.0294],[25.5287,59.0306],[25.5242,59.0314],[25.5212,59.0318],[25.516,59.0321],[25.5124,59.0322],[25.5111,59.0321],[25.5059,59.0317],[25.4975,59.0308],[25.4911,59.0304],[25.4867,59.0304],[25.4832,59.0307],[25.4802,59.031],[25.4731,59.0319],[25.47,59.0322],[25.4672,59.0325],[25.4618,59.0332],[25.4535,59.0343],[25.4493,59.0351],[25.4442,59.0366],[25.4391,59.0385],[25.436,59.04],[25.4301,59.0434],[25.4291,59.044],[25.4281,59.0446],[25.4253,59.0463],[25.4237,59.0472],[25.4236,59.0473],[25.4137,59.0532],[25.4096,59.0552],[25.4067,59.0563],[25.4034,59.0574],[25.3999,59.0583],[25.3996,59.0584],[25.392,59.06],[25.3903,59.0603],[25.3852,59.0614],[25.3838,59.0617],[25.3817,59.0622],[25.3794,59.0629],[25.3745,59.0643],[25.3721,59.065],[25.3696,59.0659],[25.3607,59.0691],[25.36,59.0694],[25.3451,59.0748],[25.3448,59.0749],[25.3391,59.077],[25.3367,59.078],[25.3325,59.0801],[25.3298,59.0818],[25.3291,59.0822],[25.3282,59.0828],[25.3261,59.0845],[25.3229,59.0876],[25.3212,59.0896],[25.3194,59.0926],[25.3159,59.1008],[25.3141,59.105],[25.3136,59.106],[25.3133,59.1065],[25.3116,59.109],[25.3099,59.1107],[25.3081,59.1121],[25.3045,59.1143],[25.2999,59.1165],[25.2939,59.1183],[25.2831,59.1209],[25.2783,59.1223],[25.2775,59.1225],[25.2738,59.1239],[25.2714,59.1251],[25.2713,59.1251],[25.2668,59.1277],[25.258,59.1339],[25.2529,59.1374],[25.2527,59.1375],[25.2472,59.1415],[25.2426,59.1442],[25.24,59.1454],[25.2362,59.1469],[25.2332,59.1478],[25.2229,59.1505],[25.2227,59.1505],[25.2206,59.1511],[25.2005,59.1561],[25.1966,59.1571],[25.1845,59.1601],[25.1821,59.1608],[25.1755,59.1627],[25.1704,59.1646],[25.1685,59.1654],[25.1673,59.1659],[25.1642,59.1673],[25.1566,59.171],[25.1482,59.1752],[25.1481,59.1753],[25.1405,59.179],[25.1364,59.1807],[25.1334,59.1816],[25.1288,59.1824],[25.127,59.1827],[25.1263,59.1827],[25.124,59.1829],[25.123,59.183],[25.122,59.1831],[25.1204,59.1832],[25.1182,59.1833],[25.1164,59.1833],[25.1147,59.1833],[25.112,59.1833],[25.108,59.1832],[25.1059,59.1831],[25.1038,59.1831],[25.103,59.1831],[25.1028,59.1831],[25.0888,59.1831],[25.0874,59.1831],[25.0855,59.1831],[25.0843,59.1831],[25.0829,59.1831],[25.0794,59.1834],[25.0744,59.1842],[25.0715,59.1848],[25.0606,59.1877],[25.0602,59.1879],[25.0581,59.1884],[25.0568,59.1888],[25.0519,59.1902],[25.048,59.192],[25.0478,59.1921],[25.047,59.1926],[25.0456,59.1935],[25.0446,59.1944],[25.0429,59.1963],[25.0415,59.1989],[25.0406,59.2018],[25.04,59.2035],[25.0368,59.214],[25.035,59.2196],[25.0347,59.2206],[25.0325,59.2275],[25.0307,59.2333],[25.0302,59.2347],[25.03,59.2353],[25.0295,59.2367],[25.0276,59.24],[25.0266,59.2413],[25.0251,59.2429],[25.0207,59.2465],[25.0173,59.2493],[25.0128,59.2529],[25.01,59.2552],[24.9728,59.2851],[24.9696,59.2877],[24.9673,59.2895],[24.9658,59.2907],[24.9647,59.2915],[24.9604,59.2942],[24.9586,59.2952],[24.9532,59.298],[24.9501,59.2999],[24.9495,59.3002],[24.949,59.3006],[24.9451,59.3035],[24.9403,59.308],[24.937,59.3109],[24.9317,59.3154],[24.9305,59.3165],[24.9241,59.3218],[24.9231,59.3227],[24.9221,59.3235],[24.9203,59.325],[24.9188,59.3263],[24.9109,59.333],[24.9087,59.3349],[24.9039,59.339],[24.9023,59.3401],[24.9007,59.3413],[24.8987,59.3426],[24.8885,59.3492],[24.8869,59.3503],[24.8849,59.3515],[24.8843,59.3519],[24.8805,59.3544],[24.88,59.3547],[24.8777,59.3562],[24.8761,59.3573],[24.8728,59.3594],[24.8726,59.3595],[24.8708,59.3607],[24.8702,59.361],[24.8699,59.3612],[24.8683,59.3623],[24.862,59.3664],[24.857,59.3696],[24.8563,59.3701],[24.8544,59.3713],[24.8484,59.3752],[24.8461,59.3767],[24.8436,59.3783],[24.8434,59.3785],[24.8432,59.3786],[24.8409,59.38],[24.8392,59.3812],[24.8382,59.3819],[24.8367,59.383],[24.8367,59.3831],[24.836,59.3836],[24.8322,59.3868],[24.8294,59.3891],[24.8292,59.3892],[24.8284,59.3898],[24.8266,59.3913],[24.8223,59.3948],[24.8211,59.3958],[24.8196,59.397],[24.8192,59.3973],[24.8176,59.3987],[24.817,59.3992],[24.8155,59.4004],[24.8147,59.4011],[24.8135,59.4021],[24.8134,59.4022],[24.8134,59.4023],[24.813,59.4025],[24.8116,59.4037],[24.8113,59.4039],[24.8105,59.4046],[24.8104,59.4047],[24.8096,59.4053],[24.8086,59.4061],[24.8072,59.4073],[24.8067,59.4076],[24.8065,59.4078],[24.8064,59.4079],[24.8063,59.408],[24.8046,59.4094],[24.8032,59.4105],[24.8022,59.4113],[24.802,59.4115],[24.8016,59.4118],[24.8015,59.4119],[24.8011,59.4122],[24.8008,59.4125],[24.7976,59.4152],[24.7971,59.4156],[24.7966,59.416],[24.7959,59.4166],[24.7957,59.4167],[24.7955,59.4169],[24.7921,59.4194],[24.7915,59.4198],[24.7912,59.42],[24.7898,59.4211],[24.7884,59.422],[24.7882,59.4222],[24.7881,59.4222],[24.7881,59.4223],[24.7879,59.4224],[24.7872,59.4229],[24.7871,59.423],[24.7871,59.4231],[24.7862,59.4237],[24.7861,59.4237]],[[26.9997,57.8599],[26.9977,57.8601],[26.9998,57.8601]],[[27.0377,57.8493],[27.0372,57.8496],[27.0344,57.8506],[27.0336,57.8509],[27.0373,57.8496],[27.0381,57.8494]],[[27.0381,57.849],[27.0386,57.8489],[27.0418,57.8473],[27.0387,57.849],[27.0385,57.8492]],[[27.0004,57.8598],[27.0008,57.8599],[27.0027,57.8598],[27.0008,57.86],[27.0004,57.86]],[[26.9772,57.8574],[26.9773,57.8575],[26.9771,57.8574]],[[26.9767,57.8572],[26.9762,57.8575],[26.9758,57.8577],[26.9754,57.8579],[26.9743,57.8584],[26.9737,57.8587],[26.9731,57.859],[26.9719,57.8596],[26.9711,57.86],[26.9694,57.8609],[26.9689,57.8611],[26.9686,57.8613],[26.9681,57.8615],[26.9679,57.8616],[26.9643,57.8633],[26.9634,57.8637],[26.9603,57.8648],[26.9563,57.8658],[26.9558,57.8659],[26.9553,57.866],[26.9517,57.8667],[26.9376,57.869],[26.9356,57.8694],[26.9341,57.8696],[26.9333,57.8698],[26.9325,57.8699],[26.9321,57.87],[26.9281,57.8706],[26.9252,57.8711],[26.9247,57.8712],[26.9121,57.8733],[26.9039,57.8747],[26.9006,57.8753],[26.8988,57.8756],[26.8948,57.8762],[26.8884,57.8773],[26.8879,57.8774],[26.8869,57.8776],[26.8863,57.8777],[26.8819,57.8784],[26.8767,57.8796],[26.8672,57.8818],[26.8629,57.8831],[26.8607,57.8839],[26.8569,57.8858],[26.8547,57.8872],[26.8525,57.889],[26.8511,57.8901],[26.8502,57.8909],[26.8495,57.8915],[26.8493,57.8916],[26.8492,57.8917],[26.849,57.8918],[26.8489,57.8919],[26.8488,57.892],[26.8482,57.8925],[26.8474,57.8931],[26.8408,57.8984],[26.8344,57.9036],[26.8322,57.9053],[26.8284,57.9079],[26.8254,57.9098],[26.8156,57.916],[26.8079,57.9208],[26.8048,57.9228],[26.8032,57.9242],[26.8013,57.9262],[26.7998,57.9285],[26.799,57.9302],[26.7981,57.9341],[26.7974,57.9371],[26.7948,57.9483],[26.7938,57.9533],[26.792,57.9611],[26.7914,57.9631],[26.7902,57.9653],[26.788,57.9681],[26.7845,57.9712],[26.7826,57.9729],[26.7795,57.9757],[26.7779,57.9772],[26.7778,57.9773],[26.7776,57.9774],[26.7761,57.9788],[26.776,57.9789],[26.77,57.9843],[26.7677,57.9871],[26.7676,57.9873],[26.7675,57.9876],[26.7666,57.9894],[26.7641,57.9949],[26.7639,57.9956],[26.7637,57.9959],[26.7636,57.9961],[26.7635,57.9964],[26.7634,57.9966],[26.7633,57.9968],[26.7625,57.9988],[26.7619,58],[26.761,58.002],[26.7606,58.0027],[26.7598,58.0039],[26.7574,58.0065],[26.7536,58.0105],[26.7472,58.0173],[26.7401,58.0249],[26.736,58.0293],[26.7323,58.0338],[26.7311,58.0364],[26.7305,58.0387],[26.73,58.0419],[26.7299,58.0451],[26.7295,58.0509],[26.729,58.0574],[26.729,58.0599],[26.7293,58.0612],[26.7309,58.0651],[26.7312,58.066],[26.7314,58.0665],[26.7315,58.0665],[26.7317,58.0671],[26.7317,58.0672],[26.7319,58.0675],[26.7319,58.0676],[26.7322,58.0684],[26.7325,58.0689],[26.733,58.0702],[26.7331,58.0705],[26.7337,58.0719],[26.7345,58.0738],[26.735,58.075],[26.7351,58.0754],[26.7355,58.0779],[26.7355,58.0782],[26.7354,58.0797],[26.7352,58.0808],[26.7342,58.0841],[26.7338,58.0864],[26.7339,58.0876],[26.7342,58.0887],[26.7361,58.0921],[26.7366,58.0927],[26.739,58.0963],[26.7401,58.0989],[26.7404,58.1009],[26.7403,58.1027],[26.7397,58.105],[26.7379,58.1088],[26.7368,58.1111],[26.7368,58.1112],[26.7352,58.1146],[26.7349,58.1151],[26.7346,58.1158],[26.7345,58.116],[26.7318,58.1219],[26.7303,58.1249],[26.7292,58.1264],[26.7289,58.1267],[26.7261,58.1293],[26.7233,58.1312],[26.722,58.1321],[26.7212,58.1326],[26.7173,58.1352],[26.7128,58.1381],[26.7095,58.1403],[26.706,58.1425],[26.7039,58.1439],[26.7034,58.1443],[26.7031,58.1445],[26.7022,58.1451],[26.7019,58.1453],[26.7018,58.1454],[26.7016,58.1455],[26.7013,58.1457],[26.7003,58.1465],[26.7001,58.1466],[26.6999,58.1468],[26.699,58.1476],[26.6976,58.149],[26.696,58.1508],[26.6945,58.1533],[26.6944,58.1535],[26.6938,58.1553],[26.6935,58.1562],[26.693,58.1593],[26.6929,58.1603],[26.6928,58.161],[26.6917,58.1687],[26.6913,58.1724],[26.6912,58.1733],[26.6913,58.1749],[26.6926,58.1814],[26.6926,58.1817],[26.693,58.1832],[26.6936,58.1862],[26.6937,58.1866],[26.6942,58.1883],[26.6948,58.1896],[26.6949,58.1897],[26.697,58.1926],[26.7007,58.1959],[26.7047,58.1992],[26.7058,58.2006],[26.7064,58.2013],[26.7072,58.203],[26.7074,58.2033],[26.7078,58.2051],[26.7074,58.2083],[26.7064,58.211],[26.7061,58.2116],[26.706,58.2117],[26.7052,58.2137],[26.7044,58.2156],[26.7034,58.218],[26.7022,58.2209],[26.7016,58.2223],[26.7014,58.2226],[26.7013,58.2229],[26.7004,58.2249],[26.6993,58.2269],[26.6982,58.2282],[26.6978,58.2286],[26.6972,58.2293],[26.6966,58.2298],[26.696,58.2305],[26.6956,58.2309],[26.6955,58.2309],[26.6951,58.2315],[26.6951,58.2316],[26.6944,58.2329],[26.6943,58.2331],[26.6939,58.2341],[26.6937,58.2345],[26.6934,58.2351],[26.6933,58.2353],[26.693,58.2356],[26.6929,58.2357],[26.6927,58.2359],[26.692,58.2365],[26.6908,58.2374],[26.6907,58.2375],[26.6905,58.2377],[26.6902,58.2379],[26.6895,58.2385],[26.6887,58.2394],[26.6903,58.238],[26.6904,58.2379],[26.6907,58.2377],[26.6909,58.2375],[26.6918,58.2368],[26.692,58.2365]],[[26.6761,58.3789],[26.6761,58.3786],[26.6766,58.3779],[26.6768,58.3776],[26.6773,58.3765],[26.6776,58.376],[26.6779,58.3751],[26.6779,58.3747],[26.6781,58.3742],[26.6782,58.3734],[26.6783,58.3707],[26.6783,58.3699],[26.6783,58.3696],[26.6783,58.3688],[26.6782,58.3679],[26.6782,58.3678],[26.6783,58.3673],[26.6779,58.3673],[26.678,58.3678],[26.6781,58.3688],[26.6781,58.369],[26.6781,58.3693],[26.6781,58.3699],[26.6782,58.3707],[26.6778,58.3746],[26.6778,58.3749],[26.6775,58.3757],[26.6773,58.3762],[26.6766,58.3776],[26.6763,58.3781],[26.6757,58.3785],[26.6752,58.3788]],[[26.5054,58.4219],[26.506,58.4217],[26.507,58.4215],[26.5074,58.4214],[26.5139,58.4205],[26.5149,58.4204],[26.5158,58.4203],[26.5177,58.4201],[26.519,58.4199],[26.5206,58.4198],[26.5271,58.4191],[26.539,58.4178],[26.5532,58.4163],[26.5637,58.4152],[26.5641,58.4151],[26.5751,58.4139],[26.5755,58.4139],[26.5766,58.4137],[26.5771,58.4137],[26.5775,58.4136],[26.578,58.4136],[26.5787,58.4135],[26.5804,58.4133],[26.5846,58.4129],[26.5858,58.4128],[26.5902,58.4124],[26.5996,58.4115],[26.5997,58.4115],[26.6062,58.4108],[26.6083,58.4106],[26.6089,58.4105],[26.6123,58.4102],[26.6156,58.4099],[26.6202,58.4097],[26.6227,58.4097],[26.6269,58.41],[26.6287,58.4102],[26.6311,58.4105],[26.6343,58.4108],[26.6382,58.4109],[26.6411,58.4107],[26.6416,58.4106],[26.6458,58.4099],[26.6484,58.4092],[26.6502,58.4084],[26.6507,58.4081],[26.6518,58.4073],[26.655,58.4037],[26.658,58.4001],[26.6582,58.3999],[26.6612,58.3963],[26.6665,58.3899],[26.6677,58.3885],[26.6688,58.3872],[26.6699,58.3859],[26.6709,58.3848],[26.6711,58.3845],[26.6715,58.384],[26.6745,58.3804]],[[26.3481,58.4784],[26.3514,58.4762],[26.3549,58.4743],[26.3579,58.4728],[26.3584,58.4726],[26.3589,58.4724],[26.3595,58.4721],[26.3606,58.4716],[26.3607,58.4715],[26.3609,58.4715],[26.3622,58.4709],[26.3651,58.4698],[26.3661,58.4694],[26.3686,58.4685],[26.3692,58.4683],[26.3743,58.4666],[26.3747,58.4665],[26.3763,58.466],[26.3768,58.4658],[26.3898,58.4616],[26.4017,58.4577],[26.4038,58.4571],[26.4056,58.4565],[26.4066,58.4561],[26.4075,58.4559],[26.4099,58.4551],[26.4174,58.4526],[26.4248,58.4502],[26.4255,58.45],[26.4263,58.4497],[26.4274,58.4493],[26.4322,58.4477],[26.4342,58.4471],[26.4397,58.4452],[26.4408,58.4449],[26.4506,58.4416],[26.4558,58.4399],[26.4602,58.4385],[26.4613,58.4382],[26.4619,58.438],[26.4638,58.4374],[26.4677,58.4361],[26.4737,58.4341],[26.4762,58.4333],[26.4776,58.4328],[26.4784,58.4325],[26.4791,58.4323],[26.4798,58.4321],[26.4808,58.4317],[26.4823,58.4312],[26.4832,58.4308],[26.4835,58.4307],[26.4841,58.4305],[26.4843,58.4304],[26.485,58.4301],[26.4857,58.4298],[26.4866,58.4294],[26.4868,58.4293],[26.487,58.4292],[26.4879,58.4287],[26.4882,58.4285],[26.4884,58.4285],[26.4917,58.4267],[26.4948,58.4253],[26.4977,58.4242],[26.5014,58.423],[26.5054,58.4219]],[[26.1004,58.638],[26.1052,58.6366],[26.1141,58.6341],[26.1151,58.6338],[26.1184,58.633],[26.1186,58.633],[26.1217,58.6324],[26.1241,58.6321],[26.1244,58.632],[26.1252,58.632],[26.1265,58.6319],[26.129,58.6318],[26.1369,58.6314],[26.1418,58.631],[26.1449,58.6304],[26.1483,58.629],[26.1505,58.6277],[26.1506,58.6276],[26.1514,58.6271],[26.1535,58.6255],[26.1553,58.6245],[26.1583,58.6232],[26.1621,58.6219],[26.166,58.621],[26.1676,58.6207],[26.1719,58.6198],[26.1839,58.6176],[26.1877,58.6163],[26.1911,58.6146],[26.1934,58.6133],[26.1938,58.613],[26.1948,58.6123],[26.2026,58.6071],[26.2063,58.6052],[26.208,58.6044],[26.2085,58.6042],[26.2088,58.6041],[26.209,58.604],[26.2093,58.6039],[26.2103,58.6034],[26.2114,58.6029],[26.2125,58.6025],[26.2115,58.603],[26.2102,58.6036],[26.209,58.6041],[26.2086,58.6043],[26.2082,58.6044],[26.2081,58.6045],[26.2075,58.6047],[26.2067,58.6051],[26.2026,58.6072],[26.1937,58.6132],[26.1935,58.6133],[26.1933,58.6134],[26.1926,58.6139],[26.1877,58.6164],[26.1842,58.6176],[26.1818,58.6181],[26.1722,58.6198],[26.1688,58.6205],[26.1676,58.6207],[26.1618,58.6221],[26.1586,58.6231],[26.1547,58.6249],[26.1532,58.6259],[26.1506,58.6277],[26.1497,58.6283],[26.149,58.6288],[26.1457,58.6302],[26.1416,58.6311],[26.1366,58.6315],[26.1291,58.6319],[26.129,58.6319],[26.1262,58.632],[26.1247,58.6321],[26.1244,58.6321],[26.1241,58.6321],[26.1218,58.6325],[26.12,58.6328],[26.1187,58.6331],[26.1152,58.6339],[26.1147,58.634],[26.1127,58.6346],[26.1022,58.6376],[26.1005,58.6381],[26.1002,58.6381],[26.095,58.6396],[26.0923,58.6401],[26.0893,58.6405],[26.0888,58.6405],[26.0884,58.6405],[26.0868,58.6406],[26.0833,58.6406],[26.0778,58.6407],[26.0766,58.6407],[26.0743,58.6408],[26.07,58.6412],[26.0672,58.6416],[26.0641,58.6422],[26.0571,58.6438],[26.0565,58.6439],[26.0554,58.6441],[26.0575,58.6436],[26.066,58.6418],[26.0713,58.641],[26.0736,58.6408],[26.0776,58.6406],[26.0833,58.6406],[26.0854,58.6405],[26.0868,58.6405],[26.0877,58.6405],[26.0888,58.6404],[26.0893,58.6404],[26.0907,58.6402],[26.0922,58.6401],[26.0954,58.6394],[26.0984,58.6386],[26.1001,58.6381],[26.1004,58.638]],[[25.7664,58.7468],[25.7689,58.7462],[25.7698,58.746],[25.7701,58.7459],[25.7705,58.7458],[25.7725,58.7454],[25.7727,58.7454],[25.775,58.7451],[25.7778,58.7447],[25.7825,58.744],[25.787,58.7434],[25.7901,58.7429],[25.7977,58.7419],[25.804,58.741],[25.8059,58.7407],[25.8073,58.7405],[25.8144,58.7395],[25.8187,58.7389],[25.8188,58.7389],[25.8206,58.7386],[25.8246,58.7376],[25.8313,58.7347],[25.8343,58.7337],[25.8354,58.7333],[25.8358,58.7332],[25.8368,58.7329],[25.8374,58.7327],[25.842,58.7312],[25.8473,58.7295],[25.85,58.7286],[25.852,58.7279],[25.8571,58.7263],[25.8621,58.7247],[25.8696,58.7221],[25.8759,58.7199],[25.8761,58.7198],[25.8796,58.7183],[25.8836,58.7166],[25.889,58.7138],[25.8929,58.7118],[25.8932,58.7116],[25.8939,58.7112],[25.8943,58.711],[25.8959,58.7098],[25.8948,58.7107],[25.8943,58.711]],[[26.9843,57.8606],[26.985,57.8607],[26.9877,57.8607],[26.9881,57.8607],[26.9923,57.8604],[26.9946,57.8603],[26.9974,57.8602],[26.9977,57.8601]],[[26.6777,58.3672],[26.6779,58.367],[26.6779,58.3669],[26.678,58.3668],[26.678,58.3666],[26.6779,58.3657],[26.6778,58.3647],[26.6777,58.3632],[26.6777,58.3631],[26.6776,58.3617],[26.6781,58.3604],[26.6789,58.3596],[26.6804,58.3584],[26.681,58.358],[26.6818,58.3575],[26.6827,58.3571],[26.6835,58.3566],[26.684,58.3563],[26.6849,58.3558],[26.686,58.3548],[26.6864,58.3544],[26.687,58.3539],[26.6873,58.3535],[26.6886,58.3524],[26.6898,58.3513],[26.6908,58.3505],[26.6924,58.3495],[26.6909,58.3507],[26.6902,58.3511],[26.6895,58.3518],[26.6876,58.3535],[26.6872,58.3539],[26.6868,58.3543],[26.6861,58.355],[26.6849,58.3558]],[[25.9414,58.6707],[25.9426,58.6707],[25.9477,58.6707],[25.9493,58.6708],[25.9509,58.6708],[25.9535,58.6709],[25.9595,58.6709],[25.9607,58.6709],[25.9631,58.6708],[25.9633,58.6708],[25.9636,58.6708],[25.9639,58.6708],[25.9666,58.6704],[25.9678,58.6702],[25.9693,58.6698],[25.975,58.668],[25.977,58.6673],[25.981,58.6659],[25.9834,58.6652],[25.9845,58.6648],[25.9848,58.6647],[25.9864,58.6642],[25.9877,58.6637],[25.9889,58.6633],[25.9895,58.6631],[25.9896,58.663],[25.9898,58.663],[25.9899,58.6629],[25.9906,58.6627],[25.9924,58.6621],[25.993,58.662],[25.9959,58.661],[25.9999,58.6597],[26,58.6596],[26.0003,58.6595],[26.0006,58.6594],[26.0014,58.6592],[26.0023,58.6589],[26.0035,58.6585],[26.006,58.6576],[26.0215,58.6525],[26.0286,58.6502],[26.0345,58.6488],[26.0366,58.6483],[26.048,58.6458],[26.0554,58.6441]],[[26.6971,58.3462],[26.699,58.3455],[26.7011,58.3449],[26.7039,58.3448],[26.7072,58.3448],[26.7092,58.3443],[26.7104,58.3438],[26.7107,58.3436],[26.711,58.3434],[26.712,58.3421],[26.7125,58.3401],[26.7128,58.3389],[26.7136,58.3346],[26.7138,58.3339],[26.7142,58.3323],[26.715,58.3295],[26.7161,58.3251],[26.7165,58.3234],[26.7168,58.3225],[26.7169,58.3222],[26.7171,58.3217],[26.7174,58.3206],[26.7191,58.3154],[26.7192,58.3151],[26.7194,58.3146],[26.7194,58.3126],[26.7193,58.3123],[26.7192,58.312],[26.7185,58.3104],[26.7182,58.3096],[26.7181,58.3092],[26.7179,58.3085],[26.7178,58.3066],[26.7182,58.3051],[26.7194,58.3007],[26.7199,58.2989],[26.72,58.2964],[26.7199,58.296],[26.7197,58.2953],[26.7197,58.295],[26.7194,58.2941],[26.7191,58.2935],[26.7191,58.2934],[26.7189,58.293],[26.7177,58.291],[26.7174,58.2906],[26.7164,58.2894],[26.7162,58.2892],[26.7132,58.2862],[26.7126,58.2857],[26.7109,58.2839],[26.7102,58.2832],[26.7098,58.2829],[26.7083,58.2813],[26.7055,58.2786],[26.7004,58.2735],[26.7003,58.2734],[26.6976,58.2706],[26.6921,58.2652],[26.6912,58.2643],[26.688,58.2614],[26.6874,58.261],[26.6863,58.26],[26.6853,58.2591],[26.6837,58.2577],[26.6821,58.2561],[26.6818,58.2557],[26.6797,58.2523],[26.6784,58.2499],[26.6783,58.2489],[26.6786,58.2483],[26.6787,58.248],[26.6791,58.2476],[26.6821,58.2451],[26.6836,58.2437],[26.686,58.2416],[26.6873,58.2405],[26.6879,58.24],[26.688,58.24],[26.6887,58.2394]],[[26.6926,58.3493],[26.695,58.3475],[26.6961,58.3467],[26.6971,58.3462]],[[26.2853,58.5711],[26.2858,58.5708],[26.2875,58.5697],[26.2884,58.5691],[26.2906,58.5669],[26.2915,58.5655],[26.2919,58.5649],[26.2921,58.5643],[26.2923,58.5639],[26.2925,58.5634],[26.293,58.561],[26.2937,58.5586],[26.2938,58.5584],[26.2941,58.558],[26.296,58.5565],[26.2965,58.5562],[26.2993,58.5539],[26.2998,58.5528],[26.2999,58.5526],[26.3002,58.5518],[26.3006,58.5509],[26.3007,58.5508],[26.3014,58.549],[26.3021,58.5474],[26.3021,58.5472],[26.3026,58.5458],[26.3072,58.5298],[26.3084,58.5258],[26.309,58.5247],[26.3105,58.5231],[26.3115,58.5223],[26.3154,58.5191],[26.3176,58.5173],[26.3183,58.5167],[26.3211,58.5142],[26.3241,58.5111],[26.3242,58.5109],[26.3264,58.5081],[26.3282,58.5051],[26.3291,58.5033],[26.3304,58.4999],[26.3314,58.497],[26.3324,58.4947],[26.3341,58.4918],[26.3342,58.4917],[26.3372,58.4877],[26.3416,58.4833],[26.3463,58.4796],[26.3479,58.4785],[26.3481,58.4784]],[[27.3046,57.7318],[27.3068,57.7301],[27.3107,57.7272],[27.3112,57.7268],[27.3113,57.7267],[27.3131,57.7251],[27.3154,57.7224],[27.317,57.72],[27.3184,57.7168],[27.3195,57.7142],[27.3195,57.7141],[27.3198,57.7133],[27.3219,57.7083],[27.3225,57.707],[27.323,57.7059],[27.324,57.7034],[27.3248,57.7013],[27.3265,57.6974],[27.327,57.6963],[27.3278,57.6928],[27.3278,57.69],[27.3278,57.6899],[27.3277,57.6888],[27.3262,57.683],[27.326,57.6823],[27.326,57.6819],[27.3262,57.6785],[27.3267,57.6771],[27.3274,57.6747],[27.3287,57.6704],[27.3307,57.6625],[27.3315,57.6595],[27.3322,57.6576],[27.3349,57.6523],[27.3356,57.6509],[27.3372,57.6478],[27.3384,57.6449],[27.3411,57.6373],[27.3412,57.637],[27.3414,57.6364],[27.3416,57.6361],[27.3415,57.6365],[27.3412,57.637]],[[27.3043,57.7319],[27.3046,57.7318]],[[26.2134,58.6021],[26.2138,58.602],[26.2157,58.6013],[26.2167,58.601],[26.2181,58.6008],[26.2194,58.6006],[26.2231,58.6002],[26.2255,58.5998],[26.2317,58.5982],[26.2368,58.5966],[26.2454,58.5938],[26.2464,58.5936],[26.2529,58.5922],[26.2531,58.5921],[26.2567,58.591],[26.2594,58.5897],[26.2611,58.5883],[26.262,58.5874],[26.2622,58.5871],[26.2635,58.5857],[26.2674,58.5819],[26.2703,58.5793],[26.2715,58.5783],[26.2724,58.5775],[26.2729,58.5772],[26.2735,58.5768],[26.2737,58.5767],[26.2739,58.5766],[26.2746,58.5762],[26.2753,58.5759],[26.2766,58.5753],[26.2738,58.5765],[26.2736,58.5767],[26.2722,58.5776],[26.2681,58.5812],[26.2654,58.5836],[26.261,58.5883],[26.2604,58.5889],[26.2586,58.5901],[26.2562,58.5911],[26.253,58.5921],[26.2528,58.5921],[26.2502,58.5927],[26.2453,58.5938],[26.2442,58.5941],[26.2435,58.5943],[26.2406,58.5953],[26.2368,58.5965],[26.2338,58.5975],[26.2303,58.5985],[26.2251,58.5998],[26.2196,58.6005],[26.2189,58.6006],[26.2181,58.6007],[26.2167,58.601]],[[25.8959,58.7098],[25.8963,58.7095],[25.8968,58.7089],[25.8971,58.7085],[25.8982,58.7069],[25.8984,58.7066],[25.8987,58.7062],[25.899,58.7059],[25.8994,58.7052],[25.8996,58.705],[25.9003,58.7039],[25.9011,58.7028],[25.9014,58.7023],[25.9018,58.7018],[25.9034,58.6994],[25.9047,58.6975],[25.9048,58.6975],[25.9066,58.6949],[25.907,58.6943],[25.9074,58.6937],[25.9081,58.6927],[25.9104,58.6894],[25.9124,58.6867],[25.9147,58.6843],[25.9149,58.684],[25.9159,58.6832],[25.9173,58.6819],[25.9181,58.6812],[25.9183,58.681],[25.919,58.6803],[25.9223,58.6774],[25.9248,58.6751],[25.9277,58.6733],[25.929,58.6727],[25.9301,58.6723],[25.9314,58.6718],[25.9315,58.6718],[25.9322,58.6716],[25.933,58.6715],[25.9353,58.671],[25.9336,58.6714],[25.9315,58.6719],[25.929,58.6727]],[[26.2787,58.5742],[26.2807,58.5733],[26.2828,58.5723],[26.2853,58.5711]],[[27.1555,57.7699],[27.1557,57.7698],[27.1598,57.7692],[27.1757,57.7669],[27.186,57.7654],[27.1931,57.7641],[27.1968,57.7632],[27.2028,57.7616],[27.2029,57.7615],[27.2051,57.7608],[27.2064,57.7604],[27.2066,57.7603],[27.2088,57.7595],[27.2123,57.7583],[27.2194,57.7556],[27.2211,57.755],[27.2259,57.7528],[27.2293,57.7516],[27.2332,57.7505],[27.2406,57.7488],[27.2437,57.7479],[27.248,57.7462],[27.2492,57.7457],[27.2555,57.7424],[27.2593,57.741],[27.2627,57.74],[27.2676,57.7393],[27.2688,57.7392],[27.2702,57.7391],[27.2722,57.7389],[27.2737,57.7388],[27.2742,57.7387],[27.2758,57.7386],[27.278,57.7384],[27.279,57.7383],[27.2835,57.7379],[27.2863,57.7378],[27.2918,57.7378],[27.2923,57.7378],[27.2944,57.7375],[27.2946,57.7375],[27.297,57.7368],[27.2989,57.7359],[27.3034,57.7326],[27.3043,57.7319]],[[25.6606,58.8953],[25.6663,58.8939],[25.6665,58.8939],[25.6699,58.8923],[25.67,58.8922],[25.6707,58.8918],[25.6714,58.8913],[25.6736,58.8901],[25.6738,58.89],[25.6743,58.8898],[25.6748,58.8896],[25.675,58.8895],[25.6778,58.8884],[25.6816,58.8867],[25.6817,58.8866],[25.6842,58.8852],[25.6886,58.8824],[25.6894,58.8817],[25.6909,58.8805],[25.6911,58.8804],[25.6914,58.8801],[25.6916,58.88],[25.6917,58.8799],[25.6918,58.8797],[25.6925,58.8791],[25.6926,58.879],[25.6927,58.8789],[25.6928,58.8788],[25.6929,58.8788],[25.6932,58.8785],[25.694,58.8778],[25.6936,58.878],[25.6932,58.8783],[25.6931,58.8784],[25.6927,58.8787],[25.6927,58.8788],[25.6924,58.8789],[25.692,58.8794],[25.6917,58.8796],[25.6916,58.8797],[25.6915,58.8799],[25.6914,58.8799],[25.691,58.8803],[25.6907,58.8806],[25.6903,58.8809],[25.6897,58.8814],[25.6895,58.8816],[25.6894,58.8817]],[[26.7144,58.3324],[26.7138,58.3349],[26.713,58.3392],[26.7127,58.3401],[26.7121,58.3423],[26.7112,58.3434],[26.7109,58.3437],[26.7106,58.3438],[26.7088,58.3446],[26.7073,58.3449],[26.7048,58.345],[26.7037,58.3449],[26.7025,58.3449],[26.699,58.3455]],[[25.9899,58.6631],[25.9897,58.6631],[25.9896,58.6632],[25.989,58.6634],[25.9864,58.6642]],[[27.0636,57.8259],[27.0636,57.8252],[27.0639,57.823],[27.0639,57.8228],[27.0645,57.8177],[27.0645,57.8176],[27.0647,57.8151],[27.0649,57.813],[27.0649,57.8125],[27.065,57.8111],[27.0644,57.81],[27.0642,57.8097],[27.0653,57.8093],[27.0655,57.8093],[27.0672,57.8088],[27.0678,57.8086],[27.0679,57.8086],[27.0709,57.8077],[27.0715,57.8076],[27.0721,57.8074],[27.0732,57.8071],[27.0781,57.8056],[27.0831,57.8035],[27.0835,57.8034],[27.0876,57.8012],[27.0884,57.8008],[27.09,57.8],[27.092,57.7989],[27.0937,57.7976],[27.0951,57.7961],[27.0952,57.7958],[27.096,57.7944],[27.0961,57.7942],[27.0964,57.7935],[27.0965,57.7933],[27.0967,57.793],[27.099,57.7884],[27.099,57.7882],[27.0999,57.7864],[27.101,57.785],[27.1034,57.7832],[27.1051,57.7823],[27.1086,57.7811],[27.1145,57.7796],[27.118,57.7788],[27.1205,57.7782],[27.1211,57.7781],[27.1219,57.7779],[27.1229,57.7777],[27.1255,57.777],[27.1379,57.774],[27.154,57.7702],[27.1542,57.7701],[27.1543,57.7701],[27.1555,57.7699]],[[25.6603,58.8954],[25.6606,58.8953]],[[25.7006,58.8733],[25.701,58.8731],[25.7018,58.8723],[25.7021,58.8718],[25.7022,58.8717],[25.7025,58.871],[25.7029,58.8699],[25.7032,58.8696],[25.7042,58.8686],[25.7069,58.8669],[25.7109,58.8643],[25.7114,58.8641],[25.7122,58.8636],[25.7124,58.8634],[25.7131,58.863],[25.714,58.8624],[25.7187,58.8584],[25.7228,58.8547],[25.7248,58.8529],[25.7256,58.8522],[25.7269,58.8512],[25.7298,58.8494],[25.7306,58.849],[25.7307,58.8489],[25.7337,58.8474],[25.7341,58.8471],[25.7357,58.8459],[25.7396,58.8426],[25.7403,58.8417],[25.7406,58.8413],[25.7414,58.8388],[25.7415,58.838],[25.742,58.8354],[25.742,58.8353],[25.742,58.8352],[25.7428,58.8317],[25.7431,58.8311],[25.7432,58.8309],[25.7439,58.83],[25.7462,58.8277],[25.7468,58.827],[25.7518,58.8219],[25.7549,58.8185],[25.7563,58.8168],[25.7574,58.8149],[25.7576,58.814],[25.7577,58.8094],[25.7578,58.8072],[25.7578,58.8063],[25.7578,58.8061],[25.7578,58.8052],[25.7579,58.8013],[25.758,58.7965],[25.7581,58.7935],[25.7582,58.7894],[25.7582,58.7886],[25.7583,58.7881],[25.7583,58.7864],[25.7584,58.7855],[25.7593,58.7827],[25.7608,58.7781],[25.7609,58.7778],[25.7624,58.7735],[25.7626,58.7721],[25.762,58.7612],[25.762,58.761],[25.7615,58.7531],[25.7614,58.7506],[25.7624,58.7488],[25.7636,58.7479],[25.7646,58.7474],[25.7664,58.7468]],[[27.0418,57.8473],[27.0474,57.844],[27.0477,57.8439],[27.0483,57.8435],[27.0511,57.8419],[27.0542,57.8401],[27.0565,57.8383],[27.0566,57.8382],[27.0593,57.8358],[27.0612,57.8333],[27.0628,57.83],[27.0636,57.8259]],[[27.0027,57.8598],[27.0076,57.8594],[27.01,57.859],[27.0116,57.8588],[27.0155,57.8579],[27.019,57.8568],[27.0196,57.8566],[27.02,57.8564],[27.0249,57.8544],[27.0272,57.8533],[27.0302,57.8521],[27.0336,57.8509]],[[26.7171,58.3222],[26.717,58.3225],[26.7158,58.3274],[26.7144,58.3324]],[[26.7194,58.3126],[26.7195,58.3145],[26.7194,58.3149],[26.719,58.3161],[26.7176,58.3205],[26.7174,58.3213],[26.7171,58.3222]],[[25.9915,58.6625],[25.99,58.663],[25.9899,58.6631]],[[27.0645,57.8098],[27.065,57.8111]],[[27.0642,57.8097],[27.0645,57.8098]],[[26.9773,57.8575],[26.9786,57.8582],[26.9794,57.8587],[26.9822,57.8601],[26.9843,57.8606],[26.9855,57.8607],[26.9877,57.8607],[26.9923,57.8604]],[[26.6779,58.3673],[26.6777,58.3672]],[[26.6779,58.367],[26.6783,58.367],[26.6785,58.3671],[26.6783,58.3673]],[[25.6951,58.877],[25.696,58.8764],[25.6973,58.8756],[25.6992,58.8743],[25.6998,58.8739],[25.7004,58.8735],[25.7006,58.8733]],[[26.2125,58.6025],[26.2134,58.6021]],[[25.6943,58.8776],[25.6951,58.877]],[[26.6778,58.3626],[26.6778,58.3631],[26.6779,58.3634],[26.6779,58.3638],[26.6779,58.3644],[26.678,58.3648],[26.6781,58.366],[26.6782,58.3667],[26.6782,58.3669],[26.6783,58.367]],[[26.6779,58.3614],[26.6778,58.3626]],[[26.5074,58.4214],[26.511,58.4207],[26.5133,58.4204],[26.5145,58.4203],[26.5146,58.4203],[26.5164,58.4201],[26.5197,58.4198],[26.5224,58.4195],[26.5295,58.4188],[26.545,58.4171],[26.5567,58.4158],[26.5619,58.4153],[26.5636,58.4151],[26.564,58.415],[26.5669,58.4147],[26.5751,58.4138],[26.5763,58.4137],[26.5775,58.4136]],[[26.6789,58.3596],[26.6784,58.3603],[26.6779,58.3614]],[[25.993,58.662],[25.9924,58.6622],[25.9915,58.6625]],[[26.6924,58.3495],[26.6926,58.3493]],[[25.9353,58.671],[25.9374,58.6708],[25.9414,58.6707]],[[25.694,58.8778],[25.6943,58.8776]],[[26.2766,58.5753],[26.2787,58.5742]],[[26.8474,57.8931],[26.848,57.8925],[26.8488,57.8918],[26.8491,57.8916],[26.8492,57.8915],[26.8493,57.8914],[26.8499,57.891],[26.8501,57.8908],[26.8504,57.8906],[26.8511,57.8901]],[[26.3775,58.4655],[26.3898,58.4616],[26.3916,58.461],[26.3972,58.4592],[26.4008,58.458],[26.4033,58.4571],[26.4037,58.457],[26.4044,58.4568],[26.4055,58.4564],[26.4077,58.4557],[26.4091,58.4553],[26.4262,58.4496],[26.4321,58.4477],[26.4342,58.447],[26.4386,58.4455],[26.4397,58.4452],[26.4404,58.4449],[26.4412,58.4447],[26.4448,58.4435],[26.4506,58.4416],[26.4554,58.44],[26.4583,58.4391],[26.4591,58.4388],[26.4601,58.4385],[26.4641,58.4372],[26.4745,58.4338],[26.4787,58.4324],[26.4798,58.432],[26.4808,58.4317]],[[26.3747,58.4665],[26.3762,58.4659],[26.3765,58.4659],[26.3775,58.4655]]]},"properties":{"fclass":"trunk","ref":"2"}},
{"type":"Feature","geometry":{"type":"MultiLineString","coordinates":[[[24.6456,59.4234],[24.6455,59.423],[24.6448,59.4226],[24.6442,59.4223],[24.6438,59.4221],[24.6433,59.4219],[24.6429,59.4216],[24.642,59.4212],[24.6427,59.4215],[24.6449,59.4225],[24.6454,59.4227],[24.6458,59.4229],[24.6465,59.4232],[24.6469,59.4234],[24.6474,59.4236],[24.6477,59.4237],[24.6484,59.4239],[24.6488,59.4241],[24.6512,59.4247],[24.6531,59.4252],[24.6557,59.4258],[24.6563,59.4259],[24.6564,59.426],[24.6566,59.426],[24.6573,59.4262],[24.658,59.4263],[24.6585,59.4265],[24.6598,59.4267],[24.6603,59.4268],[24.6613,59.427],[24.6627,59.4272],[24.664,59.4274],[24.6641,59.4274],[24.6658,59.4276],[24.6708,59.428],[24.6717,59.428],[24.6736,59.4282],[24.6749,59.4283],[24.6761,59.4284],[24.6769,59.4285],[24.6787,59.4288],[24.6791,59.4288],[24.6798,59.4289],[24.68,59.4289],[24.681,59.429],[24.6826,59.4293],[24.6831,59.4293],[24.6846,59.4295],[24.685,59.4295],[24.6879,59.4298],[24.6891,59.4298],[24.6894,59.4298],[24.6902,59.4298],[24.6915,59.4298],[24.692,59.4298],[24.6929,59.4298],[24.6951,59.4297],[24.6965,59.4296],[24.6967,59.4295],[24.6969,59.4295],[24.6995,59.4294],[24.6997,59.4294],[24.6998,59.4293],[24.7014,59.4292],[24.7045,59.4293]],[[24.6469,59.4237],[24.6474,59.4237],[24.6477,59.4239],[24.6478,59.4239],[24.6488,59.4242],[24.6493,59.4243],[24.65,59.4245],[24.6531,59.4252]],[[24.4366,59.3113],[24.4368,59.3114],[24.4378,59.3122],[24.4373,59.3117],[24.4369,59.3114],[24.4369,59.3112]],[[24.6462,59.4228],[24.646,59.4228],[24.6448,59.4223],[24.6436,59.4217],[24.6427,59.4214],[24.6421,59.4211],[24.6427,59.4215]],[[24.7045,59.4291],[24.7043,59.4291],[24.7039,59.4291],[24.703,59.4291],[24.7018,59.4291],[24.7008,59.4292],[24.6998,59.4292],[24.6995,59.4293],[24.6982,59.4293],[24.6975,59.4294],[24.6972,59.4294],[24.6948,59.4295],[24.6933,59.4296],[24.692,59.4296],[24.6913,59.4295],[24.6901,59.4295],[24.6897,59.4295],[24.6894,59.4295],[24.6879,59.4294],[24.6856,59.4293],[24.685,59.4292],[24.6846,59.4291],[24.684,59.4291],[24.6839,59.4291],[24.6834,59.429],[24.6827,59.4289],[24.68,59.4286],[24.6788,59.4285],[24.6762,59.4282],[24.675,59.428],[24.6736,59.4279],[24.6718,59.4278],[24.6689,59.4276],[24.6654,59.4272],[24.6644,59.4271],[24.6612,59.4267],[24.6602,59.4265],[24.6599,59.4265],[24.659,59.4263],[24.6586,59.4262],[24.6585,59.4262],[24.6578,59.4261],[24.657,59.4259],[24.6564,59.4257],[24.6563,59.4257],[24.6552,59.4254],[24.6524,59.4248],[24.6511,59.4245],[24.649,59.4239],[24.6486,59.4238],[24.6481,59.4237],[24.6474,59.4235],[24.6469,59.4233],[24.6465,59.4232],[24.6458,59.4229]],[[24.6473,59.4231],[24.6474,59.4232],[24.6476,59.4235],[24.6477,59.4236],[24.6498,59.4243],[24.6537,59.4252],[24.6563,59.4257]],[[24.6391,59.4195],[24.6401,59.4201],[24.6402,59.4202],[24.6419,59.421],[24.6421,59.4211]],[[24.6139,59.4047],[24.613,59.4043],[24.61,59.4026],[24.609,59.4018],[24.6074,59.4007],[24.6071,59.4006],[24.6067,59.4004],[24.6044,59.3994],[24.6037,59.3991],[24.6034,59.399],[24.6011,59.3982],[24.5988,59.3973],[24.5985,59.3972],[24.5984,59.3972],[24.5974,59.3968],[24.5966,59.3965],[24.5949,59.3957],[24.5945,59.3955],[24.5942,59.3954],[24.5886,59.3935],[24.5875,59.3932],[24.5863,59.3929],[24.584,59.3923],[24.5826,59.392],[24.5824,59.392],[24.5814,59.3918],[24.581,59.3917],[24.5803,59.3916],[24.5787,59.3913],[24.5778,59.3911],[24.5768,59.3909],[24.5728,59.3902],[24.5661,59.3899],[24.5624,59.3898],[24.5606,59.3898],[24.5596,59.3897],[24.5578,59.3895],[24.5571,59.3893],[24.5568,59.3892],[24.5567,59.3892],[24.5559,59.3889],[24.5536,59.3876],[24.5495,59.3847],[24.5468,59.3833],[24.5462,59.3831],[24.5431,59.3817],[24.5428,59.3816],[24.5411,59.3808],[24.5399,59.3799],[24.5395,59.3796],[24.5393,59.3794],[24.5389,59.3791],[24.5387,59.379],[24.5385,59.3788],[24.5379,59.3783],[24.5386,59.3788],[24.5388,59.379],[24.539,59.3791],[24.5393,59.3794]],[[24.5941,59.3955],[24.5924,59.3949],[24.5886,59.3935]],[[24.6373,59.4179],[24.6367,59.4173],[24.6366,59.4172],[24.6363,59.4168],[24.6359,59.4163],[24.6356,59.4161],[24.6351,59.4154],[24.6344,59.4145],[24.6343,59.4145],[24.6341,59.4142],[24.6341,59.414],[24.634,59.4137],[24.634,59.4136],[24.634,59.4135],[24.6339,59.413],[24.6338,59.4126],[24.6335,59.4117],[24.6333,59.4115],[24.6329,59.411],[24.6326,59.4107],[24.6322,59.4104],[24.6314,59.41],[24.6311,59.4098],[24.6302,59.4093],[24.631,59.4096],[24.6312,59.4098],[24.6315,59.4099],[24.6323,59.4104],[24.6326,59.4107]],[[24.4448,59.3157],[24.4413,59.3146],[24.4397,59.3138],[24.4378,59.3122]],[[24.4544,59.3193],[24.4542,59.3192],[24.4535,59.3189],[24.4526,59.3185],[24.4514,59.3179],[24.4501,59.3173],[24.4499,59.3172],[24.4493,59.317],[24.4486,59.3167],[24.4468,59.3162],[24.4448,59.3157]],[[24.5379,59.3783],[24.5363,59.377],[24.5349,59.3759],[24.5306,59.3727],[24.5296,59.3721],[24.5262,59.3703],[24.5224,59.3688],[24.5195,59.3679],[24.5183,59.3676],[24.5179,59.3675],[24.5173,59.3674],[24.5168,59.3673],[24.5157,59.367],[24.5124,59.3662],[24.5111,59.3659],[24.5064,59.3648],[24.5058,59.3647],[24.5034,59.364],[24.5019,59.3635],[24.5012,59.3633],[24.5004,59.3629],[24.4996,59.3626],[24.4985,59.3622],[24.4979,59.3618],[24.497,59.3614],[24.4956,59.3603],[24.495,59.3597],[24.4943,59.3587],[24.4941,59.3583],[24.4939,59.3577],[24.4928,59.3539],[24.4927,59.3538],[24.4914,59.3522],[24.489,59.3506],[24.487,59.3495],[24.4836,59.3476],[24.4816,59.3458],[24.4807,59.344],[24.4804,59.3411],[24.4803,59.3393],[24.4803,59.3388],[24.48,59.337],[24.4793,59.3358],[24.478,59.3345],[24.4764,59.3335],[24.4744,59.332],[24.4724,59.3306],[24.4714,59.3299],[24.4703,59.3292],[24.4691,59.3284],[24.4689,59.3282],[24.4681,59.3277],[24.4671,59.327],[24.4653,59.3257],[24.4651,59.3255],[24.4588,59.3216],[24.4577,59.3209],[24.4544,59.3193]],[[24.6302,59.4093],[24.6291,59.409],[24.6289,59.4089],[24.627,59.4084],[24.6228,59.4076],[24.6206,59.4074],[24.62,59.4073],[24.6193,59.4072],[24.6191,59.4071],[24.6183,59.4069],[24.6177,59.4067],[24.6163,59.406],[24.6156,59.4056],[24.6139,59.4047]],[[24.5966,59.3965],[24.5943,59.3956],[24.5941,59.3955]],[[24.6379,59.4186],[24.6377,59.4185],[24.6373,59.4179]],[[24.6402,59.4204],[24.64,59.4203],[24.6399,59.4202],[24.6396,59.42],[24.6386,59.4194],[24.6379,59.4186],[24.6391,59.4195]],[[24.642,59.4212],[24.6418,59.4211],[24.641,59.4207],[24.6402,59.4204]]]},"properties":{"fclass":"primary","ref":"8"}},
{"type":"Feature","geometry":{"type":"LineString","coordinates":[[28.2054,59.3766],[28.204,59.3767]]},"properties":{"fclass":"trunk","ref":"А-180"}},
{"type":"Feature","geometry":{"type":"MultiLineString","coordinates":[[[26.0289,57.7809],[26.0287,57.7819],[26.0277,57.7827],[26.0274,57.7829],[26.0273,57.783],[26.0271,57.7833],[26.0267,57.7838],[26.0273,57.7849],[26.0288,57.7862],[26.0293,57.7865],[26.0311,57.7875],[26.0317,57.7879],[26.0331,57.7893],[26.0331,57.7895],[26.0332,57.7897],[26.0332,57.7898],[26.0332,57.7901],[26.0333,57.7903]],[[25.5599,58.0983],[25.5599,58.0985],[25.5602,58.0984]],[[25.3589,58.1261],[25.3586,58.126],[25.359,58.1259]],[[25.5468,58.1051],[25.5465,58.105],[25.5463,58.1051],[25.5461,58.1051],[25.5455,58.1052],[25.5443,58.1053],[25.5439,58.1052],[25.5433,58.1052],[25.5431,58.1051],[25.5425,58.105],[25.5421,58.105],[25.5419,58.1049],[25.5412,58.1048],[25.5411,58.1048],[25.5403,58.1046],[25.5382,58.1045]],[[25.3593,58.1258],[25.3596,58.1258],[25.3595,58.1259]],[[25.5602,58.0981],[25.5612,58.0978],[25.5603,58.0982]],[[26.0333,57.7922],[26.0334,57.7925],[26.0336,57.793],[26.0336,57.7932],[26.034,57.7942],[26.0341,57.7946],[26.0348,57.7968],[26.0353,57.7995],[26.0353,57.7996],[26.0358,57.8006],[26.0366,57.8021],[26.0386,57.8051],[26.039,57.8057],[26.039,57.8058],[26.041,57.81],[26.0425,57.8136],[26.0439,57.8158],[26.0463,57.8182],[26.0502,57.8221],[26.0509,57.8227],[26.0546,57.8265],[26.0558,57.8279],[26.0579,57.8312],[26.0587,57.833],[26.0592,57.8355],[26.0592,57.8376],[26.0582,57.8426],[26.0583,57.8461],[26.0592,57.8529],[26.0595,57.8551],[26.0592,57.8577],[26.0578,57.8632],[26.0574,57.8652],[26.0575,57.8664],[26.0586,57.8692],[26.059,57.8702],[26.0604,57.8738],[26.0605,57.8754],[26.0594,57.8818],[26.0591,57.8834],[26.0584,57.8858],[26.0577,57.8873],[26.0573,57.888],[26.0561,57.89],[26.0555,57.891],[26.0546,57.8927],[26.0543,57.8931],[26.054,57.8938],[26.0536,57.8944],[26.0533,57.8949],[26.0518,57.8976],[26.0495,57.9016],[26.0479,57.9037],[26.0462,57.9053],[26.0418,57.9089],[26.04,57.9101],[26.0398,57.9102],[26.0385,57.911],[26.0384,57.9111],[26.0321,57.9152],[26.0286,57.9169],[26.0252,57.9182],[26.0205,57.9201],[26.0204,57.9201],[26.0161,57.9218],[26.0139,57.9228],[26.0093,57.9253],[26.0064,57.9274],[26.0023,57.9308],[26.0021,57.931],[25.998,57.9344],[25.9973,57.935],[25.991,57.9399],[25.9891,57.9414],[25.9803,57.9469],[25.9777,57.9487],[25.9751,57.9505],[25.9729,57.952],[25.9723,57.9525],[25.9713,57.9532],[25.9698,57.9542],[25.9698,57.9543],[25.969,57.9554],[25.9665,57.9604],[25.9644,57.9647],[25.9631,57.9676],[25.9626,57.9682],[25.96,57.97],[25.9573,57.972],[25.9561,57.9738],[25.9542,57.9767],[25.9538,57.9773],[25.9528,57.9782],[25.9487,57.9803],[25.9439,57.9846],[25.9428,57.9858],[25.9414,57.9877],[25.9406,57.989],[25.9399,57.9901],[25.9397,57.9904],[25.9393,57.991],[25.9388,57.9918],[25.9387,57.992],[25.9379,57.9932],[25.9379,57.9933],[25.9375,57.9938],[25.937,57.9947],[25.9369,57.9948],[25.9369,57.9949],[25.9366,57.9953],[25.9363,57.9956],[25.9362,57.9958],[25.9357,57.9961],[25.9353,57.9964],[25.9337,57.9977],[25.9335,57.9978],[25.9334,57.9979],[25.9327,57.9984],[25.9322,57.9987],[25.932,57.9988],[25.9319,57.9988],[25.9304,57.9994],[25.9293,57.9998],[25.9289,58],[25.9285,58.0002],[25.928,58.0004],[25.9275,58.0005],[25.927,58.0008],[25.9268,58.0009],[25.9264,58.001],[25.9255,58.0014],[25.9254,58.0014],[25.9251,58.0016],[25.925,58.0017],[25.924,58.0022],[25.9239,58.0022],[25.9234,58.0025],[25.9231,58.0026],[25.923,58.0026],[25.9228,58.0026],[25.9225,58.0027],[25.9219,58.0028],[25.9217,58.0029],[25.9213,58.0031],[25.9211,58.0033],[25.9208,58.0037],[25.9206,58.0039],[25.9198,58.0048],[25.9197,58.0049],[25.9184,58.0059],[25.9173,58.0062],[25.9168,58.0062],[25.9165,58.0062],[25.9163,58.0063],[25.9159,58.0063],[25.9157,58.0064],[25.9153,58.0065],[25.9151,58.0065],[25.9147,58.0066],[25.9142,58.0068],[25.9137,58.0069],[25.9128,58.0073],[25.9125,58.0074],[25.9123,58.0074],[25.9111,58.0077],[25.9113,58.0077],[25.9123,58.0074]],[[25.5471,58.105],[25.5477,58.1048],[25.548,58.1048],[25.5482,58.1047],[25.5484,58.1047],[25.5489,58.1046],[25.5491,58.1046],[25.5494,58.1045],[25.5496,58.1045],[25.5499,58.1044],[25.5501,58.1044],[25.5503,58.1043],[25.5511,58.1039],[25.5512,58.1039],[25.5526,58.1033],[25.5527,58.1033],[25.553,58.1033],[25.5533,58.1032],[25.5535,58.1032],[25.5542,58.103],[25.5544,58.1029],[25.5548,58.1028],[25.5552,58.1025],[25.5554,58.1022],[25.556,58.1017],[25.556,58.1016],[25.5566,58.1012],[25.5572,58.1008],[25.5577,58.1004],[25.558,58.1002],[25.5593,58.0991],[25.5598,58.0986],[25.5599,58.0985]],[[24.5962,58.2928],[24.597,58.2922],[24.5978,58.2916],[24.5993,58.2906],[24.5996,58.2904],[24.6002,58.29],[24.6004,58.2899]],[[24.6002,58.2898],[24.6001,58.29],[24.5996,58.2904]],[[24.6005,58.2896],[24.6015,58.2891],[24.6007,58.2897]],[[25.0937,58.1419],[25.0893,58.1436],[25.0876,58.1443],[25.0746,58.1494],[25.0719,58.1504],[25.0717,58.1505],[25.0684,58.1515],[25.0661,58.1516],[25.0632,58.1515],[25.0629,58.1515],[25.0601,58.1514],[25.057,58.1511],[25.0519,58.1505],[25.0506,58.1503],[25.0485,58.15],[25.0456,58.1497],[25.0455,58.1497],[25.045,58.1497],[25.0448,58.1497],[25.0446,58.1496],[25.0445,58.1496],[25.0434,58.1495],[25.041,58.1492],[25.0399,58.1491],[25.0384,58.149],[25.0325,58.1485],[25.0305,58.1484],[25.0282,58.1482],[25.0268,58.1481],[25.0254,58.1483],[25.0243,58.1484],[25.0238,58.1485],[25.0224,58.1487],[25.0206,58.1492],[25.0189,58.1496],[25.0184,58.1498],[25.0183,58.1498],[25.0171,58.1502],[25.0162,58.1505],[25.0156,58.1507],[25.0148,58.1509],[25.0147,58.1509],[25.0135,58.1513],[25.0123,58.1516],[25.0084,58.1525],[25.0026,58.1538],[25,58.1546],[24.9948,58.1564],[24.9936,58.1568],[24.993,58.157],[24.9922,58.1573],[24.9913,58.1576],[24.9899,58.1581],[24.9883,58.1586],[24.9876,58.1588],[24.9872,58.1589],[24.987,58.1589],[24.9865,58.1591],[24.9857,58.1593],[24.9852,58.1594],[24.9848,58.1595],[24.9834,58.1597],[24.9828,58.1598],[24.9803,58.1601],[24.9766,58.1601],[24.9708,58.1594],[24.9638,58.1581],[24.9532,58.1562],[24.9531,58.1562],[24.9517,58.1559],[24.9471,58.1554],[24.9449,58.1552],[24.9448,58.1552],[24.9399,58.155],[24.9372,58.1549],[24.9359,58.1548],[24.9336,58.1547],[24.9334,58.1547],[24.932,58.1546],[24.9308,58.1545],[24.9303,58.1545],[24.9295,58.1545],[24.9133,58.1537],[24.9099,58.1535],[24.9052,58.1535],[24.899,58.154],[24.8939,58.1549],[24.8897,58.156],[24.8892,58.1561],[24.8889,58.1562],[24.8869,58.1568],[24.8868,58.1568],[24.8798,58.1587],[24.8791,58.1589],[24.8783,58.1591],[24.8778,58.1592],[24.8777,58.1593],[24.8765,58.1595],[24.8761,58.1596],[24.8757,58.1597],[24.8736,58.16],[24.8661,58.1604],[24.8624,58.1605],[24.8548,58.1609],[24.8505,58.1613],[24.844,58.1622],[24.8406,58.1628],[24.8357,58.1638],[24.8314,58.1648],[24.824,58.167],[24.82,58.1684],[24.8195,58.1686],[24.8186,58.169],[24.8173,58.1695],[24.817,58.1697],[24.8167,58.1698],[24.8165,58.1699],[24.816,58.1701],[24.8141,58.1709],[24.8139,58.171],[24.8135,58.1712],[24.8125,58.1717],[24.8102,58.1728],[24.806,58.175],[24.8035,58.1766],[24.8033,58.1767],[24.7965,58.181],[24.7916,58.1842],[24.7914,58.1843],[24.7889,58.1859],[24.7858,58.1876],[24.7835,58.1885],[24.7791,58.1899],[24.7756,58.1908],[24.7723,58.1913],[24.7655,58.1919],[24.7636,58.1921],[24.76,58.1926],[24.7566,58.1932],[24.7532,58.1941],[24.7459,58.1967],[24.7406,58.1987],[24.7372,58.1999],[24.7326,58.2012],[24.7294,58.202],[24.7263,58.203],[24.7246,58.2038],[24.7226,58.2051],[24.7174,58.2099],[24.7151,58.2121],[24.715,58.2122],[24.7093,58.2182],[24.7071,58.2206],[24.704,58.2245],[24.7012,58.228],[24.7008,58.2284],[24.699,58.2307],[24.6983,58.2316],[24.6966,58.2337],[24.6952,58.2357],[24.6952,58.2358],[24.6937,58.2379],[24.6919,58.2407],[24.6885,58.2458],[24.685,58.251],[24.6833,58.2527],[24.6795,58.2556],[24.6759,58.2575],[24.6737,58.2584],[24.6726,58.259],[24.6717,58.2594],[24.6709,58.2597],[24.6704,58.2599],[24.6696,58.2603],[24.6651,58.2619],[24.6632,58.2625],[24.658,58.2639],[24.6521,58.2655],[24.6513,58.2657],[24.6464,58.267],[24.6421,58.2684],[24.6415,58.2686],[24.6351,58.271],[24.63,58.273],[24.6273,58.2743],[24.6268,58.2745],[24.6231,58.2763],[24.6229,58.2764],[24.6152,58.2808],[24.6061,58.2861],[24.6051,58.2867],[24.605,58.2868],[24.6048,58.2869],[24.6039,58.2875],[24.6015,58.2891]],[[25.623,58.0632],[25.621,58.0653],[25.6203,58.0667],[25.6208,58.0715],[25.6197,58.0741],[25.6185,58.0751],[25.6165,58.0764],[25.615,58.0782],[25.6146,58.0806],[25.6136,58.0824],[25.612,58.0833],[25.6113,58.0836],[25.6078,58.084],[25.6069,58.084],[25.6052,58.0841],[25.6026,58.0838],[25.6021,58.0837],[25.6006,58.0834],[25.5996,58.0832],[25.5978,58.0831],[25.5947,58.0834],[25.5922,58.0839],[25.5885,58.0851],[25.5827,58.0878],[25.5824,58.088],[25.5801,58.0891],[25.5789,58.0896],[25.5777,58.09],[25.5758,58.0905],[25.5753,58.0906],[25.5742,58.0909],[25.5705,58.0921],[25.5702,58.0922],[25.5685,58.0934],[25.5682,58.0936],[25.5674,58.0941],[25.5668,58.0945],[25.5641,58.0961],[25.5627,58.0969],[25.5614,58.0976],[25.5612,58.0978]],[[25.7016,58.0105],[25.7013,58.0105],[25.7009,58.0105],[25.6996,58.0105],[25.6985,58.0108],[25.698,58.0109],[25.6968,58.0113],[25.6966,58.0114],[25.6964,58.0115],[25.6955,58.0118],[25.6954,58.0118],[25.6941,58.0123],[25.694,58.0123],[25.6933,58.0125],[25.6925,58.0126],[25.6922,58.0127],[25.691,58.0128],[25.6887,58.013],[25.6878,58.0135],[25.6875,58.0137],[25.6868,58.0144],[25.6863,58.0148],[25.685,58.0161],[25.6825,58.0184],[25.6801,58.0197],[25.6788,58.0202],[25.6753,58.0217],[25.674,58.0221],[25.6717,58.0224],[25.6643,58.0224],[25.6633,58.0225],[25.6615,58.0228],[25.6592,58.0236],[25.6569,58.0248],[25.6553,58.026],[25.6538,58.0281],[25.6521,58.0297],[25.6467,58.0339],[25.6455,58.0353],[25.6446,58.0376],[25.6452,58.0397],[25.6466,58.0426],[25.6465,58.0432],[25.645,58.0461],[25.6425,58.048],[25.6414,58.0491],[25.6403,58.0509],[25.6385,58.0528],[25.6343,58.0549],[25.6336,58.0552],[25.6316,58.0564],[25.6291,58.0583],[25.627,58.0599],[25.625,58.0614],[25.6246,58.0618],[25.6243,58.062],[25.623,58.0632]],[[25.7698,58.0066],[25.7668,58.006],[25.7648,58.0059],[25.7616,58.0068],[25.7603,58.0072],[25.7535,58.0086],[25.7495,58.0092],[25.7466,58.0095],[25.7402,58.0099],[25.7379,58.01],[25.7297,58.0105],[25.7243,58.0108],[25.7232,58.0108],[25.7224,58.0109],[25.7183,58.0111],[25.7168,58.0112],[25.7124,58.0107],[25.7097,58.0106],[25.7087,58.0106],[25.7081,58.0106],[25.7053,58.0105],[25.7039,58.0105],[25.7036,58.0105],[25.7016,58.0105]],[[25.9239,58.0022],[25.9237,58.0023],[25.9235,58.0025],[25.9233,58.0027],[25.9231,58.0026]],[[25.3565,58.1262],[25.3562,58.1262],[25.3561,58.1262],[25.3554,58.1262],[25.3551,58.1262],[25.3547,58.1262],[25.3546,58.1262],[25.3533,58.1263],[25.3522,58.1263],[25.3516,58.1263],[25.3507,58.1262],[25.3505,58.1262],[25.35,58.1262],[25.3497,58.1262],[25.349,58.1261],[25.3482,58.126],[25.3478,58.1259],[25.3472,58.1258],[25.3465,58.1258],[25.343,58.1254],[25.3426,58.1253],[25.3425,58.1253],[25.3418,58.1252],[25.3412,58.1251],[25.3409,58.1251],[25.3406,58.1251],[25.3391,58.1249],[25.3367,58.125],[25.3347,58.1249],[25.3333,58.1247],[25.3277,58.1235],[25.3243,58.1228],[25.3229,58.1226],[25.3213,58.1222],[25.321,58.1222],[25.3179,58.1215],[25.315,58.1211],[25.3118,58.121],[25.3039,58.1211],[25.3026,58.1212],[25.3014,58.1212],[25.3002,58.1212],[25.2957,58.1213],[25.2947,58.1213],[25.2938,58.1213],[25.2936,58.1213],[25.2908,58.1213],[25.2898,58.1214],[25.2897,58.1214],[25.2885,58.1214],[25.285,58.1214],[25.2817,58.1212],[25.277,58.1207],[25.2715,58.1201],[25.2663,58.1196],[25.265,58.1194],[25.2637,58.1193],[25.2559,58.1185],[25.2511,58.1181],[25.2466,58.1179],[25.245,58.1178],[25.2371,58.1173],[25.2357,58.1172],[25.2344,58.1172],[25.2329,58.1171],[25.2287,58.1168],[25.2227,58.1165],[25.2178,58.1162],[25.2084,58.1157],[25.2011,58.1152],[25.2008,58.1152],[25.1995,58.1152],[25.1992,58.1152],[25.1983,58.1151],[25.1965,58.115],[25.1974,58.115],[25.1981,58.115],[25.1983,58.115],[25.1992,58.1151],[25.2011,58.1152]],[[25.3413,58.1252],[25.3413,58.1253],[25.3418,58.1252]],[[25.1523,58.1279],[25.1496,58.1276],[25.1451,58.1275],[25.137,58.1276],[25.1327,58.1279],[25.1271,58.1285],[25.1239,58.1293],[25.1178,58.1319],[25.1167,58.1324],[25.1163,58.1326],[25.1156,58.1328],[25.1148,58.1332],[25.1057,58.1372],[25.1,58.1394],[25.0937,58.1419]],[[25.1526,58.1279],[25.1523,58.1279]],[[25.3408,58.1253],[25.3391,58.1249]],[[25.5334,58.1043],[25.5323,58.1042],[25.53,58.1043],[25.5267,58.1047],[25.5231,58.1057],[25.5197,58.107],[25.5121,58.11],[25.5046,58.113],[25.5019,58.1141],[25.5012,58.1144],[25.499,58.1153],[25.4977,58.1158],[25.4929,58.1177],[25.4911,58.1184],[25.4883,58.1195],[25.4835,58.1214],[25.4834,58.1215],[25.4808,58.1221],[25.478,58.1223],[25.4749,58.1223],[25.474,58.1223],[25.4733,58.1223],[25.4729,58.1223],[25.4666,58.1224],[25.4584,58.1223],[25.4569,58.1222],[25.4566,58.1222],[25.4555,58.1222],[25.4552,58.1222],[25.4545,58.1222],[25.45,58.122],[25.4474,58.1215],[25.4437,58.1206],[25.436,58.1185],[25.4314,58.1173],[25.4307,58.1172],[25.4305,58.1172],[25.4299,58.1171],[25.4293,58.1171],[25.4249,58.1172],[25.4171,58.1179],[25.4149,58.1181],[25.4082,58.1187],[25.406,58.1187],[25.4058,58.1187],[25.4049,58.1188],[25.4044,58.1188],[25.4034,58.1188],[25.3973,58.1189],[25.3956,58.119],[25.3917,58.1191],[25.3906,58.1191],[25.3902,58.1191],[25.385,58.1197],[25.379,58.1202],[25.3735,58.1202],[25.3721,58.1201],[25.3711,58.12],[25.371,58.12],[25.369,58.1198],[25.3687,58.1197],[25.3677,58.1196],[25.3656,58.1197],[25.3651,58.1199],[25.3644,58.1203],[25.364,58.1211],[25.3638,58.1215],[25.3637,58.1217],[25.3636,58.1219],[25.3635,58.1221],[25.3629,58.1231],[25.3625,58.1237],[25.3625,58.1238],[25.3617,58.1245],[25.3613,58.1248],[25.3612,58.1249],[25.3599,58.1257],[25.3596,58.1258]],[[25.9229,58.0028],[25.9225,58.0028],[25.9219,58.0028]],[[25.9094,58.0081],[25.9029,58.0087],[25.8995,58.0092],[25.8977,58.0096],[25.8943,58.0108],[25.8918,58.0116],[25.888,58.0125],[25.8843,58.0134],[25.8829,58.0138],[25.8825,58.0139],[25.8817,58.0141],[25.8814,58.0142],[25.8797,58.0152],[25.879,58.0158],[25.8787,58.0161],[25.8775,58.0171],[25.8774,58.0172],[25.8768,58.0177],[25.8767,58.0178],[25.8761,58.0184],[25.8756,58.0187],[25.8753,58.0189],[25.8752,58.019],[25.8747,58.0194],[25.8719,58.0214],[25.869,58.0231],[25.8688,58.0232],[25.868,58.0237],[25.8659,58.0249],[25.861,58.0276],[25.8584,58.0286],[25.8566,58.0291],[25.8558,58.0292],[25.8506,58.0302],[25.8459,58.0308],[25.8448,58.0308],[25.8439,58.0308],[25.8435,58.0308],[25.842,58.0307],[25.8372,58.0297],[25.837,58.0296],[25.8322,58.028],[25.828,58.0265],[25.825,58.0254],[25.8248,58.0253],[25.8224,58.0244],[25.81,58.02],[25.8033,58.018],[25.7999,58.0169],[25.7973,58.0153],[25.797,58.0151],[25.7939,58.0122],[25.7921,58.0114],[25.7867,58.0101],[25.7835,58.0096],[25.7765,58.0087],[25.7751,58.0085],[25.7715,58.0071],[25.7704,58.0068],[25.7698,58.0066]],[[25.9111,58.0077],[25.9094,58.0081]],[[25.5366,58.1044],[25.5334,58.1043]],[[25.923,58.0028],[25.9229,58.0028],[25.9228,58.0026]],[[25.1965,58.115],[25.1957,58.1151],[25.1927,58.1157],[25.1765,58.1218],[25.1622,58.1271],[25.1587,58.128],[25.1561,58.1282],[25.1558,58.1282],[25.1547,58.1281],[25.1526,58.1279]],[[25.3575,58.126],[25.3572,58.1261],[25.3565,58.1262]],[[25.3586,58.126],[25.3581,58.126],[25.3577,58.126],[25.3575,58.126]],[[25.5381,58.1045],[25.537,58.1044],[25.5366,58.1044]],[[25.537,58.1044],[25.5381,58.1045]],[[25.9233,58.0027],[25.9233,58.0028],[25.923,58.0028]],[[25.3413,58.1253],[25.3411,58.1254],[25.3409,58.1253],[25.3408,58.1253],[25.3409,58.1251]],[[25.3412,58.1251],[25.3413,58.1252]]]},"properties":{"fclass":"primary","ref":"6"}},
{"type":"Feature","geometry":{"type":"MultiLineString","coordinates":[[[24.4969,59.249],[24.4951,59.2474],[24.4928,59.2452],[24.4923,59.2447],[24.4917,59.2443],[24.4916,59.2442],[24.4909,59.2436],[24.4906,59.2434],[24.4905,59.2433],[24.4902,59.2431],[24.4901,59.243],[24.4897,59.2428],[24.4892,59.2425],[24.4887,59.2423],[24.4853,59.2412],[24.4841,59.2409],[24.4817,59.2401],[24.4807,59.2397],[24.4783,59.2388],[24.4777,59.2386],[24.4755,59.2376],[24.4643,59.2324],[24.4636,59.232],[24.4603,59.2306],[24.4584,59.23],[24.4522,59.2283],[24.45,59.2276],[24.4454,59.2256],[24.4426,59.224],[24.4424,59.2239],[24.4395,59.2217],[24.4375,59.2196],[24.4371,59.219],[24.4369,59.2188],[24.4366,59.2185],[24.4364,59.2183],[24.4315,59.2125],[24.431,59.2119],[24.4304,59.2113],[24.4273,59.2084],[24.4268,59.2079],[24.4254,59.2068],[24.4247,59.2059],[24.4245,59.2054],[24.4245,59.2052],[24.4244,59.2047],[24.4241,59.2037],[24.424,59.2037],[24.4232,59.2024],[24.423,59.2021],[24.4208,59.2003],[24.4176,59.1989],[24.4155,59.1979],[24.4152,59.1978],[24.4137,59.1971],[24.4127,59.1967],[24.4087,59.195],[24.4049,59.1931],[24.4007,59.1905],[24.3962,59.1873],[24.3927,59.1854],[24.3918,59.1849],[24.3894,59.1838],[24.3839,59.1819],[24.3838,59.1818],[24.3798,59.1805],[24.3758,59.1794],[24.3715,59.1784],[24.3666,59.1775],[24.3654,59.1772],[24.3649,59.1771],[24.3638,59.1769],[24.3634,59.1768],[24.3624,59.1765],[24.36,59.1756],[24.3592,59.1752],[24.3568,59.1737],[24.3551,59.1724],[24.3532,59.171],[24.3527,59.1705],[24.3502,59.1681],[24.3481,59.1657],[24.3442,59.1612],[24.3425,59.159],[24.341,59.1562],[24.3387,59.1517],[24.3366,59.1489],[24.336,59.1482],[24.3329,59.1442],[24.3322,59.1432],[24.3302,59.14],[24.33,59.1396],[24.33,59.1394],[24.3299,59.1392],[24.3298,59.1391],[24.3284,59.1355],[24.3278,59.1341],[24.3264,59.1329],[24.3217,59.1308],[24.3214,59.1306],[24.3137,59.1273],[24.3128,59.1269],[24.3096,59.1255],[24.3077,59.1247],[24.3064,59.1241],[24.3061,59.124],[24.3055,59.1238],[24.3043,59.1232],[24.3041,59.1232],[24.3033,59.1229],[24.3031,59.1228],[24.3022,59.1225],[24.302,59.1224],[24.3,59.1218],[24.2972,59.1211],[24.2934,59.1203],[24.2882,59.1197],[24.2828,59.119],[24.2815,59.1189],[24.2812,59.1188],[24.2809,59.1188],[24.2797,59.1187],[24.2765,59.1182],[24.2739,59.1177],[24.27,59.1167],[24.2655,59.1151],[24.2612,59.113],[24.2606,59.1127],[24.2604,59.1125],[24.2599,59.1122],[24.2572,59.1104],[24.2554,59.1087],[24.2536,59.106],[24.253,59.104],[24.2525,59.1004],[24.2524,59.1003],[24.2524,59.1002],[24.2522,59.0999],[24.2522,59.0997],[24.2519,59.0993],[24.2513,59.0985],[24.251,59.098],[24.2503,59.0972],[24.2498,59.0965],[24.2497,59.0964],[24.2472,59.0932],[24.2446,59.0902],[24.2405,59.0868],[24.2383,59.0853],[24.2371,59.0845],[24.2364,59.084],[24.235,59.0833],[24.2349,59.0832],[24.2334,59.0826],[24.2323,59.0821],[24.2313,59.0818],[24.231,59.0816],[24.2278,59.0803],[24.2274,59.0801],[24.2258,59.0795],[24.2218,59.078],[24.2159,59.0762],[24.2096,59.0747],[24.206,59.0736],[24.1998,59.0711],[24.1974,59.0697],[24.1954,59.0678],[24.1946,59.0663],[24.1944,59.0633],[24.1942,59.0626],[24.1942,59.0625],[24.194,59.0622],[24.1936,59.0613],[24.192,59.0595],[24.1899,59.058],[24.1898,59.0579],[24.1852,59.0556],[24.1806,59.0532],[24.1784,59.0516],[24.176,59.0494],[24.1752,59.0486],[24.1752,59.0485],[24.1746,59.0479],[24.1745,59.0477],[24.1741,59.0473],[24.1739,59.0471],[24.1735,59.0466],[24.1725,59.0455],[24.171,59.0439],[24.1702,59.043],[24.1687,59.0413],[24.1678,59.04],[24.1676,59.0392],[24.1668,59.0374],[24.1655,59.036],[24.163,59.0345],[24.1627,59.0343],[24.1582,59.0317],[24.1546,59.0295],[24.1543,59.0294],[24.1533,59.0288],[24.1532,59.0287],[24.1526,59.0284],[24.1523,59.0282],[24.1508,59.0271],[24.1493,59.0253],[24.1479,59.0228],[24.1469,59.0218],[24.145,59.0205],[24.1412,59.018],[24.139,59.0162],[24.1372,59.0148],[24.1326,59.011],[24.1249,59.0058],[24.1231,59.0048],[24.1207,59.0039],[24.1147,59.0024],[24.1109,59.0011],[24.1083,59.0005],[24.1081,59.0004],[24.1071,59.0003],[24.1069,59.0002],[24.1049,58.9999],[24.104,58.9997],[24.1007,58.9993],[24.0933,58.9988],[24.0807,58.998],[24.0789,58.9978],[24.0753,58.9971],[24.0747,58.9969],[24.0712,58.996],[24.0674,58.995],[24.0634,58.9941],[24.062,58.9939],[24.0609,58.9938],[24.0596,58.9937],[24.0592,58.9936],[24.0585,58.9936],[24.0573,58.9935],[24.0561,58.9935],[24.0551,58.9935],[24.054,58.9935],[24.0513,58.9937],[24.0501,58.9938],[24.0454,58.9943],[24.0431,58.9944],[24.0413,58.9944],[24.0372,58.9941],[24.0357,58.9939],[24.0339,58.9935],[24.0294,58.9927],[24.0261,58.9919],[24.0235,58.9911],[24.0191,58.9893],[24.0124,58.9866],[24.0091,58.9858],[24.0035,58.9848],[23.9988,58.984],[23.9972,58.9837],[23.9916,58.9832],[23.9827,58.9828],[23.9812,58.9827],[23.981,58.9827],[23.9803,58.9826],[23.9788,58.9825],[23.9722,58.9815],[23.9693,58.981],[23.9605,58.979],[23.9589,58.9785],[23.9584,58.9783],[23.951,58.9756],[23.947,58.9747],[23.9394,58.9738],[23.9343,58.9737],[23.9279,58.9739],[23.9213,58.9738],[23.9149,58.9736],[23.9064,58.9734],[23.9046,58.9733],[23.9026,58.9732],[23.9014,58.9731],[23.8994,58.9728],[23.8976,58.9726],[23.8961,58.9725],[23.887,58.9714],[23.8825,58.971],[23.8802,58.9709],[23.8755,58.9711],[23.8754,58.9711],[23.873,58.9714],[23.868,58.9719],[23.8672,58.972],[23.8669,58.972],[23.8659,58.9721],[23.8646,58.9723],[23.8627,58.9725],[23.8619,58.9726],[23.8612,58.9726],[23.8592,58.9728],[23.8562,58.9731],[23.8525,58.9732],[23.8487,58.9729],[23.8451,58.9721],[23.8428,58.9713],[23.8388,58.9695],[23.8375,58.9689],[23.8372,58.9688],[23.8366,58.9685],[23.8354,58.9679],[23.8347,58.9676],[23.8247,58.9631],[23.8236,58.9626],[23.8231,58.9624],[23.8228,58.9622],[23.822,58.9618],[23.8172,58.96],[23.8136,58.9591],[23.8126,58.9589],[23.8125,58.9588],[23.812,58.9587],[23.8109,58.9585],[23.8101,58.9583],[23.8086,58.9581],[23.8071,58.9579],[23.8066,58.9579],[23.8054,58.9578],[23.8048,58.9577],[23.8042,58.9577],[23.8029,58.9577],[23.8027,58.9577],[23.8014,58.9577],[23.8009,58.9577],[23.7981,58.9577],[23.7923,58.9576],[23.7906,58.9575],[23.7882,58.9573],[23.7874,58.9572],[23.7869,58.9572],[23.7832,58.9568],[23.7824,58.9567],[23.7804,58.9564],[23.7789,58.9563],[23.7779,58.9562],[23.7762,58.9562],[23.7754,58.9561],[23.7738,58.9561],[23.773,58.956],[23.7709,58.956],[23.7674,58.9558],[23.7599,58.9556],[23.7587,58.9555],[23.7555,58.9556],[23.7545,58.9557],[23.7542,58.9557],[23.7532,58.9558],[23.7517,58.956],[23.7505,58.9561],[23.7485,58.9564],[23.7472,58.9565],[23.746,58.9567],[23.7458,58.9567],[23.7455,58.9567],[23.7452,58.9567],[23.7438,58.9569],[23.7437,58.9569],[23.7431,58.9569],[23.7423,58.9569],[23.7418,58.9569],[23.7396,58.9568],[23.7395,58.9568],[23.7365,58.9568],[23.7343,58.9567],[23.7276,58.9566],[23.7267,58.9567],[23.7252,58.9569],[23.725,58.9569],[23.7233,58.9573],[23.7183,58.9583],[23.7147,58.959],[23.7095,58.9598],[23.7091,58.9599],[23.7063,58.9602],[23.7035,58.9605],[23.7021,58.9607],[23.7003,58.9609],[23.6985,58.9611],[23.6979,58.9611],[23.6976,58.9612],[23.6961,58.9613],[23.6952,58.9613],[23.6923,58.9614],[23.6858,58.9612],[23.6814,58.9607],[23.6808,58.9607],[23.6772,58.9601],[23.6753,58.9597],[23.6745,58.9595],[23.673,58.9591],[23.6723,58.9589],[23.6699,58.9582],[23.6689,58.9578],[23.6687,58.9577],[23.6677,58.9573],[23.6665,58.9569],[23.6659,58.9566],[23.6646,58.9561],[23.6624,58.9548],[23.6585,58.9522],[23.6583,58.9521],[23.655,58.9506],[23.654,58.9502],[23.6517,58.9497],[23.6495,58.9494],[23.6441,58.9492],[23.6438,58.9492],[23.6426,58.9492],[23.6416,58.9491],[23.6411,58.9491],[23.6405,58.9491],[23.639,58.9491],[23.6378,58.949],[23.6366,58.949],[23.6275,58.9487],[23.6259,58.9486],[23.6223,58.9485],[23.6199,58.9484],[23.6141,58.9481],[23.6078,58.9473],[23.6054,58.9468],[23.598,58.945],[23.593,58.9438],[23.5926,58.9437],[23.5923,58.9436],[23.589,58.9428],[23.5889,58.9428],[23.5878,58.9425],[23.5858,58.942],[23.5846,58.9417],[23.5837,58.9415],[23.5831,58.9413],[23.5828,58.9412]],[[23.5349,58.9394],[23.5352,58.9393],[23.5356,58.9394],[23.5358,58.9394],[23.5356,58.9393],[23.5348,58.9392]],[[23.5345,58.9392],[23.5341,58.9394],[23.5345,58.9394],[23.5346,58.9394]],[[23.5824,58.9413],[23.5822,58.9411],[23.5818,58.941],[23.5816,58.9409],[23.5812,58.9407],[23.5799,58.9403],[23.5788,58.9399],[23.5785,58.9398],[23.5782,58.9397],[23.5764,58.9391],[23.5756,58.9389],[23.5751,58.9387],[23.5744,58.9384],[23.5741,58.9384]],[[23.5742,58.9382],[23.5745,58.9383],[23.575,58.9385],[23.5765,58.9391],[23.5783,58.9397],[23.5786,58.9398],[23.5789,58.9399],[23.5804,58.9404],[23.5807,58.9405],[23.5816,58.9408],[23.5822,58.9411],[23.5825,58.9411]],[[23.5827,58.9413],[23.583,58.9414],[23.5833,58.9414],[23.5837,58.9415]],[[23.5697,58.9372],[23.5704,58.9373],[23.5711,58.9374],[23.5736,58.9381],[23.5738,58.9381]],[[23.5737,58.9383],[23.5735,58.9381],[23.5734,58.9381],[23.5729,58.9379],[23.5711,58.9375],[23.571,58.9375],[23.5701,58.9373],[23.5697,58.9373]],[[23.5695,58.9373],[23.5682,58.9372],[23.5671,58.9372],[23.5666,58.9372],[23.5659,58.9371],[23.5649,58.937],[23.5645,58.937],[23.5644,58.937],[23.5642,58.937],[23.5626,58.9372],[23.5613,58.9373],[23.561,58.9373],[23.5609,58.9373],[23.5599,58.9374],[23.5585,58.9375],[23.5582,58.9376],[23.5579,58.9376],[23.5576,58.9376],[23.5575,58.9376],[23.5573,58.9377],[23.5572,58.9377],[23.5551,58.9379],[23.5533,58.938],[23.5531,58.9381],[23.5525,58.9381],[23.5522,58.9381],[23.5519,58.9382],[23.5517,58.9382],[23.5507,58.9383],[23.5499,58.9383],[23.5472,58.9386],[23.5463,58.9388],[23.5461,58.9389],[23.5457,58.939],[23.5455,58.9391],[23.5452,58.9392],[23.5447,58.9393],[23.5441,58.9394],[23.544,58.9394],[23.5435,58.9395],[23.5433,58.9395],[23.5429,58.9396],[23.5423,58.9396],[23.5422,58.9396],[23.5421,58.9395],[23.5419,58.9395],[23.5414,58.9394],[23.5413,58.9394],[23.5411,58.9394],[23.541,58.9394],[23.5407,58.9393],[23.54,58.9393],[23.5398,58.9393],[23.5397,58.9393],[23.5391,58.9393],[23.5381,58.9393],[23.5366,58.9393],[23.5363,58.9394],[23.5358,58.9394]],[[23.5694,58.9372],[23.5686,58.9372],[23.5682,58.9372]],[[23.4294,58.9086],[23.4295,58.9086],[23.4297,58.9087],[23.4304,58.9089],[23.4306,58.909],[23.4311,58.9091],[23.433,58.9094],[23.4335,58.9095],[23.4366,58.9106],[23.4382,58.9111],[23.4388,58.9112],[23.4392,58.9112],[23.4404,58.9112],[23.4473,58.911],[23.4492,58.911],[23.4554,58.9115],[23.4564,58.9116],[23.4566,58.9116],[23.4576,58.9118],[23.4619,58.913],[23.4641,58.9139],[23.4678,58.9159],[23.474,58.9176],[23.4761,58.918],[23.4787,58.9181],[23.4799,58.9181],[23.4811,58.9181],[23.4816,58.9181],[23.4834,58.918],[23.4841,58.9179],[23.4866,58.9171],[23.4886,58.9171],[23.4964,58.9184],[23.4974,58.9185],[23.4984,58.9187],[23.4993,58.9188],[23.5052,58.9184],[23.5069,58.9185],[23.5083,58.9189],[23.51,58.9194],[23.5103,58.9195],[23.5107,58.9196],[23.5112,58.9197],[23.5118,58.9199],[23.5141,58.9205],[23.5164,58.9211],[23.5165,58.9212],[23.5174,58.9214],[23.5186,58.9215],[23.5187,58.9215],[23.5194,58.9216],[23.5199,58.9217],[23.5204,58.9217],[23.5218,58.9219],[23.5223,58.9219],[23.5226,58.9221],[23.523,58.9225],[23.5234,58.9231],[23.5248,58.925],[23.5249,58.9258],[23.525,58.9262],[23.525,58.9266],[23.525,58.9275],[23.525,58.9283],[23.525,58.9285],[23.5251,58.929],[23.5253,58.9295],[23.5255,58.93],[23.5256,58.9302],[23.5258,58.9306],[23.5259,58.9308],[23.526,58.9309],[23.526,58.931],[23.5263,58.9313],[23.5275,58.933],[23.5277,58.9333],[23.528,58.9337],[23.5282,58.9341],[23.5283,58.9341],[23.5283,58.9342],[23.5286,58.9346],[23.5288,58.9349],[23.5294,58.9356],[23.5295,58.9357],[23.5297,58.9358],[23.53,58.936],[23.5319,58.9372],[23.5313,58.9381],[23.5305,58.9391],[23.5307,58.9392],[23.5325,58.9395],[23.5332,58.9394],[23.5341,58.9394]],[[23.5404,58.9392],[23.541,58.9393],[23.5411,58.9393],[23.5413,58.9393],[23.5414,58.9393],[23.5417,58.9394],[23.5421,58.9395],[23.5423,58.9395],[23.5429,58.9396],[23.5433,58.9395]],[[23.5507,58.9383],[23.5516,58.9381],[23.5519,58.9381],[23.5522,58.9381],[23.5524,58.9381],[23.5531,58.938],[23.5533,58.938]],[[23.54,58.9393],[23.5404,58.9392]]]},"properties":{"fclass":"primary","ref":"9"}},
{"type":"Feature","geometry":{"type":"MultiLineString","coordinates":[[[22.5141,58.2655],[22.5143,58.2662],[22.5146,58.2664],[22.5134,58.266]],[[22.5124,58.2654],[22.5123,58.2651],[22.5122,58.2651],[22.5118,58.2647],[22.512,58.2648],[22.5125,58.265],[22.5132,58.2651]],[[22.4852,58.2529],[22.4855,58.2531],[22.4867,58.2535],[22.4869,58.2536],[22.4873,58.2537],[22.4876,58.2538],[22.4883,58.254],[22.4886,58.2541],[22.4892,58.2543],[22.4893,58.2543],[22.4895,58.2543],[22.4915,58.2548],[22.4917,58.2548],[22.4921,58.255],[22.4922,58.2551],[22.4927,58.2552],[22.4928,58.2553],[22.4931,58.2554],[22.4927,58.2552],[22.4921,58.255]],[[22.4992,58.2587],[22.4991,58.2585],[22.4989,58.2584],[22.4992,58.2585],[22.4994,58.2586]],[[22.4995,58.2587],[22.4997,58.2588],[22.5,58.2589],[22.4997,58.2588],[22.4996,58.2587]],[[22.5065,58.2621],[22.5075,58.2626],[22.5086,58.2631],[22.5087,58.2632],[22.5094,58.2636],[22.5096,58.2637],[22.51,58.2638],[22.5103,58.264],[22.5112,58.2645],[22.5116,58.2647],[22.5118,58.2647]],[[24.0585,58.9936],[24.0585,58.9931],[24.0584,58.9925],[24.0584,58.9912],[24.0583,58.9904],[24.0576,58.9831],[24.0579,58.9794],[24.0586,58.9773],[24.0601,58.9747],[24.0603,58.9744],[24.0627,58.9717],[24.064,58.9705],[24.0675,58.9675],[24.0703,58.9646],[24.0732,58.9613],[24.0732,58.9612],[24.0748,58.9594],[24.0789,58.9547],[24.079,58.9546],[24.0821,58.9509],[24.0839,58.9482],[24.0862,58.944],[24.0889,58.9407],[24.0895,58.94],[24.0958,58.9349],[24.0967,58.9342],[24.0968,58.934],[24.0976,58.9334],[24.0998,58.9317],[24.102,58.9303],[24.1077,58.9272],[24.1101,58.9255],[24.1116,58.9237],[24.1123,58.9227],[24.1127,58.9213],[24.1128,58.9206],[24.1128,58.919],[24.1116,58.9132],[24.1104,58.907],[24.11,58.9049],[24.1097,58.9036],[24.1096,58.9031],[24.1095,58.9029],[24.1095,58.9027],[24.1092,58.9018],[24.1074,58.8995],[24.104,58.8969],[24.1019,58.8955],[24.1016,58.8953],[24.0996,58.894],[24.097,58.8922],[24.0952,58.891],[24.0933,58.8894],[24.0919,58.8882],[24.0905,58.8862],[24.0901,58.8857],[24.0891,58.8834],[24.089,58.8829],[24.0881,58.8803],[24.0871,58.8773],[24.0863,58.8755],[24.0857,58.8745],[24.0855,58.8741],[24.0845,58.8727],[24.081,58.8688],[24.0788,58.8664],[24.0757,58.8628],[24.0743,58.8609],[24.0742,58.8607],[24.074,58.8604],[24.0737,58.86],[24.0725,58.858],[24.0719,58.8571],[24.0703,58.8545],[24.069,58.8516],[24.0682,58.8505],[24.0652,58.8474],[24.0634,58.8459],[24.0623,58.845],[24.059,58.8417],[24.0573,58.8391],[24.0571,58.8387],[24.0564,58.8371],[24.056,58.8363],[24.0559,58.8361],[24.0557,58.8358],[24.0555,58.8352],[24.0554,58.835],[24.0548,58.8331],[24.0547,58.8299],[24.0554,58.8272],[24.0571,58.8241],[24.0574,58.8233],[24.0577,58.8203],[24.0575,58.8196],[24.0575,58.8195],[24.0574,58.8194],[24.0565,58.8175],[24.0563,58.8173],[24.0562,58.8171],[24.056,58.8169],[24.0552,58.8161],[24.0544,58.8152],[24.0523,58.8129],[24.0507,58.8102],[24.0499,58.8081],[24.0487,58.8049],[24.0473,58.8011],[24.0472,58.8006],[24.0458,58.7974],[24.0442,58.7957],[24.0415,58.7939],[24.039,58.7928],[24.0359,58.7918],[24.0262,58.7892],[24.0222,58.7881],[24.0148,58.786],[24.0127,58.7854],[24.0032,58.7826],[24.0029,58.7825],[23.9987,58.7809],[23.9971,58.7802],[23.9936,58.7781],[23.9919,58.7766],[23.9907,58.7751],[23.9896,58.7734],[23.9894,58.773],[23.9888,58.7717],[23.9883,58.7693],[23.9882,58.7677],[23.9882,58.7676],[23.9882,58.7671],[23.9883,58.7666],[23.9883,58.766],[23.9885,58.7657],[23.9885,58.7656],[23.9887,58.765],[23.9888,58.7646],[23.989,58.764],[23.9895,58.7625],[23.9897,58.7617],[23.9903,58.76],[23.9918,58.7555],[23.9956,58.7464],[23.9969,58.7434],[23.9969,58.7432],[23.9971,58.7428],[23.9972,58.7426],[23.9973,58.7419],[23.9974,58.7415],[23.9973,58.7403],[23.9961,58.738],[23.9941,58.7361],[23.9931,58.7354],[23.991,58.7344],[23.9905,58.7342],[23.987,58.7331],[23.9861,58.7329],[23.985,58.7327],[23.9849,58.7327],[23.9833,58.7324],[23.9819,58.7321],[23.9749,58.7307],[23.9721,58.7302],[23.9611,58.728],[23.9554,58.7269],[23.9547,58.7267],[23.9525,58.7263],[23.9516,58.7262],[23.9509,58.7262],[23.9496,58.7261],[23.9475,58.7261],[23.9463,58.7261],[23.9459,58.7261],[23.9446,58.7261],[23.9436,58.7261],[23.9365,58.7262],[23.9359,58.7262],[23.9296,58.726],[23.9295,58.726],[23.9251,58.7256],[23.9206,58.7249],[23.9168,58.7241],[23.9147,58.7236],[23.9135,58.7234],[23.9083,58.7221],[23.9062,58.7216],[23.8997,58.72],[23.8956,58.7189],[23.8914,58.7177],[23.8893,58.7171],[23.8851,58.7157],[23.8698,58.7106],[23.8697,58.7105],[23.8641,58.7086],[23.863,58.7082],[23.862,58.7079],[23.8614,58.7077],[23.8564,58.7063],[23.8534,58.7055],[23.8532,58.7055],[23.8453,58.7037],[23.844,58.7034],[23.8438,58.7033],[23.843,58.7032],[23.8408,58.7026],[23.8394,58.7023],[23.8343,58.7008],[23.8318,58.6999],[23.8271,58.6978],[23.8229,58.6956],[23.82,58.6936],[23.8133,58.6882],[23.8082,58.685],[23.8033,58.6827],[23.8008,58.6818],[23.788,58.6774],[23.7842,58.6761],[23.7838,58.676],[23.7824,58.6755],[23.7807,58.6749],[23.7766,58.6733],[23.77,58.6706],[23.7668,58.6694],[23.7656,58.669],[23.763,58.6684],[23.7569,58.6676],[23.7526,58.6673],[23.7485,58.667],[23.7444,58.6665],[23.7407,58.6658],[23.7375,58.6649],[23.7348,58.664],[23.7324,58.663],[23.7313,58.6625],[23.731,58.6624],[23.7295,58.6617],[23.7276,58.6606],[23.7232,58.658],[23.7222,58.6573],[23.719,58.6552],[23.7188,58.6551],[23.7176,58.6542],[23.7141,58.6518],[23.7133,58.6513],[23.7132,58.6512],[23.7119,58.6504],[23.711,58.6498],[23.7084,58.6482],[23.7053,58.6465],[23.6948,58.6412],[23.6937,58.6405],[23.6928,58.6399],[23.692,58.6393],[23.6917,58.639],[23.691,58.6384],[23.6895,58.6367],[23.6879,58.634],[23.687,58.6324],[23.6842,58.6295],[23.6826,58.6285],[23.6824,58.6283],[23.6823,58.6283],[23.681,58.6277],[23.6806,58.6275],[23.6764,58.6261],[23.6727,58.6254],[23.6725,58.6254],[23.6689,58.6251],[23.6645,58.625],[23.6554,58.625],[23.652,58.625],[23.6489,58.6248],[23.6438,58.6241],[23.6419,58.6237],[23.6366,58.6223],[23.6365,58.6222],[23.6362,58.6221],[23.6351,58.6219],[23.6348,58.6218],[23.6337,58.6214],[23.632,58.6209],[23.6305,58.6205],[23.6281,58.6199],[23.6266,58.6195],[23.6205,58.6183],[23.6025,58.6156],[23.6022,58.6156],[23.5993,58.6151],[23.5939,58.6139],[23.5928,58.6136],[23.5879,58.6122],[23.5853,58.6117],[23.5791,58.6106],[23.5783,58.6105],[23.5706,58.6095],[23.568,58.6091],[23.5659,58.6086],[23.5649,58.6083],[23.5648,58.6083],[23.5646,58.6083],[23.5636,58.6079],[23.5596,58.6062],[23.5577,58.6051],[23.5556,58.6034],[23.5531,58.6004],[23.5501,58.5979],[23.5457,58.5952],[23.5417,58.5928],[23.5389,58.5911],[23.5368,58.59],[23.5353,58.5894],[23.5339,58.5889],[23.5322,58.5883],[23.5315,58.5881],[23.5304,58.5877],[23.5299,58.5876],[23.529,58.5872],[23.5278,58.5865],[23.5264,58.585],[23.5254,58.5833],[23.5251,58.5827],[23.5251,58.5826],[23.525,58.5824],[23.5247,58.582],[23.5247,58.5818],[23.5246,58.5817],[23.5244,58.5813],[23.5243,58.5812],[23.5238,58.5797],[23.5237,58.5794],[23.5237,58.5789],[23.5236,58.5788],[23.5237,58.5784],[23.5239,58.5762],[23.5238,58.5756],[23.5233,58.5744],[23.5222,58.5731],[23.5216,58.5727],[23.5208,58.5723],[23.5204,58.5722],[23.5187,58.572],[23.5171,58.572],[23.5164,58.5719],[23.5162,58.5719],[23.516,58.5719],[23.5155,58.5719],[23.5149,58.5719],[23.5125,58.5721],[23.5122,58.5722],[23.5118,58.5724],[23.5107,58.5729],[23.5092,58.5744],[23.5092,58.5745],[23.5109,58.5728],[23.511,58.5728],[23.5117,58.5725],[23.5118,58.5724]],[[22.5053,58.2615],[22.5048,58.2613],[22.5046,58.2612],[22.5036,58.2607],[22.5035,58.2607],[22.5034,58.2606],[22.5032,58.2605],[22.503,58.2604],[22.5024,58.2601],[22.5021,58.26],[22.5016,58.2597],[22.5011,58.2595],[22.5007,58.2593],[22.5005,58.2592],[22.5002,58.259],[22.5,58.2589]],[[23.5083,58.5751],[23.5084,58.5749],[23.5085,58.5748],[23.5091,58.5745],[23.5092,58.5744]],[[23.5093,58.5751],[23.5095,58.575],[23.5095,58.5747],[23.5093,58.5746],[23.5095,58.5745],[23.5109,58.5732],[23.5117,58.5725],[23.5116,58.5725],[23.5115,58.5726],[23.511,58.5729],[23.5109,58.5732],[23.5115,58.5726]],[[23.5099,58.5749],[23.5098,58.5748],[23.5098,58.5747],[23.5097,58.5747],[23.5093,58.5746],[23.509,58.5747],[23.5087,58.5748],[23.5085,58.5748]],[[23.3944,58.5731],[23.394,58.5731],[23.3939,58.5731],[23.3937,58.5731],[23.3936,58.5731],[23.3935,58.5732],[23.3904,58.5732],[23.3895,58.573],[23.3883,58.5728],[23.3885,58.5728],[23.3905,58.5731],[23.3939,58.5731]],[[23.163,58.5672],[23.1591,58.5645],[23.1573,58.5633],[23.141,58.5519],[23.1393,58.5508],[23.1388,58.5504],[23.1382,58.55],[23.1368,58.549],[23.1313,58.5452],[23.1284,58.5434],[23.126,58.5422],[23.1208,58.54],[23.1164,58.5386],[23.1106,58.5371],[23.0997,58.5348],[23.0874,58.5322],[23.0846,58.5316],[23.0815,58.531],[23.0791,58.5305],[23.0763,58.5299],[23.069,58.5284],[23.0643,58.5274],[23.0608,58.5269],[23.0557,58.5264],[23.051,58.5262],[23.0473,58.5262],[23.0413,58.5264],[23.0367,58.5266],[23.0321,58.5268],[23.0307,58.5269],[23.0266,58.5271],[23.0241,58.5273],[23.016,58.528],[22.9908,58.5305],[22.9747,58.5321],[22.9688,58.5324],[22.963,58.5322],[22.9564,58.5317],[22.9518,58.5315],[22.9454,58.5313],[22.9436,58.5313],[22.9389,58.5314],[22.9319,58.5314],[22.9272,58.5311],[22.924,58.5306],[22.9213,58.53],[22.9177,58.5289],[22.9125,58.5265],[22.9102,58.5253],[22.9055,58.5232],[22.9036,58.5225],[22.9034,58.5225],[22.9005,58.5215],[22.8984,58.5208],[22.893,58.5193],[22.8912,58.5189],[22.8898,58.5185],[22.8881,58.518],[22.8851,58.517],[22.8823,58.5159],[22.8804,58.515],[22.8769,58.513],[22.8762,58.5125],[22.8734,58.5104],[22.8683,58.5057],[22.8617,58.4996],[22.8593,58.4977],[22.8555,58.4953],[22.8523,58.4934],[22.8483,58.4915],[22.8452,58.4897],[22.8417,58.4872],[22.84,58.4856],[22.838,58.4832],[22.8361,58.4812],[22.8342,58.4798],[22.8325,58.4788],[22.8295,58.4775],[22.8237,58.4753],[22.8217,58.4743],[22.8182,58.472],[22.8171,58.4709],[22.8159,58.4693],[22.8142,58.4657],[22.8132,58.4636],[22.8111,58.4606],[22.8068,58.4557],[22.8038,58.4527],[22.7984,58.4476],[22.7962,58.4457],[22.7942,58.4443],[22.7934,58.4437],[22.7895,58.4411],[22.7892,58.4408],[22.7879,58.4393],[22.7874,58.4379],[22.7873,58.436],[22.7876,58.4334],[22.7881,58.4319],[22.7896,58.4277],[22.7897,58.4251],[22.7889,58.4231],[22.7853,58.4177],[22.7841,58.4164],[22.7838,58.4161],[22.7783,58.4106],[22.7774,58.4096],[22.7772,58.4094],[22.7743,58.4068],[22.7717,58.4049],[22.7714,58.4048],[22.7677,58.4028],[22.7601,58.3991],[22.7551,58.3962],[22.7537,58.3952],[22.7524,58.3943],[22.7482,58.3913],[22.7467,58.3903],[22.7423,58.3872],[22.7406,58.3858],[22.739,58.3841],[22.7319,58.3754],[22.7318,58.3753],[22.7285,58.3717],[22.7271,58.3706],[22.7231,58.3672],[22.7214,58.3657],[22.7173,58.3617],[22.7163,58.361],[22.7121,58.3582],[22.7102,58.3569],[22.7073,58.3551],[22.7057,58.3541],[22.7034,58.353],[22.6991,58.3521],[22.6958,58.3518],[22.6895,58.3512],[22.6846,58.3503],[22.6824,58.3496],[22.6784,58.3481],[22.6771,58.3475],[22.6748,58.3462],[22.6737,58.3454],[22.6721,58.3436],[22.6702,58.3411],[22.6665,58.3349],[22.6654,58.3336],[22.6637,58.3325],[22.662,58.3317],[22.6555,58.3293],[22.6458,58.3257],[22.6391,58.3232],[22.6375,58.3226],[22.6364,58.3222],[22.6292,58.3196],[22.6256,58.3179],[22.6247,58.3175],[22.6223,58.3163],[22.6184,58.315],[22.6145,58.3138],[22.6126,58.3134],[22.6041,58.3124],[22.5952,58.3113],[22.5932,58.3108],[22.5902,58.3099],[22.5837,58.3067],[22.5835,58.3066],[22.581,58.305],[22.5805,58.3046],[22.5789,58.303],[22.5781,58.3021],[22.5776,58.3016],[22.5776,58.3015],[22.5768,58.3007],[22.5764,58.3002],[22.5761,58.2999],[22.574,58.2976],[22.5719,58.2961],[22.5705,58.2953],[22.5659,58.2936],[22.5657,58.2935],[22.5641,58.2929],[22.5639,58.2929],[22.5626,58.2924],[22.5623,58.2922],[22.5613,58.2918],[22.5602,58.2913],[22.5599,58.2912],[22.5596,58.291],[22.5589,58.2906],[22.5564,58.2891],[22.5562,58.2889],[22.5525,58.2864],[22.55,58.2852],[22.5481,58.2843],[22.5422,58.2819],[22.5421,58.2818],[22.5367,58.2794],[22.5309,58.2767],[22.528,58.275],[22.5223,58.2716],[22.5193,58.2697],[22.5187,58.2693],[22.5177,58.2686],[22.5171,58.2681],[22.5161,58.2674],[22.5159,58.2673],[22.5148,58.2665],[22.5146,58.2664]],[[23.2074,58.604],[23.2041,58.6035],[23.1967,58.6025],[23.1939,58.6023],[23.1903,58.6021],[23.1902,58.6021],[23.1863,58.6017],[23.1845,58.6015],[23.176,58.6002],[23.1739,58.5995],[23.1728,58.599],[23.172,58.5985],[23.1707,58.5966],[23.1691,58.5932],[23.1675,58.5897],[23.1655,58.5857],[23.1647,58.5837],[23.1646,58.5829],[23.1646,58.5818],[23.1647,58.5814],[23.1649,58.5806],[23.1664,58.5752],[23.1668,58.573],[23.1664,58.5711],[23.1656,58.5696],[23.163,58.5672]],[[23.318,58.6003],[23.3137,58.6015],[23.2927,58.6067],[23.2876,58.6076],[23.2812,58.6082],[23.2755,58.6082],[23.2692,58.6076],[23.2669,58.6073],[23.2652,58.6071],[23.2619,58.6066],[23.26,58.6063],[23.2579,58.606],[23.2539,58.6055],[23.2482,58.6052],[23.2392,58.6054],[23.238,58.6055],[23.2374,58.6055],[23.2373,58.6055],[23.2366,58.6055],[23.2356,58.6055],[23.2352,58.6055],[23.2344,58.6055],[23.2339,58.6055],[23.2335,58.6055],[23.2331,58.6055],[23.233,58.6055],[23.2319,58.6056],[23.231,58.6056],[23.2319,58.6056],[23.233,58.6056],[23.2331,58.6056],[23.2335,58.6056],[23.2339,58.6056],[23.2344,58.6056],[23.2348,58.6056],[23.2351,58.6055],[23.2356,58.6055],[23.2366,58.6055],[23.2373,58.6055],[23.2374,58.6055],[23.238,58.6055]],[[23.3879,58.5727],[23.3881,58.5728],[23.3882,58.5728],[23.3883,58.5728],[23.3885,58.5729],[23.3904,58.5732],[23.3934,58.5732],[23.3935,58.5732]],[[23.3714,58.576],[23.3528,58.5827],[23.3501,58.5839],[23.3353,58.5909],[23.3347,58.5912],[23.3338,58.5916],[23.3334,58.5918],[23.3327,58.5921],[23.3323,58.5923],[23.3262,58.5959],[23.3251,58.5966],[23.3246,58.5969],[23.3226,58.5981],[23.3216,58.5987],[23.3213,58.5988],[23.3212,58.5989],[23.3205,58.5993],[23.3197,58.5997],[23.3192,58.5999],[23.3184,58.6002],[23.318,58.6003]],[[22.4989,58.2584],[22.4984,58.2582],[22.497,58.2575],[22.4966,58.2573],[22.4946,58.2563],[22.4944,58.2562],[22.4942,58.2561],[22.4936,58.2557],[22.4931,58.2554]],[[23.2131,58.6045],[23.2106,58.6044],[23.2103,58.6044],[23.2091,58.6042],[23.2088,58.6042],[23.2074,58.604]],[[23.2299,58.6056],[23.2288,58.6054],[23.2267,58.6052],[23.2248,58.6049],[23.224,58.6048],[23.2234,58.6047],[23.2228,58.6046],[23.2203,58.6044],[23.2133,58.6045],[23.2131,58.6045]],[[23.3848,58.5723],[23.3833,58.5723],[23.3808,58.5726],[23.3789,58.5732],[23.3759,58.5743],[23.3731,58.5753],[23.3714,58.576]],[[23.3918,58.5734],[23.3903,58.5733],[23.3902,58.5733],[23.3895,58.5732],[23.3881,58.5728],[23.3879,58.5727],[23.3867,58.5725],[23.3848,58.5723]],[[23.5092,58.5745],[23.5091,58.5746],[23.5087,58.5748]],[[23.3895,58.573],[23.3905,58.5731],[23.3937,58.5731]],[[23.3885,58.5728],[23.3895,58.573],[23.3904,58.5731],[23.3936,58.5731]],[[23.3895,58.573],[23.3904,58.5732],[23.3936,58.5731],[23.3933,58.5733],[23.393,58.5734],[23.3928,58.5734],[23.3918,58.5734]],[[23.3885,58.5729],[23.3904,58.5732],[23.3934,58.5732]],[[23.5116,58.5725],[23.5109,58.5732]],[[23.5095,58.5745],[23.5097,58.5747]],[[23.231,58.6056],[23.2299,58.6056]],[[23.5093,58.5746],[23.5092,58.5745]]]},"properties":{"fclass":"primary","ref":"10"}},
{"type":"Feature","geometry":{"type":"MultiLineString","coordinates":[[[24.7301,59.4033],[24.7302,59.4034],[24.7303,59.4034],[24.7304,59.4035],[24.7306,59.4038],[24.7307,59.4039],[24.7312,59.4045],[24.7317,59.405],[24.7318,59.4051],[24.732,59.4053],[24.7326,59.4058],[24.7327,59.4059],[24.7333,59.4065],[24.7337,59.407],[24.7339,59.4072],[24.7342,59.4075],[24.7346,59.4079],[24.7349,59.4082],[24.7351,59.4084],[24.7353,59.4086],[24.7357,59.409],[24.7362,59.4094],[24.7363,59.4095],[24.7369,59.41],[24.737,59.4101],[24.7371,59.4103],[24.7381,59.4114],[24.7382,59.4116],[24.7384,59.412],[24.7385,59.4121],[24.7387,59.4127],[24.7391,59.4134],[24.7392,59.4138],[24.7396,59.4145],[24.7397,59.4146],[24.7399,59.415],[24.7401,59.4155],[24.7402,59.4159],[24.7403,59.4159],[24.7403,59.4161],[24.7406,59.4168],[24.7406,59.4169],[24.7411,59.4179],[24.7423,59.4206],[24.7428,59.4226],[24.7428,59.4227],[24.7428,59.423],[24.7428,59.4231],[24.7428,59.4232],[24.7428,59.4233],[24.7428,59.4244],[24.7428,59.4248],[24.7428,59.4249],[24.7428,59.425],[24.7428,59.4252],[24.7428,59.4253],[24.7428,59.4257],[24.7428,59.4258],[24.7428,59.4265],[24.7428,59.4266],[24.7428,59.4268],[24.7427,59.4271],[24.7428,59.4272],[24.7428,59.4273]],[[24.7424,59.4273],[24.7424,59.4272],[24.7424,59.4271],[24.7424,59.427],[24.7425,59.4267],[24.7425,59.4265],[24.7425,59.4257],[24.7425,59.4254],[24.7425,59.4249],[24.7425,59.4244],[24.7425,59.4239],[24.7425,59.4238],[24.7425,59.4236],[24.7425,59.4231],[24.7425,59.4227],[24.7424,59.4218],[24.742,59.4207],[24.7408,59.418],[24.7406,59.4174],[24.7405,59.4172],[24.7402,59.4167],[24.74,59.4162],[24.7399,59.4161],[24.7397,59.4157],[24.7395,59.4151],[24.7394,59.4148],[24.7393,59.4146],[24.7393,59.4145],[24.7388,59.4135],[24.7384,59.4127],[24.7382,59.4122],[24.7382,59.4121],[24.7379,59.4115],[24.7376,59.4112],[24.7367,59.4102],[24.7366,59.41],[24.7365,59.41],[24.7363,59.4097],[24.7362,59.4096],[24.736,59.4094],[24.7358,59.4093],[24.7352,59.4087],[24.7351,59.4085],[24.7348,59.4082],[24.734,59.4075],[24.7337,59.4072],[24.7336,59.4071],[24.7331,59.4066],[24.7325,59.406],[24.7324,59.4059],[24.7321,59.4056],[24.7319,59.4053],[24.7316,59.4051],[24.7315,59.405],[24.731,59.4045],[24.7309,59.4044],[24.7307,59.4042],[24.7305,59.4039],[24.7301,59.4036],[24.7301,59.4035],[24.7299,59.4034],[24.7298,59.4032]]]},"properties":{"fclass":"primary","ref":"4"}},
{"type":"Feature","geometry":{"type":"LineString","coordinates":[[22.5134,58.266],[22.5129,58.266],[22.5124,58.2656],[22.5124,58.2654],[22.5132,58.2651],[22.5135,58.2651],[22.5141,58.2655],[22.5134,58.266]]},"properties":{"fclass":"primary","ref":"10;76"}},
{"type":"Feature","geometry":{"type":"LineString","coordinates":[[26.2202,57.5889],[26.2201,57.5901],[26.2207,57.5914],[26.2202,57.5935],[26.2203,57.5945],[26.2214,57.596],[26.2242,57.5973],[26.2248,57.598],[26.2251,57.6002],[26.2262,57.6007],[26.2274,57.6021],[26.2274,57.6039],[26.228,57.6047],[26.2318,57.6087],[26.2333,57.6101],[26.2357,57.6116],[26.2364,57.6126],[26.2365,57.614],[26.2357,57.6152],[26.2359,57.6185],[26.2366,57.6216],[26.2367,57.6229],[26.2353,57.6259],[26.2345,57.6272],[26.2341,57.6289],[26.2352,57.6325],[26.2344,57.6359],[26.233,57.6374],[26.2323,57.6387],[26.2309,57.6412],[26.2268,57.6447],[26.223,57.6464],[26.2216,57.6478],[26.2212,57.6491],[26.2198,57.65],[26.2131,57.6541],[26.2069,57.658],[26.2008,57.6618],[26.201,57.6628],[26.1996,57.6649],[26.1984,57.6665],[26.1953,57.6692],[26.1919,57.6718],[26.1892,57.6731],[26.1804,57.6773],[26.173,57.6808],[26.1712,57.6824],[26.1705,57.6848],[26.171,57.6866]]},"properties":{"fclass":"primary","ref":"P23"}},
{"type":"Feature","geometry":{"type":"MultiLineString","coordinates":[[[25.5858,58.3634],[25.5856,58.3633],[25.5846,58.3631],[25.5845,58.363],[25.5834,58.3626]],[[25.596,58.3636],[25.5961,58.3638],[25.5961,58.3639],[25.5962,58.3643],[25.5964,58.3648],[25.5965,58.3649],[25.5966,58.3651],[25.5966,58.3652],[25.5968,58.3657],[25.5968,58.3658],[25.5971,58.3664],[25.5973,58.3667],[25.5973,58.3668],[25.5973,58.3669],[25.5974,58.367],[25.5974,58.3671],[25.5975,58.3672],[25.5976,58.3675],[25.5977,58.3676],[25.5977,58.3678],[25.5977,58.368],[25.5978,58.3682],[25.5979,58.3683],[25.5979,58.3684],[25.5981,58.3684],[25.5983,58.3684],[25.5992,58.3683],[25.5994,58.3683],[25.5996,58.3683],[25.6001,58.3682],[25.6002,58.3682],[25.6004,58.3682],[25.6012,58.3681],[25.6015,58.368],[25.6024,58.3679],[25.6026,58.3679],[25.6028,58.3679],[25.6035,58.3678],[25.6046,58.3677],[25.6047,58.3677],[25.6049,58.3677],[25.6052,58.3676],[25.6057,58.3676],[25.6062,58.3675],[25.6063,58.3675],[25.6064,58.3675],[25.6065,58.3675],[25.607,58.3674],[25.6075,58.3674],[25.6076,58.3674],[25.6082,58.3673],[25.6083,58.3673],[25.6089,58.3672],[25.6093,58.3673],[25.6096,58.3672]],[[25.5957,58.3635],[25.5949,58.3634],[25.5948,58.3634],[25.5938,58.3633],[25.5935,58.3633],[25.5933,58.3633],[25.5927,58.3632],[25.5922,58.3632],[25.592,58.3632],[25.5917,58.3631]],[[25.6342,58.3627],[25.6341,58.3628],[25.6335,58.3629],[25.6333,58.363],[25.6326,58.3631],[25.6306,58.3636],[25.6293,58.3638],[25.6292,58.3638],[25.6246,58.3647],[25.6244,58.3647],[25.6241,58.3647],[25.6232,58.3647],[25.6222,58.3648],[25.6217,58.3648],[25.6213,58.3649],[25.6208,58.3649],[25.6203,58.365],[25.6198,58.365],[25.6189,58.3651],[25.6186,58.3651],[25.6185,58.3652],[25.6184,58.3652],[25.618,58.3652],[25.6177,58.3652],[25.6174,58.3652],[25.6172,58.3652],[25.6168,58.3652],[25.6158,58.3652],[25.6157,58.3653],[25.6151,58.3653],[25.6125,58.3655],[25.6124,58.3655],[25.6123,58.3655],[25.6118,58.3656],[25.6111,58.3657],[25.611,58.3657],[25.6101,58.3658],[25.6096,58.3658],[25.6091,58.3659],[25.6086,58.3659],[25.6082,58.366],[25.6076,58.366],[25.6068,58.3661],[25.6061,58.3662],[25.6055,58.3663],[25.6054,58.3663],[25.6053,58.3663],[25.6051,58.3663],[25.6049,58.3663],[25.6047,58.3663],[25.6044,58.3664],[25.604,58.3664],[25.6039,58.3664],[25.6034,58.3665],[25.6026,58.3666],[25.6025,58.3666],[25.602,58.3666],[25.6018,58.3667],[25.6017,58.3667],[25.6008,58.3667],[25.6004,58.3668],[25.6,58.3668],[25.5996,58.3669],[25.5989,58.367],[25.5982,58.367],[25.5976,58.3671],[25.5974,58.3671]],[[26.6779,58.367],[26.6771,58.3668],[26.6766,58.3667],[26.6758,58.3664],[26.6747,58.3661],[26.674,58.3658],[26.6736,58.3657],[26.6728,58.3655],[26.6722,58.3653],[26.6719,58.3651]],[[25.5592,58.3555],[25.5597,58.3557],[25.5604,58.3559],[25.5597,58.3558],[25.5592,58.3558]],[[25.5585,58.3557],[25.5582,58.3555],[25.5576,58.3553],[25.5582,58.3554],[25.5586,58.3555]],[[26.3023,58.3312],[26.3019,58.3307],[26.3026,58.331]],[[26.6777,58.3672],[26.6771,58.3669],[26.6768,58.3668],[26.6759,58.3666],[26.6755,58.3665],[26.6747,58.3662],[26.6728,58.3656],[26.6721,58.3653],[26.6717,58.3653]],[[26.303,58.3312],[26.3033,58.3316],[26.3028,58.3313]],[[25.5862,58.3634],[25.5864,58.3634],[25.5867,58.3635],[25.5871,58.3635],[25.5876,58.3636],[25.5871,58.3635],[25.5865,58.3634],[25.5864,58.3634],[25.5862,58.3633]],[[25.5859,58.3633],[25.5856,58.3632],[25.5846,58.3631]],[[25.6352,58.3626],[25.6364,58.363],[25.6376,58.3631],[25.6386,58.3632],[25.6389,58.3633],[25.6385,58.3633],[25.6384,58.3633],[25.635,58.3628],[25.6346,58.3629],[25.6345,58.3629],[25.6343,58.3629],[25.6341,58.363],[25.6338,58.363],[25.633,58.3631],[25.6306,58.3636]],[[25.5832,58.3625],[25.583,58.3624],[25.5827,58.3623],[25.5822,58.3621],[25.5818,58.362],[25.5817,58.362],[25.5813,58.3619],[25.5812,58.3618],[25.5809,58.3617],[25.5808,58.3617],[25.5805,58.3616],[25.5801,58.3615],[25.58,58.3615],[25.5796,58.3614],[25.5792,58.3613],[25.5786,58.3611],[25.5782,58.3609],[25.5781,58.3609],[25.5778,58.3608],[25.5777,58.3608],[25.5776,58.3607],[25.5775,58.3607],[25.5773,58.3607],[25.5772,58.3606],[25.5765,58.3603],[25.5757,58.3601],[25.5752,58.3599],[25.575,58.3598],[25.5749,58.3598],[25.5748,58.3598],[25.5733,58.3594],[25.5732,58.3594],[25.5729,58.3593],[25.5726,58.3592],[25.5714,58.3589],[25.5711,58.3589],[25.571,58.3588],[25.5702,58.3586],[25.5694,58.3585],[25.5684,58.3583],[25.5679,58.3582],[25.567,58.358],[25.5667,58.3579],[25.5665,58.3579],[25.5661,58.3578],[25.5656,58.3576],[25.5654,58.3575],[25.5649,58.3573],[25.5645,58.3572],[25.5639,58.3569],[25.5636,58.3568],[25.5634,58.3567],[25.5631,58.3566],[25.5623,58.3564],[25.562,58.3563],[25.5604,58.3559]],[[26.6714,58.3652],[26.6707,58.3649],[26.6715,58.3651]],[[25.5958,58.3637],[25.5959,58.3638],[25.5961,58.3639]],[[25.5915,58.3633],[25.5909,58.3633],[25.5914,58.3632]],[[25.5917,58.3632],[25.5919,58.3632],[25.5927,58.3633],[25.5931,58.3633],[25.5933,58.3633],[25.5934,58.3633],[25.5935,58.3634],[25.5937,58.3634],[25.5943,58.3634],[25.5945,58.3634],[25.5948,58.3635],[25.5949,58.3635],[25.595,58.3635],[25.5954,58.3636],[25.5956,58.3636]],[[25.6098,58.3671],[25.61,58.3671],[25.6104,58.3671],[25.61,58.3672],[25.6098,58.3672]],[[25.6095,58.3672],[25.6092,58.3672],[25.6089,58.3672]],[[25.6241,58.3647],[25.6233,58.3649],[25.6227,58.365],[25.6225,58.3651],[25.6221,58.3652],[25.6218,58.3654],[25.6209,58.3657],[25.6208,58.3658],[25.6207,58.3658],[25.62,58.366],[25.6197,58.3661],[25.6191,58.3661],[25.6188,58.3662],[25.6185,58.3662],[25.6184,58.3662],[25.6183,58.3662],[25.618,58.3662],[25.6179,58.3663],[25.6176,58.3663],[25.6172,58.3663],[25.6171,58.3663],[25.6169,58.3664],[25.6167,58.3664],[25.6163,58.3664],[25.6162,58.3665],[25.6157,58.3665],[25.6156,58.3666],[25.6154,58.3666],[25.6149,58.3666],[25.6146,58.3667],[25.6143,58.3667],[25.6141,58.3667],[25.6137,58.3668],[25.6136,58.3668],[25.6132,58.3668],[25.613,58.3668],[25.6128,58.3669],[25.6127,58.3669],[25.6124,58.3669],[25.6118,58.367],[25.6117,58.367],[25.6114,58.367],[25.6108,58.3671],[25.6106,58.3671],[25.6104,58.3671]],[[25.1361,58.2442],[25.134,58.2436],[25.1298,58.2423],[25.1262,58.2406],[25.122,58.2379],[25.1195,58.2357],[25.1167,58.2319],[25.1143,58.2299],[25.1126,58.2288],[25.107,58.225],[25.1042,58.2232],[25.1016,58.2221],[25.0977,58.2211],[25.0958,58.2208],[25.0885,58.2201],[25.086,58.2196],[25.0827,58.2184],[25.0773,58.216],[25.0767,58.2156],[25.0759,58.2153],[25.0713,58.2132],[25.0678,58.2113],[25.0666,58.2103],[25.0637,58.2081],[25.0631,58.2076],[25.0629,58.2074],[25.0623,58.2066],[25.0618,58.2056],[25.0614,58.2037],[25.0621,58.2011],[25.0633,58.1986],[25.0636,58.1976],[25.0632,58.1961],[25.0617,58.1948],[25.0613,58.1945],[25.0602,58.1938],[25.0568,58.1916],[25.0564,58.1913],[25.0552,58.1896],[25.0538,58.185],[25.0524,58.183],[25.0491,58.1807],[25.049,58.1807],[25.047,58.1794],[25.0438,58.1782],[25.0428,58.1778],[25.0423,58.1776],[25.0407,58.177],[25.0402,58.1769],[25.0364,58.1753],[25.0341,58.1739],[25.0303,58.1713],[25.0268,58.1698],[25.0232,58.1685],[25.0229,58.1684],[25.0218,58.1679],[25.0209,58.1675],[25.0202,58.1672],[25.0181,58.1662],[25.018,58.1661],[25.0149,58.1646],[25.0071,58.1604],[25.0033,58.1586],[25.0006,58.1579],[24.9948,58.1574],[24.9938,58.1573],[24.9932,58.1572],[24.993,58.157],[24.9934,58.1571],[24.9938,58.1573]],[[26.1776,58.3439],[26.1751,58.3517],[26.1749,58.3521],[26.1728,58.3543],[26.1712,58.3551],[26.1654,58.3573],[26.1637,58.3582],[26.162,58.3592],[26.1578,58.3618],[26.1572,58.3624],[26.1567,58.3627],[26.1558,58.3636],[26.1547,58.3653],[26.153,58.3697],[26.1517,58.3716],[26.1467,58.3764],[26.1444,58.3783],[26.14,58.382],[26.1374,58.3843],[26.1361,58.3853],[26.1352,58.386],[26.1331,58.3874],[26.1323,58.3879],[26.1317,58.3882],[26.1315,58.3883],[26.1298,58.3893],[26.1276,58.3906],[26.1274,58.3907],[26.1242,58.3924],[26.1183,58.3951],[26.1133,58.3968],[26.1067,58.3989],[26.0995,58.4007],[26.0921,58.4023],[26.0845,58.4043],[26.0809,58.4056],[26.0781,58.4072],[26.0774,58.4077],[26.0749,58.4097],[26.0723,58.4113],[26.0706,58.4122],[26.0693,58.4127],[26.0638,58.4145],[26.0604,58.4155],[26.0567,58.4166],[26.0519,58.4175],[26.0509,58.4176],[26.0456,58.4184],[26.0382,58.4194],[26.0371,58.4196],[26.0347,58.4196],[26.0342,58.4195],[26.0321,58.4192],[26.0309,58.4189],[26.0301,58.4187],[26.0291,58.4183],[26.0237,58.416],[26.0233,58.4158],[26.0228,58.4156],[26.0214,58.4151],[26.0164,58.4142],[26.0145,58.4138],[26.0124,58.4127],[26.0095,58.4107],[26.0094,58.4107],[26.0071,58.4092],[26.0053,58.4085],[26.002,58.4075],[25.9975,58.4068],[25.994,58.4064],[25.9877,58.4057],[25.9842,58.4048],[25.9805,58.4031],[25.9797,58.4026],[25.9794,58.4024],[25.9781,58.4015],[25.977,58.4006],[25.9764,58.4],[25.976,58.3997],[25.9756,58.3993],[25.9754,58.3991],[25.9752,58.3989],[25.9749,58.3986],[25.9747,58.3984],[25.9742,58.3979],[25.973,58.3974],[25.9722,58.3972],[25.9714,58.397],[25.9698,58.3964],[25.9669,58.3947],[25.965,58.3926],[25.9641,58.3915],[25.9627,58.3908],[25.9619,58.3905],[25.9575,58.3898],[25.9542,58.3892],[25.9524,58.3889],[25.9473,58.3881],[25.943,58.3874],[25.942,58.3872],[25.9391,58.3867],[25.9384,58.3866],[25.9378,58.3866],[25.9376,58.3866],[25.9374,58.3866],[25.9364,58.3867],[25.936,58.3868],[25.9353,58.387],[25.9348,58.3871],[25.9343,58.3872],[25.934,58.3873],[25.9329,58.3876],[25.9311,58.388],[25.9304,58.3882],[25.9258,58.3894],[25.9216,58.3914],[25.9162,58.394],[25.9151,58.3944],[25.9137,58.3949],[25.9117,58.3952],[25.9082,58.3956],[25.9047,58.3954],[25.8955,58.3945],[25.8924,58.3944],[25.8869,58.3951],[25.8754,58.3966],[25.8716,58.3969],[25.8687,58.397],[25.8669,58.397],[25.8664,58.397],[25.8614,58.3972],[25.858,58.3966],[25.8572,58.3964],[25.8532,58.3951],[25.8511,58.3946],[25.8508,58.3946],[25.8499,58.3944],[25.8456,58.3935],[25.8397,58.3925],[25.8394,58.3924],[25.8387,58.3922],[25.8374,58.392],[25.8365,58.3918],[25.8351,58.3917],[25.8341,58.3918],[25.8331,58.3918],[25.8325,58.3919],[25.8281,58.3922],[25.8271,58.3922],[25.8261,58.3923],[25.8238,58.3923],[25.8205,58.3921],[25.8193,58.392],[25.8185,58.392],[25.8168,58.3921],[25.8166,58.3921],[25.8164,58.3921],[25.8156,58.3921],[25.8147,58.3922],[25.8142,58.3923],[25.8141,58.3923],[25.8138,58.3923],[25.8111,58.3925],[25.8098,58.3926],[25.8054,58.3927],[25.8032,58.3925],[25.8008,58.392],[25.8007,58.392],[25.8001,58.3919],[25.7974,58.3914],[25.7949,58.3912],[25.7947,58.3911],[25.7902,58.391],[25.7826,58.3909],[25.78,58.3909],[25.7775,58.391],[25.7769,58.391],[25.7758,58.3911],[25.775,58.3911],[25.7719,58.3913],[25.7703,58.3913],[25.7686,58.3914],[25.7653,58.3916],[25.7637,58.3917],[25.7631,58.3917],[25.7622,58.3918],[25.7619,58.3918],[25.7615,58.3918],[25.761,58.3919],[25.7599,58.392],[25.7595,58.392],[25.7582,58.3921],[25.758,58.3921],[25.7575,58.3921],[25.7517,58.3923],[25.7458,58.3921],[25.7447,58.3921],[25.7403,58.3919],[25.7392,58.3919],[25.7349,58.3918],[25.7309,58.3918],[25.7293,58.392],[25.7287,58.392],[25.7247,58.3924],[25.7235,58.3925],[25.7229,58.3926],[25.7195,58.3929],[25.7194,58.3929],[25.7169,58.3932],[25.7112,58.3938],[25.7096,58.3939],[25.7085,58.3939],[25.7079,58.394],[25.7075,58.394],[25.7036,58.394],[25.699,58.3938],[25.6971,58.3935],[25.6953,58.393],[25.695,58.3929],[25.6923,58.3919],[25.6907,58.3913],[25.69,58.3911],[25.6895,58.3909],[25.6859,58.3895],[25.6837,58.3887],[25.6821,58.3882],[25.6818,58.388],[25.6803,58.3874],[25.6802,58.3873],[25.6788,58.3867],[25.6771,58.3857],[25.6755,58.3848],[25.6736,58.3837],[25.6731,58.3834],[25.6713,58.3823],[25.6683,58.3811],[25.6667,58.3805],[25.6653,58.3799],[25.6635,58.3792],[25.6607,58.378],[25.6599,58.3776],[25.6598,58.3775],[25.6581,58.3767],[25.6579,58.3766],[25.6571,58.3763],[25.6565,58.3761],[25.654,58.3753],[25.6536,58.3752],[25.6525,58.3748],[25.6523,58.3747],[25.6514,58.3741],[25.6501,58.3729],[25.6489,58.3713],[25.6477,58.3696],[25.6472,58.3691],[25.6465,58.3681],[25.6461,58.3676],[25.6457,58.367],[25.6447,58.366],[25.6445,58.3658],[25.641,58.3639],[25.6399,58.3635],[25.6391,58.3634],[25.6389,58.3633]],[[25.5576,58.3553],[25.5572,58.3552],[25.5524,58.354],[25.5522,58.3539],[25.5468,58.3516],[25.5447,58.3511],[25.5419,58.3506],[25.5385,58.3503],[25.5377,58.3502],[25.5368,58.3501],[25.5362,58.35],[25.5357,58.35],[25.5354,58.3499],[25.5352,58.3499],[25.5344,58.3498],[25.5326,58.3497],[25.5324,58.3496],[25.529,58.3492],[25.5262,58.3487],[25.5243,58.3483],[25.5238,58.3483],[25.5209,58.3478],[25.5207,58.3477],[25.5181,58.3475],[25.5108,58.3472],[25.5095,58.3471],[25.5075,58.3468],[25.505,58.3463],[25.5049,58.3463],[25.5008,58.3455],[25.4998,58.3453],[25.4992,58.3451],[25.4945,58.3438],[25.4931,58.3434],[25.4877,58.3418],[25.4827,58.3396],[25.4814,58.3392],[25.4776,58.3387],[25.4747,58.3388],[25.4751,58.3387],[25.4776,58.3386],[25.4799,58.3389],[25.4814,58.3392]],[[26.4555,58.347],[26.4547,58.347],[26.4544,58.347],[26.4531,58.3471],[26.4484,58.3474],[26.4456,58.3476],[26.4393,58.3476],[26.4382,58.3476],[26.4366,58.3475],[26.4341,58.3474],[26.4326,58.3473],[26.4246,58.3469],[26.4017,58.3456],[26.401,58.3456],[26.3979,58.3454],[26.3941,58.3452],[26.3939,58.3452],[26.3936,58.3452],[26.3872,58.3448],[26.3801,58.3443],[26.3799,58.3443],[26.375,58.344],[26.3721,58.3438],[26.3706,58.3437],[26.3703,58.3437],[26.3629,58.3432],[26.3625,58.3432],[26.3598,58.3431],[26.3552,58.3431],[26.3532,58.3431],[26.3513,58.3432],[26.3468,58.3433],[26.3414,58.3434],[26.3407,58.3433],[26.3361,58.3428],[26.3288,58.3416],[26.3259,58.3412],[26.3255,58.3412],[26.324,58.3411],[26.3238,58.3411],[26.323,58.341],[26.3229,58.341],[26.3219,58.341],[26.3207,58.3409],[26.3202,58.3408],[26.3199,58.3408],[26.3191,58.3407],[26.3182,58.3406],[26.3177,58.3405],[26.3172,58.3404],[26.3169,58.3404],[26.3163,58.3401],[26.3131,58.3386],[26.3129,58.3385],[26.3127,58.3384],[26.3123,58.3383],[26.31,58.3375],[26.3095,58.3373],[26.3085,58.3368],[26.3079,58.3365],[26.3077,58.3364],[26.3066,58.3354],[26.3063,58.3351],[26.3062,58.335],[26.306,58.3348],[26.3056,58.3344],[26.3047,58.3331],[26.3046,58.333],[26.3037,58.3319],[26.3034,58.3317],[26.3033,58.3316]],[[25.3342,58.3357],[25.3336,58.3356],[25.3295,58.3354],[25.3252,58.3351],[25.3223,58.3348],[25.3209,58.3344],[25.3193,58.3338],[25.3176,58.3331],[25.3193,58.3338]],[[26.2967,58.329],[26.294,58.3288],[26.2841,58.3284],[26.2783,58.328],[26.2703,58.3273],[26.27,58.3272],[26.2684,58.3271],[26.264,58.3266],[26.2613,58.3265],[26.2562,58.3267],[26.247,58.3269],[26.2308,58.3273],[26.2254,58.3276],[26.2249,58.3277],[26.2178,58.3288],[26.2137,58.3292],[26.2043,58.33],[26.1969,58.3303],[26.1921,58.3305],[26.1896,58.3308],[26.1877,58.3315],[26.1863,58.3325],[26.1854,58.3339],[26.1852,58.3343],[26.185,58.3346],[26.1847,58.3351],[26.1846,58.3354],[26.1843,58.3358],[26.1841,58.3361],[26.1839,58.3365],[26.1837,58.3367],[26.1825,58.3381],[26.1817,58.3388],[26.1807,58.3396],[26.1806,58.3397],[26.1805,58.3398],[26.1797,58.3405],[26.1787,58.3416],[26.1782,58.3424],[26.1776,58.3439]],[[26.5227,58.3502],[26.5223,58.3502],[26.5204,58.3499],[26.5118,58.3486],[26.5033,58.3473],[26.4895,58.3453],[26.4851,58.3452],[26.4844,58.3452],[26.4807,58.3454],[26.4637,58.3465],[26.4555,58.347]],[[25.1415,58.2453],[25.1411,58.2453],[25.1383,58.2446],[25.1382,58.2446],[25.1375,58.2445],[25.1371,58.2444],[25.1368,58.2443],[25.1361,58.2442]],[[25.3054,58.3246],[25.3052,58.324],[25.3051,58.3237],[25.3049,58.3234],[25.3045,58.3223],[25.3042,58.3214],[25.304,58.3208],[25.3039,58.3207],[25.3034,58.3193],[25.3032,58.3188],[25.3029,58.3178],[25.3027,58.3173],[25.3024,58.3168],[25.3023,58.3166],[25.3023,58.3164],[25.3023,58.316],[25.3024,58.3164],[25.3025,58.3166],[25.3025,58.3168],[25.3026,58.3169],[25.3027,58.3172],[25.3027,58.3173]],[[25.3167,58.3328],[25.3148,58.332],[25.314,58.3317],[25.3139,58.3316],[25.3133,58.3313],[25.3131,58.3312],[25.313,58.331],[25.3124,58.3299],[25.3116,58.329],[25.3103,58.3284],[25.3091,58.3279],[25.3087,58.3278],[25.3076,58.3272],[25.3074,58.3271],[25.3073,58.327],[25.3068,58.3266],[25.3066,58.3264],[25.3065,58.3263],[25.3064,58.3263],[25.3062,58.3261],[25.3057,58.3256],[25.3055,58.3253],[25.3055,58.3249],[25.3054,58.3246]],[[25.2993,58.3075],[25.2992,58.3061],[25.2992,58.3035],[25.2991,58.3012],[25.2977,58.2982],[25.296,58.2947],[25.2958,58.2934],[25.2962,58.2916],[25.2951,58.2901],[25.2901,58.2852],[25.2881,58.2835],[25.2843,58.2811],[25.2809,58.2792],[25.2753,58.2767],[25.2731,58.2756],[25.2703,58.2737],[25.2689,58.2726],[25.2603,58.2678],[25.256,58.2661],[25.2501,58.2643],[25.2422,58.262],[25.2364,58.2607],[25.2248,58.2585],[25.2223,58.2581],[25.2172,58.2576],[25.2135,58.2574],[25.209,58.257],[25.2048,58.2562],[25.203,58.2556],[25.202,58.2552],[25.1954,58.2524],[25.1923,58.2514],[25.1889,58.2509],[25.1787,58.2497],[25.1709,58.2487],[25.1662,58.2481],[25.1605,58.2475],[25.1551,58.247],[25.147,58.2465],[25.1441,58.2459],[25.1415,58.2453]],[[26.6162,58.3558],[26.6154,58.3556],[26.6124,58.3549],[26.6107,58.3546],[26.6102,58.3545],[26.6065,58.3541],[26.6021,58.3538],[26.601,58.3538],[26.5999,58.3538],[26.5992,58.3538],[26.5981,58.3539],[26.5966,58.3539],[26.5945,58.354],[26.5817,58.3548],[26.5804,58.3548],[26.5761,58.355],[26.5732,58.355],[26.5717,58.3549],[26.5713,58.3549],[26.5697,58.3549],[26.5653,58.3547],[26.5621,58.3546],[26.5561,58.3542],[26.5541,58.3541],[26.5521,58.3539],[26.5518,58.3539],[26.5492,58.3538],[26.5407,58.3529],[26.5389,58.3527],[26.5378,58.3525],[26.535,58.3521],[26.5308,58.3514],[26.5273,58.3509],[26.5267,58.3508],[26.5263,58.3508],[26.5261,58.3507],[26.5252,58.3506],[26.5247,58.3505],[26.5235,58.3503],[26.5227,58.3502]],[[26.6595,58.3622],[26.6585,58.362],[26.6582,58.3619],[26.6567,58.3616],[26.6556,58.3613],[26.6534,58.3608],[26.6528,58.3605],[26.6527,58.3607],[26.6534,58.3608]],[[25.4747,58.3388],[25.474,58.3389],[25.473,58.3391],[25.4727,58.3392],[25.4694,58.3404],[25.469,58.3407],[25.4668,58.3427],[25.4655,58.3442],[25.4653,58.346],[25.4653,58.3462],[25.4645,58.3483],[25.4635,58.3494],[25.4627,58.35],[25.4599,58.3514],[25.4593,58.3516],[25.4579,58.3522],[25.4551,58.3532],[25.4503,58.3538],[25.4434,58.3541],[25.4426,58.3542],[25.442,58.3543],[25.4412,58.3544],[25.4411,58.3544],[25.4291,58.3567],[25.4203,58.3584],[25.42,58.3584],[25.4191,58.3586],[25.4189,58.3586],[25.4153,58.3593],[25.4149,58.3593],[25.4071,58.36],[25.4055,58.36],[25.404,58.3598],[25.4039,58.3598],[25.4037,58.3598],[25.4022,58.3594],[25.3986,58.358],[25.3954,58.3567],[25.3952,58.3566],[25.3948,58.3564],[25.3911,58.355],[25.387,58.3535],[25.3823,58.3523],[25.3799,58.3518],[25.3751,58.3514],[25.3723,58.3508],[25.3703,58.3504],[25.368,58.3494],[25.3592,58.3454],[25.3572,58.3445],[25.3558,58.3439],[25.343,58.3374],[25.3402,58.3363],[25.3401,58.3363],[25.3368,58.3358],[25.3342,58.3357]],[[26.6524,58.3605],[26.6525,58.3605],[26.6527,58.3605],[26.6528,58.3605]],[[26.66,58.3624],[26.6601,58.3622],[26.6599,58.3622],[26.6595,58.3622],[26.6598,58.3623],[26.66,58.3624],[26.6603,58.3625],[26.6604,58.3625],[26.6605,58.3623],[26.6611,58.3626],[26.6651,58.3635],[26.6654,58.3635],[26.6669,58.3639],[26.6675,58.364],[26.6689,58.3644],[26.6703,58.3648],[26.6707,58.3649]],[[26.6479,58.3598],[26.6464,58.3596],[26.6461,58.3596],[26.6459,58.3596],[26.644,58.3594],[26.6425,58.3592],[26.642,58.3591],[26.6415,58.3591],[26.6397,58.3589],[26.6394,58.3589],[26.6374,58.3587],[26.6305,58.358],[26.6267,58.3577],[26.6259,58.3576],[26.6246,58.3575],[26.6228,58.3573],[26.6221,58.3572],[26.6213,58.357],[26.6206,58.3569],[26.6185,58.3564],[26.6183,58.3563],[26.6162,58.3558]],[[26.6611,58.3626],[26.6604,58.3625]],[[26.6517,58.3605],[26.6524,58.3605],[26.6523,58.3607],[26.6527,58.3607]],[[26.6523,58.3607],[26.6517,58.3605],[26.6479,58.3598],[26.6464,58.3596],[26.6461,58.3595],[26.6421,58.3591],[26.6419,58.3591],[26.6416,58.359],[26.6409,58.359],[26.6397,58.3589]],[[26.6601,58.3622],[26.6605,58.3623]],[[25.5898,58.3635],[25.5893,58.3636],[25.5887,58.3636],[25.5882,58.3636],[25.5881,58.3636],[25.5879,58.3636],[25.5876,58.3636]],[[25.5909,58.3633],[25.5901,58.3634],[25.59,58.3634],[25.5898,58.3635]],[[26.3255,58.3412],[26.3238,58.3411]],[[26.3014,58.3305],[26.299,58.3295],[26.2967,58.329]],[[26.3019,58.3307],[26.3014,58.3305]],[[25.3023,58.316],[25.3019,58.315],[25.301,58.3122],[25.3007,58.3115],[25.3006,58.3111],[25.3002,58.3099],[25.3001,58.3098],[25.3001,58.3097],[25.2993,58.3075]],[[25.3176,58.3331],[25.3167,58.3328]],[[25.6244,58.3647],[25.6241,58.3647]]]},"properties":{"fclass":"primary","ref":"92"}},
{"type":"Feature","geometry":{"type":"MultiLineString","coordinates":[[[24.4331,59.3119],[24.4345,59.3116],[24.4353,59.3114],[24.4362,59.3111]],[[24.0786,59.3418],[24.08,59.3417],[24.0803,59.3417],[24.0804,59.3417],[24.0829,59.3416],[24.0804,59.3417]],[[24.4333,59.312],[24.4346,59.3117],[24.4353,59.3115],[24.4364,59.3112]],[[24.4105,59.3174],[24.4077,59.3183],[24.4074,59.3185],[24.4058,59.319],[24.4047,59.3194],[24.4043,59.3196],[24.404,59.3197],[24.4019,59.3202],[24.4008,59.3204],[24.3995,59.3207],[24.3987,59.3209],[24.4009,59.3205],[24.4018,59.3203],[24.4027,59.3201],[24.404,59.3197],[24.4041,59.3197],[24.4044,59.3196],[24.4075,59.3185],[24.4078,59.3184],[24.4097,59.3177],[24.4106,59.3175]],[[24.4327,59.3122],[24.4323,59.3122],[24.4318,59.3123],[24.4307,59.3125],[24.4292,59.3129],[24.4287,59.3131]],[[24.4325,59.312],[24.4322,59.3121],[24.4318,59.3123]],[[24.4282,59.313],[24.4278,59.3132],[24.4283,59.3132]],[[24.411,59.3175],[24.4117,59.3172],[24.4109,59.3173]],[[24.4228,59.3145],[24.4233,59.3143],[24.4226,59.3144]],[[24.4225,59.3146],[24.4215,59.3147],[24.4223,59.3145]],[[24.4285,59.3129],[24.4292,59.3129]],[[24.2261,59.3377],[24.2226,59.3381],[24.2178,59.3388],[24.2139,59.3392],[24.2075,59.3395],[24.2074,59.3395],[24.2056,59.3395],[24.2023,59.3399],[24.2015,59.3403],[24.201,59.3405],[24.1971,59.3421],[24.1953,59.3426],[24.1941,59.343],[24.1939,59.343],[24.1882,59.3443],[24.1872,59.3446],[24.186,59.3448],[24.1849,59.345],[24.1846,59.345],[24.1843,59.345],[24.1838,59.345],[24.1806,59.3447],[24.1752,59.3437],[24.1713,59.343],[24.1574,59.3404],[24.1548,59.3401],[24.1525,59.34],[24.1467,59.34],[24.1436,59.34],[24.1407,59.34],[24.1281,59.3395],[24.1195,59.3393],[24.1083,59.34],[24.1044,59.3402],[24.1031,59.3403],[24.1024,59.3403],[24.1018,59.3404],[24.1012,59.3404],[24.0937,59.3409],[24.0897,59.3411],[24.0862,59.3414],[24.0841,59.3415],[24.0839,59.3415],[24.0829,59.3416]],[[24.2697,59.3403],[24.2695,59.3404],[24.2672,59.3412],[24.2671,59.3412],[24.2669,59.3412],[24.2667,59.3412],[24.2635,59.3414],[24.2619,59.3411],[24.2609,59.3408],[24.2579,59.3402],[24.2539,59.339],[24.2513,59.3377],[24.2513,59.3376],[24.25,59.3372],[24.2466,59.3365],[24.2456,59.3364],[24.2452,59.3364],[24.2435,59.3364],[24.2433,59.3364],[24.2424,59.3364],[24.2416,59.3364],[24.2395,59.3365],[24.2363,59.3367],[24.2261,59.3377]],[[24.4215,59.3147],[24.4136,59.3166],[24.4117,59.3172]],[[24.271,59.3396],[24.2704,59.3399],[24.2697,59.3403]],[[24.2834,59.3353],[24.2831,59.3354],[24.2817,59.3357],[24.2811,59.3358],[24.2808,59.3359],[24.2758,59.3373],[24.2721,59.3389],[24.271,59.3396]],[[24.3687,59.3269],[24.3663,59.3272],[24.3611,59.3285],[24.361,59.3286],[24.3581,59.3293],[24.3552,59.3298],[24.3514,59.3301],[24.3499,59.3302],[24.3466,59.3301],[24.342,59.3297],[24.3388,59.3295],[24.3356,59.3294],[24.334,59.3293],[24.3334,59.3293],[24.3316,59.3291],[24.3305,59.329],[24.33,59.3289],[24.3293,59.3287],[24.3287,59.3286],[24.3277,59.3284],[24.3273,59.3283],[24.3262,59.328],[24.3257,59.3279],[24.3251,59.3278],[24.3246,59.3277],[24.3219,59.3274],[24.3134,59.327],[24.3097,59.3268],[24.3059,59.3273],[24.3054,59.3274],[24.2949,59.3309],[24.2919,59.3323],[24.2893,59.3337],[24.2875,59.3344],[24.2865,59.3346],[24.2834,59.3353]],[[24.4278,59.3132],[24.4233,59.3143]],[[24.3759,59.3266],[24.3758,59.3266],[24.3734,59.3267],[24.3732,59.3267],[24.3727,59.3267],[24.3712,59.3268],[24.3687,59.3269],[24.3733,59.3267],[24.3735,59.3267],[24.3759,59.3266],[24.3773,59.3265],[24.379,59.3264],[24.381,59.3262],[24.3817,59.3261],[24.384,59.3256],[24.3845,59.3254],[24.3896,59.3237],[24.3911,59.3231],[24.3918,59.3229],[24.3919,59.3229],[24.3943,59.3219],[24.3967,59.3213],[24.3987,59.3209]],[[24.3804,59.3263],[24.3798,59.3264],[24.3783,59.3265],[24.3773,59.3266],[24.3759,59.3266]],[[24.1024,59.3403],[24.1039,59.3402],[24.1043,59.3402],[24.105,59.3401],[24.1068,59.34],[24.1083,59.34]],[[24.3288,59.3286],[24.3302,59.3289],[24.3319,59.3291],[24.3334,59.3293]],[[24.3257,59.3279],[24.3278,59.3283],[24.3288,59.3286]],[[24.3817,59.3261],[24.381,59.3262],[24.3804,59.3263]]]},"properties":{"fclass":"trunk","ref":"8"}},
{"type":"Feature","geometry":{"type":"LineString","coordinates":[[27.0153,57.5734],[27.0236,57.5757],[27.0292,57.5777],[27.0312,57.5782],[27.0374,57.5795],[27.0391,57.5798],[27.0394,57.5799],[27.04,57.58],[27.0437,57.5807],[27.044,57.5807],[27.0448,57.5809],[27.0468,57.5813]]},"properties":{"fclass":"trunk","ref":"A2"}},
{"type":"Feature","geometry":{"type":"MultiLineString","coordinates":[[[26.0333,57.7903],[26.0333,57.7906],[26.0333,57.7909],[26.0333,57.7911],[26.0333,57.7918],[26.0333,57.792],[26.0333,57.7922]],[[25.5381,58.1045],[25.5382,58.1045]],[[26.0336,57.7922],[26.0333,57.792]]]},"properties":{"fclass":"trunk","ref":"6"}},
{"type":"Feature","geometry":{"type":"MultiLineString","coordinates":[[[28.1597,59.3841],[28.1595,59.3839],[28.1594,59.3836],[28.1597,59.3839],[28.1598,59.3841]],[[28.1546,59.3742],[28.1546,59.3743],[28.1546,59.3744],[28.1545,59.3748],[28.1545,59.3749],[28.1545,59.3752],[28.1545,59.3753],[28.1544,59.3754],[28.1542,59.3766],[28.1543,59.3768],[28.1543,59.3772],[28.1544,59.3777],[28.1541,59.3767],[28.1542,59.3766]],[[28.1563,59.3802],[28.1568,59.3807],[28.1569,59.3807],[28.1571,59.381],[28.1576,59.3815],[28.1577,59.3817],[28.1581,59.3821],[28.1582,59.3822],[28.1586,59.3827],[28.159,59.3831],[28.1591,59.3833],[28.1594,59.3836]],[[28.1544,59.3777],[28.1547,59.3783],[28.1549,59.3786],[28.1553,59.3791],[28.1555,59.3792],[28.1555,59.3793],[28.1557,59.3794],[28.1563,59.3802],[28.1567,59.3807],[28.1569,59.3807]],[[28.1549,59.3786],[28.1554,59.3791],[28.1555,59.3792]]]},"properties":{"fclass":"trunk","ref":"13109"}},
{"type":"Feature","geometry":{"type":"LineString","coordinates":[[25.3715,57.9475],[25.3724,57.9479],[25.3767,57.949],[25.3874,57.9512],[25.3928,57.9529],[25.3962,57.9531],[25.4004,57.9523],[25.4021,57.9521],[25.4059,57.9522],[25.4072,57.9525],[25.4083,57.9533],[25.4103,57.9542],[25.413,57.9548],[25.4143,57.956],[25.4152,57.9576],[25.4178,57.9592],[25.4213,57.9608],[25.425,57.9632],[25.4291,57.966],[25.4314,57.9671],[25.4362,57.9686],[25.4413,57.9697],[25.4447,57.9708],[25.4469,57.9718],[25.4518,57.9731],[25.4542,57.9741],[25.4568,57.9763],[25.4587,57.977],[25.4638,57.9776],[25.466,57.9772],[25.4681,57.9771],[25.4722,57.9786],[25.4742,57.9788],[25.4781,57.98],[25.4787,57.9802]]},"properties":{"fclass":"primary","ref":"P17"}},
{"type":"Feature","geometry":{"type":"MultiLineString","coordinates":[[[27.3803,57.6433],[27.3767,57.6426],[27.3759,57.6425],[27.3756,57.6424]],[[27.3729,57.6417],[27.372,57.6416],[27.3712,57.6415],[27.3711,57.6415],[27.3707,57.6415],[27.3706,57.6415],[27.3707,57.6415],[27.3711,57.6416],[27.3712,57.6417],[27.3726,57.642],[27.373,57.6421]],[[27.0468,57.5813],[27.0498,57.5818],[27.0543,57.5827],[27.0591,57.5836],[27.0641,57.5845],[27.0659,57.5849],[27.0702,57.5858],[27.0708,57.586],[27.075,57.5874],[27.0771,57.5883],[27.0819,57.5904],[27.0828,57.5908],[27.0865,57.5924],[27.0884,57.5932],[27.0935,57.595],[27.0977,57.5962],[27.1026,57.5972],[27.1027,57.5973],[27.1077,57.598],[27.1121,57.5984],[27.1216,57.599],[27.1414,57.6003],[27.1452,57.6005],[27.1492,57.6004],[27.1527,57.6003],[27.1624,57.5998],[27.1673,57.5995],[27.1758,57.599],[27.1763,57.599],[27.1792,57.5988],[27.1859,57.5985],[27.1862,57.5984],[27.1978,57.5978],[27.198,57.5978],[27.2035,57.5975],[27.2063,57.5973],[27.2098,57.5971],[27.2138,57.5972],[27.2142,57.5972],[27.2156,57.5974],[27.2155,57.5974],[27.2142,57.5972]],[[27.3744,57.642],[27.3753,57.6423],[27.3757,57.6424],[27.3759,57.6424],[27.3767,57.6426]],[[27.3706,57.6415],[27.3701,57.6414],[27.3697,57.6413],[27.3687,57.6411],[27.3675,57.6409],[27.3664,57.6407],[27.3656,57.6406],[27.3651,57.6405],[27.3564,57.6389],[27.3562,57.6388],[27.3537,57.6384],[27.3481,57.6373],[27.3475,57.6372],[27.3471,57.6372],[27.3438,57.6365],[27.3436,57.6365],[27.3416,57.6361],[27.3398,57.6358],[27.3386,57.6356],[27.3354,57.635],[27.3303,57.634],[27.3253,57.633],[27.3167,57.6315],[27.316,57.6313],[27.3128,57.6307],[27.3081,57.6298],[27.3051,57.6293],[27.2955,57.6279],[27.291,57.6273],[27.2868,57.6265],[27.2822,57.6252],[27.2792,57.6241],[27.2751,57.622],[27.2733,57.6208],[27.2702,57.6188],[27.2694,57.6183],[27.2691,57.6181],[27.267,57.6167],[27.265,57.6154],[27.2615,57.6131],[27.2594,57.6119],[27.2591,57.6118],[27.2576,57.6111],[27.2544,57.6095],[27.2478,57.6063],[27.2453,57.6053],[27.2395,57.6037],[27.2393,57.6036],[27.2387,57.6035],[27.2384,57.6034],[27.2369,57.603],[27.2384,57.6034]],[[27.2216,57.5988],[27.221,57.5987],[27.2205,57.5986],[27.2205,57.5985],[27.2189,57.5981],[27.2181,57.5979],[27.2177,57.5978],[27.2164,57.5975],[27.2156,57.5974]],[[27.2369,57.603],[27.2326,57.6018],[27.2309,57.6014],[27.2305,57.6012],[27.2303,57.6012],[27.2302,57.6012],[27.2291,57.6009],[27.2283,57.6006],[27.228,57.6005],[27.227,57.6003],[27.2272,57.6004],[27.2279,57.6006],[27.2283,57.6006]],[[27.227,57.6003],[27.2263,57.6001],[27.2262,57.6001],[27.2252,57.5998],[27.224,57.5995],[27.2231,57.5992],[27.2223,57.5991],[27.2222,57.599],[27.2216,57.5988],[27.2222,57.599],[27.2224,57.599],[27.2231,57.5992]]]},"properties":{"fclass":"trunk","ref":"7"}},
{"type":"Feature","geometry":{"type":"LineString","coordinates":[[26.163,58.0115],[26.163,58.0114],[26.1629,58.011],[26.1628,58.0102],[26.1627,58.0098]]},"properties":{"fclass":"trunk","ref":"3;69"}},
{"type":"Feature","geometry":{"type":"LineString","coordinates":[[25.5705,58.8951],[25.5701,58.8946],[25.5697,58.8945]]},"properties":{"fclass":"primary","ref":"1515"}},
{"type":"Feature","geometry":{"type":"LineString","coordinates":[[26.0136,57.7856],[26.0196,57.7874],[26.023,57.7883],[26.0276,57.7893],[26.0285,57.7895],[26.033,57.7903],[26.0333,57.7903]]},"properties":{"fclass":"trunk","ref":"A3"}},
{"type":"Feature","geometry":{"type":"LineString","coordinates":[[25.525,58.8798],[25.5255,58.8798]]},"properties":{"fclass":"primary","ref":"1501"}},
{"type":"Feature","geometry":{"type":"LineString","coordinates":[[25.5408,58.8876],[25.5407,58.8878],[25.5406,58.8878],[25.5403,58.8878],[25.5401,58.8877],[25.5404,58.8875],[25.5407,58.8875],[25.5408,58.8876]]},"properties":{"fclass":"primary","ref":"1511"}},
{"type":"Feature","geometry":{"type":"LineString","coordinates":[[24.3813,57.8744],[24.3812,57.8743],[24.3807,57.8739],[24.38,57.8733],[24.3798,57.8732],[24.3787,57.8722],[24.3745,57.8685],[24.3724,57.8663],[24.3704,57.8638]]},"properties":{"fclass":"trunk","ref":"A1"}}
]}