{"type":"FeatureCollection", "features": [
{"type":"Feature","geometry":{"type":"MultiLineString","coordinates":[[[27.2863,59.3988],[27.2864,59.3989],[27.2865,59.3989],[27.2873,59.3994],[27.2877,59.3996],[27.2883,59.3999],[27.289,59.4003],[27.2892,59.4004]],[[27.2896,59.4005],[27.2899,59.4006],[27.2918,59.4011],[27.293,59.4014],[27.2939,59.4017],[27.2948,59.4019],[27.295,59.402],[27.2951,59.402],[27.2962,59.4023],[27.2973,59.4025],[27.2979,59.4025],[27.2988,59.4026],[27.2992,59.4026],[27.2995,59.4027],[27.3007,59.4027],[27.3039,59.403],[27.2997,59.4028],[27.2992,59.4027],[27.2988,59.4027],[27.298,59.4026],[27.2975,59.4026],[27.2973,59.4026],[27.2966,59.4025],[27.2948,59.4022],[27.2947,59.4021],[27.2945,59.4021],[27.2939,59.4019],[27.2936,59.4018],[27.2928,59.4016],[27.2918,59.4013],[27.2915,59.4013],[27.291,59.4011],[27.2902,59.4009],[27.2897,59.4007],[27.2895,59.4006]],[[27.2891,59.4005],[27.2888,59.4004],[27.2882,59.3999],[27.2877,59.3996]],[[27.286,59.3987],[27.2852,59.3984],[27.2845,59.3982],[27.2842,59.3981],[27.2839,59.398],[27.2825,59.3977],[27.2821,59.3976],[27.2808,59.3974],[27.2802,59.3973],[27.28,59.3973],[27.2788,59.3972],[27.2777,59.3972],[27.2773,59.3971],[27.2769,59.3971],[27.2755,59.3969],[27.2751,59.3969],[27.2731,59.3965],[27.2715,59.3962],[27.2701,59.396],[27.2696,59.3959],[27.2686,59.3957],[27.2682,59.3956],[27.2674,59.3954],[27.2667,59.3952],[27.265,59.3947],[27.2649,59.3947],[27.263,59.3941],[27.2621,59.3939],[27.2614,59.3937],[27.2599,59.3933],[27.2597,59.3933],[27.2595,59.3933],[27.2589,59.3931],[27.2567,59.3928],[27.2554,59.3927],[27.2553,59.3927],[27.2537,59.3927],[27.2534,59.3927],[27.252,59.3927],[27.2515,59.3928],[27.2514,59.3928],[27.2497,59.3933],[27.2495,59.3933],[27.2489,59.3936],[27.2481,59.394],[27.248,59.3941],[27.2466,59.3949],[27.2448,59.396],[27.2441,59.3965],[27.244,59.3966],[27.2428,59.3974],[27.2424,59.3978],[27.2417,59.3989],[27.2416,59.3992],[27.2415,59.3992],[27.2412,59.3996],[27.2387,59.4005],[27.2369,59.4013],[27.2347,59.402],[27.2403,59.4043],[27.241,59.4047],[27.2419,59.405],[27.2488,59.4079],[27.2489,59.4079],[27.2503,59.4085],[27.2516,59.409],[27.252,59.4091],[27.2569,59.4102],[27.2616,59.4112],[27.2688,59.4127],[27.2758,59.4142],[27.2757,59.4145],[27.2752,59.4164],[27.2746,59.4197],[27.2746,59.4199],[27.2745,59.4205],[27.2745,59.4201],[27.2746,59.4197]],[[27.3381,59.4005],[27.3409,59.3978],[27.3423,59.3963],[27.343,59.3955],[27.3432,59.3952],[27.3455,59.3928],[27.3464,59.3918],[27.3486,59.3895],[27.3491,59.3888],[27.3492,59.3884],[27.3481,59.387],[27.3478,59.3867],[27.3473,59.3862],[27.347,59.3859],[27.3467,59.3843],[27.3478,59.3833],[27.3481,59.3831],[27.3481,59.383]],[[27.3485,59.3831],[27.3482,59.3831],[27.3478,59.3833]],[[27.3487,59.3828],[27.3487,59.3827],[27.3491,59.3824],[27.3486,59.3826],[27.3483,59.3827]],[[27.4025,59.3381],[27.4014,59.3378],[27.4018,59.3379],[27.4027,59.338]],[[27.3606,59.3436],[27.3604,59.3439],[27.36,59.3441],[27.3579,59.3456],[27.3521,59.3498],[27.3502,59.3513],[27.3501,59.3515],[27.3501,59.3519],[27.3504,59.3534],[27.3504,59.3538],[27.3505,59.3541],[27.3506,59.355],[27.3509,59.3569],[27.351,59.3573],[27.3511,59.3588],[27.3511,59.3589],[27.3513,59.3606],[27.3516,59.364],[27.3517,59.3656],[27.3518,59.3665],[27.3519,59.3673],[27.3519,59.3675],[27.3515,59.3688],[27.35,59.3704],[27.3492,59.3717],[27.349,59.3734],[27.3494,59.3747],[27.351,59.3768],[27.3517,59.3786],[27.3513,59.3802],[27.3507,59.3811],[27.3491,59.3824]],[[27.3379,59.4007],[27.3367,59.4014],[27.3356,59.402],[27.3337,59.4028],[27.3296,59.4041],[27.3294,59.4042],[27.3274,59.4044],[27.3271,59.4038],[27.3276,59.4035],[27.3281,59.4032],[27.3298,59.4032],[27.3294,59.4038],[27.3278,59.4037],[27.3264,59.4035],[27.3234,59.4032],[27.3221,59.4032],[27.3185,59.4034],[27.3126,59.4035],[27.3115,59.4035],[27.3039,59.403]],[[27.3612,59.3434],[27.3614,59.3431],[27.3617,59.3428],[27.3614,59.3431],[27.3608,59.3434]],[[27.361,59.3437],[27.3605,59.3439],[27.36,59.3441]],[[27.376,59.3314],[27.3808,59.3331],[27.3834,59.3333],[27.3858,59.3344],[27.3866,59.3346],[27.3872,59.3348],[27.3933,59.3361],[27.3965,59.3368],[27.3981,59.3371],[27.3996,59.3375],[27.4007,59.3377],[27.4014,59.3378]],[[27.3277,59.4038],[27.3263,59.4035],[27.3236,59.4032],[27.3212,59.4033],[27.3185,59.4034]],[[27.3296,59.4041],[27.3277,59.4038]],[[27.3617,59.3428],[27.3624,59.3419],[27.3625,59.3418],[27.3641,59.3401],[27.3669,59.338],[27.3704,59.3353],[27.3721,59.3341],[27.373,59.3334],[27.376,59.3314]]]},"properties":{"ref":"93"}},
{"type":"Feature","geometry":{"type":"MultiLineString","coordinates":[[[26.3769,59.3421],[26.3772,59.342],[26.3782,59.3416],[26.379,59.3413],[26.3797,59.341],[26.3811,59.3404],[26.3812,59.3404],[26.3819,59.34],[26.3821,59.3399],[26.3827,59.3397],[26.3831,59.3395],[26.3834,59.3394],[26.3837,59.3392],[26.3841,59.339],[26.3851,59.3386],[26.3858,59.3383],[26.3863,59.3381],[26.3868,59.3378],[26.3879,59.3375],[26.3885,59.3373],[26.3905,59.3366],[26.391,59.3364],[26.3914,59.3363],[26.3918,59.3362],[26.3929,59.3358],[26.3942,59.3354],[26.3954,59.335],[26.3959,59.3349],[26.3965,59.3347],[26.3979,59.3342],[26.3994,59.3337],[26.3999,59.3335],[26.4014,59.3331],[26.4029,59.3326],[26.4032,59.3325],[26.4037,59.3324],[26.404,59.3324]],[[26.3615,59.3477],[26.3614,59.3478],[26.3608,59.3483],[26.3602,59.3488],[26.3599,59.3491],[26.3592,59.3496],[26.3592,59.3497],[26.3579,59.3507],[26.3572,59.3512],[26.3571,59.3514],[26.3569,59.3513],[26.3563,59.3511],[26.356,59.3509],[26.3558,59.3509]],[[26.3766,59.3422],[26.3725,59.3438],[26.3723,59.3438],[26.3717,59.3441],[26.3715,59.3442],[26.3709,59.3444],[26.3705,59.3446],[26.3704,59.3447],[26.3703,59.3447],[26.3697,59.345],[26.3688,59.3453],[26.3686,59.3455],[26.3682,59.3456],[26.3681,59.3456]],[[26.4044,59.3322],[26.4049,59.332],[26.4042,59.3321]],[[26.4038,59.3323],[26.4037,59.3323],[26.4032,59.3325]],[[27.0832,59.0257],[27.083,59.0259],[27.0828,59.0261],[27.0836,59.0257]],[[27.0834,59.0254],[27.0842,59.0249],[27.0838,59.0254]],[[26.3625,59.3493],[26.3625,59.3492],[26.3629,59.3489],[26.3631,59.3488],[26.3635,59.3483],[26.3639,59.348],[26.3644,59.3476],[26.3645,59.3475],[26.3646,59.3474],[26.3647,59.3473],[26.3651,59.3471],[26.3654,59.3468],[26.3655,59.3467],[26.3656,59.3467],[26.3657,59.3466],[26.366,59.3463],[26.3655,59.3465],[26.3654,59.3466],[26.3654,59.3467],[26.3653,59.3468],[26.365,59.347],[26.3647,59.3472],[26.3647,59.3473]],[[26.3679,59.3457],[26.3678,59.3457],[26.3676,59.3458],[26.3673,59.3459],[26.3669,59.346],[26.3663,59.3462],[26.366,59.3463]],[[27.0818,59.0364],[27.0817,59.0361],[27.0817,59.0356],[27.0816,59.0352],[27.0815,59.0347],[27.0815,59.0343],[27.0814,59.0336],[27.0812,59.0323],[27.081,59.0311],[27.0809,59.0302],[27.0808,59.0297],[27.0809,59.0293],[27.081,59.0291],[27.0822,59.0269],[27.0826,59.0264],[27.0828,59.0261]],[[27.0862,59.0235],[27.0883,59.0217],[27.0907,59.0206],[27.0953,59.0203],[27.0985,59.0202],[27.1003,59.0203],[27.1018,59.02],[27.1041,59.0192],[27.1054,59.0181],[27.1097,59.0172],[27.1105,59.0163],[27.1124,59.0155],[27.1148,59.0153],[27.1208,59.0137],[27.1223,59.0126],[27.1228,59.0123],[27.126,59.0117],[27.1294,59.0118],[27.1331,59.0113],[27.1364,59.0105],[27.1392,59.0099],[27.1403,59.0095],[27.1422,59.0079],[27.1439,59.0072],[27.1465,59.0069],[27.1478,59.0064],[27.1507,59.0043],[27.151,59.0038],[27.1507,59.0003],[27.151,58.9997],[27.1516,58.9976],[27.1561,58.9956],[27.1578,58.9944],[27.1584,58.9919],[27.1593,58.9908],[27.1607,58.9897],[27.1648,58.988],[27.1672,58.9876],[27.1673,58.9876],[27.1692,58.9871],[27.1697,58.9869],[27.1712,58.9865],[27.1718,58.9863],[27.1721,58.9862],[27.1719,58.9862],[27.1712,58.9865]],[[26.6641,59.2697],[26.6638,59.27],[26.661,59.2719],[26.6588,59.2725],[26.6571,59.2725],[26.6492,59.2723],[26.6432,59.2726],[26.631,59.2733],[26.6305,59.2733],[26.6215,59.2739],[26.6198,59.274],[26.6159,59.2748],[26.6107,59.2762],[26.6077,59.2773],[26.6075,59.2774],[26.6048,59.2791],[26.6032,59.2807],[26.6021,59.2824],[26.6021,59.2825],[26.5992,59.2871],[26.5989,59.2876],[26.5981,59.2889],[26.596,59.2905],[26.5938,59.2914],[26.5896,59.2925],[26.5893,59.2926],[26.5866,59.2933],[26.5832,59.2944],[26.5819,59.2949],[26.5808,59.2954],[26.5804,59.2956],[26.5794,59.296],[26.5784,59.2966],[26.5752,59.2985],[26.5732,59.3001],[26.5698,59.3028],[26.5679,59.3043],[26.5669,59.3047],[26.5661,59.305],[26.5629,59.3054],[26.5624,59.3054],[26.5553,59.3044],[26.5487,59.3029],[26.5443,59.3015],[26.5418,59.3009],[26.5381,59.3009],[26.5349,59.3019],[26.5341,59.3025],[26.5339,59.3026],[26.5317,59.3053],[26.5309,59.3062],[26.5288,59.3081],[26.5263,59.3095],[26.5172,59.3144],[26.512,59.3172],[26.5062,59.3203],[26.5041,59.3213],[26.5008,59.3219],[26.4972,59.3215],[26.4958,59.3211],[26.49,59.3192],[26.4891,59.3189],[26.4868,59.3183],[26.4823,59.3177],[26.4788,59.3177],[26.4736,59.3179],[26.4705,59.3176],[26.4672,59.317],[26.4633,59.316],[26.4613,59.3155],[26.4561,59.3146],[26.4518,59.3145],[26.4492,59.3147],[26.4488,59.3147],[26.445,59.3155],[26.4404,59.3174],[26.4368,59.3197],[26.433,59.3219],[26.4328,59.322],[26.4326,59.3221],[26.4307,59.323],[26.4282,59.3242],[26.4248,59.3254],[26.4175,59.3278],[26.4172,59.3279],[26.4137,59.329],[26.4115,59.3298],[26.407,59.3313],[26.4062,59.3315],[26.4057,59.3317],[26.4049,59.332]],[[26.85,59.1844],[26.8491,59.1854],[26.8472,59.1865],[26.8416,59.1884],[26.8406,59.1888],[26.8387,59.1896],[26.8377,59.19],[26.8325,59.1925],[26.8295,59.194],[26.8265,59.1954],[26.8239,59.1967],[26.8238,59.1967],[26.8234,59.1969],[26.8184,59.1995],[26.816,59.201],[26.8033,59.2095],[26.7999,59.2118],[26.7963,59.2142],[26.7941,59.2159],[26.7906,59.2192],[26.7893,59.221],[26.7869,59.2263],[26.7859,59.2273],[26.7839,59.2285],[26.7809,59.2295],[26.777,59.23],[26.7759,59.2301],[26.7747,59.2302],[26.7744,59.2303],[26.7728,59.2305],[26.7706,59.2308],[26.7682,59.231],[26.7609,59.2319],[26.7522,59.233],[26.7496,59.2332],[26.746,59.2331],[26.7424,59.2327],[26.7377,59.2319],[26.7364,59.2317],[26.7361,59.2316],[26.7346,59.2314],[26.7286,59.2303],[26.7242,59.2296],[26.722,59.2294],[26.7186,59.2294],[26.7161,59.2296],[26.7101,59.2305],[26.7017,59.2323],[26.6992,59.233],[26.6977,59.2338],[26.6962,59.2348],[26.6953,59.2356],[26.6933,59.2387],[26.6924,59.2404],[26.69,59.2445],[26.6893,59.2457],[26.6884,59.2486],[26.6871,59.2548],[26.6868,59.2554],[26.6867,59.2555],[26.6866,59.2557],[26.6865,59.2559],[26.6863,59.2563],[26.6854,59.2573],[26.6814,59.261],[26.6797,59.2622],[26.6781,59.2631],[26.6755,59.2643],[26.6742,59.2649],[26.6649,59.2692],[26.6641,59.2697]],[[26.863,59.1718],[26.8661,59.1695],[26.8679,59.168],[26.8697,59.167],[26.8714,59.1665],[26.8791,59.1653],[26.8811,59.1648],[26.8842,59.1638],[26.8864,59.1623],[26.8885,59.1602],[26.8889,59.1586],[26.8898,59.153],[26.8904,59.1522],[26.8981,59.1465],[26.8987,59.1458],[26.8993,59.1439],[26.8998,59.1428],[26.9016,59.1401],[26.9019,59.1397],[26.9036,59.1373],[26.9037,59.1371],[26.9051,59.1353],[26.9082,59.1313],[26.9104,59.1297],[26.9158,59.127],[26.9175,59.1257],[26.9194,59.1235],[26.9219,59.1212],[26.9225,59.1207],[26.9226,59.1206],[26.923,59.1202],[26.9236,59.1196],[26.9242,59.1188],[26.9243,59.1186],[26.9247,59.1176],[26.9249,59.1174],[26.9263,59.1145],[26.9274,59.1135],[26.9283,59.1132],[26.9302,59.1128],[26.9307,59.1128],[26.9319,59.1125],[26.9408,59.1109],[26.9417,59.1108],[26.9473,59.111],[26.9506,59.1112],[26.9526,59.1113],[26.958,59.1115],[26.964,59.1118],[26.9669,59.1113],[26.9705,59.1106],[26.9731,59.1096],[26.9742,59.109],[26.9755,59.1071],[26.9762,59.1059],[26.9794,59.1028],[26.9807,59.1],[26.9826,59.0955],[26.9836,59.092],[26.984,59.0906],[26.9858,59.0885],[26.9864,59.0878],[26.9925,59.0807],[26.9945,59.0774],[26.9961,59.0747],[26.9966,59.0737],[27.0006,59.067],[27.002,59.0646],[27.0037,59.0618],[27.0121,59.0553],[27.0158,59.0538],[27.0176,59.0531],[27.0178,59.053],[27.0218,59.0515],[27.0234,59.0509],[27.025,59.0499],[27.0267,59.0492],[27.0281,59.0491],[27.0316,59.0482],[27.0331,59.0481],[27.0398,59.0478],[27.0426,59.047],[27.0491,59.0454],[27.0536,59.0444],[27.0559,59.0436],[27.0601,59.042],[27.0618,59.0413],[27.0659,59.0401],[27.0729,59.0387],[27.0733,59.0386],[27.0761,59.038],[27.0768,59.0378],[27.0773,59.0366],[27.0812,59.037],[27.0818,59.0369],[27.0819,59.0368],[27.0818,59.0365],[27.0818,59.0364]],[[26.8521,59.1819],[26.8528,59.181],[26.8529,59.1808],[26.8535,59.1801],[26.8537,59.1799],[26.8538,59.1798],[26.8541,59.1795],[26.8543,59.1791],[26.8549,59.1785],[26.8552,59.178],[26.8555,59.1777],[26.8566,59.1768],[26.8581,59.1756],[26.8592,59.1748],[26.8617,59.1728],[26.863,59.1718]],[[26.8521,59.1819],[26.852,59.1819],[26.85,59.1844]],[[27.0855,59.0238],[27.0862,59.0235]],[[27.0842,59.0249],[27.0855,59.0238]]]},"properties":{"ref":"88"}},
{"type":"Feature","geometry":{"type":"MultiLineString","coordinates":[[[26.3586,59.3383],[26.3586,59.3384],[26.3587,59.3384],[26.3588,59.3387],[26.3588,59.3388],[26.3591,59.3393],[26.3591,59.3394],[26.3592,59.3395],[26.3593,59.3396],[26.3595,59.3399],[26.3596,59.3402],[26.3597,59.3404],[26.3595,59.3412],[26.3595,59.3413],[26.3595,59.3414],[26.3597,59.3418]],[[26.3595,59.347],[26.3595,59.3469],[26.3595,59.3462],[26.3595,59.3456],[26.3595,59.3452],[26.3596,59.3447],[26.3596,59.3446],[26.3596,59.344],[26.3596,59.3436],[26.3596,59.3431],[26.3597,59.3426],[26.3597,59.3419]],[[26.3592,59.347],[26.3592,59.3469],[26.3592,59.3456],[26.3592,59.3452],[26.3592,59.3451],[26.3592,59.3447],[26.3593,59.3435],[26.3593,59.3431],[26.3593,59.3421],[26.3595,59.3419]],[[26.3709,59.3208],[26.3703,59.3211],[26.3705,59.3207]],[[26.3707,59.3204],[26.3714,59.3201],[26.3712,59.3205]],[[26.8297,58.9795],[26.8296,58.9793],[26.8293,58.979],[26.8294,58.9793],[26.8295,58.9795]],[[26.8297,58.9797],[26.8292,58.9799],[26.829,58.98],[26.8291,58.9799],[26.8295,58.9796]],[[26.3595,59.3382],[26.3594,59.338],[26.3597,59.3376],[26.3603,59.3364],[26.361,59.3347],[26.3616,59.3338],[26.3623,59.3329],[26.3632,59.3315],[26.3634,59.3305],[26.3635,59.3299],[26.3637,59.3286],[26.3638,59.3283],[26.3638,59.3282],[26.3638,59.328],[26.3639,59.3277],[26.364,59.327],[26.364,59.3269],[26.3641,59.3264],[26.3645,59.3259],[26.365,59.3255],[26.3654,59.3251],[26.3655,59.3251],[26.3661,59.3246],[26.3662,59.3246],[26.3681,59.3232],[26.3682,59.3231],[26.3684,59.3229],[26.3687,59.3226],[26.3691,59.3223],[26.3693,59.322],[26.3697,59.3217],[26.37,59.3214],[26.3703,59.3211]],[[26.3595,59.3418],[26.3595,59.3414]],[[26.3855,59.3123],[26.3905,59.3102],[26.3948,59.3087],[26.3954,59.3085],[26.3999,59.3067],[26.404,59.3047],[26.4054,59.3036],[26.4061,59.3019],[26.4063,59.3011],[26.4064,59.3009],[26.4065,59.3007],[26.4065,59.3006],[26.4066,59.3004],[26.4085,59.2944],[26.4088,59.2928],[26.4089,59.2918],[26.409,59.2893],[26.4091,59.2888],[26.4092,59.2879],[26.4092,59.287],[26.4093,59.2867],[26.4095,59.2859],[26.4095,59.2857],[26.4101,59.2851],[26.4109,59.2846],[26.4112,59.2844],[26.4125,59.2839],[26.4126,59.2839],[26.4137,59.2835],[26.4138,59.2835],[26.4147,59.2832],[26.4152,59.283],[26.4158,59.2829],[26.4159,59.2828],[26.4166,59.2826],[26.4176,59.2824],[26.4181,59.2823],[26.4196,59.2819],[26.4225,59.2812],[26.4227,59.2811],[26.4263,59.28],[26.4283,59.2792],[26.4296,59.2784],[26.4326,59.2765],[26.4345,59.2747],[26.4355,59.2737],[26.437,59.272],[26.4383,59.2706],[26.4395,59.2693],[26.4414,59.2677],[26.4424,59.2671],[26.4494,59.2639],[26.4504,59.2633],[26.4534,59.2619],[26.4546,59.261],[26.4547,59.2609],[26.4574,59.2584],[26.4592,59.2574],[26.4598,59.257],[26.4615,59.2559],[26.463,59.2552],[26.4645,59.2546],[26.4651,59.2544],[26.4652,59.2544],[26.4659,59.2542],[26.4653,59.2544],[26.4652,59.2544],[26.4651,59.2545],[26.4645,59.2546]],[[26.6185,59.1086],[26.6183,59.1095],[26.6182,59.1104],[26.6181,59.111],[26.6181,59.1111],[26.6181,59.1112],[26.618,59.1114],[26.6179,59.112],[26.6174,59.1149],[26.6173,59.1152],[26.6172,59.1159],[26.6172,59.1169],[26.618,59.1189],[26.6179,59.1197],[26.6166,59.124],[26.616,59.125],[26.6158,59.1252],[26.6143,59.1264],[26.614,59.1266],[26.6085,59.1296],[26.6076,59.1302],[26.6064,59.131],[26.601,59.1337],[26.5991,59.1353],[26.5984,59.1367],[26.5977,59.1382],[26.5974,59.1403],[26.5973,59.1407],[26.5965,59.142],[26.5963,59.1424],[26.5952,59.1459],[26.5947,59.1474],[26.5945,59.1478],[26.5937,59.1488],[26.5934,59.1501],[26.5918,59.1533],[26.5913,59.1538],[26.5905,59.1543],[26.59,59.1546],[26.5896,59.1548],[26.5885,59.1557],[26.5883,59.1559],[26.5883,59.1561],[26.5882,59.1565],[26.588,59.157],[26.5874,59.1594],[26.5872,59.1606],[26.5871,59.161],[26.5869,59.1621],[26.587,59.1632],[26.5865,59.1649],[26.5863,59.1651],[26.5862,59.1653],[26.5859,59.1659],[26.5857,59.1665],[26.5859,59.1678],[26.5859,59.1685],[26.5858,59.1689],[26.5856,59.1694],[26.5848,59.1705],[26.5835,59.1712],[26.5833,59.1713],[26.5812,59.1728],[26.5803,59.174],[26.5802,59.1741],[26.58,59.1743],[26.58,59.1744],[26.5795,59.1753],[26.5781,59.1775],[26.578,59.1778],[26.5775,59.1789],[26.5774,59.1793],[26.5772,59.1802],[26.5772,59.1805],[26.5771,59.1808],[26.5769,59.1821],[26.5767,59.183],[26.5762,59.1844],[26.5761,59.1847],[26.5757,59.186],[26.5741,59.1882],[26.5709,59.1911],[26.5698,59.1921],[26.5685,59.1931],[26.5675,59.1937],[26.5648,59.1956],[26.5632,59.1972],[26.56,59.2019],[26.5597,59.2023],[26.5588,59.2036],[26.5583,59.2041],[26.5552,59.2064],[26.5547,59.2068],[26.5546,59.2069],[26.5538,59.2078],[26.5523,59.209],[26.5472,59.2124],[26.541,59.2152],[26.5328,59.2211],[26.5315,59.2219],[26.5306,59.2226],[26.5295,59.2234],[26.5291,59.2237],[26.5247,59.2268],[26.5215,59.2282],[26.5204,59.2286],[26.5162,59.23],[26.5126,59.2309],[26.5097,59.2318],[26.5089,59.2321],[26.5058,59.2331],[26.5055,59.2333],[26.5045,59.2336],[26.5007,59.2348],[26.4977,59.2359],[26.4913,59.2388],[26.4897,59.2396],[26.4885,59.2402],[26.4855,59.2417],[26.4807,59.2448],[26.4757,59.2481],[26.4749,59.2486],[26.4695,59.2522],[26.4691,59.2525],[26.4687,59.2527],[26.4681,59.2531],[26.4674,59.2535],[26.4673,59.2536],[26.4666,59.2539],[26.4659,59.2542]],[[26.829,58.98],[26.8258,58.9809],[26.8239,58.9814],[26.8222,58.9818],[26.8191,58.9827],[26.8152,58.9839],[26.815,58.984],[26.8145,58.9841],[26.8114,58.9851],[26.7989,58.989],[26.7971,58.9893],[26.7938,58.9896],[26.7936,58.9896],[26.791,58.99],[26.7882,58.991],[26.7661,58.9988],[26.7645,58.9994],[26.7619,58.9995],[26.7614,58.9995],[26.7608,58.9994],[26.7504,58.9992],[26.7475,58.9991],[26.7472,58.9991],[26.7457,58.9991],[26.7454,58.9991],[26.7428,58.9993],[26.7389,58.9996],[26.7367,58.9998],[26.7329,59.0001],[26.7311,59.0004],[26.7276,59.0014],[26.7273,59.0015],[26.7258,59.0024],[26.7133,59.0103],[26.7109,59.0119],[26.7104,59.0122],[26.7096,59.0127],[26.7093,59.013],[26.7087,59.0136],[26.7082,59.0142],[26.7074,59.0154],[26.7071,59.0158],[26.707,59.0159],[26.7062,59.017],[26.7058,59.0176],[26.7045,59.0188],[26.7019,59.0208],[26.6981,59.0238],[26.695,59.0261],[26.6942,59.0266],[26.6933,59.0273],[26.6931,59.0274],[26.6914,59.0287],[26.6878,59.0314],[26.6859,59.0328],[26.6845,59.0338],[26.6834,59.0346],[26.6826,59.0352],[26.682,59.0356],[26.6819,59.0358],[26.6817,59.0359],[26.6804,59.0368],[26.6776,59.0379],[26.667,59.041],[26.6659,59.0415],[26.665,59.042],[26.6642,59.0425],[26.664,59.0427],[26.6633,59.0432],[26.663,59.0435],[26.6604,59.0458],[26.6519,59.054],[26.6479,59.0578],[26.6448,59.0599],[26.6418,59.0616],[26.6404,59.0626],[26.6387,59.0648],[26.6359,59.0723],[26.6357,59.0729],[26.6356,59.0731],[26.6355,59.0732],[26.635,59.0738],[26.6345,59.0743],[26.634,59.075],[26.6324,59.0771],[26.6316,59.0781],[26.6299,59.0803],[26.6264,59.0854],[26.6258,59.0865],[26.6255,59.087],[26.6254,59.0872],[26.6253,59.0874],[26.6251,59.0878],[26.6199,59.1014],[26.6192,59.1031],[26.6192,59.1032],[26.6192,59.1033],[26.6191,59.1034],[26.6191,59.1035],[26.6186,59.1044],[26.6185,59.1075],[26.6185,59.1086]],[[26.8619,58.8483],[26.8624,58.8498],[26.8618,58.8513],[26.8565,58.8569],[26.8544,58.859],[26.8527,58.8603],[26.8503,58.8618],[26.8456,58.8641],[26.8442,58.8646],[26.8396,58.866],[26.8338,58.8679],[26.8316,58.8685],[26.8287,58.8694],[26.8251,58.8709],[26.8224,58.8728],[26.8197,58.8759],[26.819,58.8768],[26.817,58.8792],[26.8157,58.8814],[26.8129,58.8869],[26.8121,58.89],[26.813,58.8937],[26.8131,58.8959],[26.8129,58.8967],[26.8127,58.8972],[26.812,58.8988],[26.8116,58.8996],[26.8113,58.9001],[26.8109,58.9009],[26.8095,58.9037],[26.8093,58.9042],[26.8092,58.9043],[26.8091,58.9045],[26.8089,58.9048],[26.8088,58.905],[26.8085,58.9056],[26.8082,58.9063],[26.808,58.9066],[26.8078,58.9071],[26.8077,58.9072],[26.8075,58.9077],[26.8074,58.9078],[26.8074,58.9079],[26.8071,58.9089],[26.807,58.9093],[26.8069,58.9096],[26.8069,58.9098],[26.8069,58.9104],[26.8069,58.9108],[26.807,58.9114],[26.8071,58.9122],[26.8072,58.9125],[26.8072,58.9126],[26.8072,58.9129],[26.8073,58.9131],[26.8077,58.9143],[26.8079,58.9146],[26.8081,58.9152],[26.8088,58.9165],[26.8114,58.9197],[26.8152,58.9241],[26.8161,58.9253],[26.8176,58.9287],[26.8179,58.93],[26.818,58.9307],[26.8183,58.9326],[26.8185,58.934],[26.8186,58.9347],[26.8189,58.9368],[26.8188,58.9391],[26.8188,58.9394],[26.818,58.9418],[26.8176,58.9427],[26.817,58.9443],[26.8159,58.9472],[26.8155,58.9492],[26.8157,58.9505],[26.8163,58.9517],[26.8177,58.9529],[26.8216,58.9554],[26.8247,58.9578],[26.8248,58.9579],[26.8253,58.9583],[26.8286,58.9619],[26.8297,58.9638],[26.8298,58.9653],[26.8293,58.9668],[26.8272,58.9734],[26.8269,58.9753],[26.8274,58.9767],[26.8277,58.977],[26.8291,58.9787],[26.8293,58.9789],[26.8293,58.979]],[[26.3742,59.3179],[26.3801,59.316],[26.3822,59.315],[26.3855,59.3123]],[[26.3716,59.3199],[26.3724,59.3192],[26.3728,59.3189],[26.3728,59.3188],[26.3742,59.3179]],[[26.3714,59.3201],[26.3716,59.3199]],[[26.8616,58.8479],[26.8619,58.8483],[26.8616,58.8479]],[[26.6345,59.0743],[26.6349,59.0738],[26.6354,59.0731],[26.6356,59.0729],[26.6359,59.0723]]]},"properties":{"ref":"21"}},
{"type":"Feature","geometry":{"type":"MultiLineString","coordinates":[[[26.35,59.3483],[26.3498,59.3486],[26.3497,59.3489],[26.3497,59.3491],[26.35,59.3496],[26.3499,59.3496],[26.3502,59.3497]],[[26.3681,59.3456],[26.3679,59.3457]],[[24.724,59.4343],[24.7239,59.4342],[24.7239,59.434],[24.7238,59.4337],[24.7237,59.4336],[24.7236,59.4333],[24.7236,59.4332],[24.7236,59.4329],[24.7236,59.4323],[24.7237,59.4315],[24.7241,59.4308],[24.7244,59.4304],[24.725,59.4296],[24.725,59.4295],[24.7251,59.4295],[24.7253,59.4293],[24.7259,59.429],[24.7262,59.4289],[24.7264,59.4288],[24.7267,59.4283],[24.7266,59.4282],[24.7266,59.4281],[24.7266,59.4277],[24.7266,59.4275],[24.7272,59.4268],[24.7281,59.4258],[24.7291,59.4249],[24.7306,59.4239],[24.7322,59.4231],[24.734,59.4224],[24.7362,59.4216],[24.7383,59.4209],[24.7394,59.4205],[24.7402,59.4201],[24.741,59.4198],[24.7414,59.4196],[24.742,59.4194],[24.7422,59.4194],[24.7442,59.4188],[24.7425,59.4194],[24.7422,59.4195],[24.7421,59.4196],[24.7417,59.4197],[24.7414,59.4198],[24.7409,59.42],[24.7406,59.4201],[24.7405,59.4201],[24.7404,59.4202],[24.7394,59.4205]],[[24.7199,59.4273],[24.7198,59.4272],[24.7191,59.4268],[24.7186,59.4264],[24.7184,59.4261],[24.7182,59.4259],[24.7176,59.4252],[24.7174,59.4249],[24.7156,59.4229],[24.7155,59.4228],[24.7152,59.4224],[24.7148,59.422],[24.7143,59.4214],[24.7142,59.4213],[24.7139,59.421],[24.7131,59.42],[24.7127,59.4195],[24.7125,59.4194],[24.7121,59.4189],[24.712,59.4188],[24.7117,59.4184],[24.7108,59.4174],[24.71,59.4164],[24.7097,59.4159],[24.7093,59.4154],[24.7091,59.4151],[24.709,59.4151],[24.7081,59.4137],[24.708,59.4135],[24.7079,59.4135],[24.7076,59.4131],[24.7075,59.4129],[24.7074,59.4128],[24.7072,59.4125],[24.7071,59.4124],[24.7069,59.4122],[24.7061,59.4111],[24.7058,59.4108],[24.7053,59.4102],[24.7048,59.4096],[24.7047,59.4095],[24.7035,59.4081],[24.7029,59.4075],[24.7028,59.4073],[24.7025,59.407],[24.7023,59.4068],[24.7021,59.4065],[24.7019,59.4064],[24.7016,59.406],[24.7013,59.4056],[24.7009,59.4052],[24.7008,59.4052],[24.7007,59.405],[24.7006,59.4049],[24.699,59.4035],[24.698,59.4029],[24.6973,59.4025],[24.6964,59.4021],[24.6961,59.402],[24.6951,59.4015],[24.6946,59.4012],[24.6945,59.4012],[24.6944,59.4011],[24.6943,59.4011],[24.6939,59.4009],[24.6922,59.4003],[24.6907,59.4],[24.6895,59.3998],[24.6881,59.3996],[24.6857,59.3993],[24.6854,59.3993],[24.6836,59.3991],[24.6831,59.399],[24.6819,59.3988],[24.6813,59.3988],[24.681,59.3987],[24.6808,59.3987],[24.6763,59.3981],[24.6759,59.3981],[24.6756,59.398],[24.6744,59.3979],[24.673,59.3978],[24.6727,59.3978],[24.6728,59.3974],[24.6727,59.3972],[24.6726,59.3966],[24.6728,59.3963],[24.673,59.3958],[24.6732,59.3954],[24.6732,59.3952],[24.6733,59.3951],[24.6736,59.3944],[24.6737,59.394],[24.6744,59.3927],[24.6756,59.3923],[24.6787,59.3915],[24.6798,59.3906],[24.6799,59.3904],[24.6801,59.3903],[24.6803,59.3903],[24.6808,59.3901],[24.6826,59.3898],[24.6828,59.3897],[24.6829,59.3896],[24.683,59.3891],[24.683,59.389],[24.6831,59.3889],[24.6834,59.3886],[24.6838,59.3881],[24.6839,59.388],[24.6839,59.3879],[24.6842,59.3879],[24.6858,59.3877],[24.687,59.3874],[24.6882,59.387],[24.6885,59.3869],[24.689,59.3867],[24.69,59.3865],[24.6905,59.3865],[24.6906,59.3865],[24.6919,59.3865],[24.6963,59.3874],[24.6997,59.388],[24.6999,59.3881],[24.7028,59.3885],[24.7032,59.3886],[24.7042,59.3887],[24.7049,59.3888],[24.7069,59.389],[24.7098,59.3896],[24.7125,59.39],[24.714,59.3903],[24.7142,59.3904],[24.7184,59.3914],[24.7186,59.3914],[24.7199,59.3917],[24.72,59.3918],[24.7204,59.3919],[24.7213,59.3921],[24.7215,59.3921],[24.722,59.3923],[24.7223,59.3924],[24.723,59.3926]],[[27.4665,59.3637],[27.4634,59.3627],[27.4632,59.3626],[27.4628,59.3625],[27.4621,59.3623],[27.4615,59.3621],[27.4611,59.3619],[27.4606,59.3618],[27.4586,59.3612],[27.4547,59.3604],[27.4545,59.3604],[27.4534,59.3605],[27.4509,59.3608],[27.4506,59.3609],[27.4498,59.361],[27.448,59.3612],[27.447,59.3614],[27.4458,59.3615],[27.4451,59.3616],[27.4447,59.3616],[27.4424,59.3616],[27.442,59.3617],[27.4412,59.3617],[27.4407,59.3617],[27.4402,59.3617],[27.4392,59.3616],[27.4391,59.3616],[27.4375,59.3614],[27.4373,59.3614],[27.4369,59.3614],[27.4364,59.3613],[27.4362,59.3612],[27.4355,59.3611],[27.4339,59.3608],[27.433,59.3607],[27.4328,59.3606],[27.4324,59.3606],[27.4321,59.3605],[27.4308,59.3603],[27.4298,59.3602],[27.4297,59.3602],[27.4292,59.3601],[27.429,59.3601],[27.4288,59.3601],[27.428,59.3599],[27.4263,59.3597],[27.4259,59.3596],[27.4257,59.3596],[27.4249,59.3595],[27.4247,59.3594],[27.4242,59.3594],[27.4241,59.3594],[27.4239,59.3593],[27.4221,59.359],[27.4219,59.359],[27.4213,59.3589],[27.4211,59.3589],[27.4206,59.3588],[27.42,59.3587],[27.4199,59.3587],[27.4193,59.3586],[27.4183,59.3584],[27.4181,59.3584],[27.4168,59.3582],[27.4161,59.3581],[27.4159,59.3581],[27.4157,59.358],[27.4153,59.3579],[27.4147,59.3577],[27.4145,59.3576],[27.4144,59.3576],[27.4138,59.3572],[27.4136,59.3571],[27.4133,59.3568],[27.4131,59.3566],[27.4129,59.3564],[27.4128,59.3564],[27.4127,59.3563],[27.4126,59.3563],[27.4117,59.3563],[27.4115,59.3563],[27.411,59.3564],[27.4109,59.3564],[27.4108,59.3565],[27.4108,59.3566],[27.4106,59.3568],[27.4102,59.3572],[27.4106,59.3576]],[[24.794,59.4427],[24.7955,59.4432],[24.7958,59.4434],[24.7964,59.4437],[24.7967,59.444],[24.7973,59.4444],[24.7978,59.4447],[24.7986,59.4452],[24.7991,59.4455],[24.7999,59.4461],[24.8003,59.4463],[24.8005,59.4464],[24.8019,59.4473],[24.8028,59.4479],[24.8036,59.4485],[24.8039,59.4487],[24.8041,59.4488],[24.8046,59.4491],[24.8054,59.4497],[24.8055,59.4498],[24.807,59.4512],[24.8074,59.4518],[24.8076,59.452],[24.8078,59.4525],[24.808,59.4527],[24.8088,59.454],[24.811,59.4567],[24.8113,59.457],[24.8128,59.4583],[24.8155,59.4595],[24.8166,59.4599],[24.818,59.4603],[24.8185,59.4605],[24.8187,59.4605],[24.8209,59.4611],[24.8237,59.4618],[24.8241,59.4619],[24.8249,59.4622],[24.8252,59.4623],[24.8255,59.4624],[24.8256,59.4625],[24.8265,59.4629],[24.8266,59.4629],[24.8269,59.4631],[24.8271,59.4631],[24.8275,59.463],[24.8282,59.4629],[24.8284,59.4628],[24.8289,59.4627],[24.8295,59.4626],[24.8298,59.4626],[24.8309,59.4623],[24.8312,59.4623],[24.8314,59.4622],[24.8315,59.4621],[24.8318,59.462],[24.8321,59.4619],[24.8322,59.4618],[24.8331,59.4613],[24.8336,59.4611],[24.8345,59.4608],[24.8346,59.4608],[24.8368,59.4602],[24.8407,59.4598],[24.8412,59.4598],[24.8446,59.4594],[24.8457,59.4592],[24.8458,59.4592],[24.848,59.459],[24.8487,59.4589],[24.8489,59.4589],[24.8496,59.4588],[24.8497,59.4588],[24.8508,59.4586],[24.8514,59.4586],[24.8515,59.4586],[24.8519,59.4585],[24.8521,59.4591],[24.8523,59.4593],[24.8523,59.4594],[24.8539,59.4602],[24.8539,59.4603],[24.8549,59.4606],[24.8556,59.4605],[24.8575,59.4601],[24.858,59.46],[24.8585,59.46],[24.8595,59.46],[24.861,59.4602],[24.8629,59.4604],[24.8649,59.4611],[24.8652,59.4615],[24.8656,59.4621],[24.8658,59.4623],[24.8671,59.4643],[24.8671,59.4653],[24.867,59.4655],[24.867,59.4657],[24.8675,59.4662],[24.8689,59.4666]],[[24.8758,59.4368],[24.8744,59.4367],[24.8741,59.4368],[24.8737,59.437],[24.8733,59.4372],[24.8731,59.4373],[24.8729,59.4374],[24.8727,59.4375],[24.8713,59.4382],[24.8703,59.4388],[24.8702,59.4389],[24.8697,59.4392],[24.8692,59.4395],[24.8689,59.4399],[24.8684,59.4404],[24.8682,59.4405],[24.8677,59.4412],[24.8674,59.4416],[24.8672,59.4419],[24.8671,59.442],[24.8671,59.4421],[24.8668,59.4425],[24.8667,59.4426],[24.8666,59.4427],[24.8664,59.4429],[24.8661,59.4433],[24.866,59.4435],[24.8654,59.4442],[24.8651,59.4445],[24.865,59.4448],[24.8649,59.4448],[24.8638,59.4462],[24.8637,59.4464],[24.863,59.4473],[24.8629,59.4475],[24.8624,59.4481],[24.8623,59.4483],[24.8617,59.4491],[24.8614,59.4494],[24.861,59.45],[24.8605,59.4506],[24.8603,59.4508],[24.8602,59.4509],[24.8596,59.4514],[24.8592,59.4516],[24.8591,59.4516],[24.859,59.4517],[24.8591,59.452],[24.8593,59.4525],[24.8598,59.4535],[24.861,59.4538],[24.8611,59.4538],[24.8624,59.4541],[24.8661,59.4549],[24.869,59.4549],[24.8697,59.4549],[24.8699,59.4549],[24.8705,59.455],[24.871,59.455],[24.8716,59.455],[24.8723,59.4549],[24.8767,59.4547],[24.8772,59.4547],[24.8779,59.4547],[24.8791,59.4548],[24.8793,59.4548],[24.8803,59.4548],[24.8805,59.4548],[24.8819,59.4548],[24.8814,59.4548],[24.8805,59.4548],[24.8802,59.4548],[24.8793,59.4548],[24.8791,59.4548],[24.8779,59.4547]],[[24.7872,59.4328],[24.7854,59.4322],[24.7853,59.4321],[24.7849,59.432],[24.7838,59.432],[24.783,59.4321],[24.7826,59.4322],[24.7825,59.4322],[24.7807,59.4327],[24.7805,59.4327],[24.7803,59.4328],[24.7786,59.433],[24.7782,59.433],[24.7765,59.4332],[24.7764,59.4333],[24.7762,59.4333],[24.7757,59.4333],[24.7755,59.4334],[24.7736,59.4336],[24.7734,59.4336],[24.7727,59.4337],[24.772,59.4338],[24.7715,59.4339],[24.7711,59.4339],[24.7709,59.4339],[24.7702,59.434],[24.7697,59.4341],[24.7688,59.4342],[24.7685,59.4342],[24.7683,59.4343],[24.7674,59.4344],[24.7646,59.4347],[24.7644,59.4347],[24.7643,59.4348],[24.7642,59.4348],[24.7632,59.4349],[24.7628,59.435],[24.7625,59.4351],[24.7623,59.4351],[24.7619,59.4351],[24.761,59.4352],[24.7606,59.4353],[24.7604,59.4353],[24.7603,59.4353],[24.7601,59.4353],[24.7579,59.4356],[24.7576,59.4356],[24.7574,59.4356],[24.7573,59.4356],[24.7572,59.4356],[24.7568,59.4356],[24.7563,59.4356],[24.756,59.4356],[24.7556,59.4356],[24.7544,59.4355],[24.7542,59.4354],[24.7523,59.4347],[24.7521,59.4347],[24.7519,59.4346],[24.7515,59.4344],[24.7511,59.4343],[24.7505,59.4341],[24.7503,59.434],[24.7482,59.433],[24.7471,59.4329],[24.7461,59.433],[24.746,59.433]],[[24.6497,59.421],[24.6495,59.421],[24.6486,59.4207],[24.6479,59.4205],[24.6474,59.4204],[24.6471,59.4203],[24.6468,59.42],[24.6467,59.4201],[24.6463,59.4203],[24.6462,59.4202],[24.6456,59.4201],[24.6455,59.4201],[24.6454,59.4201],[24.6451,59.42],[24.6444,59.4198],[24.6441,59.4197],[24.6434,59.4195],[24.6423,59.4191],[24.6422,59.419],[24.6409,59.4179],[24.6406,59.4176],[24.6405,59.4175],[24.6397,59.4163],[24.6396,59.4161],[24.6396,59.416],[24.6395,59.415],[24.6396,59.4149],[24.6396,59.4147],[24.6397,59.4145],[24.6402,59.4137],[24.6405,59.4134],[24.6404,59.413],[24.6402,59.4127],[24.6413,59.4127],[24.6409,59.413],[24.6405,59.4134]],[[24.657,59.4153],[24.6566,59.4155],[24.6558,59.4152],[24.6555,59.4151],[24.6551,59.4149],[24.6544,59.4146],[24.6543,59.4145],[24.6537,59.4137],[24.6536,59.4136],[24.6526,59.4128],[24.6521,59.4124],[24.6519,59.4123],[24.6516,59.4122],[24.6497,59.4114],[24.6485,59.4112],[24.6472,59.4111],[24.647,59.4111],[24.6464,59.4111],[24.6451,59.4112],[24.6429,59.4116],[24.6423,59.4118],[24.6406,59.4121],[24.6404,59.4122],[24.6402,59.4127],[24.6394,59.4125],[24.6392,59.4125],[24.6385,59.4126],[24.6378,59.4128],[24.6373,59.4129],[24.6371,59.4129],[24.6366,59.413],[24.6363,59.4131],[24.6352,59.4133],[24.6346,59.4135],[24.6342,59.4136],[24.634,59.4136]],[[24.6314,59.41],[24.6315,59.4099],[24.6318,59.4097],[24.632,59.4094],[24.6324,59.4089],[24.6327,59.4086],[24.6328,59.4085],[24.6331,59.4081],[24.6338,59.4076],[24.6343,59.4075],[24.6348,59.4074],[24.6359,59.4074],[24.6398,59.4071],[24.64,59.4071],[24.6401,59.407],[24.6412,59.407],[24.6436,59.4068],[24.6439,59.4067],[24.6444,59.4067],[24.6451,59.4069],[24.646,59.4073],[24.6467,59.4076],[24.6468,59.4076],[24.647,59.4077],[24.6472,59.4077],[24.6481,59.4079],[24.6493,59.4076],[24.6494,59.4075],[24.6496,59.4074],[24.6494,59.4076],[24.6488,59.4078],[24.6481,59.4079],[24.6478,59.4079],[24.647,59.4077],[24.6468,59.4076]],[[25.5834,58.3625],[25.5834,58.3624],[25.5834,58.362],[25.5834,58.3619],[25.5834,58.3615],[25.5834,58.3613],[25.5835,58.361],[25.5835,58.3607],[25.5835,58.3606],[25.5836,58.3602],[25.5836,58.3597],[25.5837,58.3592],[25.5837,58.3588],[25.5838,58.3588],[25.5838,58.3584],[25.5838,58.3579],[25.5838,58.3577],[25.5838,58.3576],[25.5838,58.3575],[25.5838,58.3574],[25.5838,58.3572],[25.5838,58.3566],[25.5838,58.3563],[25.5838,58.3562],[25.5837,58.3551],[25.5836,58.3551],[25.5835,58.3548],[25.5835,58.3547],[25.5832,58.3539],[25.5831,58.3537],[25.583,58.3534],[25.5828,58.3528],[25.5832,58.3536],[25.5832,58.3537],[25.5833,58.3539],[25.5836,58.3547],[25.5836,58.3548],[25.5836,58.3551]],[[25.5719,58.3356],[25.5712,58.337],[25.571,58.3384],[25.5715,58.3399],[25.5722,58.3411],[25.57,58.3398],[25.5698,58.3397],[25.5696,58.3397],[25.5689,58.3394]],[[25.3632,58.5833],[25.364,58.5832]],[[25.598,58.3685],[25.5979,58.3684]],[[27.425,59.322],[27.4257,59.3222],[27.426,59.3223],[27.4263,59.3224],[27.4284,59.3232],[27.429,59.3234],[27.4293,59.3235],[27.4295,59.3236],[27.4306,59.324],[27.431,59.3241],[27.4314,59.3243],[27.4317,59.3244],[27.4325,59.3247],[27.433,59.3248],[27.4332,59.3249],[27.4335,59.325],[27.4338,59.3251],[27.4342,59.3253],[27.4333,59.3259],[27.4318,59.327],[27.4308,59.3278],[27.4306,59.3279],[27.43,59.3283],[27.428,59.3299],[27.4271,59.3305],[27.4267,59.3308],[27.4263,59.3311],[27.4255,59.3318],[27.4246,59.3325],[27.4246,59.3326],[27.4241,59.3329],[27.4229,59.334],[27.422,59.3349],[27.4215,59.3354],[27.4213,59.3355],[27.4206,59.3361],[27.4203,59.3364],[27.4201,59.3365],[27.4197,59.3364],[27.4196,59.3366],[27.4194,59.3372],[27.4194,59.3375],[27.4194,59.3383],[27.4195,59.3384],[27.4195,59.3392],[27.4195,59.3393],[27.4195,59.3403],[27.4193,59.346],[27.4193,59.347],[27.4194,59.3472],[27.4195,59.3479],[27.4195,59.3482],[27.4196,59.3487],[27.4196,59.3488],[27.4196,59.3489],[27.4196,59.349],[27.4196,59.3492],[27.4196,59.3493],[27.4195,59.3496],[27.4193,59.3502],[27.4192,59.3506],[27.4191,59.3509],[27.4192,59.351],[27.4189,59.351],[27.419,59.3509],[27.4192,59.3506]],[[25.9428,59.2574],[25.9426,59.2579],[25.9426,59.258],[25.9427,59.2589],[25.9429,59.2591],[25.9456,59.2601],[25.9486,59.2612],[25.951,59.262],[25.9514,59.2622],[25.9521,59.2624],[25.9534,59.2628],[25.9549,59.2634],[25.9567,59.264],[25.9568,59.2641],[25.9585,59.2646],[25.9586,59.2647],[25.9597,59.265],[25.9598,59.265],[25.9604,59.2651],[25.961,59.2649],[25.9611,59.2649],[25.9616,59.2649],[25.9617,59.2649],[25.9618,59.2648],[25.962,59.2647],[25.9624,59.2644],[25.962,59.2646],[25.9617,59.2647],[25.9616,59.2647],[25.9615,59.2647],[25.9616,59.2649]],[[26.726,58.3867],[26.7256,58.3865],[26.7253,58.3864],[26.7252,58.3863],[26.7246,58.3859],[26.7243,58.3856],[26.7234,58.3848],[26.7233,58.3847],[26.7232,58.3844],[26.7232,58.3843],[26.7232,58.3841],[26.723,58.3842],[26.7227,58.3843],[26.7231,58.3844],[26.7232,58.3844],[26.7233,58.3844],[26.7233,58.3843],[26.7234,58.3837]],[[26.7294,58.3817],[26.7292,58.3816],[26.7291,58.3816]],[[24.7716,59.427],[24.7718,59.427],[24.7721,59.4271],[24.7741,59.4277],[24.7743,59.4277],[24.7747,59.4278],[24.7749,59.4279],[24.7751,59.428],[24.7758,59.4283],[24.7759,59.4284],[24.7759,59.4285],[24.776,59.4287],[24.778,59.4302],[24.7782,59.4303],[24.7785,59.4303],[24.7791,59.4302],[24.7795,59.4302],[24.7797,59.4302],[24.7822,59.4309],[24.7844,59.4317],[24.7849,59.4319],[24.7851,59.4319],[24.7855,59.432],[24.7859,59.432],[24.787,59.4324],[24.7871,59.4325],[24.7873,59.4325]],[[24.875,59.4365],[24.8744,59.4365],[24.8742,59.4366],[24.8737,59.4368],[24.8731,59.4371],[24.8729,59.4372],[24.8727,59.4373],[24.8723,59.4376],[24.8721,59.4376],[24.8719,59.4377],[24.8714,59.438],[24.8703,59.4386],[24.8701,59.4387],[24.87,59.4388],[24.8695,59.439],[24.869,59.4394],[24.8687,59.4396],[24.8682,59.4401],[24.8681,59.4403],[24.868,59.4404],[24.8678,59.4407],[24.867,59.4417],[24.8669,59.4419],[24.8668,59.4419],[24.8668,59.442],[24.8665,59.4424],[24.8664,59.4425],[24.8663,59.4426],[24.8661,59.443],[24.8657,59.4434],[24.8649,59.4444],[24.8647,59.4447],[24.8647,59.4448],[24.8639,59.4458],[24.8637,59.446],[24.8636,59.4462],[24.8624,59.4477],[24.8621,59.4481],[24.862,59.4482],[24.8617,59.4486],[24.8613,59.4491],[24.8607,59.4499],[24.8604,59.4503],[24.8601,59.4506],[24.86,59.4508],[24.8592,59.4514],[24.859,59.4515],[24.8589,59.4516],[24.858,59.4513],[24.857,59.4512],[24.8576,59.4512],[24.8585,59.4513],[24.859,59.4515],[24.8591,59.4516],[24.8592,59.4519],[24.8593,59.4525]],[[26.3615,59.3477],[26.3613,59.3476],[26.3609,59.3475],[26.3603,59.3474],[26.3598,59.3472],[26.3595,59.347],[26.3593,59.3471],[26.3592,59.3471],[26.3591,59.347],[26.3592,59.347],[26.3595,59.347]],[[24.72,59.4273],[24.72,59.4272],[24.7194,59.4268],[24.7192,59.4266],[24.7189,59.4264],[24.7188,59.4263],[24.7186,59.4261],[24.7186,59.426],[24.7183,59.4258],[24.7178,59.4252],[24.7172,59.4244],[24.7158,59.4229],[24.7157,59.4228],[24.7153,59.4223],[24.7149,59.4219],[24.7144,59.4213],[24.7139,59.4207],[24.7134,59.4201],[24.7128,59.4195],[24.7127,59.4194],[24.7114,59.4179],[24.7113,59.4178],[24.711,59.4174],[24.7103,59.4164],[24.7094,59.4151],[24.7093,59.4151],[24.7092,59.4148],[24.7086,59.414],[24.7084,59.4138],[24.7079,59.413],[24.7078,59.4129],[24.7076,59.4127],[24.7071,59.4121],[24.7068,59.4117],[24.7067,59.4116],[24.7064,59.4113],[24.7063,59.4111],[24.7061,59.4108],[24.7056,59.4103],[24.7056,59.4102],[24.7054,59.41],[24.705,59.4095],[24.7049,59.4094],[24.7044,59.4088],[24.7037,59.4081],[24.7033,59.4076],[24.7027,59.407],[24.7022,59.4064],[24.7017,59.4059],[24.7013,59.4054],[24.7011,59.4052],[24.701,59.4051],[24.7009,59.405],[24.7008,59.4049],[24.7006,59.4046],[24.7005,59.4045],[24.7001,59.4041],[24.7,59.404],[24.6993,59.4035],[24.6982,59.4029],[24.6976,59.4025],[24.6972,59.4023],[24.697,59.4022],[24.696,59.4016],[24.6957,59.4015],[24.6951,59.4012],[24.695,59.4011],[24.6948,59.401],[24.6947,59.4009],[24.6946,59.4009],[24.6945,59.4008],[24.694,59.4006],[24.6935,59.4004],[24.6932,59.4004],[24.6927,59.4002],[24.6924,59.4001],[24.6905,59.3998],[24.6896,59.3997],[24.6887,59.3996],[24.6883,59.3995],[24.6881,59.3995],[24.6861,59.3993],[24.6846,59.3991],[24.6838,59.399],[24.6835,59.3989],[24.6836,59.3991]],[[25.9425,59.2574],[25.9426,59.2579]],[[25.9635,59.2634],[25.9633,59.2635],[25.9628,59.2641],[25.9627,59.2641],[25.9624,59.2644]],[[24.8293,59.4981],[24.829,59.4977],[24.8289,59.4976],[24.8287,59.4973],[24.8284,59.4968],[24.8281,59.4964],[24.8278,59.496],[24.8271,59.4952],[24.8271,59.495],[24.8276,59.4938],[24.8286,59.4928],[24.8291,59.4924],[24.8299,59.4919],[24.8317,59.4911],[24.8324,59.4908],[24.8325,59.4908],[24.8334,59.4904],[24.8356,59.4896],[24.8359,59.4895],[24.8367,59.4892],[24.8372,59.489],[24.8375,59.4888],[24.8385,59.4883],[24.839,59.488],[24.8409,59.487],[24.8418,59.4863],[24.8418,59.4862],[24.8418,59.4845],[24.8416,59.4846],[24.8418,59.4857],[24.8416,59.4862],[24.8402,59.4873],[24.8383,59.4882],[24.8371,59.4888],[24.837,59.4889],[24.8363,59.4892],[24.8358,59.4894],[24.8354,59.4896],[24.8347,59.4899],[24.8334,59.4904],[24.8323,59.4908],[24.8316,59.4911],[24.8298,59.4919],[24.8289,59.4924],[24.8285,59.4928],[24.8275,59.4937],[24.8269,59.4951],[24.827,59.4952],[24.8277,59.4961],[24.8282,59.4969],[24.8288,59.4976],[24.8289,59.4977],[24.8291,59.498],[24.8292,59.4981]],[[24.5499,58.3809],[24.5455,58.3822],[24.5374,58.3847],[24.5365,58.3851],[24.5362,58.3852],[24.5358,58.3854],[24.5357,58.3854],[24.5356,58.3855],[24.5355,58.3855],[24.5331,58.3862],[24.5321,58.3871],[24.532,58.3872],[24.5319,58.3874],[24.5311,58.3879],[24.5294,58.3886],[24.5291,58.3887],[24.5288,58.3888],[24.5255,58.3892],[24.5249,58.3894],[24.5216,58.3902],[24.5194,58.3907],[24.5171,58.3911],[24.5169,58.3912],[24.5147,58.3914],[24.5124,58.3916],[24.5109,58.3918],[24.5099,58.3919],[24.5095,58.392],[24.5094,58.3918],[24.5093,58.3917],[24.5092,58.3917],[24.5091,58.3914],[24.5091,58.3911],[24.5091,58.3899],[24.5091,58.389],[24.5093,58.3885],[24.5093,58.3882],[24.5093,58.388],[24.509,58.3875],[24.509,58.3874],[24.5087,58.3873],[24.5086,58.3872],[24.5082,58.3867],[24.5082,58.3865],[24.5082,58.3864],[24.5083,58.3862],[24.5085,58.3862],[24.5087,58.3861],[24.5105,58.386],[24.5107,58.386],[24.5115,58.386],[24.5123,58.386],[24.5125,58.3859],[24.5114,58.386],[24.5113,58.386],[24.5107,58.386],[24.5105,58.386],[24.5087,58.3861],[24.5085,58.3861],[24.5085,58.3862]],[[24.7634,59.4401],[24.7634,59.44],[24.7633,59.4399],[24.7633,59.4398],[24.7635,59.4396],[24.7638,59.4391],[24.7639,59.439],[24.7641,59.4387],[24.7645,59.4376],[24.7645,59.4375],[24.7647,59.4375],[24.7647,59.4376],[24.7643,59.4384],[24.7642,59.4386],[24.7642,59.4387],[24.764,59.439],[24.764,59.4392],[24.7638,59.4395],[24.7636,59.4399],[24.7635,59.4399],[24.7636,59.44],[24.7636,59.4402]],[[26.3349,59.3589],[26.335,59.3581],[26.3349,59.3578]],[[22.4561,58.2459],[22.4563,58.246],[22.4564,58.2461],[22.4577,58.2465],[22.4587,58.2466],[22.4595,58.2466],[22.4604,58.2466],[22.4624,58.2465],[22.4626,58.2465],[22.463,58.2465],[22.4639,58.2464],[22.4638,58.2466],[22.463,58.2465]],[[24.7279,59.4293],[24.7282,59.4293],[24.7285,59.4294],[24.7295,59.4296],[24.7303,59.4299],[24.7304,59.4299],[24.7305,59.4299],[24.7314,59.4301],[24.7318,59.4302],[24.733,59.4305],[24.7348,59.4309],[24.7349,59.431],[24.7354,59.4311],[24.7366,59.4314],[24.7367,59.4314],[24.7373,59.4316],[24.7374,59.4317],[24.7371,59.4317],[24.7363,59.432],[24.7359,59.4321],[24.7353,59.4323],[24.7349,59.4326],[24.7348,59.4327],[24.7341,59.4335],[24.7329,59.4348],[24.7329,59.4349],[24.7328,59.4352],[24.7327,59.4354],[24.7326,59.4362],[24.7328,59.4365],[24.7329,59.4366],[24.7335,59.4373],[24.7343,59.4381],[24.7352,59.4387],[24.7362,59.4392],[24.737,59.4395],[24.7372,59.4395],[24.7373,59.4395],[24.7386,59.44],[24.7387,59.44],[24.7389,59.4401],[24.7392,59.4403],[24.7397,59.4404],[24.7405,59.4407],[24.7408,59.4408],[24.7437,59.442],[24.7435,59.4422],[24.7434,59.4423],[24.7425,59.4427],[24.7424,59.4427],[24.7427,59.443],[24.7431,59.4435],[24.7432,59.4435],[24.7434,59.4438],[24.7439,59.4443],[24.744,59.4445],[24.7441,59.4446],[24.7443,59.4445],[24.7445,59.4445],[24.7465,59.4443],[24.7476,59.4442],[24.7478,59.4442],[24.748,59.4442],[24.7487,59.4441],[24.7493,59.444],[24.7498,59.444],[24.7516,59.4437],[24.7518,59.4437],[24.7525,59.4437],[24.7529,59.4436],[24.7524,59.4435],[24.7518,59.4432],[24.7517,59.4431],[24.7516,59.443],[24.751,59.4433],[24.7507,59.4434],[24.7504,59.4435],[24.7501,59.4435],[24.7497,59.4436],[24.7495,59.4434],[24.7493,59.4429],[24.7471,59.4423],[24.746,59.442],[24.7457,59.442],[24.7454,59.442],[24.7443,59.4421],[24.7439,59.4419],[24.7438,59.4419],[24.7429,59.4416],[24.7408,59.4408],[24.7399,59.4404],[24.7393,59.4402],[24.7391,59.4401],[24.739,59.44],[24.7387,59.4399],[24.7382,59.4397],[24.7377,59.4396],[24.7374,59.4395],[24.7372,59.4394],[24.737,59.4394],[24.7366,59.4392],[24.7363,59.4391],[24.7351,59.4386],[24.7344,59.4381],[24.7337,59.4374],[24.7336,59.4372],[24.7331,59.4367],[24.733,59.4366],[24.7329,59.4365],[24.7328,59.4363],[24.7327,59.4362],[24.7328,59.4356],[24.7329,59.4351],[24.733,59.4349]],[[28.191,59.3808],[28.191,59.3809],[28.1906,59.3838],[28.1903,59.3844],[28.1899,59.3851],[28.1898,59.3852],[28.1892,59.3862],[28.1888,59.387],[28.1882,59.3876],[28.188,59.3878],[28.1878,59.388],[28.1871,59.3886],[28.1867,59.3891],[28.1863,59.3895],[28.186,59.3899],[28.1857,59.3902],[28.1855,59.3904],[28.1855,59.3905],[28.185,59.391],[28.1849,59.391],[28.1842,59.3918],[28.184,59.392],[28.1827,59.3933],[28.1826,59.3934],[28.1821,59.3936],[28.1819,59.3937],[28.1813,59.3939],[28.1807,59.394],[28.1802,59.394],[28.1787,59.3937],[28.1785,59.3937],[28.1784,59.3936],[28.1766,59.3932],[28.1762,59.3931],[28.176,59.393],[28.1744,59.3927],[28.1734,59.3924],[28.1732,59.3923],[28.1728,59.3922],[28.1725,59.3921],[28.1717,59.3919],[28.1712,59.3917],[28.171,59.3917],[28.1709,59.3917],[28.1705,59.3916],[28.1709,59.3916],[28.1711,59.3913],[28.1716,59.3909],[28.1717,59.3908],[28.1723,59.3902],[28.1732,59.3892],[28.1733,59.3891],[28.1735,59.3889],[28.1748,59.3876],[28.1749,59.3874],[28.1753,59.387],[28.1754,59.3868],[28.1756,59.3867],[28.1758,59.3864],[28.1763,59.3859],[28.1766,59.3857],[28.1767,59.3855],[28.1777,59.3844],[28.1787,59.3834],[28.179,59.3831],[28.1795,59.3832],[28.1781,59.3843],[28.1779,59.3845],[28.1772,59.3852],[28.1769,59.3856],[28.1768,59.3857],[28.1761,59.3867],[28.176,59.3869],[28.1759,59.3869],[28.1757,59.3871],[28.1752,59.3877],[28.1747,59.3881],[28.1737,59.3889],[28.1735,59.3891],[28.1734,59.3892],[28.1718,59.3909],[28.1716,59.391],[28.1711,59.3916],[28.171,59.3917],[28.1709,59.3917],[28.1707,59.3917],[28.1702,59.3916],[28.1705,59.3916]],[[24.9815,59.451],[24.9811,59.4504],[24.9799,59.4494],[24.9781,59.4492],[24.9771,59.4494]],[[24.7645,59.4373],[24.7645,59.4375]],[[24.7901,59.4424],[24.7897,59.4423],[24.7893,59.442],[24.7887,59.4417],[24.7874,59.4412],[24.7872,59.4411],[24.7862,59.4408],[24.7856,59.4406],[24.7855,59.4405],[24.7852,59.4404],[24.7847,59.4403],[24.7837,59.4401],[24.7821,59.4397],[24.7805,59.4395],[24.7802,59.4395],[24.78,59.4395],[24.7758,59.439],[24.7752,59.4389],[24.7751,59.4389],[24.7749,59.4389],[24.7744,59.4389],[24.7737,59.4388],[24.7733,59.4387],[24.7732,59.4387],[24.7718,59.4385],[24.7714,59.4384],[24.7711,59.4384],[24.7703,59.4383],[24.7698,59.4382],[24.7683,59.4379],[24.7681,59.4379],[24.7671,59.4378],[24.7663,59.4376],[24.7653,59.4375],[24.7649,59.4374],[24.7647,59.4374],[24.7647,59.4375],[24.7649,59.4375],[24.7672,59.4379],[24.7681,59.438],[24.7683,59.438],[24.7713,59.4385],[24.7747,59.439],[24.7749,59.439],[24.7751,59.439],[24.7753,59.4391],[24.7767,59.4392],[24.7777,59.4393],[24.7783,59.4394],[24.7788,59.4394],[24.7789,59.4394],[24.7796,59.4395],[24.78,59.4395],[24.7805,59.4396],[24.7821,59.4398],[24.785,59.4405],[24.7854,59.4406],[24.7884,59.4417],[24.7895,59.4424],[24.7897,59.4425],[24.7907,59.4426]],[[24.7248,59.3938],[24.7249,59.3937],[24.7252,59.3936],[24.7255,59.3934]],[[24.7306,59.4287],[24.7308,59.4288],[24.7309,59.4288],[24.7311,59.4288],[24.7321,59.4289],[24.7332,59.4292],[24.7341,59.4294],[24.7345,59.4295],[24.7351,59.4297],[24.7352,59.4297],[24.7353,59.4298],[24.7362,59.4301],[24.7368,59.4304],[24.7373,59.4305],[24.7386,59.431],[24.7388,59.4311],[24.7388,59.4312],[24.7387,59.4312],[24.7381,59.4314],[24.7379,59.4315],[24.7377,59.4316],[24.7374,59.4317],[24.7375,59.4318],[24.7376,59.4319],[24.7378,59.432]],[[24.7202,59.4276],[24.7202,59.4278],[24.7201,59.4283],[24.72,59.4285],[24.7198,59.4287],[24.7197,59.4288],[24.7195,59.429],[24.7194,59.4292],[24.7193,59.4292],[24.7192,59.4294],[24.7189,59.4298],[24.7188,59.4299],[24.7185,59.4304],[24.7184,59.4305],[24.7181,59.4309],[24.718,59.431],[24.718,59.4311],[24.7176,59.4316],[24.7173,59.4318],[24.7172,59.4319],[24.7171,59.432],[24.7168,59.4323],[24.7164,59.4325],[24.7164,59.4326],[24.7163,59.4326],[24.7161,59.4327],[24.7158,59.4329],[24.715,59.4332],[24.7143,59.4336],[24.7135,59.4343],[24.7128,59.4349],[24.7119,59.4357],[24.7117,59.4358],[24.711,59.4365],[24.7101,59.4373],[24.7097,59.4377],[24.7092,59.4381],[24.7088,59.4385],[24.7079,59.4395],[24.7077,59.4396],[24.7076,59.4397],[24.7072,59.4401],[24.707,59.4403],[24.7066,59.4407],[24.7064,59.4409],[24.7063,59.441],[24.7049,59.4424],[24.7043,59.4429],[24.7026,59.4446],[24.7023,59.4448],[24.7022,59.4449],[24.7016,59.4456],[24.7008,59.4462],[24.7008,59.4463],[24.7007,59.4464],[24.7004,59.4466],[24.7003,59.4468],[24.6999,59.4472],[24.6996,59.4475],[24.6992,59.4479],[24.6988,59.4483],[24.6982,59.4489],[24.6981,59.4489],[24.698,59.4491],[24.6972,59.4496],[24.6971,59.4497],[24.6965,59.4502],[24.6963,59.4502],[24.6957,59.4507],[24.6951,59.4511],[24.6948,59.4513],[24.6937,59.4521],[24.6936,59.4522],[24.6934,59.4523],[24.6932,59.4524],[24.693,59.4526],[24.6923,59.4531],[24.6919,59.4534],[24.6918,59.4534],[24.6915,59.4537],[24.6911,59.4539],[24.6906,59.4543],[24.6904,59.4544],[24.69,59.4547],[24.69,59.455],[24.6901,59.4548],[24.6901,59.4547],[24.6907,59.4543],[24.6912,59.4539],[24.6915,59.4537],[24.6919,59.4534],[24.6924,59.4531],[24.6931,59.4526],[24.6935,59.4523],[24.6937,59.4522],[24.6938,59.4521],[24.6949,59.4513],[24.6952,59.4511],[24.6958,59.4507],[24.6964,59.4503],[24.6972,59.4497],[24.6973,59.4497],[24.6981,59.4491],[24.6982,59.449],[24.6989,59.4483],[24.6991,59.4482],[24.6993,59.4479],[24.7001,59.4472],[24.7005,59.4468],[24.7006,59.4467],[24.7008,59.4465],[24.7009,59.4464],[24.701,59.4463],[24.7016,59.4457],[24.7017,59.4456],[24.7023,59.445],[24.7025,59.4449],[24.7027,59.4446],[24.7044,59.443],[24.7064,59.441],[24.7071,59.4403],[24.7077,59.4398],[24.7079,59.4397],[24.708,59.4395],[24.7084,59.4391],[24.709,59.4386],[24.709,59.4385],[24.7094,59.4382],[24.7098,59.4378],[24.7099,59.4377],[24.7103,59.4373],[24.7111,59.4365],[24.7119,59.4358],[24.712,59.4357],[24.7136,59.4344],[24.7145,59.4337],[24.7147,59.4335],[24.7152,59.4333],[24.7159,59.4329],[24.716,59.4329],[24.7162,59.4327],[24.7163,59.4326]],[[24.819,59.4463],[24.8191,59.4464],[24.8193,59.4464],[24.8206,59.4468],[24.8213,59.4469],[24.8221,59.4471],[24.8232,59.4473],[24.8235,59.4475],[24.8238,59.4476],[24.8239,59.4474],[24.8236,59.4474],[24.8232,59.4473]],[[26.3571,59.3514],[26.3572,59.3514],[26.3582,59.3517],[26.3583,59.3518],[26.3587,59.3519],[26.3592,59.3521],[26.3592,59.352],[26.3594,59.3518],[26.3596,59.3517],[26.3601,59.3513],[26.3613,59.3503],[26.3625,59.3493]],[[26.7261,58.3864],[26.7257,58.3864],[26.7256,58.3864],[26.7253,58.3863],[26.7243,58.3855],[26.7235,58.3848],[26.7234,58.3847],[26.7233,58.3844]],[[26.3227,59.3801],[26.3228,59.3799]],[[26.0289,57.7809],[26.0272,57.7802],[26.0269,57.78],[26.0269,57.7799],[26.0268,57.7798],[26.0268,57.7797],[26.0268,57.7795],[26.0268,57.7794],[26.0268,57.7791],[26.0268,57.7787],[26.0267,57.7787],[26.0262,57.7785],[26.0259,57.7783],[26.0252,57.7779],[26.0247,57.7777],[26.0246,57.7776],[26.0244,57.7775],[26.0243,57.7774]],[[24.4483,58.3969],[24.4486,58.3972],[24.4479,58.397]],[[24.4326,59.3119],[24.4325,59.3117],[24.4325,59.3116],[24.4322,59.3112],[24.432,59.3111],[24.4319,59.311],[24.4318,59.3109],[24.4313,59.3106],[24.4307,59.3103],[24.4298,59.31],[24.4286,59.3096],[24.4283,59.3095],[24.4279,59.3094],[24.4278,59.3093],[24.4276,59.3093],[24.4272,59.3091],[24.4265,59.3089],[24.4263,59.3088],[24.4261,59.3086],[24.426,59.3084],[24.426,59.3083],[24.426,59.3082],[24.4258,59.3081],[24.4256,59.3082],[24.4254,59.3083],[24.4251,59.3083],[24.4249,59.3083],[24.4251,59.3083],[24.4254,59.3083],[24.4257,59.3083],[24.4256,59.3082]],[[28.1804,59.4008],[28.1802,59.4007],[28.1798,59.4005],[28.1769,59.3992],[28.1765,59.399],[28.1761,59.3987],[28.1758,59.3986],[28.176,59.3986],[28.1761,59.3987]],[[24.7229,59.3922],[24.7226,59.3922],[24.7225,59.3922],[24.7223,59.3923],[24.722,59.3923]],[[24.63,59.3606],[24.6298,59.3611],[24.6296,59.3614],[24.6296,59.3616],[24.6294,59.3622],[24.6293,59.3623],[24.629,59.3631],[24.6289,59.3636],[24.6291,59.3639],[24.6296,59.3641],[24.6295,59.3642],[24.6294,59.3643],[24.6293,59.3642],[24.6291,59.3639]],[[24.6298,59.3607],[24.6296,59.3614]],[[24.7458,59.4329],[24.7456,59.4329],[24.7452,59.4329],[24.7445,59.4329],[24.7436,59.4328],[24.7435,59.4328],[24.7434,59.4328],[24.7432,59.4327],[24.7431,59.4327],[24.7403,59.4319],[24.7401,59.4319],[24.7392,59.4314],[24.7389,59.4312],[24.7388,59.4312]],[[22.4852,58.2529],[22.4851,58.2527],[22.485,58.2525],[22.4847,58.2522],[22.4845,58.252],[22.484,58.2515],[22.4837,58.2511],[22.4831,58.2505],[22.4829,58.2503],[22.4819,58.2497],[22.4817,58.2496],[22.4815,58.2496],[22.4806,58.2499],[22.4798,58.2501],[22.479,58.2498],[22.4782,58.2494],[22.4778,58.2491],[22.4774,58.2488],[22.4755,58.2481],[22.4748,58.2479],[22.4739,58.2485],[22.4737,58.2484],[22.4731,58.2482],[22.4708,58.2474],[22.4704,58.2474],[22.4672,58.2465],[22.467,58.2464],[22.4667,58.2464],[22.4665,58.2464],[22.4661,58.2463],[22.466,58.2463],[22.4653,58.2463],[22.4646,58.2464],[22.4641,58.2465],[22.464,58.2464],[22.4646,58.2464]],[[24.8853,59.4915],[24.8849,59.4915],[24.8844,59.4914],[24.884,59.4914],[24.8835,59.4913],[24.8834,59.4913],[24.8832,59.4913],[24.8828,59.4913],[24.8824,59.4912],[24.8822,59.4912],[24.8816,59.4911],[24.8804,59.491],[24.8801,59.491],[24.8799,59.4911],[24.8796,59.4914],[24.8795,59.4916],[24.8794,59.4918],[24.8793,59.492],[24.8792,59.4922],[24.8791,59.4923],[24.879,59.4924],[24.8789,59.4926],[24.8786,59.4929]],[[24.8352,59.4291],[24.8353,59.429],[24.8355,59.4288],[24.8363,59.4282],[24.8364,59.4281],[24.8369,59.4278],[24.8366,59.4282],[24.8365,59.4283],[24.8359,59.4288],[24.8356,59.4291],[24.8355,59.4292]],[[24.8192,59.4463],[24.8194,59.4463],[24.8197,59.4464],[24.8218,59.447],[24.8221,59.4471]],[[24.4636,58.3974],[24.4629,58.3973],[24.4623,58.3972]],[[24.746,59.4329],[24.7461,59.4329],[24.7463,59.4329],[24.7474,59.4328],[24.748,59.4328],[24.7482,59.4329],[24.7504,59.434],[24.7505,59.434],[24.7511,59.4342],[24.7517,59.4344],[24.752,59.4346],[24.7522,59.4346],[24.7523,59.4347],[24.7527,59.4348],[24.7539,59.4353],[24.7541,59.4353],[24.7542,59.4354],[24.7552,59.4354],[24.7558,59.4354],[24.756,59.4354],[24.7563,59.4354],[24.7568,59.4355],[24.7572,59.4355],[24.7575,59.4355],[24.7576,59.4355],[24.7578,59.4355],[24.758,59.4355],[24.7594,59.4353],[24.76,59.4352],[24.7604,59.4352],[24.7606,59.4351],[24.7611,59.4351],[24.7616,59.435],[24.7622,59.435],[24.7627,59.4349],[24.7632,59.4349]],[[27.4169,59.3543],[27.4179,59.3546],[27.4188,59.3548],[27.4193,59.3548],[27.42,59.3549],[27.4211,59.355],[27.4212,59.355],[27.4214,59.3551],[27.4216,59.3551],[27.4221,59.355],[27.4229,59.3548],[27.4235,59.3547],[27.4236,59.3546],[27.4238,59.3546],[27.4254,59.3541],[27.4265,59.3538],[27.4267,59.3537],[27.4275,59.3535],[27.428,59.3533],[27.4292,59.3529],[27.4307,59.3524],[27.431,59.3521],[27.4311,59.352],[27.4314,59.3518],[27.4317,59.3514],[27.4319,59.3513],[27.4321,59.3511],[27.4326,59.3506],[27.4332,59.3501],[27.4335,59.3498],[27.4335,59.3497],[27.4341,59.3491],[27.4342,59.349],[27.4371,59.3465],[27.4373,59.3464]],[[27.0735,59.403],[27.0715,59.4023],[27.0692,59.4013],[27.0653,59.3997],[27.0644,59.3991],[27.0617,59.3963],[27.0596,59.3941],[27.0592,59.3931],[27.0592,59.3916],[27.0598,59.3898],[27.0599,59.3895],[27.0613,59.3852],[27.0606,59.3828],[27.0606,59.3827],[27.06,59.3819],[27.0573,59.3797],[27.0552,59.378],[27.0546,59.3777],[27.0528,59.3766],[27.0508,59.3757],[27.0487,59.375]],[[27.0127,57.8266],[27.0122,57.8268],[27.012,57.8269],[27.012,57.8271],[27.0122,57.8269]],[[26.723,58.374],[26.7229,58.3735],[26.7229,58.3731],[26.7227,58.3728],[26.7226,58.3726],[26.7223,58.3722],[26.7222,58.3721],[26.7219,58.3716],[26.7218,58.3713],[26.7218,58.3712],[26.7217,58.3711],[26.7217,58.371],[26.7216,58.3706],[26.7216,58.3704],[26.7215,58.3703],[26.7215,58.3701],[26.7215,58.37],[26.7215,58.3696],[26.7215,58.3693],[26.7215,58.3692],[26.7214,58.3687],[26.7214,58.3684],[26.7213,58.3682],[26.7213,58.368],[26.7213,58.3676],[26.7213,58.3675],[26.7213,58.3673],[26.7213,58.3672],[26.7213,58.3668],[26.7213,58.3667],[26.7213,58.3666],[26.7214,58.3664],[26.7214,58.3663],[26.7214,58.366],[26.7214,58.3659],[26.7214,58.3658],[26.7214,58.3655],[26.7214,58.3653],[26.7214,58.3651],[26.7212,58.3646],[26.7211,58.364],[26.721,58.3639],[26.721,58.3637],[26.721,58.3635],[26.721,58.3633],[26.7211,58.3627],[26.7212,58.3615],[26.7213,58.3611],[26.7213,58.3605],[26.7213,58.3602],[26.7214,58.3599],[26.7214,58.3598],[26.7216,58.3588],[26.7217,58.3587],[26.722,58.3581],[26.7222,58.3577],[26.7222,58.3573],[26.7222,58.3572],[26.722,58.3565],[26.722,58.3564],[26.7219,58.356],[26.7219,58.3559],[26.7218,58.3558],[26.7217,58.3555],[26.7217,58.3554],[26.7217,58.3553],[26.7216,58.3552],[26.7215,58.3549],[26.7214,58.3548],[26.7213,58.3547],[26.7212,58.3546],[26.7213,58.3547],[26.7214,58.3551],[26.7214,58.3552],[26.7215,58.3553],[26.7215,58.3554],[26.7215,58.3555],[26.7217,58.3559],[26.7217,58.3562],[26.7218,58.3564],[26.722,58.3572],[26.7221,58.3573],[26.7222,58.3577]],[[24.5544,58.3755],[24.5542,58.3751],[24.5538,58.3747],[24.5537,58.3745],[24.5532,58.3741],[24.5529,58.3739],[24.5527,58.3736],[24.5525,58.3735],[24.5524,58.3734],[24.5523,58.3733],[24.5515,58.3726],[24.5508,58.3722],[24.5506,58.3721],[24.5501,58.3718],[24.5493,58.3713],[24.5491,58.3711],[24.5484,58.3707],[24.5482,58.3706],[24.548,58.3705],[24.5476,58.3703],[24.5475,58.3702],[24.5474,58.3701],[24.5475,58.3701],[24.5476,58.3702],[24.5478,58.3702],[24.5481,58.3704],[24.5483,58.3705],[24.5492,58.3711],[24.5495,58.3712],[24.5507,58.3721],[24.5509,58.3722],[24.5516,58.3726],[24.5517,58.3727],[24.5525,58.3733],[24.5527,58.3734],[24.5529,58.3736],[24.5532,58.3738],[24.5535,58.3741],[24.5543,58.3745],[24.5545,58.3747]],[[24.5696,58.3599],[24.5686,58.3602],[24.5684,58.3602],[24.5683,58.3602],[24.5667,58.3605],[24.565,58.3608],[24.564,58.3614],[24.563,58.3619],[24.5618,58.3626],[24.5617,58.3627],[24.561,58.363],[24.5602,58.3635],[24.5601,58.3636],[24.5594,58.3639],[24.5583,58.3645],[24.5564,58.3655],[24.5562,58.3656],[24.5537,58.367],[24.5516,58.3681],[24.5505,58.3687],[24.5503,58.3688],[24.5501,58.3689],[24.5496,58.3691],[24.5495,58.3692],[24.5493,58.3693],[24.5481,58.3699],[24.5478,58.3701],[24.5476,58.3702],[24.5475,58.3702],[24.5474,58.3703],[24.5471,58.3704],[24.5461,58.3709],[24.5444,58.3717],[24.5423,58.3728],[24.5414,58.3732],[24.5412,58.3734],[24.541,58.3735],[24.5409,58.3736],[24.5407,58.3736],[24.5391,58.3744],[24.5389,58.3745],[24.5367,58.3756],[24.5358,58.3761],[24.5356,58.3762],[24.5352,58.3763],[24.5342,58.3767],[24.5324,58.3775],[24.5318,58.3777],[24.5315,58.3778],[24.5314,58.3779],[24.5313,58.3779],[24.5311,58.378],[24.5308,58.3781],[24.5291,58.3787],[24.5284,58.379],[24.5265,58.3798],[24.5264,58.3798],[24.5254,58.3802],[24.5229,58.3812],[24.5227,58.3813],[24.5226,58.3813],[24.5218,58.3817],[24.5217,58.3817],[24.5207,58.3821],[24.5195,58.3824],[24.5191,58.3825],[24.5176,58.383],[24.5166,58.3835],[24.5161,58.3838],[24.516,58.3839],[24.5159,58.3839],[24.5158,58.384],[24.5156,58.3841],[24.5146,58.3847],[24.514,58.3851],[24.5139,58.3851],[24.5138,58.3851],[24.5136,58.3853],[24.5125,58.3859]],[[24.86,59.4339],[24.8596,59.4344],[24.8595,59.4346],[24.8594,59.4347],[24.8588,59.4354],[24.8587,59.4355],[24.8582,59.4362],[24.858,59.4364],[24.8579,59.4366],[24.8576,59.4369],[24.8568,59.438],[24.8566,59.4382],[24.8565,59.4382],[24.8563,59.4381],[24.8546,59.4378],[24.8534,59.4375],[24.8526,59.4374],[24.8524,59.4373],[24.8523,59.4373],[24.8509,59.437],[24.8502,59.4369],[24.8491,59.4368],[24.8479,59.4366],[24.8472,59.4365],[24.8469,59.4364],[24.8465,59.4364],[24.8457,59.4362],[24.8454,59.4362],[24.8445,59.4361],[24.8441,59.436],[24.844,59.436],[24.8431,59.4358],[24.8422,59.4357],[24.8402,59.4354],[24.8395,59.4353],[24.8372,59.435],[24.8371,59.4349],[24.8368,59.4349],[24.8357,59.4347],[24.8349,59.4346],[24.8337,59.4344],[24.8334,59.4344],[24.8332,59.4344],[24.8323,59.4342],[24.8321,59.4342],[24.8319,59.4341],[24.8313,59.434],[24.8311,59.434],[24.8309,59.434],[24.8308,59.4339],[24.8305,59.4339],[24.8296,59.4337],[24.8301,59.4338],[24.8308,59.4339],[24.831,59.4339],[24.8312,59.4339],[24.8313,59.434],[24.8316,59.434],[24.832,59.4341],[24.8333,59.4343],[24.8338,59.4343],[24.8348,59.4345],[24.8358,59.4346],[24.8369,59.4348],[24.8372,59.4349],[24.8373,59.4349],[24.838,59.435],[24.8395,59.4352],[24.8402,59.4353],[24.8422,59.4356],[24.8431,59.4358],[24.844,59.4359],[24.8442,59.4359],[24.8445,59.436],[24.8454,59.4361],[24.8457,59.4362],[24.8466,59.4363],[24.8469,59.4363],[24.8473,59.4364],[24.848,59.4365],[24.8492,59.4367],[24.8502,59.4369],[24.8509,59.437],[24.8523,59.4372],[24.8525,59.4372],[24.8527,59.4373],[24.853,59.4374],[24.8534,59.4374],[24.8547,59.4377],[24.8553,59.4378],[24.8564,59.4381],[24.8565,59.4381],[24.8566,59.4382]],[[24.7706,59.4222],[24.7705,59.4219],[24.7705,59.4217],[24.7706,59.4216],[24.7706,59.4215],[24.7707,59.4214],[24.7706,59.4213],[24.7702,59.4212],[24.7699,59.4212],[24.7697,59.4212],[24.7694,59.4212],[24.7682,59.4211],[24.7656,59.421],[24.7654,59.421],[24.7646,59.421],[24.7636,59.4211],[24.7634,59.4211],[24.7622,59.421],[24.7614,59.4207],[24.7589,59.4199],[24.7579,59.4197],[24.7572,59.4196],[24.7569,59.4195],[24.7563,59.4194],[24.7548,59.4192],[24.7531,59.419],[24.752,59.4186],[24.7515,59.4186],[24.7514,59.4186],[24.7513,59.4189],[24.75,59.4183],[24.7488,59.4181],[24.7514,59.4186]],[[24.6565,59.4157],[24.6564,59.4157],[24.656,59.4156],[24.6555,59.4155],[24.6551,59.4154],[24.6545,59.4156],[24.6542,59.4158],[24.6541,59.4158],[24.6532,59.4165],[24.6524,59.4172],[24.6521,59.4175],[24.6516,59.4178],[24.651,59.4182],[24.6508,59.4183],[24.6504,59.4186],[24.6502,59.4187],[24.6494,59.419],[24.6484,59.4193],[24.6477,59.4194],[24.6475,59.4195],[24.6468,59.4198],[24.6468,59.42]],[[26.7092,58.3443],[26.7101,58.3436],[26.7113,58.3437],[26.7116,58.3437],[26.713,58.3438],[26.7136,58.3438],[26.7149,58.3437],[26.7173,58.3436],[26.7183,58.3435],[26.7189,58.3435],[26.7197,58.3434],[26.7206,58.3433],[26.7211,58.3433],[26.7247,58.343],[26.725,58.343],[26.7275,58.343],[26.7303,58.343],[26.7307,58.343],[26.731,58.343],[26.7313,58.343],[26.7325,58.343],[26.7341,58.343],[26.7349,58.343],[26.7361,58.343],[26.7382,58.343],[26.7387,58.343],[26.7398,58.343],[26.7404,58.343],[26.7408,58.3431],[26.741,58.3432],[26.7415,58.3431],[26.7416,58.343],[26.7434,58.3429],[26.7471,58.3427],[26.75,58.3429],[26.7528,58.3432],[26.7482,58.3427],[26.7423,58.3428],[26.7413,58.3428],[26.7409,58.3428],[26.7408,58.3429],[26.7404,58.3429],[26.7389,58.3429],[26.737,58.3429],[26.7356,58.3429],[26.7338,58.3429],[26.7329,58.3428],[26.7313,58.3428],[26.731,58.3428],[26.7292,58.3428],[26.7284,58.3428],[26.7256,58.3429],[26.725,58.3429],[26.7247,58.3429],[26.723,58.343],[26.7216,58.3431],[26.718,58.3434],[26.7156,58.3436],[26.7144,58.3437],[26.7135,58.3437],[26.713,58.3437],[26.7123,58.3437],[26.7115,58.3437],[26.7102,58.3435],[26.7084,58.3436],[26.7065,58.3445],[26.7055,58.3448],[26.7039,58.3448]],[[24.4933,58.409],[24.4933,58.4089],[24.4933,58.4088],[24.4933,58.4085],[24.4933,58.4084],[24.4932,58.4081],[24.4932,58.4078],[24.4932,58.4073],[24.4932,58.4069],[24.4932,58.4067],[24.4931,58.4066],[24.4932,58.4062],[24.4933,58.4066],[24.4933,58.4067],[24.4934,58.4069],[24.4934,58.4072],[24.4934,58.4073],[24.4934,58.4076],[24.4934,58.4079],[24.4935,58.408],[24.4935,58.4081],[24.4935,58.4082],[24.4935,58.4083],[24.4935,58.4086],[24.4936,58.4089],[24.4936,58.409]],[[24.5683,58.3601],[24.5677,58.3602],[24.5666,58.3604],[24.5649,58.3608],[24.5639,58.3613],[24.5629,58.3619],[24.5617,58.3625],[24.5616,58.3626],[24.5609,58.363],[24.5606,58.3631],[24.56,58.3635],[24.5593,58.3638],[24.5582,58.3644],[24.5563,58.3655],[24.5561,58.3656],[24.5536,58.3669],[24.5514,58.368],[24.5507,58.3684],[24.5504,58.3686],[24.5502,58.3687],[24.5495,58.369],[24.5493,58.3692],[24.5479,58.3699],[24.5476,58.37],[24.5475,58.3701]],[[25.5981,58.3684],[25.598,58.3682]],[[28.1608,59.3838],[28.161,59.384],[28.1614,59.3843],[28.1617,59.3848],[28.1623,59.3854],[28.1625,59.3857],[28.1634,59.3867],[28.1638,59.3871],[28.164,59.3873],[28.1642,59.3876],[28.1645,59.3879],[28.165,59.3885],[28.1651,59.3885],[28.1651,59.3886],[28.1658,59.3893],[28.1667,59.39],[28.1669,59.3902],[28.1675,59.3906],[28.1682,59.3909],[28.1685,59.3911],[28.169,59.3912],[28.1693,59.3913],[28.1702,59.3916]],[[24.4329,59.3118],[24.4327,59.3117],[24.4325,59.3116]],[[24.6496,59.4211],[24.6494,59.421],[24.6486,59.4207],[24.6478,59.4206],[24.6476,59.4205],[24.6473,59.4205],[24.6466,59.4203],[24.6463,59.4203]],[[26.9767,57.8572],[26.9775,57.8568],[26.9783,57.8564],[26.9785,57.8563],[26.9834,57.8538],[26.9836,57.8537],[26.9837,57.8536],[26.9842,57.8534],[26.9859,57.8525],[26.986,57.8525],[26.9874,57.8518],[26.9895,57.8507],[26.9906,57.8501],[26.9914,57.8497],[26.9927,57.8491],[26.9933,57.8488],[26.9941,57.8484],[26.9948,57.848],[26.9949,57.8479],[26.995,57.8479],[26.9957,57.8475],[26.9955,57.8474],[26.9948,57.8469],[26.9942,57.8465],[26.9932,57.8459],[26.9931,57.8458],[26.9937,57.8455],[26.9938,57.8455],[26.9942,57.8453],[26.9955,57.8446],[26.9959,57.8445],[26.9988,57.843],[26.9992,57.8428],[27.0017,57.8415],[27.0019,57.8412],[27.0021,57.8407],[27.0022,57.8405],[27.0025,57.8395],[27.0026,57.8392],[27.0032,57.8375],[27.0037,57.8358],[27.0039,57.8356],[27.0053,57.8343],[27.0059,57.8337],[27.0067,57.8329],[27.0068,57.8328],[27.0073,57.8324],[27.0092,57.8309],[27.0093,57.8308],[27.0096,57.8306],[27.0097,57.8304],[27.0099,57.8303],[27.0099,57.8302],[27.0106,57.8292],[27.0107,57.8291],[27.0115,57.8279],[27.0115,57.8278],[27.012,57.8271]],[[22.4815,58.2629],[22.4817,58.2628],[22.4828,58.2625],[22.4831,58.2623],[22.4835,58.2622],[22.4836,58.2621],[22.4838,58.2622],[22.4836,58.2623],[22.4832,58.2624],[22.4828,58.2625]],[[22.4995,58.2587],[22.4992,58.2588],[22.4987,58.2589],[22.4991,58.2588],[22.4992,58.2587]],[[24.9818,59.4511],[24.9814,59.4505],[24.9809,59.4499],[24.9795,59.4491],[24.9785,59.449]],[[24.9815,59.4802],[24.9813,59.4801],[24.9807,59.4801],[24.977,59.4797],[24.9722,59.4797],[24.9714,59.4797],[24.9701,59.4799],[24.9685,59.4803],[24.9676,59.4797],[24.9674,59.4796],[24.9662,59.4796],[24.9646,59.4798],[24.9628,59.48],[24.9618,59.4801],[24.9577,59.4806],[24.956,59.4807],[24.9553,59.4808],[24.9549,59.4809],[24.9546,59.4809],[24.9508,59.4814],[24.95,59.4815],[24.9496,59.4816],[24.949,59.4816],[24.9466,59.4818],[24.9452,59.4817],[24.9451,59.4816],[24.9447,59.4816],[24.9433,59.4812],[24.9419,59.4817],[24.9411,59.482],[24.94,59.4823],[24.9398,59.4823],[24.9395,59.4823],[24.9371,59.482],[24.9352,59.4818],[24.9351,59.4817],[24.933,59.4815],[24.9329,59.4814],[24.9326,59.4814],[24.9312,59.4812],[24.9294,59.4809],[24.9292,59.4809],[24.9289,59.4808],[24.9273,59.4799],[24.9271,59.4799],[24.9248,59.4793],[24.923,59.4787],[24.9212,59.4778],[24.9202,59.4773],[24.92,59.4772],[24.9194,59.4769],[24.9191,59.4768],[24.9186,59.4766],[24.9185,59.4765],[24.9184,59.4765],[24.9182,59.4763],[24.9179,59.4762],[24.9168,59.4757],[24.9161,59.4751],[24.9159,59.4749],[24.9156,59.4745],[24.9152,59.4741],[24.915,59.4739],[24.9148,59.4738],[24.9129,59.4731],[24.9127,59.473],[24.9119,59.4728],[24.911,59.4724],[24.9099,59.471],[24.909,59.4697],[24.9088,59.4695],[24.9082,59.4686],[24.9081,59.4685],[24.9076,59.468],[24.9051,59.4674],[24.9044,59.4674],[24.9041,59.4673],[24.9042,59.4663],[24.9042,59.4662],[24.9041,59.4659],[24.904,59.465],[24.9038,59.4644],[24.9037,59.4631],[24.9039,59.4627],[24.9043,59.4624],[24.904,59.4624],[24.904,59.4622],[24.9043,59.462],[24.9044,59.4619],[24.9046,59.4617],[24.9047,59.4615],[24.9051,59.461],[24.9053,59.4607],[24.9053,59.4605],[24.9053,59.4604],[24.9057,59.4605],[24.9065,59.4609],[24.906,59.4607],[24.9056,59.4605],[24.9053,59.4605],[24.9049,59.4603],[24.9039,59.4601],[24.9036,59.4599],[24.9028,59.4595],[24.9037,59.4599],[24.9039,59.46],[24.9046,59.4602],[24.9053,59.4604]],[[24.72,59.4276],[24.72,59.4278],[24.72,59.4281],[24.7201,59.4283]],[[24.634,59.4135],[24.6342,59.4135],[24.6346,59.4133],[24.6365,59.413],[24.637,59.4129],[24.6372,59.4128],[24.6385,59.4126],[24.6391,59.4124],[24.6393,59.4124],[24.6404,59.4122],[24.6407,59.4122],[24.6413,59.4127],[24.6425,59.412],[24.6429,59.4118],[24.6441,59.4115],[24.6451,59.4113],[24.6464,59.4112],[24.647,59.4112],[24.6472,59.4112],[24.6484,59.4113],[24.6497,59.4115],[24.6515,59.4122],[24.6518,59.4124],[24.652,59.4125],[24.6525,59.4129],[24.6534,59.4136],[24.6543,59.4147],[24.6545,59.4152],[24.6543,59.4156],[24.6542,59.4158]],[[24.7531,59.4432],[24.753,59.4435],[24.7529,59.4436]],[[24.7458,59.433],[24.7456,59.433],[24.7452,59.4331]],[[27.4166,59.3541],[27.4168,59.3541],[27.4169,59.3541],[27.417,59.354],[27.4173,59.3539],[27.4174,59.3539],[27.4177,59.3537],[27.418,59.3534],[27.4185,59.3524],[27.4187,59.3518],[27.419,59.3513],[27.4191,59.3512],[27.4192,59.3512],[27.4192,59.3511],[27.4192,59.351]],[[26.296,57.654],[26.2961,57.654]],[[25.1896,59.1597],[25.1899,59.1597]],[[25.1902,59.1581],[25.1899,59.158]],[[26.7289,58.378],[26.7289,58.3779],[26.729,58.3779],[26.7293,58.3777],[26.7294,58.3777],[26.7296,58.3775],[26.7302,58.3772],[26.7305,58.377],[26.7306,58.3769],[26.7311,58.3767],[26.7312,58.3766],[26.7318,58.3763],[26.732,58.3761],[26.7326,58.3758],[26.7332,58.3755],[26.7341,58.3749],[26.7342,58.3748],[26.7354,58.3741],[26.7356,58.374],[26.736,58.3738],[26.7361,58.3737],[26.7367,58.3733],[26.7378,58.3727],[26.7379,58.3727],[26.7388,58.3721],[26.7391,58.3719],[26.7396,58.3716],[26.7401,58.3712],[26.7403,58.371],[26.7404,58.3709],[26.7405,58.3709],[26.7407,58.3707],[26.7409,58.3705],[26.7411,58.3703],[26.7412,58.3701],[26.7413,58.3699],[26.7414,58.3693],[26.7414,58.3691],[26.7413,58.3687],[26.7412,58.3683],[26.7411,58.368],[26.7408,58.3675],[26.7406,58.367],[26.7403,58.3659],[26.7403,58.3655],[26.7402,58.3648],[26.7402,58.3647],[26.7401,58.3645],[26.7402,58.3639],[26.7402,58.3638],[26.7402,58.363],[26.7401,58.3622],[26.7401,58.3616],[26.7401,58.3615],[26.7404,58.3609],[26.7406,58.3605],[26.7409,58.3602],[26.741,58.36],[26.7411,58.36],[26.7412,58.36],[26.7411,58.3601],[26.741,58.3602],[26.7409,58.3603],[26.7407,58.3605],[26.7405,58.3609],[26.7403,58.3615],[26.7402,58.3616],[26.7402,58.3622],[26.7403,58.3629],[26.7404,58.3639],[26.7404,58.3645],[26.7404,58.3647],[26.7404,58.3648],[26.7404,58.3649],[26.7404,58.3653],[26.7405,58.366],[26.7408,58.367],[26.7409,58.3672],[26.7413,58.368],[26.7414,58.3684],[26.7416,58.3689],[26.7417,58.3691],[26.7416,58.3694],[26.7414,58.3701],[26.7412,58.3704],[26.7411,58.3705],[26.741,58.3706],[26.7408,58.3707],[26.7406,58.3709],[26.7405,58.371],[26.7404,58.371],[26.7401,58.3713],[26.7392,58.372],[26.7386,58.3724],[26.738,58.3727],[26.7379,58.3728],[26.7371,58.3732],[26.7363,58.3737],[26.7357,58.374],[26.7355,58.3742],[26.7343,58.3749],[26.7334,58.3754],[26.7328,58.3758],[26.7322,58.3762],[26.732,58.3763],[26.7315,58.3766],[26.7313,58.3767],[26.7308,58.377],[26.7306,58.3771],[26.7305,58.3772],[26.7299,58.3775],[26.7296,58.3777],[26.7295,58.3778],[26.7292,58.3779],[26.7291,58.378],[26.729,58.378]],[[24.7731,59.4219],[24.7724,59.4217],[24.7714,59.4215],[24.7706,59.4213]],[[28.1914,59.3782],[28.1918,59.3778],[28.1919,59.3776],[28.1921,59.3775],[28.1922,59.3774],[28.1924,59.377]],[[28.1921,59.3773],[28.192,59.3774],[28.1919,59.3776]],[[24.6465,59.4237],[24.6469,59.4237]],[[24.7731,59.4218],[24.771,59.4212],[24.7702,59.4211],[24.7696,59.421],[24.7693,59.421],[24.7689,59.421],[24.7666,59.4209],[24.7658,59.4209],[24.7656,59.4209],[24.7655,59.4208],[24.765,59.4208],[24.7643,59.4209],[24.7637,59.421],[24.7634,59.421],[24.7632,59.421],[24.7621,59.4209],[24.7614,59.4207]],[[26.0852,58.0064],[26.0853,58.0065]],[[28.161,59.3838],[28.1611,59.384],[28.1614,59.3843]],[[24.7714,59.427],[24.7716,59.4271],[24.7722,59.4273],[24.7729,59.4274],[24.7741,59.4278],[24.7742,59.4278],[24.775,59.4281],[24.7756,59.4284],[24.7757,59.4284],[24.7758,59.4285],[24.7758,59.4286],[24.7759,59.4288],[24.7763,59.4291],[24.7779,59.4302],[24.778,59.4303],[24.7791,59.4303],[24.7794,59.4303],[24.7796,59.4303],[24.7805,59.4305],[24.7817,59.4308],[24.782,59.4309],[24.7821,59.431],[24.7823,59.4311],[24.7834,59.4315],[24.7842,59.4317],[24.7849,59.432]],[[24.7048,59.4292],[24.7045,59.4291],[24.7044,59.429],[24.7041,59.4288],[24.7034,59.4281],[24.7033,59.428],[24.7032,59.428],[24.7031,59.4279],[24.7026,59.4273],[24.7023,59.4269],[24.7021,59.4267],[24.7019,59.4265],[24.7013,59.4258],[24.7012,59.4257],[24.7011,59.4256],[24.7008,59.4254],[24.7002,59.4246],[24.7,59.4244],[24.6998,59.4242],[24.6994,59.4238],[24.6991,59.4234],[24.6987,59.423],[24.6985,59.4229],[24.6985,59.4228],[24.6978,59.4221],[24.6978,59.422],[24.6975,59.4217],[24.6974,59.4216],[24.6973,59.4215],[24.6966,59.4207],[24.6965,59.4207],[24.6951,59.4191],[24.6948,59.4188],[24.6946,59.4186],[24.6945,59.4185],[24.6943,59.4183],[24.6943,59.4182],[24.6941,59.4181],[24.6936,59.4175],[24.6933,59.4172],[24.6932,59.4171],[24.693,59.4168],[24.6929,59.4167],[24.6925,59.4163],[24.6923,59.4162],[24.6922,59.416],[24.692,59.4158],[24.6915,59.4153],[24.6913,59.4151],[24.6911,59.4148],[24.6908,59.4146],[24.6906,59.4143],[24.6905,59.4142],[24.6907,59.4142],[24.6909,59.4144],[24.6915,59.4151],[24.6916,59.4153],[24.6923,59.4159],[24.6925,59.4161],[24.6926,59.4163],[24.6935,59.4173],[24.6936,59.4173],[24.6944,59.4182],[24.6945,59.4183],[24.6947,59.4185],[24.6952,59.4191],[24.6957,59.4197],[24.6958,59.4197],[24.696,59.4199],[24.6964,59.4204],[24.6966,59.4206],[24.6967,59.4207],[24.6971,59.4211],[24.6975,59.4215],[24.6976,59.4216],[24.6979,59.4219],[24.6985,59.4225],[24.6986,59.4227],[24.6987,59.4228],[24.6989,59.423],[24.6992,59.4233],[24.6996,59.4237],[24.6999,59.4241],[24.7002,59.4245],[24.7003,59.4246],[24.7006,59.4249],[24.7009,59.4253],[24.7012,59.4255],[24.7012,59.4256],[24.7013,59.4257],[24.7014,59.4258],[24.7018,59.4262],[24.702,59.4265],[24.7022,59.4266],[24.7024,59.4269],[24.7027,59.4272],[24.7029,59.4274],[24.7031,59.4277],[24.7032,59.4278],[24.7034,59.4279],[24.7035,59.428],[24.7038,59.4284],[24.704,59.4286],[24.7047,59.429],[24.7048,59.4291],[24.705,59.4292],[24.7053,59.4293]],[[23.5413,58.9389],[23.5413,58.939],[23.5413,58.9392],[23.5413,58.9393]],[[26.7406,58.4015],[26.7403,58.4013],[26.7394,58.4007],[26.7393,58.4006],[26.7375,58.399],[26.737,58.3984],[26.7365,58.398],[26.736,58.3975],[26.7357,58.3971],[26.7355,58.3969],[26.7354,58.3968],[26.7353,58.3967],[26.7345,58.3958],[26.7344,58.3956],[26.734,58.395],[26.7319,58.3926],[26.7318,58.3925],[26.7311,58.392],[26.7309,58.3918],[26.7303,58.3913],[26.7296,58.3907],[26.7295,58.3906],[26.7294,58.3905],[26.7292,58.3904],[26.7286,58.3897],[26.7285,58.3896],[26.7287,58.3897],[26.7293,58.3903],[26.7296,58.3906],[26.7297,58.3907],[26.7304,58.3913],[26.7309,58.3917],[26.731,58.3918],[26.7312,58.3919],[26.7319,58.3925],[26.732,58.3926],[26.7334,58.394],[26.7345,58.3956],[26.7346,58.3958],[26.7352,58.3964],[26.7354,58.3966],[26.7355,58.3967],[26.7356,58.3969],[26.7361,58.3975],[26.7365,58.398]],[[26.721,58.2933],[26.7195,58.2935],[26.7191,58.2935]],[[24.8346,59.4682],[24.8347,59.4682],[24.8354,59.4683],[24.8369,59.4684],[24.837,59.4684],[24.8373,59.4684],[24.838,59.4685],[24.8384,59.4685],[24.8391,59.4685],[24.8394,59.4685],[24.8398,59.4686],[24.84,59.4686],[24.8405,59.4686],[24.8406,59.4686],[24.8407,59.4686],[24.8411,59.4686],[24.8414,59.4687],[24.8417,59.4687],[24.8424,59.4687],[24.8442,59.4679],[24.8447,59.4678],[24.8453,59.4678],[24.8489,59.4676],[24.849,59.4675],[24.8533,59.4666],[24.8578,59.4663],[24.8611,59.4668],[24.8613,59.4668],[24.8619,59.467],[24.8633,59.4672],[24.8663,59.468],[24.867,59.4682],[24.8671,59.4682],[24.8679,59.4684],[24.8705,59.469],[24.8715,59.4692],[24.8716,59.4693],[24.8724,59.4695],[24.8732,59.4697],[24.8749,59.4704],[24.8754,59.4709],[24.8768,59.4712],[24.8773,59.4713],[24.8782,59.4715],[24.8793,59.4716],[24.8797,59.4717],[24.8798,59.4717],[24.8803,59.4718],[24.8819,59.472],[24.8828,59.4722],[24.8829,59.4722],[24.8843,59.4725],[24.8847,59.4726],[24.8854,59.4727],[24.8861,59.4729],[24.8864,59.4729],[24.8866,59.473],[24.8868,59.473],[24.8869,59.4731],[24.8888,59.4735],[24.8902,59.4739],[24.8904,59.474],[24.8917,59.4743],[24.8924,59.4744],[24.8929,59.4744],[24.8968,59.4739],[24.8971,59.4738],[24.8975,59.4736],[24.8981,59.4731],[24.8988,59.4726],[24.899,59.4725],[24.8991,59.4724],[24.9001,59.4717],[24.9007,59.4713],[24.9013,59.4709],[24.9015,59.4708],[24.9024,59.4699],[24.9026,59.4696],[24.9029,59.4692],[24.9032,59.4688],[24.9035,59.4685],[24.904,59.4673],[24.9041,59.4672],[24.9042,59.4663]],[[22.4901,58.2682],[22.4899,58.2682],[22.4895,58.2682]],[[22.4914,58.268],[22.4905,58.268]],[[27.4104,59.3577],[27.4101,59.3575],[27.4102,59.3572]],[[27.4187,59.3548],[27.4191,59.3549],[27.4192,59.3549],[27.4204,59.355],[27.42,59.3549]],[[27.4169,59.3542],[27.417,59.3541],[27.4172,59.354],[27.4174,59.3539]],[[27.2758,59.4142],[27.2771,59.4119],[27.2772,59.4118],[27.2784,59.4103],[27.2786,59.4101],[27.2788,59.41],[27.2789,59.4099],[27.2794,59.4095],[27.2798,59.4091],[27.2805,59.4084],[27.2807,59.4083],[27.281,59.408],[27.2811,59.4079],[27.2812,59.4078],[27.2816,59.4074],[27.2818,59.4073],[27.2819,59.4072],[27.2828,59.4064],[27.2832,59.4061],[27.2833,59.406],[27.2835,59.4059],[27.2836,59.4057],[27.2836,59.4056],[27.2838,59.4054],[27.2841,59.4052],[27.2843,59.4051],[27.2846,59.4048],[27.285,59.4045],[27.285,59.4044],[27.2851,59.4044],[27.2853,59.4043],[27.2854,59.4041],[27.2855,59.404],[27.2858,59.4037],[27.2866,59.403],[27.2871,59.4026],[27.2873,59.4024],[27.2873,59.4023],[27.2875,59.4022],[27.2876,59.4021],[27.2885,59.4013],[27.2886,59.4012],[27.2887,59.4012],[27.2891,59.4008],[27.2892,59.4007],[27.2894,59.4006],[27.2895,59.4006],[27.2896,59.4005],[27.2896,59.4004],[27.2895,59.4004],[27.2893,59.4004],[27.2892,59.4004],[27.2891,59.4005],[27.2891,59.4006],[27.2894,59.4006]],[[24.7945,59.4431],[24.7955,59.4435],[24.7956,59.4436],[24.7961,59.4438],[24.7965,59.4441],[24.7968,59.4443],[24.7974,59.4447],[24.7975,59.4448],[24.7999,59.4463],[24.8001,59.4464],[24.8004,59.4466],[24.8011,59.4471],[24.8035,59.4487],[24.8037,59.4488],[24.8041,59.4491],[24.8047,59.4495],[24.805,59.4497],[24.8053,59.4499],[24.8067,59.4512],[24.8071,59.4518],[24.8077,59.4527],[24.8085,59.4541],[24.8107,59.4567],[24.8123,59.4582],[24.8155,59.4598],[24.8169,59.4604],[24.8172,59.4605],[24.8183,59.4608],[24.8184,59.4608],[24.819,59.4609],[24.8192,59.461],[24.8212,59.4614],[24.8218,59.4616],[24.8246,59.4623],[24.8248,59.4624],[24.825,59.4625],[24.8255,59.4627],[24.8262,59.4631],[24.8264,59.4632],[24.8267,59.4633],[24.8278,59.4639],[24.8282,59.464],[24.8283,59.4641],[24.8311,59.4655],[24.8324,59.4662],[24.8328,59.4664],[24.8329,59.4665],[24.833,59.4665],[24.8331,59.4667],[24.8334,59.467],[24.8338,59.4677],[24.8339,59.468],[24.8339,59.4681],[24.8341,59.4684],[24.8342,59.4686],[24.8345,59.4693],[24.8347,59.4696],[24.8352,59.4708],[24.8353,59.4709],[24.8358,59.4717],[24.836,59.4721],[24.8375,59.4743],[24.8376,59.4745],[24.8392,59.4767],[24.8393,59.477],[24.8402,59.48],[24.8405,59.4808],[24.8405,59.4809],[24.8416,59.4846]],[[24.7681,59.3511],[24.7684,59.3508],[24.7691,59.3499],[24.7701,59.3486],[24.7706,59.3477],[24.7711,59.3453],[24.7716,59.3445],[24.7718,59.3444],[24.7728,59.3439],[24.7726,59.3438],[24.7733,59.3434],[24.774,59.3424],[24.7735,59.3434],[24.7728,59.3439]],[[24.7689,59.3499],[24.7698,59.3488],[24.7701,59.3482],[24.7706,59.3473],[24.771,59.3452],[24.7715,59.3445],[24.7726,59.3438]],[[27.0834,59.0254],[27.0833,59.0254],[27.0832,59.0256],[27.0832,59.0257],[27.0836,59.0257],[27.0837,59.0257],[27.0839,59.0255],[27.0838,59.0254]],[[27.041,58.0528],[27.0409,58.0527],[27.0407,58.0525]],[[24.7821,59.1814],[24.7818,59.1813],[24.7815,59.1812],[24.7814,59.1811],[24.7804,59.1806],[24.7772,59.1778],[24.7747,59.1758],[24.7731,59.1736],[24.7723,59.1719],[24.7726,59.1712]],[[24.86,59.4336],[24.8598,59.4339],[24.8594,59.4344],[24.8593,59.4345],[24.8592,59.4346],[24.8586,59.4354],[24.8581,59.4361],[24.8577,59.4365],[24.8569,59.4376],[24.8566,59.438],[24.8565,59.4381]],[[26.7093,58.3836],[26.7098,58.3834],[26.71,58.3833],[26.7105,58.3832],[26.711,58.383],[26.7111,58.383],[26.7114,58.3829],[26.712,58.3828],[26.7121,58.3828],[26.7128,58.3827],[26.7129,58.3827],[26.7134,58.3826],[26.7135,58.3826],[26.7145,58.3824],[26.7146,58.3826],[26.7147,58.3827],[26.7148,58.3828],[26.7149,58.3829],[26.7151,58.3831],[26.7152,58.3833],[26.7153,58.3833],[26.7156,58.3837],[26.7158,58.3839],[26.716,58.384],[26.7162,58.384],[26.7163,58.384],[26.7164,58.384],[26.7168,58.3841],[26.717,58.3842],[26.7171,58.3842],[26.7179,58.3843],[26.718,58.3843],[26.7184,58.3845],[26.7187,58.3846],[26.7189,58.3847],[26.719,58.3848],[26.7192,58.3849],[26.7193,58.385],[26.7199,58.3853],[26.7201,58.3854],[26.7203,58.3855],[26.7204,58.3856],[26.7205,58.3856],[26.7207,58.3857],[26.7214,58.3861],[26.7215,58.386],[26.7231,58.3849],[26.7232,58.3848],[26.7233,58.3847],[26.7234,58.3847]],[[26.7559,58.3807],[26.7551,58.3808],[26.7542,58.381],[26.7539,58.381],[26.7538,58.381],[26.7536,58.3811],[26.7533,58.3811],[26.7531,58.3811],[26.7519,58.3813],[26.7501,58.3816],[26.7499,58.3817],[26.748,58.3821],[26.7478,58.3822],[26.7476,58.3824],[26.7475,58.3824],[26.7473,58.3826],[26.747,58.3828]],[[24.7704,59.4223],[24.7703,59.4221],[24.7702,59.4219],[24.7702,59.4218],[24.7703,59.4216],[24.7703,59.4215],[24.7703,59.4214],[24.7702,59.4214],[24.7699,59.4212]],[[24.8898,59.4811],[24.8902,59.4809],[24.8903,59.4808],[24.8905,59.4807],[24.8911,59.4804],[24.8921,59.4796],[24.893,59.479],[24.8932,59.4788],[24.8945,59.4766],[24.8947,59.4764],[24.8964,59.4746],[24.897,59.4741],[24.8975,59.4736]],[[24.9162,59.4072],[24.9155,59.4073],[24.9156,59.4075],[24.9155,59.4076],[24.9146,59.408]],[[24.8012,59.427],[24.8016,59.4272],[24.8018,59.4274],[24.8023,59.4276],[24.8026,59.4278],[24.8029,59.4279],[24.8035,59.4283],[24.804,59.4285],[24.8041,59.4286],[24.8042,59.4287],[24.8044,59.4288],[24.8045,59.4288],[24.8047,59.429],[24.805,59.429],[24.8051,59.4291],[24.8067,59.43],[24.8068,59.43],[24.807,59.4301],[24.808,59.4306],[24.8085,59.4309],[24.8086,59.4309],[24.8092,59.4313],[24.8098,59.4316],[24.8099,59.4316],[24.8104,59.4319],[24.8105,59.432],[24.8107,59.4321],[24.811,59.4322],[24.811,59.432],[24.8113,59.4319],[24.8116,59.4319],[24.812,59.4319],[24.8122,59.4319],[24.813,59.432],[24.8135,59.432],[24.8136,59.432],[24.8153,59.4321],[24.8159,59.4322],[24.8172,59.4322],[24.8191,59.4323],[24.8199,59.4324],[24.821,59.4324],[24.8223,59.4326],[24.8235,59.4328],[24.8237,59.4328],[24.8243,59.4329],[24.8244,59.4329],[24.8246,59.4329],[24.826,59.4332],[24.8264,59.4332],[24.8272,59.4334],[24.828,59.4335],[24.8288,59.4336],[24.8293,59.4337],[24.8296,59.4337]],[[27.0658,58.0421],[27.0664,58.0422],[27.0669,58.0422],[27.0675,58.0423],[27.0684,58.0423]],[[24.7964,59.1092],[24.7978,59.1082],[24.7983,59.1073],[24.7993,59.1052],[24.7993,59.1037]],[[26.93,58.0001],[26.9307,58.0001],[26.9307,57.9997]],[[26.742,58.3848],[26.7418,58.3849],[26.7408,58.3853],[26.7403,58.3854],[26.74,58.3855],[26.7397,58.3856],[26.7381,58.3862],[26.737,58.3866],[26.7367,58.3867],[26.7364,58.3868],[26.735,58.3873],[26.7344,58.3875],[26.733,58.3881],[26.7323,58.3883],[26.7312,58.3887],[26.7308,58.3888],[26.7304,58.389],[26.7293,58.3893],[26.7292,58.3894],[26.7287,58.3896],[26.7285,58.3896]],[[24.6366,59.3793],[24.6365,59.3791],[24.6363,59.3786],[24.6358,59.3777],[24.6358,59.3776],[24.6351,59.3764],[24.6347,59.3756],[24.6347,59.3755],[24.6346,59.3754],[24.6342,59.3747],[24.634,59.3742],[24.6337,59.3737],[24.6332,59.3727],[24.6331,59.3724],[24.633,59.3724],[24.6318,59.37],[24.6317,59.3699],[24.6308,59.3682],[24.6301,59.3669],[24.6299,59.3664],[24.6297,59.3661],[24.6294,59.3655],[24.6293,59.3654],[24.6292,59.3647],[24.6294,59.3645],[24.6294,59.3644],[24.6294,59.3643]],[[24.6349,59.3673],[24.6351,59.3674],[24.6354,59.3676],[24.6358,59.3678],[24.6363,59.3682],[24.6365,59.3683],[24.6368,59.3685],[24.637,59.3687],[24.6374,59.3689],[24.6376,59.369],[24.6378,59.3691],[24.6376,59.3691],[24.6375,59.369],[24.6374,59.3689]],[[24.6714,59.3996],[24.6713,59.3999],[24.671,59.3999],[24.6711,59.3998],[24.6715,59.399],[24.6719,59.3979],[24.6719,59.3977],[24.6718,59.3977],[24.6716,59.3976],[24.6712,59.3974],[24.6707,59.3973],[24.6697,59.3972],[24.669,59.3971],[24.6687,59.3971],[24.6684,59.397],[24.6682,59.397],[24.6676,59.397],[24.6673,59.3969],[24.6672,59.3969],[24.6671,59.3969],[24.667,59.3969],[24.6662,59.3969],[24.6659,59.397],[24.6653,59.3971],[24.6649,59.3972],[24.6645,59.3973],[24.6643,59.3973],[24.664,59.3974],[24.6636,59.3975],[24.6631,59.3978],[24.6628,59.398],[24.6622,59.3985],[24.662,59.3986],[24.6619,59.3987],[24.6617,59.3989],[24.6613,59.3992],[24.6611,59.3994],[24.6608,59.3996],[24.6608,59.3997],[24.6604,59.4],[24.6599,59.4004],[24.6598,59.4005],[24.6598,59.4006],[24.6592,59.401],[24.659,59.4012],[24.6589,59.4013],[24.6586,59.4016],[24.658,59.402],[24.658,59.4021],[24.6578,59.4022],[24.6577,59.4023],[24.6576,59.4025],[24.6573,59.4027],[24.6572,59.4028],[24.6571,59.4029],[24.657,59.4029],[24.6568,59.4031],[24.6564,59.4034],[24.6564,59.4035],[24.6561,59.4038],[24.6557,59.404],[24.6556,59.404],[24.6555,59.4041],[24.6554,59.404],[24.6552,59.4039],[24.6551,59.4039],[24.6548,59.4037],[24.6546,59.4036],[24.6544,59.4035],[24.6543,59.4034],[24.6541,59.4033],[24.6534,59.4029],[24.653,59.4027],[24.6525,59.4025],[24.6522,59.4024],[24.6513,59.402],[24.6511,59.402],[24.6495,59.4015],[24.6494,59.4014],[24.6492,59.4014],[24.649,59.4013],[24.6489,59.4013],[24.648,59.401],[24.6478,59.4009],[24.6477,59.4009],[24.6476,59.4009],[24.6469,59.4006],[24.6468,59.4006],[24.6463,59.4001],[24.6462,59.4001],[24.646,59.3996],[24.6458,59.3991],[24.6456,59.3986],[24.6451,59.3972],[24.645,59.3971],[24.6449,59.3967],[24.6448,59.3964],[24.6447,59.3963],[24.6446,59.3961],[24.6446,59.3958],[24.6449,59.3964],[24.645,59.3967],[24.645,59.3971]],[[24.6296,59.3641],[24.6302,59.3643],[24.6304,59.3646],[24.6305,59.3648],[24.6302,59.3646],[24.6298,59.3645],[24.6295,59.3646],[24.6292,59.3647]],[[24.672,59.3973],[24.6722,59.3972],[24.6726,59.3966]],[[24.6712,59.3974],[24.6716,59.3974],[24.6719,59.3974],[24.6718,59.3977]],[[24.8312,59.4654],[24.8326,59.4661],[24.8331,59.4664],[24.8334,59.4667],[24.8335,59.4669],[24.8341,59.468],[24.8342,59.4682],[24.8342,59.4683],[24.8344,59.4686],[24.8347,59.4692],[24.8352,59.4702],[24.8354,59.4707],[24.8355,59.4709],[24.8358,59.4714],[24.8359,59.4717],[24.8362,59.4721],[24.8369,59.4731],[24.8377,59.4742],[24.8379,59.4742],[24.8382,59.4742],[24.8379,59.4743],[24.8377,59.4743],[24.8377,59.4742]],[[24.4953,58.3917],[24.4952,58.3921],[24.495,58.3926],[24.495,58.3927],[24.495,58.3929],[24.4949,58.3929],[24.4949,58.393],[24.4947,58.3936],[24.4948,58.3929],[24.4948,58.3928],[24.4949,58.3926],[24.4949,58.3925],[24.495,58.3923],[24.495,58.3922],[24.495,58.3921],[24.495,58.3919],[24.4951,58.3917],[24.4953,58.3917],[24.4955,58.3917],[24.497,58.3917],[24.4962,58.3916],[24.4959,58.3916],[24.4955,58.3916],[24.4953,58.3916],[24.4953,58.3917]],[[24.426,59.3083],[24.4258,59.3083],[24.4259,59.3084],[24.4261,59.3086]],[[24.4226,59.3087],[24.4225,59.3086],[24.4225,59.3085],[24.4227,59.3085],[24.4228,59.3085],[24.4233,59.3085],[24.4235,59.3085],[24.424,59.3085],[24.4241,59.3084],[24.4244,59.3084],[24.4249,59.3083]],[[24.424,59.3085],[24.4236,59.3085],[24.4233,59.3086],[24.4228,59.3086],[24.4228,59.3085]],[[26.3889,58.7521],[26.3888,58.752],[26.3889,58.7517],[26.3893,58.7516],[26.3897,58.7517],[26.3898,58.7517],[26.3897,58.7521],[26.3889,58.7521]],[[24.8403,59.4232],[24.8424,59.4201],[24.8436,59.4183],[24.8445,59.4166],[24.8447,59.4159],[24.8447,59.4158],[24.8448,59.4157],[24.8449,59.4158],[24.845,59.4159],[24.845,59.4162],[24.8436,59.4183]],[[24.7535,59.4372],[24.7531,59.4371],[24.7537,59.4367],[24.7541,59.4369],[24.7542,59.4369],[24.7541,59.4372],[24.7539,59.4372],[24.7535,59.4372]],[[24.6409,59.4179],[24.6426,59.4189],[24.6427,59.4189],[24.6444,59.4194],[24.6448,59.4195],[24.6449,59.4195],[24.6455,59.4195],[24.6458,59.4195],[24.6465,59.4195],[24.6467,59.4196],[24.6468,59.4198]],[[24.4962,58.3878],[24.4956,58.3902],[24.4956,58.3903],[24.4954,58.3905],[24.4951,58.3914],[24.4951,58.3916],[24.4953,58.3916],[24.4953,58.3915],[24.4954,58.3911],[24.4955,58.3908],[24.4956,58.3903]],[[24.4963,58.3877],[24.4962,58.3878]],[[24.4959,58.3873],[24.4957,58.3868],[24.4958,58.3861],[24.4963,58.3858],[24.4971,58.3858],[24.4973,58.3858],[24.4974,58.3859],[24.4994,58.3859],[24.501,58.386],[24.5011,58.386],[24.5029,58.3861],[24.5037,58.3861],[24.5039,58.3861],[24.5041,58.3861],[24.5049,58.3862],[24.5059,58.3861],[24.506,58.3863],[24.5063,58.3863],[24.5063,58.3861],[24.5066,58.3861],[24.5079,58.3861],[24.5081,58.3861],[24.5081,58.3862],[24.508,58.3862],[24.5075,58.3862],[24.5066,58.3863],[24.5063,58.3863]],[[26.7481,58.4071],[26.7483,58.4073],[26.7483,58.4074],[26.748,58.4076],[26.7477,58.4075],[26.7475,58.4074],[26.7476,58.4073],[26.748,58.4071],[26.7481,58.4071]],[[24.9238,59.4609],[24.9243,59.4608],[24.9271,59.4601],[24.9276,59.46],[24.9298,59.4595],[24.9302,59.4594],[24.9317,59.4591],[24.9328,59.4589],[24.9334,59.4587],[24.9349,59.4584],[24.9355,59.4582],[24.9357,59.4582],[24.937,59.4579],[24.9376,59.4577],[24.9381,59.4576],[24.9395,59.4573],[24.9403,59.4571],[24.942,59.4568],[24.9444,59.4565],[24.9456,59.4564],[24.9459,59.4563],[24.9472,59.4561],[24.9473,59.4561],[24.9497,59.4556],[24.9512,59.4554],[24.9522,59.4553],[24.9526,59.4552],[24.954,59.455],[24.956,59.4547],[24.9567,59.4546],[24.9583,59.4543],[24.9595,59.4541],[24.9609,59.4539],[24.9612,59.4538],[24.9639,59.4533],[24.9644,59.4532],[24.9648,59.4532],[24.9656,59.4531],[24.9659,59.453],[24.9661,59.453],[24.9671,59.4529],[24.9685,59.4529],[24.9689,59.453],[24.9692,59.453],[24.9696,59.453],[24.9713,59.4531],[24.9763,59.4537],[24.9787,59.4544],[24.9815,59.4553],[24.9823,59.4556],[24.9835,59.4561],[24.9841,59.4563],[24.9857,59.4567],[24.9886,59.457],[24.9888,59.457],[24.9892,59.4569],[24.9892,59.4568],[24.9889,59.4566],[24.9884,59.4567],[24.9872,59.4568],[24.9851,59.4565],[24.9841,59.4562],[24.9835,59.456],[24.9823,59.4556]],[[24.6389,59.3838],[24.6391,59.3843],[24.6393,59.3846],[24.6397,59.3853],[24.6403,59.3865],[24.6407,59.3872],[24.6408,59.3875],[24.6413,59.3886],[24.642,59.3899],[24.642,59.3901],[24.6422,59.3903],[24.6424,59.3908],[24.643,59.3921],[24.6434,59.3928],[24.6438,59.3938],[24.6439,59.394],[24.644,59.3943],[24.644,59.3944],[24.6441,59.3945],[24.6442,59.3949],[24.6443,59.3951],[24.6444,59.3954],[24.6446,59.3958]],[[25.5964,58.3672],[25.5973,58.3671],[25.5974,58.3671],[25.5973,58.3672],[25.5971,58.3672],[25.5964,58.3672],[25.5963,58.3672],[25.5962,58.3672],[25.596,58.3673],[25.5957,58.3673],[25.5956,58.3673],[25.5952,58.3673],[25.5945,58.3674],[25.5943,58.3674],[25.5934,58.3675],[25.5919,58.3677],[25.5917,58.3678],[25.5914,58.3678],[25.5871,58.3683],[25.5869,58.3683],[25.5868,58.3684],[25.5864,58.3685],[25.5861,58.3686],[25.5858,58.3688],[25.5857,58.3689],[25.5856,58.369],[25.5849,58.3695],[25.5843,58.3698],[25.5841,58.3699],[25.5838,58.37],[25.5836,58.3701],[25.5835,58.3701],[25.5833,58.3701],[25.5829,58.3702],[25.5824,58.3703],[25.5823,58.3703],[25.582,58.3703],[25.5816,58.3703],[25.581,58.3704],[25.5809,58.3704],[25.5804,58.3705],[25.5799,58.3705],[25.5796,58.3706],[25.5795,58.3706],[25.5791,58.3706],[25.579,58.3707],[25.5784,58.3707],[25.5783,58.3707],[25.5779,58.3708],[25.5777,58.3708],[25.5774,58.3708],[25.5772,58.3709],[25.5763,58.371],[25.5761,58.371],[25.576,58.371],[25.5757,58.371],[25.5755,58.3711],[25.5753,58.3711],[25.5749,58.3711],[25.5748,58.3711],[25.5745,58.3712],[25.5744,58.3712],[25.574,58.3712],[25.5739,58.3712],[25.5733,58.3713],[25.5732,58.3713],[25.5727,58.3714],[25.572,58.3715],[25.5714,58.3716],[25.5698,58.3719],[25.5681,58.3723],[25.5678,58.3724],[25.5673,58.3725],[25.5665,58.3727],[25.565,58.3729],[25.5643,58.3729],[25.5638,58.3729],[25.5644,58.3729],[25.565,58.3729]],[[24.6775,59.401],[24.6771,59.401],[24.6775,59.4013],[24.6775,59.401],[24.6776,59.4009],[24.6774,59.4007],[24.6771,59.4007],[24.6763,59.4006],[24.6756,59.4005],[24.6755,59.4004],[24.6747,59.4003],[24.674,59.4002],[24.6736,59.4002],[24.6726,59.4001],[24.6718,59.4],[24.6714,59.3999],[24.6713,59.3999],[24.6712,59.4001],[24.671,59.4006],[24.6705,59.4016],[24.6699,59.4029],[24.6696,59.4034],[24.6695,59.4037],[24.6694,59.4039],[24.6692,59.404],[24.6692,59.4038],[24.6693,59.4037],[24.6694,59.4034],[24.6696,59.4029],[24.6702,59.4016],[24.6705,59.4012],[24.6705,59.401],[24.6708,59.4005],[24.671,59.4],[24.671,59.3999]],[[25.0187,59.4739],[25.0186,59.4752],[25.0182,59.476],[25.018,59.4762],[25.0179,59.4765],[25.0178,59.4766],[25.0177,59.4768],[25.0174,59.4775],[25.0171,59.478],[25.0171,59.4781],[25.017,59.4781],[25.0159,59.4794],[25.0159,59.4795],[25.016,59.4799],[25.0161,59.4801],[25.0163,59.4804],[25.0164,59.4806],[25.0165,59.4808],[25.0166,59.4809],[25.0169,59.4813],[25.0172,59.4819],[25.0173,59.482],[25.0175,59.4824],[25.0176,59.4826],[25.0182,59.4835],[25.0183,59.4837],[25.0185,59.4839],[25.0186,59.4841],[25.019,59.4847],[25.0194,59.4854],[25.0204,59.4861],[25.0206,59.4863],[25.0213,59.4865],[25.0214,59.4865],[25.0222,59.4867],[25.0229,59.4869],[25.0221,59.4868],[25.0212,59.4867],[25.0209,59.4866],[25.0205,59.4865],[25.02,59.4863],[25.0198,59.4861],[25.0194,59.4855],[25.0194,59.4854]],[[22.4848,58.2619],[22.4852,58.2618],[22.4858,58.2617],[22.4862,58.2616],[22.4888,58.2611],[22.4891,58.261],[22.4893,58.261],[22.4903,58.2608],[22.4911,58.2606],[22.4912,58.2606],[22.4925,58.2603],[22.4937,58.26],[22.495,58.2597],[22.4979,58.2591],[22.4987,58.2589]],[[24.4973,58.386],[24.4971,58.3869],[24.4969,58.3871],[24.4965,58.3875],[24.4963,58.3877],[24.4962,58.3876],[24.496,58.3874],[24.4959,58.3873]],[[24.794,59.0057],[24.7943,59.0056],[24.7946,59.0057],[24.7945,59.0058],[24.7942,59.0058],[24.7941,59.0058],[24.794,59.0057]],[[25.5752,58.3435],[25.5738,58.3425],[25.5736,58.3424],[25.5733,58.3421],[25.5732,58.342],[25.5722,58.3411]],[[25.5785,58.3456],[25.578,58.3452],[25.5779,58.3451],[25.5774,58.3448],[25.5769,58.3445],[25.5767,58.3444],[25.5764,58.3442],[25.5761,58.344],[25.5758,58.3439],[25.5752,58.3435]],[[25.5816,58.3493],[25.5815,58.3492],[25.5814,58.3488],[25.5812,58.3483],[25.5812,58.3482],[25.5811,58.348],[25.581,58.3478],[25.5801,58.3471],[25.5799,58.3468],[25.5798,58.3467],[25.5792,58.3462],[25.579,58.346],[25.5787,58.3457],[25.5785,58.3456]],[[24.4586,58.3944],[24.4579,58.3947],[24.4571,58.395],[24.4555,58.3959],[24.4548,58.3958],[24.455,58.3962],[24.4552,58.3961],[24.4554,58.3961],[24.4555,58.3959]],[[24.4638,58.3922],[24.4643,58.392],[24.4643,58.3919],[24.4644,58.3919],[24.4652,58.3915],[24.4658,58.3912],[24.4659,58.3912],[24.466,58.3912],[24.4673,58.3905],[24.4675,58.3904],[24.4693,58.39],[24.4711,58.3896],[24.4712,58.3896],[24.4736,58.3891],[24.4737,58.3891],[24.4752,58.3888],[24.4773,58.3884],[24.4774,58.3884],[24.4791,58.3881],[24.48,58.3879],[24.4815,58.3879],[24.4817,58.3882],[24.4818,58.3889],[24.4819,58.3894],[24.4821,58.3897],[24.4831,58.3905],[24.4841,58.3906],[24.4843,58.3906],[24.4852,58.3907],[24.4859,58.3908],[24.4866,58.3908],[24.4867,58.3908],[24.4877,58.3909],[24.4879,58.391],[24.489,58.3911],[24.4905,58.3912],[24.4912,58.3913],[24.4917,58.3913],[24.4926,58.3914],[24.4929,58.3915],[24.4931,58.3915],[24.4943,58.3916],[24.4948,58.3916],[24.4951,58.3917],[24.4951,58.3916],[24.4949,58.3915],[24.494,58.3915],[24.4934,58.3914],[24.4929,58.3914],[24.4928,58.3913],[24.4926,58.3913],[24.4917,58.3912],[24.4912,58.3912],[24.4905,58.3911],[24.4892,58.391],[24.4879,58.3909],[24.4877,58.3909],[24.4868,58.3908],[24.4867,58.3908],[24.4866,58.3908],[24.4852,58.3906],[24.4843,58.3905],[24.4842,58.3905],[24.4821,58.3897]],[[24.7717,58.9945],[24.7713,58.9948],[24.7708,58.9946],[24.7711,58.9943],[24.7717,58.9945]],[[24.7884,58.9954],[24.7882,58.9953],[24.7884,58.9951],[24.7886,58.9951],[24.7888,58.9953],[24.7886,58.9954],[24.7884,58.9954]],[[26.7486,58.3745],[26.7492,58.3744],[26.7488,58.3742],[26.7488,58.3741],[26.7484,58.3737],[26.7483,58.3736],[26.7479,58.3736],[26.7473,58.3733],[26.7469,58.3731],[26.7456,58.3725],[26.7433,58.3716],[26.7404,58.3703],[26.7394,58.3699],[26.7381,58.3695],[26.738,58.3694],[26.7382,58.3693],[26.7394,58.3698],[26.7394,58.3699]],[[28.1794,59.3795],[28.1794,59.3797],[28.1795,59.3798],[28.1796,59.38],[28.18,59.3806],[28.1801,59.3808],[28.1801,59.3809],[28.1801,59.381],[28.1801,59.3812],[28.1801,59.3818],[28.1801,59.3819],[28.18,59.3826],[28.1795,59.3832]],[[28.1752,59.3877],[28.1748,59.3876]],[[24.6545,59.4152],[24.6551,59.4149]],[[24.7251,59.4295],[24.7252,59.4293],[24.7253,59.4291],[24.7259,59.4287],[24.726,59.4286],[24.7263,59.4282],[24.7263,59.4281],[24.7265,59.4276],[24.7266,59.4275]],[[27.0485,58.059],[27.0483,58.0586],[27.0486,58.0585],[27.0487,58.0585],[27.0491,58.0585],[27.0492,58.0589],[27.0489,58.059],[27.0485,58.059]],[[26.7486,58.3745],[26.7486,58.3742],[26.7483,58.3739],[26.7479,58.3736]],[[26.7495,58.3749],[26.7499,58.3758],[26.7499,58.3759],[26.7498,58.3758],[26.7496,58.3756],[26.7491,58.375],[26.7495,58.3749],[26.7497,58.3747],[26.7494,58.3744],[26.7492,58.3744]],[[26.7413,58.3596],[26.7412,58.3589],[26.7412,58.3588],[26.7405,58.3577],[26.7406,58.3566],[26.7409,58.3557],[26.7409,58.3555],[26.7409,58.3554],[26.7409,58.3552],[26.7409,58.355],[26.7409,58.3543],[26.7407,58.3551],[26.7407,58.3552],[26.7407,58.3554],[26.7407,58.3555],[26.7407,58.3557],[26.7406,58.3566]],[[26.7165,58.3821],[26.7155,58.3823],[26.7149,58.3824],[26.7145,58.3824]],[[26.7499,58.3759],[26.7502,58.3763],[26.7507,58.3769],[26.7509,58.3772],[26.7512,58.3776],[26.7514,58.3777],[26.7515,58.3778],[26.7519,58.3783],[26.7525,58.3791],[26.7526,58.3792],[26.753,58.3797],[26.7532,58.38],[26.7534,58.3803],[26.7539,58.3808],[26.7539,58.3809],[26.7539,58.381]],[[25.4843,58.5377],[25.4845,58.5373],[25.4845,58.5372],[25.4847,58.5372],[25.4846,58.5373],[25.4843,58.5377]],[[25.4851,58.5364],[25.4849,58.5367],[25.4849,58.5369],[25.4847,58.5368],[25.4848,58.5367],[25.4851,58.5364]],[[24.6692,59.4127],[24.67,59.4131],[24.6704,59.4133],[24.6705,59.4133],[24.6711,59.4136],[24.6718,59.4139],[24.6719,59.4139],[24.6721,59.414],[24.6726,59.4142],[24.6728,59.4143],[24.6729,59.4144],[24.6734,59.4146],[24.6738,59.4148],[24.6745,59.415],[24.6753,59.4154],[24.676,59.4156],[24.6765,59.4158],[24.6778,59.4163],[24.6786,59.4167],[24.6789,59.4168],[24.6791,59.4168],[24.6794,59.4168],[24.6798,59.4168],[24.6803,59.4168],[24.681,59.4166],[24.6812,59.4165],[24.6822,59.4163],[24.6825,59.4162],[24.6828,59.4161],[24.6842,59.4158],[24.6845,59.4157],[24.6863,59.4152],[24.6866,59.4151],[24.6883,59.4147],[24.689,59.4146],[24.6891,59.4145],[24.6897,59.4144],[24.6903,59.4143],[24.6905,59.4142],[24.6903,59.4141],[24.6901,59.4139],[24.6896,59.4134],[24.6896,59.4133],[24.6891,59.4128],[24.689,59.4127],[24.6889,59.4125],[24.6888,59.4124],[24.6886,59.4122],[24.6882,59.4118],[24.6875,59.4111],[24.6874,59.4109],[24.687,59.4105],[24.6867,59.4102],[24.6864,59.4099],[24.6863,59.4098],[24.6861,59.4096],[24.6858,59.4093],[24.6856,59.4091],[24.6854,59.409],[24.6852,59.4088],[24.685,59.4085],[24.6849,59.4085],[24.6848,59.4084],[24.6847,59.4083],[24.6846,59.4082],[24.6833,59.407],[24.6833,59.4069],[24.6831,59.4068],[24.683,59.4066],[24.6829,59.4065],[24.6823,59.4059],[24.6813,59.405],[24.6811,59.4049],[24.681,59.4047],[24.6803,59.4041],[24.6811,59.4047],[24.6812,59.4048],[24.6814,59.405],[24.6826,59.4061],[24.683,59.4066],[24.6832,59.4067],[24.6834,59.4069],[24.684,59.4075],[24.6844,59.4078],[24.6847,59.4081],[24.6849,59.4083],[24.685,59.4083],[24.6851,59.4084],[24.6852,59.4085],[24.6854,59.4087],[24.6857,59.409],[24.6858,59.4091],[24.6865,59.4097],[24.6865,59.4098],[24.6867,59.41],[24.687,59.4103],[24.6872,59.4105],[24.6876,59.4109],[24.6877,59.411],[24.6879,59.4112],[24.688,59.4113],[24.6884,59.4118],[24.6885,59.4119],[24.689,59.4124],[24.6891,59.4125],[24.6892,59.4126],[24.6894,59.4128],[24.6898,59.4132],[24.6903,59.4138],[24.6905,59.414],[24.6907,59.4142]],[[24.6671,59.4079],[24.6674,59.4072],[24.6678,59.4064],[24.6679,59.4063],[24.6684,59.4055],[24.6686,59.405],[24.6687,59.4048],[24.6689,59.4046],[24.6691,59.4042],[24.6692,59.404]],[[24.6671,59.4079],[24.667,59.4089],[24.6677,59.4093],[24.668,59.4096],[24.6683,59.4101],[24.6684,59.4102],[24.6684,59.4103],[24.6683,59.4103],[24.6682,59.4101],[24.6676,59.4094],[24.667,59.409],[24.6667,59.4087],[24.6666,59.4084],[24.6671,59.4079]],[[24.745,59.4185],[24.7474,59.418],[24.7483,59.418],[24.7488,59.4181]],[[26.3598,59.3472],[26.3596,59.3472],[26.3593,59.3471]],[[25.98,58.654],[25.98,58.6541],[25.9799,58.6541],[25.9798,58.6541],[25.9797,58.6541],[25.9797,58.654],[25.9798,58.6539],[25.9799,58.6539],[25.98,58.654]],[[25.9611,59.2649],[25.9613,59.2648],[25.9615,59.2647]],[[28.1824,59.3742],[28.1823,59.3743],[28.1813,59.376],[28.181,59.3766],[28.1805,59.3774],[28.18,59.3783],[28.1798,59.3786],[28.1796,59.3789],[28.1796,59.379],[28.1796,59.3791],[28.1794,59.3794],[28.1794,59.3795]],[[28.1844,59.3707],[28.1857,59.3686],[28.1863,59.3675],[28.1864,59.3674],[28.1872,59.3662],[28.1872,59.3661],[28.1879,59.3652],[28.188,59.365],[28.1881,59.3648],[28.1881,59.3647],[28.1879,59.3637],[28.1878,59.3631],[28.1876,59.3621],[28.1876,59.3619],[28.1874,59.3611],[28.1873,59.3609],[28.1873,59.3607],[28.1871,59.3595],[28.187,59.3589],[28.187,59.3588],[28.187,59.3587],[28.1873,59.3587],[28.1872,59.3588],[28.1872,59.3592],[28.1874,59.3602],[28.1875,59.3606],[28.1875,59.3609],[28.1876,59.3611],[28.1878,59.3619],[28.1878,59.3621],[28.188,59.3631],[28.1881,59.3636],[28.1883,59.3647],[28.1883,59.3648],[28.1882,59.365],[28.1875,59.3661],[28.1875,59.3662],[28.1874,59.3663],[28.1871,59.3668],[28.1867,59.3674],[28.1866,59.3676],[28.186,59.3684],[28.1859,59.3686],[28.1845,59.3708],[28.183,59.3731],[28.1825,59.374],[28.1824,59.3742]],[[26.0361,57.7776],[26.0362,57.7775],[26.0357,57.7775],[26.0355,57.7775],[26.034,57.7773],[26.0328,57.7772],[26.0321,57.7771],[26.0317,57.7771],[26.0316,57.7771],[26.0314,57.7771],[26.0306,57.7772],[26.0303,57.7772],[26.0291,57.7772],[26.0285,57.7772],[26.0275,57.7773],[26.0276,57.7772],[26.0278,57.7767],[26.0279,57.7767],[26.0281,57.7764],[26.0282,57.7763],[26.0285,57.776],[26.0286,57.7759],[26.0289,57.7757],[26.0295,57.7759],[26.0303,57.7763],[26.0309,57.7765],[26.0312,57.7767],[26.0313,57.7767],[26.0315,57.7768],[26.0315,57.7769],[26.0316,57.7769],[26.0317,57.777],[26.0317,57.7771]],[[26.0364,57.7775],[26.0366,57.7775],[26.0368,57.7774],[26.0366,57.7775],[26.0365,57.7776],[26.0364,57.7777],[26.0362,57.7777],[26.0361,57.7776],[26.0357,57.7775]],[[26.0314,57.7771],[26.0314,57.777],[26.0316,57.7769]],[[26.0317,57.777],[26.0321,57.7771]],[[26.0418,57.7749],[26.0415,57.7751],[26.0414,57.7752],[26.0409,57.7754],[26.0404,57.7756],[26.0398,57.776],[26.0396,57.7761],[26.0387,57.7766],[26.0386,57.7766],[26.0384,57.7768],[26.0379,57.777],[26.0368,57.7774]],[[26.042,57.7748],[26.0418,57.7749],[26.0416,57.7748],[26.0414,57.775],[26.0413,57.7751],[26.0409,57.7754]],[[26.0417,57.7747],[26.0418,57.7745],[26.042,57.7744],[26.0419,57.7745],[26.0419,57.7746],[26.0417,57.7747],[26.0416,57.7748]],[[24.8388,59.4741],[24.8411,59.4743],[24.8423,59.4745],[24.8436,59.4748],[24.845,59.4751],[24.8459,59.4757],[24.8463,59.4762],[24.8468,59.4775],[24.8476,59.478],[24.8496,59.4789],[24.8499,59.479],[24.8503,59.4793],[24.8513,59.4796],[24.8519,59.4797],[24.8525,59.4798],[24.8532,59.4798],[24.8541,59.4799],[24.8546,59.4801],[24.8548,59.4802],[24.8557,59.4806],[24.8568,59.481],[24.8581,59.4817],[24.8585,59.4822],[24.859,59.4827],[24.8591,59.4828],[24.8597,59.4834],[24.8598,59.4834],[24.8611,59.4844],[24.8614,59.4845],[24.8617,59.4846],[24.8618,59.4847],[24.8626,59.4851],[24.8634,59.4861],[24.8647,59.4869],[24.8649,59.487],[24.8658,59.4871],[24.8659,59.4871],[24.8668,59.4872],[24.8671,59.4873],[24.8673,59.4873],[24.8675,59.4874],[24.8678,59.4875],[24.8682,59.4876],[24.8696,59.488],[24.8711,59.4884],[24.8713,59.4885],[24.872,59.4887],[24.8726,59.4888],[24.8729,59.4889],[24.8731,59.489],[24.874,59.4893],[24.8747,59.4895],[24.8754,59.4897],[24.8756,59.4897],[24.8763,59.4899],[24.8768,59.4901],[24.8782,59.4905],[24.8786,59.4906],[24.8788,59.4907],[24.8794,59.4908],[24.8797,59.4909],[24.8799,59.4909],[24.8798,59.4911],[24.8796,59.4914]],[[26.7165,58.3821],[26.7166,58.3822],[26.7168,58.3823],[26.7169,58.3824],[26.717,58.3825],[26.7174,58.3827],[26.7174,58.3828],[26.7176,58.3829],[26.7178,58.383],[26.7182,58.3832],[26.7183,58.3832],[26.7185,58.3833],[26.7187,58.3833],[26.7191,58.3834],[26.7193,58.3834],[26.7196,58.3835],[26.7201,58.3836],[26.7204,58.3836],[26.7208,58.3837],[26.7213,58.3838],[26.7221,58.3841],[26.7227,58.3843]],[[28.1807,59.394],[28.1808,59.3942],[28.1808,59.3943],[28.1804,59.395],[28.1789,59.396],[28.1786,59.3963],[28.176,59.3986]],[[28.1756,59.3867],[28.1761,59.3867]],[[27.3483,59.3827],[27.3487,59.3828],[27.3488,59.3828],[27.3486,59.383],[27.3485,59.3831],[27.3481,59.383],[27.3483,59.3827]],[[24.8369,59.4278],[24.8374,59.4274],[24.8378,59.4268],[24.8379,59.4266],[24.8387,59.4255],[24.8403,59.4232]],[[24.8041,59.4286],[24.8045,59.4287],[24.8047,59.4288],[24.8046,59.4288],[24.8045,59.4288]],[[24.8104,59.4319],[24.8107,59.4319],[24.811,59.432]],[[24.813,59.432],[24.8122,59.432],[24.8118,59.432],[24.8116,59.4321],[24.8113,59.4319]],[[24.8626,59.4575],[24.8635,59.4572],[24.8642,59.4569],[24.8646,59.4568],[24.8659,59.4565],[24.868,59.4562],[24.8698,59.4555],[24.8704,59.4553],[24.8705,59.4551],[24.8705,59.455]],[[24.8936,59.4543],[24.8909,59.4544],[24.8879,59.4547],[24.8845,59.4548],[24.8843,59.4549],[24.8839,59.4548],[24.8838,59.4548],[24.8837,59.4548],[24.8832,59.4548],[24.8829,59.4548],[24.882,59.4548],[24.8819,59.4548]],[[24.9016,59.4586],[24.9022,59.4591],[24.9027,59.4594],[24.9028,59.4595]],[[24.9013,59.458],[24.9016,59.4586]],[[24.6378,59.3691],[24.638,59.3691],[24.638,59.3692],[24.6378,59.3692],[24.638,59.3693],[24.6383,59.3696],[24.6381,59.3693],[24.638,59.3692]],[[24.6472,59.3748],[24.6486,59.3756],[24.6488,59.3757],[24.6493,59.376],[24.6495,59.3761],[24.6496,59.3761],[24.6501,59.3764],[24.6507,59.3767],[24.6512,59.377],[24.6521,59.3774],[24.6522,59.3775],[24.6549,59.3786],[24.6551,59.3786],[24.6575,59.3794],[24.6577,59.3795],[24.6592,59.38],[24.6596,59.3801],[24.6604,59.3804],[24.6616,59.3807],[24.6618,59.3808],[24.6626,59.381],[24.6627,59.3811],[24.6628,59.3811],[24.6636,59.3813],[24.6638,59.3814],[24.664,59.3814],[24.6642,59.3815],[24.6646,59.3816],[24.6652,59.3818],[24.6662,59.3821],[24.6684,59.3828],[24.6686,59.3829],[24.6699,59.3833],[24.6703,59.3835],[24.6707,59.3836],[24.6713,59.3838],[24.6722,59.3842],[24.6723,59.3842],[24.6727,59.3844],[24.6728,59.3844],[24.674,59.3848],[24.6752,59.3853],[24.6759,59.3856],[24.6763,59.3858],[24.6764,59.3858],[24.6767,59.3859],[24.6783,59.3864],[24.6784,59.3864],[24.6799,59.3868],[24.6812,59.3872],[24.6815,59.3873],[24.6828,59.3876],[24.6837,59.3879],[24.6839,59.3879]],[[24.3986,59.3078],[24.3984,59.3078],[24.3984,59.3077],[24.3985,59.3077],[24.3986,59.3077],[24.3986,59.3078]],[[24.7548,59.4192],[24.752,59.4189],[24.7519,59.419],[24.7514,59.4189],[24.7513,59.4189]],[[27.3382,59.4007],[27.3379,59.4007],[27.3378,59.4006],[27.3381,59.4005],[27.3382,59.4007]],[[26.3359,59.3632],[26.3361,59.3631],[26.3363,59.3633],[26.336,59.3633],[26.3359,59.3632]],[[24.4626,58.3927],[24.4625,58.3928],[24.4621,58.393],[24.4618,58.3931],[24.4613,58.3933],[24.4611,58.3934],[24.4604,58.3937],[24.4601,58.3938],[24.4599,58.3938],[24.4598,58.3939],[24.4593,58.3941],[24.4591,58.3941],[24.458,58.3945],[24.4575,58.3947],[24.4569,58.3949],[24.4557,58.3952],[24.4548,58.3958]],[[25.0202,59.4875],[25.0202,59.4874],[25.0202,59.4872],[25.0201,59.4867],[25.0201,59.4866],[25.02,59.4864],[25.0198,59.4861]],[[24.8249,59.4477],[24.8244,59.4476],[24.8241,59.4476],[24.8242,59.4474],[24.8244,59.4475],[24.8249,59.4477],[24.8251,59.4477],[24.8258,59.4479],[24.8267,59.4481],[24.8271,59.4482],[24.8273,59.4482],[24.828,59.4484],[24.8281,59.4484],[24.8324,59.4494],[24.8328,59.4497],[24.8332,59.451],[24.8335,59.4522],[24.8339,59.4525],[24.8359,59.4523],[24.8362,59.4523],[24.8368,59.4522],[24.8388,59.452],[24.8418,59.4517],[24.8422,59.4516],[24.8424,59.4516],[24.8441,59.4515],[24.8458,59.4513],[24.8461,59.4513],[24.8472,59.4513],[24.8484,59.4513],[24.8489,59.4513],[24.849,59.4513],[24.8501,59.4513],[24.8524,59.4518],[24.8527,59.4518],[24.8537,59.4521],[24.8545,59.4519],[24.8559,59.4514],[24.8568,59.4512],[24.857,59.4512]],[[24.8299,59.4647],[24.8312,59.4654]],[[25.0265,59.4882],[25.026,59.4881],[25.0247,59.4879],[25.0245,59.4879],[25.0232,59.4879],[25.023,59.4879],[25.0226,59.4878],[25.022,59.4878],[25.0217,59.4877],[25.0206,59.4875],[25.0205,59.4875],[25.0202,59.4875]],[[24.9886,59.457],[24.9884,59.4567]],[[24.9228,59.4485],[24.923,59.4485],[24.9232,59.4485],[24.9234,59.4487],[24.9234,59.4488],[24.9231,59.4489],[24.9227,59.4489],[24.9225,59.4491],[24.9221,59.4496],[24.9226,59.4491],[24.9231,59.4489]],[[26.0272,57.7781],[26.0271,57.7781],[26.0269,57.7785],[26.0268,57.7787]],[[24.677,59.4009],[24.6763,59.4006]],[[27.4674,59.3387],[27.4673,59.3388],[27.467,59.3389],[27.4668,59.3387],[27.4671,59.3386],[27.4672,59.3386],[27.4674,59.3387]],[[24.9889,59.4566],[24.9893,59.4566],[24.9909,59.4566],[24.9929,59.4569],[24.9939,59.457],[24.9958,59.4573],[24.9962,59.4574],[24.9967,59.4564],[24.9981,59.4554],[24.9982,59.4554],[24.9987,59.4552],[24.999,59.4551],[24.9992,59.455],[24.9993,59.4548],[24.9994,59.4548],[24.9997,59.4547],[25.0004,59.4549],[24.9994,59.4549],[24.9993,59.455],[24.9992,59.455]],[[24.9961,59.4575],[24.9958,59.4574],[24.9939,59.4571],[24.9928,59.457],[24.9895,59.4567],[24.9892,59.4568]],[[24.654,59.405],[24.6543,59.4048],[24.6546,59.4046],[24.655,59.4044],[24.6554,59.4042],[24.6555,59.4041],[24.6556,59.4042],[24.6557,59.4042],[24.656,59.4044],[24.6564,59.4046],[24.6568,59.4048],[24.6571,59.405],[24.6573,59.4051],[24.6578,59.4053],[24.6586,59.4059],[24.659,59.4061],[24.6592,59.4063],[24.6594,59.4064],[24.6595,59.4064],[24.6603,59.407],[24.6607,59.4073],[24.6609,59.4075],[24.661,59.4076],[24.6612,59.4078],[24.6612,59.4079],[24.6615,59.4081],[24.6617,59.4084],[24.6618,59.4087],[24.6619,59.4088],[24.6623,59.4093],[24.6624,59.4094],[24.6626,59.4095],[24.6628,59.4098],[24.6632,59.4101],[24.6633,59.4102],[24.6634,59.4102],[24.6639,59.4105],[24.6641,59.4107],[24.6643,59.4107],[24.6644,59.4108],[24.6646,59.4108],[24.6647,59.4109],[24.6649,59.4109],[24.6655,59.4112],[24.6657,59.4113],[24.6662,59.4115],[24.6665,59.4116],[24.6667,59.4117],[24.6672,59.4119],[24.6675,59.4121],[24.6679,59.4122],[24.6681,59.4123],[24.6683,59.4124],[24.6692,59.4127]],[[24.6776,59.3982],[24.6783,59.3983],[24.6794,59.3984],[24.6808,59.3986],[24.6811,59.3986],[24.6813,59.3987],[24.6823,59.3988],[24.6829,59.3988],[24.6835,59.3989]],[[24.6648,59.4108],[24.665,59.4108],[24.6652,59.4109],[24.6656,59.4111],[24.6659,59.4112],[24.6667,59.4115],[24.6668,59.4116],[24.6669,59.4116],[24.6672,59.4118],[24.6675,59.4121]],[[24.6646,59.4107],[24.6648,59.4108]],[[24.8377,59.4743],[24.8378,59.4744],[24.839,59.4757],[24.8396,59.4771],[24.8404,59.4798],[24.8407,59.4808],[24.8408,59.4808],[24.8418,59.4845]],[[24.9216,59.4507],[24.9214,59.4511],[24.9213,59.4514],[24.921,59.452],[24.9209,59.4522],[24.9206,59.4529],[24.9205,59.4532],[24.9199,59.4545],[24.9197,59.4548],[24.9195,59.4552],[24.9194,59.4554],[24.9188,59.4567],[24.9187,59.457],[24.9181,59.4581],[24.9181,59.4582],[24.918,59.4583],[24.9177,59.459],[24.9176,59.4592],[24.9173,59.4599],[24.9171,59.4604],[24.9169,59.4609],[24.9169,59.4611],[24.9166,59.461],[24.9168,59.4608],[24.9169,59.4605],[24.9171,59.4604]],[[24.8049,59.0001],[24.8047,59.0001],[24.8048,58.9999],[24.8049,58.9999],[24.805,58.9999],[24.8051,59],[24.8049,59.0001]],[[26.2693,59.4227],[26.2693,59.4224],[26.2694,59.4224],[26.2697,59.4224],[26.2698,59.4225],[26.2699,59.4227],[26.2694,59.4228],[26.2693,59.4227]],[[25.5828,58.3528],[25.5827,58.3526],[25.5826,58.3523],[25.5825,58.3522],[25.582,58.3508],[25.582,58.3507],[25.5819,58.3504],[25.5817,58.3497],[25.5816,58.3493]],[[27.0736,58.0669],[27.0738,58.0668],[27.0741,58.0668],[27.0743,58.0669],[27.0743,58.067],[27.0741,58.0671],[27.0737,58.0671],[27.0736,58.067],[27.0736,58.0669]],[[26.0272,57.7781],[26.0272,57.778],[26.0273,57.7778],[26.0275,57.7774],[26.0275,57.7773]],[[26.714,58.3432],[26.714,58.3434],[26.714,58.3435],[26.7141,58.3438],[26.7142,58.3441],[26.7142,58.3442],[26.7146,58.3445],[26.7147,58.3445],[26.7149,58.3447],[26.7148,58.3448],[26.7146,58.3448],[26.7146,58.345],[26.7147,58.3456],[26.7148,58.3457],[26.7149,58.3458],[26.7149,58.3456],[26.7148,58.345],[26.7148,58.3448]],[[26.27,59.4254],[26.2697,59.4254],[26.2696,59.4254],[26.2695,59.4252],[26.2696,59.4252],[26.2699,59.4251],[26.27,59.4252],[26.27,59.4254]],[[24.6465,59.4195],[24.6468,59.4195],[24.6475,59.4195]],[[24.6638,59.4103],[24.6645,59.4106],[24.6646,59.4107]],[[24.6635,59.4101],[24.6638,59.4103]],[[26.7997,58.3724],[26.8,58.3723],[26.8,58.3724],[26.7998,58.3725],[26.7997,58.3724]],[[24.6556,59.404],[24.6557,59.4041],[24.6558,59.404],[24.6561,59.4038]],[[25.1189,59.1817],[25.1189,59.1819],[25.1188,59.182],[25.1184,59.182],[25.1184,59.1817],[25.1189,59.1817]],[[24.7626,59.319],[24.7623,59.3193],[24.7619,59.3192],[24.7619,59.3191],[24.7621,59.3189],[24.7622,59.3189],[24.7625,59.319],[24.7626,59.319]],[[24.769,59.3247],[24.7687,59.3248],[24.7684,59.3247],[24.7686,59.3245],[24.7688,59.3245],[24.769,59.3247]],[[24.7975,59.0113],[24.7979,59.0112],[24.7981,59.0112],[24.7982,59.0114],[24.7981,59.0115],[24.7978,59.0115],[24.7977,59.0115],[24.7975,59.0113]],[[24.7939,59.0077],[24.7938,59.0077],[24.7936,59.0076],[24.7937,59.0075],[24.7938,59.0075],[24.7941,59.0075],[24.794,59.0077],[24.7939,59.0077]],[[24.8008,59.0142],[24.8012,59.0141],[24.8014,59.0143],[24.8011,59.0145],[24.8007,59.0144],[24.8008,59.0142]],[[26.5117,59.4949],[26.5116,59.4949],[26.5112,59.4949],[26.5111,59.4948],[26.5112,59.4946],[26.5113,59.4946],[26.5117,59.4947],[26.5118,59.4947],[26.5117,59.4949]],[[26.5271,59.4994],[26.5271,59.4996],[26.5268,59.4997],[26.5265,59.4996],[26.5265,59.4994],[26.5269,59.4993],[26.5271,59.4994]],[[25.159,59.1873],[25.1589,59.1872],[25.1588,59.1871],[25.159,59.187],[25.1592,59.1871],[25.1592,59.1872],[25.159,59.1873]],[[28.1766,59.3857],[28.1768,59.3857]],[[28.1872,59.3661],[28.1875,59.3662]],[[26.741,58.3498],[26.741,58.3497],[26.741,58.3496],[26.741,58.349],[26.741,58.3488],[26.741,58.3482],[26.7411,58.3476],[26.7411,58.3473],[26.7411,58.347],[26.7411,58.3462],[26.7411,58.3454],[26.7411,58.3453],[26.7411,58.3451],[26.7411,58.345],[26.7411,58.3449],[26.7412,58.3446],[26.7413,58.3438],[26.7414,58.3435],[26.7414,58.3433],[26.7415,58.3431]],[[24.6555,59.4042],[24.6552,59.4044],[24.655,59.4045],[24.6547,59.4047],[24.6545,59.4048],[24.654,59.405],[24.6535,59.4053],[24.6531,59.4055],[24.6527,59.4057],[24.6525,59.4058],[24.6524,59.4059],[24.6519,59.4062],[24.6514,59.4064],[24.6511,59.4066],[24.6509,59.4067],[24.6504,59.407],[24.6503,59.407],[24.65,59.4072],[24.6496,59.4074]],[[24.6557,59.4041],[24.6556,59.4042],[24.6555,59.4042]],[[24.6543,59.4034],[24.6547,59.4035],[24.6549,59.4036],[24.655,59.4037],[24.6555,59.404],[24.6556,59.404]],[[24.6557,59.4041],[24.6559,59.4041],[24.6561,59.4043],[24.6569,59.4048],[24.6572,59.4049],[24.6574,59.4051],[24.6577,59.4052],[24.6581,59.4055],[24.6587,59.4058],[24.659,59.406],[24.6595,59.4063],[24.6596,59.4064],[24.6599,59.4066],[24.6603,59.4069],[24.6608,59.4072],[24.6611,59.4075],[24.6614,59.4078],[24.6617,59.4082],[24.662,59.4088],[24.6622,59.409],[24.6623,59.4092],[24.6625,59.4093],[24.6627,59.4094],[24.6629,59.4096],[24.6631,59.4098],[24.6634,59.41],[24.6635,59.4101]],[[24.6793,59.4031],[24.679,59.4028],[24.6784,59.4022],[24.6782,59.4021],[24.6778,59.4017],[24.6776,59.4015],[24.6775,59.4013]],[[24.8049,59.429],[24.8048,59.429],[24.8047,59.429]],[[24.8049,59.4288],[24.8049,59.4289],[24.805,59.429],[24.8052,59.4291],[24.8068,59.4299],[24.8069,59.43],[24.807,59.4301]],[[24.8115,59.4322],[24.8112,59.4322],[24.811,59.4322]],[[24.895,59.4546],[24.8965,59.455],[24.898,59.4554],[24.9004,59.4567],[24.9006,59.4569],[24.9013,59.458]],[[24.895,59.4546],[24.894,59.4543],[24.8936,59.4543]],[[27.0058,57.8425],[27.0058,57.8424],[27.0059,57.8424],[27.006,57.8424],[27.0061,57.8424],[27.006,57.8425],[27.0058,57.8425]],[[24.672,59.3973],[24.6728,59.3974]],[[24.6726,59.3978],[24.6719,59.3977]],[[25.4036,58.8136],[25.4034,58.8136],[25.4033,58.8135],[25.4035,58.8134],[25.4036,58.8134],[25.4037,58.8134],[25.4037,58.8135],[25.4036,58.8136]],[[26.7581,58.345],[26.7587,58.3453],[26.7592,58.3456],[26.7608,58.3469],[26.7611,58.3472],[26.7613,58.3475],[26.7617,58.348],[26.7623,58.3502],[26.762,58.3528],[26.7624,58.3542],[26.7634,58.3553],[26.7638,58.3557],[26.7652,58.3567],[26.7659,58.3572],[26.7696,58.3599],[26.7702,58.3604],[26.7707,58.3608],[26.7711,58.3612],[26.7715,58.3615],[26.7721,58.3621],[26.7723,58.3623],[26.7727,58.3627],[26.7729,58.3627],[26.7732,58.3628],[26.7732,58.3629],[26.7729,58.3632],[26.7735,58.3638],[26.774,58.3643],[26.7751,58.3653],[26.7763,58.3663],[26.7764,58.3664],[26.78,58.3693],[26.7803,58.3696],[26.7816,58.3714],[26.7819,58.3725],[26.7819,58.3733],[26.7819,58.3734],[26.7821,58.3747],[26.7835,58.3757],[26.7836,58.3759],[26.7839,58.3758],[26.7837,58.3757],[26.7828,58.3751],[26.7822,58.3746],[26.7821,58.3734],[26.7821,58.3733],[26.7821,58.3728],[26.7818,58.3713],[26.7807,58.3699],[26.7803,58.3696]],[[26.7528,58.3432],[26.7547,58.3436],[26.7581,58.345]],[[26.7148,58.342],[26.7151,58.3421],[26.715,58.3423],[26.7148,58.3423],[26.7146,58.3422],[26.7143,58.3426],[26.7139,58.3434],[26.7139,58.3435],[26.7139,58.3437],[26.7139,58.3438],[26.714,58.344],[26.714,58.3441],[26.7143,58.3446],[26.7146,58.3445]],[[26.7412,58.3446],[26.7411,58.3444],[26.7411,58.344],[26.741,58.3432]],[[26.7144,58.3426],[26.714,58.3432]],[[28.1794,59.379],[28.1798,59.3783],[28.1803,59.3774],[28.1807,59.3766],[28.1815,59.3752],[28.1821,59.3743],[28.1822,59.3741],[28.1823,59.374],[28.1829,59.3731],[28.1844,59.3707]],[[28.1792,59.3797],[28.1792,59.3796],[28.1792,59.3795],[28.1792,59.3794],[28.1793,59.3792],[28.1794,59.379]],[[28.1793,59.3807],[28.1792,59.3803],[28.1792,59.3798],[28.1792,59.3797]],[[26.7843,58.3759],[26.7842,58.3761],[26.784,58.3761],[26.7836,58.3759]],[[24.5085,58.3874],[24.5084,58.3873],[24.5082,58.3867],[24.5081,58.3865],[24.5081,58.3864],[24.5081,58.3862],[24.5083,58.3862]],[[26.7722,58.3625],[26.7721,58.3623],[26.7719,58.3622],[26.7711,58.3612]],[[26.3769,59.3422],[26.3766,59.3422],[26.3767,59.3421],[26.3769,59.3421],[26.3769,59.3422]],[[24.9504,59.0556],[24.9503,59.0555],[24.9506,59.0554],[24.9508,59.0555],[24.9507,59.0556],[24.9505,59.0557],[24.9504,59.0556]],[[26.8295,58.9796],[26.8295,58.9795],[26.8297,58.9795],[26.8299,58.9796],[26.8298,58.9796],[26.8298,58.9797],[26.8297,58.9797],[26.8295,58.9796]],[[27.4201,59.3366],[27.42,59.3367],[27.4196,59.3372],[27.4194,59.3375]],[[27.4197,59.3364],[27.4199,59.3361],[27.4211,59.335],[27.4215,59.3347],[27.422,59.3343],[27.4225,59.3339],[27.4237,59.3329],[27.4243,59.3325],[27.426,59.331],[27.4268,59.3304],[27.4269,59.3303],[27.4275,59.3299],[27.4276,59.3298],[27.4287,59.3289],[27.4296,59.3282],[27.4303,59.3277],[27.4306,59.3275],[27.4314,59.3269],[27.4321,59.3264],[27.4338,59.3251]],[[27.4201,59.3365],[27.4201,59.3366],[27.4198,59.3367],[27.4196,59.3366]],[[27.3613,59.3436],[27.361,59.3437],[27.3606,59.3436],[27.3608,59.3434],[27.3612,59.3434],[27.3613,59.3436]],[[27.2863,59.3987],[27.2863,59.3988],[27.286,59.3988],[27.286,59.3987],[27.2863,59.3987]],[[24.6726,59.3978],[24.6723,59.398],[24.6718,59.3988],[24.6717,59.3991],[24.6714,59.3996]],[[28.1863,59.3675],[28.1866,59.3676]],[[26.7724,58.3629],[26.7722,58.3625]],[[24.6378,59.3692],[24.6377,59.3692],[24.6376,59.3691]],[[26.7146,58.3422],[26.7148,58.342]],[[22.7467,58.9941],[22.7465,58.994],[22.7464,58.9939],[22.7466,58.9938],[22.7468,58.9939],[22.7469,58.994],[22.7467,58.9941]],[[24.6302,59.3643],[24.6298,59.3645],[24.6294,59.3644]],[[24.752,59.4186],[24.752,59.4189]],[[22.4839,58.262],[22.4842,58.262],[22.4848,58.2619],[22.4843,58.262],[22.4841,58.2621],[22.4839,58.262],[22.4838,58.262],[22.4836,58.2621]],[[22.4841,58.2621],[22.4839,58.2622],[22.4838,58.2622]],[[26.4005,58.755],[26.4009,58.7549],[26.4014,58.755],[26.4015,58.7551],[26.4013,58.7555],[26.4004,58.7554],[26.4005,58.755]],[[24.9167,59.3986],[24.9169,59.3984],[24.917,59.3984],[24.9171,59.3986],[24.9167,59.3986]],[[27.4189,59.3512],[27.4188,59.3512],[27.4188,59.3511],[27.4189,59.351]],[[27.4191,59.3512],[27.4189,59.3512],[27.4189,59.3513],[27.4187,59.3518]],[[24.8049,59.4289],[24.8049,59.429]],[[26.7732,58.3629],[26.7736,58.3637],[26.7751,58.3653]],[[26.7212,58.3546],[26.7209,58.3541],[26.7209,58.354],[26.72,58.3529],[26.7194,58.3522],[26.7191,58.3518],[26.7189,58.3516],[26.7185,58.3511],[26.7184,58.351],[26.7183,58.3509],[26.7173,58.3496],[26.7164,58.3484],[26.7163,58.3482],[26.7162,58.3481],[26.7161,58.348],[26.7156,58.3474],[26.7153,58.3469],[26.7151,58.3464],[26.7149,58.3458]],[[25.0251,59.4871],[25.0252,59.4871],[25.0259,59.4872],[25.0269,59.4873],[25.027,59.4873],[25.0273,59.4873],[25.0276,59.4873],[25.0276,59.4874],[25.0275,59.4877],[25.0274,59.4877],[25.0271,59.4882],[25.027,59.4883],[25.0266,59.4883],[25.0265,59.4882]],[[24.8626,59.4575],[24.8621,59.4578],[24.862,59.4578],[24.8618,59.4579],[24.8617,59.4579],[24.8615,59.4579],[24.8614,59.458],[24.8611,59.458],[24.8607,59.4579],[24.8595,59.4579],[24.8584,59.4579],[24.8582,59.4579],[24.8576,59.4579],[24.8572,59.458],[24.857,59.458],[24.8557,59.4581],[24.8556,59.4581],[24.8548,59.4582],[24.8546,59.4582],[24.8537,59.4583],[24.853,59.4584],[24.8526,59.4585],[24.8525,59.4585],[24.8519,59.4585]],[[24.5039,58.3862],[24.5037,58.3862],[24.5028,58.3862],[24.5011,58.3861],[24.501,58.3861],[24.4994,58.386],[24.4983,58.386],[24.4974,58.3859],[24.4973,58.386],[24.4973,58.3858]],[[24.859,59.4517],[24.8589,59.4516]],[[24.9043,59.4622],[24.9044,59.4623],[24.9043,59.4624]],[[25.0046,59.4635],[25.0094,59.4658],[25.0111,59.4667],[25.0121,59.4672],[25.0122,59.4672],[25.0126,59.4674],[25.013,59.4676],[25.0144,59.4685],[25.0166,59.4702],[25.017,59.4707],[25.017,59.4708],[25.0178,59.472],[25.018,59.4724],[25.0181,59.4725],[25.0182,59.4727],[25.0186,59.4738],[25.0187,59.4739]],[[27.1337,58.6004],[27.1336,58.6003],[27.1338,58.6002],[27.1339,58.6002],[27.134,58.6003],[27.1337,58.6004]],[[24.8241,59.4476],[24.8238,59.4476]],[[24.8239,59.4474],[24.8242,59.4474]],[[25.0004,59.4549],[25.0019,59.4552],[25.0038,59.4556],[25.0042,59.4557],[25.0046,59.4558],[25.005,59.4561],[25.0056,59.4577],[25.0057,59.4581],[25.0058,59.4583],[25.0058,59.4586],[25.006,59.4592],[25.0048,59.4606],[25.0036,59.462],[25.0036,59.4626],[25.0044,59.4634],[25.0046,59.4635]],[[26.7146,58.3448],[26.7143,58.3446]],[[24.7627,59.4349],[24.7623,59.435],[24.7619,59.4351]],[[26.3631,58.745],[26.363,58.7449],[26.363,58.7448],[26.3631,58.7447],[26.3633,58.7447],[26.3635,58.7448],[26.3634,58.745],[26.3632,58.745],[26.3631,58.745]],[[25.0229,59.4869],[25.023,59.4869],[25.0243,59.487],[25.0248,59.4871],[25.0249,59.4871],[25.0251,59.4871]],[[24.9043,59.4621],[24.9043,59.4622],[24.904,59.4622]],[[26.7409,58.3543],[26.7409,58.3509],[26.741,58.3499],[26.741,58.3498]],[[24.4929,58.4033],[24.4929,58.4034],[24.4929,58.4043],[24.4929,58.4044],[24.493,58.405],[24.493,58.4051],[24.4931,58.4058],[24.4932,58.4062]],[[24.5207,58.3821],[24.5225,58.3813],[24.5227,58.3812],[24.5228,58.3812],[24.5253,58.3802],[24.5263,58.3798],[24.5264,58.3797],[24.5283,58.379],[24.5291,58.3787],[24.53,58.3783],[24.5303,58.3782],[24.5307,58.378],[24.531,58.3779],[24.5312,58.3779],[24.5313,58.3778],[24.5314,58.3777],[24.5315,58.3777],[24.5327,58.3772],[24.5341,58.3767],[24.5349,58.3763],[24.5353,58.3762],[24.5354,58.3761],[24.5356,58.376],[24.5388,58.3744],[24.539,58.3743],[24.5407,58.3735],[24.5409,58.3734],[24.541,58.3733],[24.5439,58.3719],[24.5452,58.3712],[24.5469,58.3704],[24.5472,58.3702],[24.5474,58.3701]],[[24.9109,59.4614],[24.911,59.4614],[24.9129,59.4613],[24.9132,59.4613],[24.9143,59.4613],[24.9152,59.4612],[24.9164,59.4611],[24.9166,59.461]],[[24.6381,59.3821],[24.6375,59.3811],[24.6367,59.3794],[24.6366,59.3793]],[[24.677,59.4009],[24.6771,59.4007]],[[24.6771,59.401],[24.677,59.4009]],[[24.8116,59.4321],[24.8115,59.4322]],[[24.9039,59.4627],[24.904,59.4624]],[[24.8799,59.4909],[24.88,59.4908],[24.88,59.4907],[24.8805,59.49],[24.8803,59.4906],[24.8801,59.4908],[24.8801,59.491],[24.8799,59.4909]],[[24.5048,58.3862],[24.5041,58.3862],[24.5039,58.3862]],[[28.1717,59.3919],[28.1711,59.3918],[28.1707,59.3917]],[[24.6719,59.3974],[24.672,59.3973]],[[24.6727,59.3978],[24.6726,59.3978]],[[24.6551,59.4154],[24.6545,59.4152]],[[24.6555,59.4151],[24.6551,59.4154]],[[24.7442,59.4188],[24.745,59.4185]],[[24.6305,59.3648],[24.6318,59.3655],[24.6319,59.3655],[24.632,59.3655],[24.6327,59.3659],[24.6331,59.3662],[24.6333,59.3662],[24.6335,59.3664],[24.6341,59.3667],[24.6347,59.3672],[24.6349,59.3673]],[[24.8607,59.4579],[24.8614,59.4579],[24.8617,59.4579],[24.8619,59.4578],[24.8626,59.4575]],[[24.8269,59.4631],[24.827,59.4631],[24.8272,59.4632],[24.8282,59.4638],[24.8286,59.464],[24.8299,59.4647]],[[24.8382,59.4742],[24.8388,59.4741]],[[26.7148,58.3423],[26.7144,58.3426]],[[26.7408,58.3431],[26.7408,58.3429]],[[26.7538,58.381],[26.7537,58.3809],[26.7537,58.3808],[26.7534,58.3803]],[[24.9041,59.4673],[24.9041,59.4675],[24.9035,59.4685]],[[24.9065,59.4609],[24.9072,59.4611],[24.9077,59.4613],[24.9085,59.4614],[24.9089,59.4614],[24.9109,59.4614]],[[24.9051,59.4607],[24.9053,59.4605]],[[26.7729,58.3632],[26.7724,58.3631],[26.7724,58.3629],[26.7727,58.3627]],[[26.7839,58.3758],[26.7843,58.3759]],[[26.7413,58.3428],[26.7416,58.343]],[[25.5837,58.3576],[25.5838,58.3576]],[[25.5838,58.3579],[25.5836,58.3577],[25.5838,58.3577]],[[25.5837,58.3576],[25.5837,58.3575],[25.5837,58.3574],[25.5838,58.3574]],[[24.5059,58.3861],[24.5063,58.3861]],[[24.506,58.3863],[24.5053,58.3863],[24.5048,58.3862]],[[24.4947,58.3936],[24.4944,58.3942],[24.4944,58.3943],[24.4942,58.396],[24.4941,58.3964],[24.494,58.3966],[24.4939,58.3969],[24.4938,58.3973],[24.4937,58.3976],[24.4937,58.3977],[24.4937,58.3978],[24.4934,58.3987],[24.4933,58.3991],[24.4932,58.3992],[24.4932,58.3993],[24.4931,58.3996],[24.493,58.4001],[24.493,58.4002],[24.493,58.4007],[24.4929,58.4011],[24.4929,58.4012],[24.4928,58.4021],[24.4928,58.4026],[24.4928,58.4027],[24.4928,58.4028],[24.4929,58.4033]],[[25.4843,58.537],[25.4845,58.5369],[25.4847,58.5368]],[[24.9051,59.461],[24.9051,59.4607]],[[24.9046,59.4617],[24.9045,59.4619],[24.9043,59.4621]],[[24.9041,59.4673],[24.9041,59.4672]],[[28.1871,59.3584],[28.1875,59.3585],[28.1874,59.3586],[28.1873,59.3587]],[[24.9175,59.4613],[24.9209,59.4613],[24.9238,59.4609]],[[26.7491,58.375],[26.749,58.375],[26.7486,58.3747],[26.7486,58.3745]],[[24.5029,58.3919],[24.502,58.3919],[24.5013,58.3919],[24.5002,58.3919],[24.4994,58.3918],[24.4981,58.3916],[24.497,58.3917]],[[24.5077,58.3921],[24.5075,58.3921],[24.5064,58.3922],[24.5061,58.3922],[24.5029,58.3919]],[[24.4637,58.3922],[24.4638,58.3922]],[[24.4626,58.3927],[24.4635,58.3924],[24.4635,58.3923],[24.4637,58.3922]],[[22.4639,58.2466],[22.4638,58.2466]],[[22.4639,58.2464],[22.464,58.2464]],[[22.4641,58.2465],[22.4639,58.2466]],[[28.187,59.3587],[28.187,59.3586],[28.1871,59.3584]],[[25.5836,58.3576],[25.5837,58.3576]],[[25.5836,58.3577],[25.5836,58.3576]],[[28.179,59.3831],[28.1795,59.3824],[28.1795,59.3822],[28.1794,59.3811],[28.1794,59.381],[28.1793,59.3807]],[[24.9961,59.4575],[24.9962,59.4574]],[[24.9221,59.4496],[24.9217,59.4506],[24.9216,59.4507]],[[24.4604,58.3937],[24.4602,58.3938],[24.46,58.3939],[24.4599,58.3939],[24.4595,58.3941],[24.4586,58.3944]],[[24.6546,59.4036],[24.6547,59.4035]],[[24.6715,59.399],[24.6717,59.3991]],[[24.6693,59.4037],[24.6695,59.4037]],[[27.4229,59.3548],[27.4222,59.3551],[27.422,59.3551],[27.4218,59.3551],[27.4212,59.3551],[27.421,59.3551],[27.4204,59.355]],[[27.411,59.3565],[27.4109,59.3567],[27.4106,59.3568]],[[27.4115,59.3563],[27.4111,59.3565],[27.411,59.3565],[27.4108,59.3565]],[[27.2805,59.4084],[27.2806,59.4082],[27.281,59.4079],[27.2811,59.4078],[27.2815,59.4074],[27.2817,59.4073],[27.2818,59.4072],[27.2818,59.4071],[27.282,59.407],[27.2826,59.4065],[27.2827,59.4064],[27.2831,59.406],[27.2832,59.4059],[27.2832,59.4058],[27.2832,59.4057],[27.2833,59.4057],[27.2834,59.4057],[27.2836,59.4057]],[[27.2834,59.4057],[27.2835,59.4056],[27.2837,59.4054],[27.2841,59.4051],[27.2845,59.4048],[27.2848,59.4044],[27.285,59.4043],[27.285,59.4042],[27.285,59.4041],[27.2852,59.404],[27.2854,59.4041]],[[27.2854,59.4039],[27.2857,59.4037],[27.2862,59.4033],[27.2865,59.403],[27.2869,59.4025],[27.287,59.4025],[27.2872,59.4023],[27.2874,59.4021],[27.2875,59.402],[27.2877,59.4019],[27.2884,59.4012],[27.2885,59.4012],[27.2886,59.4011],[27.289,59.4007],[27.2891,59.4006]],[[27.2852,59.404],[27.2854,59.4039]],[[27.2793,59.4094],[27.2797,59.4091],[27.2799,59.4089],[27.2805,59.4084]],[[27.2786,59.4101],[27.2788,59.4099],[27.2793,59.4094]],[[24.5089,58.3918],[24.509,58.3916],[24.5091,58.3914]],[[24.5091,58.389],[24.509,58.3885],[24.509,58.3881],[24.509,58.3879],[24.5087,58.3876],[24.509,58.3875]],[[24.5087,58.3876],[24.5085,58.3876],[24.5085,58.3874],[24.5087,58.3873]],[[24.6728,59.3974],[24.6731,59.3975],[24.6756,59.3979],[24.6759,59.398],[24.6763,59.398],[24.6771,59.3981],[24.6773,59.3981],[24.6776,59.3982]],[[24.6798,59.4036],[24.6796,59.4033],[24.6793,59.4031]],[[24.6801,59.4039],[24.6798,59.4036]],[[24.6803,59.4041],[24.6802,59.4039],[24.6801,59.4039]],[[24.6389,59.3838],[24.6388,59.3836],[24.6386,59.3832],[24.6384,59.3828],[24.6382,59.3824],[24.6381,59.3821]],[[24.6383,59.3696],[24.6385,59.3697],[24.6392,59.3702],[24.6394,59.3704],[24.6395,59.3704],[24.6396,59.3705],[24.6398,59.3706],[24.64,59.3708],[24.6403,59.371],[24.6407,59.3712],[24.6409,59.3713],[24.6411,59.3715],[24.6413,59.3716],[24.6429,59.3725],[24.6435,59.3728],[24.6435,59.3729],[24.6436,59.3729],[24.6445,59.3734],[24.6459,59.3741],[24.6467,59.3745],[24.6469,59.3746],[24.647,59.3747],[24.6472,59.3748]],[[24.9175,59.4613],[24.9168,59.4613],[24.9169,59.4611],[24.9175,59.4613]],[[24.9165,59.4612],[24.9147,59.4613],[24.9143,59.4613]],[[24.9165,59.4613],[24.9165,59.4612],[24.9164,59.4611]],[[26.0362,57.7775],[26.0364,57.7775],[26.0364,57.7776],[26.0365,57.7776]],[[26.0419,57.7746],[26.042,57.7747],[26.042,57.7748]],[[24.5088,58.392],[24.5085,58.392],[24.5077,58.3921],[24.508,58.392],[24.5085,58.3919],[24.5088,58.3919],[24.5089,58.3918],[24.5092,58.3917]],[[24.5094,58.3918],[24.5099,58.3918],[24.5109,58.3918]],[[24.9151,59.4076],[24.915,59.4075],[24.9151,59.4074],[24.9153,59.4073],[24.9155,59.4073]],[[26.3595,59.3418],[26.3597,59.3418],[26.3597,59.3419],[26.3595,59.3419],[26.3595,59.3418]],[[24.4258,59.3083],[24.4257,59.3083]],[[24.4228,59.3086],[24.4226,59.3087]],[[24.5081,58.3861],[24.5084,58.386],[24.5085,58.3861]],[[25.9617,59.2647],[25.9618,59.2648]],[[25.4849,58.5369],[25.485,58.537],[25.4849,58.5372],[25.4847,58.5372]],[[25.4845,58.5372],[25.4843,58.537]],[[24.9168,59.4613],[24.9165,59.4613]],[[24.9227,59.4489],[24.9226,59.4487],[24.9227,59.4486],[24.9228,59.4485]],[[24.5095,58.392],[24.5093,58.3921],[24.5089,58.3921],[24.5088,58.392],[24.5088,58.3919]],[[27.411,59.3564],[27.4111,59.3565]],[[27.2835,59.4059],[27.2832,59.4058]],[[27.2853,59.4043],[27.285,59.4042]],[[24.9155,59.4076],[24.9151,59.4076]],[[24.8047,59.4288],[24.8049,59.4288]],[[26.7412,58.36],[26.7413,58.3597],[26.7413,58.3596]]]},"properties":{"ref":""}},
{"type":"Feature","geometry":{"type":"MultiLineString","coordinates":[[[25.9377,59.4555],[25.9389,59.4562],[25.9407,59.4562],[25.9424,59.4552],[25.9424,59.4551],[25.943,59.4544],[25.9441,59.4531],[25.945,59.4521],[25.9453,59.4517],[25.9482,59.4483],[25.95,59.4462],[25.9517,59.4446],[25.9531,59.4434],[25.9534,59.4432],[25.956,59.4411],[25.9581,59.4395],[25.9611,59.4372],[25.964,59.4354],[25.9758,59.4292],[25.9768,59.4287],[25.9789,59.4276],[25.9831,59.4264],[25.9833,59.4263],[25.9862,59.4252],[25.9881,59.4243],[25.9896,59.4232],[25.9916,59.4201],[25.995,59.4169],[25.9957,59.4164],[25.9989,59.414],[26.0001,59.4127],[26.0013,59.4104],[26.0031,59.4067],[26.0045,59.405],[26.0068,59.4032],[26.0111,59.4011],[26.0128,59.3994],[26.0134,59.3956],[26.0134,59.3953],[26.0135,59.3949],[26.0135,59.3948],[26.0135,59.3946],[26.0136,59.3939],[26.0136,59.3938],[26.0139,59.3931],[26.0161,59.3898],[26.0167,59.3881],[26.0167,59.3867],[26.0161,59.385],[26.0145,59.383],[26.013,59.3818],[26.0091,59.3795],[26.0053,59.3775],[26.0035,59.3762],[26.0024,59.3748],[26.0018,59.3718],[26.0008,59.3637],[26.0001,59.3592],[25.9999,59.3567],[26.0007,59.3551],[26.0023,59.3525],[26.0036,59.3505],[26.0044,59.3492],[26.0056,59.3471],[26.0054,59.3454],[26.0054,59.3453],[26.0046,59.3444],[26.0007,59.341],[25.9997,59.3391],[25.9999,59.3349],[26.0003,59.3301],[26.0013,59.3274],[26.0022,59.3259],[26.0028,59.325],[26.0037,59.3234],[26.0041,59.3206],[26.0044,59.3176],[26.0043,59.3166],[26.0034,59.3146],[26.0029,59.3136],[26.0009,59.3094],[26.0002,59.3057],[25.9997,59.303],[25.9982,59.2938],[25.9981,59.293],[25.9981,59.2929],[25.998,59.2927],[25.9973,59.2882],[25.9969,59.2866],[25.9956,59.2843],[25.9941,59.2814],[25.9926,59.2792],[25.9907,59.2776],[25.989,59.2766],[25.9855,59.2753],[25.9825,59.2746],[25.9731,59.2731],[25.9712,59.2727],[25.969,59.2721],[25.9688,59.272],[25.968,59.2717],[25.9677,59.2716],[25.9658,59.2708],[25.9657,59.2708],[25.9628,59.2696],[25.9637,59.269],[25.9644,59.2685],[25.9646,59.2684],[25.9649,59.2676],[25.9651,59.2669],[25.9653,59.2663],[25.9656,59.2655],[25.9648,59.2655],[25.9647,59.2654],[25.9642,59.265],[25.9642,59.2649],[25.9641,59.2648],[25.9639,59.2644],[25.9639,59.2643],[25.9639,59.2642],[25.9636,59.2636],[25.9635,59.2635],[25.9635,59.2634],[25.9633,59.263],[25.9631,59.2626],[25.9629,59.2621],[25.9629,59.262],[25.963,59.2619],[25.9632,59.2617],[25.9634,59.2615],[25.9637,59.2613],[25.9641,59.261],[25.9648,59.2605],[25.9668,59.2592],[25.967,59.2591],[25.9671,59.259],[25.9678,59.2586],[25.969,59.2577],[25.9712,59.2563],[25.9719,59.2558],[25.9717,59.2555]],[[25.972,59.2555],[25.9719,59.2558]]]},"properties":{"ref":"24"}},
{"type":"Feature","geometry":{"type":"MultiLineString","coordinates":[[[26.35,59.3263],[26.3499,59.3268],[26.3496,59.3264]],[[26.3495,59.3258],[26.3494,59.3257],[26.349,59.3253],[26.3491,59.3258],[26.3491,59.326]],[[26.2609,58.9159],[26.2694,58.9207],[26.2717,58.9226],[26.272,58.9233],[26.272,58.9269],[26.2724,58.9287],[26.2729,58.9296],[26.2735,58.9303],[26.2775,58.9347],[26.2784,58.9357],[26.2785,58.9359],[26.279,58.9369],[26.2786,58.9387],[26.2716,58.9479],[26.2712,58.9493],[26.2717,58.9511],[26.273,58.9524],[26.2761,58.9555],[26.2775,58.957],[26.2779,58.9578],[26.279,58.9612],[26.2791,58.9623],[26.279,58.9633],[26.278,58.9655],[26.2759,58.9682],[26.2741,58.9694],[26.2712,58.971],[26.2695,58.972],[26.2678,58.9736],[26.2671,58.9756],[26.267,58.9777],[26.2668,58.9792],[26.2663,58.9803],[26.2637,58.9835],[26.2636,58.9836],[26.2627,58.9846],[26.2624,58.985],[26.262,58.9856],[26.2617,58.9861],[26.2616,58.9862],[26.2615,58.9865],[26.2614,58.9866],[26.261,58.9879],[26.261,58.9887],[26.2609,58.9916],[26.2605,58.9938],[26.2598,58.9953],[26.2567,59.0003],[26.2562,59.0017],[26.2567,59.004],[26.2566,59.0054],[26.256,59.0066],[26.2512,59.0125],[26.2508,59.0133],[26.2506,59.0137],[26.2497,59.0177],[26.2478,59.0207],[26.2472,59.0213],[26.2437,59.0248],[26.2405,59.0273],[26.2391,59.0285],[26.2383,59.0294],[26.2379,59.0313],[26.2379,59.0335],[26.2383,59.0351],[26.24,59.0386],[26.24,59.0392],[26.2389,59.0463],[26.2385,59.0483],[26.2378,59.0493],[26.2348,59.0529],[26.2344,59.054],[26.2346,59.0564],[26.2347,59.0572],[26.2356,59.06],[26.2365,59.0617],[26.2368,59.0623],[26.237,59.0626],[26.2386,59.0655],[26.2386,59.0666],[26.2379,59.0688],[26.2378,59.07],[26.2388,59.0724],[26.2389,59.0726],[26.2395,59.0736],[26.2399,59.0757],[26.2398,59.0797],[26.2393,59.0818],[26.2383,59.0846],[26.2377,59.0862],[26.2367,59.0874],[26.2352,59.0888],[26.2331,59.0902],[26.2304,59.0923],[26.2298,59.0934],[26.2276,59.0987],[26.2275,59.0991],[26.2274,59.0996],[26.2276,59.1003],[26.2277,59.1005],[26.2277,59.1006],[26.2283,59.1012],[26.2285,59.1014],[26.2292,59.1021],[26.2297,59.1026],[26.2299,59.103],[26.2313,59.1046],[26.2331,59.107],[26.2343,59.1082],[26.2361,59.1097],[26.2362,59.1099],[26.2372,59.1107],[26.2381,59.1115],[26.2389,59.1122],[26.2394,59.1125],[26.2408,59.1132],[26.2417,59.1135],[26.242,59.1137],[26.2427,59.1139],[26.2451,59.115],[26.2457,59.1155],[26.2467,59.1169],[26.2471,59.1185],[26.2474,59.1199],[26.2476,59.1205],[26.2477,59.1211],[26.2478,59.1215],[26.2479,59.122],[26.2481,59.1228],[26.2484,59.124],[26.2487,59.1249],[26.2487,59.125],[26.2488,59.1254],[26.2493,59.1261],[26.2495,59.1263],[26.2498,59.1265],[26.2499,59.1265],[26.2505,59.1268],[26.2507,59.1269],[26.2512,59.1272],[26.2518,59.1277],[26.252,59.1284],[26.2521,59.1291],[26.2522,59.1292],[26.2522,59.1295],[26.2525,59.1299],[26.2527,59.1301],[26.2531,59.1305],[26.2532,59.1306],[26.2533,59.1307],[26.2534,59.1308],[26.254,59.1315],[26.2547,59.1322],[26.2549,59.1324],[26.255,59.1325],[26.2551,59.1326],[26.2565,59.1338],[26.2574,59.1346],[26.2586,59.1359],[26.2593,59.1369],[26.2596,59.1375],[26.2606,59.1401],[26.2628,59.1456],[26.2632,59.1467],[26.2636,59.1485],[26.2636,59.1507],[26.2636,59.1512],[26.2636,59.1522],[26.2637,59.155],[26.2639,59.1589],[26.2639,59.159],[26.265,59.1608],[26.2663,59.1629],[26.267,59.1661],[26.2674,59.1681],[26.268,59.1708],[26.268,59.1724],[26.2666,59.1805],[26.2654,59.1878],[26.2653,59.1902],[26.2658,59.193],[26.2673,59.1983],[26.2699,59.2081],[26.27,59.2084],[26.2702,59.2093],[26.2703,59.2096],[26.2703,59.2098],[26.2703,59.2099],[26.2704,59.2105],[26.2703,59.2112],[26.2698,59.2154],[26.2691,59.2179],[26.2675,59.2214],[26.2666,59.2226],[26.2661,59.2233],[26.2658,59.2237],[26.2646,59.2252],[26.2639,59.2261],[26.2637,59.2264],[26.2634,59.2268],[26.2623,59.2281],[26.2617,59.229],[26.2614,59.2305],[26.2615,59.2308],[26.2622,59.232],[26.2631,59.2337],[26.2648,59.2363],[26.2685,59.2404],[26.2716,59.2436],[26.2722,59.2442],[26.2772,59.2477],[26.2787,59.249],[26.279,59.2494],[26.2796,59.2501],[26.2799,59.2504],[26.2801,59.2507],[26.2805,59.2513],[26.2817,59.2536],[26.2827,59.2565],[26.2838,59.2598],[26.284,59.2605],[26.2842,59.2613],[26.2844,59.2631],[26.2845,59.2688],[26.2845,59.2692],[26.2845,59.27],[26.2845,59.2702],[26.2845,59.2706],[26.2845,59.271],[26.2845,59.2712],[26.2846,59.2715],[26.2847,59.2725],[26.2866,59.2755],[26.2872,59.2761],[26.2897,59.2784],[26.2909,59.2791],[26.2931,59.2804],[26.294,59.2809],[26.295,59.2814],[26.2992,59.284],[26.3015,59.2855],[26.3068,59.2891],[26.307,59.2893],[26.3073,59.2897],[26.3109,59.294],[26.3112,59.2944],[26.3118,59.2952],[26.3123,59.2958],[26.3127,59.2963],[26.3185,59.3033],[26.325,59.311],[26.3253,59.3113],[26.3259,59.3121],[26.3264,59.3127],[26.3285,59.3152],[26.3301,59.3166],[26.3311,59.3171],[26.3349,59.3184],[26.3371,59.3191],[26.34,59.3201],[26.3446,59.3221],[26.3453,59.3224],[26.3454,59.3225],[26.3464,59.3229],[26.3468,59.3231],[26.3469,59.3232],[26.3471,59.3234],[26.3475,59.3237],[26.3477,59.3239],[26.3477,59.324],[26.3476,59.3239],[26.3474,59.3237],[26.3471,59.3234]],[[26.3558,59.3509],[26.3555,59.3508],[26.3539,59.3505],[26.3537,59.3505],[26.3535,59.3504],[26.3532,59.3504],[26.3531,59.3504],[26.3528,59.3503],[26.352,59.35],[26.3515,59.3499],[26.3502,59.3497],[26.3502,59.3496],[26.3499,59.3486],[26.35,59.3483],[26.3502,59.3481],[26.3502,59.348],[26.3505,59.3476],[26.3505,59.3472],[26.3506,59.3471],[26.3506,59.347],[26.3504,59.3464],[26.35,59.3459],[26.3496,59.3455],[26.3495,59.3454],[26.3492,59.3451],[26.3489,59.3447],[26.3488,59.3443],[26.3488,59.3442],[26.3487,59.344],[26.3487,59.3437],[26.3486,59.3428],[26.3486,59.3426],[26.3486,59.3425],[26.3486,59.3423],[26.3486,59.3421],[26.3486,59.3419],[26.3489,59.3407],[26.349,59.3402],[26.349,59.3399],[26.3489,59.3393],[26.3489,59.339],[26.3488,59.3384],[26.3488,59.3378],[26.3488,59.3375],[26.3488,59.3368],[26.3484,59.3363],[26.3481,59.3357],[26.3478,59.335],[26.3478,59.334],[26.3478,59.3335],[26.3478,59.3328],[26.348,59.3324],[26.3486,59.332],[26.349,59.3318],[26.3493,59.3317],[26.3495,59.3316],[26.3497,59.3307],[26.3497,59.3298],[26.35,59.3271],[26.3499,59.3268]],[[26.349,59.3253],[26.3484,59.3247],[26.3481,59.3244],[26.3479,59.3242],[26.3477,59.324]]]},"properties":{"ref":"22"}},
{"type":"Feature","geometry":{"type":"MultiLineString","coordinates":[[[27.5763,57.9755],[27.5774,57.9747],[27.5777,57.9741],[27.578,57.9715],[27.5779,57.9703],[27.5771,57.9683],[27.5753,57.9646],[27.5744,57.9625],[27.5748,57.9613],[27.5756,57.9605],[27.5798,57.9573],[27.5823,57.9543],[27.5851,57.9505],[27.5854,57.9493],[27.585,57.9482],[27.5831,57.9452],[27.5815,57.9426],[27.5809,57.9419],[27.5805,57.9414],[27.5798,57.9409],[27.5793,57.9402],[27.5789,57.9397],[27.5786,57.9391],[27.5779,57.938],[27.5777,57.9378],[27.5771,57.9367],[27.5764,57.9345],[27.575,57.9307],[27.5742,57.9296],[27.5728,57.9287],[27.5655,57.9249],[27.564,57.924],[27.5625,57.9225],[27.5613,57.9203],[27.5609,57.9174],[27.5602,57.9154],[27.5588,57.9134],[27.5568,57.9107],[27.5559,57.9095],[27.5549,57.908],[27.5545,57.9068],[27.5546,57.9054],[27.5554,57.9005],[27.5555,57.8999],[27.5555,57.8996],[27.5556,57.8989],[27.5572,57.8929],[27.557,57.8913],[27.5559,57.8886],[27.5557,57.8875],[27.5558,57.8867],[27.5559,57.8864],[27.5565,57.8842],[27.5569,57.8824],[27.5567,57.8809],[27.5564,57.8786],[27.5566,57.8752],[27.5579,57.8731],[27.559,57.8722],[27.5671,57.8681],[27.5707,57.8667],[27.573,57.8657],[27.5738,57.8653],[27.5741,57.8651],[27.5792,57.8619],[27.5799,57.8612],[27.5801,57.8608],[27.5805,57.8595],[27.5806,57.8592],[27.5807,57.8571],[27.5807,57.8549],[27.5807,57.8519],[27.5807,57.8518],[27.5807,57.851],[27.5807,57.8507],[27.581,57.8492],[27.5818,57.8487],[27.5822,57.8484],[27.5826,57.8481],[27.5831,57.8478],[27.5831,57.8477],[27.5834,57.8475],[27.5849,57.8452],[27.5852,57.8447],[27.5862,57.8436],[27.5876,57.8429],[27.5916,57.8421],[27.5929,57.842],[27.5945,57.8419],[27.595,57.842],[27.5958,57.842],[27.5959,57.842],[27.596,57.842],[27.5967,57.842],[27.5975,57.8416],[27.5968,57.8406],[27.5966,57.8405],[27.5964,57.8404],[27.5959,57.84],[27.5958,57.8399],[27.5956,57.8397],[27.5953,57.839],[27.5951,57.8389],[27.5951,57.8388],[27.595,57.8387],[27.595,57.8386],[27.5948,57.8376],[27.5948,57.8375],[27.5948,57.8374],[27.5947,57.8372],[27.5946,57.8367],[27.5948,57.8365],[27.595,57.8362],[27.5952,57.836],[27.5952,57.8359],[27.5952,57.8357],[27.5952,57.8355],[27.5953,57.8354],[27.5953,57.8352],[27.5954,57.8348],[27.5963,57.8341],[27.5964,57.834],[27.5968,57.8338]],[[27.5956,57.8397],[27.5952,57.8391],[27.5951,57.8389]],[[27.5945,57.8368],[27.5944,57.8367],[27.5944,57.8365],[27.5945,57.8359],[27.5945,57.8357],[27.5945,57.8356],[27.5945,57.8354],[27.5946,57.8354],[27.5951,57.8348],[27.5963,57.8341]],[[27.5947,57.8372],[27.5945,57.8368]]]},"properties":{"ref":"63"}},
{"type":"Feature","geometry":{"type":"MultiLineString","coordinates":[[[24.7942,59.0058],[24.7943,59.006],[24.7944,59.0063],[24.7944,59.006],[24.7945,59.0058]],[[24.8051,59],[24.8052,59],[24.8053,59],[24.8054,58.9999],[24.8052,58.9999],[24.805,58.9999]],[[24.8049,59.0001],[24.8048,59.0002],[24.8047,59.0003],[24.8043,59.0004],[24.8041,59.0006],[24.804,59.0006],[24.8038,59.0007],[24.8034,59.001],[24.8032,59.001],[24.8031,59.0011],[24.8029,59.0012],[24.8028,59.0012],[24.8028,59.0013],[24.8026,59.0014],[24.8025,59.0014],[24.8022,59.0016],[24.802,59.0017],[24.8018,59.0018],[24.8017,59.0019],[24.8016,59.0019],[24.8014,59.002],[24.8012,59.0021],[24.801,59.0023],[24.8007,59.0024],[24.8006,59.0025],[24.8005,59.0025],[24.8004,59.0026],[24.8002,59.0027],[24.8,59.0028],[24.7999,59.0029],[24.7996,59.003],[24.7995,59.0031],[24.7992,59.0033],[24.7991,59.0033],[24.7987,59.0035],[24.7986,59.0035],[24.7984,59.0037],[24.7983,59.0037],[24.7981,59.0038],[24.7979,59.0039],[24.7978,59.004],[24.7977,59.004],[24.7977,59.0041],[24.7966,59.0046],[24.7961,59.0049],[24.796,59.005],[24.7959,59.005],[24.7955,59.0052],[24.7954,59.0053],[24.7951,59.0055],[24.7949,59.0056],[24.7946,59.0057]],[[24.7943,59.0056],[24.7948,59.0055],[24.7954,59.0053]],[[24.794,59.0077],[24.7941,59.0078],[24.7942,59.0081],[24.794,59.0078],[24.7938,59.0077]],[[24.7981,59.0115],[24.7982,59.0116],[24.7982,59.0117],[24.798,59.0116],[24.7978,59.0115]],[[24.8014,59.0143],[24.8021,59.015],[24.8032,59.016],[24.8033,59.016],[24.8087,59.0207],[24.8092,59.0211],[24.8106,59.0223],[24.811,59.0227],[24.8134,59.0247],[24.8153,59.026],[24.8162,59.0265],[24.8177,59.0275],[24.8257,59.0328],[24.8262,59.0331],[24.8323,59.0371],[24.8346,59.0386],[24.8349,59.0388],[24.8354,59.0392],[24.836,59.0396],[24.8364,59.0399],[24.8367,59.0401],[24.8378,59.0407],[24.8382,59.0409],[24.8391,59.0416],[24.8395,59.0428],[24.8394,59.0429],[24.8394,59.0432],[24.8393,59.0433],[24.8389,59.0444],[24.8368,59.0511],[24.836,59.0534],[24.8338,59.0559],[24.8325,59.0572],[24.8323,59.0573],[24.83,59.0589],[24.8283,59.0597],[24.825,59.0609],[24.8235,59.0615],[24.8219,59.0624],[24.8204,59.0633],[24.8201,59.0635],[24.8199,59.0638],[24.8197,59.0639],[24.8196,59.064],[24.8193,59.0642],[24.819,59.0645],[24.8189,59.0647],[24.8187,59.0648],[24.8185,59.0649],[24.8183,59.0651],[24.818,59.0654],[24.8175,59.0658],[24.8173,59.0659],[24.817,59.0662],[24.8168,59.0663],[24.8166,59.0666],[24.8165,59.0667],[24.816,59.0674],[24.8159,59.0675],[24.8153,59.0682],[24.8141,59.069],[24.8135,59.0695],[24.8132,59.0697],[24.8117,59.0706],[24.8106,59.0713],[24.808,59.0731],[24.8067,59.0739],[24.8064,59.0742],[24.8039,59.0758],[24.8019,59.078],[24.8012,59.0798],[24.8013,59.081],[24.8014,59.0814],[24.802,59.0844],[24.802,59.0857],[24.8019,59.0882],[24.8018,59.0914],[24.8018,59.094],[24.8017,59.0946],[24.8016,59.0953],[24.8014,59.096],[24.8013,59.0964],[24.8012,59.0968],[24.8007,59.0985],[24.8007,59.0986],[24.8003,59.1],[24.7998,59.1019],[24.7997,59.1023],[24.7997,59.1024],[24.7997,59.1025],[24.7994,59.1036],[24.7993,59.1037]],[[24.7684,59.3247],[24.7683,59.3246],[24.768,59.3242],[24.7684,59.3245],[24.7686,59.3245]],[[24.7687,59.3248],[24.7691,59.3251],[24.769,59.3247]],[[24.7626,59.319],[24.7628,59.3193],[24.7639,59.32],[24.7644,59.3207],[24.7637,59.32],[24.7626,59.3193],[24.7623,59.3193]],[[24.7619,59.3191],[24.7591,59.3175],[24.7587,59.3173],[24.7579,59.3167],[24.7621,59.3189]],[[24.7975,59.0113],[24.7975,59.0111],[24.7975,59.011],[24.7976,59.0111],[24.7977,59.0111],[24.7979,59.0112]],[[24.7941,59.0075],[24.7941,59.0074],[24.7942,59.0073],[24.7943,59.0072],[24.7941,59.0073],[24.794,59.0073],[24.7938,59.0075]],[[24.8012,59.0141],[24.8007,59.0138],[24.8008,59.0142]],[[25.4036,58.8136],[25.4033,58.8137],[25.4029,58.8138],[25.4032,58.8136],[25.4033,58.8135]],[[24.8047,59.0001],[24.8047,59.0002],[24.8047,59.0003]],[[25.4036,58.8134],[25.4039,58.8134],[25.4043,58.8133],[25.404,58.8134],[25.4039,58.8134],[25.4037,58.8135]],[[25.4284,58.8081],[25.4279,58.8081],[25.4277,58.8081],[25.4271,58.8082],[25.4264,58.8082],[25.4271,58.8081],[25.4278,58.808],[25.4283,58.8079]],[[24.7821,59.1814],[24.7822,59.1815],[24.7826,59.1819],[24.7839,59.1833],[24.7843,59.1839],[24.7851,59.1851],[24.7844,59.1841],[24.7841,59.1839],[24.7839,59.1836],[24.7835,59.1831],[24.7827,59.1822],[24.7818,59.1813]],[[24.8011,59.0145],[24.8021,59.015]],[[24.7255,59.3934],[24.7266,59.3927],[24.7268,59.3926],[24.7281,59.392],[24.7285,59.3918],[24.7285,59.3917],[24.7291,59.3915],[24.7305,59.3908],[24.7307,59.3907],[24.7313,59.3904],[24.7318,59.3901],[24.7329,59.389],[24.733,59.3889],[24.7331,59.3888],[24.7337,59.3882],[24.7342,59.3877],[24.7343,59.3876],[24.7345,59.3875],[24.7355,59.3865],[24.7373,59.3848],[24.7404,59.3819],[24.7427,59.3798],[24.7455,59.3773],[24.746,59.3769],[24.7464,59.3767],[24.7465,59.3765],[24.7468,59.3763],[24.7477,59.3754],[24.748,59.3752],[24.7482,59.375],[24.7526,59.3708],[24.7527,59.3708],[24.7542,59.3693],[24.7543,59.3692],[24.7544,59.369],[24.755,59.3685],[24.7559,59.3678],[24.7568,59.3673],[24.7569,59.3672],[24.7574,59.3669],[24.7583,59.3663],[24.7589,59.3659],[24.7594,59.3656],[24.7598,59.3654],[24.7607,59.3648],[24.7631,59.3633],[24.7636,59.363],[24.7638,59.3629],[24.7642,59.3626],[24.7646,59.3623],[24.7649,59.3621],[24.7652,59.3619],[24.7658,59.3615],[24.7677,59.3599],[24.7682,59.3593],[24.7688,59.3578],[24.7687,59.3573],[24.7685,59.3563],[24.7676,59.3549],[24.7671,59.3536],[24.7673,59.3524],[24.7681,59.3511]],[[24.7689,59.3499],[24.768,59.351],[24.767,59.3528],[24.7672,59.3545],[24.7683,59.3563],[24.7686,59.3574],[24.7685,59.3579],[24.7683,59.3588],[24.7681,59.3591],[24.7672,59.3602],[24.7658,59.3614],[24.7651,59.3619],[24.7648,59.3621],[24.7645,59.3623],[24.7641,59.3626],[24.7638,59.3629]],[[24.7726,59.1712],[24.7725,59.1711],[24.7723,59.1705],[24.7716,59.1684],[24.7715,59.1663],[24.7719,59.1637],[24.7726,59.1619],[24.7727,59.1618],[24.7744,59.1593],[24.776,59.1575],[24.7772,59.1561],[24.7789,59.1541],[24.7791,59.1539],[24.7797,59.1531],[24.7809,59.1518],[24.7814,59.1512],[24.7831,59.1492],[24.7833,59.149],[24.7834,59.1488],[24.7869,59.1447],[24.789,59.1423],[24.7909,59.1392],[24.7915,59.1379],[24.7916,59.1376],[24.792,59.1356],[24.7921,59.1339],[24.7916,59.1306],[24.7914,59.1299],[24.7912,59.1295],[24.791,59.1289],[24.7909,59.1288],[24.7907,59.1285],[24.7906,59.1281],[24.7899,59.1266],[24.7895,59.125],[24.7894,59.1237],[24.7895,59.1209],[24.7902,59.1185],[24.7908,59.1172],[24.7908,59.117],[24.7911,59.1165],[24.7913,59.1164],[24.7915,59.1159],[24.7934,59.1134],[24.7964,59.1092]],[[24.774,59.3424],[24.774,59.3412],[24.774,59.341],[24.774,59.3408],[24.774,59.3403],[24.774,59.3402],[24.774,59.3401],[24.774,59.34],[24.774,59.3395],[24.7739,59.3389],[24.7739,59.339],[24.7739,59.3395],[24.774,59.3401]],[[24.7461,59.3768],[24.7463,59.3766],[24.7465,59.3765]],[[24.7942,59.0081],[24.7947,59.0086],[24.7953,59.0091],[24.7956,59.0093],[24.7959,59.0096],[24.7962,59.0098],[24.7963,59.01],[24.7965,59.0102],[24.7967,59.0103],[24.7975,59.011]],[[24.75,59.3127],[24.7491,59.312],[24.748,59.3112],[24.7465,59.3102],[24.7458,59.3096],[24.7446,59.3084],[24.7444,59.3081],[24.7443,59.308],[24.7439,59.3074],[24.7437,59.3072],[24.7437,59.3071],[24.7436,59.3071],[24.7436,59.3069],[24.7433,59.3062],[24.7432,59.3061],[24.7432,59.3063],[24.7434,59.3068],[24.7435,59.3069],[24.7436,59.3071]],[[24.7392,59.2892],[24.7406,59.2867],[24.741,59.2851],[24.7412,59.2826],[24.7412,59.2822],[24.7412,59.282],[24.7412,59.2812],[24.7412,59.2803],[24.7411,59.2802],[24.7412,59.28],[24.7411,59.2787],[24.7411,59.2771],[24.7411,59.2719],[24.7411,59.2715],[24.7411,59.2712],[24.7411,59.2706],[24.7411,59.2703],[24.7411,59.2699],[24.7411,59.2697],[24.7411,59.2688],[24.7411,59.2678],[24.7411,59.2667],[24.741,59.2638],[24.741,59.2608],[24.741,59.2601],[24.7409,59.2581],[24.7409,59.2574],[24.7412,59.2552],[24.7412,59.2551],[24.7414,59.2542],[24.7417,59.2528],[24.742,59.252],[24.7424,59.2514],[24.7427,59.2512],[24.7434,59.2506],[24.744,59.25],[24.7448,59.2492],[24.7453,59.2489],[24.7477,59.2468],[24.7493,59.2455],[24.7495,59.2453],[24.75,59.2449],[24.7509,59.2443],[24.7556,59.2414],[24.7673,59.2352],[24.772,59.2326],[24.7722,59.2325],[24.7725,59.2323],[24.7748,59.2304],[24.7768,59.2281],[24.7774,59.2257],[24.7773,59.2253],[24.7773,59.225],[24.7768,59.2211],[24.7763,59.2181],[24.7763,59.2177],[24.7762,59.2171],[24.7762,59.2167],[24.7769,59.2143],[24.7778,59.2124],[24.7793,59.2091],[24.7824,59.2025],[24.7831,59.201],[24.7834,59.2002],[24.7836,59.1998],[24.7864,59.1951],[24.7872,59.1934],[24.7875,59.1925],[24.7877,59.1919],[24.7876,59.1901],[24.7873,59.1889],[24.7861,59.1865],[24.7859,59.1862],[24.7851,59.1851]],[[24.7715,59.3279],[24.7714,59.3277],[24.7706,59.3269],[24.7691,59.3251]],[[25.4174,58.8094],[25.4173,58.8094],[25.417,58.8094],[25.4169,58.8094],[25.4161,58.8095],[25.4159,58.8095],[25.4141,58.8101],[25.4139,58.8102],[25.4119,58.8108],[25.4106,58.8112],[25.4103,58.8113],[25.4094,58.8116],[25.4084,58.8119],[25.408,58.812],[25.4073,58.8123],[25.4067,58.8125],[25.4065,58.8125],[25.4061,58.8126],[25.406,58.8127],[25.4058,58.8128],[25.4049,58.8131],[25.4045,58.8132],[25.4043,58.8133]],[[25.1384,58.8222],[25.138,58.8223],[25.1379,58.8223],[25.1358,58.8226],[25.1329,58.8232],[25.1299,58.8238],[25.1234,58.8255],[25.1203,58.8263],[25.1066,58.8298],[25.1024,58.8309],[25.0886,58.8345],[25.0862,58.8351],[25.0791,58.837],[25.073,58.8386],[25.0519,58.8441],[25.0476,58.8452],[25.038,58.8475],[25.0313,58.8491],[25.0233,58.851],[25.014,58.8533],[25.0121,58.8537],[25.0114,58.8539],[25.0084,58.8548],[25.0051,58.8559],[25.0021,58.8573],[25.0016,58.8576],[25.0011,58.8578],[24.9993,58.8589],[24.9986,58.8594],[24.9985,58.8595],[24.9983,58.8596],[24.9982,58.8596],[24.997,58.8604],[24.9967,58.8606],[24.996,58.861],[24.9958,58.8612],[24.9957,58.8612],[24.9955,58.8613],[24.9952,58.8615],[24.9935,58.8626],[24.9912,58.8645],[24.9897,58.8661],[24.9879,58.8688],[24.9877,58.8692],[24.987,58.8712],[24.9868,58.8748],[24.9865,58.8762],[24.9846,58.8784],[24.9838,58.879],[24.9778,58.8822],[24.977,58.8825],[24.9756,58.883],[24.9666,58.885],[24.9634,58.8852],[24.957,58.8853],[24.9546,58.8854],[24.9454,58.8855],[24.9441,58.8855],[24.9427,58.8856],[24.932,58.8865],[24.9303,58.8865],[24.9278,58.8865],[24.9258,58.8866],[24.9185,58.8879],[24.9164,58.8888],[24.9159,58.889],[24.9131,58.8903],[24.9106,58.8918],[24.9089,58.893],[24.9066,58.8948],[24.9032,58.8973],[24.8997,58.9],[24.8981,58.9007],[24.8934,58.9013],[24.8911,58.9019],[24.8882,58.9034],[24.8875,58.9039],[24.8873,58.9042],[24.8862,58.906],[24.8858,58.9069],[24.8847,58.9089],[24.8835,58.9102],[24.8812,58.912],[24.8796,58.9141],[24.8792,58.9146],[24.8775,58.9171],[24.877,58.9187],[24.8766,58.921],[24.8762,58.9218],[24.8762,58.9219],[24.876,58.9223],[24.8756,58.9238],[24.8756,58.9239],[24.8756,58.9242],[24.8755,58.9249],[24.8755,58.9252],[24.8755,58.9254],[24.8763,58.9267],[24.877,58.9278],[24.8774,58.9285],[24.8776,58.9288],[24.8778,58.929],[24.8779,58.9293],[24.8786,58.9303],[24.8793,58.9314],[24.8816,58.9351],[24.8817,58.9363],[24.8817,58.9364],[24.8813,58.9375],[24.88,58.9403],[24.8799,58.9404],[24.8798,58.9406],[24.8796,58.941],[24.8794,58.9413],[24.8793,58.9414],[24.8783,58.9426],[24.8778,58.9435],[24.8772,58.9453],[24.8772,58.9454],[24.876,58.9493],[24.876,58.9494],[24.8754,58.9505],[24.8745,58.9515],[24.8723,58.9533],[24.8719,58.9535],[24.8704,58.9547],[24.868,58.9565],[24.8658,58.9582],[24.8609,58.9618],[24.8608,58.9618],[24.8596,58.9628],[24.8571,58.9649],[24.856,58.9662],[24.8558,58.9664],[24.8553,58.9669],[24.8545,58.9679],[24.8539,58.9685],[24.8533,58.9693],[24.8532,58.9694],[24.853,58.9697],[24.8517,58.9711],[24.8516,58.9712],[24.8494,58.9742],[24.8488,58.9752],[24.8486,58.9755],[24.848,58.9765],[24.8472,58.9776],[24.8472,58.9777],[24.847,58.9781],[24.8464,58.9789],[24.8464,58.979],[24.8462,58.9793],[24.8457,58.98],[24.8455,58.9802],[24.8453,58.9805],[24.8452,58.9806],[24.844,58.9823],[24.8439,58.9824],[24.8439,58.9825],[24.8427,58.9841],[24.8426,58.9842],[24.8419,58.9852],[24.8412,58.9861],[24.8409,58.9864],[24.8404,58.9871],[24.8403,58.9871],[24.8398,58.9876],[24.838,58.9887],[24.8379,58.9887],[24.8363,58.99],[24.8353,58.9906],[24.8348,58.9909],[24.8345,58.991],[24.8343,58.9911],[24.8341,58.9911],[24.8326,58.9915],[24.8322,58.9916],[24.8321,58.9916],[24.8314,58.9918],[24.8312,58.9919],[24.8299,58.9922],[24.8296,58.9923],[24.8294,58.9923],[24.8288,58.9925],[24.8285,58.9925],[24.8278,58.9927],[24.8275,58.9928],[24.8273,58.9928],[24.8268,58.993],[24.8262,58.9931],[24.826,58.9931],[24.8257,58.9932],[24.825,58.9934],[24.8249,58.9934],[24.8248,58.9934],[24.8232,58.9938],[24.8224,58.9941],[24.8221,58.9941],[24.8212,58.9944],[24.8205,58.9945],[24.8202,58.9946],[24.8197,58.9947],[24.8182,58.9951],[24.8173,58.9953],[24.8171,58.9954],[24.8168,58.9955],[24.8161,58.9956],[24.8149,58.9959],[24.8145,58.996],[24.8134,58.9963],[24.8133,58.9964],[24.8129,58.9965],[24.8121,58.9967],[24.8119,58.9967],[24.8117,58.9968],[24.8108,58.9971],[24.8106,58.9972],[24.8102,58.9973],[24.8099,58.9975],[24.8098,58.9976],[24.8096,58.9976],[24.8095,58.9977],[24.8094,58.9977],[24.8089,58.998],[24.8086,58.9981],[24.8083,58.9983],[24.808,58.9985],[24.8078,58.9986],[24.8073,58.9989],[24.8069,58.9991],[24.8064,58.9993],[24.8062,58.9995],[24.806,58.9996],[24.8057,58.9998],[24.8054,58.9999]],[[25.1388,58.8222],[25.1384,58.8222]],[[25.3495,58.8111],[25.3478,58.8109],[25.342,58.8106],[25.3369,58.8098],[25.3261,58.8077],[25.3187,58.8065],[25.3115,58.8056],[25.3112,58.8056],[25.3028,58.8049],[25.3017,58.8048],[25.2888,58.8038],[25.2846,58.8034],[25.2781,58.8026],[25.2672,58.801],[25.264,58.8007],[25.2625,58.8005],[25.2616,58.8005],[25.2613,58.8004],[25.2573,58.8001],[25.2552,58.7999],[25.2508,58.7996],[25.2485,58.7995],[25.2478,58.7995],[25.2454,58.7995],[25.245,58.7995],[25.2405,58.7998],[25.2379,58.8002],[25.2367,58.8003],[25.2338,58.8009],[25.2161,58.805],[25.216,58.805],[25.2025,58.8081],[25.1985,58.809],[25.1954,58.8097],[25.1792,58.8134],[25.1675,58.8161],[25.1632,58.817],[25.1482,58.8205],[25.1454,58.8211],[25.145,58.8211],[25.144,58.8213],[25.1426,58.8215],[25.1419,58.8216],[25.1415,58.8217],[25.1411,58.8218],[25.14,58.8219],[25.1396,58.822],[25.1388,58.8222]],[[24.7375,59.2925],[24.7377,59.2922],[24.738,59.2916],[24.7388,59.29],[24.7392,59.2892]],[[24.7945,59.0068],[24.7945,59.0069],[24.7943,59.0072]],[[24.7945,59.0068],[24.7945,59.0065],[24.7945,59.0064],[24.7944,59.0063]],[[24.7913,59.1164],[24.7912,59.1165],[24.7908,59.1172]],[[24.7649,59.3215],[24.7652,59.3221],[24.7659,59.3228],[24.7677,59.324],[24.768,59.3242]],[[24.7644,59.3207],[24.7646,59.321],[24.7649,59.3215]],[[24.7982,59.0117],[24.8007,59.0138]],[[25.1431,58.8215],[25.1419,58.8217],[25.1412,58.8218],[25.1401,58.822],[25.1396,58.822]],[[24.7428,59.3048],[24.7424,59.3033],[24.7413,59.302],[24.7402,59.301],[24.7382,59.2993],[24.7372,59.2985],[24.7365,59.2969],[24.7364,59.2955],[24.7368,59.2943],[24.7372,59.2933],[24.7372,59.2931],[24.7375,59.2925]],[[24.8354,59.0391],[24.836,59.0395],[24.8367,59.0399],[24.8369,59.04],[24.8379,59.0407],[24.8382,59.0409]],[[24.7579,59.3167],[24.7557,59.3153],[24.7517,59.3136],[24.75,59.3127]],[[24.7432,59.3061],[24.7428,59.3048]],[[25.4012,58.8144],[25.3972,58.8159],[25.3958,58.8164],[25.3925,58.8176],[25.3915,58.818],[25.391,58.8181],[25.3894,58.8186],[25.3891,58.8187],[25.3872,58.819],[25.3805,58.8192],[25.378,58.819],[25.3738,58.8182],[25.3688,58.8168],[25.3674,58.8164],[25.3657,58.8159],[25.3639,58.8154],[25.3556,58.8129],[25.3548,58.8126],[25.3536,58.8123],[25.3516,58.8116],[25.3501,58.8113],[25.3501,58.8112],[25.3495,58.8111]],[[25.4029,58.8138],[25.4012,58.8144]],[[24.746,59.3769],[24.7461,59.3768]],[[24.7735,59.3319],[24.7725,59.3294],[24.772,59.3286],[24.7715,59.3279]],[[24.7739,59.3389],[24.7739,59.3371],[24.7739,59.3365],[24.7739,59.3362],[24.7738,59.3353],[24.7738,59.3343],[24.7738,59.3338],[24.7738,59.3336],[24.7737,59.3329],[24.7737,59.3328],[24.7736,59.3326],[24.7735,59.332],[24.7735,59.3319],[24.7737,59.3326],[24.7737,59.3328]],[[25.4264,58.8082],[25.4253,58.8083],[25.4252,58.8084],[25.4246,58.8084],[25.4222,58.8087],[25.4219,58.8088],[25.4203,58.809],[25.4192,58.8091],[25.4189,58.8092],[25.4184,58.8092],[25.4183,58.8092],[25.4182,58.8092],[25.4174,58.8094]],[[24.7418,59.2522],[24.7423,59.2514],[24.743,59.2507],[24.7438,59.2501],[24.744,59.25]],[[24.7417,59.2528],[24.7418,59.2522]],[[24.996,58.861],[24.9981,58.8596],[24.9984,58.8594],[24.9986,58.8593],[24.999,58.8591],[24.9996,58.8587],[25.0011,58.8578]],[[24.8349,59.0388],[24.8354,59.0391]],[[25.144,58.8213],[25.1431,58.8215]]]},"properties":{"ref":"15"}},
{"type":"Feature","geometry":{"type":"MultiLineString","coordinates":[[[24.6465,59.4237],[24.6455,59.4237],[24.6454,59.4237],[24.6447,59.4238],[24.6427,59.4242],[24.6421,59.4243],[24.6414,59.4244],[24.6412,59.4244],[24.6409,59.4245],[24.6386,59.4249],[24.6379,59.425],[24.6372,59.4252],[24.637,59.4252],[24.6366,59.4253],[24.6355,59.4256],[24.6328,59.4264],[24.632,59.4266],[24.6316,59.4267],[24.6314,59.4267],[24.631,59.4269],[24.6306,59.427],[24.6298,59.4272],[24.6296,59.4272],[24.6294,59.4273],[24.6287,59.4275],[24.6285,59.4275],[24.6276,59.4277],[24.6271,59.4278],[24.6255,59.4281],[24.6252,59.4282],[24.6241,59.4284],[24.6232,59.4285],[24.622,59.4287],[24.6213,59.4288],[24.6209,59.4289],[24.6204,59.4289],[24.6197,59.429],[24.6194,59.4291],[24.6191,59.4291],[24.6151,59.4297],[24.6147,59.4298],[24.6142,59.4298],[24.6135,59.4299],[24.6126,59.43],[24.6124,59.4301],[24.6116,59.4302],[24.6098,59.4304],[24.6088,59.4305],[24.6085,59.4305],[24.6073,59.4307],[24.607,59.4307],[24.6058,59.4309],[24.6054,59.431],[24.6039,59.4312],[24.6036,59.4312]],[[24.6456,59.4234],[24.6454,59.4234],[24.6435,59.4238],[24.6419,59.4241],[24.6413,59.4242],[24.6411,59.4243],[24.6393,59.4246],[24.6375,59.425],[24.6371,59.4251],[24.6369,59.4251],[24.635,59.4256],[24.6346,59.4257],[24.6317,59.4265],[24.6315,59.4266],[24.6313,59.4266],[24.6299,59.427],[24.6295,59.4271],[24.6285,59.4274],[24.6254,59.428],[24.6251,59.4281],[24.6196,59.4289],[24.6194,59.429],[24.6191,59.429],[24.6126,59.4299],[24.6124,59.4299],[24.6087,59.4304],[24.6085,59.4304],[24.6039,59.431],[24.6037,59.4311]]]},"properties":{"ref":"11390"}},
{"type":"Feature","geometry":{"type":"MultiLineString","coordinates":[[[24.7542,59.4369],[24.7546,59.437],[24.7554,59.4371],[24.7557,59.4371],[24.7559,59.4371],[24.7561,59.4371],[24.7569,59.4371],[24.757,59.4371],[24.7572,59.4371],[24.7574,59.4371],[24.7576,59.4371],[24.7577,59.4371],[24.7587,59.4371],[24.7591,59.4372],[24.7593,59.4372],[24.7608,59.4372],[24.761,59.4372],[24.7628,59.4372],[24.7629,59.4372],[24.7638,59.4372],[24.7643,59.4373],[24.7645,59.4373],[24.7645,59.4371],[24.7646,59.4364],[24.7646,59.4362],[24.7646,59.4358],[24.7646,59.4356],[24.7646,59.4355],[24.7645,59.4352],[24.7643,59.4348],[24.7643,59.4347],[24.7642,59.4346],[24.764,59.4342],[24.7639,59.4339],[24.7637,59.4336],[24.7636,59.4335],[24.7633,59.4332],[24.7633,59.4331],[24.7632,59.433],[24.7631,59.4329],[24.763,59.4328]],[[24.7634,59.4329],[24.7635,59.433],[24.7638,59.4334],[24.764,59.4338],[24.7642,59.4342],[24.7643,59.4345],[24.7644,59.4346],[24.7644,59.4347],[24.7645,59.4348],[24.7647,59.4353],[24.7647,59.4354],[24.7647,59.4355],[24.7647,59.4356],[24.7648,59.4358],[24.7647,59.4367],[24.7647,59.4373],[24.7647,59.4374],[24.7645,59.4373]],[[24.7541,59.4372],[24.7546,59.4372],[24.7553,59.4372],[24.7557,59.4372],[24.7569,59.4373],[24.757,59.4373],[24.7572,59.4373],[24.7574,59.4373],[24.7576,59.4373],[24.7577,59.4373],[24.7582,59.4373],[24.7585,59.4373],[24.7591,59.4373],[24.7607,59.4373],[24.761,59.4373],[24.7611,59.4373],[24.7627,59.4373],[24.763,59.4373],[24.7634,59.4374],[24.7642,59.4374],[24.7643,59.4375],[24.7645,59.4375]]]},"properties":{"ref":"2"}},
{"type":"Feature","geometry":{"type":"MultiLineString","coordinates":[[[26.5265,59.4994],[26.5265,59.4992],[26.5262,59.4986],[26.5261,59.4985],[26.5247,59.4967],[26.5236,59.4967],[26.5231,59.4967],[26.5228,59.4967],[26.5206,59.4965],[26.5196,59.4965],[26.5189,59.4965],[26.5186,59.4964],[26.518,59.4964],[26.5161,59.496],[26.5158,59.4959],[26.5156,59.4959],[26.5148,59.4957],[26.5151,59.4958],[26.5158,59.496],[26.516,59.496],[26.5175,59.4964],[26.5183,59.4965],[26.5186,59.4965],[26.5206,59.4966],[26.5228,59.4967],[26.5231,59.4967],[26.5235,59.4967],[26.5247,59.4967]],[[26.5271,59.4994],[26.5275,59.4995],[26.528,59.4996],[26.5312,59.5],[26.5317,59.5],[26.5322,59.5001],[26.5346,59.5004],[26.5359,59.5006],[26.537,59.5005],[26.5379,59.5004],[26.5387,59.5003],[26.5392,59.5002],[26.5396,59.4992],[26.5396,59.4991],[26.5398,59.4986],[26.5399,59.4984],[26.5399,59.4982],[26.5404,59.4978],[26.5414,59.4975],[26.5418,59.4974],[26.5426,59.4975],[26.544,59.4979],[26.5441,59.4979],[26.5447,59.4981],[26.5484,59.4991],[26.5497,59.4993],[26.5515,59.4993],[26.5536,59.4991],[26.5576,59.4986],[26.5624,59.4977],[26.5654,59.4971],[26.569,59.496],[26.5702,59.4956],[26.571,59.4954],[26.5712,59.4953],[26.5723,59.4948],[26.5762,59.4932],[26.5816,59.491],[26.5819,59.4909],[26.5898,59.4876],[26.5904,59.4873],[26.5943,59.4857],[26.5996,59.4836],[26.6044,59.4816],[26.6055,59.4811],[26.6065,59.4807],[26.6068,59.4806],[26.607,59.4805],[26.6073,59.4804],[26.6082,59.48],[26.6084,59.4799],[26.6098,59.4793],[26.6105,59.479],[26.6113,59.4787],[26.6144,59.4774],[26.6154,59.477],[26.6263,59.4725],[26.6494,59.4629],[26.6514,59.4621],[26.6523,59.4617],[26.6527,59.4615],[26.653,59.4614],[26.6541,59.461],[26.6572,59.4597],[26.6659,59.456],[26.6681,59.4551],[26.6711,59.4538],[26.6756,59.4519],[26.6789,59.4504],[26.68,59.4499],[26.6842,59.448],[26.6861,59.4472],[26.6872,59.4467],[26.6875,59.4466],[26.6883,59.4462],[26.6892,59.4458],[26.6898,59.4456],[26.6902,59.4454],[26.6905,59.4452],[26.6909,59.445],[26.6912,59.4449],[26.6922,59.4444],[26.6925,59.4441],[26.6933,59.4435],[26.6937,59.4432],[26.6947,59.4422],[26.6949,59.4421],[26.695,59.442],[26.696,59.441],[26.6965,59.4404],[26.6968,59.4399],[26.6981,59.4379],[26.6988,59.4367],[26.6988,59.4365],[26.6987,59.4354],[26.6987,59.4353],[26.6978,59.4312],[26.6976,59.4305],[26.6975,59.4303],[26.6976,59.43]],[[26.5269,59.4993],[26.5266,59.4991],[26.5262,59.4986]],[[26.5118,59.4947],[26.5129,59.4952],[26.5117,59.4949]],[[26.5111,59.4948],[26.5109,59.4947],[26.5097,59.4943],[26.5109,59.4946],[26.5112,59.4946]],[[26.5271,59.4996],[26.5275,59.4995],[26.528,59.4996]],[[26.6976,59.4301],[26.6976,59.4303],[26.6976,59.4305]],[[26.3409,59.4166],[26.3402,59.4165],[26.3396,59.4161],[26.34,59.4164],[26.3409,59.4166],[26.342,59.4168],[26.344,59.4175],[26.3459,59.4182],[26.3463,59.4183],[26.3475,59.4188],[26.3479,59.4189],[26.3492,59.4194],[26.3519,59.4203],[26.3539,59.4211],[26.3561,59.4225],[26.3592,59.4248],[26.3602,59.4256],[26.363,59.4278],[26.3665,59.4306],[26.3672,59.4312],[26.3682,59.432],[26.3683,59.4321],[26.3686,59.4323],[26.3696,59.433],[26.3708,59.4337],[26.3713,59.4339],[26.3714,59.434],[26.374,59.435],[26.3802,59.4369],[26.3807,59.437],[26.3855,59.4386],[26.3873,59.4392],[26.3884,59.4395],[26.4007,59.4441],[26.4019,59.4445],[26.4106,59.4478],[26.4176,59.4503],[26.4211,59.4513],[26.4239,59.452],[26.4246,59.4521],[26.4304,59.4531],[26.4362,59.4539],[26.4401,59.4543],[26.446,59.4549],[26.4508,59.4553],[26.4518,59.4554],[26.4546,59.4556],[26.4575,59.4561],[26.4605,59.4572],[26.4606,59.4572],[26.464,59.4587],[26.4655,59.4595],[26.4698,59.4627],[26.4736,59.4652],[26.478,59.4678],[26.4798,59.4696],[26.4802,59.4702],[26.4808,59.4709],[26.4813,59.4717],[26.4815,59.4719],[26.4861,59.4779],[26.4866,59.4786],[26.4885,59.4806],[26.4886,59.4807],[26.4888,59.4809],[26.4956,59.4863],[26.5025,59.4918],[26.5039,59.4926],[26.5062,59.4934],[26.5063,59.4934],[26.5065,59.4934],[26.5075,59.4937],[26.5085,59.494],[26.509,59.4941],[26.5097,59.4943]],[[26.6872,59.4467],[26.6861,59.4472]],[[26.6933,59.4435],[26.6925,59.4441]],[[26.5148,59.4957],[26.5129,59.4952]]]},"properties":{"ref":"20"}},
{"type":"Feature","geometry":{"type":"MultiLineString","coordinates":[[[26.9693,59.366],[26.9706,59.3663],[26.9692,59.3661]],[[27.0487,59.375],[27.0485,59.3749],[27.0469,59.3744],[27.0466,59.3743],[27.0464,59.3742],[27.0455,59.3739],[27.0448,59.3737],[27.0438,59.3733],[27.0435,59.3732],[27.0432,59.3731],[27.0412,59.3725],[27.04,59.3721],[27.0396,59.372],[27.0394,59.3719],[27.0391,59.3718],[27.039,59.3718],[27.0366,59.3709],[27.0349,59.37],[27.0333,59.3691],[27.0327,59.3688],[27.0309,59.3683],[27.0307,59.3682],[27.0305,59.3682],[27.0273,59.3678],[27.0222,59.3673],[27.0197,59.367],[27.0196,59.3669],[27.0158,59.3663],[27.0126,59.3657],[27.0092,59.3652],[27.0063,59.3651],[27.0018,59.3653],[27.0003,59.3655],[26.9997,59.3656],[26.9993,59.3658],[26.9977,59.3662],[26.997,59.3664],[26.9966,59.3665],[26.9943,59.3671],[26.993,59.3675],[26.9898,59.3684],[26.988,59.3688],[26.9863,59.3689],[26.9835,59.3686],[26.9817,59.3684],[26.9795,59.3681],[26.9764,59.3675],[26.9761,59.3674],[26.9738,59.3669],[26.9735,59.3669],[26.9719,59.3666],[26.9706,59.3663]],[[27.0739,59.4034],[27.0738,59.4033],[27.0736,59.4031],[27.0735,59.403],[27.0737,59.4031],[27.0739,59.4033],[27.0739,59.4034]]]},"properties":{"ref":"34"}},
{"type":"Feature","geometry":{"type":"MultiLineString","coordinates":[[[27.0837,59.0257],[27.0847,59.0261],[27.0839,59.0255]],[[26.8299,58.9796],[26.8303,58.9798],[26.8298,58.9797]],[[27.0832,59.0256],[27.0824,59.0251],[27.0833,59.0254]],[[27.3104,59.1006],[27.3095,59.1006],[27.3094,59.1006],[27.3075,59.1007],[27.3058,59.1012],[27.3048,59.1016],[27.3044,59.1017],[27.3038,59.1019],[27.3028,59.1022],[27.3018,59.1024],[27.3017,59.1024],[27.301,59.1025],[27.2991,59.1027],[27.2978,59.1027],[27.2972,59.1027],[27.2943,59.1028],[27.2907,59.1028],[27.2875,59.1026],[27.2841,59.1019],[27.2817,59.1013],[27.2766,59.0996],[27.2671,59.0963],[27.2627,59.0951],[27.2622,59.0951],[27.2612,59.0949],[27.2335,59.0902],[27.2304,59.0896],[27.2253,59.0885],[27.2174,59.0863],[27.2128,59.0852],[27.2087,59.0847],[27.2058,59.0845],[27.2051,59.0845],[27.2041,59.0845],[27.2003,59.0844],[27.1968,59.0844],[27.1929,59.0842],[27.1889,59.0836],[27.1872,59.0832],[27.1827,59.0817],[27.1791,59.0799],[27.1713,59.0758],[27.1682,59.0744],[27.1649,59.0732],[27.1609,59.0722],[27.1533,59.0709],[27.1446,59.0696],[27.1441,59.0695],[27.1417,59.0689],[27.1384,59.0676],[27.1373,59.067],[27.1367,59.0667],[27.1345,59.0655],[27.1233,59.0584],[27.1199,59.0562],[27.1169,59.0537],[27.1142,59.0514],[27.1116,59.0491],[27.1094,59.0465],[27.105,59.0401],[27.1028,59.0369],[27.1014,59.0353],[27.0995,59.0336],[27.0973,59.032],[27.0931,59.0298],[27.0892,59.0281],[27.0891,59.028],[27.0872,59.0272],[27.0866,59.0269],[27.0847,59.0261]],[[27.3102,59.1007],[27.3095,59.1006]],[[26.8766,58.9886],[26.8777,58.9891],[26.8784,58.9894],[26.8796,58.9899],[26.8801,58.9901],[26.8811,58.9905],[26.8839,58.9917],[26.8845,58.9919],[26.8847,58.992],[26.8869,58.9929],[26.8873,58.9931],[26.8908,58.9946],[26.8913,58.9948],[26.893,58.9955],[26.8958,58.9967],[26.8963,58.9969],[26.8977,58.9977],[26.8985,58.9981],[26.8991,58.9984],[26.8996,58.9987],[26.9005,58.9991],[26.9018,58.9998],[26.9038,59.0009],[26.9083,59.0031],[26.9107,59.0039],[26.9111,59.004],[26.913,59.0045],[26.916,59.0059],[26.918,59.0071],[26.9196,59.0078],[26.9207,59.0081],[26.9211,59.0082],[26.9241,59.009],[26.9272,59.0098],[26.9336,59.0123],[26.9376,59.0135],[26.9429,59.0152],[26.9437,59.0155],[26.9459,59.0163],[26.9471,59.0167],[26.9505,59.0176],[26.9511,59.0178],[26.9514,59.0179],[26.9517,59.0179],[26.9579,59.02],[26.9629,59.0216],[26.9661,59.0222],[26.9714,59.022],[26.9745,59.0226],[26.979,59.0243],[26.9828,59.0254],[26.9875,59.0264],[26.9876,59.0264],[26.9925,59.0262],[26.9954,59.026],[27.0043,59.0258],[27.0084,59.0257],[27.0107,59.0256],[27.0201,59.0249],[27.0206,59.0248],[27.0236,59.0247],[27.0241,59.0248],[27.03,59.025],[27.0349,59.0246],[27.0394,59.0235],[27.0431,59.0225],[27.048,59.022],[27.0515,59.022],[27.0722,59.0228],[27.0772,59.0234],[27.0794,59.0239],[27.0824,59.0251]],[[26.8303,58.9798],[26.8304,58.9798],[26.831,58.9803],[26.832,58.9808],[26.8335,58.9814],[26.8371,58.9816],[26.8387,58.9821],[26.8407,58.983],[26.8413,58.9843],[26.8413,58.9845],[26.8414,58.9852],[26.8422,58.9861],[26.8442,58.9865],[26.8452,58.9868],[26.8459,58.9876],[26.8461,58.9881],[26.847,58.9885],[26.8477,58.9886],[26.8483,58.9887],[26.8491,58.9887],[26.8497,58.9886],[26.85,58.9886],[26.8512,58.9882],[26.8517,58.988],[26.852,58.9879],[26.8522,58.9879],[26.8529,58.9876],[26.8535,58.9874],[26.8537,58.9873],[26.8541,58.9872],[26.8547,58.987],[26.8556,58.9867],[26.8558,58.9867],[26.8565,58.9865],[26.8569,58.9865],[26.8576,58.9863],[26.8585,58.986],[26.8592,58.9857],[26.8593,58.9857],[26.8598,58.9856],[26.8606,58.9855],[26.8614,58.9855],[26.8625,58.9854],[26.8629,58.9854],[26.8631,58.9854],[26.8636,58.9853],[26.8638,58.9853],[26.864,58.9853],[26.8654,58.9853],[26.8669,58.9856],[26.8677,58.9858],[26.8679,58.9858],[26.8688,58.986],[26.869,58.986],[26.8695,58.9862],[26.8703,58.9863],[26.8708,58.9865],[26.8711,58.9865],[26.8728,58.987],[26.8731,58.9871],[26.8732,58.9871],[26.8734,58.9872],[26.8737,58.9874],[26.8743,58.9876],[26.8751,58.9879],[26.8752,58.988],[26.8756,58.9882],[26.8757,58.9882],[26.8766,58.9886]]]},"properties":{"ref":"35"}},
{"type":"Feature","geometry":{"type":"LineString","coordinates":[[25.7613,59.1807],[25.7617,59.1812],[25.7623,59.182],[25.7628,59.1827],[25.7632,59.1832],[25.7642,59.1861],[25.7643,59.1876],[25.7643,59.1883],[25.7643,59.1889],[25.7643,59.189],[25.7641,59.1902],[25.764,59.1903],[25.7638,59.1907],[25.7634,59.1912],[25.7633,59.1913],[25.7632,59.1915],[25.7615,59.1939],[25.76,59.1955],[25.7595,59.1966],[25.7589,59.1988],[25.758,59.2001],[25.7578,59.2004],[25.7553,59.2028],[25.7529,59.2042],[25.752,59.2053],[25.751,59.2063],[25.7494,59.2074],[25.7462,59.2088],[25.7434,59.2098],[25.742,59.2104],[25.7358,59.2128],[25.7327,59.2141],[25.7297,59.2156],[25.7293,59.2158],[25.7274,59.2173],[25.7262,59.2182],[25.7232,59.2191],[25.7218,59.2199],[25.7208,59.2211],[25.7205,59.2221],[25.7206,59.2235],[25.7202,59.2247],[25.7191,59.2256],[25.7184,59.226],[25.7156,59.2274],[25.7148,59.2281],[25.7139,59.2293],[25.7136,59.2297],[25.7133,59.23],[25.7132,59.2301],[25.7123,59.2309],[25.7112,59.2315],[25.7098,59.2322],[25.7072,59.2334],[25.7052,59.2349],[25.7034,59.2366],[25.701,59.2385],[25.6989,59.2398],[25.6976,59.2406],[25.6957,59.2424],[25.6949,59.243],[25.6937,59.2437],[25.6933,59.2438],[25.6919,59.2444],[25.6908,59.2449],[25.6894,59.2454],[25.689,59.2455],[25.6876,59.2461],[25.6873,59.2462],[25.6865,59.2465],[25.6836,59.2476],[25.6834,59.2476],[25.6818,59.2485],[25.6799,59.25],[25.6771,59.2513],[25.6736,59.2525],[25.6723,59.2535],[25.6708,59.2545],[25.6692,59.2554],[25.6683,59.2559],[25.6646,59.2576],[25.6621,59.2595],[25.6597,59.2607],[25.6586,59.2612],[25.6559,59.2626],[25.6554,59.2634],[25.6554,59.2642],[25.6559,59.265],[25.6566,59.2658],[25.6566,59.2659],[25.657,59.2668],[25.6557,59.2676],[25.6516,59.2697],[25.6514,59.2699],[25.6497,59.2715],[25.6483,59.2721],[25.647,59.2721],[25.6446,59.2717],[25.6443,59.2717],[25.6434,59.2715],[25.6411,59.271],[25.6404,59.2709],[25.6401,59.2708],[25.6394,59.2707],[25.6385,59.2707],[25.6361,59.2713],[25.6319,59.2736],[25.6312,59.2739],[25.6307,59.274],[25.63,59.2743],[25.6297,59.2744],[25.6286,59.2749],[25.6278,59.2752],[25.6263,59.2755],[25.6248,59.2758],[25.6238,59.2761],[25.6233,59.2763],[25.6228,59.2764],[25.6212,59.277],[25.6192,59.2781],[25.619,59.2782],[25.6174,59.2792],[25.6163,59.28],[25.6157,59.2806],[25.6153,59.2809],[25.6152,59.2811],[25.6146,59.2815],[25.6134,59.2826],[25.6134,59.2831],[25.6133,59.2835],[25.6132,59.2837],[25.6128,59.2843],[25.6123,59.2848],[25.611,59.2855],[25.6108,59.2856],[25.6106,59.2856],[25.6105,59.2856],[25.6101,59.2858],[25.6098,59.2859],[25.609,59.2861],[25.6067,59.2871],[25.6073,59.2877],[25.6073,59.2878],[25.6071,59.2882],[25.6069,59.2884],[25.6065,59.2888],[25.6064,59.2889],[25.606,59.2894],[25.6063,59.2902],[25.607,59.2912],[25.6071,59.2915],[25.6071,59.2916],[25.6076,59.2935],[25.6085,59.2952],[25.6092,59.2959],[25.6095,59.2961],[25.6105,59.2967],[25.6113,59.2972],[25.6146,59.2982],[25.6161,59.2986],[25.6171,59.2988],[25.6172,59.2988],[25.6182,59.2989],[25.6188,59.299],[25.6203,59.2992],[25.6207,59.2992],[25.6227,59.2995],[25.6236,59.2996],[25.6246,59.2997],[25.6254,59.2997],[25.6263,59.2998],[25.6276,59.2998],[25.6326,59.2998],[25.6352,59.3004],[25.6379,59.3015],[25.6409,59.3027],[25.6429,59.3038],[25.6447,59.3056],[25.6478,59.3072],[25.6488,59.308],[25.6495,59.3095],[25.6506,59.3157],[25.6508,59.3177],[25.6507,59.3206],[25.65,59.3244],[25.6497,59.3255],[25.6486,59.3288],[25.6479,59.3302],[25.6478,59.3303],[25.6467,59.3324],[25.6449,59.3348],[25.6428,59.337],[25.6416,59.3382],[25.6402,59.3392],[25.6369,59.3414],[25.6344,59.3428],[25.6318,59.344],[25.6285,59.3453],[25.6233,59.3469],[25.6188,59.3482],[25.6128,59.3497],[25.607,59.351],[25.6061,59.3512],[25.6058,59.3513],[25.6056,59.3513],[25.6054,59.3514],[25.6043,59.3516],[25.5979,59.3529],[25.5965,59.3532],[25.5855,59.3552],[25.5844,59.3554],[25.584,59.3555],[25.5835,59.3556],[25.5823,59.3559],[25.5786,59.357],[25.5748,59.3586],[25.5704,59.3609],[25.5699,59.3613],[25.566,59.3638],[25.564,59.3648],[25.559,59.3665],[25.5553,59.3673],[25.5451,59.3686],[25.5404,59.3694],[25.5346,59.3708],[25.5323,59.3715],[25.5313,59.3718],[25.531,59.3718],[25.5307,59.3719],[25.5305,59.372],[25.5294,59.3723],[25.5272,59.3728],[25.526,59.3731],[25.5216,59.3741],[25.5089,59.3769],[25.5063,59.3775],[25.501,59.3787],[25.4966,59.3796],[25.4961,59.3797],[25.4957,59.3798],[25.4951,59.3799],[25.494,59.3801],[25.4884,59.3808],[25.4869,59.381],[25.4831,59.3811],[25.4778,59.381],[25.4705,59.3803],[25.4679,59.38],[25.4646,59.3797],[25.4573,59.3789],[25.4511,59.3783],[25.4501,59.3783],[25.4497,59.3782],[25.4494,59.3782],[25.4481,59.3782],[25.4445,59.378],[25.4292,59.3778],[25.4247,59.3777],[25.4234,59.3777],[25.4221,59.3777],[25.4214,59.3777],[25.4156,59.3781],[25.412,59.3787],[25.4117,59.3788],[25.4065,59.3803],[25.4017,59.3824],[25.4012,59.3827],[25.3984,59.384],[25.3942,59.3854],[25.3919,59.3859],[25.3918,59.3859],[25.3865,59.3867],[25.3812,59.3869],[25.3797,59.3869],[25.374,59.3868],[25.3732,59.3868],[25.3685,59.3867],[25.3671,59.3867],[25.3667,59.3867],[25.3664,59.3867],[25.3654,59.3867],[25.3648,59.3867],[25.3641,59.3867],[25.3571,59.3869],[25.3524,59.3872],[25.3519,59.3872],[25.351,59.3873],[25.3467,59.3876],[25.343,59.3879],[25.34,59.3879],[25.3373,59.3878],[25.3359,59.3877],[25.3354,59.3876],[25.3345,59.3875],[25.3339,59.3874],[25.3327,59.3872],[25.3318,59.387],[25.3312,59.3869],[25.3311,59.3869],[25.3268,59.3868],[25.3237,59.3875],[25.3146,59.3903],[25.3126,59.3909],[25.3088,59.3921],[25.3024,59.3941],[25.3015,59.3944],[25.3009,59.3946],[25.2935,59.3969],[25.2913,59.3976],[25.2778,59.4017],[25.276,59.4023],[25.2756,59.4024],[25.2752,59.4026],[25.2741,59.4029],[25.2733,59.4031],[25.2719,59.4036],[25.2715,59.4037],[25.2713,59.4038],[25.2708,59.4039],[25.2706,59.404],[25.2671,59.4051],[25.2654,59.4056],[25.2609,59.407],[25.2562,59.4088],[25.2504,59.411],[25.2444,59.4125],[25.2396,59.4133],[25.239,59.4134],[25.2373,59.4137],[25.2366,59.4139],[25.2364,59.4139],[25.2355,59.4141],[25.2354,59.4142],[25.2351,59.4142],[25.234,59.4145],[25.2337,59.4146],[25.2174,59.4198],[25.2171,59.4199],[25.2143,59.4209],[25.2102,59.4227],[25.2093,59.4232],[25.2091,59.4233],[25.2077,59.424],[25.2076,59.4241],[25.2057,59.4251],[25.203,59.4261],[25.2003,59.4269],[25.195,59.4284],[25.1932,59.4292],[25.1921,59.4305],[25.1917,59.4314],[25.1915,59.4323],[25.1911,59.4344],[25.1909,59.4351],[25.1905,59.4365],[25.1885,59.438],[25.1865,59.4384],[25.1852,59.4385],[25.1826,59.4381],[25.181,59.4374],[25.1794,59.4365],[25.1788,59.4358],[25.1793,59.435],[25.1816,59.4346]]},"properties":{"ref":"13"}},
{"type":"Feature","geometry":{"type":"MultiLineString","coordinates":[[[28.191,59.3808],[28.191,59.3807],[28.1911,59.3803],[28.1911,59.38],[28.1912,59.3795],[28.1912,59.3794],[28.1912,59.3791],[28.1913,59.3787],[28.1914,59.3783],[28.1914,59.3782]],[[28.1804,59.4008],[28.1798,59.4011],[28.1758,59.4025],[28.1733,59.4036],[28.172,59.4043],[28.1716,59.4044],[28.1695,59.405],[28.1694,59.4051],[28.1691,59.4051],[28.1689,59.4052],[28.1681,59.4055],[28.1673,59.4058],[28.1656,59.4065],[28.165,59.4067],[28.1648,59.4068],[28.1651,59.4068],[28.1656,59.4065]],[[27.9217,59.3794],[27.9205,59.3862],[27.9208,59.3887],[27.922,59.391],[27.9242,59.3935],[27.9254,59.3944],[27.9289,59.3967],[27.9317,59.3986],[27.9358,59.4014],[27.9361,59.4017],[27.9362,59.4018],[27.9426,59.4075],[27.944,59.4086],[27.9452,59.4093],[27.9468,59.4102],[27.9525,59.4121],[27.9557,59.4132],[27.9558,59.4132],[27.9597,59.4145],[27.9629,59.4157],[27.9644,59.4162],[27.965,59.4164],[27.9683,59.4173],[27.9705,59.4179],[27.9723,59.4185],[27.9757,59.4202],[27.9774,59.4211],[27.9808,59.423],[27.9878,59.4266],[27.9904,59.4281],[27.9948,59.4306],[27.9949,59.4306],[27.9952,59.4308],[27.9954,59.431],[27.9969,59.4319],[28,59.4337],[28.0003,59.4339],[28.0009,59.4342],[28.0019,59.4348],[28.0059,59.437],[28.0069,59.4376],[28.0084,59.4387],[28.0089,59.439],[28.0095,59.4394],[28.01,59.4397],[28.0106,59.4401],[28.0115,59.4406],[28.0126,59.4412],[28.013,59.4415],[28.0135,59.4419],[28.014,59.4422],[28.0165,59.4438],[28.0169,59.4441],[28.0178,59.4448],[28.0195,59.4459],[28.02,59.4461],[28.0201,59.4462],[28.0199,59.4462],[28.0195,59.4459]],[[28.0421,59.463],[28.0424,59.4629],[28.0434,59.4626],[28.044,59.4623],[28.0442,59.4623],[28.0443,59.4622],[28.0444,59.4622],[28.0452,59.4619],[28.0464,59.4615],[28.0474,59.4612],[28.048,59.461],[28.0481,59.4609],[28.049,59.4606],[28.0492,59.4606],[28.0494,59.4605],[28.0501,59.4603],[28.0516,59.4597],[28.0533,59.4592],[28.0542,59.4589],[28.0546,59.4587],[28.0553,59.4585],[28.0568,59.458],[28.0602,59.4569],[28.0618,59.4563],[28.0622,59.4562],[28.0629,59.456],[28.064,59.4556],[28.0645,59.4554],[28.0702,59.4535],[28.0706,59.4534],[28.0714,59.4531],[28.072,59.4529],[28.0727,59.4526],[28.0731,59.4525],[28.0737,59.4523],[28.0776,59.4515],[28.078,59.4514],[28.0815,59.4507],[28.0823,59.4505],[28.0827,59.4505],[28.084,59.4502],[28.0866,59.4496],[28.087,59.4495],[28.0878,59.4494],[28.0881,59.4493],[28.0887,59.4491],[28.0893,59.4489],[28.0909,59.4484],[28.092,59.448],[28.0935,59.4475],[28.097,59.4463],[28.0971,59.4463],[28.0974,59.4462],[28.0981,59.4459],[28.0998,59.4453],[28.1007,59.445],[28.1012,59.4449],[28.104,59.4439],[28.1049,59.4436],[28.1054,59.4434],[28.1057,59.4433],[28.106,59.4432],[28.1073,59.4428],[28.1085,59.4424],[28.112,59.4408],[28.1149,59.4393],[28.1167,59.4382],[28.1179,59.4374],[28.1184,59.437],[28.1185,59.437],[28.1188,59.4368],[28.1194,59.4363],[28.1205,59.4354],[28.1217,59.4343],[28.1221,59.4338],[28.1224,59.4334],[28.1227,59.433],[28.1229,59.4328],[28.1235,59.432],[28.1253,59.4299],[28.1254,59.4298],[28.1256,59.4296],[28.1257,59.4295],[28.127,59.4278],[28.1276,59.4271],[28.128,59.4266],[28.1287,59.4258],[28.1288,59.4256],[28.1292,59.4252],[28.1294,59.4249],[28.1297,59.4245],[28.1299,59.4244],[28.1302,59.424],[28.1323,59.4221],[28.1343,59.4207],[28.1351,59.4201],[28.136,59.4194],[28.1397,59.4172],[28.1462,59.4143],[28.1469,59.4139],[28.1537,59.411],[28.1566,59.4099],[28.1572,59.4097],[28.1578,59.4095],[28.1579,59.4094],[28.1585,59.4092],[28.1587,59.4091],[28.1588,59.409],[28.1589,59.409],[28.1595,59.4088],[28.1599,59.4087],[28.1621,59.4079],[28.1622,59.4078],[28.1634,59.4074],[28.1641,59.4071],[28.1648,59.4068]],[[28.0288,59.4527],[28.0312,59.4543],[28.0313,59.4544],[28.0318,59.4548],[28.0339,59.4564],[28.036,59.4581],[28.0361,59.4581],[28.0362,59.4582],[28.0374,59.4592],[28.0377,59.4594],[28.0382,59.4598],[28.0383,59.4598],[28.0394,59.4607],[28.0397,59.461],[28.0404,59.4616],[28.0409,59.462],[28.0418,59.4627],[28.0421,59.463]],[[27.9219,59.3783],[27.922,59.3783],[27.9219,59.3785],[27.9217,59.3794],[27.9217,59.3786],[27.9219,59.3783]],[[28.0201,59.4462],[28.0205,59.4466],[28.0207,59.4468],[28.021,59.447],[28.0226,59.448],[28.0232,59.4485],[28.0234,59.4486],[28.0237,59.4489],[28.024,59.4491],[28.0244,59.4494],[28.0248,59.4497],[28.0249,59.4497],[28.025,59.4498],[28.0259,59.4504],[28.0271,59.4513],[28.028,59.452],[28.0284,59.4523],[28.0285,59.4524],[28.0286,59.4525],[28.0288,59.4527],[28.0285,59.4525],[28.0285,59.4524]],[[28.0878,59.4494],[28.0866,59.4497],[28.0862,59.4498],[28.0847,59.4501],[28.084,59.4502],[28.0827,59.4505]],[[28.1595,59.4088],[28.1589,59.4091],[28.1588,59.4091],[28.1585,59.4092],[28.1581,59.4094],[28.1579,59.4094]],[[28.1299,59.4244],[28.1295,59.4249],[28.1289,59.4256],[28.1288,59.4258],[28.1286,59.426],[28.1281,59.4265],[28.128,59.4266]],[[28.1085,59.4424],[28.106,59.4433],[28.1055,59.4435],[28.1053,59.4435],[28.1049,59.4436],[28.1042,59.4439],[28.104,59.4439]]]},"properties":{"ref":"91"}},
{"type":"Feature","geometry":{"type":"MultiLineString","coordinates":[[[24.7882,58.9953],[24.7881,58.995],[24.7878,58.9947],[24.7866,58.9937],[24.7859,58.9931],[24.7858,58.993],[24.7853,58.9916],[24.7852,58.9912],[24.7852,58.9911],[24.7851,58.9907],[24.785,58.9905],[24.7849,58.99],[24.7848,58.9896],[24.7847,58.989],[24.7842,58.9873],[24.7836,58.9849],[24.7834,58.9843],[24.7834,58.9842],[24.7833,58.984],[24.7831,58.9834],[24.7821,58.9797],[24.7806,58.9778],[24.7752,58.975],[24.7747,58.9747],[24.7733,58.974],[24.7712,58.973],[24.7701,58.9724],[24.768,58.9712],[24.767,58.9702],[24.7668,58.9697],[24.7666,58.9692],[24.7664,58.9684],[24.7666,58.9662],[24.7666,58.9658],[24.7668,58.9651],[24.7669,58.9645],[24.7673,58.9622],[24.7673,58.9616],[24.7671,58.9604],[24.7657,58.9586],[24.764,58.9566],[24.7635,58.956],[24.7634,58.9559],[24.7633,58.9558],[24.7628,58.9552],[24.7624,58.9545],[24.7621,58.9541],[24.7622,58.9517],[24.7623,58.9507],[24.7627,58.948],[24.7626,58.9469],[24.7625,58.9464],[24.7624,58.9463],[24.7623,58.9462],[24.7623,58.9461],[24.7618,58.9456],[24.7594,58.944],[24.7572,58.9431],[24.7564,58.9428],[24.7532,58.942],[24.7524,58.9417],[24.7522,58.9416],[24.7514,58.9413],[24.7503,58.9406],[24.7489,58.9397],[24.7484,58.9394],[24.7479,58.939],[24.7475,58.9385],[24.7473,58.9383],[24.7465,58.9362],[24.7461,58.9351],[24.746,58.9349],[24.7459,58.9344],[24.7458,58.9343],[24.7456,58.9334],[24.7456,58.9331],[24.7457,58.9329],[24.7457,58.9328],[24.7457,58.9327],[24.7459,58.9323],[24.7463,58.9318],[24.747,58.9307],[24.7474,58.93],[24.749,58.9279],[24.7523,58.9229],[24.7532,58.9218],[24.7542,58.9209],[24.7547,58.9204],[24.7557,58.9194],[24.7574,58.918],[24.7606,58.9167],[24.7616,58.9163],[24.7618,58.9162],[24.7621,58.9162],[24.763,58.9158],[24.7638,58.9155],[24.766,58.9146],[24.7691,58.913],[24.7731,58.9109],[24.7749,58.9099],[24.7814,58.9066],[24.7834,58.9054],[24.7859,58.9032],[24.7861,58.903],[24.7874,58.9009],[24.7875,58.9006],[24.7876,58.9002],[24.7878,58.8998],[24.7878,58.8995],[24.7881,58.8968],[24.7882,58.8954],[24.7884,58.8913],[24.7883,58.891],[24.788,58.8898],[24.7877,58.8892],[24.7863,58.8873],[24.7833,58.8849],[24.7821,58.8837],[24.7815,58.883],[24.7803,58.8802],[24.7801,58.8794],[24.7801,58.8792],[24.7799,58.8785],[24.7798,58.8769],[24.7799,58.8768],[24.7808,58.874],[24.7819,58.8722],[24.7876,58.8626],[24.7882,58.8616],[24.7886,58.861],[24.7887,58.8607],[24.7891,58.8601],[24.7915,58.8561],[24.7951,58.8499],[24.7955,58.8491],[24.7958,58.8479],[24.7962,58.8434],[24.7963,58.8429],[24.7963,58.8426],[24.7964,58.8415],[24.7969,58.8359],[24.7977,58.8268],[24.7981,58.8241],[24.7987,58.823],[24.7987,58.8229],[24.8005,58.82],[24.8026,58.8175],[24.8027,58.8175],[24.8028,58.8174],[24.8032,58.8169],[24.8032,58.8168],[24.8035,58.8165],[24.8055,58.8124],[24.8056,58.8111],[24.8044,58.8086],[24.8049,58.8082],[24.8091,58.8078],[24.8092,58.8076],[24.8116,58.8041],[24.812,58.8034],[24.8124,58.8028],[24.8134,58.8012],[24.814,58.8003],[24.8158,58.7976],[24.8166,58.7963],[24.8188,58.7929],[24.8188,58.792],[24.8188,58.7917],[24.8186,58.7911],[24.8185,58.7907],[24.8187,58.7891],[24.8187,58.7881],[24.8187,58.7861],[24.8187,58.786],[24.8187,58.7854],[24.8187,58.7845],[24.8187,58.7842],[24.8185,58.7837],[24.8182,58.7833],[24.8181,58.7831],[24.8177,58.782],[24.8176,58.7817],[24.8173,58.7798],[24.8172,58.7796],[24.8171,58.7791],[24.817,58.7786],[24.817,58.7784],[24.8169,58.7778],[24.8168,58.7773],[24.8168,58.7771],[24.8168,58.777],[24.8168,58.7769],[24.8167,58.7764],[24.8165,58.7755],[24.8163,58.7746],[24.8163,58.7742],[24.8162,58.7738],[24.8161,58.7733],[24.8161,58.7731],[24.816,58.7729],[24.816,58.7728],[24.816,58.7727],[24.816,58.7723],[24.8159,58.7721],[24.8159,58.7718],[24.8158,58.7716],[24.8158,58.7713],[24.8157,58.771],[24.8157,58.7708],[24.8157,58.7705],[24.8156,58.7702],[24.8156,58.77],[24.8155,58.7699],[24.8155,58.7693],[24.8154,58.7693],[24.8154,58.7688],[24.8153,58.7685],[24.8153,58.7682],[24.8152,58.768],[24.8152,58.7677],[24.8151,58.7674],[24.8151,58.7673],[24.8151,58.7671],[24.815,58.7668],[24.8149,58.7662],[24.8149,58.7658],[24.8147,58.7645],[24.8139,58.7601],[24.8137,58.7574],[24.8137,58.7573],[24.814,58.7568],[24.8142,58.7563],[24.8143,58.7561],[24.8156,58.7542],[24.8159,58.7524],[24.8148,58.7504],[24.8116,58.7457],[24.8112,58.7451],[24.8106,58.7443],[24.8101,58.7435],[24.8099,58.7433],[24.8097,58.743],[24.8042,58.735],[24.8035,58.7339],[24.8018,58.7272],[24.8011,58.7249],[24.8005,58.7224],[24.8003,58.7214],[24.8001,58.7207],[24.7999,58.7199],[24.7995,58.7182],[24.7994,58.7179],[24.7985,58.7128],[24.798,58.7091],[24.7979,58.7089],[24.7961,58.7042],[24.7944,58.7025],[24.7929,58.7017],[24.7856,58.6984],[24.7842,58.6973],[24.7832,58.6953],[24.7834,58.6933],[24.7832,58.6921],[24.7804,58.6892],[24.7799,58.6887],[24.779,58.6878],[24.7786,58.6874],[24.7786,58.6873],[24.7774,58.6861],[24.7771,58.6858],[24.776,58.6852],[24.7751,58.6849],[24.7747,58.6847],[24.7679,58.6826],[24.7672,58.6823],[24.7668,58.6822],[24.7651,58.6815],[24.7638,58.6809],[24.7634,58.6807],[24.7606,58.679],[24.7598,58.6782],[24.7595,58.6776],[24.7594,58.6775],[24.7588,58.6759],[24.7583,58.6746],[24.7581,58.6743],[24.7575,58.673],[24.7575,58.6729],[24.7569,58.6715],[24.7566,58.6709],[24.7565,58.6706],[24.756,58.6694]],[[24.794,59.0057],[24.794,59.0055],[24.7939,59.0054],[24.7939,59.0053],[24.7941,59.0055],[24.7943,59.0056]],[[24.7884,58.9951],[24.7882,58.995],[24.7878,58.9947]],[[24.7888,58.9953],[24.7889,58.9955],[24.7892,58.9959],[24.7888,58.9955],[24.7886,58.9954]],[[24.7896,58.9963],[24.7892,58.9959]],[[24.7933,59.0038],[24.7932,59.0035],[24.7932,59.0034],[24.7932,59.0033],[24.7931,59.0031],[24.7931,59.003],[24.793,59.0027],[24.7929,59.0025],[24.7929,59.0024],[24.7928,59.0023],[24.7928,59.0021],[24.7928,59.002],[24.7927,59.0016],[24.7927,59.0014],[24.7926,59.0014],[24.7925,59.0009],[24.7925,59.0007],[24.7925,59.0005],[24.7924,59.0004],[24.7924,59.0002],[24.7924,58.9999],[24.7923,58.9998],[24.7923,58.9996],[24.7923,58.9995],[24.7922,58.9993],[24.7922,58.9992],[24.792,58.999],[24.792,58.9989],[24.7919,58.9988],[24.7917,58.9984],[24.7916,58.9983],[24.7914,58.9981],[24.7914,58.998],[24.7911,58.9977],[24.7911,58.9976],[24.7907,58.9973],[24.7906,58.9972],[24.7898,58.9964],[24.7897,58.9963],[24.7896,58.9963]],[[24.7937,59.0047],[24.7935,59.0044],[24.7934,59.0042],[24.7934,59.004],[24.7933,59.0038],[24.7935,59.0042],[24.7936,59.0044],[24.7937,59.0047],[24.7937,59.0048],[24.7938,59.0049],[24.7939,59.0053]]]},"properties":{"ref":"27"}},
{"type":"Feature","geometry":{"type":"MultiLineString","coordinates":[[[27.5728,57.9773],[27.5613,57.9729],[27.5585,57.9719],[27.5493,57.9686],[27.5462,57.9675],[27.5428,57.9669],[27.5361,57.9665],[27.5335,57.9667],[27.5334,57.9667],[27.5298,57.9673],[27.5261,57.9679],[27.5234,57.9682],[27.5199,57.9683],[27.5178,57.9683],[27.5144,57.9679],[27.5063,57.9669],[27.4937,57.9652],[27.4838,57.9634],[27.4835,57.9634],[27.4795,57.9627],[27.474,57.9622],[27.4643,57.9612],[27.4617,57.9611],[27.4583,57.9614],[27.4558,57.9621],[27.4538,57.9629],[27.4517,57.9639],[27.4491,57.9653],[27.4449,57.9671],[27.4404,57.9682],[27.4383,57.9684],[27.4343,57.9684],[27.4204,57.9684],[27.4154,57.9682],[27.4123,57.9673],[27.4113,57.967],[27.4101,57.9665],[27.4075,57.9657],[27.4042,57.9652],[27.4012,57.9652],[27.3973,57.9658],[27.3753,57.972],[27.3677,57.9742],[27.365,57.9749],[27.3647,57.9749],[27.3608,57.9754],[27.3584,57.9756],[27.3578,57.9756],[27.3566,57.9756],[27.3553,57.9756],[27.3533,57.9756],[27.3502,57.9755],[27.3445,57.9762],[27.3444,57.9762],[27.3406,57.9767],[27.339,57.9769],[27.3313,57.9778],[27.3265,57.9779],[27.3257,57.9778],[27.3234,57.9777],[27.3202,57.9775],[27.3171,57.9768],[27.3167,57.9767],[27.3129,57.9755],[27.3115,57.9753],[27.3039,57.9753],[27.3022,57.9754],[27.2956,57.9768],[27.2925,57.9772],[27.2917,57.9775]],[[27.2913,57.9778],[27.2897,57.978],[27.2888,57.9781],[27.2882,57.9782],[27.2868,57.9785],[27.2805,57.9797],[27.2779,57.9803],[27.2768,57.9805],[27.2702,57.9824],[27.2665,57.9838],[27.2661,57.984],[27.2651,57.9845],[27.2649,57.9846],[27.2644,57.9849],[27.2601,57.9871],[27.259,57.9876],[27.2583,57.988],[27.2581,57.9881],[27.2544,57.9901],[27.2523,57.9921],[27.2522,57.9923],[27.2521,57.9924],[27.2514,57.9932],[27.2511,57.9935],[27.2507,57.994],[27.2506,57.9941],[27.2488,57.9955],[27.2466,57.997],[27.2455,57.9983],[27.2431,58.0011],[27.241,58.0021],[27.2351,58.0034],[27.2347,58.0035],[27.2333,58.0041],[27.2322,58.0045],[27.2296,58.0048],[27.2286,58.0047],[27.2284,58.0047],[27.2279,58.0046],[27.2274,58.0045],[27.2263,58.0044],[27.226,58.0043],[27.225,58.0042],[27.2245,58.0041],[27.2243,58.0041],[27.2231,58.0039],[27.2136,58.0038],[27.2097,58.0041],[27.2066,58.005],[27.2051,58.0055],[27.2036,58.0059],[27.1972,58.0078],[27.1945,58.0085],[27.1941,58.0086],[27.193,58.0089],[27.1867,58.0101],[27.1864,58.0102],[27.1829,58.0109],[27.1827,58.011],[27.177,58.0124],[27.1763,58.0126],[27.1754,58.0129],[27.1745,58.0131],[27.1743,58.0132],[27.1739,58.0133],[27.1725,58.0138],[27.1719,58.0142],[27.1706,58.0152],[27.1694,58.0163],[27.1685,58.0172],[27.166,58.0198],[27.1647,58.0211],[27.1641,58.0217],[27.1636,58.0221],[27.1617,58.0236],[27.1615,58.0237],[27.1599,58.0247],[27.1584,58.0256],[27.1582,58.0257],[27.1572,58.0263],[27.157,58.0265],[27.1565,58.0268],[27.1556,58.0273],[27.1536,58.0285],[27.1492,58.031],[27.1465,58.0324],[27.1443,58.0335],[27.1421,58.0347],[27.1394,58.0358],[27.136,58.0365],[27.1346,58.0367],[27.134,58.0368],[27.1334,58.0369],[27.132,58.0372],[27.1272,58.0382],[27.1237,58.0392],[27.1201,58.0401],[27.1182,58.0404],[27.118,58.0404],[27.1168,58.0405],[27.1164,58.0405],[27.1161,58.0406],[27.1146,58.0407],[27.1117,58.0409],[27.1092,58.0411],[27.1001,58.0418],[27.0984,58.0419],[27.0976,58.042],[27.0959,58.0421],[27.0884,58.0424],[27.0867,58.0425],[27.0854,58.0425],[27.0824,58.0426],[27.0819,58.0427],[27.0817,58.0427],[27.079,58.0427],[27.076,58.0428],[27.0752,58.0428],[27.0745,58.0427],[27.0731,58.0427],[27.0718,58.0426],[27.0714,58.0426],[27.0709,58.0426],[27.0705,58.0425],[27.0701,58.0425],[27.0697,58.0424],[27.0685,58.0424],[27.0684,58.0423],[27.0683,58.0423],[27.0675,58.0423],[27.0668,58.0423],[27.0658,58.0422]],[[27.2911,57.9777],[27.2902,57.9779],[27.2897,57.978]],[[27.2915,57.9774],[27.2925,57.9772]]]},"properties":{"ref":"90"}},
{"type":"Feature","geometry":{"type":"MultiLineString","coordinates":[[[24.7177,59.4332],[24.7175,59.4331],[24.7172,59.433],[24.7165,59.4328],[24.7162,59.4327],[24.7161,59.4327],[24.7158,59.4327],[24.7152,59.4326],[24.7144,59.4323],[24.713,59.4318],[24.7125,59.4317],[24.7122,59.4316]],[[24.7378,59.432],[24.7392,59.4323],[24.7399,59.4324],[24.7402,59.4325],[24.7414,59.4328],[24.7415,59.4328],[24.7433,59.4332],[24.7436,59.4332],[24.7439,59.4332],[24.7441,59.4331],[24.7446,59.4331],[24.7449,59.4331],[24.7452,59.4331]],[[24.7367,59.4319],[24.7365,59.432],[24.7363,59.4321],[24.7359,59.4322],[24.7355,59.4323],[24.7354,59.4324],[24.735,59.4326],[24.7349,59.4327],[24.7342,59.4335],[24.7331,59.4347],[24.7331,59.4348],[24.733,59.4348],[24.733,59.4349],[24.7329,59.4349],[24.7327,59.4349],[24.7322,59.4349],[24.7316,59.435],[24.7308,59.435],[24.7305,59.435],[24.7297,59.435],[24.7289,59.435],[24.7287,59.4349],[24.7284,59.4349],[24.7274,59.4348],[24.7271,59.4348],[24.7269,59.4347],[24.7262,59.4347],[24.7256,59.4346],[24.7243,59.4344],[24.724,59.4343],[24.7239,59.4343],[24.7235,59.4342],[24.7226,59.434],[24.7224,59.434],[24.7222,59.434],[24.7217,59.4339],[24.721,59.4337],[24.7207,59.4337],[24.7205,59.4336],[24.7204,59.4336],[24.7199,59.4335],[24.7198,59.4335],[24.7191,59.4334],[24.7187,59.4333],[24.7182,59.4332],[24.7178,59.4331],[24.7177,59.4331],[24.7169,59.4328],[24.7165,59.4327],[24.7163,59.4326],[24.7161,59.4326],[24.7158,59.4325],[24.7152,59.4323],[24.7146,59.4321],[24.7143,59.432],[24.7137,59.4318],[24.7129,59.4315],[24.7127,59.4315],[24.7121,59.4313],[24.7119,59.4312],[24.7115,59.4311],[24.7106,59.4308],[24.7098,59.4305],[24.7078,59.4299],[24.7075,59.4298],[24.7071,59.4297],[24.7069,59.4297],[24.7059,59.4294],[24.7053,59.4293]]]},"properties":{"ref":"8"}},
{"type":"Feature","geometry":{"type":"MultiLineString","coordinates":[[[26.3897,58.7521],[26.3919,58.7526],[26.3898,58.7517]],[[26.3889,58.7517],[26.3867,58.7511],[26.3888,58.752]],[[26.4004,58.7554],[26.3985,58.7545],[26.4005,58.755]],[[26.4013,58.7555],[26.4034,58.7559],[26.4015,58.7551]],[[26.3635,58.7448],[26.3637,58.745],[26.3648,58.7454],[26.3636,58.745],[26.3634,58.745]],[[26.9479,58.8476],[26.9476,58.8476],[26.9459,58.8475],[26.9455,58.8474],[26.9447,58.8474],[26.9446,58.8474],[26.9439,58.8474],[26.9435,58.8474],[26.9415,58.8478],[26.9411,58.848],[26.9407,58.8481],[26.9402,58.8483],[26.9392,58.8485],[26.9387,58.8485],[26.9359,58.8481],[26.9347,58.8479],[26.9345,58.8479],[26.9327,58.8478],[26.931,58.8479],[26.9306,58.848],[26.9294,58.8484],[26.9279,58.8487],[26.9245,58.8484],[26.9241,58.8483],[26.9213,58.848],[26.9181,58.8478],[26.9159,58.8477],[26.9155,58.8477],[26.9146,58.8479],[26.9139,58.8479]],[[26.914,58.8472],[26.9134,58.8473],[26.9126,58.8474],[26.9114,58.8474],[26.9036,58.8471],[26.9023,58.8471],[26.9022,58.8471],[26.9021,58.8471],[26.9007,58.8471],[26.892,58.847],[26.8834,58.8467],[26.8801,58.8464],[26.88,58.8463],[26.8767,58.8458],[26.8736,58.8456],[26.8669,58.8463],[26.8645,58.8467],[26.863,58.8473],[26.862,58.8477],[26.8616,58.8479],[26.8612,58.8481],[26.8604,58.8484],[26.8601,58.8486],[26.8598,58.8487],[26.857,58.8499],[26.8541,58.8509],[26.8502,58.8513],[26.8472,58.851],[26.8415,58.85],[26.8392,58.8494],[26.8383,58.849],[26.8379,58.8489],[26.8377,58.8488],[26.8368,58.8485],[26.8299,58.8446],[26.8275,58.8435],[26.8234,58.8419],[26.8225,58.8416],[26.8163,58.8393],[26.8142,58.8386],[26.8099,58.8369],[26.8074,58.836],[26.8068,58.8358],[26.8029,58.8344],[26.7997,58.8335],[26.7971,58.833],[26.7907,58.832],[26.7897,58.8318],[26.7867,58.8315],[26.7828,58.8312],[26.7799,58.8312],[26.7746,58.831],[26.7643,58.8302],[26.7611,58.8295],[26.7579,58.8282],[26.7519,58.8249],[26.7508,58.8244],[26.7507,58.8243],[26.7493,58.8235],[26.7462,58.8219],[26.7433,58.8209],[26.7425,58.8208],[26.7412,58.8207],[26.7409,58.8206],[26.7392,58.8206],[26.7387,58.8206],[26.7383,58.8207],[26.7373,58.8207],[26.7364,58.8207],[26.7339,58.8207],[26.7321,58.8207],[26.7319,58.8207],[26.7311,58.8208],[26.7294,58.8209],[26.7281,58.821],[26.7265,58.8211],[26.726,58.8212],[26.7255,58.8212],[26.7187,58.8217],[26.7183,58.8218],[26.7148,58.822],[26.7147,58.822],[26.7142,58.8221],[26.7139,58.8221],[26.7129,58.8221],[26.7127,58.8221],[26.7093,58.8223],[26.6994,58.8229],[26.6965,58.8231],[26.6949,58.8233],[26.6924,58.8235],[26.6923,58.8235],[26.6918,58.8236],[26.6915,58.8236],[26.6904,58.8237],[26.6903,58.8237],[26.6857,58.8243],[26.6806,58.8253],[26.6753,58.8262],[26.6715,58.8266],[26.67,58.8265],[26.6696,58.8265],[26.6693,58.8265],[26.6663,58.8264],[26.665,58.8264],[26.66,58.8262],[26.6586,58.8261],[26.6578,58.8261],[26.6571,58.8261],[26.6568,58.8261],[26.6556,58.826],[26.6554,58.826],[26.6543,58.826],[26.6536,58.8259],[26.653,58.8258],[26.6523,58.8257],[26.6506,58.8254],[26.6495,58.8251],[26.6419,58.8236],[26.638,58.8229],[26.6343,58.8224],[26.6323,58.8224],[26.6249,58.8235],[26.6201,58.8242],[26.6136,58.8252],[26.6122,58.8254],[26.6063,58.826],[26.6017,58.8259],[26.5985,58.8257],[26.5972,58.8256],[26.5968,58.8256],[26.5945,58.8254],[26.5929,58.8253],[26.5924,58.8252],[26.5922,58.8252],[26.591,58.825],[26.5906,58.8249],[26.5891,58.8245],[26.588,58.8241],[26.5874,58.8239],[26.5802,58.8215],[26.5781,58.8208],[26.5769,58.8204],[26.5699,58.818],[26.5663,58.8171],[26.5641,58.8167],[26.5597,58.8161],[26.5585,58.816],[26.5584,58.816],[26.558,58.816],[26.5568,58.8159],[26.5529,58.8157],[26.5482,58.815],[26.5443,58.8138],[26.5442,58.8138],[26.5434,58.8134],[26.5417,58.8128],[26.5384,58.8114],[26.5377,58.8111],[26.5346,58.8099],[26.5342,58.8097],[26.5296,58.808],[26.5256,58.8069],[26.5249,58.8067],[26.5235,58.8064],[26.5217,58.8059],[26.5203,58.8056],[26.5133,58.8044],[26.5108,58.804],[26.4993,58.8025],[26.4957,58.8019],[26.492,58.8011],[26.4882,58.7997],[26.4871,58.7989],[26.4857,58.7976],[26.4822,58.7934],[26.4818,58.7928],[26.4816,58.7926],[26.4812,58.7922],[26.4811,58.792],[26.4789,58.7893],[26.4773,58.7869],[26.476,58.7845],[26.4748,58.7821],[26.4743,58.781],[26.4726,58.7776],[26.4714,58.7758],[26.4686,58.7743],[26.4599,58.7718],[26.4494,58.7687],[26.4493,58.7687],[26.4322,58.7637],[26.4306,58.7633],[26.4289,58.7629],[26.4258,58.7621],[26.4228,58.7614],[26.4201,58.7607],[26.4131,58.7588],[26.4066,58.7569],[26.4055,58.7565],[26.4047,58.7563],[26.4034,58.7559]],[[26.3675,58.7462],[26.3736,58.7478],[26.3796,58.7492],[26.3818,58.7497],[26.3819,58.7498],[26.3827,58.75],[26.3857,58.7508],[26.3865,58.7511],[26.3867,58.7511]],[[26.394,58.7533],[26.397,58.7541],[26.3985,58.7545]],[[26.3919,58.7526],[26.394,58.7533]],[[26.3658,58.7457],[26.3675,58.7462]],[[26.3648,58.7454],[26.3658,58.7457]],[[26.4258,58.7621],[26.427,58.7623],[26.4289,58.7628],[26.4304,58.7632],[26.4314,58.7635],[26.4322,58.7637]]]},"properties":{"ref":"36"}},
{"type":"Feature","geometry":{"type":"MultiLineString","coordinates":[[[27.0127,57.8266],[27.0133,57.8264],[27.0134,57.8264],[27.0135,57.8265],[27.0124,57.8267],[27.0122,57.8269]],[[27.0642,57.8097],[27.0632,57.81],[27.0622,57.8102],[27.0601,57.8106],[27.0576,57.811],[27.056,57.8113],[27.0549,57.8114],[27.0534,57.8117],[27.0523,57.8119],[27.0511,57.8121],[27.0492,57.8124],[27.0482,57.8125],[27.0458,57.8129],[27.0441,57.8132],[27.0439,57.8133],[27.0424,57.8135],[27.041,57.8137],[27.0407,57.8138],[27.0385,57.8141],[27.0379,57.8143],[27.0374,57.8143],[27.035,57.8147],[27.0316,57.8153],[27.0308,57.8155],[27.0304,57.8156],[27.0297,57.8158],[27.0296,57.8158],[27.0294,57.8157],[27.0296,57.8157],[27.0304,57.8156]],[[27.0282,57.8166],[27.0291,57.816],[27.0291,57.8159],[27.0293,57.816],[27.0292,57.816],[27.0282,57.8166],[27.0281,57.8166],[27.0278,57.8169],[27.0272,57.8172],[27.024,57.8193],[27.0232,57.8199],[27.0225,57.8203],[27.0216,57.8209],[27.021,57.8212],[27.0203,57.8217],[27.0194,57.8223],[27.0189,57.8226],[27.0181,57.8232],[27.0174,57.8237],[27.0169,57.8241],[27.0167,57.8242],[27.0164,57.8245],[27.0159,57.8249],[27.0142,57.8261],[27.0141,57.8262],[27.0137,57.8264],[27.0135,57.8265]],[[27.0294,57.8159],[27.0293,57.816]],[[27.0291,57.8159],[27.0291,57.8158],[27.0293,57.8157],[27.0294,57.8157]],[[27.0296,57.8158],[27.0295,57.8159],[27.0294,57.8159]],[[27.0134,57.8264],[27.0136,57.8263],[27.0142,57.8261]]]},"properties":{"ref":"66"}},
{"type":"Feature","geometry":{"type":"LineString","coordinates":[[22.6831,58.5712],[22.6835,58.5709],[22.6836,58.5707],[22.6837,58.5706],[22.6844,58.5699],[22.6847,58.5696],[22.6848,58.5695],[22.6849,58.5693],[22.6855,58.5686],[22.6856,58.5685],[22.6863,58.568],[22.6868,58.5675],[22.6885,58.5663],[22.6892,58.5657],[22.6902,58.5648],[22.691,58.5639],[22.694,58.5604],[22.6955,58.5586],[22.6979,58.5555],[22.6989,58.5536],[22.7006,58.5497],[22.7009,58.5485],[22.7008,58.5465],[22.7007,58.5459],[22.7006,58.545],[22.7005,58.5447],[22.7005,58.5445],[22.7001,58.5425],[22.7001,58.5422],[22.7,58.5415],[22.6999,58.5411],[22.6997,58.5397],[22.6994,58.5384],[22.6992,58.537],[22.6992,58.5364],[22.6989,58.5336],[22.6989,58.5332],[22.6987,58.5307],[22.6991,58.5294],[22.6992,58.5293],[22.6995,58.5287],[22.6997,58.5284],[22.6998,58.5282],[22.7001,58.5278],[22.7002,58.5277],[22.7002,58.5276],[22.7014,58.5258],[22.7016,58.5252],[22.7016,58.525],[22.7016,58.5245],[22.7014,58.5233],[22.7015,58.5226],[22.7015,58.5225],[22.7016,58.5221],[22.7017,58.5218],[22.702,58.521],[22.7022,58.5205],[22.7026,58.5196],[22.7028,58.5191],[22.7033,58.5177],[22.7041,58.5156],[22.7043,58.5152],[22.7045,58.5147],[22.7049,58.5137],[22.7049,58.5136],[22.7059,58.511],[22.7061,58.5105],[22.7064,58.5076],[22.7064,58.5074],[22.7062,58.5056],[22.7053,58.5028],[22.7052,58.5013],[22.7083,58.4934],[22.7092,58.4913],[22.7092,58.4888],[22.7052,58.482],[22.7037,58.4789],[22.7033,58.4756],[22.7027,58.4716],[22.7024,58.4692],[22.7023,58.4681],[22.7022,58.4674],[22.7019,58.4655],[22.7023,58.4636],[22.7029,58.4627],[22.7044,58.461],[22.7063,58.4594],[22.708,58.457],[22.708,58.4547],[22.7076,58.4528],[22.7079,58.4504],[22.7081,58.4481],[22.7071,58.4454],[22.7068,58.4448],[22.7051,58.441],[22.7048,58.4399],[22.7049,58.4355],[22.7052,58.4337],[22.7041,58.4324],[22.7013,58.4316],[22.6932,58.4297],[22.6895,58.4289],[22.6843,58.4282],[22.6823,58.4279],[22.6793,58.4272],[22.673,58.4249],[22.6726,58.4247],[22.6705,58.4238],[22.6665,58.4214],[22.6638,58.4191],[22.6609,58.416],[22.6608,58.416],[22.6603,58.4154],[22.6589,58.414],[22.6583,58.4134],[22.6578,58.4128],[22.6568,58.4118],[22.6566,58.4115],[22.6549,58.41],[22.6523,58.4082],[22.652,58.4081],[22.6508,58.4073],[22.6472,58.4053],[22.646,58.4048],[22.6436,58.4035],[22.6431,58.4024],[22.6426,58.4],[22.6428,58.3989],[22.644,58.3974],[22.6473,58.3941],[22.6479,58.3927],[22.6486,58.3905],[22.6486,58.3888],[22.6477,58.388],[22.6404,58.3848],[22.6364,58.3831],[22.6361,58.383],[22.6344,58.3823],[22.6319,58.3812],[22.6298,58.3804],[22.6272,58.3792],[22.6259,58.3783],[22.6237,58.3759],[22.6229,58.3747],[22.6226,58.3743],[22.6218,58.3733],[22.6212,58.3725],[22.6201,58.3711],[22.6191,58.3697],[22.6161,58.3664],[22.6141,58.3646],[22.6103,58.3621],[22.6037,58.3579],[22.6026,58.3572],[22.5912,58.3498],[22.5863,58.3466],[22.5818,58.3438],[22.5809,58.3433],[22.5795,58.3426],[22.5757,58.3404],[22.5724,58.3384],[22.571,58.3375],[22.568,58.3355],[22.5627,58.3319],[22.5609,58.3306],[22.56,58.33],[22.5586,58.3289],[22.5561,58.3267],[22.5556,58.3263],[22.5541,58.325],[22.5514,58.3228],[22.5497,58.3214],[22.5469,58.319],[22.5463,58.3182],[22.5461,58.3177],[22.5458,58.3173],[22.5458,58.3172],[22.5417,58.3092],[22.5415,58.3089],[22.5408,58.3075],[22.5406,58.3071],[22.5397,58.3055],[22.5395,58.305],[22.5392,58.3028],[22.5394,58.3007],[22.5394,58.3006],[22.5396,58.2999],[22.5407,58.2979],[22.5413,58.297],[22.5414,58.2968],[22.5422,58.2951],[22.5419,58.2943],[22.5412,58.2928],[22.541,58.2923],[22.5406,58.2914],[22.5405,58.2911],[22.5402,58.2905],[22.5399,58.2899],[22.5398,58.2894],[22.5398,58.2869],[22.54,58.2865],[22.5404,58.2853],[22.5411,58.284],[22.5411,58.2839],[22.5422,58.2819]]},"properties":{"ref":"79"}},
{"type":"Feature","geometry":{"type":"LineString","coordinates":[[23.0367,58.5266],[23.0393,58.5297],[23.0405,58.5311],[23.0431,58.5333],[23.0464,58.5354],[23.0465,58.5355],[23.0479,58.5365],[23.05,58.5389],[23.0511,58.5404],[23.0566,58.5457],[23.0606,58.5499],[23.0656,58.5553],[23.067,58.5563],[23.0671,58.5564],[23.0672,58.5564],[23.0676,58.5566],[23.0678,58.5567],[23.0684,58.557],[23.0701,58.5577],[23.0703,58.5578],[23.071,58.5581],[23.0718,58.5584],[23.0723,58.5586],[23.0725,58.5587],[23.0738,58.559],[23.0739,58.559],[23.074,58.559],[23.0751,58.5592],[23.0755,58.5592],[23.0764,58.5593],[23.0766,58.5593],[23.0768,58.5593],[23.078,58.5594],[23.0792,58.5595],[23.0811,58.5594],[23.0813,58.5594],[23.0821,58.5593],[23.0823,58.5593],[23.0826,58.5592],[23.083,58.5591],[23.0836,58.5589],[23.084,58.5588],[23.0842,58.5588],[23.085,58.5585],[23.0853,58.5585],[23.0855,58.5584],[23.0868,58.5582],[23.0893,58.5578],[23.0896,58.5577],[23.0915,58.5574],[23.0948,58.5567],[23.0966,58.5562],[23.098,58.5557],[23.1024,58.5545],[23.1124,58.5517],[23.1138,58.5514],[23.1169,58.5505],[23.1233,58.5485],[23.1243,58.5482],[23.1269,58.5481],[23.1348,58.5488],[23.1365,58.5491],[23.1368,58.549],[23.1365,58.5491]]},"properties":{"ref":"75"}},
{"type":"Feature","geometry":{"type":"MultiLineString","coordinates":[[[24.7883,59.4224],[24.7885,59.4225],[24.7887,59.4226],[24.7894,59.4229],[24.7904,59.423],[24.7911,59.423],[24.7917,59.423],[24.7919,59.423],[24.7942,59.423],[24.7952,59.423],[24.7956,59.423],[24.7958,59.423],[24.7959,59.423],[24.7966,59.423],[24.7979,59.423],[24.7986,59.423],[24.7991,59.423],[24.7995,59.423],[24.8019,59.423],[24.8022,59.423],[24.8046,59.423],[24.8056,59.423],[24.806,59.423],[24.806,59.4231],[24.8111,59.423],[24.8114,59.423],[24.8172,59.4228],[24.82,59.4225],[24.8202,59.4224],[24.8218,59.4221],[24.824,59.4216],[24.8244,59.4214],[24.825,59.4211],[24.8238,59.4215],[24.8227,59.4218],[24.8218,59.422],[24.8202,59.4223],[24.82,59.4224],[24.819,59.4225],[24.8171,59.4227],[24.8123,59.4229],[24.8114,59.4229],[24.8111,59.423],[24.8105,59.423],[24.806,59.423]],[[24.7882,59.4225],[24.7884,59.4226],[24.789,59.4229],[24.7896,59.4231],[24.7901,59.4231],[24.7917,59.4231]],[[24.9156,59.4075],[24.9162,59.4072],[24.9164,59.4071],[24.917,59.4068],[24.9174,59.4066],[24.9179,59.4059],[24.9179,59.4056],[24.9178,59.4054],[24.9164,59.4031],[24.9162,59.4024],[24.9161,59.4014],[24.9168,59.3992],[24.9167,59.3986]],[[24.9145,59.4081],[24.9083,59.4113],[24.9046,59.4129],[24.9035,59.4134],[24.9028,59.4137],[24.8995,59.415],[24.8959,59.4162],[24.8934,59.4166],[24.8894,59.4171],[24.8867,59.4172],[24.8837,59.4171],[24.8802,59.4168],[24.878,59.4166],[24.8778,59.4165],[24.8777,59.4165],[24.8776,59.4165],[24.8765,59.4164],[24.8752,59.4163],[24.875,59.4163],[24.8721,59.416],[24.8707,59.4159],[24.8705,59.4159],[24.8676,59.4158],[24.867,59.4157],[24.8643,59.4158],[24.8638,59.4158],[24.8633,59.4158],[24.8614,59.4158],[24.8603,59.4158],[24.8598,59.4158],[24.8594,59.4158],[24.8582,59.4158],[24.8576,59.4158],[24.8567,59.4158],[24.8562,59.4158],[24.853,59.4158],[24.8526,59.4158],[24.8521,59.4158],[24.851,59.4158],[24.8501,59.4158],[24.8498,59.4158],[24.8492,59.4158],[24.8486,59.4158],[24.8463,59.4158],[24.846,59.4158],[24.8452,59.4158],[24.8449,59.4158],[24.8447,59.4158],[24.8439,59.4158],[24.8429,59.4158],[24.8414,59.4158],[24.8421,59.4157],[24.8423,59.4157],[24.8435,59.4157],[24.8448,59.4157],[24.8451,59.4157],[24.8463,59.4157],[24.848,59.4158],[24.8486,59.4158]],[[24.9151,59.4076],[24.9146,59.408]],[[24.9171,59.3986],[24.9168,59.3992]],[[24.825,59.4211],[24.8252,59.421],[24.8257,59.4209],[24.8264,59.4207],[24.8269,59.4205],[24.827,59.4205],[24.8278,59.4202],[24.8279,59.4202],[24.8282,59.42],[24.8294,59.4197],[24.8307,59.4192],[24.8309,59.4192],[24.8314,59.419],[24.8322,59.4187],[24.8325,59.4186],[24.8334,59.4183],[24.8335,59.4183],[24.8339,59.4182],[24.8353,59.4177],[24.8361,59.4174],[24.8365,59.4173],[24.8367,59.4172],[24.8375,59.417],[24.8385,59.4166],[24.8386,59.4166],[24.8387,59.4166],[24.8388,59.4165],[24.8397,59.4162],[24.8414,59.4158]]]},"properties":{"ref":"11290"}},
{"type":"Feature","geometry":{"type":"MultiLineString","coordinates":[[[24.7428,59.4273],[24.7428,59.4274],[24.7428,59.4275],[24.7428,59.4277],[24.7428,59.4282],[24.7431,59.4288],[24.7432,59.4289],[24.7433,59.429],[24.7436,59.4293],[24.7442,59.4298],[24.7446,59.43],[24.7452,59.4304],[24.7453,59.4306],[24.7455,59.4311],[24.7459,59.4324],[24.7459,59.4325],[24.746,59.4328],[24.746,59.4329],[24.746,59.433],[24.746,59.4331],[24.7465,59.4338],[24.7469,59.4341],[24.747,59.4342],[24.7479,59.4347],[24.7481,59.4348],[24.7487,59.4351],[24.7497,59.4354],[24.7498,59.4354],[24.7509,59.4358],[24.7527,59.4364],[24.7537,59.4367]],[[24.7424,59.4273],[24.7424,59.4274],[24.7425,59.4282],[24.7425,59.4284],[24.7425,59.4285],[24.7428,59.4288],[24.743,59.4289],[24.7434,59.4293],[24.7441,59.4299],[24.7443,59.43],[24.7444,59.4301],[24.7451,59.4305],[24.7452,59.4306],[24.7453,59.4311],[24.7457,59.4327],[24.7457,59.4328],[24.7457,59.4329],[24.7458,59.4329],[24.7458,59.433],[24.7458,59.4331],[24.746,59.4335],[24.7461,59.4336],[24.7468,59.4342],[24.7478,59.4347],[24.7479,59.4348],[24.7485,59.4351],[24.7493,59.4354],[24.7496,59.4355],[24.7505,59.4358],[24.7516,59.4362],[24.7525,59.4365],[24.7529,59.4367],[24.7529,59.4368],[24.7531,59.4371]],[[24.4954,58.4089],[24.4957,58.4088]],[[24.4936,58.4091],[24.4936,58.409]]]},"properties":{"ref":"4"}},
{"type":"Feature","geometry":{"type":"MultiLineString","coordinates":[[[27.134,58.6003],[27.1347,58.6008],[27.1354,58.6012],[27.1355,58.6013],[27.1363,58.6018],[27.1367,58.6021],[27.1368,58.6021],[27.137,58.6023],[27.1374,58.6026],[27.1383,58.6036],[27.1385,58.604],[27.1387,58.6043],[27.1393,58.6053],[27.1394,58.6058],[27.1393,58.6062],[27.1392,58.6068],[27.1391,58.6093],[27.14,58.6106],[27.1408,58.6115],[27.1416,58.6121],[27.1423,58.6127],[27.1458,58.6156],[27.1471,58.6167],[27.1472,58.6167],[27.1483,58.6176],[27.1486,58.6178],[27.1488,58.618],[27.1501,58.6197],[27.1504,58.6204],[27.1511,58.6219],[27.1517,58.6231],[27.152,58.6237],[27.1525,58.6248],[27.1542,58.6287],[27.1547,58.6298],[27.1557,58.6319],[27.1566,58.6338],[27.1574,58.6354],[27.1589,58.6388],[27.1595,58.6407],[27.1595,58.6423],[27.159,58.6443],[27.1548,58.6549],[27.1548,58.655],[27.1522,58.6615],[27.1521,58.6618],[27.152,58.6621],[27.1517,58.6632],[27.1514,58.6647],[27.151,58.667],[27.1507,58.6682],[27.1479,58.6825],[27.1479,58.6829],[27.1478,58.6832],[27.1477,58.6835],[27.1477,58.6838],[27.1459,58.693],[27.1458,58.6932],[27.1457,58.6938],[27.1457,58.694]],[[27.1026,58.7283],[27.0947,58.7314],[27.0942,58.7316],[27.0904,58.733],[27.08,58.737],[27.0748,58.7392],[27.069,58.742],[27.0658,58.7435],[27.0602,58.7456],[27.058,58.7464],[27.0554,58.7473],[27.0553,58.7474],[27.0495,58.7495],[27.043,58.7519],[27.0361,58.7544],[27.0342,58.7551],[27.0334,58.7554],[27.0327,58.7556],[27.0293,58.757],[27.0266,58.7584],[27.0229,58.7608],[27.0186,58.7648],[27.0115,58.7717],[27.0107,58.7725],[27.0094,58.773],[27.0032,58.7737],[27.0005,58.7742],[26.9943,58.7757],[26.9895,58.777],[26.9894,58.777],[26.9874,58.7776],[26.9856,58.7782],[26.9812,58.7792],[26.9785,58.7801],[26.9775,58.7805],[26.9769,58.7808],[26.9761,58.7812],[26.976,58.7812],[26.9757,58.7814],[26.9735,58.7825],[26.9719,58.7832],[26.9714,58.7834],[26.9692,58.7844],[26.9655,58.7858],[26.9629,58.7868],[26.9572,58.7889],[26.9502,58.7915],[26.9459,58.7931],[26.9454,58.7932],[26.9452,58.7932],[26.9446,58.7932],[26.9439,58.7932]],[[26.8076,58.4473],[26.8083,58.4473],[26.8087,58.4474],[26.809,58.4481],[26.8096,58.4489],[26.8139,58.4527],[26.8155,58.4542],[26.8163,58.4548],[26.8186,58.4561],[26.8231,58.458],[26.8281,58.4601],[26.8306,58.4612],[26.8337,58.463],[26.8356,58.4644],[26.8382,58.4664],[26.8392,58.4672],[26.8398,58.4676],[26.8403,58.4681],[26.8411,58.4688],[26.8414,58.4692],[26.8426,58.4703],[26.8441,58.4717],[26.8449,58.4724],[26.8483,58.4756],[26.8502,58.4782],[26.8506,58.4806],[26.8509,58.4856],[26.8512,58.4878],[26.8517,58.4891],[26.8529,58.4905],[26.8544,58.4917],[26.8574,58.4932],[26.8667,58.4974],[26.8694,58.4988],[26.8744,58.5021],[26.8762,58.503],[26.8774,58.5035],[26.8814,58.5053],[26.884,58.5065],[26.8872,58.5079],[26.8906,58.5092],[26.8911,58.5094],[26.8947,58.51],[26.8948,58.51],[26.9089,58.5106],[26.9156,58.5109],[26.9173,58.511],[26.9198,58.5111],[26.9248,58.5113],[26.9275,58.5114],[26.9281,58.5114],[26.9399,58.5119],[26.9446,58.5121],[26.9469,58.5122],[26.9475,58.5122],[26.9543,58.5125],[26.9633,58.5132],[26.9644,58.5133],[26.973,58.514],[26.9774,58.5144],[26.983,58.515],[26.9878,58.5155],[26.9966,58.5164],[26.9989,58.517],[27.0006,58.518],[27.0017,58.5192],[27.0076,58.5255],[27.0088,58.5263],[27.0109,58.5272],[27.0128,58.5277],[27.0152,58.5281],[27.0199,58.5286],[27.0255,58.5288],[27.0276,58.5286],[27.0282,58.5285],[27.0283,58.5285],[27.0451,58.5266],[27.0477,58.5263],[27.0504,58.5263],[27.0509,58.5263],[27.0517,58.5264],[27.0519,58.5264],[27.0524,58.5265],[27.0525,58.5265],[27.0567,58.5268],[27.0598,58.5269],[27.0679,58.5265],[27.0718,58.5267],[27.0724,58.5268],[27.0785,58.5282],[27.0803,58.5287],[27.0813,58.529],[27.085,58.5305],[27.0915,58.5331],[27.0932,58.5341],[27.0952,58.5356],[27.0981,58.5387],[27.1,58.54],[27.1006,58.5404],[27.1007,58.5405],[27.1048,58.5434],[27.1069,58.5448],[27.1074,58.5452],[27.1081,58.5457],[27.1098,58.5471],[27.1125,58.5505],[27.1146,58.5533],[27.1146,58.5534],[27.1167,58.5563],[27.1217,58.5634],[27.1234,58.566],[27.1244,58.5686],[27.125,58.5707],[27.1267,58.5771],[27.1267,58.5783],[27.1258,58.5814],[27.1253,58.583],[27.1245,58.5856],[27.1242,58.5868],[27.1242,58.5876],[27.1242,58.5883],[27.1246,58.5908],[27.1251,58.5922],[27.1272,58.5956],[27.1272,58.5957],[27.1274,58.596],[27.129,58.5975],[27.1304,58.5984],[27.131,58.5988],[27.1311,58.5989],[27.1326,58.5996],[27.1333,58.6],[27.1334,58.6001],[27.1336,58.6001],[27.1338,58.6002]],[[26.8076,58.4474],[26.8085,58.4474],[26.8087,58.4475],[26.809,58.4481]],[[27.1336,58.6003],[27.1335,58.6002],[27.1334,58.6001]]]},"properties":{"ref":"43"}},
{"type":"Feature","geometry":{"type":"MultiLineString","coordinates":[[[22.4656,58.2685],[22.4652,58.2687],[22.4651,58.2687],[22.4652,58.2687],[22.4657,58.2687]],[[22.4666,58.2681],[22.4673,58.268],[22.4671,58.2683]],[[22.4815,58.2629],[22.4808,58.263],[22.48,58.2632],[22.4798,58.2633],[22.4775,58.2639],[22.4772,58.2639],[22.4763,58.2642],[22.476,58.2642],[22.4758,58.2643],[22.4754,58.2643],[22.475,58.2645],[22.4744,58.2646],[22.4732,58.2652],[22.4724,58.2656],[22.4709,58.2664],[22.4694,58.267],[22.4687,58.2673],[22.4682,58.2675],[22.468,58.2676],[22.4676,58.2678],[22.4674,58.2679],[22.4673,58.268]],[[22.0464,58.4617],[22.0468,58.462],[22.0462,58.4637],[22.0451,58.4646],[22.0433,58.4654],[22.0337,58.4693],[22.0332,58.4695],[22.0274,58.4692],[22.0245,58.4685],[22.0222,58.4677],[22.0167,58.4672],[22.0118,58.4664],[22.0102,58.4662],[22.0092,58.466],[22.0083,58.4656],[22.006,58.4646],[22.0044,58.4642],[22.0019,58.4639],[21.9976,58.4638],[21.9939,58.463],[21.9924,58.4618],[21.9921,58.4608],[21.9917,58.4398],[21.9915,58.4285],[21.9914,58.4251],[21.9914,58.4231],[21.9914,58.4217],[21.9911,58.4169],[21.9903,58.4149],[21.9884,58.4129],[21.9874,58.4112],[21.9872,58.4108],[21.9863,58.408],[21.9863,58.4079],[21.9859,58.4069],[21.9862,58.4058],[21.987,58.405],[21.9901,58.4031],[21.9933,58.4015],[21.997,58.4011],[21.9994,58.4007],[22.0025,58.3996],[22.0042,58.3984],[22.0095,58.3946],[22.0156,58.3901],[22.0269,58.3819],[22.0283,58.3812],[22.0317,58.38],[22.0336,58.3791],[22.0357,58.3777],[22.042,58.3735],[22.0428,58.3729],[22.0467,58.3704],[22.0487,58.369],[22.0558,58.3643],[22.0657,58.3576],[22.067,58.3568],[22.0721,58.3537],[22.0723,58.3536],[22.0751,58.3523],[22.0754,58.3523],[22.0754,58.3522],[22.08,58.3506],[22.0804,58.3505],[22.0812,58.3502],[22.0818,58.3501],[22.0825,58.3499],[22.0827,58.3498],[22.0872,58.3486],[22.0889,58.3482],[22.0975,58.3459],[22.102,58.3438],[22.1049,58.3428],[22.1093,58.3422],[22.1354,58.3412],[22.1548,58.3405],[22.1962,58.3389],[22.2187,58.338],[22.2204,58.3378],[22.2251,58.3364],[22.2299,58.3335],[22.2342,58.331],[22.2408,58.3271],[22.2427,58.326],[22.2431,58.3258],[22.2447,58.3249],[22.2462,58.3237],[22.2471,58.3217],[22.2476,58.3206],[22.2477,58.3203],[22.2488,58.318],[22.2494,58.3166],[22.2497,58.314],[22.2497,58.3131],[22.2498,58.3119],[22.2502,58.3103],[22.2524,58.3067],[22.2539,58.3042],[22.2554,58.3023],[22.2557,58.302],[22.2579,58.3006],[22.2698,58.2951],[22.2706,58.2947],[22.2739,58.2933],[22.2764,58.2924],[22.2805,58.2917],[22.2832,58.2914],[22.2858,58.291],[22.2886,58.2906],[22.2887,58.2906],[22.3003,58.289],[22.3022,58.2887],[22.3078,58.2881],[22.3117,58.2879],[22.3149,58.2881],[22.315,58.2882],[22.3175,58.2885],[22.3223,58.2893],[22.3296,58.2906],[22.3297,58.2907],[22.3335,58.2913],[22.3412,58.2927],[22.3465,58.2936],[22.3506,58.2941],[22.3527,58.2943],[22.3529,58.2943],[22.363,58.2953],[22.3643,58.2954],[22.3682,58.2952],[22.3711,58.2947],[22.3792,58.2922],[22.3793,58.2922],[22.3808,58.2917],[22.3827,58.2912],[22.3876,58.2897],[22.3896,58.2893],[22.3934,58.2886],[22.3961,58.2884],[22.4033,58.288],[22.4067,58.2879],[22.41,58.2874],[22.413,58.2867],[22.4208,58.2843],[22.4305,58.2807],[22.4348,58.2791],[22.4379,58.278],[22.442,58.2769],[22.4429,58.2766],[22.4474,58.2755],[22.4529,58.2741],[22.454,58.2738],[22.4552,58.2734],[22.4567,58.2728],[22.4568,58.2728],[22.4576,58.2725],[22.4584,58.2721],[22.4589,58.2719],[22.46,58.2713],[22.4608,58.2708],[22.4635,58.2692],[22.4649,58.2687],[22.4651,58.2687]]]},"properties":{"ref":"78"}},
{"type":"Feature","geometry":{"type":"MultiLineString","coordinates":[[[22.0953,57.9348],[22.0921,57.9372],[22.0886,57.9411],[22.0885,57.9419],[22.0903,57.9426],[22.0912,57.9442],[22.0941,57.945],[22.095,57.9456],[22.0966,57.9481],[22.0963,57.9496],[22.0969,57.9508],[22.0966,57.9531],[22.0989,57.9552],[22.0994,57.9557],[22.1036,57.9575],[22.1048,57.9591],[22.1049,57.9614],[22.1068,57.9623],[22.11,57.9627],[22.1146,57.964],[22.1161,57.9651],[22.1175,57.9654],[22.1217,57.9673],[22.124,57.9686],[22.128,57.9692],[22.1327,57.9705],[22.1349,57.9715],[22.138,57.9727],[22.1423,57.9753],[22.1446,57.9766],[22.1496,57.9781],[22.1516,57.9787],[22.1525,57.9794],[22.1542,57.9821],[22.1562,57.9836],[22.1592,57.9854],[22.1599,57.9859],[22.1603,57.9878],[22.1616,57.9897],[22.1634,57.9919],[22.1643,57.9929],[22.1655,57.9944],[22.1667,57.9985],[22.1667,57.9987],[22.1665,57.9997],[22.1665,58.0031],[22.1674,58.006],[22.1673,58.0071],[22.1664,58.0095],[22.1669,58.0118],[22.1677,58.0135],[22.1716,58.0202],[22.1725,58.0224],[22.1732,58.0271],[22.1732,58.0272],[22.1737,58.03],[22.1742,58.031],[22.1746,58.0316],[22.1758,58.0331],[22.176,58.0333],[22.1763,58.0335],[22.1902,58.043],[22.1935,58.0452],[22.2041,58.0523],[22.2057,58.0536],[22.2071,58.055],[22.2081,58.0573],[22.2083,58.0579],[22.2081,58.0601],[22.2073,58.0623],[22.2065,58.064],[22.2063,58.0662],[22.2067,58.0675],[22.2094,58.0726],[22.2112,58.0757],[22.212,58.0766],[22.2186,58.0843],[22.2211,58.0866],[22.2232,58.0883],[22.2284,58.0919],[22.2295,58.0932],[22.2304,58.0948],[22.2311,58.098],[22.2315,58.1006],[22.2322,58.1057],[22.2324,58.1064],[22.2331,58.1078],[22.2335,58.1084],[22.2336,58.1085],[22.2362,58.1112],[22.2369,58.1124],[22.2371,58.1131],[22.2375,58.114],[22.2385,58.1156],[22.2391,58.1165],[22.2422,58.12],[22.2429,58.1207],[22.2452,58.1236],[22.246,58.1272],[22.246,58.1273],[22.2478,58.1373],[22.2481,58.1398],[22.2481,58.14],[22.2482,58.1413],[22.2482,58.1416],[22.2482,58.1427],[22.2483,58.1433],[22.2483,58.1438],[22.2483,58.1442],[22.2484,58.1445],[22.2484,58.1448],[22.2484,58.1455],[22.2485,58.1457],[22.2485,58.1463],[22.2485,58.1467],[22.2485,58.147],[22.2486,58.148],[22.2488,58.1501],[22.2491,58.1521],[22.2495,58.1532],[22.2495,58.1533],[22.25,58.1547],[22.2501,58.1549],[22.2502,58.1552],[22.2503,58.1556],[22.2504,58.1557],[22.2504,58.1558],[22.2505,58.156],[22.2505,58.1563],[22.2507,58.1567],[22.2507,58.1568],[22.2507,58.1569],[22.2507,58.157],[22.2509,58.1579],[22.2509,58.1584],[22.2508,58.1594],[22.2506,58.1606],[22.2505,58.1609],[22.2504,58.1613],[22.2503,58.1622],[22.2503,58.1624],[22.2503,58.1625],[22.2502,58.1626],[22.2502,58.1627],[22.2502,58.1628],[22.2502,58.1629],[22.2502,58.163],[22.2503,58.1632],[22.2504,58.1634],[22.2505,58.1637],[22.2506,58.164],[22.2507,58.1642],[22.2509,58.1646],[22.251,58.1651],[22.251,58.1652],[22.2511,58.1654],[22.2512,58.1656],[22.2513,58.1657],[22.2514,58.166],[22.2515,58.1662],[22.2517,58.1668],[22.2517,58.167],[22.2518,58.1671],[22.2519,58.1676],[22.252,58.1676],[22.252,58.1678],[22.2521,58.168],[22.2522,58.1684],[22.2523,58.1689],[22.2523,58.1691],[22.2524,58.1693],[22.2524,58.1694],[22.2524,58.1698],[22.2524,58.1699],[22.2525,58.1702],[22.2525,58.1703],[22.2526,58.1714],[22.2529,58.1745],[22.253,58.1754],[22.2531,58.1767],[22.2532,58.1771],[22.2532,58.1775],[22.2533,58.1777],[22.2533,58.1779],[22.2536,58.1784],[22.254,58.1791],[22.2544,58.1795],[22.2554,58.1808],[22.2565,58.1821],[22.2566,58.1823],[22.2576,58.1834],[22.2577,58.1835],[22.2592,58.1847],[22.2633,58.1877],[22.2637,58.1881],[22.267,58.1905],[22.2694,58.192],[22.2701,58.1924],[22.2755,58.1945],[22.2783,58.1958],[22.2825,58.1979],[22.2838,58.1986],[22.2869,58.2002],[22.2913,58.2025],[22.2943,58.2037],[22.2969,58.2047],[22.2984,58.2053],[22.2991,58.2056],[22.3033,58.2077],[22.3069,58.2095],[22.3073,58.2097],[22.3078,58.2099],[22.3162,58.2136],[22.3182,58.2144],[22.3184,58.2145],[22.3189,58.2147],[22.3193,58.2148],[22.3196,58.2149],[22.32,58.215],[22.3205,58.2152],[22.3203,58.2151],[22.3201,58.215],[22.3196,58.2148],[22.3193,58.2147],[22.3184,58.2145]],[[22.4561,58.2459],[22.4534,58.2441],[22.4505,58.2422],[22.4491,58.2416],[22.4487,58.2414],[22.4397,58.2389],[22.4393,58.2388],[22.4265,58.2351],[22.4196,58.2331],[22.4151,58.2318],[22.4147,58.2317],[22.4116,58.2311],[22.4101,58.2308],[22.4056,58.2298],[22.4055,58.2298],[22.4048,58.2297],[22.4046,58.2296],[22.4037,58.2295],[22.4036,58.2295],[22.4033,58.2295],[22.4028,58.2294],[22.4019,58.2293],[22.4008,58.2293],[22.3991,58.2292],[22.399,58.2292],[22.3983,58.2292],[22.3964,58.2291],[22.3962,58.2291],[22.3954,58.229],[22.3953,58.229],[22.3935,58.2289],[22.393,58.2289],[22.3922,58.2289],[22.392,58.2289],[22.3912,58.2288],[22.3904,58.2288],[22.3902,58.2288],[22.3898,58.2288],[22.3897,58.2288],[22.3893,58.2287],[22.3892,58.2287],[22.3888,58.2287],[22.3879,58.2287],[22.3874,58.2287],[22.3872,58.2287],[22.3865,58.2286],[22.3864,58.2286],[22.3858,58.2286],[22.3855,58.2286],[22.3853,58.2286],[22.3847,58.2286],[22.3845,58.2286],[22.3842,58.2286],[22.3832,58.2285],[22.3825,58.2285],[22.3822,58.2284],[22.3813,58.2283],[22.3803,58.2281],[22.3795,58.2279],[22.3788,58.2277],[22.3777,58.2275],[22.3773,58.2274],[22.3768,58.2273],[22.3758,58.2271],[22.3756,58.2271],[22.3751,58.2269],[22.3745,58.2268],[22.3736,58.2266],[22.3732,58.2265],[22.3719,58.2263],[22.3704,58.2259],[22.3691,58.2256],[22.3667,58.2251],[22.3636,58.2241],[22.3615,58.2233],[22.3602,58.2228],[22.3577,58.2221],[22.356,58.2218],[22.3559,58.2217],[22.3495,58.2208],[22.3489,58.2207],[22.3449,58.2202],[22.3433,58.2199],[22.3377,58.2194],[22.337,58.2193],[22.3366,58.2193],[22.3362,58.2193],[22.3361,58.2193],[22.335,58.2192],[22.3329,58.219],[22.3311,58.2186],[22.3257,58.2168],[22.3247,58.2165],[22.3242,58.2163],[22.3205,58.2152]]]},"properties":{"ref":"77"}},
{"type":"Feature","geometry":{"type":"MultiLineString","coordinates":[[[22.5124,58.2656],[22.5122,58.2658],[22.5091,58.2663],[22.5118,58.266],[22.5124,58.266],[22.5129,58.266]],[[22.5135,58.2651],[22.514,58.265],[22.5151,58.2644],[22.5144,58.2652],[22.5141,58.2655]],[[22.4147,58.2317],[22.4146,58.2319],[22.4145,58.2322],[22.4152,58.2331],[22.4269,58.2421],[22.4289,58.2437],[22.4407,58.2532],[22.4481,58.2593],[22.4488,58.2599],[22.4492,58.2602],[22.4503,58.2611],[22.4519,58.2624],[22.4545,58.2641],[22.4579,58.2658],[22.4623,58.2674],[22.4647,58.268],[22.4652,58.2682],[22.4656,58.2682],[22.4659,58.2682]],[[22.4656,58.2684],[22.4655,58.2683],[22.4652,58.2682]],[[22.467,58.2688],[22.4673,58.2688],[22.4677,58.2688],[22.4674,58.2687],[22.4672,58.2685]],[[22.5101,58.2548],[22.5101,58.2547],[22.51,58.2545],[22.51,58.2543],[22.5097,58.2539],[22.5095,58.2534],[22.5094,58.2533],[22.5093,58.2531],[22.509,58.2526],[22.5084,58.2515],[22.5083,58.2514],[22.5082,58.2511],[22.5076,58.2502],[22.5073,58.2496],[22.5071,58.2493],[22.5047,58.2451],[22.5045,58.2447],[22.5018,58.2401],[22.5008,58.2383],[22.5002,58.2367],[22.5006,58.2352],[22.5014,58.2341],[22.5034,58.2322],[22.504,58.2318],[22.5045,58.2311],[22.5048,58.2304],[22.5057,58.2268],[22.5058,58.2262],[22.5061,58.2247],[22.5062,58.2245],[22.5062,58.2244],[22.5062,58.2243],[22.5063,58.2239],[22.5063,58.2238],[22.5065,58.2233],[22.5066,58.2228],[22.5067,58.2221],[22.5068,58.2217],[22.507,58.221],[22.507,58.2208],[22.5071,58.2202],[22.5069,58.2198],[22.5069,58.2197],[22.5054,58.2184],[22.5052,58.2182],[22.5051,58.2181]],[[22.5105,58.2549],[22.5105,58.2552],[22.5103,58.255]],[[22.5103,58.2547],[22.5102,58.2546],[22.51,58.2542],[22.5098,58.2539],[22.5096,58.2536],[22.5095,58.2534]],[[22.4899,58.2681],[22.49,58.268],[22.4903,58.2679],[22.4905,58.268],[22.4906,58.2681],[22.4905,58.2682],[22.4903,58.2683],[22.4901,58.2682],[22.4899,58.2681],[22.4898,58.2681],[22.4895,58.2682],[22.4891,58.2683],[22.4862,58.2686],[22.4841,58.2688],[22.4815,58.2691],[22.4808,58.2691],[22.4771,58.2695],[22.472,58.2695],[22.4707,58.2693],[22.4677,58.2688]],[[22.5151,58.2644],[22.5152,58.2642],[22.5152,58.264],[22.5145,58.2621],[22.5144,58.2619],[22.5132,58.26],[22.5131,58.2598],[22.5117,58.2572],[22.5113,58.2565],[22.5111,58.2563],[22.5108,58.2557],[22.5107,58.2555],[22.5105,58.2552]],[[22.5091,58.2663],[22.5026,58.267],[22.5024,58.267],[22.4998,58.2672],[22.4974,58.2675],[22.496,58.2676],[22.4946,58.2678],[22.4938,58.2678],[22.4914,58.268],[22.4906,58.2681]]]},"properties":{"ref":"76"}},
{"type":"Feature","geometry":{"type":"MultiLineString","coordinates":[[[25.9528,57.9782],[25.9531,57.9783],[25.957,57.9789],[25.9667,57.9791],[25.9692,57.9791],[25.9719,57.9789],[25.9764,57.9782],[25.9796,57.9779],[25.9804,57.9779],[25.9848,57.9778],[25.9888,57.9781],[25.9914,57.9786],[25.9942,57.9792],[25.997,57.9801],[26.0004,57.9811],[26.0005,57.9811],[26.0026,57.9815],[26.0081,57.9819],[26.01,57.9822],[26.0134,57.983],[26.0139,57.9832],[26.0151,57.9834],[26.0229,57.9853],[26.0254,57.9857],[26.0275,57.9858],[26.0302,57.9859],[26.0341,57.9859],[26.0372,57.9858],[26.0397,57.9858],[26.0421,57.9857],[26.0448,57.9857],[26.0449,57.9857],[26.0478,57.9858],[26.0492,57.9858],[26.0514,57.9861],[26.0526,57.9865],[26.0548,57.9875],[26.0548,57.9876],[26.0591,57.9896],[26.0611,57.9902],[26.0614,57.9903],[26.0643,57.9909],[26.0651,57.991],[26.0667,57.9914],[26.0682,57.9916],[26.0717,57.9924],[26.0729,57.9929],[26.076,57.9953],[26.0778,57.9971],[26.0789,57.9989],[26.0802,58.002],[26.0809,58.0032],[26.0819,58.0041],[26.0825,58.0046],[26.0831,58.0051],[26.0835,58.0054],[26.0852,58.0064]],[[26.9281,57.8706],[26.9271,57.869],[26.9261,57.8681],[26.9242,57.8666],[26.9225,57.8657],[26.9205,57.865],[26.9192,57.8645],[26.9179,57.8641],[26.9172,57.8639],[26.917,57.8638],[26.9169,57.8638],[26.9107,57.862],[26.9094,57.8617],[26.9069,57.8612],[26.9017,57.8602],[26.9012,57.8601],[26.9008,57.86],[26.9005,57.86],[26.8991,57.8597],[26.8987,57.8597],[26.8965,57.8593],[26.8956,57.8591],[26.8909,57.8578],[26.8878,57.8563],[26.8851,57.8548],[26.8825,57.8538],[26.8791,57.8531],[26.876,57.8525],[26.8741,57.8521],[26.8737,57.8521],[26.8735,57.852],[26.8734,57.852],[26.8733,57.852],[26.8729,57.8519],[26.8726,57.8518],[26.8725,57.8518],[26.8702,57.8514],[26.8672,57.8514],[26.8664,57.8514],[26.8654,57.8514],[26.8642,57.8515],[26.8638,57.8515],[26.8627,57.8515],[26.8617,57.8515],[26.8601,57.8513],[26.8599,57.8513],[26.8573,57.851],[26.8561,57.8508],[26.8529,57.8504],[26.8525,57.8504],[26.8517,57.8504],[26.8514,57.8503],[26.8492,57.8502],[26.8456,57.85],[26.8423,57.8501],[26.8413,57.8502],[26.8391,57.8506],[26.8379,57.8509],[26.8362,57.8514],[26.8346,57.8519],[26.8341,57.8521],[26.8321,57.8527],[26.8318,57.8528],[26.8314,57.8528],[26.8309,57.853],[26.8302,57.8532],[26.8304,57.8532],[26.831,57.853],[26.8318,57.8528]],[[26.0853,58.0065],[26.0867,58.0069],[26.0898,58.0071],[26.0923,58.0072],[26.0953,58.0073],[26.1,58.0074],[26.1025,58.0079],[26.1047,58.0089],[26.11,58.0108],[26.1133,58.0117],[26.115,58.0118],[26.1202,58.0117],[26.1203,58.0117],[26.1245,58.0109],[26.1283,58.0102],[26.1304,58.01],[26.1352,58.0103],[26.1386,58.01],[26.1388,58.01],[26.143,58.0093],[26.1472,58.0092],[26.1514,58.0092],[26.1614,58.0097],[26.162,58.0098],[26.1627,58.0098]],[[26.163,58.0115],[26.1637,58.0115],[26.1642,58.0116],[26.1636,58.0115],[26.163,58.0114]],[[26.1627,58.0097],[26.1622,58.0097],[26.1614,58.0097]],[[26.2738,57.9588],[26.2707,57.9621],[26.2685,57.9641],[26.2619,57.9702],[26.2607,57.9719],[26.2604,57.9729],[26.2604,57.9748],[26.261,57.9793],[26.2617,57.9832],[26.2622,57.9862],[26.263,57.99],[26.2642,57.9926],[26.2656,57.9946],[26.2676,57.9978],[26.2681,57.9989],[26.2682,58.0004],[26.2679,58.0018],[26.2667,58.0036],[26.2642,58.0053],[26.2607,58.0067],[26.2574,58.0075],[26.2522,58.0086],[26.2502,58.0089],[26.25,58.009],[26.2474,58.0093],[26.245,58.0096],[26.2405,58.0095],[26.2339,58.0092],[26.2315,58.0091],[26.2298,58.0091],[26.2282,58.009],[26.226,58.0089],[26.2229,58.0087],[26.2199,58.0086],[26.2188,58.0086],[26.2139,58.0083],[26.2136,58.0083],[26.2112,58.0082],[26.2101,58.0082],[26.2088,58.0081],[26.2101,58.0082]],[[26.3324,57.9266],[26.3326,57.9265],[26.3332,57.9264],[26.3364,57.9258],[26.3368,57.9257],[26.3373,57.9256],[26.3381,57.9254],[26.3406,57.9245],[26.3455,57.9215],[26.3489,57.9194],[26.3528,57.9171],[26.3564,57.9162],[26.3694,57.9162],[26.3721,57.9162],[26.3724,57.9162],[26.3765,57.9162],[26.3773,57.9162],[26.3789,57.9162],[26.3816,57.916],[26.3859,57.915],[26.395,57.9126],[26.3961,57.9123],[26.3989,57.9119],[26.4026,57.9119],[26.4044,57.9119],[26.4055,57.9119],[26.4067,57.9118],[26.4079,57.9116],[26.4081,57.9116],[26.413,57.9105],[26.4179,57.9093],[26.4206,57.908],[26.423,57.9066],[26.4248,57.9059],[26.4284,57.9051],[26.4317,57.9047],[26.4322,57.9047],[26.4514,57.9045],[26.4577,57.9044],[26.4615,57.9039],[26.4712,57.9022],[26.4714,57.9022],[26.4734,57.9018],[26.4762,57.9009],[26.4783,57.8999],[26.482,57.898],[26.4831,57.8975],[26.4843,57.8971],[26.4859,57.8965],[26.4889,57.8957],[26.4933,57.895],[26.4959,57.8946],[26.4964,57.8945],[26.4989,57.8935],[26.4992,57.8934],[26.4996,57.8932],[26.4999,57.8931],[26.5,57.893],[26.5001,57.893],[26.5007,57.8927],[26.5015,57.8923],[26.5017,57.8922],[26.5019,57.8921],[26.5044,57.891],[26.5063,57.8902],[26.5084,57.8896],[26.518,57.8871],[26.5263,57.8849],[26.531,57.8837],[26.5333,57.8831],[26.5342,57.8828],[26.5405,57.8813],[26.5437,57.881],[26.5447,57.881],[26.545,57.881],[26.5454,57.881],[26.5478,57.8812],[26.5489,57.8814],[26.5555,57.8828],[26.5588,57.8832],[26.5615,57.8835],[26.5642,57.8832],[26.5654,57.883],[26.5714,57.8816],[26.5741,57.881],[26.5768,57.8802],[26.5798,57.8788],[26.5927,57.8727],[26.5938,57.8721],[26.5965,57.8708],[26.599,57.8698],[26.6008,57.8695],[26.6044,57.8695],[26.6072,57.8695],[26.6086,57.8695],[26.6108,57.8699],[26.6127,57.8703],[26.6167,57.8711],[26.6213,57.872],[26.625,57.8731],[26.6262,57.8738],[26.6263,57.8739],[26.6283,57.8755],[26.6306,57.8765],[26.6311,57.8767],[26.6319,57.8768],[26.6351,57.877],[26.6375,57.8772],[26.6408,57.8777],[26.6431,57.8778],[26.6469,57.8777],[26.6508,57.8776],[26.6532,57.8775],[26.6565,57.8775],[26.6583,57.8775],[26.6622,57.8777],[26.6646,57.8778],[26.6701,57.8781],[26.6702,57.8781],[26.6809,57.8787],[26.6827,57.8788],[26.6911,57.8792],[26.6913,57.8792],[26.7013,57.8798],[26.7099,57.8798],[26.7112,57.8798],[26.7139,57.8798],[26.7151,57.8798],[26.717,57.8798],[26.7205,57.88],[26.7219,57.8804],[26.7241,57.8813],[26.7248,57.8816],[26.7261,57.8819],[26.7278,57.8823],[26.7303,57.8828],[26.7342,57.883],[26.7368,57.8829],[26.7379,57.8828],[26.7383,57.8828],[26.7407,57.8826],[26.744,57.8824],[26.7499,57.882],[26.7534,57.8812],[26.7536,57.8811],[26.76,57.88],[26.7651,57.8793],[26.7686,57.8785],[26.7698,57.8784],[26.7792,57.8784],[26.7796,57.8784],[26.7842,57.8784],[26.788,57.8782],[26.7911,57.8778],[26.7916,57.8778],[26.7926,57.8776],[26.794,57.8773],[26.7943,57.8772],[26.7954,57.877],[26.7965,57.8767],[26.7993,57.8759],[26.8073,57.8737],[26.808,57.8734],[26.8088,57.8732],[26.8105,57.8727],[26.8106,57.8727],[26.8108,57.8726],[26.8111,57.8725],[26.812,57.8723],[26.8124,57.8722],[26.8112,57.8726],[26.8111,57.8726],[26.8109,57.8727],[26.8107,57.8728],[26.8105,57.8728],[26.8088,57.8733],[26.8086,57.8733],[26.8081,57.8735],[26.8075,57.8737],[26.8073,57.8737]],[[26.3261,57.928],[26.3218,57.9295],[26.3197,57.9306],[26.3182,57.9316],[26.3181,57.9316],[26.3178,57.9319],[26.3161,57.9332],[26.3133,57.9358],[26.3128,57.9362],[26.3093,57.9393],[26.3085,57.9399],[26.3041,57.9426],[26.2994,57.9448],[26.2934,57.9476],[26.2896,57.9493],[26.284,57.952],[26.283,57.9524],[26.2809,57.9534],[26.278,57.9549],[26.2768,57.9557],[26.2753,57.9572],[26.275,57.9574],[26.2738,57.9588]],[[26.815,57.8708],[26.8151,57.8708],[26.8164,57.8698],[26.8223,57.8638],[26.8229,57.8632],[26.8242,57.862],[26.8264,57.8598],[26.8266,57.8596],[26.8274,57.8587],[26.8276,57.8572],[26.8272,57.8557],[26.8272,57.855],[26.8276,57.8544],[26.8294,57.8535],[26.8302,57.8532]],[[26.2088,58.0081],[26.2077,58.0081],[26.2062,58.0087],[26.2056,58.0088],[26.2046,58.0089],[26.2041,58.0089],[26.2029,58.0088],[26.2021,58.0089],[26.2017,58.009],[26.2,58.009],[26.1984,58.0091],[26.1978,58.0092],[26.1975,58.0092],[26.1925,58.0097],[26.1864,58.0106],[26.1756,58.0122],[26.1736,58.0125],[26.1711,58.0125],[26.1642,58.0116]],[[26.8124,57.8722],[26.815,57.8708]],[[26.3324,57.9266],[26.3317,57.9267],[26.3287,57.9274],[26.3275,57.9277],[26.3261,57.928]]]},"properties":{"ref":"69"}},
{"type":"Feature","geometry":{"type":"MultiLineString","coordinates":[[[26.4979,58.0601],[26.4979,58.0598],[26.4979,58.0596],[26.4979,58.0595],[26.4979,58.0594],[26.498,58.059],[26.4981,58.0587],[26.4981,58.0586],[26.4981,58.0585],[26.4983,58.0578],[26.4983,58.0577],[26.4985,58.0571],[26.4986,58.0568],[26.4986,58.0565],[26.4989,58.056],[26.4991,58.0557],[26.4998,58.0545],[26.4998,58.0544],[26.4998,58.0543],[26.5004,58.0533],[26.5006,58.053],[26.5011,58.0519],[26.5013,58.0516],[26.5015,58.0513],[26.5019,58.0508],[26.5023,58.0504],[26.5024,58.0502],[26.5037,58.0487],[26.5041,58.0483],[26.5067,58.0456],[26.5069,58.0454],[26.5074,58.0446],[26.5071,58.043],[26.5066,58.0414],[26.5059,58.04],[26.506,58.0398],[26.5061,58.0395],[26.5065,58.0391],[26.5068,58.0386],[26.5079,58.037],[26.5089,58.0357],[26.5096,58.0346],[26.5096,58.032],[26.5096,58.0301],[26.5102,58.0282],[26.5093,58.0267],[26.5082,58.0258],[26.5066,58.0251],[26.5047,58.0239],[26.5035,58.0218],[26.5009,58.0196],[26.4998,58.0169],[26.4987,58.0157],[26.4981,58.0142],[26.4973,58.0127],[26.4953,58.0108],[26.495,58.0101],[26.4955,58.0091],[26.4981,58.007],[26.5001,58.005],[26.5001,58.0041],[26.4994,58.003],[26.497,57.9998],[26.4966,57.9992],[26.4951,57.9967],[26.4943,57.9948],[26.4928,57.9935],[26.4908,57.9924],[26.4838,57.9888],[26.4784,57.9859],[26.4693,57.9812],[26.4665,57.9791],[26.4659,57.978],[26.4648,57.9733],[26.4639,57.9722],[26.4622,57.9707],[26.4621,57.9694],[26.4623,57.9681],[26.4619,57.9673],[26.4586,57.9654],[26.4563,57.964],[26.454,57.962],[26.4533,57.961],[26.4517,57.9586],[26.4513,57.9583],[26.4456,57.9546],[26.4437,57.9536],[26.4404,57.9525],[26.4343,57.951],[26.4328,57.9508],[26.4286,57.9507],[26.4222,57.9498],[26.4164,57.9488],[26.4115,57.9484],[26.4069,57.9487],[26.4047,57.949],[26.4027,57.9491],[26.4015,57.9488],[26.4007,57.9484],[26.3996,57.9478],[26.3994,57.9478],[26.3965,57.9466],[26.3913,57.946],[26.3905,57.9459],[26.3857,57.9451],[26.3828,57.9445],[26.3781,57.9437],[26.3774,57.9434],[26.3769,57.9432],[26.3763,57.9429],[26.3758,57.9427],[26.3755,57.9426],[26.3668,57.9388],[26.3612,57.9364],[26.3594,57.9357],[26.3524,57.9333],[26.3497,57.9324],[26.344,57.9294],[26.3427,57.9287],[26.3415,57.9281],[26.3412,57.9279],[26.3378,57.926],[26.3373,57.9256]],[[26.6787,58.248],[26.6782,58.2478],[26.6772,58.2473],[26.6765,58.2469],[26.6757,58.2465],[26.6735,58.2453],[26.6707,58.2438],[26.6681,58.2426],[26.6636,58.2412],[26.6599,58.2397],[26.6591,58.2393],[26.6589,58.2392],[26.6587,58.2391],[26.658,58.2387],[26.6577,58.2386],[26.6539,58.2365],[26.6528,58.2358],[26.6516,58.2351],[26.6462,58.2318],[26.6437,58.2302],[26.6429,58.2297],[26.6428,58.2296],[26.6419,58.2289],[26.6412,58.2285],[26.6409,58.2283],[26.6401,58.2277],[26.6397,58.2274],[26.6381,58.2264],[26.6342,58.2241],[26.6339,58.2239],[26.6319,58.2228],[26.6302,58.2219],[26.6297,58.2216],[26.6285,58.2209],[26.6283,58.2208],[26.6272,58.2202],[26.6255,58.2194],[26.6247,58.2191],[26.6242,58.219],[26.6158,58.2165],[26.6143,58.2162],[26.6141,58.2161],[26.6138,58.2161],[26.6122,58.2157],[26.6095,58.2153],[26.6078,58.2149],[26.595,58.2129],[26.592,58.212],[26.5855,58.2087],[26.583,58.207],[26.5823,58.2064],[26.582,58.2061],[26.5817,58.2058],[26.5816,58.2057],[26.5808,58.205],[26.58,58.2046],[26.5797,58.2045],[26.5787,58.204],[26.5748,58.202],[26.5709,58.2003],[26.5703,58.2],[26.5702,58.1999],[26.5675,58.1986],[26.5666,58.198],[26.5661,58.1976],[26.5644,58.1965],[26.5634,58.1961],[26.5623,58.1958],[26.5588,58.1948],[26.5572,58.1942],[26.5543,58.1926],[26.5522,58.1909],[26.5515,58.1885],[26.551,58.187],[26.5507,58.1861],[26.5499,58.1842],[26.5497,58.1836],[26.5496,58.1835],[26.5495,58.1827],[26.5495,58.1825],[26.5497,58.1806],[26.5499,58.1796],[26.55,58.1792],[26.5501,58.1784],[26.5501,58.178],[26.5502,58.177],[26.5504,58.1723],[26.5505,58.1704],[26.5498,58.1669],[26.5492,58.1644],[26.5477,58.1616],[26.5459,58.1601],[26.5439,58.1589],[26.5432,58.1586],[26.5429,58.1584],[26.5424,58.1582],[26.5419,58.1581],[26.5418,58.158],[26.5324,58.155],[26.5297,58.1537],[26.5276,58.1521],[26.5271,58.1515],[26.5265,58.1509],[26.5237,58.1453],[26.5225,58.1429],[26.5216,58.141],[26.5207,58.1385],[26.5207,58.1375],[26.5207,58.1374],[26.5211,58.1349],[26.5216,58.1337],[26.5218,58.1334],[26.5221,58.133],[26.5222,58.1327],[26.5225,58.1323],[26.5227,58.1314],[26.5226,58.1299],[26.5225,58.1294],[26.5225,58.1285],[26.5221,58.127],[26.5206,58.1252],[26.5204,58.125],[26.52,58.1245],[26.5198,58.1243],[26.5197,58.1241],[26.5183,58.1226],[26.5131,58.1167],[26.5105,58.1141],[26.5093,58.1132],[26.5044,58.1096],[26.504,58.1093],[26.5033,58.1088],[26.5032,58.1087],[26.5001,58.1064],[26.4996,58.106],[26.497,58.1041],[26.4956,58.1029],[26.495,58.1019],[26.4931,58.0974],[26.493,58.097],[26.4925,58.0948],[26.4905,58.0895],[26.4904,58.0888],[26.4907,58.0867],[26.4907,58.0866],[26.4927,58.0843],[26.493,58.084],[26.4939,58.0831],[26.4967,58.0804],[26.4967,58.0803],[26.4976,58.079],[26.4985,58.0765],[26.4986,58.0741],[26.499,58.0702],[26.4992,58.0696],[26.4993,58.0692],[26.4997,58.068],[26.4998,58.0677],[26.4999,58.0671],[26.4997,58.0664],[26.4996,58.0659],[26.4989,58.0639],[26.4987,58.0635],[26.4987,58.0634],[26.4986,58.0631],[26.4983,58.0624],[26.498,58.0616],[26.4979,58.0613],[26.4977,58.0609],[26.4976,58.0608],[26.4973,58.0604],[26.497,58.0602],[26.4976,58.0608]]]},"properties":{"ref":"46"}},
{"type":"Feature","geometry":{"type":"MultiLineString","coordinates":[[[26.7483,58.4074],[26.7484,58.4079],[26.748,58.4076]],[[26.748,58.4071],[26.7477,58.407],[26.7474,58.4068],[26.7475,58.4071],[26.7476,58.4073]],[[26.7406,58.4015],[26.7419,58.4023],[26.7425,58.4027],[26.7427,58.4028],[26.7429,58.403],[26.7432,58.4031],[26.7437,58.4034],[26.7448,58.4043],[26.7451,58.4046],[26.746,58.4054],[26.7474,58.4068]],[[26.7393,58.4006],[26.7405,58.4013],[26.7407,58.4015],[26.7411,58.4017],[26.7416,58.402],[26.742,58.4022],[26.7428,58.4028],[26.743,58.4029],[26.7437,58.4034]],[[26.756,58.4155],[26.7565,58.4162],[26.7563,58.4165],[26.7563,58.4162],[26.756,58.4155],[26.7548,58.4144],[26.7546,58.4143],[26.7523,58.412],[26.7484,58.4079]]]},"properties":{"ref":"95"}},
{"type":"Feature","geometry":{"type":"LineString","coordinates":[[27.0384,58.0521],[27.0382,58.0521],[27.0363,58.0521],[27.0317,58.0521],[27.0289,58.0519],[27.0267,58.052],[27.0234,58.0524],[27.0221,58.0527],[27.0188,58.0541],[27.0174,58.0549],[27.0149,58.0563],[27.0138,58.057],[27.013,58.0575],[27.0129,58.0575],[27.0128,58.0576],[27.0126,58.0578],[27.0121,58.0581],[27.0092,58.0595],[27.007,58.0599],[27.0062,58.0599],[27.0023,58.0604],[26.9984,58.0612],[26.9957,58.0614],[26.9918,58.0617],[26.9854,58.0623],[26.9844,58.0625],[26.9836,58.0626],[26.9788,58.0632],[26.9761,58.0633],[26.9758,58.0633],[26.9739,58.0632],[26.9641,58.0628],[26.9556,58.0623],[26.9555,58.0623],[26.9549,58.0623],[26.952,58.0618],[26.9511,58.0617],[26.948,58.0611],[26.9478,58.0611],[26.9443,58.0605],[26.9402,58.0597],[26.9353,58.0588],[26.9325,58.0585],[26.9303,58.0587],[26.9257,58.0594],[26.9215,58.0598],[26.9157,58.06],[26.909,58.0605],[26.9066,58.0605],[26.9034,58.0602],[26.8995,58.0602],[26.8978,58.0602],[26.8974,58.0602],[26.8971,58.0602],[26.8968,58.0602],[26.8872,58.0605],[26.8858,58.0606],[26.8797,58.0611],[26.8736,58.0619],[26.8674,58.0631],[26.8597,58.0653],[26.8585,58.066],[26.8579,58.0663],[26.8574,58.0669],[26.8506,58.0734],[26.8494,58.0745],[26.8476,58.0756],[26.8456,58.0765],[26.8454,58.0766],[26.8379,58.0799],[26.8367,58.0806],[26.8347,58.0822],[26.8335,58.0837],[26.8323,58.0855],[26.8313,58.0862],[26.8297,58.087],[26.8255,58.0884],[26.8211,58.0898],[26.8191,58.0899],[26.8187,58.0898],[26.8173,58.0896],[26.8167,58.0895],[26.8162,58.0894],[26.8098,58.0876],[26.8078,58.0871],[26.8053,58.0864],[26.8008,58.0852],[26.8003,58.0851],[26.7989,58.0848],[26.7988,58.0848],[26.794,58.0841],[26.7896,58.0836],[26.776,58.0824],[26.7708,58.0818],[26.7701,58.0817],[26.77,58.0817],[26.7691,58.0815],[26.7688,58.0815],[26.767,58.0808],[26.7668,58.0807],[26.7623,58.0791],[26.7587,58.0777],[26.7559,58.0769],[26.7529,58.0762],[26.75,58.0756],[26.7474,58.075],[26.7467,58.0749],[26.7449,58.0745],[26.7435,58.0742],[26.7429,58.0741],[26.74,58.0735],[26.738,58.0735],[26.735,58.0738],[26.7345,58.0738]]},"properties":{"ref":"89"}},
{"type":"Feature","geometry":{"type":"MultiLineString","coordinates":[[[26.7795,57.9757],[26.7817,57.9759],[26.7866,57.9761],[26.7915,57.976],[26.7918,57.976],[26.792,57.976],[26.7922,57.976],[26.7936,57.976],[26.804,57.9761],[26.8074,57.9764],[26.8098,57.9766],[26.8142,57.9767],[26.8174,57.9765],[26.8213,57.976],[26.8256,57.9751],[26.8263,57.9749],[26.8273,57.9747],[26.8298,57.9742],[26.8347,57.9741],[26.8353,57.9741],[26.8358,57.9741],[26.8389,57.9742],[26.8398,57.9742],[26.8418,57.9743],[26.8439,57.9745],[26.847,57.9751],[26.8489,57.9757],[26.8553,57.9783],[26.8578,57.9792],[26.8628,57.9806],[26.8631,57.9807],[26.866,57.9814],[26.8722,57.9819],[26.8731,57.982],[26.8746,57.9822],[26.8759,57.9825],[26.8763,57.9826],[26.8767,57.9827],[26.8768,57.9827],[26.877,57.9827],[26.8774,57.9828],[26.8781,57.983],[26.8788,57.9833],[26.8797,57.9836],[26.8798,57.9836],[26.8866,57.9865],[26.888,57.987],[26.8957,57.989],[26.9007,57.9909],[26.9049,57.9927],[26.907,57.994],[26.9121,57.9971],[26.9136,57.9977],[26.9177,57.9989],[26.9246,58.0001],[26.9289,58.0009],[26.9292,58.0006],[26.9296,58.0004],[26.93,58.0001],[26.9303,57.9999],[26.9307,58.0001],[26.9339,58.0018],[26.9347,58.0022],[26.9424,58.0064],[26.9453,58.0073],[26.9493,58.0081],[26.9508,58.0084],[26.9537,58.0096],[26.9563,58.0116],[26.9605,58.0148],[26.9626,58.0163],[26.9631,58.0168],[26.9632,58.0168],[26.9642,58.0176],[26.9655,58.0186],[26.9683,58.0206],[26.9697,58.0212],[26.9749,58.0226],[26.9761,58.023],[26.9793,58.0238],[26.9837,58.0253],[26.9856,58.0263],[26.9876,58.0276],[26.9885,58.0281],[26.9895,58.0284],[26.9934,58.0294],[26.9951,58.0303],[26.9964,58.0313],[27.0006,58.0346],[27.0018,58.0354],[27.0033,58.0364],[27.0036,58.0366],[27.0042,58.037],[27.0047,58.0373],[27.005,58.0375],[27.0052,58.0376],[27.0063,58.0384],[27.0108,58.0414],[27.0129,58.0423],[27.0167,58.0429],[27.0264,58.0438],[27.0296,58.0444],[27.0325,58.0451],[27.0355,58.0464],[27.0363,58.0469],[27.0379,58.048],[27.0389,58.0486],[27.0399,58.0493],[27.0405,58.0497],[27.0418,58.0506],[27.0417,58.0514],[27.0416,58.0515],[27.0411,58.0522],[27.042,58.0523],[27.0421,58.0523],[27.0423,58.0523],[27.0432,58.0525],[27.0434,58.0525],[27.044,58.0526],[27.0442,58.0526],[27.0444,58.0526],[27.0454,58.0526],[27.0459,58.0526],[27.0462,58.0526],[27.0469,58.0527],[27.0481,58.0528],[27.0487,58.0528],[27.0502,58.0529],[27.0503,58.0529],[27.0517,58.0529],[27.0519,58.0529],[27.0532,58.0534],[27.054,58.0536],[27.0548,58.0537],[27.0558,58.0541],[27.056,58.0541],[27.0567,58.0543],[27.0571,58.0544],[27.0572,58.0544],[27.0574,58.0545],[27.0583,58.0547],[27.0587,58.0548],[27.0588,58.0549],[27.0594,58.0552],[27.0596,58.0554],[27.06,58.0558],[27.0615,58.0568],[27.0628,58.0574],[27.065,58.0582],[27.0654,58.0584],[27.0655,58.0585],[27.0656,58.0586],[27.0657,58.0587],[27.0658,58.0588],[27.0661,58.0592],[27.0669,58.0602],[27.067,58.0603],[27.0674,58.0608],[27.0684,58.0617],[27.0692,58.0625],[27.0696,58.0629],[27.07,58.0634],[27.0701,58.0635],[27.0704,58.0638],[27.0707,58.0641],[27.0708,58.0642],[27.0708,58.0643],[27.0716,58.0652],[27.0721,58.0657],[27.0723,58.0659],[27.0728,58.0663],[27.0731,58.0665],[27.0733,58.0666],[27.0736,58.0667],[27.0738,58.0668]],[[27.092,58.0884],[27.0915,58.0867],[27.0913,58.0861],[27.0908,58.0841],[27.0904,58.0827],[27.0896,58.08],[27.088,58.074],[27.0879,58.0738],[27.0877,58.0734],[27.0865,58.0721],[27.0863,58.072],[27.0861,58.0718],[27.0858,58.0714],[27.0853,58.071],[27.085,58.0708],[27.0841,58.0707],[27.0838,58.0706],[27.0835,58.0705],[27.0834,58.0705],[27.0831,58.0704],[27.0827,58.0703],[27.0825,58.0703],[27.0822,58.0702],[27.0816,58.0701],[27.0814,58.07],[27.0806,58.0698],[27.0798,58.0696],[27.0786,58.0694],[27.0778,58.0691],[27.0775,58.069],[27.0769,58.0688],[27.0765,58.0685],[27.076,58.0682],[27.0764,58.0685],[27.0769,58.0688]],[[27.0743,58.067],[27.0744,58.0672],[27.0748,58.0675],[27.0743,58.0672],[27.0741,58.0671]],[[27.0736,58.0669],[27.0735,58.0668],[27.0733,58.0666]],[[27.0943,58.0895],[27.0957,58.0896],[27.1019,58.0896],[27.1021,58.0896],[27.1055,58.0895],[27.1167,58.0895],[27.1196,58.0894],[27.1224,58.0895],[27.1245,58.0897],[27.1253,58.0899],[27.1309,58.0914],[27.1337,58.0917],[27.1371,58.0916],[27.1378,58.0916],[27.1404,58.0917],[27.1417,58.092],[27.1461,58.0934],[27.1497,58.0945],[27.1519,58.095],[27.1546,58.0951],[27.1613,58.0949],[27.1639,58.0953],[27.1678,58.0961],[27.1704,58.0966],[27.1719,58.0968],[27.1734,58.0967],[27.1772,58.0961],[27.1799,58.0954],[27.1854,58.0932],[27.1875,58.0926],[27.1894,58.0925],[27.2003,58.0923],[27.2026,58.0922],[27.2053,58.0923],[27.2094,58.0928],[27.2128,58.0938],[27.2148,58.094],[27.2172,58.0933],[27.2176,58.0932],[27.2181,58.0931],[27.2192,58.0929],[27.2196,58.0929],[27.2199,58.0928],[27.2217,58.0926],[27.2248,58.0919],[27.2258,58.0916],[27.2262,58.0915],[27.2267,58.0914],[27.2275,58.0911],[27.2275,58.091],[27.2279,58.0908],[27.2312,58.0894],[27.2339,58.0875],[27.2376,58.0829],[27.2376,58.0828],[27.2392,58.0814],[27.2406,58.0804],[27.2442,58.0785],[27.2481,58.077],[27.2483,58.077],[27.2501,58.0765],[27.2568,58.0754],[27.2604,58.0746],[27.2656,58.0727],[27.2685,58.0718],[27.2717,58.0712],[27.2729,58.0711],[27.275,58.071],[27.2779,58.0711],[27.2841,58.0721],[27.2894,58.0735],[27.2953,58.076],[27.2974,58.0772],[27.3007,58.0798],[27.3032,58.0808],[27.3055,58.0812],[27.3085,58.0814],[27.3099,58.0816],[27.316,58.0824],[27.3216,58.0839],[27.3277,58.0855],[27.3302,58.0863],[27.3303,58.0863],[27.3329,58.0872],[27.335,58.088],[27.3355,58.0882],[27.3395,58.0896],[27.3404,58.0899],[27.3413,58.0902],[27.3415,58.0903],[27.3424,58.0906],[27.3436,58.0912],[27.3438,58.0919]],[[27.0432,58.0525],[27.042,58.0526],[27.0414,58.0526],[27.0407,58.0525],[27.0399,58.0524],[27.04,58.0521],[27.0411,58.0522]],[[27.0754,58.0679],[27.0759,58.0681],[27.076,58.0682]],[[27.0748,58.0675],[27.0749,58.0675],[27.0753,58.0678],[27.0754,58.0679]],[[27.0853,58.071],[27.0849,58.0709],[27.0841,58.0707]]]},"properties":{"ref":"62"}},
{"type":"Feature","geometry":{"type":"LineString","coordinates":[[26.8834,58.3678],[26.8845,58.3688],[26.8839,58.3722],[26.8839,58.3724],[26.8838,58.3729],[26.8838,58.3731],[26.8838,58.374],[26.8841,58.3759],[26.8847,58.3778],[26.8851,58.3787],[26.8856,58.3796],[26.886,58.3804],[26.8864,58.3811],[26.891,58.3902],[26.8931,58.3936],[26.8932,58.3938],[26.894,58.395],[26.8954,58.3974],[26.8957,58.398],[26.8957,58.3982],[26.896,58.399],[26.8961,58.3993],[26.8963,58.4002],[26.8964,58.4031],[26.8964,58.4038],[26.8963,58.4044],[26.8962,58.4049],[26.8961,58.4053],[26.8961,58.4056],[26.8958,58.4064],[26.8945,58.4085],[26.894,58.4091],[26.8921,58.4108],[26.8894,58.4126],[26.8848,58.4147],[26.8837,58.4151],[26.882,58.4157],[26.8744,58.4186],[26.8731,58.419],[26.872,58.4194],[26.8688,58.4203],[26.8653,58.4215],[26.8619,58.4229],[26.8608,58.4233],[26.8605,58.4235],[26.8592,58.424],[26.8588,58.4241],[26.8573,58.4248],[26.8563,58.4252],[26.854,58.4261],[26.8518,58.4271],[26.8475,58.4294],[26.8447,58.4308],[26.8444,58.4309],[26.8433,58.4313],[26.8431,58.4314],[26.8416,58.432],[26.8394,58.4327],[26.8393,58.4328],[26.8392,58.4328],[26.8376,58.4333],[26.837,58.4336],[26.8361,58.4338],[26.8353,58.4341],[26.8344,58.4345],[26.8307,58.4359],[26.8288,58.4368],[26.8283,58.4371],[26.827,58.4378],[26.8225,58.44],[26.8192,58.4416],[26.8182,58.4421],[26.8178,58.4423],[26.8166,58.4428],[26.8117,58.4452],[26.8112,58.4455],[26.8096,58.4464],[26.8091,58.4471],[26.8087,58.4474],[26.8091,58.4471]]},"properties":{"ref":"44"}},
{"type":"Feature","geometry":{"type":"MultiLineString","coordinates":[[[26.8,58.3723],[26.8002,58.3723],[26.8006,58.3723],[26.8014,58.3723],[26.8052,58.3722],[26.8066,58.3723],[26.8068,58.3723],[26.8083,58.3724],[26.8121,58.3726],[26.8165,58.3729],[26.8176,58.373],[26.8192,58.3731],[26.8211,58.3731],[26.8238,58.3732],[26.824,58.3732],[26.8243,58.3732],[26.8247,58.3733],[26.8251,58.3733],[26.8439,58.3732],[26.8455,58.3732],[26.8494,58.3731],[26.852,58.3731],[26.8535,58.3731],[26.8613,58.3731],[26.8629,58.373],[26.8644,58.373],[26.8672,58.3727],[26.8705,58.3722],[26.8735,58.3715],[26.8778,58.3703],[26.8818,58.3687],[26.8834,58.3678],[26.886,58.3662],[26.8874,58.3651],[26.8897,58.3628],[26.8899,58.3626],[26.8907,58.362],[26.8915,58.3615],[26.8916,58.3614],[26.8927,58.3608],[26.8929,58.3607],[26.8935,58.3604],[26.8952,58.3595],[26.8945,58.3598],[26.8935,58.3603],[26.8934,58.3603],[26.8928,58.3606],[26.8927,58.3607],[26.8922,58.3609],[26.8915,58.3614],[26.8899,58.3626]],[[26.784,58.3761],[26.7837,58.3761],[26.783,58.3763],[26.7786,58.3776],[26.7776,58.3779],[26.7773,58.378],[26.777,58.3782],[26.7766,58.3782],[26.7764,58.3783],[26.7763,58.3784],[26.7762,58.3784],[26.7756,58.3786],[26.7754,58.3786],[26.7751,58.3787],[26.7743,58.3789],[26.7736,58.3791],[26.7728,58.3793],[26.7727,58.3793],[26.772,58.3794],[26.7711,58.3795],[26.771,58.3796],[26.7705,58.3794],[26.771,58.3793],[26.7711,58.3795]],[[26.7294,58.3817],[26.73,58.3818],[26.7303,58.3819],[26.7307,58.382],[26.731,58.3821],[26.7312,58.3821],[26.7318,58.3822],[26.7319,58.3823],[26.7336,58.3827],[26.7338,58.3827],[26.7341,58.3828],[26.7343,58.3829],[26.7344,58.3829],[26.7364,58.3834],[26.7372,58.3836],[26.7374,58.3836],[26.7382,58.3838],[26.7387,58.384],[26.7396,58.3842],[26.7398,58.3842],[26.74,58.3843],[26.7402,58.3843],[26.7419,58.3848],[26.742,58.3848],[26.7423,58.3847],[26.7437,58.3842],[26.7438,58.3842],[26.7446,58.3839],[26.745,58.3838],[26.7458,58.3835],[26.7461,58.3834],[26.7461,58.3833],[26.7463,58.3833],[26.7467,58.383],[26.747,58.3828],[26.7472,58.3825],[26.7474,58.3824],[26.7474,58.3823],[26.7475,58.3823],[26.7477,58.3821],[26.748,58.3821],[26.7484,58.382],[26.7499,58.3816],[26.7501,58.3816],[26.7502,58.3815],[26.7513,58.3813],[26.7518,58.3812],[26.7535,58.381],[26.7537,58.3809],[26.7539,58.3809],[26.7541,58.3809],[26.7547,58.3808],[26.7559,58.3806],[26.7591,58.3803],[26.7593,58.3803],[26.7595,58.3803],[26.7612,58.3802],[26.7628,58.3801],[26.7631,58.3801],[26.7633,58.3801],[26.7635,58.3801],[26.7646,58.38],[26.765,58.38],[26.7653,58.38],[26.7657,58.38],[26.767,58.3799],[26.7671,58.3799],[26.7681,58.3798],[26.7703,58.3796],[26.7705,58.3794]],[[26.7998,58.3725],[26.7993,58.3726],[26.7976,58.3729],[26.7973,58.3729],[26.7961,58.3732],[26.7916,58.3741],[26.7913,58.3742],[26.7911,58.3742],[26.7869,58.3751],[26.7844,58.3758],[26.7843,58.3759]],[[26.8,58.3724],[26.8002,58.3724],[26.8006,58.3724],[26.8014,58.3723]],[[26.7997,58.3724],[26.7986,58.3726],[26.7962,58.3731],[26.7947,58.3734],[26.7913,58.3741],[26.7877,58.3748],[26.7857,58.3753],[26.7844,58.3756],[26.7842,58.3757],[26.7839,58.3758]],[[27.633,57.9578],[27.6324,57.9578],[27.6328,57.9579]],[[26.7559,58.3807],[26.7591,58.3804],[26.7595,58.3803],[26.7628,58.3802],[26.7631,58.3802],[26.7634,58.3802],[26.7635,58.3801],[26.7646,58.3801],[26.7671,58.38],[26.7682,58.3799],[26.771,58.3796]],[[26.7836,58.3759],[26.7835,58.3761],[26.7823,58.3764],[26.7785,58.3776],[26.7775,58.3778],[26.7772,58.3778],[26.7771,58.3778],[26.7772,58.3779],[26.7773,58.378]],[[26.7403,58.3854],[26.7408,58.3853],[26.7419,58.3849],[26.7421,58.3849],[26.7423,58.3848],[26.7424,58.3848],[26.7427,58.3846],[26.7433,58.3844],[26.7437,58.3842]],[[26.9806,58.3269],[26.9802,58.3277],[26.9796,58.3289],[26.9792,58.33],[26.9791,58.3303],[26.979,58.3306],[26.9789,58.3311],[26.9786,58.3317],[26.9785,58.3318],[26.9784,58.332],[26.9783,58.3322],[26.9782,58.3323],[26.9778,58.3328],[26.9771,58.3336],[26.9767,58.3339],[26.9762,58.3344],[26.9756,58.3348],[26.9752,58.3351],[26.9745,58.3355],[26.9736,58.336],[26.9695,58.3374],[26.9667,58.3382],[26.964,58.3389],[26.9599,58.3401],[26.9587,58.3404],[26.9584,58.3405],[26.9575,58.3407],[26.9559,58.3411],[26.9544,58.3416],[26.9512,58.3425],[26.9501,58.3429],[26.95,58.3429],[26.9404,58.3467],[26.9358,58.3484],[26.9322,58.3496],[26.9308,58.35],[26.9294,58.3504],[26.9276,58.3508],[26.9184,58.3529],[26.9183,58.3529],[26.915,58.3536],[26.914,58.3539],[26.9122,58.3542],[26.9116,58.3544],[26.9112,58.3545],[26.9095,58.3549],[26.9094,58.3549],[26.9093,58.3549],[26.9083,58.3552],[26.9071,58.3554],[26.9082,58.3551],[26.9091,58.3549],[26.9092,58.3549],[26.9094,58.3548],[26.9112,58.3545]],[[26.8958,58.3592],[26.8987,58.3579],[26.9013,58.3571],[26.9029,58.3566],[26.9071,58.3554]],[[26.9806,58.3269],[26.981,58.3264],[26.985,58.3195],[26.9867,58.3169],[26.9876,58.3159],[26.9882,58.3155],[26.9921,58.3128],[26.993,58.3122],[26.9973,58.3094],[26.9995,58.3071],[27.0007,58.3051],[27.001,58.3038],[27.0012,58.3],[27.0012,58.2997],[27.0013,58.2991],[27.0013,58.2989],[27.0013,58.2985],[27.0013,58.2981],[27.0015,58.2957],[27.0016,58.2937],[27.002,58.286],[27.002,58.2856],[27.002,58.2851],[27.002,58.2846],[27.002,58.2843],[27.002,58.2835],[27.002,58.2832],[27.0021,58.2823],[27.0022,58.281],[27.0022,58.2805],[27.0022,58.2804],[27.0023,58.28],[27.0023,58.2796],[27.0023,58.2793],[27.0025,58.2767],[27.0026,58.2743],[27.0026,58.2742],[27.0027,58.2735],[27.0036,58.2705],[27.0047,58.2681],[27.0054,58.2662],[27.0054,58.2651],[27.0053,58.2649],[27.0053,58.2648],[27.0052,58.2646],[27.005,58.2641],[27.0049,58.2638],[27.0047,58.2633],[27.0041,58.262],[27.0039,58.2614],[27.0038,58.2611],[27.0034,58.2598],[27.0033,58.2591],[27.0032,58.2587],[27.003,58.2582],[27.0023,58.2555],[27.0023,58.2553],[27.0016,58.2528],[27.0015,58.2511],[27.0017,58.25],[27.0027,58.2478],[27.0029,58.2475],[27.0042,58.2462],[27.0042,58.2461],[27.0067,58.2443],[27.0118,58.2413],[27.0127,58.2406],[27.0154,58.2382],[27.0191,58.2347],[27.0194,58.2344],[27.0204,58.2334],[27.0238,58.2295],[27.0251,58.2281],[27.0277,58.2268],[27.0284,58.2265],[27.0295,58.226],[27.0296,58.226],[27.0316,58.2255],[27.0368,58.2247],[27.0375,58.2246],[27.0429,58.2237],[27.0444,58.2235],[27.0494,58.2228],[27.0512,58.2224],[27.0601,58.2199],[27.0652,58.2187],[27.0663,58.2184],[27.0685,58.2174],[27.0686,58.2174],[27.069,58.2168],[27.0694,58.2162],[27.0697,58.2156],[27.0699,58.2153],[27.0702,58.215],[27.0703,58.2148],[27.0704,58.2145],[27.0705,58.2144],[27.0706,58.2143],[27.0708,58.214],[27.0708,58.2139],[27.0709,58.2138],[27.071,58.2137],[27.0711,58.2135],[27.0713,58.2132],[27.0715,58.2129],[27.0716,58.2128],[27.0718,58.2125],[27.0719,58.2123],[27.072,58.2121],[27.0721,58.212],[27.0723,58.2117],[27.0724,58.2115],[27.0726,58.2113],[27.0729,58.2107],[27.073,58.2106],[27.0731,58.2105],[27.0734,58.2101],[27.0734,58.21],[27.0736,58.2098],[27.0738,58.2095],[27.0741,58.209],[27.0744,58.2084],[27.0745,58.2083],[27.0748,58.2076],[27.0748,58.2074],[27.0749,58.207],[27.0748,58.2068],[27.0748,58.2064],[27.0749,58.2059],[27.0752,58.2054],[27.0753,58.2049],[27.0759,58.2036],[27.0764,58.2025],[27.0766,58.2019],[27.0767,58.2017],[27.0771,58.2008],[27.0771,58.2007],[27.0774,58.1999],[27.0775,58.1997],[27.0782,58.1983],[27.0785,58.1976],[27.0796,58.1953],[27.0802,58.1942],[27.0821,58.1923],[27.0831,58.1917],[27.0845,58.191],[27.0847,58.1909],[27.0854,58.1907],[27.0871,58.1901],[27.0901,58.189],[27.0931,58.188],[27.1005,58.1854],[27.1013,58.1852],[27.1031,58.1845],[27.104,58.1842],[27.1047,58.184],[27.1051,58.1838],[27.1052,58.1838],[27.1057,58.1835],[27.1065,58.1829],[27.1158,58.1758],[27.1159,58.1758],[27.1185,58.174],[27.1218,58.1728],[27.1259,58.1724],[27.1314,58.1723],[27.1337,58.1721],[27.1354,58.1716],[27.1355,58.1715],[27.1422,58.1686],[27.148,58.1659],[27.1534,58.1636],[27.1559,58.1627],[27.1592,58.1615],[27.1624,58.1603],[27.1661,58.1591],[27.1711,58.1579],[27.1733,58.1574],[27.1819,58.1556],[27.1822,58.1556],[27.1823,58.1555],[27.1834,58.1553],[27.1836,58.1553],[27.1864,58.1547],[27.1866,58.1546],[27.1868,58.1546],[27.1869,58.1546],[27.1888,58.1542],[27.1911,58.1537],[27.1977,58.1523],[27.2021,58.1514],[27.2067,58.1509],[27.2207,58.1499],[27.2238,58.1495],[27.2269,58.1487],[27.2314,58.147],[27.2345,58.145],[27.2389,58.1408],[27.2394,58.1404],[27.2425,58.1391],[27.2428,58.139],[27.2433,58.1389],[27.2435,58.1388],[27.2442,58.1385],[27.2457,58.138],[27.2469,58.1377],[27.248,58.1374],[27.2521,58.1367],[27.2538,58.1365],[27.2612,58.1358],[27.2631,58.1354],[27.2667,58.1343],[27.2685,58.1334],[27.2709,58.1316],[27.2733,58.1289],[27.2746,58.1278],[27.2777,58.1259],[27.2807,58.1244],[27.2856,58.1218],[27.2906,58.1192],[27.2935,58.1172],[27.2977,58.1142],[27.3021,58.1108],[27.3052,58.1084],[27.3066,58.1068],[27.3088,58.1036],[27.3111,58.1016],[27.3123,58.1007],[27.3179,58.0979],[27.3257,58.0941],[27.3281,58.0934],[27.3302,58.093],[27.3355,58.0925],[27.3389,58.0921],[27.342,58.0919],[27.3431,58.0919],[27.3438,58.0919],[27.3453,58.0921],[27.3456,58.0921],[27.3473,58.0925],[27.35,58.0935],[27.3512,58.0942],[27.355,58.0973],[27.3555,58.0978],[27.3561,58.0983],[27.3598,58.1004],[27.3639,58.1017],[27.3671,58.1022],[27.3717,58.1024],[27.3756,58.1019],[27.3784,58.1013],[27.3789,58.1012],[27.3793,58.1011],[27.3868,58.0994],[27.3899,58.0987],[27.4006,58.097],[27.4021,58.0969],[27.409,58.0968],[27.4125,58.0967],[27.4175,58.096],[27.4237,58.0952],[27.4263,58.0949],[27.4291,58.0952],[27.4306,58.0956],[27.4318,58.096],[27.4333,58.0965],[27.4343,58.0968],[27.4347,58.097],[27.436,58.0974],[27.4367,58.0976],[27.4373,58.0978],[27.4379,58.098],[27.4389,58.0983],[27.4403,58.0988],[27.4407,58.0989],[27.4417,58.0992],[27.4423,58.0994],[27.4432,58.0997],[27.4433,58.0998],[27.4443,58.1001],[27.445,58.1003],[27.4469,58.1009],[27.4483,58.1013],[27.4495,58.1019],[27.45,58.1021],[27.4503,58.1023],[27.4509,58.1026],[27.4511,58.1027],[27.4519,58.1032],[27.4531,58.1038],[27.4533,58.1039],[27.454,58.1033],[27.4549,58.1028],[27.4551,58.1027],[27.4578,58.1015],[27.4582,58.1013],[27.4584,58.1013],[27.4585,58.1012],[27.4585,58.1011],[27.4583,58.1011],[27.4582,58.1013]],[[27.5783,57.9747],[27.5892,57.9703],[27.599,57.9665],[27.5994,57.9663],[27.6001,57.966],[27.6004,57.9659],[27.6006,57.9658],[27.6029,57.9649],[27.6036,57.9647],[27.6072,57.9632],[27.6076,57.9631],[27.617,57.9594],[27.6175,57.9592],[27.6181,57.959],[27.6182,57.9589],[27.6186,57.9588],[27.6187,57.9587],[27.6199,57.9583],[27.6206,57.9581],[27.6226,57.9574],[27.6237,57.9571],[27.6264,57.9571],[27.6282,57.9573],[27.6289,57.9574],[27.6293,57.9574],[27.6296,57.9575],[27.6324,57.9578]],[[27.4674,58.0965],[27.4688,58.0958],[27.4698,58.0953],[27.47,58.0952],[27.4714,58.0945],[27.4715,58.0944],[27.4729,58.0937],[27.474,58.0932],[27.4745,58.0929],[27.4747,58.0928],[27.4761,58.0921],[27.4772,58.0916],[27.4777,58.0913],[27.4795,58.0904],[27.48,58.0902],[27.4802,58.0901],[27.4813,58.0895],[27.4819,58.0892],[27.4828,58.0888],[27.4834,58.0885],[27.4845,58.0879],[27.4865,58.087],[27.4881,58.0862],[27.4883,58.0861],[27.4895,58.0857],[27.4904,58.0854],[27.4905,58.0854],[27.4906,58.0854],[27.4908,58.0853],[27.492,58.085],[27.4932,58.0847],[27.4952,58.0841],[27.4982,58.0835],[27.5092,58.0826],[27.518,58.0819],[27.5184,58.0819],[27.5214,58.0816],[27.5222,58.0816],[27.5223,58.0816],[27.5256,58.0813],[27.5273,58.0812],[27.528,58.0811],[27.5298,58.081],[27.5327,58.0811],[27.5328,58.0811],[27.5361,58.0812],[27.5374,58.0812],[27.5377,58.0812],[27.5384,58.0811],[27.5386,58.0811],[27.5396,58.0807],[27.5411,58.08],[27.5423,58.0796],[27.5434,58.0792],[27.5439,58.079],[27.5449,58.0784],[27.545,58.078],[27.5448,58.0775],[27.5447,58.0774],[27.5444,58.077],[27.5437,58.0762],[27.5432,58.0756],[27.5428,58.0751],[27.5428,58.0746],[27.5429,58.0739],[27.543,58.0735],[27.5432,58.0722],[27.5433,58.0719],[27.5434,58.0714],[27.5434,58.0713],[27.5435,58.0708],[27.5436,58.0706],[27.5437,58.07],[27.5445,58.0686],[27.5454,58.0673],[27.548,58.0635],[27.5481,58.0634],[27.551,58.0591],[27.5525,58.0568],[27.5533,58.0548],[27.5535,58.0541],[27.5535,58.054],[27.5537,58.0532],[27.555,58.0475],[27.5559,58.0457],[27.558,58.044],[27.5627,58.0417],[27.5651,58.04],[27.5664,58.0384],[27.5676,58.0361],[27.5681,58.035],[27.5681,58.0341],[27.568,58.0337],[27.5676,58.0331],[27.5672,58.0327],[27.5666,58.0322],[27.5645,58.0306],[27.5596,58.027],[27.5594,58.0269],[27.5581,58.0256],[27.5541,58.0208],[27.5507,58.0179],[27.5491,58.0164],[27.5491,58.0163],[27.5483,58.0151],[27.5446,58.0092],[27.544,58.0086],[27.5431,58.0077],[27.5429,58.0075],[27.5423,58.0066],[27.5425,58.0059],[27.5426,58.0057],[27.5427,58.0055],[27.5427,58.0054],[27.5428,58.005],[27.5427,58.0049],[27.5428,58.0042],[27.5432,58.0031],[27.5432,58.003],[27.5434,58.0026],[27.5435,58.0024],[27.5435,58.0023],[27.5438,58.0015],[27.5441,58.0008],[27.5449,57.9996],[27.5452,57.9994],[27.5457,57.9991],[27.5474,57.9984],[27.5525,57.9963],[27.553,57.9961],[27.5592,57.9936],[27.561,57.9927],[27.5624,57.9912],[27.5636,57.9895],[27.5657,57.9851],[27.566,57.9843],[27.5662,57.984],[27.5665,57.9834],[27.5666,57.9831],[27.5669,57.9827],[27.569,57.9802],[27.5692,57.9801],[27.5706,57.979],[27.5709,57.9787],[27.5712,57.9785],[27.5718,57.9781],[27.572,57.9779],[27.5728,57.9773],[27.5747,57.9763],[27.5763,57.9755],[27.5768,57.9753],[27.5778,57.9749],[27.5783,57.9747]],[[26.777,58.3782],[26.7766,58.378],[26.7767,58.378],[26.7771,58.3778]],[[26.771,58.3793],[26.7726,58.3793],[26.7727,58.3792],[26.7735,58.3791],[26.7738,58.379],[26.7751,58.3787],[26.7754,58.3786],[26.7762,58.3783],[26.7766,58.378]],[[27.4585,58.1011],[27.4588,58.101],[27.4606,58.1],[27.4633,58.0986],[27.4638,58.0984],[27.4641,58.0982],[27.4644,58.098],[27.4645,58.098],[27.4651,58.0977],[27.4654,58.0975],[27.4655,58.0975],[27.4671,58.0966],[27.4674,58.0965]],[[26.8952,58.3595],[26.8958,58.3592]],[[27.0022,58.281],[27.0022,58.2823],[27.0022,58.2832],[27.0021,58.2835],[27.0021,58.2843],[27.002,58.2846]]]},"properties":{"ref":"45"}},
{"type":"Feature","geometry":{"type":"MultiLineString","coordinates":[[[26.9957,57.8475],[26.9968,57.8482],[26.997,57.8482],[26.9973,57.8484],[26.9977,57.8487],[26.9981,57.8489],[26.9991,57.8495],[26.9993,57.8497],[26.9995,57.8498],[26.9996,57.8499],[27.0007,57.8507],[27.0013,57.8511],[27.0019,57.8515],[27.0023,57.852],[27.0024,57.852],[27.0026,57.8523],[27.0029,57.8525],[27.0029,57.8526],[27.0032,57.8534],[27.0031,57.8538],[27.003,57.8539],[27.0029,57.854],[27.0028,57.8543],[27.0025,57.8548],[27.0021,57.8556],[27.0015,57.8575],[27.0012,57.8579],[27.0011,57.8581],[27.0008,57.8587],[27.0006,57.8589],[26.9999,57.8598]],[[27.0003,57.8598],[27.0006,57.8589]],[[27.0002,57.8602],[26.9992,57.8609],[26.9998,57.8602]],[[27.0548,58.0537],[27.055,58.0536],[27.0556,58.053],[27.0558,58.0529],[27.0563,58.0524],[27.0569,58.0521],[27.057,58.052],[27.0576,58.0517],[27.0579,58.0515],[27.0586,58.0511],[27.0631,58.0493],[27.0635,58.049],[27.0636,58.0489],[27.0638,58.0484],[27.0639,58.0482],[27.0641,58.048],[27.0644,58.0476],[27.0654,58.0463],[27.0657,58.0456],[27.0657,58.0455],[27.0658,58.0442],[27.0658,58.044],[27.0658,58.0432],[27.0658,58.0422],[27.0658,58.0421],[27.0658,58.0418],[27.0658,58.0416],[27.0658,58.0413],[27.0659,58.0401],[27.0659,58.0396],[27.0659,58.0395],[27.0659,58.0393],[27.0659,58.0389],[27.0659,58.0387],[27.0659,58.0383],[27.066,58.0352],[27.066,58.0348],[27.0661,58.0339],[27.0661,58.0332],[27.0661,58.0329],[27.066,58.0322],[27.066,58.032],[27.0657,58.0302],[27.065,58.0275],[27.0639,58.025],[27.0625,58.0208],[27.0625,58.0206],[27.0623,58.02],[27.0623,58.0199],[27.0622,58.0195],[27.0621,58.0191],[27.062,58.0188],[27.0619,58.0187],[27.0617,58.0178],[27.0612,58.0152],[27.0608,58.0132],[27.0606,58.0117],[27.0603,58.0094],[27.0598,58.0043],[27.0594,57.9998],[27.0593,57.9991],[27.0592,57.9982],[27.0592,57.9971],[27.0591,57.9952],[27.0592,57.9927],[27.0592,57.9926],[27.0593,57.992],[27.0593,57.9918],[27.0594,57.9912],[27.0597,57.9883],[27.0601,57.9873],[27.0605,57.9865],[27.0611,57.9843],[27.06,57.9809],[27.0599,57.9805],[27.0598,57.9804],[27.0596,57.9798],[27.0596,57.9797],[27.0595,57.9795],[27.0592,57.9786],[27.059,57.9779],[27.0583,57.9765],[27.057,57.9746],[27.0566,57.9741],[27.0565,57.974],[27.0562,57.9736],[27.0553,57.9724],[27.0527,57.9687],[27.0518,57.9674],[27.0487,57.9623],[27.0485,57.962],[27.0482,57.9615],[27.0481,57.9614],[27.048,57.9613],[27.0476,57.9605],[27.047,57.9589],[27.047,57.9588],[27.0473,57.9575],[27.0479,57.9564],[27.0483,57.9555],[27.0485,57.9545],[27.0489,57.9527],[27.0491,57.9517],[27.0493,57.9505],[27.0494,57.9502],[27.0495,57.9497],[27.0495,57.9494],[27.0497,57.9485],[27.0499,57.948],[27.0498,57.9464],[27.0489,57.9423],[27.0487,57.9419],[27.048,57.9398],[27.0477,57.9389],[27.0466,57.9368],[27.0438,57.9339],[27.0429,57.9331],[27.0427,57.9329],[27.0422,57.9325],[27.042,57.9323],[27.0413,57.9318],[27.0379,57.9292],[27.0361,57.9272],[27.0357,57.9263],[27.0354,57.9252],[27.035,57.924],[27.0346,57.9232],[27.0338,57.9224],[27.0329,57.9217],[27.0296,57.9198],[27.0277,57.9183],[27.0251,57.916],[27.0237,57.9144],[27.0223,57.9119],[27.0217,57.9106],[27.0216,57.9093],[27.0222,57.9058],[27.0221,57.9052],[27.022,57.9048],[27.0218,57.9043],[27.0216,57.9035],[27.0212,57.9019],[27.0187,57.898],[27.0178,57.8966],[27.0176,57.8963],[27.0173,57.8959],[27.0152,57.8942],[27.0147,57.8937],[27.014,57.8931],[27.0131,57.8925],[27.0117,57.8917],[27.0116,57.8917],[27.0113,57.8916],[27.0108,57.8914],[27.0106,57.8914],[27.0101,57.8913],[27.0096,57.8912],[27.0089,57.891],[27.0074,57.8907],[27.0064,57.8904],[27.0045,57.89],[27.0041,57.8899],[27.0037,57.8898],[27.0033,57.8898],[27.0033,57.8897],[27.0033,57.8896],[27.0033,57.8891],[27.0033,57.889],[27.0029,57.8881],[27.0028,57.888],[27.0027,57.8878],[27.0022,57.8868],[27.0004,57.8838],[27.0003,57.8837],[26.9999,57.8829],[26.9991,57.8815],[26.998,57.8796],[26.9966,57.8772],[26.9957,57.8758],[26.9956,57.8756],[26.9955,57.8754],[26.9952,57.8749],[26.9942,57.8734],[26.9922,57.8699],[26.9917,57.8686],[26.992,57.8673],[26.9921,57.8672],[26.9922,57.867],[26.9927,57.8664],[26.9929,57.8662],[26.9931,57.866],[26.9936,57.8656],[26.9956,57.8636],[26.9959,57.8634],[26.9963,57.863],[26.9964,57.8629],[26.9971,57.8623],[26.9972,57.8622],[26.9974,57.8621],[26.9979,57.8616],[26.9982,57.8615],[26.9992,57.8609]]]},"properties":{"ref":"64"}},
{"type":"Feature","geometry":{"type":"LineString","coordinates":[[26.1375,57.8557],[26.1377,57.8556],[26.1438,57.8542],[26.1441,57.8541],[26.1453,57.8539],[26.1485,57.8534],[26.1542,57.853],[26.1566,57.8528],[26.1608,57.8528],[26.1638,57.8539],[26.1659,57.855],[26.1668,57.8555],[26.1695,57.8568],[26.1714,57.8574],[26.1758,57.8585],[26.1795,57.8601],[26.18,57.8604],[26.1812,57.8613],[26.1824,57.8623],[26.183,57.8627],[26.1831,57.8627],[26.1837,57.8629],[26.184,57.8631],[26.1849,57.8633],[26.1855,57.8635],[26.1857,57.8635],[26.1868,57.8637],[26.1868,57.8638],[26.1871,57.8639],[26.1875,57.8644],[26.1879,57.8648],[26.188,57.8649],[26.1882,57.8651],[26.1882,57.8652],[26.1886,57.8656],[26.189,57.8659],[26.1893,57.866],[26.1895,57.866],[26.1912,57.8656],[26.1933,57.865],[26.1954,57.8644],[26.1983,57.8637],[26.2021,57.8627],[26.2035,57.8624],[26.2064,57.8623],[26.2082,57.8623],[26.2167,57.8626],[26.2185,57.8628],[26.2202,57.8632],[26.2223,57.864],[26.2269,57.8658],[26.2388,57.8699],[26.2414,57.8703],[26.2426,57.8704],[26.2445,57.8706],[26.248,57.8708],[26.2497,57.871],[26.2508,57.8711],[26.251,57.8711],[26.2513,57.8711],[26.2523,57.8712],[26.2556,57.8714],[26.2567,57.8715],[26.2605,57.8719],[26.2681,57.8728],[26.2704,57.873],[26.2719,57.8732],[26.2744,57.8735],[26.2768,57.8745],[26.2781,57.8763],[26.2805,57.8799],[26.2811,57.8808],[26.2829,57.8834],[26.2835,57.8842],[26.2841,57.885],[26.2841,57.8851],[26.288,57.8905],[26.2884,57.8919],[26.2886,57.8926],[26.2893,57.8955],[26.2895,57.8965],[26.2896,57.8974],[26.2876,57.9007],[26.2872,57.9013],[26.2861,57.903],[26.2858,57.9034],[26.2859,57.9041],[26.286,57.9042],[26.2863,57.9044],[26.2865,57.9045],[26.2877,57.9051],[26.2886,57.9054],[26.2905,57.9063],[26.2936,57.9084],[26.2958,57.9097],[26.2973,57.9105],[26.299,57.9115],[26.3005,57.9124],[26.3065,57.9158],[26.3087,57.9171],[26.3088,57.9171],[26.3119,57.9189],[26.3122,57.9191],[26.3168,57.9215],[26.3175,57.9219],[26.3176,57.9219],[26.318,57.9222],[26.3195,57.923],[26.3204,57.9234],[26.3209,57.9236],[26.3231,57.9243],[26.3258,57.9251],[26.3263,57.9253],[26.3272,57.9254],[26.3279,57.9255],[26.329,57.9256],[26.3298,57.9257],[26.3302,57.9257],[26.3313,57.9259],[26.3318,57.9261],[26.3319,57.9261],[26.332,57.9262],[26.3324,57.9266]]},"properties":{"ref":"72"}},
{"type":"Feature","geometry":{"type":"MultiLineString","coordinates":[[[25.598,58.3685],[25.598,58.3686],[25.5982,58.369],[25.5982,58.3691],[25.5982,58.3692],[25.5983,58.3695],[25.5984,58.3698],[25.5985,58.3702],[25.5985,58.3698],[25.5984,58.3696],[25.5984,58.3693],[25.5983,58.3691],[25.5983,58.369],[25.5981,58.3686],[25.5981,58.3684]],[[25.5929,58.4057],[25.592,58.4029],[25.592,58.4028],[25.5918,58.4014],[25.5917,58.399],[25.592,58.3966],[25.592,58.3965],[25.5921,58.3961],[25.5923,58.3956],[25.5926,58.3944],[25.5935,58.3917],[25.5937,58.3914],[25.5938,58.391],[25.5942,58.3901],[25.5943,58.3898],[25.5945,58.3892],[25.5947,58.3887],[25.5951,58.3854],[25.5951,58.385],[25.5951,58.3847],[25.5951,58.3845],[25.5951,58.3843],[25.5951,58.3833],[25.5951,58.383],[25.5951,58.3824],[25.5951,58.3819],[25.5951,58.3815],[25.5951,58.3814],[25.5951,58.3813],[25.5951,58.3812],[25.595,58.3809],[25.595,58.3808],[25.595,58.3809],[25.595,58.381],[25.595,58.3811],[25.595,58.3813],[25.595,58.3819],[25.595,58.3823],[25.5951,58.3824]],[[25.5951,58.38],[25.5958,58.3788],[25.596,58.3785],[25.5961,58.3783],[25.5962,58.3783],[25.5963,58.3781],[25.5964,58.3779],[25.5968,58.3774],[25.5969,58.3771],[25.5972,58.3768],[25.5973,58.3767],[25.5975,58.3763],[25.5979,58.3757],[25.5981,58.3755],[25.5981,58.3754],[25.5983,58.3752],[25.5984,58.3751],[25.5986,58.3748],[25.5989,58.3743],[25.599,58.3742],[25.5991,58.374],[25.5992,58.3738],[25.5992,58.3735],[25.599,58.3727],[25.599,58.3726],[25.599,58.3724],[25.5989,58.3723],[25.5989,58.3722],[25.5989,58.372],[25.5988,58.3716],[25.5987,58.3714],[25.5987,58.3713],[25.5987,58.3712],[25.5987,58.371],[25.5986,58.3709],[25.5986,58.3708],[25.5985,58.3703],[25.5985,58.3702]],[[25.5951,58.38],[25.595,58.3808]]]},"properties":{"ref":"50"}},
{"type":"Feature","geometry":{"type":"MultiLineString","coordinates":[[[25.5599,58.7564],[25.5581,58.7574],[25.5597,58.7563],[25.5618,58.7549],[25.5634,58.7538],[25.5662,58.7518],[25.5757,58.7452],[25.5792,58.7428],[25.5851,58.7386],[25.5872,58.7369],[25.5968,58.7285],[25.5972,58.7281],[25.5978,58.7277],[25.5989,58.7267],[25.6,58.7258],[25.6098,58.7171],[25.6106,58.7165],[25.6132,58.7142],[25.6169,58.7107],[25.6204,58.7061],[25.6204,58.706],[25.6208,58.7055],[25.6224,58.7033],[25.6233,58.7019],[25.6239,58.7011],[25.6254,58.6988],[25.6259,58.6976],[25.6266,58.6948],[25.6266,58.6947],[25.6266,58.6943],[25.6265,58.6942],[25.6265,58.6927],[25.6265,58.6923],[25.6265,58.6922],[25.6257,58.6902],[25.6241,58.6886],[25.624,58.6886],[25.6235,58.6883],[25.6201,58.6864],[25.6199,58.6863],[25.6172,58.6849],[25.6114,58.6818],[25.6073,58.6794],[25.6059,58.6779],[25.6051,58.6755],[25.6052,58.6739],[25.6057,58.6723],[25.6072,58.6683],[25.6077,58.665],[25.6079,58.6626],[25.6083,58.6615],[25.6087,58.661],[25.6095,58.66],[25.6099,58.6594],[25.6104,58.6591],[25.6104,58.6588],[25.6102,58.659],[25.6099,58.6594]],[[25.4289,58.7855],[25.4293,58.7854],[25.4294,58.7853],[25.4295,58.7853],[25.43,58.7851],[25.4303,58.785],[25.4309,58.7848],[25.431,58.7848],[25.4322,58.7843],[25.4327,58.784],[25.4335,58.7837],[25.4349,58.7826],[25.435,58.7824],[25.4353,58.7819],[25.4355,58.7816],[25.437,58.7806],[25.4377,58.7804],[25.4398,58.7798],[25.4414,58.7797],[25.4423,58.7797],[25.4465,58.7794],[25.4485,58.7795],[25.4508,58.7799],[25.4537,58.7799],[25.4547,58.7799],[25.4561,58.7798],[25.4601,58.7793],[25.4609,58.7791],[25.4616,58.779],[25.4628,58.7787],[25.4637,58.7784],[25.4648,58.7782],[25.4668,58.7785],[25.4679,58.7786],[25.4689,58.7786],[25.4696,58.7786],[25.4705,58.7787],[25.4709,58.7787],[25.4713,58.7787],[25.4726,58.7788],[25.4735,58.7788],[25.4766,58.779],[25.479,58.7791],[25.4812,58.7792],[25.4815,58.7792],[25.4827,58.7793],[25.4854,58.7793],[25.4832,58.7793],[25.4812,58.7793],[25.4807,58.7793],[25.4797,58.7792],[25.4766,58.779]],[[25.5581,58.7574],[25.5579,58.7576],[25.5573,58.7579],[25.5565,58.7583],[25.5541,58.7597],[25.55,58.7614],[25.5455,58.7629],[25.5362,58.7656],[25.5303,58.7673],[25.5275,58.7682],[25.5209,58.7709],[25.5201,58.7712],[25.5134,58.7741],[25.5112,58.7749],[25.5081,58.7759],[25.5016,58.7775],[25.4976,58.7782],[25.4943,58.7787],[25.4897,58.7791],[25.4854,58.7793]],[[25.4309,58.7848],[25.4301,58.7851],[25.4295,58.7853]]]},"properties":{"ref":"26"}},
{"type":"Feature","geometry":{"type":"MultiLineString","coordinates":[[[25.6383,59.463],[25.6383,59.4632],[25.6381,59.464],[25.6381,59.4641],[25.638,59.4645],[25.6379,59.4651],[25.6378,59.4653],[25.6375,59.4665],[25.6355,59.4755],[25.6358,59.4778],[25.6358,59.4779],[25.6359,59.4781],[25.6373,59.4802],[25.6396,59.4819],[25.6416,59.4831],[25.645,59.485],[25.6487,59.4871],[25.6491,59.4874],[25.6514,59.4888],[25.6523,59.4895],[25.6557,59.4922],[25.6568,59.4936],[25.6573,59.4943],[25.6588,59.4965],[25.6601,59.4979],[25.6632,59.5],[25.6634,59.5001],[25.6657,59.5016],[25.6681,59.5036],[25.6729,59.5081],[25.6749,59.5099],[25.6775,59.5118],[25.6806,59.5139],[25.6842,59.5163],[25.6849,59.5168],[25.6857,59.5174],[25.6858,59.5174],[25.6901,59.5203],[25.6938,59.5225],[25.6942,59.5227],[25.6958,59.5237],[25.6968,59.5243],[25.6983,59.5252],[25.7008,59.5267],[25.7014,59.527],[25.7016,59.5271],[25.7046,59.5284],[25.7067,59.5288],[25.7074,59.5289],[25.7087,59.5291],[25.7088,59.5291],[25.712,59.5298],[25.7127,59.53],[25.7128,59.53],[25.7138,59.5304],[25.7158,59.5313],[25.7187,59.5323],[25.7229,59.5335],[25.7279,59.5355],[25.7315,59.5376],[25.7343,59.5398],[25.7349,59.5403],[25.7354,59.5407],[25.7354,59.5408],[25.7357,59.5411],[25.7359,59.5412],[25.736,59.5413],[25.7365,59.5419],[25.7366,59.5421],[25.737,59.5426],[25.7371,59.5427],[25.7377,59.544],[25.7378,59.5458],[25.7374,59.5473],[25.7363,59.549],[25.7346,59.5505],[25.7278,59.5549],[25.7252,59.5574],[25.7244,59.5595],[25.7244,59.5596],[25.7244,59.5603],[25.7244,59.5606],[25.7245,59.5607],[25.7245,59.561],[25.7246,59.5614],[25.7259,59.5654],[25.7259,59.5655],[25.7259,59.5664],[25.7257,59.568],[25.7255,59.5685],[25.7251,59.569],[25.7254,59.5685],[25.7257,59.568]],[[25.7249,59.579],[25.725,59.579],[25.725,59.5789],[25.7251,59.5786],[25.7252,59.5782],[25.7252,59.578],[25.7252,59.5775],[25.7252,59.5773],[25.7253,59.5762],[25.7251,59.5746],[25.725,59.5741],[25.725,59.5739],[25.7249,59.5736],[25.7247,59.5726],[25.7246,59.5703],[25.7247,59.5699],[25.7249,59.5695],[25.725,59.5692],[25.7251,59.5691],[25.7251,59.569]]]},"properties":{"ref":"85"}},
{"type":"Feature","geometry":{"type":"MultiLineString","coordinates":[[[26.296,57.654],[26.2915,57.657],[26.2912,57.6572],[26.2905,57.6576],[26.289,57.659],[26.2887,57.6602],[26.288,57.6637],[26.2874,57.6649],[26.2854,57.6676],[26.2847,57.6692],[26.284,57.6723],[26.283,57.6767],[26.2823,57.6776],[26.281,57.6792],[26.2789,57.6835],[26.2783,57.6849],[26.2775,57.688],[26.2774,57.6884],[26.2773,57.6891],[26.277,57.6906],[26.2766,57.6914],[26.2747,57.6927],[26.2724,57.6937],[26.2703,57.6939],[26.268,57.6941],[26.2651,57.6945],[26.2617,57.6949],[26.2613,57.695],[26.2562,57.6957],[26.2534,57.6961],[26.2517,57.6967],[26.2487,57.6985],[26.2448,57.7013],[26.2405,57.7044],[26.2335,57.7085],[26.2312,57.7096],[26.2278,57.7108],[26.2238,57.7116],[26.2189,57.7122],[26.2178,57.7123],[26.2098,57.7141],[26.2065,57.7149],[26.2038,57.716],[26.1985,57.7197],[26.1954,57.7211],[26.1839,57.7255],[26.183,57.7259],[26.1811,57.7266],[26.1792,57.7275],[26.1745,57.729],[26.1708,57.7297],[26.1589,57.7313],[26.1543,57.732],[26.1522,57.7325],[26.1495,57.7335],[26.147,57.7349],[26.1456,57.7363],[26.1448,57.7376],[26.1428,57.743],[26.1423,57.7445],[26.1409,57.7482],[26.1404,57.749],[26.1386,57.7503],[26.1367,57.7509],[26.1331,57.7519],[26.1245,57.7544],[26.123,57.7548],[26.1204,57.7554],[26.1163,57.7558],[26.1144,57.756],[26.1118,57.7564],[26.1084,57.7572],[26.1046,57.7583],[26.1043,57.7584],[26.1028,57.7589],[26.102,57.7592],[26.1017,57.7593],[26.1002,57.7598],[26.0991,57.7602],[26.0973,57.7608],[26.0965,57.761],[26.0963,57.761],[26.0954,57.7613],[26.0937,57.7618],[26.0905,57.7628],[26.0884,57.7635],[26.0847,57.765],[26.0835,57.7656],[26.0826,57.7659],[26.0819,57.7662],[26.0795,57.7667],[26.0791,57.7668],[26.0784,57.7669],[26.078,57.767],[26.0777,57.7671],[26.0773,57.7671],[26.0772,57.7672],[26.0751,57.7676],[26.0734,57.768],[26.0706,57.7687],[26.0704,57.7688],[26.0696,57.769],[26.0694,57.769],[26.0666,57.7697],[26.0664,57.7697],[26.0651,57.77],[26.065,57.77],[26.0648,57.77],[26.0645,57.7701],[26.061,57.7706],[26.0608,57.7707],[26.0593,57.7709],[26.0569,57.7712],[26.0561,57.7713],[26.0541,57.7716],[26.0501,57.7721],[26.0482,57.7725],[26.0479,57.7726],[26.0474,57.7727],[26.0456,57.773],[26.0447,57.7729],[26.0443,57.7729],[26.0434,57.7731],[26.0429,57.7734],[26.0422,57.7742],[26.042,57.7744]],[[26.2961,57.654],[26.2982,57.6531],[26.3001,57.6527],[26.3042,57.6512],[26.3082,57.6495],[26.313,57.6474],[26.3141,57.6469],[26.3143,57.6469],[26.3161,57.6465],[26.3169,57.6463],[26.3176,57.6461],[26.3233,57.6448],[26.3265,57.6438],[26.3276,57.6433],[26.3286,57.6427],[26.3337,57.639],[26.3354,57.6376],[26.3373,57.6358],[26.3378,57.6352],[26.3403,57.6322],[26.3412,57.6311],[26.3415,57.6307],[26.3416,57.6306],[26.3422,57.6299],[26.3424,57.6296],[26.3428,57.6291],[26.3431,57.6288],[26.3433,57.6285],[26.3448,57.6267],[26.3473,57.6237],[26.3477,57.6234],[26.3508,57.6213],[26.3511,57.6211],[26.3552,57.6182],[26.3568,57.6172],[26.3614,57.6151],[26.3639,57.6144],[26.3655,57.6141],[26.3679,57.6138],[26.3714,57.6133],[26.3735,57.6133],[26.3774,57.6136],[26.3849,57.6131],[26.3854,57.613],[26.3899,57.6127],[26.3909,57.6128],[26.3932,57.6129],[26.3952,57.613],[26.3954,57.6131],[26.3957,57.6131],[26.3983,57.6137],[26.3984,57.6138],[26.3994,57.614],[26.4007,57.6141],[26.401,57.6141],[26.4036,57.614],[26.4038,57.6139],[26.405,57.6137],[26.4056,57.6136],[26.4073,57.6133],[26.4098,57.6131],[26.4107,57.613],[26.4152,57.6131],[26.4158,57.6131],[26.4187,57.6126],[26.4258,57.6118],[26.4274,57.6116],[26.4314,57.6112],[26.4355,57.6113],[26.4393,57.611],[26.4438,57.6102],[26.4448,57.61],[26.4524,57.6085],[26.4564,57.6077],[26.461,57.6067],[26.464,57.6059],[26.4686,57.6053],[26.4714,57.605],[26.4759,57.6049],[26.4781,57.6048],[26.4854,57.6031],[26.4872,57.6029],[26.4902,57.6026],[26.4914,57.6025],[26.4951,57.6023],[26.507,57.6026],[26.5112,57.6028],[26.5199,57.6032],[26.5232,57.6035],[26.5243,57.6037],[26.5261,57.604],[26.5277,57.6043],[26.531,57.6049],[26.5325,57.6051],[26.5372,57.6055],[26.539,57.6056],[26.5424,57.6057],[26.5491,57.6063],[26.551,57.6065],[26.5512,57.6065],[26.5549,57.6069],[26.5552,57.6069],[26.5584,57.6069],[26.562,57.607],[26.5641,57.6073],[26.5646,57.6074],[26.5656,57.6076],[26.568,57.6082],[26.5695,57.6087],[26.5716,57.6097],[26.5718,57.6097],[26.5718,57.6098],[26.5722,57.6099],[26.5754,57.6114],[26.5757,57.6116],[26.5777,57.6125],[26.5826,57.6148],[26.5838,57.6153],[26.5879,57.617],[26.5896,57.6179],[26.593,57.6194],[26.5962,57.62],[26.5981,57.6201],[26.602,57.6196],[26.6056,57.6183],[26.6061,57.6182],[26.6096,57.6173],[26.6115,57.6172],[26.6163,57.6175],[26.6169,57.6176],[26.6245,57.6187],[26.6303,57.6197],[26.6336,57.6202],[26.6354,57.6207],[26.6375,57.6222],[26.638,57.6236],[26.638,57.6238],[26.6378,57.6247],[26.6377,57.6251],[26.6369,57.6283],[26.6371,57.6312],[26.6379,57.6336],[26.6384,57.6344],[26.6408,57.6373],[26.6428,57.6389],[26.6494,57.6429],[26.655,57.6461],[26.6625,57.6505],[26.6667,57.6524],[26.6698,57.6535],[26.6741,57.6548],[26.6799,57.656],[26.6826,57.6564],[26.6868,57.6568],[26.6899,57.657],[26.6934,57.6574],[26.694,57.6575],[26.6946,57.6576],[26.6992,57.6585],[26.7009,57.659],[26.7018,57.6593],[26.7023,57.6594],[26.7033,57.6598],[26.7035,57.6598],[26.7108,57.6627],[26.7126,57.6635],[26.7165,57.6656],[26.7192,57.6675],[26.72,57.6682],[26.7207,57.6688],[26.7216,57.6698],[26.7217,57.6699],[26.7229,57.6714],[26.7241,57.6741],[26.7245,57.6759],[26.7246,57.6773],[26.7247,57.6774],[26.7247,57.6784],[26.7248,57.6791],[26.725,57.6811],[26.725,57.6815],[26.725,57.6818],[26.7251,57.682],[26.7252,57.6837],[26.7256,57.6862],[26.7259,57.6873],[26.7269,57.6896],[26.728,57.6912],[26.7307,57.6943],[26.7325,57.6959],[26.7339,57.6969],[26.7354,57.6978],[26.7358,57.6981],[26.7376,57.6992],[26.7388,57.6998],[26.7393,57.7001],[26.7429,57.7022],[26.7464,57.7042],[26.7524,57.7076],[26.7578,57.711],[26.7608,57.713],[26.761,57.7131],[26.7647,57.7159],[26.7721,57.7216],[26.773,57.7223],[26.7744,57.7233],[26.7801,57.7279],[26.7812,57.7288],[26.7826,57.73],[26.7841,57.7315],[26.7866,57.7341],[26.7872,57.7347],[26.7876,57.7351],[26.7886,57.736],[26.7893,57.7365],[26.7896,57.7367],[26.793,57.7388],[26.7967,57.7408],[26.7978,57.7413],[26.7996,57.7423],[26.8007,57.7429],[26.8014,57.7432],[26.8024,57.7437],[26.8049,57.745],[26.8066,57.7459],[26.8093,57.7473],[26.8134,57.7489],[26.8149,57.7494],[26.8184,57.7502],[26.8208,57.7508],[26.8242,57.7517],[26.8294,57.7535],[26.8312,57.7543],[26.8316,57.7545],[26.8331,57.7552],[26.8332,57.7553],[26.8367,57.757],[26.8391,57.7581],[26.8393,57.7583],[26.8397,57.7584],[26.841,57.7591],[26.8462,57.7617],[26.8502,57.7642],[26.8567,57.7688],[26.8579,57.7695],[26.8611,57.7714],[26.8671,57.7745],[26.8675,57.7747],[26.8678,57.7748],[26.8679,57.7749],[26.868,57.7749],[26.8687,57.7752],[26.8742,57.7775],[26.8755,57.7781],[26.8777,57.779],[26.8791,57.7796],[26.8798,57.7799],[26.8814,57.7806],[26.8842,57.7818],[26.888,57.7833],[26.8902,57.7842],[26.8921,57.785],[26.8944,57.7858],[26.8992,57.787],[26.9034,57.7876],[26.9099,57.788],[26.9105,57.788],[26.9136,57.7879],[26.9202,57.7877],[26.9206,57.7877],[26.9263,57.7881],[26.9264,57.7881],[26.9321,57.7892],[26.9383,57.7907],[26.9399,57.7911],[26.9426,57.7916],[26.9433,57.7917],[26.9475,57.7924],[26.9511,57.7933],[26.9531,57.794],[26.9539,57.7944],[26.9572,57.7966],[26.9604,57.7997],[26.9605,57.7997],[26.9692,57.8081],[26.9701,57.8089],[26.9707,57.8093],[26.9708,57.8094],[26.9714,57.8098],[26.9721,57.8102],[26.9724,57.8103],[26.9726,57.8105],[26.9757,57.8119],[26.9781,57.8127],[26.9895,57.816],[26.9898,57.8161],[26.9909,57.8165],[26.9914,57.8166],[26.9926,57.817],[26.9958,57.8182],[26.9972,57.8189],[26.9976,57.8191],[26.9991,57.82],[26.9993,57.8202],[27.0009,57.8215],[27.0011,57.8216],[27.0016,57.8221],[27.0016,57.8222],[27.0017,57.8222],[27.0028,57.8232],[27.0031,57.8235],[27.0032,57.8235],[27.0033,57.8236],[27.0038,57.824],[27.0034,57.8236],[27.0032,57.8234],[27.0017,57.8221],[27.0015,57.8219],[27.0011,57.8216]],[[27.0116,57.8265],[27.0115,57.8265],[27.0108,57.8265],[27.0103,57.8265],[27.01,57.8265],[27.0059,57.8254],[27.005,57.8249],[27.004,57.8241],[27.0038,57.824]]]},"properties":{"ref":"67"}},
{"type":"Feature","geometry":{"type":"MultiLineString","coordinates":[[[22.3137,58.5609],[22.3141,58.5598],[22.3149,58.5576],[22.315,58.5575],[22.3157,58.5562],[22.3176,58.5546],[22.3205,58.5535],[22.3255,58.5523],[22.3273,58.5515],[22.3318,58.5492],[22.3348,58.5475],[22.3362,58.5463],[22.3375,58.5444],[22.3377,58.5426],[22.3378,58.5396],[22.3384,58.5376],[22.3385,58.5374],[22.3405,58.5333],[22.3408,58.5326],[22.3409,58.5324],[22.3417,58.531],[22.3432,58.5286],[22.3434,58.5284],[22.3436,58.5283],[22.3451,58.5272],[22.3473,58.5263],[22.3474,58.5263],[22.3497,58.5257],[22.3501,58.5257],[22.3562,58.5249],[22.3616,58.5237],[22.3647,58.5227],[22.3696,58.5207],[22.3741,58.5194],[22.3768,58.5189],[22.3815,58.5186],[22.3872,58.5187],[22.3894,58.5184],[22.3916,58.5178],[22.3982,58.5146],[22.4011,58.5131],[22.4058,58.5108],[22.4215,58.502],[22.4242,58.5005],[22.4255,58.4995],[22.4271,58.4978],[22.4279,58.4956],[22.428,58.4956],[22.4281,58.4951],[22.4292,58.489],[22.4293,58.4876],[22.4288,58.4851],[22.4272,58.4823],[22.4248,58.4796],[22.4238,58.4776],[22.4233,58.4727],[22.4236,58.4714],[22.4237,58.471],[22.428,58.4637],[22.4288,58.4621],[22.4293,58.4602],[22.4289,58.4583],[22.4266,58.4527],[22.4264,58.4512],[22.4272,58.4496],[22.4342,58.4423],[22.4349,58.4414],[22.4358,58.4396],[22.4373,58.4283],[22.4374,58.4265],[22.4368,58.4241],[22.4358,58.4227],[22.4336,58.4206],[22.4314,58.4181],[22.429,58.4136],[22.4282,58.4106],[22.4273,58.4058],[22.4275,58.4042],[22.4292,58.4008],[22.4312,58.3971],[22.4319,58.3951],[22.4322,58.3934],[22.4324,58.3916],[22.4322,58.3895],[22.4322,58.3894],[22.4322,58.3891],[22.432,58.3881],[22.4318,58.3872],[22.432,58.385],[22.4335,58.3784],[22.4339,58.3761],[22.4347,58.3733],[22.4371,58.3684],[22.4383,58.3657],[22.4402,58.3617],[22.4417,58.3579],[22.442,58.3568],[22.4422,58.3565],[22.4432,58.3527],[22.4433,58.3521],[22.4435,58.3515],[22.4442,58.3499],[22.4444,58.3495],[22.4449,58.3489],[22.4455,58.3481],[22.4461,58.3473],[22.4466,58.3466],[22.4472,58.3459],[22.4476,58.3454],[22.4482,58.3446],[22.4484,58.3443],[22.4491,58.3436],[22.4497,58.3428],[22.4508,58.3413],[22.4508,58.3412],[22.4521,58.3363],[22.4522,58.336],[22.4524,58.3354],[22.4524,58.3352],[22.4536,58.3335],[22.4542,58.333],[22.456,58.3314],[22.4601,58.3279],[22.4614,58.3265],[22.4646,58.3209],[22.465,58.3191],[22.4639,58.3163],[22.4632,58.3147],[22.4626,58.3135],[22.4614,58.3109],[22.4602,58.3084],[22.4597,58.3074],[22.4591,58.3065],[22.4587,58.3058],[22.4583,58.3052],[22.4582,58.3051],[22.4578,58.3044],[22.4576,58.3025],[22.4588,58.3001],[22.4591,58.2995],[22.4602,58.2971],[22.4617,58.2936],[22.462,58.2904],[22.4613,58.2855],[22.4612,58.2848],[22.4612,58.2838],[22.4619,58.2821],[22.4652,58.2774],[22.4661,58.2759],[22.4664,58.2745],[22.4664,58.2743],[22.4661,58.2725],[22.4654,58.2702],[22.4656,58.2694],[22.466,58.269],[22.4662,58.2689]],[[22.4658,58.2688],[22.4659,58.269],[22.4656,58.2694]]]},"properties":{"ref":"86"}},
{"type":"Feature","geometry":{"type":"LineString","coordinates":[[22.4658,58.2688],[22.4657,58.2687],[22.4656,58.2685],[22.4656,58.2684],[22.4659,58.2682],[22.4666,58.2681],[22.4671,58.2683],[22.4672,58.2685],[22.467,58.2688],[22.4662,58.2689],[22.4658,58.2688]]},"properties":{"ref":"76;78"}},
{"type":"Feature","geometry":{"type":"MultiLineString","coordinates":[[[24.4227,59.3085],[24.4224,59.3084],[24.422,59.3083],[24.4223,59.3084],[24.4225,59.3085]],[[24.3984,59.3077],[24.398,59.3077],[24.3979,59.3077],[24.3976,59.3077],[24.3952,59.3074],[24.3933,59.3071],[24.391,59.3069],[24.3899,59.3067],[24.3897,59.3067],[24.3895,59.3067],[24.3893,59.3067],[24.3856,59.3062],[24.3847,59.3061],[24.3827,59.3059],[24.3801,59.3057],[24.3792,59.3056],[24.3787,59.3056],[24.3773,59.3055],[24.3769,59.3055],[24.375,59.3053],[24.3757,59.3053],[24.3769,59.3054],[24.3773,59.3054],[24.3787,59.3055],[24.3792,59.3056],[24.3801,59.3057]],[[23.6687,58.9577],[23.6683,58.9581],[23.668,58.9595],[23.6685,58.9607],[23.67,58.9617],[23.6711,58.9625],[23.6732,58.964],[23.676,58.9662],[23.6761,58.9663],[23.6765,58.9673],[23.6765,58.9677],[23.677,58.9709],[23.6775,58.9738],[23.6795,58.9763],[23.6798,58.9766],[23.6801,58.9769],[23.6803,58.9771],[23.6804,58.9772],[23.6806,58.9774],[23.6829,58.9801],[23.6838,58.9807],[23.6854,58.9817],[23.6871,58.9828],[23.6872,58.9829],[23.6889,58.9839],[23.69,58.9846],[23.6933,58.9867],[23.6967,58.9888],[23.6981,58.9898],[23.6984,58.99],[23.6987,58.9901],[23.6995,58.9906],[23.6997,58.9907],[23.7001,58.9909],[23.7009,58.9913],[23.7029,58.992],[23.7035,58.9922],[23.705,58.9928],[23.7087,58.9941],[23.7092,58.9942],[23.7096,58.9944],[23.7101,58.9945],[23.7108,58.9948],[23.711,58.9949],[23.7114,58.9951],[23.7134,58.9957],[23.7154,58.9961],[23.7173,58.9962],[23.7174,58.9963],[23.7175,58.9963],[23.718,58.9963],[23.7181,58.9963],[23.7198,58.9965],[23.7203,58.9966],[23.7205,58.9966],[23.721,58.9967],[23.7237,58.9972],[23.727,58.9979],[23.7273,58.998],[23.7296,58.9986],[23.7339,59.0004],[23.7343,59.0006],[23.7365,59.0015],[23.74,59.0027],[23.7416,59.0029],[23.7445,59.0033],[23.7462,59.0035],[23.7466,59.0036],[23.7502,59.0043],[23.7538,59.0047],[23.7609,59.0045],[23.7644,59.0047],[23.7675,59.0052],[23.7684,59.0054],[23.7695,59.0055],[23.7698,59.0055],[23.7709,59.0057],[23.7712,59.0057],[23.7738,59.0058],[23.775,59.0058],[23.7774,59.0062],[23.7795,59.0068],[23.7805,59.0073],[23.7841,59.0114],[23.7851,59.0123],[23.7926,59.0163],[23.7986,59.0195],[23.8012,59.0211],[23.805,59.0236],[23.8079,59.0253],[23.8165,59.0296],[23.8177,59.0302],[23.8201,59.0319],[23.8205,59.0322],[23.8215,59.033],[23.823,59.0341],[23.8265,59.0357],[23.8282,59.0372],[23.83,59.0402],[23.8313,59.0414],[23.8327,59.0417],[23.8354,59.0416],[23.8426,59.0403],[23.8457,59.04],[23.8476,59.0401],[23.8536,59.0408],[23.8561,59.0408],[23.8601,59.0402],[23.8631,59.0397],[23.8657,59.0397],[23.8672,59.0401],[23.8707,59.0414],[23.8727,59.0429],[23.8755,59.0457],[23.8789,59.0486],[23.88,59.0495],[23.8849,59.0519],[23.886,59.0524],[23.8885,59.0536],[23.8908,59.0544],[23.8983,59.0571],[23.9017,59.0583],[23.9019,59.0583],[23.9067,59.06],[23.9117,59.0618],[23.9125,59.0622],[23.9132,59.0628],[23.9135,59.0643],[23.9134,59.0644],[23.9125,59.0657],[23.9122,59.0662],[23.9116,59.067],[23.9111,59.0681],[23.9106,59.0714],[23.9105,59.072],[23.9098,59.0739],[23.9078,59.076],[23.9071,59.0774],[23.9071,59.0796],[23.9076,59.0805],[23.9088,59.0816],[23.9106,59.0825],[23.914,59.083],[23.917,59.0833],[23.9249,59.083],[23.9277,59.0836],[23.9301,59.0852],[23.9306,59.0855],[23.9311,59.0859],[23.9318,59.0863],[23.9353,59.0875],[23.9378,59.0875],[23.9439,59.087],[23.95,59.0868],[23.9527,59.0869],[23.9555,59.0872],[23.959,59.088],[23.9612,59.0883],[23.9663,59.0883],[23.9711,59.0882],[23.9742,59.0881],[23.9765,59.0881],[23.9795,59.0886],[23.9804,59.0888],[23.9805,59.0888],[23.9807,59.0888],[23.981,59.0889],[23.982,59.089],[23.9873,59.0903],[23.9915,59.0917],[23.9977,59.0949],[23.9979,59.0951],[23.9982,59.0952],[23.9999,59.0963],[24.0002,59.0965],[24.0005,59.0967],[24.0007,59.0969],[24.0011,59.0972],[24.0019,59.0978],[24.0025,59.0982],[24.0046,59.0991],[24.0095,59.1002],[24.0119,59.1004],[24.015,59.1005],[24.0196,59.101],[24.021,59.101],[24.0231,59.1011],[24.0233,59.1011],[24.0249,59.1013],[24.0272,59.1019],[24.031,59.103],[24.0348,59.1044],[24.0395,59.1065],[24.0448,59.1091],[24.0511,59.1128],[24.055,59.1155],[24.0573,59.1173],[24.0603,59.1199],[24.0616,59.1213],[24.0642,59.1235],[24.0656,59.1251],[24.0659,59.1256],[24.0661,59.1257],[24.0664,59.1261],[24.0674,59.1273],[24.0714,59.1302],[24.0715,59.1303],[24.0732,59.1327],[24.0747,59.1363],[24.0756,59.1402],[24.0763,59.1423],[24.0778,59.1461],[24.0779,59.1465],[24.0779,59.1466],[24.0781,59.1483],[24.0775,59.1503],[24.0766,59.1519],[24.0764,59.1523],[24.0762,59.1526],[24.0762,59.1527],[24.076,59.1531],[24.0745,59.1556],[24.0739,59.1574],[24.0743,59.1683],[24.0744,59.1704],[24.075,59.1718],[24.0766,59.1736],[24.081,59.1779],[24.0841,59.1809],[24.0856,59.1825],[24.086,59.183],[24.0862,59.1832],[24.0872,59.1848],[24.0891,59.1877],[24.0922,59.1918],[24.0924,59.1921],[24.0931,59.193],[24.0969,59.1982],[24.097,59.1999],[24.0956,59.2062],[24.0952,59.2079],[24.095,59.209],[24.0947,59.21],[24.0946,59.2107],[24.0945,59.2111],[24.0941,59.213],[24.0944,59.2138],[24.0958,59.2156],[24.0971,59.2166],[24.0977,59.2169],[24.101,59.2188],[24.1021,59.2193],[24.1022,59.2194],[24.1032,59.2198],[24.1084,59.2221],[24.1106,59.2227],[24.1162,59.2242],[24.1177,59.2246],[24.1186,59.2249],[24.1199,59.2252],[24.1216,59.2256],[24.1239,59.2262],[24.1302,59.2277],[24.1319,59.228],[24.1322,59.228],[24.1372,59.228],[24.1377,59.228],[24.1386,59.2281],[24.1388,59.2281],[24.1391,59.2281],[24.1395,59.2282],[24.1397,59.2282],[24.1408,59.2284],[24.1417,59.2285],[24.1418,59.2285],[24.143,59.2285],[24.144,59.2282],[24.1457,59.2277],[24.1458,59.2277],[24.146,59.2276],[24.1469,59.2273],[24.1474,59.2272],[24.1505,59.2263],[24.1519,59.2261],[24.1559,59.2261],[24.1599,59.2265],[24.1611,59.2268],[24.162,59.2269],[24.1628,59.2271],[24.163,59.2271],[24.1633,59.2272],[24.1641,59.2273],[24.1644,59.2274],[24.165,59.2275],[24.1661,59.2277],[24.1674,59.2279],[24.1683,59.228],[24.169,59.2281],[24.1697,59.2282],[24.1822,59.2295],[24.1839,59.2297],[24.1894,59.2303],[24.1909,59.2305],[24.1927,59.2307],[24.194,59.2308],[24.1949,59.2309],[24.1952,59.2309],[24.1982,59.2312],[24.2005,59.2312],[24.2012,59.2311],[24.2027,59.2311],[24.2038,59.231],[24.2039,59.231],[24.2062,59.2311],[24.2064,59.2311],[24.2079,59.2311],[24.2086,59.2312],[24.2097,59.2312],[24.2104,59.2312],[24.2105,59.2312],[24.2117,59.2312],[24.2144,59.2313],[24.2147,59.2314],[24.2165,59.2314],[24.2172,59.2314],[24.2174,59.2314],[24.2177,59.2314],[24.2231,59.2315],[24.2264,59.2315],[24.2276,59.2315],[24.229,59.2315],[24.2372,59.2316],[24.2375,59.2316],[24.2384,59.2316],[24.2398,59.2316],[24.2417,59.2315],[24.2429,59.2315],[24.2441,59.2314],[24.2447,59.2314],[24.2452,59.2314],[24.2482,59.2313],[24.249,59.2312],[24.2497,59.2312],[24.2501,59.2312],[24.2503,59.2312],[24.2508,59.2311],[24.2514,59.2311],[24.2537,59.2312],[24.2544,59.2313],[24.2549,59.2314],[24.2561,59.2316],[24.2566,59.2317],[24.2577,59.232],[24.2619,59.2331],[24.2633,59.2336],[24.264,59.2338],[24.2645,59.234],[24.2686,59.2356],[24.2704,59.2363],[24.2705,59.2364],[24.271,59.2366],[24.2718,59.2369],[24.2724,59.2371],[24.2736,59.2376],[24.2753,59.2388],[24.2757,59.2393],[24.2762,59.2403],[24.2763,59.2405],[24.2764,59.2406],[24.2765,59.2409],[24.2769,59.2417],[24.2774,59.2428],[24.278,59.244],[24.2792,59.2465],[24.2792,59.2466],[24.2803,59.2488],[24.2817,59.2509],[24.2838,59.2533],[24.2839,59.2534],[24.2856,59.2553],[24.2871,59.2568],[24.2884,59.2583],[24.2889,59.2588],[24.2892,59.2592],[24.2908,59.261],[24.2912,59.262],[24.2915,59.2631],[24.2917,59.2654],[24.2917,59.266],[24.2921,59.2678],[24.2923,59.2682],[24.2952,59.2715],[24.2968,59.2732],[24.3006,59.276],[24.3038,59.2781],[24.3061,59.2794],[24.3076,59.2799],[24.3118,59.2808],[24.3187,59.2817],[24.3215,59.2825],[24.3216,59.2825],[24.3234,59.2838],[24.3265,59.2875],[24.3275,59.2885],[24.3278,59.2887],[24.3286,59.2892],[24.3309,59.2899],[24.3318,59.2901],[24.3321,59.2902],[24.3334,59.2904],[24.3347,59.2907],[24.3392,59.2918],[24.3414,59.2932],[24.342,59.2939],[24.3423,59.2943],[24.3431,59.2952],[24.3435,59.2957],[24.3437,59.2958],[24.3454,59.2976],[24.3464,59.2982],[24.3497,59.2994],[24.3508,59.2998],[24.362,59.3035],[24.3622,59.3035],[24.3645,59.3042],[24.37,59.3049],[24.3721,59.3051],[24.3732,59.3052],[24.3738,59.3052],[24.3744,59.3052],[24.375,59.3053]],[[24.3984,59.3078],[24.398,59.3077]],[[24.3986,59.3078],[24.3993,59.3078],[24.3986,59.3077]],[[24.4169,59.3074],[24.4163,59.3073],[24.4149,59.3073],[24.4147,59.3073],[24.4143,59.3074],[24.4137,59.3074],[24.4135,59.3074],[24.4127,59.3075],[24.4122,59.3075],[24.4114,59.3075],[24.4113,59.3075],[24.4092,59.3076],[24.409,59.3076],[24.4085,59.3076],[24.4078,59.3076],[24.4048,59.3076],[24.4046,59.3076],[24.4045,59.3076],[24.403,59.3077],[24.4026,59.3077],[24.4024,59.3077],[24.4021,59.3077],[24.4019,59.3077],[24.4013,59.3078],[24.4009,59.3078],[24.3993,59.3078]],[[24.422,59.3083],[24.4208,59.308],[24.4171,59.3074],[24.4169,59.3074]]]},"properties":{"ref":"17"}},
{"type":"Feature","geometry":{"type":"MultiLineString","coordinates":[[[25.4843,58.5377],[25.483,58.5403],[25.4825,58.5409],[25.4822,58.5412],[25.4802,58.5427],[25.4783,58.5437],[25.4777,58.5439],[25.4772,58.5442],[25.477,58.5443],[25.4766,58.5444],[25.4738,58.5454],[25.4683,58.5471],[25.4631,58.5483],[25.4582,58.5492],[25.4567,58.5497],[25.4541,58.5507],[25.4511,58.5525],[25.4501,58.5532],[25.4453,58.5563],[25.4451,58.5565],[25.4409,58.559],[25.4377,58.5606],[25.432,58.5626],[25.4292,58.5633],[25.4267,58.5635],[25.4244,58.5635],[25.4194,58.5633],[25.4193,58.5633],[25.4177,58.5634],[25.4151,58.5636],[25.4119,58.5639],[25.4091,58.5643],[25.4038,58.5657],[25.3996,58.5667],[25.3972,58.5676],[25.3917,58.5706],[25.3865,58.5746],[25.3849,58.5761],[25.3837,58.5778],[25.3823,58.5792],[25.3793,58.5809],[25.3768,58.5815],[25.3674,58.5829],[25.3642,58.5832],[25.364,58.5832]],[[25.3632,58.5833],[25.3629,58.5833],[25.3598,58.5836],[25.3544,58.5834],[25.3536,58.5832],[25.3487,58.5825],[25.3479,58.5824],[25.3458,58.5822],[25.3434,58.5822],[25.3413,58.5823],[25.3386,58.5826],[25.3318,58.5835],[25.3311,58.5836],[25.3296,58.5838],[25.3189,58.5845],[25.3073,58.5863],[25.3047,58.5865],[25.3016,58.5862],[25.2991,58.5858],[25.2989,58.5857],[25.2954,58.5851],[25.289,58.5843],[25.2889,58.5843],[25.2819,58.5831],[25.2739,58.5825],[25.2712,58.5821],[25.253,58.5795],[25.2505,58.5791],[25.2472,58.5787],[25.2436,58.5787],[25.2387,58.5789],[25.2315,58.5792],[25.2281,58.579],[25.2238,58.5777],[25.2229,58.5773],[25.2217,58.5771],[25.2213,58.577],[25.2194,58.5767],[25.2118,58.5758],[25.2046,58.5749],[25.204,58.5748],[25.2017,58.5746],[25.2008,58.5745],[25.1982,58.5745],[25.196,58.5753],[25.1944,58.576],[25.1928,58.5767],[25.1864,58.5795],[25.1842,58.5805],[25.1781,58.5831],[25.1696,58.5869],[25.1628,58.5899],[25.1542,58.5936],[25.1539,58.5938],[25.1497,58.5956],[25.1434,58.5984],[25.1408,58.5995],[25.1275,58.6052],[25.1248,58.6063],[25.1195,58.6085],[25.1138,58.6109],[25.1098,58.6126],[25.1066,58.6139],[25.1061,58.6141],[25.1033,58.6154],[25.103,58.6158],[25.1029,58.6162],[25.1029,58.6165],[25.1032,58.6172],[25.1033,58.6177],[25.1033,58.6183],[25.1033,58.6184],[25.1034,58.6192],[25.1043,58.6206],[25.1047,58.6213],[25.1054,58.6222],[25.1056,58.6225],[25.1058,58.6228],[25.106,58.6231],[25.1062,58.6235],[25.1062,58.6236],[25.1059,58.6244],[25.1056,58.6247],[25.1048,58.6256],[25.1044,58.626],[25.1031,58.6269],[25.1006,58.629],[25.1001,58.6303],[25.0995,58.6321],[25.0994,58.6327],[25.0995,58.6348],[25.0996,58.635],[25.0997,58.6363],[25.0998,58.6375],[25.0999,58.6381],[25.0999,58.6389],[25.0994,58.64],[25.0978,58.6412],[25.0969,58.6419],[25.0968,58.6419],[25.0957,58.6424],[25.0936,58.6428],[25.0878,58.6425],[25.0826,58.6427],[25.0807,58.6429],[25.0785,58.6434],[25.0762,58.6441],[25.074,58.6448],[25.0724,58.6452],[25.0711,58.6459],[25.0709,58.6461],[25.0699,58.6472],[25.0691,58.6481],[25.0664,58.6514],[25.0654,58.6519],[25.0651,58.652],[25.0625,58.6525],[25.0622,58.6526],[25.0596,58.6532],[25.0575,58.6537],[25.057,58.6539],[25.0561,58.6541],[25.0545,58.6546],[25.053,58.655],[25.0526,58.6552],[25.0514,58.6562],[25.0501,58.6575],[25.0481,58.657],[25.0478,58.6569],[25.0469,58.6567],[25.0451,58.6562],[25.0437,58.6559],[25.0427,58.6557],[25.0426,58.6557],[25.0417,58.6554],[25.0407,58.6551],[25.0406,58.6551],[25.0385,58.6545],[25.0383,58.6544],[25.038,58.6544],[25.0373,58.6542],[25.0371,58.6541],[25.0369,58.6541],[25.0367,58.654],[25.0361,58.6538],[25.0354,58.6536],[25.0346,58.6534],[25.0334,58.6531],[25.0332,58.653],[25.0326,58.6528],[25.032,58.6527],[25.0312,58.6525],[25.0312,58.6524],[25.0299,58.6521],[25.0294,58.6519],[25.0288,58.6518],[25.0284,58.6516],[25.0281,58.6516],[25.0277,58.6514],[25.0272,58.6513],[25.027,58.6513],[25.0263,58.6512],[25.0252,58.6511],[25.0249,58.6512],[25.0243,58.6512],[25.024,58.6513],[25.0225,58.6515],[25.0222,58.6515],[25.0213,58.6515],[25.0201,58.6515],[25.0199,58.6515],[25.0188,58.6514],[25.0185,58.6514],[25.018,58.6514],[25.0159,58.6513],[25.015,58.6512],[25.0138,58.6512],[25.0129,58.6511],[25.0128,58.6511],[25.0116,58.6511],[25.0041,58.6515],[25.0027,58.6516],[25.0018,58.6517],[24.9997,58.6524],[24.9986,58.6529]],[[25.4851,58.5364],[25.4855,58.5359],[25.4873,58.5342],[25.4894,58.5327],[25.4914,58.5317],[25.4937,58.5308],[25.4956,58.5302],[25.499,58.5294],[25.5027,58.5289],[25.5065,58.5286],[25.5077,58.5285],[25.5093,58.5283],[25.5127,58.5275],[25.515,58.5267],[25.5199,58.5247],[25.5249,58.5227],[25.5315,58.5205],[25.5353,58.5194],[25.5378,58.5188],[25.5395,58.5185],[25.5448,58.5177],[25.55,58.5174],[25.5546,58.5175],[25.5564,58.5176],[25.5602,58.5176],[25.5657,58.5175],[25.5843,58.5158],[25.5852,58.5157],[25.5857,58.5157],[25.5852,58.5158],[25.5843,58.5158]]]},"properties":{"ref":"57"}},
{"type":"Feature","geometry":{"type":"MultiLineString","coordinates":[[[25.5991,58.374],[25.5995,58.3741],[25.5995,58.3742],[25.5996,58.3742],[25.5998,58.3745],[25.5999,58.3746],[25.6001,58.3748],[25.6002,58.375],[25.6003,58.375],[25.6005,58.3753],[25.6007,58.3756],[25.6009,58.3757],[25.6016,58.3767],[25.6019,58.3773],[25.6019,58.3775],[25.6019,58.3776],[25.6021,58.378],[25.6021,58.3782],[25.6022,58.3784],[25.6022,58.3785],[25.6024,58.3788],[25.6027,58.3793],[25.6028,58.3794],[25.6028,58.3795],[25.603,58.3797],[25.6033,58.3801],[25.6037,58.3807],[25.605,58.3824],[25.6057,58.3834],[25.6058,58.3835],[25.6076,58.3849],[25.61,58.3859],[25.6123,58.3867],[25.616,58.3879],[25.6177,58.3884],[25.6226,58.39],[25.6337,58.394],[25.6349,58.3945],[25.6357,58.3948],[25.6362,58.3949],[25.6366,58.3951],[25.6369,58.3952],[25.6382,58.3955],[25.6423,58.3968],[25.6424,58.3968],[25.6439,58.3974],[25.6456,58.3982],[25.6466,58.3986],[25.647,58.3988],[25.6533,58.4016],[25.6582,58.404],[25.6632,58.4058],[25.6649,58.4065],[25.6678,58.4074],[25.6686,58.4077],[25.6688,58.4077],[25.6697,58.408],[25.6712,58.4085],[25.6834,58.413],[25.6837,58.4131],[25.6839,58.4132],[25.6853,58.4137],[25.6854,58.4138],[25.6904,58.4158],[25.6968,58.4186],[25.6973,58.4188],[25.6982,58.4192],[25.7005,58.4203],[25.702,58.4209],[25.7057,58.4232],[25.7061,58.4235],[25.7074,58.4243],[25.7077,58.4245],[25.7078,58.4245],[25.7101,58.426],[25.7136,58.4281],[25.7173,58.4302],[25.7217,58.433],[25.7251,58.4348],[25.7283,58.4366],[25.7317,58.4394],[25.7329,58.4406],[25.7338,58.4419],[25.7345,58.4429],[25.735,58.4436],[25.7367,58.4458],[25.7369,58.4461],[25.739,58.4484],[25.7424,58.4517],[25.7443,58.4541],[25.7448,58.4548],[25.745,58.455],[25.746,58.4561],[25.7495,58.4591],[25.7507,58.4615],[25.7512,58.4624],[25.7513,58.4625],[25.7515,58.4628],[25.7529,58.4642],[25.7555,58.4655],[25.7582,58.4663],[25.7636,58.4679],[25.7679,58.4698],[25.7721,58.471],[25.7815,58.4728],[25.7842,58.4736],[25.787,58.4749],[25.7895,58.4759],[25.79,58.4761],[25.7907,58.4764],[25.7913,58.4767],[25.7967,58.4787],[25.7998,58.4795],[25.8023,58.48],[25.8095,58.4814],[25.814,58.4828],[25.8171,58.484],[25.8206,58.4859],[25.8272,58.4902],[25.8285,58.4911],[25.8295,58.4917],[25.8301,58.4921],[25.8308,58.4926],[25.8313,58.4929],[25.833,58.494],[25.8341,58.4955],[25.8337,58.4979],[25.8337,58.4994],[25.8345,58.5003],[25.8376,58.5025],[25.8385,58.503],[25.8393,58.5036],[25.8424,58.5055],[25.8433,58.5062],[25.8451,58.5074],[25.8482,58.51],[25.8489,58.5103],[25.8502,58.5109],[25.8554,58.5129],[25.8556,58.5129],[25.8599,58.5147],[25.8603,58.5149],[25.8604,58.515],[25.8622,58.5158],[25.8646,58.5169],[25.8657,58.5178],[25.8688,58.5214],[25.8695,58.5222],[25.8712,58.5239],[25.8753,58.5275],[25.8766,58.5284],[25.8778,58.5292],[25.8781,58.5294],[25.8809,58.5307],[25.8852,58.5316],[25.8878,58.5319],[25.8905,58.5322],[25.8985,58.5331],[25.9043,58.5341],[25.9055,58.5344],[25.9125,58.5365],[25.9141,58.537],[25.9173,58.5378],[25.919,58.5379],[25.9196,58.5379],[25.9198,58.5378],[25.9204,58.5377],[25.9215,58.5374],[25.922,58.5373],[25.9232,58.537],[25.9239,58.5368],[25.9263,58.5361],[25.9276,58.5357],[25.929,58.5353],[25.9311,58.5348],[25.9325,58.5345],[25.9352,58.5344],[25.9355,58.5344],[25.9385,58.5344],[25.9386,58.5344],[25.9397,58.5344],[25.9407,58.5343],[25.9413,58.5342],[25.9422,58.534],[25.9426,58.5339],[25.943,58.5338],[25.9432,58.5338],[25.9434,58.5337],[25.9435,58.5337],[25.9436,58.5337],[25.9442,58.5336],[25.9445,58.5336],[25.9447,58.5336],[25.9449,58.5337],[25.9457,58.5339],[25.9467,58.5342],[25.9483,58.5347],[25.9495,58.5356],[25.9498,58.5358],[25.9507,58.5367],[25.9518,58.5378],[25.9521,58.5379],[25.9537,58.5387],[25.9559,58.5404],[25.9562,58.5412],[25.9561,58.5421],[25.9546,58.5439],[25.9528,58.5455],[25.9505,58.5477],[25.9486,58.5494],[25.9448,58.553],[25.9429,58.5555],[25.9423,58.5572],[25.9418,58.5605],[25.941,58.5656],[25.9389,58.5716],[25.938,58.5746],[25.9389,58.5764],[25.9405,58.5776],[25.9442,58.5801],[25.9458,58.5808],[25.949,58.5819],[25.9507,58.583],[25.9511,58.5835],[25.9516,58.5843],[25.9518,58.5865],[25.9522,58.5874],[25.9543,58.5904],[25.9544,58.5923],[25.9531,58.5941],[25.952,58.5949],[25.9469,58.5974],[25.9426,58.601],[25.9407,58.6034],[25.9399,58.6058],[25.9394,58.6065],[25.9375,58.6077],[25.9349,58.6088],[25.9282,58.6107],[25.9265,58.6117],[25.9242,58.614],[25.9226,58.6157],[25.9221,58.6171],[25.9219,58.6195],[25.9211,58.6209],[25.92,58.6226],[25.9194,58.6235],[25.9192,58.6241],[25.9194,58.6235]],[[25.9309,58.6466],[25.9293,58.6459],[25.9289,58.6453],[25.9288,58.6459],[25.9289,58.6453],[25.9288,58.6451],[25.9261,58.6407],[25.9248,58.6386],[25.9246,58.6384],[25.923,58.6357],[25.9225,58.6341],[25.9223,58.6324],[25.9221,58.6312],[25.922,58.6307],[25.9217,58.6301],[25.9212,58.6292],[25.9209,58.6285],[25.9212,58.6292]],[[25.9193,58.6254],[25.9194,58.6257],[25.9199,58.6268],[25.9209,58.6285]],[[25.9192,58.6241],[25.9192,58.6245],[25.9192,58.6247],[25.9192,58.625],[25.9192,58.6251],[25.9193,58.6254]]]},"properties":{"ref":"51"}},
{"type":"Feature","geometry":{"type":"LineString","coordinates":[[25.5776,58.3289],[25.5765,58.3289],[25.5761,58.3288],[25.5765,58.3288],[25.5768,58.3288],[25.5776,58.3289],[25.5783,58.3289],[25.5789,58.329],[25.5811,58.3291],[25.584,58.3292],[25.5864,58.3293],[25.5903,58.3294],[25.5928,58.3295],[25.5932,58.3295],[25.596,58.3295],[25.5996,58.3295],[25.6033,58.3296],[25.608,58.3304],[25.6104,58.3311],[25.6131,58.3322],[25.6141,58.3327],[25.6164,58.3341],[25.6187,58.3359],[25.6206,58.3371],[25.6234,58.3382],[25.627,58.3391],[25.6288,58.3395],[25.629,58.3395],[25.6298,58.3397],[25.629,58.3395],[25.6288,58.3395]]},"properties":{"ref":"53"}},
{"type":"Feature","geometry":{"type":"MultiLineString","coordinates":[[[25.5592,58.3558],[25.5589,58.356],[25.5585,58.3564],[25.5587,58.356],[25.5586,58.3558]],[[25.5586,58.3555],[25.5589,58.3553],[25.5593,58.3549],[25.559,58.3553],[25.5592,58.3555]],[[25.5889,58.4024],[25.5744,58.3955],[25.5714,58.394],[25.5693,58.393],[25.5665,58.3917],[25.5641,58.3902],[25.5634,58.3897],[25.5622,58.3886],[25.5609,58.3868],[25.5602,58.3843],[25.5603,58.3826],[25.5609,58.3809],[25.5622,58.3775],[25.5624,58.3772],[25.5624,58.3769],[25.5628,58.3761],[25.5635,58.3743],[25.5638,58.373],[25.5638,58.3729],[25.5639,58.3719],[25.5639,58.3714],[25.5639,58.3705],[25.5636,58.3691],[25.563,58.3676],[25.5626,58.3668],[25.5623,58.3662],[25.5622,58.3662],[25.5617,58.3654],[25.5616,58.3653],[25.5613,58.3649],[25.5612,58.3648],[25.5606,58.3641],[25.5603,58.3638],[25.56,58.3635],[25.5581,58.3608],[25.5577,58.3588],[25.5585,58.3564]],[[25.5471,58.1052],[25.5471,58.1053],[25.5473,58.1055],[25.5473,58.1057],[25.5474,58.1058],[25.5473,58.1061],[25.5464,58.107],[25.5462,58.1072],[25.5456,58.1081],[25.5469,58.1085],[25.5485,58.1082],[25.5487,58.1082],[25.549,58.1081],[25.5507,58.1078],[25.5509,58.1077],[25.5514,58.1076],[25.5515,58.1076],[25.5536,58.1073],[25.5555,58.1073],[25.5582,58.1075],[25.5601,58.1071],[25.5608,58.1071],[25.5615,58.1073],[25.5625,58.1077],[25.5626,58.1077],[25.5636,58.1082],[25.5643,58.1086],[25.5647,58.1088],[25.5656,58.1092],[25.5667,58.1098],[25.5685,58.1106],[25.57,58.1115],[25.5712,58.1124],[25.5729,58.1138],[25.5743,58.1149],[25.5754,58.1158],[25.5757,58.116],[25.5769,58.1167],[25.5776,58.1172],[25.5778,58.1173],[25.5795,58.1181],[25.5804,58.1185],[25.5807,58.1187],[25.581,58.1188],[25.5814,58.1191],[25.5819,58.1194],[25.5825,58.1201],[25.5825,58.1202],[25.5826,58.121],[25.5826,58.1215],[25.5825,58.1245],[25.5825,58.1252],[25.5825,58.1258],[25.5824,58.1278],[25.5824,58.1282],[25.5824,58.1306],[25.5828,58.1325],[25.584,58.1352],[25.5858,58.139],[25.5859,58.1391],[25.5872,58.142],[25.5878,58.143],[25.5888,58.1438],[25.5914,58.1459],[25.5927,58.1471],[25.5929,58.1472],[25.5936,58.148],[25.5964,58.1509],[25.5968,58.153],[25.5958,58.1547],[25.594,58.157],[25.5938,58.1572],[25.5937,58.1574],[25.5936,58.1576],[25.5932,58.1581],[25.5917,58.1594],[25.5885,58.1612],[25.5866,58.1628],[25.5846,58.1647],[25.5825,58.1664],[25.5807,58.1679],[25.58,58.1697],[25.5808,58.1717],[25.5831,58.1744],[25.585,58.1758],[25.5862,58.1766],[25.5889,58.1784],[25.5907,58.1798],[25.5937,58.1829],[25.5965,58.1849],[25.6,58.1872],[25.6001,58.1873],[25.6076,58.1921],[25.6138,58.1962],[25.614,58.1965],[25.6144,58.1968],[25.615,58.1974],[25.6151,58.1975],[25.6155,58.198],[25.6177,58.2006],[25.6179,58.2009],[25.6203,58.204],[25.6205,58.2049],[25.6208,58.2068],[25.6212,58.209],[25.6214,58.2104],[25.62,58.2145],[25.6197,58.2154],[25.6192,58.2171],[25.618,58.2192],[25.6153,58.2224],[25.6152,58.2225],[25.6144,58.2233],[25.6123,58.2247],[25.6106,58.2257],[25.6058,58.2282],[25.6032,58.2299],[25.6019,58.231],[25.6002,58.233],[25.6001,58.2333],[25.5981,58.2357],[25.5973,58.2367],[25.5967,58.2375],[25.5964,58.238],[25.5954,58.2401],[25.595,58.2408],[25.5949,58.241],[25.5947,58.2415],[25.5946,58.2416],[25.5941,58.2427],[25.5936,58.2441],[25.5936,58.2443],[25.5935,58.2446],[25.5934,58.2453],[25.5933,58.2454],[25.5932,58.2457],[25.5931,58.2459],[25.593,58.2462],[25.5928,58.2466],[25.5927,58.2467],[25.5927,58.2468],[25.5925,58.2473],[25.5924,58.2475],[25.5923,58.2477],[25.5921,58.2482],[25.5918,58.2488],[25.5916,58.2494],[25.5914,58.2499],[25.5901,58.2533],[25.5883,58.2581],[25.5876,58.2599],[25.5871,58.2614],[25.587,58.2616],[25.5868,58.2622],[25.5867,58.2624],[25.5858,58.265],[25.5854,58.2659],[25.5849,58.2674],[25.5844,58.2686],[25.5843,58.269],[25.5835,58.271],[25.5835,58.2711],[25.5834,58.2715],[25.5833,58.2719],[25.5831,58.2727],[25.583,58.2733],[25.583,58.2735],[25.583,58.274],[25.583,58.2741],[25.583,58.2743],[25.5829,58.2748],[25.5828,58.2755],[25.5828,58.276],[25.5827,58.277],[25.5826,58.2789],[25.5827,58.2792],[25.5831,58.28],[25.584,58.2818],[25.5842,58.2833],[25.5844,58.2843],[25.5844,58.2845],[25.5843,58.285],[25.5841,58.2854],[25.5841,58.2855],[25.5839,58.2857],[25.5838,58.2859],[25.5832,58.2868],[25.5831,58.2869],[25.5829,58.2871],[25.5808,58.2906],[25.5782,58.2942],[25.578,58.2944],[25.5761,58.2971],[25.575,58.299],[25.575,58.2991],[25.5745,58.3008],[25.5736,58.3059],[25.5735,58.3067],[25.5734,58.3068],[25.5733,58.3076],[25.5733,58.3077],[25.5732,58.308],[25.5731,58.3086],[25.573,58.309],[25.5728,58.3105],[25.5727,58.3111],[25.5729,58.3143],[25.5733,58.3163],[25.5735,58.3175],[25.5744,58.3217],[25.5745,58.322],[25.5746,58.3221],[25.5748,58.3229],[25.5754,58.3241],[25.5758,58.3249],[25.5759,58.3252],[25.5762,58.3271],[25.5761,58.3288],[25.5759,58.33],[25.575,58.3317],[25.5749,58.3319],[25.5724,58.3349],[25.5719,58.3356],[25.5708,58.3369],[25.5699,58.3381],[25.5693,58.3388],[25.5689,58.3394],[25.5688,58.3396],[25.5682,58.3404],[25.568,58.3406],[25.5675,58.3414],[25.5657,58.3443],[25.5653,58.345],[25.565,58.3456],[25.5646,58.3463],[25.5628,58.3492],[25.5624,58.3498],[25.5622,58.3502],[25.5616,58.3511],[25.5613,58.3516],[25.5593,58.3549]],[[25.7695,58.7456],[25.7692,58.7442],[25.769,58.7432],[25.7685,58.7404],[25.7682,58.739],[25.7679,58.7379],[25.7678,58.7373],[25.7677,58.7368],[25.7677,58.7367],[25.7675,58.7359],[25.7673,58.735],[25.7673,58.7349],[25.7673,58.7347],[25.7672,58.7345],[25.7671,58.734],[25.7671,58.7338],[25.7671,58.7337],[25.7668,58.7328],[25.7668,58.7325],[25.7667,58.7322],[25.7667,58.732],[25.7666,58.7318],[25.7664,58.7311],[25.7659,58.7295],[25.7647,58.7268],[25.7632,58.7241],[25.7604,58.7212],[25.7539,58.7159],[25.7531,58.7151],[25.7528,58.7146],[25.752,58.7133],[25.7516,58.7127],[25.7513,58.7125],[25.7504,58.7118],[25.7501,58.7115],[25.7416,58.7055],[25.739,58.7036],[25.7361,58.7019],[25.7335,58.7007],[25.7332,58.7006],[25.7323,58.7002],[25.732,58.7001],[25.7314,58.6999],[25.7224,58.6967],[25.7153,58.6941],[25.7143,58.6937],[25.7065,58.6909],[25.6998,58.6885],[25.6927,58.6859],[25.6893,58.6847],[25.6859,58.6835],[25.6839,58.6828],[25.6836,58.6826],[25.6835,58.6826],[25.6739,58.6789],[25.6624,58.6743],[25.6599,58.6734],[25.6539,58.6717],[25.6421,58.6688],[25.6419,58.6687],[25.6367,58.6675],[25.6329,58.6665],[25.6286,58.6652],[25.6238,58.6635],[25.6132,58.6598],[25.6111,58.6591],[25.6106,58.6589],[25.6104,58.6588],[25.6097,58.6586],[25.608,58.658],[25.6074,58.6578],[25.6037,58.6565],[25.5994,58.6551],[25.5939,58.6535],[25.5934,58.6533],[25.592,58.6528],[25.5896,58.6514],[25.5872,58.6498],[25.5842,58.6478],[25.5829,58.6469],[25.5801,58.6444],[25.5798,58.6441],[25.5784,58.6425],[25.5776,58.6414],[25.5774,58.6412],[25.5771,58.6409],[25.5766,58.6401],[25.5764,58.6398],[25.575,58.6374],[25.5746,58.6367],[25.5726,58.6332],[25.5723,58.6324],[25.5722,58.6323],[25.5718,58.6315],[25.5717,58.6311],[25.5715,58.6306],[25.5712,58.63],[25.571,58.6294],[25.5709,58.6292],[25.5708,58.6289],[25.5707,58.6288],[25.5706,58.6286],[25.5705,58.6283],[25.5703,58.6278],[25.5701,58.6274],[25.5697,58.6262],[25.5693,58.625],[25.5691,58.6238],[25.5691,58.6236],[25.569,58.6211],[25.5693,58.6196],[25.5713,58.6126],[25.5718,58.61],[25.5723,58.6066],[25.5726,58.6012],[25.5726,58.6011],[25.5723,58.5958],[25.5713,58.59],[25.5713,58.5899],[25.571,58.5881],[25.5702,58.584],[25.5702,58.5839],[25.5701,58.5835],[25.5701,58.5833],[25.5697,58.5814],[25.5694,58.5795],[25.5693,58.5775],[25.5699,58.5743],[25.5707,58.5723],[25.5716,58.5708],[25.5732,58.5687],[25.5745,58.5674],[25.5755,58.5665],[25.5758,58.5662],[25.5762,58.5659],[25.5773,58.565],[25.5815,58.562],[25.5822,58.5615],[25.5823,58.5615],[25.5895,58.5563],[25.5921,58.5538],[25.5929,58.5527],[25.5952,58.5489],[25.596,58.5468],[25.5965,58.545],[25.5965,58.5425],[25.5962,58.541],[25.5955,58.5393],[25.5942,58.5373],[25.5891,58.5315],[25.5888,58.531],[25.5886,58.5306],[25.5884,58.5303],[25.5876,58.5286],[25.5874,58.5281],[25.5872,58.5277],[25.587,58.5266],[25.5867,58.5243],[25.5862,58.5204],[25.5857,58.517],[25.5857,58.5161],[25.5857,58.5157],[25.5858,58.5153],[25.5858,58.5143],[25.586,58.5131],[25.5867,58.5091],[25.5872,58.5073],[25.5878,58.5063],[25.588,58.5059],[25.5882,58.5055],[25.5885,58.5049],[25.5909,58.5014],[25.5925,58.4993],[25.5947,58.4965],[25.5971,58.4945],[25.5977,58.4939],[25.5992,58.4922],[25.6008,58.4898],[25.6014,58.4879],[25.6016,58.4872],[25.6017,58.487],[25.6017,58.4868],[25.6018,58.4865],[25.6018,58.4861],[25.6022,58.4834],[25.6022,58.482],[25.6016,58.4795],[25.6008,58.4778],[25.5996,58.4761],[25.5992,58.4756],[25.599,58.4752],[25.5983,58.4743],[25.5981,58.4741],[25.5976,58.4735],[25.5975,58.4733],[25.5958,58.4712],[25.5946,58.4691],[25.594,58.4678],[25.593,58.4644],[25.5928,58.4626],[25.5929,58.4605],[25.5929,58.4604],[25.593,58.4602],[25.5931,58.4596],[25.5931,58.4593],[25.5933,58.4587],[25.5941,58.4552],[25.5951,58.4513],[25.5956,58.4481],[25.5957,58.4471],[25.5956,58.4446],[25.5955,58.4431],[25.5954,58.442],[25.5954,58.4418],[25.5954,58.4411],[25.5952,58.4395],[25.5948,58.4366],[25.5946,58.4339],[25.5952,58.4313],[25.5967,58.428],[25.5978,58.4255],[25.598,58.4249],[25.5982,58.4241],[25.5981,58.4216],[25.5978,58.4207],[25.5976,58.4199],[25.5971,58.4184],[25.5953,58.4129],[25.5938,58.4085],[25.5937,58.4083],[25.5935,58.4076],[25.5932,58.4067],[25.5929,58.4057]],[[25.5643,58.1086],[25.5635,58.1083],[25.5625,58.1078],[25.5615,58.1073]],[[25.593,58.2462],[25.5932,58.2454],[25.5933,58.2452],[25.5934,58.2447],[25.5935,58.2446]]]},"properties":{"ref":"49"}},
{"type":"Feature","geometry":{"type":"MultiLineString","coordinates":[[[25.1592,59.1871],[25.1594,59.1871],[25.1598,59.1871],[25.1594,59.1871],[25.1592,59.1872]],[[25.1189,59.1817],[25.1192,59.1818],[25.1197,59.1819],[25.1209,59.1821],[25.1229,59.1828],[25.1233,59.1829],[25.1239,59.1831],[25.1243,59.1832],[25.126,59.1836],[25.1286,59.1839],[25.1288,59.184],[25.1295,59.184],[25.1297,59.184],[25.13,59.1841],[25.1316,59.1842],[25.1312,59.1841],[25.1303,59.184],[25.13,59.184],[25.1297,59.184],[25.1295,59.1839],[25.1286,59.1839]],[[25.111,59.1828],[25.1114,59.1827],[25.1127,59.1823],[25.1147,59.1819],[25.1161,59.1818],[25.1165,59.1818],[25.118,59.1819],[25.1184,59.182]],[[25.1588,59.1871],[25.1582,59.1872],[25.1589,59.1872]],[[25.1189,59.1819],[25.1192,59.1819],[25.1197,59.1819]],[[25.1184,59.1817],[25.118,59.1818],[25.1165,59.1818]],[[25.2756,59.402],[25.2775,59.4005],[25.2788,59.3991],[25.2789,59.3988],[25.2802,59.397],[25.2839,59.3946],[25.2859,59.3931],[25.2874,59.3908],[25.288,59.3898],[25.2887,59.3887],[25.2902,59.3872],[25.294,59.3841],[25.2942,59.384],[25.2944,59.3839],[25.2967,59.3826],[25.2968,59.3825],[25.2969,59.3824],[25.2972,59.3823],[25.2987,59.3815],[25.2989,59.3813],[25.2994,59.381],[25.3001,59.3805],[25.3006,59.38],[25.3009,59.3798],[25.3017,59.3793],[25.3022,59.3789],[25.3028,59.3787],[25.3029,59.3786],[25.3035,59.3783],[25.3044,59.378],[25.3046,59.3779],[25.3047,59.3778],[25.3057,59.3774],[25.3058,59.3773],[25.306,59.3773],[25.3064,59.3771],[25.3071,59.3768],[25.308,59.3764],[25.3088,59.3761],[25.3089,59.376],[25.3103,59.3754],[25.3133,59.374],[25.3147,59.373],[25.3151,59.3728],[25.3158,59.3722],[25.3161,59.372],[25.3169,59.3714],[25.3178,59.3708],[25.318,59.3706],[25.3196,59.3693],[25.3198,59.3691],[25.3204,59.3675],[25.3209,59.3656],[25.3209,59.3655],[25.3211,59.3651],[25.3212,59.3644],[25.3216,59.3627],[25.3225,59.3592],[25.3231,59.3565],[25.3231,59.3562],[25.3231,59.356],[25.3231,59.3558],[25.3231,59.3556],[25.3227,59.3542],[25.3217,59.3526],[25.3187,59.3498],[25.315,59.3465],[25.3141,59.3458],[25.3137,59.3454],[25.3134,59.3451],[25.3119,59.3438],[25.3117,59.3436],[25.3112,59.3432],[25.3106,59.3427],[25.3104,59.3425],[25.31,59.342],[25.3094,59.3409],[25.3094,59.3407],[25.3095,59.3404],[25.3126,59.3339],[25.3137,59.3326],[25.3143,59.3322],[25.3148,59.3318],[25.3166,59.3309],[25.318,59.3303],[25.3205,59.3294],[25.3206,59.3294],[25.3208,59.3293],[25.3211,59.3292],[25.328,59.3264],[25.3285,59.3262],[25.3309,59.3252],[25.3335,59.3241],[25.3348,59.3235],[25.3393,59.3217],[25.3409,59.321],[25.3423,59.3201],[25.3425,59.3199],[25.3436,59.3182],[25.3436,59.3158],[25.3436,59.3156],[25.3436,59.3149],[25.3436,59.3142],[25.3436,59.3133],[25.3436,59.313],[25.3441,59.3123],[25.3443,59.3121],[25.3445,59.312],[25.3455,59.3114],[25.3462,59.3111],[25.3475,59.3105],[25.3531,59.3079],[25.3554,59.3067],[25.3556,59.3066],[25.3574,59.305],[25.3578,59.3045],[25.36,59.3012],[25.3612,59.3],[25.3632,59.2989],[25.3715,59.2955],[25.3739,59.2943],[25.3751,59.2932],[25.3755,59.2926],[25.3756,59.2905],[25.3755,59.29],[25.3743,59.2838],[25.3741,59.2827],[25.374,59.2823],[25.3738,59.282],[25.3726,59.2807],[25.3715,59.2801],[25.3693,59.279],[25.3688,59.2788],[25.3676,59.2781],[25.3645,59.2765],[25.3597,59.2741],[25.3591,59.2737],[25.3572,59.2721],[25.3563,59.2705],[25.3545,59.2674],[25.3526,59.2638],[25.3505,59.262],[25.3483,59.2612],[25.3408,59.2593],[25.3344,59.2569],[25.3291,59.2555],[25.3264,59.2549],[25.3253,59.2547],[25.3249,59.2546],[25.3247,59.2546],[25.3244,59.2545],[25.3241,59.2544],[25.3231,59.2542],[25.3229,59.2541],[25.3216,59.2537],[25.3151,59.251],[25.3118,59.2496],[25.3041,59.2463],[25.3016,59.2451],[25.298,59.243],[25.2937,59.24],[25.2934,59.2398],[25.293,59.2395],[25.2854,59.2342],[25.2849,59.2339],[25.2846,59.2337],[25.2844,59.2335],[25.2842,59.2333],[25.2747,59.2268],[25.2736,59.2263],[25.2714,59.2251],[25.2669,59.2236],[25.2633,59.2228],[25.2596,59.2223],[25.2556,59.222],[25.2552,59.222],[25.2532,59.2218],[25.2518,59.2217],[25.2516,59.2217],[25.25,59.2216],[25.2467,59.2213],[25.244,59.2209],[25.2394,59.2198],[25.2373,59.2193],[25.2305,59.2173],[25.226,59.2162],[25.2243,59.2158],[25.2218,59.2154],[25.2157,59.2143],[25.2128,59.2137],[25.2073,59.2127],[25.2062,59.2125],[25.2056,59.2124],[25.2047,59.2123],[25.1979,59.211],[25.1974,59.2109],[25.1919,59.2098],[25.1897,59.209],[25.1865,59.2073],[25.1855,59.2065],[25.1848,59.2058],[25.1839,59.2046],[25.1832,59.2029],[25.1831,59.2016],[25.1837,59.1995],[25.1842,59.1982],[25.1848,59.1962],[25.185,59.1957],[25.1852,59.1951],[25.1854,59.1946],[25.1855,59.194],[25.1852,59.1929],[25.1833,59.1912],[25.1829,59.191],[25.1825,59.1908],[25.1819,59.1906],[25.1804,59.1901],[25.1819,59.1906]],[[25.1644,59.1867],[25.1641,59.1867],[25.1639,59.1867],[25.1635,59.1867],[25.1629,59.1868],[25.1613,59.1869],[25.1612,59.187],[25.1604,59.187],[25.1598,59.1871]],[[25.1673,59.1864],[25.1668,59.1865],[25.1664,59.1865],[25.1663,59.1865],[25.1656,59.1866],[25.1649,59.1866],[25.1644,59.1867]],[[25.1804,59.1901],[25.1801,59.19],[25.1784,59.1895],[25.178,59.1893],[25.1758,59.1886],[25.1741,59.1881],[25.174,59.1881],[25.173,59.1877],[25.1713,59.1872],[25.1712,59.1872],[25.17,59.1868],[25.1696,59.1866],[25.1673,59.1864]],[[25.1561,59.1871],[25.1514,59.1866],[25.1482,59.1859],[25.145,59.1853],[25.1447,59.1852],[25.1439,59.1851],[25.1382,59.1846],[25.1381,59.1846],[25.1328,59.1842],[25.1316,59.1842]],[[25.1582,59.1872],[25.1561,59.1871]]]},"properties":{"ref":"12"}},
{"type":"Feature","geometry":{"type":"MultiLineString","coordinates":[[[24.455,58.3962],[24.4542,58.3962],[24.4522,58.3967],[24.4502,58.3973],[24.4499,58.3973],[24.4495,58.3975],[24.448,58.3979],[24.4427,58.3992],[24.4376,58.4],[24.4332,58.4005],[24.4331,58.4005],[24.4325,58.4006],[24.4321,58.4007],[24.4315,58.4008],[24.4303,58.4011],[24.429,58.4013],[24.4236,58.402],[24.4197,58.4026],[24.4194,58.4026],[24.4193,58.4026],[24.4161,58.4031],[24.4138,58.4034],[24.407,58.404],[24.4067,58.404],[24.4065,58.404],[24.405,58.4041],[24.4046,58.4042],[24.4033,58.4043],[24.3997,58.4049],[24.4007,58.4046],[24.4029,58.4042],[24.4035,58.4041],[24.4036,58.4041],[24.404,58.4041],[24.4043,58.404],[24.406,58.4039],[24.4064,58.4038],[24.4129,58.4033],[24.4161,58.4029],[24.4192,58.4025],[24.4196,58.4024],[24.424,58.4017],[24.4273,58.4012],[24.43,58.4007],[24.4313,58.4005],[24.4323,58.4003],[24.4336,58.4],[24.437,58.3993],[24.4371,58.3993],[24.44,58.3987],[24.4429,58.398],[24.4456,58.3975],[24.4467,58.3973],[24.4471,58.3972],[24.4476,58.3971],[24.4479,58.397],[24.4483,58.3969],[24.4488,58.3968],[24.4507,58.3964],[24.4513,58.3962],[24.452,58.3961],[24.4541,58.3958],[24.4548,58.3958]],[[24.4555,58.3959],[24.4562,58.3961],[24.4569,58.3963],[24.459,58.3966],[24.4554,58.3961]],[[24.4636,58.3974],[24.4665,58.398],[24.4678,58.3984],[24.4684,58.3986],[24.469,58.399],[24.4696,58.3992],[24.4725,58.4014],[24.473,58.4021],[24.4732,58.4022],[24.4733,58.4022],[24.4734,58.4022],[24.4735,58.4021],[24.4737,58.4023],[24.4741,58.4028],[24.4773,58.4054],[24.4781,58.4062],[24.4782,58.4063],[24.4783,58.4063],[24.4785,58.4064],[24.4791,58.4067],[24.4787,58.4063],[24.4786,58.4061],[24.4783,58.406],[24.4773,58.4054]],[[24.4954,58.4089],[24.4938,58.4091],[24.4936,58.4091],[24.4934,58.4091],[24.4932,58.4091],[24.4917,58.4091],[24.4903,58.4091],[24.4912,58.409],[24.4924,58.409],[24.4927,58.409],[24.4932,58.409],[24.4933,58.409],[24.4934,58.4091]],[[23.8082,58.685],[23.8086,58.6848],[23.8093,58.6843],[23.8126,58.6822],[23.814,58.6803],[23.8146,58.6793],[23.815,58.6788],[23.816,58.6777],[23.8169,58.6769],[23.8201,58.6749],[23.8228,58.6734],[23.8253,58.672],[23.8307,58.6688],[23.8322,58.6678],[23.8336,58.6664],[23.8345,58.6648],[23.8358,58.6617],[23.8373,58.6553],[23.8373,58.6552],[23.8373,58.655],[23.8374,58.6546],[23.8381,58.6528],[23.839,58.6515],[23.8408,58.65],[23.8501,58.6442],[23.8514,58.6435],[23.857,58.64],[23.8599,58.6382],[23.863,58.6363],[23.8659,58.6346],[23.869,58.633],[23.8741,58.6304],[23.8777,58.6289],[23.8817,58.6276],[23.8886,58.6258],[23.8949,58.6241],[23.8998,58.6225],[23.9038,58.6209],[23.9204,58.6134],[23.9246,58.6119],[23.9268,58.6113],[23.9306,58.6106],[23.9332,58.6104],[23.9523,58.6085],[23.9541,58.6084],[23.9561,58.6081],[23.957,58.608],[23.9591,58.6074],[23.9603,58.6069],[23.9608,58.6065],[23.963,58.6047],[23.9641,58.6035],[23.9648,58.6022],[23.9656,58.5994],[23.9668,58.5978],[23.9691,58.5959],[23.9708,58.5943],[23.972,58.5917],[23.9727,58.5885],[23.9733,58.5869],[23.9744,58.5848],[23.9762,58.5823],[23.9789,58.5794],[23.9791,58.5791],[23.984,58.5738],[23.985,58.5724],[23.9856,58.5714],[23.9858,58.571],[23.9861,58.5703],[23.9866,58.5687],[23.9867,58.5681],[23.9868,58.5673],[23.9871,58.565],[23.9871,58.5649],[23.9874,58.5621],[23.9874,58.5607],[23.9867,58.5588],[23.9863,58.5574],[23.9874,58.5519],[23.9887,58.5502],[23.9912,58.5488],[23.9988,58.5453],[24.0004,58.5446],[24.001,58.5444],[24.0103,58.5402],[24.0135,58.5389],[24.0167,58.5379],[24.0229,58.5362],[24.0249,58.5358],[24.0258,58.5357],[24.0348,58.5341],[24.0349,58.5341],[24.0429,58.5327],[24.0485,58.5317],[24.0526,58.531],[24.0553,58.5304],[24.0591,58.5293],[24.0626,58.528],[24.0669,58.526],[24.0726,58.5232],[24.0772,58.5208],[24.0867,58.5159],[24.0938,58.5122],[24.0967,58.5111],[24.1005,58.5099],[24.1084,58.5078],[24.1131,58.5065],[24.1163,58.5049],[24.117,58.5045],[24.1189,58.503],[24.1201,58.5017],[24.1202,58.5016],[24.1219,58.4994],[24.1227,58.4984],[24.1251,58.4964],[24.129,58.4946],[24.1313,58.4939],[24.1372,58.4921],[24.142,58.4901],[24.1484,58.487],[24.1488,58.4869],[24.1529,58.4849],[24.1562,58.4835],[24.1589,58.4825],[24.16,58.4822],[24.1628,58.4814],[24.1669,58.4805],[24.1701,58.4798],[24.1724,58.4793],[24.1752,58.4786],[24.1765,58.4782],[24.1792,58.4773],[24.1802,58.4769],[24.1808,58.4767],[24.1815,58.4765],[24.1823,58.4762],[24.1851,58.4752],[24.1869,58.4746],[24.1881,58.4742],[24.1886,58.4741],[24.1892,58.4738],[24.1938,58.4722],[24.1943,58.472],[24.195,58.4718],[24.1959,58.4714],[24.1964,58.4712],[24.1991,58.47],[24.2018,58.4688],[24.2102,58.465],[24.2185,58.4612],[24.222,58.4595],[24.2235,58.4586],[24.2236,58.4586],[24.2246,58.4579],[24.227,58.4556],[24.2274,58.4551],[24.2283,58.4539],[24.2285,58.4536],[24.2294,58.4525],[24.2302,58.4514],[24.2306,58.451],[24.2327,58.4481],[24.2339,58.4469],[24.2348,58.4461],[24.2368,58.4446],[24.2401,58.4428],[24.243,58.4418],[24.2438,58.4415],[24.2449,58.4412],[24.2467,58.4407],[24.2546,58.4382],[24.2574,58.4374],[24.2585,58.437],[24.2612,58.4362],[24.2628,58.4357],[24.2661,58.4347],[24.2699,58.4335],[24.2735,58.4324],[24.2745,58.4321],[24.277,58.4313],[24.2786,58.4308],[24.2807,58.4302],[24.2812,58.43],[24.2817,58.4299],[24.284,58.4291],[24.2852,58.4287],[24.2862,58.4283],[24.2889,58.4272],[24.2902,58.4267],[24.2946,58.425],[24.2948,58.4249],[24.3001,58.4237],[24.3041,58.4232],[24.3082,58.423],[24.3107,58.4231],[24.3128,58.4232],[24.3141,58.4233],[24.3142,58.4233],[24.3149,58.4233],[24.3152,58.4233],[24.3155,58.4233],[24.318,58.4234],[24.319,58.4234],[24.3212,58.4235],[24.322,58.4235],[24.3234,58.4235],[24.3262,58.4236],[24.3318,58.4237],[24.3334,58.4237],[24.3404,58.4238],[24.3435,58.4236],[24.3474,58.423],[24.3505,58.4223],[24.354,58.4211],[24.3558,58.4203],[24.3615,58.4175],[24.3641,58.4162],[24.3675,58.4148],[24.3701,58.414],[24.3707,58.4138],[24.3743,58.4129],[24.3774,58.4123],[24.3783,58.4122],[24.3831,58.4114],[24.3838,58.4113],[24.3847,58.411],[24.3848,58.411],[24.3856,58.4108],[24.386,58.4107],[24.3876,58.4101],[24.3927,58.4078],[24.396,58.4063],[24.3985,58.4053],[24.3996,58.4049],[24.3997,58.4049]],[[24.4966,58.4083],[24.4963,58.4085],[24.4962,58.4086],[24.496,58.4087],[24.4957,58.4088]],[[24.4623,58.3972],[24.4617,58.3971],[24.46,58.3968],[24.4598,58.3968],[24.459,58.3966]],[[24.496,58.4085],[24.4956,58.4087],[24.494,58.409],[24.4938,58.409],[24.4936,58.409],[24.4933,58.409]],[[24.4741,58.4028],[24.4735,58.4023],[24.4733,58.4022]],[[24.4725,58.4014],[24.4732,58.4019],[24.473,58.4021]],[[24.4903,58.4091],[24.4858,58.4089],[24.4827,58.4082],[24.4797,58.407],[24.4791,58.4067]],[[24.4781,58.4062],[24.4783,58.406]],[[24.4786,58.4061],[24.4783,58.4063]],[[24.4732,58.4019],[24.4733,58.4019],[24.4735,58.402],[24.4735,58.4021]]]},"properties":{"ref":"60"}},
{"type":"Feature","geometry":{"type":"MultiLineString","coordinates":[[[25.9301,58.6723],[25.9312,58.6716],[25.9315,58.6714],[25.9342,58.6687],[25.9378,58.6654],[25.9394,58.6642],[25.9446,58.6619],[25.9477,58.6607],[25.9488,58.6604],[25.9518,58.6593],[25.9545,58.6583],[25.956,58.6578],[25.9568,58.6574],[25.9571,58.6573],[25.9573,58.6573],[25.9578,58.6571],[25.9582,58.6569],[25.9587,58.6568],[25.9594,58.6565],[25.9595,58.6565],[25.9603,58.6562],[25.9606,58.6561],[25.961,58.656],[25.9618,58.6557],[25.962,58.6556],[25.9631,58.6552],[25.9635,58.6551],[25.9638,58.655],[25.9642,58.6548],[25.9648,58.6546],[25.9649,58.6546],[25.9651,58.6545],[25.9665,58.654],[25.9673,58.6535],[25.967,58.6535],[25.9665,58.6535],[25.9652,58.6533],[25.9643,58.6533],[25.9639,58.6532],[25.9631,58.6531],[25.9628,58.6531],[25.9612,58.6529],[25.9598,58.6528],[25.9584,58.6527],[25.9567,58.6525],[25.9555,58.6523],[25.9544,58.6522],[25.9536,58.6521],[25.9532,58.6521],[25.9519,58.652],[25.9513,58.6519],[25.9503,58.6518],[25.949,58.6516],[25.9472,58.6512],[25.9417,58.65],[25.9375,58.6488],[25.9374,58.6488],[25.9353,58.6481],[25.9327,58.6472],[25.9309,58.6466],[25.9297,58.6462],[25.929,58.646],[25.9288,58.6459],[25.9277,58.6456],[25.9255,58.6449],[25.9249,58.6447],[25.9208,58.6435],[25.9172,58.643],[25.9143,58.6425],[25.9105,58.6423],[25.9056,58.6424],[25.9023,58.6424],[25.9003,58.6423],[25.8975,58.6418],[25.8952,58.6412],[25.894,58.6409],[25.8936,58.6409],[25.893,58.6408],[25.8927,58.6408],[25.8922,58.6407],[25.8916,58.6407],[25.8914,58.6407],[25.8921,58.6408],[25.8922,58.6408],[25.893,58.6408]],[[25.9315,58.6719],[25.9315,58.6718],[25.9315,58.6716],[25.9315,58.6714]],[[25.6833,58.6377],[25.684,58.6375],[25.6853,58.6373],[25.6881,58.6371],[25.6893,58.6372],[25.6909,58.6371],[25.6912,58.637],[25.6921,58.6368],[25.6926,58.6367],[25.6929,58.6366],[25.6936,58.6365],[25.6957,58.6359],[25.6936,58.6365],[25.6921,58.6369],[25.6912,58.6371],[25.691,58.6371],[25.6908,58.6372],[25.6895,58.6372],[25.6893,58.6372]],[[25.7348,58.6326],[25.7377,58.6332],[25.7385,58.6334],[25.7388,58.6334],[25.7444,58.6352],[25.753,58.6369],[25.7549,58.6373],[25.7563,58.6375],[25.7602,58.6383],[25.7623,58.6385],[25.7654,58.6383],[25.7708,58.6376],[25.7734,58.6368],[25.7743,58.6362],[25.7749,58.6356],[25.7761,58.6341],[25.7783,58.6321],[25.7791,58.6316],[25.7812,58.6308],[25.7835,58.6304],[25.7873,58.6303],[25.7886,58.6305],[25.7922,58.6311],[25.7941,58.6316],[25.7993,58.6331],[25.8019,58.6336],[25.8059,58.6339],[25.8061,58.6339],[25.8129,58.6344],[25.8135,58.6345],[25.8155,58.6346],[25.8172,58.6347],[25.8215,58.6351],[25.8277,58.6358],[25.8335,58.6365],[25.837,58.6365],[25.8386,58.6365],[25.8451,58.6366],[25.8532,58.6367],[25.8559,58.6371],[25.8579,58.6376],[25.8596,58.6381],[25.8607,58.6384],[25.8649,58.6392],[25.8738,58.6403],[25.8751,58.6403],[25.8773,58.6401],[25.8801,58.6401],[25.8828,58.6401],[25.8839,58.6402],[25.8862,58.6403],[25.8875,58.6404],[25.8901,58.6406],[25.8911,58.6407],[25.8913,58.6407],[25.8914,58.6407]],[[25.5724,58.6314],[25.5722,58.6315],[25.5718,58.6315],[25.5722,58.6314],[25.5724,58.6314],[25.5732,58.6313],[25.5734,58.6313],[25.5767,58.631],[25.5804,58.6316],[25.5823,58.6319],[25.5844,58.6322],[25.5864,58.6325],[25.5876,58.6326],[25.5888,58.6328],[25.5927,58.633],[25.6004,58.6328],[25.6026,58.6327],[25.6051,58.6326],[25.6084,58.6325],[25.61,58.6323],[25.6104,58.6322],[25.612,58.6319],[25.6127,58.6318],[25.6129,58.6317],[25.6189,58.6304],[25.6224,58.6297],[25.6262,58.6292],[25.6303,58.6295],[25.632,58.6298],[25.6357,58.6302],[25.6392,58.6308],[25.6436,58.6323],[25.6438,58.6324],[25.645,58.6329],[25.6453,58.633],[25.6459,58.6333],[25.6507,58.6353],[25.6553,58.6366],[25.6618,58.6377],[25.6693,58.6391],[25.672,58.6395],[25.6731,58.6394],[25.675,58.6391],[25.6772,58.6387],[25.6798,58.6383],[25.6804,58.6382],[25.6824,58.6378],[25.6827,58.6377],[25.683,58.6377],[25.6833,58.6377]],[[25.719,58.6322],[25.7229,58.6321],[25.723,58.6321],[25.7234,58.6321],[25.7238,58.6321],[25.7244,58.6321],[25.7245,58.6321],[25.7251,58.6321],[25.7256,58.6321],[25.7265,58.6321],[25.7266,58.6321],[25.7269,58.6321],[25.728,58.6321],[25.7283,58.6321],[25.7294,58.6321],[25.7314,58.6321],[25.7322,58.6321],[25.7332,58.6322],[25.7348,58.6326]],[[25.6993,58.635],[25.7014,58.6344],[25.7021,58.6343],[25.7031,58.634],[25.7041,58.6339],[25.705,58.6337],[25.7071,58.6334],[25.7109,58.6328],[25.7139,58.6323],[25.7141,58.6323],[25.719,58.6322]],[[25.6957,58.6359],[25.6974,58.6355],[25.6993,58.635]]]},"properties":{"ref":"38"}},
{"type":"Feature","geometry":{"type":"MultiLineString","coordinates":[[[27.4671,59.3386],[27.4677,59.3385],[27.4674,59.3387]],[[27.467,59.3389],[27.4674,59.3393],[27.4673,59.3388]],[[27.687,59.0062],[27.6861,59.0085],[27.6823,59.0109],[27.6816,59.0125],[27.6822,59.0135],[27.6833,59.0144],[27.6896,59.0183],[27.6904,59.0194],[27.6898,59.021],[27.6869,59.0241],[27.6863,59.0251],[27.6866,59.0266],[27.6878,59.0288],[27.6882,59.0304],[27.6874,59.0328],[27.6884,59.0347],[27.6899,59.0363],[27.693,59.0374],[27.697,59.0381],[27.7028,59.0389],[27.7048,59.0393],[27.7061,59.0401],[27.7072,59.0419],[27.7069,59.0438],[27.704,59.0491],[27.7024,59.0521],[27.7018,59.0537],[27.7017,59.0555],[27.7023,59.0591],[27.7021,59.0613],[27.7008,59.0646],[27.6978,59.0703],[27.6958,59.0741],[27.6944,59.0756],[27.6931,59.0767],[27.693,59.0767],[27.6927,59.0769],[27.6905,59.078],[27.6796,59.082],[27.6732,59.0844],[27.6705,59.0856],[27.6686,59.0866],[27.6654,59.0886],[27.6623,59.0905],[27.6606,59.0916],[27.6605,59.0916],[27.6565,59.0942],[27.6545,59.0956],[27.6539,59.0962],[27.6527,59.0974],[27.6415,59.1094],[27.6378,59.1128],[27.6265,59.123],[27.6259,59.1235],[27.6244,59.1244],[27.6213,59.1258],[27.6146,59.1281],[27.6128,59.1289],[27.6116,59.1305],[27.6111,59.1341],[27.6112,59.1365],[27.612,59.1395],[27.612,59.1404],[27.6116,59.1435],[27.6109,59.1458],[27.6102,59.147],[27.608,59.1501],[27.6049,59.1544],[27.6029,59.1565],[27.5986,59.1592],[27.5927,59.1611],[27.588,59.163],[27.5859,59.1643],[27.583,59.1654],[27.581,59.1662],[27.579,59.1674],[27.572,59.1733],[27.5672,59.1774],[27.5649,59.1797],[27.5631,59.1818],[27.5623,59.1837],[27.5617,59.1867],[27.5608,59.1887],[27.5591,59.1901],[27.5551,59.1923],[27.5549,59.1925],[27.5467,59.197],[27.538,59.2018],[27.5376,59.2021],[27.533,59.2046],[27.5327,59.2048],[27.5306,59.2059],[27.5306,59.206],[27.5258,59.2086],[27.5246,59.2094],[27.5239,59.2103],[27.5231,59.2119],[27.5225,59.2148],[27.5209,59.2169],[27.5194,59.2179],[27.5175,59.2188],[27.5174,59.2189],[27.5154,59.2197],[27.5139,59.2205],[27.5134,59.2207],[27.5104,59.2223],[27.5101,59.2225],[27.5076,59.2243],[27.5066,59.2252],[27.5062,59.2257],[27.5061,59.2262],[27.506,59.2265],[27.506,59.2266],[27.506,59.2272],[27.5078,59.2304],[27.508,59.2307],[27.5102,59.2338],[27.5122,59.2357],[27.5159,59.2387],[27.5188,59.2414],[27.5191,59.2421],[27.5198,59.2446],[27.5201,59.2455],[27.5204,59.2464],[27.5208,59.249],[27.5205,59.2499],[27.5199,59.251],[27.5193,59.252],[27.5181,59.2539],[27.5159,59.2578],[27.5145,59.2605],[27.5145,59.2618],[27.5146,59.2638],[27.5146,59.2639],[27.5141,59.2659],[27.514,59.2663],[27.5136,59.2679],[27.5135,59.2683],[27.5134,59.2687],[27.5134,59.2689],[27.5134,59.2691],[27.5133,59.2693],[27.5132,59.2695],[27.5132,59.2699],[27.5131,59.2703],[27.5129,59.2707],[27.5129,59.2709],[27.5124,59.2717],[27.5121,59.2721],[27.5118,59.2726],[27.5117,59.2727],[27.5116,59.2728],[27.5111,59.2733],[27.5094,59.275],[27.5082,59.2762],[27.5081,59.2762],[27.5049,59.2792],[27.5044,59.2796],[27.5042,59.2798],[27.5018,59.2819],[27.5009,59.2827],[27.4989,59.2849],[27.4981,59.2865],[27.4975,59.2875],[27.497,59.2885],[27.496,59.2906],[27.4958,59.2916],[27.4957,59.2919],[27.4957,59.2923],[27.4954,59.2935],[27.4954,59.2939],[27.4954,59.294],[27.4952,59.2944],[27.4954,59.2943],[27.4954,59.294],[27.4954,59.2939]],[[27.4613,59.3617],[27.4614,59.3615],[27.4615,59.3613],[27.462,59.3607],[27.4622,59.3604],[27.4624,59.3601],[27.4628,59.3594],[27.464,59.3577],[27.465,59.3561],[27.4668,59.3533],[27.4674,59.3518],[27.4677,59.3475],[27.468,59.3427],[27.468,59.3412],[27.4678,59.3404],[27.4677,59.34],[27.4674,59.3393]],[[27.4952,59.2945],[27.4952,59.2944]],[[27.4759,59.3353],[27.4766,59.3347],[27.4779,59.3334],[27.4822,59.329],[27.4832,59.3279],[27.4837,59.3275],[27.484,59.3271],[27.4852,59.3259],[27.4859,59.3252],[27.4872,59.3238],[27.4901,59.3208],[27.4923,59.3188],[27.4954,59.3162],[27.4976,59.3138],[27.4982,59.3125],[27.4982,59.3104],[27.4973,59.3072],[27.4964,59.3039],[27.4958,59.3017],[27.4957,59.3014],[27.4953,59.2997],[27.4951,59.2989],[27.495,59.2976],[27.495,59.2971],[27.495,59.2968],[27.495,59.2966],[27.4952,59.295],[27.4952,59.2949],[27.4952,59.2945],[27.4955,59.2945],[27.4953,59.2949],[27.4952,59.295]],[[27.4956,59.2945],[27.4955,59.2945]],[[27.4954,59.2943],[27.4956,59.2945]],[[27.4677,59.3385],[27.4681,59.3383],[27.4689,59.3381],[27.4697,59.3378],[27.473,59.3368],[27.4759,59.3353]],[[27.4611,59.3619],[27.4612,59.3618],[27.4613,59.3617],[27.4613,59.3618],[27.4611,59.3619]]]},"properties":{"ref":"32"}},
{"type":"Feature","geometry":{"type":"LineString","coordinates":[[26.231,58.1463],[26.2286,58.1482],[26.2258,58.1505],[26.2243,58.1518],[26.2238,58.1522],[26.2227,58.153],[26.2217,58.1538],[26.2171,58.1566],[26.2152,58.158],[26.2149,58.1584],[26.2129,58.1609],[26.2108,58.1632],[26.2058,58.1671],[26.2043,58.1681],[26.2016,58.1711],[26.2012,58.1715],[26.1995,58.1735],[26.1993,58.1737],[26.1973,58.176],[26.1971,58.177],[26.1972,58.1776],[26.1976,58.1781],[26.1977,58.1782],[26.1986,58.1791],[26.1987,58.1792],[26.1988,58.1794],[26.1993,58.1798],[26.1994,58.1799],[26.1996,58.1802],[26.2012,58.1819],[26.2024,58.1837],[26.2043,58.1865],[26.2055,58.1878],[26.2067,58.1893],[26.2068,58.1895],[26.2071,58.1898],[26.2072,58.1901],[26.2075,58.1905],[26.2077,58.1909],[26.209,58.1935],[26.2094,58.1944],[26.21,58.1954],[26.2108,58.1968],[26.2112,58.1975],[26.2117,58.1984],[26.212,58.1988],[26.2125,58.1997],[26.2132,58.2007],[26.2132,58.2008],[26.2136,58.2013],[26.2137,58.2015],[26.2139,58.2019],[26.2151,58.2041],[26.2158,58.207],[26.2159,58.2073],[26.2167,58.2104],[26.2172,58.2122],[26.2181,58.2154],[26.2189,58.2179],[26.2189,58.219],[26.2185,58.2206],[26.2179,58.222],[26.2171,58.2239],[26.2161,58.2262],[26.2154,58.228],[26.215,58.229],[26.2147,58.2297],[26.2143,58.2306],[26.2141,58.2309],[26.2136,58.2318],[26.2136,58.2319],[26.213,58.2327],[26.2108,58.2347],[26.2091,58.2359],[26.202,58.2408],[26.2006,58.2416],[26.1988,58.2427],[26.1936,58.2457],[26.1932,58.2459],[26.1926,58.2462],[26.1925,58.2463],[26.19,58.2479],[26.189,58.2485],[26.1833,58.2527],[26.1821,58.2535],[26.181,58.2544],[26.1798,58.2556],[26.1783,58.2569],[26.177,58.2586],[26.1767,58.259],[26.1764,58.2609],[26.1763,58.2625],[26.1761,58.2651],[26.1761,58.2659],[26.176,58.269],[26.1759,58.2705],[26.1759,58.2714],[26.1758,58.2739],[26.1755,58.2778],[26.1754,58.2784],[26.1751,58.2798],[26.1751,58.2799],[26.1749,58.2807],[26.1749,58.2813],[26.1749,58.2814],[26.175,58.282],[26.175,58.2821],[26.1751,58.2824],[26.1753,58.2832],[26.1755,58.284],[26.1755,58.2845],[26.1758,58.2875],[26.1756,58.2893],[26.1756,58.2898],[26.1757,58.2902],[26.1758,58.2903],[26.1764,58.2911],[26.1767,58.2914],[26.1773,58.2922],[26.1775,58.2926],[26.1775,58.2928],[26.1775,58.2932],[26.1774,58.2948],[26.1774,58.2962],[26.1773,58.2981],[26.1774,58.2992],[26.1776,58.2998],[26.1789,58.3015],[26.1824,58.3055],[26.1853,58.3088],[26.1854,58.3088],[26.1862,58.3098],[26.1867,58.3115],[26.1866,58.3168],[26.1869,58.3176],[26.1873,58.3185],[26.1896,58.3218],[26.1902,58.3232],[26.1901,58.324],[26.1869,58.3283],[26.1863,58.3294],[26.1864,58.3302],[26.1877,58.3315]]},"properties":{"ref":"47"}},
{"type":"Feature","geometry":{"type":"MultiLineString","coordinates":[[[26.3511,58.7504],[26.3509,58.7503],[26.3506,58.7501],[26.3505,58.7501],[26.3498,58.75],[26.3491,58.75],[26.3425,58.75],[26.3378,58.7501],[26.3307,58.7502],[26.3262,58.7507],[26.3217,58.7511],[26.3181,58.7508],[26.315,58.7501],[26.313,58.7493],[26.3097,58.747],[26.3055,58.7439],[26.3053,58.7438],[26.2991,58.7393],[26.2984,58.7389],[26.2969,58.7381],[26.2935,58.7371],[26.2905,58.7369],[26.2839,58.7368],[26.2814,58.7369],[26.2809,58.7369],[26.2806,58.7369],[26.2769,58.7369],[26.273,58.7371],[26.2663,58.738],[26.2592,58.7391],[26.2535,58.7397],[26.2503,58.7398],[26.2454,58.7395],[26.243,58.7393],[26.2367,58.7384],[26.232,58.7374],[26.2282,58.7364],[26.2281,58.7364],[26.2181,58.734],[26.2159,58.7335],[26.2155,58.7335],[26.2095,58.7323],[26.2048,58.7308],[26.2032,58.7302],[26.2021,58.7298],[26.1995,58.7288],[26.1976,58.728],[26.197,58.7277],[26.1947,58.7266],[26.1928,58.7255],[26.1906,58.7237],[26.189,58.722],[26.188,58.7209],[26.1863,58.7192],[26.1843,58.7178],[26.1832,58.7171],[26.1811,58.7158],[26.177,58.7131],[26.1768,58.713],[26.1738,58.7112],[26.1695,58.7096],[26.1666,58.7086],[26.1648,58.708],[26.159,58.7051],[26.1531,58.7025],[26.1523,58.7022],[26.1517,58.7021],[26.1478,58.7011],[26.1455,58.7002],[26.1415,58.6983],[26.1402,58.6976],[26.139,58.697],[26.1363,58.6954],[26.1329,58.6923],[26.1312,58.6913],[26.129,58.6903],[26.127,58.6894],[26.1227,58.6882],[26.1202,58.6879],[26.1125,58.6871],[26.1047,58.6865],[26.1022,58.6864],[26.1008,58.6863],[26.0973,58.6861],[26.0937,58.6858],[26.0895,58.6856],[26.0864,58.6851],[26.0834,58.6846],[26.075,58.6828],[26.0698,58.682],[26.0592,58.6803],[26.0519,58.6791],[26.0469,58.6786],[26.0439,58.6785],[26.0358,58.6787],[26.032,58.6788],[26.0299,58.6786],[26.0268,58.6783],[26.0229,58.6776],[26.0157,58.6755],[26.0124,58.6747],[26.0121,58.6746],[26.0058,58.6734],[26.0032,58.6727],[26.0014,58.6721],[26.0002,58.6716],[25.9997,58.6714],[25.9948,58.6689],[25.9946,58.6688],[25.9924,58.6673],[25.9911,58.6657],[25.9901,58.6635],[25.9901,58.6633],[25.9899,58.6631],[25.9898,58.663],[25.9895,58.6627],[25.9893,58.6625],[25.9894,58.6628],[25.9896,58.663],[25.9897,58.6631],[25.9899,58.6633],[25.9901,58.6635]],[[25.9798,58.6541],[25.9794,58.6543],[25.9793,58.6543],[25.9791,58.6544],[25.9787,58.6545],[25.9775,58.655],[25.9773,58.6552],[25.9773,58.6553],[25.977,58.6554],[25.9769,58.6554],[25.9766,58.6554],[25.9765,58.6553],[25.9768,58.655],[25.9769,58.655],[25.9766,58.6549],[25.9762,58.6548],[25.9759,58.6547],[25.9757,58.6547],[25.9756,58.6546],[25.9749,58.6543],[25.9747,58.6542],[25.9744,58.654],[25.9743,58.654],[25.9737,58.6536],[25.9736,58.6536],[25.9732,58.6534],[25.973,58.6534],[25.9726,58.6535],[25.9718,58.6538],[25.9716,58.6538],[25.9712,58.654],[25.971,58.654],[25.9709,58.654],[25.9678,58.6536],[25.9677,58.6536],[25.9673,58.6535]],[[25.9799,58.6541],[25.9801,58.6542],[25.9803,58.6543],[25.9801,58.6542],[25.98,58.6541]],[[25.9797,58.6541],[25.9793,58.6542],[25.979,58.6543],[25.9786,58.6545],[25.9774,58.655],[25.9771,58.655],[25.9769,58.655]],[[25.9765,58.6553],[25.9758,58.6547],[25.9757,58.6547]],[[25.9804,58.6544],[25.9803,58.6543]],[[25.9893,58.6625],[25.9888,58.6619],[25.9886,58.6617],[25.9882,58.6612],[25.9881,58.6611],[25.9873,58.6602],[25.986,58.6587],[25.9858,58.6586],[25.9853,58.6582],[25.9847,58.6578],[25.983,58.6566],[25.9829,58.6564],[25.9819,58.6553],[25.9818,58.6552],[25.9809,58.6547],[25.9808,58.6546],[25.9804,58.6544]],[[25.9771,58.655],[25.9773,58.6552]]]},"properties":{"ref":"37"}},
{"type":"Feature","geometry":{"type":"MultiLineString","coordinates":[[[26.2478,58.1427],[26.2474,58.1426],[26.2476,58.1425],[26.2474,58.1425],[26.2473,58.1426],[26.247,58.1426],[26.2474,58.1426]],[[25.6337,58.3619],[25.6332,58.3616],[25.6308,58.36],[25.6298,58.3589],[25.6289,58.3577],[25.6282,58.3568],[25.6281,58.3567],[25.628,58.3565],[25.6276,58.3559],[25.6278,58.356],[25.6281,58.3564],[25.6282,58.3567],[25.6283,58.3568],[25.6289,58.3577]],[[26.0877,58.088],[26.0917,58.0896],[26.0976,58.0923],[26.1033,58.0948],[26.1059,58.0961],[26.1097,58.0987],[26.1115,58.1002],[26.1134,58.1018],[26.1163,58.1047],[26.1171,58.1053],[26.1188,58.1061],[26.1223,58.1075],[26.1252,58.1083],[26.1263,58.1086],[26.1268,58.1088],[26.129,58.1103],[26.1291,58.1104],[26.131,58.1137],[26.1314,58.115],[26.1314,58.1159],[26.1315,58.1179],[26.1324,58.1193],[26.1362,58.1234],[26.138,58.1247],[26.1396,58.1256],[26.1426,58.1267],[26.145,58.1273],[26.1501,58.1282],[26.1529,58.1287],[26.1559,58.1296],[26.1595,58.1309],[26.1613,58.1315],[26.1662,58.1329],[26.1721,58.1343],[26.1723,58.1343],[26.1747,58.1344],[26.1791,58.1343],[26.1809,58.1344],[26.1821,58.1345],[26.1864,58.1354],[26.1942,58.1372],[26.1975,58.1379],[26.2054,58.1397],[26.2072,58.1402],[26.2089,58.1407],[26.2113,58.1414],[26.2193,58.1439],[26.2232,58.145],[26.2269,58.1457],[26.2275,58.1458],[26.2305,58.1463],[26.231,58.1463],[26.2341,58.1464],[26.2345,58.1463],[26.2375,58.146],[26.2384,58.1457],[26.2405,58.145],[26.241,58.1448],[26.2415,58.1446],[26.2427,58.1441],[26.2433,58.1439],[26.244,58.1435],[26.2442,58.1435],[26.2447,58.1433],[26.2461,58.1427],[26.247,58.1426]],[[26.0592,58.0829],[26.0613,58.083],[26.0649,58.0827],[26.0656,58.0825],[26.0658,58.0825],[26.0676,58.0819],[26.0695,58.0817],[26.0721,58.082],[26.0742,58.0829],[26.0818,58.0858],[26.0833,58.0864],[26.0837,58.0865],[26.0849,58.087],[26.0867,58.0876],[26.0877,58.088]],[[25.668,58.3153],[25.6684,58.315],[25.6686,58.3148],[25.6702,58.3137],[25.6707,58.3133],[25.6729,58.3111],[25.6753,58.3087],[25.6759,58.3081],[25.6763,58.3075],[25.6795,58.3016],[25.6799,58.3008],[25.6805,58.2997],[25.6839,58.2933],[25.6841,58.293],[25.6848,58.2916],[25.6859,58.2895],[25.6861,58.2892],[25.6869,58.2876],[25.6875,58.2866],[25.6878,58.286],[25.6887,58.2842],[25.6907,58.2801],[25.6909,58.2799],[25.6911,58.2794],[25.6914,58.2789],[25.6916,58.2786],[25.6917,58.2783],[25.6915,58.2786],[25.6914,58.2789]],[[25.8557,58.2433],[25.8559,58.2432],[25.8564,58.2425],[25.8566,58.2422],[25.8566,58.2421],[25.8573,58.2407],[25.8573,58.2406],[25.8574,58.2404],[25.8575,58.2402],[25.8576,58.2401],[25.8577,58.2398],[25.8579,58.2396],[25.8581,58.2393],[25.8583,58.2389],[25.8585,58.2385],[25.8588,58.2379],[25.8589,58.2377],[25.859,58.2376],[25.8592,58.2374],[25.8598,58.2368],[25.8599,58.2368],[25.8601,58.2366],[25.8602,58.2365],[25.8603,58.2364],[25.8606,58.2362],[25.8607,58.2361],[25.8609,58.236],[25.8615,58.2357],[25.8615,58.2356],[25.8619,58.2355],[25.862,58.2354],[25.8625,58.2352],[25.8629,58.235],[25.8628,58.235],[25.8629,58.2349],[25.863,58.2349],[25.8629,58.235]],[[25.9774,58.147],[25.9779,58.1467],[25.9789,58.1462],[25.9799,58.1456],[25.98,58.1456],[25.9811,58.145],[25.9844,58.1432],[25.9849,58.143],[25.9856,58.1424],[25.9862,58.1418],[25.9869,58.1408],[25.9874,58.14],[25.9877,58.1396],[25.9883,58.1386],[25.9891,58.1372],[25.9893,58.1368],[25.9903,58.1347],[25.9913,58.1315],[25.9918,58.1302],[25.9922,58.1288],[25.9924,58.1266],[25.9925,58.1237],[25.9929,58.1212],[25.9943,58.1192],[25.9963,58.1171],[25.9967,58.1168],[26.0007,58.1129],[26.0014,58.1124],[26.0057,58.1085],[26.0091,58.1054],[26.0091,58.1053],[26.0104,58.1035],[26.0109,58.1022],[26.0113,58.1009],[26.0113,58.0983],[26.0106,58.0945],[26.0108,58.0936],[26.0118,58.0923],[26.0145,58.091],[26.0211,58.0896],[26.0225,58.0892],[26.0287,58.0874],[26.0315,58.0865],[26.0371,58.0849],[26.0379,58.0847],[26.0416,58.0841],[26.0428,58.0839],[26.0447,58.0836],[26.0472,58.0833],[26.0509,58.0827],[26.0522,58.0826],[26.0534,58.0826],[26.0537,58.0826],[26.0549,58.0826],[26.0537,58.0826],[26.0534,58.0826],[26.0533,58.0826],[26.0524,58.0826],[26.0522,58.0826]],[[25.6298,58.3397],[25.6313,58.3385],[25.6335,58.337],[25.6361,58.336],[25.6373,58.3358],[25.6388,58.3355],[25.644,58.3344],[25.6445,58.3343],[25.6447,58.3343],[25.6467,58.3339],[25.6483,58.3336],[25.6487,58.3335],[25.6497,58.3333],[25.6528,58.3325],[25.6547,58.3316],[25.656,58.3304],[25.6567,58.3293],[25.6577,58.3278],[25.6581,58.3271],[25.6581,58.327],[25.6593,58.3251],[25.6618,58.3208],[25.663,58.3189],[25.6656,58.317],[25.6661,58.3167],[25.6666,58.3162],[25.668,58.3153]],[[25.8535,58.2446],[25.853,58.2448],[25.8533,58.2445],[25.8535,58.2446],[25.8537,58.2446],[25.8538,58.2446],[25.8538,58.2444],[25.8536,58.2444],[25.8538,58.2443],[25.8541,58.2442],[25.8539,58.2444],[25.8538,58.2444]],[[25.8541,58.2442],[25.8549,58.2438],[25.855,58.2437],[25.8557,58.2433]],[[25.8809,58.2331],[25.8807,58.2334],[25.8805,58.2335],[25.8806,58.2336],[25.8804,58.2337],[25.8802,58.2338],[25.8796,58.2339],[25.8793,58.2339],[25.878,58.2341],[25.8778,58.2341],[25.8756,58.2342],[25.8751,58.2343],[25.8741,58.2344],[25.8728,58.2345],[25.8721,58.2347],[25.8718,58.2347],[25.8703,58.2349],[25.8692,58.2349],[25.8678,58.2348],[25.8675,58.2348],[25.8669,58.2348],[25.8651,58.2348],[25.8645,58.2348],[25.8636,58.2348],[25.863,58.2349]],[[25.8796,58.2339],[25.8801,58.2337],[25.8802,58.2336],[25.8804,58.2337]],[[25.8804,58.2335],[25.8806,58.2334],[25.8809,58.2331],[25.8821,58.2312],[25.8821,58.2311],[25.8826,58.2303],[25.8828,58.2301],[25.8831,58.2298],[25.884,58.2291],[25.8843,58.2289],[25.8845,58.2287],[25.8852,58.2282],[25.8863,58.2273],[25.8879,58.2261],[25.8884,58.2258],[25.8887,58.2256],[25.8893,58.2253],[25.8946,58.2227],[25.8968,58.2216],[25.8981,58.2211],[25.903,58.2192],[25.9053,58.2184],[25.9126,58.2158],[25.917,58.2142],[25.9212,58.2128],[25.922,58.2125],[25.9229,58.2122],[25.9244,58.2117],[25.9255,58.2113],[25.9262,58.2112],[25.9265,58.2111],[25.927,58.211],[25.9275,58.2109],[25.9276,58.2108],[25.9283,58.2107],[25.9292,58.2106],[25.9306,58.2104],[25.9333,58.21],[25.9424,58.2088],[25.9462,58.2081],[25.9482,58.2073],[25.9497,58.2061],[25.9502,58.2053],[25.9509,58.2028],[25.9516,58.1996],[25.9517,58.1992],[25.9518,58.197],[25.9515,58.1947],[25.9513,58.193],[25.9511,58.1911],[25.9514,58.1889],[25.9515,58.1886],[25.9518,58.1872],[25.9521,58.1854],[25.9526,58.1844],[25.9529,58.1839],[25.9547,58.1812],[25.9548,58.181],[25.9637,58.1712],[25.9642,58.1703],[25.9641,58.1687],[25.9625,58.1651],[25.9618,58.1618],[25.9618,58.1615],[25.962,58.1596],[25.9631,58.1577],[25.965,58.1545],[25.9664,58.1531],[25.9704,58.1508],[25.9716,58.1501],[25.9733,58.1492],[25.9735,58.1491],[25.9741,58.1488],[25.9745,58.1486],[25.9762,58.1477],[25.9771,58.1472],[25.9774,58.147]],[[25.741,58.2509],[25.7428,58.2507],[25.745,58.2507],[25.7452,58.2507],[25.7497,58.2509],[25.7523,58.2509],[25.755,58.2506],[25.7561,58.2505],[25.7592,58.2502],[25.7732,58.2487],[25.7757,58.2485],[25.7778,58.2483],[25.7807,58.2482],[25.7819,58.2483],[25.7841,58.2486],[25.7869,58.2491],[25.7873,58.2492],[25.7883,58.2494],[25.7893,58.2496],[25.7952,58.2506],[25.7958,58.2506],[25.8024,58.2508],[25.8134,58.2511],[25.8186,58.2512],[25.8243,58.2512],[25.8249,58.2512],[25.8262,58.2511],[25.8274,58.2509],[25.8304,58.2507],[25.8339,58.2508],[25.8353,58.2507],[25.836,58.2507],[25.8372,58.2506],[25.8382,58.2505],[25.8411,58.2501],[25.8429,58.2496],[25.8457,58.2483],[25.8471,58.2476],[25.8477,58.2473],[25.8524,58.245],[25.853,58.2448]],[[25.7408,58.251],[25.741,58.2509]],[[25.6922,58.2777],[25.6926,58.2774],[25.6928,58.2773],[25.6929,58.2772],[25.6933,58.2771],[25.6935,58.277],[25.6938,58.2769],[25.694,58.2767],[25.6955,58.276],[25.6961,58.2748],[25.6962,58.2747],[25.6963,58.2742],[25.6964,58.2739],[25.6965,58.2735],[25.6968,58.2721],[25.6971,58.271],[25.6977,58.2689],[25.6986,58.2655],[25.6996,58.2638],[25.7,58.2635],[25.7038,58.2617],[25.7068,58.2608],[25.7132,58.2593],[25.7156,58.2587],[25.7184,58.2577],[25.7203,58.257],[25.7271,58.2547],[25.7273,58.2546],[25.7319,58.2534],[25.735,58.2525],[25.7387,58.2515],[25.7408,58.251]],[[25.8802,58.2336],[25.8804,58.2335],[25.8805,58.2335]],[[25.8533,58.2445],[25.8535,58.2444],[25.8536,58.2444]],[[26.0549,58.0826],[26.0592,58.0829]],[[25.6917,58.2783],[25.6922,58.2777]],[[25.6276,58.3559],[25.6271,58.3552],[25.6263,58.354],[25.6262,58.3539],[25.6255,58.3519],[25.6266,58.3459],[25.6267,58.3455],[25.627,58.3438],[25.6279,58.3421],[25.6282,58.3414],[25.6287,58.3407],[25.629,58.3405],[25.6295,58.34],[25.6298,58.3397]]]},"properties":{"ref":"52"}},
{"type":"Feature","geometry":{"type":"LineString","coordinates":[[23.5411,58.9393],[23.5412,58.9392],[23.5412,58.9391],[23.5413,58.9389],[23.5414,58.9386],[23.5414,58.9384],[23.5416,58.938],[23.5416,58.9379],[23.5418,58.9374],[23.5418,58.9373],[23.542,58.937],[23.542,58.9369],[23.5421,58.9366],[23.5422,58.9363],[23.5424,58.9358],[23.5425,58.9355],[23.5427,58.9347],[23.5428,58.9346],[23.543,58.9339],[23.5432,58.9332],[23.5433,58.9331],[23.5434,58.9328],[23.5437,58.9317],[23.5437,58.9315],[23.5438,58.9309],[23.5442,58.9293],[23.5442,58.9291],[23.5442,58.929],[23.5443,58.9287],[23.5443,58.9286],[23.5443,58.9285],[23.5444,58.9283],[23.5444,58.9281],[23.5445,58.9277],[23.5449,58.9268],[23.5449,58.9266],[23.545,58.9265],[23.545,58.9264],[23.5453,58.926],[23.5454,58.9259],[23.5455,58.9257],[23.5456,58.9255],[23.5458,58.9253],[23.546,58.925],[23.5462,58.9247],[23.5469,58.9238],[23.5472,58.9233],[23.5476,58.9226],[23.5479,58.9222],[23.5487,58.9207],[23.549,58.9202],[23.549,58.92],[23.5492,58.9193],[23.5496,58.9175],[23.5504,58.9163],[23.5515,58.9154],[23.5544,58.9137],[23.5551,58.9133],[23.5593,58.9108],[23.5615,58.9089],[23.5616,58.9088],[23.5649,58.9054],[23.5671,58.9047],[23.5732,58.9036],[23.5773,58.9017],[23.5858,58.8977],[23.5866,58.8974],[23.5873,58.8969],[23.5959,58.891],[23.599,58.8887],[23.5991,58.8886],[23.5992,58.8883],[23.5994,58.888],[23.5995,58.8879],[23.6013,58.8842],[23.602,58.8828],[23.6034,58.8814],[23.6047,58.8806],[23.6053,58.8802],[23.606,58.8797],[23.6068,58.8792],[23.6073,58.8788],[23.612,58.8752],[23.6134,58.8741],[23.6169,58.8715],[23.6204,58.8687],[23.621,58.8681],[23.6215,58.8676],[23.6216,58.8675],[23.6218,58.8672],[23.6222,58.8669],[23.6227,58.8664],[23.623,58.866],[23.6252,58.8637],[23.6273,58.8615],[23.6289,58.8604],[23.6339,58.8576],[23.6366,58.8561],[23.6372,58.8555],[23.6394,58.8514],[23.6404,58.8502],[23.6483,58.8435],[23.6522,58.8408],[23.6542,58.8398],[23.6612,58.8369],[23.6616,58.8368],[23.662,58.8366],[23.6624,58.8364],[23.6632,58.8361],[23.6684,58.8341],[23.6723,58.8329],[23.6767,58.8322],[23.6809,58.832],[23.6907,58.8319],[23.6913,58.8319],[23.6924,58.8319],[23.6927,58.8319],[23.6932,58.8318],[23.695,58.8318],[23.6959,58.8318],[23.6962,58.8317],[23.7038,58.8305],[23.7069,58.8294],[23.711,58.8273],[23.7134,58.8266],[23.7167,58.826],[23.7217,58.8256],[23.725,58.8257],[23.7337,58.8262],[23.734,58.8262],[23.7344,58.8263],[23.7351,58.8263],[23.7363,58.8264],[23.7367,58.8264],[23.7371,58.8264],[23.7407,58.8259],[23.7461,58.8241],[23.7474,58.8238],[23.7477,58.8238],[23.7534,58.8227],[23.7635,58.8212],[23.7682,58.8205],[23.7709,58.8201],[23.7872,58.8177],[23.7891,58.8174],[23.7937,58.8158],[23.7981,58.8141],[23.8009,58.8131],[23.8125,58.8099],[23.8187,58.8077],[23.8203,58.8073],[23.8243,58.8065],[23.8302,58.8062],[23.8405,58.8061],[23.8445,58.8058],[23.8486,58.8047],[23.8508,58.8037],[23.8536,58.8019],[23.8551,58.801],[23.8565,58.8001],[23.8577,58.7991],[23.8609,58.7965],[23.8615,58.7959],[23.8637,58.7942],[23.8659,58.7929],[23.8681,58.792],[23.8808,58.7878],[23.8835,58.7869],[23.8878,58.7858],[23.8957,58.7845],[23.9004,58.7836],[23.9019,58.7833],[23.9051,58.7821],[23.9055,58.7819],[23.9067,58.7814],[23.9069,58.7813],[23.9094,58.78],[23.9102,58.7796],[23.9143,58.7773],[23.9175,58.7758],[23.9181,58.7755],[23.9193,58.7749],[23.921,58.7737],[23.9217,58.7729],[23.9229,58.7717],[23.9231,58.7715],[23.9234,58.7711],[23.9236,58.7709],[23.9238,58.7708],[23.924,58.7706],[23.9246,58.7701],[23.925,58.7697],[23.9302,58.7659],[23.9318,58.7649],[23.9319,58.7649],[23.9347,58.7632],[23.9382,58.7618],[23.9414,58.7609],[23.947,58.7596],[23.9484,58.7593],[23.9523,58.7588],[23.9567,58.7586],[23.9581,58.7586],[23.9597,58.7587],[23.9638,58.7595],[23.968,58.7609],[23.9681,58.7609],[23.9685,58.7611],[23.9702,58.7618],[23.9706,58.762],[23.9777,58.7648],[23.9805,58.7655],[23.9866,58.7659],[23.9877,58.7659],[23.9883,58.766],[23.9879,58.766],[23.9866,58.7659]]},"properties":{"ref":"31"}},
{"type":"Feature","geometry":{"type":"MultiLineString","coordinates":[[[24.9366,58.6256],[24.9346,58.627],[24.9325,58.6278],[24.9309,58.6279],[24.9278,58.6275],[24.9262,58.6272],[24.9257,58.6271],[24.9251,58.6269],[24.9243,58.6265],[24.924,58.6262],[24.9237,58.6262],[24.9235,58.6264],[24.9236,58.6264],[24.924,58.6262]],[[24.756,58.6694],[24.7569,58.6691],[24.7593,58.6688],[24.7598,58.6688],[24.761,58.6688],[24.7626,58.669],[24.7667,58.6694],[24.7682,58.6695],[24.7693,58.6694],[24.7713,58.6692],[24.7772,58.6678],[24.7791,58.6673],[24.7795,58.6672],[24.7834,58.6662],[24.785,58.6659],[24.7891,58.6654],[24.7949,58.665],[24.8028,58.6648],[24.8058,58.6645],[24.8124,58.6637],[24.8177,58.6626],[24.8213,58.6618],[24.8282,58.6597],[24.8315,58.6585],[24.8451,58.6536],[24.8631,58.6471],[24.8692,58.6449],[24.8707,58.6446],[24.8773,58.6446],[24.8834,58.6437],[24.8893,58.6421],[24.8932,58.6412],[24.8988,58.6412],[24.9011,58.6409],[24.9032,58.6403],[24.9059,58.6388],[24.9069,58.6383],[24.9085,58.6373],[24.9126,58.6349],[24.914,58.634],[24.9168,58.6319],[24.9211,58.6286],[24.9214,58.6283],[24.9234,58.6268],[24.9235,58.6264]]]},"properties":{"ref":"58"}},
{"type":"Feature","geometry":{"type":"MultiLineString","coordinates":[[[26.497,58.0602],[26.4967,58.0603],[26.4956,58.0606],[26.4951,58.0608],[26.4938,58.0612],[26.4927,58.0615],[26.4908,58.0621],[26.4883,58.0626],[26.4882,58.0626],[26.4874,58.0626],[26.4865,58.0627],[26.4835,58.063],[26.4825,58.0631],[26.4821,58.0632],[26.4782,58.0636],[26.4761,58.0638],[26.4755,58.0639],[26.4754,58.0639],[26.4734,58.0641],[26.4722,58.0643],[26.4684,58.0647],[26.4678,58.0648],[26.4668,58.0649],[26.465,58.0653],[26.4648,58.0654],[26.4647,58.0654],[26.4641,58.0657],[26.4639,58.0657],[26.4636,58.0659],[26.4633,58.066],[26.4629,58.0662],[26.4621,58.0665],[26.4601,58.0672],[26.456,58.0679],[26.4546,58.0683],[26.4515,58.0697],[26.4471,58.0703],[26.4436,58.0708],[26.441,58.0715],[26.4407,58.0716],[26.4405,58.0716],[26.4396,58.0719],[26.4383,58.0722],[26.4342,58.0733],[26.4299,58.0745],[26.4234,58.0772],[26.4194,58.0781],[26.418,58.0785],[26.4145,58.0793],[26.4135,58.0796],[26.412,58.0803],[26.4103,58.0817],[26.4077,58.0837],[26.4066,58.0847],[26.4058,58.0861],[26.405,58.089],[26.4012,58.0926],[26.3967,58.0958],[26.3945,58.0967],[26.3937,58.097],[26.393,58.0971],[26.3924,58.0973],[26.3919,58.0975],[26.3907,58.0981],[26.39,58.0985],[26.3895,58.0989],[26.388,58.1002],[26.3858,58.1017],[26.3832,58.1032],[26.3807,58.1043],[26.3746,58.1058],[26.3706,58.1065],[26.3685,58.1072],[26.3635,58.1104],[26.3595,58.1132],[26.3581,58.1139],[26.3547,58.1152],[26.349,58.1167],[26.3471,58.1173],[26.3458,58.1176],[26.3455,58.1177],[26.3453,58.1178],[26.3448,58.1179],[26.3436,58.1183],[26.3415,58.1189],[26.3308,58.1221],[26.3306,58.1222],[26.3283,58.1229],[26.3266,58.1235],[26.3225,58.125],[26.3214,58.1255],[26.3208,58.1258],[26.3201,58.1261],[26.3192,58.1265],[26.3183,58.1267],[26.3163,58.1268],[26.3157,58.1268],[26.3092,58.1267],[26.3049,58.1268],[26.294,58.1272],[26.2873,58.1274],[26.2851,58.1277],[26.285,58.1277],[26.2821,58.1288],[26.2791,58.1308],[26.2769,58.1318],[26.2741,58.1329],[26.2715,58.134],[26.2687,58.1352],[26.2667,58.136],[26.2634,58.1368],[26.2607,58.1377],[26.2591,58.1387],[26.2588,58.139],[26.257,58.1401],[26.2556,58.141],[26.2543,58.1415],[26.2521,58.1419],[26.2511,58.1421],[26.2495,58.1424],[26.2491,58.1424],[26.2486,58.1425],[26.2483,58.1426],[26.2481,58.1426],[26.2478,58.1427],[26.2482,58.1426],[26.2486,58.1425]],[[26.7761,57.9788],[26.7758,57.9787],[26.7746,57.9791],[26.7706,57.9812],[26.7696,57.9816],[26.7687,57.9821],[26.7678,57.9826],[26.767,57.9831],[26.7665,57.9834],[26.7658,57.9838],[26.7653,57.9841],[26.7647,57.9844],[26.7642,57.9847],[26.7616,57.9854],[26.7604,57.9856],[26.7603,57.9856],[26.7599,57.9857],[26.7598,57.9857],[26.7592,57.9858],[26.759,57.9859],[26.7588,57.9859],[26.7579,57.986],[26.7575,57.9861],[26.7559,57.9866],[26.7557,57.9867],[26.7548,57.987],[26.7545,57.9871],[26.7542,57.9872],[26.7538,57.9873],[26.7506,57.9883],[26.7482,57.9896],[26.7465,57.9905],[26.7457,57.991],[26.7446,57.9916],[26.7444,57.9917],[26.7441,57.9919],[26.7432,57.9925],[26.7431,57.9925],[26.7423,57.993],[26.7415,57.9933],[26.7372,57.9946],[26.7342,57.9952],[26.7286,57.9956],[26.7269,57.9958],[26.7246,57.9968],[26.7239,57.9972],[26.7233,57.9975],[26.722,57.9981],[26.718,57.9992],[26.7177,57.9993],[26.7134,58.0006],[26.7061,58.0027],[26.6994,58.0045],[26.692,58.0062],[26.6919,58.0063],[26.6881,58.0071],[26.6868,58.0074],[26.6851,58.0078],[26.6812,58.0082],[26.6804,58.0082],[26.6803,58.0083],[26.6799,58.0083],[26.6794,58.0083],[26.6768,58.0084],[26.6711,58.0078],[26.6705,58.0077],[26.6667,58.0072],[26.6642,58.0071],[26.6622,58.0071],[26.6588,58.0074],[26.6556,58.0077],[26.6522,58.0079],[26.6506,58.0077],[26.6495,58.0073],[26.6456,58.0054],[26.6442,58.005],[26.6408,58.0043],[26.6396,58.0042],[26.634,58.0053],[26.6327,58.0053],[26.6284,58.0048],[26.6275,58.0046],[26.6272,58.0046],[26.6253,58.0043],[26.6229,58.0043],[26.6181,58.0052],[26.616,58.0056],[26.6125,58.0057],[26.61,58.0061],[26.6083,58.0066],[26.6027,58.0083],[26.5995,58.0097],[26.5968,58.0119],[26.5959,58.0128],[26.5958,58.0129],[26.5932,58.0151],[26.5915,58.016],[26.5894,58.0167],[26.5875,58.0181],[26.5868,58.0187],[26.586,58.0209],[26.5849,58.0216],[26.5823,58.022],[26.5809,58.0223],[26.5799,58.0229],[26.5797,58.0241],[26.578,58.0262],[26.5769,58.0278],[26.5754,58.029],[26.5712,58.0307],[26.5697,58.0319],[26.5686,58.0331],[26.567,58.0338],[26.5665,58.0341],[26.5643,58.0348],[26.5597,58.037],[26.5589,58.0376],[26.5553,58.039],[26.554,58.04],[26.5532,58.0408],[26.5527,58.0413],[26.5525,58.0414],[26.5524,58.0416],[26.5489,58.0434],[26.5485,58.0437],[26.5481,58.0441],[26.547,58.0451],[26.5465,58.0463],[26.5465,58.0469],[26.5465,58.0473],[26.5455,58.0484],[26.5445,58.0487],[26.5413,58.0495],[26.5395,58.0502],[26.5388,58.0507],[26.5373,58.0516],[26.5366,58.0522],[26.5364,58.0525],[26.5357,58.0538],[26.5356,58.054],[26.5346,58.056],[26.5331,58.0572],[26.5294,58.0582],[26.5287,58.0583],[26.5242,58.0592],[26.523,58.0597],[26.5191,58.0609],[26.5189,58.0609],[26.5141,58.0621],[26.5126,58.0613],[26.5114,58.0611],[26.5111,58.061],[26.51,58.0609],[26.5092,58.0608],[26.5067,58.0606],[26.5066,58.0606],[26.506,58.0605],[26.505,58.0604],[26.503,58.0602],[26.5023,58.0602],[26.5022,58.0602],[26.5017,58.0602],[26.4989,58.0602],[26.4985,58.0602],[26.4979,58.0601],[26.4971,58.0602]],[[26.2476,58.1425],[26.2481,58.1426]]]},"properties":{"ref":"71"}},
{"type":"Feature","geometry":{"type":"LineString","coordinates":[[26.4971,58.0602],[26.497,58.0602]]},"properties":{"ref":"46;71"}},
{"type":"Feature","geometry":{"type":"MultiLineString","coordinates":[[[27.4674,58.0965],[27.4672,58.0964],[27.4667,58.0961],[27.4655,58.0955],[27.4644,58.0949],[27.4639,58.0947],[27.4636,58.0945],[27.4632,58.0943],[27.4627,58.094],[27.4626,58.0939],[27.4621,58.0937],[27.462,58.0936],[27.4611,58.0932],[27.461,58.0931],[27.4591,58.092],[27.4583,58.0916],[27.4578,58.0913],[27.4571,58.091],[27.4565,58.0907],[27.4562,58.0905],[27.4559,58.0904],[27.4555,58.0902],[27.4554,58.0901],[27.4552,58.0901],[27.4524,58.0891],[27.4518,58.089],[27.4512,58.0889],[27.4507,58.0888],[27.4473,58.0882],[27.4457,58.0879],[27.4455,58.0879],[27.4422,58.0873],[27.4391,58.0862],[27.4382,58.0857],[27.4363,58.0845],[27.4336,58.0825],[27.4255,58.0768],[27.4224,58.0747],[27.4191,58.0732],[27.4187,58.0731],[27.4173,58.0727],[27.4169,58.0726],[27.4148,58.0722],[27.4103,58.0713],[27.4093,58.071],[27.409,58.071],[27.4086,58.0709],[27.4051,58.0699],[27.4029,58.0689],[27.4011,58.0678],[27.4002,58.0671],[27.4001,58.067],[27.3977,58.0649],[27.3903,58.0588],[27.3885,58.0569],[27.3878,58.0561],[27.3871,58.0548],[27.3862,58.0516],[27.3865,58.0495],[27.3873,58.0476],[27.3887,58.0456],[27.3923,58.0412],[27.3931,58.0392],[27.3931,58.0372],[27.393,58.0368],[27.3929,58.0363],[27.3927,58.036],[27.3911,58.0339],[27.3885,58.032],[27.3807,58.0274],[27.3797,58.0267],[27.3796,58.0266],[27.3793,58.0265],[27.3783,58.0259],[27.3779,58.0256],[27.3774,58.0253],[27.375,58.0237],[27.3733,58.0226],[27.3724,58.022],[27.3719,58.0216],[27.3706,58.0208],[27.3693,58.0199],[27.368,58.0191],[27.366,58.0177],[27.3628,58.0156],[27.3626,58.0155],[27.3585,58.0128],[27.3582,58.0125],[27.3574,58.012],[27.3562,58.0114],[27.356,58.0113],[27.3551,58.0109],[27.355,58.0108],[27.3535,58.0102],[27.3522,58.0095],[27.3519,58.0094],[27.3518,58.0092],[27.3512,58.0089],[27.3503,58.008],[27.35,58.0077],[27.3488,58.0066],[27.3485,58.0064],[27.3471,58.0053],[27.347,58.0052],[27.3462,58.0046],[27.3454,58.0039],[27.3452,58.0038],[27.3449,58.0035],[27.3447,58.0033],[27.3444,58.0031],[27.3438,58.0027],[27.3444,58.0031]],[[27.0377,57.8492],[27.0371,57.849],[27.0364,57.8488],[27.035,57.8483],[27.0346,57.8482],[27.0335,57.8478],[27.0327,57.8475],[27.0324,57.8475],[27.0318,57.8473],[27.0311,57.8471],[27.0308,57.847],[27.0303,57.8469],[27.0298,57.8468],[27.0293,57.8467],[27.0291,57.8466],[27.0286,57.8465],[27.0284,57.8464],[27.028,57.8463],[27.0268,57.846],[27.0261,57.8458],[27.0249,57.8455],[27.0248,57.8454],[27.0244,57.8453],[27.0242,57.8453],[27.0241,57.8453],[27.0236,57.8451],[27.023,57.845],[27.0229,57.8449],[27.0227,57.8449],[27.0225,57.8448],[27.0221,57.8447],[27.0218,57.8447],[27.0217,57.8446],[27.0209,57.8444],[27.0206,57.8443],[27.02,57.8442],[27.0197,57.8442],[27.0199,57.8441],[27.0199,57.844],[27.0197,57.844],[27.0195,57.844],[27.0193,57.8439],[27.019,57.8439],[27.0188,57.8439],[27.0184,57.8438],[27.0177,57.8437],[27.0185,57.8439],[27.0188,57.8439],[27.0192,57.844],[27.0195,57.8441],[27.0197,57.8442]],[[27.0378,57.8491],[27.0372,57.849],[27.035,57.8483]],[[27.0385,57.8493],[27.0389,57.8494],[27.0398,57.8497],[27.0405,57.8499],[27.0398,57.8497],[27.0388,57.8495],[27.0383,57.8494]],[[27.2911,57.9776],[27.2906,57.9774],[27.2911,57.9775]],[[27.2916,57.9777],[27.2927,57.978],[27.2917,57.9775]],[[26.9957,57.8475],[26.9961,57.8474],[26.9973,57.8468],[26.998,57.8464],[26.9981,57.8464],[26.9987,57.8461],[26.9998,57.8455],[26.9999,57.8454],[27.0005,57.8452],[27.0005,57.8451],[27.0008,57.845],[27.0011,57.8448],[27.0015,57.8446],[27.0016,57.8446],[27.0017,57.8445],[27.0019,57.8445],[27.0027,57.844],[27.0028,57.844],[27.0035,57.8436],[27.0036,57.8436],[27.0045,57.8432],[27.0046,57.8431],[27.005,57.8429],[27.0056,57.8426],[27.0057,57.8426],[27.0058,57.8425]],[[27.006,57.8425],[27.0063,57.8426],[27.0065,57.8426],[27.007,57.8426],[27.0078,57.8427],[27.0084,57.8427],[27.0093,57.8428],[27.011,57.8429],[27.0112,57.8429],[27.0113,57.8429],[27.0128,57.843],[27.0137,57.843],[27.0139,57.8431],[27.0142,57.8431],[27.0148,57.8432],[27.015,57.8433],[27.0153,57.8433],[27.0156,57.8434],[27.0161,57.8434],[27.0165,57.8435],[27.0169,57.8436],[27.0171,57.8436],[27.0176,57.8437],[27.0177,57.8437]],[[27.0061,57.8424],[27.0063,57.8425],[27.0069,57.8425],[27.007,57.8426],[27.0075,57.8426],[27.0079,57.8426],[27.0083,57.8427],[27.0084,57.8427],[27.0086,57.8427],[27.0093,57.8427],[27.0095,57.8427],[27.0097,57.8427],[27.0105,57.8428],[27.011,57.8428],[27.0112,57.8428],[27.0114,57.8428],[27.0128,57.8429],[27.0137,57.843]],[[27.006,57.8425],[27.0057,57.8426],[27.0056,57.8426]],[[27.166,57.8884],[27.1649,57.8882],[27.1617,57.8878],[27.1615,57.8878],[27.1597,57.8876],[27.155,57.887],[27.1539,57.8869],[27.1537,57.8869],[27.1531,57.8868],[27.1528,57.8867],[27.1493,57.8857],[27.143,57.8826],[27.1385,57.8814],[27.1349,57.8803],[27.1297,57.8782],[27.1288,57.8779],[27.1276,57.8774],[27.1189,57.8739],[27.1187,57.8738],[27.1184,57.8737],[27.117,57.8731],[27.1163,57.8728],[27.1159,57.8727],[27.1133,57.8717],[27.113,57.8716],[27.1128,57.8715],[27.112,57.8713],[27.1117,57.8712],[27.1115,57.8711],[27.11,57.8706],[27.1074,57.8692],[27.1069,57.8689],[27.1052,57.8673],[27.1042,57.8657],[27.1036,57.865],[27.1035,57.8649],[27.1034,57.8648],[27.1032,57.8646],[27.1016,57.8636],[27.1014,57.8635],[27.101,57.8634],[27.0998,57.8629],[27.0991,57.8627],[27.0975,57.862],[27.0907,57.8588],[27.0871,57.8575],[27.0866,57.8574],[27.0865,57.8573],[27.0854,57.8571],[27.0823,57.8565],[27.0814,57.8563],[27.0772,57.856],[27.0726,57.8563],[27.0724,57.8563],[27.0703,57.8562],[27.0683,57.856],[27.0678,57.8559],[27.0671,57.8558],[27.0663,57.8556],[27.0661,57.8556],[27.0651,57.8554],[27.0647,57.8553],[27.0645,57.8553],[27.0631,57.8549],[27.0625,57.8548],[27.0617,57.8545],[27.0606,57.8541],[27.0581,57.8532],[27.0579,57.8532],[27.0568,57.8528],[27.0556,57.8525],[27.0531,57.852],[27.048,57.8517],[27.0432,57.8505],[27.0405,57.8499]],[[27.3291,57.9909],[27.3273,57.99],[27.3269,57.9898],[27.3267,57.9897],[27.3237,57.9883],[27.3227,57.9878],[27.3221,57.9875],[27.3217,57.9873],[27.3175,57.9853],[27.3114,57.9826],[27.3082,57.9816],[27.3058,57.981],[27.2994,57.9795],[27.2927,57.978]],[[27.2156,57.9461],[27.2125,57.9443],[27.2094,57.9433],[27.2086,57.9431],[27.2068,57.9425],[27.2002,57.9398],[27.1973,57.9387],[27.197,57.9385],[27.1962,57.9382],[27.1958,57.938],[27.1951,57.9377],[27.1912,57.9361],[27.1875,57.934],[27.1852,57.932],[27.1837,57.9301],[27.1828,57.9284],[27.1825,57.9253],[27.1825,57.9238],[27.1825,57.9229],[27.1825,57.9227],[27.1825,57.9222],[27.1826,57.9215],[27.1823,57.9198],[27.181,57.918],[27.1797,57.917],[27.1791,57.9165],[27.1786,57.9161],[27.1784,57.9156],[27.1782,57.9149],[27.1783,57.9141],[27.1784,57.9129],[27.1784,57.9099],[27.1779,57.9068],[27.1785,57.905],[27.1795,57.9035],[27.1801,57.9026],[27.1807,57.9017],[27.1812,57.9009],[27.1819,57.8999],[27.182,57.8996],[27.1823,57.8991],[27.183,57.8976],[27.183,57.897],[27.183,57.8967],[27.1821,57.8954],[27.182,57.8954],[27.1815,57.8948],[27.1786,57.8918],[27.1777,57.8911],[27.1774,57.8909],[27.1756,57.8903],[27.1677,57.8886],[27.1663,57.8884],[27.166,57.8884]],[[27.3429,58.0019],[27.341,58.0003],[27.3376,57.9974],[27.3362,57.996],[27.3357,57.9955],[27.3362,57.996]],[[27.356,58.0113],[27.3551,58.0109]],[[27.3335,57.9932],[27.3327,57.9927],[27.3323,57.9924],[27.3318,57.9922],[27.3309,57.9918],[27.3318,57.9922]],[[27.3351,57.9948],[27.3349,57.9946],[27.3347,57.9944],[27.3346,57.9943],[27.3346,57.9942],[27.334,57.9936],[27.3335,57.9932]],[[27.2871,57.9762],[27.2826,57.9742],[27.282,57.9739],[27.2773,57.9712],[27.272,57.968],[27.2701,57.9667],[27.2681,57.9649],[27.2635,57.96],[27.2608,57.9577],[27.2573,57.956],[27.2528,57.954],[27.2497,57.953],[27.2444,57.9514],[27.2437,57.9513],[27.2425,57.951],[27.2422,57.951],[27.2408,57.9507],[27.2406,57.9506],[27.2393,57.9504],[27.2392,57.9504],[27.2246,57.948],[27.224,57.9479],[27.2209,57.9474],[27.2185,57.947],[27.218,57.9469],[27.2165,57.9465],[27.2157,57.9461],[27.2156,57.9461]],[[27.0199,57.8441],[27.0201,57.8442],[27.0206,57.8443]],[[27.3309,57.9918],[27.3302,57.9914],[27.3294,57.9911],[27.3294,57.991],[27.3291,57.9909]],[[27.3436,58.0025],[27.3429,58.0019]],[[27.3438,58.0027],[27.3436,58.0025]],[[27.0284,57.8464],[27.0291,57.8466],[27.0299,57.8467],[27.0303,57.8469]],[[27.2906,57.9774],[27.2894,57.977],[27.2892,57.9769],[27.2883,57.9766],[27.2871,57.9762]],[[27.3357,57.9955],[27.3356,57.9953],[27.3355,57.9952],[27.3351,57.9948]],[[27.0195,57.8441],[27.0195,57.844]]]},"properties":{"ref":"65"}},
{"type":"Feature","geometry":{"type":"MultiLineString","coordinates":[[[25.6928,58.8788],[25.6932,58.8789],[25.6933,58.8789],[25.6936,58.879],[25.6945,58.8792],[25.6947,58.8793],[25.696,58.8795],[25.7002,58.8804],[25.7027,58.881],[25.7032,58.8811],[25.7042,58.8815],[25.7054,58.8822],[25.7072,58.8838],[25.7074,58.8839],[25.7114,58.8877],[25.7114,58.8878],[25.7117,58.888],[25.7123,58.8886],[25.7128,58.8891],[25.7129,58.8891],[25.7131,58.8893],[25.7137,58.8902],[25.7138,58.8907],[25.7138,58.891],[25.7137,58.8913],[25.7137,58.8914],[25.7136,58.8919],[25.7135,58.8921],[25.7135,58.8923],[25.7133,58.894],[25.7139,58.8946],[25.7166,58.8953],[25.7188,58.8955],[25.7218,58.8959],[25.7273,58.8965],[25.7274,58.8965],[25.7322,58.8969],[25.7342,58.8971],[25.7395,58.8975],[25.7412,58.8976],[25.742,58.8977],[25.7423,58.8977],[25.7453,58.8978],[25.7473,58.8976],[25.7475,58.8976],[25.748,58.8975],[25.7496,58.8973],[25.7537,58.8966],[25.7579,58.896],[25.7633,58.8962],[25.7659,58.8964],[25.7701,58.8966],[25.776,58.8967],[25.7821,58.8967],[25.7875,58.8969],[25.7923,58.8977],[25.7959,58.8986],[25.7989,58.8995],[25.8062,58.9018],[25.8099,58.903],[25.8129,58.904],[25.8161,58.9046],[25.8196,58.9051],[25.8318,58.906],[25.8342,58.9064],[25.8362,58.9068],[25.8427,58.9087],[25.8481,58.9103],[25.8574,58.913],[25.8634,58.9153],[25.8655,58.9159],[25.8698,58.9169],[25.8791,58.9195],[25.8814,58.9202],[25.8818,58.9203],[25.8833,58.9207],[25.8852,58.9212],[25.8854,58.9212],[25.8897,58.9223],[25.8902,58.9224],[25.8932,58.9231],[25.8939,58.9232],[25.8945,58.9234],[25.899,58.9248],[25.9012,58.9256],[25.9056,58.9274],[25.9108,58.9294],[25.9138,58.9306],[25.9214,58.9334],[25.9256,58.9345],[25.9259,58.9346],[25.9308,58.9353],[25.9382,58.9358],[25.9441,58.9363],[25.9531,58.9374],[25.9547,58.9376],[25.9595,58.9382],[25.96,58.9383],[25.9652,58.9391],[25.9677,58.9396],[25.9679,58.9396],[25.9686,58.9398],[25.9691,58.9399],[25.97,58.9401],[25.9714,58.9405],[25.9733,58.9411],[25.9756,58.9419],[25.9804,58.9438],[25.9807,58.9439],[25.9811,58.9441],[25.9817,58.9443],[25.987,58.9464],[25.989,58.9473],[25.9915,58.9482],[25.9921,58.9485],[25.9923,58.9486],[25.9932,58.9489],[25.9962,58.9501],[25.9969,58.9503],[25.999,58.9512],[26.0006,58.9519],[26.0018,58.9529],[26.0059,58.9556],[26.0065,58.9561],[26.009,58.9574],[26.0091,58.9575],[26.0092,58.9575],[26.0094,58.9575],[26.0095,58.9576],[26.0102,58.9578],[26.0103,58.9578],[26.011,58.958],[26.0111,58.958],[26.0112,58.9581],[26.0115,58.9582],[26.0131,58.9587],[26.0132,58.9587],[26.0151,58.9593],[26.0153,58.9594],[26.0175,58.9602],[26.019,58.9607],[26.0191,58.9607],[26.0199,58.961],[26.02,58.961],[26.021,58.9614],[26.0213,58.9615],[26.0223,58.9618],[26.0228,58.962],[26.0232,58.9621],[26.0243,58.9625],[26.025,58.9628],[26.0257,58.963],[26.0258,58.963],[26.0272,58.9635],[26.0274,58.9636],[26.0277,58.9637],[26.0282,58.9639],[26.0286,58.9641],[26.0288,58.9642],[26.0287,58.9645],[26.0286,58.9646],[26.0283,58.9649],[26.0278,58.9655],[26.0275,58.9658],[26.0265,58.9664],[26.0286,58.967],[26.0294,58.9672],[26.0314,58.9677],[26.0323,58.9682],[26.033,58.9692],[26.0343,58.971],[26.0345,58.9713],[26.0349,58.9718],[26.035,58.9719],[26.0363,58.9734],[26.0398,58.9752],[26.0466,58.9788],[26.0472,58.9793],[26.0475,58.9799],[26.0476,58.9805],[26.0476,58.9808],[26.0476,58.981],[26.0476,58.9812],[26.0476,58.9816],[26.0477,58.9819],[26.0476,58.9816]],[[25.6926,58.879],[25.693,58.8789],[25.6932,58.879],[25.6947,58.8793]],[[26.0291,58.9642],[26.029,58.9643],[26.0288,58.9642]],[[26.0288,58.9642],[26.0289,58.9641],[26.0291,58.9642]],[[26.029,58.9643],[26.0287,58.9645]],[[26.0282,58.9639],[26.0287,58.964],[26.0289,58.9641]]]},"properties":{"ref":"25"}},
{"type":"Feature","geometry":{"type":"MultiLineString","coordinates":[[[24.8019,59.0882],[24.804,59.0881],[24.8052,59.0881],[24.8064,59.088],[24.8083,59.0879],[24.8118,59.0868],[24.8138,59.0862],[24.818,59.0847],[24.8236,59.0828],[24.824,59.0826],[24.8246,59.0824],[24.8259,59.082],[24.8282,59.0812],[24.8286,59.081],[24.8299,59.0806],[24.8311,59.0803],[24.8339,59.0799],[24.8351,59.0798],[24.8435,59.079],[24.8463,59.0788],[24.8545,59.0786],[24.8585,59.0782],[24.8595,59.0781],[24.8604,59.0779],[24.8623,59.0776],[24.8662,59.077],[24.8684,59.0766],[24.8717,59.076],[24.8753,59.0757],[24.8787,59.0753],[24.8833,59.0749],[24.8892,59.074],[24.8912,59.0736],[24.9008,59.0715],[24.9012,59.0714],[24.9101,59.0695],[24.9137,59.0687],[24.914,59.0686],[24.9143,59.0685],[24.915,59.0683],[24.9213,59.0669],[24.923,59.0664],[24.9242,59.066],[24.9273,59.065],[24.9355,59.0616],[24.9393,59.0597],[24.9403,59.0592],[24.9441,59.0574],[24.9462,59.0566],[24.9497,59.0557],[24.9501,59.0557],[24.9504,59.0556]],[[24.9506,59.0554],[24.9509,59.0554],[24.9513,59.0554],[24.9521,59.0552],[24.9535,59.055],[24.959,59.0544],[24.9632,59.0542],[24.9677,59.0541],[24.9715,59.0548],[24.9755,59.0552],[24.9756,59.0552],[24.9788,59.0555],[24.9802,59.0555],[24.9803,59.0555],[24.9834,59.0555],[24.9882,59.0552],[24.9923,59.0548],[24.9958,59.0545],[25.0001,59.0543],[25.0026,59.0541],[25.0069,59.0537],[25.0076,59.0537],[25.0107,59.0536],[25.0145,59.0534],[25.0148,59.0534],[25.0187,59.0528],[25.0206,59.0522],[25.0223,59.0511],[25.0231,59.0498],[25.0238,59.0471],[25.0249,59.0457],[25.0268,59.0448],[25.0297,59.0435],[25.0309,59.043],[25.0311,59.0429],[25.0362,59.0406],[25.0389,59.0394],[25.0414,59.0385],[25.0438,59.038],[25.0499,59.0372],[25.0528,59.0371],[25.0602,59.0374],[25.0626,59.0375],[25.0687,59.0375],[25.0692,59.0375],[25.07,59.0376],[25.071,59.0376],[25.0723,59.0376],[25.0764,59.0382],[25.0815,59.0391],[25.084,59.0397],[25.0847,59.0399],[25.0852,59.04],[25.0866,59.0403],[25.0868,59.0403],[25.087,59.0404],[25.0899,59.041],[25.0936,59.0419],[25.0967,59.0424],[25.1001,59.0427],[25.1043,59.0432],[25.111,59.0447],[25.112,59.0449],[25.1122,59.0449],[25.1133,59.0452],[25.1148,59.0455],[25.1158,59.0457],[25.1162,59.0458],[25.1168,59.0461],[25.1179,59.0467],[25.1207,59.048],[25.1224,59.0489],[25.1249,59.05],[25.1271,59.051],[25.1315,59.0531],[25.1345,59.0547],[25.1365,59.0558],[25.1372,59.0562],[25.1385,59.057],[25.1387,59.0573],[25.139,59.0577],[25.1398,59.0592],[25.1408,59.0601],[25.1409,59.0601],[25.1452,59.062],[25.151,59.0642],[25.1512,59.0642],[25.1537,59.0655],[25.1539,59.0656],[25.1543,59.0661],[25.1544,59.0662],[25.156,59.0684],[25.1569,59.0696],[25.1584,59.0708],[25.1596,59.0719],[25.1597,59.0719],[25.1617,59.0729],[25.1628,59.0738],[25.1636,59.0748],[25.1642,59.0761],[25.1645,59.0766],[25.1663,59.0791],[25.1666,59.0794],[25.167,59.0797],[25.1699,59.0814],[25.1715,59.0822],[25.1746,59.0833],[25.1757,59.0841],[25.1763,59.0852],[25.1768,59.0859],[25.1764,59.0884],[25.1759,59.0891],[25.1736,59.0907],[25.172,59.0943],[25.1714,59.0964],[25.1693,59.1014],[25.1691,59.1018],[25.1689,59.1023],[25.1679,59.1036],[25.1672,59.1049],[25.1672,59.105],[25.1672,59.1054],[25.1672,59.1055],[25.1672,59.1061],[25.1672,59.1062],[25.1672,59.1067],[25.1672,59.1068],[25.1673,59.1069],[25.1673,59.1071],[25.1673,59.1072],[25.1673,59.1073],[25.1673,59.1076],[25.1674,59.108],[25.1675,59.1089],[25.1676,59.1093],[25.168,59.1125],[25.1684,59.1153],[25.1695,59.1172],[25.1704,59.1178],[25.1709,59.118],[25.1711,59.1181],[25.1731,59.1184],[25.1764,59.1184],[25.1796,59.1185],[25.1816,59.1185],[25.1854,59.1185],[25.1863,59.1188],[25.1907,59.1214],[25.1955,59.1242],[25.2004,59.1267],[25.2005,59.1267],[25.2025,59.1277],[25.2032,59.128],[25.2034,59.1281],[25.204,59.1283],[25.2041,59.1284],[25.2044,59.1286],[25.2045,59.1289],[25.2046,59.1296],[25.2046,59.1299],[25.2044,59.1306],[25.2026,59.1348],[25.2021,59.136],[25.2016,59.1374],[25.2016,59.1391],[25.2021,59.1417],[25.2022,59.1435],[25.2018,59.1446],[25.2014,59.1455],[25.1986,59.1482],[25.1954,59.1516],[25.1939,59.1532],[25.1913,59.156],[25.1905,59.1571],[25.1901,59.1579],[25.1902,59.1581],[25.1903,59.1581],[25.19,59.1584],[25.1899,59.1586],[25.1898,59.1591],[25.1898,59.1593],[25.19,59.1596],[25.1899,59.1597],[25.1898,59.1599],[25.1907,59.164],[25.1891,59.1642],[25.1839,59.165],[25.1831,59.1651],[25.1802,59.1656],[25.178,59.1662],[25.1779,59.1662],[25.1771,59.1664],[25.1765,59.1666],[25.1764,59.1667],[25.1763,59.1671],[25.1762,59.1673],[25.1758,59.1678],[25.1749,59.1692],[25.1736,59.1711],[25.1735,59.1712],[25.1708,59.1737],[25.1703,59.1749],[25.1702,59.175],[25.1702,59.1751],[25.1697,59.1762],[25.1697,59.1763],[25.1695,59.1767],[25.1694,59.1773],[25.1692,59.1778],[25.1689,59.1788],[25.1681,59.1802],[25.1676,59.1816],[25.1675,59.1824],[25.1676,59.1833],[25.1676,59.1835],[25.1676,59.1836],[25.1676,59.1837],[25.1674,59.1841],[25.1672,59.1843],[25.1671,59.1844],[25.1665,59.1848],[25.1664,59.1849],[25.166,59.1852],[25.1656,59.1854],[25.1655,59.1855],[25.1651,59.1858],[25.165,59.1859],[25.1646,59.1861],[25.1644,59.1862],[25.1644,59.1863],[25.1642,59.1864],[25.1644,59.1867],[25.1644,59.1863]],[[24.9508,59.0555],[24.9509,59.0555],[24.9513,59.0554]],[[24.9503,59.0555],[24.9501,59.0556],[24.9497,59.0557]],[[25.1898,59.1599],[25.1896,59.1597],[25.1895,59.1596],[25.1898,59.1593]],[[25.19,59.1584],[25.1898,59.1581],[25.1899,59.158],[25.1901,59.1579]]]},"properties":{"ref":"14"}},
{"type":"Feature","geometry":{"type":"MultiLineString","coordinates":[[[27.0741,58.0668],[27.0744,58.0668],[27.0749,58.0668],[27.0745,58.0669],[27.0743,58.0669]],[[27.0737,58.0671],[27.0733,58.0672],[27.0726,58.0673],[27.0732,58.0671],[27.0736,58.067]],[[27.0486,58.0585],[27.048,58.0583],[27.0483,58.0586]],[[27.0489,58.059],[27.0494,58.0592],[27.0492,58.0589]],[[27.0414,58.0526],[27.0411,58.0527],[27.041,58.0528],[27.041,58.0529],[27.041,58.0536],[27.0411,58.0543],[27.0416,58.0553],[27.0426,58.0561],[27.0445,58.057],[27.048,58.0583]],[[27.0718,58.0426],[27.0718,58.0431],[27.0737,58.0462],[27.0763,58.0503],[27.0763,58.0504],[27.0767,58.0513],[27.0771,58.0522],[27.078,58.0543],[27.0782,58.0549],[27.0783,58.0549],[27.0799,58.0588],[27.0805,58.0603],[27.0806,58.0605],[27.0808,58.0611],[27.0809,58.0611],[27.0817,58.0634],[27.081,58.0648],[27.0798,58.0655],[27.0797,58.0655],[27.0774,58.0662],[27.0768,58.0663],[27.0766,58.0664],[27.0756,58.0666],[27.0752,58.0667],[27.0749,58.0668]],[[27.0697,58.068],[27.0693,58.068],[27.069,58.0681],[27.0659,58.0686],[27.0641,58.0685],[27.0633,58.0682],[27.0628,58.0681],[27.0624,58.0679],[27.0621,58.0678],[27.0618,58.0677],[27.0612,58.0674],[27.0595,58.0667],[27.0592,58.0666],[27.059,58.0665],[27.0584,58.0662],[27.0582,58.0661],[27.058,58.066],[27.0578,58.0658],[27.054,58.0629],[27.0519,58.0613],[27.0519,58.0612],[27.0509,58.0605],[27.0499,58.0596],[27.0496,58.0594],[27.0494,58.0593],[27.0494,58.0592]],[[27.0726,58.0673],[27.0697,58.068]]]},"properties":{"ref":"87"}},
{"type":"Feature","geometry":{"type":"MultiLineString","coordinates":[[[24.5743,58.3575],[24.5747,58.3574],[24.5754,58.3574],[24.5748,58.3572],[24.5746,58.3572],[24.5745,58.3572],[24.5739,58.3575]],[[24.5745,58.357],[24.5745,58.3572],[24.5746,58.3571],[24.5748,58.3572],[24.5753,58.3573],[24.576,58.3574],[24.577,58.3578],[24.5754,58.3574]],[[24.7957,58.5051],[24.7958,58.5049],[24.7959,58.5048],[24.7961,58.5046],[24.7964,58.5043],[24.7983,58.5022],[24.7989,58.5016],[24.8021,58.4983],[24.8077,58.4923],[24.8086,58.4914],[24.8098,58.4901],[24.8102,58.4896],[24.8109,58.4888],[24.8111,58.4884],[24.8132,58.4867],[24.8133,58.4865],[24.8139,58.4858],[24.814,58.4855],[24.8144,58.4847],[24.8149,58.4835],[24.815,58.4832],[24.8147,58.4828],[24.8138,58.4825],[24.8133,58.4823],[24.8126,58.482],[24.8121,58.4818],[24.8117,58.4816],[24.8115,58.4815],[24.8113,58.4814],[24.8111,58.4813],[24.8107,58.481],[24.8102,58.4808],[24.8094,58.4803],[24.8087,58.4797],[24.8079,58.479],[24.8072,58.4783],[24.8067,58.4776],[24.8066,58.4775],[24.8061,58.4769],[24.8045,58.4756],[24.8042,58.4754],[24.8032,58.4749],[24.8031,58.4749],[24.8029,58.4748],[24.8017,58.4742],[24.8012,58.474],[24.8002,58.4735],[24.7898,58.4687],[24.7887,58.468],[24.7885,58.4678],[24.7869,58.4666],[24.7862,58.4661],[24.7857,58.4657],[24.785,58.4652],[24.783,58.463],[24.7826,58.4626],[24.7815,58.4609],[24.7802,58.4587],[24.7788,58.4562],[24.7784,58.4555],[24.7783,58.4554],[24.7782,58.4552],[24.7778,58.4545],[24.7776,58.4541],[24.777,58.4531],[24.7767,58.4527],[24.7751,58.4512],[24.7722,58.4495],[24.7701,58.4485],[24.7691,58.4481],[24.769,58.4481],[24.7677,58.4476],[24.7652,58.4466],[24.764,58.4462],[24.7562,58.4437],[24.7518,58.4423],[24.7459,58.4404],[24.7455,58.4402],[24.7426,58.4391],[24.7406,58.4383],[24.7392,58.4376],[24.7374,58.4367],[24.7351,58.4356],[24.7335,58.4345],[24.7319,58.4329],[24.7314,58.4322],[24.7302,58.4299],[24.7294,58.4289],[24.7274,58.4274],[24.7265,58.4268],[24.7252,58.4257],[24.7244,58.425],[24.7234,58.4242],[24.7209,58.4236],[24.7202,58.4235],[24.7177,58.4232],[24.716,58.4226],[24.7148,58.4211],[24.7147,58.4207],[24.7146,58.4204],[24.7144,58.4198],[24.7138,58.4191],[24.7126,58.4185],[24.7101,58.418],[24.7084,58.4178],[24.7038,58.4172],[24.6996,58.4164],[24.6941,58.4152],[24.6915,58.4146],[24.6865,58.4134],[24.6759,58.411],[24.6756,58.4109],[24.6738,58.4104],[24.6735,58.4103],[24.6732,58.4103],[24.6719,58.4097],[24.6712,58.4094],[24.6701,58.4089],[24.6687,58.4082],[24.6661,58.4065],[24.6658,58.4064],[24.6623,58.405],[24.6612,58.4045],[24.6607,58.4044],[24.6604,58.4043],[24.6585,58.4035],[24.6572,58.403],[24.6548,58.4021],[24.6523,58.4011],[24.6521,58.401],[24.6509,58.4003],[24.6498,58.3992],[24.6491,58.3986],[24.647,58.3964],[24.6469,58.3962],[24.6434,58.3926],[24.6428,58.3919],[24.6426,58.3917],[24.6419,58.3908],[24.6417,58.3906],[24.641,58.3893],[24.6408,58.3889],[24.6407,58.3886],[24.6405,58.3882],[24.64,58.3871],[24.6399,58.387],[24.6395,58.3863],[24.6394,58.3861],[24.6391,58.3857],[24.6378,58.3846],[24.6375,58.3844],[24.6361,58.3836],[24.6332,58.3819],[24.6314,58.3808],[24.6302,58.3801],[24.6288,58.3793],[24.628,58.3788],[24.625,58.377],[24.6239,58.3763],[24.6233,58.376],[24.623,58.376],[24.6229,58.3759],[24.6226,58.3757],[24.6214,58.3751],[24.6208,58.375],[24.6199,58.3747],[24.6192,58.3746],[24.6191,58.3745],[24.6184,58.3744],[24.6182,58.3743],[24.6178,58.3742],[24.6168,58.374],[24.6167,58.374],[24.6165,58.3739],[24.6158,58.3738],[24.6154,58.3736],[24.6144,58.3734],[24.6142,58.3734],[24.6141,58.3733],[24.6139,58.3733],[24.613,58.373],[24.6129,58.3729],[24.6125,58.3728],[24.6104,58.372],[24.6099,58.3718],[24.6095,58.3716],[24.6078,58.371],[24.6069,58.3706],[24.6052,58.3699],[24.5986,58.3673],[24.5979,58.3671],[24.5983,58.367],[24.5985,58.367],[24.5986,58.3671],[24.5986,58.3673]],[[24.5818,58.36],[24.582,58.3601],[24.5826,58.3604],[24.5834,58.3607],[24.5863,58.3621],[24.5873,58.3628],[24.5876,58.3629],[24.5896,58.3642],[24.5912,58.3655],[24.5924,58.366],[24.5952,58.3666],[24.5963,58.3668],[24.5979,58.3671]],[[24.6229,58.3759],[24.6231,58.3758],[24.6233,58.3758],[24.6233,58.376]],[[24.6062,58.3703],[24.6065,58.3704],[24.6069,58.3706],[24.6079,58.371],[24.6094,58.3715],[24.6097,58.3716],[24.6099,58.3717],[24.6104,58.3719],[24.6117,58.3724],[24.6118,58.3724],[24.6125,58.3727],[24.6126,58.3728],[24.6129,58.3729],[24.6134,58.3731],[24.6141,58.3733],[24.6143,58.3733],[24.6145,58.3734],[24.6146,58.3734],[24.6155,58.3736],[24.6159,58.3737],[24.6165,58.3739],[24.6168,58.3739],[24.6169,58.3739],[24.6179,58.3742],[24.6183,58.3743],[24.6191,58.3745],[24.6192,58.3745],[24.6199,58.3747],[24.6209,58.3749],[24.6215,58.3751],[24.6228,58.3756],[24.6231,58.3758]],[[24.577,58.3578],[24.5771,58.3578],[24.5772,58.3579],[24.5806,58.3595],[24.5809,58.3596],[24.5814,58.3598],[24.5818,58.36]],[[24.6394,58.3861],[24.6401,58.3871],[24.6402,58.3873],[24.6404,58.3878],[24.6405,58.3882]],[[24.6052,58.3699],[24.6062,58.3703]]]},"properties":{"ref":"59"}},
{"type":"Feature","geometry":{"type":"MultiLineString","coordinates":[[[22.7465,58.994],[22.7463,58.994],[22.7459,58.994],[22.7457,58.994],[22.7445,58.9941],[22.7443,58.9941],[22.7428,58.9939],[22.742,58.9938],[22.7388,58.9937],[22.7381,58.9936],[22.738,58.9936],[22.7372,58.9936],[22.7364,58.9936],[22.7349,58.9935],[22.7345,58.9935],[22.733,58.9937],[22.7323,58.9939],[22.7315,58.994],[22.7311,58.994],[22.7309,58.9941],[22.7304,58.9941],[22.7299,58.9942],[22.7292,58.9943],[22.7281,58.9943],[22.7254,58.9944],[22.7228,58.9947],[22.721,58.9949],[22.7203,58.995],[22.7194,58.9951],[22.7176,58.9955],[22.7139,58.9963],[22.7123,58.9967],[22.7089,58.9975],[22.7083,58.9977],[22.7078,58.9978],[22.7054,58.9986],[22.6908,59.0037],[22.6894,59.0042],[22.686,59.0059],[22.6824,59.0079],[22.6796,59.0095],[22.6793,59.0096],[22.678,59.01],[22.6776,59.0101],[22.6761,59.0104],[22.6726,59.0106],[22.6713,59.0107],[22.665,59.0107],[22.6553,59.0104],[22.6551,59.0104],[22.6483,59.0103],[22.6476,59.0103],[22.6472,59.0103],[22.6456,59.0102],[22.6439,59.0102],[22.6437,59.0102],[22.6377,59.0101],[22.6347,59.01],[22.6286,59.0091],[22.6208,59.0079],[22.6194,59.0077],[22.6192,59.0076],[22.6179,59.0074],[22.6177,59.0074],[22.6144,59.0069],[22.6086,59.006],[22.5981,59.0043],[22.5904,59.0031],[22.5889,59.0029],[22.5869,59.0026],[22.5866,59.0025],[22.5846,59.0022],[22.5832,59.0022],[22.578,59.0028],[22.5707,59.0037],[22.5682,59.0039],[22.5635,59.0041],[22.5597,59.004],[22.5556,59.0038],[22.5498,59.0031],[22.5491,59.003],[22.5479,59.0028],[22.5474,59.0027],[22.5395,59.0012],[22.5349,59],[22.5328,58.9993],[22.5305,58.9979],[22.5289,58.9967],[22.527,58.9949],[22.5266,58.9947],[22.5223,58.9928],[22.5211,58.9922],[22.5196,58.9912],[22.5194,58.9911],[22.5177,58.9897],[22.5146,58.9872],[22.5135,58.9861],[22.5118,58.9838],[22.5114,58.9832],[22.5113,58.983],[22.5111,58.9825],[22.511,58.9824],[22.5096,58.9807],[22.5082,58.9797],[22.5039,58.9779],[22.502,58.9774],[22.4986,58.977],[22.4982,58.9769],[22.4972,58.9769],[22.4957,58.9766],[22.4946,58.9763],[22.4944,58.9762],[22.4939,58.976],[22.4934,58.9759],[22.4933,58.9759],[22.4929,58.9757],[22.4922,58.9756],[22.4919,58.9755],[22.4915,58.9754],[22.487,58.9747],[22.4841,58.9742],[22.4832,58.974],[22.4827,58.9737],[22.4825,58.9736],[22.4816,58.9729],[22.478,58.9699],[22.4764,58.9678],[22.4759,58.966],[22.476,58.9643],[22.4768,58.9619],[22.4766,58.9611],[22.476,58.9605],[22.4721,58.9583],[22.4716,58.9581],[22.4678,58.9567],[22.4651,58.9561],[22.4607,58.9558],[22.456,58.9555],[22.4546,58.9554],[22.4522,58.9552],[22.4422,58.9537],[22.4383,58.9531],[22.4381,58.9531],[22.4344,58.9521],[22.432,58.9512],[22.4277,58.9492],[22.427,58.9488],[22.4253,58.9475],[22.424,58.9465],[22.4222,58.9455],[22.4221,58.9455],[22.421,58.9451],[22.4187,58.9442],[22.4149,58.9418],[22.4126,58.9403],[22.4105,58.9393],[22.3986,58.9345],[22.3984,58.9344],[22.3963,58.9336],[22.3933,58.9325],[22.3915,58.9321],[22.3914,58.9321],[22.3906,58.932],[22.3888,58.9317]],[[22.7469,58.994],[22.7472,58.9939],[22.7468,58.9939]],[[22.7464,58.9939],[22.7463,58.9939],[22.7457,58.994]],[[23.0439,58.8648],[23.0428,58.8647],[23.0439,58.8649]],[[22.94,58.8829],[22.9387,58.8841],[22.9346,58.8888],[22.9339,58.8897],[22.9322,58.894],[22.9318,58.8979],[22.9317,58.8984],[22.9302,58.9028],[22.9263,58.9141],[22.925,58.9173],[22.923,58.9212],[22.9228,58.9217],[22.9226,58.922],[22.9188,58.9294],[22.9176,58.9311],[22.9166,58.9318],[22.9151,58.9326],[22.9145,58.9329],[22.9111,58.9346],[22.9052,58.9377],[22.9033,58.9386],[22.902,58.9393],[22.8995,58.9405],[22.8951,58.9428],[22.891,58.9449],[22.8883,58.9462],[22.8864,58.9472],[22.877,58.952],[22.8757,58.9526],[22.8657,58.9558],[22.8642,58.9563],[22.8638,58.9564],[22.8605,58.9574],[22.8562,58.9588],[22.8478,58.9614],[22.8441,58.9626],[22.8428,58.963],[22.8416,58.9634],[22.8412,58.9635],[22.8411,58.9635],[22.8404,58.9638],[22.8353,58.9655],[22.8334,58.9664],[22.8261,58.9708],[22.826,58.9708],[22.8227,58.9728],[22.8222,58.9731],[22.8176,58.9757],[22.8171,58.9759],[22.8165,58.9762],[22.8161,58.9764],[22.8124,58.978],[22.8119,58.9783],[22.8109,58.9792],[22.8106,58.9795],[22.8077,58.9816],[22.8059,58.9824],[22.7946,58.9872],[22.7911,58.9886],[22.7906,58.9888],[22.7901,58.989],[22.7896,58.9892],[22.7884,58.9895],[22.7867,58.9896],[22.7852,58.9894],[22.7851,58.9893],[22.7801,58.9885],[22.7736,58.9878],[22.7722,58.9878],[22.7713,58.9878],[22.7704,58.9879],[22.7701,58.9879],[22.7692,58.9881],[22.7665,58.9886],[22.7653,58.9888],[22.765,58.9889],[22.7642,58.989],[22.7634,58.9892],[22.7625,58.9893],[22.7604,58.9897],[22.7599,58.9898],[22.7597,58.9899],[22.7591,58.99],[22.7581,58.9902],[22.758,58.9903],[22.7577,58.9903],[22.7569,58.9906],[22.7558,58.9909],[22.7555,58.991],[22.7553,58.991],[22.7547,58.9912],[22.7542,58.9914],[22.7537,58.9915],[22.7535,58.9916],[22.7527,58.9919],[22.7523,58.992],[22.752,58.9921],[22.7516,58.9923],[22.7513,58.9924],[22.7496,58.9931],[22.7489,58.9933],[22.7472,58.9939]],[[22.98,58.8656],[22.9792,58.8657],[22.9749,58.8669],[22.9746,58.867],[22.9663,58.8698],[22.9653,58.8703],[22.9623,58.8719],[22.9611,58.8726],[22.9572,58.8749],[22.9553,58.8754],[22.9545,58.8755],[22.9518,58.8761],[22.9504,58.8766],[22.9466,58.8788],[22.94,58.8829]],[[23.041,58.8643],[23.0399,58.8641],[23.0397,58.8641],[23.0377,58.8639],[23.0368,58.8638],[23.0354,58.864],[23.0334,58.8644],[23.0325,58.8645],[23.0302,58.865],[23.0294,58.8651],[23.0272,58.8655],[23.0251,58.8659],[23.0196,58.8669],[23.017,58.8674],[23.0139,58.8676],[23.009,58.8677],[23.0046,58.8679],[23.0013,58.868],[22.9983,58.8679],[22.9858,58.8659],[22.9823,58.8655],[22.98,58.8656]],[[23.0428,58.8647],[23.0423,58.8646],[23.0422,58.8645],[23.0412,58.8644],[23.041,58.8643]]]},"properties":{"ref":"80"}},
{"type":"Feature","geometry":{"type":"LineString","coordinates":[[22.6906,59.0708],[22.689,59.0696],[22.6885,59.0691],[22.6878,59.0681],[22.6871,59.0665],[22.6865,59.0651],[22.6849,59.0612],[22.6838,59.0591],[22.6819,59.0545],[22.6816,59.0528],[22.6818,59.0498],[22.6813,59.0469],[22.6815,59.0445],[22.6815,59.0436],[22.6816,59.0428],[22.6826,59.0387],[22.6819,59.0368],[22.6801,59.0347],[22.6795,59.0342],[22.6764,59.0319],[22.6761,59.0317],[22.6736,59.0299],[22.6727,59.0288],[22.6722,59.0272],[22.672,59.0236],[22.672,59.0176],[22.6714,59.011],[22.6714,59.0108],[22.6713,59.0107]]},"properties":{"ref":"82"}},
{"type":"Feature","geometry":{"type":"MultiLineString","coordinates":[[[22.3888,58.9317],[22.3897,58.9303],[22.3911,58.9291],[22.3911,58.9266],[22.3903,58.9252],[22.3904,58.9245],[22.3918,58.9219],[22.3917,58.9219],[22.3912,58.921],[22.3912,58.9202],[22.3911,58.9182],[22.3909,58.9176],[22.3893,58.9165],[22.389,58.9159],[22.3874,58.9136],[22.387,58.9126],[22.3876,58.9118],[22.3919,58.9096],[22.3948,58.9089],[22.3955,58.908],[22.3963,58.9079],[22.4015,58.9075],[22.4039,58.907],[22.4079,58.9049],[22.4082,58.9047],[22.4156,58.9005],[22.4259,58.8943],[22.4285,58.8928],[22.4302,58.8921],[22.432,58.8913],[22.4346,58.8898],[22.4384,58.8864],[22.4387,58.886],[22.4429,58.8821],[22.4471,58.8784],[22.4517,58.8743],[22.4533,58.8721],[22.4549,58.8704],[22.4641,58.8628],[22.4649,58.8614],[22.464,58.8553],[22.4642,58.8536],[22.4651,58.8508],[22.4652,58.8505],[22.4653,58.8502],[22.4654,58.8498],[22.4674,58.8439],[22.4691,58.8387],[22.4695,58.8373],[22.4694,58.8346],[22.4692,58.8273],[22.4691,58.8227],[22.4702,58.8198],[22.471,58.8186],[22.4729,58.8167],[22.4735,58.8162],[22.4762,58.8137],[22.4793,58.811],[22.4796,58.8107],[22.4813,58.8092],[22.4833,58.8076],[22.4842,58.8063],[22.4855,58.7989],[22.4855,58.7981],[22.4852,58.7959],[22.4851,58.7935],[22.4865,58.7919],[22.4885,58.79],[22.4895,58.789],[22.4905,58.788],[22.4907,58.7878],[22.4914,58.7872],[22.4927,58.7859],[22.493,58.7856],[22.4932,58.7855],[22.494,58.7848],[22.4945,58.7844],[22.4964,58.7833],[22.5042,58.7784],[22.5043,58.7783],[22.5063,58.7768],[22.5066,58.7764],[22.5067,58.7754],[22.506,58.7715],[22.5061,58.771],[22.5067,58.7697],[22.5091,58.7669],[22.5101,58.7654],[22.5108,58.7636],[22.5115,58.7627],[22.5135,58.7614],[22.5143,58.7608],[22.5158,58.759],[22.5164,58.7576],[22.5163,58.7561],[22.5163,58.7557],[22.5169,58.7546],[22.5179,58.7536],[22.518,58.7535],[22.5232,58.75],[22.525,58.7484],[22.5258,58.7473],[22.5274,58.7447],[22.5304,58.7416],[22.5326,58.7402],[22.535,58.7393],[22.5416,58.7376],[22.5432,58.7367],[22.5443,58.7355],[22.5456,58.7326],[22.5468,58.7313],[22.5494,58.7298],[22.5535,58.7282],[22.5585,58.7258],[22.5616,58.724],[22.5621,58.7233],[22.5639,58.7198],[22.5645,58.7192],[22.568,58.7176],[22.5714,58.7164],[22.5767,58.7142],[22.5801,58.7132],[22.5856,58.7116],[22.5868,58.7109],[22.5874,58.71],[22.5878,58.7092],[22.5885,58.7084],[22.5887,58.7082],[22.5902,58.7076],[22.5946,58.7069],[22.597,58.7058],[22.5973,58.7055]],[[22.5975,58.7055],[22.5974,58.7056],[22.597,58.7058]]]},"properties":{"ref":"84"}},
{"type":"Feature","geometry":{"type":"MultiLineString","coordinates":[[[22.7883,58.8348],[22.7892,58.8349],[22.7901,58.835],[22.7928,58.8352],[22.7973,58.8352],[22.7995,58.8351],[22.803,58.8349],[22.8033,58.8348],[22.8034,58.8348],[22.8101,58.8338],[22.8155,58.833],[22.82,58.8324],[22.8235,58.8324],[22.8274,58.8328],[22.8294,58.8332],[22.8299,58.8333],[22.8344,58.8344],[22.837,58.8352],[22.8401,58.8364],[22.8414,58.8372],[22.8422,58.8379],[22.8435,58.8392],[22.8437,58.8394],[22.8497,58.8449],[22.8507,58.8455],[22.8532,58.8462],[22.8568,58.8464],[22.857,58.8464],[22.8598,58.8465],[22.8635,58.847],[22.8715,58.8495],[22.8794,58.8519],[22.8841,58.8534],[22.8884,58.8547],[22.9086,58.8609],[22.9128,58.8622],[22.9136,58.8624],[22.9139,58.8625],[22.9164,58.8633],[22.9177,58.8637],[22.9187,58.864],[22.9274,58.8667],[22.9299,58.8674],[22.934,58.8687],[22.9357,58.8692],[22.9371,58.8696],[22.9374,58.8697],[22.9391,58.8702],[22.942,58.8708],[22.9435,58.8711],[22.9444,58.8713],[22.9483,58.872],[22.9489,58.8722],[22.9522,58.8727],[22.9527,58.8727],[22.9533,58.8727],[22.9543,58.8727],[22.955,58.8727],[22.9584,58.8722],[22.9588,58.8721],[22.9596,58.8718],[22.9612,58.8713],[22.9646,58.8703],[22.9653,58.8703]],[[22.7878,58.8349],[22.7875,58.8349],[22.7869,58.8347],[22.7876,58.8347],[22.7878,58.8347]],[[22.7883,58.8349],[22.7892,58.8349]],[[22.5973,58.7055],[22.5975,58.7055],[22.5987,58.7058],[22.599,58.7059],[22.5993,58.706],[22.6014,58.7066],[22.6021,58.7069],[22.6045,58.7079],[22.6059,58.7086],[22.6092,58.7104],[22.6102,58.711],[22.612,58.7121],[22.6139,58.714],[22.6144,58.7148],[22.6153,58.7163],[22.616,58.7182],[22.6176,58.7223],[22.6182,58.7231],[22.6203,58.7247],[22.6255,58.7278],[22.6264,58.7288],[22.6267,58.7294],[22.6269,58.7297],[22.6276,58.7314],[22.6277,58.7329],[22.6267,58.7349],[22.6265,58.7351],[22.6257,58.7367],[22.6255,58.7372],[22.6254,58.7377],[22.6256,58.7387],[22.6264,58.7397],[22.6296,58.7428],[22.6302,58.7434],[22.6307,58.7439],[22.6341,58.7473],[22.6346,58.7482],[22.6347,58.7488],[22.6347,58.7496],[22.6347,58.7507],[22.6347,58.7511],[22.6347,58.7514],[22.6347,58.7516],[22.6347,58.7518],[22.6348,58.7524],[22.6355,58.754],[22.6356,58.7543],[22.6358,58.755],[22.6361,58.7558],[22.6365,58.7562],[22.6385,58.7582],[22.6411,58.7596],[22.6438,58.7605],[22.649,58.762],[22.652,58.7629],[22.654,58.7638],[22.6567,58.7649],[22.6612,58.7675],[22.6678,58.7713],[22.6716,58.7738],[22.6768,58.7773],[22.6769,58.7773],[22.6813,58.7793],[22.6828,58.78],[22.6862,58.7809],[22.6934,58.7826],[22.697,58.7835],[22.6978,58.7837],[22.6988,58.7839],[22.7025,58.7847],[22.7053,58.7855],[22.7074,58.7864],[22.7093,58.7874],[22.7095,58.7876],[22.7125,58.7896],[22.7133,58.7904],[22.716,58.7941],[22.7186,58.7977],[22.7216,58.8018],[22.7232,58.8034],[22.7234,58.8035],[22.7236,58.8037],[22.7245,58.8045],[22.7269,58.8067],[22.7279,58.8076],[22.7281,58.8078],[22.7312,58.8106],[22.733,58.8123],[22.7331,58.8123],[22.7353,58.8144],[22.7373,58.8164],[22.7382,58.8174],[22.7401,58.8193],[22.7404,58.8196],[22.7426,58.8214],[22.7427,58.8214],[22.7455,58.8232],[22.7482,58.8244],[22.7486,58.8246],[22.7495,58.8249],[22.7498,58.8251],[22.7532,58.8262],[22.76,58.8281],[22.7678,58.8303],[22.7707,58.8311],[22.7713,58.8313],[22.7716,58.8313],[22.7717,58.8313],[22.772,58.8314],[22.772,58.8315],[22.772,58.8316],[22.7718,58.8316],[22.7715,58.8315],[22.7714,58.8315],[22.7716,58.8313]],[[22.7714,58.8315],[22.7712,58.8313],[22.7707,58.8311]],[[22.7761,58.8327],[22.7794,58.8335],[22.7846,58.8344],[22.7869,58.8347]],[[22.7761,58.8327],[22.7722,58.8316],[22.772,58.8316]],[[22.772,58.8314],[22.7723,58.8316],[22.7747,58.8323],[22.7761,58.8327]]]},"properties":{"ref":"83"}},
{"type":"Feature","geometry":{"type":"MultiLineString","coordinates":[[[22.7466,58.9938],[22.7467,58.9937],[22.7469,58.9935],[22.7469,58.9938],[22.7468,58.9939]],[[22.7882,58.8347],[22.7881,58.8344],[22.7882,58.8344],[22.7882,58.8338],[22.788,58.8334],[22.7869,58.8328],[22.7864,58.8325],[22.7857,58.8323],[22.7855,58.8322],[22.7849,58.832],[22.7835,58.8313],[22.7828,58.831],[22.7827,58.831],[22.7825,58.8309],[22.7822,58.8308],[22.7815,58.8305],[22.7801,58.8302],[22.7787,58.8297],[22.7783,58.8294],[22.778,58.8292],[22.7774,58.8287],[22.777,58.8284],[22.7766,58.828],[22.7765,58.8278],[22.7763,58.8273],[22.7763,58.8272],[22.7757,58.827],[22.7749,58.8268],[22.7748,58.8268],[22.7747,58.8268],[22.7741,58.8268],[22.774,58.8268],[22.7735,58.8268],[22.7726,58.827],[22.7725,58.8271],[22.7719,58.8268],[22.7726,58.827]],[[22.7495,58.8249],[22.7498,58.8248],[22.7503,58.8246],[22.7516,58.8237],[22.752,58.8237],[22.7593,58.8248],[22.7609,58.8251],[22.7622,58.8254],[22.7626,58.8255],[22.7651,58.826],[22.7658,58.8261],[22.7666,58.8262],[22.7672,58.8263],[22.768,58.8264],[22.7688,58.8265],[22.77,58.8266],[22.7702,58.8266],[22.7715,58.8268],[22.7719,58.8268]],[[22.7879,58.835],[22.7878,58.8352],[22.7881,58.835]],[[22.7879,58.8347],[22.7881,58.8344]],[[22.7469,58.9935],[22.7475,58.9923],[22.748,58.9911],[22.7484,58.9905],[22.7529,58.9873],[22.7533,58.987],[22.7539,58.9866],[22.754,58.9865],[22.7552,58.9858],[22.7556,58.9856],[22.7566,58.9849],[22.7571,58.984],[22.7578,58.9828],[22.7579,58.9826],[22.7582,58.982],[22.7583,58.9818],[22.7583,58.982],[22.7579,58.9826]],[[22.7596,58.9796],[22.7597,58.9794],[22.7598,58.9791],[22.7601,58.9786],[22.7604,58.9782],[22.7608,58.9774],[22.7625,58.9748],[22.7641,58.9738],[22.7666,58.9728],[22.7677,58.972],[22.7685,58.9708],[22.7697,58.9695],[22.7728,58.9666],[22.7729,58.9654],[22.7719,58.9631],[22.7718,58.9624],[22.7719,58.9619],[22.7719,58.9617],[22.7731,58.959],[22.7732,58.9586],[22.7733,58.9583],[22.7734,58.9573],[22.7734,58.9568],[22.7732,58.9559],[22.7732,58.9558],[22.7727,58.9536],[22.7726,58.9533],[22.7722,58.9514],[22.7722,58.9513],[22.7715,58.9477],[22.7727,58.9456],[22.7761,58.9413],[22.7774,58.9389],[22.7786,58.9379],[22.7811,58.9366],[22.782,58.9353],[22.7828,58.9328],[22.7844,58.9291],[22.7864,58.9271],[22.7885,58.9257],[22.7889,58.9255],[22.7905,58.9244],[22.7914,58.9239],[22.792,58.9235],[22.7939,58.9221],[22.7943,58.9204],[22.7944,58.9192],[22.7945,58.9187],[22.7945,58.9181],[22.7943,58.9166],[22.794,58.9159],[22.7929,58.913],[22.7912,58.9074],[22.7903,58.9042],[22.7869,58.8925],[22.785,58.8863],[22.7826,58.8779],[22.7826,58.8755],[22.7826,58.8754],[22.7826,58.8753],[22.7829,58.8737],[22.7839,58.8692],[22.784,58.8684],[22.7845,58.8662],[22.786,58.8587],[22.7859,58.8565],[22.7856,58.856],[22.7852,58.8556],[22.7836,58.8544],[22.783,58.8541],[22.7826,58.8537],[22.7815,58.8523],[22.7804,58.8508],[22.7801,58.8499],[22.7806,58.8482],[22.7812,58.8458],[22.7808,58.844],[22.7801,58.8422],[22.78,58.8417],[22.7801,58.8409],[22.7809,58.8397],[22.7835,58.8378],[22.7873,58.8357],[22.7878,58.8352]],[[22.7595,58.9797],[22.7596,58.9796]],[[22.7583,58.9818],[22.7584,58.9817],[22.7585,58.9815],[22.7591,58.9805],[22.7595,58.9797]]]},"properties":{"ref":"81"}},
{"type":"Feature","geometry":{"type":"MultiLineString","coordinates":[[[24.1097,58.9036],[24.1103,58.9037],[24.1154,58.905],[24.1177,58.9056],[24.1185,58.9058],[24.1201,58.9062],[24.1234,58.907],[24.127,58.9077],[24.1298,58.9081],[24.1303,58.9082],[24.1312,58.9083],[24.1341,58.9085],[24.1353,58.9086],[24.1391,58.909],[24.1418,58.9095],[24.1464,58.911],[24.1501,58.9124],[24.1531,58.9136],[24.1538,58.9138],[24.1575,58.9153],[24.1579,58.9154],[24.1588,58.9158],[24.1634,58.9169],[24.1658,58.9172],[24.1666,58.9172],[24.1673,58.9173],[24.1683,58.9173],[24.1687,58.9173],[24.1697,58.9173],[24.1717,58.9172],[24.1726,58.9172],[24.179,58.9171],[24.1811,58.9171],[24.1887,58.9169],[24.1909,58.9168],[24.1957,58.9158],[24.2004,58.9138],[24.203,58.912],[24.2062,58.9096],[24.2082,58.9081],[24.2107,58.9062],[24.2128,58.9048],[24.2144,58.9039],[24.2166,58.903],[24.221,58.9017],[24.2247,58.9005],[24.2248,58.9005],[24.2268,58.8993],[24.2306,58.8965],[24.2341,58.8951],[24.2355,58.8947],[24.2367,58.8945],[24.2385,58.8942],[24.2413,58.8939],[24.2467,58.8939],[24.2498,58.8943],[24.2502,58.8944],[24.2543,58.8953],[24.2574,58.8963],[24.2602,58.8974],[24.2665,58.9001],[24.267,58.9004],[24.2689,58.9012],[24.2696,58.9015],[24.2697,58.9016],[24.2721,58.9027],[24.2816,58.907],[24.2826,58.9075],[24.2859,58.9094],[24.2877,58.9108],[24.289,58.912],[24.2898,58.9128],[24.2904,58.9135],[24.2908,58.9141],[24.2914,58.9152],[24.2918,58.9158],[24.2948,58.921],[24.2971,58.923],[24.3006,58.9248],[24.3022,58.9254],[24.3033,58.9258],[24.3058,58.9268],[24.3065,58.927],[24.3071,58.9271],[24.3089,58.9274],[24.3155,58.9283],[24.3165,58.9284],[24.3212,58.929],[24.3259,58.9302],[24.3307,58.9314],[24.3322,58.9318],[24.3333,58.9321],[24.3385,58.9334],[24.3443,58.9344],[24.3503,58.9349],[24.3514,58.9349],[24.3561,58.9348],[24.3604,58.9345],[24.3642,58.9339],[24.3673,58.9333],[24.3687,58.933],[24.3699,58.9328],[24.3719,58.9324],[24.3722,58.9324],[24.3758,58.9317],[24.3787,58.931],[24.3814,58.9301],[24.3903,58.9269],[24.3948,58.9255],[24.3961,58.9252],[24.3965,58.9251],[24.3978,58.9248],[24.3999,58.9243],[24.4016,58.9239],[24.4049,58.9231],[24.4059,58.9228],[24.4097,58.9214],[24.4146,58.9191],[24.416,58.9185],[24.4245,58.9146],[24.4255,58.9142],[24.4256,58.9141],[24.4257,58.9141],[24.4291,58.9125],[24.4295,58.9124],[24.4311,58.9119],[24.4317,58.9118],[24.4318,58.9117],[24.4321,58.9117],[24.4324,58.9117],[24.4327,58.9116],[24.4328,58.9118],[24.4329,58.9119],[24.4334,58.9125],[24.4339,58.9129],[24.4354,58.9145],[24.4365,58.9157],[24.4366,58.9158],[24.4375,58.9163],[24.4377,58.9164],[24.4378,58.9164],[24.4387,58.9166],[24.439,58.9167],[24.4396,58.9168],[24.4403,58.9169],[24.4409,58.917],[24.4418,58.9171],[24.4421,58.9172],[24.443,58.9173],[24.4421,58.9172]],[[24.4591,58.9233],[24.4588,58.9233],[24.4584,58.9232],[24.4574,58.9223],[24.4571,58.9221],[24.457,58.922],[24.4567,58.9218],[24.4566,58.9217],[24.456,58.9214],[24.4553,58.9211],[24.4533,58.9202],[24.4515,58.9196],[24.4512,58.9195],[24.4497,58.919],[24.4483,58.9185],[24.4481,58.9184],[24.4465,58.9179],[24.4459,58.9178],[24.445,58.9176],[24.4444,58.9175],[24.4432,58.9173],[24.443,58.9173]],[[24.4591,58.9233],[24.4589,58.9234],[24.4586,58.9234],[24.4584,58.9232]],[[24.4328,58.9118],[24.4324,58.9117]]]},"properties":{"ref":"29"}},
{"type":"Feature","geometry":{"type":"MultiLineString","coordinates":[[[24.7708,58.9946],[24.7707,58.9944],[24.7706,58.9943],[24.7708,58.9944],[24.7711,58.9943]],[[24.7717,58.9945],[24.7718,58.9946],[24.7719,58.9948],[24.7717,58.9947],[24.7713,58.9948]],[[24.4611,58.9281],[24.4618,58.9281],[24.4624,58.9281],[24.4617,58.9281],[24.4611,58.9281]],[[24.7884,58.9954],[24.7881,58.9955],[24.7872,58.9956],[24.788,58.9954],[24.7882,58.9953]],[[24.4624,58.9281],[24.4627,58.9281],[24.4642,58.9281],[24.4649,58.9281],[24.4671,58.9281],[24.4738,58.9292],[24.4771,58.9293],[24.4774,58.9293],[24.4782,58.9292],[24.48,58.929],[24.4807,58.9288],[24.4834,58.9284],[24.4871,58.9277],[24.4878,58.9276],[24.4932,58.9268],[24.4965,58.9267],[24.5007,58.927],[24.5027,58.9274],[24.5042,58.9277],[24.5291,58.9341],[24.5326,58.9349],[24.544,58.9378],[24.5488,58.939],[24.5534,58.9402],[24.5536,58.9402],[24.5623,58.9424],[24.5662,58.943],[24.5836,58.9453],[24.585,58.9455],[24.5895,58.9461],[24.6088,58.9487],[24.6111,58.9489],[24.6187,58.9491],[24.6212,58.9492],[24.6338,58.9496],[24.6572,58.9503],[24.6675,58.9507],[24.6688,58.9508],[24.6707,58.9509],[24.6712,58.9509],[24.6715,58.9509],[24.6791,58.9511],[24.6832,58.9512],[24.6872,58.9518],[24.6875,58.9519],[24.6896,58.9525],[24.6927,58.954],[24.6937,58.9545],[24.6962,58.9557],[24.6999,58.9576],[24.7017,58.9585],[24.7046,58.9601],[24.7059,58.9612],[24.7094,58.9641],[24.7103,58.9649],[24.7124,58.9659],[24.7147,58.9665],[24.7167,58.967],[24.7174,58.9672],[24.7185,58.9677],[24.7188,58.9679],[24.7193,58.9682],[24.7198,58.9686],[24.7202,58.969],[24.7205,58.9693],[24.7208,58.9697],[24.7212,58.9701],[24.7216,58.9707],[24.7218,58.9709],[24.7221,58.9713],[24.7233,58.9726],[24.7243,58.9739],[24.7261,58.9758],[24.7274,58.9767],[24.7275,58.9767],[24.7315,58.9787],[24.7349,58.9804],[24.7354,58.9806],[24.7356,58.9808],[24.7362,58.981],[24.7373,58.9815],[24.738,58.9818],[24.7392,58.9824],[24.7401,58.9828],[24.7439,58.9846],[24.7457,58.9854],[24.7475,58.9862],[24.7495,58.9871],[24.7537,58.9884],[24.7539,58.9884],[24.7573,58.989],[24.7578,58.9891],[24.7598,58.9897],[24.7605,58.99],[24.7611,58.9903],[24.7662,58.9928],[24.768,58.9935],[24.7681,58.9935],[24.7706,58.9943]],[[24.7725,58.9949],[24.7736,58.9952],[24.7747,58.9954],[24.7792,58.9961],[24.78,58.9962],[24.7805,58.9963],[24.7812,58.9963],[24.7821,58.9963],[24.7823,58.9963],[24.7825,58.9963],[24.7836,58.9962],[24.7865,58.9957],[24.7872,58.9956]],[[24.7719,58.9948],[24.7725,58.9949]]]},"properties":{"ref":"28"}},
{"type":"Feature","geometry":{"type":"MultiLineString","coordinates":[[[27.467,59.3389],[27.4661,59.3389],[27.4668,59.3387]],[[27.4168,59.3544],[27.4179,59.3547],[27.4187,59.3548]],[[27.4373,59.3464],[27.4382,59.346],[27.4393,59.3457],[27.4474,59.3439],[27.4547,59.3424],[27.4594,59.341],[27.4617,59.3403],[27.4628,59.34],[27.4647,59.3394],[27.4661,59.3389]]]},"properties":{"ref":"33"}},
{"type":"Feature","geometry":{"type":"MultiLineString","coordinates":[[[24.3414,59.2932],[24.3405,59.2935],[24.3388,59.2941],[24.3347,59.2955],[24.3314,59.2962],[24.3276,59.297],[24.3264,59.2974],[24.3257,59.2978],[24.3242,59.299],[24.3239,59.3005],[24.3247,59.3026],[24.3249,59.304],[24.3242,59.3053],[24.321,59.3087],[24.319,59.3102],[24.3185,59.3105],[24.318,59.3107],[24.3166,59.3122],[24.3168,59.3134],[24.3178,59.3158],[24.3196,59.3178],[24.3209,59.3192],[24.3216,59.3199],[24.3239,59.3223],[24.3272,59.326],[24.328,59.3278],[24.3278,59.3281],[24.3278,59.3283],[24.328,59.3282],[24.328,59.3278]],[[24.3277,59.3284],[24.3278,59.3283]]]},"properties":{"ref":"18"}},
{"type":"Feature","geometry":{"type":"MultiLineString","coordinates":[[[26.7859,58.4622],[26.7848,58.4621],[26.7846,58.4621],[26.7767,58.4618],[26.7764,58.4618],[26.7738,58.4618],[26.7719,58.4622],[26.767,58.4631],[26.7616,58.4641],[26.7586,58.4645],[26.7556,58.4648],[26.752,58.4648],[26.748,58.4652],[26.7451,58.4657],[26.7393,58.4666],[26.7364,58.4671],[26.7337,58.4675],[26.7274,58.4686],[26.7225,58.469],[26.7206,58.469],[26.7172,58.4687],[26.7121,58.4678],[26.7087,58.4673],[26.7083,58.4672],[26.7032,58.4663],[26.7024,58.4661],[26.6998,58.4652],[26.6972,58.4638],[26.6971,58.4637],[26.6954,58.463],[26.694,58.4625],[26.6921,58.4619],[26.6876,58.4606],[26.6874,58.4606],[26.6872,58.4605],[26.6859,58.4599],[26.6843,58.4591],[26.6836,58.4588],[26.6832,58.4586],[26.6803,58.4572],[26.6798,58.457],[26.6795,58.4569],[26.678,58.4564],[26.6755,58.4556],[26.6746,58.4553],[26.6741,58.4551],[26.6736,58.4551],[26.674,58.4552],[26.6746,58.4553]],[[26.6735,58.4551],[26.6736,58.4551]]]},"properties":{"ref":"42"}},
{"type":"Feature","geometry":{"type":"MultiLineString","coordinates":[[[26.7078,58.4099],[26.7077,58.4108],[26.7075,58.4114],[26.7075,58.4115],[26.7069,58.4128],[26.7054,58.4151],[26.7038,58.4169],[26.7037,58.417],[26.7031,58.4175],[26.701,58.4192],[26.7007,58.4193],[26.7,58.4199],[26.6999,58.42],[26.6991,58.4206],[26.6984,58.4212],[26.6992,58.4206],[26.6999,58.4201],[26.7,58.42],[26.701,58.4192]],[[26.363,58.7449],[26.3621,58.7456],[26.3623,58.7455],[26.3632,58.745]],[[26.3633,58.7447],[26.3635,58.7446],[26.3646,58.744],[26.3636,58.7447],[26.3635,58.7448]],[[25.819,59.098],[25.8152,59.1015],[25.813,59.1031],[25.8073,59.106],[25.805,59.1071],[25.7992,59.1098],[25.7977,59.1107],[25.796,59.1122],[25.7928,59.1166],[25.7895,59.12],[25.7894,59.1201],[25.787,59.1225],[25.7851,59.1245],[25.7786,59.1311],[25.7768,59.1329],[25.7767,59.1331],[25.7748,59.135],[25.7736,59.1362],[25.7699,59.1395],[25.7693,59.1399],[25.7699,59.1395]],[[25.8782,59.0482],[25.8792,59.0489],[25.8825,59.0515],[25.8831,59.0523],[25.8831,59.0529],[25.8829,59.054],[25.8822,59.0551],[25.8793,59.057],[25.8777,59.0587],[25.8762,59.0603],[25.8747,59.0609],[25.8733,59.0613],[25.8703,59.0623],[25.8676,59.0635],[25.8582,59.0697],[25.8548,59.0724],[25.8517,59.0756],[25.8505,59.0767],[25.8473,59.0791],[25.8434,59.0813],[25.8403,59.0834],[25.8359,59.0871],[25.8336,59.0891],[25.8306,59.0912],[25.8256,59.0941],[25.8253,59.0942],[25.822,59.0959],[25.819,59.098]],[[26.3771,58.7341],[26.3773,58.7339],[26.3778,58.7336],[26.3808,58.7313],[26.3825,58.7301],[26.383,58.7298],[26.3853,58.7286],[26.3884,58.7269],[26.389,58.7265],[26.391,58.7254],[26.3939,58.7231],[26.3954,58.7208],[26.3968,58.7178],[26.3984,58.7161],[26.3997,58.7153],[26.402,58.7143],[26.4028,58.714],[26.4035,58.7137],[26.4039,58.7136],[26.4061,58.7127],[26.4086,58.7121],[26.4094,58.712],[26.4108,58.7117],[26.416,58.7107],[26.4183,58.7095],[26.4222,58.7069],[26.4232,58.7062],[26.425,58.7047],[26.4307,58.6992],[26.4337,58.6972],[26.4398,58.6951],[26.4457,58.6933],[26.4483,58.6927],[26.4563,58.6914],[26.4578,58.6911],[26.4585,58.6908],[26.4586,58.6908],[26.4605,58.6898],[26.462,58.6889],[26.4645,58.6873],[26.4656,58.6865],[26.4664,58.6859],[26.4694,58.6834],[26.4708,58.6823],[26.473,58.6812],[26.4746,58.6808],[26.4804,58.6798],[26.4841,58.6785],[26.4846,58.6783],[26.4868,58.6771],[26.4878,58.6765],[26.4892,58.6757],[26.4898,58.6753],[26.4921,58.6739],[26.4942,58.6726],[26.4966,58.6713],[26.499,58.67],[26.5015,58.6689],[26.5053,58.6672],[26.5086,58.6652],[26.51,58.6643],[26.5108,58.6639],[26.5122,58.663],[26.5128,58.6626],[26.5135,58.6622],[26.5139,58.6619],[26.5144,58.6616],[26.5149,58.6613],[26.5155,58.661],[26.5156,58.6609],[26.516,58.6607],[26.517,58.6603],[26.5173,58.6602],[26.5176,58.6601],[26.5187,58.6596],[26.5196,58.6593],[26.5196,58.6592],[26.5205,58.6588],[26.5215,58.6583],[26.5224,58.6577],[26.5228,58.6575],[26.5251,58.6559],[26.5255,58.6557],[26.5272,58.6549],[26.5302,58.6539],[26.5316,58.6535],[26.5362,58.6522],[26.5389,58.6509],[26.5391,58.6508],[26.5392,58.6507],[26.5425,58.6482],[26.5445,58.6471],[26.5454,58.6467],[26.5462,58.6464],[26.5473,58.646],[26.5513,58.6448],[26.5539,58.6435],[26.5541,58.6433],[26.5559,58.6422],[26.5586,58.6405],[26.559,58.6403],[26.5623,58.638],[26.5627,58.6377],[26.5645,58.6363],[26.5686,58.633],[26.569,58.6326],[26.5699,58.6315],[26.5705,58.6305],[26.5715,58.6273],[26.5729,58.6229],[26.5731,58.6223],[26.5744,58.619],[26.5753,58.6177],[26.5772,58.6153],[26.5804,58.6115],[26.586,58.6048],[26.588,58.6017],[26.5888,58.5998],[26.5897,58.5959],[26.5897,58.5958],[26.5897,58.5935],[26.5895,58.5919],[26.5889,58.5865],[26.5888,58.5847],[26.5886,58.5827],[26.5878,58.574],[26.5878,58.5717],[26.5893,58.5658],[26.5894,58.5653],[26.5897,58.5641],[26.5901,58.5623],[26.5903,58.5618],[26.5916,58.5598],[26.5916,58.5597],[26.5923,58.559],[26.5924,58.559],[26.5931,58.5584],[26.5932,58.5584],[26.5936,58.558],[26.5947,58.5574],[26.5955,58.5569],[26.5959,58.5566],[26.5972,58.5558],[26.5982,58.5552],[26.5983,58.5552],[26.5997,58.5543],[26.6004,58.5538],[26.6012,58.5533],[26.6017,58.553],[26.6023,58.5526],[26.6026,58.5524],[26.6029,58.5522],[26.6033,58.552],[26.6035,58.5519],[26.6056,58.5506],[26.606,58.5503],[26.6066,58.5499],[26.6081,58.5489],[26.6082,58.5489],[26.6098,58.5479],[26.6099,58.5478],[26.6135,58.5455],[26.6169,58.5435],[26.6187,58.5426],[26.6241,58.5399],[26.628,58.5376],[26.629,58.5368],[26.6324,58.5335],[26.6335,58.5323],[26.6342,58.5316],[26.6352,58.5307],[26.6368,58.5293],[26.6378,58.5288],[26.6384,58.5286],[26.6478,58.525],[26.6504,58.5239],[26.6527,58.5228],[26.6552,58.5214],[26.6582,58.5196],[26.6586,58.5193],[26.6587,58.5193],[26.6597,58.5188],[26.6605,58.5182],[26.6612,58.5178],[26.6628,58.5169],[26.6639,58.5162],[26.6656,58.5152],[26.6673,58.5142],[26.6684,58.5135],[26.6698,58.5127],[26.671,58.5119],[26.6722,58.511],[26.6745,58.5092],[26.6752,58.5086],[26.6777,58.5059],[26.6778,58.5058],[26.6796,58.5031],[26.6807,58.5014],[26.6814,58.5004],[26.6815,58.5002],[26.6826,58.4985],[26.6826,58.4984],[26.6839,58.4958],[26.684,58.4946],[26.684,58.4942],[26.6839,58.494],[26.6836,58.4931],[26.6834,58.4923],[26.683,58.4908],[26.6826,58.4896],[26.6821,58.4878],[26.6818,58.4867],[26.6816,58.4859],[26.6816,58.484],[26.6816,58.4831],[26.6823,58.4801],[26.6828,58.4773],[26.683,58.4762],[26.683,58.4756],[26.6828,58.4742],[26.6817,58.472],[26.6772,58.4668],[26.6769,58.4664],[26.6765,58.4659],[26.6759,58.4653],[26.6751,58.4644],[26.6734,58.4624],[26.6727,58.4616],[26.6726,58.4615],[26.6719,58.4599],[26.6721,58.4591],[26.6722,58.4586],[26.6723,58.4586],[26.6724,58.4583],[26.6726,58.4578],[26.673,58.4563],[26.6735,58.4551],[26.6737,58.4547],[26.674,58.454],[26.6741,58.4537],[26.6744,58.4532],[26.6746,58.4526],[26.6753,58.4509],[26.6754,58.4507],[26.6763,58.4489],[26.6785,58.4463],[26.6791,58.4457],[26.6792,58.4455],[26.6797,58.4449],[26.6801,58.4445],[26.6807,58.4438],[26.6816,58.4419],[26.6818,58.4408],[26.6818,58.4405],[26.6816,58.4391],[26.6816,58.439],[26.6812,58.4377],[26.681,58.437],[26.6808,58.4364],[26.6806,58.4355],[26.6806,58.4347],[26.681,58.433],[26.682,58.4315],[26.6828,58.4307],[26.683,58.4306],[26.684,58.4298],[26.6851,58.4292],[26.6852,58.4292],[26.686,58.4288],[26.6871,58.4282],[26.6891,58.4272],[26.6929,58.4253],[26.6969,58.4224],[26.6984,58.4212]],[[26.3646,58.744],[26.365,58.7437],[26.3658,58.7431],[26.3663,58.7428],[26.3668,58.7425],[26.3672,58.7423],[26.3672,58.7422],[26.3674,58.7421],[26.3687,58.7412],[26.3693,58.7408],[26.3701,58.7403],[26.3706,58.74],[26.371,58.7398],[26.3715,58.7394],[26.3734,58.7376],[26.3738,58.7372],[26.3742,58.7367],[26.3743,58.7367],[26.3744,58.7365],[26.3763,58.7348],[26.3771,58.7341]],[[26.3621,58.7456],[26.362,58.7457],[26.3609,58.7464],[26.3584,58.7479],[26.3556,58.749],[26.3549,58.7492],[26.3521,58.7501],[26.352,58.7501],[26.3511,58.7504],[26.3502,58.7506],[26.3461,58.752],[26.3433,58.7531],[26.3399,58.7548],[26.3381,58.7557],[26.3367,58.7568],[26.3359,58.7581],[26.3354,58.7589],[26.335,58.7594],[26.3336,58.7617],[26.3333,58.7623],[26.3325,58.7634],[26.3313,58.7655],[26.3301,58.7674],[26.3291,58.7689],[26.3287,58.7696],[26.3286,58.7697],[26.3258,58.7742],[26.323,58.7775],[26.3202,58.7801],[26.3185,58.7818],[26.3146,58.7855],[26.3122,58.7881],[26.311,58.7902],[26.3091,58.7958],[26.3087,58.7971],[26.3083,58.7982],[26.3082,58.7988],[26.3081,58.799],[26.308,58.7992],[26.308,58.7993],[26.3078,58.7999],[26.3066,58.8019],[26.3052,58.803],[26.3016,58.8051],[26.2999,58.8061],[26.2978,58.8073],[26.2953,58.8088],[26.2931,58.8101],[26.2916,58.811],[26.2903,58.8118],[26.29,58.8119],[26.2899,58.812],[26.2888,58.8126],[26.2884,58.8129],[26.2876,58.8133],[26.2871,58.8137],[26.2868,58.8139],[26.2866,58.8141],[26.2864,58.8143],[26.2863,58.8145],[26.2862,58.8147],[26.2861,58.8149],[26.286,58.8153],[26.286,58.8156],[26.286,58.8159],[26.2859,58.8166],[26.286,58.8159]],[[26.2609,58.9159],[26.2608,58.9159],[26.2561,58.9173],[26.2535,58.9181],[26.249,58.9194],[26.247,58.9202],[26.2358,58.9259],[26.2354,58.9261],[26.2338,58.927],[26.2275,58.9299],[26.2272,58.93],[26.2092,58.9368],[26.2024,58.9394],[26.1999,58.9405],[26.1994,58.9407],[26.1989,58.9409],[26.1908,58.9441],[26.1891,58.9449],[26.1839,58.9478],[26.1827,58.9486],[26.1825,58.9487],[26.1822,58.9489],[26.1816,58.9493],[26.1814,58.9494],[26.1807,58.9499],[26.1805,58.95],[26.1783,58.9514],[26.1777,58.9518],[26.176,58.9528],[26.1682,58.9578],[26.1642,58.96],[26.1622,58.9609],[26.1579,58.9624],[26.1557,58.9632],[26.1471,58.9659],[26.1453,58.9665],[26.1449,58.9666],[26.1294,58.9717],[26.1221,58.9737],[26.1182,58.9746],[26.1135,58.9756],[26.1061,58.9767],[26.1047,58.9769],[26.0974,58.9779],[26.0932,58.9783],[26.0891,58.9785],[26.0876,58.9786],[26.0864,58.9786],[26.0858,58.9786],[26.0855,58.9786],[26.0849,58.9786],[26.0806,58.9786],[26.0767,58.9784],[26.0731,58.978],[26.0685,58.9777],[26.0649,58.9782],[26.0596,58.9794],[26.0557,58.9807],[26.0536,58.9811],[26.0477,58.9819],[26.0476,58.9819],[26.0409,58.9835],[26.0396,58.9839],[26.038,58.9844],[26.0362,58.9848],[26.0301,58.985],[26.0251,58.9854],[26.022,58.9855],[26.0162,58.9853],[26.011,58.9854],[26.0106,58.9855],[26.0026,58.9866],[26.0004,58.987],[25.9923,58.9881],[25.987,58.9891],[25.9848,58.9891],[25.9838,58.989],[25.9835,58.9889],[25.9821,58.9887],[25.9818,58.9887],[25.9775,58.9883],[25.9774,58.9883],[25.9736,58.989],[25.9701,58.9902],[25.9679,58.9908],[25.961,58.9926],[25.957,58.9937],[25.9567,58.9938],[25.9504,58.9956],[25.9478,58.9962],[25.9433,58.9972],[25.9415,58.9981],[25.9374,59.0007],[25.9362,59.0011],[25.9336,59.002],[25.9326,59.0026],[25.9308,59.0043],[25.9306,59.0045],[25.9292,59.0059],[25.9258,59.0088],[25.9235,59.0103],[25.9216,59.0113],[25.9192,59.013],[25.9179,59.0137],[25.9129,59.0157],[25.9092,59.0173],[25.9032,59.0203],[25.9,59.0225],[25.8996,59.0227],[25.8975,59.0243],[25.896,59.0283],[25.8958,59.0287],[25.8956,59.029],[25.8951,59.0295],[25.8938,59.0304],[25.8925,59.0311],[25.8911,59.0319],[25.8908,59.0321],[25.8896,59.0327],[25.888,59.0328],[25.8875,59.0329],[25.8854,59.033],[25.8853,59.0331],[25.8842,59.0332],[25.8835,59.0332],[25.8831,59.0332],[25.8829,59.0332],[25.8813,59.0333],[25.8805,59.0333],[25.8796,59.0333],[25.8786,59.0334],[25.8782,59.0345],[25.878,59.0348],[25.8779,59.0353],[25.8781,59.0362],[25.8783,59.0367],[25.8789,59.0373],[25.879,59.0374],[25.8791,59.0376],[25.8793,59.0378],[25.8795,59.0379],[25.8799,59.0383],[25.8805,59.039],[25.8806,59.0392],[25.8807,59.0394],[25.8806,59.0396],[25.8806,59.0399],[25.8809,59.041],[25.8818,59.0416],[25.8822,59.0431],[25.8823,59.0435],[25.883,59.0443],[25.8831,59.0444],[25.8829,59.0451],[25.8825,59.0457],[25.8821,59.0462],[25.8818,59.0465],[25.8806,59.0473],[25.8796,59.0477],[25.8782,59.0482]],[[26.2949,58.8799],[26.2943,58.8808],[26.2926,58.8829],[26.288,58.8871],[26.2866,58.8891],[26.2843,58.8938],[26.2831,58.8968],[26.2829,58.8976],[26.2828,58.8984],[26.2828,58.8987],[26.2827,58.8988],[26.2826,58.8996],[26.2825,58.9002],[26.2822,58.9019],[26.2822,58.902],[26.2814,58.9048],[26.2812,58.9052],[26.2812,58.9053],[26.2802,58.9065],[26.28,58.9067],[26.2796,58.9071],[26.2791,58.9075],[26.2788,58.9078],[26.2787,58.9079],[26.2786,58.9079],[26.2783,58.9082],[26.2778,58.9086],[26.2765,58.9097],[26.2744,58.9112],[26.2739,58.9115],[26.2731,58.9119],[26.2694,58.9134],[26.2609,58.9159]],[[26.2859,58.8179],[26.2859,58.8182],[26.2858,58.82],[26.2858,58.8211],[26.2857,58.8238],[26.2857,58.8248],[26.2858,58.8255],[26.2861,58.8271],[26.2879,58.8321],[26.2888,58.8347],[26.2894,58.8365],[26.2905,58.8395],[26.2908,58.8434],[26.2908,58.8437],[26.2909,58.8459],[26.2909,58.8463],[26.2911,58.8489],[26.2913,58.8498],[26.2914,58.8504],[26.2914,58.8506],[26.2915,58.8507],[26.2917,58.852],[26.2921,58.8545],[26.2929,58.8583],[26.2935,58.8619],[26.2952,58.8714],[26.2957,58.8748],[26.2954,58.8779],[26.2951,58.8792],[26.2949,58.8799]],[[26.2859,58.8166],[26.2859,58.8179]],[[26.6733,58.4561],[26.6732,58.4564],[26.6726,58.4578]],[[26.6744,58.4532],[26.6743,58.4534],[26.6741,58.454],[26.674,58.4541],[26.6736,58.4551],[26.6735,58.4555],[26.6733,58.4561]],[[26.2863,58.8147],[26.2862,58.815],[26.286,58.8153]],[[26.2867,58.8142],[26.2865,58.8143],[26.2863,58.8147]],[[26.2871,58.8137],[26.2869,58.814],[26.2867,58.8142]]]},"properties":{"ref":"39"}},
{"type":"Feature","geometry":{"type":"MultiLineString","coordinates":[[[26.3351,59.3578],[26.3351,59.3581],[26.3349,59.3589],[26.3347,59.3593],[26.3347,59.3594],[26.3346,59.3596],[26.3345,59.3606],[26.3345,59.3607],[26.3346,59.3609],[26.3346,59.361],[26.3349,59.3615],[26.3354,59.3624],[26.3358,59.3629],[26.3358,59.363],[26.3359,59.3632]],[[26.3228,59.3799],[26.3231,59.3798],[26.324,59.3791],[26.3244,59.3788],[26.3263,59.3775],[26.3265,59.3773],[26.3304,59.3745],[26.3305,59.3745],[26.3331,59.3727],[26.3344,59.3714],[26.3352,59.3701],[26.3357,59.3695],[26.336,59.3691],[26.3363,59.3686],[26.3367,59.368],[26.3371,59.3675],[26.3372,59.3673],[26.3373,59.3669],[26.3373,59.3665],[26.3373,59.3656],[26.3369,59.3648],[26.3366,59.3641],[26.3363,59.3637],[26.3363,59.3633]],[[26.336,59.3633],[26.3363,59.3637]],[[26.3361,59.3631],[26.336,59.363],[26.3358,59.3629]],[[26.3227,59.3801],[26.3217,59.3807],[26.3206,59.3815],[26.3198,59.3821],[26.3193,59.3826],[26.3186,59.3834],[26.3174,59.3849],[26.3155,59.3871],[26.3143,59.3885],[26.312,59.3914],[26.3116,59.3921],[26.3094,59.3952],[26.306,59.3994],[26.3024,59.4032],[26.3014,59.404],[26.3008,59.4045],[26.2989,59.4061],[26.295,59.4094],[26.2925,59.4128],[26.2922,59.4132],[26.2913,59.414],[26.2909,59.4143],[26.2894,59.4152],[26.2869,59.4169],[26.2862,59.4173],[26.2861,59.4174],[26.2849,59.4182],[26.2831,59.4193],[26.2825,59.4197],[26.2811,59.4206],[26.2793,59.4214],[26.2764,59.422],[26.2749,59.4222],[26.2731,59.4224],[26.2723,59.4225],[26.2716,59.4225],[26.2707,59.4226],[26.2698,59.4225]],[[26.2694,59.4228],[26.2696,59.4231],[26.2699,59.4227],[26.2707,59.4226]],[[26.2696,59.4252],[26.2697,59.4247],[26.2697,59.4248],[26.2699,59.4251]],[[26.2696,59.4235],[26.2697,59.4244],[26.2697,59.4247]],[[26.2696,59.4231],[26.2696,59.4235]]]},"properties":{"ref":"23"}},
{"type":"Feature","geometry":{"type":"LineString","coordinates":[[25.0593,57.9957],[25.0576,57.9962],[25.0447,57.9989],[25.0434,57.9993],[25.0268,58.0053],[25.0257,58.0058],[25.0101,58.0142],[25.0094,58.0143]]},"properties":{"ref":"V170"}},
{"type":"Feature","geometry":{"type":"MultiLineString","coordinates":[[[27.0503,58.0529],[27.0503,58.0531],[27.0502,58.0534],[27.0499,58.054],[27.0499,58.0541],[27.0498,58.0542],[27.0495,58.0549],[27.049,58.0559],[27.049,58.0563],[27.049,58.0568],[27.0491,58.0574],[27.0491,58.0577],[27.0491,58.0578],[27.049,58.0579],[27.049,58.0581],[27.0487,58.0585]],[[27.0485,58.059],[27.0486,58.059],[27.0487,58.0593],[27.0487,58.0594],[27.0487,58.0595],[27.0487,58.0599],[27.0486,58.0604],[27.0486,58.0606],[27.0487,58.0617],[27.0487,58.0636],[27.0487,58.0658],[27.0487,58.0666],[27.0487,58.067],[27.0486,58.0686],[27.0481,58.0699],[27.048,58.0702],[27.0478,58.0705],[27.0476,58.0707],[27.0473,58.0711],[27.0472,58.0712],[27.047,58.0715],[27.0468,58.0718],[27.047,58.0716],[27.0473,58.0713],[27.0474,58.0712],[27.0478,58.0705]],[[27.0489,58.059],[27.0488,58.0594],[27.0488,58.06],[27.0487,58.0613],[27.0487,58.0617]],[[26.7191,58.2934],[26.7194,58.2934],[26.721,58.2933],[26.7236,58.2922],[26.7263,58.2896],[26.7264,58.2895],[26.7281,58.2876],[26.7287,58.2853],[26.7285,58.2833],[26.7285,58.2813],[26.7286,58.2808],[26.7289,58.2801],[26.729,58.28],[26.7291,58.2798],[26.7296,58.2792],[26.7311,58.2781],[26.7344,58.2764],[26.7352,58.2761],[26.7372,58.2752],[26.7384,58.2748],[26.7393,58.2745],[26.7397,58.2743],[26.7403,58.2741],[26.7413,58.2738],[26.7422,58.2735],[26.7425,58.2734],[26.7456,58.2727],[26.7484,58.2722],[26.7544,58.2714],[26.7577,58.2711],[26.7621,58.2704],[26.7625,58.2703],[26.763,58.2702],[26.7651,58.2696],[26.7695,58.268],[26.7726,58.2663],[26.7734,58.2657],[26.7742,58.2651],[26.7757,58.2637],[26.779,58.2597],[26.783,58.2554],[26.7832,58.2551],[26.7834,58.2549],[26.7835,58.2547],[26.784,58.254],[26.7842,58.2535],[26.7842,58.2534],[26.7845,58.2529],[26.7844,58.2534],[26.784,58.254]],[[27.0491,58.0585],[27.049,58.0581]],[[27.0086,58.0936],[27.0112,58.0926],[27.0134,58.0921],[27.0216,58.0908],[27.0245,58.09],[27.0261,58.0893],[27.0284,58.0877],[27.0311,58.0853],[27.0318,58.0848],[27.0325,58.0842],[27.0358,58.0813],[27.0457,58.0728],[27.0459,58.0726],[27.0468,58.0718]],[[26.9554,58.1243],[26.9553,58.1241],[26.9553,58.122],[26.9559,58.1204],[26.9571,58.119],[26.9598,58.1171],[26.9633,58.1157],[26.9687,58.1144],[26.9768,58.1123],[26.9801,58.1111],[26.9864,58.1077],[26.9888,58.1063],[26.9939,58.1027],[26.9985,58.0995],[26.9989,58.0993],[27.0043,58.0955],[27.0064,58.0945],[27.0065,58.0944],[27.0066,58.0944],[27.007,58.0942],[27.0075,58.094],[27.0078,58.0939],[27.0086,58.0936]],[[26.8089,58.2035],[26.8125,58.2001],[26.8155,58.1974],[26.8174,58.1956],[26.818,58.195],[26.8214,58.1907],[26.8234,58.1889],[26.824,58.1883],[26.8252,58.1868],[26.8253,58.1853],[26.8249,58.1824],[26.8249,58.1821],[26.8251,58.1815],[26.8252,58.1813],[26.8253,58.1811],[26.8254,58.181],[26.8261,58.1806],[26.8278,58.18],[26.828,58.18],[26.8283,58.18],[26.8292,58.1799],[26.8316,58.1798],[26.8293,58.1799],[26.8279,58.1801],[26.8255,58.1811],[26.8255,58.1812],[26.8254,58.1812],[26.8252,58.1815],[26.8251,58.1817],[26.8249,58.1821]],[[26.8839,58.1786],[26.8875,58.1786],[26.8913,58.1781],[26.894,58.1776],[26.8971,58.1768],[26.9011,58.1754],[26.9056,58.1731],[26.9066,58.1726],[26.9138,58.1689],[26.9182,58.1669],[26.9194,58.1663],[26.9218,58.1653],[26.9219,58.1653],[26.9243,58.1643],[26.9236,58.1646],[26.922,58.1653],[26.9201,58.1661],[26.9194,58.1663]],[[26.7851,58.2496],[26.7851,58.2494],[26.7851,58.2492],[26.7851,58.2491],[26.785,58.2478],[26.7849,58.247],[26.7849,58.2468],[26.7849,58.2463],[26.7848,58.2453],[26.7848,58.2447],[26.7849,58.2431],[26.786,58.2398],[26.7861,58.2395],[26.7864,58.2386],[26.7865,58.2383],[26.7867,58.2378],[26.7885,58.233],[26.7885,58.2328],[26.7887,58.231],[26.7887,58.2305],[26.7885,58.2287],[26.7876,58.2271],[26.7868,58.2252],[26.7874,58.2237],[26.7893,58.2218],[26.7906,58.2207],[26.791,58.2204],[26.7912,58.2202],[26.7917,58.2199],[26.792,58.2197],[26.7952,58.2173],[26.7957,58.217],[26.7997,58.2141],[26.8004,58.2133],[26.8015,58.2108],[26.8028,58.209],[26.8066,58.2055],[26.8075,58.2047],[26.8081,58.2041],[26.8089,58.2035]],[[26.7851,58.251],[26.7851,58.2496]],[[26.9336,58.1603],[26.9367,58.1581],[26.9376,58.157],[26.9378,58.1567],[26.9379,58.1565],[26.9381,58.1562],[26.9386,58.1542],[26.939,58.1528],[26.9392,58.1518],[26.9393,58.1515],[26.9394,58.151],[26.9395,58.1507],[26.9395,58.1505],[26.9398,58.1496],[26.9399,58.1491],[26.9403,58.1484],[26.9423,58.1463],[26.9435,58.1454],[26.9472,58.1435],[26.9487,58.1426],[26.9489,58.1425],[26.9494,58.1421],[26.9503,58.1409],[26.9511,58.1395],[26.9518,58.1382],[26.9524,58.1357],[26.9533,58.1337],[26.9555,58.1308],[26.9559,58.13],[26.956,58.1283],[26.9555,58.1252],[26.9555,58.1251],[26.9554,58.1247],[26.9554,58.1244],[26.9554,58.1243]],[[26.9243,58.1643],[26.9278,58.1628],[26.9305,58.1616],[26.9336,58.1603],[26.9318,58.1611],[26.9305,58.1616],[26.9302,58.1618],[26.9278,58.1628]],[[26.7848,58.2522],[26.7849,58.2516],[26.7851,58.251]],[[26.9398,58.15],[26.9395,58.1508],[26.9393,58.1515],[26.9392,58.1518]],[[26.9502,58.1408],[26.9511,58.1395]],[[26.7845,58.2529],[26.7845,58.2528],[26.7848,58.2522]],[[26.8316,58.1798],[26.8393,58.1797],[26.8427,58.1794],[26.8496,58.1787],[26.8507,58.1786],[26.8561,58.178],[26.8563,58.178],[26.8566,58.1779],[26.8582,58.1778],[26.8586,58.1777],[26.8598,58.1776],[26.8637,58.1772],[26.8655,58.1771],[26.8701,58.1772],[26.881,58.1783],[26.8824,58.1785],[26.8839,58.1786]],[[26.9403,58.1484],[26.9399,58.1493],[26.9398,58.15]],[[26.9472,58.1435],[26.9486,58.1426],[26.9491,58.1422],[26.9496,58.1417],[26.9502,58.1408]]]},"properties":{"ref":"61"}},
{"type":"Feature","geometry":{"type":"LineString","coordinates":[[26.4841,58.4305],[26.4844,58.4307],[26.4849,58.4309],[26.4853,58.4311],[26.4858,58.4314],[26.4898,58.4336],[26.4918,58.4347],[26.4929,58.4352],[26.4964,58.4372],[26.5027,58.4405],[26.5037,58.4411],[26.5046,58.4416],[26.5055,58.442],[26.5063,58.4425],[26.5086,58.4437],[26.5097,58.4443],[26.5113,58.4452],[26.5141,58.4467],[26.5159,58.4477],[26.5198,58.4498],[26.5277,58.4541],[26.5299,58.4554],[26.5306,58.4557],[26.5318,58.4564],[26.5331,58.4571],[26.534,58.4575],[26.5356,58.4584],[26.5386,58.4595],[26.5481,58.4624],[26.5511,58.4631],[26.5556,58.4639],[26.5591,58.4643],[26.5601,58.4644],[26.5612,58.4645],[26.5614,58.4646],[26.562,58.4647],[26.5639,58.4649],[26.5661,58.4652],[26.5673,58.4653],[26.5722,58.4659],[26.5757,58.4664],[26.5799,58.4671],[26.5886,58.469],[26.5895,58.4691],[26.5944,58.4702],[26.5983,58.4708],[26.6033,58.4711],[26.6062,58.471],[26.6123,58.4707],[26.6163,58.47],[26.6194,58.4691],[26.6206,58.4686],[26.6222,58.4679],[26.6226,58.4677],[26.6245,58.4669],[26.6301,58.4646],[26.6325,58.4636],[26.6358,58.4627],[26.6376,58.4624],[26.638,58.4624],[26.6476,58.4614],[26.6479,58.4614],[26.6495,58.4611],[26.6499,58.461],[26.6509,58.4608],[26.6511,58.4607],[26.6513,58.4607],[26.652,58.4605],[26.6522,58.4604],[26.6526,58.4603],[26.6529,58.4602],[26.653,58.4602],[26.6535,58.46],[26.6548,58.4596],[26.6554,58.4595],[26.6585,58.4589],[26.6587,58.4589],[26.6597,58.4587],[26.6604,58.4586],[26.6638,58.4584],[26.6676,58.4585],[26.6708,58.4589],[26.6709,58.4589],[26.6716,58.4591],[26.6721,58.4591],[26.6717,58.459],[26.6716,58.459],[26.6709,58.4589]]},"properties":{"ref":"41"}},
{"type":"Feature","geometry":{"type":"MultiLineString","coordinates":[[[26.6458,58.4099],[26.6477,58.4096],[26.6499,58.4092],[26.6523,58.4087],[26.6548,58.4082],[26.655,58.4082],[26.6552,58.4082],[26.6574,58.4078],[26.665,58.4063],[26.6677,58.4058],[26.6689,58.4056],[26.6709,58.4052],[26.6714,58.4051],[26.6728,58.4049],[26.6738,58.4047],[26.674,58.4046],[26.6744,58.4046],[26.6753,58.4044],[26.6759,58.4043],[26.677,58.404],[26.6789,58.4033],[26.6808,58.4024],[26.6823,58.4013],[26.6827,58.401],[26.683,58.4007],[26.6833,58.4006],[26.6835,58.4004],[26.6846,58.3995],[26.6849,58.3993],[26.6864,58.3982],[26.6877,58.3971],[26.6885,58.3965],[26.6887,58.3962],[26.6892,58.3958],[26.6897,58.3952],[26.6898,58.3951],[26.6905,58.3943],[26.6906,58.3941],[26.6908,58.3938],[26.6912,58.3934],[26.6916,58.3928],[26.6921,58.3921],[26.6922,58.392],[26.6933,58.3905],[26.6936,58.3901],[26.6938,58.3898],[26.694,58.3896],[26.6945,58.3889],[26.6946,58.3887],[26.6948,58.3885],[26.6949,58.3884],[26.6956,58.3879],[26.6963,58.3874],[26.6965,58.3873],[26.6966,58.3872],[26.6968,58.3871],[26.6969,58.387],[26.6978,58.3865],[26.6982,58.3863],[26.699,58.3861],[26.7003,58.3858],[26.7004,58.3857],[26.7063,58.3843],[26.7074,58.3841],[26.7076,58.384],[26.7081,58.3839],[26.7083,58.3839],[26.7093,58.3836]],[[26.7289,58.378],[26.7285,58.3781],[26.7285,58.3782],[26.7276,58.3787],[26.7275,58.3787],[26.7274,58.3788],[26.7268,58.3792],[26.7259,58.3797],[26.7255,58.38],[26.7251,58.3805],[26.7251,58.3806],[26.725,58.3807],[26.7247,58.3811],[26.7246,58.3813],[26.7243,58.3819],[26.724,58.3825],[26.724,58.3826],[26.7238,58.383],[26.7234,58.3837],[26.7232,58.3841]],[[26.729,58.378],[26.7288,58.3782],[26.7286,58.3782],[26.7278,58.3787],[26.7277,58.3788],[26.7275,58.3789],[26.7268,58.3792]]]},"properties":{"ref":"40"}},
{"type":"Feature","geometry":{"type":"MultiLineString","coordinates":[[[25.923,58.0028],[25.9234,58.0031],[25.9233,58.0028]],[[26.0416,58.0841],[26.0413,58.0818],[26.042,58.0788],[26.0419,58.0774],[26.0414,58.0764],[26.0399,58.075],[26.0373,58.0733],[26.0356,58.0719],[26.0308,58.0674],[26.0289,58.0661],[26.028,58.0656],[26.0262,58.0647],[26.0255,58.0644],[26.0254,58.0643],[26.0172,58.0603],[26.0126,58.0582],[26.0072,58.0567],[26.0057,58.0563],[26.0021,58.055],[26.001,58.0545],[25.9984,58.0532],[25.9899,58.0491],[25.9876,58.048],[25.9815,58.0462],[25.9774,58.0444],[25.9759,58.0436],[25.9724,58.0409],[25.9714,58.0399],[25.9708,58.0385],[25.9711,58.0342],[25.9711,58.0341],[25.9708,58.0332],[25.9695,58.0317],[25.9627,58.0272],[25.9603,58.026],[25.9562,58.0239],[25.9531,58.0218],[25.9521,58.0209],[25.9514,58.0202],[25.9506,58.0195],[25.948,58.0171],[25.9463,58.0158],[25.945,58.0148],[25.9409,58.012],[25.9393,58.0109],[25.9392,58.0108],[25.9373,58.0098],[25.937,58.0096],[25.9364,58.0092],[25.9352,58.0085],[25.9347,58.0082],[25.9339,58.0077],[25.9333,58.0074],[25.9328,58.0072],[25.9317,58.0067],[25.9309,58.0064],[25.9304,58.0061],[25.9302,58.0061],[25.9303,58.0062],[25.9309,58.0064]],[[25.9234,58.0031],[25.9236,58.0031],[25.924,58.0033],[25.9241,58.0033],[25.9255,58.0039],[25.9261,58.0042],[25.9264,58.0043],[25.9281,58.0052],[25.9285,58.0054],[25.9287,58.0055],[25.9293,58.0057],[25.9302,58.0061]]]},"properties":{"ref":"73"}},
{"type":"Feature","geometry":{"type":"MultiLineString","coordinates":[[[25.5599,58.0982],[25.56,58.0979],[25.5602,58.0981]],[[25.4787,57.9802],[25.4795,57.9802],[25.4798,57.9802],[25.4824,57.9804],[25.4831,57.9809],[25.4841,57.9824],[25.4859,57.9837],[25.4868,57.9843],[25.4871,57.9844],[25.4877,57.9846],[25.4887,57.9848],[25.4936,57.9866],[25.4954,57.9874],[25.498,57.988],[25.5013,57.9894],[25.5046,57.99],[25.5072,57.9906],[25.5112,57.9914],[25.5132,57.9919],[25.5157,57.9933],[25.5169,57.9936],[25.5189,57.9937],[25.5215,57.9928],[25.5246,57.9922],[25.5277,57.9931],[25.5298,57.9939],[25.5317,57.994],[25.5336,57.9935],[25.534,57.9934],[25.5346,57.9933],[25.5357,57.9934],[25.5367,57.9934],[25.5371,57.9935],[25.5373,57.9936],[25.5375,57.9937],[25.5376,57.9939],[25.539,57.9955],[25.5397,57.9964],[25.5411,57.9968],[25.5419,57.9973],[25.543,57.9981],[25.5441,57.9984],[25.5456,57.9987],[25.5466,57.9991],[25.5472,57.9994],[25.5472,57.9995],[25.5484,58.0003],[25.5488,58.0006],[25.5488,58.0018],[25.5474,58.0031],[25.5479,58.0042],[25.5484,58.0053],[25.5485,58.0057],[25.5481,58.0074],[25.5469,58.0082],[25.5458,58.0094],[25.5453,58.0108],[25.5429,58.0127],[25.5427,58.0129],[25.5425,58.013],[25.5421,58.0133],[25.542,58.0134],[25.5414,58.0141],[25.5415,58.0155],[25.5424,58.0176],[25.5407,58.0193],[25.5403,58.0206],[25.5411,58.022],[25.5418,58.0244],[25.5415,58.0258],[25.5414,58.0264],[25.5417,58.0286],[25.5411,58.0299],[25.5412,58.0306],[25.5415,58.031],[25.5419,58.0315],[25.5444,58.0351],[25.5459,58.0373],[25.5469,58.0386],[25.5469,58.039],[25.5468,58.0395],[25.5467,58.0398],[25.5466,58.04],[25.5465,58.0402],[25.5458,58.0422],[25.5452,58.0443],[25.5456,58.046],[25.5456,58.0486],[25.5453,58.0508],[25.5471,58.0525],[25.5478,58.0535],[25.5484,58.0562],[25.5486,58.0565],[25.5488,58.0567],[25.5495,58.0575],[25.5502,58.0584],[25.5507,58.0597],[25.5505,58.0621],[25.5497,58.0637],[25.5496,58.0643],[25.5497,58.065],[25.5498,58.0652],[25.5499,58.0655],[25.5507,58.0664],[25.5529,58.0685],[25.5551,58.0719],[25.5554,58.072],[25.5586,58.0735],[25.5588,58.0736],[25.5596,58.0742],[25.5598,58.0761],[25.5607,58.0776],[25.561,58.0782],[25.5602,58.0805],[25.559,58.0823],[25.5574,58.084],[25.5574,58.0852],[25.5578,58.0864],[25.5585,58.0881],[25.5584,58.0884],[25.5583,58.0887],[25.5583,58.0889],[25.558,58.0907],[25.5584,58.0915],[25.5588,58.0921],[25.5591,58.0925],[25.5606,58.0947],[25.5608,58.0953],[25.5608,58.0955],[25.5607,58.0957],[25.5606,58.0963],[25.5604,58.0969],[25.5603,58.0971],[25.5601,58.0975],[25.56,58.0979]]]},"properties":{"ref":"54"}},
{"type":"Feature","geometry":{"type":"LineString","coordinates":[[26.6829,57.545],[26.6784,57.5458],[26.6762,57.5464],[26.6725,57.548],[26.6703,57.5486],[26.6689,57.5498],[26.669,57.551],[26.6682,57.5521],[26.6675,57.5524],[26.6664,57.5533]]},"properties":{"ref":"P19"}},
{"type":"Feature","geometry":{"type":"LineString","coordinates":[[25.0092,58.0148],[25.0094,58.0143],[25.0096,58.0127],[25.0084,58.0103],[25.008,58.0078],[25.0083,58.0045],[25.0098,58.0015],[25.011,57.9999],[25.0109,57.9979],[25.0126,57.9941],[25.0126,57.9924],[25.0112,57.9903],[25.0103,57.9891],[25.0102,57.9876],[25.0095,57.9858],[25.0091,57.9835]]},"properties":{"ref":"V164"}},
{"type":"Feature","geometry":{"type":"LineString","coordinates":[[25.1908,58.0786],[25.1903,58.079],[25.1899,58.0794],[25.188,58.0814],[25.1863,58.0839],[25.1853,58.0858],[25.1849,58.0868],[25.1849,58.0869],[25.1846,58.0876],[25.1846,58.0878],[25.1845,58.0881],[25.1841,58.0891],[25.1837,58.0903],[25.1834,58.0908],[25.1832,58.0921],[25.1832,58.0923],[25.1832,58.0924],[25.1831,58.0926],[25.183,58.0929],[25.183,58.0933],[25.1829,58.0936],[25.1829,58.0939],[25.1827,58.0945],[25.1827,58.0946],[25.1827,58.0947],[25.1826,58.0952],[25.1826,58.0955],[25.1825,58.0957],[25.1825,58.0958],[25.1825,58.0967],[25.1825,58.0972],[25.1825,58.0977],[25.1825,58.0984],[25.1826,58.0992],[25.1827,58.1004],[25.1832,58.1015],[25.1834,58.102],[25.1838,58.1024],[25.1853,58.1037],[25.1865,58.1046],[25.1879,58.1056],[25.1924,58.1087],[25.195,58.1108],[25.1991,58.1149],[25.1992,58.1151],[25.1992,58.1152]]},"properties":{"ref":"55"}},
{"type":"Feature","geometry":{"type":"MultiLineString","coordinates":[[[27.6173,57.8328],[27.6143,57.8328],[27.6089,57.8323],[27.6034,57.833],[27.6018,57.8326],[27.6006,57.8319],[27.6004,57.8317],[27.6003,57.8316],[27.5998,57.8316],[27.5985,57.8317],[27.5976,57.8317],[27.5968,57.8317],[27.5951,57.8317],[27.5944,57.833],[27.5955,57.8331],[27.5968,57.8331],[27.5955,57.8331]],[[27.5968,57.8338],[27.597,57.8337],[27.5972,57.8336],[27.5973,57.8336],[27.5975,57.8333],[27.5971,57.833],[27.597,57.833],[27.5967,57.8329],[27.5966,57.8329],[27.5969,57.8331],[27.5968,57.8331]],[[27.5976,57.8318],[27.5971,57.8318],[27.5971,57.832],[27.5971,57.8321],[27.597,57.8323],[27.597,57.8325],[27.5971,57.8327],[27.5971,57.833]],[[27.6004,57.8317],[27.5998,57.8318],[27.5976,57.8318]],[[27.597,57.8337],[27.5971,57.8336],[27.5972,57.8335],[27.5969,57.8331]],[[27.5965,57.8328],[27.5965,57.8327],[27.5965,57.8325],[27.5965,57.8323],[27.5965,57.8321],[27.5965,57.832],[27.5964,57.8321],[27.5964,57.8327],[27.5965,57.8328],[27.5966,57.8329],[27.5953,57.8327],[27.5952,57.8318],[27.5953,57.8318],[27.5956,57.8318],[27.596,57.8318],[27.5964,57.8318],[27.5967,57.8318],[27.5968,57.8318],[27.5971,57.8318]],[[27.5971,57.832],[27.5971,57.8321],[27.5971,57.8327]],[[27.5965,57.832],[27.5967,57.8318],[27.5968,57.8317]]]},"properties":{"ref":"58К-333"}},
{"type":"Feature","geometry":{"type":"MultiLineString","coordinates":[[[26.5285,57.829],[26.5288,57.829],[26.5294,57.8292],[26.5287,57.8291],[26.5285,57.8291]],[[26.5424,57.8355],[26.5454,57.8375],[26.5476,57.8389],[26.5482,57.8393],[26.5524,57.8416],[26.5551,57.8428],[26.5564,57.8433],[26.5574,57.8436],[26.5619,57.8449],[26.5645,57.8457],[26.5752,57.8488],[26.5812,57.8506],[26.5826,57.8511],[26.5912,57.8541],[26.5929,57.8548],[26.5941,57.8552],[26.5989,57.8571],[26.601,57.8579],[26.6027,57.8586],[26.6067,57.8603],[26.6079,57.8611],[26.6081,57.8612],[26.6082,57.8614],[26.6085,57.862],[26.6086,57.8625],[26.6086,57.8632],[26.6086,57.8635],[26.6085,57.8639],[26.6085,57.8645],[26.6085,57.8653],[26.6085,57.8674],[26.6085,57.8682],[26.6085,57.8687],[26.6087,57.8694],[26.6086,57.8695],[26.6084,57.8693],[26.6085,57.8687]],[[26.5294,57.8292],[26.53,57.8294],[26.5317,57.8297],[26.5319,57.8297],[26.5328,57.8299],[26.5329,57.8299],[26.5332,57.83],[26.5336,57.8301],[26.5359,57.8314],[26.5366,57.8319],[26.5393,57.8335],[26.5408,57.8345],[26.5412,57.8347],[26.5417,57.8351],[26.5424,57.8355]]]},"properties":{"ref":"70"}},
{"type":"Feature","geometry":{"type":"LineString","coordinates":[[26.3624,57.5804],[26.3639,57.5795],[26.3688,57.5768],[26.3697,57.5759],[26.3715,57.5728],[26.3767,57.5696],[26.3798,57.5678],[26.3856,57.5654],[26.3867,57.5649],[26.389,57.5631],[26.3891,57.5622],[26.3874,57.5596],[26.3872,57.5588],[26.3893,57.5575],[26.3899,57.5566],[26.3903,57.5548],[26.3929,57.5513],[26.3955,57.546],[26.3976,57.5442],[26.3976,57.5413],[26.3971,57.5399],[26.3961,57.5391],[26.3961,57.5385],[26.397,57.5365],[26.3972,57.5351],[26.3989,57.533],[26.4009,57.5317],[26.4011,57.5306],[26.401,57.5284],[26.3996,57.523],[26.3987,57.5219]]},"properties":{"ref":"V372"}},
{"type":"Feature","geometry":{"type":"MultiLineString","coordinates":[[[26.6115,57.6172],[26.6113,57.6168],[26.611,57.6165],[26.6109,57.6165],[26.6101,57.6158],[26.6092,57.6152],[26.6091,57.615],[26.609,57.6146],[26.6091,57.6144],[26.6101,57.6136],[26.6114,57.6124],[26.6115,57.6123],[26.6115,57.6121],[26.6112,57.6116],[26.611,57.6111],[26.6109,57.611],[26.6106,57.6102],[26.6105,57.6102],[26.6105,57.6094],[26.6105,57.6088],[26.6106,57.6081],[26.6106,57.6075],[26.6108,57.606],[26.611,57.6052],[26.6113,57.604],[26.6119,57.6023],[26.6119,57.6022],[26.6124,57.6008],[26.6125,57.6004],[26.6133,57.5995],[26.6145,57.5988],[26.6185,57.5977],[26.6199,57.5971],[26.6217,57.5958],[26.6244,57.5947],[26.6271,57.5941],[26.6344,57.5924],[26.6368,57.5917],[26.6425,57.5884],[26.6484,57.585],[26.6501,57.584],[26.6504,57.5838],[26.6545,57.5819],[26.6565,57.5807],[26.6582,57.5793],[26.6599,57.5767],[26.6604,57.5754],[26.6605,57.5752],[26.6606,57.5748],[26.6606,57.5745],[26.6609,57.5736],[26.6609,57.5735],[26.661,57.5732],[26.6611,57.573],[26.6612,57.5724],[26.6613,57.5721],[26.6613,57.5719],[26.6614,57.571],[26.6614,57.5706],[26.6613,57.5704],[26.6614,57.5704],[26.6614,57.5706],[26.6614,57.571]],[[26.6664,57.5533],[26.6664,57.5535],[26.6665,57.5538],[26.6666,57.554],[26.6672,57.5558],[26.6666,57.5585],[26.667,57.5608],[26.6664,57.5624],[26.6654,57.5631],[26.6619,57.5645],[26.6601,57.5652],[26.6593,57.5664],[26.6603,57.5678],[26.661,57.569],[26.6613,57.5701],[26.6614,57.5704]]]},"properties":{"ref":"68"}},
{"type":"Feature","geometry":{"type":"LineString","coordinates":[[27.0929,58.0894],[27.0926,58.0895],[27.0923,58.0895],[27.0922,58.0895],[27.0919,58.0893],[27.092,58.0891],[27.0921,58.0891],[27.0925,58.089],[27.0929,58.0891],[27.0929,58.0894]]},"properties":{"ref":"62;1822"}},
{"type":"Feature","geometry":{"type":"LineString","coordinates":[[24.8898,59.4811],[24.8886,59.4818],[24.8879,59.4823],[24.8847,59.4839],[24.8845,59.4841],[24.8844,59.4842],[24.884,59.4846],[24.8835,59.485],[24.883,59.4855],[24.8827,59.4858],[24.8825,59.486],[24.8819,59.4866],[24.881,59.4874],[24.8809,59.4884],[24.8809,59.4891],[24.8808,59.4893],[24.8807,59.4894],[24.8807,59.4896],[24.8806,59.4898],[24.8805,59.49]]},"properties":{"ref":"18623-1"}},
{"type":"Feature","geometry":{"type":"MultiLineString","coordinates":[[[24.9818,59.4511],[24.9825,59.4522],[24.9828,59.4526],[24.9831,59.4532],[24.9836,59.4544],[24.9837,59.4546],[24.9838,59.4551],[24.984,59.4559],[24.984,59.4561],[24.9839,59.4564],[24.9838,59.457],[24.9826,59.4589],[24.9805,59.4622],[24.98,59.4635],[24.98,59.4636],[24.9799,59.4658],[24.9803,59.4682],[24.9804,59.4687],[24.9806,59.4694],[24.9806,59.4695],[24.9812,59.4724],[24.9813,59.4753],[24.9813,59.4761],[24.9814,59.4776],[24.9815,59.479],[24.9815,59.4798],[24.9815,59.4801],[24.9815,59.4802]],[[24.9815,59.451],[24.9823,59.4522],[24.9827,59.453],[24.9836,59.4553],[24.9837,59.4557],[24.9837,59.4561],[24.9836,59.4568],[24.9826,59.4589]],[[24.98,59.4681],[24.9799,59.4658]],[[24.9806,59.4694],[24.9802,59.4687],[24.9801,59.4682],[24.98,59.4681]]]},"properties":{"ref":"94"}},
{"type":"Feature","geometry":{"type":"LineString","coordinates":[[22.5104,58.2547],[22.5105,58.2549],[22.5103,58.255],[22.5101,58.255],[22.5101,58.2548],[22.5103,58.2547],[22.5104,58.2547]]},"properties":{"ref":"76;21133"}},
{"type":"Feature","geometry":{"type":"LineString","coordinates":[[25.3399,58.0262],[25.3425,58.0266],[25.3444,58.0275],[25.3452,58.0287],[25.3487,58.031],[25.3508,58.0335],[25.3521,58.0352],[25.3529,58.0367],[25.3542,58.0377],[25.3556,58.0384],[25.3573,58.0388]]},"properties":{"ref":"V176"}},
{"type":"Feature","geometry":{"type":"LineString","coordinates":[[25.7588,57.902],[25.7583,57.9036],[25.7578,57.9043],[25.7566,57.9055],[25.7558,57.9068],[25.7552,57.9091],[25.7544,57.9111],[25.7542,57.9125],[25.7547,57.9143],[25.7559,57.916],[25.7563,57.9164],[25.7565,57.9166]]},"properties":{"ref":"V256"}},
{"type":"Feature","geometry":{"type":"MultiLineString","coordinates":[[[25.2017,58.0095],[25.2125,58.0078],[25.2162,58.0068],[25.2186,58.0071],[25.2201,58.0083],[25.2245,58.0104],[25.228,58.0101],[25.2328,58.0094],[25.2333,58.0091],[25.234,58.0064],[25.2357,58.0061],[25.236,58.0057],[25.2374,58.0016],[25.2371,57.9996],[25.2367,57.9989],[25.2356,57.9972],[25.2352,57.9953],[25.234,57.993],[25.2333,57.9902],[25.2335,57.9888],[25.2336,57.9837],[25.2351,57.9809]],[[25.1908,58.0786],[25.191,58.0781],[25.1911,58.0776],[25.1913,58.0748],[25.1889,58.0712],[25.1821,58.0543],[25.1821,58.0495],[25.1819,58.0487],[25.1794,58.0477],[25.1765,58.0461],[25.173,58.0443],[25.1703,58.0434],[25.166,58.0393],[25.1659,58.0389],[25.1673,58.0354],[25.1673,58.0328],[25.1678,58.0291],[25.1695,58.0279],[25.1704,58.027],[25.171,58.0244],[25.1736,58.021],[25.1736,58.0197],[25.1742,58.0182],[25.1732,58.017],[25.174,58.0147],[25.1758,58.0122]]]},"properties":{"ref":"V173"}},
{"type":"Feature","geometry":{"type":"LineString","coordinates":[[27.0838,59.0254],[27.0834,59.0254]]},"properties":{"ref":"35;88"}},
{"type":"Feature","geometry":{"type":"LineString","coordinates":[[27.2916,57.9777],[27.2913,57.9778],[27.2911,57.9777],[27.2911,57.9776],[27.2911,57.9775],[27.2915,57.9774],[27.2917,57.9775],[27.2917,57.9777],[27.2916,57.9777]]},"properties":{"ref":"90;65"}},
{"type":"Feature","geometry":{"type":"LineString","coordinates":[[25.2922,57.9822],[25.2898,57.9893],[25.2877,57.9914]]},"properties":{"ref":"V175"}},
{"type":"Feature","geometry":{"type":"LineString","coordinates":[[27.1457,58.694],[27.1456,58.6943],[27.1456,58.6944],[27.1453,58.6959],[27.1444,58.6986],[27.143,58.7003],[27.1413,58.7017],[27.1407,58.7022],[27.1375,58.7046],[27.1375,58.7047],[27.1321,58.7089],[27.1299,58.7102],[27.1229,58.714],[27.1204,58.7156],[27.1191,58.7164],[27.1186,58.7167],[27.1103,58.7222],[27.1078,58.7244],[27.1057,58.7264],[27.1052,58.7268],[27.1049,58.727],[27.1044,58.7273],[27.1039,58.7276],[27.1026,58.7283]]},"properties":{"ref":"4900568-1"}},
{"type":"Feature","geometry":{"type":"LineString","coordinates":[[22.7881,58.835],[22.7879,58.835],[22.7878,58.8349],[22.7878,58.8347],[22.7879,58.8347],[22.7882,58.8347],[22.7883,58.8348],[22.7883,58.8349],[22.7881,58.835]]},"properties":{"ref":"81;83"}}
]}