{"type":"FeatureCollection", "features": [
{"type":"Feature","geometry":{"type":"MultiPolygon","coordinates":[[[[24.6996,59.3611],[24.6901,59.3528],[24.6868,59.3442],[24.6968,59.3436],[24.7052,59.3517],[24.7126,59.3606],[24.7075,59.3648],[24.705,59.3642],[24.6996,59.3611]]],[[[28.1585,59.4175],[28.1635,59.4148],[28.1841,59.408],[28.1845,59.4079],[28.194,59.405],[28.1995,59.4003],[28.2063,59.4047],[28.1999,59.3999],[28.2095,59.3948],[28.2161,59.4047],[28.2373,59.4117],[28.2402,59.4226],[28.2267,59.4214],[28.2233,59.4192],[28.1872,59.4198],[28.1681,59.4171],[28.1585,59.4175]]],[[[24.4269,57.8819],[24.4265,57.8809],[24.4267,57.8796],[24.4406,57.8823],[24.442,57.8792],[24.4474,57.881],[24.4567,57.8792],[24.4465,57.8757],[24.4355,57.8525],[24.4654,57.8506],[24.4845,57.859],[24.4878,57.8668],[24.4921,57.8682],[24.4905,57.8731],[24.4932,57.8788],[24.5017,57.8828],[24.5195,57.8829],[24.5207,57.8779],[24.5166,57.8745],[24.5056,57.8736],[24.5001,57.8698],[24.4946,57.8629],[24.5074,57.8603],[24.5164,57.856],[24.5315,57.8577],[24.5477,57.8655],[24.547,57.8706],[24.5575,57.8824],[24.5452,57.8856],[24.545,57.8895],[24.5657,57.8914],[24.5755,57.8873],[24.5792,57.8902],[24.5797,57.8964],[24.5934,57.8976],[24.5808,57.885],[24.5865,57.8858],[24.5902,57.8818],[24.5999,57.8855],[24.6009,57.8959],[24.6131,57.8983],[24.6119,57.9179],[24.5973,57.9523],[24.591,57.9447],[24.5783,57.9421],[24.5812,57.9334],[24.5696,57.9298],[24.572,57.9393],[24.5825,57.9446],[24.5839,57.9538],[24.587,57.9576],[24.5848,57.9621],[24.585,57.965],[24.5849,57.9695],[24.5771,57.9724],[24.5722,57.9698],[24.5699,57.964],[24.5614,57.9545],[24.5539,57.9537],[24.5451,57.9524],[24.544,57.948],[24.5367,57.9487],[24.5401,57.9532],[24.5316,57.9575],[24.5267,57.9561],[24.5134,57.9578],[24.5149,57.9593],[24.5072,57.9613],[24.499,57.9628],[24.4888,57.9683],[24.4529,57.968],[24.4498,57.9688],[24.4338,57.9446],[24.4282,57.9333],[24.4201,57.9131],[24.4171,57.9076],[24.4297,57.9065],[24.4333,57.9044],[24.4351,57.9015],[24.43,57.8979],[24.424,57.904],[24.4226,57.9054],[24.4138,57.9035],[24.4129,57.9021],[24.4198,57.8945],[24.4101,57.8915],[24.4069,57.8959],[24.4053,57.8945],[24.3994,57.8895],[24.3955,57.8861],[24.4064,57.882],[24.4089,57.8835],[24.4065,57.8891],[24.4143,57.8904],[24.4211,57.8885],[24.4203,57.8845],[24.4097,57.8836],[24.4157,57.8815],[24.4241,57.8843],[24.4269,57.8819]]],[[[24.2778,58.8307],[24.2783,58.8295],[24.2734,58.8248],[24.2842,58.8251],[24.284,58.8277],[24.2896,58.8308],[24.298,58.8279],[24.3011,58.8275],[24.3045,58.831],[24.3053,58.8307],[24.306,58.8304],[24.3081,58.8309],[24.3187,58.8305],[24.3214,58.8304],[24.3118,58.8353],[24.3181,58.8461],[24.3093,58.8451],[24.3131,58.8506],[24.3202,58.8479],[24.3229,58.853],[24.3234,58.854],[24.3283,58.8563],[24.3339,58.8573],[24.3271,58.8588],[24.3304,58.8664],[24.3255,58.8673],[24.3236,58.8675],[24.3224,58.8711],[24.3081,58.8771],[24.2966,58.8774],[24.2837,58.8788],[24.2805,58.8774],[24.2763,58.8823],[24.2696,58.8768],[24.2663,58.8701],[24.2601,58.8696],[24.2512,58.8637],[24.2571,58.8525],[24.2635,58.8505],[24.2662,58.8605],[24.2699,58.8628],[24.2685,58.8684],[24.2777,58.8693],[24.2742,58.8708],[24.2821,58.876],[24.2892,58.8715],[24.3005,58.8751],[24.3048,58.8746],[24.3049,58.8744],[24.2947,58.867],[24.2875,58.8692],[24.2872,58.8692],[24.2832,58.8632],[24.2742,58.8582],[24.267,58.8493],[24.2707,58.8479],[24.2596,58.8382],[24.2678,58.8352],[24.2694,58.8308],[24.2767,58.8312],[24.2778,58.8307]]],[[[26.5113,57.5207],[26.4999,57.5245],[26.4922,57.5175],[26.4835,57.5162],[26.4736,57.5107],[26.4704,57.5208],[26.4822,57.5235],[26.4829,57.5281],[26.4736,57.5272],[26.4689,57.5223],[26.4568,57.5308],[26.4565,57.5352],[26.4746,57.5418],[26.4909,57.5411],[26.491,57.5455],[26.4695,57.5756],[26.4577,57.5751],[26.4691,57.5783],[26.4808,57.5835],[26.4822,57.5869],[26.4817,57.5924],[26.4735,57.5927],[26.4419,57.5969],[26.4281,57.6009],[26.4132,57.6006],[26.4101,57.602],[26.3918,57.6013],[26.3862,57.5983],[26.3646,57.5992],[26.3558,57.5971],[26.3516,57.5933],[26.3523,57.588],[26.3632,57.5803],[26.3761,57.5776],[26.3801,57.5767],[26.3755,57.5741],[26.3784,57.5697],[26.3728,57.5601],[26.3833,57.5625],[26.3922,57.5519],[26.4085,57.5461],[26.4029,57.542],[26.4085,57.5377],[26.4059,57.5318],[26.4009,57.5274],[26.3992,57.5215],[26.4074,57.5211],[26.4329,57.5291],[26.4379,57.5249],[26.4299,57.5217],[26.4249,57.5157],[26.4084,57.5142],[26.3997,57.5084],[26.4006,57.5041],[26.4089,57.5033],[26.4066,57.4972],[26.4144,57.4973],[26.4225,57.4932],[26.4271,57.4887],[26.4337,57.4903],[26.4411,57.4971],[26.4612,57.5011],[26.459,57.5063],[26.4636,57.5111],[26.4735,57.5078],[26.467,57.5054],[26.4671,57.4967],[26.4721,57.4961],[26.4633,57.4872],[26.4767,57.4832],[26.477,57.4762],[26.4895,57.4693],[26.4977,57.4712],[26.5045,57.4704],[26.5108,57.474],[26.505,57.4771],[26.5049,57.4808],[26.5148,57.4814],[26.5245,57.4789],[26.5143,57.4889],[26.5221,57.489],[26.5245,57.4827],[26.539,57.4801],[26.536,57.4855],[26.5459,57.4887],[26.5467,57.4827],[26.5649,57.4892],[26.5657,57.4934],[26.5725,57.4965],[26.5875,57.4973],[26.5922,57.501],[26.5935,57.5066],[26.5915,57.514],[26.5878,57.5169],[26.5891,57.5223],[26.5849,57.5248],[26.5847,57.5323],[26.5814,57.5344],[26.5677,57.5317],[26.561,57.5279],[26.5611,57.5226],[26.5662,57.5195],[26.5574,57.5139],[26.5249,57.5162],[26.5311,57.5171],[26.5293,57.524],[26.5526,57.5256],[26.5546,57.5306],[26.5479,57.5319],[26.5382,57.5301],[26.5329,57.5342],[26.5331,57.5355],[26.5212,57.5352],[26.5154,57.5353],[26.5139,57.5346],[26.5154,57.5316],[26.5033,57.5271],[26.5124,57.5267],[26.5113,57.5207]],[[26.3893,57.5588],[26.4023,57.5644],[26.408,57.5683],[26.4177,57.5645],[26.4261,57.5664],[26.4354,57.5616],[26.434,57.5569],[26.4287,57.555],[26.4171,57.556],[26.4055,57.5539],[26.402,57.5579],[26.3893,57.5588]],[[26.418,57.506],[26.4218,57.5133],[26.4327,57.5139],[26.4423,57.518],[26.4543,57.5182],[26.4609,57.5147],[26.4558,57.5005],[26.4413,57.4996],[26.4343,57.4974],[26.4316,57.4913],[26.4204,57.4965],[26.4232,57.5018],[26.418,57.506]],[[26.4242,57.5471],[26.4282,57.5523],[26.439,57.5564],[26.4496,57.5559],[26.4482,57.5527],[26.4667,57.5435],[26.4524,57.5389],[26.4477,57.54],[26.4436,57.543],[26.4478,57.5458],[26.4361,57.5476],[26.4242,57.5471]],[[26.472,57.4906],[26.4757,57.4924],[26.4749,57.5015],[26.4913,57.5014],[26.5008,57.5046],[26.5132,57.4999],[26.514,57.4927],[26.4982,57.4859],[26.4958,57.4786],[26.4843,57.4764],[26.4839,57.4809],[26.4786,57.4872],[26.472,57.4906]],[[26.5473,57.5084],[26.5662,57.5162],[26.5743,57.517],[26.576,57.5077],[26.572,57.4991],[26.5595,57.4938],[26.5526,57.4949],[26.5512,57.4995],[26.5564,57.504],[26.5473,57.5084]]],[[[27.0144,57.7442],[27.0092,57.7393],[27.0081,57.7367],[27.0073,57.7359],[27.0114,57.7325],[27.0033,57.7304],[27.0018,57.7285],[26.9894,57.7297],[26.9872,57.7253],[26.9963,57.7133],[26.9839,57.7156],[26.9779,57.7127],[26.9839,57.7088],[26.999,57.7025],[26.9981,57.6996],[26.9879,57.7021],[26.9812,57.7081],[26.9739,57.7097],[26.9653,57.6991],[26.9758,57.6983],[26.9759,57.6968],[26.968,57.6949],[26.9599,57.6962],[26.9587,57.6924],[26.9592,57.6924],[26.9597,57.6924],[26.96,57.6923],[26.96,57.692],[26.9598,57.6916],[26.9657,57.6887],[26.9663,57.6872],[26.9723,57.6877],[26.977,57.6825],[26.9741,57.681],[26.9678,57.6846],[26.9696,57.6849],[26.9617,57.6866],[26.9588,57.6857],[26.9534,57.6813],[26.9551,57.681],[26.9581,57.6822],[26.9589,57.6823],[26.9608,57.6818],[26.9634,57.6815],[26.9676,57.6802],[26.9693,57.6791],[26.9697,57.6789],[26.9712,57.6783],[26.9853,57.6795],[26.994,57.678],[26.9957,57.674],[26.9971,57.6715],[26.9895,57.67],[26.9936,57.6653],[26.9815,57.6691],[26.9742,57.6627],[26.9729,57.6629],[26.9757,57.6577],[26.9639,57.6525],[26.9615,57.6463],[26.9515,57.6491],[26.9471,57.6483],[26.9374,57.643],[26.9321,57.6428],[26.9268,57.6385],[26.9309,57.6451],[26.9226,57.6496],[26.9297,57.6487],[26.9331,57.6456],[26.939,57.6502],[26.9349,57.657],[26.9347,57.661],[26.9259,57.6641],[26.9354,57.6669],[26.9256,57.6731],[26.9302,57.679],[26.9265,57.6754],[26.9178,57.6768],[26.9168,57.6805],[26.9268,57.6798],[26.9406,57.6814],[26.9475,57.6836],[26.9471,57.6868],[26.9466,57.6863],[26.9411,57.6872],[26.9407,57.6871],[26.9382,57.6832],[26.93,57.6835],[26.9329,57.6888],[26.9202,57.6976],[26.9196,57.6956],[26.9149,57.6895],[26.9041,57.6809],[26.8945,57.6828],[26.8826,57.6757],[26.8817,57.6754],[26.8827,57.6681],[26.8859,57.6721],[26.8959,57.6754],[26.9071,57.6716],[26.8961,57.6678],[26.8985,57.6652],[26.9055,57.665],[26.9167,57.661],[26.9212,57.6565],[26.9163,57.6567],[26.9091,57.6599],[26.8887,57.66],[26.8832,57.6561],[26.8776,57.6608],[26.8759,57.6662],[26.871,57.6684],[26.8709,57.6689],[26.8705,57.6717],[26.87,57.6721],[26.8711,57.6726],[26.8722,57.6735],[26.8751,57.6731],[26.8752,57.6732],[26.8752,57.6733],[26.878,57.6769],[26.8786,57.6774],[26.8792,57.6776],[26.8798,57.6779],[26.8804,57.6783],[26.8806,57.6784],[26.8843,57.682],[26.8899,57.6854],[26.8912,57.6855],[26.8912,57.686],[26.8911,57.686],[26.8904,57.6859],[26.8895,57.6877],[26.8886,57.6883],[26.8875,57.69],[26.8881,57.6905],[26.8894,57.6912],[26.887,57.6915],[26.8864,57.6915],[26.8858,57.6916],[26.8839,57.6933],[26.8834,57.6936],[26.8777,57.693],[26.8789,57.6912],[26.8796,57.691],[26.881,57.6895],[26.8858,57.6849],[26.868,57.6823],[26.8675,57.6865],[26.8625,57.6998],[26.8741,57.7002],[26.8911,57.6957],[26.8925,57.6944],[26.8929,57.6941],[26.8958,57.6943],[26.8962,57.6943],[26.8956,57.6933],[26.8964,57.6934],[26.8966,57.6933],[26.8969,57.6933],[26.8979,57.6935],[26.9012,57.6964],[26.9085,57.6968],[26.9126,57.6997],[26.9077,57.7024],[26.9089,57.7095],[26.9241,57.7149],[26.9241,57.7167],[26.9238,57.7167],[26.9235,57.7168],[26.9224,57.7181],[26.9173,57.718],[26.9165,57.718],[26.9157,57.717],[26.9088,57.712],[26.9028,57.7092],[26.9005,57.7048],[26.8905,57.7091],[26.8894,57.7103],[26.9017,57.7161],[26.9059,57.7208],[26.9115,57.7221],[26.9128,57.7224],[26.9132,57.7223],[26.9136,57.722],[26.9136,57.7214],[26.9132,57.7211],[26.9133,57.7205],[26.9129,57.7193],[26.9138,57.7192],[26.9161,57.7193],[26.9162,57.7193],[26.9181,57.7223],[26.9128,57.7256],[26.908,57.7264],[26.8975,57.7266],[26.8955,57.7235],[26.8845,57.7262],[26.8789,57.7267],[26.8779,57.7268],[26.8714,57.7242],[26.8705,57.7236],[26.8648,57.7246],[26.8645,57.7262],[26.8453,57.7195],[26.8472,57.7144],[26.8561,57.7182],[26.8632,57.7156],[26.86,57.7082],[26.8602,57.7053],[26.8622,57.7048],[26.8622,57.7046],[26.8625,57.7045],[26.8628,57.7044],[26.8638,57.7025],[26.86,57.7011],[26.8592,57.701],[26.859,57.7008],[26.8587,57.7006],[26.8507,57.7003],[26.851,57.7004],[26.8512,57.7004],[26.8517,57.7005],[26.8493,57.7037],[26.8454,57.7056],[26.8363,57.7092],[26.8291,57.7208],[26.8244,57.7189],[26.8108,57.7173],[26.8072,57.7197],[26.792,57.7195],[26.789,57.7242],[26.7819,57.7195],[26.7789,57.7137],[26.7663,57.7183],[26.7595,57.7155],[26.7605,57.7143],[26.762,57.7143],[26.7657,57.7146],[26.7667,57.7151],[26.762,57.7101],[26.7612,57.7098],[26.7589,57.7117],[26.7553,57.7117],[26.7548,57.7116],[26.7539,57.7116],[26.7539,57.7118],[26.7545,57.7157],[26.7597,57.7209],[26.7729,57.7228],[26.7833,57.7329],[26.7821,57.7387],[26.7778,57.739],[26.7731,57.7379],[26.7703,57.7331],[26.7729,57.7298],[26.7629,57.7257],[26.7545,57.726],[26.7528,57.735],[26.7618,57.7364],[26.762,57.7392],[26.7466,57.738],[26.7512,57.7353],[26.7433,57.7322],[26.743,57.7323],[26.7367,57.738],[26.7284,57.7387],[26.7201,57.7388],[26.7106,57.7287],[26.713,57.7256],[26.7083,57.7259],[26.7091,57.7205],[26.7153,57.7245],[26.7249,57.7228],[26.7298,57.7242],[26.7293,57.7245],[26.7363,57.7278],[26.7466,57.7257],[26.7458,57.7221],[26.7437,57.7213],[26.7422,57.721],[26.7405,57.7213],[26.7371,57.7209],[26.7361,57.7203],[26.7353,57.718],[26.733,57.7163],[26.7323,57.7157],[26.7255,57.7106],[26.7255,57.7105],[26.7267,57.7097],[26.7247,57.7091],[26.7249,57.7093],[26.7247,57.7094],[26.7232,57.7071],[26.7235,57.7067],[26.7241,57.7056],[26.7273,57.7034],[26.7258,57.7024],[26.7236,57.7013],[26.7234,57.7012],[26.7223,57.6971],[26.7227,57.6969],[26.728,57.6975],[26.7284,57.6973],[26.7286,57.6973],[26.7287,57.6974],[26.7315,57.6978],[26.7341,57.6993],[26.7368,57.7011],[26.7372,57.701],[26.7406,57.7021],[26.7441,57.7027],[26.7443,57.7025],[26.7446,57.7015],[26.7446,57.7013],[26.7465,57.7014],[26.7457,57.701],[26.7452,57.7007],[26.7448,57.7005],[26.7441,57.7001],[26.7431,57.6997],[26.7413,57.6985],[26.7409,57.6982],[26.7408,57.6981],[26.7405,57.6957],[26.7416,57.6952],[26.7483,57.6899],[26.7498,57.6889],[26.7534,57.6894],[26.7536,57.6894],[26.7577,57.6965],[26.7556,57.6976],[26.7529,57.6957],[26.7527,57.6956],[26.7527,57.6982],[26.7525,57.6986],[26.7523,57.6986],[26.752,57.6989],[26.7585,57.6997],[26.7721,57.6981],[26.7747,57.6953],[26.7649,57.6905],[26.7602,57.6886],[26.7601,57.6885],[26.7599,57.6884],[26.7597,57.6883],[26.7577,57.6875],[26.7578,57.6875],[26.7592,57.6869],[26.7537,57.6868],[26.7538,57.6814],[26.7624,57.679],[26.7633,57.6787],[26.7648,57.6782],[26.7649,57.6782],[26.7657,57.6779],[26.7663,57.6776],[26.7673,57.6771],[26.7632,57.6765],[26.7572,57.6773],[26.7583,57.6757],[26.7561,57.6694],[26.7546,57.676],[26.752,57.6761],[26.7479,57.6764],[26.7452,57.6715],[26.74,57.6711],[26.7379,57.6698],[26.7385,57.6693],[26.7385,57.669],[26.7388,57.6686],[26.7384,57.6681],[26.7358,57.6659],[26.7342,57.6662],[26.7338,57.6667],[26.7334,57.6691],[26.734,57.6709],[26.735,57.6724],[26.7351,57.6724],[26.7351,57.6725],[26.7351,57.6727],[26.7352,57.673],[26.7353,57.6733],[26.7355,57.6734],[26.7365,57.6733],[26.7366,57.6732],[26.7366,57.6733],[26.7344,57.6753],[26.734,57.6753],[26.7263,57.6741],[26.7247,57.6695],[26.7222,57.6698],[26.72,57.6682],[26.7202,57.668],[26.7204,57.6671],[26.7195,57.6671],[26.7193,57.6672],[26.719,57.6674],[26.7172,57.666],[26.717,57.6659],[26.7172,57.6654],[26.7167,57.6654],[26.7164,57.6655],[26.7155,57.665],[26.7139,57.6641],[26.7138,57.6637],[26.7144,57.663],[26.7129,57.6628],[26.7122,57.6575],[26.7136,57.657],[26.7172,57.6561],[26.7185,57.6561],[26.7186,57.6555],[26.7191,57.6553],[26.7199,57.6553],[26.7198,57.6548],[26.727,57.6514],[26.7271,57.6513],[26.7269,57.6509],[26.7266,57.6511],[26.7238,57.6513],[26.7226,57.6476],[26.7199,57.643],[26.7178,57.6418],[26.7176,57.6416],[26.7166,57.641],[26.7151,57.6405],[26.7145,57.6399],[26.713,57.6389],[26.712,57.6388],[26.7051,57.6382],[26.7047,57.6379],[26.703,57.6376],[26.7017,57.6379],[26.7005,57.6365],[26.6971,57.6331],[26.6937,57.6311],[26.6892,57.6253],[26.6935,57.6224],[26.6996,57.6215],[26.7005,57.6213],[26.7008,57.6213],[26.7013,57.6165],[26.6972,57.6104],[26.6975,57.6063],[26.7061,57.6106],[26.7076,57.6108],[26.7144,57.6077],[26.7186,57.6109],[26.725,57.6126],[26.7342,57.6137],[26.7284,57.6182],[26.7204,57.6212],[26.7243,57.6239],[26.7299,57.6288],[26.7345,57.6244],[26.7299,57.6191],[26.7406,57.6174],[26.7382,57.6081],[26.73,57.6041],[26.7308,57.5975],[26.7374,57.6016],[26.7427,57.6029],[26.7476,57.6079],[26.7553,57.6078],[26.7483,57.6092],[26.7465,57.6132],[26.7497,57.6251],[26.7541,57.6266],[26.7619,57.6228],[26.767,57.6237],[26.7741,57.6226],[26.7761,57.6193],[26.7737,57.6245],[26.7819,57.6268],[26.7795,57.6175],[26.7884,57.6178],[26.7923,57.6127],[26.7848,57.6093],[26.7746,57.6127],[26.7681,57.6125],[26.7594,57.6079],[26.7743,57.6078],[26.7757,57.6061],[26.7856,57.6034],[26.7891,57.6092],[26.8012,57.6099],[26.8035,57.6095],[26.8156,57.6105],[26.8186,57.6111],[26.8152,57.6161],[26.8177,57.62],[26.8272,57.6183],[26.8251,57.6134],[26.8303,57.6134],[26.831,57.6135],[26.8315,57.6138],[26.8323,57.6143],[26.8342,57.6196],[26.8308,57.6286],[26.8281,57.6304],[26.8279,57.6304],[26.8277,57.6304],[26.8258,57.6298],[26.8257,57.6298],[26.8233,57.6286],[26.8065,57.6272],[26.8007,57.6206],[26.7946,57.6207],[26.8027,57.6277],[26.8073,57.6278],[26.809,57.6323],[26.8193,57.6347],[26.82,57.635],[26.8165,57.6394],[26.8225,57.643],[26.8336,57.6451],[26.8344,57.6387],[26.8477,57.6433],[26.8418,57.6455],[26.8451,57.6538],[26.8446,57.6541],[26.8447,57.6547],[26.8447,57.6548],[26.8482,57.6554],[26.8492,57.6551],[26.8523,57.6563],[26.8524,57.6564],[26.8533,57.6566],[26.853,57.6562],[26.8711,57.6579],[26.8697,57.6548],[26.8786,57.653],[26.8884,57.6525],[26.8809,57.6465],[26.8918,57.638],[26.8993,57.6419],[26.8903,57.654],[26.8897,57.6564],[26.9001,57.6584],[26.9142,57.6561],[26.9212,57.6481],[26.918,57.6473],[26.9252,57.6393],[26.9269,57.6329],[26.9271,57.6363],[26.9291,57.6318],[26.9368,57.632],[26.941,57.6292],[26.9435,57.6228],[26.9393,57.6208],[26.9629,57.6206],[26.9689,57.6178],[26.9772,57.6178],[26.9843,57.6207],[26.9832,57.6278],[26.9778,57.6283],[26.9756,57.6237],[26.9665,57.6275],[26.9758,57.6299],[26.9618,57.6358],[26.9628,57.6357],[26.9663,57.6389],[26.9666,57.6407],[26.973,57.6456],[26.9701,57.648],[26.9762,57.6515],[26.9839,57.6504],[26.9904,57.6507],[26.9803,57.6568],[26.983,57.6634],[26.9928,57.6618],[26.9882,57.6554],[26.9905,57.6527],[26.9974,57.6508],[27.0022,57.6487],[27.0078,57.6532],[27.007,57.6554],[27.0148,57.6558],[27.0358,57.6551],[27.0376,57.6545],[27.0434,57.6556],[27.0397,57.6612],[27.0421,57.6631],[27.0507,57.6576],[27.0567,57.659],[27.0581,57.6587],[27.065,57.6571],[27.07,57.6526],[27.0819,57.6592],[27.0872,57.6508],[27.0831,57.6483],[27.0722,57.6521],[27.073,57.6486],[27.0795,57.647],[27.085,57.6476],[27.0907,57.644],[27.0987,57.6468],[27.1041,57.6477],[27.1225,57.6471],[27.1299,57.6482],[27.1349,57.6523],[27.1418,57.6533],[27.1489,57.6561],[27.1514,57.6523],[27.1526,57.652],[27.1544,57.6535],[27.158,57.657],[27.1668,57.6521],[27.1588,57.6463],[27.1546,57.6477],[27.1567,57.6469],[27.1502,57.6446],[27.1429,57.6392],[27.142,57.636],[27.1423,57.6322],[27.1311,57.6338],[27.1311,57.6371],[27.1251,57.6403],[27.1161,57.6408],[27.1156,57.6345],[27.1063,57.6351],[27.0935,57.6323],[27.092,57.6301],[27.0975,57.6271],[27.0903,57.6247],[27.0847,57.6284],[27.0778,57.6244],[27.0913,57.6228],[27.1011,57.6188],[27.0934,57.6165],[27.0846,57.6211],[27.0755,57.6227],[27.0656,57.6251],[27.0677,57.6214],[27.0697,57.6205],[27.0748,57.6207],[27.0837,57.6139],[27.0742,57.6144],[27.0706,57.6171],[27.0723,57.614],[27.0782,57.612],[27.0743,57.6069],[27.0861,57.6073],[27.0963,57.6093],[27.1005,57.6055],[27.1079,57.6093],[27.1141,57.6059],[27.1219,57.6058],[27.127,57.5996],[27.1606,57.6012],[27.1833,57.6016],[27.1909,57.5988],[27.2088,57.5988],[27.2163,57.5977],[27.2172,57.5988],[27.2093,57.6031],[27.2092,57.6063],[27.215,57.6097],[27.2215,57.6039],[27.2249,57.6087],[27.2349,57.6102],[27.2335,57.6051],[27.2355,57.6018],[27.2356,57.6018],[27.237,57.6016],[27.2377,57.6015],[27.2386,57.6019],[27.24,57.6022],[27.2375,57.5994],[27.2327,57.592],[27.2413,57.5865],[27.2414,57.5821],[27.2502,57.5821],[27.258,57.5867],[27.2581,57.5871],[27.261,57.5875],[27.2608,57.5862],[27.2635,57.5838],[27.2518,57.5813],[27.25,57.5785],[27.2494,57.5771],[27.2376,57.5665],[27.2445,57.5624],[27.2554,57.5601],[27.2662,57.556],[27.2783,57.5534],[27.278,57.5522],[27.2837,57.5467],[27.2842,57.5424],[27.2779,57.5412],[27.2808,57.5374],[27.2972,57.5398],[27.3126,57.5321],[27.3259,57.5235],[27.3473,57.522],[27.3489,57.5268],[27.345,57.5289],[27.3467,57.5357],[27.3361,57.5457],[27.3353,57.5516],[27.3294,57.5603],[27.3295,57.564],[27.3144,57.5634],[27.3159,57.5724],[27.3056,57.5764],[27.3023,57.5802],[27.3021,57.5859],[27.3072,57.5861],[27.3118,57.5812],[27.3169,57.5821],[27.324,57.5808],[27.3396,57.5861],[27.3402,57.5906],[27.3553,57.5976],[27.3544,57.5982],[27.3491,57.5993],[27.3475,57.6038],[27.3394,57.6033],[27.3361,57.5997],[27.3426,57.5967],[27.342,57.5929],[27.3343,57.589],[27.3262,57.5893],[27.3268,57.5904],[27.3275,57.5931],[27.3226,57.5963],[27.3144,57.5934],[27.308,57.5971],[27.308,57.6001],[27.3059,57.5993],[27.3057,57.5946],[27.2963,57.5952],[27.2952,57.5898],[27.2849,57.5879],[27.2803,57.5944],[27.2733,57.5911],[27.2794,57.5816],[27.2825,57.5756],[27.2894,57.5742],[27.3023,57.575],[27.2891,57.5734],[27.2924,57.5686],[27.2852,57.5681],[27.2817,57.5646],[27.281,57.5637],[27.2737,57.5629],[27.2599,57.5658],[27.2653,57.5705],[27.2661,57.5753],[27.2725,57.577],[27.2764,57.5808],[27.2745,57.5863],[27.2681,57.5874],[27.2706,57.5903],[27.2596,57.5926],[27.2521,57.5985],[27.2473,57.6091],[27.2507,57.6111],[27.2569,57.614],[27.2574,57.6148],[27.2627,57.6176],[27.2675,57.6192],[27.2676,57.622],[27.2585,57.6201],[27.258,57.6248],[27.2666,57.6258],[27.2661,57.624],[27.2715,57.625],[27.2784,57.6217],[27.2783,57.6181],[27.2733,57.6132],[27.2649,57.6107],[27.2563,57.6048],[27.2639,57.5991],[27.2663,57.5961],[27.2752,57.5932],[27.2733,57.5961],[27.2842,57.5976],[27.2935,57.601],[27.297,57.6044],[27.2954,57.609],[27.2848,57.6098],[27.2886,57.6188],[27.2953,57.6184],[27.3082,57.6205],[27.3111,57.6212],[27.3223,57.6197],[27.3205,57.6176],[27.3209,57.6156],[27.3225,57.6131],[27.3126,57.6102],[27.3127,57.6046],[27.3226,57.6046],[27.3272,57.6005],[27.3372,57.6026],[27.3332,57.6068],[27.3462,57.607],[27.3423,57.613],[27.3468,57.6154],[27.3516,57.6193],[27.3414,57.623],[27.3305,57.6209],[27.3231,57.6268],[27.3352,57.6292],[27.3443,57.6248],[27.3514,57.6221],[27.3592,57.6208],[27.3607,57.6168],[27.3548,57.6109],[27.3476,57.6104],[27.3529,57.6013],[27.3579,57.6039],[27.3693,57.6033],[27.3693,57.6076],[27.3745,57.6177],[27.3814,57.6181],[27.3848,57.6238],[27.3903,57.627],[27.3812,57.6304],[27.3807,57.638],[27.3648,57.631],[27.3415,57.6297],[27.3334,57.6365],[27.3263,57.6365],[27.3227,57.6375],[27.3218,57.6374],[27.3182,57.6317],[27.3222,57.6276],[27.3134,57.6246],[27.3058,57.6293],[27.307,57.632],[27.2997,57.6328],[27.2947,57.6359],[27.296,57.6412],[27.3078,57.6382],[27.3158,57.6394],[27.3211,57.643],[27.31,57.6451],[27.3048,57.6421],[27.2991,57.6437],[27.2999,57.6476],[27.2935,57.6458],[27.2848,57.6482],[27.2778,57.6479],[27.2652,57.6541],[27.2605,57.6506],[27.2577,57.6531],[27.2667,57.6584],[27.2705,57.6548],[27.2783,57.6558],[27.27,57.6626],[27.2813,57.6668],[27.272,57.6698],[27.2709,57.6646],[27.2627,57.6669],[27.2513,57.666],[27.2544,57.6711],[27.2633,57.6685],[27.2641,57.6768],[27.2798,57.6829],[27.2744,57.6757],[27.2814,57.6706],[27.2876,57.6738],[27.2874,57.678],[27.2986,57.6783],[27.316,57.6906],[27.3056,57.6902],[27.3053,57.6984],[27.3121,57.7062],[27.3096,57.7138],[27.3057,57.7136],[27.3015,57.7122],[27.2915,57.7137],[27.2928,57.7071],[27.2831,57.7063],[27.2892,57.7064],[27.2942,57.7021],[27.2844,57.6953],[27.2817,57.7023],[27.2776,57.7048],[27.2705,57.7017],[27.2756,57.6979],[27.2711,57.6944],[27.2589,57.686],[27.256,57.6806],[27.2623,57.6786],[27.2554,57.6749],[27.2454,57.6788],[27.2364,57.6804],[27.2345,57.6831],[27.2388,57.6873],[27.2407,57.6898],[27.2381,57.6905],[27.2344,57.6892],[27.2293,57.6961],[27.2275,57.6983],[27.2267,57.6971],[27.2266,57.6966],[27.2253,57.6957],[27.2228,57.6968],[27.22,57.6987],[27.2186,57.6996],[27.2109,57.6963],[27.2134,57.6946],[27.2185,57.6904],[27.2115,57.6886],[27.2107,57.6855],[27.2038,57.6813],[27.1904,57.6797],[27.1848,57.6842],[27.1753,57.6834],[27.1745,57.68],[27.1744,57.6763],[27.1623,57.6694],[27.1569,57.6721],[27.1547,57.6687],[27.1668,57.6667],[27.1709,57.6637],[27.1688,57.6588],[27.1618,57.6661],[27.1559,57.6634],[27.1446,57.6611],[27.1423,57.6592],[27.1383,57.6539],[27.1288,57.6528],[27.1149,57.6524],[27.1125,57.6529],[27.1082,57.6592],[27.0995,57.6605],[27.094,57.6598],[27.0862,57.665],[27.0753,57.6694],[27.0704,57.6713],[27.0616,57.6666],[27.0605,57.6671],[27.0675,57.6719],[27.0567,57.6754],[27.0576,57.6794],[27.0661,57.677],[27.0742,57.6749],[27.0652,57.6815],[27.0466,57.6845],[27.0393,57.6866],[27.0365,57.6861],[27.0308,57.6954],[27.0253,57.6977],[27.0165,57.6962],[27.0248,57.6933],[27.0249,57.6891],[27.0195,57.6868],[27.022,57.6817],[27.0233,57.6751],[27.0316,57.6714],[27.037,57.6728],[27.0406,57.6733],[27.0436,57.6702],[27.0365,57.6712],[27.036,57.6687],[27.0253,57.6671],[27.019,57.6713],[27.0053,57.6702],[27.0025,57.6692],[27.0003,57.6701],[27.0066,57.6725],[27.0063,57.6759],[27.0138,57.677],[27.0131,57.6805],[27.0029,57.6802],[26.9966,57.6868],[26.996,57.689],[27.0069,57.687],[27.0101,57.6909],[27.0059,57.6934],[26.9949,57.6952],[26.99,57.6933],[26.9841,57.6967],[26.9996,57.6971],[27.0077,57.6952],[27.0068,57.6993],[27.0209,57.7015],[27.0265,57.7028],[27.0306,57.697],[27.0415,57.6917],[27.0552,57.6887],[27.0665,57.6921],[27.0708,57.6899],[27.0833,57.692],[27.0866,57.697],[27.0848,57.7007],[27.0867,57.7037],[27.08,57.706],[27.087,57.7123],[27.0922,57.7095],[27.0916,57.7044],[27.0996,57.7046],[27.1045,57.7087],[27.1017,57.7145],[27.1082,57.7154],[27.1071,57.7183],[27.0919,57.7177],[27.0914,57.721],[27.0884,57.722],[27.0843,57.7162],[27.0858,57.7159],[27.0842,57.7155],[27.0796,57.7059],[27.0639,57.7074],[27.0611,57.7028],[27.054,57.7026],[27.0486,57.7133],[27.0303,57.7122],[27.0258,57.7078],[27.0211,57.7052],[27.0089,57.7094],[26.9995,57.7096],[27.0005,57.7143],[27.008,57.7169],[27.0162,57.7145],[27.0219,57.7154],[27.0211,57.7166],[27.0247,57.7252],[27.0367,57.7256],[27.0495,57.7231],[27.0499,57.7255],[27.0544,57.7296],[27.0583,57.7323],[27.0536,57.7397],[27.0613,57.7289],[27.0567,57.7301],[27.0569,57.728],[27.0571,57.7267],[27.0577,57.7261],[27.0585,57.7263],[27.0581,57.7264],[27.058,57.7269],[27.0615,57.7269],[27.0601,57.7235],[27.0597,57.7236],[27.0584,57.7259],[27.0569,57.7262],[27.0571,57.7259],[27.0576,57.7238],[27.0574,57.7232],[27.0573,57.7228],[27.0572,57.7208],[27.0572,57.7202],[27.0635,57.7211],[27.0628,57.722],[27.0622,57.7229],[27.0636,57.7233],[27.0649,57.7241],[27.0672,57.7219],[27.079,57.7229],[27.081,57.7238],[27.0842,57.7276],[27.0817,57.7299],[27.079,57.7345],[27.0689,57.7296],[27.0697,57.7367],[27.073,57.7405],[27.0688,57.7414],[27.0641,57.7415],[27.0522,57.744],[27.0521,57.7438],[27.052,57.7437],[27.0517,57.7432],[27.0503,57.7426],[27.042,57.7395],[27.0389,57.735],[27.0507,57.7337],[27.0497,57.7293],[27.043,57.7268],[27.0353,57.7271],[27.0332,57.7302],[27.0335,57.7305],[27.0282,57.7345],[27.0281,57.7348],[27.035,57.7387],[27.0299,57.7394],[27.0277,57.7416],[27.0323,57.7451],[27.0414,57.7448],[27.0442,57.7474],[27.0394,57.754],[27.045,57.7549],[27.0367,57.7585],[27.0313,57.7571],[27.0377,57.7521],[27.0248,57.7468],[27.0174,57.7476],[27.0144,57.7442]],[[27.1993,57.6576],[27.2045,57.6598],[27.2095,57.6564],[27.209,57.6515],[27.217,57.6526],[27.2196,57.6603],[27.2262,57.6545],[27.2286,57.6552],[27.2292,57.66],[27.2187,57.6648],[27.2228,57.6707],[27.2264,57.6697],[27.2342,57.6688],[27.2379,57.6652],[27.2315,57.6566],[27.2429,57.6593],[27.2357,57.6488],[27.2309,57.6454],[27.232,57.6402],[27.229,57.6399],[27.226,57.6445],[27.2157,57.6471],[27.2069,57.6473],[27.2007,57.6449],[27.2001,57.6448],[27.1995,57.6446],[27.1994,57.6445],[27.1992,57.6445],[27.1986,57.6443],[27.2078,57.6442],[27.2127,57.64],[27.2133,57.6357],[27.1992,57.6404],[27.1977,57.6441],[27.1964,57.6441],[27.1964,57.6437],[27.2043,57.6304],[27.1935,57.6313],[27.1931,57.6317],[27.1874,57.6321],[27.1837,57.6296],[27.1831,57.6253],[27.1737,57.628],[27.175,57.6343],[27.1654,57.6367],[27.1789,57.6471],[27.1917,57.6526],[27.1853,57.6564],[27.1871,57.6591],[27.1819,57.6602],[27.1865,57.6614],[27.1901,57.6621],[27.194,57.6628],[27.1973,57.6615],[27.1993,57.6576]]],[[[27.1704,57.7591],[27.1628,57.7613],[27.1568,57.7656],[27.1485,57.7657],[27.1476,57.7651],[27.1462,57.7675],[27.1408,57.7688],[27.138,57.7696],[27.1357,57.77],[27.1347,57.7702],[27.1307,57.7719],[27.126,57.7746],[27.1173,57.7738],[27.1142,57.7776],[27.1083,57.7753],[27.1079,57.7751],[27.1054,57.775],[27.1144,57.7724],[27.1139,57.7662],[27.0987,57.7709],[27.0959,57.7752],[27.1087,57.7763],[27.1097,57.7769],[27.1108,57.7775],[27.1117,57.7781],[27.1058,57.7807],[27.106,57.7816],[27.0962,57.787],[27.0889,57.7889],[27.0885,57.7905],[27.0872,57.7911],[27.0865,57.7917],[27.0821,57.792],[27.0819,57.7925],[27.0835,57.793],[27.0833,57.7933],[27.0799,57.7936],[27.0781,57.7941],[27.0772,57.794],[27.0751,57.7933],[27.071,57.7922],[27.0706,57.7916],[27.0691,57.7915],[27.0706,57.7887],[27.0725,57.7888],[27.0744,57.7893],[27.0735,57.7891],[27.0748,57.7895],[27.0748,57.7892],[27.0748,57.7889],[27.0738,57.7883],[27.0706,57.7869],[27.0703,57.7861],[27.0699,57.7845],[27.0697,57.7841],[27.0709,57.7834],[27.0706,57.7829],[27.0697,57.7829],[27.0695,57.7824],[27.0693,57.7812],[27.0684,57.7824],[27.056,57.782],[27.0507,57.7804],[27.0568,57.7783],[27.0608,57.7769],[27.0637,57.7762],[27.0697,57.7763],[27.0753,57.7791],[27.0749,57.7806],[27.0755,57.7816],[27.0777,57.7815],[27.0873,57.7865],[27.0907,57.7772],[27.0804,57.7685],[27.0855,57.7638],[27.0842,57.759],[27.0731,57.7573],[27.0607,57.7587],[27.0679,57.7605],[27.0686,57.7636],[27.0636,57.7698],[27.0777,57.7655],[27.0747,57.7721],[27.0734,57.7722],[27.0732,57.7727],[27.0697,57.7737],[27.0689,57.7737],[27.0665,57.7742],[27.0662,57.774],[27.0628,57.7754],[27.062,57.7752],[27.059,57.7751],[27.0536,57.7782],[27.0471,57.7777],[27.0433,57.7824],[27.0428,57.7855],[27.0422,57.7841],[27.0394,57.783],[27.0353,57.7832],[27.0395,57.7795],[27.0333,57.775],[27.0256,57.7764],[27.0266,57.77],[27.0423,57.7739],[27.0511,57.7732],[27.053,57.7762],[27.054,57.7742],[27.0528,57.7733],[27.043,57.7664],[27.0419,57.766],[27.0376,57.7684],[27.0362,57.768],[27.0323,57.7672],[27.034,57.7638],[27.0366,57.7641],[27.0477,57.7632],[27.0545,57.7566],[27.0569,57.7574],[27.0594,57.7581],[27.0596,57.7553],[27.0696,57.7543],[27.0807,57.7454],[27.0781,57.7443],[27.0863,57.7419],[27.1058,57.7497],[27.1069,57.7509],[27.1093,57.7548],[27.1111,57.7571],[27.113,57.7566],[27.1132,57.7562],[27.1157,57.7568],[27.123,57.761],[27.1262,57.7625],[27.134,57.7582],[27.1392,57.7629],[27.1401,57.7638],[27.1397,57.7595],[27.1485,57.7567],[27.1504,57.7513],[27.1568,57.747],[27.1535,57.7432],[27.1698,57.7414],[27.1715,57.7366],[27.1677,57.7347],[27.1662,57.7367],[27.1579,57.7386],[27.1531,57.738],[27.1494,57.7367],[27.1557,57.7358],[27.1569,57.7359],[27.1594,57.7344],[27.1609,57.7325],[27.1658,57.7309],[27.17,57.7249],[27.1775,57.7245],[27.1795,57.7202],[27.191,57.7234],[27.1887,57.7216],[27.1865,57.7212],[27.1805,57.7185],[27.1798,57.7182],[27.1783,57.7168],[27.1772,57.7149],[27.1752,57.7144],[27.1745,57.7118],[27.1739,57.71],[27.1776,57.7097],[27.1886,57.7131],[27.1948,57.7186],[27.2006,57.7188],[27.2072,57.7217],[27.2067,57.7219],[27.206,57.7247],[27.204,57.7247],[27.2055,57.7254],[27.2096,57.7277],[27.2094,57.729],[27.2083,57.7309],[27.2105,57.7382],[27.2225,57.741],[27.225,57.7408],[27.22,57.7343],[27.2165,57.7345],[27.2109,57.7312],[27.2106,57.7293],[27.21,57.7283],[27.21,57.7273],[27.2151,57.7274],[27.2177,57.7283],[27.2193,57.7289],[27.2241,57.7353],[27.2416,57.7361],[27.241,57.7376],[27.2564,57.7418],[27.2471,57.7409],[27.2382,57.7388],[27.2318,57.7427],[27.2372,57.7461],[27.2292,57.7486],[27.2288,57.749],[27.2186,57.7518],[27.2131,57.7482],[27.1913,57.7494],[27.1805,57.7465],[27.1717,57.7428],[27.176,57.7483],[27.1679,57.7528],[27.1625,57.7577],[27.1704,57.7591]]],[[[26.6802,57.7824],[26.6797,57.7834],[26.6711,57.7866],[26.6751,57.7918],[26.665,57.7911],[26.6632,57.7905],[26.666,57.7884],[26.6677,57.7862],[26.6628,57.7862],[26.6611,57.784],[26.6532,57.781],[26.6491,57.776],[26.6424,57.7781],[26.6411,57.7786],[26.6349,57.78],[26.6329,57.7858],[26.6309,57.7879],[26.6305,57.7883],[26.6259,57.7856],[26.6157,57.7813],[26.6145,57.7796],[26.6264,57.7753],[26.6208,57.7707],[26.6241,57.7707],[26.6236,57.7697],[26.6239,57.762],[26.6277,57.7617],[26.6362,57.7631],[26.6393,57.76],[26.6492,57.7567],[26.6538,57.7589],[26.6619,57.7569],[26.6644,57.7567],[26.684,57.7681],[26.6855,57.7715],[26.6835,57.7753],[26.679,57.7787],[26.6802,57.7824]]],[[[26.7462,57.8334],[26.7467,57.8328],[26.7474,57.8338],[26.7632,57.8354],[26.7541,57.8306],[26.7476,57.8219],[26.7693,57.8202],[26.7788,57.8183],[26.785,57.8199],[26.7967,57.8192],[26.8003,57.8206],[26.8107,57.819],[26.8111,57.8134],[26.7927,57.8181],[26.7848,57.8173],[26.7804,57.8108],[26.7709,57.8088],[26.7661,57.8081],[26.7638,57.8073],[26.7708,57.805],[26.7691,57.8004],[26.769,57.7995],[26.773,57.7959],[26.7797,57.7973],[26.7788,57.787],[26.7793,57.7811],[26.7832,57.7777],[26.7846,57.7767],[26.7827,57.768],[26.7767,57.7638],[26.7756,57.764],[26.773,57.7619],[26.7724,57.7614],[26.7664,57.7675],[26.761,57.7673],[26.7518,57.761],[26.7665,57.7576],[26.7728,57.7577],[26.7757,57.7592],[26.7794,57.759],[26.7818,57.7587],[26.7831,57.7586],[26.788,57.7571],[26.7843,57.7547],[26.7832,57.7543],[26.796,57.749],[26.8067,57.7525],[26.8106,57.7516],[26.8085,57.7551],[26.8063,57.7539],[26.7971,57.7552],[26.7953,57.7587],[26.7952,57.7587],[26.7846,57.7588],[26.7796,57.7616],[26.7853,57.7682],[26.7953,57.7674],[26.7971,57.7711],[26.7904,57.7758],[26.8043,57.7752],[26.8109,57.7713],[26.8119,57.7698],[26.8134,57.7676],[26.8016,57.7647],[26.8013,57.764],[26.7999,57.7609],[26.8027,57.761],[26.8164,57.7643],[26.8166,57.7642],[26.818,57.7654],[26.8234,57.767],[26.8259,57.7727],[26.8326,57.7748],[26.8362,57.7766],[26.8405,57.779],[26.8515,57.78],[26.8633,57.7823],[26.8659,57.7828],[26.8655,57.7834],[26.8662,57.7837],[26.8737,57.7872],[26.8757,57.7872],[26.8806,57.7871],[26.8856,57.7892],[26.8928,57.7923],[26.8965,57.79],[26.8946,57.7861],[26.8961,57.7803],[26.9055,57.7842],[26.9134,57.7852],[26.9113,57.7857],[26.9133,57.7861],[26.9137,57.7853],[26.9143,57.7842],[26.915,57.7833],[26.9257,57.7837],[26.9264,57.7905],[26.9283,57.7903],[26.9315,57.7895],[26.9438,57.7931],[26.9557,57.7959],[26.9591,57.7949],[26.9603,57.7894],[26.9526,57.7835],[26.9573,57.7755],[26.9626,57.7705],[26.9465,57.766],[26.9364,57.7706],[26.9286,57.7687],[26.9244,57.7653],[26.9192,57.7632],[26.9076,57.7584],[26.9212,57.7591],[26.9329,57.7554],[26.9267,57.7531],[26.9084,57.7531],[26.9023,57.7561],[26.898,57.7522],[26.9002,57.7498],[26.9199,57.7419],[26.9226,57.746],[26.9343,57.7438],[26.9345,57.741],[26.9374,57.7414],[26.9358,57.7447],[26.9389,57.7471],[26.9367,57.7522],[26.9588,57.7484],[26.9738,57.7536],[26.9788,57.7529],[26.993,57.7587],[27.0016,57.7589],[27.0156,57.7637],[27.0119,57.7687],[27.0035,57.7728],[27.0077,57.7762],[27.0055,57.7765],[27.0034,57.7757],[26.9998,57.7766],[26.9971,57.7793],[26.9938,57.7798],[26.9937,57.7802],[26.9889,57.7716],[26.985,57.7639],[26.966,57.7691],[26.9677,57.773],[26.9755,57.7756],[26.9691,57.7802],[26.9688,57.7807],[26.9777,57.7817],[26.9746,57.7878],[26.9693,57.7866],[26.9647,57.7938],[26.9605,57.7948],[26.9609,57.7984],[26.9548,57.802],[26.9527,57.802],[26.9516,57.8028],[26.9515,57.8028],[26.9319,57.7985],[26.9301,57.801],[26.939,57.8033],[26.9532,57.8042],[26.9574,57.8035],[26.9627,57.7989],[26.9683,57.7983],[26.9768,57.7987],[26.9837,57.7951],[26.989,57.798],[26.984,57.8026],[26.9875,57.8066],[26.9948,57.8055],[26.9946,57.8051],[26.9974,57.8043],[26.9937,57.8092],[26.9977,57.8186],[26.9995,57.8242],[26.9938,57.8288],[26.9814,57.8264],[26.9785,57.8305],[26.9732,57.8297],[26.9571,57.8322],[26.9488,57.8349],[26.9473,57.832],[26.9673,57.8244],[26.9667,57.8208],[26.9655,57.8213],[26.9639,57.8213],[26.9625,57.8211],[26.9512,57.817],[26.9409,57.82],[26.9402,57.8207],[26.9416,57.8209],[26.9383,57.8293],[26.9271,57.8263],[26.9223,57.829],[26.9134,57.8284],[26.9212,57.8313],[26.9296,57.8299],[26.9451,57.8307],[26.9455,57.8303],[26.9504,57.8299],[26.9456,57.8324],[26.9476,57.835],[26.9435,57.8374],[26.9404,57.835],[26.9133,57.8365],[26.9132,57.8377],[26.9,57.8392],[26.8897,57.8367],[26.8836,57.8387],[26.8665,57.8333],[26.8667,57.8321],[26.8682,57.8259],[26.8601,57.8261],[26.8569,57.8317],[26.8467,57.8316],[26.8424,57.8344],[26.8423,57.8345],[26.8422,57.8344],[26.8413,57.831],[26.8386,57.8312],[26.8284,57.8312],[26.8299,57.8353],[26.8417,57.8385],[26.8419,57.8399],[26.8401,57.8433],[26.8322,57.8454],[26.8327,57.8452],[26.8371,57.8421],[26.8141,57.8387],[26.8133,57.8388],[26.8067,57.8363],[26.8037,57.8351],[26.7856,57.8319],[26.7939,57.836],[26.7952,57.8388],[26.7892,57.8421],[26.7943,57.846],[26.8049,57.8445],[26.8112,57.8524],[26.8063,57.8558],[26.8038,57.854],[26.7871,57.8523],[26.7848,57.856],[26.7938,57.8582],[26.8048,57.8649],[26.809,57.8638],[26.8084,57.8644],[26.8076,57.8659],[26.8079,57.866],[26.8125,57.8675],[26.8136,57.8679],[26.8146,57.8687],[26.8166,57.8685],[26.8219,57.8631],[26.8256,57.8609],[26.827,57.8613],[26.8358,57.8626],[26.837,57.8632],[26.8365,57.8651],[26.8406,57.8661],[26.8364,57.8743],[26.8246,57.8772],[26.8115,57.8723],[26.8103,57.8727],[26.8095,57.8729],[26.8089,57.8724],[26.8079,57.8721],[26.8071,57.8722],[26.8069,57.8722],[26.7948,57.8723],[26.791,57.8718],[26.785,57.871],[26.7828,57.8716],[26.7786,57.87],[26.7771,57.8642],[26.7666,57.8632],[26.7637,57.8668],[26.7679,57.8715],[26.7673,57.8728],[26.7627,57.8756],[26.7542,57.8742],[26.7499,57.8793],[26.743,57.8785],[26.737,57.8742],[26.7314,57.8753],[26.7316,57.8747],[26.7322,57.8736],[26.732,57.8727],[26.7315,57.8726],[26.7407,57.8685],[26.7429,57.8636],[26.7505,57.8645],[26.7527,57.8577],[26.7629,57.862],[26.7649,57.8551],[26.7478,57.8474],[26.7595,57.8455],[26.7658,57.8426],[26.7683,57.8426],[26.774,57.846],[26.7809,57.8464],[26.7856,57.8477],[26.7878,57.8423],[26.7822,57.8418],[26.7838,57.8358],[26.7447,57.8371],[26.7445,57.8395],[26.7433,57.8389],[26.7426,57.8371],[26.728,57.8375],[26.724,57.8394],[26.7218,57.8391],[26.7214,57.839],[26.7059,57.8382],[26.7112,57.8362],[26.7058,57.8334],[26.704,57.8349],[26.6961,57.8342],[26.7017,57.8313],[26.697,57.8288],[26.6958,57.8287],[26.6939,57.8273],[26.694,57.8273],[26.7029,57.8231],[26.6967,57.8196],[26.698,57.8116],[26.6915,57.8116],[26.6895,57.8181],[26.6869,57.8177],[26.6827,57.8147],[26.6789,57.8127],[26.678,57.8123],[26.677,57.8118],[26.6652,57.815],[26.6722,57.8123],[26.6698,57.8101],[26.6694,57.8085],[26.67,57.8081],[26.6777,57.8015],[26.6817,57.8011],[26.6798,57.7995],[26.6813,57.7952],[26.6779,57.7916],[26.6819,57.789],[26.6812,57.7838],[26.687,57.7828],[26.6878,57.7853],[26.6984,57.7904],[26.7048,57.7875],[26.7125,57.7927],[26.7125,57.7928],[26.7169,57.7971],[26.7211,57.7988],[26.7363,57.8042],[26.7492,57.8054],[26.7561,57.8082],[26.7472,57.8127],[26.7353,57.8201],[26.7366,57.8216],[26.7391,57.8236],[26.7326,57.8289],[26.7294,57.8274],[26.7249,57.8257],[26.7177,57.8288],[26.7147,57.8322],[26.7242,57.8365],[26.7298,57.8328],[26.7302,57.8334],[26.7367,57.836],[26.7462,57.8334]],[[26.8213,57.814],[26.8209,57.8179],[26.8349,57.8186],[26.8396,57.8138],[26.8401,57.8053],[26.8334,57.8052],[26.8219,57.805],[26.8213,57.814]]],[[[27.0864,57.8637],[27.097,57.8698],[27.1021,57.8726],[27.088,57.877],[27.0903,57.8823],[27.0964,57.882],[27.1064,57.8822],[27.1139,57.8811],[27.1129,57.8767],[27.1136,57.8763],[27.1206,57.8755],[27.1319,57.8792],[27.1417,57.8823],[27.1422,57.8856],[27.1425,57.8884],[27.1518,57.8914],[27.1307,57.8926],[27.1165,57.8946],[27.1117,57.8911],[27.1028,57.8922],[27.1143,57.8988],[27.1126,57.9081],[27.1257,57.913],[27.1231,57.9205],[27.1171,57.9213],[27.1121,57.9153],[27.1031,57.9242],[27.0928,57.9258],[27.1061,57.917],[27.0997,57.9102],[27.1055,57.9061],[27.0924,57.9047],[27.0875,57.9022],[27.0932,57.8949],[27.0989,57.8907],[27.0979,57.8873],[27.0934,57.8887],[27.0889,57.8841],[27.085,57.8865],[27.0817,57.8943],[27.0804,57.8951],[27.0811,57.8987],[27.0748,57.9003],[27.0708,57.9004],[27.0676,57.9022],[27.067,57.9023],[27.0673,57.9028],[27.0672,57.9034],[27.0622,57.9089],[27.0573,57.9095],[27.0427,57.9171],[27.0548,57.9164],[27.0555,57.9163],[27.0556,57.9216],[27.0473,57.9237],[27.0555,57.9289],[27.0491,57.9297],[27.0387,57.9261],[27.0373,57.9207],[27.0285,57.9189],[27.0225,57.9123],[27.0269,57.9073],[27.0326,57.9064],[27.03,57.9004],[27.0313,57.898],[27.0391,57.8938],[27.0395,57.8897],[27.0431,57.8887],[27.0557,57.8854],[27.0532,57.8813],[27.0496,57.8759],[27.0526,57.8734],[27.0536,57.8678],[27.048,57.8669],[27.0507,57.8649],[27.0647,57.8629],[27.0788,57.8643],[27.0864,57.8637]]],[[[24.4029,57.9369],[24.4079,57.933],[24.4061,57.929],[24.4093,57.9256],[24.413,57.9159],[24.4186,57.9116],[24.4307,57.9403],[24.421,57.9416],[24.4197,57.9381],[24.4127,57.9377],[24.4186,57.9422],[24.4147,57.9458],[24.4108,57.9478],[24.4001,57.9414],[24.3983,57.9369],[24.4029,57.9369]]],[[[24.4251,57.9495],[24.4217,57.9452],[24.4309,57.9406],[24.4468,57.966],[24.4424,57.9659],[24.4398,57.9655],[24.4357,57.9631],[24.4244,57.9641],[24.4198,57.9601],[24.4169,57.9574],[24.428,57.9532],[24.4251,57.9495]]],[[[24.8376,57.9766],[24.8335,57.9725],[24.8393,57.9753],[24.8406,57.9755],[24.8425,57.9757],[24.844,57.976],[24.8563,57.9898],[24.8622,57.9886],[24.8644,57.9804],[24.8705,57.9824],[24.8739,57.9836],[24.8717,57.9893],[24.8746,57.9962],[24.876,57.9967],[24.8737,57.9989],[24.871,57.9989],[24.868,57.9958],[24.8603,57.9964],[24.853,57.9939],[24.8529,58.0021],[24.8474,58.0004],[24.8426,57.9944],[24.8327,57.9972],[24.8314,57.9999],[24.8348,58.0032],[24.8381,58.0039],[24.8434,58.0088],[24.8455,58.0113],[24.8535,58.0137],[24.8525,58.0074],[24.8485,58.0042],[24.8579,58.003],[24.867,58.0053],[24.8786,58.0059],[24.8838,58.0098],[24.8861,58.0101],[24.8978,58.0117],[24.9019,58.015],[24.9034,58.0107],[24.9128,58.0152],[24.92,58.0155],[24.9229,58.0106],[24.9308,58.0032],[24.9327,58.0038],[24.9285,58.0054],[24.932,58.0106],[24.9292,58.0227],[24.9438,58.0226],[24.9465,58.0199],[24.9488,58.0177],[24.9489,58.0145],[24.9545,58.0138],[24.9605,58.0118],[24.9618,58.0098],[24.9707,58.0101],[24.968,58.0165],[24.9766,58.018],[24.9736,58.022],[24.9762,58.0255],[24.9843,58.0215],[24.9825,58.0277],[24.994,58.0263],[24.9934,58.032],[24.9817,58.0316],[24.9893,58.0377],[24.9889,58.041],[24.9959,58.0348],[25.0094,58.0414],[25.0118,58.0455],[25.0116,58.0467],[25.0096,58.0486],[25.0066,58.0518],[25.0108,58.0551],[25.0124,58.0552],[25.0129,58.0617],[25.0045,58.0599],[24.9947,58.0543],[24.9909,58.0579],[24.9811,58.0568],[24.9808,58.0578],[24.9822,58.0609],[24.9786,58.0641],[24.9839,58.0672],[24.9878,58.067],[24.9958,58.0687],[25.0014,58.0683],[25.0016,58.0694],[24.9972,58.074],[24.982,58.0731],[24.979,58.0772],[24.976,58.077],[24.971,58.0744],[24.964,58.0744],[24.9426,58.0797],[24.9321,58.084],[24.9293,58.0802],[24.9222,58.0751],[24.9119,58.0748],[24.9095,58.0775],[24.8984,58.0765],[24.8984,58.0735],[24.9092,58.0706],[24.8993,58.069],[24.8938,58.0711],[24.8934,58.0806],[24.8933,58.0823],[24.8841,58.0814],[24.878,58.0821],[24.8774,58.0704],[24.8724,58.0687],[24.872,58.0824],[24.8699,58.0825],[24.8638,58.0802],[24.8505,58.0814],[24.8521,58.0813],[24.8606,58.0868],[24.858,58.0934],[24.8664,58.0953],[24.8789,58.0951],[24.8822,58.0983],[24.887,58.0979],[24.8901,58.1018],[24.8923,58.103],[24.908,58.1072],[24.9161,58.1097],[24.9177,58.1132],[24.911,58.1192],[24.9122,58.1282],[24.9189,58.1233],[24.9276,58.1214],[24.9242,58.1163],[24.9183,58.1133],[24.9239,58.1087],[24.9209,58.1066],[24.9274,58.1051],[24.9253,58.1128],[24.9334,58.1187],[24.9447,58.1125],[24.9457,58.1111],[24.9574,58.1103],[24.9661,58.1155],[24.9642,58.1207],[24.96,58.1224],[24.9577,58.112],[24.9512,58.1178],[24.9507,58.1229],[24.9524,58.1249],[24.9577,58.1269],[24.9592,58.1308],[24.9693,58.1318],[24.9681,58.1266],[24.9758,58.1291],[24.9723,58.1343],[24.9581,58.136],[24.9524,58.1372],[24.9458,58.1401],[24.9433,58.1407],[24.9406,58.142],[24.935,58.1457],[24.9346,58.1436],[24.9356,58.1425],[24.9278,58.1425],[24.9234,58.1371],[24.9273,58.1307],[24.9289,58.1263],[24.9369,58.1248],[24.9339,58.1242],[24.9247,58.1251],[24.9241,58.1303],[24.9204,58.1366],[24.923,58.1392],[24.9241,58.1441],[24.9121,58.1453],[24.9026,58.147],[24.8886,58.1434],[24.8777,58.1483],[24.8881,58.1525],[24.8859,58.1552],[24.8758,58.1542],[24.8758,58.1576],[24.8654,58.1601],[24.8616,58.1598],[24.8518,58.1598],[24.8239,58.1669],[24.8216,58.1614],[24.8189,58.1618],[24.82,58.1606],[24.8213,58.1605],[24.8161,58.159],[24.8116,58.1653],[24.8116,58.1654],[24.8118,58.1675],[24.8156,58.1701],[24.8032,58.1766],[24.7957,58.1768],[24.7907,58.1814],[24.7849,58.1787],[24.7836,58.1783],[24.7748,58.1752],[24.7759,58.1704],[24.7834,58.167],[24.7708,58.1677],[24.769,58.1714],[24.7669,58.1755],[24.7604,58.1742],[24.7546,58.1785],[24.7629,58.1811],[24.7686,58.1764],[24.7694,58.1798],[24.778,58.1838],[24.7748,58.1847],[24.7647,58.182],[24.7532,58.1817],[24.7472,58.1839],[24.7474,58.1842],[24.7474,58.1844],[24.7496,58.1891],[24.7547,58.1859],[24.7632,58.1861],[24.7652,58.1864],[24.766,58.1868],[24.7652,58.1892],[24.7636,58.1899],[24.7635,58.19],[24.7629,58.1903],[24.7639,58.1914],[24.7564,58.1928],[24.7564,58.193],[24.7459,58.1925],[24.7458,58.1924],[24.746,58.1936],[24.745,58.1932],[24.7439,58.1935],[24.7359,58.1947],[24.7344,58.1956],[24.7324,58.1949],[24.7314,58.1945],[24.7234,58.188],[24.7158,58.1877],[24.7193,58.1943],[24.7161,58.1974],[24.7238,58.2022],[24.7233,58.2023],[24.7229,58.2028],[24.7233,58.2036],[24.7243,58.2039],[24.7211,58.2066],[24.7276,58.2084],[24.7275,58.2085],[24.7244,58.2086],[24.7228,58.2091],[24.7217,58.2092],[24.7194,58.2091],[24.7187,58.2089],[24.7146,58.213],[24.714,58.2155],[24.7135,58.2167],[24.7147,58.2175],[24.7152,58.2183],[24.7127,58.2189],[24.7108,58.219],[24.7094,58.2192],[24.7087,58.2191],[24.7039,58.2244],[24.6962,58.2223],[24.6955,58.2203],[24.7085,58.2108],[24.7053,58.2041],[24.6939,58.2129],[24.6971,58.215],[24.6905,58.2206],[24.6867,58.2173],[24.6863,58.2173],[24.6854,58.2195],[24.6845,58.2192],[24.6828,58.218],[24.6813,58.2158],[24.6805,58.2159],[24.6826,58.2181],[24.6823,58.2187],[24.6781,58.2208],[24.6773,58.2219],[24.6815,58.2235],[24.677,58.2269],[24.6821,58.2293],[24.6864,58.2334],[24.6884,58.2368],[24.6899,58.2378],[24.6898,58.2385],[24.6918,58.2406],[24.6936,58.2418],[24.6928,58.2464],[24.6925,58.247],[24.6921,58.2479],[24.6953,58.2489],[24.6944,58.2506],[24.6931,58.2511],[24.6895,58.256],[24.6811,58.2601],[24.6793,58.2607],[24.6783,58.2605],[24.672,58.2616],[24.667,58.2619],[24.6667,58.2616],[24.6685,58.2606],[24.6652,58.259],[24.664,58.2593],[24.6619,58.2585],[24.6606,58.258],[24.6577,58.2566],[24.6567,58.2555],[24.6421,58.2591],[24.6442,58.2623],[24.6381,58.2622],[24.6337,58.2608],[24.6334,58.2597],[24.6232,58.2541],[24.6163,58.254],[24.6062,58.252],[24.6012,58.2475],[24.5927,58.2491],[24.5897,58.2466],[24.5896,58.2462],[24.5949,58.241],[24.5943,58.2412],[24.5924,58.2379],[24.58,58.232],[24.5836,58.2311],[24.5833,58.2296],[24.5901,58.2274],[24.5909,58.2222],[24.5875,58.2218],[24.5906,58.2184],[24.5883,58.2154],[24.5889,58.2106],[24.5969,58.2098],[24.5964,58.2078],[24.6025,58.2064],[24.6134,58.2122],[24.6233,58.2148],[24.6289,58.2132],[24.627,58.2052],[24.6163,58.201],[24.6134,58.197],[24.6188,58.1993],[24.6278,58.1974],[24.6378,58.1942],[24.638,58.1882],[24.6265,58.1908],[24.6294,58.1833],[24.6354,58.182],[24.6346,58.1781],[24.6243,58.1757],[24.6234,58.1739],[24.6281,58.1694],[24.6234,58.1672],[24.6263,58.1582],[24.6263,58.1559],[24.6144,58.1546],[24.6074,58.156],[24.6055,58.1616],[24.5864,58.1569],[24.5958,58.153],[24.5974,58.1492],[24.5989,58.145],[24.6073,58.1438],[24.6095,58.1376],[24.6035,58.137],[24.6007,58.1369],[24.5992,58.1434],[24.5927,58.149],[24.5739,58.1497],[24.5749,58.1543],[24.5766,58.1542],[24.5763,58.1572],[24.5825,58.1636],[24.5922,58.1666],[24.5905,58.1684],[24.6013,58.1746],[24.6093,58.1743],[24.6188,58.1753],[24.6275,58.1814],[24.6165,58.176],[24.6045,58.1777],[24.5947,58.1771],[24.6027,58.1898],[24.6044,58.1963],[24.6025,58.2052],[24.6006,58.1992],[24.5956,58.1819],[24.5879,58.1732],[24.5773,58.1661],[24.5718,58.1555],[24.5666,58.155],[24.5703,58.1539],[24.5665,58.15],[24.5766,58.1459],[24.5869,58.1414],[24.5891,58.1354],[24.5842,58.1323],[24.5906,58.1209],[24.5965,58.1173],[24.5941,58.114],[24.5859,58.118],[24.5802,58.1174],[24.5776,58.1147],[24.5719,58.1096],[24.5855,58.1022],[24.5839,58.0982],[24.5825,58.0984],[24.5824,58.1016],[24.5663,58.1022],[24.564,58.1055],[24.5594,58.1019],[24.5548,58.0949],[24.5521,58.0934],[24.5461,58.0926],[24.5383,58.0882],[24.5312,58.0902],[24.5295,58.0896],[24.5332,58.0877],[24.5299,58.0786],[24.5381,58.0795],[24.5393,58.0796],[24.5463,58.0812],[24.5491,58.0806],[24.5592,58.0817],[24.5941,58.0851],[24.6696,58.0927],[24.6701,58.0971],[24.674,58.0982],[24.6778,58.11],[24.6842,58.1151],[24.6751,58.1188],[24.6767,58.1105],[24.6688,58.1089],[24.6646,58.1106],[24.6684,58.1155],[24.6667,58.1196],[24.6752,58.1224],[24.6886,58.1183],[24.6919,58.1196],[24.6906,58.1269],[24.6954,58.1236],[24.7021,58.1189],[24.6896,58.115],[24.689,58.1139],[24.6938,58.111],[24.7073,58.113],[24.7086,58.1083],[24.7048,58.1062],[24.718,58.1073],[24.7216,58.1046],[24.7113,58.1014],[24.7016,58.0962],[24.6907,58.0988],[24.6799,58.0909],[24.6708,58.0925],[24.5592,58.0812],[24.5593,58.081],[24.5222,58.0772],[24.529,58.0737],[24.5301,58.0689],[24.5298,58.0646],[24.5221,58.0636],[24.5153,58.0628],[24.5117,58.062],[24.5097,58.0448],[24.5051,58.0308],[24.5676,58.0273],[24.574,58.0267],[24.582,58.0265],[24.584,58.0263],[24.5884,58.0308],[24.5905,58.028],[24.6041,58.0305],[24.6055,58.0329],[24.6088,58.0394],[24.6083,58.0445],[24.6228,58.0543],[24.6218,58.0547],[24.6207,58.0551],[24.6232,58.0637],[24.6348,58.0674],[24.6416,58.0672],[24.6517,58.0664],[24.6551,58.0672],[24.6445,58.0682],[24.6417,58.0754],[24.6482,58.0762],[24.6483,58.0824],[24.6554,58.0837],[24.6636,58.0813],[24.678,58.0827],[24.6691,58.081],[24.6569,58.0755],[24.6569,58.0675],[24.6599,58.0653],[24.6551,58.0572],[24.6502,58.0604],[24.6346,58.0516],[24.6333,58.0495],[24.6468,58.0508],[24.6482,58.0472],[24.6406,58.0463],[24.6369,58.0446],[24.6424,58.0358],[24.6471,58.0361],[24.6474,58.0344],[24.6474,58.0314],[24.6537,58.0331],[24.6545,58.0256],[24.6475,58.0228],[24.6471,58.0204],[24.644,58.0177],[24.6279,58.0195],[24.6304,58.0269],[24.6364,58.0284],[24.6319,58.0357],[24.6305,58.0309],[24.6212,58.0331],[24.6262,58.0363],[24.6191,58.0378],[24.6204,58.0347],[24.6173,58.0283],[24.6202,58.0249],[24.611,58.0136],[24.606,58.0185],[24.6095,58.0248],[24.6026,58.0213],[24.5964,58.0226],[24.5932,58.0187],[24.5834,58.0201],[24.5747,58.0201],[24.5658,58.0232],[24.5675,58.0271],[24.5059,58.0306],[24.4916,58.0113],[24.5038,58.006],[24.537,57.9974],[24.5609,57.9978],[24.5729,57.9966],[24.5758,57.9984],[24.5841,58.0071],[24.592,58.0158],[24.5928,58.0054],[24.5873,58.006],[24.5883,58.0041],[24.5921,58.0038],[24.5938,58.0033],[24.5984,58.0034],[24.6012,58.0008],[24.6051,58.0047],[24.6125,58],[24.6203,58.0011],[24.6189,58.0038],[24.6069,58.0055],[24.6153,58.0082],[24.627,58.0066],[24.6349,58.0091],[24.6384,58.0053],[24.6231,58.0042],[24.6287,58.003],[24.6412,57.9966],[24.6471,57.9959],[24.6501,58.0049],[24.6455,58.0059],[24.6439,58.0109],[24.6422,58.0129],[24.6577,58.02],[24.6635,58.0255],[24.6691,58.0273],[24.6781,58.0327],[24.6903,58.0328],[24.6986,58.0305],[24.7066,58.0322],[24.7078,58.039],[24.7136,58.042],[24.7204,58.0416],[24.7198,58.0334],[24.7132,58.0176],[24.7134,58.0107],[24.7084,57.9985],[24.7165,57.994],[24.7243,57.9979],[24.7198,58.0026],[24.7219,58.0106],[24.7294,58.0189],[24.7342,58.0213],[24.7323,58.0222],[24.7248,58.0204],[24.7204,58.0198],[24.7194,58.0285],[24.7227,58.0373],[24.7309,58.0371],[24.7286,58.0418],[24.7225,58.0422],[24.7164,58.0467],[24.7122,58.0565],[24.7124,58.0623],[24.7022,58.06],[24.6962,58.0644],[24.7126,58.0696],[24.7169,58.068],[24.7173,58.0734],[24.7112,58.0723],[24.7042,58.0767],[24.6964,58.0832],[24.6785,58.0873],[24.6859,58.0895],[24.6965,58.0839],[24.7083,58.0887],[24.7198,58.0897],[24.715,58.0867],[24.7056,58.0867],[24.7059,58.0833],[24.7154,58.0802],[24.7246,58.0831],[24.7289,58.0787],[24.7251,58.0868],[24.7324,58.0909],[24.7391,58.0876],[24.7373,58.0847],[24.7347,58.0783],[24.7396,58.0771],[24.7511,58.0776],[24.7656,58.0765],[24.7701,58.0817],[24.7836,58.0878],[24.7798,58.0942],[24.7674,58.0827],[24.7634,58.0842],[24.7641,58.0855],[24.7593,58.0912],[24.7536,58.0918],[24.75,58.1017],[24.766,58.1029],[24.7711,58.1041],[24.7669,58.1102],[24.7643,58.1106],[24.7543,58.1129],[24.7443,58.1123],[24.7429,58.1195],[24.7505,58.1189],[24.7561,58.1184],[24.7592,58.1195],[24.7619,58.1187],[24.7628,58.1155],[24.7811,58.1076],[24.786,58.1047],[24.782,58.0988],[24.7854,58.0959],[24.7927,58.0967],[24.7943,58.1068],[24.8012,58.1062],[24.8039,58.1043],[24.8043,58.1042],[24.8081,58.1026],[24.8078,58.1013],[24.7999,58.0987],[24.8061,58.0811],[24.8121,58.0782],[24.8269,58.0895],[24.8342,58.0924],[24.8355,58.0964],[24.8315,58.1009],[24.8332,58.1009],[24.8398,58.095],[24.837,58.0923],[24.8344,58.0827],[24.8436,58.0808],[24.8329,58.0782],[24.833,58.0749],[24.8474,58.0768],[24.8571,58.0653],[24.8657,58.0677],[24.8713,58.0663],[24.8827,58.0676],[24.8846,58.0644],[24.8831,58.0634],[24.8762,58.0608],[24.8695,58.052],[24.8659,58.0501],[24.8637,58.0434],[24.8724,58.0452],[24.8826,58.0445],[24.8851,58.0421],[24.8913,58.0512],[24.8935,58.0558],[24.9,58.0588],[24.9028,58.0637],[24.9079,58.0634],[24.9015,58.0565],[24.9021,58.0524],[24.9012,58.0502],[24.9005,58.0449],[24.9043,58.0409],[24.9144,58.0365],[24.9075,58.0321],[24.9006,58.0335],[24.8877,58.0319],[24.8901,58.0277],[24.8969,58.0275],[24.8907,58.0204],[24.8896,58.0181],[24.8736,58.0162],[24.8758,58.0207],[24.8713,58.0209],[24.8556,58.0252],[24.8506,58.0293],[24.8496,58.0271],[24.8602,58.0233],[24.8645,58.0185],[24.8639,58.0167],[24.8596,58.0114],[24.8547,58.0164],[24.8485,58.0174],[24.8313,58.0156],[24.8347,58.0196],[24.8317,58.0232],[24.8222,58.0211],[24.8181,58.0171],[24.8139,58.0089],[24.8101,58.0048],[24.8155,58],[24.8036,58.0011],[24.7926,58.0066],[24.7873,58.0056],[24.7862,58.0056],[24.7872,58.0039],[24.7813,57.9949],[24.7785,57.987],[24.7872,57.9952],[24.7898,58.0035],[24.7927,58.0048],[24.8048,57.995],[24.8091,57.9901],[24.8142,57.9861],[24.8145,57.9863],[24.8215,57.9857],[24.8348,57.9799],[24.8376,57.9766]],[[24.8822,58.1265],[24.879,58.1317],[24.871,58.1274],[24.8625,58.1265],[24.8596,58.1311],[24.8612,58.136],[24.8524,58.1336],[24.8471,58.1307],[24.8453,58.1338],[24.8398,58.1349],[24.8439,58.1437],[24.8401,58.1476],[24.8352,58.146],[24.8419,58.1431],[24.8383,58.1385],[24.8302,58.1403],[24.8313,58.1439],[24.8284,58.1504],[24.8308,58.1525],[24.8368,58.1534],[24.8456,58.1519],[24.8472,58.1468],[24.8586,58.1427],[24.8546,58.137],[24.859,58.1369],[24.865,58.1433],[24.8715,58.1435],[24.8724,58.1435],[24.8914,58.1426],[24.8997,58.1452],[24.9083,58.1445],[24.8963,58.141],[24.8965,58.1333],[24.9012,58.1264],[24.8836,58.1272],[24.8822,58.1265]],[[24.6512,58.1917],[24.6416,58.1974],[24.6351,58.2038],[24.6381,58.2067],[24.6458,58.2062],[24.6537,58.2053],[24.6559,58.2056],[24.6607,58.2053],[24.6611,58.205],[24.6742,58.205],[24.6671,58.2007],[24.6674,58.1972],[24.6676,58.196],[24.6664,58.1888],[24.6613,58.1876],[24.6461,58.1862],[24.6512,58.1917]]],[[[21.999,57.9561],[22.0005,57.9557],[22.0006,57.9554],[22,57.9551],[22.0106,57.9531],[22.0144,57.9487],[22.0208,57.9479],[22.0222,57.9474],[22.0247,57.9447],[22.0287,57.9416],[22.0239,57.9381],[22.0174,57.9409],[22.0199,57.9446],[22.0181,57.9448],[22.0176,57.9455],[22.0071,57.9467],[22.0132,57.9418],[22.0147,57.9377],[22.014,57.9297],[22.0339,57.9257],[22.038,57.9216],[22.0471,57.9231],[22.0525,57.9215],[22.0597,57.9216],[22.0582,57.9246],[22.062,57.9327],[22.0661,57.9345],[22.0624,57.9399],[22.058,57.9404],[22.0566,57.9453],[22.0635,57.9481],[22.0726,57.951],[22.0831,57.9508],[22.0859,57.9484],[22.0777,57.9434],[22.0808,57.9414],[22.0858,57.9414],[22.087,57.9418],[22.0971,57.9481],[22.1035,57.9495],[22.1136,57.9489],[22.1176,57.9542],[22.112,57.9544],[22.1146,57.963],[22.1172,57.9641],[22.1186,57.9596],[22.1231,57.9583],[22.1194,57.9567],[22.1253,57.9535],[22.1387,57.957],[22.1432,57.9599],[22.1486,57.9704],[22.1569,57.9686],[22.1674,57.9686],[22.1789,57.9741],[22.1758,57.9787],[22.1666,57.9766],[22.1623,57.9803],[22.1589,57.9746],[22.1515,57.9759],[22.1514,57.9767],[22.1429,57.9719],[22.1345,57.9632],[22.1295,57.9644],[22.1351,57.9707],[22.142,57.9739],[22.1403,57.974],[22.146,57.9781],[22.1443,57.9772],[22.1332,57.9758],[22.1318,57.978],[22.1348,57.9823],[22.1439,57.9836],[22.1537,57.9853],[22.1602,57.9887],[22.1635,57.996],[22.1641,58.0122],[22.172,58.0081],[22.1781,58.0085],[22.1845,58.013],[22.1862,58.0162],[22.1981,58.026],[22.2041,58.0341],[22.215,58.0425],[22.2227,58.0493],[22.2221,58.0512],[22.2116,58.0513],[22.2019,58.0451],[22.2085,58.0399],[22.2011,58.034],[22.1936,58.0411],[22.2023,58.0478],[22.2107,58.0516],[22.2114,58.0543],[22.2085,58.0618],[22.209,58.0626],[22.2174,58.062],[22.2144,58.0725],[22.2208,58.0733],[22.2259,58.0796],[22.2325,58.0829],[22.2408,58.0875],[22.2436,58.0926],[22.243,58.097],[22.2332,58.0946],[22.2267,58.0889],[22.2144,58.077],[22.211,58.0718],[22.209,58.072],[22.2115,58.0769],[22.2186,58.0836],[22.2177,58.0852],[22.2271,58.0923],[22.23,58.1054],[22.2297,58.1075],[22.2338,58.1099],[22.2355,58.1109],[22.23,58.116],[22.2228,58.1144],[22.2085,58.1195],[22.2103,58.1217],[22.2246,58.1201],[22.2305,58.117],[22.2381,58.1201],[22.2434,58.1267],[22.2424,58.1282],[22.2441,58.1284],[22.2468,58.1338],[22.2324,58.1369],[22.2301,58.1403],[22.2277,58.1443],[22.2402,58.1445],[22.2389,58.141],[22.2455,58.1402],[22.2428,58.1464],[22.243,58.1535],[22.2394,58.1575],[22.2383,58.1571],[22.2408,58.1529],[22.2348,58.1507],[22.2271,58.1547],[22.2209,58.1561],[22.2186,58.1602],[22.2191,58.1467],[22.2259,58.1406],[22.2316,58.1333],[22.232,58.1277],[22.2295,58.1266],[22.2156,58.1255],[22.2085,58.126],[22.2022,58.1223],[22.2046,58.1208],[22.201,58.1125],[22.1952,58.1122],[22.1976,58.1103],[22.2102,58.1028],[22.2165,58.1046],[22.2172,58.1056],[22.2133,58.1099],[22.2198,58.1122],[22.2265,58.1093],[22.2249,58.1064],[22.2237,58.1],[22.2141,58.0983],[22.2146,58.0998],[22.2082,58.0939],[22.2081,58.0928],[22.2123,58.0874],[22.202,58.0888],[22.1998,58.0914],[22.1993,58.0922],[22.1915,58.0914],[22.1812,58.0883],[22.1763,58.0739],[22.176,58.069],[22.1665,58.0632],[22.1573,58.061],[22.1355,58.0628],[22.1314,58.067],[22.1296,58.0681],[22.1233,58.0658],[22.1112,58.0648],[22.1155,58.0626],[22.1162,58.0621],[22.1076,58.0633],[22.1082,58.0634],[22.1113,58.0666],[22.1113,58.0688],[22.1108,58.07],[22.1094,58.0747],[22.1093,58.0747],[22.1086,58.0747],[22.1084,58.0757],[22.0919,58.0685],[22.0807,58.0665],[22.0768,58.0667],[22.0745,58.0621],[22.0838,58.0618],[22.0852,58.059],[22.0723,58.0611],[22.0704,58.0538],[22.0771,58.0514],[22.0825,58.0479],[22.0905,58.0503],[22.0971,58.0489],[22.0998,58.0458],[22.1153,58.046],[22.1258,58.0496],[22.1316,58.05],[22.1386,58.0489],[22.1373,58.0434],[22.1371,58.0392],[22.1353,58.0393],[22.1303,58.0462],[22.1206,58.0435],[22.1112,58.0428],[22.1015,58.0364],[22.096,58.0332],[22.1013,58.0303],[22.1055,58.026],[22.0978,58.0234],[22.0893,58.0249],[22.0919,58.0281],[22.0769,58.028],[22.0794,58.0328],[22.0787,58.0349],[22.0633,58.0364],[22.0607,58.0282],[22.0626,58.0252],[22.0705,58.0235],[22.0819,58.0254],[22.0926,58.0177],[22.0975,58.0184],[22.1003,58.0234],[22.1078,58.0223],[22.1106,58.0233],[22.1159,58.0205],[22.1136,58.0116],[22.1034,58.011],[22.1004,58.0094],[22.1038,58.0023],[22.0949,58.0021],[22.0946,58.0113],[22.0977,58.0136],[22.0859,58.0171],[22.0845,58.0154],[22.0778,58.0162],[22.0779,58.0166],[22.0756,58.0143],[22.0641,58.0121],[22.0615,58.012],[22.0598,58.0118],[22.0611,58.0091],[22.0721,58.0067],[22.0693,58.0021],[22.0636,57.9972],[22.0518,58.0043],[22.0419,58.0005],[22.0417,57.9978],[22.0427,57.9951],[22.0396,57.9878],[22.0493,57.9884],[22.0548,57.9818],[22.0645,57.9841],[22.065,57.9845],[22.0657,57.9847],[22.0677,57.986],[22.0764,57.9859],[22.0856,57.9841],[22.0785,57.9804],[22.0793,57.9795],[22.0804,57.973],[22.0854,57.97],[22.0841,57.9654],[22.0886,57.9652],[22.0955,57.9597],[22.1011,57.958],[22.1011,57.9568],[22.0965,57.9542],[22.0888,57.9536],[22.0746,57.9543],[22.0525,57.9662],[22.044,57.972],[22.0299,57.9731],[22.0251,57.9719],[22.0184,57.9749],[22.0279,57.9775],[22.0192,57.9766],[22.0116,57.9733],[22.0072,57.9687],[21.9995,57.9647],[21.9977,57.962],[21.999,57.9561]]],[[[22.1779,57.9801],[22.1879,57.9791],[22.1961,57.9896],[22.1943,57.9929],[22.1854,57.9984],[22.1851,58.0043],[22.1824,58.0075],[22.172,58.0046],[22.1688,57.9964],[22.1668,57.9928],[22.1753,57.9912],[22.1863,57.993],[22.1888,57.9905],[22.1723,57.9883],[22.1721,57.9828],[22.1779,57.9801]]],[[[26.5671,58.0113],[26.5668,58.0117],[26.5667,58.0117],[26.5644,58.013],[26.5691,58.016],[26.5595,58.018],[26.5657,58.0218],[26.5741,58.018],[26.579,58.023],[26.5865,58.0208],[26.5885,58.015],[26.5963,58.0136],[26.6083,58.0237],[26.6066,58.0287],[26.6065,58.0335],[26.6008,58.0381],[26.601,58.0427],[26.581,58.0486],[26.5747,58.0455],[26.5728,58.043],[26.5764,58.0392],[26.5745,58.0334],[26.5671,58.0337],[26.544,58.0342],[26.5376,58.0407],[26.5397,58.05],[26.531,58.045],[26.5334,58.042],[26.5225,58.0484],[26.5256,58.054],[26.5216,58.0572],[26.5203,58.0577],[26.5168,58.0584],[26.5159,58.0597],[26.5131,58.0595],[26.5115,58.0552],[26.5198,58.05],[26.5136,58.0473],[26.5142,58.043],[26.5191,58.0395],[26.5151,58.0372],[26.5139,58.0367],[26.5029,58.0346],[26.5106,58.0281],[26.5203,58.0307],[26.5258,58.0282],[26.5336,58.0294],[26.5448,58.032],[26.5565,58.0301],[26.5583,58.0231],[26.5459,58.0185],[26.5379,58.0222],[26.5326,58.0196],[26.5248,58.0207],[26.5188,58.0237],[26.5196,58.0208],[26.5104,58.0191],[26.5087,58.0188],[26.5015,58.0177],[26.4957,58.011],[26.5003,58.0061],[26.5136,58.0055],[26.4981,58.0035],[26.4934,58.0107],[26.4859,58.0122],[26.5008,58.0197],[26.4855,58.0201],[26.4744,58.0171],[26.4658,58.0191],[26.4626,58.0224],[26.4519,58.0186],[26.4464,58.0161],[26.4396,58.0208],[26.4393,58.0126],[26.4311,58.0085],[26.4371,58.0093],[26.4479,58.0095],[26.4503,58.0043],[26.4496,58.0034],[26.4569,57.9986],[26.4555,57.9952],[26.4654,57.9906],[26.4821,57.9932],[26.4935,57.9989],[26.4877,58.003],[26.4915,58.0059],[26.4934,58.0044],[26.4938,58.0032],[26.4941,58.0028],[26.4957,58.0014],[26.4966,58],[26.4979,58.0008],[26.4994,57.9976],[26.5067,57.9945],[26.5208,57.9952],[26.5306,57.9913],[26.5322,57.9907],[26.5351,57.9894],[26.5363,57.9898],[26.5353,57.9917],[26.5323,57.9936],[26.5407,57.995],[26.5408,57.9952],[26.5407,57.9952],[26.5405,57.9954],[26.5419,57.9967],[26.5421,57.9963],[26.5422,57.9961],[26.5427,57.9964],[26.5433,57.9927],[26.5443,57.9914],[26.5447,57.9913],[26.5472,57.9969],[26.5544,57.9925],[26.5604,57.9928],[26.572,57.9885],[26.5825,57.9795],[26.5816,57.9771],[26.5687,57.9778],[26.5735,57.9749],[26.5854,57.9763],[26.5936,57.9731],[26.5937,57.9711],[26.5851,57.974],[26.579,57.9732],[26.5785,57.9685],[26.5838,57.9636],[26.5805,57.9634],[26.571,57.9635],[26.5664,57.9673],[26.5599,57.967],[26.5596,57.9633],[26.5609,57.9623],[26.5675,57.9607],[26.5641,57.957],[26.5688,57.9545],[26.5631,57.9494],[26.5626,57.949],[26.5575,57.9472],[26.5513,57.9451],[26.5467,57.9477],[26.5453,57.9479],[26.5479,57.9447],[26.5258,57.939],[26.5185,57.9308],[26.5319,57.9334],[26.5422,57.9288],[26.5439,57.9321],[26.5538,57.9342],[26.5594,57.9309],[26.5652,57.9317],[26.5678,57.9248],[26.568,57.9229],[26.5727,57.9252],[26.58,57.9307],[26.574,57.9361],[26.5649,57.9357],[26.5553,57.9394],[26.5558,57.9445],[26.5669,57.9442],[26.5712,57.9543],[26.575,57.9532],[26.5792,57.9496],[26.5797,57.9442],[26.5853,57.9423],[26.5908,57.938],[26.5892,57.9352],[26.6024,57.937],[26.6025,57.9328],[26.5947,57.9299],[26.604,57.9281],[26.6115,57.9288],[26.6265,57.9315],[26.6203,57.9353],[26.6128,57.9354],[26.6103,57.9413],[26.5999,57.9406],[26.5962,57.9452],[26.5997,57.951],[26.6073,57.948],[26.598,57.9452],[26.6115,57.9443],[26.6275,57.9463],[26.6241,57.9421],[26.6224,57.9368],[26.6274,57.9386],[26.643,57.9389],[26.6414,57.9342],[26.6327,57.9334],[26.6271,57.9293],[26.6293,57.9267],[26.6499,57.9286],[26.6632,57.9299],[26.6676,57.9273],[26.6794,57.9272],[26.6804,57.9304],[26.6824,57.9326],[26.6817,57.9407],[26.6878,57.9407],[26.6893,57.9363],[26.6956,57.9335],[26.6966,57.934],[26.6992,57.9388],[26.7094,57.9412],[26.7029,57.9441],[26.7008,57.9498],[26.6923,57.9526],[26.6891,57.9555],[26.6907,57.9586],[26.6943,57.9627],[26.7017,57.9631],[26.7019,57.9677],[26.6878,57.9647],[26.6767,57.9651],[26.6908,57.9718],[26.703,57.9678],[26.7109,57.9658],[26.7097,57.9607],[26.7095,57.9574],[26.7097,57.955],[26.7017,57.951],[26.7101,57.949],[26.7217,57.9507],[26.7239,57.9474],[26.715,57.9455],[26.7305,57.9403],[26.734,57.9347],[26.7393,57.9368],[26.7352,57.9413],[26.7367,57.9416],[26.7456,57.9424],[26.7508,57.9418],[26.7633,57.9434],[26.7718,57.9515],[26.7808,57.9526],[26.7806,57.9502],[26.7715,57.9487],[26.7672,57.9394],[26.7598,57.9414],[26.7544,57.9362],[26.7623,57.9326],[26.7681,57.9324],[26.7776,57.9378],[26.7793,57.9419],[26.7766,57.9463],[26.7837,57.9476],[26.7858,57.9432],[26.7757,57.933],[26.7773,57.9326],[26.7826,57.9326],[26.7923,57.9372],[26.7991,57.9366],[26.8057,57.9405],[26.8064,57.9425],[26.8222,57.9456],[26.826,57.9401],[26.833,57.937],[26.8303,57.9442],[26.8275,57.9482],[26.8247,57.9474],[26.8173,57.9493],[26.813,57.9511],[26.812,57.9514],[26.8074,57.9552],[26.8072,57.957],[26.8029,57.9622],[26.8038,57.9659],[26.7988,57.9692],[26.8034,57.975],[26.7968,57.975],[26.7844,57.971],[26.7766,57.9776],[26.764,57.9782],[26.7617,57.978],[26.7486,57.9778],[26.7479,57.982],[26.7401,57.9854],[26.733,57.9795],[26.7394,57.9751],[26.7485,57.9749],[26.7544,57.9717],[26.757,57.9646],[26.7437,57.9611],[26.7339,57.9618],[26.7363,57.9628],[26.7508,57.9636],[26.7558,57.967],[26.7533,57.9701],[26.7526,57.9695],[26.7433,57.968],[26.7397,57.9716],[26.7386,57.9742],[26.731,57.9801],[26.7419,57.9897],[26.7354,57.9928],[26.7305,57.9911],[26.7343,57.9905],[26.7281,57.9797],[26.7191,57.9756],[26.7168,57.9716],[26.7112,57.9717],[26.7178,57.9783],[26.719,57.9874],[26.726,57.9918],[26.7259,57.9959],[26.7082,57.9953],[26.7168,57.9995],[26.7034,58.0037],[26.6893,58.0067],[26.6878,58.006],[26.687,58.0061],[26.6834,58.0068],[26.6804,58.0049],[26.6799,58.0024],[26.6862,57.999],[26.6993,57.9958],[26.6899,57.9944],[26.6812,57.9947],[26.6745,57.9985],[26.6736,57.9997],[26.6702,58.0009],[26.6678,58],[26.6644,57.9997],[26.6591,57.9962],[26.6523,57.9999],[26.6519,57.9999],[26.6476,57.9994],[26.6446,57.9991],[26.6334,57.9972],[26.6193,57.998],[26.6178,57.9977],[26.6159,57.9976],[26.614,57.9987],[26.6107,57.9925],[26.6141,57.986],[26.6117,57.9852],[26.6136,57.9839],[26.6138,57.9832],[26.6121,57.9828],[26.6058,57.9823],[26.6105,57.9786],[26.6159,57.9818],[26.6186,57.9854],[26.62,57.9861],[26.6216,57.9861],[26.6236,57.986],[26.6337,57.9839],[26.6401,57.9854],[26.6492,57.982],[26.6435,57.9779],[26.6428,57.9755],[26.653,57.9709],[26.6557,57.9656],[26.6547,57.9599],[26.6569,57.9595],[26.6754,57.964],[26.675,57.9594],[26.6695,57.9536],[26.6749,57.9527],[26.6801,57.9477],[26.6761,57.9475],[26.6667,57.9494],[26.6602,57.9454],[26.654,57.9484],[26.6489,57.952],[26.6549,57.9566],[26.6436,57.956],[26.6375,57.9533],[26.6385,57.9499],[26.6308,57.9476],[26.6256,57.9488],[26.6224,57.9562],[26.6272,57.9573],[26.6225,57.9607],[26.6279,57.9647],[26.6277,57.9658],[26.6172,57.9678],[26.608,57.9698],[26.6109,57.9741],[26.6068,57.9783],[26.6051,57.9826],[26.6101,57.9838],[26.6072,57.9862],[26.604,57.9917],[26.5967,57.9914],[26.593,57.996],[26.5888,58.0039],[26.5887,58.0043],[26.5803,58.0078],[26.5784,58.0125],[26.5734,58.011],[26.5729,58.011],[26.5671,58.0113]]],[[[26.3729,58.0025],[26.3789,58.0034],[26.384,58.0027],[26.3826,58.0082],[26.3857,58.0078],[26.3852,58.0067],[26.3865,58.0057],[26.3867,58.0047],[26.387,58.0027],[26.3879,58.0023],[26.3879,58.0041],[26.3879,58.0042],[26.388,58.0049],[26.3881,58.005],[26.3888,58.0051],[26.4016,58.0054],[26.4113,58.0067],[26.4245,58],[26.4249,58.0009],[26.425,58.0072],[26.428,58.0126],[26.4283,58.0128],[26.4311,58.0181],[26.4207,58.0188],[26.4215,58.0275],[26.4324,58.0268],[26.428,58.0336],[26.4096,58.0338],[26.4038,58.0353],[26.408,58.0378],[26.4307,58.04],[26.4399,58.0387],[26.4419,58.0428],[26.4356,58.0447],[26.4311,58.0499],[26.419,58.0486],[26.4205,58.0541],[26.4237,58.057],[26.4245,58.0583],[26.4225,58.0601],[26.4242,58.0611],[26.4246,58.0612],[26.4218,58.0634],[26.4149,58.0655],[26.4146,58.0688],[26.4107,58.0695],[26.4108,58.0765],[26.4028,58.0761],[26.394,58.0804],[26.3816,58.0844],[26.3806,58.0877],[26.3914,58.0939],[26.386,58.0979],[26.3871,58.0981],[26.3877,58.0983],[26.3887,58.0995],[26.3937,58.098],[26.3946,58.0974],[26.3975,58.0955],[26.4088,58.0846],[26.4164,58.0827],[26.42,58.0782],[26.431,58.076],[26.4321,58.0772],[26.4334,58.0777],[26.4369,58.0813],[26.4451,58.0823],[26.4526,58.0848],[26.4626,58.0839],[26.4628,58.084],[26.4639,58.0846],[26.4608,58.0911],[26.4611,58.0915],[26.4553,58.0959],[26.4454,58.0985],[26.4566,58.0998],[26.4762,58.1013],[26.4661,58.1073],[26.4732,58.1133],[26.4632,58.1144],[26.4575,58.1095],[26.4452,58.1086],[26.4456,58.1135],[26.4415,58.1179],[26.4386,58.1223],[26.4303,58.1245],[26.434,58.1287],[26.4334,58.1296],[26.4236,58.1234],[26.4192,58.1253],[26.4224,58.1319],[26.4321,58.1299],[26.4337,58.1356],[26.4355,58.1384],[26.453,58.1346],[26.4557,58.1354],[26.4581,58.1434],[26.452,58.1378],[26.4413,58.1428],[26.433,58.1448],[26.4217,58.1443],[26.4242,58.1459],[26.4195,58.1489],[26.4206,58.1518],[26.4231,58.1513],[26.4238,58.1523],[26.4221,58.1581],[26.428,58.1617],[26.4372,58.1615],[26.4388,58.1619],[26.4374,58.1672],[26.4307,58.1689],[26.4258,58.1749],[26.4333,58.1776],[26.4431,58.1751],[26.4462,58.1738],[26.4468,58.1742],[26.4473,58.1782],[26.4558,58.1774],[26.4598,58.1791],[26.4607,58.1814],[26.4552,58.1823],[26.4376,58.1833],[26.4343,58.1814],[26.4344,58.1836],[26.4399,58.1887],[26.4405,58.1926],[26.4406,58.1928],[26.4411,58.1966],[26.4416,58.1972],[26.4423,58.1974],[26.4578,58.1999],[26.4615,58.2053],[26.4551,58.2048],[26.4543,58.2119],[26.4565,58.2154],[26.4652,58.2162],[26.4621,58.2193],[26.4495,58.221],[26.451,58.22],[26.4514,58.2198],[26.4413,58.217],[26.4346,58.2105],[26.4382,58.2089],[26.4496,58.2078],[26.4482,58.2028],[26.4366,58.2075],[26.4281,58.205],[26.428,58.1993],[26.4211,58.1901],[26.4233,58.1843],[26.4168,58.182],[26.4071,58.1705],[26.4053,58.163],[26.4122,58.1608],[26.4163,58.152],[26.4098,58.141],[26.4121,58.1357],[26.4104,58.1253],[26.3994,58.123],[26.408,58.1181],[26.41,58.1119],[26.4039,58.1113],[26.3918,58.114],[26.3769,58.1172],[26.3705,58.1144],[26.3698,58.1103],[26.3653,58.1092],[26.3602,58.113],[26.357,58.1118],[26.3469,58.11],[26.3386,58.1029],[26.3379,58.1011],[26.3302,58.1067],[26.3242,58.1078],[26.3212,58.1061],[26.3264,58.1038],[26.3327,58.102],[26.3285,58.0978],[26.3203,58.0945],[26.3205,58.0887],[26.3244,58.0853],[26.323,58.0816],[26.3232,58.0807],[26.3228,58.0751],[26.3238,58.0702],[26.3189,58.0662],[26.3277,58.0641],[26.3397,58.0705],[26.3293,58.071],[26.3305,58.0756],[26.3271,58.08],[26.337,58.0833],[26.3367,58.0761],[26.3317,58.075],[26.3447,58.0727],[26.35,58.0736],[26.3575,58.0726],[26.3622,58.0688],[26.3736,58.0646],[26.3709,58.071],[26.374,58.0729],[26.3723,58.0755],[26.3624,58.0781],[26.3655,58.0797],[26.3744,58.0803],[26.3785,58.0798],[26.3793,58.0794],[26.3861,58.0778],[26.3891,58.0708],[26.386,58.0645],[26.3848,58.0594],[26.3858,58.0539],[26.3804,58.0513],[26.3785,58.0454],[26.3814,58.0404],[26.376,58.0378],[26.3801,58.0378],[26.3913,58.0388],[26.3971,58.0345],[26.3943,58.0322],[26.3932,58.028],[26.4043,58.0239],[26.412,58.0221],[26.4166,58.0154],[26.4054,58.0183],[26.4012,58.021],[26.3949,58.0181],[26.3988,58.016],[26.3997,58.0105],[26.3918,58.0098],[26.3914,58.0085],[26.3856,58.0114],[26.369,58.0195],[26.3611,58.0172],[26.3571,58.0124],[26.3589,58.0133],[26.3603,58.0128],[26.3611,58.0121],[26.3745,58.0068],[26.3664,58.0051],[26.3663,58.0012],[26.3729,58.0025]]],[[[27.464,57.9959],[27.4717,57.9933],[27.4711,57.9872],[27.4735,57.9929],[27.4784,57.9932],[27.4856,57.9975],[27.4904,57.9998],[27.4898,58.0067],[27.4951,58.0048],[27.5014,57.998],[27.5058,57.994],[27.5177,57.9926],[27.5203,57.9949],[27.5163,57.9984],[27.509,58.0009],[27.5142,58.0057],[27.5153,58.0063],[27.5076,58.0129],[27.5267,58.0143],[27.523,58.0177],[27.5332,58.0222],[27.553,58.0257],[27.5497,58.0321],[27.548,58.0321],[27.547,58.0276],[27.5352,58.0277],[27.5305,58.0249],[27.5198,58.0285],[27.518,58.0285],[27.5046,58.0237],[27.5036,58.0313],[27.5039,58.0334],[27.4971,58.0369],[27.4837,58.0406],[27.4939,58.0468],[27.4947,58.051],[27.5098,58.0554],[27.5085,58.0594],[27.5131,58.063],[27.509,58.0661],[27.504,58.0627],[27.5039,58.0562],[27.4951,58.0546],[27.4916,58.0511],[27.4825,58.0501],[27.4826,58.0546],[27.4792,58.0425],[27.4763,58.0343],[27.4772,58.0327],[27.4806,58.0276],[27.46,58.0258],[27.4529,58.0263],[27.4441,58.0229],[27.4756,58.0255],[27.4736,58.017],[27.4829,58.0149],[27.4795,58.0115],[27.4708,58.0087],[27.469,58.0044],[27.4724,58.0006],[27.4797,58.006],[27.4861,58.0049],[27.482,58],[27.4714,57.9944],[27.464,57.9959]]],[[[25.0903,58.0847],[25.0998,58.0781],[25.121,58.0834],[25.1171,58.0864],[25.1163,58.087],[25.1056,58.0956],[25.1053,58.1004],[25.1134,58.1058],[25.1201,58.1012],[25.1261,58.0965],[25.1322,58.0963],[25.1313,58.0906],[25.1353,58.0896],[25.1354,58.0836],[25.1236,58.0822],[25.1215,58.0791],[25.1329,58.0797],[25.1346,58.0821],[25.1377,58.0832],[25.1371,58.0939],[25.1424,58.0989],[25.1554,58.098],[25.1609,58.0992],[25.1617,58.0995],[25.1664,58.1007],[25.1762,58.1086],[25.1795,58.1149],[25.1707,58.1178],[25.1726,58.1231],[25.1748,58.1256],[25.1666,58.1284],[25.1591,58.1246],[25.1605,58.1182],[25.1665,58.1162],[25.1629,58.1061],[25.1542,58.1094],[25.1581,58.1175],[25.1534,58.1234],[25.1472,58.1173],[25.1437,58.1148],[25.1407,58.1065],[25.1355,58.1029],[25.1334,58.1055],[25.1398,58.1147],[25.1396,58.1178],[25.146,58.1364],[25.1504,58.137],[25.1532,58.1313],[25.1583,58.1317],[25.1605,58.1337],[25.1584,58.136],[25.1709,58.1427],[25.1738,58.142],[25.1755,58.1426],[25.1776,58.1483],[25.1722,58.1526],[25.1651,58.1528],[25.1635,58.157],[25.1708,58.1577],[25.158,58.1627],[25.1547,58.1579],[25.1519,58.158],[25.144,58.1527],[25.1538,58.1521],[25.1548,58.1507],[25.1536,58.1471],[25.1387,58.1453],[25.141,58.1493],[25.1337,58.1484],[25.1271,58.1481],[25.1193,58.1535],[25.1101,58.1516],[25.1172,58.1499],[25.1189,58.1434],[25.1169,58.1371],[25.1163,58.1351],[25.1222,58.13],[25.1274,58.1339],[25.1341,58.1301],[25.129,58.118],[25.1243,58.1231],[25.1167,58.1226],[25.1139,58.1273],[25.1074,58.1274],[25.1119,58.1185],[25.1095,58.1141],[25.1095,58.1059],[25.1054,58.1065],[25.1008,58.1142],[25.1061,58.115],[25.1005,58.131],[25.0932,58.1329],[25.0917,58.1266],[25.0845,58.1289],[25.0785,58.1342],[25.0757,58.1342],[25.0794,58.1358],[25.0822,58.1442],[25.0831,58.1453],[25.0678,58.147],[25.0633,58.1515],[25.0627,58.1589],[25.0628,58.1596],[25.0639,58.1616],[25.0658,58.1666],[25.0608,58.1685],[25.0635,58.1757],[25.0551,58.177],[25.0516,58.1721],[25.0425,58.1699],[25.0397,58.166],[25.0474,58.1641],[25.0524,58.1629],[25.0543,58.159],[25.057,58.1508],[25.0571,58.1496],[25.0577,58.1393],[25.0557,58.1336],[25.067,58.1319],[25.0759,58.1273],[25.0745,58.125],[25.0756,58.1243],[25.077,58.123],[25.0899,58.1239],[25.0891,58.117],[25.0805,58.115],[25.0803,58.1085],[25.0829,58.1017],[25.0882,58.0993],[25.1013,58.0957],[25.1051,58.0941],[25.1047,58.0845],[25.1009,58.0931],[25.0915,58.0959],[25.0888,58.0902],[25.0803,58.0901],[25.0763,58.0861],[25.0682,58.0897],[25.0681,58.0886],[25.0601,58.0894],[25.0644,58.0956],[25.0575,58.0961],[25.0531,58.0931],[25.0478,58.0813],[25.0454,58.0737],[25.0477,58.0703],[25.0513,58.0778],[25.0587,58.0776],[25.0735,58.0854],[25.0763,58.0823],[25.079,58.0768],[25.0825,58.077],[25.094,58.0817],[25.0903,58.0847]]],[[[25.906,58.0921],[25.9073,58.0806],[25.9052,58.0798],[25.8942,58.0766],[25.896,58.0728],[25.9076,58.0688],[25.918,58.0598],[25.9329,58.0632],[25.9352,58.0602],[25.9393,58.0626],[25.9426,58.0729],[25.9329,58.0732],[25.9314,58.078],[25.9307,58.0893],[25.9288,58.0893],[25.9269,58.0839],[25.919,58.082],[25.9124,58.0835],[25.9062,58.0928],[25.906,58.0921]]],[[[25.3217,58.0946],[25.3211,58.0906],[25.3288,58.0811],[25.3283,58.0783],[25.3344,58.0786],[25.3418,58.0757],[25.3404,58.0844],[25.3513,58.0839],[25.3507,58.0879],[25.3403,58.0931],[25.3487,58.0958],[25.3555,58.0918],[25.3593,58.0954],[25.3647,58.1023],[25.3692,58.1023],[25.3608,58.1058],[25.3552,58.1008],[25.3497,58.0974],[25.3427,58.0972],[25.3385,58.0955],[25.3331,58.1029],[25.332,58.1041],[25.3187,58.1035],[25.3168,58.0998],[25.3188,58.0994],[25.3217,58.0946]]],[[[25.8989,58.0973],[25.8999,58.0958],[25.9036,58.0958],[25.9165,58.0986],[25.921,58.0941],[25.9316,58.0937],[25.9314,58.0948],[25.9301,58.0969],[25.9299,58.0971],[25.9251,58.1015],[25.9181,58.1037],[25.9164,58.1077],[25.9205,58.1096],[25.9149,58.1138],[25.923,58.1116],[25.9222,58.1166],[25.9226,58.117],[25.9225,58.1179],[25.9225,58.1182],[25.9189,58.124],[25.9133,58.1274],[25.9011,58.1173],[25.8962,58.1204],[25.9104,58.1288],[25.9154,58.1288],[25.9198,58.1283],[25.9239,58.1277],[25.9291,58.1288],[25.9299,58.1293],[25.9299,58.1296],[25.9286,58.1304],[25.9216,58.1293],[25.9057,58.1336],[25.8993,58.1323],[25.8974,58.128],[25.8981,58.1281],[25.8987,58.1275],[25.898,58.1273],[25.8842,58.1284],[25.8822,58.1311],[25.8774,58.1304],[25.8822,58.122],[25.8903,58.1194],[25.888,58.1131],[25.8997,58.1151],[25.8916,58.1082],[25.898,58.1056],[25.9069,58.1052],[25.9017,58.1011],[25.8992,58.0977],[25.8989,58.0973]]],[[[25.0064,58.1212],[25.0087,58.1286],[25.0048,58.1328],[25.003,58.1358],[24.9893,58.1336],[24.989,58.1398],[24.9834,58.1361],[24.9816,58.1322],[24.9897,58.1203],[25.0064,58.1212]]],[[[26.6227,58.1301],[26.6293,58.1298],[26.6367,58.1318],[26.6357,58.1356],[26.645,58.1352],[26.6466,58.1317],[26.6482,58.1295],[26.659,58.1227],[26.6598,58.1229],[26.6601,58.1237],[26.6615,58.1234],[26.6617,58.1221],[26.6622,58.1209],[26.6615,58.1208],[26.6623,58.1195],[26.663,58.1191],[26.6641,58.1219],[26.6658,58.1218],[26.6688,58.1192],[26.6716,58.1216],[26.6727,58.1227],[26.6834,58.1273],[26.6853,58.1289],[26.6751,58.1289],[26.6586,58.1348],[26.6583,58.1352],[26.6547,58.1355],[26.6669,58.1406],[26.6544,58.1418],[26.6613,58.1452],[26.6621,58.1474],[26.6584,58.1504],[26.6603,58.1556],[26.6717,58.1529],[26.6762,58.1544],[26.6799,58.1546],[26.6828,58.1557],[26.6716,58.16],[26.6791,58.1631],[26.6817,58.1692],[26.6872,58.1675],[26.68,58.17],[26.6775,58.1707],[26.6764,58.1764],[26.6827,58.1781],[26.6962,58.1733],[26.7032,58.1752],[26.7035,58.1813],[26.6928,58.1803],[26.6847,58.1789],[26.6719,58.1876],[26.6754,58.1896],[26.689,58.1931],[26.6953,58.1934],[26.6953,58.1951],[26.6935,58.1976],[26.6949,58.2048],[26.6994,58.2072],[26.6887,58.211],[26.6746,58.2097],[26.6711,58.2088],[26.6674,58.2088],[26.6508,58.2105],[26.6518,58.2069],[26.6506,58.2026],[26.6424,58.1988],[26.6386,58.2006],[26.6305,58.1996],[26.6191,58.2015],[26.6001,58.1989],[26.6012,58.2007],[26.6023,58.2014],[26.5983,58.2016],[26.5984,58.2011],[26.5941,58.1979],[26.5917,58.1974],[26.5895,58.193],[26.6009,58.1902],[26.6037,58.1908],[26.6189,58.1878],[26.6285,58.1964],[26.6326,58.1931],[26.6275,58.1858],[26.6199,58.1841],[26.6197,58.1814],[26.6317,58.182],[26.6385,58.1795],[26.6398,58.1793],[26.6496,58.1823],[26.6538,58.1799],[26.6518,58.1752],[26.6429,58.1753],[26.6464,58.173],[26.6435,58.1705],[26.6481,58.1684],[26.6636,58.1701],[26.669,58.1621],[26.665,58.1612],[26.6652,58.1662],[26.6519,58.1659],[26.6483,58.1604],[26.6362,58.1602],[26.6248,58.1646],[26.6232,58.166],[26.6112,58.162],[26.6103,58.1683],[26.6055,58.1699],[26.6016,58.1637],[26.6067,58.1621],[26.6027,58.1613],[26.5978,58.159],[26.589,58.162],[26.593,58.1662],[26.5922,58.169],[26.5978,58.1734],[26.6053,58.1705],[26.6074,58.1745],[26.6146,58.1737],[26.6185,58.1702],[26.6231,58.172],[26.6185,58.1754],[26.6091,58.176],[26.6032,58.1745],[26.5898,58.1748],[26.5883,58.1744],[26.5845,58.1751],[26.5822,58.1749],[26.5747,58.1721],[26.5745,58.1677],[26.5816,58.1623],[26.5774,58.1571],[26.5624,58.159],[26.5693,58.1543],[26.5649,58.1519],[26.5577,58.1537],[26.5421,58.1527],[26.5404,58.148],[26.5306,58.1453],[26.5331,58.1426],[26.563,58.1506],[26.5713,58.1447],[26.5773,58.1457],[26.5945,58.1402],[26.5971,58.1367],[26.613,58.1399],[26.6187,58.1386],[26.6105,58.1386],[26.6016,58.1339],[26.6079,58.1304],[26.5986,58.1253],[26.607,58.1193],[26.6158,58.1207],[26.6117,58.1221],[26.6105,58.1281],[26.6197,58.1274],[26.6227,58.1301]]],[[[22.4971,58.1615],[22.4968,58.1577],[22.488,58.1499],[22.4938,58.139],[22.5058,58.1316],[22.5142,58.1368],[22.5197,58.1377],[22.5281,58.1427],[22.5317,58.1479],[22.5228,58.1515],[22.5181,58.1559],[22.5119,58.1556],[22.5067,58.1485],[22.5072,58.1463],[22.5005,58.1463],[22.4961,58.1504],[22.5084,58.1588],[22.5009,58.1584],[22.4971,58.1615]]],[[[26.8851,58.1367],[26.8831,58.1372],[26.8947,58.1373],[26.8969,58.1387],[26.8964,58.1397],[26.8941,58.1404],[26.8934,58.1404],[26.8925,58.1405],[26.8885,58.1406],[26.8853,58.1406],[26.888,58.1416],[26.8924,58.1418],[26.892,58.1429],[26.8918,58.1438],[26.8911,58.1439],[26.8899,58.1445],[26.8918,58.1455],[26.8926,58.1453],[26.8949,58.1472],[26.8931,58.1498],[26.8971,58.1524],[26.9094,58.1537],[26.9127,58.1567],[26.9199,58.156],[26.9217,58.1579],[26.9289,58.1608],[26.9303,58.1605],[26.9313,58.1611],[26.9275,58.1628],[26.9258,58.1627],[26.92,58.1598],[26.9138,58.1625],[26.9122,58.1639],[26.9178,58.1667],[26.9113,58.1701],[26.905,58.1697],[26.9061,58.1644],[26.8998,58.1586],[26.896,58.1649],[26.8858,58.1655],[26.8887,58.1624],[26.8845,58.1635],[26.8786,58.1678],[26.8759,58.1711],[26.8809,58.1781],[26.8776,58.1779],[26.8663,58.1701],[26.8659,58.1698],[26.8645,58.1696],[26.8639,58.1706],[26.861,58.1682],[26.8596,58.1678],[26.8579,58.1664],[26.8614,58.1636],[26.8595,58.1628],[26.8582,58.1619],[26.8575,58.1619],[26.8535,58.1597],[26.8573,58.1579],[26.859,58.1569],[26.8551,58.1541],[26.8568,58.1529],[26.8516,58.1533],[26.8478,58.1477],[26.84,58.1453],[26.8371,58.1418],[26.8361,58.1412],[26.8423,58.1347],[26.8357,58.1322],[26.8439,58.1264],[26.8564,58.1335],[26.8541,58.1287],[26.8415,58.1234],[26.8423,58.1187],[26.8347,58.1185],[26.8265,58.1149],[26.8134,58.1127],[26.804,58.1138],[26.799,58.1084],[26.8083,58.1077],[26.8129,58.1034],[26.7961,58.1045],[26.7892,58.1055],[26.7808,58.1059],[26.7809,58.1022],[26.7822,58.0986],[26.7741,58.0968],[26.7685,58.1001],[26.7745,58.108],[26.7749,58.1096],[26.7687,58.1084],[26.7688,58.1043],[26.7581,58.1033],[26.7515,58.1063],[26.7373,58.1133],[26.7348,58.1105],[26.7277,58.1041],[26.7306,58.1024],[26.7313,58.1002],[26.7317,58.0999],[26.7318,58.1001],[26.7419,58.0959],[26.7424,58.0958],[26.7367,58.0911],[26.7369,58.0887],[26.7368,58.0882],[26.7366,58.0877],[26.7366,58.0875],[26.7365,58.0859],[26.7349,58.0833],[26.7362,58.079],[26.7363,58.0787],[26.737,58.0788],[26.7382,58.0798],[26.7412,58.0806],[26.7425,58.081],[26.7433,58.0811],[26.7438,58.0813],[26.75,58.081],[26.7583,58.0769],[26.7496,58.0678],[26.751,58.0638],[26.7599,58.0599],[26.7632,58.0562],[26.7696,58.0575],[26.766,58.0668],[26.7656,58.0781],[26.7605,58.0782],[26.7594,58.0834],[26.759,58.0845],[26.7512,58.0895],[26.749,58.0914],[26.7499,58.0931],[26.7548,58.0918],[26.7577,58.0962],[26.7618,58.0948],[26.7743,58.0843],[26.7854,58.0852],[26.7886,58.0854],[26.7916,58.0864],[26.792,58.0862],[26.7965,58.0871],[26.8034,58.0871],[26.8069,58.0928],[26.8173,58.0933],[26.8058,58.0967],[26.8179,58.1032],[26.8221,58.1033],[26.8255,58.1034],[26.8384,58.1029],[26.8376,58.1051],[26.8333,58.11],[26.8327,58.1145],[26.8417,58.1135],[26.8428,58.1089],[26.838,58.1056],[26.846,58.1044],[26.8517,58.1076],[26.8581,58.1076],[26.8555,58.1149],[26.8691,58.1181],[26.8745,58.1213],[26.863,58.1216],[26.8626,58.1251],[26.8681,58.1259],[26.8654,58.1295],[26.872,58.1319],[26.8838,58.1322],[26.8871,58.1342],[26.8851,58.1367]]],[[[25.7892,58.1551],[25.7916,58.1608],[25.7943,58.154],[25.795,58.1537],[25.7967,58.1533],[25.8031,58.1541],[25.8092,58.1523],[25.8031,58.1589],[25.7955,58.1609],[25.8007,58.1647],[25.8014,58.1644],[25.8067,58.1603],[25.8081,58.1608],[25.8093,58.16],[25.8106,58.1562],[25.8177,58.1576],[25.8163,58.1584],[25.8154,58.1594],[25.8149,58.1636],[25.8225,58.167],[25.8249,58.1674],[25.8322,58.167],[25.8314,58.1601],[25.8369,58.1575],[25.8339,58.1546],[25.8306,58.1539],[25.832,58.1511],[25.838,58.1498],[25.8338,58.1461],[25.8338,58.1468],[25.8242,58.1488],[25.8206,58.1508],[25.8204,58.1507],[25.8161,58.1495],[25.812,58.1494],[25.8087,58.1491],[25.8136,58.1463],[25.8224,58.145],[25.8251,58.1397],[25.8154,58.1407],[25.8147,58.1402],[25.8202,58.1376],[25.8166,58.1338],[25.8145,58.1331],[25.8126,58.1251],[25.8175,58.1233],[25.8218,58.1229],[25.827,58.1273],[25.8283,58.1269],[25.8231,58.1214],[25.8333,58.1179],[25.8386,58.1235],[25.8468,58.1198],[25.8568,58.1218],[25.8558,58.1276],[25.8491,58.1293],[25.8553,58.1334],[25.8599,58.1325],[25.8572,58.1321],[25.8555,58.1284],[25.8593,58.1291],[25.8625,58.1328],[25.8691,58.137],[25.8677,58.1434],[25.8536,58.1454],[25.8666,58.1459],[25.8801,58.1429],[25.8883,58.1456],[25.8965,58.1462],[25.8966,58.1466],[25.8971,58.1485],[25.9038,58.1488],[25.8928,58.152],[25.8917,58.1513],[25.879,58.1552],[25.8706,58.1601],[25.8663,58.1613],[25.8744,58.1656],[25.8678,58.1698],[25.8738,58.1727],[25.8673,58.1753],[25.871,58.1784],[25.8662,58.1798],[25.8779,58.1881],[25.8918,58.1802],[25.8967,58.1802],[25.9051,58.1826],[25.9054,58.1777],[25.9104,58.1777],[25.9108,58.1679],[25.915,58.1612],[25.9175,58.1546],[25.9212,58.1545],[25.9268,58.1569],[25.9237,58.1618],[25.9246,58.1665],[25.9303,58.1705],[25.9345,58.1719],[25.9408,58.1625],[25.9393,58.1603],[25.9473,58.1569],[25.9493,58.1565],[25.9531,58.1547],[25.9545,58.1545],[25.9546,58.1545],[25.9554,58.1546],[25.9594,58.1547],[25.9597,58.1629],[25.9635,58.1682],[25.9574,58.1696],[25.9536,58.1666],[25.9508,58.1652],[25.9482,58.1696],[25.9515,58.1721],[25.9481,58.1739],[25.9444,58.1841],[25.9483,58.1918],[25.9446,58.1927],[25.9442,58.2011],[25.9484,58.2054],[25.9472,58.2067],[25.9364,58.2064],[25.939,58.2031],[25.9295,58.1925],[25.9283,58.1854],[25.9266,58.1836],[25.9356,58.1802],[25.9349,58.1737],[25.9309,58.1722],[25.9217,58.1768],[25.921,58.1778],[25.9186,58.1783],[25.9139,58.1832],[25.9265,58.1929],[25.9281,58.1968],[25.93,58.2021],[25.9292,58.202],[25.9283,58.202],[25.9252,58.2087],[25.9215,58.2092],[25.921,58.2097],[25.9188,58.2081],[25.916,58.205],[25.9046,58.2027],[25.9016,58.2],[25.9023,58.1917],[25.8988,58.191],[25.8983,58.1909],[25.8956,58.1883],[25.8869,58.1873],[25.8846,58.1863],[25.8679,58.1933],[25.8734,58.1974],[25.8658,58.1962],[25.8645,58.1919],[25.8641,58.1911],[25.8623,58.1907],[25.8597,58.1914],[25.8567,58.1848],[25.8503,58.1855],[25.8547,58.1907],[25.8557,58.1906],[25.8575,58.1953],[25.8575,58.1956],[25.8575,58.1957],[25.8551,58.1961],[25.8523,58.1915],[25.8452,58.1862],[25.8404,58.1878],[25.8292,58.1873],[25.8196,58.1846],[25.8217,58.1814],[25.8297,58.181],[25.8333,58.1749],[25.8324,58.1703],[25.8248,58.1714],[25.8217,58.1756],[25.816,58.179],[25.812,58.1868],[25.8258,58.1908],[25.8218,58.1965],[25.8203,58.2013],[25.8173,58.2074],[25.8145,58.207],[25.8009,58.2097],[25.7955,58.2134],[25.7974,58.2178],[25.7899,58.2212],[25.7887,58.2237],[25.7838,58.2253],[25.7845,58.2201],[25.7779,58.2201],[25.7701,58.2197],[25.7641,58.2104],[25.7587,58.2105],[25.751,58.2123],[25.7528,58.2157],[25.7584,58.2242],[25.7595,58.2236],[25.7651,58.2224],[25.7688,58.2279],[25.7774,58.2256],[25.7753,58.2315],[25.7716,58.2351],[25.7568,58.2387],[25.7411,58.2405],[25.7416,58.2398],[25.7455,58.2345],[25.7451,58.2342],[25.7436,58.2342],[25.7411,58.2377],[25.7358,58.2373],[25.7323,58.2403],[25.7268,58.2414],[25.7216,58.2427],[25.7193,58.2424],[25.718,58.2397],[25.7117,58.234],[25.7082,58.2333],[25.708,58.2272],[25.7078,58.2266],[25.7095,58.2258],[25.7122,58.2255],[25.7151,58.2252],[25.7141,58.2226],[25.706,58.2191],[25.7037,58.2192],[25.704,58.2223],[25.7023,58.2241],[25.7025,58.2255],[25.7017,58.2277],[25.7008,58.2284],[25.6987,58.2298],[25.7014,58.2302],[25.703,58.2292],[25.7078,58.2328],[25.6983,58.2363],[25.6938,58.2365],[25.6835,58.2335],[25.6813,58.2273],[25.6759,58.2275],[25.6686,58.2323],[25.6678,58.2321],[25.6685,58.2309],[25.6687,58.2308],[25.6712,58.2262],[25.673,58.2238],[25.6758,58.2204],[25.6713,58.2183],[25.6685,58.2171],[25.6715,58.2116],[25.6708,58.2101],[25.676,58.2084],[25.6803,58.2068],[25.6865,58.1996],[25.6888,58.198],[25.6911,58.1978],[25.6967,58.1994],[25.7201,58.1891],[25.7259,58.1874],[25.7293,58.1875],[25.731,58.1866],[25.7317,58.1866],[25.7326,58.1869],[25.7341,58.1884],[25.7342,58.1885],[25.7342,58.1839],[25.7356,58.1765],[25.7282,58.1756],[25.7273,58.1747],[25.7282,58.174],[25.7365,58.1742],[25.7452,58.1778],[25.75,58.1767],[25.7501,58.1745],[25.7456,58.1705],[25.7542,58.1648],[25.747,58.1606],[25.746,58.1618],[25.7452,58.1625],[25.74,58.1642],[25.7319,58.1612],[25.7301,58.1562],[25.7381,58.1558],[25.7596,58.1609],[25.7648,58.1565],[25.7595,58.1498],[25.7715,58.1484],[25.7742,58.1481],[25.7803,58.1515],[25.7754,58.1538],[25.7727,58.1594],[25.7829,58.1594],[25.7892,58.1551]],[[25.6993,58.2199],[25.6981,58.2114],[25.6892,58.2139],[25.6757,58.2157],[25.6848,58.2243],[25.684,58.2259],[25.6842,58.2301],[25.6921,58.235],[25.6974,58.2289],[25.694,58.2259],[25.6993,58.2199]],[[25.7868,58.2051],[25.7948,58.2059],[25.801,58.2023],[25.7898,58.2002],[25.7904,58.1987],[25.7952,58.1916],[25.7952,58.1906],[25.7867,58.186],[25.7839,58.1893],[25.7817,58.1957],[25.7721,58.1969],[25.7673,58.2012],[25.7735,58.2032],[25.7729,58.209],[25.7768,58.2099],[25.7861,58.2097],[25.7868,58.2051]]],[[[24.8879,58.1724],[24.8882,58.1808],[24.8891,58.1837],[24.8814,58.192],[24.879,58.1999],[24.8714,58.2005],[24.8604,58.2091],[24.8678,58.2079],[24.8712,58.2023],[24.8768,58.2073],[24.8707,58.2257],[24.8702,58.2278],[24.8686,58.2328],[24.8713,58.2452],[24.8648,58.2453],[24.8569,58.2495],[24.8551,58.2526],[24.8457,58.2532],[24.8534,58.2622],[24.8224,58.267],[24.8202,58.2636],[24.8195,58.2621],[24.8192,58.2605],[24.8114,58.2561],[24.8068,58.2591],[24.7982,58.2553],[24.7942,58.2544],[24.7855,58.2549],[24.793,58.248],[24.8029,58.2458],[24.8018,58.2421],[24.8046,58.2338],[24.7945,58.2324],[24.7938,58.2348],[24.797,58.2389],[24.7892,58.2411],[24.7822,58.2496],[24.777,58.25],[24.7723,58.252],[24.7696,58.2503],[24.7713,58.2427],[24.7675,58.24],[24.7671,58.2338],[24.7651,58.2335],[24.7595,58.2363],[24.7589,58.2412],[24.7547,58.239],[24.7415,58.2387],[24.7416,58.2372],[24.7424,58.2346],[24.7412,58.2344],[24.7393,58.2307],[24.7411,58.2305],[24.7413,58.2305],[24.7546,58.2302],[24.7571,58.2294],[24.7572,58.2262],[24.7513,58.2236],[24.755,58.221],[24.7539,58.2192],[24.7589,58.2199],[24.7594,58.2198],[24.7592,58.219],[24.7589,58.219],[24.7561,58.2186],[24.7564,58.2173],[24.7552,58.2171],[24.7522,58.218],[24.7491,58.2195],[24.7482,58.2195],[24.7471,58.2193],[24.743,58.2183],[24.737,58.2093],[24.7383,58.2102],[24.7478,58.2057],[24.7482,58.2041],[24.7508,58.2028],[24.752,58.2024],[24.7611,58.2065],[24.7651,58.2036],[24.7664,58.204],[24.7677,58.2033],[24.7666,58.2026],[24.768,58.1981],[24.7771,58.1993],[24.774,58.2094],[24.7787,58.2102],[24.7849,58.2095],[24.7856,58.2003],[24.7931,58.2038],[24.7961,58.2008],[24.7873,58.1918],[24.788,58.1923],[24.7972,58.1902],[24.7965,58.1894],[24.7969,58.1891],[24.795,58.1866],[24.7936,58.1859],[24.7949,58.1854],[24.796,58.1854],[24.7969,58.1859],[24.7984,58.1861],[24.8001,58.1857],[24.801,58.1853],[24.8019,58.1844],[24.8048,58.1843],[24.8053,58.1843],[24.8085,58.1824],[24.8089,58.1818],[24.8115,58.1786],[24.8118,58.1768],[24.8177,58.1743],[24.8197,58.1716],[24.8204,58.1716],[24.819,58.1705],[24.8199,58.17],[24.8209,58.17],[24.822,58.1701],[24.8223,58.1694],[24.8208,58.1695],[24.8364,58.1638],[24.8461,58.162],[24.852,58.166],[24.8606,58.1684],[24.8526,58.1793],[24.8623,58.1762],[24.864,58.1691],[24.8656,58.1689],[24.8672,58.1697],[24.868,58.1672],[24.8785,58.1656],[24.8879,58.1686],[24.8879,58.1724]],[[24.81,58.2423],[24.8161,58.244],[24.8147,58.2482],[24.8263,58.2512],[24.8272,58.2576],[24.8343,58.2517],[24.8409,58.2487],[24.8362,58.2457],[24.8253,58.244],[24.8269,58.2395],[24.8346,58.2351],[24.8307,58.2324],[24.8217,58.2315],[24.824,58.2317],[24.8287,58.2294],[24.8401,58.2304],[24.8352,58.2254],[24.8319,58.2207],[24.8273,58.2201],[24.8149,58.2293],[24.8174,58.2311],[24.8121,58.2304],[24.8077,58.2366],[24.81,58.2423]]],[[[26.2441,58.1667],[26.2418,58.162],[26.2335,58.1642],[26.2266,58.1652],[26.2197,58.1707],[26.2164,58.1737],[26.2079,58.1739],[26.2047,58.1679],[26.2107,58.1616],[26.2007,58.1576],[26.195,58.1578],[26.1935,58.1577],[26.1973,58.1552],[26.1939,58.1511],[26.2036,58.1502],[26.2149,58.1528],[26.2174,58.153],[26.2211,58.1541],[26.2216,58.1607],[26.2267,58.1628],[26.2393,58.1598],[26.2454,58.1589],[26.2467,58.1586],[26.2539,58.1621],[26.2612,58.1669],[26.2628,58.1742],[26.2516,58.1727],[26.2491,58.1669],[26.2441,58.1667]]],[[[26.5199,58.1574],[26.5186,58.157],[26.5167,58.154],[26.5168,58.1507],[26.5237,58.1539],[26.5313,58.1526],[26.5381,58.1562],[26.5424,58.1575],[26.5418,58.1579],[26.5438,58.159],[26.5352,58.1632],[26.534,58.167],[26.5266,58.1689],[26.5351,58.171],[26.5321,58.175],[26.5244,58.1783],[26.536,58.1802],[26.5443,58.1903],[26.5541,58.1894],[26.555,58.1897],[26.5561,58.1891],[26.5546,58.1885],[26.5549,58.1868],[26.5573,58.1908],[26.545,58.1938],[26.5387,58.1986],[26.5254,58.2001],[26.5294,58.1959],[26.5189,58.195],[26.5151,58.1942],[26.5141,58.1915],[26.5166,58.1878],[26.5117,58.1843],[26.5122,58.1805],[26.5133,58.1758],[26.5069,58.1732],[26.5042,58.1691],[26.5034,58.1675],[26.4976,58.1663],[26.4967,58.1665],[26.4935,58.1662],[26.4915,58.166],[26.487,58.1672],[26.4818,58.1714],[26.4731,58.1688],[26.4733,58.1651],[26.4713,58.1618],[26.4699,58.1607],[26.4717,58.1607],[26.4745,58.1606],[26.474,58.1589],[26.4738,58.1588],[26.4733,58.1593],[26.4709,58.1579],[26.4699,58.1549],[26.4681,58.1566],[26.463,58.1558],[26.4658,58.1487],[26.474,58.1483],[26.4794,58.1494],[26.4886,58.1509],[26.4991,58.1452],[26.5003,58.1482],[26.4967,58.1523],[26.4951,58.1535],[26.496,58.1536],[26.4962,58.1542],[26.4967,58.1536],[26.4987,58.1531],[26.4989,58.1533],[26.5013,58.1532],[26.4987,58.156],[26.5013,58.1558],[26.5021,58.1553],[26.5021,58.155],[26.5058,58.1539],[26.5126,58.1579],[26.5199,58.158],[26.5199,58.1574]]],[[[25.715,58.1856],[25.7143,58.1863],[25.7109,58.1919],[25.7014,58.1902],[25.6979,58.1927],[25.6841,58.1895],[25.6809,58.1905],[25.6756,58.1844],[25.6831,58.1783],[25.686,58.1738],[25.6957,58.1685],[25.7055,58.168],[25.7053,58.1692],[25.7043,58.1696],[25.7006,58.1719],[25.7003,58.1723],[25.6974,58.1771],[25.6972,58.1835],[25.6981,58.1838],[25.6993,58.1839],[25.7014,58.1825],[25.7071,58.1814],[25.7141,58.1814],[25.7147,58.1825],[25.715,58.1856]]],[[[25.2749,58.1896],[25.2854,58.1896],[25.2963,58.1916],[25.298,58.1932],[25.289,58.1962],[25.2788,58.1966],[25.2762,58.2004],[25.2786,58.2102],[25.2669,58.2101],[25.2662,58.2023],[25.2654,58.1971],[25.2584,58.1959],[25.2645,58.2028],[25.2567,58.2061],[25.2585,58.2144],[25.2656,58.2133],[25.2726,58.2104],[25.2839,58.2135],[25.2838,58.2164],[25.2816,58.2255],[25.2898,58.2228],[25.2927,58.2262],[25.2904,58.2277],[25.2747,58.229],[25.2723,58.2313],[25.2781,58.2395],[25.2817,58.2417],[25.2803,58.2456],[25.2732,58.2515],[25.2952,58.2503],[25.3,58.244],[25.2922,58.2383],[25.2918,58.2351],[25.3015,58.2296],[25.2946,58.222],[25.2908,58.2155],[25.297,58.2171],[25.299,58.2231],[25.3042,58.2253],[25.3085,58.2361],[25.3034,58.2422],[25.3057,58.2517],[25.2937,58.256],[25.2943,58.2606],[25.297,58.2603],[25.301,58.2623],[25.3085,58.2588],[25.3032,58.2556],[25.3133,58.2557],[25.3132,58.2611],[25.3133,58.2664],[25.3022,58.2651],[25.2955,58.2696],[25.2961,58.2746],[25.296,58.2752],[25.2995,58.2772],[25.3046,58.274],[25.3098,58.2754],[25.318,58.2716],[25.3306,58.2694],[25.3358,58.2725],[25.3239,58.2778],[25.3291,58.2819],[25.3393,58.2761],[25.3495,58.2767],[25.3479,58.2809],[25.3407,58.2807],[25.3368,58.2897],[25.3238,58.2861],[25.3156,58.2853],[25.3108,58.2895],[25.3286,58.2902],[25.3326,58.2916],[25.3475,58.285],[25.3566,58.2878],[25.3524,58.2833],[25.3579,58.2856],[25.3661,58.2782],[25.366,58.2733],[25.3561,58.2764],[25.3518,58.2748],[25.3397,58.2739],[25.3363,58.272],[25.3425,58.2694],[25.3512,58.2623],[25.355,58.2648],[25.3542,58.2703],[25.3636,58.27],[25.3684,58.2722],[25.3745,58.2744],[25.3802,58.2726],[25.3854,58.269],[25.3975,58.2663],[25.3852,58.2734],[25.3786,58.2788],[25.3844,58.2798],[25.3926,58.2807],[25.3915,58.2739],[25.3939,58.2695],[25.4035,58.2699],[25.4191,58.2705],[25.4352,58.2718],[25.4363,58.2761],[25.4307,58.2805],[25.425,58.2815],[25.4125,58.2787],[25.4068,58.2728],[25.4026,58.282],[25.3988,58.2812],[25.3924,58.2877],[25.3912,58.2882],[25.386,58.2866],[25.3657,58.2951],[25.3777,58.2969],[25.3821,58.2943],[25.3842,58.2949],[25.3942,58.296],[25.4008,58.2896],[25.3949,58.2886],[25.4098,58.2852],[25.4076,58.2816],[25.4163,58.2881],[25.4118,58.294],[25.418,58.2973],[25.4137,58.3002],[25.4057,58.3033],[25.4007,58.3029],[25.3976,58.3089],[25.4062,58.31],[25.4103,58.3078],[25.4118,58.3116],[25.4054,58.3129],[25.4034,58.32],[25.4111,58.3214],[25.4129,58.3282],[25.4202,58.3206],[25.429,58.3231],[25.4365,58.324],[25.435,58.3282],[25.4233,58.3313],[25.4277,58.3372],[25.4246,58.3385],[25.4112,58.3376],[25.4116,58.3346],[25.4027,58.3337],[25.3971,58.3308],[25.3926,58.3349],[25.3969,58.3374],[25.3821,58.3335],[25.3809,58.3332],[25.3795,58.3328],[25.3814,58.33],[25.3676,58.3275],[25.367,58.3274],[25.3687,58.3263],[25.3837,58.3259],[25.3868,58.3212],[25.391,58.3229],[25.3954,58.3262],[25.398,58.3171],[25.3939,58.3145],[25.3833,58.3131],[25.3816,58.3133],[25.383,58.317],[25.383,58.3179],[25.3743,58.3165],[25.3704,58.3201],[25.3641,58.3212],[25.3606,58.3224],[25.3609,58.328],[25.3418,58.3184],[25.3288,58.312],[25.3233,58.3047],[25.3254,58.2985],[25.3169,58.2953],[25.3058,58.2943],[25.304,58.2991],[25.2973,58.2901],[25.3047,58.2873],[25.299,58.2846],[25.2833,58.2789],[25.2891,58.2793],[25.2944,58.2751],[25.2944,58.2687],[25.2913,58.2667],[25.2902,58.2622],[25.2755,58.2582],[25.2718,58.2596],[25.2873,58.2645],[25.2796,58.2663],[25.2715,58.2728],[25.2695,58.2716],[25.2508,58.2609],[25.2419,58.2593],[25.2122,58.2536],[25.2108,58.2507],[25.2022,58.2484],[25.2029,58.2437],[25.2074,58.2432],[25.2125,58.2475],[25.2225,58.2501],[25.2264,58.2491],[25.2437,58.2552],[25.247,58.2536],[25.2524,58.25],[25.2143,58.2411],[25.2112,58.239],[25.1971,58.2325],[25.1891,58.2385],[25.1851,58.2371],[25.1931,58.2274],[25.2001,58.2296],[25.2043,58.2266],[25.2201,58.2294],[25.2257,58.2324],[25.2321,58.2278],[25.2175,58.2204],[25.2268,58.2203],[25.2323,58.2128],[25.2232,58.2141],[25.2114,58.2094],[25.2068,58.2124],[25.2127,58.2027],[25.2266,58.1909],[25.2317,58.1869],[25.2434,58.1876],[25.2398,58.1913],[25.2444,58.1956],[25.2524,58.1925],[25.2529,58.1854],[25.2565,58.1844],[25.2587,58.1776],[25.2636,58.1771],[25.264,58.1807],[25.2655,58.1878],[25.2749,58.1896]]],[[[22.1941,58.1978],[22.1952,58.1998],[22.2005,58.202],[22.1987,58.2067],[22.2013,58.2121],[22.2086,58.215],[22.2067,58.2107],[22.2013,58.2063],[22.2043,58.2009],[22.2038,58.1973],[22.2108,58.1894],[22.211,58.1834],[22.2181,58.1796],[22.2181,58.179],[22.221,58.1787],[22.225,58.1785],[22.2292,58.1783],[22.2257,58.1777],[22.2253,58.1732],[22.2275,58.1716],[22.2286,58.1719],[22.2359,58.173],[22.2353,58.1781],[22.2295,58.1785],[22.228,58.181],[22.221,58.184],[22.2197,58.1935],[22.2217,58.2005],[22.2276,58.2024],[22.2294,58.207],[22.236,58.2067],[22.2318,58.2118],[22.2422,58.2138],[22.2516,58.2073],[22.2499,58.2024],[22.2403,58.2028],[22.2433,58.1927],[22.247,58.1827],[22.2538,58.187],[22.2526,58.1986],[22.2552,58.2067],[22.2611,58.2038],[22.2584,58.1984],[22.2604,58.1912],[22.258,58.1877],[22.2616,58.1862],[22.2567,58.1821],[22.2686,58.1894],[22.299,58.2039],[22.3182,58.211],[22.3456,58.2178],[22.3323,58.2187],[22.3205,58.2139],[22.3201,58.2139],[22.3199,58.2139],[22.3191,58.2138],[22.2949,58.2041],[22.3094,58.2108],[22.3111,58.2115],[22.3127,58.2123],[22.314,58.2149],[22.315,58.2135],[22.3148,58.2132],[22.3153,58.2134],[22.316,58.2145],[22.316,58.2147],[22.3128,58.2156],[22.3115,58.2158],[22.3013,58.2131],[22.3023,58.215],[22.31,58.2183],[22.3173,58.2158],[22.3355,58.2236],[22.3364,58.2194],[22.3487,58.2208],[22.3456,58.2239],[22.3416,58.2239],[22.3531,58.2282],[22.3599,58.2275],[22.3561,58.2353],[22.3582,58.2373],[22.3437,58.2381],[22.3399,58.2341],[22.3288,58.2343],[22.3161,58.2314],[22.3048,58.2273],[22.2878,58.2267],[22.2845,58.2281],[22.2838,58.2312],[22.2742,58.2327],[22.2713,58.2279],[22.2779,58.2267],[22.2737,58.2209],[22.2739,58.2133],[22.2692,58.2081],[22.2686,58.2147],[22.2644,58.2168],[22.2503,58.215],[22.2619,58.221],[22.261,58.2233],[22.2502,58.2268],[22.2509,58.2311],[22.2595,58.2365],[22.2623,58.2367],[22.2691,58.2393],[22.2863,58.2406],[22.2972,58.247],[22.2904,58.2502],[22.2614,58.2429],[22.2571,58.2391],[22.2503,58.2402],[22.2594,58.2452],[22.2598,58.2507],[22.2541,58.2536],[22.2465,58.2536],[22.2312,58.249],[22.2273,58.2447],[22.2285,58.2435],[22.2333,58.2434],[22.2361,58.2363],[22.2455,58.2365],[22.2408,58.2454],[22.2494,58.2433],[22.2473,58.2362],[22.248,58.234],[22.2466,58.2335],[22.2347,58.2308],[22.2313,58.2355],[22.2322,58.2365],[22.2275,58.2414],[22.2256,58.2416],[22.2271,58.2396],[22.2197,58.2337],[22.214,58.2375],[22.2041,58.2392],[22.1942,58.2387],[22.1917,58.233],[22.1869,58.2314],[22.1982,58.2294],[22.2023,58.2265],[22.1938,58.2215],[22.1917,58.2152],[22.1943,58.2124],[22.185,58.2099],[22.184,58.2134],[22.1915,58.2192],[22.1815,58.2236],[22.1658,58.2257],[22.1609,58.2235],[22.159,58.2226],[22.1385,58.2225],[22.1287,58.2213],[22.1302,58.2181],[22.1287,58.2144],[22.1155,58.2115],[22.0978,58.2114],[22.0989,58.209],[22.1032,58.2096],[22.1089,58.2042],[22.0986,58.2017],[22.1058,58.2003],[22.099,58.1955],[22.106,58.1928],[22.1173,58.1965],[22.1233,58.1909],[22.1306,58.1912],[22.1304,58.1975],[22.1385,58.1956],[22.1442,58.1928],[22.1552,58.1921],[22.1584,58.1896],[22.1674,58.185],[22.1746,58.1865],[22.1743,58.1851],[22.1837,58.1864],[22.1858,58.1833],[22.2053,58.1862],[22.2051,58.1917],[22.1941,58.1978]]],[[[25.478,58.1923],[25.4769,58.1926],[25.4762,58.1951],[25.4779,58.1985],[25.491,58.1996],[25.4962,58.203],[25.4945,58.2038],[25.4832,58.2124],[25.4799,58.2101],[25.4704,58.2172],[25.4631,58.2187],[25.459,58.2225],[25.4648,58.2221],[25.4763,58.2176],[25.4742,58.2234],[25.4705,58.225],[25.4649,58.2258],[25.462,58.2338],[25.4664,58.2376],[25.478,58.2302],[25.4835,58.2311],[25.4868,58.2257],[25.494,58.2222],[25.4953,58.2184],[25.504,58.2133],[25.5043,58.2096],[25.5087,58.2054],[25.5138,58.2017],[25.507,58.2101],[25.5108,58.2141],[25.5164,58.2147],[25.5282,58.2115],[25.5351,58.2053],[25.5341,58.2099],[25.5295,58.2141],[25.5168,58.2163],[25.5087,58.2161],[25.4994,58.2194],[25.4881,58.2274],[25.4832,58.2349],[25.4928,58.2363],[25.502,58.2326],[25.5116,58.2354],[25.5185,58.2335],[25.5172,58.2365],[25.5054,58.2365],[25.5074,58.2408],[25.515,58.2385],[25.5117,58.2407],[25.5027,58.2463],[25.5042,58.2475],[25.4931,58.2531],[25.4872,58.2533],[25.4816,58.2562],[25.4797,58.2566],[25.477,58.2509],[25.471,58.2505],[25.4695,58.2562],[25.4729,58.258],[25.468,58.257],[25.4665,58.2544],[25.465,58.2595],[25.4598,58.2617],[25.4466,58.2654],[25.4581,58.2694],[25.4655,58.2714],[25.4683,58.2653],[25.4636,58.2619],[25.4758,58.2612],[25.4817,58.2629],[25.4935,58.2616],[25.4864,58.2569],[25.4895,58.2538],[25.5005,58.2535],[25.4989,58.2509],[25.5062,58.2489],[25.5167,58.251],[25.5178,58.244],[25.5201,58.2459],[25.5225,58.248],[25.5167,58.2555],[25.511,58.2571],[25.5141,58.2637],[25.5202,58.2595],[25.5247,58.2583],[25.5183,58.2657],[25.5047,58.2631],[25.5034,58.2672],[25.5032,58.2698],[25.4927,58.2787],[25.5023,58.2804],[25.5039,58.2838],[25.5004,58.2844],[25.4926,58.2826],[25.4894,58.277],[25.4824,58.2738],[25.4875,58.2669],[25.4809,58.2646],[25.473,58.2642],[25.4708,58.2712],[25.4697,58.2721],[25.4606,58.2744],[25.465,58.2775],[25.4658,58.2785],[25.4639,58.279],[25.4559,58.2753],[25.4505,58.2779],[25.4483,58.2779],[25.4448,58.2766],[25.4447,58.2757],[25.441,58.2752],[25.4408,58.2713],[25.4213,58.2683],[25.4215,58.266],[25.4235,58.2621],[25.4154,58.2581],[25.419,58.2559],[25.428,58.2537],[25.436,58.2455],[25.4359,58.2416],[25.4369,58.2383],[25.4271,58.2325],[25.4167,58.2312],[25.4181,58.2358],[25.4089,58.2402],[25.3995,58.2415],[25.3977,58.2451],[25.3939,58.2489],[25.3916,58.2449],[25.3934,58.2393],[25.3906,58.2344],[25.3951,58.2304],[25.3924,58.2275],[25.3893,58.2189],[25.3763,58.2184],[25.3731,58.2216],[25.38,58.2237],[25.374,58.229],[25.3694,58.233],[25.3624,58.2356],[25.3649,58.2391],[25.3545,58.2407],[25.3545,58.2437],[25.3642,58.2452],[25.3636,58.2477],[25.3626,58.2485],[25.3519,58.2518],[25.3532,58.2371],[25.3616,58.231],[25.3643,58.2255],[25.3569,58.2245],[25.3394,58.2334],[25.3411,58.2267],[25.3436,58.2234],[25.3539,58.2203],[25.3579,58.2165],[25.3591,58.2159],[25.3631,58.215],[25.3619,58.2082],[25.3676,58.2055],[25.3694,58.2012],[25.3781,58.1973],[25.3804,58.1938],[25.3896,58.1907],[25.3838,58.1869],[25.3857,58.1856],[25.3916,58.185],[25.3954,58.182],[25.3935,58.1801],[25.3995,58.1731],[25.4003,58.1752],[25.4131,58.1753],[25.413,58.179],[25.4072,58.1808],[25.4129,58.187],[25.43,58.1878],[25.4385,58.1867],[25.444,58.1926],[25.4484,58.1917],[25.4471,58.1814],[25.4567,58.1787],[25.465,58.1758],[25.4676,58.1823],[25.4773,58.1846],[25.4748,58.1866],[25.478,58.1923]]],[[[25.9765,58.1833],[25.9773,58.1887],[25.9752,58.1891],[25.9698,58.198],[25.9774,58.1996],[25.9661,58.2007],[25.9661,58.2059],[25.9574,58.2043],[25.9547,58.1976],[25.9573,58.1949],[25.956,58.1833],[25.9522,58.1769],[25.9522,58.1744],[25.9602,58.1756],[25.9668,58.1748],[25.9668,58.1752],[25.9687,58.1773],[25.9682,58.1801],[25.9737,58.1835],[25.9765,58.1833]]],[[[24.5772,58.2168],[24.5767,58.2188],[24.5727,58.2233],[24.574,58.2291],[24.5715,58.2302],[24.5665,58.228],[24.5567,58.2315],[24.5485,58.2362],[24.5471,58.2358],[24.5407,58.2393],[24.5394,58.2384],[24.5534,58.2325],[24.5348,58.2202],[24.5198,58.2059],[24.5105,58.2072],[24.5051,58.2049],[24.5052,58.2121],[24.5067,58.2151],[24.5088,58.2154],[24.5094,58.216],[24.5092,58.217],[24.5111,58.2179],[24.5123,58.2192],[24.513,58.2198],[24.5138,58.2196],[24.5154,58.2209],[24.5153,58.2219],[24.5282,58.232],[24.5305,58.2331],[24.5314,58.2337],[24.5313,58.2347],[24.5347,58.236],[24.5339,58.236],[24.5348,58.2367],[24.5355,58.2375],[24.537,58.2395],[24.5385,58.2391],[24.5372,58.2409],[24.5385,58.2425],[24.5382,58.2437],[24.5403,58.2446],[24.5503,58.2507],[24.5548,58.2508],[24.5671,58.2613],[24.5683,58.262],[24.5698,58.2629],[24.5716,58.2648],[24.5752,58.2659],[24.5772,58.2658],[24.5767,58.2683],[24.5712,58.2686],[24.5708,58.27],[24.5692,58.2703],[24.5693,58.2705],[24.5704,58.2711],[24.5706,58.2712],[24.5718,58.2724],[24.5742,58.2729],[24.5759,58.274],[24.5764,58.2743],[24.5763,58.2776],[24.5775,58.2775],[24.5782,58.2782],[24.5778,58.2791],[24.5751,58.282],[24.5774,58.284],[24.5813,58.2851],[24.582,58.2862],[24.5829,58.286],[24.5862,58.2842],[24.5845,58.2833],[24.5852,58.2826],[24.5863,58.2825],[24.587,58.2824],[24.5909,58.2814],[24.5909,58.2808],[24.5919,58.2816],[24.5926,58.2827],[24.5948,58.2859],[24.595,58.2862],[24.5963,58.288],[24.5955,58.2887],[24.5926,58.2898],[24.5921,58.2896],[24.5939,58.2888],[24.5943,58.2889],[24.595,58.2883],[24.5944,58.2886],[24.594,58.2887],[24.5936,58.2888],[24.5921,58.2894],[24.5917,58.2906],[24.5915,58.2907],[24.5877,58.2908],[24.5877,58.2909],[24.5888,58.291],[24.5875,58.2925],[24.59,58.2963],[24.5895,58.2971],[24.5898,58.298],[24.5886,58.2979],[24.589,58.2973],[24.5881,58.2984],[24.5883,58.2984],[24.5899,58.2981],[24.5909,58.2998],[24.5913,58.3003],[24.5909,58.3022],[24.5908,58.3022],[24.5858,58.3009],[24.5776,58.2925],[24.566,58.2848],[24.5661,58.2838],[24.5673,58.2845],[24.5686,58.2851],[24.5701,58.2861],[24.5687,58.284],[24.5678,58.2832],[24.5644,58.2798],[24.5644,58.2797],[24.5646,58.2794],[24.5642,58.279],[24.5597,58.275],[24.5586,58.2764],[24.5582,58.2741],[24.5588,58.2738],[24.5556,58.2706],[24.5502,58.2685],[24.5491,58.2674],[24.5481,58.2663],[24.5467,58.2681],[24.5474,58.2686],[24.5501,58.27],[24.5486,58.2705],[24.5493,58.2712],[24.5507,58.2715],[24.5475,58.2729],[24.525,58.2625],[24.5305,58.257],[24.532,58.2575],[24.532,58.2577],[24.5332,58.2581],[24.5313,58.256],[24.533,58.2553],[24.532,58.2549],[24.528,58.2533],[24.5249,58.2516],[24.5238,58.2464],[24.5242,58.2433],[24.5224,58.2427],[24.5116,58.2325],[24.504,58.23],[24.5031,58.2302],[24.5023,58.2305],[24.5014,58.2295],[24.5013,58.2294],[24.4973,58.2268],[24.4978,58.2266],[24.4981,58.2264],[24.4978,58.2263],[24.4942,58.2252],[24.4941,58.2251],[24.4936,58.2244],[24.4936,58.2241],[24.4936,58.2237],[24.4918,58.2239],[24.4902,58.2214],[24.4921,58.2198],[24.4879,58.2174],[24.4873,58.2162],[24.4856,58.2075],[24.4857,58.2063],[24.486,58.201],[24.4923,58.1865],[24.4977,58.1643],[24.499,58.1534],[24.5121,58.1344],[24.5127,58.1279],[24.5201,58.1291],[24.52,58.129],[24.52,58.1288],[24.5494,58.1332],[24.5535,58.1339],[24.5587,58.1366],[24.5544,58.1366],[24.5482,58.1344],[24.5351,58.1368],[24.5338,58.132],[24.5198,58.1297],[24.5148,58.1361],[24.5188,58.1489],[24.5194,58.1588],[24.5089,58.1699],[24.5158,58.178],[24.5133,58.1833],[24.5182,58.1874],[24.516,58.1926],[24.5077,58.1953],[24.5077,58.203],[24.5147,58.2016],[24.5167,58.1939],[24.5219,58.1889],[24.5295,58.1895],[24.5351,58.1913],[24.533,58.2046],[24.5482,58.2028],[24.5559,58.2036],[24.5566,58.2033],[24.5519,58.2011],[24.5586,58.1945],[24.5572,58.1849],[24.5632,58.1797],[24.5517,58.1725],[24.557,58.1674],[24.5601,58.1672],[24.5576,58.1718],[24.5604,58.1751],[24.5696,58.1753],[24.5706,58.1847],[24.5743,58.192],[24.579,58.1929],[24.5785,58.2076],[24.5731,58.2077],[24.5678,58.2132],[24.5772,58.2168]]],[[[27.3835,58.1822],[27.3771,58.186],[27.3655,58.1889],[27.358,58.1891],[27.3599,58.184],[27.3511,58.1839],[27.3533,58.1889],[27.3519,58.1942],[27.3492,58.1988],[27.347,58.204],[27.3462,58.2065],[27.3572,58.2042],[27.3579,58.2021],[27.3589,58.1999],[27.3665,58.2001],[27.3679,58.1953],[27.3726,58.1942],[27.3842,58.1997],[27.3855,58.2048],[27.3918,58.2068],[27.3901,58.2106],[27.3948,58.2069],[27.4077,58.207],[27.4038,58.2032],[27.3878,58.2026],[27.3865,58.1959],[27.3899,58.1907],[27.3982,58.1903],[27.4135,58.1821],[27.4246,58.1789],[27.431,58.1823],[27.4321,58.1891],[27.4274,58.1919],[27.4293,58.1952],[27.4401,58.1954],[27.4433,58.188],[27.4465,58.1877],[27.4463,58.1828],[27.4545,58.1862],[27.4595,58.1825],[27.4611,58.1783],[27.464,58.1726],[27.4703,58.1681],[27.4762,58.158],[27.4765,58.1576],[27.4957,58.1623],[27.4947,58.1634],[27.4796,58.1599],[27.4727,58.1687],[27.4835,58.1717],[27.4955,58.1729],[27.4923,58.1793],[27.4773,58.1915],[27.4727,58.204],[27.4717,58.2112],[27.459,58.2134],[27.4534,58.2165],[27.4491,58.2158],[27.4454,58.2082],[27.4527,58.2042],[27.4618,58.2047],[27.444,58.202],[27.4455,58.1979],[27.4404,58.2041],[27.4406,58.21],[27.438,58.2112],[27.4355,58.2144],[27.425,58.2162],[27.4314,58.2073],[27.4336,58.197],[27.4268,58.1992],[27.4174,58.202],[27.4208,58.1968],[27.4167,58.1948],[27.4096,58.2009],[27.4008,58.201],[27.4131,58.2027],[27.4191,58.2071],[27.419,58.2098],[27.4169,58.2158],[27.4171,58.2183],[27.4047,58.2188],[27.403,58.2226],[27.3786,58.2277],[27.3594,58.2267],[27.331,58.2246],[27.3163,58.2237],[27.3049,58.2256],[27.3042,58.2289],[27.3023,58.2286],[27.296,58.2239],[27.2945,58.2233],[27.2875,58.2205],[27.2901,58.2145],[27.2832,58.2137],[27.2823,58.2183],[27.2867,58.2205],[27.2862,58.2226],[27.2989,58.2293],[27.299,58.2293],[27.297,58.2297],[27.2972,58.2326],[27.2962,58.2334],[27.2934,58.2321],[27.2854,58.23],[27.2817,58.232],[27.2839,58.2369],[27.291,58.2341],[27.2937,58.2345],[27.2949,58.2348],[27.2997,58.2359],[27.2998,58.2369],[27.3041,58.2402],[27.3037,58.2402],[27.3048,58.2422],[27.3091,58.2342],[27.3174,58.235],[27.3231,58.2355],[27.3244,58.2431],[27.3267,58.2446],[27.3146,58.2448],[27.3108,58.2488],[27.3126,58.255],[27.3287,58.2614],[27.3367,58.2675],[27.3464,58.2619],[27.3513,58.2609],[27.3574,58.2533],[27.3521,58.2491],[27.3431,58.246],[27.3506,58.2459],[27.3603,58.25],[27.3719,58.2527],[27.3745,58.25],[27.3865,58.2503],[27.3887,58.2501],[27.4009,58.255],[27.4027,58.2465],[27.3993,58.2439],[27.3986,58.2406],[27.4034,58.2433],[27.4169,58.2449],[27.4207,58.2414],[27.422,58.2355],[27.427,58.2352],[27.4287,58.2354],[27.4328,58.2352],[27.4328,58.2368],[27.4321,58.237],[27.4352,58.2396],[27.4367,58.2446],[27.4455,58.2459],[27.4448,58.2463],[27.4466,58.2466],[27.4419,58.2526],[27.432,58.2559],[27.4319,58.256],[27.4318,58.2573],[27.4339,58.2595],[27.4276,58.2683],[27.413,58.2675],[27.4042,58.2674],[27.4061,58.2686],[27.4257,58.2696],[27.4192,58.2733],[27.4053,58.272],[27.3988,58.2721],[27.3943,58.2756],[27.4,58.2796],[27.4033,58.2847],[27.4021,58.2851],[27.4026,58.2862],[27.3967,58.2865],[27.3968,58.2875],[27.3859,58.291],[27.382,58.2972],[27.38,58.2973],[27.3873,58.3051],[27.385,58.3097],[27.3784,58.3062],[27.3729,58.3084],[27.3738,58.314],[27.3697,58.3151],[27.3802,58.3135],[27.3845,58.3147],[27.3896,58.3117],[27.3915,58.3108],[27.3895,58.3098],[27.3874,58.3055],[27.3876,58.3049],[27.3889,58.2994],[27.3935,58.2981],[27.3998,58.3015],[27.4108,58.3009],[27.4222,58.3051],[27.4243,58.3102],[27.4217,58.3145],[27.4153,58.3168],[27.4151,58.3215],[27.4191,58.335],[27.411,58.3362],[27.4041,58.3328],[27.3983,58.3327],[27.3917,58.3289],[27.3862,58.3321],[27.3921,58.3321],[27.406,58.3389],[27.3936,58.3387],[27.3943,58.3442],[27.408,58.3452],[27.4074,58.349],[27.4095,58.3488],[27.403,58.3563],[27.3932,58.3542],[27.3885,58.3563],[27.3826,58.3617],[27.3754,58.3586],[27.3683,58.3376],[27.3623,58.3378],[27.3561,58.3332],[27.3423,58.3318],[27.3348,58.3343],[27.3392,58.3396],[27.3286,58.3396],[27.3156,58.3325],[27.3058,58.3275],[27.3069,58.3246],[27.3037,58.3237],[27.3003,58.3365],[27.3066,58.3404],[27.3163,58.3432],[27.3249,58.3499],[27.3099,58.3495],[27.3129,58.3457],[27.3049,58.3434],[27.297,58.3361],[27.2942,58.3305],[27.279,58.331],[27.2784,58.3294],[27.2851,58.3257],[27.2859,58.3264],[27.2943,58.3273],[27.2936,58.3265],[27.2926,58.3257],[27.2845,58.3237],[27.2831,58.3244],[27.2782,58.3287],[27.2706,58.3279],[27.2539,58.3247],[27.2538,58.3296],[27.2656,58.3288],[27.2661,58.3321],[27.2632,58.3339],[27.2498,58.3336],[27.2438,58.3317],[27.2283,58.3261],[27.2281,58.3316],[27.2275,58.3354],[27.2177,58.3272],[27.2093,58.3245],[27.2077,58.3181],[27.2013,58.3167],[27.1979,58.313],[27.1788,58.3119],[27.1788,58.3076],[27.1864,58.3105],[27.1869,58.3105],[27.1891,58.3081],[27.184,58.3046],[27.1889,58.3],[27.174,58.2998],[27.1682,58.2973],[27.1624,58.2916],[27.1513,58.289],[27.1494,58.2755],[27.1503,58.2709],[27.1509,58.2704],[27.1546,58.2676],[27.1514,58.268],[27.1489,58.2682],[27.1486,58.269],[27.1505,58.2703],[27.1384,58.2697],[27.1325,58.2664],[27.1285,58.2611],[27.1307,58.2613],[27.1332,58.2619],[27.1401,58.2626],[27.1345,58.2549],[27.1316,58.2511],[27.1292,58.2504],[27.1337,58.2444],[27.1401,58.2445],[27.1466,58.2456],[27.1544,58.2417],[27.1486,58.2382],[27.1414,58.2409],[27.1335,58.2333],[27.1338,58.2302],[27.1272,58.2268],[27.1251,58.2248],[27.1278,58.2224],[27.1337,58.2222],[27.1452,58.2164],[27.1518,58.2135],[27.152,58.2129],[27.1559,58.2132],[27.1634,58.2158],[27.168,58.2122],[27.1615,58.2245],[27.1649,58.2276],[27.1729,58.2285],[27.1731,58.2328],[27.1856,58.2326],[27.1832,58.227],[27.1822,58.2249],[27.1873,58.2251],[27.1902,58.2277],[27.1924,58.2266],[27.1932,58.225],[27.1947,58.2248],[27.1959,58.2246],[27.1981,58.2229],[27.2008,58.2224],[27.2059,58.2208],[27.2188,58.2231],[27.2182,58.2266],[27.2057,58.2254],[27.2059,58.2315],[27.2061,58.2316],[27.2067,58.2318],[27.2097,58.2318],[27.2095,58.2314],[27.2082,58.2298],[27.2135,58.2342],[27.2124,58.2348],[27.211,58.2357],[27.2121,58.2365],[27.2119,58.2383],[27.2082,58.2404],[27.2015,58.2353],[27.2012,58.2283],[27.198,58.2292],[27.2006,58.2351],[27.1973,58.2352],[27.1877,58.238],[27.1981,58.2432],[27.2022,58.2432],[27.1919,58.2466],[27.1894,58.2476],[27.1874,58.2477],[27.1879,58.2489],[27.1922,58.2467],[27.1993,58.2443],[27.2017,58.2442],[27.2018,58.2438],[27.2042,58.2436],[27.2043,58.2433],[27.2054,58.2433],[27.2054,58.2432],[27.2104,58.2428],[27.2144,58.24],[27.2137,58.2471],[27.2181,58.247],[27.2195,58.2461],[27.2272,58.2391],[27.2224,58.2351],[27.2266,58.2344],[27.2274,58.233],[27.2335,58.2294],[27.2283,58.2252],[27.2262,58.224],[27.2248,58.2235],[27.2251,58.2233],[27.2262,58.2231],[27.2299,58.224],[27.2318,58.2245],[27.2377,58.2247],[27.2389,58.224],[27.2439,58.2249],[27.235,58.2206],[27.2392,58.2181],[27.2489,58.2187],[27.2563,58.2208],[27.2633,58.22],[27.2759,58.2209],[27.2809,58.2186],[27.2798,58.2174],[27.2791,58.2171],[27.2772,58.213],[27.269,58.2105],[27.27,58.2094],[27.2753,58.2056],[27.2915,58.209],[27.2932,58.2068],[27.2979,58.2069],[27.3051,58.2109],[27.3203,58.209],[27.334,58.2027],[27.3249,58.1987],[27.3256,58.1917],[27.3367,58.1916],[27.3455,58.189],[27.3471,58.1824],[27.3399,58.1762],[27.3449,58.1689],[27.3481,58.1706],[27.3562,58.1716],[27.3601,58.168],[27.3606,58.1673],[27.3632,58.1665],[27.3651,58.1668],[27.3702,58.1649],[27.3786,58.1754],[27.3699,58.1811],[27.3775,58.1832],[27.3825,58.1818],[27.3835,58.1822]],[[27.2267,58.2665],[27.2144,58.2608],[27.2089,58.2549],[27.2072,58.2548],[27.2016,58.2539],[27.1878,58.2533],[27.1854,58.2497],[27.1821,58.2543],[27.1788,58.2559],[27.1786,58.2604],[27.1794,58.2607],[27.1779,58.2637],[27.1738,58.2632],[27.1733,58.2631],[27.1723,58.2631],[27.1733,58.2583],[27.1644,58.2557],[27.1682,58.2641],[27.1634,58.2652],[27.1637,58.2658],[27.1643,58.2656],[27.166,58.2664],[27.1659,58.2672],[27.1661,58.2681],[27.1565,58.2713],[27.1532,58.2715],[27.15,58.2758],[27.1561,58.284],[27.1603,58.2783],[27.1549,58.2761],[27.1593,58.2757],[27.1649,58.2754],[27.1676,58.2686],[27.1679,58.2683],[27.1683,58.2679],[27.1706,58.2695],[27.1739,58.2691],[27.1736,58.2695],[27.1808,58.2699],[27.1832,58.2715],[27.1875,58.2755],[27.1961,58.2763],[27.1949,58.2826],[27.2017,58.2834],[27.204,58.2831],[27.2072,58.2811],[27.209,58.2808],[27.2105,58.2804],[27.2119,58.2798],[27.2183,58.2809],[27.2217,58.2794],[27.2222,58.2788],[27.2241,58.2791],[27.2305,58.2788],[27.2306,58.2782],[27.2315,58.278],[27.232,58.2778],[27.2388,58.2777],[27.2286,58.2749],[27.2262,58.2748],[27.2242,58.275],[27.2237,58.2757],[27.2211,58.2745],[27.2193,58.2743],[27.2192,58.2743],[27.2146,58.2717],[27.2151,58.2714],[27.2166,58.2701],[27.2267,58.2665]],[[27.331,58.2201],[27.3384,58.2245],[27.3527,58.226],[27.3751,58.2271],[27.3773,58.2219],[27.3838,58.2163],[27.3818,58.2127],[27.3744,58.2096],[27.3654,58.2108],[27.3474,58.2155],[27.3386,58.2159],[27.331,58.2201]]],[[[26.8498,58.1934],[26.8602,58.1953],[26.8681,58.1946],[26.8719,58.1995],[26.8769,58.1927],[26.884,58.1871],[26.889,58.1881],[26.8954,58.1907],[26.8947,58.1917],[26.8912,58.1931],[26.8938,58.1969],[26.9021,58.1958],[26.9065,58.1905],[26.9046,58.1857],[26.909,58.1801],[26.9124,58.1767],[26.9118,58.1701],[26.9182,58.167],[26.9174,58.1712],[26.924,58.1718],[26.9284,58.176],[26.9224,58.1783],[26.9151,58.1842],[26.9182,58.1855],[26.9224,58.191],[26.9229,58.1849],[26.9359,58.1806],[26.9397,58.182],[26.9433,58.1859],[26.9423,58.1814],[26.9401,58.1753],[26.945,58.1706],[26.9516,58.172],[26.9544,58.1679],[26.9561,58.1672],[26.9586,58.1663],[26.959,58.1658],[26.959,58.167],[26.9646,58.1724],[26.9683,58.1719],[26.968,58.1716],[26.967,58.1712],[26.9677,58.1705],[26.9758,58.1705],[26.9833,58.1651],[26.9845,58.1663],[26.9848,58.1668],[26.9842,58.1672],[26.9791,58.1806],[26.9767,58.1877],[26.9868,58.1845],[26.9878,58.194],[26.9939,58.1954],[26.9945,58.1873],[26.9998,58.1869],[27.0016,58.1889],[27.0017,58.189],[26.9998,58.1894],[26.9965,58.1915],[26.995,58.1974],[26.9986,58.2002],[26.9893,58.2061],[26.9872,58.2024],[26.9767,58.2021],[26.9644,58.2009],[26.9644,58.1969],[26.9674,58.1952],[26.9741,58.188],[26.9633,58.183],[26.9619,58.1868],[26.9499,58.1858],[26.9451,58.1876],[26.9409,58.1955],[26.9369,58.1953],[26.9347,58.1987],[26.9357,58.2031],[26.9365,58.2037],[26.9382,58.2048],[26.9254,58.2122],[26.9328,58.2124],[26.9344,58.2163],[26.9331,58.2168],[26.9212,58.2156],[26.9107,58.2158],[26.9044,58.2155],[26.9074,58.2104],[26.9145,58.2034],[26.9263,58.2001],[26.9217,58.1938],[26.9197,58.1966],[26.9138,58.2012],[26.9033,58.2055],[26.8866,58.2052],[26.8904,58.2098],[26.8807,58.2155],[26.88,58.2136],[26.8664,58.2127],[26.8734,58.2081],[26.8645,58.2081],[26.8633,58.2144],[26.8526,58.217],[26.8449,58.2148],[26.8408,58.2229],[26.8452,58.2289],[26.8447,58.229],[26.8401,58.23],[26.8397,58.2299],[26.8351,58.2301],[26.8298,58.2307],[26.8237,58.2322],[26.8202,58.2326],[26.8164,58.228],[26.8254,58.2266],[26.8277,58.2222],[26.8291,58.2173],[26.8199,58.2164],[26.8222,58.2122],[26.8129,58.2105],[26.8244,58.2063],[26.827,58.2137],[26.8379,58.216],[26.8375,58.2097],[26.8335,58.2008],[26.8406,58.1987],[26.8375,58.1952],[26.8255,58.1871],[26.8162,58.185],[26.8063,58.1944],[26.8033,58.1989],[26.7928,58.2038],[26.7873,58.2018],[26.7908,58.1978],[26.7869,58.1939],[26.7782,58.1949],[26.784,58.1989],[26.7842,58.2025],[26.7864,58.2056],[26.78,58.2105],[26.7799,58.2066],[26.7727,58.2053],[26.7678,58.2041],[26.759,58.204],[26.7572,58.2031],[26.7566,58.2031],[26.758,58.2015],[26.7586,58.2016],[26.7588,58.2016],[26.7593,58.2014],[26.7598,58.2006],[26.759,58.1998],[26.752,58.1977],[26.7488,58.2013],[26.7433,58.2034],[26.7418,58.2045],[26.7384,58.2082],[26.7352,58.2111],[26.7337,58.2104],[26.7366,58.2077],[26.7281,58.2051],[26.7294,58.2115],[26.7206,58.2152],[26.7177,58.2142],[26.7159,58.2127],[26.7136,58.2131],[26.7174,58.215],[26.7138,58.2161],[26.7052,58.2142],[26.7072,58.2131],[26.7084,58.2132],[26.7086,58.2124],[26.7102,58.2116],[26.7138,58.2091],[26.7184,58.2082],[26.7147,58.2058],[26.7165,58.1985],[26.7328,58.1983],[26.7316,58.1938],[26.7359,58.1919],[26.7254,58.1856],[26.7236,58.1843],[26.7332,58.1812],[26.7445,58.1731],[26.7608,58.1731],[26.7609,58.1737],[26.7653,58.1741],[26.7713,58.1741],[26.776,58.1751],[26.781,58.179],[26.7733,58.1789],[26.7736,58.1905],[26.7874,58.1876],[26.7905,58.1838],[26.7825,58.1788],[26.7841,58.1786],[26.7924,58.1827],[26.8024,58.1925],[26.806,58.1871],[26.804,58.1813],[26.806,58.1811],[26.807,58.1811],[26.809,58.1798],[26.8193,58.1791],[26.8216,58.1739],[26.8227,58.1681],[26.8297,58.1668],[26.8326,58.1728],[26.8319,58.1799],[26.8446,58.1784],[26.8517,58.1807],[26.8494,58.1859],[26.8354,58.1853],[26.8481,58.1943],[26.8498,58.1934]]],[[[27.1753,58.2107],[27.1689,58.207],[27.1826,58.2051],[27.1777,58.1996],[27.1805,58.1977],[27.1756,58.1995],[27.1716,58.2008],[27.1641,58.2062],[27.1601,58.2103],[27.1589,58.2099],[27.1566,58.2093],[27.1453,58.2093],[27.1427,58.2145],[27.1399,58.217],[27.127,58.2223],[27.1183,58.2139],[27.1289,58.2095],[27.1225,58.2068],[27.1104,58.2058],[27.1083,58.2003],[27.1031,58.1973],[27.1053,58.1942],[27.1038,58.1864],[27.1073,58.1833],[27.1082,58.1727],[27.1103,58.1731],[27.112,58.1748],[27.1146,58.1746],[27.1167,58.175],[27.1219,58.1786],[27.1155,58.1798],[27.1168,58.1837],[27.1199,58.1886],[27.1312,58.1856],[27.1225,58.1826],[27.1281,58.1781],[27.1233,58.1791],[27.1232,58.179],[27.1233,58.1735],[27.1237,58.1732],[27.1173,58.1735],[27.1068,58.1707],[27.1093,58.1648],[27.1145,58.16],[27.1144,58.146],[27.12,58.1409],[27.1202,58.1362],[27.1157,58.1302],[27.1157,58.1256],[27.1202,58.128],[27.1309,58.1279],[27.1306,58.132],[27.138,58.1351],[27.1455,58.1341],[27.1396,58.1275],[27.148,58.1251],[27.1663,58.1282],[27.1657,58.1231],[27.1767,58.1226],[27.174,58.1177],[27.1768,58.1176],[27.1827,58.1223],[27.1752,58.1329],[27.164,58.135],[27.1642,58.1397],[27.1726,58.1406],[27.1852,58.1445],[27.1839,58.1491],[27.1775,58.1483],[27.1693,58.1506],[27.1582,58.1492],[27.1557,58.1453],[27.1465,58.1449],[27.1483,58.1526],[27.156,58.1525],[27.161,58.1572],[27.1592,58.1619],[27.1572,58.1627],[27.1586,58.1634],[27.1597,58.1628],[27.1631,58.1622],[27.1685,58.1647],[27.1688,58.1663],[27.1639,58.168],[27.1639,58.1682],[27.1686,58.1695],[27.1693,58.1703],[27.1646,58.174],[27.1695,58.1836],[27.181,58.1892],[27.1868,58.1915],[27.1891,58.1944],[27.1983,58.2008],[27.1858,58.2038],[27.1868,58.2076],[27.1836,58.2104],[27.1753,58.2107]]],[[[21.9914,58.4489],[22.0065,58.4548],[22.0086,58.4566],[22.0121,58.4553],[22.0144,58.4525],[22.0247,58.4504],[22.0339,58.4534],[22.0422,58.4532],[22.0443,58.4459],[22.0428,58.4443],[22.0277,58.4473],[22.0266,58.4466],[22.0227,58.4422],[22.0155,58.4414],[21.9999,58.437],[22.0081,58.4413],[22.0028,58.445],[21.9914,58.4489],[21.9843,58.4526],[21.9586,58.4574],[21.9633,58.4534],[21.9691,58.4531],[21.9724,58.4492],[21.9877,58.4461],[21.9895,58.4432],[21.9913,58.4418],[21.9828,58.4347],[21.9785,58.4352],[21.9726,58.4315],[21.9822,58.4282],[21.9809,58.4237],[21.97,58.4273],[21.9686,58.4247],[21.9757,58.4189],[21.9886,58.4125],[21.9907,58.4144],[21.9913,58.4149],[21.9961,58.4183],[22.0069,58.4246],[21.9991,58.4278],[22.0013,58.4332],[22.0097,58.4259],[22.0115,58.431],[22.0187,58.4333],[22.0171,58.4368],[22.0262,58.4394],[22.0291,58.435],[22.0197,58.4324],[22.0218,58.4268],[22.0224,58.4309],[22.031,58.4336],[22.0467,58.4306],[22.0454,58.4236],[22.0531,58.4231],[22.0608,58.4284],[22.0649,58.4271],[22.0571,58.4179],[22.0477,58.4156],[22.0399,58.41],[22.0328,58.4123],[22.0407,58.4154],[22.0415,58.4183],[22.0405,58.4216],[22.0383,58.4208],[22.032,58.4184],[22.0215,58.421],[22.0169,58.4176],[22.0157,58.4164],[22.0109,58.4114],[22.0194,58.4067],[22.0258,58.4054],[22.0316,58.4037],[22.0396,58.4066],[22.0373,58.3967],[22.0438,58.3995],[22.0446,58.388],[22.0402,58.384],[22.0464,58.3775],[22.0517,58.3766],[22.0546,58.3783],[22.0468,58.3853],[22.067,58.3876],[22.0597,58.3812],[22.0674,58.3768],[22.069,58.3737],[22.0689,58.373],[22.07,58.3699],[22.0707,58.3637],[22.0642,58.3576],[22.0557,58.3619],[22.0599,58.3566],[22.0491,58.3557],[22.0376,58.3569],[22.0336,58.3525],[22.0326,58.3495],[22.0406,58.3493],[22.0415,58.3499],[22.0542,58.3457],[22.0535,58.3412],[22.0466,58.3405],[22.0404,58.3446],[22.0347,58.3427],[22.0259,58.3436],[22.0266,58.3392],[22.0288,58.3316],[22.0381,58.3302],[22.0461,58.3321],[22.0486,58.3266],[22.0598,58.3226],[22.0617,58.3251],[22.0493,58.3272],[22.0514,58.3312],[22.067,58.3341],[22.078,58.3384],[22.0797,58.3439],[22.0869,58.3409],[22.0856,58.3372],[22.0831,58.3335],[22.0792,58.3333],[22.0774,58.326],[22.0672,58.323],[22.0602,58.3185],[22.0552,58.3172],[22.0551,58.3165],[22.0515,58.3143],[22.044,58.3182],[22.0321,58.3184],[22.0241,58.3169],[22.0123,58.3183],[22.0102,58.3164],[21.998,58.319],[21.9946,58.3175],[21.9986,58.3093],[21.992,58.3105],[21.991,58.3164],[21.9882,58.3168],[21.9879,58.3178],[21.988,58.319],[21.9894,58.3198],[21.9773,58.3189],[21.964,58.3243],[21.962,58.327],[21.9611,58.3221],[21.9686,58.3215],[21.9649,58.316],[21.9554,58.3186],[21.9502,58.3117],[21.9501,58.3117],[21.9507,58.3113],[21.9465,58.3057],[21.9385,58.3095],[21.9252,58.3081],[21.9276,58.3035],[21.9316,58.3029],[21.939,58.3013],[21.9346,58.2972],[21.9251,58.2968],[21.9269,58.2855],[21.9217,58.2795],[21.9286,58.2799],[21.9325,58.2724],[21.9309,58.2715],[21.9355,58.269],[21.9359,58.2692],[21.9394,58.2693],[21.942,58.275],[21.95,58.2753],[21.9562,58.2726],[21.9621,58.2747],[21.9619,58.2755],[21.9701,58.2765],[21.9755,58.2748],[21.9804,58.2793],[21.9764,58.2821],[21.9756,58.2829],[21.9711,58.2852],[21.9685,58.285],[21.9589,58.2858],[21.9621,58.294],[21.9713,58.2904],[21.9808,58.2835],[21.9788,58.2836],[21.9789,58.2829],[21.9837,58.2794],[21.979,58.2747],[21.9832,58.2722],[21.9968,58.268],[22.0083,58.2716],[22.0019,58.2712],[21.9971,58.2748],[21.9913,58.2787],[22.0031,58.2806],[22.0024,58.283],[21.9894,58.2827],[21.9844,58.2849],[21.9841,58.2859],[21.9921,58.2877],[21.9948,58.2917],[21.9916,58.2991],[22.0027,58.2975],[22.0081,58.2988],[22.0059,58.3006],[22.0026,58.3021],[22.0001,58.3058],[22.0043,58.3087],[22.0029,58.3123],[22.0135,58.3129],[22.0097,58.3066],[22.0102,58.3025],[22.0155,58.2964],[22.0258,58.2945],[22.0305,58.2963],[22.0212,58.2966],[22.0202,58.3023],[22.026,58.3028],[22.041,58.3043],[22.0478,58.3035],[22.0399,58.296],[22.0317,58.2962],[22.0383,58.2911],[22.0387,58.2841],[22.051,58.2847],[22.0578,58.287],[22.0643,58.2842],[22.0719,58.2863],[22.0572,58.2924],[22.0532,58.2938],[22.0523,58.2975],[22.0677,58.2998],[22.0687,58.296],[22.0733,58.2922],[22.086,58.2878],[22.0866,58.2873],[22.0944,58.2858],[22.1039,58.274],[22.1066,58.2731],[22.1153,58.2624],[22.1151,58.2524],[22.1105,58.2522],[22.1079,58.2474],[22.1123,58.2459],[22.1088,58.2409],[22.1021,58.2407],[22.0983,58.2418],[22.1007,58.2327],[22.0969,58.2281],[22.0919,58.2237],[22.0972,58.2202],[22.0971,58.2172],[22.1078,58.2162],[22.1048,58.2275],[22.108,58.2312],[22.1035,58.2388],[22.1088,58.2398],[22.1154,58.2333],[22.1185,58.2372],[22.1213,58.2376],[22.1316,58.2375],[22.1336,58.2393],[22.1339,58.2421],[22.15,58.2409],[22.1483,58.2378],[22.1596,58.2333],[22.1656,58.2287],[22.1849,58.2316],[22.1918,58.2362],[22.1853,58.2427],[22.1874,58.2457],[22.1967,58.2423],[22.2043,58.2425],[22.1896,58.2476],[22.1865,58.2513],[22.1799,58.2567],[22.1919,58.2568],[22.1883,58.2524],[22.2048,58.2469],[22.2108,58.2535],[22.2174,58.2464],[22.2209,58.2451],[22.2262,58.2477],[22.2313,58.2537],[22.2375,58.2553],[22.2486,58.2547],[22.2446,58.2608],[22.2439,58.2617],[22.2416,58.2611],[22.2405,58.264],[22.2329,58.2794],[22.2388,58.2839],[22.2308,58.2836],[22.2252,58.2806],[22.2125,58.2873],[22.2149,58.2796],[22.2019,58.2791],[22.2066,58.2835],[22.2058,58.2885],[22.2119,58.2896],[22.2034,58.2991],[22.2082,58.3],[22.2195,58.2951],[22.2205,58.2924],[22.2239,58.2913],[22.2382,58.2901],[22.2486,58.2866],[22.255,58.2849],[22.2651,58.2849],[22.2516,58.2898],[22.259,58.2912],[22.2678,58.2865],[22.2711,58.289],[22.2724,58.2897],[22.2783,58.2904],[22.2804,58.2919],[22.2806,58.2931],[22.2824,58.2933],[22.2825,58.2956],[22.2852,58.3027],[22.2839,58.3049],[22.2765,58.3052],[22.2726,58.303],[22.2697,58.3022],[22.2559,58.3017],[22.2587,58.2956],[22.2549,58.2957],[22.2556,58.2983],[22.2413,58.3055],[22.2377,58.3063],[22.232,58.3103],[22.2318,58.3155],[22.2259,58.3201],[22.2279,58.3231],[22.2259,58.3249],[22.2223,58.3289],[22.2099,58.326],[22.2078,58.3289],[22.2182,58.3311],[22.2259,58.3301],[22.2343,58.3308],[22.2366,58.3348],[22.2311,58.3355],[22.2295,58.3404],[22.2284,58.3405],[22.228,58.3408],[22.2281,58.3411],[22.2285,58.3423],[22.2285,58.3429],[22.2387,58.3503],[22.2326,58.3498],[22.2286,58.3565],[22.211,58.357],[22.217,58.3628],[22.2232,58.3627],[22.2312,58.3575],[22.2381,58.3567],[22.2451,58.3516],[22.2481,58.3531],[22.2442,58.3568],[22.2493,58.363],[22.2541,58.3628],[22.2672,58.3642],[22.279,58.3667],[22.2868,58.3702],[22.2887,58.3702],[22.2936,58.3706],[22.3045,58.3721],[22.3144,58.3766],[22.3087,58.3814],[22.307,58.3839],[22.3148,58.3907],[22.3247,58.3934],[22.3387,58.3918],[22.344,58.3946],[22.3502,58.3922],[22.3577,58.3933],[22.3596,58.3907],[22.368,58.3913],[22.3637,58.3887],[22.3767,58.3788],[22.3683,58.3828],[22.3589,58.3839],[22.3676,58.378],[22.3661,58.3717],[22.3466,58.3731],[22.3402,58.3771],[22.3369,58.3758],[22.345,58.3699],[22.3294,58.3665],[22.3271,58.3604],[22.3279,58.3552],[22.3338,58.3493],[22.3307,58.3476],[22.318,58.3506],[22.3085,58.3506],[22.2994,58.3507],[22.2938,58.3501],[22.2849,58.3435],[22.2718,58.3421],[22.2624,58.3434],[22.2609,58.3434],[22.2569,58.3366],[22.2606,58.3356],[22.2623,58.3343],[22.2637,58.3347],[22.2743,58.3381],[22.2855,58.3394],[22.289,58.3367],[22.2831,58.3368],[22.2773,58.3315],[22.2842,58.3288],[22.2788,58.3247],[22.2822,58.3201],[22.2945,58.3228],[22.2988,58.3166],[22.2955,58.3231],[22.3023,58.3182],[22.3086,58.3179],[22.3091,58.311],[22.3181,58.3158],[22.324,58.3139],[22.3227,58.3187],[22.3172,58.321],[22.302,58.3243],[22.298,58.3306],[22.2925,58.3271],[22.2914,58.3341],[22.298,58.3326],[22.3012,58.3335],[22.3074,58.331],[22.3161,58.3272],[22.3206,58.324],[22.3263,58.3254],[22.3394,58.3262],[22.3482,58.3293],[22.3526,58.3297],[22.3601,58.3253],[22.3585,58.3226],[22.3479,58.3207],[22.3509,58.3137],[22.3577,58.3119],[22.3603,58.3071],[22.3533,58.3006],[22.3479,58.3023],[22.3457,58.3068],[22.3505,58.313],[22.344,58.3128],[22.3456,58.3206],[22.3323,58.3205],[22.3272,58.3194],[22.333,58.3188],[22.3363,58.311],[22.3314,58.3077],[22.3263,58.2988],[22.3313,58.2926],[22.3231,58.2965],[22.3204,58.3003],[22.3162,58.2943],[22.3246,58.2893],[22.335,58.289],[22.3326,58.2839],[22.3266,58.2842],[22.3295,58.28],[22.3393,58.2821],[22.3401,58.275],[22.3334,58.2713],[22.3312,58.2746],[22.3252,58.2745],[22.3211,58.2675],[22.3318,58.2631],[22.3478,58.2668],[22.3482,58.2727],[22.3496,58.2778],[22.3688,58.286],[22.3806,58.2799],[22.3864,58.2729],[22.3805,58.2681],[22.384,58.2659],[22.3768,58.2598],[22.3808,58.2567],[22.3745,58.25],[22.3871,58.2474],[22.398,58.2535],[22.415,58.2674],[22.4219,58.2692],[22.434,58.2722],[22.4358,58.2733],[22.4416,58.2767],[22.439,58.2744],[22.4491,58.2708],[22.4463,58.2646],[22.4533,58.2699],[22.4519,58.2745],[22.4501,58.2779],[22.453,58.2788],[22.4577,58.2746],[22.461,58.2708],[22.4674,58.2689],[22.4675,58.2688],[22.4676,58.2687],[22.4677,58.2686],[22.4694,58.2671],[22.4807,58.2656],[22.4861,58.2708],[22.4843,58.2738],[22.4923,58.2817],[22.5012,58.2878],[22.5035,58.2922],[22.5132,58.2951],[22.5262,58.2903],[22.5297,58.2897],[22.5315,58.2971],[22.539,58.3005],[22.5346,58.3069],[22.5342,58.31],[22.5307,58.3125],[22.5252,58.3124],[22.5244,58.3178],[22.5185,58.3193],[22.5113,58.3169],[22.4994,58.3132],[22.5007,58.3098],[22.4906,58.3087],[22.4807,58.3038],[22.4765,58.3052],[22.4808,58.3035],[22.4861,58.3058],[22.4876,58.3023],[22.4904,58.303],[22.4948,58.2971],[22.5018,58.2992],[22.4984,58.3028],[22.5036,58.3055],[22.5116,58.3124],[22.5188,58.3087],[22.5229,58.3068],[22.5239,58.3015],[22.5171,58.2988],[22.5134,58.3032],[22.5172,58.3068],[22.5058,58.3051],[22.5011,58.2974],[22.4987,58.2904],[22.4913,58.2925],[22.4843,58.2848],[22.4774,58.2834],[22.4766,58.279],[22.4669,58.2827],[22.4667,58.2841],[22.4621,58.2866],[22.4663,58.2922],[22.4632,58.2937],[22.4596,58.2989],[22.462,58.299],[22.4632,58.2985],[22.4635,58.2996],[22.4635,58.2999],[22.4621,58.3025],[22.4514,58.3012],[22.4537,58.3087],[22.4582,58.3082],[22.4584,58.3091],[22.4652,58.3196],[22.4657,58.3195],[22.4758,58.3163],[22.4764,58.3167],[22.4775,58.3171],[22.4804,58.3204],[22.4841,58.3205],[22.4857,58.3194],[22.4869,58.3219],[22.4822,58.324],[22.4867,58.3225],[22.4946,58.3226],[22.4929,58.317],[22.4852,58.3171],[22.4823,58.3166],[22.4933,58.3132],[22.5079,58.3193],[22.5089,58.3209],[22.5061,58.326],[22.5177,58.3312],[22.5164,58.3326],[22.5313,58.3396],[22.5318,58.3361],[22.5398,58.3356],[22.5411,58.348],[22.5324,58.3515],[22.5169,58.3497],[22.5087,58.3472],[22.5044,58.3429],[22.5004,58.3385],[22.4969,58.3399],[22.4978,58.34],[22.4985,58.3407],[22.4977,58.3424],[22.4969,58.3427],[22.4981,58.35],[22.4968,58.3511],[22.485,58.3519],[22.4884,58.3559],[22.4775,58.3565],[22.4784,58.3597],[22.4742,58.3594],[22.478,58.35],[22.4719,58.3465],[22.4754,58.3425],[22.4807,58.3436],[22.4793,58.3451],[22.48,58.3458],[22.4808,58.3466],[22.4814,58.3472],[22.4844,58.3469],[22.4855,58.3469],[22.4892,58.3444],[22.4878,58.3444],[22.4801,58.3423],[22.4752,58.3421],[22.4752,58.3419],[22.4788,58.3408],[22.4788,58.3401],[22.4814,58.3373],[22.4742,58.3336],[22.4843,58.3313],[22.4802,58.3279],[22.4686,58.3292],[22.4639,58.3264],[22.4544,58.3273],[22.4535,58.3272],[22.4512,58.3269],[22.4508,58.3266],[22.451,58.3188],[22.4437,58.3212],[22.4442,58.3286],[22.4399,58.3244],[22.4401,58.3213],[22.43,58.3186],[22.4301,58.3153],[22.4282,58.31],[22.4143,58.3116],[22.4164,58.309],[22.4288,58.306],[22.43,58.2996],[22.4189,58.3007],[22.4079,58.2935],[22.4196,58.2898],[22.3975,58.2862],[22.3983,58.2803],[22.3928,58.2772],[22.3915,58.2756],[22.39,58.2746],[22.3899,58.2745],[22.3859,58.2809],[22.381,58.2806],[22.3818,58.2858],[22.3867,58.2896],[22.3936,58.2881],[22.395,58.2878],[22.3966,58.2895],[22.3999,58.2926],[22.3965,58.2941],[22.3946,58.2941],[22.3934,58.2952],[22.3905,58.2959],[22.3896,58.2957],[22.3801,58.2927],[22.3813,58.2917],[22.3823,58.2914],[22.3793,58.2921],[22.379,58.2922],[22.3752,58.2935],[22.3821,58.2968],[22.3853,58.2996],[22.3849,58.3064],[22.3862,58.3103],[22.3839,58.3157],[22.3852,58.3213],[22.3783,58.3216],[22.3713,58.3243],[22.3623,58.3287],[22.3562,58.3299],[22.3582,58.3349],[22.3471,58.3337],[22.3376,58.3415],[22.3558,58.342],[22.3665,58.3469],[22.3704,58.3426],[22.3769,58.3451],[22.3823,58.3406],[22.3847,58.345],[22.3797,58.3477],[22.3838,58.3516],[22.3852,58.3534],[22.3966,58.3497],[22.4013,58.357],[22.4079,58.3549],[22.4047,58.3589],[22.4049,58.362],[22.399,58.3642],[22.3809,58.3622],[22.3821,58.3682],[22.3736,58.3734],[22.3795,58.3768],[22.3842,58.3694],[22.3886,58.3699],[22.391,58.3756],[22.3942,58.3808],[22.3818,58.3928],[22.3956,58.3887],[22.3979,58.3892],[22.3976,58.3918],[22.4127,58.3983],[22.4274,58.4031],[22.4298,58.4056],[22.4398,58.4053],[22.4413,58.4029],[22.4342,58.3983],[22.4324,58.3938],[22.4376,58.3916],[22.4402,58.3952],[22.4403,58.396],[22.4407,58.4],[22.448,58.4084],[22.4513,58.4059],[22.4445,58.3971],[22.451,58.3948],[22.4437,58.3909],[22.4535,58.3878],[22.4609,58.3858],[22.4651,58.3794],[22.4593,58.3738],[22.4592,58.3701],[22.4665,58.3678],[22.4697,58.3663],[22.4724,58.3644],[22.4757,58.3653],[22.4734,58.372],[22.4853,58.3711],[22.4894,58.3711],[22.4963,58.3748],[22.5028,58.3719],[22.5125,58.3747],[22.5254,58.3812],[22.5336,58.3773],[22.5337,58.3743],[22.5278,58.3751],[22.5196,58.3715],[22.5126,58.3743],[22.5072,58.3704],[22.5099,58.3644],[22.5161,58.3657],[22.5266,58.3679],[22.5351,58.3654],[22.542,58.3642],[22.5419,58.3683],[22.5465,58.3716],[22.553,58.3719],[22.5605,58.3728],[22.5733,58.3687],[22.5631,58.3656],[22.5694,58.3627],[22.5676,58.3589],[22.5711,58.3555],[22.5713,58.3516],[22.5763,58.356],[22.5817,58.3565],[22.589,58.361],[22.5892,58.3638],[22.5916,58.3672],[22.5968,58.3703],[22.6011,58.3783],[22.5937,58.3806],[22.5968,58.3857],[22.5953,58.3867],[22.608,58.3867],[22.5965,58.3935],[22.5924,58.3934],[22.5854,58.3881],[22.5682,58.3882],[22.5656,58.3922],[22.5874,58.3981],[22.5833,58.4076],[22.5763,58.4122],[22.5708,58.4111],[22.5672,58.4121],[22.5581,58.4124],[22.552,58.4127],[22.5488,58.4134],[22.5475,58.4129],[22.5425,58.4115],[22.5394,58.4085],[22.533,58.4043],[22.5264,58.4062],[22.5253,58.4064],[22.521,58.4029],[22.5104,58.413],[22.5133,58.4131],[22.5082,58.4155],[22.5013,58.4197],[22.5002,58.4233],[22.5055,58.4267],[22.5099,58.4278],[22.5112,58.4293],[22.5255,58.4303],[22.53,58.4318],[22.5387,58.4296],[22.545,58.4279],[22.5472,58.4293],[22.5442,58.4299],[22.5392,58.4376],[22.5431,58.4399],[22.5376,58.4468],[22.5455,58.4537],[22.5518,58.4535],[22.5809,58.4452],[22.5874,58.4441],[22.5947,58.44],[22.6069,58.4345],[22.6114,58.4304],[22.6074,58.4284],[22.5964,58.4343],[22.5911,58.4301],[22.5825,58.4244],[22.5918,58.4257],[22.6075,58.4251],[22.6122,58.4213],[22.6202,58.4159],[22.6243,58.4165],[22.6292,58.4104],[22.6221,58.4097],[22.6161,58.4123],[22.621,58.4043],[22.6079,58.4034],[22.6063,58.396],[22.6235,58.3975],[22.6239,58.3912],[22.6359,58.3866],[22.6392,58.3852],[22.64,58.3856],[22.6432,58.3841],[22.6557,58.3831],[22.6558,58.38],[22.6587,58.3786],[22.6637,58.3787],[22.6756,58.377],[22.6731,58.3811],[22.674,58.3817],[22.672,58.3849],[22.6775,58.3884],[22.6823,58.3856],[22.6901,58.3845],[22.6998,58.3838],[22.7033,58.3895],[22.6976,58.3936],[22.6934,58.3962],[22.6876,58.3996],[22.6867,58.4084],[22.693,58.4104],[22.6911,58.4151],[22.6977,58.4157],[22.6816,58.4214],[22.679,58.4176],[22.6724,58.4147],[22.6727,58.4129],[22.6668,58.4059],[22.656,58.4048],[22.6661,58.4019],[22.6547,58.3959],[22.643,58.3982],[22.638,58.3991],[22.6364,58.4004],[22.632,58.4108],[22.6378,58.4056],[22.6468,58.405],[22.6557,58.4101],[22.6608,58.4159],[22.6612,58.421],[22.6613,58.4246],[22.654,58.4257],[22.639,58.4205],[22.6347,58.4172],[22.6222,58.4199],[22.6179,58.4234],[22.6177,58.4296],[22.6264,58.4283],[22.6316,58.4293],[22.6497,58.4322],[22.6368,58.4355],[22.6391,58.4385],[22.6266,58.4453],[22.6233,58.4451],[22.6174,58.4451],[22.6147,58.4387],[22.6011,58.445],[22.6063,58.4479],[22.6179,58.447],[22.6224,58.4491],[22.6207,58.4537],[22.6148,58.4584],[22.608,58.4571],[22.6016,58.4613],[22.5895,58.4602],[22.584,58.4617],[22.5719,58.4669],[22.5872,58.4689],[22.6038,58.4643],[22.61,58.461],[22.6133,58.4632],[22.6094,58.463],[22.5998,58.4712],[22.6015,58.4739],[22.622,58.4762],[22.6299,58.4681],[22.6491,58.4645],[22.6353,58.4622],[22.6218,58.4593],[22.6212,58.4585],[22.627,58.4588],[22.6326,58.4547],[22.6399,58.4566],[22.6421,58.4616],[22.6529,58.455],[22.6433,58.4539],[22.6456,58.4497],[22.6517,58.4484],[22.6565,58.4493],[22.6698,58.4475],[22.6791,58.4446],[22.6856,58.4401],[22.6873,58.4355],[22.6924,58.4327],[22.6937,58.4255],[22.7085,58.4166],[22.7091,58.4146],[22.7096,58.414],[22.7125,58.4103],[22.723,58.4086],[22.7194,58.4011],[22.7234,58.3957],[22.71,58.3894],[22.7293,58.3923],[22.7163,58.3851],[22.7166,58.3812],[22.7272,58.3827],[22.725,58.3767],[22.7293,58.3727],[22.7328,58.3767],[22.7309,58.3829],[22.7399,58.3853],[22.7525,58.3945],[22.7494,58.3996],[22.7485,58.4012],[22.7492,58.4064],[22.7456,58.4139],[22.7508,58.4153],[22.7458,58.4153],[22.7404,58.4126],[22.7299,58.4177],[22.7328,58.4186],[22.7373,58.4227],[22.7455,58.4319],[22.7599,58.4295],[22.7606,58.4315],[22.7566,58.4318],[22.747,58.4398],[22.7406,58.4411],[22.7255,58.4267],[22.7143,58.4366],[22.7257,58.4453],[22.7423,58.4451],[22.7438,58.4442],[22.7572,58.435],[22.7624,58.44],[22.7687,58.4367],[22.7824,58.4429],[22.7739,58.4466],[22.789,58.4477],[22.7886,58.4452],[22.7929,58.4414],[22.8076,58.4473],[22.8127,58.4439],[22.8196,58.4327],[22.8282,58.4306],[22.8264,58.4257],[22.8271,58.4187],[22.8473,58.4254],[22.8458,58.4284],[22.8528,58.4327],[22.8509,58.4428],[22.853,58.444],[22.8672,58.4421],[22.8733,58.4465],[22.8807,58.4504],[22.8949,58.45],[22.9029,58.4478],[22.9024,58.4432],[22.8872,58.4373],[22.8819,58.4394],[22.8763,58.4419],[22.87,58.4398],[22.8761,58.436],[22.8829,58.4321],[22.8815,58.4271],[22.8746,58.4284],[22.8763,58.4247],[22.8667,58.4164],[22.8593,58.4193],[22.8634,58.4253],[22.8603,58.4255],[22.8563,58.4241],[22.8586,58.4217],[22.8436,58.4192],[22.8381,58.4203],[22.8372,58.4198],[22.8429,58.4175],[22.8548,58.4163],[22.8587,58.414],[22.8744,58.412],[22.8801,58.4177],[22.8882,58.4264],[22.8868,58.4303],[22.8949,58.434],[22.9076,58.4303],[22.9069,58.4254],[22.913,58.4239],[22.9155,58.419],[22.9227,58.417],[22.9298,58.4187],[22.9306,58.4199],[22.9383,58.4199],[22.9434,58.4171],[22.9478,58.414],[22.9526,58.4169],[22.958,58.4211],[22.9664,58.4169],[22.9728,58.4193],[22.9755,58.4234],[22.9724,58.4323],[22.9762,58.4335],[22.9765,58.437],[22.9719,58.4404],[22.9714,58.4502],[22.9879,58.4521],[22.9901,58.4423],[22.9849,58.4383],[22.9856,58.435],[22.9952,58.4344],[23.003,58.4386],[23.0209,58.4473],[23.0185,58.45],[23.0044,58.4466],[22.9967,58.4479],[22.9872,58.4536],[22.9919,58.4576],[22.9892,58.4605],[22.9984,58.4672],[23.0061,58.4661],[22.9978,58.4589],[23.0065,58.4531],[23.0109,58.4543],[23.0063,58.4551],[23.0066,58.461],[23.014,58.463],[23.0117,58.4555],[23.0157,58.4539],[23.0195,58.4595],[23.0188,58.472],[23.0134,58.4734],[23.0105,58.4794],[23.0019,58.4839],[23.0063,58.4866],[23.0077,58.4934],[23.0112,58.4964],[23.0112,58.4967],[23.0081,58.4981],[23.0079,58.4982],[23.0096,58.5043],[23.0148,58.5068],[23.0082,58.5082],[23.0044,58.5141],[23.0014,58.516],[23.0006,58.5165],[22.994,58.5196],[22.9837,58.5195],[22.9782,58.525],[22.9694,58.5287],[22.9803,58.5307],[22.9905,58.5275],[22.9863,58.5236],[22.9938,58.5219],[23.0018,58.5254],[23.0022,58.5295],[23.0014,58.5308],[22.9978,58.5313],[22.9925,58.5318],[22.9855,58.5364],[22.9765,58.5407],[22.9656,58.5357],[22.9635,58.528],[22.9569,58.5304],[22.9598,58.5318],[22.9566,58.5342],[22.9493,58.5332],[22.9407,58.5324],[22.9363,58.533],[22.9373,58.5421],[22.9299,58.5483],[22.9353,58.557],[22.9382,58.5612],[22.9567,58.5616],[22.9591,58.5649],[22.9638,58.5658],[22.9725,58.5687],[22.976,58.5656],[22.9739,58.5609],[22.9617,58.5578],[22.9618,58.5545],[22.9765,58.5553],[22.9718,58.5492],[22.977,58.5501],[22.9782,58.5425],[22.9728,58.5426],[22.9827,58.5415],[22.9861,58.539],[22.9908,58.5469],[22.9871,58.5519],[22.9796,58.5512],[22.9802,58.5565],[22.9872,58.5621],[22.9912,58.5572],[22.9983,58.5572],[23.0049,58.553],[23.017,58.553],[23.0241,58.5601],[23.0302,58.5616],[23.0298,58.5626],[23.0293,58.5635],[23.0295,58.5648],[23.0295,58.5649],[23.0265,58.5682],[23.0249,58.5706],[23.0343,58.5745],[23.0293,58.574],[23.0253,58.574],[23.0242,58.5746],[23.0142,58.5695],[23.0093,58.5695],[23.0041,58.5721],[22.9983,58.57],[22.9926,58.5677],[22.9907,58.5723],[22.9948,58.574],[22.9982,58.5822],[23.0067,58.5857],[23.0129,58.5808],[23.0225,58.5852],[23.0225,58.5859],[23.0151,58.5914],[22.9964,58.5973],[22.9904,58.5973],[22.9854,58.6011],[22.9776,58.6004],[22.9748,58.5999],[22.9716,58.6003],[22.9635,58.595],[22.9599,58.5903],[22.9503,58.591],[22.9479,58.5902],[22.9442,58.5914],[22.9436,58.5918],[22.941,58.5888],[22.9484,58.5877],[22.947,58.5823],[22.9599,58.5812],[22.9533,58.5746],[22.9493,58.5736],[22.949,58.5757],[22.9313,58.5815],[22.927,58.5803],[22.9328,58.5797],[22.938,58.5772],[22.9288,58.5719],[22.9239,58.5755],[22.9179,58.5764],[22.9184,58.5708],[22.9079,58.5701],[22.9001,58.5682],[22.9057,58.5673],[22.9172,58.5645],[22.9114,58.5619],[22.9044,58.566],[22.8975,58.5648],[22.8837,58.5787],[22.891,58.5822],[22.8994,58.5795],[22.912,58.5825],[22.9099,58.5851],[22.9125,58.5919],[22.9126,58.5926],[22.9199,58.5905],[22.9188,58.5879],[22.9226,58.5842],[22.927,58.5867],[22.9351,58.5925],[22.9405,58.5959],[22.9455,58.5998],[22.9461,58.6008],[22.9482,58.6031],[22.9512,58.6044],[22.9518,58.6046],[22.9534,58.6058],[22.9546,58.6063],[22.9558,58.607],[22.9566,58.6075],[22.9549,58.608],[22.9548,58.6083],[22.9546,58.6086],[22.9562,58.6112],[22.9499,58.6146],[22.9346,58.6112],[22.9232,58.608],[22.9115,58.6094],[22.9044,58.6131],[22.9038,58.6137],[22.9041,58.6144],[22.8845,58.6174],[22.875,58.6159],[22.864,58.6199],[22.8514,58.6153],[22.838,58.6148],[22.8472,58.6103],[22.8483,58.607],[22.8361,58.6078],[22.8307,58.6105],[22.8188,58.6126],[22.821,58.606],[22.8292,58.6055],[22.8339,58.6047],[22.836,58.6056],[22.8406,58.6038],[22.8484,58.6017],[22.8513,58.604],[22.8515,58.6059],[22.8536,58.6073],[22.8554,58.6091],[22.8547,58.6156],[22.8614,58.6106],[22.8626,58.6112],[22.8631,58.6101],[22.8677,58.606],[22.8679,58.6044],[22.8725,58.5998],[22.8623,58.5972],[22.8596,58.5965],[22.8504,58.5936],[22.8478,58.5904],[22.8466,58.5905],[22.8397,58.5897],[22.8399,58.5884],[22.8414,58.5883],[22.842,58.5868],[22.8426,58.5861],[22.8417,58.5828],[22.8431,58.5827],[22.8481,58.5876],[22.8534,58.5828],[22.8579,58.5864],[22.8558,58.5824],[22.856,58.576],[22.8559,58.5723],[22.8525,58.5723],[22.8505,58.574],[22.8436,58.5766],[22.8399,58.5802],[22.8399,58.5805],[22.8345,58.5838],[22.8341,58.5849],[22.8365,58.5863],[22.838,58.5887],[22.838,58.5891],[22.8377,58.5908],[22.8427,58.5925],[22.842,58.5927],[22.8392,58.5944],[22.8375,58.595],[22.8209,58.5906],[22.8245,58.5857],[22.8239,58.5792],[22.8298,58.5784],[22.8298,58.5734],[22.8269,58.5725],[22.8238,58.5709],[22.8244,58.5735],[22.8237,58.5741],[22.8168,58.5751],[22.8065,58.5729],[22.8027,58.5769],[22.802,58.5875],[22.7998,58.5945],[22.8057,58.5963],[22.8106,58.6018],[22.8175,58.6006],[22.8057,58.604],[22.8015,58.5986],[22.7957,58.5978],[22.795,58.592],[22.789,58.5928],[22.785,58.5922],[22.7733,58.5974],[22.7685,58.5924],[22.767,58.5912],[22.7683,58.5909],[22.7689,58.5913],[22.7697,58.5917],[22.7704,58.5911],[22.7751,58.5878],[22.7769,58.5865],[22.7745,58.5863],[22.776,58.5849],[22.776,58.5846],[22.7714,58.5842],[22.7754,58.5798],[22.7652,58.5815],[22.7627,58.5816],[22.7598,58.5783],[22.7665,58.5679],[22.7596,58.5656],[22.7587,58.562],[22.7681,58.5612],[22.7765,58.5678],[22.778,58.5724],[22.7927,58.5713],[22.794,58.5756],[22.7928,58.5795],[22.7959,58.5838],[22.7968,58.5753],[22.7973,58.5714],[22.7883,58.5672],[22.7883,58.5655],[22.7939,58.5649],[22.7963,58.5599],[22.7976,58.5592],[22.7947,58.556],[22.7831,58.5528],[22.7812,58.5489],[22.7818,58.5412],[22.785,58.5326],[22.7933,58.5281],[22.8033,58.5294],[22.8062,58.5312],[22.8092,58.5348],[22.8179,58.5368],[22.8232,58.5355],[22.8223,58.5442],[22.8181,58.5483],[22.812,58.553],[22.8153,58.5598],[22.8094,58.5604],[22.804,58.5681],[22.8171,58.5655],[22.8198,58.567],[22.8252,58.5676],[22.8304,58.5648],[22.8428,58.5654],[22.8457,58.5743],[22.8471,58.5606],[22.8498,58.5581],[22.8543,58.5577],[22.8554,58.5444],[22.8503,58.5455],[22.8486,58.5453],[22.8436,58.5476],[22.8436,58.5381],[22.8524,58.531],[22.8534,58.5299],[22.8628,58.5278],[22.8603,58.5293],[22.8659,58.5362],[22.8637,58.5385],[22.8827,58.5468],[22.8926,58.5501],[22.8998,58.5525],[22.9065,58.5469],[22.8953,58.5442],[22.888,58.5446],[22.8865,58.5448],[22.8755,58.5385],[22.8666,58.5285],[22.8748,58.5262],[22.8868,58.5243],[22.8864,58.5214],[22.8966,58.5178],[22.898,58.5223],[22.8928,58.524],[22.896,58.526],[22.9067,58.5255],[22.913,58.5259],[22.9204,58.5198],[22.927,58.5198],[22.9282,58.5245],[22.9333,58.5285],[22.9371,58.525],[22.949,58.5246],[22.9515,58.5267],[22.9628,58.5226],[22.9724,58.5215],[22.9839,58.5171],[22.9978,58.5173],[23.0027,58.5128],[23.0027,58.4962],[22.9789,58.4944],[22.9742,58.4984],[22.9687,58.4994],[22.9647,58.4989],[22.9574,58.5082],[22.9458,58.5053],[22.9461,58.5104],[22.9442,58.5131],[22.9374,58.5124],[22.9417,58.5052],[22.9571,58.4975],[22.951,58.4945],[22.9503,58.486],[22.9399,58.4861],[22.9328,58.4828],[22.927,58.4882],[22.9312,58.4922],[22.9346,58.5002],[22.9272,58.5003],[22.9233,58.5098],[22.9225,58.5053],[22.9129,58.5059],[22.9107,58.5023],[22.9017,58.4999],[22.9025,58.4973],[22.9077,58.4974],[22.9151,58.4951],[22.9132,58.4877],[22.9183,58.4845],[22.9121,58.4826],[22.8954,58.4845],[22.8828,58.4744],[22.8738,58.4752],[22.8665,58.4688],[22.8618,58.4608],[22.8529,58.4575],[22.8543,58.4567],[22.8406,58.4538],[22.8296,58.4559],[22.8284,58.46],[22.8345,58.4627],[22.8433,58.4592],[22.8499,58.4597],[22.8451,58.4618],[22.8482,58.4685],[22.8561,58.4655],[22.86,58.4676],[22.8526,58.4716],[22.8571,58.4759],[22.8645,58.4778],[22.8682,58.4813],[22.8632,58.4841],[22.8714,58.4906],[22.8628,58.4881],[22.8568,58.4893],[22.8702,58.4946],[22.8772,58.4928],[22.8821,58.4967],[22.8785,58.4992],[22.869,58.5059],[22.8711,58.508],[22.8732,58.5105],[22.8654,58.5097],[22.8542,58.5079],[22.8468,58.5125],[22.8458,58.5123],[22.8357,58.5103],[22.8269,58.519],[22.8157,58.5164],[22.8099,58.5201],[22.8008,58.5224],[22.7931,58.5166],[22.7778,58.5123],[22.7665,58.5102],[22.7599,58.5173],[22.7542,58.5152],[22.75,58.5128],[22.7479,58.5113],[22.7481,58.5104],[22.7483,58.5094],[22.7482,58.5093],[22.758,58.5071],[22.7582,58.503],[22.7561,58.5008],[22.7505,58.4961],[22.7584,58.4949],[22.7587,58.4919],[22.7497,58.4902],[22.7473,58.4949],[22.7361,58.5007],[22.7364,58.5063],[22.742,58.5094],[22.743,58.5094],[22.7464,58.5097],[22.7472,58.5112],[22.7523,58.5153],[22.7469,58.5185],[22.7366,58.5157],[22.734,58.517],[22.7268,58.5194],[22.729,58.5248],[22.7272,58.5269],[22.7176,58.5271],[22.7118,58.5231],[22.7088,58.5096],[22.7054,58.5009],[22.7087,58.4994],[22.7091,58.4917],[22.7091,58.4906],[22.6918,58.4915],[22.6916,58.498],[22.6873,58.4983],[22.6896,58.5075],[22.6945,58.5085],[22.6927,58.5098],[22.6894,58.5097],[22.6752,58.5059],[22.6787,58.5141],[22.6712,58.5122],[22.6633,58.5135],[22.6776,58.5223],[22.6832,58.5236],[22.6862,58.5244],[22.6857,58.5247],[22.6841,58.5259],[22.6741,58.5337],[22.6702,58.537],[22.6748,58.5412],[22.6776,58.5455],[22.6716,58.5462],[22.668,58.5443],[22.6603,58.5455],[22.6665,58.55],[22.6714,58.5508],[22.6679,58.5581],[22.6722,58.5633],[22.6638,58.5673],[22.6634,58.5717],[22.6584,58.5732],[22.6596,58.5642],[22.6505,58.56],[22.6469,58.5633],[22.639,58.567],[22.6403,58.5726],[22.6401,58.5734],[22.6461,58.5766],[22.6327,58.5786],[22.6208,58.5844],[22.6202,58.5841],[22.6196,58.5847],[22.6204,58.5849],[22.6146,58.5873],[22.617,58.584],[22.6195,58.5831],[22.6234,58.5735],[22.621,58.5725],[22.623,58.5669],[22.6213,58.5653],[22.6248,58.5543],[22.6283,58.5516],[22.6162,58.5496],[22.6191,58.5484],[22.5998,58.544],[22.5972,58.547],[22.5966,58.5482],[22.5858,58.5467],[22.5828,58.547],[22.5914,58.5487],[22.598,58.5544],[22.599,58.5585],[22.6037,58.5562],[22.6028,58.5609],[22.6078,58.5639],[22.6026,58.5692],[22.6003,58.5697],[22.5985,58.5719],[22.5989,58.5727],[22.6017,58.5734],[22.6057,58.58],[22.6039,58.585],[22.5969,58.588],[22.594,58.5888],[22.591,58.5883],[22.586,58.5858],[22.5728,58.5886],[22.5649,58.5847],[22.5641,58.5745],[22.5612,58.573],[22.5567,58.578],[22.554,58.5767],[22.5526,58.5704],[22.5454,58.5668],[22.5464,58.5664],[22.5478,58.5636],[22.5322,58.5649],[22.5276,58.5679],[22.5143,58.5685],[22.5174,58.5606],[22.5109,58.5557],[22.4971,58.5578],[22.4858,58.5613],[22.4858,58.5636],[22.4894,58.5697],[22.4944,58.5704],[22.5029,58.5728],[22.5081,58.5762],[22.5052,58.5789],[22.5062,58.5888],[22.5054,58.5896],[22.506,58.5907],[22.501,58.5918],[22.4959,58.59],[22.4877,58.5825],[22.488,58.5786],[22.4847,58.5844],[22.4693,58.5803],[22.4764,58.5781],[22.4805,58.5696],[22.4857,58.5723],[22.4867,58.5721],[22.4856,58.5686],[22.4729,58.5672],[22.466,58.5685],[22.461,58.5725],[22.4583,58.5712],[22.4461,58.5727],[22.4478,58.5667],[22.4398,58.564],[22.4336,58.5729],[22.4221,58.5731],[22.4224,58.5741],[22.4186,58.5737],[22.4199,58.5724],[22.4094,58.5702],[22.404,58.5628],[22.4005,58.5603],[22.3916,58.5618],[22.3851,58.556],[22.3703,58.5608],[22.3637,58.5635],[22.3602,58.5685],[22.3504,58.5652],[22.3459,58.567],[22.3292,58.5679],[22.3213,58.5623],[22.3253,58.5573],[22.3146,58.5581],[22.314,58.5577],[22.3134,58.5572],[22.3149,58.5541],[22.3149,58.5528],[22.306,58.5526],[22.302,58.5538],[22.3054,58.5597],[22.2987,58.5635],[22.2972,58.5664],[22.2869,58.5695],[22.2829,58.5591],[22.289,58.5486],[22.2852,58.5383],[22.2857,58.5389],[22.2989,58.5447],[22.2996,58.5459],[22.2982,58.5486],[22.301,58.5472],[22.3127,58.5382],[22.3129,58.5329],[22.3202,58.528],[22.3214,58.5196],[22.3334,58.5214],[22.3333,58.528],[22.3263,58.5332],[22.3245,58.5386],[22.328,58.5391],[22.3293,58.5429],[22.332,58.5488],[22.3453,58.5454],[22.3587,58.5421],[22.356,58.5355],[22.3579,58.534],[22.3596,58.5329],[22.3677,58.531],[22.369,58.5308],[22.3711,58.5324],[22.367,58.5344],[22.3671,58.5346],[22.3676,58.5359],[22.3687,58.5356],[22.3741,58.539],[22.3796,58.537],[22.3803,58.5302],[22.3739,58.5272],[22.3646,58.5287],[22.3616,58.5294],[22.3545,58.5319],[22.3544,58.532],[22.3501,58.5314],[22.3508,58.5309],[22.351,58.5301],[22.3479,58.5286],[22.3481,58.5274],[22.3482,58.526],[22.3417,58.5252],[22.3339,58.5195],[22.3342,58.5153],[22.3422,58.5157],[22.3493,58.5184],[22.3529,58.5141],[22.3604,58.5137],[22.368,58.5167],[22.3682,58.5212],[22.3896,58.5352],[22.3932,58.5376],[22.402,58.5295],[22.3923,58.5349],[22.3874,58.5336],[22.3839,58.5273],[22.3962,58.5256],[22.4104,58.5212],[22.4072,58.5151],[22.3931,58.5213],[22.3792,58.5202],[22.3758,58.5179],[22.3886,58.5183],[22.399,58.5136],[22.4062,58.5083],[22.3936,58.5077],[22.392,58.5014],[22.3926,58.5007],[22.391,58.4981],[22.3882,58.5035],[22.3888,58.5105],[22.3862,58.5116],[22.3609,58.5075],[22.3663,58.5053],[22.3655,58.5009],[22.3734,58.4985],[22.3813,58.5018],[22.3756,58.507],[22.3818,58.5105],[22.3862,58.504],[22.3848,58.5016],[22.3869,58.4963],[22.3771,58.4931],[22.3759,58.4923],[22.37,58.4882],[22.3615,58.4926],[22.3531,58.4884],[22.3521,58.4813],[22.3491,58.4743],[22.3502,58.4665],[22.3539,58.4647],[22.3656,58.4669],[22.3728,58.4602],[22.3568,58.4586],[22.3522,58.4634],[22.344,58.4659],[22.3341,58.4659],[22.3263,58.4591],[22.3309,58.4656],[22.3221,58.4632],[22.3179,58.4654],[22.3164,58.4662],[22.3114,58.4675],[22.304,58.469],[22.3036,58.4724],[22.2957,58.4749],[22.2804,58.4795],[22.2785,58.4855],[22.2669,58.4863],[22.2598,58.484],[22.2532,58.4851],[22.2434,58.4865],[22.2377,58.4904],[22.2349,58.4949],[22.2366,58.4991],[22.2397,58.51],[22.2343,58.5176],[22.2369,58.5217],[22.2363,58.5313],[22.2347,58.5317],[22.2264,58.523],[22.2247,58.5191],[22.2186,58.5161],[22.2071,58.5142],[22.2136,58.514],[22.217,58.5071],[22.2072,58.5073],[22.2019,58.5108],[22.2064,58.5138],[22.204,58.515],[22.1959,58.5107],[22.1753,58.5103],[22.1739,58.5083],[22.1758,58.506],[22.1817,58.5042],[22.1791,58.5001],[22.1731,58.4995],[22.1721,58.4998],[22.1687,58.498],[22.1718,58.4973],[22.1697,58.4929],[22.1617,58.4926],[22.1517,58.496],[22.1517,58.4962],[22.1517,58.4968],[22.1426,58.4994],[22.1369,58.4976],[22.1251,58.4866],[22.1188,58.4827],[22.1144,58.4749],[22.1178,58.4659],[22.1149,58.4626],[22.12,58.4584],[22.1139,58.4569],[22.1171,58.4477],[22.1368,58.4502],[22.1287,58.4455],[22.1295,58.438],[22.1199,58.4394],[22.1223,58.4357],[22.1188,58.428],[22.1272,58.428],[22.1339,58.4306],[22.1386,58.4344],[22.1424,58.4373],[22.1356,58.4432],[22.1443,58.4434],[22.1554,58.4449],[22.1609,58.4394],[22.1574,58.4333],[22.1499,58.4318],[22.1461,58.4293],[22.1453,58.4275],[22.1447,58.4247],[22.1507,58.4245],[22.1595,58.423],[22.1616,58.4201],[22.1595,58.4172],[22.1679,58.4154],[22.169,58.4093],[22.1668,58.4055],[22.1615,58.4025],[22.1678,58.3998],[22.1626,58.3965],[22.1579,58.4022],[22.1621,58.4063],[22.1591,58.407],[22.1515,58.4076],[22.1504,58.4059],[22.1367,58.4048],[22.1343,58.4109],[22.1343,58.412],[22.13,58.4124],[22.1185,58.4182],[22.1172,58.4209],[22.1093,58.4162],[22.0987,58.4146],[22.0774,58.4175],[22.0738,58.4275],[22.0612,58.439],[22.0546,58.4473],[22.0471,58.4603],[22.0487,58.4659],[22.0426,58.4702],[22.0307,58.4698],[22.0394,58.475],[22.0333,58.4816],[22.0234,58.4874],[22.0159,58.4878],[22.0102,58.4861],[21.9993,58.4908],[21.9859,58.49],[21.9852,58.4907],[21.9837,58.4904],[21.9803,58.4935],[21.9718,58.4942],[21.9701,58.491],[21.9709,58.4902],[21.9767,58.4875],[21.9712,58.4828],[21.9752,58.4801],[21.9774,58.4795],[21.9783,58.4801],[21.9791,58.4844],[21.9961,58.4817],[22.0033,58.4779],[22.0029,58.4744],[22.0141,58.4681],[22.0172,58.4639],[22.0084,58.4625],[21.9967,58.4634],[21.9924,58.4654],[21.9899,58.4656],[21.9784,58.4677],[21.9684,58.4678],[21.9693,58.4653],[21.9684,58.4627],[21.9775,58.458],[21.9914,58.4542],[21.9914,58.4489]],[[22.201,58.3808],[22.2033,58.3877],[22.1971,58.3914],[22.1963,58.3942],[22.1899,58.3968],[22.1931,58.4019],[22.2072,58.4015],[22.206,58.3948],[22.2166,58.3919],[22.2253,58.3873],[22.2277,58.3869],[22.233,58.3842],[22.2333,58.38],[22.229,58.3769],[22.2283,58.3757],[22.2258,58.369],[22.2193,58.3669],[22.2082,58.3671],[22.2071,58.3732],[22.1974,58.3747],[22.201,58.3808]],[[22.1972,58.4532],[22.189,58.4562],[22.191,58.4514],[22.1777,58.4516],[22.1721,58.46],[22.1662,58.4649],[22.1713,58.4685],[22.1775,58.465],[22.183,58.4649],[22.2006,58.4651],[22.1953,58.4696],[22.1824,58.4724],[22.1847,58.4748],[22.1782,58.4773],[22.171,58.4768],[22.1631,58.4765],[22.1603,58.4738],[22.1477,58.4767],[22.1385,58.4813],[22.1349,58.4859],[22.1556,58.4892],[22.1628,58.4811],[22.1616,58.4793],[22.172,58.4827],[22.1753,58.4888],[22.1807,58.4897],[22.1903,58.4974],[22.1949,58.4973],[22.1998,58.4952],[22.2076,58.4948],[22.2098,58.495],[22.2172,58.4965],[22.2185,58.5002],[22.2239,58.501],[22.2198,58.4966],[22.2232,58.4932],[22.2222,58.4872],[22.2129,58.4843],[22.2061,58.4819],[22.2055,58.4802],[22.2083,58.4787],[22.2122,58.4769],[22.2191,58.4754],[22.2272,58.4765],[22.2379,58.4804],[22.2425,58.4786],[22.2423,58.4786],[22.242,58.4775],[22.2319,58.4751],[22.2313,58.4737],[22.231,58.4737],[22.2289,58.4735],[22.2276,58.4729],[22.2274,58.4721],[22.2281,58.47],[22.2277,58.47],[22.2243,58.4686],[22.2348,58.4665],[22.2411,58.4648],[22.2474,58.4671],[22.2478,58.4668],[22.2545,58.4651],[22.2596,58.4664],[22.2515,58.4751],[22.2511,58.4792],[22.2626,58.4739],[22.2703,58.4748],[22.2705,58.4734],[22.2742,58.4719],[22.2835,58.4724],[22.2901,58.4713],[22.2894,58.4669],[22.2884,58.4663],[22.2809,58.4632],[22.272,58.4717],[22.268,58.4713],[22.2676,58.4642],[22.2542,58.4637],[22.2613,58.4587],[22.2548,58.4562],[22.252,58.4534],[22.2498,58.4529],[22.2445,58.4526],[22.2509,58.4468],[22.2423,58.4505],[22.231,58.4544],[22.2232,58.4531],[22.2181,58.4554],[22.2201,58.4568],[22.2072,58.4624],[22.1938,58.4641],[22.191,58.4619],[22.199,58.457],[22.1972,58.4532]],[[22.7549,58.4575],[22.747,58.4562],[22.7381,58.4545],[22.7313,58.4556],[22.725,58.4611],[22.7267,58.4644],[22.7259,58.4656],[22.7192,58.473],[22.7303,58.4708],[22.7298,58.4677],[22.7415,58.4709],[22.7311,58.4736],[22.7309,58.4782],[22.7438,58.483],[22.7507,58.4829],[22.7607,58.4852],[22.7697,58.485],[22.7776,58.4863],[22.7776,58.4893],[22.7767,58.4925],[22.7667,58.4974],[22.7757,58.5009],[22.7839,58.4978],[22.7836,58.5054],[22.7874,58.5058],[22.8029,58.5038],[22.8007,58.4993],[22.8064,58.4965],[22.8025,58.4898],[22.7956,58.4941],[22.7884,58.4923],[22.7864,58.487],[22.7843,58.4843],[22.7897,58.4767],[22.7904,58.474],[22.8094,58.4779],[22.8115,58.4802],[22.8118,58.4848],[22.8146,58.4902],[22.8189,58.4919],[22.8272,58.4973],[22.8318,58.4958],[22.844,58.4959],[22.8454,58.4976],[22.8364,58.5061],[22.8576,58.4983],[22.8526,58.4951],[22.8472,58.4908],[22.8466,58.4893],[22.846,58.4866],[22.8497,58.4845],[22.8585,58.4868],[22.8595,58.4846],[22.8445,58.4793],[22.8444,58.4793],[22.8427,58.4786],[22.8349,58.4716],[22.8348,58.468],[22.8328,58.4675],[22.8208,58.469],[22.8255,58.4723],[22.8246,58.4765],[22.8181,58.4767],[22.8158,58.4768],[22.8138,58.4743],[22.8145,58.4738],[22.8135,58.4728],[22.8062,58.4733],[22.8041,58.4721],[22.7926,58.4678],[22.7843,58.4649],[22.7887,58.4677],[22.7854,58.471],[22.7817,58.4699],[22.7716,58.4709],[22.7716,58.471],[22.7717,58.4717],[22.7612,58.4739],[22.7538,58.4732],[22.751,58.4709],[22.7474,58.4663],[22.7575,58.4586],[22.7549,58.4575]],[[22.7089,58.4874],[22.7169,58.4848],[22.7263,58.4887],[22.7373,58.4883],[22.7261,58.4813],[22.7206,58.4751],[22.7046,58.476],[22.7046,58.4683],[22.7102,58.4671],[22.71,58.4596],[22.6992,58.4652],[22.6973,58.4624],[22.7013,58.4524],[22.6922,58.4482],[22.6825,58.4549],[22.6776,58.4545],[22.6673,58.4561],[22.6553,58.4554],[22.6617,58.4619],[22.6767,58.4624],[22.6726,58.4675],[22.6654,58.4695],[22.6565,58.4661],[22.6526,58.4681],[22.6619,58.4717],[22.6668,58.4759],[22.6793,58.4761],[22.6816,58.4732],[22.6887,58.4729],[22.6838,58.4803],[22.6972,58.4828],[22.6988,58.4827],[22.708,58.4854],[22.7089,58.4874]],[[22.6302,58.5076],[22.6237,58.5066],[22.6289,58.5039],[22.6417,58.4941],[22.6372,58.4936],[22.6298,58.4902],[22.6316,58.4877],[22.6094,58.4868],[22.6078,58.4902],[22.5989,58.4871],[22.5939,58.492],[22.5943,58.4998],[22.6049,58.498],[22.606,58.5028],[22.6164,58.5076],[22.6294,58.509],[22.6302,58.5076]],[[22.4727,58.5415],[22.4616,58.5414],[22.4567,58.5468],[22.4654,58.5482],[22.4639,58.551],[22.4555,58.5572],[22.4583,58.5598],[22.4664,58.5629],[22.4849,58.5596],[22.4859,58.5579],[22.4831,58.5519],[22.4963,58.5497],[22.4957,58.5408],[22.4883,58.5441],[22.48,58.5416],[22.4763,58.5434],[22.4727,58.5415]],[[22.5272,58.4958],[22.5265,58.4964],[22.5154,58.4999],[22.522,58.5071],[22.5334,58.5101],[22.5419,58.5063],[22.5388,58.5022],[22.5461,58.4973],[22.548,58.4976],[22.558,58.5002],[22.5659,58.4997],[22.5718,58.4996],[22.5781,58.5036],[22.5842,58.4992],[22.5801,58.4974],[22.5771,58.492],[22.5652,58.4911],[22.5643,58.4909],[22.5546,58.4888],[22.5489,58.4849],[22.5402,58.4919],[22.5383,58.492],[22.5371,58.4936],[22.5272,58.4958]],[[22.2937,58.4429],[22.2914,58.4385],[22.2848,58.4373],[22.2915,58.4338],[22.3026,58.4379],[22.3089,58.434],[22.3056,58.4279],[22.2944,58.4264],[22.281,58.4271],[22.2658,58.4297],[22.2624,58.4389],[22.2613,58.4401],[22.2572,58.4436],[22.2579,58.4502],[22.2652,58.4491],[22.2745,58.4468],[22.2902,58.4467],[22.2937,58.4429]],[[22.3555,58.4532],[22.3601,58.4529],[22.3655,58.4442],[22.3577,58.4428],[22.346,58.4376],[22.3343,58.4396],[22.3357,58.4427],[22.333,58.4493],[22.3555,58.4532]],[[22.9466,58.4811],[22.9558,58.4851],[22.9628,58.4844],[22.9661,58.4844],[22.9667,58.4815],[22.9693,58.4782],[22.9759,58.4759],[22.9731,58.4727],[22.9766,58.471],[22.9769,58.464],[22.972,58.4624],[22.9643,58.4648],[22.9515,58.4655],[22.9478,58.474],[22.9432,58.4768],[22.9466,58.4811]],[[22.9583,58.4612],[22.9596,58.4611],[22.9654,58.4575],[22.9683,58.4518],[22.9644,58.4498],[22.9683,58.4447],[22.9525,58.4439],[22.9305,58.4379],[22.9272,58.4374],[22.9249,58.4344],[22.9147,58.4321],[22.9117,58.4351],[22.9208,58.4383],[22.9199,58.4405],[22.9161,58.4429],[22.9239,58.4461],[22.9242,58.4471],[22.921,58.4552],[22.9281,58.4584],[22.9372,58.458],[22.9342,58.4528],[22.9461,58.4535],[22.9449,58.4591],[22.9583,58.4612]],[[22.9667,58.483],[22.9664,58.4845],[22.9651,58.4852],[22.9524,58.4855],[22.9594,58.4909],[22.9587,58.4957],[22.9671,58.4988],[22.9735,58.4981],[22.9788,58.4939],[22.9767,58.4886],[22.9786,58.4833],[22.974,58.4819],[22.9667,58.483]],[[22.2345,58.4098],[22.2336,58.4199],[22.241,58.4226],[22.2455,58.4202],[22.2522,58.4158],[22.2578,58.4069],[22.2475,58.4042],[22.2366,58.4054],[22.2412,58.4026],[22.2162,58.4045],[22.2278,58.41],[22.2345,58.4098]]],[[[24.125,58.265],[24.1096,58.2628],[24.1037,58.2663],[24.1046,58.2668],[24.1049,58.2669],[24.1042,58.2675],[24.1053,58.273],[24.1138,58.2786],[24.1189,58.2777],[24.1278,58.2779],[24.1283,58.2749],[24.1441,58.273],[24.15,58.2692],[24.1518,58.2645],[24.1591,58.2638],[24.1612,58.2709],[24.176,58.276],[24.1761,58.2726],[24.1782,58.2723],[24.184,58.2773],[24.1909,58.2769],[24.1974,58.2826],[24.2034,58.2802],[24.211,58.2792],[24.2188,58.2869],[24.2275,58.287],[24.2395,58.2904],[24.239,58.2933],[24.2452,58.297],[24.2543,58.2998],[24.2561,58.3056],[24.2578,58.3117],[24.2577,58.3118],[24.2589,58.3167],[24.2564,58.3189],[24.2563,58.3197],[24.2564,58.3199],[24.2566,58.3223],[24.2555,58.3223],[24.2526,58.3228],[24.2514,58.3224],[24.2413,58.3178],[24.2374,58.3114],[24.2301,58.3126],[24.2386,58.3088],[24.2443,58.3148],[24.2514,58.3151],[24.2545,58.3088],[24.247,58.3011],[24.2291,58.3041],[24.1871,58.3052],[24.1896,58.309],[24.2089,58.3189],[24.2207,58.3207],[24.2246,58.3138],[24.2278,58.3182],[24.2372,58.3163],[24.2402,58.3209],[24.238,58.3253],[24.2422,58.3248],[24.243,58.3243],[24.2464,58.3229],[24.2508,58.3262],[24.2495,58.3275],[24.2473,58.3274],[24.2469,58.3275],[24.2441,58.327],[24.2438,58.3271],[24.2412,58.3314],[24.2371,58.3289],[24.2294,58.3357],[24.2402,58.3355],[24.2411,58.3388],[24.2498,58.3391],[24.2501,58.3386],[24.2513,58.3378],[24.2529,58.3358],[24.2518,58.3354],[24.249,58.3354],[24.2464,58.3319],[24.2507,58.3307],[24.2503,58.331],[24.2479,58.3319],[24.2483,58.3324],[24.2488,58.333],[24.2489,58.3345],[24.2546,58.334],[24.2568,58.3358],[24.258,58.3346],[24.2601,58.3341],[24.2639,58.3336],[24.2651,58.3335],[24.2742,58.3347],[24.2698,58.3356],[24.2616,58.3342],[24.2603,58.3348],[24.2602,58.3362],[24.2596,58.3367],[24.2589,58.3369],[24.2586,58.3369],[24.2574,58.3368],[24.258,58.3376],[24.259,58.3375],[24.2606,58.3374],[24.2634,58.341],[24.2625,58.3427],[24.258,58.3509],[24.2656,58.3516],[24.2648,58.3473],[24.2697,58.3482],[24.273,58.3463],[24.2739,58.3507],[24.2673,58.3502],[24.2642,58.3543],[24.258,58.3526],[24.2581,58.3532],[24.2521,58.3546],[24.2524,58.3561],[24.2514,58.3561],[24.2432,58.3543],[24.2291,58.3538],[24.228,58.3589],[24.2247,58.3629],[24.2122,58.3671],[24.1997,58.3753],[24.1937,58.3731],[24.1933,58.3673],[24.183,58.3677],[24.1748,58.3721],[24.1836,58.3738],[24.1923,58.3786],[24.2001,58.3821],[24.1889,58.386],[24.1901,58.3894],[24.1995,58.3863],[24.204,58.3826],[24.2001,58.3773],[24.2166,58.3678],[24.2211,58.3674],[24.2309,58.3716],[24.2396,58.3692],[24.2411,58.3704],[24.2408,58.3713],[24.2432,58.3745],[24.2435,58.3745],[24.2457,58.3748],[24.2463,58.3748],[24.2472,58.3752],[24.2482,58.3761],[24.2468,58.3761],[24.2432,58.377],[24.2429,58.3763],[24.2387,58.3769],[24.2385,58.377],[24.2425,58.381],[24.2446,58.3808],[24.2459,58.3852],[24.2452,58.3868],[24.2419,58.3891],[24.2411,58.3884],[24.2409,58.3881],[24.2402,58.3872],[24.2395,58.3863],[24.234,58.3834],[24.2307,58.3926],[24.2287,58.3949],[24.2294,58.3965],[24.2294,58.397],[24.2294,58.3974],[24.232,58.3987],[24.2322,58.3989],[24.2329,58.3996],[24.2337,58.3995],[24.2329,58.4022],[24.233,58.4031],[24.2381,58.4061],[24.2381,58.4086],[24.2334,58.4134],[24.2309,58.4155],[24.2318,58.419],[24.2459,58.423],[24.2559,58.4258],[24.2543,58.4317],[24.2528,58.4353],[24.2523,58.4354],[24.2452,58.4243],[24.2356,58.4224],[24.2298,58.4239],[24.2242,58.4234],[24.218,58.424],[24.2174,58.4259],[24.2171,58.4284],[24.2162,58.433],[24.2295,58.4359],[24.2418,58.4353],[24.2421,58.4381],[24.225,58.4451],[24.2141,58.4467],[24.2218,58.449],[24.2226,58.4521],[24.2218,58.4526],[24.2101,58.4519],[24.2057,58.4532],[24.2049,58.4609],[24.1895,58.464],[24.1881,58.4619],[24.1921,58.4594],[24.1983,58.4572],[24.2041,58.4544],[24.2053,58.4505],[24.1971,58.4473],[24.1936,58.4461],[24.1893,58.4455],[24.178,58.452],[24.1746,58.4555],[24.1796,58.4614],[24.1765,58.4652],[24.1734,58.4671],[24.1704,58.4665],[24.158,58.4776],[24.1597,58.4798],[24.1486,58.4873],[24.1542,58.495],[24.1434,58.498],[24.1459,58.4918],[24.1351,58.4928],[24.1326,58.4888],[24.1221,58.4936],[24.1143,58.5028],[24.106,58.506],[24.1114,58.5084],[24.0875,58.5181],[24.0835,58.519],[24.079,58.5157],[24.0713,58.522],[24.0608,58.5244],[24.0676,58.5223],[24.0842,58.5097],[24.1024,58.5046],[24.1075,58.499],[24.1352,58.4846],[24.1382,58.4808],[24.1458,58.4795],[24.1477,58.4748],[24.1563,58.4664],[24.1722,58.4544],[24.1824,58.4446],[24.1885,58.4365],[24.1948,58.4347],[24.1902,58.4261],[24.1803,58.4263],[24.1656,58.4204],[24.159,58.4075],[24.1612,58.3959],[24.1651,58.3875],[24.1607,58.3855],[24.1496,58.3863],[24.1395,58.3896],[24.1299,58.3907],[24.1153,58.3966],[24.1085,58.3963],[24.1071,58.3954],[24.1072,58.3949],[24.1074,58.3936],[24.1097,58.3913],[24.1115,58.3891],[24.114,58.3867],[24.1211,58.3813],[24.1266,58.3806],[24.1319,58.3846],[24.1387,58.3828],[24.1334,58.3789],[24.1218,58.3809],[24.1217,58.3762],[24.1165,58.3742],[24.1136,58.3777],[24.1066,58.3856],[24.1043,58.3881],[24.1043,58.3846],[24.0916,58.3855],[24.0906,58.3864],[24.0801,58.386],[24.0769,58.3928],[24.0806,58.3953],[24.0878,58.4032],[24.0974,58.4005],[24.099,58.4013],[24.0824,58.4098],[24.0727,58.4078],[24.0637,58.4088],[24.0543,58.4067],[24.0458,58.4085],[24.0422,58.4091],[24.0346,58.4112],[24.0287,58.4168],[24.0228,58.4207],[24.0169,58.4189],[24.0141,58.4133],[24.0246,58.4074],[24.0134,58.4064],[24.0062,58.4022],[24.0138,58.3991],[24.0192,58.3946],[24.0256,58.39],[24.0128,58.3901],[24.0099,58.3885],[24.0273,58.3878],[24.0276,58.4016],[24.0347,58.4016],[24.0339,58.3881],[24.0294,58.3872],[24.027,58.3869],[24.0152,58.3834],[24.009,58.3839],[24.0102,58.3766],[24.019,58.376],[24.0227,58.3726],[24.0245,58.3728],[24.0382,58.376],[24.0424,58.3743],[24.045,58.3739],[24.046,58.3754],[24.0455,58.3822],[24.0483,58.3841],[24.051,58.3889],[24.0605,58.3905],[24.069,58.389],[24.0611,58.3848],[24.0593,58.3768],[24.0544,58.3758],[24.0518,58.3757],[24.0561,58.3707],[24.0594,58.3668],[24.051,58.3674],[24.0448,58.3636],[24.0345,58.3635],[24.0206,58.3643],[24.0199,58.3597],[24.0257,58.3579],[24.029,58.3571],[24.0383,58.3559],[24.0451,58.3558],[24.0437,58.3515],[24.0461,58.3481],[24.0552,58.3507],[24.066,58.3497],[24.0575,58.3485],[24.0533,58.3447],[24.0448,58.3452],[24.0436,58.3409],[24.0439,58.332],[24.0575,58.3321],[24.0637,58.3282],[24.0613,58.325],[24.0531,58.3222],[24.0477,58.3213],[24.0459,58.3223],[24.0383,58.3218],[24.0286,58.3262],[24.0348,58.3207],[24.0574,58.3079],[24.0673,58.2982],[24.0676,58.2982],[24.0688,58.2983],[24.0684,58.2968],[24.0716,58.2942],[24.0674,58.3023],[24.0743,58.3106],[24.0768,58.3111],[24.0785,58.3077],[24.0709,58.3037],[24.0814,58.3012],[24.0731,58.2925],[24.0858,58.2975],[24.0972,58.3051],[24.1118,58.3065],[24.11,58.3013],[24.1054,58.2946],[24.1125,58.2906],[24.1115,58.2854],[24.1031,58.2867],[24.1021,58.2896],[24.0981,58.2869],[24.0934,58.2848],[24.0874,58.281],[24.0937,58.2775],[24.0956,58.2727],[24.0916,58.2699],[24.0844,58.2715],[24.0854,58.2765],[24.0782,58.2791],[24.0714,58.2697],[24.0675,58.2686],[24.0713,58.2625],[24.0634,58.2666],[24.0683,58.2715],[24.063,58.2749],[24.0569,58.2792],[24.0515,58.2907],[24.0448,58.2905],[24.0549,58.2807],[24.0525,58.2765],[24.0585,58.2746],[24.0578,58.2706],[24.0643,58.2624],[24.079,58.252],[24.0934,58.2478],[24.094,58.25],[24.0993,58.2524],[24.1065,58.2496],[24.1079,58.2462],[24.1263,58.2443],[24.1269,58.2496],[24.1227,58.252],[24.1228,58.2588],[24.1281,58.263],[24.1289,58.2643],[24.125,58.265]],[[24.1501,58.2873],[24.1464,58.2928],[24.1407,58.2982],[24.1426,58.3009],[24.1383,58.31],[24.1281,58.3077],[24.1263,58.303],[24.1262,58.2999],[24.1131,58.2977],[24.1148,58.3008],[24.1118,58.3106],[24.1219,58.3143],[24.1276,58.3118],[24.1346,58.313],[24.1502,58.3109],[24.1507,58.3081],[24.1551,58.3087],[24.1658,58.3158],[24.1706,58.3146],[24.1707,58.3139],[24.1612,58.3113],[24.17,58.3091],[24.1621,58.306],[24.1715,58.3015],[24.1806,58.3041],[24.1823,58.2993],[24.1889,58.3033],[24.1909,58.2938],[24.1636,58.2894],[24.1563,58.2932],[24.1501,58.2873]],[[24.1695,58.4018],[24.1801,58.3999],[24.1776,58.406],[24.1797,58.4094],[24.1884,58.4079],[24.1924,58.4081],[24.1895,58.411],[24.1925,58.4127],[24.1953,58.4128],[24.2018,58.4098],[24.1928,58.4151],[24.1932,58.421],[24.1993,58.4219],[24.2023,58.4176],[24.2069,58.4131],[24.2039,58.4104],[24.206,58.4074],[24.2012,58.4034],[24.1961,58.3959],[24.1911,58.3902],[24.1848,58.3906],[24.1831,58.3884],[24.1695,58.387],[24.1629,58.3973],[24.1656,58.4004],[24.1695,58.4018]],[[24.154,58.3172],[24.1434,58.3192],[24.1356,58.3225],[24.134,58.3288],[24.1474,58.3313],[24.1542,58.3281],[24.1693,58.325],[24.1612,58.3216],[24.154,58.3172]]],[[[25.778,58.2763],[25.7807,58.2789],[25.7708,58.2837],[25.7592,58.2817],[25.7476,58.2834],[25.7493,58.2896],[25.7471,58.293],[25.7392,58.2924],[25.7389,58.292],[25.7414,58.2909],[25.7414,58.2889],[25.7388,58.2873],[25.7417,58.2863],[25.7372,58.2851],[25.7321,58.2842],[25.7301,58.2834],[25.7211,58.2791],[25.7377,58.2795],[25.7305,58.2755],[25.7291,58.2712],[25.7385,58.2726],[25.7481,58.2758],[25.743,58.2726],[25.7291,58.2678],[25.7255,58.2646],[25.7335,58.262],[25.7346,58.2603],[25.7385,58.2628],[25.7497,58.2635],[25.7548,58.2675],[25.7567,58.2713],[25.7718,58.2719],[25.7721,58.2684],[25.7746,58.2675],[25.775,58.268],[25.7762,58.2656],[25.7874,58.2635],[25.788,58.2645],[25.7873,58.2679],[25.7877,58.2682],[25.7884,58.2685],[25.7912,58.2696],[25.793,58.2702],[25.7933,58.2707],[25.7952,58.2707],[25.7951,58.2706],[25.7928,58.2688],[25.7919,58.2684],[25.7915,58.2662],[25.795,58.2621],[25.7977,58.2632],[25.8017,58.2614],[25.8106,58.2587],[25.814,58.2597],[25.8139,58.2615],[25.817,58.266],[25.8185,58.2682],[25.8233,58.2748],[25.8219,58.2769],[25.8153,58.28],[25.8147,58.2796],[25.8132,58.2773],[25.8141,58.2757],[25.8138,58.2698],[25.8133,58.2692],[25.8072,58.2701],[25.8054,58.2768],[25.7961,58.2861],[25.7908,58.2821],[25.7873,58.2849],[25.7899,58.2934],[25.7873,58.2944],[25.7867,58.2945],[25.7816,58.2967],[25.7732,58.2969],[25.7728,58.2969],[25.7714,58.3003],[25.7674,58.3037],[25.7622,58.3031],[25.7583,58.2967],[25.7584,58.2951],[25.7593,58.2943],[25.7639,58.288],[25.7707,58.2879],[25.7712,58.2889],[25.7811,58.2847],[25.7826,58.2792],[25.7788,58.2752],[25.778,58.2763]]],[[[24.8636,58.2672],[24.871,58.2692],[24.8705,58.2723],[24.8657,58.2759],[24.8638,58.2837],[24.8571,58.2859],[24.8581,58.2884],[24.8634,58.2895],[24.874,58.2839],[24.873,58.2782],[24.8785,58.2775],[24.879,58.2731],[24.8753,58.2651],[24.877,58.2665],[24.8816,58.2708],[24.8936,58.2693],[24.9019,58.2645],[24.894,58.2598],[24.8874,58.2604],[24.8873,58.2601],[24.8829,58.2583],[24.8736,58.2499],[24.8701,58.2326],[24.8757,58.2156],[24.8778,58.2086],[24.8841,58.2058],[24.8904,58.2065],[24.8962,58.2106],[24.9034,58.2057],[24.8935,58.2037],[24.899,58.198],[24.9077,58.1967],[24.9027,58.2042],[24.9176,58.2036],[24.923,58.2012],[24.9236,58.2002],[24.9338,58.2042],[24.9385,58.2028],[24.9481,58.2021],[24.9585,58.2043],[24.9628,58.2044],[24.9527,58.199],[24.9436,58.1981],[24.945,58.1938],[24.9397,58.1901],[24.9478,58.1896],[24.9604,58.1896],[24.9729,58.1848],[24.9758,58.181],[24.9815,58.1712],[24.9958,58.163],[25.0047,58.1616],[25.0075,58.1657],[25.0157,58.1675],[25.0121,58.1734],[25.0122,58.1787],[25.0171,58.1807],[25.0182,58.17],[25.0221,58.1717],[25.0278,58.1772],[25.0384,58.1792],[25.0457,58.1849],[25.0508,58.1928],[25.0683,58.1999],[25.0628,58.1995],[25.0595,58.199],[25.0464,58.2134],[25.0412,58.2094],[25.0327,58.2137],[25.0318,58.2178],[25.0442,58.2172],[25.0478,58.2169],[25.0428,58.2207],[25.0521,58.2239],[25.0515,58.2125],[25.0574,58.2079],[25.0638,58.2091],[25.0679,58.2047],[25.0688,58.2083],[25.0771,58.2122],[25.0994,58.2164],[25.1219,58.2286],[25.1251,58.2304],[25.1215,58.2403],[25.1243,58.2408],[25.1284,58.2364],[25.1348,58.2358],[25.141,58.2374],[25.1304,58.2492],[25.12,58.2513],[25.1152,58.2482],[25.1124,58.2457],[25.1067,58.2434],[25.1062,58.2448],[25.113,58.2481],[25.1029,58.2541],[25.0943,58.2544],[25.0921,58.2597],[25.0963,58.2634],[25.0894,58.2659],[25.0888,58.2712],[25.0981,58.2787],[25.1001,58.2828],[25.1008,58.2828],[25.1025,58.2829],[25.1068,58.2786],[25.1059,58.2741],[25.0964,58.2718],[25.097,58.2675],[25.1045,58.267],[25.1043,58.2598],[25.1139,58.2534],[25.1308,58.2516],[25.1395,58.2468],[25.1423,58.2428],[25.1418,58.2378],[25.1522,58.2421],[25.1517,58.2421],[25.1686,58.245],[25.1669,58.2484],[25.1902,58.2512],[25.2041,58.2562],[25.2218,58.2582],[25.2383,58.2612],[25.2589,58.2673],[25.2634,58.272],[25.2682,58.2724],[25.2698,58.2735],[25.2672,58.2754],[25.2762,58.2848],[25.2913,58.2908],[25.2925,58.2923],[25.2958,58.2985],[25.2873,58.3015],[25.2827,58.2919],[25.2767,58.2978],[25.2777,58.3039],[25.2754,58.3104],[25.2688,58.3089],[25.2635,58.307],[25.266,58.3048],[25.2738,58.302],[25.2753,58.2957],[25.266,58.2929],[25.2647,58.293],[25.2585,58.2964],[25.2601,58.3052],[25.2517,58.3017],[25.2443,58.3044],[25.2207,58.3102],[25.2202,58.3122],[25.2189,58.3154],[25.2083,58.3132],[25.2051,58.317],[25.1994,58.3182],[25.2115,58.3323],[25.2192,58.3341],[25.2223,58.3337],[25.2311,58.3385],[25.2303,58.3424],[25.2363,58.3483],[25.2356,58.3508],[25.2268,58.3482],[25.2183,58.3538],[25.2292,58.3512],[25.2351,58.3608],[25.2383,58.3536],[25.2432,58.3511],[25.2547,58.3516],[25.2609,58.3569],[25.2725,58.3636],[25.2747,58.3674],[25.2813,58.3636],[25.2813,58.3579],[25.2831,58.358],[25.2885,58.3604],[25.2842,58.3563],[25.2904,58.3566],[25.2913,58.361],[25.2983,58.3626],[25.3101,58.358],[25.2994,58.353],[25.2908,58.3557],[25.2844,58.3498],[25.2916,58.3512],[25.3056,58.3492],[25.3058,58.3463],[25.3099,58.3466],[25.3111,58.3519],[25.3124,58.3576],[25.3045,58.3641],[25.3067,58.3681],[25.3142,58.3703],[25.3115,58.3725],[25.2961,58.3666],[25.3058,58.3727],[25.2932,58.3735],[25.3025,58.3798],[25.3046,58.3807],[25.3012,58.3881],[25.3007,58.3883],[25.2832,58.392],[25.2755,58.3961],[25.2649,58.3993],[25.2623,58.4027],[25.25,58.4048],[25.2369,58.4053],[25.221,58.4084],[25.2137,58.4085],[25.2165,58.4111],[25.2286,58.4129],[25.2234,58.413],[25.2193,58.4145],[25.2155,58.415],[25.2153,58.4147],[25.212,58.4157],[25.2097,58.4148],[25.2082,58.416],[25.2055,58.416],[25.2045,58.4162],[25.1988,58.4135],[25.1936,58.4113],[25.1835,58.4116],[25.1759,58.409],[25.1759,58.4042],[25.1668,58.4064],[25.1752,58.4024],[25.1888,58.3983],[25.1952,58.3911],[25.1933,58.3872],[25.1859,58.3837],[25.1895,58.3761],[25.1858,58.3727],[25.1857,58.3678],[25.1706,58.3542],[25.1619,58.3539],[25.1551,58.3507],[25.1443,58.3493],[25.1291,58.3549],[25.1225,58.3612],[25.1137,58.3865],[25.0982,58.3936],[25.0802,58.3968],[25.0813,58.3888],[25.0749,58.3905],[25.0639,58.3962],[25.0595,58.403],[25.0592,58.4074],[25.0576,58.4044],[25.056,58.4104],[25.0492,58.4121],[25.0534,58.4151],[25.066,58.4179],[25.0664,58.4188],[25.0638,58.4259],[25.0572,58.4266],[25.0574,58.4325],[25.0597,58.4305],[25.0653,58.427],[25.0687,58.42],[25.0718,58.4182],[25.0711,58.4232],[25.0754,58.4268],[25.0854,58.4279],[25.0846,58.43],[25.0744,58.4283],[25.069,58.4319],[25.0703,58.4386],[25.0801,58.4382],[25.0866,58.442],[25.0793,58.4438],[25.0759,58.4459],[25.0758,58.4489],[25.0681,58.4536],[25.0552,58.4533],[25.0518,58.4538],[25.0466,58.453],[25.037,58.4498],[25.0265,58.4522],[25.0199,58.4515],[25.0186,58.4516],[25.0194,58.4488],[25.0303,58.4468],[25.0348,58.4409],[25.0242,58.4422],[25.0183,58.4471],[25.0164,58.4447],[25.0145,58.4454],[25.0093,58.4486],[25.0114,58.4498],[25.0025,58.452],[24.9984,58.4527],[24.9919,58.4567],[24.9867,58.453],[24.989,58.4331],[24.9839,58.4269],[24.9852,58.4264],[25.0084,58.4207],[25.0128,58.409],[25.0153,58.4039],[25.0213,58.3992],[25.0173,58.3925],[25.0195,58.39],[25.0314,58.3908],[25.0295,58.3849],[25.0299,58.3804],[25.0331,58.3797],[25.0384,58.3769],[25.0404,58.3724],[25.0468,58.3688],[25.0572,58.3677],[25.0742,58.364],[25.0807,58.3647],[25.0842,58.3626],[25.0846,58.3558],[25.0882,58.3503],[25.0963,58.3463],[25.0982,58.3458],[25.1073,58.3442],[25.112,58.3353],[25.1105,58.3353],[25.1091,58.3358],[25.1018,58.3275],[25.1032,58.3228],[25.107,58.3212],[25.1019,58.3112],[25.1062,58.3084],[25.1055,58.3005],[25.0975,58.3001],[25.0974,58.3006],[25.0969,58.3068],[25.1005,58.3161],[25.0972,58.3204],[25.0939,58.3239],[25.093,58.3245],[25.0915,58.3267],[25.0889,58.3283],[25.0901,58.3297],[25.0953,58.3322],[25.0969,58.3347],[25.0967,58.3417],[25.0885,58.3434],[25.0875,58.3434],[25.0828,58.3433],[25.0749,58.35],[25.0623,58.3477],[25.0605,58.3515],[25.0556,58.3526],[25.0564,58.3548],[25.0493,58.3558],[25.049,58.3527],[25.0554,58.3483],[25.0588,58.3427],[25.0466,58.3479],[25.0443,58.3594],[25.0396,58.3634],[25.0324,58.3635],[25.0337,58.368],[25.0312,58.3677],[25.0285,58.3676],[25.0199,58.365],[25.0124,58.3695],[25.0135,58.3731],[25.0083,58.3776],[25.0047,58.375],[25.0042,58.3676],[25.004,58.3656],[25.0017,58.3568],[25.0025,58.3479],[24.981,58.3458],[24.9753,58.3415],[24.9674,58.3405],[24.9616,58.3445],[24.9618,58.3475],[24.9739,58.3523],[24.97,58.355],[24.9678,58.3647],[24.9491,58.3786],[24.9423,58.3762],[24.9479,58.3729],[24.9543,58.3737],[24.9624,58.3676],[24.9676,58.3534],[24.9648,58.3507],[24.9566,58.3673],[24.9476,58.3673],[24.937,58.3754],[24.9407,58.3769],[24.939,58.3793],[24.9294,58.3886],[24.9316,58.379],[24.9242,58.3775],[24.9209,58.3688],[24.913,58.3685],[24.9116,58.3648],[24.9173,58.3607],[24.9181,58.3596],[24.9182,58.3563],[24.9244,58.361],[24.9298,58.3612],[24.924,58.3537],[24.9183,58.3508],[24.9107,58.3541],[24.9063,58.3511],[24.9037,58.3543],[24.9036,58.3614],[24.9068,58.3631],[24.9068,58.364],[24.9099,58.3689],[24.9202,58.3727],[24.9181,58.3773],[24.9123,58.3802],[24.9044,58.3842],[24.9052,58.3946],[24.8978,58.3984],[24.8895,58.3999],[24.8874,58.4062],[24.8947,58.4045],[24.9076,58.4102],[24.8983,58.4132],[24.8943,58.4182],[24.901,58.4219],[24.9023,58.4292],[24.9085,58.4316],[24.917,58.4319],[24.9178,58.4318],[24.9262,58.4431],[24.931,58.4405],[24.9318,58.4361],[24.9241,58.4346],[24.9215,58.4313],[24.942,58.4303],[24.9396,58.4363],[24.9428,58.4409],[24.9502,58.439],[24.9549,58.4426],[24.9574,58.4432],[24.9701,58.4346],[24.9654,58.4325],[24.9655,58.428],[24.9709,58.427],[24.9781,58.4177],[24.9829,58.4201],[24.9978,58.4138],[24.9933,58.4087],[24.9926,58.3975],[24.9936,58.3943],[25.0043,58.3869],[25.0125,58.3844],[25.0164,58.3881],[25.0122,58.395],[25.0039,58.3974],[24.9981,58.4021],[25.0017,58.406],[24.9982,58.4114],[24.999,58.4126],[25.0003,58.4164],[24.9884,58.4181],[24.9815,58.4263],[24.9728,58.4307],[24.9764,58.4363],[24.9824,58.4403],[24.983,58.4455],[24.9828,58.4505],[24.9774,58.455],[24.9704,58.4569],[24.9656,58.4545],[24.9553,58.4531],[24.9395,58.4529],[24.9378,58.456],[24.9291,58.4556],[24.9294,58.4575],[24.9325,58.4621],[24.9274,58.4675],[24.9388,58.4739],[24.9446,58.4745],[24.945,58.4819],[24.9518,58.4862],[24.9627,58.4826],[24.9678,58.4836],[24.9798,58.4912],[24.9851,58.492],[24.9941,58.4983],[25.0155,58.5031],[25.0246,58.5054],[25.0211,58.5073],[25.0108,58.5036],[25.0003,58.503],[24.9956,58.4998],[24.9774,58.4921],[24.9644,58.4913],[24.9556,58.4918],[24.9523,58.4869],[24.943,58.4837],[24.9461,58.4912],[24.9427,58.4909],[24.9428,58.4963],[24.9308,58.4967],[24.9308,58.4948],[24.9307,58.4936],[24.9358,58.49],[24.9391,58.4903],[24.9393,58.4892],[24.9379,58.4891],[24.9359,58.4895],[24.9295,58.4852],[24.9255,58.4803],[24.9243,58.4743],[24.9184,58.4727],[24.9181,58.4696],[24.9182,58.4689],[24.9192,58.4683],[24.9194,58.4668],[24.9163,58.4652],[24.904,58.4677],[24.9025,58.468],[24.9015,58.4682],[24.9011,58.4683],[24.8993,58.467],[24.8851,58.4576],[24.8814,58.4592],[24.8852,58.4574],[24.8851,58.4572],[24.8844,58.4574],[24.8746,58.4548],[24.879,58.4507],[24.8681,58.4447],[24.8625,58.4446],[24.8585,58.4407],[24.859,58.4358],[24.8633,58.4355],[24.866,58.4365],[24.8739,58.4424],[24.8753,58.4435],[24.8756,58.4436],[24.8847,58.4415],[24.8886,58.442],[24.8902,58.4419],[24.8922,58.4413],[24.895,58.4416],[24.9001,58.4396],[24.8958,58.4332],[24.8884,58.426],[24.8819,58.4289],[24.8823,58.4327],[24.8834,58.4375],[24.885,58.4411],[24.8824,58.441],[24.8771,58.4374],[24.8769,58.437],[24.8767,58.4368],[24.8761,58.4362],[24.8759,58.4346],[24.875,58.4337],[24.8732,58.4337],[24.8727,58.4337],[24.8639,58.4319],[24.8612,58.4346],[24.852,58.4326],[24.8507,58.4306],[24.8509,58.4296],[24.8512,58.4281],[24.8577,58.4242],[24.8573,58.4194],[24.8567,58.4149],[24.857,58.4147],[24.8575,58.4138],[24.8558,58.4137],[24.8562,58.413],[24.8573,58.4074],[24.8545,58.4065],[24.849,58.4104],[24.8422,58.4064],[24.8383,58.4022],[24.8321,58.3983],[24.8358,58.396],[24.8286,58.3969],[24.8233,58.384],[24.8254,58.3838],[24.8209,58.3808],[24.8206,58.3809],[24.8179,58.3778],[24.8234,58.3748],[24.8225,58.3741],[24.8215,58.3723],[24.8192,58.3676],[24.815,58.3579],[24.8132,58.3576],[24.8104,58.3533],[24.7936,58.3591],[24.7909,58.3592],[24.7833,58.3605],[24.7809,58.3565],[24.7805,58.3475],[24.7835,58.3478],[24.7913,58.3491],[24.7959,58.3479],[24.7938,58.3438],[24.7829,58.341],[24.7703,58.3426],[24.7691,58.3451],[24.7657,58.3417],[24.7643,58.3414],[24.7593,58.3456],[24.7656,58.3477],[24.7675,58.352],[24.7571,58.3532],[24.757,58.3577],[24.767,58.361],[24.7562,58.3634],[24.7716,58.3668],[24.7743,58.3675],[24.7706,58.3702],[24.7706,58.3711],[24.7722,58.3741],[24.7811,58.3754],[24.789,58.3741],[24.7925,58.3744],[24.7936,58.3744],[24.7961,58.3749],[24.798,58.3778],[24.7824,58.3808],[24.7813,58.385],[24.791,58.3853],[24.7964,58.3828],[24.8065,58.3812],[24.8074,58.38],[24.8072,58.3799],[24.8113,58.3785],[24.8191,58.3793],[24.8193,58.3797],[24.8204,58.3809],[24.8215,58.3829],[24.8237,58.3899],[24.8146,58.3945],[24.8283,58.3995],[24.8275,58.3998],[24.8253,58.4034],[24.8256,58.4106],[24.8245,58.415],[24.824,58.4178],[24.8316,58.4285],[24.8397,58.4301],[24.8358,58.4334],[24.8322,58.4345],[24.8306,58.4315],[24.8216,58.4304],[24.8093,58.4309],[24.8075,58.4307],[24.8066,58.4309],[24.8057,58.4311],[24.8052,58.4318],[24.8108,58.4402],[24.8034,58.4388],[24.8008,58.4338],[24.8012,58.4324],[24.8035,58.432],[24.7927,58.4327],[24.7926,58.4326],[24.7924,58.4325],[24.7804,58.4296],[24.777,58.4314],[24.7648,58.4305],[24.7609,58.4281],[24.7678,58.4282],[24.7692,58.4271],[24.7412,58.4194],[24.7417,58.4188],[24.7844,58.4296],[24.7924,58.4299],[24.7931,58.4242],[24.7889,58.4186],[24.783,58.4129],[24.7815,58.4091],[24.7773,58.4026],[24.7655,58.3929],[24.7443,58.3815],[24.7361,58.3826],[24.7152,58.3765],[24.7082,58.3792],[24.7046,58.3738],[24.7038,58.3731],[24.6932,58.3725],[24.69,58.3757],[24.695,58.3784],[24.6989,58.3849],[24.696,58.3953],[24.6893,58.3906],[24.6845,58.3868],[24.662,58.3778],[24.6597,58.3782],[24.6525,58.3843],[24.6511,58.3892],[24.6559,58.3915],[24.6631,58.3896],[24.6693,58.3924],[24.6784,58.3933],[24.6817,58.3995],[24.6711,58.4041],[24.6723,58.4067],[24.672,58.4067],[24.6709,58.4051],[24.6702,58.4051],[24.6688,58.402],[24.6689,58.4018],[24.669,58.401],[24.6705,58.4007],[24.6702,58.3999],[24.6706,58.3992],[24.6694,58.3988],[24.6723,58.3975],[24.6731,58.3971],[24.6748,58.3969],[24.6738,58.3946],[24.6731,58.3943],[24.6704,58.3953],[24.6703,58.3954],[24.6672,58.3941],[24.6635,58.3938],[24.6625,58.3946],[24.6615,58.3954],[24.6607,58.3955],[24.6538,58.3945],[24.6524,58.3939],[24.651,58.394],[24.6484,58.3941],[24.6434,58.392],[24.6416,58.3897],[24.64,58.3817],[24.6409,58.3815],[24.6475,58.3777],[24.6413,58.3746],[24.6421,58.3711],[24.6446,58.3753],[24.6567,58.3755],[24.6573,58.3727],[24.6596,58.3729],[24.6634,58.3688],[24.6708,58.3662],[24.672,58.3663],[24.6737,58.3654],[24.6746,58.3645],[24.685,58.3599],[24.6911,58.3571],[24.7018,58.3573],[24.7102,58.3602],[24.7278,58.3609],[24.7283,58.3574],[24.7354,58.3521],[24.7428,58.3487],[24.742,58.3452],[24.7483,58.344],[24.75,58.3365],[24.7435,58.3361],[24.7436,58.3352],[24.7404,58.3343],[24.743,58.3325],[24.7409,58.3337],[24.7388,58.3359],[24.7364,58.3357],[24.7147,58.3371],[24.7104,58.3334],[24.7228,58.2831],[24.7237,58.2824],[24.7731,58.2751],[24.7719,58.2813],[24.7666,58.2837],[24.7741,58.2934],[24.7774,58.2927],[24.7856,58.2949],[24.7916,58.2876],[24.7856,58.2898],[24.7791,58.2816],[24.7766,58.2745],[24.8229,58.2674],[24.8533,58.2628],[24.8564,58.2672],[24.8636,58.2672]],[[24.8405,58.28],[24.8286,58.2804],[24.8264,58.2867],[24.8219,58.2908],[24.8195,58.2909],[24.8222,58.2859],[24.8141,58.2813],[24.8077,58.2923],[24.8106,58.2959],[24.8147,58.2958],[24.8194,58.2915],[24.831,58.2941],[24.837,58.2981],[24.8381,58.2992],[24.8339,58.3022],[24.833,58.3056],[24.8305,58.3117],[24.8334,58.3132],[24.8368,58.3179],[24.8315,58.3194],[24.8401,58.3186],[24.8484,58.3138],[24.8526,58.3145],[24.8534,58.314],[24.8532,58.305],[24.8629,58.3023],[24.8632,58.3039],[24.8632,58.304],[24.8619,58.3051],[24.8592,58.3072],[24.8607,58.3092],[24.8707,58.309],[24.8746,58.3033],[24.8803,58.2998],[24.8861,58.2992],[24.8876,58.2951],[24.8787,58.2947],[24.8743,58.2991],[24.867,58.304],[24.8637,58.3002],[24.8602,58.2997],[24.8609,58.2984],[24.8502,58.2967],[24.8516,58.2925],[24.8411,58.2908],[24.8389,58.2871],[24.84,58.2821],[24.8405,58.28]],[[24.7997,58.3372],[24.7965,58.3341],[24.7955,58.3318],[24.7947,58.323],[24.7938,58.3225],[24.7904,58.3199],[24.789,58.3201],[24.7832,58.3227],[24.7792,58.3212],[24.7796,58.3183],[24.7683,58.3115],[24.7562,58.3113],[24.7633,58.3166],[24.758,58.3212],[24.7577,58.3268],[24.7543,58.3294],[24.7496,58.3317],[24.7518,58.3331],[24.7553,58.3366],[24.7621,58.3245],[24.7637,58.3301],[24.769,58.3329],[24.7658,58.3389],[24.7838,58.3352],[24.7871,58.3362],[24.786,58.3397],[24.7979,58.3415],[24.7997,58.3372]],[[24.8205,58.3657],[24.8364,58.3786],[24.8462,58.3772],[24.8553,58.3719],[24.8559,58.3657],[24.8533,58.361],[24.8469,58.3561],[24.8366,58.3541],[24.8291,58.3486],[24.8179,58.3447],[24.8053,58.3471],[24.811,58.3486],[24.8155,58.356],[24.8228,58.3577],[24.8193,58.3616],[24.8205,58.3657]],[[24.8887,58.3626],[24.8818,58.3584],[24.8835,58.3552],[24.879,58.3513],[24.8789,58.3437],[24.8651,58.3408],[24.8608,58.3439],[24.8712,58.3517],[24.871,58.3529],[24.8751,58.3535],[24.8717,58.3586],[24.8626,58.3597],[24.8594,58.3636],[24.8585,58.3695],[24.8616,58.3721],[24.8703,58.374],[24.8761,58.3709],[24.8781,58.3691],[24.8879,58.3655],[24.8887,58.3626]],[[25.0024,58.2705],[25.0007,58.2698],[24.9972,58.2673],[24.9928,58.2667],[24.9848,58.2686],[24.9871,58.2722],[24.9805,58.2714],[24.9862,58.2577],[24.9854,58.2537],[24.9929,58.251],[24.9916,58.2453],[24.9837,58.2468],[24.9775,58.2526],[24.9839,58.2593],[24.978,58.2686],[24.9779,58.2779],[24.9863,58.279],[24.9875,58.2791],[24.9821,58.2877],[24.9829,58.2904],[24.9912,58.2939],[25.0001,58.2915],[25.0011,58.29],[25.0002,58.2876],[25.0068,58.2864],[25.0082,58.2769],[25.0048,58.2726],[25.0024,58.2705]],[[24.943,58.2907],[24.933,58.2899],[24.9213,58.2931],[24.9157,58.298],[24.9177,58.3052],[24.9349,58.3079],[24.9395,58.3044],[24.9493,58.2985],[24.9512,58.2938],[24.943,58.2907]],[[24.9502,58.3193],[24.9559,58.3262],[24.9611,58.3289],[24.9678,58.3253],[24.9778,58.3267],[24.9798,58.3225],[24.9757,58.3148],[24.9706,58.2992],[24.9631,58.2988],[24.9568,58.3032],[24.9502,58.3193]],[[25.0846,58.3915],[25.09,58.394],[25.111,58.3858],[25.1152,58.3773],[25.1176,58.3661],[25.1208,58.3582],[25.1142,58.3535],[25.0976,58.3589],[25.0846,58.3915]],[[24.7234,58.3006],[24.7259,58.3076],[24.7356,58.3088],[24.7486,58.297],[24.7484,58.2886],[24.7425,58.286],[24.7341,58.2865],[24.7252,58.2925],[24.7305,58.2989],[24.7234,58.3006]]],[[[25.539,58.2725],[25.5433,58.2693],[25.5519,58.2702],[25.5547,58.2688],[25.5564,58.2693],[25.5581,58.2699],[25.5679,58.2692],[25.5659,58.2706],[25.5654,58.2715],[25.5627,58.2742],[25.5617,58.276],[25.5632,58.2775],[25.564,58.2776],[25.563,58.278],[25.5583,58.2816],[25.5483,58.2811],[25.5477,58.2869],[25.5541,58.2867],[25.5564,58.2957],[25.5412,58.2974],[25.539,58.2973],[25.5334,58.2971],[25.5318,58.2979],[25.5247,58.3015],[25.5356,58.3033],[25.5368,58.2985],[25.5388,58.2975],[25.5413,58.2974],[25.5453,58.2999],[25.5376,58.306],[25.5292,58.3074],[25.5216,58.3082],[25.5214,58.3083],[25.5213,58.3083],[25.522,58.3088],[25.5221,58.3088],[25.5208,58.3101],[25.5158,58.3006],[25.5057,58.3003],[25.5202,58.2877],[25.5184,58.2867],[25.5172,58.2816],[25.5174,58.278],[25.5342,58.274],[25.5352,58.2716],[25.539,58.2725]]],[[[21.8655,58.2774],[21.8637,58.2811],[21.8678,58.2839],[21.8692,58.2884],[21.8643,58.2933],[21.873,58.3032],[21.8683,58.3034],[21.8606,58.2969],[21.8552,58.3002],[21.8448,58.2985],[21.8432,58.2931],[21.8413,58.2869],[21.8317,58.2825],[21.8388,58.2812],[21.8427,58.2834],[21.8571,58.281],[21.8655,58.2774]]],[[[22.8143,58.3074],[22.8153,58.308],[22.8189,58.3081],[22.8269,58.3083],[22.8285,58.3073],[22.8306,58.3069],[22.8317,58.3053],[22.8297,58.2998],[22.8245,58.2942],[22.8172,58.2935],[22.8188,58.2911],[22.8247,58.2917],[22.8346,58.2982],[22.8342,58.301],[22.8455,58.3077],[22.8574,58.3171],[22.8461,58.3191],[22.8544,58.3276],[22.8454,58.3298],[22.8266,58.3251],[22.8251,58.325],[22.8263,58.3206],[22.8187,58.3171],[22.8092,58.3151],[22.8246,58.3142],[22.8229,58.3108],[22.8119,58.3103],[22.8113,58.3063],[22.8143,58.3074]]],[[[24.6749,58.3236],[24.6814,58.3226],[24.6824,58.3234],[24.6827,58.3239],[24.6846,58.3269],[24.6857,58.3267],[24.6881,58.3275],[24.6862,58.3253],[24.6996,58.3212],[24.711,58.3251],[24.709,58.3334],[24.7069,58.3414],[24.7048,58.344],[24.703,58.3386],[24.6977,58.3321],[24.6912,58.3305],[24.6906,58.3298],[24.6881,58.3295],[24.6906,58.3319],[24.6905,58.3408],[24.6836,58.3438],[24.6835,58.3411],[24.6685,58.3399],[24.6656,58.3439],[24.6682,58.3454],[24.6704,58.3467],[24.6693,58.3466],[24.6687,58.3466],[24.6661,58.3469],[24.6621,58.3455],[24.6614,58.3378],[24.6572,58.3336],[24.6526,58.3296],[24.6529,58.3265],[24.6581,58.3213],[24.6562,58.3161],[24.6489,58.3221],[24.6477,58.3221],[24.6447,58.3295],[24.6448,58.3312],[24.6473,58.3346],[24.6478,58.3369],[24.6543,58.3438],[24.653,58.3496],[24.6469,58.3522],[24.6462,58.3527],[24.6475,58.3533],[24.6485,58.3539],[24.6491,58.3541],[24.6531,58.3574],[24.654,58.3579],[24.6548,58.3586],[24.6529,58.3596],[24.6509,58.3594],[24.6503,58.3595],[24.6496,58.3596],[24.6448,58.36],[24.6447,58.3602],[24.6454,58.3634],[24.6459,58.3639],[24.6363,58.3671],[24.6268,58.3716],[24.621,58.3682],[24.6177,58.3662],[24.6129,58.3626],[24.6136,58.3546],[24.6174,58.3531],[24.6192,58.3538],[24.6248,58.3482],[24.6252,58.3475],[24.6298,58.3419],[24.6339,58.3371],[24.6279,58.3347],[24.6252,58.3297],[24.6252,58.3269],[24.6231,58.3255],[24.6226,58.3249],[24.6249,58.3231],[24.6233,58.3203],[24.6232,58.3201],[24.6229,58.3182],[24.622,58.3158],[24.6248,58.3146],[24.621,58.3061],[24.621,58.3016],[24.6155,58.2985],[24.6138,58.2975],[24.6174,58.2951],[24.6161,58.2942],[24.6181,58.2918],[24.6199,58.2909],[24.6203,58.2909],[24.6214,58.2929],[24.6227,58.2913],[24.6215,58.2903],[24.6302,58.2838],[24.638,58.285],[24.6391,58.2856],[24.6447,58.2908],[24.6459,58.2914],[24.6547,58.2997],[24.6548,58.3018],[24.6498,58.3108],[24.6554,58.3078],[24.6638,58.3],[24.6677,58.2971],[24.6664,58.2999],[24.6812,58.3077],[24.6764,58.3079],[24.6744,58.3043],[24.6643,58.3046],[24.6594,58.3109],[24.6619,58.3149],[24.6629,58.3172],[24.6758,58.3184],[24.6749,58.3236]]],[[[23.9805,58.3381],[23.9782,58.3377],[23.9702,58.3328],[23.9664,58.3397],[23.9606,58.3366],[23.9516,58.3402],[23.9572,58.3433],[23.9656,58.3408],[23.9806,58.3383],[23.9919,58.3382],[23.9687,58.3422],[23.9706,58.3449],[23.9796,58.3439],[23.9807,58.3472],[23.9919,58.344],[24.0022,58.345],[24.0024,58.35],[23.9957,58.3482],[23.963,58.3534],[23.9669,58.3572],[23.9594,58.3649],[23.9622,58.373],[23.9685,58.3769],[23.969,58.3809],[23.962,58.3839],[23.9579,58.39],[23.9546,58.3963],[23.9476,58.4023],[23.9515,58.4088],[23.9547,58.42],[23.9607,58.4228],[23.9756,58.4234],[23.9835,58.4311],[23.9789,58.4332],[23.9742,58.4419],[23.9779,58.4427],[23.9703,58.4524],[23.9683,58.4533],[23.962,58.4549],[23.9555,58.4644],[23.9628,58.4651],[23.9669,58.461],[23.9607,58.4721],[23.9685,58.4734],[23.9717,58.468],[23.9807,58.4687],[23.9923,58.4656],[23.9902,58.4635],[23.9944,58.4602],[24.0074,58.462],[24.0138,58.4652],[24.0181,58.4703],[24.0218,58.4675],[24.0303,58.4681],[24.0347,58.4642],[24.0375,58.4523],[24.0375,58.4439],[24.0462,58.4371],[24.0511,58.4372],[24.0567,58.4309],[24.0523,58.4294],[24.054,58.4287],[24.0592,58.4312],[24.0597,58.4368],[24.0497,58.4493],[24.0389,58.4495],[24.0412,58.4566],[24.0395,58.464],[24.0347,58.4711],[24.027,58.4727],[24.023,58.4768],[24.0075,58.4821],[24.0191,58.4719],[24.0076,58.4757],[24.0139,58.4717],[24.006,58.4691],[24.0017,58.4718],[24.0062,58.4761],[24.001,58.4837],[23.9951,58.483],[23.9837,58.4847],[23.9821,58.4888],[23.9842,58.4926],[23.9944,58.492],[24,58.4893],[24.0084,58.4887],[24.0214,58.4913],[24.0383,58.4904],[24.0402,58.4935],[24.0245,58.4969],[24.019,58.4929],[24.0042,58.496],[24.0049,58.499],[24.0078,58.5075],[24.0133,58.5134],[24.015,58.5197],[24.0265,58.5238],[24.0392,58.5212],[24.0514,58.5251],[24.0583,58.5251],[24.042,58.5291],[24.0415,58.5234],[24.0245,58.525],[24.0141,58.5222],[24.0106,58.5347],[24.0134,58.5378],[23.9831,58.5498],[23.9825,58.5515],[23.9777,58.5513],[23.9723,58.5444],[23.9613,58.546],[23.9584,58.5464],[23.9618,58.5518],[23.9558,58.5532],[23.9612,58.5594],[23.9663,58.5642],[23.9665,58.5691],[23.9616,58.5719],[23.9677,58.5776],[23.9655,58.5789],[23.9605,58.5778],[23.9543,58.5704],[23.8885,58.5814],[23.8791,58.5923],[23.9069,58.5877],[23.908,58.5886],[23.9038,58.5894],[23.8919,58.5915],[23.8985,58.5957],[23.8923,58.5975],[23.8921,58.5978],[23.8872,58.6014],[23.8789,58.602],[23.8962,58.6077],[23.8952,58.6095],[23.8913,58.6139],[23.8961,58.6176],[23.8857,58.6213],[23.8887,58.625],[23.8879,58.6259],[23.8836,58.627],[23.8787,58.6285],[23.879,58.6287],[23.8739,58.6307],[23.8759,58.627],[23.8809,58.6191],[23.8831,58.6149],[23.8707,58.6129],[23.8636,58.6145],[23.861,58.6185],[23.8565,58.6166],[23.8638,58.6075],[23.8578,58.6055],[23.8622,58.601],[23.8613,58.5988],[23.8565,58.5974],[23.8561,58.5965],[23.8687,58.5883],[23.8561,58.5865],[23.8512,58.5835],[23.842,58.5856],[23.8398,58.5828],[23.8318,58.59],[23.8338,58.5923],[23.8325,58.5957],[23.8441,58.5997],[23.8232,58.6004],[23.822,58.6063],[23.83,58.6099],[23.8262,58.6155],[23.8189,58.62],[23.816,58.6189],[23.8086,58.617],[23.8083,58.6145],[23.7954,58.6155],[23.7962,58.6198],[23.8073,58.6215],[23.807,58.6248],[23.8051,58.6286],[23.8076,58.63],[23.8128,58.6379],[23.8184,58.6364],[23.8155,58.6441],[23.8214,58.6445],[23.8133,58.6494],[23.8141,58.6549],[23.8058,58.6589],[23.796,58.6577],[23.7967,58.6533],[23.7764,58.6506],[23.774,58.6538],[23.7688,58.6528],[23.766,58.6494],[23.7577,58.6509],[23.7457,58.6506],[23.7409,58.6568],[23.7352,58.6569],[23.7258,58.6479],[23.7213,58.6449],[23.7189,58.6429],[23.73,58.6317],[23.7262,58.6306],[23.7251,58.6289],[23.73,58.6282],[23.731,58.6263],[23.7435,58.6229],[23.7355,58.619],[23.7245,58.6209],[23.7178,58.6241],[23.7183,58.6214],[23.7292,58.6181],[23.7321,58.6151],[23.728,58.6156],[23.7269,58.6177],[23.7136,58.6194],[23.7173,58.6244],[23.7214,58.6276],[23.7077,58.6264],[23.6994,58.6267],[23.6803,58.6219],[23.6508,58.6127],[23.6494,58.6118],[23.6595,58.6095],[23.6482,58.6064],[23.6531,58.6029],[23.6454,58.6006],[23.6362,58.5923],[23.6398,58.5917],[23.6537,58.5968],[23.654,58.5928],[23.6542,58.5876],[23.6607,58.5879],[23.6661,58.593],[23.6651,58.5996],[23.6764,58.5997],[23.6664,58.593],[23.6736,58.5924],[23.6841,58.5916],[23.6782,58.5935],[23.6763,58.5983],[23.6817,58.6],[23.6932,58.5971],[23.7001,58.592],[23.7075,58.5881],[23.7025,58.5843],[23.7138,58.5872],[23.7201,58.584],[23.721,58.5835],[23.7224,58.5829],[23.724,58.5822],[23.7258,58.581],[23.7248,58.5806],[23.733,58.5783],[23.735,58.5821],[23.7253,58.5906],[23.7164,58.5895],[23.7174,58.5901],[23.7165,58.5961],[23.7335,58.5957],[23.7347,58.593],[23.7412,58.5946],[23.7477,58.5919],[23.7524,58.5918],[23.7485,58.5884],[23.7474,58.5874],[23.7473,58.5769],[23.747,58.576],[23.7452,58.5714],[23.7443,58.571],[23.7406,58.5679],[23.7418,58.5674],[23.7436,58.5666],[23.744,58.5664],[23.7453,58.5661],[23.7477,58.5654],[23.7482,58.5652],[23.7485,58.5647],[23.7462,58.5526],[23.7418,58.5521],[23.7377,58.5513],[23.7381,58.55],[23.7511,58.5524],[23.778,58.55],[23.7857,58.5529],[23.7996,58.5511],[23.8021,58.5467],[23.787,58.5487],[23.7846,58.5456],[23.7752,58.5378],[23.7531,58.5424],[23.7535,58.5476],[23.7392,58.5463],[23.7372,58.55],[23.7285,58.5487],[23.7413,58.5433],[23.7364,58.5363],[23.7456,58.5329],[23.7507,58.5401],[23.7665,58.5376],[23.7619,58.5298],[23.7575,58.5271],[23.7437,58.5299],[23.7346,58.5253],[23.7357,58.5255],[23.7462,58.5259],[23.7446,58.5233],[23.7502,58.5154],[23.7353,58.5126],[23.7369,58.5117],[23.7251,58.5104],[23.7254,58.5186],[23.7333,58.521],[23.729,58.5251],[23.7327,58.5303],[23.7225,58.5326],[23.7185,58.5359],[23.7062,58.5342],[23.7138,58.5317],[23.7229,58.5313],[23.7177,58.5207],[23.7122,58.5186],[23.7143,58.5149],[23.7075,58.5116],[23.7024,58.515],[23.6956,58.51],[23.6963,58.5016],[23.7126,58.5002],[23.7178,58.4939],[23.7112,58.496],[23.7011,58.4921],[23.6965,58.4876],[23.6965,58.4802],[23.6884,58.479],[23.6842,58.4703],[23.6861,58.4679],[23.6963,58.4678],[23.6949,58.4635],[23.6889,58.4588],[23.7009,58.4591],[23.689,58.4538],[23.6904,58.4478],[23.6948,58.4457],[23.6913,58.441],[23.6944,58.4319],[23.6983,58.4287],[23.6921,58.4259],[23.6961,58.4186],[23.6996,58.4199],[23.7013,58.421],[23.7009,58.4217],[23.6998,58.4227],[23.6994,58.4236],[23.7079,58.422],[23.7097,58.4175],[23.7179,58.4174],[23.7147,58.4122],[23.7155,58.4107],[23.7165,58.4101],[23.7178,58.4064],[23.7197,58.4044],[23.727,58.3996],[23.7272,58.3865],[23.7404,58.3723],[23.7513,58.3676],[23.7446,58.366],[23.748,58.3604],[23.7576,58.3569],[23.7612,58.3614],[23.7678,58.3622],[23.7667,58.3684],[23.7727,58.3731],[23.7691,58.3794],[23.7772,58.3809],[23.7855,58.3852],[23.7878,58.3883],[23.7856,58.3895],[23.7779,58.3942],[23.7737,58.4004],[23.7643,58.4003],[23.7681,58.3975],[23.7589,58.3953],[23.76,58.4022],[23.76,58.4031],[23.7503,58.4042],[23.7502,58.3976],[23.7459,58.396],[23.7335,58.3944],[23.7327,58.4044],[23.733,58.4106],[23.7271,58.4144],[23.7351,58.4167],[23.7372,58.4212],[23.7334,58.4256],[23.7282,58.4263],[23.7299,58.4309],[23.7193,58.4358],[23.7211,58.443],[23.7248,58.4435],[23.7301,58.4464],[23.7226,58.4589],[23.7216,58.4643],[23.7333,58.469],[23.7415,58.4666],[23.7452,58.4597],[23.7501,58.4592],[23.7511,58.4538],[23.7558,58.4524],[23.7646,58.4526],[23.77,58.4559],[23.7649,58.4608],[23.7579,58.4672],[23.7414,58.4766],[23.7241,58.4816],[23.7223,58.484],[23.7273,58.4821],[23.7368,58.4829],[23.7445,58.4786],[23.7506,58.4763],[23.7514,58.4713],[23.7654,58.4668],[23.7721,58.4631],[23.7863,58.4658],[23.7876,58.4624],[23.7708,58.4626],[23.778,58.4601],[23.7764,58.4532],[23.7723,58.4527],[23.7701,58.4427],[23.7669,58.4416],[23.7674,58.44],[23.774,58.4411],[23.7927,58.4432],[23.7973,58.4489],[23.8002,58.4425],[23.7918,58.4357],[23.7936,58.4326],[23.8007,58.4251],[23.809,58.424],[23.8165,58.418],[23.8247,58.4174],[23.8248,58.4127],[23.8252,58.4119],[23.8286,58.4031],[23.8205,58.3992],[23.8288,58.3989],[23.8317,58.3947],[23.834,58.3949],[23.8393,58.3923],[23.8314,58.3902],[23.8232,58.3888],[23.8065,58.39],[23.8049,58.388],[23.7975,58.3901],[23.7946,58.3943],[23.8042,58.3999],[23.8087,58.392],[23.8174,58.3931],[23.8152,58.4],[23.814,58.4018],[23.8009,58.404],[23.8006,58.4105],[23.7935,58.4175],[23.7901,58.416],[23.795,58.4089],[23.7867,58.4067],[23.7838,58.401],[23.7859,58.3953],[23.7887,58.3896],[23.802,58.3795],[23.8075,58.3743],[23.8164,58.3698],[23.8207,58.3707],[23.817,58.3767],[23.8271,58.376],[23.832,58.3718],[23.8409,58.3704],[23.8437,58.3677],[23.844,58.3673],[23.8462,58.3687],[23.8493,58.3749],[23.857,58.3801],[23.8516,58.3815],[23.8407,58.3787],[23.8358,58.3819],[23.8365,58.3819],[23.8388,58.3838],[23.8416,58.3839],[23.8462,58.3819],[23.8599,58.382],[23.8617,58.38],[23.8754,58.377],[23.8602,58.3775],[23.8614,58.3759],[23.8531,58.3675],[23.8546,58.3657],[23.8552,58.365],[23.8568,58.3581],[23.8627,58.3564],[23.8667,58.3513],[23.8701,58.3488],[23.8718,58.3515],[23.8821,58.354],[23.8879,58.3457],[23.9062,58.3492],[23.9076,58.3526],[23.8837,58.3708],[23.8869,58.371],[23.8741,58.3788],[23.8807,58.3806],[23.8883,58.3793],[23.8988,58.371],[23.9034,58.3656],[23.9112,58.3621],[23.9192,58.3637],[23.9236,58.361],[23.9274,58.3579],[23.9338,58.3573],[23.9306,58.3539],[23.9353,58.3488],[23.9356,58.3475],[23.9463,58.3461],[23.9454,58.3423],[23.9411,58.345],[23.9376,58.3425],[23.9402,58.3354],[23.9392,58.33],[23.9469,58.3295],[23.9585,58.3263],[23.9656,58.3221],[23.9726,58.3248],[23.9815,58.3215],[23.9884,58.3222],[23.987,58.3302],[23.9886,58.3336],[23.9805,58.3381]],[[23.8421,58.4097],[23.836,58.4163],[23.8437,58.4183],[23.8378,58.4268],[23.833,58.4294],[23.8265,58.4316],[23.8175,58.4322],[23.8163,58.4333],[23.8238,58.4339],[23.8286,58.4351],[23.8367,58.4361],[23.8429,58.4328],[23.8432,58.4323],[23.8469,58.4271],[23.8493,58.4266],[23.8566,58.4199],[23.8697,58.4223],[23.8746,58.4164],[23.8682,58.416],[23.8724,58.4094],[23.871,58.4072],[23.8694,58.4016],[23.8729,58.3992],[23.8753,58.3964],[23.8848,58.398],[23.8866,58.3949],[23.8795,58.392],[23.8744,58.3923],[23.866,58.4007],[23.8641,58.4039],[23.8519,58.4049],[23.8476,58.4042],[23.8421,58.4097]],[[23.9319,58.4805],[23.9345,58.475],[23.9188,58.474],[23.9154,58.4787],[23.9177,58.4828],[23.9131,58.4882],[23.9146,58.4923],[23.91,58.4968],[23.8955,58.4975],[23.8799,58.5028],[23.875,58.4997],[23.8841,58.4941],[23.8763,58.4905],[23.8681,58.4904],[23.8553,58.4892],[23.8545,58.4954],[23.8494,58.4998],[23.8557,58.5045],[23.8598,58.5064],[23.8544,58.5101],[23.8481,58.5061],[23.844,58.5061],[23.8429,58.506],[23.8406,58.5057],[23.8368,58.5079],[23.836,58.5055],[23.8352,58.5089],[23.8359,58.5101],[23.8342,58.52],[23.8414,58.5122],[23.8462,58.5107],[23.8482,58.5109],[23.8506,58.514],[23.8596,58.5174],[23.8531,58.5228],[23.8597,58.5251],[23.8712,58.5212],[23.8755,58.5218],[23.8814,58.5169],[23.8747,58.5124],[23.8759,58.5091],[23.8716,58.5067],[23.8804,58.5074],[23.8831,58.5039],[23.8903,58.5021],[23.8996,58.5025],[23.9055,58.4981],[23.9123,58.5018],[23.9071,58.5105],[23.9131,58.5116],[23.9023,58.5147],[23.8942,58.516],[23.9115,58.5232],[23.9081,58.5244],[23.8918,58.5264],[23.8811,58.5274],[23.8683,58.5313],[23.8518,58.5287],[23.8492,58.5249],[23.8472,58.5315],[23.8415,58.5322],[23.8321,58.5321],[23.8282,58.5247],[23.8284,58.5206],[23.8224,58.5173],[23.8135,58.5206],[23.8107,58.517],[23.8018,58.5196],[23.8035,58.5231],[23.806,58.5263],[23.8138,58.5357],[23.8101,58.5364],[23.7996,58.5227],[23.7956,58.5222],[23.7904,58.5154],[23.765,58.5203],[23.7636,58.5262],[23.7643,58.53],[23.806,58.5359],[23.8051,58.5364],[23.8094,58.5443],[23.8108,58.5455],[23.8353,58.5355],[23.84,58.5349],[23.8498,58.5347],[23.8512,58.5312],[23.8666,58.534],[23.8703,58.5324],[23.8856,58.5276],[23.8941,58.529],[23.8962,58.5305],[23.9054,58.5326],[23.9121,58.5281],[23.9258,58.5228],[23.9299,58.5179],[23.9272,58.5149],[23.931,58.5106],[23.9414,58.505],[23.9346,58.4984],[23.9348,58.4938],[23.9222,58.4892],[23.9241,58.4797],[23.9319,58.4805]],[[23.7951,58.4999],[23.7877,58.4972],[23.7875,58.4935],[23.7791,58.4906],[23.7827,58.4888],[23.7842,58.4837],[23.7789,58.4828],[23.7741,58.4892],[23.7689,58.4894],[23.7604,58.4949],[23.7664,58.4966],[23.7663,58.501],[23.7537,58.5038],[23.7592,58.5105],[23.7694,58.5088],[23.7793,58.5104],[23.789,58.5109],[23.7918,58.5146],[23.7997,58.5147],[23.8045,58.5104],[23.7965,58.5069],[23.7951,58.4999]],[[23.7653,58.5925],[23.7692,58.5973],[23.7767,58.6019],[23.7878,58.6034],[23.7967,58.596],[23.8223,58.5968],[23.8272,58.5954],[23.8285,58.5886],[23.8344,58.5866],[23.8384,58.5784],[23.8483,58.5804],[23.8649,58.5849],[23.869,58.5872],[23.8716,58.5824],[23.8847,58.579],[23.8969,58.5789],[23.9133,58.5763],[23.9334,58.5717],[23.946,58.5707],[23.946,58.5608],[23.9463,58.5534],[23.9434,58.5507],[23.9335,58.5488],[23.9187,58.55],[23.9029,58.5547],[23.9084,58.5505],[23.9116,58.5479],[23.9217,58.5438],[23.9135,58.541],[23.9011,58.5387],[23.8987,58.5425],[23.892,58.5435],[23.8747,58.5472],[23.8701,58.5475],[23.8621,58.5444],[23.8538,58.5473],[23.8697,58.5477],[23.8683,58.5533],[23.8549,58.5561],[23.8377,58.5606],[23.8311,58.5613],[23.8312,58.5605],[23.8392,58.5559],[23.8365,58.5547],[23.8188,58.5627],[23.8089,58.5619],[23.7946,58.5628],[23.7844,58.5589],[23.7673,58.563],[23.7779,58.5644],[23.7774,58.5676],[23.7693,58.5683],[23.7695,58.5685],[23.7702,58.5686],[23.7679,58.5736],[23.7622,58.5783],[23.7612,58.5828],[23.7653,58.5925]],[[23.7231,58.5997],[23.7095,58.5996],[23.7063,58.6053],[23.7003,58.6076],[23.7095,58.6117],[23.7101,58.6142],[23.7328,58.6119],[23.7369,58.6097],[23.7302,58.6061],[23.7207,58.6058],[23.7231,58.5997]]],[[[25.2463,58.3197],[25.2518,58.3321],[25.2547,58.3337],[25.2507,58.3411],[25.2479,58.3414],[25.2477,58.3412],[25.2419,58.335],[25.2357,58.3327],[25.2317,58.3304],[25.232,58.3255],[25.2247,58.321],[25.2223,58.3168],[25.2306,58.3133],[25.2374,58.3111],[25.2372,58.3182],[25.2463,58.3197]]],[[[26.4366,58.3391],[26.4369,58.3372],[26.4457,58.3311],[26.4549,58.3342],[26.4598,58.3419],[26.4558,58.3454],[26.4489,58.3453],[26.4486,58.343],[26.4377,58.3408],[26.4366,58.3391]]],[[[22.6485,58.363],[22.6586,58.3666],[22.6605,58.3669],[22.6625,58.3676],[22.6636,58.3688],[22.664,58.3695],[22.6593,58.3762],[22.6585,58.3759],[22.6505,58.3705],[22.6412,58.3683],[22.6372,58.3706],[22.6168,58.3684],[22.6111,58.373],[22.6156,58.3655],[22.6201,58.3654],[22.617,58.3581],[22.6047,58.3549],[22.6005,58.3525],[22.6078,58.3455],[22.605,58.3406],[22.5963,58.3387],[22.6126,58.3384],[22.6174,58.341],[22.6173,58.3451],[22.6321,58.3419],[22.6344,58.3372],[22.6275,58.3359],[22.6215,58.3351],[22.6009,58.3284],[22.5887,58.333],[22.5915,58.3293],[22.5813,58.3278],[22.583,58.324],[22.5779,58.32],[22.5929,58.311],[22.602,58.312],[22.6054,58.3083],[22.6147,58.3083],[22.6197,58.3105],[22.6164,58.3145],[22.6278,58.3192],[22.6352,58.3234],[22.6335,58.3239],[22.64,58.3272],[22.6394,58.3274],[22.6402,58.3277],[22.6393,58.3289],[22.6372,58.3277],[22.6382,58.3292],[22.6392,58.33],[22.6406,58.3302],[22.6408,58.329],[22.6445,58.3303],[22.6501,58.3306],[22.6555,58.3295],[22.6688,58.3308],[22.677,58.3352],[22.6858,58.3339],[22.6888,58.334],[22.6997,58.3251],[22.6944,58.3223],[22.6826,58.3204],[22.6839,58.318],[22.6878,58.3151],[22.6816,58.3105],[22.688,58.3043],[22.6894,58.3072],[22.6895,58.3081],[22.6897,58.3092],[22.6929,58.3125],[22.6999,58.3107],[22.7045,58.3112],[22.7131,58.3144],[22.7242,58.3145],[22.7262,58.3097],[22.7376,58.3099],[22.7421,58.3076],[22.7488,58.3078],[22.7486,58.3074],[22.7472,58.3043],[22.7477,58.3043],[22.7504,58.3043],[22.7575,58.3027],[22.7598,58.2975],[22.7556,58.2985],[22.7537,58.2999],[22.752,58.2994],[22.7507,58.3001],[22.749,58.3],[22.748,58.3],[22.7435,58.2992],[22.7467,58.2951],[22.7404,58.2916],[22.7534,58.2809],[22.7589,58.2785],[22.7661,58.279],[22.7708,58.2821],[22.7694,58.2845],[22.7779,58.2911],[22.7751,58.2958],[22.7786,58.2965],[22.7807,58.296],[22.7846,58.2959],[22.789,58.2957],[22.7994,58.2942],[22.7932,58.2969],[22.7878,58.3034],[22.7759,58.3046],[22.7691,58.3137],[22.7629,58.3175],[22.769,58.3196],[22.7816,58.3163],[22.7874,58.3127],[22.796,58.3104],[22.7954,58.3117],[22.7888,58.3143],[22.7925,58.3185],[22.7976,58.3229],[22.8109,58.3282],[22.8202,58.326],[22.8164,58.3317],[22.8204,58.3354],[22.8287,58.3344],[22.8328,58.3344],[22.8375,58.3406],[22.8561,58.3356],[22.855,58.3442],[22.8639,58.3411],[22.8662,58.3412],[22.8639,58.345],[22.8615,58.3489],[22.8491,58.3488],[22.8415,58.3508],[22.8458,58.3565],[22.8481,58.3573],[22.8482,58.3583],[22.8455,58.3587],[22.8454,58.3591],[22.8401,58.3582],[22.8389,58.3579],[22.8341,58.3565],[22.832,58.3535],[22.8274,58.3502],[22.8384,58.346],[22.8364,58.3415],[22.8322,58.3416],[22.8268,58.347],[22.8283,58.3416],[22.8013,58.3461],[22.8036,58.3513],[22.8051,58.3519],[22.8064,58.3533],[22.8066,58.3542],[22.8072,58.3556],[22.8018,58.3573],[22.8008,58.3573],[22.7981,58.3582],[22.7966,58.3587],[22.791,58.3609],[22.764,58.3616],[22.7699,58.3646],[22.772,58.3736],[22.7805,58.3762],[22.7936,58.3731],[22.795,58.3693],[22.7924,58.364],[22.8043,58.3597],[22.8049,58.3598],[22.8122,58.3595],[22.813,58.3609],[22.8223,58.3578],[22.83,58.3583],[22.8277,58.3599],[22.8413,58.3645],[22.8435,58.3611],[22.8464,58.3618],[22.8507,58.363],[22.852,58.3694],[22.8471,58.3745],[22.8596,58.3735],[22.853,58.37],[22.8624,58.3715],[22.8612,58.374],[22.8605,58.3762],[22.8503,58.3801],[22.8494,58.3827],[22.8421,58.3812],[22.8394,58.3775],[22.8299,58.3839],[22.8304,58.3872],[22.8248,58.3849],[22.8269,58.3831],[22.8158,58.3783],[22.8109,58.3804],[22.8245,58.3848],[22.8167,58.3892],[22.8094,58.389],[22.8064,58.3928],[22.8151,58.393],[22.8177,58.3987],[22.8142,58.4022],[22.8149,58.4088],[22.8096,58.413],[22.8085,58.4061],[22.8088,58.405],[22.8,58.4013],[22.7924,58.3985],[22.7913,58.3954],[22.7941,58.3924],[22.7877,58.3884],[22.7824,58.3881],[22.7788,58.3949],[22.776,58.394],[22.7618,58.4001],[22.7577,58.4038],[22.7546,58.3966],[22.7552,58.3961],[22.7622,58.3949],[22.7639,58.3951],[22.7685,58.3904],[22.7584,58.3893],[22.7523,58.3931],[22.7486,58.3905],[22.7511,58.3857],[22.7482,58.384],[22.7473,58.3823],[22.7463,58.3813],[22.7486,58.3807],[22.7477,58.3758],[22.7442,58.3754],[22.7367,58.3754],[22.7366,58.3742],[22.7355,58.37],[22.7421,58.3676],[22.7379,58.3619],[22.7351,58.3601],[22.7409,58.3572],[22.7392,58.3559],[22.7396,58.3528],[22.7242,58.3518],[22.7188,58.3493],[22.702,58.3457],[22.6911,58.3483],[22.6803,58.3436],[22.6724,58.3433],[22.6715,58.3436],[22.6685,58.3433],[22.6661,58.3402],[22.6499,58.3381],[22.6464,58.3441],[22.6586,58.3453],[22.6588,58.3485],[22.6691,58.3495],[22.6724,58.3444],[22.6732,58.3445],[22.6893,58.35],[22.6934,58.3495],[22.6933,58.3517],[22.6988,58.3596],[22.6926,58.3597],[22.689,58.3616],[22.6852,58.3607],[22.678,58.3661],[22.6683,58.3655],[22.6663,58.3596],[22.6602,58.3632],[22.6586,58.3621],[22.6565,58.3615],[22.6485,58.363]],[[22.7588,58.3512],[22.7524,58.3533],[22.759,58.3581],[22.7784,58.3566],[22.7831,58.3528],[22.7804,58.3484],[22.7747,58.3462],[22.7739,58.3459],[22.7704,58.3427],[22.7601,58.343],[22.7538,58.3473],[22.7588,58.3512]]],[[[26.5215,58.3795],[26.5233,58.3854],[26.5151,58.3862],[26.5174,58.3943],[26.5279,58.3934],[26.5262,58.3872],[26.5306,58.3913],[26.5344,58.3951],[26.5354,58.3971],[26.5268,58.403],[26.5127,58.4052],[26.5061,58.4086],[26.4975,58.4063],[26.4726,58.4053],[26.4596,58.4024],[26.4515,58.3972],[26.429,58.3921],[26.4269,58.3869],[26.4304,58.3802],[26.4273,58.3747],[26.4336,58.3676],[26.4442,58.3611],[26.4557,58.359],[26.4578,58.3505],[26.4759,58.3466],[26.4812,58.347],[26.4863,58.3471],[26.4914,58.3503],[26.4944,58.3564],[26.5061,58.3652],[26.5179,58.3643],[26.5248,58.3688],[26.5345,58.3722],[26.5387,58.3712],[26.5426,58.3779],[26.547,58.3806],[26.5452,58.3803],[26.544,58.3804],[26.5428,58.3804],[26.5335,58.3823],[26.5215,58.3795]],[[26.4893,58.3617],[26.4791,58.3561],[26.4779,58.3485],[26.4584,58.3522],[26.4585,58.3641],[26.4346,58.3694],[26.4365,58.3743],[26.435,58.3828],[26.4375,58.3876],[26.4626,58.3962],[26.4883,58.3921],[26.4861,58.3866],[26.4865,58.3865],[26.4872,58.3789],[26.4978,58.3768],[26.4894,58.3634],[26.4893,58.3617]]],[[[24.2613,58.3962],[24.2614,58.3945],[24.2614,58.3943],[24.2613,58.3942],[24.2652,58.3936],[24.2662,58.3934],[24.2681,58.3926],[24.2703,58.3924],[24.2756,58.3928],[24.2757,58.3935],[24.2758,58.3936],[24.2787,58.3955],[24.2642,58.3958],[24.2682,58.3995],[24.2686,58.4003],[24.283,58.398],[24.2883,58.4007],[24.2893,58.4002],[24.2921,58.3997],[24.292,58.4008],[24.2815,58.4038],[24.2874,58.4065],[24.2854,58.4085],[24.2901,58.4105],[24.2927,58.4095],[24.2993,58.4101],[24.3046,58.4111],[24.3069,58.4107],[24.3089,58.4115],[24.298,58.4131],[24.2979,58.4172],[24.3102,58.416],[24.3083,58.4194],[24.3002,58.4221],[24.2926,58.4215],[24.2911,58.4196],[24.2698,58.4202],[24.2567,58.4232],[24.2429,58.4201],[24.2482,58.4157],[24.2629,58.4107],[24.2604,58.4053],[24.252,58.4044],[24.2612,58.4032],[24.2613,58.3962]]],[[[24.4049,58.4216],[24.3898,58.4238],[24.3884,58.4232],[24.3869,58.4229],[24.3858,58.4231],[24.3746,58.4244],[24.3695,58.4183],[24.3764,58.4168],[24.3763,58.4166],[24.376,58.4149],[24.3764,58.4127],[24.3877,58.4103],[24.3944,58.4144],[24.3961,58.4143],[24.4055,58.4123],[24.4049,58.4216]]],[[[25.4467,58.411],[25.444,58.4049],[25.4496,58.3967],[25.4575,58.3943],[25.467,58.391],[25.4774,58.3931],[25.4793,58.3943],[25.4765,58.3993],[25.4626,58.4061],[25.4663,58.4091],[25.4728,58.4123],[25.4717,58.4171],[25.4438,58.4138],[25.4467,58.411]]],[[[26.2283,58.4039],[26.2293,58.4037],[26.2425,58.3992],[26.2482,58.3955],[26.2436,58.3903],[26.2466,58.3835],[26.2427,58.3751],[26.2464,58.3743],[26.2452,58.3773],[26.2514,58.3807],[26.2579,58.3815],[26.2617,58.3793],[26.2725,58.3718],[26.2599,58.371],[26.2771,58.3671],[26.2775,58.3702],[26.2775,58.3705],[26.2779,58.3731],[26.2886,58.3739],[26.303,58.3772],[26.3014,58.3798],[26.3001,58.3861],[26.3039,58.3906],[26.3074,58.3934],[26.3124,58.394],[26.3181,58.3954],[26.3231,58.3955],[26.3298,58.3907],[26.3408,58.39],[26.3514,58.3907],[26.3521,58.3911],[26.3514,58.3982],[26.3608,58.3993],[26.3555,58.3948],[26.3583,58.3859],[26.3657,58.3869],[26.3784,58.3832],[26.3871,58.3834],[26.3921,58.3935],[26.3908,58.3949],[26.389,58.3963],[26.3637,58.4],[26.343,58.4054],[26.3352,58.4006],[26.3253,58.3972],[26.3109,58.3958],[26.3043,58.399],[26.2956,58.3999],[26.2874,58.3982],[26.2786,58.4004],[26.2713,58.3992],[26.2674,58.403],[26.2432,58.4043],[26.2283,58.4039]]],[[[27.4958,58.3856],[27.4884,58.3814],[27.4891,58.3759],[27.4912,58.3748],[27.4986,58.3731],[27.5106,58.3777],[27.5067,58.3851],[27.4958,58.3856]]],[[[22.7919,58.4164],[22.7922,58.4162],[22.7925,58.4162],[22.7978,58.415],[22.8024,58.4193],[22.7989,58.426],[22.7896,58.4268],[22.7832,58.4286],[22.7673,58.4255],[22.7625,58.4227],[22.7731,58.4176],[22.7687,58.4127],[22.7839,58.4136],[22.7919,58.4164]]],[[[24.0168,58.4307],[24.0215,58.4237],[24.0224,58.4229],[24.0335,58.4235],[24.0381,58.4282],[24.0314,58.4343],[24.0208,58.4357],[24.0168,58.4307]]],[[[26.1664,58.4221],[26.1593,58.4258],[26.1633,58.4284],[26.1551,58.4338],[26.1485,58.4353],[26.1413,58.4412],[26.1227,58.4446],[26.1186,58.4445],[26.1181,58.4444],[26.1162,58.4466],[26.1187,58.4485],[26.1166,58.4591],[26.1083,58.464],[26.1009,58.4661],[26.0981,58.4594],[26.0995,58.4668],[26.0951,58.4696],[26.0948,58.4707],[26.093,58.4728],[26.0988,58.4706],[26.1057,58.4746],[26.1006,58.4697],[26.1041,58.4672],[26.1225,58.4601],[26.1227,58.4557],[26.1306,58.4529],[26.1366,58.4465],[26.1596,58.4461],[26.165,58.4503],[26.1582,58.4571],[26.158,58.46],[26.1448,58.4733],[26.1503,58.4741],[26.1487,58.4815],[26.1531,58.4862],[26.1528,58.4874],[26.1568,58.4872],[26.1573,58.4885],[26.1585,58.4886],[26.1589,58.4884],[26.1605,58.4883],[26.1608,58.4889],[26.1604,58.4896],[26.1621,58.4905],[26.1601,58.491],[26.16,58.4917],[26.1562,58.4921],[26.1576,58.4935],[26.1547,58.4976],[26.1586,58.5018],[26.1552,58.5023],[26.1545,58.5033],[26.1551,58.5045],[26.1521,58.5056],[26.1502,58.5076],[26.1506,58.5111],[26.1564,58.5115],[26.1588,58.5145],[26.1624,58.5165],[26.1605,58.5188],[26.1661,58.5289],[26.1544,58.5363],[26.1526,58.5392],[26.1336,58.5465],[26.1231,58.5467],[26.1122,58.5507],[26.1053,58.555],[26.1006,58.5559],[26.099,58.5638],[26.0916,58.5639],[26.0877,58.564],[26.0867,58.5631],[26.0795,58.5597],[26.0669,58.5654],[26.0604,58.5708],[26.0591,58.572],[26.0598,58.5764],[26.0602,58.5772],[26.0608,58.5782],[26.0613,58.5823],[26.0515,58.5851],[26.036,58.5867],[26.0259,58.5941],[26.0235,58.5958],[26.0233,58.596],[26.0175,58.5956],[26.0183,58.5946],[26.0225,58.5909],[26.0158,58.5787],[26.0228,58.5755],[26.0243,58.5711],[26.0163,58.5673],[26.0131,58.5716],[26.0105,58.5664],[26.0066,58.565],[26.0041,58.5569],[25.998,58.5602],[26.0001,58.5718],[26.0062,58.5768],[25.998,58.5798],[25.999,58.5868],[25.9979,58.5882],[25.9875,58.587],[25.9782,58.5924],[25.9781,58.5925],[25.9706,58.5977],[25.9775,58.6012],[25.9742,58.6038],[25.9647,58.5995],[25.9616,58.5959],[25.97,58.5889],[25.9672,58.5835],[25.972,58.5788],[25.9629,58.5712],[25.9648,58.5665],[25.9719,58.5615],[25.9753,58.5549],[25.9848,58.5538],[25.9919,58.56],[26.0003,58.5542],[25.9954,58.5482],[25.9961,58.5325],[26.0021,58.5254],[26.0093,58.5205],[26.0131,58.5152],[26.0207,58.5142],[26.0263,58.5107],[26.0356,58.5017],[26.0358,58.4965],[26.0429,58.4952],[26.0518,58.4881],[26.0581,58.4856],[26.0705,58.4852],[26.075,58.4796],[26.0928,58.4729],[26.0724,58.4799],[26.067,58.4833],[26.0511,58.4848],[26.0481,58.4833],[26.0532,58.4763],[26.0524,58.4747],[26.056,58.4701],[26.0623,58.468],[26.0603,58.4674],[26.0612,58.4619],[26.0745,58.4527],[26.0828,58.4504],[26.0847,58.4467],[26.0901,58.4494],[26.0989,58.4456],[26.1065,58.4471],[26.1014,58.4375],[26.0914,58.4355],[26.0891,58.4345],[26.087,58.4316],[26.0845,58.4452],[26.0813,58.4478],[26.0725,58.4471],[26.067,58.4442],[26.0673,58.4436],[26.0756,58.4351],[26.0746,58.4315],[26.0795,58.4304],[26.0814,58.4281],[26.078,58.4275],[26.0864,58.4247],[26.0876,58.4222],[26.087,58.418],[26.0862,58.4116],[26.0969,58.4091],[26.1278,58.4019],[26.1423,58.3984],[26.1535,58.3995],[26.1566,58.4041],[26.1636,58.406],[26.1647,58.4117],[26.1822,58.4148],[26.176,58.4247],[26.1664,58.4221]],[[26.1008,58.4157],[26.1076,58.4207],[26.1166,58.4196],[26.1244,58.425],[26.1402,58.4211],[26.1451,58.4178],[26.1376,58.4138],[26.1051,58.4119],[26.1008,58.4157]],[[26.0458,58.5146],[26.0562,58.5213],[26.071,58.5259],[26.0759,58.5247],[26.0622,58.5145],[26.0586,58.5095],[26.0637,58.5051],[26.0636,58.5006],[26.0511,58.4969],[26.0418,58.5016],[26.0414,58.5091],[26.0458,58.5146]],[[26.1177,58.5437],[26.1185,58.5429],[26.1311,58.5458],[26.15,58.5393],[26.1426,58.5373],[26.1417,58.5309],[26.1341,58.5302],[26.1387,58.5253],[26.1378,58.5202],[26.1327,58.5144],[26.1469,58.5099],[26.1461,58.5089],[26.1399,58.5067],[26.133,58.5077],[26.1263,58.5118],[26.1152,58.5122],[26.1067,58.5083],[26.1061,58.503],[26.0899,58.4956],[26.0794,58.4956],[26.0762,58.5017],[26.0635,58.5126],[26.0789,58.5229],[26.0729,58.5336],[26.063,58.535],[26.0574,58.531],[26.0631,58.5267],[26.054,58.5243],[26.0484,58.5166],[26.0358,58.5223],[26.037,58.5262],[26.0297,58.5274],[26.0244,58.5236],[26.0181,58.5251],[26.0106,58.5327],[26.008,58.538],[26.0097,58.5594],[26.0078,58.5645],[26.0149,58.565],[26.0281,58.561],[26.0238,58.5636],[26.0401,58.5648],[26.0413,58.5673],[26.0515,58.5697],[26.0523,58.5632],[26.0406,58.5635],[26.035,58.5596],[26.0628,58.564],[26.0871,58.5545],[26.0934,58.555],[26.0984,58.5499],[26.1102,58.5481],[26.1163,58.5443],[26.1177,58.5437]],[[26.1095,58.4907],[26.1122,58.4994],[26.1198,58.4993],[26.1291,58.4953],[26.1348,58.4847],[26.1219,58.4832],[26.1107,58.4885],[26.1095,58.4907]]],[[[25.0861,58.4343],[25.0975,58.4351],[25.0938,58.4285],[25.0965,58.4298],[25.1031,58.4315],[25.1099,58.4226],[25.1223,58.422],[25.132,58.4135],[25.1362,58.4162],[25.1464,58.4181],[25.1522,58.415],[25.1488,58.419],[25.1391,58.4237],[25.1326,58.4249],[25.1322,58.4254],[25.1319,58.4268],[25.1211,58.4284],[25.125,58.4325],[25.1197,58.4366],[25.1228,58.4395],[25.133,58.4355],[25.1288,58.4421],[25.1047,58.4397],[25.0947,58.441],[25.0917,58.4407],[25.0861,58.4343]]],[[[25.942,58.4217],[25.9435,58.421],[25.9319,58.4154],[25.9336,58.4115],[25.9369,58.4073],[25.9442,58.4083],[25.9465,58.4087],[25.9523,58.4095],[25.9549,58.4099],[25.9598,58.4107],[25.9694,58.4121],[25.9717,58.4133],[25.9579,58.4196],[25.9643,58.42],[25.9726,58.4239],[25.9692,58.4308],[25.9613,58.4304],[25.9659,58.423],[25.9612,58.4215],[25.9557,58.4301],[25.9665,58.4351],[25.956,58.4429],[25.963,58.4363],[25.9578,58.4342],[25.9446,58.442],[25.9346,58.4429],[25.9265,58.443],[25.9207,58.4384],[25.9292,58.4383],[25.9363,58.4295],[25.9295,58.4368],[25.9191,58.4371],[25.9189,58.4382],[25.9091,58.4446],[25.9232,58.4432],[25.9288,58.4458],[25.9271,58.4497],[25.9235,58.4552],[25.9167,58.4557],[25.9135,58.4613],[25.9176,58.4604],[25.9229,58.4617],[25.9275,58.4568],[25.9345,58.4468],[25.9419,58.4487],[25.9422,58.4545],[25.958,58.4501],[25.9521,58.4571],[25.9353,58.4624],[25.934,58.4647],[25.9348,58.4682],[25.9282,58.472],[25.9273,58.4685],[25.9242,58.4694],[25.9176,58.4697],[25.9105,58.4748],[25.9175,58.4737],[25.9218,58.4757],[25.9168,58.4817],[25.914,58.4855],[25.9162,58.4858],[25.9223,58.4839],[25.9246,58.4873],[25.9206,58.493],[25.9123,58.4933],[25.902,58.493],[25.9002,58.4974],[25.9068,58.4982],[25.9008,58.5017],[25.8892,58.5013],[25.8793,58.5057],[25.8768,58.5102],[25.8818,58.5149],[25.8719,58.5184],[25.8657,58.5173],[25.8689,58.5084],[25.8652,58.5082],[25.8582,58.507],[25.8515,58.5023],[25.8562,58.4987],[25.8732,58.4961],[25.8605,58.4953],[25.8515,58.4878],[25.854,58.4848],[25.8475,58.4847],[25.845,58.4894],[25.8339,58.4916],[25.8289,58.4893],[25.8259,58.4914],[25.8183,58.491],[25.8102,58.4829],[25.7971,58.4832],[25.7952,58.487],[25.7876,58.4875],[25.7908,58.4799],[25.7785,58.474],[25.7637,58.4745],[25.7624,58.4806],[25.7577,58.482],[25.7548,58.489],[25.7598,58.4892],[25.7636,58.4957],[25.7625,58.5012],[25.7543,58.5044],[25.7533,58.511],[25.7462,58.5131],[25.7465,58.5163],[25.7559,58.5179],[25.7588,58.5112],[25.765,58.5054],[25.7657,58.5055],[25.7629,58.5122],[25.7681,58.5132],[25.7592,58.519],[25.7493,58.52],[25.7427,58.5176],[25.7437,58.5103],[25.7529,58.5005],[25.7474,58.4979],[25.742,58.5097],[25.736,58.5142],[25.7332,58.5223],[25.7452,58.5227],[25.7514,58.5301],[25.7577,58.527],[25.7679,58.5254],[25.7692,58.5222],[25.7806,58.515],[25.79,58.5112],[25.7942,58.5122],[25.7936,58.5104],[25.781,58.5108],[25.8014,58.508],[25.8057,58.5043],[25.8048,58.4984],[25.8097,58.4952],[25.8163,58.499],[25.8105,58.5055],[25.8042,58.5085],[25.7982,58.5153],[25.8017,58.5168],[25.81,58.5124],[25.7998,58.5198],[25.7989,58.5196],[25.7957,58.5248],[25.8009,58.526],[25.8059,58.5345],[25.8031,58.5349],[25.793,58.537],[25.7962,58.5419],[25.7977,58.5436],[25.8082,58.5375],[25.8158,58.5382],[25.8222,58.5429],[25.8328,58.5355],[25.8361,58.536],[25.8528,58.5284],[25.8601,58.5279],[25.8728,58.5246],[25.8774,58.5241],[25.8788,58.5253],[25.8758,58.5283],[25.871,58.5265],[25.8616,58.5296],[25.8501,58.5328],[25.8423,58.538],[25.8388,58.5429],[25.8309,58.5509],[25.8423,58.5496],[25.8584,58.5413],[25.8726,58.5312],[25.8723,58.5327],[25.8567,58.5437],[25.8509,58.5506],[25.8442,58.5505],[25.8417,58.554],[25.8395,58.5531],[25.8228,58.553],[25.8229,58.5564],[25.8166,58.5633],[25.8226,58.5649],[25.8288,58.5604],[25.8295,58.5623],[25.8298,58.5665],[25.8378,58.566],[25.8331,58.5709],[25.8269,58.5768],[25.8329,58.5785],[25.8423,58.5777],[25.8531,58.5745],[25.8507,58.5722],[25.8526,58.5727],[25.8708,58.5661],[25.871,58.57],[25.8642,58.5727],[25.8599,58.5795],[25.853,58.5812],[25.8441,58.579],[25.8477,58.5848],[25.8463,58.5898],[25.8381,58.5941],[25.844,58.5995],[25.8569,58.6029],[25.8706,58.6038],[25.8751,58.6015],[25.8946,58.5998],[25.9078,58.5955],[25.9206,58.5943],[25.9241,58.592],[25.9214,58.5877],[25.9117,58.5839],[25.9038,58.5827],[25.9062,58.5773],[25.9165,58.577],[25.9194,58.5728],[25.9037,58.5716],[25.8915,58.5794],[25.8814,58.5748],[25.8882,58.5705],[25.8881,58.5675],[25.891,58.5641],[25.9046,58.5705],[25.9115,58.5699],[25.9156,58.5634],[25.9086,58.5585],[25.9081,58.5553],[25.892,58.5544],[25.8844,58.5564],[25.8834,58.5564],[25.8791,58.5593],[25.8788,58.5614],[25.8761,58.5615],[25.8821,58.5567],[25.8878,58.554],[25.8916,58.5538],[25.9048,58.5506],[25.9102,58.5515],[25.9223,58.5459],[25.9235,58.5481],[25.9252,58.5572],[25.9327,58.5592],[25.9377,58.5532],[25.938,58.5451],[25.9491,58.5465],[25.9476,58.5478],[25.9449,58.5506],[25.9423,58.5525],[25.9362,58.5597],[25.941,58.5637],[25.9368,58.5704],[25.9268,58.5746],[25.9209,58.5792],[25.9184,58.581],[25.9253,58.589],[25.9314,58.5895],[25.9368,58.5897],[25.9418,58.5862],[25.9495,58.587],[25.9603,58.5865],[25.9641,58.5884],[25.9654,58.592],[25.9622,58.5931],[25.959,58.5933],[25.9468,58.5974],[25.9421,58.6014],[25.9268,58.6058],[25.9296,58.6101],[25.9237,58.6091],[25.9186,58.6124],[25.909,58.6066],[25.9237,58.6025],[25.9225,58.5979],[25.9126,58.5997],[25.9087,58.6056],[25.9043,58.6057],[25.9016,58.6114],[25.907,58.6188],[25.9019,58.6197],[25.8984,58.6162],[25.8854,58.6186],[25.8829,58.6248],[25.8739,58.6257],[25.8614,58.6235],[25.8468,58.622],[25.8462,58.6219],[25.8442,58.6177],[25.8346,58.6197],[25.8288,58.6229],[25.8212,58.6152],[25.8339,58.6098],[25.8524,58.6106],[25.8442,58.6087],[25.8468,58.6101],[25.8347,58.6077],[25.8341,58.6064],[25.8329,58.6],[25.8307,58.6003],[25.827,58.5978],[25.8261,58.596],[25.8283,58.5929],[25.8379,58.5896],[25.8375,58.5834],[25.831,58.5812],[25.8225,58.5843],[25.8232,58.5849],[25.8207,58.5838],[25.8168,58.585],[25.8233,58.5849],[25.8239,58.5853],[25.8214,58.5872],[25.817,58.5873],[25.8131,58.5863],[25.8055,58.5866],[25.8043,58.5846],[25.8082,58.5815],[25.8139,58.577],[25.8147,58.5769],[25.8165,58.5751],[25.8169,58.5747],[25.8161,58.5737],[25.8157,58.5734],[25.8146,58.5742],[25.8068,58.5728],[25.7969,58.576],[25.7991,58.5796],[25.7974,58.5809],[25.7912,58.5823],[25.7768,58.5828],[25.7701,58.5846],[25.7683,58.5858],[25.7686,58.5878],[25.7556,58.5937],[25.7498,58.5947],[25.7374,58.5973],[25.7472,58.6031],[25.7398,58.6048],[25.7246,58.6068],[25.7254,58.606],[25.7263,58.605],[25.7268,58.6044],[25.7278,58.6037],[25.7314,58.6013],[25.7331,58.5988],[25.7317,58.5987],[25.731,58.5987],[25.7308,58.599],[25.7306,58.599],[25.7297,58.5983],[25.7284,58.5916],[25.7219,58.5888],[25.7161,58.5864],[25.7072,58.5844],[25.7052,58.5788],[25.7027,58.5784],[25.6907,58.5829],[25.6816,58.584],[25.6707,58.5868],[25.6735,58.5897],[25.6684,58.5923],[25.6672,58.5934],[25.6666,58.5942],[25.6652,58.5948],[25.6632,58.5977],[25.6654,58.5985],[25.6681,58.5994],[25.6714,58.5999],[25.6719,58.5931],[25.6762,58.5923],[25.6862,58.5912],[25.6839,58.5877],[25.6922,58.5943],[25.6927,58.5982],[25.6751,58.6046],[25.6728,58.6068],[25.6718,58.6063],[25.6637,58.6036],[25.6619,58.605],[25.6607,58.6077],[25.6508,58.6074],[25.6469,58.6158],[25.6532,58.6167],[25.6504,58.6169],[25.6403,58.62],[25.6389,58.6199],[25.637,58.6137],[25.6177,58.6171],[25.6071,58.6159],[25.6064,58.6154],[25.6029,58.6124],[25.5982,58.6122],[25.5972,58.6111],[25.5988,58.6097],[25.6027,58.6029],[25.6006,58.5998],[25.5999,58.6036],[25.599,58.6048],[25.5935,58.6109],[25.5721,58.6102],[25.5727,58.5973],[25.5713,58.5882],[25.5847,58.5835],[25.5971,58.5769],[25.6005,58.5786],[25.6133,58.5785],[25.6205,58.5754],[25.63,58.5702],[25.6442,58.5781],[25.6431,58.5719],[25.6334,58.5665],[25.6284,58.5687],[25.6255,58.5652],[25.6281,58.5604],[25.6186,58.5594],[25.6209,58.5548],[25.6277,58.5534],[25.6279,58.5511],[25.628,58.5466],[25.6453,58.5444],[25.6457,58.5426],[25.6526,58.5415],[25.651,58.5378],[25.6447,58.5362],[25.6399,58.5329],[25.6504,58.5339],[25.6585,58.5327],[25.6609,58.5275],[25.6666,58.5276],[25.672,58.529],[25.6734,58.5301],[25.6717,58.5312],[25.6688,58.5304],[25.6738,58.5319],[25.6743,58.533],[25.6747,58.5331],[25.6765,58.5327],[25.677,58.5329],[25.6772,58.5332],[25.6774,58.5332],[25.6781,58.5316],[25.6794,58.5304],[25.6828,58.5313],[25.688,58.5337],[25.6868,58.5329],[25.6859,58.532],[25.6862,58.5312],[25.6827,58.5311],[25.6763,58.5294],[25.6788,58.5218],[25.6917,58.5259],[25.6983,58.5239],[25.6956,58.5191],[25.6889,58.5192],[25.6959,58.5152],[25.7007,58.5189],[25.7118,58.5225],[25.713,58.5215],[25.7048,58.515],[25.6944,58.5109],[25.7052,58.506],[25.7132,58.499],[25.7065,58.4983],[25.7067,58.4947],[25.7078,58.4923],[25.7102,58.4916],[25.7148,58.4967],[25.7216,58.4974],[25.7042,58.5117],[25.7184,58.5059],[25.7224,58.5098],[25.7324,58.505],[25.7303,58.5035],[25.7226,58.5026],[25.7245,58.4978],[25.722,58.4942],[25.7092,58.4909],[25.7185,58.4834],[25.7276,58.4853],[25.7302,58.4801],[25.7305,58.4782],[25.7403,58.4767],[25.742,58.4705],[25.7386,58.4672],[25.7451,58.4645],[25.7467,58.4641],[25.7544,58.4681],[25.7565,58.4641],[25.76,58.4605],[25.7692,58.4586],[25.7699,58.456],[25.7743,58.4535],[25.7625,58.4507],[25.7542,58.4519],[25.7593,58.456],[25.761,58.4572],[25.7519,58.4629],[25.7508,58.4613],[25.7508,58.4581],[25.7498,58.459],[25.7445,58.4635],[25.7395,58.4653],[25.7385,58.4652],[25.7365,58.4653],[25.736,58.4678],[25.7217,58.4753],[25.7198,58.4785],[25.7133,58.4778],[25.7019,58.4752],[25.7001,58.4747],[25.6927,58.4779],[25.6904,58.4772],[25.6834,58.4786],[25.6816,58.4779],[25.6917,58.4731],[25.6892,58.4714],[25.687,58.4664],[25.6813,58.465],[25.671,58.4673],[25.6676,58.472],[25.669,58.4761],[25.667,58.4784],[25.6648,58.479],[25.6636,58.4796],[25.6607,58.4824],[25.6506,58.4839],[25.6475,58.4798],[25.6502,58.4742],[25.665,58.462],[25.6707,58.4601],[25.6692,58.4585],[25.6749,58.454],[25.6769,58.4484],[25.6823,58.4485],[25.6874,58.4406],[25.6882,58.448],[25.6945,58.4505],[25.6907,58.4551],[25.6886,58.4546],[25.6803,58.4585],[25.6855,58.462],[25.6878,58.46],[25.6893,58.466],[25.6955,58.468],[25.7011,58.4618],[25.7069,58.4579],[25.7073,58.4647],[25.7169,58.4599],[25.7191,58.4618],[25.7272,58.4596],[25.7308,58.4556],[25.723,58.4543],[25.7208,58.4513],[25.7244,58.4459],[25.7272,58.4456],[25.74,58.4491],[25.7411,58.4485],[25.7413,58.4478],[25.742,58.4472],[25.7438,58.4469],[25.7402,58.4461],[25.7376,58.4442],[25.7371,58.4435],[25.7477,58.4409],[25.7499,58.4474],[25.7486,58.4478],[25.751,58.4487],[25.7602,58.4445],[25.7614,58.4439],[25.7636,58.4425],[25.7633,58.442],[25.7666,58.4385],[25.768,58.4376],[25.7551,58.4342],[25.7501,58.4377],[25.7458,58.4359],[25.7544,58.4296],[25.7456,58.4257],[25.7485,58.4108],[25.7454,58.4067],[25.7637,58.4066],[25.7606,58.4119],[25.7792,58.4127],[25.7792,58.4221],[25.7759,58.4177],[25.7684,58.4226],[25.7571,58.4201],[25.7559,58.4251],[25.7633,58.4272],[25.7696,58.4319],[25.7759,58.4324],[25.783,58.4271],[25.78,58.4233],[25.789,58.4213],[25.7938,58.4251],[25.7966,58.4256],[25.8035,58.4254],[25.8091,58.4157],[25.8173,58.4134],[25.8178,58.4141],[25.8267,58.4147],[25.8329,58.4122],[25.8342,58.4065],[25.8391,58.4022],[25.848,58.4028],[25.8452,58.4109],[25.8337,58.419],[25.8373,58.4203],[25.8449,58.4168],[25.8567,58.4049],[25.8569,58.4045],[25.8685,58.4165],[25.8627,58.4284],[25.8785,58.4309],[25.8873,58.4319],[25.8921,58.43],[25.9082,58.4306],[25.9172,58.4292],[25.9155,58.4272],[25.9174,58.4254],[25.9284,58.426],[25.9384,58.4206],[25.942,58.4217]],[[25.7621,58.5481],[25.7704,58.5483],[25.7714,58.5433],[25.7816,58.541],[25.7867,58.5338],[25.792,58.5339],[25.7929,58.5248],[25.7869,58.5251],[25.7789,58.5235],[25.773,58.5279],[25.7679,58.5309],[25.7619,58.5276],[25.7588,58.5379],[25.7517,58.5405],[25.7439,58.5398],[25.7478,58.5443],[25.754,58.5422],[25.7605,58.5457],[25.7621,58.5481]],[[25.8527,58.4692],[25.8572,58.4713],[25.8638,58.4694],[25.8592,58.4594],[25.8539,58.4643],[25.847,58.4608],[25.8304,58.4713],[25.8224,58.4706],[25.8121,58.4727],[25.8011,58.4723],[25.797,58.471],[25.7992,58.4687],[25.7998,58.467],[25.8034,58.4678],[25.8144,58.4566],[25.8142,58.4533],[25.8019,58.4511],[25.792,58.4617],[25.7957,58.4655],[25.794,58.4672],[25.7897,58.4662],[25.7833,58.4727],[25.7915,58.4763],[25.7955,58.4779],[25.7964,58.4783],[25.8106,58.4814],[25.8237,58.4876],[25.8304,58.4808],[25.848,58.4703],[25.8415,58.4651],[25.848,58.463],[25.8527,58.4659],[25.8527,58.4692]]],[[[25.1374,58.4379],[25.1428,58.4368],[25.1442,58.435],[25.1477,58.4281],[25.1478,58.4265],[25.1647,58.426],[25.1703,58.4223],[25.1718,58.4218],[25.1741,58.4213],[25.1799,58.4162],[25.1903,58.4167],[25.191,58.4165],[25.2028,58.4175],[25.2108,58.4163],[25.2121,58.4159],[25.2335,58.4169],[25.2403,58.4142],[25.2503,58.4162],[25.2564,58.4112],[25.2663,58.4107],[25.2801,58.4041],[25.2847,58.3998],[25.2932,58.3927],[25.3013,58.3923],[25.3047,58.3916],[25.3073,58.3933],[25.3259,58.3945],[25.3403,58.3985],[25.3401,58.3987],[25.3398,58.3997],[25.3401,58.4008],[25.3403,58.4013],[25.3442,58.4034],[25.3529,58.3978],[25.3662,58.3925],[25.3689,58.3936],[25.3611,58.3969],[25.3586,58.4041],[25.3541,58.4046],[25.343,58.4128],[25.3257,58.4157],[25.3309,58.4196],[25.3262,58.4248],[25.3262,58.425],[25.3258,58.4255],[25.3273,58.429],[25.3245,58.435],[25.3336,58.4416],[25.329,58.444],[25.3302,58.444],[25.3359,58.444],[25.3369,58.4444],[25.34,58.4504],[25.3322,58.4517],[25.3248,58.4488],[25.3098,58.4516],[25.3095,58.4501],[25.3078,58.4442],[25.2989,58.4471],[25.3019,58.4484],[25.2949,58.4504],[25.2988,58.4555],[25.3054,58.4564],[25.3163,58.4591],[25.316,58.4585],[25.3281,58.4623],[25.3302,58.4615],[25.3393,58.4588],[25.3432,58.4586],[25.3487,58.4579],[25.355,58.4609],[25.358,58.4685],[25.348,58.4618],[25.3439,58.4657],[25.3385,58.4649],[25.3322,58.4682],[25.3375,58.4705],[25.3347,58.4734],[25.3357,58.4794],[25.337,58.4881],[25.345,58.496],[25.3441,58.4917],[25.3495,58.496],[25.3568,58.4978],[25.3662,58.5016],[25.3712,58.4995],[25.3745,58.5014],[25.3696,58.5036],[25.3785,58.503],[25.3775,58.5083],[25.3704,58.5086],[25.3681,58.508],[25.3664,58.5078],[25.3683,58.5164],[25.3675,58.5187],[25.3639,58.5255],[25.3727,58.5254],[25.3742,58.5214],[25.3773,58.5274],[25.3763,58.5288],[25.3734,58.5319],[25.3688,58.5341],[25.3771,58.5382],[25.3865,58.542],[25.3968,58.5537],[25.3914,58.5597],[25.3851,58.5633],[25.3859,58.5691],[25.3881,58.5708],[25.3842,58.5732],[25.3783,58.577],[25.3769,58.5714],[25.371,58.5659],[25.3678,58.5599],[25.3608,58.5595],[25.3585,58.5589],[25.3539,58.5562],[25.353,58.5533],[25.3541,58.5589],[25.349,58.5652],[25.3488,58.5679],[25.3612,58.5678],[25.3678,58.5687],[25.3693,58.5746],[25.3736,58.577],[25.3736,58.5841],[25.3634,58.5838],[25.3638,58.5835],[25.353,58.5764],[25.3477,58.5687],[25.344,58.5714],[25.3414,58.5737],[25.3471,58.5785],[25.3534,58.5779],[25.3456,58.5793],[25.3404,58.5757],[25.3213,58.5779],[25.3104,58.5819],[25.2978,58.5829],[25.2934,58.5818],[25.2826,58.578],[25.2741,58.5787],[25.2699,58.5753],[25.2612,58.5749],[25.2543,58.5721],[25.2525,58.5666],[25.2555,58.5637],[25.2626,58.5622],[25.2631,58.5621],[25.2676,58.5593],[25.2771,58.5617],[25.2807,58.5643],[25.2801,58.5732],[25.2857,58.573],[25.2885,58.5649],[25.2928,58.5652],[25.291,58.5694],[25.3014,58.5711],[25.3027,58.5663],[25.2938,58.5651],[25.2949,58.5624],[25.2795,58.561],[25.2809,58.5578],[25.2682,58.5565],[25.2691,58.5523],[25.2758,58.5513],[25.2834,58.552],[25.294,58.5521],[25.3027,58.5501],[25.3067,58.5499],[25.3198,58.5556],[25.3329,58.5536],[25.3301,58.5497],[25.3224,58.548],[25.3205,58.5467],[25.3064,58.5459],[25.3044,58.5458],[25.3,58.5474],[25.2978,58.5477],[25.2949,58.5421],[25.2896,58.5419],[25.2857,58.5479],[25.2815,58.549],[25.2706,58.5486],[25.2638,58.558],[25.256,58.561],[25.2492,58.5626],[25.2443,58.5691],[25.243,58.5704],[25.2376,58.5732],[25.2327,58.574],[25.2268,58.5724],[25.2236,58.5715],[25.2218,58.5703],[25.2032,58.5697],[25.1912,58.5661],[25.1929,58.5604],[25.1951,58.5635],[25.2053,58.5661],[25.2182,58.5619],[25.2299,58.5642],[25.2436,58.5617],[25.2459,58.556],[25.253,58.551],[25.2501,58.547],[25.2572,58.5432],[25.2563,58.5395],[25.2648,58.5394],[25.2608,58.5341],[25.2553,58.5225],[25.2476,58.5151],[25.2396,58.5121],[25.2387,58.5052],[25.2344,58.4979],[25.2287,58.4928],[25.2308,58.4897],[25.2289,58.4875],[25.2241,58.4866],[25.2237,58.4848],[25.2292,58.4844],[25.2284,58.4862],[25.2334,58.4896],[25.2321,58.4917],[25.237,58.4925],[25.24,58.4904],[25.2396,58.489],[25.2347,58.4823],[25.2296,58.4822],[25.2265,58.4754],[25.218,58.4696],[25.2114,58.4682],[25.2014,58.4681],[25.1951,58.4723],[25.1812,58.4665],[25.1748,58.4726],[25.1695,58.4744],[25.1606,58.4693],[25.1583,58.4648],[25.1499,58.4612],[25.138,58.462],[25.1325,58.4603],[25.1168,58.4597],[25.1056,58.4541],[25.1174,58.458],[25.1324,58.4561],[25.1629,58.4591],[25.1637,58.4598],[25.1949,58.4652],[25.2013,58.4655],[25.2055,58.4636],[25.2076,58.464],[25.2078,58.4645],[25.2096,58.4646],[25.2113,58.4663],[25.2148,58.4674],[25.2229,58.4683],[25.2114,58.4662],[25.2105,58.4651],[25.2099,58.4646],[25.2092,58.4644],[25.2064,58.4634],[25.2022,58.4642],[25.201,58.4652],[25.1979,58.4638],[25.1916,58.4623],[25.173,58.4608],[25.1686,58.4583],[25.1696,58.4541],[25.1779,58.4543],[25.1817,58.4564],[25.1818,58.4591],[25.1984,58.4615],[25.2045,58.4577],[25.2151,58.4545],[25.2245,58.4597],[25.2298,58.4596],[25.2302,58.4554],[25.2368,58.4479],[25.249,58.4412],[25.2511,58.4361],[25.2428,58.4363],[25.2155,58.4336],[25.1958,58.4332],[25.1879,58.4353],[25.186,58.4394],[25.1843,58.4403],[25.1747,58.442],[25.1695,58.4465],[25.1619,58.4495],[25.1611,58.4469],[25.1518,58.446],[25.1517,58.4508],[25.1467,58.452],[25.1457,58.4548],[25.1268,58.4558],[25.1133,58.4556],[25.1069,58.4524],[25.0985,58.4511],[25.095,58.4506],[25.0975,58.4426],[25.1052,58.4438],[25.1107,58.4422],[25.1233,58.4437],[25.135,58.4435],[25.136,58.4385],[25.1374,58.4379]],[[25.2569,58.4737],[25.2646,58.4666],[25.2656,58.4594],[25.2667,58.4597],[25.2733,58.457],[25.2761,58.4522],[25.2884,58.4439],[25.2924,58.4367],[25.3035,58.4341],[25.3051,58.4298],[25.2759,58.4267],[25.2595,58.4258],[25.2512,58.4284],[25.2506,58.434],[25.2553,58.4396],[25.2363,58.4512],[25.2337,58.4561],[25.2364,58.4597],[25.2453,58.4629],[25.2571,58.4611],[25.2569,58.4737]]],[[[24.7396,58.4737],[24.6972,58.4549],[24.6955,58.4547],[24.692,58.4505],[24.7054,58.4493],[24.7029,58.4518],[24.7113,58.4582],[24.7193,58.4506],[24.7172,58.4475],[24.7205,58.4404],[24.7221,58.4397],[24.7319,58.4428],[24.7411,58.4526],[24.7382,58.455],[24.7364,58.4514],[24.7298,58.4528],[24.7382,58.4681],[24.7451,58.4726],[24.7419,58.4746],[24.7396,58.4737]]],[[[23.1146,58.4504],[23.1167,58.4532],[23.1327,58.4473],[23.1261,58.4435],[23.138,58.4422],[23.1415,58.4462],[23.1392,58.458],[23.1305,58.4578],[23.1264,58.4673],[23.1256,58.4694],[23.124,58.4688],[23.1242,58.4708],[23.1105,58.4672],[23.107,58.4679],[23.1013,58.4725],[23.1011,58.4735],[23.1023,58.478],[23.0925,58.4748],[23.0865,58.4813],[23.0787,58.4772],[23.0781,58.471],[23.0689,58.4682],[23.0754,58.4691],[23.0835,58.472],[23.0842,58.4667],[23.0815,58.4617],[23.0716,58.4622],[23.0703,58.4612],[23.0634,58.4599],[23.066,58.4582],[23.0609,58.4499],[23.0708,58.446],[23.0602,58.4489],[23.0505,58.4487],[23.0558,58.4401],[23.0622,58.4356],[23.0537,58.4332],[23.0488,58.4287],[23.0425,58.4288],[23.0371,58.433],[23.0339,58.4323],[23.029,58.4266],[23.0307,58.4195],[23.0387,58.424],[23.0481,58.4247],[23.0587,58.4242],[23.0642,58.421],[23.0653,58.4267],[23.0634,58.4311],[23.0723,58.4293],[23.0848,58.432],[23.0875,58.4361],[23.0963,58.4368],[23.1018,58.4332],[23.1016,58.4372],[23.1082,58.4423],[23.1082,58.4511],[23.1146,58.4504]],[[23.0837,58.4374],[23.0741,58.4422],[23.0756,58.4458],[23.0693,58.4506],[23.0694,58.4536],[23.0772,58.4567],[23.0816,58.4522],[23.0901,58.4528],[23.0985,58.4502],[23.0947,58.4457],[23.0993,58.4385],[23.0837,58.4374]]],[[[26.4884,58.4292],[26.5071,58.43],[26.512,58.4336],[26.5197,58.435],[26.5245,58.4369],[26.5263,58.4383],[26.5276,58.4394],[26.531,58.4412],[26.5365,58.4443],[26.539,58.446],[26.5404,58.4449],[26.5481,58.4476],[26.5554,58.4509],[26.5624,58.4516],[26.5658,58.4589],[26.5789,58.4594],[26.5962,58.4643],[26.5854,58.4644],[26.5764,58.4636],[26.5679,58.4653],[26.5614,58.461],[26.5611,58.4607],[26.5544,58.4566],[26.5392,58.4548],[26.5395,58.4543],[26.5342,58.4531],[26.5307,58.4536],[26.5261,58.4532],[26.5127,58.4458],[26.5087,58.4415],[26.5053,58.4418],[26.4984,58.4381],[26.4898,58.4299],[26.4896,58.4298],[26.4884,58.4292]]],[[[21.9218,58.4705],[21.918,58.4755],[21.9252,58.4769],[21.9344,58.4815],[21.9335,58.4891],[21.9248,58.495],[21.9233,58.4943],[21.9242,58.4873],[21.9183,58.483],[21.9033,58.4781],[21.9021,58.4727],[21.9137,58.4588],[21.9179,58.4564],[21.9262,58.4556],[21.9239,58.4592],[21.9284,58.4612],[21.9426,58.4598],[21.9527,58.4611],[21.9559,58.4658],[21.9536,58.4691],[21.9583,58.4725],[21.9648,58.4703],[21.9695,58.4725],[21.9608,58.4787],[21.9561,58.4816],[21.9465,58.4768],[21.9389,58.4774],[21.944,58.4835],[21.9496,58.4848],[21.9484,58.4899],[21.939,58.4926],[21.934,58.4936],[21.9383,58.4833],[21.9319,58.4784],[21.9308,58.4756],[21.9418,58.4678],[21.9311,58.464],[21.9268,58.471],[21.9218,58.4705]]],[[[27.0657,58.4118],[27.0658,58.4116],[27.0695,58.4098],[27.0655,58.403],[27.0565,58.4026],[27.0557,58.4009],[27.0528,58.398],[27.046,58.3966],[27.0447,58.3962],[27.0546,58.3922],[27.06,58.3963],[27.0698,58.4031],[27.0984,58.4197],[27.0988,58.421],[27.1,58.4232],[27.1101,58.4271],[27.1226,58.4372],[27.1129,58.439],[27.1047,58.4406],[27.1062,58.4463],[27.1193,58.4449],[27.1274,58.4461],[27.1318,58.4522],[27.1417,58.454],[27.1525,58.4613],[27.1546,58.4653],[27.1478,58.4675],[27.1489,58.4748],[27.1527,58.4761],[27.1632,58.4723],[27.1597,58.47],[27.1664,58.4659],[27.1719,58.4651],[27.1791,58.4665],[27.1833,58.4628],[27.193,58.4694],[27.2111,58.4722],[27.2284,58.4706],[27.2369,58.467],[27.2381,58.459],[27.2314,58.4484],[27.2416,58.4518],[27.2363,58.4539],[27.2421,58.4583],[27.2391,58.4797],[27.2347,58.4801],[27.2313,58.4784],[27.2065,58.4785],[27.1943,58.4784],[27.1888,58.4815],[27.1878,58.4815],[27.1814,58.4826],[27.1807,58.483],[27.1795,58.488],[27.1781,58.4894],[27.1744,58.4894],[27.1743,58.4893],[27.1722,58.4895],[27.1715,58.4891],[27.1662,58.489],[27.1661,58.4906],[27.1656,58.4912],[27.1636,58.4914],[27.1608,58.4918],[27.1613,58.4948],[27.1645,58.4962],[27.1648,58.4952],[27.1655,58.4948],[27.1656,58.4946],[27.1653,58.5014],[27.1649,58.5029],[27.1648,58.503],[27.1613,58.5034],[27.1618,58.5043],[27.1622,58.5052],[27.1603,58.5055],[27.1601,58.5065],[27.1586,58.5075],[27.1583,58.5068],[27.1566,58.5066],[27.1526,58.5023],[27.155,58.4992],[27.1396,58.4949],[27.1323,58.501],[27.1223,58.5035],[27.1223,58.5036],[27.1264,58.5053],[27.1194,58.5086],[27.1191,58.5119],[27.117,58.5173],[27.1133,58.5176],[27.1079,58.5127],[27.1016,58.5126],[27.0923,58.512],[27.089,58.5177],[27.0759,58.5177],[27.0758,58.5174],[27.0768,58.5166],[27.0773,58.5147],[27.0768,58.5131],[27.0765,58.5117],[27.0751,58.5083],[27.0754,58.5058],[27.0764,58.5046],[27.0744,58.5018],[27.0743,58.5011],[27.0741,58.4996],[27.0743,58.4963],[27.0764,58.4895],[27.0761,58.4894],[27.0735,58.4874],[27.0757,58.4873],[27.0758,58.4867],[27.0732,58.4838],[27.0684,58.4776],[27.0706,58.4773],[27.0724,58.4766],[27.0734,58.4739],[27.072,58.4707],[27.0754,58.4661],[27.0752,58.4627],[27.0745,58.4626],[27.0749,58.4612],[27.0763,58.4538],[27.0853,58.4536],[27.0929,58.4559],[27.1014,58.4542],[27.0935,58.4501],[27.1035,58.4521],[27.1024,58.4636],[27.1044,58.4617],[27.1074,58.4494],[27.0968,58.4464],[27.0926,58.45],[27.0906,58.4502],[27.0826,58.4495],[27.0787,58.4524],[27.0768,58.446],[27.0761,58.4439],[27.0736,58.436],[27.0735,58.4358],[27.0693,58.4332],[27.0688,58.4323],[27.071,58.4289],[27.0732,58.4225],[27.068,58.4202],[27.064,58.4196],[27.0694,58.4171],[27.0657,58.4118]]],[[[24.5696,58.4877],[24.5694,58.4815],[24.5694,58.4806],[24.5727,58.4861],[24.5794,58.4862],[24.5817,58.4759],[24.5909,58.4763],[24.6044,58.4752],[24.6098,58.4755],[24.6131,58.4767],[24.6225,58.4812],[24.6176,58.4837],[24.6177,58.4838],[24.6244,58.4822],[24.611,58.4894],[24.5715,58.4877],[24.5696,58.4877]]],[[[25.5569,58.4742],[25.5528,58.4793],[25.5404,58.4791],[25.5514,58.4479],[25.5567,58.4494],[25.5665,58.4464],[25.5725,58.4442],[25.575,58.4384],[25.5792,58.4372],[25.5789,58.4449],[25.5829,58.4481],[25.5804,58.4531],[25.5751,58.4567],[25.5786,58.4592],[25.57,58.464],[25.5685,58.4658],[25.5684,58.4659],[25.5679,58.467],[25.5764,58.4715],[25.589,58.4715],[25.5918,58.4723],[25.5974,58.4735],[25.5962,58.4748],[25.5961,58.4753],[25.5891,58.4768],[25.59,58.4864],[25.5833,58.4881],[25.578,58.4842],[25.5696,58.4859],[25.5622,58.484],[25.5659,58.4754],[25.5569,58.4742]]],[[[24.3872,58.4662],[24.3887,58.4664],[24.3862,58.4733],[24.3953,58.475],[24.3935,58.4796],[24.3854,58.4886],[24.3904,58.4906],[24.3879,58.4962],[24.3962,58.4978],[24.4083,58.4825],[24.4049,58.4763],[24.406,58.4683],[24.4163,58.4653],[24.4115,58.4605],[24.4137,58.4561],[24.4206,58.4502],[24.4211,58.4505],[24.4194,58.4525],[24.4296,58.4613],[24.4215,58.4626],[24.4192,58.4693],[24.4121,58.471],[24.4119,58.4774],[24.4191,58.4816],[24.4244,58.4892],[24.4244,58.493],[24.4191,58.5035],[24.4235,58.5045],[24.4228,58.5065],[24.4212,58.51],[24.4115,58.5063],[24.4073,58.5114],[24.4098,58.5169],[24.3888,58.5155],[24.3925,58.5094],[24.4001,58.515],[24.404,58.5076],[24.3964,58.5088],[24.3905,58.5049],[24.3839,58.5048],[24.3803,58.4958],[24.3713,58.4974],[24.3656,58.4948],[24.3559,58.5008],[24.3542,58.5006],[24.3496,58.4995],[24.3499,58.4963],[24.3591,58.4938],[24.3576,58.4869],[24.3575,58.4863],[24.3575,58.4856],[24.3645,58.4853],[24.3662,58.478],[24.3734,58.4796],[24.3872,58.4662]]],[[[25.0315,58.544],[25.0175,58.5376],[25.0078,58.5354],[25.0079,58.5339],[24.9941,58.5288],[24.9809,58.5254],[24.984,58.5223],[24.9906,58.5233],[24.9972,58.5263],[25.0022,58.5233],[24.9904,58.5206],[24.9861,58.5174],[24.9827,58.5153],[24.9745,58.5192],[24.9734,58.5205],[24.9663,58.5199],[24.9606,58.5188],[24.9587,58.5098],[24.9673,58.5073],[24.9631,58.5109],[24.9697,58.5132],[24.9751,58.5092],[24.9752,58.5093],[24.9858,58.5094],[24.9886,58.5133],[25.0079,58.516],[25.012,58.5134],[25.0255,58.5128],[25.0267,58.5105],[25.0316,58.5136],[25.0253,58.5184],[25.0377,58.5183],[25.0383,58.5188],[25.0497,58.5191],[25.0459,58.5226],[25.0491,58.5288],[25.0548,58.533],[25.0577,58.5297],[25.0624,58.5364],[25.0533,58.5432],[25.0674,58.5424],[25.072,58.5486],[25.0704,58.5552],[25.0695,58.557],[25.055,58.5578],[25.0665,58.563],[25.0729,58.5615],[25.0736,58.557],[25.0768,58.5561],[25.0807,58.5614],[25.0843,58.5717],[25.0723,58.5678],[25.0671,58.569],[25.0552,58.5669],[25.0524,58.5698],[25.0653,58.5717],[25.0787,58.5806],[25.0743,58.5843],[25.0661,58.5825],[25.0639,58.5838],[25.0543,58.5846],[25.0525,58.5851],[25.0431,58.5851],[25.0371,58.582],[25.0476,58.581],[25.0443,58.5711],[25.0486,58.5628],[25.0436,58.5574],[25.0509,58.559],[25.055,58.5527],[25.0533,58.5498],[25.0468,58.5447],[25.0411,58.5486],[25.0358,58.5456],[25.0402,58.5425],[25.0364,58.5413],[25.0315,58.544]]],[[[24.631,58.542],[24.6247,58.5459],[24.636,58.551],[24.6355,58.5514],[24.6147,58.5426],[24.6138,58.5422],[24.6127,58.5435],[24.6145,58.5408],[24.6217,58.5449],[24.6283,58.5401],[24.6225,58.5369],[24.6202,58.5328],[24.6214,58.5301],[24.6229,58.5296],[24.623,58.5298],[24.63,58.5319],[24.6331,58.5334],[24.6358,58.5337],[24.6387,58.534],[24.6414,58.5345],[24.6414,58.5348],[24.6346,58.5388],[24.6483,58.5416],[24.6543,58.5459],[24.6607,58.5467],[24.6605,58.5394],[24.6558,58.5367],[24.6641,58.5393],[24.669,58.5417],[24.6706,58.5406],[24.6707,58.5405],[24.6713,58.5393],[24.6708,58.5391],[24.6662,58.5371],[24.666,58.537],[24.6657,58.5321],[24.6677,58.5345],[24.6796,58.5374],[24.6903,58.5372],[24.6843,58.5391],[24.6834,58.5456],[24.6996,58.5481],[24.7015,58.5467],[24.6957,58.5443],[24.6988,58.5403],[24.6912,58.5387],[24.6935,58.5334],[24.7025,58.5316],[24.7024,58.532],[24.7,58.5361],[24.6931,58.535],[24.6938,58.536],[24.6942,58.5368],[24.7,58.5389],[24.7126,58.5378],[24.7165,58.5349],[24.7087,58.5431],[24.7127,58.5466],[24.7175,58.5451],[24.7146,58.5413],[24.7235,58.5449],[24.7273,58.5487],[24.738,58.5444],[24.7372,58.5441],[24.7395,58.5416],[24.7413,58.5417],[24.7421,58.546],[24.7417,58.5472],[24.7436,58.5524],[24.7498,58.552],[24.7492,58.5437],[24.7548,58.5403],[24.7662,58.5515],[24.768,58.5511],[24.7734,58.5542],[24.7797,58.5531],[24.7856,58.5559],[24.79,58.5584],[24.7951,58.5636],[24.7895,58.5683],[24.7931,58.5708],[24.7902,58.5717],[24.7881,58.5733],[24.7828,58.5724],[24.7715,58.5797],[24.7702,58.5777],[24.7804,58.5729],[24.7705,58.5711],[24.7683,58.5763],[24.7614,58.5754],[24.7437,58.5665],[24.7431,58.5691],[24.7319,58.5655],[24.7224,58.5708],[24.7219,58.5739],[24.7124,58.5781],[24.6953,58.5896],[24.6907,58.595],[24.6836,58.5986],[24.6903,58.6003],[24.6964,58.6044],[24.7016,58.6151],[24.6951,58.6163],[24.6917,58.6252],[24.685,58.6301],[24.6767,58.6335],[24.667,58.64],[24.6633,58.6374],[24.6635,58.6373],[24.6642,58.6367],[24.6609,58.6291],[24.6611,58.6278],[24.6688,58.6245],[24.6666,58.6172],[24.67,58.6118],[24.6621,58.6106],[24.666,58.6025],[24.6627,58.6014],[24.663,58.5981],[24.6548,58.6008],[24.6543,58.6016],[24.6607,58.603],[24.6574,58.6109],[24.6615,58.6152],[24.6603,58.6203],[24.6579,58.6195],[24.6521,58.6149],[24.6453,58.6149],[24.6425,58.6227],[24.6444,58.6276],[24.6395,58.6288],[24.6331,58.62],[24.6335,58.6176],[24.6388,58.6097],[24.6323,58.6087],[24.6285,58.6095],[24.6113,58.6069],[24.6121,58.6048],[24.6137,58.6014],[24.6024,58.595],[24.5939,58.5971],[24.5842,58.5985],[24.5955,58.6012],[24.5959,58.6024],[24.5989,58.6068],[24.5871,58.6077],[24.588,58.6104],[24.5822,58.6224],[24.5817,58.6184],[24.5746,58.613],[24.5736,58.6091],[24.5734,58.6069],[24.5683,58.599],[24.5569,58.5994],[24.5655,58.5983],[24.5706,58.5926],[24.5877,58.594],[24.5895,58.5898],[24.5927,58.5896],[24.5965,58.5853],[24.6038,58.584],[24.6092,58.5903],[24.6137,58.5886],[24.606,58.5818],[24.6073,58.5781],[24.5942,58.576],[24.5913,58.5807],[24.5857,58.5803],[24.5861,58.5874],[24.58,58.5846],[24.5758,58.5806],[24.5679,58.5784],[24.5688,58.574],[24.5724,58.5722],[24.5721,58.5712],[24.5668,58.5673],[24.5672,58.5673],[24.568,58.5671],[24.5666,58.5664],[24.5661,58.5667],[24.5628,58.5668],[24.5611,58.5657],[24.5596,58.5589],[24.5643,58.563],[24.5635,58.5637],[24.5702,58.564],[24.5822,58.5691],[24.5915,58.5684],[24.5878,58.5602],[24.5805,58.5607],[24.5768,58.5493],[24.5808,58.5467],[24.5868,58.546],[24.5846,58.5382],[24.6022,58.5335],[24.604,58.5355],[24.6162,58.5379],[24.6151,58.5387],[24.5979,58.5391],[24.5984,58.5516],[24.609,58.553],[24.6099,58.5518],[24.6158,58.5527],[24.6106,58.5561],[24.6242,58.5622],[24.6313,58.5602],[24.6296,58.5587],[24.6395,58.5527],[24.6433,58.5518],[24.6463,58.5473],[24.631,58.542]],[[24.6611,58.5732],[24.6594,58.5757],[24.6492,58.577],[24.6421,58.5815],[24.6481,58.586],[24.6484,58.5937],[24.6568,58.593],[24.6645,58.5913],[24.6644,58.5902],[24.6652,58.5863],[24.6667,58.586],[24.6721,58.5829],[24.6739,58.5819],[24.6743,58.5778],[24.6622,58.5719],[24.6611,58.5732]]],[[[26.2007,58.5398],[26.2091,58.5343],[26.209,58.5342],[26.2157,58.5305],[26.2035,58.5323],[26.1971,58.5303],[26.1927,58.5335],[26.1995,58.5358],[26.1975,58.5383],[26.1927,58.537],[26.1943,58.5365],[26.1944,58.536],[26.195,58.5353],[26.1875,58.5336],[26.1874,58.5306],[26.1778,58.5291],[26.1747,58.525],[26.1645,58.524],[26.1608,58.5191],[26.1632,58.5167],[26.1593,58.5146],[26.1569,58.5114],[26.1534,58.5087],[26.1522,58.5059],[26.1552,58.5047],[26.1568,58.5046],[26.1551,58.5026],[26.1587,58.5025],[26.159,58.5018],[26.1574,58.4996],[26.1591,58.4977],[26.1551,58.4973],[26.1579,58.4933],[26.1602,58.4918],[26.1606,58.491],[26.1628,58.4907],[26.1609,58.4896],[26.1612,58.4887],[26.1609,58.4883],[26.16,58.4881],[26.1577,58.4884],[26.1572,58.4873],[26.1561,58.4867],[26.156,58.4844],[26.1498,58.4797],[26.1506,58.4741],[26.1463,58.4733],[26.1524,58.4695],[26.1616,58.4602],[26.159,58.4573],[26.1662,58.4499],[26.1617,58.4457],[26.1752,58.4359],[26.1739,58.4329],[26.178,58.4264],[26.1804,58.4257],[26.1818,58.419],[26.1915,58.4142],[26.1957,58.4168],[26.1987,58.4218],[26.2131,58.4182],[26.2188,58.4163],[26.2311,58.416],[26.2322,58.4205],[26.2282,58.4236],[26.2323,58.4278],[26.2261,58.4279],[26.2216,58.4317],[26.2038,58.4307],[26.2026,58.4347],[26.2082,58.4367],[26.2113,58.4443],[26.2177,58.4447],[26.2243,58.45],[26.2302,58.4516],[26.2234,58.4598],[26.2197,58.4654],[26.2108,58.4682],[26.2106,58.4696],[26.2086,58.4756],[26.2162,58.4846],[26.2163,58.4848],[26.2141,58.4874],[26.2127,58.4878],[26.2124,58.4878],[26.2116,58.4868],[26.2078,58.4903],[26.1949,58.4982],[26.2039,58.4982],[26.2111,58.5005],[26.2063,58.5046],[26.2184,58.5078],[26.2156,58.5113],[26.2208,58.5175],[26.2271,58.5194],[26.2388,58.5158],[26.2513,58.5174],[26.2635,58.517],[26.2688,58.5189],[26.2854,58.5115],[26.2914,58.5036],[26.2984,58.5009],[26.3022,58.4937],[26.3088,58.4893],[26.319,58.4854],[26.319,58.4805],[26.3125,58.48],[26.3099,58.4719],[26.3038,58.4731],[26.2877,58.4806],[26.2827,58.4806],[26.3006,58.4732],[26.3023,58.4709],[26.2965,58.4719],[26.2985,58.4707],[26.2874,58.4649],[26.2804,58.4625],[26.2896,58.4573],[26.2974,58.4562],[26.2981,58.4553],[26.3087,58.4539],[26.3148,58.4477],[26.3102,58.4428],[26.3127,58.4382],[26.3185,58.4362],[26.3114,58.4333],[26.3024,58.4372],[26.3076,58.4394],[26.2903,58.4373],[26.2769,58.4341],[26.2647,58.4359],[26.2607,58.4347],[26.2483,58.4323],[26.2461,58.4314],[26.2458,58.4314],[26.2366,58.4287],[26.234,58.4249],[26.2475,58.4162],[26.2543,58.4199],[26.2609,58.4171],[26.2633,58.4124],[26.2582,58.4081],[26.2706,58.4113],[26.2726,58.4072],[26.3105,58.407],[26.3221,58.4109],[26.3309,58.4111],[26.3458,58.415],[26.3495,58.4143],[26.3615,58.4138],[26.3768,58.405],[26.3953,58.4041],[26.4128,58.4045],[26.4268,58.4081],[26.4345,58.4117],[26.4342,58.415],[26.4247,58.4184],[26.4224,58.4293],[26.4017,58.4316],[26.3883,58.4303],[26.3825,58.4335],[26.3822,58.4389],[26.3824,58.4402],[26.3782,58.4435],[26.3503,58.4571],[26.3436,58.4616],[26.3428,58.4664],[26.3373,58.4727],[26.346,58.4777],[26.3411,58.4833],[26.3349,58.4913],[26.3449,58.4813],[26.3462,58.4824],[26.3478,58.4836],[26.3484,58.4858],[26.3496,58.487],[26.3503,58.4882],[26.3516,58.4987],[26.3612,58.4993],[26.3627,58.4959],[26.3634,58.4953],[26.3673,58.4945],[26.3757,58.5],[26.3866,58.5002],[26.3927,58.5001],[26.3952,58.5002],[26.3969,58.5002],[26.4047,58.5012],[26.4053,58.502],[26.4029,58.5057],[26.3935,58.505],[26.3927,58.5146],[26.4025,58.5145],[26.4036,58.5216],[26.4084,58.5271],[26.4172,58.5305],[26.4264,58.5355],[26.4401,58.5363],[26.4374,58.5389],[26.4325,58.5427],[26.4407,58.5457],[26.439,58.5527],[26.4484,58.5535],[26.45,58.5596],[26.4592,58.5536],[26.4675,58.5503],[26.471,58.5534],[26.476,58.5577],[26.487,58.5557],[26.4821,58.5572],[26.4823,58.5616],[26.4763,58.569],[26.4709,58.5725],[26.4616,58.5783],[26.4598,58.5837],[26.4556,58.5884],[26.4541,58.588],[26.4325,58.6001],[26.4233,58.6028],[26.4265,58.5969],[26.4207,58.5962],[26.4152,58.6014],[26.4206,58.6045],[26.4209,58.6089],[26.4207,58.6089],[26.4193,58.6084],[26.4119,58.6104],[26.4108,58.6111],[26.4048,58.6082],[26.3875,58.6032],[26.3915,58.5958],[26.3757,58.5908],[26.3533,58.5868],[26.3544,58.5838],[26.3688,58.5776],[26.371,58.5757],[26.3662,58.5732],[26.3602,58.5754],[26.3537,58.5722],[26.3432,58.5755],[26.3377,58.5748],[26.3342,58.5672],[26.3216,58.5732],[26.3147,58.5695],[26.303,58.5676],[26.3039,58.5646],[26.304,58.5643],[26.3079,58.5638],[26.3173,58.5606],[26.3219,58.5592],[26.3137,58.5521],[26.3121,58.5435],[26.3028,58.5472],[26.3095,58.5246],[26.3237,58.5138],[26.3372,58.5165],[26.3401,58.5129],[26.3483,58.5178],[26.3626,58.5194],[26.3606,58.5149],[26.3525,58.5137],[26.3538,58.5084],[26.3472,58.5081],[26.3467,58.5036],[26.3323,58.5103],[26.3268,58.5081],[26.3348,58.4914],[26.3314,58.4958],[26.326,58.5078],[26.3193,58.5053],[26.3146,58.4996],[26.3078,58.4967],[26.3054,58.5026],[26.3163,58.5036],[26.3167,58.5068],[26.3231,58.5114],[26.3196,58.5151],[26.3101,58.5156],[26.3036,58.513],[26.3046,58.5187],[26.2989,58.5186],[26.2938,58.5245],[26.3016,58.5267],[26.3081,58.5249],[26.3019,58.547],[26.3009,58.5472],[26.2977,58.5484],[26.2957,58.5451],[26.3009,58.5448],[26.295,58.5441],[26.2896,58.5395],[26.2825,58.5419],[26.2638,58.5446],[26.2555,58.5419],[26.2513,58.5452],[26.2369,58.5416],[26.2391,58.5402],[26.2388,58.54],[26.2387,58.5397],[26.2388,58.5395],[26.2356,58.5393],[26.2312,58.5401],[26.2312,58.5402],[26.232,58.5406],[26.2307,58.5407],[26.2332,58.5415],[26.2344,58.5416],[26.2199,58.5415],[26.212,58.5396],[26.2007,58.5398]],[[26.3842,58.4135],[26.389,58.4253],[26.4006,58.4253],[26.4079,58.42],[26.4158,58.4231],[26.421,58.4219],[26.4253,58.4131],[26.4193,58.4087],[26.4087,58.4094],[26.3987,58.4079],[26.3918,58.4123],[26.3842,58.4135]],[[26.1728,58.4529],[26.1736,58.4632],[26.1866,58.4669],[26.2038,58.4609],[26.2018,58.4571],[26.1939,58.4541],[26.1896,58.4493],[26.1801,58.4482],[26.1728,58.4529]]],[[[24.7824,58.5511],[24.7951,58.5489],[24.7976,58.5454],[24.7925,58.5413],[24.7981,58.5392],[24.7947,58.5344],[24.7864,58.536],[24.7779,58.5339],[24.7742,58.538],[24.7687,58.5368],[24.7607,58.5328],[24.7416,58.5322],[24.74,58.5292],[24.7389,58.5267],[24.7387,58.526],[24.7364,58.5217],[24.7406,58.5206],[24.7422,58.52],[24.7434,58.5192],[24.7417,58.5181],[24.7432,58.5137],[24.7507,58.5118],[24.7462,58.507],[24.7502,58.507],[24.7554,58.5019],[24.7546,58.4989],[24.7599,58.4984],[24.7599,58.4983],[24.758,58.4982],[24.7592,58.4968],[24.7605,58.4959],[24.764,58.4968],[24.7641,58.4969],[24.7651,58.4976],[24.7677,58.4963],[24.7696,58.4967],[24.7714,58.4976],[24.7728,58.4984],[24.7755,58.4995],[24.7758,58.4989],[24.78,58.5014],[24.7809,58.5022],[24.781,58.5022],[24.7815,58.502],[24.7824,58.5015],[24.7841,58.5022],[24.7854,58.5022],[24.7859,58.5022],[24.7873,58.5026],[24.7904,58.5033],[24.788,58.505],[24.7915,58.5059],[24.7931,58.5067],[24.7929,58.5069],[24.7923,58.5065],[24.7895,58.506],[24.7935,58.5092],[24.7985,58.5118],[24.8013,58.5169],[24.798,58.5162],[24.7939,58.5213],[24.8037,58.521],[24.8063,58.527],[24.8107,58.5282],[24.8159,58.5339],[24.8055,58.5375],[24.8032,58.5398],[24.7972,58.5339],[24.7852,58.5264],[24.7685,58.5192],[24.7631,58.5167],[24.763,58.5173],[24.7619,58.5197],[24.7557,58.5262],[24.7502,58.5229],[24.7434,58.5259],[24.7557,58.5293],[24.7646,58.5251],[24.7731,58.5218],[24.7876,58.5287],[24.7959,58.5341],[24.8056,58.5454],[24.8089,58.5546],[24.8013,58.5556],[24.7992,58.556],[24.7982,58.556],[24.797,58.5565],[24.7981,58.5584],[24.7981,58.5586],[24.7902,58.5583],[24.7857,58.5558],[24.7824,58.5511]]],[[[23.6296,58.541],[23.6337,58.5402],[23.636,58.5338],[23.6416,58.5277],[23.6451,58.5224],[23.6505,58.5212],[23.6565,58.5268],[23.656,58.5308],[23.6622,58.5329],[23.666,58.5415],[23.67,58.543],[23.6735,58.5475],[23.6649,58.5489],[23.6769,58.5555],[23.6838,58.5547],[23.6861,58.5608],[23.6886,58.5665],[23.6878,58.5665],[23.6746,58.5657],[23.6687,58.5636],[23.6664,58.56],[23.6565,58.559],[23.6491,58.5596],[23.6491,58.5524],[23.645,58.5496],[23.6436,58.5447],[23.6336,58.5452],[23.6361,58.5538],[23.6441,58.5545],[23.6374,58.5601],[23.6314,58.5537],[23.6302,58.5484],[23.6214,58.5487],[23.6192,58.5428],[23.6226,58.5412],[23.6237,58.546],[23.6305,58.5464],[23.6296,58.541]]],[[[27.2173,58.5038],[27.2185,58.5041],[27.2214,58.5044],[27.2323,58.5063],[27.2341,58.5093],[27.2296,58.5151],[27.2229,58.509],[27.2174,58.5104],[27.2238,58.5212],[27.2242,58.5262],[27.2253,58.529],[27.22,58.536],[27.2142,58.5333],[27.2078,58.5305],[27.1978,58.5327],[27.1998,58.5306],[27.2009,58.5267],[27.1941,58.5239],[27.1993,58.5297],[27.1919,58.5315],[27.1911,58.5327],[27.1868,58.5321],[27.1793,58.5289],[27.1785,58.5318],[27.1711,58.5335],[27.1632,58.5318],[27.1615,58.5394],[27.1648,58.5418],[27.1849,58.5474],[27.1937,58.5491],[27.1917,58.5537],[27.1817,58.5556],[27.1855,58.5578],[27.1895,58.5583],[27.1917,58.5623],[27.2061,58.5687],[27.188,58.5732],[27.18,58.574],[27.1649,58.5788],[27.1451,58.5817],[27.1443,58.5749],[27.1375,58.5744],[27.1323,58.5739],[27.1296,58.5867],[27.1271,58.5836],[27.1253,58.5711],[27.1247,58.565],[27.1213,58.5621],[27.124,58.556],[27.1197,58.5529],[27.1192,58.5532],[27.1166,58.5571],[27.1202,58.5617],[27.1187,58.5637],[27.1203,58.5659],[27.1154,58.5677],[27.1147,58.5678],[27.0975,58.5636],[27.0885,58.5625],[27.0895,58.5696],[27.0846,58.5724],[27.0944,58.5748],[27.091,58.5797],[27.0937,58.5826],[27.1013,58.5872],[27.0968,58.5948],[27.0989,58.5972],[27.0904,58.6022],[27.0909,58.5996],[27.0738,58.5972],[27.0717,58.5967],[27.0555,58.6069],[27.0588,58.6081],[27.0542,58.6114],[27.0465,58.6068],[27.0403,58.6097],[27.0349,58.6065],[27.0311,58.6131],[27.0419,58.6123],[27.0448,58.6184],[27.0447,58.6214],[27.0437,58.6225],[27.0463,58.6253],[27.0407,58.6303],[27.0405,58.6306],[27.0381,58.6311],[27.039,58.6325],[27.0439,58.6346],[27.0433,58.6351],[27.043,58.6369],[27.0402,58.6389],[27.0392,58.6402],[27.0386,58.6427],[27.0357,58.645],[27.0296,58.6493],[27.0261,58.6553],[27.0243,58.6573],[27.0213,58.6628],[27.0216,58.6641],[27.0225,58.6669],[27.0211,58.6669],[27.0131,58.667],[26.9979,58.6624],[26.9949,58.6718],[26.9927,58.672],[26.9905,58.671],[26.9887,58.6712],[26.9885,58.6712],[26.9887,58.6721],[26.9926,58.6723],[26.9897,58.6748],[26.9851,58.674],[26.9724,58.6721],[26.9702,58.6752],[26.9698,58.6762],[26.9684,58.6766],[26.9681,58.6761],[26.9608,58.6754],[26.9567,58.6768],[26.9589,58.6772],[26.9611,58.6776],[26.9631,58.6782],[26.9653,58.6785],[26.9697,58.6817],[26.9565,58.6902],[26.9556,58.6835],[26.9594,58.6797],[26.9459,58.675],[26.9411,58.6748],[26.9361,58.6827],[26.936,58.6826],[26.9288,58.6835],[26.9264,58.6832],[26.9241,58.6833],[26.9188,58.6835],[26.9126,58.6794],[26.9047,58.6852],[26.8992,58.6858],[26.9019,58.6942],[26.9006,58.6989],[26.9004,58.7004],[26.9015,58.7023],[26.8975,58.7049],[26.8975,58.705],[26.8965,58.7053],[26.8964,58.7054],[26.898,58.7066],[26.8984,58.707],[26.8998,58.7071],[26.9002,58.7058],[26.9004,58.7066],[26.9013,58.7063],[26.9018,58.7061],[26.9026,58.7063],[26.9036,58.708],[26.8979,58.7105],[26.8881,58.7077],[26.8771,58.7071],[26.8842,58.7051],[26.8905,58.703],[26.8915,58.7001],[26.8909,58.6991],[26.8879,58.6989],[26.8907,58.6938],[26.8881,58.6906],[26.8798,58.6908],[26.8736,58.6916],[26.8665,58.6882],[26.864,58.6882],[26.8567,58.6847],[26.8488,58.6826],[26.8416,58.6853],[26.8412,58.6778],[26.8374,58.6766],[26.838,58.6636],[26.8307,58.6611],[26.84,58.6626],[26.841,58.659],[26.8397,58.6587],[26.8367,58.6547],[26.8427,58.6524],[26.844,58.6481],[26.8498,58.6438],[26.8583,58.641],[26.8563,58.6355],[26.8631,58.6363],[26.8706,58.634],[26.8691,58.6302],[26.8794,58.6285],[26.8832,58.6267],[26.8734,58.6284],[26.8667,58.6295],[26.8687,58.625],[26.8653,58.6205],[26.8583,58.6203],[26.853,58.6276],[26.8622,58.6301],[26.8536,58.6324],[26.8389,58.6323],[26.8393,58.6289],[26.8399,58.6215],[26.8299,58.6245],[26.8235,58.6276],[26.8157,58.6254],[26.8264,58.6153],[26.839,58.6108],[26.8267,58.6107],[26.8269,58.6141],[26.8136,58.6172],[26.8053,58.6188],[26.7968,58.6203],[26.7946,58.6196],[26.7892,58.6193],[26.7863,58.6063],[26.7929,58.6027],[26.7978,58.604],[26.7991,58.6048],[26.8006,58.6067],[26.8037,58.6052],[26.8123,58.6028],[26.8253,58.6098],[26.8244,58.6011],[26.8189,58.6029],[26.8125,58.6004],[26.8097,58.5949],[26.8161,58.5928],[26.8139,58.5889],[26.8032,58.5906],[26.7992,58.5936],[26.7998,58.5871],[26.792,58.5837],[26.7828,58.5879],[26.7897,58.5765],[26.7965,58.5742],[26.7994,58.5703],[26.7945,58.5695],[26.8009,58.5593],[26.8053,58.5593],[26.8202,58.555],[26.8283,58.545],[26.8331,58.5464],[26.8329,58.5516],[26.8366,58.5521],[26.841,58.5555],[26.8438,58.5485],[26.8413,58.5472],[26.8461,58.5392],[26.8432,58.5356],[26.8485,58.5335],[26.8454,58.5251],[26.8383,58.5283],[26.8302,58.5365],[26.8407,58.5394],[26.8404,58.5417],[26.8249,58.543],[26.8195,58.541],[26.8214,58.5362],[26.8265,58.5325],[26.8277,58.5314],[26.8462,58.5177],[26.8474,58.5178],[26.8517,58.5207],[26.8568,58.525],[26.8604,58.526],[26.8628,58.532],[26.8696,58.5362],[26.8844,58.5342],[26.8873,58.5312],[26.8931,58.5259],[26.9007,58.5192],[26.9147,58.52],[26.9184,58.5172],[26.9187,58.5107],[26.9246,58.5068],[26.9335,58.507],[26.9388,58.5058],[26.9492,58.5074],[26.9609,58.5053],[26.9663,58.5076],[26.9614,58.5145],[26.9481,58.5123],[26.9462,58.513],[26.9469,58.5192],[26.9415,58.5164],[26.9341,58.5205],[26.9399,58.5261],[26.9376,58.5321],[26.9426,58.5376],[26.9424,58.5431],[26.9358,58.5434],[26.9289,58.5415],[26.9268,58.5472],[26.931,58.5493],[26.9276,58.5522],[26.9179,58.5534],[26.909,58.5509],[26.9083,58.5522],[26.9059,58.5611],[26.9152,58.5617],[26.9167,58.5581],[26.9274,58.5558],[26.9428,58.5522],[26.944,58.5472],[26.9459,58.5447],[26.9555,58.5427],[26.957,58.5423],[26.952,58.5381],[26.9489,58.5355],[26.9521,58.5259],[26.9617,58.5253],[26.9627,58.5222],[26.9549,58.5194],[26.9629,58.5149],[26.9722,58.5081],[26.9768,58.5093],[26.9724,58.5137],[26.9724,58.514],[26.9777,58.5156],[26.9808,58.5161],[26.9793,58.52],[26.9708,58.5231],[26.9693,58.5268],[26.9682,58.53],[26.9813,58.531],[26.978,58.5375],[26.9804,58.5386],[26.9809,58.5455],[26.989,58.5463],[26.9936,58.5365],[26.9944,58.534],[26.9944,58.5333],[26.9899,58.5277],[26.9977,58.5293],[27.0011,58.5297],[27.0006,58.5288],[27.0093,58.5305],[27.0041,58.5457],[27.0112,58.5466],[27.013,58.5553],[27.0195,58.5579],[27.0197,58.5581],[27.0298,58.5536],[27.0389,58.5543],[27.0438,58.5571],[27.046,58.5623],[27.0471,58.5565],[27.0445,58.553],[27.0501,58.5503],[27.0542,58.5499],[27.0543,58.55],[27.0567,58.5518],[27.0593,58.5566],[27.0659,58.5572],[27.0659,58.562],[27.0757,58.5631],[27.0864,58.5595],[27.0835,58.5543],[27.087,58.5498],[27.0978,58.5513],[27.1044,58.5538],[27.1121,58.5505],[27.1143,58.5449],[27.1031,58.5413],[27.1011,58.5358],[27.1127,58.5356],[27.1162,58.5308],[27.117,58.5318],[27.1215,58.5292],[27.1286,58.5214],[27.1425,58.5167],[27.144,58.5177],[27.1515,58.5129],[27.1529,58.5138],[27.1545,58.5133],[27.1633,58.512],[27.1648,58.5117],[27.1735,58.5087],[27.1781,58.5103],[27.1804,58.5131],[27.1906,58.5139],[27.1929,58.5056],[27.1946,58.505],[27.2018,58.5111],[27.2062,58.5169],[27.2116,58.5122],[27.2046,58.5058],[27.2025,58.5038],[27.2068,58.5038],[27.2173,58.5038]],[[27.0227,58.6118],[27.0262,58.6081],[27.0259,58.6048],[27.0183,58.6022],[27.031,58.5947],[27.0332,58.5897],[27.0267,58.5809],[27.0216,58.5779],[26.9961,58.5776],[26.9839,58.5736],[26.9903,58.5658],[26.9883,58.5635],[26.9799,58.564],[26.9743,58.5681],[26.9796,58.5734],[26.9616,58.5723],[26.9456,58.576],[26.9463,58.578],[26.9618,58.5725],[26.9798,58.5736],[26.9826,58.5773],[26.9804,58.5804],[26.9788,58.5809],[26.9778,58.5808],[26.9768,58.5811],[26.9732,58.5839],[26.9716,58.5847],[26.9703,58.5858],[26.9668,58.5861],[26.9663,58.5901],[26.9686,58.5908],[26.9705,58.5866],[26.9727,58.5867],[26.9732,58.5899],[26.9753,58.5916],[26.9736,58.5965],[26.969,58.6031],[26.9685,58.6056],[26.9674,58.606],[26.9655,58.6057],[26.9624,58.6061],[26.9562,58.6086],[26.9587,58.6081],[26.9591,58.6126],[26.9471,58.6169],[26.9425,58.6102],[26.938,58.6119],[26.9393,58.6179],[26.9451,58.6198],[26.9446,58.6215],[26.9454,58.6259],[26.9521,58.6256],[26.9555,58.6196],[26.9635,58.6232],[26.9609,58.6261],[26.9676,58.6293],[26.9705,58.6339],[26.963,58.6389],[26.964,58.6429],[26.9593,58.6505],[26.961,58.6554],[26.9674,58.6609],[26.968,58.6575],[26.9767,58.6591],[26.9829,58.6615],[26.9948,58.6619],[26.9909,58.6564],[26.9832,58.6568],[26.9826,58.6528],[26.9722,58.6512],[26.9684,58.6568],[26.9656,58.6531],[26.9638,58.6516],[26.9819,58.6478],[26.9834,58.644],[26.99,58.6436],[26.9971,58.6466],[27.0036,58.6448],[27.005,58.6464],[27.0121,58.6482],[27.0129,58.6428],[27.012,58.6423],[27.0059,58.6419],[26.9986,58.6391],[27.0007,58.632],[27.0074,58.6318],[27.0113,58.6271],[27.0132,58.6228],[27.0227,58.6118]],[[26.9085,58.6241],[26.9151,58.6215],[26.9092,58.6146],[26.9172,58.6178],[26.9221,58.6173],[26.9147,58.6129],[26.9155,58.6058],[26.9235,58.5964],[26.9248,58.5928],[26.9362,58.5929],[26.9374,58.5929],[26.9355,58.5882],[26.9319,58.581],[26.9317,58.5805],[26.9337,58.5799],[26.9325,58.5766],[26.9284,58.5761],[26.9282,58.577],[26.9176,58.5761],[26.9188,58.5817],[26.9144,58.5877],[26.903,58.5851],[26.9005,58.5931],[26.8934,58.5959],[26.8894,58.5994],[26.896,58.6045],[26.8997,58.6116],[26.9056,58.6187],[26.9085,58.6241]]],[[[24.2897,58.446],[24.2955,58.4498],[24.2828,58.4487],[24.292,58.4564],[24.2916,58.4614],[24.2789,58.4689],[24.2886,58.471],[24.2802,58.471],[24.2814,58.4803],[24.2924,58.4804],[24.2924,58.4818],[24.2968,58.4827],[24.3011,58.4832],[24.3071,58.4846],[24.3101,58.4909],[24.3094,58.4979],[24.3197,58.4955],[24.3261,58.4989],[24.3291,58.5044],[24.3462,58.5075],[24.345,58.5182],[24.3492,58.5217],[24.3569,58.5215],[24.3698,58.5222],[24.3697,58.5227],[24.3672,58.5274],[24.3531,58.5273],[24.3481,58.5232],[24.3412,58.5247],[24.3386,58.5329],[24.3296,58.5344],[24.3348,58.5291],[24.3333,58.5205],[24.3421,58.5143],[24.3406,58.5105],[24.3323,58.51],[24.3251,58.5075],[24.3238,58.5006],[24.3189,58.4987],[24.3087,58.5015],[24.3008,58.509],[24.2986,58.5141],[24.29,58.5167],[24.2792,58.524],[24.2711,58.5318],[24.2655,58.5324],[24.2554,58.5407],[24.2482,58.5453],[24.2472,58.5535],[24.2432,58.5582],[24.25,58.5599],[24.2673,58.5599],[24.2664,58.5637],[24.2547,58.5633],[24.2484,58.5669],[24.241,58.568],[24.2357,58.5731],[24.2364,58.5732],[24.244,58.5733],[24.2487,58.582],[24.2473,58.5825],[24.2447,58.586],[24.2506,58.588],[24.2452,58.5951],[24.2421,58.5954],[24.2272,58.5961],[24.2253,58.5977],[24.2236,58.5974],[24.2213,58.5912],[24.2289,58.5869],[24.2173,58.5867],[24.2158,58.595],[24.2092,58.5973],[24.1971,58.5981],[24.1938,58.594],[24.1856,58.5942],[24.1859,58.5883],[24.1952,58.5882],[24.1951,58.5844],[24.2035,58.5817],[24.2036,58.5766],[24.2032,58.5756],[24.2165,58.5752],[24.2267,58.575],[24.2321,58.5747],[24.2317,58.5625],[24.2215,58.5626],[24.2158,58.5664],[24.2156,58.5612],[24.2069,58.5592],[24.2078,58.5552],[24.2248,58.5607],[24.2333,58.5601],[24.2418,58.5493],[24.2309,58.5471],[24.2263,58.553],[24.2174,58.5554],[24.2067,58.5522],[24.2111,58.5493],[24.2025,58.5425],[24.1945,58.5459],[24.2021,58.5512],[24.2064,58.5549],[24.1985,58.5574],[24.1907,58.5624],[24.1826,58.5678],[24.1798,58.5725],[24.1737,58.5733],[24.1766,58.578],[24.1675,58.5772],[24.1657,58.5753],[24.1638,58.5722],[24.1562,58.5686],[24.1524,58.5639],[24.1459,58.5677],[24.1399,58.5666],[24.1502,58.5606],[24.157,58.5574],[24.1633,58.5567],[24.1661,58.5578],[24.1693,58.5574],[24.1745,58.5588],[24.1769,58.56],[24.1865,58.5559],[24.1846,58.5511],[24.1731,58.5476],[24.1709,58.5465],[24.1693,58.5446],[24.1696,58.5446],[24.1696,58.5442],[24.1691,58.5442],[24.1672,58.5417],[24.1577,58.5366],[24.1606,58.5423],[24.1599,58.5467],[24.1459,58.5416],[24.1374,58.5461],[24.1274,58.5439],[24.1189,58.5461],[24.1148,58.5454],[24.117,58.5408],[24.1234,58.5418],[24.1255,58.5346],[24.1109,58.5299],[24.1107,58.5358],[24.0968,58.5446],[24.0855,58.5474],[24.0837,58.55],[24.0904,58.5545],[24.081,58.5555],[24.0765,58.5494],[24.065,58.5472],[24.0648,58.5432],[24.0718,58.5418],[24.0621,58.5364],[24.0623,58.5348],[24.0642,58.5353],[24.0678,58.5295],[24.0636,58.5282],[24.0654,58.5266],[24.0679,58.5278],[24.0792,58.5218],[24.0813,58.5239],[24.08,58.5369],[24.0852,58.5419],[24.0968,58.542],[24.1071,58.5369],[24.1045,58.5314],[24.1091,58.5256],[24.119,58.5236],[24.122,58.5205],[24.1276,58.5184],[24.1176,58.515],[24.1031,58.5144],[24.0945,58.5177],[24.0813,58.5201],[24.0877,58.5187],[24.1121,58.509],[24.1187,58.5065],[24.1206,58.5059],[24.1358,58.5045],[24.1415,58.505],[24.1439,58.4986],[24.155,58.4956],[24.1631,58.5017],[24.172,58.5006],[24.1781,58.4983],[24.1825,58.499],[24.1857,58.5081],[24.1922,58.5059],[24.1914,58.5008],[24.1988,58.4971],[24.205,58.4971],[24.2031,58.4887],[24.2043,58.4875],[24.2082,58.4813],[24.2237,58.4723],[24.2343,58.4723],[24.2441,58.471],[24.2459,58.4629],[24.2454,58.4583],[24.2453,58.4602],[24.2386,58.4621],[24.2366,58.4594],[24.2408,58.4559],[24.2475,58.4506],[24.249,58.4493],[24.2625,58.4436],[24.2774,58.4376],[24.2897,58.446]],[[24.2344,58.4728],[24.2238,58.4765],[24.2119,58.4814],[24.2142,58.4877],[24.2083,58.4956],[24.2094,58.5084],[24.2059,58.5172],[24.2022,58.5204],[24.1974,58.5311],[24.1989,58.5349],[24.2082,58.5464],[24.2204,58.5507],[24.2282,58.5444],[24.2341,58.5463],[24.2485,58.5408],[24.252,58.5338],[24.258,58.5336],[24.2771,58.5206],[24.2744,58.5137],[24.2784,58.5073],[24.277,58.5042],[24.2654,58.5021],[24.2593,58.4989],[24.2579,58.4895],[24.2571,58.4819],[24.2511,58.4774],[24.2473,58.4745],[24.2344,58.4728]],[[24.1628,58.5026],[24.1607,58.5024],[24.147,58.5072],[24.1413,58.5115],[24.1371,58.5214],[24.1282,58.5281],[24.127,58.538],[24.1289,58.5404],[24.1388,58.5407],[24.1499,58.5393],[24.1564,58.5331],[24.1648,58.5348],[24.1681,58.5381],[24.1759,58.5386],[24.1737,58.5302],[24.1776,58.5249],[24.1775,58.5137],[24.1702,58.5077],[24.1748,58.503],[24.1628,58.5026]]],[[[24.3295,58.6601],[24.3064,58.6622],[24.2928,58.6635],[24.2821,58.6703],[24.2683,58.6749],[24.2649,58.6778],[24.2641,58.6791],[24.2534,58.6821],[24.2568,58.6874],[24.2568,58.6912],[24.2449,58.6923],[24.2423,58.696],[24.2537,58.6963],[24.2667,58.6999],[24.2718,58.7067],[24.2683,58.7045],[24.2462,58.7083],[24.241,58.7023],[24.2332,58.7032],[24.2326,58.6934],[24.2433,58.6862],[24.2298,58.6868],[24.2434,58.6798],[24.2425,58.6766],[24.2409,58.6682],[24.2315,58.6716],[24.2269,58.6676],[24.2241,58.6673],[24.2148,58.6622],[24.2111,58.6554],[24.2121,58.6503],[24.2027,58.6459],[24.1914,58.646],[24.1824,58.6512],[24.178,58.6484],[24.1813,58.6448],[24.175,58.6433],[24.1756,58.6486],[24.1623,58.6487],[24.1627,58.654],[24.1732,58.6522],[24.1725,58.6539],[24.168,58.6551],[24.1608,58.658],[24.1476,58.6582],[24.1361,58.6612],[24.1357,58.6662],[24.1277,58.6717],[24.1216,58.671],[24.1138,58.6762],[24.1196,58.6772],[24.1309,58.6852],[24.1305,58.6959],[24.1344,58.6993],[24.1433,58.7113],[24.1474,58.7147],[24.1655,58.7164],[24.1867,58.7159],[24.1879,58.7102],[24.1938,58.7024],[24.2081,58.6991],[24.2156,58.6961],[24.2158,58.6962],[24.2167,58.7008],[24.2159,58.7011],[24.2122,58.7054],[24.1996,58.7017],[24.1878,58.7125],[24.1941,58.7144],[24.1849,58.7234],[24.1616,58.7238],[24.158,58.7284],[24.1512,58.7254],[24.1457,58.729],[24.145,58.7296],[24.1366,58.7315],[24.1075,58.7199],[24.1117,58.7134],[24.1117,58.711],[24.1158,58.7111],[24.125,58.7088],[24.1232,58.7045],[24.1354,58.7039],[24.1309,58.7014],[24.1295,58.6952],[24.126,58.6944],[24.1217,58.692],[24.1146,58.6984],[24.1107,58.6964],[24.1064,58.6935],[24.1041,58.6996],[24.1034,58.7101],[24.094,58.7079],[24.0892,58.71],[24.0865,58.7091],[24.0646,58.7022],[24.0571,58.6997],[24.0568,58.6947],[24.0477,58.6926],[24.0443,58.6868],[24.0497,58.6865],[24.0509,58.681],[24.0485,58.6808],[24.0438,58.6774],[24.031,58.6771],[24.0285,58.6806],[24.0075,58.6801],[24.0067,58.6831],[24,58.6858],[24.0053,58.6904],[24.0201,58.6933],[24.0037,58.6993],[23.9982,58.7002],[23.9898,58.6991],[23.989,58.7041],[23.9894,58.7045],[23.9845,58.7048],[23.9807,58.705],[23.9443,58.7072],[23.9323,58.7095],[23.9317,58.7056],[23.9453,58.7068],[23.9449,58.7035],[23.9216,58.7016],[23.9276,58.7067],[23.9281,58.7104],[23.8962,58.7166],[23.8938,58.7141],[23.879,58.707],[23.8841,58.7033],[23.8879,58.7013],[23.8822,58.6958],[23.8702,58.6991],[23.8599,58.7022],[23.8579,58.697],[23.8733,58.6902],[23.8833,58.6907],[23.8916,58.6866],[23.8826,58.6753],[23.8921,58.6777],[23.8929,58.6846],[23.9021,58.6874],[23.8992,58.6908],[23.9095,58.6917],[23.9123,58.6885],[23.9178,58.6862],[23.9242,58.6868],[23.9435,58.6905],[23.9511,58.6954],[23.9623,58.6981],[23.9704,58.6962],[23.9823,58.6938],[23.9927,58.6909],[23.9913,58.688],[23.9724,58.6802],[23.9707,58.6793],[23.9735,58.6767],[23.9829,58.6771],[23.9769,58.6731],[23.9735,58.6641],[23.9715,58.6546],[23.9632,58.6453],[23.9555,58.6451],[23.9348,58.649],[23.9282,58.6493],[23.9279,58.6432],[23.9252,58.6409],[23.9291,58.6374],[23.9288,58.6394],[23.9341,58.6394],[23.9419,58.6442],[23.9455,58.64],[23.9361,58.6355],[23.9358,58.6305],[23.928,58.6256],[23.917,58.6225],[23.905,58.6225],[23.8902,58.6287],[23.8895,58.6275],[23.8888,58.6259],[23.9031,58.6213],[23.9102,58.6201],[23.9098,58.6191],[23.925,58.6136],[23.9226,58.6107],[23.9308,58.6103],[23.9496,58.6146],[23.9527,58.6128],[23.956,58.6134],[23.9573,58.6126],[23.9683,58.6079],[23.9635,58.599],[23.9707,58.5942],[23.9779,58.5933],[23.9822,58.5949],[23.9936,58.5939],[23.9982,58.5933],[23.9985,58.5971],[23.9992,58.5985],[23.9855,58.5998],[23.9769,58.5957],[23.9728,58.5973],[23.9666,58.6008],[23.9737,58.6051],[23.9876,58.607],[23.9917,58.6069],[23.9986,58.6104],[24.0028,58.6069],[24.0101,58.6031],[24.0203,58.6019],[24.0158,58.5979],[24.0204,58.5959],[24.0239,58.5916],[24.0241,58.5911],[24.0244,58.5902],[24.0211,58.5835],[24.0235,58.5798],[24.0176,58.5758],[24.0169,58.5747],[24.0257,58.5728],[24.0224,58.5681],[24.0318,58.5674],[24.0353,58.5734],[24.0448,58.5709],[24.0418,58.5674],[24.0439,58.5675],[24.0486,58.5728],[24.0626,58.5762],[24.0662,58.5741],[24.0742,58.5838],[24.0786,58.5822],[24.0824,58.5856],[24.0809,58.5794],[24.0857,58.5759],[24.0971,58.5757],[24.1031,58.5724],[24.1105,58.5752],[24.1285,58.5775],[24.1332,58.5792],[24.1384,58.5814],[24.1269,58.5796],[24.1247,58.5863],[24.1411,58.5872],[24.1436,58.5859],[24.1522,58.5883],[24.1554,58.5894],[24.1564,58.5895],[24.1569,58.5899],[24.1549,58.5909],[24.1531,58.5937],[24.1546,58.5995],[24.1577,58.6021],[24.1526,58.6035],[24.1405,58.6039],[24.1313,58.6045],[24.1223,58.6021],[24.1181,58.6014],[24.1149,58.6019],[24.1075,58.6049],[24.0944,58.6009],[24.0931,58.6042],[24.0911,58.6055],[24.083,58.6105],[24.0904,58.6132],[24.0824,58.6184],[24.08,58.6177],[24.0678,58.6078],[24.0633,58.6065],[24.0733,58.6076],[24.0767,58.6018],[24.0767,58.5932],[24.0755,58.5929],[24.0771,58.5873],[24.0704,58.5881],[24.061,58.5953],[24.061,58.6002],[24.0639,58.6029],[24.0625,58.6031],[24.0607,58.6051],[24.0612,58.6102],[24.0554,58.6105],[24.0561,58.6168],[24.0619,58.6217],[24.0634,58.6361],[24.0761,58.6389],[24.076,58.643],[24.0706,58.6473],[24.0627,58.6503],[24.0555,58.6435],[24.0544,58.6428],[24.0499,58.6436],[24.0433,58.6506],[24.0369,58.65],[24.0344,58.6558],[24.0396,58.6566],[24.0398,58.6623],[24.047,58.6587],[24.0562,58.655],[24.0636,58.6569],[24.0771,58.6576],[24.0775,58.6552],[24.0927,58.6583],[24.0846,58.6524],[24.0899,58.6492],[24.0799,58.6447],[24.0807,58.6418],[24.0896,58.6413],[24.0966,58.6433],[24.1085,58.6394],[24.1131,58.6341],[24.1127,58.6334],[24.1152,58.6308],[24.0983,58.6285],[24.0958,58.6228],[24.1009,58.6218],[24.1199,58.6255],[24.1195,58.6217],[24.1241,58.618],[24.1256,58.6177],[24.1196,58.6131],[24.1355,58.6123],[24.1509,58.6112],[24.1585,58.6144],[24.1521,58.6137],[24.1465,58.6184],[24.1281,58.6189],[24.1304,58.6228],[24.1221,58.6255],[24.1278,58.6336],[24.1234,58.6408],[24.125,58.647],[24.1324,58.6461],[24.1378,58.641],[24.1417,58.6428],[24.1513,58.6364],[24.1569,58.6375],[24.1617,58.6368],[24.1684,58.6349],[24.1722,58.6308],[24.1852,58.6252],[24.1738,58.6195],[24.1725,58.6191],[24.1737,58.6165],[24.1951,58.6176],[24.1982,58.6196],[24.2131,58.6203],[24.2253,58.6216],[24.2274,58.6166],[24.232,58.6203],[24.2271,58.6275],[24.2358,58.6241],[24.2378,58.6198],[24.2459,58.6205],[24.2594,58.6239],[24.2703,58.6182],[24.2701,58.6128],[24.2746,58.6075],[24.286,58.6024],[24.3072,58.599],[24.3112,58.5974],[24.3201,58.5981],[24.3298,58.5921],[24.3304,58.5918],[24.3371,58.5942],[24.3332,58.6012],[24.3338,58.6025],[24.3353,58.6072],[24.3493,58.6107],[24.3521,58.604],[24.3608,58.6035],[24.3679,58.6071],[24.3779,58.6028],[24.3799,58.6077],[24.3704,58.6104],[24.367,58.6141],[24.3703,58.6201],[24.3673,58.6238],[24.3588,58.6224],[24.3497,58.6271],[24.3534,58.6325],[24.3521,58.6362],[24.3414,58.634],[24.3348,58.6349],[24.3292,58.631],[24.3312,58.6305],[24.333,58.6307],[24.3343,58.6289],[24.3263,58.6294],[24.3251,58.63],[24.3223,58.6292],[24.3238,58.6302],[24.3241,58.631],[24.3245,58.6313],[24.3152,58.6319],[24.3072,58.6346],[24.312,58.6381],[24.3189,58.6356],[24.326,58.6424],[24.3245,58.6431],[24.323,58.6513],[24.3196,58.6556],[24.3217,58.6593],[24.3295,58.6601]],[[23.9705,58.6456],[23.9747,58.6519],[23.9829,58.6489],[23.9837,58.6564],[23.9874,58.6568],[23.9926,58.6497],[23.9895,58.647],[23.9945,58.6391],[24.0079,58.6416],[24.0139,58.643],[24.0182,58.6417],[24.0357,58.6366],[24.0393,58.6287],[24.0333,58.6322],[24.0292,58.6288],[24.0357,58.625],[24.0465,58.6205],[24.0482,58.6124],[24.0389,58.6109],[24.0292,58.6105],[24.0212,58.6106],[24.0211,58.6104],[24.0203,58.6101],[24.0163,58.6109],[24.0188,58.6115],[24.0114,58.6163],[24.0084,58.6214],[24.0068,58.6226],[24.0158,58.6264],[24.0253,58.6224],[24.029,58.6269],[24.0286,58.6317],[24.0135,58.6342],[24.0151,58.6318],[24.0129,58.6272],[24.005,58.6267],[23.9992,58.6296],[23.9989,58.6321],[24.0083,58.6357],[23.9915,58.6317],[23.9776,58.6368],[23.9752,58.642],[23.9705,58.6456]],[[24.2879,58.6326],[24.3004,58.6306],[24.2927,58.6221],[24.2821,58.625],[24.2758,58.6209],[24.2657,58.6225],[24.2615,58.6283],[24.2603,58.6328],[24.2519,58.633],[24.2493,58.639],[24.2612,58.6367],[24.2605,58.6381],[24.2603,58.6413],[24.2458,58.6441],[24.2471,58.6326],[24.2425,58.6323],[24.2385,58.6363],[24.2387,58.6428],[24.245,58.6481],[24.2443,58.6521],[24.2407,58.6531],[24.2346,58.6556],[24.2345,58.6608],[24.2567,58.6658],[24.2488,58.6614],[24.2494,58.6582],[24.2588,58.6589],[24.2643,58.6603],[24.2746,58.6554],[24.2616,58.6559],[24.2509,58.6533],[24.2478,58.6526],[24.2557,58.6504],[24.2568,58.6462],[24.2648,58.6441],[24.2767,58.6481],[24.283,58.6388],[24.2917,58.635],[24.2879,58.6326]],[[24.3186,58.6015],[24.3139,58.5985],[24.2969,58.6034],[24.3036,58.6074],[24.3088,58.6102],[24.3075,58.6117],[24.2998,58.6105],[24.2957,58.6152],[24.3043,58.617],[24.2977,58.6187],[24.3064,58.6266],[24.3074,58.6277],[24.318,58.6261],[24.3203,58.6234],[24.3226,58.6219],[24.3169,58.6149],[24.315,58.6114],[24.3184,58.605],[24.3251,58.6052],[24.3186,58.6015]]],[[[22.6871,58.5711],[22.6872,58.5711],[22.6876,58.5706],[22.6873,58.5705],[22.6904,58.5696],[22.6962,58.5643],[22.6956,58.5589],[22.6997,58.5524],[22.7015,58.5521],[22.7113,58.5452],[22.7085,58.538],[22.7078,58.5326],[22.7135,58.5389],[22.7125,58.5437],[22.7187,58.5487],[22.7126,58.554],[22.7231,58.5594],[22.7202,58.549],[22.7279,58.5425],[22.7345,58.5442],[22.744,58.5433],[22.7424,58.5372],[22.7446,58.5368],[22.7502,58.5381],[22.7629,58.5434],[22.7644,58.5441],[22.7671,58.547],[22.7605,58.5515],[22.7626,58.5547],[22.7572,58.5586],[22.7558,58.5546],[22.7457,58.5555],[22.7467,58.567],[22.7424,58.5703],[22.7419,58.5706],[22.7248,58.567],[22.7216,58.5695],[22.7129,58.5695],[22.7026,58.5793],[22.6908,58.5778],[22.6877,58.5731],[22.6871,58.5711]]],[[[26.1085,58.5738],[26.1054,58.5699],[26.1133,58.5683],[26.1174,58.5615],[26.1155,58.5545],[26.1233,58.549],[26.1339,58.5486],[26.1532,58.5421],[26.163,58.5365],[26.1635,58.5312],[26.1687,58.5298],[26.167,58.5261],[26.1766,58.5293],[26.1879,58.5346],[26.1913,58.5373],[26.1937,58.5374],[26.1999,58.5414],[26.2133,58.5416],[26.2135,58.5415],[26.2306,58.5466],[26.2305,58.5473],[26.2211,58.5537],[26.2096,58.5651],[26.2129,58.5687],[26.2051,58.5741],[26.2083,58.5845],[26.2077,58.5865],[26.2071,58.5864],[26.1927,58.582],[26.1848,58.5782],[26.1767,58.579],[26.1667,58.5764],[26.165,58.5805],[26.1698,58.5824],[26.1695,58.5917],[26.1657,58.5976],[26.1737,58.601],[26.1852,58.6022],[26.1896,58.6045],[26.1887,58.6104],[26.1929,58.6122],[26.1931,58.6122],[26.1934,58.6121],[26.1933,58.6124],[26.1853,58.617],[26.1643,58.6212],[26.1606,58.6221],[26.1471,58.6269],[26.1389,58.6267],[26.138,58.6229],[26.1386,58.62],[26.1296,58.6228],[26.1275,58.6161],[26.1217,58.6126],[26.1069,58.6124],[26.1068,58.6159],[26.1064,58.6195],[26.1042,58.6199],[26.0993,58.6195],[26.098,58.6202],[26.1037,58.6229],[26.0967,58.6242],[26.0932,58.6223],[26.0795,58.6224],[26.0739,58.6244],[26.0709,58.6255],[26.0665,58.63],[26.0706,58.6348],[26.0593,58.6345],[26.0579,58.6356],[26.0562,58.6297],[26.0567,58.6294],[26.0618,58.6249],[26.0566,58.6294],[26.0562,58.6296],[26.0519,58.6268],[26.0501,58.6266],[26.0387,58.6279],[26.031,58.6238],[26.0274,58.6274],[26.0246,58.6306],[26.0316,58.6337],[26.021,58.6363],[26.0169,58.6335],[26.0206,58.6271],[26.008,58.6254],[26.0057,58.6348],[26.0102,58.6358],[26.0024,58.6384],[25.9978,58.6356],[25.9905,58.6391],[25.9874,58.639],[25.9826,58.6334],[25.9962,58.6275],[25.9961,58.6195],[26.0018,58.6108],[26.0032,58.6101],[26.0202,58.6016],[26.0264,58.5997],[26.0265,58.5996],[26.0334,58.5958],[26.0367,58.5959],[26.0363,58.5957],[26.0352,58.5948],[26.035,58.5941],[26.0379,58.5883],[26.0388,58.5866],[26.0516,58.5855],[26.0612,58.5826],[26.0502,58.5881],[26.0545,58.5904],[26.0694,58.589],[26.0721,58.5906],[26.0711,58.5958],[26.0607,58.6021],[26.0525,58.6014],[26.0444,58.602],[26.0397,58.5997],[26.0331,58.6055],[26.0522,58.6046],[26.0504,58.614],[26.0614,58.6125],[26.0683,58.612],[26.0573,58.617],[26.0526,58.6207],[26.0558,58.6187],[26.0647,58.6214],[26.0784,58.6223],[26.0854,58.6166],[26.0755,58.6122],[26.0746,58.6099],[26.087,58.6137],[26.0934,58.605],[26.09,58.604],[26.0932,58.5999],[26.1006,58.6036],[26.1083,58.608],[26.1141,58.6071],[26.1143,58.6011],[26.11,58.6006],[26.103,58.6016],[26.0976,58.5987],[26.1041,58.59],[26.1049,58.594],[26.1233,58.6037],[26.1315,58.6075],[26.1189,58.6061],[26.1156,58.61],[26.1252,58.6123],[26.1341,58.6136],[26.1414,58.6087],[26.1353,58.6015],[26.1287,58.5977],[26.1245,58.5946],[26.1296,58.588],[26.1502,58.587],[26.1513,58.5814],[26.1532,58.5814],[26.158,58.5806],[26.1608,58.5752],[26.1518,58.5681],[26.1466,58.5667],[26.1433,58.5684],[26.1411,58.5724],[26.1372,58.5729],[26.1355,58.5739],[26.1333,58.5742],[26.132,58.5749],[26.1315,58.574],[26.1307,58.5707],[26.1245,58.569],[26.1227,58.5694],[26.1169,58.5676],[26.1117,58.5705],[26.1085,58.5738]],[[26.1861,58.5568],[26.1752,58.5551],[26.1697,58.5568],[26.1649,58.5643],[26.157,58.5701],[26.172,58.5766],[26.188,58.577],[26.1967,58.5704],[26.2008,58.5637],[26.1991,58.5707],[26.203,58.5704],[26.2046,58.5597],[26.2004,58.5624],[26.196,58.5586],[26.1861,58.5568]],[[26.1529,58.5636],[26.1633,58.5557],[26.1683,58.5495],[26.1698,58.5438],[26.1774,58.5437],[26.1777,58.5432],[26.1766,58.5402],[26.1759,58.5404],[26.1715,58.5408],[26.1601,58.5414],[26.1584,58.5434],[26.1443,58.5461],[26.1352,58.5498],[26.1222,58.5509],[26.1179,58.5574],[26.1284,58.5653],[26.1529,58.5636]]],[[[23.2825,58.5871],[23.2837,58.5809],[23.2792,58.5788],[23.2804,58.575],[23.2621,58.5776],[23.2626,58.5818],[23.2493,58.5786],[23.2428,58.58],[23.236,58.5767],[23.2392,58.5742],[23.2353,58.5688],[23.2343,58.5672],[23.2299,58.5591],[23.223,58.5592],[23.2249,58.5557],[23.2263,58.536],[23.2376,58.5402],[23.2383,58.5331],[23.2435,58.5335],[23.2474,58.5402],[23.2528,58.5432],[23.2556,58.5484],[23.266,58.5525],[23.265,58.5553],[23.2645,58.558],[23.258,58.5626],[23.26,58.5663],[23.2586,58.5684],[23.2715,58.5622],[23.278,58.563],[23.2845,58.5569],[23.2858,58.5574],[23.2912,58.5533],[23.2979,58.5576],[23.3046,58.5536],[23.3121,58.5555],[23.3032,58.5603],[23.3222,58.5634],[23.3363,58.56],[23.3376,58.555],[23.342,58.55],[23.3463,58.5491],[23.3473,58.5509],[23.3504,58.5529],[23.3484,58.5583],[23.3657,58.5514],[23.3694,58.5518],[23.3732,58.5557],[23.3822,58.5549],[23.378,58.5496],[23.3704,58.5449],[23.3711,58.5437],[23.3867,58.5476],[23.3852,58.5517],[23.3894,58.5548],[23.3777,58.5621],[23.3859,58.564],[23.3794,58.5649],[23.3748,58.562],[23.3657,58.5642],[23.3705,58.5728],[23.3618,58.5815],[23.3596,58.5774],[23.363,58.5724],[23.3558,58.5687],[23.3512,58.5739],[23.3483,58.5682],[23.3368,58.5721],[23.344,58.5765],[23.3357,58.5788],[23.3384,58.5765],[23.3314,58.5725],[23.325,58.5742],[23.3267,58.5798],[23.326,58.5827],[23.3353,58.589],[23.3398,58.5901],[23.3431,58.5908],[23.3352,58.5903],[23.3318,58.5933],[23.3322,58.5976],[23.3293,58.5981],[23.3249,58.5968],[23.3254,58.5896],[23.3228,58.5852],[23.3151,58.5838],[23.3109,58.5862],[23.3096,58.5822],[23.3037,58.5802],[23.2978,58.5881],[23.29,58.5882],[23.2882,58.5942],[23.2825,58.5871]]],[[[25.119,58.5948],[25.1005,58.5974],[25.0874,58.5966],[25.0826,58.591],[25.0972,58.5891],[25.102,58.5866],[25.0927,58.5822],[25.0957,58.5792],[25.0981,58.5822],[25.1071,58.584],[25.1071,58.585],[25.116,58.5878],[25.1172,58.5816],[25.1289,58.5772],[25.1332,58.5768],[25.1382,58.5827],[25.1312,58.5855],[25.1366,58.5891],[25.1228,58.5954],[25.119,58.5948]]],[[[25.4497,58.5734],[25.4581,58.5834],[25.4562,58.5865],[25.464,58.5887],[25.4675,58.5857],[25.4774,58.587],[25.4857,58.5922],[25.477,58.5972],[25.4702,58.5997],[25.4629,58.5982],[25.4635,58.5953],[25.4601,58.5976],[25.4497,58.5972],[25.4475,58.6007],[25.4451,58.5957],[25.4454,58.593],[25.4343,58.5924],[25.4373,58.5975],[25.4301,58.5985],[25.4192,58.5952],[25.426,58.5925],[25.418,58.5872],[25.4123,58.5866],[25.4034,58.5835],[25.409,58.581],[25.4231,58.5815],[25.4267,58.5781],[25.4357,58.5758],[25.4414,58.5728],[25.4497,58.5734]]],[[[23.2351,58.6109],[23.24,58.6065],[23.2484,58.6075],[23.2481,58.6135],[23.2538,58.6161],[23.256,58.6229],[23.2559,58.6306],[23.2543,58.6313],[23.2407,58.6296],[23.2379,58.6333],[23.2485,58.6336],[23.2387,58.6367],[23.235,58.6408],[23.2338,58.6341],[23.2225,58.6349],[23.2193,58.6352],[23.2182,58.6348],[23.2163,58.6325],[23.2027,58.6304],[23.1947,58.631],[23.1901,58.6273],[23.183,58.6285],[23.1747,58.6357],[23.1668,58.6355],[23.1662,58.6333],[23.1727,58.6334],[23.1751,58.625],[23.1879,58.6219],[23.1884,58.6151],[23.176,58.6144],[23.1734,58.6195],[23.1619,58.6285],[23.1629,58.6329],[23.1578,58.6328],[23.1597,58.6394],[23.1696,58.6416],[23.1849,58.6372],[23.1855,58.6317],[23.1919,58.6324],[23.1933,58.6389],[23.1826,58.641],[23.1792,58.6435],[23.1749,58.6484],[23.1736,58.6464],[23.1725,58.6456],[23.163,58.6429],[23.1568,58.6434],[23.1557,58.6413],[23.1418,58.6428],[23.1392,58.6402],[23.1464,58.636],[23.153,58.6347],[23.1542,58.6294],[23.1446,58.6216],[23.1345,58.6195],[23.121,58.62],[23.1178,58.6146],[23.1173,58.6105],[23.1234,58.6062],[23.1317,58.6038],[23.1208,58.5956],[23.1309,58.5921],[23.1354,58.5973],[23.1457,58.5944],[23.1557,58.596],[23.1619,58.593],[23.1756,58.5914],[23.1867,58.6006],[23.1872,58.6017],[23.1907,58.602],[23.1928,58.6018],[23.1998,58.6047],[23.2034,58.6098],[23.2173,58.6076],[23.223,58.6085],[23.2246,58.6105],[23.2249,58.61],[23.2286,58.6153],[23.2302,58.6186],[23.2322,58.623],[23.2331,58.6232],[23.2405,58.6274],[23.2461,58.6287],[23.2534,58.6247],[23.2411,58.6248],[23.2385,58.6226],[23.2384,58.6151],[23.2351,58.6109]]],[[[23.3342,58.6051],[23.3383,58.602],[23.3457,58.6043],[23.3384,58.6131],[23.3424,58.6202],[23.3439,58.6266],[23.3404,58.6299],[23.3235,58.6302],[23.3238,58.6278],[23.3291,58.6224],[23.333,58.6161],[23.3255,58.6139],[23.3221,58.6072],[23.3302,58.6059],[23.3342,58.6051]]],[[[25.5426,58.6165],[25.5478,58.6178],[25.5507,58.6182],[25.5398,58.6251],[25.5291,58.6226],[25.5165,58.6219],[25.5071,58.6274],[25.5234,58.6325],[25.5232,58.633],[25.5145,58.6335],[25.5124,58.6363],[25.5141,58.6454],[25.5192,58.6488],[25.514,58.6456],[25.5047,58.6444],[25.5037,58.6396],[25.4943,58.6404],[25.4922,58.631],[25.4861,58.6315],[25.4807,58.631],[25.4741,58.6266],[25.4721,58.6319],[25.4699,58.6351],[25.4614,58.6323],[25.4569,58.6343],[25.4619,58.6381],[25.4567,58.6391],[25.4539,58.6383],[25.4514,58.6365],[25.4497,58.6426],[25.4429,58.6462],[25.4422,58.6464],[25.438,58.6486],[25.4424,58.6495],[25.4455,58.6524],[25.4448,58.654],[25.4368,58.6544],[25.4327,58.6584],[25.4294,58.6525],[25.4206,58.6557],[25.4292,58.6592],[25.4177,58.6632],[25.4104,58.6656],[25.413,58.667],[25.4085,58.6671],[25.3903,58.6604],[25.3768,58.6659],[25.3869,58.6703],[25.3917,58.6654],[25.4133,58.6689],[25.42,58.6745],[25.4309,58.6743],[25.4243,58.6709],[25.4215,58.6708],[25.4222,58.6658],[25.4305,58.6601],[25.4343,58.6595],[25.4441,58.6622],[25.4474,58.6599],[25.4484,58.6548],[25.4469,58.6485],[25.4453,58.6474],[25.4575,58.6506],[25.4611,58.6499],[25.4557,58.655],[25.4615,58.6603],[25.4697,58.6661],[25.4694,58.6716],[25.4634,58.6718],[25.4588,58.6665],[25.454,58.6745],[25.4588,58.6773],[25.4684,58.6726],[25.4764,58.6734],[25.4893,58.675],[25.4974,58.6756],[25.4936,58.6835],[25.5097,58.6724],[25.5039,58.6794],[25.5077,58.6828],[25.508,58.6829],[25.5237,58.6751],[25.5266,58.6761],[25.5226,58.6821],[25.528,58.6832],[25.5261,58.6887],[25.524,58.7044],[25.5208,58.6989],[25.5125,58.6974],[25.5114,58.695],[25.5045,58.6984],[25.5089,58.7023],[25.512,58.7026],[25.5127,58.7115],[25.5049,58.7124],[25.5038,58.7126],[25.5043,58.7148],[25.5058,58.7183],[25.5006,58.7211],[25.4916,58.7236],[25.4793,58.7238],[25.478,58.724],[25.478,58.7249],[25.4796,58.727],[25.4724,58.7291],[25.4688,58.726],[25.4651,58.7204],[25.4569,58.7212],[25.4559,58.7266],[25.4488,58.727],[25.443,58.7223],[25.4396,58.7195],[25.4256,58.7219],[25.4199,58.7254],[25.4303,58.7288],[25.4231,58.7299],[25.4182,58.7331],[25.414,58.7359],[25.4171,58.7399],[25.412,58.742],[25.4075,58.7442],[25.4068,58.7447],[25.3979,58.7441],[25.394,58.7451],[25.3927,58.7413],[25.3858,58.7392],[25.377,58.7404],[25.3741,58.7425],[25.3753,58.7473],[25.3684,58.7436],[25.3592,58.7442],[25.3608,58.7407],[25.3488,58.74],[25.35,58.7352],[25.3605,58.734],[25.367,58.7303],[25.3722,58.7293],[25.3687,58.7235],[25.362,58.7188],[25.3825,58.7164],[25.3913,58.7204],[25.3919,58.7291],[25.3895,58.7315],[25.3894,58.737],[25.3974,58.7331],[25.3961,58.7283],[25.4071,58.7292],[25.3986,58.7231],[25.406,58.7217],[25.4087,58.7184],[25.4139,58.7161],[25.4075,58.712],[25.4072,58.7119],[25.4052,58.7085],[25.4137,58.7094],[25.4179,58.7126],[25.4147,58.7191],[25.4203,58.72],[25.4244,58.7122],[25.4161,58.7094],[25.3988,58.7044],[25.3911,58.7022],[25.3931,58.6992],[25.3809,58.7005],[25.3791,58.693],[25.3695,58.6896],[25.3552,58.6823],[25.3456,58.6796],[25.3352,58.6745],[25.3351,58.6758],[25.3225,58.6727],[25.3181,58.6769],[25.3104,58.677],[25.3022,58.6743],[25.2906,58.6701],[25.2832,58.6698],[25.272,58.6678],[25.2652,58.6647],[25.2692,58.663],[25.2659,58.6607],[25.2607,58.6586],[25.2526,58.6596],[25.2465,58.6566],[25.2431,58.6568],[25.2318,58.6499],[25.2225,58.6441],[25.2143,58.64],[25.2177,58.6382],[25.2109,58.6295],[25.2183,58.6268],[25.2235,58.6293],[25.227,58.6322],[25.2265,58.6307],[25.2271,58.6307],[25.2296,58.6288],[25.2375,58.6301],[25.241,58.6362],[25.2449,58.6335],[25.2404,58.6279],[25.2231,58.6242],[25.2153,58.6195],[25.2096,58.6176],[25.2038,58.6147],[25.2065,58.6083],[25.2056,58.6046],[25.1877,58.6055],[25.1983,58.613],[25.2011,58.6139],[25.2049,58.6212],[25.2063,58.6227],[25.2027,58.6246],[25.1973,58.6268],[25.193,58.6283],[25.1812,58.6179],[25.178,58.6152],[25.1755,58.6094],[25.1663,58.6046],[25.1628,58.5993],[25.17,58.6029],[25.1868,58.5969],[25.1971,58.5952],[25.2023,58.6013],[25.2109,58.5951],[25.2154,58.5963],[25.2168,58.6023],[25.2127,58.6089],[25.2211,58.6064],[25.2238,58.6044],[25.2189,58.6001],[25.2236,58.5979],[25.226,58.5916],[25.2176,58.5869],[25.2116,58.5909],[25.2064,58.5917],[25.2057,58.5785],[25.2116,58.5765],[25.2237,58.5794],[25.2301,58.5764],[25.2461,58.5735],[25.2602,58.5774],[25.2704,58.5834],[25.2764,58.5852],[25.2826,58.5834],[25.2929,58.5857],[25.297,58.5911],[25.2993,58.5911],[25.2984,58.5868],[25.3105,58.5851],[25.3172,58.581],[25.3256,58.5821],[25.3354,58.5795],[25.3393,58.5816],[25.3515,58.583],[25.3559,58.5927],[25.3477,58.5966],[25.3514,58.6014],[25.359,58.6031],[25.3446,58.601],[25.3403,58.6062],[25.3676,58.6072],[25.3708,58.6066],[25.3713,58.6104],[25.3774,58.6132],[25.3832,58.6116],[25.3876,58.6177],[25.3879,58.6155],[25.3903,58.6116],[25.3811,58.6096],[25.375,58.605],[25.3681,58.6033],[25.3789,58.603],[25.3799,58.597],[25.3775,58.5899],[25.3852,58.5879],[25.3798,58.5838],[25.385,58.5821],[25.3965,58.5856],[25.3949,58.5887],[25.4012,58.595],[25.4009,58.602],[25.3855,58.6016],[25.3985,58.609],[25.3996,58.6034],[25.4169,58.6064],[25.4234,58.6033],[25.4366,58.6043],[25.4387,58.6075],[25.4461,58.6074],[25.4502,58.6065],[25.4503,58.6029],[25.4542,58.6032],[25.4619,58.6068],[25.462,58.6103],[25.4708,58.6122],[25.4701,58.614],[25.4836,58.6189],[25.4907,58.6186],[25.4934,58.6124],[25.5044,58.6128],[25.5125,58.6173],[25.5176,58.6168],[25.5209,58.6159],[25.5426,58.6165]]],[[[26.7166,58.5967],[26.7185,58.595],[26.7272,58.5887],[26.736,58.5877],[26.7324,58.5927],[26.7367,58.5981],[26.7477,58.5993],[26.7459,58.5971],[26.7457,58.5949],[26.7494,58.5964],[26.7623,58.5926],[26.77,58.593],[26.7667,58.6103],[26.7622,58.6167],[26.7546,58.615],[26.7605,58.6095],[26.7533,58.6084],[26.7477,58.612],[26.7453,58.6086],[26.7501,58.6047],[26.744,58.6036],[26.7406,58.6053],[26.7339,58.6062],[26.7364,58.6028],[26.7191,58.5991],[26.7166,58.5967]]],[[[24.7428,58.6408],[24.7403,58.6496],[24.7385,58.6465],[24.7299,58.6464],[24.7189,58.6522],[24.7113,58.6494],[24.7091,58.6465],[24.6983,58.6468],[24.6946,58.6451],[24.7154,58.6439],[24.7239,58.6459],[24.7327,58.6448],[24.7356,58.6421],[24.737,58.6388],[24.7444,58.6372],[24.7475,58.6316],[24.7553,58.6316],[24.7611,58.6271],[24.7706,58.6264],[24.7818,58.6257],[24.7908,58.617],[24.793,58.6221],[24.7988,58.6221],[24.8072,58.6215],[24.8082,58.6317],[24.8207,58.6536],[24.8215,58.6569],[24.8121,58.6628],[24.8025,58.6648],[24.7966,58.6649],[24.7885,58.657],[24.7817,58.6552],[24.772,58.658],[24.7682,58.6473],[24.7607,58.6486],[24.7638,58.6446],[24.7595,58.6428],[24.7482,58.6475],[24.7453,58.6451],[24.7475,58.6401],[24.7455,58.639],[24.7428,58.6408]]],[[[27.2012,58.6106],[27.19,58.6207],[27.1831,58.6224],[27.1751,58.6166],[27.1745,58.6109],[27.1809,58.6099],[27.1911,58.6099],[27.1952,58.609],[27.2012,58.6106]]],[[[24.5701,58.6483],[24.5636,58.6386],[24.5655,58.6387],[24.5704,58.6426],[24.5755,58.6331],[24.5769,58.6335],[24.5769,58.6419],[24.5846,58.6421],[24.5931,58.647],[24.5988,58.6463],[24.6,58.6413],[24.601,58.6411],[24.6034,58.6415],[24.6141,58.643],[24.6047,58.6437],[24.6023,58.6462],[24.6079,58.6494],[24.6159,58.6487],[24.6299,58.6512],[24.6591,58.6542],[24.6672,58.6638],[24.6699,58.6688],[24.677,58.6682],[24.6697,58.6618],[24.6729,58.656],[24.6651,58.648],[24.6711,58.6467],[24.6807,58.6443],[24.6876,58.6507],[24.6838,58.6583],[24.6864,58.6619],[24.6918,58.6595],[24.703,58.6629],[24.7057,58.6578],[24.7162,58.6617],[24.7202,58.66],[24.7274,58.6596],[24.7238,58.6624],[24.7186,58.6736],[24.7344,58.6777],[24.734,58.6849],[24.755,58.6816],[24.748,58.6844],[24.7432,58.6863],[24.7449,58.6931],[24.7427,58.694],[24.744,58.6954],[24.7431,58.6971],[24.7431,58.6975],[24.7432,58.698],[24.7423,58.7002],[24.7422,58.7011],[24.7487,58.7024],[24.7521,58.7044],[24.7494,58.7121],[24.749,58.7142],[24.7508,58.7147],[24.7523,58.7149],[24.7546,58.7112],[24.7703,58.7082],[24.7771,58.712],[24.7869,58.7139],[24.7903,58.7093],[24.7903,58.7216],[24.7744,58.7244],[24.7718,58.7208],[24.7602,58.7175],[24.7551,58.7198],[24.7603,58.7231],[24.7595,58.7245],[24.7529,58.7255],[24.7521,58.7286],[24.7537,58.7334],[24.7732,58.728],[24.7819,58.7294],[24.7748,58.7318],[24.7881,58.7377],[24.7922,58.7367],[24.7932,58.7451],[24.7918,58.7702],[24.7915,58.776],[24.7975,58.7948],[24.771,58.7973],[24.7675,58.7914],[24.7532,58.7893],[24.7497,58.7957],[24.7523,58.7991],[24.7078,58.8034],[24.6994,58.8041],[24.6946,58.8047],[24.6946,58.8044],[24.6849,58.7998],[24.6841,58.7989],[24.6795,58.796],[24.6683,58.7987],[24.6751,58.8004],[24.6869,58.8053],[24.6655,58.8074],[24.6446,58.8108],[24.6373,58.8077],[24.6357,58.8059],[24.6325,58.8069],[24.6306,58.8053],[24.6285,58.8042],[24.6147,58.7965],[24.6179,58.7926],[24.6161,58.787],[24.6158,58.7833],[24.6054,58.7814],[24.6088,58.7878],[24.6152,58.7873],[24.6142,58.7911],[24.5996,58.7987],[24.5706,58.7945],[24.5719,58.7942],[24.5844,58.7929],[24.6001,58.7942],[24.6013,58.7891],[24.6009,58.789],[24.5998,58.7886],[24.5968,58.7767],[24.6105,58.7732],[24.6029,58.7706],[24.6027,58.7685],[24.6028,58.7683],[24.6036,58.7667],[24.6036,58.7665],[24.6068,58.7668],[24.609,58.7665],[24.6089,58.7664],[24.6076,58.7655],[24.6073,58.7656],[24.6035,58.7652],[24.6036,58.7651],[24.6039,58.7647],[24.6034,58.764],[24.6032,58.7636],[24.603,58.7633],[24.603,58.7632],[24.6045,58.7565],[24.5926,58.7516],[24.5942,58.7496],[24.5943,58.7495],[24.6186,58.7526],[24.6195,58.7551],[24.6324,58.7547],[24.6339,58.7566],[24.6553,58.7551],[24.6666,58.7556],[24.6661,58.7564],[24.6604,58.7571],[24.6678,58.7665],[24.6738,58.7654],[24.6756,58.7583],[24.6814,58.7578],[24.6882,58.7523],[24.6808,58.7559],[24.6632,58.751],[24.6632,58.7479],[24.6704,58.7435],[24.668,58.742],[24.678,58.7373],[24.6782,58.7343],[24.6777,58.7335],[24.6777,58.7345],[24.6689,58.7345],[24.6659,58.7315],[24.6551,58.7308],[24.653,58.7334],[24.6534,58.7404],[24.6582,58.7419],[24.6569,58.7469],[24.6398,58.7453],[24.6486,58.7388],[24.6405,58.7386],[24.638,58.7346],[24.6267,58.731],[24.6156,58.7312],[24.6195,58.737],[24.6173,58.7407],[24.6054,58.7423],[24.6034,58.737],[24.6148,58.7372],[24.614,58.7329],[24.6065,58.7334],[24.6021,58.7286],[24.6055,58.7203],[24.5977,58.7205],[24.5915,58.718],[24.5879,58.722],[24.5835,58.722],[24.5856,58.7292],[24.5817,58.7318],[24.5797,58.7325],[24.5718,58.7348],[24.564,58.7323],[24.5567,58.7356],[24.5626,58.7417],[24.5576,58.7447],[24.5718,58.7491],[24.5811,58.749],[24.5851,58.7494],[24.5821,58.7553],[24.5883,58.7622],[24.5938,58.7664],[24.583,58.7702],[24.582,58.7748],[24.5624,58.78],[24.5603,58.7795],[24.5561,58.7697],[24.5524,58.7703],[24.5503,58.7724],[24.546,58.7723],[24.5377,58.779],[24.5361,58.7793],[24.5316,58.7706],[24.5251,58.7708],[24.5225,58.7686],[24.5106,58.769],[24.504,58.7668],[24.5093,58.7652],[24.5161,58.7642],[24.5162,58.7589],[24.4998,58.7548],[24.489,58.7539],[24.4842,58.7562],[24.4759,58.7522],[24.4681,58.7465],[24.4614,58.7516],[24.4666,58.7583],[24.463,58.7624],[24.4525,58.7639],[24.4534,58.767],[24.4461,58.773],[24.445,58.772],[24.443,58.7712],[24.4414,58.7707],[24.4398,58.7697],[24.4397,58.7685],[24.4363,58.7679],[24.4248,58.7642],[24.4227,58.7597],[24.4237,58.7441],[24.4296,58.7461],[24.4452,58.75],[24.4457,58.7475],[24.4627,58.7462],[24.4546,58.7435],[24.4549,58.7429],[24.4653,58.7449],[24.4675,58.7384],[24.4538,58.736],[24.4477,58.7352],[24.4447,58.7379],[24.4361,58.7337],[24.4331,58.7336],[24.4238,58.7336],[24.4242,58.7088],[24.4256,58.7046],[24.4285,58.6999],[24.4357,58.697],[24.4409,58.6954],[24.4547,58.696],[24.4588,58.6963],[24.4682,58.6959],[24.4714,58.7065],[24.4591,58.7146],[24.4731,58.7072],[24.4783,58.7015],[24.4772,58.6953],[24.4824,58.697],[24.4959,58.6963],[24.5,58.7016],[24.4944,58.7043],[24.4923,58.7051],[24.5015,58.7025],[24.5047,58.7065],[24.5136,58.7048],[24.5202,58.7081],[24.5274,58.7072],[24.5282,58.7036],[24.5398,58.714],[24.5378,58.7162],[24.5395,58.7188],[24.5498,58.7184],[24.5554,58.717],[24.5606,58.7194],[24.5704,58.7191],[24.5803,58.7213],[24.5653,58.7144],[24.5538,58.703],[24.5577,58.7031],[24.5597,58.6982],[24.5474,58.6948],[24.5463,58.7002],[24.553,58.7026],[24.5425,58.7004],[24.5388,58.6932],[24.5466,58.6903],[24.5615,58.6909],[24.5651,58.6815],[24.5668,58.6795],[24.5721,58.6762],[24.5807,58.6755],[24.5931,58.6704],[24.5848,58.6676],[24.5836,58.6667],[24.5847,58.6631],[24.5856,58.6614],[24.5903,58.6597],[24.5998,58.6562],[24.595,58.6524],[24.5898,58.6543],[24.5852,58.6455],[24.5749,58.6469],[24.5701,58.6483]],[[24.6191,58.6643],[24.6172,58.6654],[24.6181,58.6694],[24.6097,58.6752],[24.591,58.6757],[24.5836,58.6768],[24.5818,58.6761],[24.572,58.6811],[24.5783,58.6845],[24.5861,58.6868],[24.5766,58.6936],[24.5873,58.6932],[24.5906,58.6952],[24.6024,58.6971],[24.6047,58.6925],[24.5958,58.6913],[24.5973,58.685],[24.5948,58.6815],[24.5975,58.6801],[24.5992,58.6811],[24.6043,58.6766],[24.6149,58.6745],[24.6139,58.6803],[24.6271,58.6798],[24.6261,58.6756],[24.6249,58.6737],[24.6277,58.6729],[24.6347,58.674],[24.6327,58.6788],[24.6433,58.6775],[24.646,58.6749],[24.6537,58.681],[24.651,58.6895],[24.6588,58.6917],[24.6665,58.6911],[24.676,58.695],[24.676,58.7005],[24.6797,58.704],[24.6886,58.7023],[24.6956,58.6981],[24.6914,58.6935],[24.6831,58.6904],[24.6795,58.6847],[24.6709,58.6828],[24.6808,58.6749],[24.6696,58.6716],[24.6683,58.6684],[24.6589,58.6667],[24.6535,58.667],[24.649,58.6662],[24.6436,58.6714],[24.6407,58.6677],[24.6459,58.6631],[24.6386,58.6611],[24.625,58.665],[24.6229,58.6643],[24.6191,58.6643]],[[24.6064,58.704],[24.6078,58.7029],[24.6073,58.7002],[24.5948,58.6994],[24.5824,58.6962],[24.5702,58.699],[24.5667,58.7097],[24.5672,58.7119],[24.5817,58.719],[24.5847,58.7141],[24.5853,58.7134],[24.6064,58.704]],[[24.7015,58.7494],[24.7043,58.7489],[24.7143,58.7478],[24.7205,58.7554],[24.7091,58.7556],[24.7169,58.7625],[24.7244,58.7592],[24.7259,58.7553],[24.7243,58.7508],[24.7254,58.7478],[24.723,58.7438],[24.7241,58.7426],[24.7344,58.7418],[24.7401,58.7392],[24.731,58.7303],[24.7331,58.7256],[24.7322,58.7212],[24.7253,58.7147],[24.7232,58.7147],[24.7171,58.7232],[24.7073,58.72],[24.7049,58.717],[24.7115,58.7122],[24.6913,58.7061],[24.6776,58.7049],[24.6713,58.6945],[24.6653,58.6938],[24.6655,58.7005],[24.6728,58.7041],[24.6734,58.721],[24.6705,58.726],[24.6787,58.7319],[24.6879,58.7336],[24.7039,58.7315],[24.7112,58.728],[24.7059,58.7375],[24.6989,58.7424],[24.6887,58.7405],[24.7015,58.7494]]],[[[25.2029,58.8294],[25.2143,58.8343],[25.2162,58.8354],[25.2174,58.8364],[25.219,58.8397],[25.2121,58.8447],[25.2186,58.8471],[25.2144,58.8542],[25.2086,58.857],[25.2047,58.8543],[25.1915,58.8539],[25.1855,58.8554],[25.1845,58.8597],[25.1946,58.8599],[25.1962,58.8644],[25.2128,58.8673],[25.2097,58.8582],[25.2206,58.8582],[25.2382,58.8662],[25.2561,58.8785],[25.255,58.8858],[25.2655,58.8885],[25.2676,58.895],[25.2752,58.8938],[25.2829,58.8932],[25.3032,58.8988],[25.2988,58.9043],[25.2993,58.9082],[25.2919,58.9142],[25.2873,58.9174],[25.2839,58.9201],[25.2912,58.9271],[25.2874,58.9286],[25.2785,58.924],[25.2756,58.934],[25.2717,58.9382],[25.2598,58.935],[25.2598,58.9401],[25.259,58.9404],[25.2568,58.9394],[25.2558,58.9392],[25.255,58.9401],[25.2508,58.9392],[25.2479,58.9359],[25.2478,58.935],[25.2608,58.9323],[25.2609,58.9242],[25.2617,58.918],[25.2615,58.9156],[25.2496,58.9141],[25.2486,58.9217],[25.2412,58.9214],[25.2428,58.9304],[25.2435,58.9345],[25.2478,58.943],[25.2417,58.9455],[25.2379,58.9457],[25.2316,58.9438],[25.2307,58.9447],[25.2271,58.9438],[25.2196,58.9443],[25.2261,58.9448],[25.2269,58.9463],[25.2204,58.948],[25.228,58.9468],[25.2303,58.948],[25.2369,58.9504],[25.2514,58.9491],[25.2527,58.949],[25.2528,58.9525],[25.2483,58.9578],[25.2493,58.968],[25.2461,58.9725],[25.2502,58.9732],[25.2289,58.9854],[25.2281,58.9832],[25.2332,58.9782],[25.2268,58.9734],[25.2229,58.9721],[25.2209,58.9716],[25.2176,58.9738],[25.2062,58.9682],[25.2011,58.9716],[25.1885,58.9697],[25.1658,58.9732],[25.166,58.969],[25.1602,58.968],[25.1702,58.968],[25.1715,58.9642],[25.1769,58.9632],[25.1771,58.955],[25.1741,58.9407],[25.1716,58.939],[25.1673,58.9359],[25.156,58.9417],[25.1527,58.9456],[25.1598,58.9508],[25.1459,58.948],[25.1567,58.9583],[25.1529,58.9643],[25.1514,58.9643],[25.1481,58.9653],[25.1511,58.9749],[25.1582,58.9809],[25.1689,58.9788],[25.1742,58.9823],[25.1682,58.986],[25.152,58.987],[25.1489,58.9791],[25.1459,58.9745],[25.1464,58.9738],[25.1441,58.9725],[25.1368,58.9738],[25.1339,58.9781],[25.1228,58.9768],[25.1181,58.9821],[25.1229,58.9839],[25.1331,58.9867],[25.126,58.9944],[25.1343,58.9996],[25.1348,59.0028],[25.1423,59.0063],[25.1517,59.0055],[25.1583,59.0089],[25.1549,59.0141],[25.1574,59.0163],[25.1679,59.0138],[25.1731,59.0105],[25.1813,59.0119],[25.1731,59.0164],[25.1682,59.0191],[25.1641,59.0215],[25.1629,59.021],[25.1632,59.0203],[25.1618,59.0202],[25.1499,59.0197],[25.1533,59.0245],[25.1515,59.0249],[25.1504,59.0233],[25.1362,59.0244],[25.1362,59.0175],[25.1155,59.0285],[25.1134,59.0334],[25.0848,59.0398],[25.083,59.0394],[25.0801,59.0388],[25.075,59.0381],[25.0746,59.0387],[25.0768,59.0384],[25.0784,59.0387],[25.079,59.0392],[25.0612,59.0401],[25.0616,59.0389],[25.0767,59.0356],[25.093,59.0343],[25.0996,59.0292],[25.0971,59.027],[25.1065,59.0253],[25.1132,59.0267],[25.1171,59.0229],[25.1072,59.0168],[25.1173,59.0071],[25.1127,59.0036],[25.105,59.0071],[25.1091,59.0125],[25.0994,59.012],[25.0976,59.0089],[25.1057,59.0056],[25.0959,58.9988],[25.0915,59.0044],[25.0828,59.0035],[25.0837,59.003],[25.085,59.0023],[25.0917,58.9953],[25.0935,58.9923],[25.0936,58.9911],[25.0927,58.9898],[25.0945,58.9837],[25.0917,58.9842],[25.0854,58.9805],[25.0805,58.9715],[25.0676,58.9736],[25.0526,58.9741],[25.0516,58.9741],[25.0514,58.9691],[25.0359,58.9681],[25.0343,58.9759],[25.0244,58.975],[25.0157,58.9716],[25.0079,58.9667],[25.0082,58.964],[24.9998,58.9602],[24.9893,58.9596],[24.9857,58.9636],[24.9785,58.9652],[24.9865,58.9711],[24.9931,58.9668],[24.9915,58.9664],[24.9894,58.966],[24.9991,58.9657],[24.9989,58.9681],[25.0023,58.9689],[25.0077,58.9686],[25.0183,58.974],[25.0201,58.9816],[25.0119,58.9905],[25.0081,58.9906],[25.0039,58.9866],[25.0007,58.9851],[24.9975,58.9855],[24.9875,58.9816],[24.9875,58.9773],[24.9785,58.978],[24.9694,58.9743],[24.9695,58.9701],[24.9615,58.9655],[24.9688,58.9614],[24.9769,58.9581],[24.986,58.9569],[25.0009,58.9489],[24.9945,58.9389],[25.0002,58.9359],[24.9965,58.9305],[24.9892,58.9291],[24.9881,58.9238],[24.9979,58.9251],[25.0046,58.9236],[24.9864,58.9171],[24.9887,58.9144],[24.9866,58.9119],[24.9664,58.905],[24.9513,58.9107],[24.946,58.9112],[24.9423,58.9055],[24.9519,58.9025],[24.9519,58.9033],[24.957,58.8972],[24.9627,58.9026],[24.9745,58.9048],[24.9858,58.904],[24.9935,58.909],[25.0021,58.9099],[25.0072,58.9081],[25.0039,58.9041],[24.9987,58.9023],[24.9863,58.9005],[24.9742,58.9042],[24.9621,58.9001],[24.9726,58.8958],[24.9612,58.8941],[24.9675,58.8904],[24.9877,58.8957],[24.9896,58.895],[24.9816,58.8902],[24.9873,58.89],[24.9903,58.8855],[24.9819,58.8824],[24.981,58.889],[24.9696,58.8894],[24.9595,58.884],[24.9525,58.8886],[24.9492,58.8893],[24.9427,58.8895],[24.9382,58.8861],[24.9355,58.8846],[24.9395,58.8778],[24.9277,58.8711],[24.9221,58.8715],[24.9173,58.8707],[24.9177,58.8686],[24.9188,58.8627],[24.9133,58.8609],[24.8999,58.8534],[24.8952,58.853],[24.9051,58.8642],[24.902,58.8688],[24.9072,58.872],[24.9056,58.8822],[24.9143,58.8838],[24.914,58.8874],[24.9072,58.8904],[24.9068,58.8952],[24.9011,58.9002],[24.9,58.9],[24.8996,58.8998],[24.8949,58.8965],[24.8841,58.8985],[24.8812,58.8945],[24.8795,58.8948],[24.8789,58.8917],[24.8799,58.8875],[24.8733,58.8799],[24.8785,58.8808],[24.8728,58.8702],[24.8572,58.8737],[24.8547,58.8725],[24.8275,58.8747],[24.8248,58.8708],[24.8091,58.8694],[24.8076,58.8823],[24.8073,58.8833],[24.8061,58.8887],[24.8026,58.8926],[24.8007,58.8921],[24.8122,58.8489],[24.8137,58.8432],[24.8207,58.8402],[24.8214,58.8396],[24.8147,58.8403],[24.815,58.8307],[24.818,58.8272],[24.8197,58.8098],[24.8196,58.8084],[24.8203,58.803],[24.8339,58.805],[24.8426,58.8069],[24.8399,58.8095],[24.8392,58.817],[24.8508,58.82],[24.854,58.8198],[24.8667,58.8127],[24.8617,58.8073],[24.8659,58.8033],[24.8661,58.7967],[24.8591,58.8008],[24.8539,58.795],[24.8414,58.7944],[24.8325,58.7947],[24.8232,58.79],[24.8284,58.7865],[24.8282,58.7828],[24.8256,58.7774],[24.8202,58.7756],[24.8201,58.7749],[24.8197,58.7747],[24.8187,58.7734],[24.8189,58.772],[24.8154,58.7673],[24.8143,58.76],[24.8118,58.7581],[24.8135,58.7575],[24.8142,58.7559],[24.8112,58.7574],[24.8091,58.7597],[24.796,58.7597],[24.7942,58.7552],[24.7948,58.7454],[24.7934,58.7366],[24.7999,58.7358],[24.8113,58.7459],[24.8118,58.7458],[24.8139,58.7456],[24.8123,58.7386],[24.8105,58.7334],[24.8031,58.7317],[24.8016,58.7257],[24.8117,58.7252],[24.8192,58.7208],[24.8177,58.7176],[24.8238,58.7219],[24.8152,58.7262],[24.83,58.7289],[24.8366,58.731],[24.8389,58.7345],[24.8546,58.731],[24.8535,58.7301],[24.8506,58.7278],[24.8521,58.7272],[24.8526,58.7275],[24.8533,58.7268],[24.8526,58.7263],[24.8513,58.7267],[24.8506,58.7253],[24.8543,58.7243],[24.8511,58.7146],[24.8497,58.7134],[24.8317,58.7108],[24.8366,58.7149],[24.8332,58.7144],[24.8303,58.7139],[24.8269,58.7145],[24.8237,58.7151],[24.8169,58.713],[24.8199,58.7095],[24.8151,58.7044],[24.8152,58.6999],[24.8029,58.7001],[24.8031,58.6916],[24.8031,58.6889],[24.8174,58.675],[24.8186,58.6734],[24.8195,58.6721],[24.821,58.6685],[24.8229,58.6631],[24.821,58.6521],[24.8221,58.6512],[24.8311,58.6526],[24.835,58.6499],[24.8303,58.6463],[24.8318,58.6437],[24.8305,58.6375],[24.8267,58.6346],[24.8307,58.63],[24.8327,58.6348],[24.8397,58.6393],[24.8388,58.6426],[24.843,58.6477],[24.8407,58.6539],[24.8349,58.6574],[24.8322,58.6628],[24.8356,58.6657],[24.8395,58.6701],[24.8567,58.6704],[24.8634,58.6732],[24.8617,58.6736],[24.8619,58.6743],[24.8619,58.6745],[24.8622,58.6773],[24.857,58.6738],[24.8381,58.6725],[24.8369,58.6784],[24.833,58.682],[24.8078,58.6889],[24.8093,58.6962],[24.8211,58.6983],[24.8315,58.6986],[24.8322,58.7024],[24.8422,58.7046],[24.855,58.6945],[24.8659,58.6877],[24.8639,58.6811],[24.8628,58.678],[24.8689,58.6774],[24.8694,58.6636],[24.8739,58.6568],[24.8685,58.6566],[24.861,58.6538],[24.8608,58.6497],[24.8702,58.6479],[24.8653,58.6404],[24.8606,58.6393],[24.857,58.6338],[24.853,58.6365],[24.8495,58.6393],[24.8459,58.6392],[24.8433,58.6294],[24.8373,58.6254],[24.8408,58.6252],[24.8426,58.6225],[24.8299,58.6164],[24.8268,58.6199],[24.8262,58.6199],[24.8241,58.6194],[24.8164,58.6182],[24.8085,58.6183],[24.8091,58.6065],[24.8105,58.5923],[24.8118,58.592],[24.8128,58.5741],[24.8341,58.5675],[24.8346,58.5674],[24.8549,58.5612],[24.8628,58.5619],[24.8671,58.5684],[24.868,58.574],[24.8624,58.5708],[24.8518,58.5667],[24.8474,58.5741],[24.8555,58.5759],[24.8652,58.5868],[24.8791,58.598],[24.8821,58.5972],[24.8905,58.5985],[24.8754,58.6015],[24.8779,58.6038],[24.8928,58.6006],[24.8929,58.5983],[24.8888,58.5934],[24.8928,58.592],[24.9013,58.5985],[24.9024,58.6008],[24.9141,58.6165],[24.914,58.6175],[24.919,58.6231],[24.9066,58.6263],[24.9122,58.6286],[24.9031,58.6304],[24.9016,58.6374],[24.9071,58.6402],[24.9087,58.6416],[24.8925,58.6413],[24.8977,58.6437],[24.9088,58.6436],[24.9101,58.6448],[24.9134,58.6491],[24.9108,58.6526],[24.9159,58.6553],[24.9234,58.6545],[24.9238,58.6585],[24.9368,58.6642],[24.931,58.6665],[24.923,58.668],[24.9161,58.6683],[24.912,58.6677],[24.9101,58.6742],[24.9002,58.6733],[24.8901,58.678],[24.8919,58.6824],[24.8846,58.6864],[24.8717,58.6979],[24.8801,58.7051],[24.8807,58.7118],[24.8848,58.7199],[24.8897,58.7207],[24.9042,58.7185],[24.9155,58.7111],[24.9152,58.7026],[24.9063,58.6969],[24.9114,58.6936],[24.9161,58.6849],[24.9121,58.6794],[24.9031,58.6779],[24.9147,58.6767],[24.9189,58.6842],[24.9161,58.6948],[24.9172,58.6991],[24.9327,58.6994],[24.9309,58.7027],[24.9333,58.7052],[24.9353,58.7114],[24.9387,58.7221],[24.9392,58.7236],[24.9399,58.7263],[24.9405,58.7279],[24.9408,58.7294],[24.9409,58.7299],[24.9425,58.735],[24.9423,58.7375],[24.9422,58.7381],[24.942,58.7396],[24.936,58.7454],[24.9268,58.7433],[24.9295,58.7516],[24.9244,58.7514],[24.9244,58.7504],[24.9239,58.7481],[24.9236,58.7499],[24.9224,58.7498],[24.9185,58.7467],[24.9162,58.7479],[24.9141,58.7476],[24.9156,58.7511],[24.9044,58.7506],[24.885,58.7417],[24.8788,58.7382],[24.8691,58.7287],[24.8649,58.7239],[24.8635,58.7227],[24.8647,58.7176],[24.8618,58.721],[24.8681,58.7291],[24.8836,58.7425],[24.8821,58.7425],[24.8816,58.7423],[24.8774,58.743],[24.8734,58.742],[24.8728,58.7403],[24.8608,58.74],[24.8636,58.7403],[24.8654,58.7423],[24.8658,58.7419],[24.8738,58.7427],[24.8848,58.7454],[24.8847,58.7458],[24.8828,58.7463],[24.8834,58.7473],[24.8841,58.7485],[24.8843,58.7489],[24.8848,58.7493],[24.8857,58.7498],[24.8862,58.7501],[24.8833,58.7522],[24.8719,58.753],[24.8863,58.7598],[24.8883,58.7609],[24.8878,58.761],[24.8882,58.7633],[24.8854,58.7697],[24.8944,58.7709],[24.898,58.7662],[24.9045,58.7678],[24.9074,58.772],[24.9088,58.775],[24.8985,58.7736],[24.8979,58.7741],[24.8993,58.7777],[24.9024,58.7762],[24.9034,58.7775],[24.9064,58.7774],[24.9168,58.7807],[24.9167,58.7809],[24.9232,58.7868],[24.8777,58.7879],[24.8648,58.7882],[24.8565,58.7889],[24.8741,58.7885],[24.9006,58.7878],[24.9097,58.7915],[24.9109,58.7917],[24.9127,58.7915],[24.9128,58.796],[24.9052,58.7977],[24.9053,58.7986],[24.9033,58.799],[24.9018,58.7996],[24.9086,58.8015],[24.9125,58.7986],[24.9197,58.799],[24.9213,58.8005],[24.92,58.8093],[24.9229,58.8133],[24.9268,58.816],[24.928,58.818],[24.9334,58.8241],[24.9255,58.8269],[24.945,58.832],[24.9433,58.8341],[24.9328,58.8363],[24.9249,58.8353],[24.9171,58.8299],[24.9177,58.8298],[24.9185,58.8304],[24.9196,58.83],[24.9194,58.8298],[24.9166,58.828],[24.9129,58.8229],[24.9145,58.8191],[24.9146,58.8139],[24.9155,58.8133],[24.9174,58.8119],[24.9176,58.8115],[24.9158,58.811],[24.9153,58.8118],[24.9153,58.813],[24.9081,58.8105],[24.9108,58.805],[24.9029,58.8024],[24.8981,58.8119],[24.9028,58.8215],[24.9059,58.8253],[24.9133,58.8242],[24.9158,58.8277],[24.9153,58.8287],[24.916,58.8292],[24.919,58.8329],[24.9147,58.8346],[24.9315,58.8423],[24.9253,58.847],[24.9315,58.8503],[24.9336,58.8522],[24.9351,58.8545],[24.9304,58.8609],[24.9381,58.8632],[24.9418,58.8592],[24.9448,58.8619],[24.9433,58.8642],[24.9461,58.8705],[24.9533,58.8719],[24.9433,58.8718],[24.9432,58.8744],[24.9596,58.8779],[24.9718,58.8782],[24.9721,58.8754],[24.9765,58.8752],[24.9824,58.8717],[24.9855,58.8664],[24.9956,58.8693],[24.9962,58.8734],[24.9934,58.8756],[24.9948,58.8763],[25.002,58.8795],[25.0083,58.8796],[25.0115,58.879],[25.0171,58.8805],[25.0283,58.876],[25.0292,58.8714],[25.0362,58.8693],[25.0232,58.864],[25.0266,58.862],[25.0288,58.8619],[25.0442,58.8707],[25.0463,58.8688],[25.0474,58.8643],[25.0557,58.86],[25.0635,58.8511],[25.0624,58.8495],[25.0739,58.8503],[25.0641,58.8544],[25.0596,58.8605],[25.0614,58.8655],[25.0531,58.8666],[25.0501,58.8713],[25.0495,58.8814],[25.0569,58.8867],[25.0748,58.8874],[25.075,58.8902],[25.0824,58.8896],[25.0763,58.8974],[25.069,58.902],[25.0461,58.9044],[25.0321,58.9014],[25.0265,58.9014],[25.0265,58.9039],[25.0243,58.9038],[25.0129,58.903],[25.0229,58.9108],[25.0232,58.9148],[25.0368,58.9122],[25.0486,58.9119],[25.0543,58.906],[25.0557,58.9061],[25.0595,58.9053],[25.0614,58.9057],[25.066,58.904],[25.0676,58.9047],[25.0733,58.9039],[25.075,58.9033],[25.0834,58.9057],[25.0797,58.9153],[25.0815,58.9192],[25.0776,58.9191],[25.0612,58.9212],[25.0618,58.9175],[25.0522,58.9177],[25.054,58.9138],[25.0467,58.9129],[25.0376,58.9176],[25.0368,58.9224],[25.0381,58.9258],[25.0299,58.9291],[25.0298,58.9298],[25.0394,58.9324],[25.0445,58.9296],[25.055,58.9267],[25.0515,58.9339],[25.0554,58.9372],[25.0533,58.94],[25.051,58.9432],[25.049,58.9495],[25.057,58.9477],[25.0638,58.9434],[25.0784,58.9471],[25.0811,58.9495],[25.0838,58.9513],[25.0932,58.9537],[25.095,58.9473],[25.0997,58.9486],[25.1085,58.9458],[25.1085,58.9507],[25.115,58.9552],[25.1207,58.9564],[25.1265,58.9612],[25.1381,58.9637],[25.1473,58.9637],[25.1382,58.9577],[25.1439,58.955],[25.1413,58.9516],[25.1333,58.951],[25.1332,58.9484],[25.1363,58.9442],[25.1349,58.9403],[25.1265,58.942],[25.1255,58.9449],[25.1161,58.9433],[25.1159,58.9378],[25.1005,58.928],[25.0989,58.9249],[25.0887,58.9233],[25.0839,58.9199],[25.0933,58.921],[25.0953,58.9145],[25.0897,58.9143],[25.0829,58.9126],[25.0869,58.9083],[25.0981,58.9089],[25.1042,58.9129],[25.1051,58.9188],[25.1077,58.9192],[25.1187,58.9166],[25.128,58.9137],[25.1283,58.9103],[25.1355,58.9139],[25.1369,58.9131],[25.1363,58.9105],[25.1413,58.9119],[25.1517,58.9093],[25.1672,58.9129],[25.1783,58.9124],[25.1693,58.9163],[25.1653,58.9182],[25.1729,58.9181],[25.1829,58.912],[25.1875,58.9082],[25.1942,58.9036],[25.1881,58.9026],[25.1909,58.8954],[25.18,58.8894],[25.185,58.8884],[25.1803,58.8829],[25.17,58.8872],[25.1685,58.8848],[25.164,58.8918],[25.1741,58.8906],[25.177,58.8909],[25.1823,58.8961],[25.1818,58.903],[25.1793,58.9045],[25.1733,58.903],[25.1617,58.9013],[25.1495,58.9042],[25.1445,58.9074],[25.1325,58.9041],[25.1246,58.9063],[25.1205,58.9064],[25.1201,58.9064],[25.1199,58.9059],[25.1179,58.9055],[25.1208,58.9019],[25.1061,58.9],[25.0966,58.897],[25.0881,58.8971],[25.0886,58.8907],[25.0943,58.8895],[25.1023,58.8849],[25.0923,58.8838],[25.0958,58.8815],[25.0954,58.8815],[25.0863,58.8802],[25.074,58.8786],[25.0806,58.874],[25.091,58.8748],[25.1063,58.8737],[25.114,58.8746],[25.143,58.8702],[25.1568,58.8709],[25.1427,58.868],[25.1338,58.8683],[25.1243,58.8629],[25.1194,58.8631],[25.0924,58.8608],[25.0992,58.8563],[25.0895,58.8511],[25.0896,58.8509],[25.0798,58.8481],[25.0752,58.8448],[25.0786,58.8388],[25.0842,58.8377],[25.0783,58.8378],[25.078,58.8374],[25.0855,58.8352],[25.0788,58.8346],[25.078,58.8348],[25.0735,58.8276],[25.0668,58.8269],[25.0632,58.8265],[25.0668,58.834],[25.0728,58.8385],[25.0718,58.8388],[25.0585,58.8422],[25.0329,58.8486],[25.0251,58.846],[25.0267,58.8422],[25.0171,58.8412],[25.0235,58.8512],[25.0156,58.856],[25.0117,58.8552],[25.0115,58.8534],[25.0099,58.8481],[25.0006,58.8478],[25.0088,58.8441],[25.0067,58.8336],[24.9858,58.8356],[24.9767,58.8399],[24.9776,58.8343],[24.9849,58.8341],[24.9755,58.8271],[24.9765,58.8228],[24.9692,58.8252],[24.9625,58.8219],[24.9622,58.8176],[24.9585,58.814],[24.9626,58.8101],[24.9622,58.8059],[24.9527,58.8069],[24.9502,58.813],[24.957,58.8142],[24.9527,58.8223],[24.9565,58.8247],[24.9478,58.8269],[24.9403,58.8224],[24.9302,58.8115],[24.9256,58.8122],[24.9258,58.8095],[24.9278,58.8072],[24.9282,58.8019],[24.9351,58.8016],[24.9416,58.8032],[24.946,58.7983],[24.9485,58.7984],[24.9521,58.7992],[24.9533,58.7996],[24.9492,58.7978],[24.9489,58.7976],[24.952,58.7966],[24.9526,58.7969],[24.9666,58.7974],[24.971,58.7951],[24.9668,58.7961],[24.9668,58.7958],[24.9671,58.794],[24.9675,58.7914],[24.968,58.7888],[24.9701,58.7854],[24.9708,58.7844],[24.97,58.784],[24.9637,58.7853],[24.9573,58.7923],[24.9585,58.7858],[24.9808,58.7746],[24.9947,58.7846],[24.997,58.7914],[24.9903,58.7866],[24.9898,58.7865],[24.9891,58.7839],[24.9888,58.7842],[24.9897,58.7866],[24.9896,58.7871],[24.9896,58.7936],[24.989,58.7936],[24.988,58.7935],[24.9869,58.7897],[24.9868,58.7891],[24.9863,58.7864],[24.9756,58.7864],[24.9768,58.7901],[24.9737,58.7946],[24.9738,58.7965],[24.9739,58.7974],[24.9738,58.7982],[24.9742,58.8024],[24.9727,58.8024],[24.9723,58.8024],[24.9761,58.8049],[24.9788,58.8081],[24.9855,58.8158],[24.9922,58.8094],[24.9942,58.805],[24.9948,58.8023],[25.001,58.7971],[25.0055,58.7986],[25.0079,58.8022],[25.014,58.8047],[25.0213,58.8083],[25.0262,58.8061],[25.0211,58.803],[25.0207,58.7996],[25.0165,58.7904],[25.0214,58.789],[25.0337,58.7975],[25.0384,58.8037],[25.0383,58.7974],[25.0472,58.7941],[25.0457,58.7903],[25.0487,58.7867],[25.0461,58.7825],[25.0493,58.7835],[25.063,58.7813],[25.0633,58.7869],[25.0745,58.7871],[25.066,58.7808],[25.1065,58.7808],[25.1135,58.7948],[25.1136,58.7964],[25.113,58.7991],[25.1123,58.8008],[25.1123,58.801],[25.1099,58.8011],[25.1098,58.801],[25.1102,58.8033],[25.1117,58.8044],[25.1077,58.8098],[25.1164,58.8162],[25.118,58.8244],[25.1125,58.8247],[25.1021,58.8313],[25.0972,58.8324],[25.0872,58.8351],[25.088,58.8376],[25.0992,58.8371],[25.0932,58.8461],[25.0971,58.8508],[25.1048,58.8512],[25.1055,58.8473],[25.1118,58.8449],[25.1217,58.8477],[25.1222,58.843],[25.1224,58.8419],[25.1227,58.8382],[25.1313,58.8358],[25.1437,58.8444],[25.1575,58.8453],[25.1637,58.8441],[25.1657,58.8396],[25.1785,58.8384],[25.1679,58.8345],[25.1756,58.8332],[25.1858,58.837],[25.1961,58.8373],[25.1921,58.8341],[25.1934,58.8313],[25.2029,58.8294]],[[24.8542,58.8706],[24.8622,58.867],[24.8622,58.8619],[24.8718,58.8635],[24.8728,58.8689],[24.8842,58.8675],[24.8851,58.8602],[24.8806,58.8563],[24.8832,58.8522],[24.8827,58.8499],[24.882,58.8436],[24.8671,58.8379],[24.862,58.8395],[24.8614,58.8441],[24.8452,58.8469],[24.8431,58.8398],[24.8356,58.8387],[24.8325,58.8423],[24.8317,58.8443],[24.8438,58.8531],[24.8538,58.8542],[24.8514,58.8508],[24.8592,58.8489],[24.8623,58.8531],[24.8624,58.8568],[24.8617,58.8586],[24.855,58.8572],[24.8563,58.8643],[24.8459,58.8669],[24.8412,58.8705],[24.8473,58.8725],[24.8542,58.8706]],[[24.8351,58.6108],[24.8425,58.6122],[24.8549,58.6156],[24.8633,58.616],[24.8638,58.6105],[24.8693,58.6088],[24.8697,58.5965],[24.8589,58.5856],[24.859,58.5803],[24.8524,58.5779],[24.8431,58.5789],[24.8366,58.5873],[24.8377,58.595],[24.8278,58.5985],[24.8254,58.6044],[24.8351,58.6108]],[[25.0056,58.8983],[25.0194,58.8964],[25.0256,58.893],[25.0212,58.8883],[25.0221,58.8846],[25.0115,58.8808],[24.9981,58.882],[24.9931,58.8849],[24.9949,58.8928],[25.0011,58.8963],[25.0056,58.8983]],[[25.1222,58.9274],[25.143,58.928],[25.1396,58.9232],[25.1514,58.9227],[25.1462,58.9181],[25.1283,58.9152],[25.1201,58.9214],[25.112,58.9233],[25.1179,58.9262],[25.1222,58.9274]],[[25.273,58.9034],[25.2663,58.9002],[25.2627,58.8936],[25.2526,58.8903],[25.2409,58.8918],[25.2375,58.8961],[25.2446,58.9034],[25.2589,58.906],[25.2667,58.9119],[25.2778,58.9115],[25.2823,58.9082],[25.273,58.9034]],[[25.1684,58.8545],[25.1629,58.854],[25.1579,58.8579],[25.1516,58.8579],[25.1562,58.8641],[25.1636,58.8639],[25.1715,58.8703],[25.1784,58.8726],[25.1834,58.8772],[25.1962,58.8707],[25.1882,58.8677],[25.1811,58.8595],[25.1684,58.8545]]],[[[23.5188,58.6449],[23.5126,58.6463],[23.5115,58.6419],[23.5162,58.6402],[23.5148,58.6345],[23.5252,58.6219],[23.5347,58.621],[23.532,58.6116],[23.5368,58.6076],[23.5344,58.6018],[23.5382,58.606],[23.5496,58.6027],[23.5489,58.5973],[23.5549,58.5958],[23.5785,58.6044],[23.5921,58.6036],[23.5928,58.6081],[23.582,58.6091],[23.5658,58.6073],[23.5725,58.6116],[23.5636,58.6176],[23.5682,58.6192],[23.5683,58.6193],[23.5651,58.6251],[23.5538,58.623],[23.5523,58.6223],[23.5509,58.6215],[23.5601,58.617],[23.5582,58.616],[23.5368,58.6261],[23.5265,58.6294],[23.5209,58.6337],[23.5208,58.6378],[23.5269,58.6397],[23.5261,58.6432],[23.5279,58.6447],[23.5391,58.6436],[23.5504,58.6395],[23.557,58.6432],[23.5653,58.6411],[23.5726,58.643],[23.5722,58.6507],[23.564,58.6555],[23.563,58.6652],[23.5638,58.6663],[23.5582,58.6698],[23.5539,58.6704],[23.5409,58.6635],[23.5211,58.6653],[23.5195,58.662],[23.5302,58.6578],[23.5196,58.6564],[23.5262,58.6547],[23.5277,58.6504],[23.5188,58.6449]],[[23.5436,58.6452],[23.5337,58.6523],[23.5462,58.6597],[23.5575,58.661],[23.5683,58.6504],[23.5678,58.6428],[23.5579,58.6453],[23.5436,58.6452]]],[[[26.3288,58.6516],[26.3188,58.6525],[26.3049,58.6538],[26.308,58.6503],[26.3053,58.6463],[26.301,58.6534],[26.3064,58.658],[26.3014,58.6603],[26.306,58.6661],[26.2996,58.6634],[26.2963,58.6582],[26.297,58.6482],[26.2922,58.6464],[26.2943,58.6388],[26.3018,58.6429],[26.3138,58.6425],[26.3057,58.6301],[26.3061,58.6298],[26.3005,58.6293],[26.2918,58.6336],[26.2918,58.6259],[26.3056,58.6264],[26.3037,58.6206],[26.2989,58.6186],[26.2866,58.6217],[26.2823,58.6245],[26.2812,58.6294],[26.2855,58.6325],[26.2776,58.6367],[26.2696,58.6329],[26.2654,58.6342],[26.2721,58.6376],[26.2719,58.6418],[26.2641,58.6427],[26.2636,58.6492],[26.2485,58.6471],[26.2561,58.6513],[26.2605,58.6563],[26.2546,58.6606],[26.2496,58.6634],[26.2374,58.6638],[26.2382,58.6608],[26.2411,58.6554],[26.2329,58.6531],[26.2274,58.6587],[26.2243,58.6589],[26.2309,58.6692],[26.2538,58.6653],[26.255,58.6627],[26.2587,58.6622],[26.2591,58.6655],[26.2527,58.6733],[26.2563,58.6741],[26.2653,58.6876],[26.269,58.6892],[26.2596,58.6906],[26.2598,58.693],[26.2645,58.6959],[26.2632,58.698],[26.2701,58.6986],[26.2747,58.7027],[26.3,58.7049],[26.296,58.7089],[26.3071,58.7103],[26.3058,58.7057],[26.3179,58.7058],[26.3232,58.7075],[26.3218,58.7082],[26.3119,58.7109],[26.3232,58.7137],[26.3293,58.7088],[26.3306,58.7054],[26.3339,58.7012],[26.3316,58.6981],[26.3328,58.6972],[26.3371,58.698],[26.3393,58.697],[26.3453,58.6988],[26.3472,58.6989],[26.3542,58.7],[26.3617,58.6914],[26.362,58.6913],[26.3582,58.6876],[26.3632,58.681],[26.3698,58.6827],[26.3763,58.6876],[26.3825,58.6843],[26.3835,58.6806],[26.391,58.6816],[26.3908,58.6748],[26.3852,58.6712],[26.3855,58.6608],[26.3774,58.6622],[26.3768,58.6666],[26.3755,58.667],[26.3738,58.6667],[26.3719,58.6621],[26.3759,58.6563],[26.3748,58.6557],[26.3751,58.6535],[26.3688,58.6502],[26.3675,58.6443],[26.3759,58.6415],[26.385,58.6349],[26.3959,58.6317],[26.399,58.628],[26.3963,58.6259],[26.4013,58.6209],[26.4076,58.6241],[26.4108,58.6211],[26.4219,58.6223],[26.4248,58.6179],[26.4379,58.6155],[26.4375,58.6123],[26.4242,58.6084],[26.4298,58.6061],[26.4396,58.6009],[26.4491,58.6031],[26.4571,58.6],[26.4494,58.5966],[26.4584,58.5893],[26.4672,58.5843],[26.4741,58.5825],[26.4833,58.5833],[26.4982,58.5783],[26.4973,58.582],[26.4841,58.589],[26.4757,58.5987],[26.4775,58.6007],[26.4886,58.5969],[26.4917,58.5998],[26.5014,58.596],[26.5005,58.5907],[26.5051,58.588],[26.5108,58.5925],[26.5209,58.5929],[26.5237,58.5956],[26.5419,58.5908],[26.5435,58.5886],[26.5429,58.5859],[26.5438,58.5855],[26.5457,58.5845],[26.5581,58.5798],[26.5619,58.5785],[26.5658,58.5761],[26.5747,58.5784],[26.5706,58.5824],[26.5689,58.5888],[26.5588,58.5919],[26.5481,58.5893],[26.5453,58.5871],[26.5461,58.5895],[26.5463,58.5916],[26.5335,58.5969],[26.5284,58.5955],[26.5208,58.5993],[26.5127,58.5973],[26.5077,58.602],[26.4953,58.6113],[26.4939,58.6212],[26.5037,58.6207],[26.5103,58.6146],[26.5131,58.6195],[26.5098,58.6226],[26.4977,58.6264],[26.4962,58.6305],[26.4878,58.6312],[26.4847,58.6341],[26.4721,58.6401],[26.4749,58.6422],[26.4675,58.6461],[26.4614,58.6466],[26.4528,58.6494],[26.4513,58.6575],[26.4587,58.6529],[26.464,58.6568],[26.4613,58.6593],[26.451,58.6628],[26.4452,58.6676],[26.4514,58.6724],[26.4504,58.6738],[26.4614,58.6692],[26.4635,58.6697],[26.4593,58.6816],[26.4546,58.6877],[26.4491,58.6925],[26.4444,58.6935],[26.4378,58.6956],[26.4248,58.6938],[26.4308,58.6977],[26.4246,58.7002],[26.4131,58.698],[26.4071,58.6917],[26.3941,58.6881],[26.3918,58.6916],[26.3832,58.6918],[26.382,58.695],[26.3704,58.6923],[26.3721,58.6948],[26.3787,58.6965],[26.378,58.6984],[26.3789,58.6993],[26.3804,58.6992],[26.3811,58.7053],[26.3795,58.707],[26.3669,58.7057],[26.3601,58.7145],[26.3709,58.7168],[26.3661,58.7218],[26.3678,58.7246],[26.3619,58.7272],[26.3518,58.7244],[26.3505,58.7209],[26.3475,58.7186],[26.3468,58.719],[26.3399,58.7249],[26.3398,58.7241],[26.3389,58.7249],[26.3389,58.725],[26.3402,58.7254],[26.3391,58.7263],[26.334,58.7277],[26.3331,58.7288],[26.3319,58.7292],[26.3315,58.7287],[26.3292,58.7293],[26.3281,58.7297],[26.3204,58.7325],[26.3141,58.7319],[26.3142,58.733],[26.3117,58.7334],[26.2959,58.7341],[26.292,58.7311],[26.2868,58.7338],[26.2841,58.7336],[26.2785,58.7274],[26.2774,58.7263],[26.2769,58.7261],[26.2764,58.7247],[26.2752,58.7246],[26.2722,58.7233],[26.2693,58.7238],[26.2652,58.725],[26.2646,58.7267],[26.2643,58.7278],[26.2586,58.7309],[26.2518,58.7303],[26.2505,58.7259],[26.2412,58.7251],[26.2422,58.7228],[26.2329,58.7219],[26.2304,58.7268],[26.2207,58.7261],[26.2078,58.7252],[26.2016,58.721],[26.2073,58.7175],[26.2075,58.7162],[26.2076,58.7157],[26.2066,58.7151],[26.2051,58.7156],[26.205,58.7159],[26.2046,58.7172],[26.2013,58.7191],[26.1975,58.7195],[26.1944,58.7188],[26.1926,58.7183],[26.1913,58.7174],[26.19,58.7171],[26.1891,58.7161],[26.182,58.7097],[26.1832,58.7093],[26.1852,58.7082],[26.1843,58.7077],[26.1715,58.7034],[26.1628,58.6981],[26.1646,58.6949],[26.1554,58.6922],[26.1564,58.6894],[26.1359,58.6869],[26.1294,58.6779],[26.1311,58.6765],[26.1349,58.6775],[26.1411,58.6695],[26.1423,58.6719],[26.1369,58.6805],[26.1475,58.68],[26.1447,58.6721],[26.1466,58.6715],[26.1522,58.6751],[26.1534,58.6761],[26.1624,58.6752],[26.1628,58.6743],[26.1799,58.6766],[26.1829,58.6733],[26.1918,58.6709],[26.2016,58.6693],[26.2014,58.6654],[26.1772,58.6599],[26.1775,58.655],[26.1832,58.656],[26.1801,58.6435],[26.1756,58.6431],[26.173,58.6409],[26.1595,58.6366],[26.1579,58.6345],[26.1537,58.6261],[26.1614,58.6224],[26.1842,58.6178],[26.1938,58.6134],[26.1988,58.615],[26.2124,58.6154],[26.2241,58.6126],[26.2248,58.613],[26.237,58.6144],[26.2394,58.6105],[26.2396,58.6098],[26.2547,58.6033],[26.2572,58.5996],[26.2457,58.5959],[26.2459,58.5959],[26.2537,58.5942],[26.2545,58.5954],[26.2546,58.596],[26.255,58.597],[26.258,58.5958],[26.2582,58.5957],[26.2578,58.5906],[26.2635,58.5898],[26.2638,58.5861],[26.2748,58.5763],[26.2793,58.5781],[26.293,58.583],[26.2922,58.5839],[26.2935,58.5882],[26.2886,58.5903],[26.2793,58.5927],[26.2722,58.5974],[26.2777,58.6026],[26.2839,58.6008],[26.2963,58.6032],[26.3002,58.5938],[26.3012,58.5934],[26.3025,58.5951],[26.3012,58.5967],[26.3,58.6041],[26.3098,58.6056],[26.316,58.6103],[26.3209,58.6095],[26.3196,58.6121],[26.3188,58.6152],[26.3105,58.6211],[26.3125,58.6231],[26.3228,58.6184],[26.3306,58.6253],[26.3314,58.6257],[26.3316,58.6261],[26.3339,58.6268],[26.3361,58.6268],[26.3363,58.6267],[26.3433,58.6139],[26.3406,58.6109],[26.3405,58.606],[26.349,58.609],[26.3488,58.6125],[26.3504,58.6113],[26.3567,58.6111],[26.3702,58.6148],[26.3729,58.621],[26.3767,58.6221],[26.381,58.6261],[26.3754,58.6317],[26.3767,58.6379],[26.3667,58.6418],[26.3671,58.6468],[26.3667,58.6469],[26.3651,58.6465],[26.3653,58.6471],[26.3658,58.6487],[26.366,58.6495],[26.3655,58.6511],[26.3653,58.6517],[26.3671,58.6516],[26.3682,58.6516],[26.3696,58.6514],[26.3747,58.6539],[26.3712,58.6572],[26.3606,58.6585],[26.3633,58.6623],[26.3628,58.662],[26.3621,58.6617],[26.3604,58.6607],[26.3601,58.6609],[26.351,58.6616],[26.3383,58.6636],[26.3335,58.6623],[26.3268,58.6694],[26.3348,58.6665],[26.3476,58.6683],[26.3497,58.6713],[26.3508,58.6756],[26.3545,58.6796],[26.3511,58.6817],[26.3446,58.6742],[26.3342,58.6761],[26.338,58.6718],[26.3384,58.6716],[26.3307,58.6735],[26.3341,58.6763],[26.3428,58.6774],[26.3445,58.6803],[26.3381,58.6795],[26.3362,58.6849],[26.3414,58.6886],[26.3294,58.6908],[26.3242,58.6878],[26.3039,58.6951],[26.3005,58.6996],[26.2906,58.6972],[26.2898,58.6921],[26.295,58.6915],[26.304,58.6925],[26.3049,58.6885],[26.3151,58.6858],[26.3135,58.6822],[26.3114,58.6769],[26.3146,58.6652],[26.3091,58.664],[26.3113,58.6581],[26.3171,58.6547],[26.319,58.6629],[26.326,58.6581],[26.3311,58.6588],[26.3354,58.6517],[26.3288,58.6516]]],[[[25.758,58.6559],[25.7651,58.6571],[25.7731,58.6546],[25.7777,58.6574],[25.776,58.6619],[25.7747,58.6637],[25.7872,58.658],[25.7876,58.6569],[25.7967,58.6546],[25.7986,58.6534],[25.8068,58.6541],[25.8064,58.6546],[25.8124,58.6551],[25.8127,58.655],[25.8157,58.6659],[25.8102,58.666],[25.8085,58.6668],[25.8015,58.6719],[25.8004,58.6731],[25.7987,58.674],[25.8024,58.6771],[25.8035,58.6774],[25.8051,58.6797],[25.8035,58.6792],[25.7993,58.6794],[25.7973,58.6855],[25.7964,58.6862],[25.7982,58.6873],[25.8018,58.69],[25.8016,58.6902],[25.794,58.6917],[25.7864,58.6871],[25.7788,58.693],[25.7687,58.6927],[25.7674,58.6922],[25.7668,58.6915],[25.7662,58.6906],[25.7621,58.6887],[25.7627,58.6866],[25.7707,58.6818],[25.7762,58.6865],[25.7783,58.6868],[25.7811,58.6813],[25.7821,58.6814],[25.7826,58.6808],[25.7825,58.6806],[25.7809,58.6805],[25.7854,58.6794],[25.7854,58.6793],[25.7812,58.6741],[25.7719,58.6772],[25.7689,58.6746],[25.7697,58.6703],[25.7647,58.6689],[25.7648,58.668],[25.7653,58.6679],[25.7646,58.6673],[25.7633,58.6672],[25.7611,58.6669],[25.761,58.6668],[25.7603,58.6664],[25.76,58.6663],[25.7601,58.6661],[25.7725,58.6654],[25.7636,58.6642],[25.7559,58.6626],[25.755,58.6575],[25.7422,58.658],[25.7457,58.6558],[25.758,58.6559]]],[[[23.8388,58.6218],[23.8394,58.6218],[23.8485,58.6242],[23.8423,58.612],[23.851,58.615],[23.8512,58.6205],[23.8608,58.6191],[23.8712,58.621],[23.8596,58.6212],[23.858,58.6239],[23.8715,58.6263],[23.8739,58.6294],[23.8707,58.6319],[23.8535,58.6289],[23.8497,58.6343],[23.8487,58.6361],[23.8354,58.6394],[23.8498,58.6442],[23.8571,58.6401],[23.8664,58.6448],[23.8685,58.6453],[23.8801,58.6435],[23.8827,58.6477],[23.8875,58.6536],[23.8772,58.6549],[23.8707,58.6594],[23.864,58.6609],[23.8667,58.6682],[23.872,58.6718],[23.8604,58.6761],[23.8522,58.6772],[23.8499,58.6765],[23.8568,58.6752],[23.8475,58.6674],[23.8551,58.6584],[23.8467,58.6545],[23.8381,58.6524],[23.8367,58.6565],[23.8196,58.6567],[23.8201,58.6518],[23.8277,58.6501],[23.8315,58.6456],[23.8269,58.6423],[23.824,58.6368],[23.8251,58.6331],[23.8338,58.6311],[23.8323,58.6265],[23.8397,58.6259],[23.8388,58.6218]]],[[[27.1478,58.615],[27.1421,58.6107],[27.155,58.6098],[27.1504,58.6062],[27.1406,58.6087],[27.1423,58.604],[27.1481,58.6043],[27.1428,58.6034],[27.1427,58.6033],[27.142,58.6027],[27.1414,58.6022],[27.1414,58.6021],[27.1413,58.6015],[27.1334,58.5927],[27.1342,58.5922],[27.1352,58.5911],[27.1453,58.5948],[27.1472,58.5893],[27.1462,58.5876],[27.146,58.5871],[27.1489,58.587],[27.154,58.5903],[27.1538,58.5903],[27.1533,58.5931],[27.1531,58.594],[27.1535,58.5956],[27.1524,58.5947],[27.1512,58.5948],[27.1482,58.5981],[27.1539,58.6014],[27.1541,58.6016],[27.1565,58.6006],[27.1572,58.5991],[27.1651,58.5907],[27.1624,58.5876],[27.1659,58.5872],[27.1678,58.587],[27.1744,58.5865],[27.1862,58.5911],[27.1878,58.5986],[27.1819,58.6025],[27.1892,58.6049],[27.185,58.6058],[27.1811,58.6041],[27.17,58.6084],[27.168,58.6099],[27.1761,58.6195],[27.1759,58.6242],[27.1824,58.6285],[27.1684,58.642],[27.1657,58.6355],[27.1693,58.6301],[27.165,58.6248],[27.1571,58.6225],[27.1532,58.6151],[27.1478,58.615]]],[[[24.3295,58.6601],[24.3326,58.6599],[24.3476,58.6576],[24.3385,58.6553],[24.3385,58.6536],[24.3496,58.651],[24.3636,58.6534],[24.3582,58.6582],[24.3593,58.6609],[24.3694,58.66],[24.3775,58.6558],[24.383,58.6443],[24.3858,58.638],[24.3944,58.6365],[24.3966,58.6317],[24.4132,58.6333],[24.4011,58.6435],[24.3928,58.6444],[24.3909,58.6512],[24.3989,58.6551],[24.4043,58.6543],[24.4074,58.658],[24.397,58.6643],[24.4081,58.67],[24.4199,58.6636],[24.4254,58.6681],[24.4254,58.6683],[24.4238,58.672],[24.4232,58.6728],[24.4005,58.6716],[24.4022,58.6781],[24.4018,58.6811],[24.4097,58.6804],[24.4117,58.6804],[24.4196,58.6804],[24.4233,58.6728],[24.4246,58.6727],[24.4243,58.6754],[24.439,58.6776],[24.4421,58.6786],[24.4404,58.6851],[24.4274,58.6907],[24.425,58.6919],[24.4242,58.692],[24.4233,58.6888],[24.4074,58.6891],[24.4068,58.687],[24.3959,58.6852],[24.4102,58.685],[24.4099,58.6823],[24.4017,58.6819],[24.3979,58.6737],[24.3981,58.673],[24.4017,58.668],[24.3794,58.6662],[24.375,58.6717],[24.374,58.6728],[24.3625,58.6825],[24.3587,58.6908],[24.3503,58.694],[24.3458,58.6948],[24.345,58.6932],[24.3528,58.6886],[24.3541,58.6812],[24.3624,58.6745],[24.3551,58.6643],[24.3384,58.6636],[24.3295,58.6601]]],[[[25.7338,58.6694],[25.7419,58.6699],[25.7511,58.666],[25.7532,58.6671],[25.755,58.6687],[25.753,58.6703],[25.7675,58.6744],[25.7718,58.6772],[25.7705,58.6796],[25.7635,58.6845],[25.7609,58.6839],[25.7621,58.6788],[25.7553,58.6778],[25.7509,58.6826],[25.7414,58.6839],[25.7428,58.6884],[25.7403,58.6876],[25.7374,58.6917],[25.7287,58.694],[25.7337,58.6971],[25.7305,58.6978],[25.7308,58.6984],[25.7414,58.7028],[25.7432,58.7037],[25.7438,58.7067],[25.7362,58.7018],[25.7187,58.6952],[25.7156,58.693],[25.714,58.6928],[25.7127,58.693],[25.7115,58.6896],[25.7162,58.6884],[25.7174,58.6878],[25.7184,58.687],[25.7194,58.6873],[25.7207,58.6872],[25.7177,58.6819],[25.7155,58.6824],[25.7095,58.6799],[25.7082,58.6802],[25.7084,58.6777],[25.7081,58.6759],[25.7063,58.6751],[25.705,58.6745],[25.7022,58.6766],[25.6989,58.6774],[25.691,58.6783],[25.6875,58.674],[25.6934,58.6735],[25.6866,58.6705],[25.6794,58.6718],[25.6799,58.675],[25.6722,58.678],[25.6663,58.6757],[25.6643,58.6712],[25.6633,58.6704],[25.6731,58.6668],[25.6783,58.6613],[25.6762,58.6553],[25.6888,58.6576],[25.6888,58.6523],[25.6801,58.6504],[25.6794,58.6455],[25.6852,58.6456],[25.6857,58.6407],[25.6928,58.649],[25.6969,58.6502],[25.7051,58.6517],[25.7111,58.6468],[25.7134,58.6465],[25.7118,58.6534],[25.7076,58.6587],[25.713,58.6546],[25.7185,58.6572],[25.7245,58.659],[25.726,58.6636],[25.7279,58.6652],[25.7198,58.671],[25.7213,58.6717],[25.7295,58.6717],[25.7283,58.6727],[25.7275,58.6753],[25.7335,58.6747],[25.7338,58.6694]]],[[[26.085,58.6873],[26.0873,58.6917],[26.0823,58.6957],[26.0999,58.6958],[26.0973,58.6975],[26.0998,58.7051],[26.0951,58.7107],[26.1006,58.7154],[26.0919,58.715],[26.0855,58.7182],[26.0779,58.7156],[26.0802,58.7132],[26.0908,58.7103],[26.0888,58.7065],[26.0793,58.703],[26.0749,58.6992],[26.0729,58.6986],[26.0723,58.6984],[26.0619,58.6969],[26.0542,58.6985],[26.0536,58.6936],[26.041,58.6941],[26.0403,58.7025],[26.0492,58.7023],[26.0464,58.705],[26.0369,58.7049],[26.0341,58.7005],[26.0107,58.696],[26.0089,58.696],[26.0086,58.6961],[26.0011,58.6956],[25.9971,58.6947],[25.9979,58.693],[26.0053,58.693],[26.0057,58.693],[26.0066,58.6931],[26.0068,58.6927],[26.0058,58.6924],[26.0049,58.6922],[26.0048,58.6917],[26.0045,58.6912],[26.0044,58.6911],[26.0043,58.6896],[26.0058,58.6886],[26.0209,58.681],[26.0254,58.6783],[26.0499,58.679],[26.0496,58.6815],[26.052,58.6824],[26.0561,58.6832],[26.0597,58.6873],[26.0685,58.6886],[26.0797,58.6892],[26.0845,58.6849],[26.085,58.6873]]],[[[26.4974,58.6922],[26.4969,58.6928],[26.489,58.6955],[26.4898,58.6937],[26.4925,58.6889],[26.4883,58.6854],[26.506,58.677],[26.5233,58.6633],[26.5294,58.6586],[26.5355,58.6545],[26.5479,58.6515],[26.5488,58.6521],[26.5366,58.663],[26.5275,58.6625],[26.5265,58.6673],[26.5322,58.6701],[26.5375,58.666],[26.5524,58.6574],[26.5561,58.6583],[26.5507,58.6649],[26.5367,58.6737],[26.5412,58.6753],[26.5511,58.666],[26.5548,58.6666],[26.5546,58.6696],[26.5548,58.6698],[26.5473,58.6721],[26.5398,58.6777],[26.5339,58.6758],[26.5284,58.6821],[26.5301,58.6874],[26.5279,58.6913],[26.5344,58.6939],[26.5454,58.6955],[26.5408,58.699],[26.529,58.7014],[26.5235,58.7049],[26.5191,58.7123],[26.515,58.7166],[26.5114,58.7205],[26.5034,58.7296],[26.5027,58.7315],[26.5019,58.7405],[26.5077,58.7463],[26.514,58.745],[26.5333,58.7462],[26.5398,58.7485],[26.5446,58.7492],[26.5402,58.7529],[26.5508,58.7538],[26.5574,58.7553],[26.5596,58.7634],[26.5514,58.7666],[26.5424,58.7622],[26.5316,58.7649],[26.5282,58.7684],[26.5306,58.772],[26.5425,58.7767],[26.5508,58.7751],[26.5509,58.7778],[26.553,58.7789],[26.5445,58.7832],[26.5363,58.7909],[26.5348,58.7918],[26.5283,58.7955],[26.5228,58.7955],[26.5207,58.7919],[26.5227,58.784],[26.5087,58.785],[26.5172,58.7796],[26.513,58.7767],[26.526,58.7742],[26.5227,58.7696],[26.5325,58.7606],[26.5319,58.7581],[26.5215,58.7664],[26.5147,58.7738],[26.5111,58.7716],[26.5145,58.7657],[26.5266,58.7594],[26.5243,58.757],[26.518,58.7534],[26.5214,58.7508],[26.512,58.7517],[26.5041,58.7492],[26.5078,58.753],[26.5036,58.7525],[26.4971,58.7521],[26.4947,58.7519],[26.4809,58.7653],[26.4716,58.7747],[26.4618,58.7722],[26.4517,58.7691],[26.4493,58.7657],[26.4503,58.7617],[26.4575,58.7562],[26.456,58.7528],[26.4605,58.7466],[26.4672,58.743],[26.4753,58.7448],[26.4848,58.7385],[26.4856,58.7324],[26.4924,58.7298],[26.4912,58.7235],[26.4888,58.7191],[26.4808,58.7229],[26.4709,58.7275],[26.4658,58.7242],[26.4783,58.7155],[26.4835,58.7143],[26.4926,58.7065],[26.4948,58.7043],[26.5002,58.7057],[26.5101,58.7014],[26.5032,58.7072],[26.5154,58.7087],[26.5208,58.7031],[26.5156,58.6983],[26.5122,58.6964],[26.5177,58.6899],[26.514,58.6887],[26.51,58.6876],[26.5114,58.6853],[26.5083,58.6806],[26.4974,58.6922]]],[[[26.1259,58.6896],[26.1351,58.6996],[26.1484,58.7015],[26.1503,58.7021],[26.1522,58.7024],[26.1541,58.7031],[26.1535,58.7046],[26.1465,58.705],[26.1497,58.7116],[26.1578,58.7098],[26.1663,58.7113],[26.1677,58.7112],[26.1755,58.7123],[26.1828,58.717],[26.1826,58.7179],[26.1857,58.719],[26.1854,58.7193],[26.1826,58.7194],[26.174,58.7229],[26.1726,58.7227],[26.1714,58.7221],[26.1751,58.7169],[26.1668,58.7154],[26.1569,58.7175],[26.1546,58.725],[26.1593,58.7253],[26.1668,58.7275],[26.1778,58.7312],[26.18,58.732],[26.1798,58.7322],[26.1802,58.7328],[26.1821,58.7331],[26.1838,58.7335],[26.1882,58.7334],[26.1905,58.7345],[26.1909,58.735],[26.1917,58.7359],[26.186,58.7375],[26.176,58.7369],[26.1709,58.7403],[26.1647,58.732],[26.1605,58.7376],[26.1551,58.7375],[26.148,58.7346],[26.1457,58.7298],[26.1525,58.7268],[26.1459,58.7235],[26.136,58.7244],[26.1311,58.7239],[26.1173,58.7264],[26.1146,58.7245],[26.1113,58.7216],[26.1133,58.7251],[26.1102,58.7362],[26.1144,58.7413],[26.1048,58.7429],[26.1032,58.7409],[26.0964,58.7318],[26.0989,58.7256],[26.1011,58.7193],[26.1051,58.7188],[26.1114,58.7174],[26.1034,58.7126],[26.1016,58.7017],[26.1066,58.6964],[26.1013,58.6954],[26.1019,58.6939],[26.1074,58.691],[26.1136,58.6898],[26.1259,58.6896]]],[[[23.6103,58.6709],[23.6181,58.6747],[23.6649,58.6745],[23.6603,58.6762],[23.6601,58.6823],[23.6635,58.6844],[23.6768,58.6846],[23.6784,58.692],[23.6754,58.6924],[23.6692,58.6866],[23.6651,58.6889],[23.6678,58.6935],[23.652,58.6955],[23.662,58.7048],[23.6602,58.7092],[23.6496,58.7091],[23.6381,58.7105],[23.638,58.712],[23.6375,58.7132],[23.6441,58.716],[23.6361,58.7208],[23.6435,58.7218],[23.6526,58.7231],[23.6381,58.7306],[23.6293,58.7325],[23.63,58.7292],[23.6316,58.729],[23.6282,58.7283],[23.6205,58.7258],[23.6217,58.7253],[23.6272,58.724],[23.6314,58.7226],[23.6321,58.7234],[23.6331,58.7227],[23.6324,58.7216],[23.6317,58.7193],[23.6317,58.719],[23.6314,58.7183],[23.6292,58.7155],[23.6198,58.7139],[23.6105,58.7145],[23.6027,58.718],[23.5959,58.7246],[23.5957,58.7186],[23.5911,58.7149],[23.5894,58.7029],[23.5975,58.6996],[23.5961,58.6985],[23.5955,58.6955],[23.5985,58.6982],[23.6072,58.6957],[23.6027,58.6915],[23.5953,58.6937],[23.5951,58.6918],[23.6035,58.6859],[23.611,58.6926],[23.6169,58.6908],[23.6042,58.6788],[23.5993,58.6803],[23.5916,58.6799],[23.5787,58.6795],[23.575,58.6763],[23.5722,58.6708],[23.5743,58.6682],[23.578,58.6739],[23.5825,58.6735],[23.5842,58.6687],[23.5865,58.6655],[23.5896,58.6644],[23.5975,58.6645],[23.6081,58.6697],[23.6103,58.6709]]],[[[23.8224,58.7165],[23.8266,58.715],[23.8356,58.7144],[23.8362,58.7152],[23.8473,58.7141],[23.8518,58.7243],[23.8525,58.7265],[23.847,58.7282],[23.8473,58.729],[23.8419,58.7291],[23.8302,58.7348],[23.8169,58.7333],[23.8132,58.7267],[23.8121,58.7196],[23.8224,58.7165]]],[[[27.1028,58.705],[27.1059,58.698],[27.1061,58.6973],[27.1077,58.6958],[27.1084,58.6955],[27.1128,58.6932],[27.1156,58.6848],[27.1172,58.6841],[27.1194,58.6812],[27.105,58.6789],[27.1048,58.6787],[27.0939,58.6716],[27.0952,58.6672],[27.088,58.6662],[27.0839,58.6696],[27.0867,58.6733],[27.0985,58.6793],[27.0988,58.6796],[27.0949,58.68],[27.0948,58.68],[27.0849,58.6778],[27.0801,58.6829],[27.0916,58.6838],[27.0846,58.6886],[27.0816,58.6876],[27.0806,58.6879],[27.0787,58.6894],[27.0695,58.6886],[27.069,58.686],[27.0709,58.68],[27.0715,58.6784],[27.076,58.6738],[27.0742,58.6668],[27.0772,58.6576],[27.0876,58.6582],[27.0919,58.6547],[27.0995,58.6551],[27.107,58.6593],[27.0989,58.6625],[27.1092,58.6647],[27.1118,58.6617],[27.1155,58.6658],[27.1163,58.6751],[27.1231,58.6765],[27.1271,58.6728],[27.1175,58.6696],[27.1245,58.6652],[27.1295,58.6658],[27.1301,58.6669],[27.1305,58.6672],[27.1286,58.6706],[27.1284,58.6711],[27.1324,58.6679],[27.1335,58.667],[27.1455,58.6667],[27.1533,58.6689],[27.1523,58.6765],[27.1494,58.6765],[27.1488,58.6765],[27.1486,58.6784],[27.1471,58.6813],[27.1445,58.6826],[27.1437,58.6824],[27.1422,58.684],[27.1352,58.6922],[27.1357,58.6961],[27.132,58.6997],[27.1178,58.7071],[27.1028,58.705]]],[[[27.0452,58.6954],[27.0523,58.6935],[27.0651,58.6948],[27.0582,58.7039],[27.0586,58.7047],[27.0545,58.7043],[27.0468,58.7103],[27.0402,58.71],[27.0379,58.7041],[27.043,58.6959],[27.0452,58.6954]]],[[[24.0646,58.7543],[24.0561,58.757],[24.052,58.7552],[24.0459,58.7595],[24.0367,58.7605],[24.0434,58.7648],[24.0478,58.7607],[24.0532,58.7602],[24.0593,58.7655],[24.0595,58.7713],[24.0524,58.7764],[24.0606,58.777],[24.0639,58.774],[24.0675,58.7748],[24.0726,58.7713],[24.0796,58.771],[24.0841,58.7758],[24.0901,58.7767],[24.0926,58.7806],[24.0955,58.7834],[24.1041,58.7869],[24.1062,58.7917],[24.1077,58.7979],[24.1141,58.8013],[24.128,58.7957],[24.1182,58.7892],[24.1132,58.7822],[24.1249,58.7837],[24.1295,58.7862],[24.1376,58.7914],[24.1339,58.7955],[24.1482,58.8067],[24.1508,58.8064],[24.1532,58.8055],[24.1644,58.8099],[24.1699,58.8081],[24.1781,58.8125],[24.1782,58.8094],[24.1854,58.8117],[24.1855,58.8158],[24.1947,58.8159],[24.1994,58.8169],[24.2068,58.8231],[24.2073,58.8265],[24.2027,58.8326],[24.2108,58.8351],[24.2119,58.8391],[24.1966,58.8427],[24.1964,58.8459],[24.1885,58.8505],[24.1937,58.8543],[24.2024,58.8521],[24.2036,58.8516],[24.2075,58.8567],[24.2228,58.8699],[24.2122,58.8712],[24.2085,58.8663],[24.2007,58.8665],[24.1958,58.8681],[24.1971,58.8733],[24.2073,58.871],[24.2111,58.8726],[24.216,58.8784],[24.222,58.8775],[24.2331,58.8836],[24.2345,58.8878],[24.2276,58.8908],[24.2287,58.8927],[24.2237,58.8888],[24.2112,58.8909],[24.2112,58.8939],[24.2065,58.8951],[24.2102,58.9009],[24.2107,58.9052],[24.2113,58.9055],[24.2132,58.905],[24.2141,58.9079],[24.215,58.9083],[24.2248,58.9131],[24.2152,58.9125],[24.2098,58.9079],[24.2087,58.9083],[24.2088,58.9094],[24.2093,58.911],[24.2102,58.9148],[24.2206,58.9186],[24.2296,58.9151],[24.2279,58.9128],[24.2282,58.9127],[24.2275,58.9099],[24.2382,58.9092],[24.2428,58.9069],[24.2518,58.9079],[24.2564,58.91],[24.2636,58.9063],[24.2734,58.9042],[24.2702,58.9017],[24.2693,58.9012],[24.2718,58.9003],[24.273,58.9017],[24.2741,58.9014],[24.2742,58.9017],[24.2753,58.9008],[24.2743,58.8994],[24.2787,58.8984],[24.2801,58.9007],[24.293,58.9004],[24.3001,58.9026],[24.299,58.9092],[24.2936,58.9071],[24.2807,58.9079],[24.2805,58.9089],[24.2718,58.9138],[24.2721,58.918],[24.2637,58.9181],[24.2674,58.9229],[24.2719,58.9283],[24.2742,58.929],[24.2806,58.9326],[24.2859,58.941],[24.2799,58.946],[24.2684,58.9484],[24.2687,58.9521],[24.2602,58.9571],[24.2562,58.9579],[24.2506,58.9591],[24.2496,58.9528],[24.2446,58.9496],[24.2359,58.9521],[24.2388,58.9589],[24.249,58.9591],[24.2446,58.9622],[24.255,58.9641],[24.2666,58.9609],[24.2786,58.9562],[24.2808,58.965],[24.2763,58.9687],[24.2833,58.9705],[24.2887,58.9734],[24.2914,58.9786],[24.2945,58.9815],[24.2992,58.9824],[24.307,58.9916],[24.3182,58.9961],[24.3271,58.995],[24.3348,58.9969],[24.3625,58.9939],[24.3778,59.0083],[24.3691,59.0113],[24.3624,59.0069],[24.3537,59.0062],[24.3519,59.0105],[24.3603,59.0121],[24.3583,59.0149],[24.3476,59.0143],[24.3464,59.0187],[24.3568,59.0178],[24.3532,59.0222],[24.3566,59.0262],[24.3625,59.0265],[24.3665,59.0303],[24.3716,59.0395],[24.3716,59.0361],[24.3779,59.0374],[24.3837,59.0311],[24.3796,59.038],[24.3935,59.0473],[24.4003,59.0453],[24.402,59.0489],[24.3944,59.0488],[24.3854,59.0475],[24.3805,59.0446],[24.388,59.0509],[24.3866,59.0552],[24.3998,59.0596],[24.4076,59.0617],[24.412,59.0731],[24.4063,59.0763],[24.4,59.0774],[24.3929,59.0761],[24.3878,59.0788],[24.394,59.0839],[24.3906,59.0871],[24.3932,59.0908],[24.3739,59.0902],[24.3751,59.0929],[24.3751,59.0939],[24.3687,59.0972],[24.3651,59.0964],[24.3717,59.0993],[24.383,59.0984],[24.3829,59.1011],[24.3823,59.1043],[24.3774,59.1049],[24.363,59.0993],[24.3589,59.1022],[24.368,59.1058],[24.3643,59.1088],[24.3557,59.1068],[24.3468,59.1127],[24.3585,59.1132],[24.3635,59.1107],[24.3699,59.1127],[24.382,59.1095],[24.3839,59.111],[24.3811,59.1137],[24.3695,59.1143],[24.361,59.1183],[24.3508,59.1213],[24.3551,59.1242],[24.349,59.1268],[24.3425,59.1218],[24.3459,59.118],[24.3349,59.1204],[24.3273,59.1219],[24.3248,59.1258],[24.3183,59.1257],[24.3136,59.1248],[24.3139,59.118],[24.3156,59.1184],[24.322,59.1151],[24.3243,59.111],[24.329,59.1123],[24.3291,59.114],[24.3299,59.1141],[24.3297,59.1129],[24.33,59.1128],[24.3329,59.1109],[24.3328,59.1109],[24.3319,59.1114],[24.331,59.1119],[24.3284,59.111],[24.329,59.1105],[24.3203,59.1039],[24.3272,59.1035],[24.3326,59.1023],[24.3352,59.1019],[24.3358,59.1016],[24.3359,59.1012],[24.3298,59.1012],[24.3284,59.0989],[24.3231,59.0978],[24.3212,59.0978],[24.3111,59.0935],[24.3145,59.0921],[24.3322,59.0958],[24.3354,59.0954],[24.341,59.0938],[24.3421,59.0916],[24.34,59.0908],[24.344,59.0864],[24.3445,59.0852],[24.3235,59.0845],[24.3167,59.0863],[24.3114,59.0862],[24.308,59.0883],[24.2896,59.082],[24.2901,59.0792],[24.2782,59.0785],[24.2638,59.079],[24.257,59.0761],[24.2535,59.0748],[24.2598,59.0741],[24.2642,59.077],[24.2812,59.0754],[24.3032,59.0785],[24.3277,59.08],[24.3253,59.0751],[24.3367,59.0798],[24.3541,59.0811],[24.3541,59.081],[24.3544,59.0805],[24.3562,59.0808],[24.3564,59.0808],[24.3588,59.0739],[24.3619,59.0733],[24.3617,59.0697],[24.3631,59.0689],[24.3629,59.0683],[24.3558,59.0669],[24.3544,59.063],[24.346,59.0633],[24.3517,59.0596],[24.3507,59.0564],[24.3421,59.0559],[24.3335,59.0518],[24.3244,59.0541],[24.3203,59.045],[24.3167,59.0447],[24.315,59.0406],[24.3081,59.0359],[24.3036,59.0254],[24.2934,59.0295],[24.2949,59.0346],[24.2894,59.0288],[24.2855,59.0274],[24.2757,59.0291],[24.2769,59.0236],[24.2621,59.0253],[24.2547,59.0297],[24.2489,59.0302],[24.2465,59.0388],[24.2348,59.0454],[24.2251,59.0438],[24.2344,59.0438],[24.2464,59.036],[24.2475,59.0333],[24.2404,59.03],[24.2433,59.0235],[24.2295,59.0181],[24.2245,59.0216],[24.2234,59.027],[24.2095,59.0348],[24.2084,59.0383],[24.2247,59.0437],[24.2158,59.0442],[24.2047,59.0414],[24.1979,59.0423],[24.1894,59.0458],[24.188,59.0464],[24.1877,59.0462],[24.1835,59.043],[24.1823,59.042],[24.183,59.0416],[24.1861,59.0397],[24.1859,59.0396],[24.1864,59.0391],[24.1843,59.0388],[24.183,59.0414],[24.1743,59.0394],[24.1766,59.0385],[24.1765,59.0373],[24.1725,59.0387],[24.1669,59.0372],[24.1545,59.0293],[24.1565,59.0284],[24.1553,59.0278],[24.1524,59.0271],[24.1506,59.0262],[24.1471,59.0218],[24.1434,59.0182],[24.142,59.0174],[24.1395,59.0165],[24.1429,59.0169],[24.1482,59.0201],[24.1581,59.0206],[24.1692,59.0149],[24.1739,59.0106],[24.1727,59.0039],[24.1749,58.997],[24.1646,58.9946],[24.1611,58.9896],[24.1651,58.9896],[24.1657,58.9896],[24.1772,58.9923],[24.1777,58.9927],[24.1788,58.9972],[24.1891,58.9985],[24.19,59.004],[24.1906,59.0073],[24.1999,59.0105],[24.2047,59.0143],[24.1981,59.0123],[24.1936,59.0115],[24.1964,59.0192],[24.1933,59.0228],[24.2005,59.0259],[24.2061,59.0206],[24.2107,59.021],[24.2062,59.0138],[24.2083,59.01],[24.2163,59.0075],[24.2149,59.0032],[24.218,58.9994],[24.2094,59.0002],[24.2094,59.0057],[24.2044,59.0062],[24.1989,58.9999],[24.1921,58.9952],[24.195,58.9895],[24.201,58.9869],[24.2067,58.99],[24.2093,58.9849],[24.2146,58.9837],[24.2169,58.9834],[24.2143,58.9809],[24.2155,58.9789],[24.2206,58.9803],[24.2206,58.9753],[24.2266,58.971],[24.2229,58.9688],[24.2207,58.9634],[24.2291,58.9644],[24.2321,58.9598],[24.215,58.9589],[24.2135,58.9594],[24.209,58.9529],[24.2144,58.9563],[24.2229,58.9465],[24.2242,58.9409],[24.2226,58.941],[24.2185,58.9449],[24.2121,58.9456],[24.2052,58.9454],[24.1977,58.9519],[24.2058,58.9555],[24.2049,58.9581],[24.2106,58.9666],[24.2107,58.9692],[24.2156,58.9696],[24.218,58.9726],[24.2111,58.9777],[24.2081,58.9799],[24.2032,58.9841],[24.1922,58.9804],[24.1922,58.9803],[24.1866,58.9779],[24.1896,58.9704],[24.1763,58.9663],[24.1786,58.9643],[24.1901,58.9628],[24.189,58.9595],[24.1864,58.9545],[24.1889,58.9486],[24.1884,58.9406],[24.1757,58.9399],[24.1723,58.9382],[24.1833,58.9385],[24.1823,58.934],[24.1702,58.9329],[24.1773,58.927],[24.1759,58.9258],[24.1785,58.9246],[24.1791,58.9246],[24.1857,58.9209],[24.1948,58.924],[24.2067,58.9196],[24.1984,58.9148],[24.2002,58.914],[24.201,58.9103],[24.2024,58.91],[24.204,58.9111],[24.2061,58.9095],[24.2041,58.9084],[24.1965,58.9067],[24.1832,58.909],[24.1813,58.9082],[24.1815,58.9075],[24.188,58.9026],[24.1828,58.8979],[24.1795,58.9072],[24.1765,58.9073],[24.1785,58.9081],[24.1772,58.9095],[24.1723,58.9078],[24.1711,58.9071],[24.172,58.9068],[24.176,58.8997],[24.1632,58.8966],[24.1518,58.8911],[24.1527,58.891],[24.1601,58.8928],[24.1602,58.8883],[24.1729,58.8841],[24.1679,58.879],[24.1613,58.8793],[24.1629,58.8734],[24.1584,58.8648],[24.1479,58.8572],[24.1492,58.8677],[24.1552,58.87],[24.1573,58.875],[24.1603,58.8781],[24.1504,58.8812],[24.1466,58.876],[24.1356,58.8789],[24.1436,58.8794],[24.1403,58.8836],[24.1526,58.8832],[24.1502,58.891],[24.1386,58.892],[24.1341,58.8928],[24.1286,58.8925],[24.1201,58.8964],[24.1087,58.8987],[24.1067,58.8993],[24.1076,58.895],[24.1037,58.8879],[24.0961,58.8862],[24.0982,58.8849],[24.1035,58.8819],[24.108,58.8825],[24.1091,58.8822],[24.1172,58.883],[24.1228,58.8849],[24.1276,58.88],[24.1346,58.8768],[24.1225,58.877],[24.1219,58.8757],[24.1315,58.8725],[24.1376,58.8764],[24.143,58.8751],[24.1391,58.8704],[24.1318,58.8709],[24.1269,58.8706],[24.1213,58.8712],[24.1132,58.8684],[24.1067,58.8721],[24.1009,58.8686],[24.0995,58.8664],[24.0906,58.8626],[24.0899,58.8612],[24.0803,58.8581],[24.0861,58.8532],[24.0926,58.8513],[24.1079,58.8596],[24.1064,58.8625],[24.1242,58.8589],[24.1191,58.8585],[24.1148,58.8524],[24.1066,58.8492],[24.0981,58.8477],[24.0963,58.8433],[24.0831,58.845],[24.0819,58.8507],[24.0699,58.8527],[24.0662,58.8479],[24.065,58.8471],[24.0627,58.845],[24.062,58.8445],[24.0579,58.8355],[24.0836,58.8269],[24.0909,58.8266],[24.0889,58.8253],[24.0802,58.821],[24.0701,58.8205],[24.0696,58.8179],[24.0771,58.8193],[24.0805,58.816],[24.0704,58.811],[24.0725,58.8059],[24.0697,58.8025],[24.0657,58.8008],[24.062,58.8103],[24.0519,58.8019],[24.0445,58.7993],[24.0427,58.7995],[24.0469,58.8007],[24.0489,58.8062],[24.0545,58.8084],[24.0486,58.8119],[24.0505,58.8137],[24.0526,58.8138],[24.0558,58.817],[24.0482,58.8202],[24.0478,58.8209],[24.0443,58.822],[24.0339,58.8163],[24.0293,58.8182],[24.0248,58.8231],[24.0343,58.8244],[24.0302,58.8278],[24.027,58.8263],[24.016,58.8288],[23.998,58.8363],[23.9922,58.8348],[23.9877,58.8433],[23.9828,58.8456],[23.9786,58.8491],[23.9687,58.8449],[23.9679,58.8453],[23.9659,58.8426],[23.9777,58.8368],[23.9833,58.8409],[23.9882,58.8341],[23.9791,58.8339],[23.9847,58.8203],[23.9871,58.8236],[24,58.8245],[24.0047,58.8189],[24.0128,58.8228],[24.0142,58.8167],[24.0204,58.8129],[24.0204,58.8095],[24.029,58.8068],[24.0346,58.8013],[24.035,58.801],[24.0406,58.7942],[24.039,58.7926],[24.0368,58.7919],[24.0323,58.7901],[24.0382,58.7897],[24.0472,58.7832],[24.0401,58.7798],[24.0398,58.7753],[24.0398,58.77],[24.0323,58.7669],[24.0322,58.759],[24.0439,58.7587],[24.037,58.7527],[24.0361,58.7501],[24.0219,58.7501],[24.0213,58.7618],[24.0148,58.7685],[24,58.774],[23.9953,58.7782],[23.9941,58.7738],[24.0014,58.7692],[24.0019,58.7692],[24.0076,58.7688],[24.0047,58.7608],[24.0054,58.755],[23.9951,58.755],[23.9806,58.7556],[23.9765,58.7521],[23.9905,58.7458],[24.0054,58.7503],[24.012,58.7501],[24.0136,58.7576],[24.0194,58.7517],[24.0231,58.7488],[24.0274,58.7469],[24.035,58.7462],[24.0445,58.7374],[24.0501,58.7348],[24.0425,58.7405],[24.0415,58.7443],[24.0498,58.7467],[24.0563,58.7405],[24.0627,58.7415],[24.0625,58.7465],[24.0664,58.7486],[24.0646,58.7543]]],[[[26.0045,58.7211],[26.004,58.7177],[26.0123,58.7162],[26.011,58.7116],[26.011,58.7083],[26.0154,58.7065],[26.0162,58.7056],[26.0244,58.7111],[26.0254,58.7116],[26.0188,58.7126],[26.0174,58.7179],[26.0169,58.7229],[26.0078,58.7265],[26.0084,58.7268],[26.0023,58.7307],[26.0076,58.7289],[26.0136,58.7308],[26.0135,58.7314],[26.0216,58.7273],[26.024,58.7269],[26.0287,58.7259],[26.0329,58.7251],[26.0402,58.7312],[26.0277,58.737],[26.0291,58.7428],[26.031,58.747],[26.0277,58.7532],[26.019,58.7567],[26.0227,58.7598],[26.0232,58.7626],[26.0048,58.763],[25.9974,58.7598],[25.9951,58.7582],[25.995,58.7555],[25.9964,58.7544],[25.9979,58.7527],[25.9952,58.7509],[25.9916,58.7503],[25.9911,58.7499],[25.9854,58.7508],[25.9815,58.7509],[25.9812,58.751],[25.98,58.7522],[25.9753,58.7514],[25.9712,58.7508],[25.9736,58.7445],[25.9707,58.7408],[25.9721,58.7409],[25.9781,58.7392],[25.984,58.7338],[25.9937,58.7362],[26.001,58.7283],[26.0041,58.7222],[26.0045,58.7211]]],[[[27.0503,58.7166],[27.0591,58.7221],[27.0669,58.7181],[27.0768,58.7155],[27.078,58.7211],[27.0778,58.7284],[27.0649,58.731],[27.0665,58.7332],[27.0572,58.7351],[27.05,58.7324],[27.0393,58.7313],[27.0358,58.7269],[27.0383,58.7189],[27.0441,58.7145],[27.0503,58.7166]]],[[[22.6013,58.725],[22.6098,58.7303],[22.6149,58.7298],[22.6166,58.7298],[22.6187,58.7307],[22.6086,58.7332],[22.6056,58.7369],[22.5942,58.7371],[22.5991,58.7432],[22.6079,58.7399],[22.6066,58.7439],[22.6126,58.7462],[22.6139,58.7514],[22.6106,58.7571],[22.6051,58.7657],[22.6177,58.7681],[22.6075,58.7776],[22.6132,58.7798],[22.6193,58.7729],[22.6237,58.7737],[22.6202,58.7779],[22.6313,58.7789],[22.6405,58.7788],[22.6409,58.786],[22.6369,58.7891],[22.6266,58.7892],[22.6287,58.7849],[22.616,58.7831],[22.6039,58.7867],[22.6045,58.788],[22.6056,58.7908],[22.5973,58.7909],[22.5952,58.7975],[22.5926,58.7998],[22.59,58.803],[22.6016,58.8043],[22.5957,58.8118],[22.5899,58.8132],[22.5924,58.8174],[22.6031,58.8257],[22.6045,58.8323],[22.5997,58.8365],[22.5958,58.8398],[22.5851,58.8431],[22.5879,58.8493],[22.6071,58.8504],[22.6047,58.8431],[22.6091,58.8414],[22.6182,58.8462],[22.6222,58.8491],[22.6336,58.8458],[22.6495,58.8461],[22.6512,58.8396],[22.6586,58.8317],[22.638,58.8329],[22.6375,58.8322],[22.6344,58.8324],[22.6329,58.8329],[22.6288,58.8289],[22.6451,58.8293],[22.6394,58.8255],[22.6414,58.8229],[22.6536,58.8207],[22.6535,58.8143],[22.6459,58.8125],[22.6449,58.8112],[22.6505,58.8073],[22.66,58.8044],[22.6781,58.8063],[22.6777,58.8083],[22.6848,58.8046],[22.697,58.8057],[22.694,58.8076],[22.698,58.8116],[22.703,58.8082],[22.7112,58.8045],[22.7186,58.8084],[22.7184,58.8087],[22.7198,58.8097],[22.7227,58.8107],[22.724,58.8136],[22.7237,58.8154],[22.7292,58.8168],[22.7308,58.817],[22.7267,58.8199],[22.7182,58.818],[22.7157,58.8182],[22.7102,58.8149],[22.7039,58.8219],[22.7136,58.8264],[22.7238,58.8263],[22.7175,58.8382],[22.7229,58.8381],[22.7281,58.8384],[22.7262,58.8448],[22.7276,58.8485],[22.7366,58.8548],[22.7447,58.8557],[22.7451,58.8559],[22.7462,58.8553],[22.7488,58.8526],[22.7539,58.8532],[22.7776,58.8554],[22.7936,58.8668],[22.8071,58.8688],[22.8087,58.8714],[22.8114,58.8761],[22.8365,58.8749],[22.8368,58.8819],[22.8477,58.8811],[22.8611,58.8845],[22.8627,58.8886],[22.8727,58.8961],[22.8758,58.9007],[22.884,58.9035],[22.8881,58.9019],[22.8823,58.8958],[22.8896,58.8924],[22.8943,58.8954],[22.8923,58.9013],[22.9167,58.9026],[22.9294,58.9027],[22.9309,58.8984],[22.9273,58.8939],[22.9367,58.896],[22.9421,58.8916],[22.9426,58.9],[22.9477,58.8962],[22.9502,58.8998],[22.9585,58.8982],[22.9608,58.8906],[22.9563,58.8875],[22.9632,58.8837],[22.9681,58.88],[22.969,58.8796],[22.9737,58.8771],[22.9818,58.88],[22.9838,58.8841],[22.9838,58.8849],[22.9859,58.8872],[22.987,58.8879],[22.9958,58.8887],[22.9963,58.8881],[22.9995,58.8926],[23.0009,58.8928],[23.0006,58.8947],[23.0008,58.8963],[23.001,58.8965],[23.0014,58.8969],[23.0006,58.8976],[23.0004,58.8977],[23.0001,58.898],[22.9872,58.9035],[22.988,58.9088],[22.9949,58.9106],[22.9883,58.9128],[22.9799,58.9128],[22.9737,58.9088],[22.9672,58.9097],[22.9706,58.9136],[22.9641,58.9175],[22.9494,58.9199],[22.9494,58.9212],[22.9487,58.9232],[22.9478,58.9244],[22.9473,58.9246],[22.947,58.9243],[22.9467,58.924],[22.9459,58.9244],[22.9408,58.9242],[22.9373,58.9262],[22.9224,58.9287],[22.9244,58.932],[22.9181,58.9308],[22.9256,58.9224],[22.9268,58.9177],[22.9246,58.9169],[22.9252,58.9151],[22.918,58.9135],[22.9108,58.9197],[22.9014,58.9197],[22.892,58.9155],[22.8985,58.9141],[22.8968,58.9087],[22.8843,58.9067],[22.8769,58.914],[22.8828,58.915],[22.8748,58.9248],[22.8819,58.9332],[22.8921,58.931],[22.8888,58.9256],[22.902,58.929],[22.9095,58.932],[22.9252,58.9353],[22.9289,58.9368],[22.9125,58.938],[22.9117,58.9415],[22.9108,58.946],[22.8999,58.9458],[22.8985,58.951],[22.8839,58.9513],[22.8782,58.9476],[22.8721,58.9473],[22.8646,58.9452],[22.8568,58.954],[22.8455,58.958],[22.8506,58.9603],[22.864,58.9606],[22.8662,58.962],[22.8589,58.9625],[22.8472,58.9682],[22.848,58.9714],[22.8482,58.9722],[22.8415,58.9707],[22.8357,58.9761],[22.8449,58.9766],[22.845,58.9801],[22.8205,58.9939],[22.8204,58.9971],[22.8108,58.9973],[22.8014,58.9948],[22.7937,58.9983],[22.7878,58.9961],[22.7874,58.996],[22.7889,58.9946],[22.7955,58.993],[22.8065,58.9871],[22.8158,58.9835],[22.824,58.9865],[22.8298,58.981],[22.8274,58.9762],[22.8256,58.9758],[22.8184,58.9815],[22.8128,58.9796],[22.8084,58.9838],[22.8015,58.9864],[22.7997,58.9851],[22.7886,58.9893],[22.7882,58.9879],[22.7941,58.9851],[22.8015,58.9825],[22.8132,58.9768],[22.8123,58.9712],[22.8114,58.9706],[22.8054,58.9694],[22.8047,58.9735],[22.7941,58.9788],[22.7913,58.9775],[22.7939,58.9646],[22.7948,58.962],[22.7936,58.9596],[22.7909,58.9591],[22.787,58.9568],[22.7923,58.951],[22.7898,58.949],[22.7905,58.9483],[22.7945,58.9441],[22.7955,58.9413],[22.7947,58.9386],[22.7908,58.932],[22.7836,58.9356],[22.7817,58.9352],[22.7811,58.9359],[22.7756,58.9379],[22.775,58.9385],[22.7751,58.9387],[22.7748,58.9426],[22.7686,58.9452],[22.7668,58.9501],[22.7593,58.9539],[22.7568,58.9579],[22.7589,58.958],[22.7557,58.9625],[22.7486,58.9718],[22.7427,58.9791],[22.7215,58.9841],[22.6848,58.9925],[22.6788,58.9913],[22.6305,58.9819],[22.6349,58.9788],[22.6354,58.9729],[22.6266,58.9702],[22.6189,58.9714],[22.6199,58.964],[22.6047,58.9563],[22.5995,58.9521],[22.5944,58.9499],[22.5693,58.9493],[22.5768,58.9506],[22.5868,58.9557],[22.5831,58.958],[22.582,58.9656],[22.5914,58.9709],[22.5978,58.9702],[22.5969,58.9632],[22.6073,58.9619],[22.6048,58.9675],[22.6143,58.968],[22.6099,58.9729],[22.6083,58.9752],[22.5968,58.9718],[22.5856,58.975],[22.6048,58.9805],[22.5974,58.9797],[22.5927,58.9828],[22.6073,58.9895],[22.6096,58.9883],[22.612,58.9936],[22.6149,58.9894],[22.6199,58.9894],[22.6298,58.9822],[22.6784,58.9917],[22.6846,58.993],[22.7166,58.9856],[22.7435,58.9794],[22.7489,58.9837],[22.7371,58.99],[22.7349,58.9899],[22.7285,58.9899],[22.7265,58.9898],[22.7277,58.9945],[22.7264,58.9956],[22.7146,59.0025],[22.7022,59.0056],[22.6992,59.0086],[22.694,59.0148],[22.6865,59.0195],[22.6781,59.0214],[22.6768,59.03],[22.6853,59.0253],[22.6885,59.0318],[22.6899,59.0367],[22.69,59.0369],[22.6839,59.0447],[22.6835,59.0523],[22.6881,59.0651],[22.6834,59.0699],[22.6896,59.0738],[22.6726,59.0794],[22.6604,59.0855],[22.653,59.0869],[22.6465,59.0847],[22.6286,59.0815],[22.6156,59.0814],[22.6017,59.0879],[22.5872,59.0882],[22.5823,59.0799],[22.5833,59.0719],[22.5785,59.059],[22.5816,59.0515],[22.5795,59.0447],[22.5812,59.0388],[22.577,59.0325],[22.5792,59.0307],[22.5588,59.0295],[22.557,59.0272],[22.5698,59.0249],[22.5711,59.02],[22.5763,59.017],[22.5696,59.011],[22.5666,59.0109],[22.5575,59.0179],[22.5621,59.0213],[22.5586,59.0256],[22.5457,59.0225],[22.5549,59.0145],[22.5508,59.011],[22.552,59.0081],[22.5437,59.0044],[22.5322,59.0079],[22.5226,59.0166],[22.5076,59.0124],[22.5091,59.0204],[22.4972,59.0214],[22.4951,59.0165],[22.4982,59.0127],[22.4973,59.0124],[22.4966,59.0107],[22.4988,59.0093],[22.4947,59.0101],[22.4834,59.0176],[22.4908,59.0119],[22.4914,59.0058],[22.4971,59.0015],[22.5079,58.9987],[22.5115,59.0007],[22.5071,59.0081],[22.5269,59.0104],[22.5343,59.0057],[22.5326,59.0035],[22.5369,58.9986],[22.5441,58.9963],[22.5333,58.993],[22.5442,58.9859],[22.5606,58.9855],[22.5575,58.9814],[22.5686,58.9851],[22.5739,58.9841],[22.5748,58.9814],[22.5673,58.9745],[22.5555,58.9742],[22.563,58.9672],[22.5554,58.9585],[22.5449,58.9534],[22.5411,58.9536],[22.5332,58.955],[22.5301,58.9526],[22.5392,58.9479],[22.5441,58.9387],[22.536,58.9386],[22.5234,58.9465],[22.5137,58.9517],[22.5127,58.9547],[22.5026,58.9548],[22.5008,58.9599],[22.498,58.961],[22.4939,58.9597],[22.4876,58.9632],[22.4943,58.9665],[22.4963,58.9681],[22.4835,58.9738],[22.481,58.973],[22.4816,58.9735],[22.4924,58.9758],[22.4939,58.9771],[22.4941,58.9772],[22.496,58.9769],[22.4923,58.9797],[22.4803,58.9829],[22.4729,58.9808],[22.4798,58.9758],[22.4739,58.9702],[22.4738,58.9699],[22.4712,58.9689],[22.4725,58.9718],[22.472,58.9736],[22.4725,58.9745],[22.4705,58.9756],[22.468,58.976],[22.4654,58.9765],[22.4663,58.9763],[22.466,58.9762],[22.4654,58.9755],[22.4646,58.9754],[22.4644,58.9753],[22.4605,58.9754],[22.4599,58.9756],[22.4501,58.9782],[22.453,58.9737],[22.4697,58.9671],[22.4773,58.9647],[22.4831,58.9595],[22.4845,58.9554],[22.4929,58.9557],[22.4939,58.9591],[22.5034,58.9531],[22.4987,58.9484],[22.4922,58.9509],[22.4831,58.9496],[22.4784,58.953],[22.4753,58.9573],[22.4608,58.954],[22.4595,58.9555],[22.4493,58.9548],[22.4438,58.9502],[22.4485,58.9464],[22.4313,58.9381],[22.4287,58.9353],[22.4195,58.9364],[22.4116,58.9399],[22.3992,58.9349],[22.4005,58.9317],[22.3857,58.9288],[22.3881,58.9276],[22.3964,58.923],[22.4078,58.922],[22.4211,58.9227],[22.4238,58.9213],[22.4285,58.9228],[22.4343,58.9187],[22.429,58.915],[22.4429,58.9127],[22.4249,58.912],[22.4214,58.914],[22.4126,58.9156],[22.4174,58.9115],[22.4071,58.9101],[22.404,58.9091],[22.4033,58.9103],[22.4026,58.9121],[22.3915,58.915],[22.3793,58.9125],[22.3764,58.9182],[22.3684,58.9148],[22.3648,58.9176],[22.3496,58.9227],[22.3355,58.9249],[22.3349,58.9266],[22.3366,58.9277],[22.3448,58.9312],[22.3532,58.9351],[22.3558,58.9359],[22.3476,58.9375],[22.3417,58.9427],[22.3185,58.9478],[22.31,58.9475],[22.3035,58.9446],[22.2918,58.9431],[22.2871,58.9452],[22.2762,58.9451],[22.2564,58.9401],[22.2387,58.9347],[22.2111,58.9339],[22.186,58.9343],[22.1773,58.9356],[22.1689,58.9348],[22.1391,58.9377],[22.1328,58.9413],[22.1046,58.9404],[22.0949,58.9416],[22.0786,58.9458],[22.0649,58.9419],[22.0543,58.9436],[22.047,58.928],[22.0481,58.9224],[22.058,58.923],[22.0704,58.9207],[22.0778,58.9223],[22.0913,58.9223],[22.0973,58.9259],[22.0932,58.9204],[22.0885,58.9168],[22.1083,58.9132],[22.1191,58.9102],[22.1287,58.9096],[22.1396,58.9051],[22.1417,58.8946],[22.1502,58.895],[22.1571,58.8906],[22.1733,58.8842],[22.1787,58.8819],[22.1897,58.8832],[22.1944,58.8808],[22.2085,58.88],[22.2161,58.8816],[22.2166,58.8853],[22.2055,58.8838],[22.2026,58.8871],[22.2265,58.8869],[22.2301,58.8891],[22.2335,58.8951],[22.2349,58.8959],[22.2323,58.8991],[22.2289,58.9006],[22.2262,58.898],[22.2213,58.8929],[22.2156,58.8941],[22.2027,58.9012],[22.2008,58.9016],[22.2003,58.9015],[22.1992,58.9011],[22.1978,58.8988],[22.1968,58.8987],[22.187,58.9027],[22.1858,58.9082],[22.2009,58.906],[22.2049,58.9074],[22.2051,58.9115],[22.2168,58.9141],[22.2241,58.9116],[22.2164,58.9078],[22.2167,58.9051],[22.2178,58.9048],[22.2248,58.9076],[22.2301,58.9019],[22.2372,58.9026],[22.2436,58.9027],[22.2457,58.898],[22.2425,58.8886],[22.2572,58.8929],[22.2684,58.8924],[22.272,58.8953],[22.2794,58.8981],[22.2983,58.896],[22.3113,58.899],[22.31,58.8939],[22.3228,58.8955],[22.3399,58.9],[22.3403,58.8951],[22.3632,58.8984],[22.3715,58.8975],[22.3985,58.8904],[22.414,58.8798],[22.4262,58.874],[22.4387,58.8585],[22.4444,58.8538],[22.4478,58.8546],[22.4447,58.8612],[22.4537,58.8631],[22.4551,58.8619],[22.4601,58.8546],[22.4632,58.8504],[22.4641,58.8394],[22.4685,58.8344],[22.4797,58.8338],[22.4746,58.83],[22.4664,58.8313],[22.4661,58.8306],[22.4664,58.823],[22.4722,58.8243],[22.4837,58.8159],[22.4796,58.811],[22.4782,58.8067],[22.4724,58.8046],[22.4748,58.8004],[22.4824,58.799],[22.4892,58.8007],[22.4898,58.8002],[22.4896,58.7981],[22.4952,58.7953],[22.4946,58.79],[22.5019,58.7926],[22.5181,58.7923],[22.5391,58.7942],[22.5373,58.7905],[22.5232,58.7864],[22.5122,58.7842],[22.5136,58.7827],[22.5179,58.7834],[22.5234,58.7782],[22.5351,58.7792],[22.5435,58.776],[22.544,58.7731],[22.5471,58.7713],[22.5537,58.7706],[22.5625,58.7778],[22.5708,58.7762],[22.5732,58.7684],[22.5737,58.7658],[22.551,58.7661],[22.5536,58.7595],[22.5439,58.7591],[22.5334,58.763],[22.5249,58.7655],[22.512,58.7623],[22.5152,58.7545],[22.5116,58.7525],[22.5237,58.755],[22.5235,58.7582],[22.5372,58.7585],[22.5376,58.7541],[22.5279,58.7481],[22.5283,58.7471],[22.5282,58.7467],[22.5289,58.7454],[22.5298,58.7447],[22.5322,58.7423],[22.548,58.7379],[22.5491,58.7416],[22.5664,58.7381],[22.5601,58.7342],[22.5557,58.7274],[22.5494,58.7297],[22.5379,58.7284],[22.5392,58.7334],[22.5334,58.7393],[22.5311,58.7409],[22.5133,58.7429],[22.515,58.7462],[22.5058,58.744],[22.5023,58.7442],[22.4941,58.7458],[22.4874,58.75],[22.4909,58.7419],[22.5044,58.7363],[22.5076,58.7268],[22.4999,58.7231],[22.4854,58.7223],[22.485,58.7121],[22.4865,58.7071],[22.493,58.7036],[22.4995,58.7055],[22.5037,58.7025],[22.5178,58.7044],[22.5166,58.7077],[22.5036,58.7044],[22.5035,58.7091],[22.5202,58.7083],[22.5316,58.7114],[22.5447,58.7155],[22.554,58.7226],[22.5637,58.7225],[22.5715,58.7199],[22.5742,58.7225],[22.5874,58.7243],[22.5876,58.7276],[22.5983,58.727],[22.6013,58.725]],[[22.5622,58.7895],[22.5575,58.7877],[22.5512,58.7964],[22.5551,58.8008],[22.5696,58.8029],[22.5704,58.7991],[22.5756,58.7976],[22.5747,58.7907],[22.5679,58.7917],[22.5622,58.7895]],[[22.6678,58.8125],[22.6642,58.8181],[22.6607,58.8192],[22.6584,58.82],[22.6629,58.8311],[22.6687,58.8305],[22.6716,58.8371],[22.6641,58.8381],[22.6633,58.8452],[22.6778,58.845],[22.69,58.8395],[22.6936,58.8391],[22.6997,58.84],[22.7015,58.8479],[22.6951,58.8489],[22.6948,58.8552],[22.6866,58.8543],[22.6718,58.8528],[22.6714,58.856],[22.6708,58.8587],[22.6851,58.8602],[22.6847,58.8617],[22.6701,58.8602],[22.6681,58.8697],[22.6899,58.8725],[22.6927,58.8729],[22.6751,58.8812],[22.6775,58.884],[22.683,58.8857],[22.689,58.8867],[22.707,58.8799],[22.6995,58.8757],[22.7007,58.8745],[22.7178,58.878],[22.7208,58.871],[22.7103,58.8663],[22.7113,58.8639],[22.7119,58.8562],[22.6976,58.8554],[22.7061,58.8548],[22.7118,58.8516],[22.7047,58.8482],[22.7066,58.8448],[22.7094,58.8395],[22.7087,58.8349],[22.7119,58.8302],[22.7029,58.8274],[22.6895,58.8142],[22.6795,58.8142],[22.6784,58.8116],[22.6678,58.8125]],[[22.8229,58.8907],[22.8185,58.8956],[22.8119,58.8929],[22.8068,58.8892],[22.7925,58.8886],[22.7866,58.8907],[22.7929,58.8954],[22.806,58.8958],[22.8042,58.8971],[22.8093,58.9004],[22.8089,58.9043],[22.8111,58.9082],[22.8193,58.9087],[22.8062,58.9105],[22.8043,58.913],[22.8027,58.9133],[22.794,58.9151],[22.7926,58.9113],[22.7912,58.9138],[22.7864,58.9118],[22.7753,58.9114],[22.7731,58.9135],[22.7721,58.9184],[22.7777,58.9139],[22.7883,58.9156],[22.7871,58.9196],[22.7921,58.9194],[22.794,58.9196],[22.794,58.9201],[22.7918,58.9219],[22.7914,58.9224],[22.7901,58.923],[22.7904,58.9246],[22.7897,58.9254],[22.7925,58.9259],[22.7938,58.9247],[22.8029,58.9275],[22.7997,58.9252],[22.8014,58.9245],[22.8172,58.9175],[22.8309,58.9129],[22.8386,58.9123],[22.8492,58.9097],[22.8525,58.9051],[22.8535,58.9049],[22.8581,58.9069],[22.87,58.9039],[22.868,58.8991],[22.8583,58.9033],[22.8596,58.9008],[22.8535,58.8966],[22.8568,58.894],[22.8577,58.8975],[22.8677,58.8969],[22.8659,58.8927],[22.8583,58.8919],[22.8489,58.8951],[22.8379,58.8936],[22.8344,58.8979],[22.8235,58.8958],[22.8229,58.8907]],[[22.8451,58.9249],[22.8376,58.9235],[22.8339,58.9212],[22.8203,58.9217],[22.8304,58.9285],[22.8265,58.932],[22.8194,58.9329],[22.8227,58.9395],[22.82,58.9411],[22.8278,58.9434],[22.8315,58.9449],[22.8255,58.9485],[22.8179,58.9518],[22.8153,58.9558],[22.8109,58.9585],[22.8013,58.9546],[22.7983,58.9591],[22.8079,58.962],[22.8181,58.9673],[22.8202,58.9725],[22.8367,58.9637],[22.8346,58.9624],[22.8338,58.9624],[22.8317,58.9622],[22.8328,58.9605],[22.8341,58.9595],[22.8409,58.9587],[22.8398,58.9492],[22.8394,58.9476],[22.8476,58.9426],[22.8496,58.9422],[22.859,58.9413],[22.8622,58.9313],[22.8577,58.9261],[22.8511,58.9257],[22.8505,58.9274],[22.8451,58.9249]],[[22.6786,58.9511],[22.673,58.9548],[22.6798,58.9576],[22.6936,58.9529],[22.7074,58.961],[22.7131,58.9567],[22.7192,58.9566],[22.7272,58.9507],[22.7368,58.9428],[22.7338,58.9392],[22.7366,58.938],[22.7465,58.935],[22.7522,58.9304],[22.7547,58.9286],[22.7493,58.9253],[22.7489,58.9237],[22.7438,58.931],[22.7355,58.9335],[22.7332,58.929],[22.7205,58.9289],[22.7161,58.9359],[22.7089,58.9406],[22.7016,58.9391],[22.6983,58.9391],[22.6917,58.9361],[22.6877,58.9403],[22.6881,58.9451],[22.681,58.9455],[22.6787,58.9479],[22.6893,58.9501],[22.6779,58.9501],[22.6786,58.9511]],[[22.6729,58.9109],[22.6685,58.9059],[22.6669,58.9033],[22.6644,58.899],[22.6522,58.8874],[22.645,58.8853],[22.6319,58.8853],[22.6335,58.8836],[22.6465,58.883],[22.6408,58.8798],[22.6327,58.8789],[22.629,58.8788],[22.62,58.8792],[22.6202,58.8786],[22.6039,58.8752],[22.5987,58.8778],[22.5977,58.8821],[22.5895,58.8852],[22.5993,58.8876],[22.5941,58.8912],[22.6073,58.8907],[22.6141,58.8915],[22.6069,58.8968],[22.6113,58.8998],[22.6254,58.8919],[22.6376,58.8893],[22.6449,58.8923],[22.6469,58.8948],[22.6428,58.8936],[22.6343,58.891],[22.631,58.8946],[22.623,58.8953],[22.6182,58.9023],[22.6227,58.9062],[22.6292,58.9097],[22.6312,58.9143],[22.6225,58.9198],[22.6206,58.9269],[22.6242,58.9288],[22.6408,58.9251],[22.6439,58.922],[22.653,58.9266],[22.6602,58.9251],[22.6543,58.9291],[22.6609,58.9294],[22.6671,58.9245],[22.6665,58.9199],[22.6603,58.916],[22.6649,58.9177],[22.6733,58.9139],[22.6729,58.9109]],[[22.6162,58.9369],[22.6174,58.9331],[22.6072,58.9289],[22.6011,58.9303],[22.5946,58.936],[22.5848,58.9346],[22.5787,58.9373],[22.5706,58.9368],[22.566,58.9332],[22.5659,58.9324],[22.5644,58.9275],[22.5567,58.928],[22.5407,58.9239],[22.5324,58.9197],[22.525,58.9204],[22.5169,58.922],[22.5177,58.9169],[22.5096,58.912],[22.506,58.9089],[22.5166,58.9053],[22.5001,58.9039],[22.5004,58.9075],[22.4931,58.9077],[22.4879,58.9061],[22.4865,58.9094],[22.4937,58.9118],[22.5008,58.914],[22.4984,58.9181],[22.4932,58.9222],[22.511,58.9224],[22.5111,58.9237],[22.5201,58.9273],[22.5274,58.9316],[22.5351,58.9286],[22.5365,58.9234],[22.5407,58.9301],[22.541,58.9324],[22.5548,58.9357],[22.5575,58.9392],[22.5521,58.9432],[22.5639,58.943],[22.5658,58.9417],[22.5879,58.9473],[22.5902,58.9428],[22.5954,58.9424],[22.5961,58.9461],[22.607,58.9458],[22.6064,58.941],[22.6121,58.9415],[22.6162,58.9369]],[[22.537,58.8497],[22.5382,58.8512],[22.5377,58.8571],[22.5463,58.8558],[22.5494,58.8589],[22.5649,58.854],[22.5724,58.8485],[22.5719,58.8467],[22.5681,58.84],[22.5633,58.8408],[22.554,58.8439],[22.5483,58.8443],[22.537,58.8497]]],[[[27.071,58.7397],[27.0622,58.7449],[27.0445,58.7422],[27.0323,58.7426],[27.0283,58.7401],[27.0368,58.7362],[27.0512,58.7352],[27.0565,58.7361],[27.0698,58.7345],[27.071,58.7397]]],[[[23.9785,58.7766],[23.9854,58.7793],[23.9893,58.7807],[23.9783,58.7847],[23.968,58.7846],[23.966,58.7894],[23.9614,58.7869],[23.969,58.7932],[23.9709,58.7974],[23.9726,58.803],[23.9746,58.8092],[23.9657,58.8321],[23.9625,58.8366],[23.9586,58.8399],[23.9508,58.8387],[23.9382,58.8403],[23.9349,58.8458],[23.9341,58.8506],[23.9335,58.8524],[23.9266,58.8495],[23.9239,58.846],[23.9087,58.8469],[23.9,58.8468],[23.8997,58.848],[23.9007,58.8534],[23.9077,58.8572],[23.9011,58.861],[23.899,58.8671],[23.8979,58.8715],[23.8931,58.8746],[23.9004,58.8825],[23.8908,58.8844],[23.8764,58.8809],[23.8782,58.8791],[23.8757,58.8767],[23.882,58.8763],[23.8831,58.8769],[23.8859,58.8747],[23.8857,58.8746],[23.8797,58.8725],[23.882,58.8748],[23.8822,58.8751],[23.8809,58.876],[23.8741,58.876],[23.8743,58.8757],[23.8755,58.8756],[23.8762,58.8749],[23.8734,58.874],[23.8687,58.8736],[23.8675,58.8725],[23.8625,58.8644],[23.8622,58.8637],[23.87,58.8538],[23.8698,58.8533],[23.8601,58.8508],[23.8641,58.8477],[23.8617,58.8426],[23.8484,58.8412],[23.8381,58.8434],[23.8341,58.8423],[23.8285,58.8356],[23.8164,58.8397],[23.8113,58.8347],[23.803,58.8365],[23.8029,58.8371],[23.8066,58.8387],[23.8042,58.8412],[23.7928,58.8414],[23.7919,58.8445],[23.7905,58.8438],[23.7844,58.8395],[23.7837,58.839],[23.7791,58.839],[23.8025,58.8343],[23.8053,58.8324],[23.8113,58.8285],[23.8269,58.831],[23.8382,58.8268],[23.8375,58.8228],[23.8447,58.8204],[23.8551,58.811],[23.8658,58.8031],[23.8728,58.7979],[23.8816,58.794],[23.8838,58.7944],[23.8899,58.7942],[23.9105,58.794],[23.9106,58.7889],[23.9212,58.7922],[23.9287,58.787],[23.9343,58.7844],[23.9356,58.7826],[23.9381,58.7834],[23.954,58.7831],[23.9539,58.7796],[23.9455,58.779],[23.9528,58.7769],[23.9605,58.7668],[23.967,58.7625],[23.9778,58.7654],[23.9728,58.7659],[23.9728,58.766],[23.9639,58.7697],[23.9785,58.7766]]],[[[22.4778,58.788],[22.469,58.7948],[22.465,58.7951],[22.4569,58.7912],[22.4576,58.7868],[22.4634,58.7833],[22.4784,58.782],[22.482,58.7854],[22.4778,58.788]]],[[[24.1625,58.7948],[24.1587,58.7906],[24.1577,58.7862],[24.1466,58.7888],[24.1136,58.7777],[24.1071,58.7739],[24.093,58.7691],[24.0895,58.7689],[24.0702,58.767],[24.0708,58.7631],[24.064,58.7586],[24.0717,58.7468],[24.0774,58.7422],[24.0929,58.7403],[24.0991,58.7414],[24.1082,58.7391],[24.1125,58.7424],[24.1229,58.738],[24.1348,58.7353],[24.1415,58.7407],[24.161,58.7443],[24.155,58.7522],[24.1657,58.7544],[24.1686,58.7611],[24.1983,58.7749],[24.205,58.7735],[24.216,58.7771],[24.2145,58.7844],[24.226,58.7843],[24.2259,58.7859],[24.2202,58.79],[24.2389,58.7943],[24.2409,58.7915],[24.2487,58.7937],[24.2559,58.7901],[24.2585,58.7845],[24.2641,58.7851],[24.2707,58.7838],[24.2738,58.7865],[24.2788,58.7975],[24.2846,58.8086],[24.2904,58.8059],[24.2874,58.8014],[24.2954,58.7986],[24.3018,58.8006],[24.3061,58.8013],[24.3069,58.8053],[24.3168,58.8089],[24.3173,58.8101],[24.3188,58.81],[24.3241,58.8081],[24.332,58.8119],[24.3331,58.8214],[24.3257,58.8223],[24.317,58.8225],[24.3081,58.8205],[24.2994,58.823],[24.2983,58.8231],[24.2939,58.8229],[24.2866,58.8175],[24.2857,58.8171],[24.2837,58.817],[24.2729,58.8149],[24.269,58.8092],[24.2644,58.8045],[24.2708,58.7975],[24.271,58.7894],[24.2667,58.7878],[24.2518,58.7955],[24.2473,58.8039],[24.2375,58.8036],[24.2327,58.8119],[24.2276,58.8192],[24.225,58.8115],[24.2202,58.8085],[24.2144,58.8109],[24.2122,58.8047],[24.2202,58.7994],[24.221,58.7956],[24.2163,58.7924],[24.2078,58.7978],[24.2092,58.7998],[24.1981,58.805],[24.1884,58.7992],[24.1846,58.7978],[24.166,58.798],[24.1625,58.7948]],[[24.0805,58.7542],[24.0833,58.7574],[24.0912,58.7586],[24.1038,58.7571],[24.1171,58.7607],[24.1284,58.7609],[24.1412,58.7587],[24.1413,58.7536],[24.1297,58.7471],[24.1212,58.7461],[24.1141,58.7504],[24.0984,58.7492],[24.0926,58.7471],[24.0814,58.7517],[24.0805,58.7542]]],[[[26.7856,58.7515],[26.7881,58.756],[26.7968,58.7595],[26.8027,58.7565],[26.8122,58.7519],[26.8168,58.756],[26.8166,58.7513],[26.8271,58.7499],[26.8372,58.7557],[26.8372,58.7612],[26.8436,58.7643],[26.8607,58.7756],[26.9143,58.845],[26.9123,58.8467],[26.8792,58.8329],[26.8726,58.836],[26.8682,58.8408],[26.8591,58.8469],[26.8529,58.8467],[26.8469,58.8508],[26.8389,58.8491],[26.8392,58.8442],[26.8366,58.8454],[26.8353,58.8464],[26.8349,58.8473],[26.8324,58.8521],[26.832,58.8516],[26.8374,58.8427],[26.8288,58.8429],[26.8227,58.8378],[26.8218,58.8373],[26.8213,58.8368],[26.8219,58.8365],[26.814,58.8321],[26.8058,58.8352],[26.8097,58.8315],[26.8072,58.831],[26.8032,58.8296],[26.7965,58.8257],[26.7825,58.8228],[26.7808,58.8293],[26.7792,58.8297],[26.7791,58.8279],[26.764,58.8263],[26.7753,58.8238],[26.7735,58.8184],[26.7785,58.8156],[26.7882,58.8143],[26.7947,58.8129],[26.805,58.8165],[26.805,58.8215],[26.816,58.8259],[26.8221,58.8235],[26.8201,58.8172],[26.8148,58.8146],[26.8154,58.8123],[26.8166,58.8118],[26.8176,58.8061],[26.824,58.8025],[26.8355,58.8042],[26.8352,58.7988],[26.8219,58.8004],[26.8143,58.7978],[26.8069,58.792],[26.8161,58.7891],[26.8138,58.7838],[26.7937,58.7877],[26.787,58.7843],[26.7937,58.7765],[26.7818,58.7789],[26.7831,58.7728],[26.7809,58.7685],[26.789,58.7676],[26.7977,58.7716],[26.798,58.773],[26.8163,58.7771],[26.8246,58.7782],[26.8303,58.7813],[26.8331,58.7819],[26.8364,58.7742],[26.8312,58.7721],[26.8285,58.7715],[26.8299,58.7647],[26.8219,58.7667],[26.8152,58.7756],[26.8054,58.7724],[26.8049,58.7679],[26.7943,58.7666],[26.8183,58.7665],[26.8151,58.7615],[26.7935,58.761],[26.7781,58.7615],[26.7856,58.7568],[26.781,58.7513],[26.7856,58.7515]]],[[[26.9884,58.7275],[26.9936,58.7299],[27.0033,58.7209],[27.0136,58.7184],[27.0185,58.723],[27.0267,58.725],[27.0325,58.7194],[27.0311,58.726],[27.0298,58.732],[27.0276,58.7318],[27.025,58.7304],[27.0189,58.7267],[27.0066,58.7252],[27.0031,58.7296],[27.0133,58.7319],[26.9929,58.7332],[27.0159,58.7365],[27.0193,58.7369],[27.0181,58.7394],[27.0207,58.7437],[27.0439,58.7489],[27.0418,58.7515],[27.0423,58.7553],[27.0316,58.755],[27.0231,58.7531],[27.0164,58.7604],[27.0102,58.7645],[27.0223,58.7663],[27.0152,58.7711],[26.9985,58.7703],[26.9977,58.7685],[27.0006,58.7643],[26.9982,58.7602],[26.9934,58.7685],[26.9931,58.7701],[26.9888,58.7675],[26.9806,58.7678],[26.9863,58.7659],[26.9871,58.7594],[26.992,58.7557],[26.9867,58.7515],[26.9796,58.7557],[26.9823,58.7581],[26.979,58.7622],[26.979,58.7679],[26.9767,58.7703],[26.9653,58.775],[26.9445,58.774],[26.9367,58.7792],[26.9325,58.7801],[26.9155,58.7732],[26.9027,58.7696],[26.8914,58.7642],[26.8812,58.7582],[26.8924,58.754],[26.9006,58.7518],[26.9093,58.7477],[26.9111,58.7535],[26.9068,58.7574],[26.8987,58.7613],[26.9063,58.7646],[26.9182,58.7629],[26.9224,58.7625],[26.9327,58.7613],[26.9261,58.7576],[26.9293,58.7557],[26.9287,58.7499],[26.9285,58.743],[26.9191,58.7414],[26.9202,58.738],[26.9132,58.7358],[26.9169,58.7318],[26.9241,58.7316],[26.9349,58.7339],[26.9379,58.7392],[26.9363,58.7453],[26.9386,58.7438],[26.9568,58.7437],[26.9541,58.7399],[26.9444,58.7431],[26.9403,58.7361],[26.9404,58.7315],[26.9423,58.7268],[26.9487,58.7308],[26.9564,58.7329],[26.9599,58.7304],[26.9605,58.7307],[26.9668,58.7374],[26.9671,58.7427],[26.9686,58.7442],[26.986,58.7449],[26.9843,58.7409],[26.9743,58.7423],[26.9745,58.7361],[26.9793,58.7327],[26.9793,58.7274],[26.9884,58.7275]]],[[[23.977,58.8135],[23.9794,58.7991],[23.9692,58.7908],[23.975,58.7912],[23.9864,58.7869],[24,58.7943],[24.0089,58.804],[24.0089,58.8055],[24.0059,58.8161],[23.9937,58.8155],[23.9828,58.8116],[23.9803,58.8146],[23.977,58.8135]]],[[[24.7464,58.8138],[24.7479,58.8178],[24.7602,58.8183],[24.7614,58.8188],[24.7588,58.8221],[24.7487,58.8245],[24.7352,58.8173],[24.7316,58.8201],[24.7374,58.8236],[24.7303,58.8259],[24.7134,58.826],[24.7022,58.8296],[24.6879,58.837],[24.6835,58.843],[24.666,58.8469],[24.679,58.8458],[24.6944,58.8405],[24.7016,58.8411],[24.7273,58.8312],[24.7314,58.838],[24.7368,58.8388],[24.7447,58.8337],[24.7539,58.8314],[24.7599,58.8363],[24.7682,58.8287],[24.7703,58.8234],[24.7672,58.8202],[24.7772,58.8152],[24.7897,58.8169],[24.7834,58.8101],[24.7783,58.8143],[24.7674,58.8121],[24.7592,58.8076],[24.7634,58.8011],[24.7688,58.7981],[24.7977,58.7953],[24.8017,58.8036],[24.8127,58.8254],[24.8139,58.8308],[24.8078,58.8382],[24.8062,58.835],[24.7978,58.8305],[24.7952,58.8358],[24.7933,58.8355],[24.7877,58.8339],[24.7848,58.8333],[24.7841,58.8332],[24.7726,58.8323],[24.7744,58.8367],[24.7723,58.8444],[24.776,58.8503],[24.7883,58.8523],[24.789,58.8547],[24.7877,58.8562],[24.7739,58.8609],[24.772,58.8658],[24.777,58.865],[24.7818,58.8658],[24.7881,58.8616],[24.7906,58.8579],[24.7951,58.8574],[24.7881,58.8697],[24.7881,58.8705],[24.7834,58.8706],[24.7699,58.8764],[24.7615,58.8719],[24.7677,58.8659],[24.763,58.8647],[24.7576,58.8612],[24.7553,58.8598],[24.7662,58.8564],[24.7655,58.8525],[24.7716,58.8517],[24.7699,58.8454],[24.7633,58.8481],[24.7594,58.8404],[24.7611,58.8378],[24.7553,58.8401],[24.7575,58.8431],[24.7533,58.8507],[24.7461,58.8498],[24.7458,58.8434],[24.7429,58.8409],[24.7303,58.8429],[24.7197,58.8379],[24.7141,58.8389],[24.7122,58.8447],[24.703,58.8422],[24.6967,58.8486],[24.6964,58.8491],[24.6969,58.8501],[24.7035,58.8521],[24.7032,58.8509],[24.7065,58.8473],[24.7146,58.8458],[24.7204,58.8426],[24.7202,58.8448],[24.7325,58.8466],[24.7412,58.8462],[24.7426,58.8535],[24.7468,58.8571],[24.7409,58.8604],[24.7463,58.8636],[24.7532,58.8656],[24.747,58.8685],[24.7481,58.8726],[24.7447,58.8786],[24.7429,58.8804],[24.7498,58.8855],[24.7509,58.8872],[24.7546,58.8892],[24.7567,58.8886],[24.7577,58.8898],[24.7593,58.8917],[24.7601,58.8923],[24.77,58.8872],[24.7771,58.8859],[24.7845,58.8895],[24.7778,58.8921],[24.7771,58.893],[24.7747,58.8934],[24.7736,58.8937],[24.7602,58.8978],[24.754,58.9011],[24.7457,58.9009],[24.7447,58.8997],[24.7433,58.8921],[24.7346,58.8925],[24.7269,58.8916],[24.72,58.9],[24.7045,58.9013],[24.7033,58.9024],[24.6943,58.9059],[24.6956,58.9096],[24.69,58.9105],[24.6801,58.9155],[24.6856,58.9185],[24.6767,58.9234],[24.6704,58.9199],[24.6638,58.9212],[24.6586,58.9203],[24.6557,58.9197],[24.6503,58.922],[24.6458,58.9181],[24.6475,58.9176],[24.6528,58.9139],[24.6522,58.9133],[24.6674,58.9134],[24.6616,58.9085],[24.6583,58.9049],[24.6546,58.8999],[24.6404,58.8948],[24.6386,58.8942],[24.6378,58.8921],[24.6212,58.8942],[24.6289,58.8974],[24.6346,58.9012],[24.6317,58.9043],[24.6092,58.8987],[24.5876,58.8903],[24.5839,58.8888],[24.5918,58.8871],[24.5931,58.8818],[24.5913,58.8813],[24.582,58.8847],[24.5752,58.8797],[24.5611,58.8688],[24.5687,58.8665],[24.5814,58.8675],[24.5938,58.8702],[24.5955,58.8671],[24.6035,58.8674],[24.5911,58.8641],[24.5822,58.8639],[24.5768,58.8612],[24.5768,58.8606],[24.5759,58.8599],[24.5653,58.854],[24.5544,58.8516],[24.5455,58.8524],[24.5467,58.8532],[24.5484,58.8546],[24.5414,58.8507],[24.5425,58.8491],[24.5333,58.8452],[24.5281,58.8453],[24.5184,58.8367],[24.5076,58.8303],[24.5082,58.8282],[24.5067,58.8261],[24.516,58.8232],[24.5224,58.825],[24.5276,58.8212],[24.5395,58.8225],[24.5424,58.828],[24.554,58.8285],[24.5591,58.8268],[24.5547,58.8184],[24.5628,58.8167],[24.5698,58.8219],[24.5587,58.8288],[24.5678,58.8329],[24.5638,58.8354],[24.5577,58.833],[24.5516,58.8374],[24.5433,58.8392],[24.5307,58.8322],[24.5255,58.8327],[24.5324,58.8344],[24.5434,58.8416],[24.5671,58.8442],[24.5709,58.8461],[24.5721,58.8445],[24.5703,58.8402],[24.5762,58.8364],[24.5801,58.8432],[24.5806,58.8411],[24.5821,58.8415],[24.5843,58.8419],[24.5843,58.843],[24.5843,58.8438],[24.5886,58.8454],[24.5889,58.8484],[24.599,58.8514],[24.6032,58.8458],[24.5936,58.8434],[24.5975,58.838],[24.594,58.8351],[24.5963,58.8347],[24.6019,58.8385],[24.6161,58.8435],[24.6205,58.8421],[24.6128,58.8395],[24.6084,58.8364],[24.6005,58.8341],[24.6032,58.8296],[24.6044,58.8279],[24.6085,58.823],[24.6096,58.8233],[24.6213,58.8269],[24.6224,58.8271],[24.6227,58.8262],[24.621,58.8244],[24.6214,58.8239],[24.6271,58.8247],[24.6274,58.8247],[24.6279,58.8246],[24.63,58.8243],[24.6313,58.8235],[24.6276,58.8219],[24.6306,58.82],[24.6359,58.8194],[24.6348,58.823],[24.6322,58.8234],[24.6324,58.8242],[24.6326,58.8242],[24.6343,58.8241],[24.646,58.8226],[24.654,58.8242],[24.6751,58.8184],[24.6817,58.8147],[24.6722,58.8134],[24.6689,58.8103],[24.6688,58.809],[24.66,58.8105],[24.6573,58.8141],[24.6558,58.8145],[24.6477,58.8117],[24.6423,58.8138],[24.6401,58.8147],[24.6338,58.8178],[24.6303,58.8177],[24.6233,58.8141],[24.6221,58.8119],[24.6451,58.8113],[24.666,58.8078],[24.6864,58.8059],[24.6871,58.806],[24.6877,58.8065],[24.6913,58.8086],[24.6982,58.812],[24.7072,58.8097],[24.7097,58.8067],[24.7092,58.8036],[24.7431,58.8005],[24.7426,58.8076],[24.7491,58.8116],[24.7464,58.8138]],[[24.6405,58.8514],[24.6368,58.856],[24.6263,58.8537],[24.6201,58.8612],[24.6293,58.8598],[24.6358,58.8619],[24.6376,58.8642],[24.6254,58.8632],[24.612,58.8651],[24.6214,58.87],[24.6211,58.8713],[24.6233,58.8762],[24.6108,58.8714],[24.609,58.8785],[24.6011,58.8799],[24.6044,58.8843],[24.6214,58.8846],[24.6333,58.8788],[24.6365,58.8714],[24.6443,58.8731],[24.6464,58.874],[24.6533,58.8721],[24.6529,58.867],[24.6535,58.8611],[24.6502,58.8577],[24.6513,58.8532],[24.6569,58.8527],[24.6405,58.8514]]],[[[23.4378,58.8297],[23.4488,58.817],[23.4593,58.8193],[23.4627,58.8226],[23.4544,58.8296],[23.4453,58.8319],[23.4378,58.8297]]],[[[25.9345,58.7861],[25.9368,58.7866],[25.9247,58.7884],[25.9213,58.7985],[25.9116,58.7954],[25.9021,58.7959],[25.8997,58.8018],[25.9008,58.8082],[25.8961,58.8104],[25.8919,58.817],[25.8938,58.8201],[25.9029,58.8179],[25.9142,58.827],[25.9137,58.832],[25.9199,58.8332],[25.9254,58.8331],[25.9246,58.825],[25.9303,58.8199],[25.9365,58.8173],[25.9451,58.812],[25.9476,58.8127],[25.9446,58.8194],[25.9495,58.819],[25.9564,58.8236],[25.956,58.8267],[25.9658,58.8283],[25.9702,58.8251],[25.9718,58.8232],[25.9656,58.8229],[25.9697,58.8154],[25.9737,58.8176],[25.9783,58.8182],[25.9802,58.818],[25.9809,58.8178],[25.9863,58.816],[25.9886,58.8136],[25.996,58.8132],[25.9882,58.8136],[25.9864,58.8158],[25.9832,58.8159],[25.9821,58.817],[25.9799,58.818],[25.974,58.8175],[25.972,58.8143],[25.977,58.8125],[25.9762,58.8057],[25.9696,58.8038],[25.9795,58.8039],[25.9815,58.8032],[25.9824,58.8025],[25.9919,58.803],[26.0029,58.8033],[26.013,58.7999],[26.0065,58.7962],[26.005,58.7917],[26.0045,58.7913],[26.0049,58.7901],[26.005,58.7897],[26.0091,58.7903],[26.0206,58.7947],[26.032,58.7897],[26.0345,58.789],[26.0519,58.7929],[26.0751,58.793],[26.0846,58.7948],[26.0861,58.8009],[26.0812,58.8002],[26.072,58.8037],[26.0651,58.8032],[26.0673,58.8099],[26.0712,58.8136],[26.0806,58.8155],[26.0832,58.8158],[26.0918,58.8086],[26.0928,58.8048],[26.0923,58.8019],[26.099,58.7949],[26.1022,58.7931],[26.1124,58.7932],[26.12,58.7964],[26.116,58.8],[26.1173,58.8038],[26.1324,58.8079],[26.1402,58.8076],[26.1455,58.8031],[26.147,58.7988],[26.1374,58.7966],[26.1315,58.7949],[26.1347,58.7932],[26.1396,58.7932],[26.2028,58.7932],[26.2113,58.7967],[26.2057,58.7994],[26.1999,58.8056],[26.2095,58.807],[26.2176,58.8055],[26.2183,58.8062],[26.2143,58.8085],[26.2126,58.8093],[26.2122,58.8104],[26.2134,58.8114],[26.2144,58.8138],[26.2151,58.8221],[26.1984,58.8285],[26.1919,58.8244],[26.1907,58.8248],[26.196,58.8291],[26.2079,58.8327],[26.2158,58.8327],[26.2188,58.833],[26.2273,58.8368],[26.2376,58.8371],[26.2469,58.8301],[26.2472,58.8288],[26.2556,58.8251],[26.2554,58.82],[26.2515,58.8173],[26.2498,58.8143],[26.2432,58.82],[26.2345,58.8182],[26.2417,58.8108],[26.2423,58.8127],[26.2614,58.8129],[26.2611,58.8073],[26.2576,58.8045],[26.2463,58.8047],[26.2452,58.8035],[26.2392,58.7967],[26.2528,58.7963],[26.2598,58.8009],[26.2604,58.8032],[26.2655,58.796],[26.2888,58.7983],[26.2941,58.7989],[26.2811,58.8122],[26.2799,58.8125],[26.284,58.8064],[26.2802,58.8044],[26.2644,58.815],[26.2652,58.8183],[26.2747,58.8175],[26.2734,58.8218],[26.2707,58.8288],[26.276,58.8293],[26.2789,58.8214],[26.2803,58.821],[26.2843,58.8253],[26.2855,58.8252],[26.2848,58.8264],[26.2823,58.8272],[26.2789,58.8295],[26.2774,58.8306],[26.2746,58.8326],[26.2683,58.8398],[26.2482,58.8393],[26.2415,58.8474],[26.254,58.8543],[26.2676,58.8547],[26.2751,58.8501],[26.2735,58.8544],[26.2729,58.861],[26.2696,58.8633],[26.2547,58.8652],[26.2654,58.869],[26.2656,58.8713],[26.2625,58.8763],[26.2661,58.879],[26.2767,58.8806],[26.2853,58.8774],[26.2936,58.8799],[26.2936,58.88],[26.2918,58.8822],[26.2916,58.8822],[26.2909,58.8828],[26.2869,58.8845],[26.2846,58.8851],[26.272,58.8858],[26.2661,58.889],[26.2618,58.8926],[26.2666,58.8959],[26.2593,58.8972],[26.2615,58.9013],[26.2569,58.9035],[26.2631,58.9077],[26.2564,58.91],[26.2517,58.9131],[26.2589,58.915],[26.253,58.9171],[26.2504,58.9189],[26.2359,58.9257],[26.2371,58.9195],[26.2345,58.9162],[26.2237,58.9143],[26.2204,58.9116],[26.2157,58.9106],[26.2125,58.9075],[26.2089,58.9044],[26.2087,58.895],[26.2112,58.8932],[26.215,58.8938],[26.2247,58.8926],[26.2326,58.8873],[26.2325,58.8857],[26.2281,58.8806],[26.2302,58.8771],[26.2237,58.8735],[26.2151,58.8716],[26.1941,58.8721],[26.1828,58.8706],[26.1732,58.8755],[26.1752,58.87],[26.1868,58.8691],[26.1908,58.8708],[26.1996,58.8689],[26.2121,58.8687],[26.2162,58.8665],[26.2129,58.8608],[26.2179,58.8544],[26.216,58.8501],[26.2123,58.8459],[26.1958,58.8452],[26.1922,58.8469],[26.181,58.8405],[26.1734,58.8433],[26.1761,58.836],[26.1748,58.8307],[26.1549,58.8282],[26.149,58.8306],[26.1438,58.8445],[26.1388,58.8504],[26.1392,58.8548],[26.1394,58.8589],[26.1282,58.8581],[26.1196,58.85],[26.108,58.8454],[26.1032,58.8423],[26.1056,58.841],[26.1049,58.8379],[26.0854,58.834],[26.0722,58.8326],[26.0621,58.8327],[26.0612,58.8306],[26.0525,58.831],[26.0452,58.8295],[26.0428,58.831],[26.0383,58.8286],[26.0301,58.8279],[26.0253,58.8295],[26.0191,58.83],[26.0185,58.8306],[26.0163,58.8313],[26.0152,58.8298],[26.014,58.829],[26.0125,58.8256],[26.0143,58.8191],[26.0019,58.8129],[26.0016,58.8129],[26.0138,58.8191],[26.0122,58.8259],[26.0152,58.8312],[26.0162,58.8315],[26.018,58.8311],[26.0192,58.8302],[26.0249,58.8297],[26.0302,58.8281],[26.0386,58.8289],[26.0406,58.8305],[26.0474,58.8322],[26.0478,58.8329],[26.0479,58.8331],[26.048,58.8333],[26.0484,58.834],[26.0495,58.8341],[26.0526,58.8327],[26.0595,58.8329],[26.0632,58.8373],[26.065,58.8378],[26.0784,58.8424],[26.0732,58.8478],[26.0803,58.8491],[26.0809,58.8424],[26.0902,58.8394],[26.0811,58.8366],[26.0724,58.8359],[26.0746,58.8333],[26.085,58.8341],[26.1047,58.838],[26.1054,58.841],[26.1028,58.8422],[26.1048,58.8437],[26.0981,58.8466],[26.0994,58.8506],[26.0971,58.8524],[26.0971,58.8571],[26.0914,58.8599],[26.0956,58.862],[26.1007,58.8651],[26.1053,58.8738],[26.1062,58.8739],[26.1037,58.8665],[26.0953,58.8603],[26.0973,58.8572],[26.0973,58.8525],[26.0996,58.8511],[26.0985,58.8466],[26.1068,58.845],[26.1194,58.85],[26.1241,58.856],[26.1289,58.8586],[26.1422,58.8603],[26.1349,58.866],[26.131,58.8653],[26.1289,58.8745],[26.136,58.8806],[26.1435,58.8829],[26.1545,58.881],[26.1585,58.8861],[26.1615,58.8837],[26.1657,58.887],[26.1716,58.8898],[26.1746,58.89],[26.1886,58.8909],[26.1917,58.8978],[26.1775,58.8968],[26.1764,58.9032],[26.1859,58.9056],[26.2021,58.9045],[26.1992,58.9118],[26.2052,58.9147],[26.2151,58.9116],[26.221,58.9155],[26.221,58.9192],[26.2295,58.9201],[26.2312,58.9265],[26.2252,58.929],[26.2249,58.9298],[26.2257,58.9304],[26.2167,58.9339],[26.2064,58.9264],[26.2066,58.9225],[26.1985,58.9209],[26.1972,58.9258],[26.2056,58.9291],[26.2015,58.9323],[26.1951,58.9305],[26.1912,58.9364],[26.1911,58.9375],[26.1851,58.9365],[26.182,58.9342],[26.1886,58.9233],[26.1762,58.9224],[26.1664,58.9296],[26.1663,58.9296],[26.1671,58.9288],[26.1669,58.9279],[26.1551,58.9263],[26.1494,58.9257],[26.1445,58.9254],[26.1434,58.9245],[26.1328,58.924],[26.1281,58.9211],[26.1232,58.9199],[26.1128,58.9214],[26.1104,58.9242],[26.1084,58.9246],[26.1037,58.9216],[26.1021,58.9202],[26.1008,58.9184],[26.1001,58.9118],[26.0943,58.9117],[26.0974,58.9092],[26.1012,58.8995],[26.0972,58.8983],[26.096,58.8991],[26.097,58.8905],[26.0896,58.8888],[26.0829,58.894],[26.0908,58.9004],[26.0866,58.9052],[26.0847,58.9063],[26.074,58.9136],[26.0734,58.9105],[26.0632,58.9079],[26.0707,58.9043],[26.0787,58.906],[26.0829,58.9009],[26.0732,58.895],[26.0784,58.8949],[26.0834,58.888],[26.0874,58.8829],[26.08,58.8823],[26.0786,58.8881],[26.0744,58.8929],[26.0747,58.8923],[26.067,58.8882],[26.0657,58.8876],[26.0596,58.8916],[26.0565,58.8973],[26.0687,58.8953],[26.0638,58.9004],[26.0522,58.9014],[26.0547,58.9048],[26.0546,58.9048],[26.0472,58.9025],[26.0428,58.9017],[26.0342,58.9016],[26.0286,58.9059],[26.0331,58.9047],[26.0184,58.9135],[26.023,58.9192],[26.0195,58.9196],[26.0136,58.9141],[26.0061,58.9176],[26.0073,58.9221],[26.0013,58.9269],[25.9919,58.9313],[25.9745,58.9336],[25.9801,58.9284],[25.9878,58.9268],[25.9947,58.9203],[26.0099,58.9136],[26.0091,58.9084],[26.0128,58.9091],[26.0144,58.9075],[26.0136,58.9079],[26.0118,58.9067],[26.0137,58.9057],[26.0135,58.9052],[26.0097,58.9042],[25.9986,58.9042],[25.9916,58.9032],[25.9864,58.9016],[25.9941,58.895],[25.9837,58.8924],[25.9821,58.8914],[25.98,58.8851],[25.9803,58.8849],[25.9793,58.8814],[25.9841,58.8719],[25.984,58.8668],[25.9847,58.8584],[25.9779,58.8503],[25.9791,58.8465],[25.9736,58.844],[25.9831,58.8418],[25.9919,58.8395],[25.9944,58.8329],[25.9891,58.8326],[25.9734,58.8334],[25.9711,58.8449],[25.9703,58.8456],[25.9698,58.8462],[25.9649,58.8464],[25.9612,58.8555],[25.9555,58.8567],[25.9534,58.8704],[25.9696,58.8584],[25.9724,58.8554],[25.9823,58.8671],[25.9768,58.87],[25.9687,58.8857],[25.9589,58.8943],[25.9554,58.8886],[25.9593,58.8848],[25.9581,58.8788],[25.9514,58.8782],[25.9511,58.8768],[25.9557,58.873],[25.9489,58.8701],[25.9442,58.8748],[25.9257,58.8737],[25.9265,58.8778],[25.9159,58.8864],[25.9072,58.8916],[25.9029,58.8898],[25.8958,58.8877],[25.8909,58.8831],[25.8877,58.8798],[25.8866,58.8699],[25.8864,58.8693],[25.8835,58.8665],[25.8892,58.8647],[25.883,58.8572],[25.8706,58.8543],[25.8575,58.8446],[25.8517,58.8432],[25.8324,58.8441],[25.8256,58.8415],[25.8289,58.838],[25.8313,58.8386],[25.8424,58.8365],[25.8438,58.8297],[25.8473,58.827],[25.844,58.8242],[25.8388,58.8228],[25.8271,58.8259],[25.8387,58.8327],[25.8259,58.8289],[25.8208,58.8297],[25.8161,58.8343],[25.8257,58.8361],[25.8165,58.8442],[25.8103,58.8396],[25.8039,58.8349],[25.8029,58.8297],[25.7907,58.8307],[25.7833,58.8264],[25.7835,58.8261],[25.7907,58.8215],[25.7871,58.8144],[25.7684,58.8182],[25.7712,58.8224],[25.7715,58.8226],[25.7724,58.8247],[25.7611,58.8226],[25.76,58.8192],[25.763,58.8175],[25.7698,58.8141],[25.7719,58.8121],[25.769,58.8101],[25.7665,58.808],[25.7668,58.7992],[25.7701,58.7959],[25.781,58.7931],[25.7869,58.7985],[25.7951,58.8021],[25.8036,58.8021],[25.8082,58.8014],[25.8083,58.8015],[25.809,58.8025],[25.8217,58.8028],[25.8242,58.8072],[25.8328,58.8042],[25.8371,58.7982],[25.8219,58.7923],[25.8218,58.7923],[25.8167,58.7935],[25.8068,58.7904],[25.806,58.7879],[25.8038,58.7841],[25.8008,58.7753],[25.8062,58.7719],[25.8118,58.7733],[25.8083,58.7748],[25.8088,58.7859],[25.817,58.7891],[25.8307,58.7885],[25.8341,58.7876],[25.8423,58.7847],[25.8441,58.7789],[25.8375,58.7726],[25.866,58.7768],[25.8735,58.7779],[25.8746,58.7781],[25.8963,58.7778],[25.923,58.7769],[25.9297,58.7767],[25.9334,58.7766],[25.9309,58.7809],[25.9345,58.7861]],[[25.888,58.7887],[25.8891,58.7917],[25.8791,58.7967],[25.8854,58.7909],[25.88,58.7899],[25.8736,58.7953],[25.8667,58.7944],[25.873,58.8058],[25.8783,58.8064],[25.892,58.811],[25.8994,58.8069],[25.8929,58.8025],[25.8937,58.7978],[25.9008,58.7915],[25.895,58.7881],[25.888,58.7887]],[[26.1508,58.8993],[26.1476,58.8977],[26.1471,58.8911],[26.1401,58.8884],[26.1316,58.8952],[26.1263,58.9016],[26.1288,58.9078],[26.1237,58.9089],[26.1219,58.9174],[26.1398,58.9152],[26.1384,58.9106],[26.1304,58.9075],[26.1421,58.9083],[26.1463,58.9124],[26.1412,58.9198],[26.1439,58.9226],[26.1531,58.9211],[26.1574,58.9151],[26.1552,58.9068],[26.1508,58.8993]],[[26.216,58.8595],[26.2181,58.8626],[26.2299,58.8689],[26.2372,58.8671],[26.2473,58.8614],[26.2458,58.8584],[26.23,58.8525],[26.2237,58.8531],[26.216,58.8595]],[[26.2375,58.8738],[26.2427,58.881],[26.2568,58.8817],[26.2612,58.8796],[26.25,58.8666],[26.2375,58.8738]]],[[[25.579,58.8032],[25.5666,58.8084],[25.5854,58.8116],[25.5932,58.8087],[25.6026,58.8088],[25.6052,58.8035],[25.599,58.8026],[25.5964,58.7987],[25.5836,58.797],[25.592,58.7853],[25.5897,58.7854],[25.5972,58.7834],[25.5975,58.7775],[25.5831,58.7774],[25.5748,58.7726],[25.572,58.7737],[25.5725,58.7687],[25.5935,58.7668],[25.5972,58.7643],[25.6061,58.767],[25.6069,58.7698],[25.6074,58.7704],[25.6115,58.7704],[25.6174,58.7609],[25.6325,58.761],[25.6328,58.761],[25.6267,58.7706],[25.6404,58.7631],[25.6339,58.7602],[25.6337,58.7601],[25.6402,58.7554],[25.6461,58.7568],[25.6541,58.7525],[25.6476,58.7496],[25.6548,58.7454],[25.6543,58.7425],[25.6453,58.7409],[25.63,58.7406],[25.6217,58.7439],[25.6173,58.7409],[25.6227,58.7412],[25.6298,58.7376],[25.6446,58.7372],[25.6504,58.7351],[25.6398,58.7301],[25.6439,58.727],[25.6458,58.7249],[25.6535,58.7269],[25.6548,58.7216],[25.6516,58.7085],[25.6377,58.7089],[25.6405,58.7004],[25.6408,58.6998],[25.6516,58.7016],[25.6507,58.6953],[25.6561,58.6899],[25.6642,58.689],[25.669,58.6917],[25.6739,58.6991],[25.6753,58.7003],[25.6749,58.701],[25.679,58.7024],[25.6786,58.6983],[25.6776,58.6969],[25.6852,58.6962],[25.7008,58.6891],[25.7023,58.6896],[25.7093,58.6921],[25.7128,58.6934],[25.7131,58.6951],[25.7127,58.6958],[25.718,58.6952],[25.7338,58.701],[25.7402,58.7045],[25.7352,58.7086],[25.7419,58.7112],[25.7318,58.7128],[25.7292,58.712],[25.7292,58.7118],[25.7287,58.7111],[25.7172,58.709],[25.7125,58.7129],[25.7138,58.7132],[25.7232,58.7183],[25.7258,58.7181],[25.7266,58.7209],[25.723,58.7219],[25.7316,58.7237],[25.7314,58.724],[25.7353,58.7246],[25.7361,58.724],[25.7438,58.7235],[25.7478,58.7289],[25.7448,58.7322],[25.7357,58.73],[25.7329,58.729],[25.7287,58.7252],[25.7151,58.7248],[25.7127,58.7293],[25.7026,58.7309],[25.7015,58.736],[25.7074,58.739],[25.7177,58.7409],[25.7285,58.7418],[25.7353,58.7373],[25.7466,58.7338],[25.7518,58.7412],[25.7555,58.7426],[25.7574,58.744],[25.7581,58.7466],[25.7577,58.7484],[25.7611,58.75],[25.7613,58.7608],[25.7504,58.7638],[25.7499,58.7721],[25.7039,58.7767],[25.6973,58.7773],[25.6433,58.7826],[25.6194,58.8174],[25.5926,58.8311],[25.5847,58.8351],[25.5773,58.8296],[25.5722,58.8285],[25.5699,58.8312],[25.5788,58.8382],[25.5702,58.8427],[25.5624,58.8478],[25.5587,58.8446],[25.5558,58.8421],[25.5539,58.8439],[25.5558,58.8467],[25.561,58.8486],[25.5585,58.851],[25.5573,58.852],[25.5537,58.8553],[25.5463,58.8573],[25.5404,58.8562],[25.537,58.8622],[25.5421,58.865],[25.5427,58.8651],[25.5392,58.8683],[25.5334,58.8681],[25.5249,58.8639],[25.5218,58.8636],[25.5219,58.8544],[25.5229,58.8541],[25.5266,58.8552],[25.5266,58.849],[25.5253,58.8488],[25.5243,58.8469],[25.5222,58.8416],[25.525,58.8369],[25.5301,58.8365],[25.5356,58.8361],[25.5397,58.8391],[25.5378,58.8335],[25.5363,58.8319],[25.528,58.8251],[25.5256,58.8219],[25.536,58.8221],[25.5325,58.8149],[25.5279,58.8112],[25.5307,58.8118],[25.532,58.812],[25.5324,58.81],[25.5314,58.8097],[25.531,58.809],[25.5332,58.8093],[25.542,58.8125],[25.5561,58.811],[25.5666,58.805],[25.5778,58.8008],[25.579,58.8032]],[[25.5418,58.8321],[25.5452,58.836],[25.5452,58.8411],[25.5659,58.8399],[25.5636,58.8328],[25.5563,58.8297],[25.5483,58.8289],[25.5418,58.8321]],[[25.696,58.7677],[25.701,58.7725],[25.7123,58.7717],[25.7211,58.7677],[25.7196,58.7636],[25.708,58.7602],[25.6976,58.7648],[25.696,58.7677]]],[[[22.8796,58.8517],[22.8826,58.8525],[22.8919,58.8558],[22.9019,58.8566],[22.9049,58.851],[22.8994,58.8483],[22.902,58.8443],[22.9035,58.8394],[22.9031,58.8384],[22.8901,58.837],[22.8796,58.8517],[22.8725,58.8497],[22.8723,58.8496],[22.875,58.841],[22.865,58.8368],[22.896,58.8297],[22.9014,58.8297],[22.9002,58.8349],[22.9082,58.8377],[22.9088,58.8409],[22.9062,58.8457],[22.9174,58.8517],[22.9101,58.8562],[22.9141,58.8608],[22.9024,58.8667],[22.9133,58.8744],[22.9212,58.8703],[22.9229,58.869],[22.9237,58.8685],[22.9259,58.8679],[22.9276,58.8677],[22.9295,58.8679],[22.9303,58.8682],[22.9329,58.8716],[22.9302,58.8771],[22.9131,58.8829],[22.9116,58.8866],[22.8986,58.894],[22.8791,58.8819],[22.8726,58.8843],[22.8634,58.8827],[22.8658,58.879],[22.8592,58.8771],[22.8705,58.8626],[22.8801,58.8648],[22.8848,58.8635],[22.892,58.8693],[22.8806,58.8742],[22.8865,58.8787],[22.8954,58.878],[22.9069,58.875],[22.883,58.8576],[22.8739,58.8585],[22.8796,58.8517]]],[[[25.2029,58.8294],[25.1918,58.8263],[25.1883,58.8237],[25.1758,58.824],[25.1785,58.8303],[25.1709,58.8271],[25.151,58.8231],[25.1538,58.8183],[25.144,58.817],[25.1401,58.8127],[25.1394,58.8132],[25.1386,58.8138],[25.1355,58.8136],[25.1322,58.8138],[25.1264,58.8108],[25.1245,58.8095],[25.1243,58.8139],[25.1179,58.8155],[25.1161,58.8071],[25.1157,58.8033],[25.1164,58.8039],[25.1171,58.8038],[25.1197,58.8065],[25.1208,58.8061],[25.122,58.8055],[25.1211,58.8043],[25.1233,58.8034],[25.1231,58.803],[25.1228,58.8024],[25.1221,58.8011],[25.1206,58.7986],[25.1238,58.7961],[25.1358,58.8009],[25.1432,58.798],[25.1316,58.7943],[25.1246,58.7944],[25.1233,58.7854],[25.1291,58.7856],[25.1291,58.7857],[25.1306,58.7857],[25.1414,58.7877],[25.1486,58.7857],[25.1404,58.7826],[25.1377,58.7764],[25.1377,58.7756],[25.1263,58.7693],[25.1262,58.7606],[25.1205,58.759],[25.1204,58.7589],[25.1209,58.7587],[25.1241,58.7576],[25.1316,58.7553],[25.1252,58.7552],[25.116,58.7478],[25.1059,58.7467],[25.1055,58.7466],[25.1089,58.741],[25.1088,58.7386],[25.1112,58.7365],[25.109,58.7322],[25.1116,58.725],[25.1055,58.7231],[25.1065,58.7226],[25.1052,58.7222],[25.0976,58.72],[25.0963,58.7149],[25.1021,58.7167],[25.1094,58.7109],[25.1038,58.7108],[25.0997,58.7089],[25.1023,58.7049],[25.1031,58.7043],[25.1074,58.7023],[25.1062,58.6978],[25.1142,58.693],[25.1241,58.6877],[25.1234,58.6853],[25.1229,58.6836],[25.1235,58.6791],[25.1222,58.6781],[25.12,58.6768],[25.1219,58.6765],[25.1341,58.6763],[25.1371,58.6763],[25.1438,58.6796],[25.1454,58.6799],[25.1472,58.6807],[25.1452,58.6762],[25.1513,58.6761],[25.182,58.6822],[25.1828,58.6823],[25.1829,58.6832],[25.1859,58.6834],[25.186,58.6844],[25.1864,58.6856],[25.1851,58.6871],[25.1849,58.6886],[25.1855,58.689],[25.186,58.6901],[25.1865,58.6906],[25.1877,58.6909],[25.1867,58.6874],[25.1967,58.6816],[25.1946,58.6773],[25.2122,58.6873],[25.2122,58.6888],[25.2005,58.6936],[25.2128,58.6959],[25.2222,58.6994],[25.2243,58.6955],[25.237,58.704],[25.2307,58.7065],[25.2221,58.7103],[25.2311,58.7137],[25.2305,58.7177],[25.2327,58.7184],[25.2361,58.7204],[25.2493,58.7195],[25.2465,58.7223],[25.241,58.7294],[25.231,58.7313],[25.2333,58.7374],[25.2365,58.7396],[25.2467,58.7476],[25.2483,58.7547],[25.2456,58.761],[25.2525,58.7624],[25.2638,58.7659],[25.2601,58.7704],[25.2648,58.7775],[25.2552,58.781],[25.254,58.7881],[25.2484,58.7919],[25.2451,58.7888],[25.2485,58.7864],[25.234,58.7844],[25.2339,58.7891],[25.2336,58.7898],[25.2309,58.7943],[25.2402,58.7994],[25.2402,58.8001],[25.236,58.8033],[25.2274,58.8028],[25.236,58.7987],[25.2242,58.7969],[25.2172,58.8004],[25.2245,58.8034],[25.2371,58.8112],[25.2503,58.8099],[25.2553,58.8132],[25.2647,58.8154],[25.274,58.8118],[25.2789,58.8127],[25.2863,58.8138],[25.2876,58.82],[25.2961,58.8231],[25.3053,58.8284],[25.3068,58.8318],[25.315,58.8324],[25.3053,58.8373],[25.2977,58.8399],[25.2932,58.845],[25.2881,58.8452],[25.2866,58.8405],[25.279,58.8402],[25.2788,58.8444],[25.2848,58.848],[25.284,58.8499],[25.2837,58.8543],[25.2728,58.8564],[25.2718,58.8568],[25.2532,58.8513],[25.264,58.8481],[25.2536,58.8453],[25.2454,58.8413],[25.235,58.8352],[25.2345,58.8326],[25.2308,58.8264],[25.2323,58.8228],[25.236,58.8216],[25.2456,58.825],[25.2449,58.8218],[25.238,58.817],[25.233,58.8139],[25.2281,58.8189],[25.2183,58.8128],[25.2162,58.8193],[25.2052,58.8219],[25.2078,58.8184],[25.1985,58.8094],[25.19,58.8108],[25.1992,58.8148],[25.2008,58.8194],[25.1967,58.8214],[25.2035,58.8272],[25.212,58.8273],[25.2029,58.8294]],[[25.1877,58.7848],[25.1907,58.7858],[25.1769,58.7887],[25.1699,58.7978],[25.1648,58.7991],[25.1629,58.7989],[25.1681,58.7955],[25.1601,58.7905],[25.1631,58.7891],[25.1612,58.7868],[25.161,58.7869],[25.1598,58.7824],[25.1533,58.7851],[25.15,58.7857],[25.1516,58.7899],[25.1391,58.7892],[25.1399,58.7928],[25.1512,58.7996],[25.1502,58.8012],[25.1607,58.8],[25.1745,58.8045],[25.1781,58.8047],[25.196,58.8016],[25.2016,58.7962],[25.203,58.7895],[25.2032,58.7887],[25.2102,58.7844],[25.1995,58.7826],[25.1877,58.7848]],[[25.1353,58.7534],[25.1443,58.7499],[25.1533,58.7495],[25.151,58.7455],[25.1493,58.7414],[25.1361,58.7373],[25.1295,58.7414],[25.1346,58.7455],[25.1281,58.7463],[25.1273,58.7517],[25.1353,58.7534]]],[[[24.3564,58.8407],[24.3672,58.8435],[24.3731,58.8409],[24.3723,58.8345],[24.3825,58.8408],[24.3871,58.8348],[24.3946,58.8319],[24.3991,58.8291],[24.4002,58.8277],[24.3979,58.8243],[24.3891,58.8263],[24.39,58.8312],[24.3853,58.8313],[24.3828,58.8264],[24.3838,58.8224],[24.3897,58.816],[24.3917,58.8127],[24.3921,58.8105],[24.3953,58.8107],[24.4086,58.8136],[24.4121,58.818],[24.4041,58.823],[24.4058,58.8251],[24.4129,58.8219],[24.4236,58.8409],[24.4136,58.8433],[24.4072,58.8475],[24.4084,58.8515],[24.4129,58.8561],[24.4134,58.8525],[24.4191,58.8553],[24.417,58.861],[24.4154,58.8616],[24.4125,58.8654],[24.4051,58.8638],[24.4049,58.8647],[24.405,58.865],[24.4075,58.8675],[24.4084,58.8687],[24.4025,58.867],[24.4013,58.867],[24.399,58.8701],[24.392,58.8643],[24.3852,58.8624],[24.3836,58.8582],[24.3836,58.858],[24.3867,58.8565],[24.3807,58.8492],[24.3772,58.8551],[24.3695,58.8499],[24.3625,58.8513],[24.3584,58.857],[24.3458,58.8603],[24.3481,58.856],[24.3432,58.8543],[24.3556,58.8432],[24.3564,58.8407]]],[[[23.6713,58.7866],[23.6724,58.7833],[23.68,58.7877],[23.6861,58.7851],[23.698,58.788],[23.7075,58.793],[23.7225,58.7976],[23.7358,58.799],[23.7548,58.804],[23.7554,58.8104],[23.7513,58.8123],[23.7433,58.8119],[23.7356,58.8093],[23.7233,58.8152],[23.7196,58.8194],[23.7122,58.8196],[23.7104,58.823],[23.7204,58.8245],[23.7202,58.825],[23.7207,58.8255],[23.7212,58.8258],[23.7297,58.8273],[23.7328,58.8277],[23.7332,58.8278],[23.7425,58.8254],[23.7452,58.8245],[23.7478,58.8237],[23.7549,58.8207],[23.756,58.8222],[23.7672,58.8209],[23.7705,58.824],[23.7606,58.8299],[23.7532,58.8314],[23.749,58.8376],[23.7555,58.8386],[23.7529,58.8436],[23.7503,58.8472],[23.7482,58.8513],[23.7421,58.8591],[23.7408,58.8604],[23.7416,58.8633],[23.7169,58.8726],[23.6772,58.8767],[23.6679,58.8749],[23.6615,58.868],[23.6542,58.8615],[23.6572,58.8587],[23.6524,58.8524],[23.6519,58.8457],[23.6438,58.8442],[23.6361,58.8466],[23.6306,58.8508],[23.6389,58.8518],[23.6208,58.8601],[23.6127,58.8624],[23.6115,58.862],[23.612,58.858],[23.6025,58.8578],[23.6019,58.8567],[23.6123,58.8562],[23.6131,58.8563],[23.6149,58.8562],[23.6113,58.8542],[23.6084,58.8528],[23.6159,58.8511],[23.6152,58.8505],[23.6064,58.8511],[23.606,58.8502],[23.604,58.8467],[23.5969,58.8447],[23.5962,58.846],[23.5937,58.8468],[23.5928,58.848],[23.5933,58.8493],[23.59,58.8493],[23.5897,58.8481],[23.5891,58.8474],[23.5913,58.8469],[23.5842,58.8465],[23.5766,58.8422],[23.5737,58.8399],[23.5774,58.8332],[23.5775,58.8332],[23.5799,58.8333],[23.5814,58.8328],[23.5825,58.833],[23.5872,58.8329],[23.5907,58.8328],[23.6007,58.8387],[23.6027,58.8425],[23.6221,58.8388],[23.619,58.8372],[23.6289,58.8284],[23.6343,58.8269],[23.6316,58.8177],[23.6068,58.8195],[23.6029,58.8188],[23.6062,58.8113],[23.5984,58.81],[23.5952,58.8137],[23.5837,58.8124],[23.5793,58.8056],[23.5714,58.8117],[23.5726,58.8183],[23.5685,58.8235],[23.5613,58.8214],[23.5614,58.8207],[23.5572,58.8199],[23.5562,58.8212],[23.5521,58.8236],[23.5526,58.8203],[23.5538,58.818],[23.5546,58.815],[23.5554,58.8136],[23.562,58.8115],[23.5577,58.8072],[23.5549,58.8048],[23.5525,58.8024],[23.5439,58.8021],[23.5339,58.8027],[23.5339,58.7969],[23.5301,58.796],[23.522,58.7958],[23.5173,58.7982],[23.5072,58.7954],[23.4957,58.7985],[23.4883,58.7931],[23.489,58.7858],[23.4866,58.7782],[23.4752,58.7804],[23.4717,58.7728],[23.4954,58.7749],[23.5047,58.7774],[23.5162,58.7784],[23.5144,58.7815],[23.5178,58.7848],[23.5197,58.7848],[23.5208,58.7848],[23.5221,58.7847],[23.5377,58.7872],[23.5435,58.7931],[23.5441,58.7936],[23.5447,58.7938],[23.5476,58.792],[23.5495,58.7916],[23.5663,58.7839],[23.6001,58.7933],[23.6055,58.8003],[23.6136,58.8],[23.6225,58.796],[23.6297,58.7962],[23.6335,58.7913],[23.6508,58.7868],[23.6578,58.7936],[23.6608,58.8067],[23.6606,58.8114],[23.661,58.8153],[23.6624,58.8193],[23.6775,58.8191],[23.686,58.8256],[23.686,58.8265],[23.6889,58.8318],[23.6961,58.8319],[23.6956,58.8337],[23.7007,58.8323],[23.6972,58.826],[23.7045,58.8254],[23.703,58.8214],[23.6955,58.8188],[23.6881,58.8188],[23.7039,58.8179],[23.7051,58.8121],[23.6904,58.8104],[23.6879,58.8067],[23.6884,58.8055],[23.6921,58.8015],[23.6999,58.7999],[23.6832,58.7941],[23.6735,58.7961],[23.6748,58.7871],[23.6713,58.7866]]],[[[24.0561,58.858],[24.0414,58.8612],[24.0315,58.8648],[24.027,58.8704],[24.022,58.8658],[24.014,58.8683],[24.009,58.8671],[24.02,58.8587],[24.0276,58.8564],[24.0391,58.8497],[24.0461,58.8519],[24.0558,58.8475],[24.0595,58.852],[24.0587,58.853],[24.0615,58.8559],[24.0561,58.858]]],[[[27.2625,59.2144],[27.2582,59.2035],[27.2586,59.2032],[27.2645,59.209],[27.2731,59.2043],[27.2804,59.2029],[27.2786,59.1974],[27.2877,59.1841],[27.2864,59.1803],[27.2915,59.1768],[27.2934,59.1704],[27.284,59.1644],[27.2718,59.1607],[27.264,59.1641],[27.2525,59.1662],[27.2403,59.1665],[27.2399,59.172],[27.2307,59.1696],[27.2112,59.1737],[27.2201,59.1754],[27.2287,59.1802],[27.2353,59.1868],[27.2335,59.1961],[27.2303,59.2003],[27.2428,59.198],[27.2463,59.2001],[27.2527,59.2039],[27.2549,59.2088],[27.2625,59.2144],[27.2631,59.2181],[27.2636,59.2209],[27.2692,59.2292],[27.2584,59.2318],[27.2575,59.2408],[27.2708,59.2391],[27.2708,59.2397],[27.2738,59.2401],[27.2783,59.2418],[27.2757,59.2488],[27.2729,59.251],[27.2775,59.2597],[27.268,59.2611],[27.2778,59.2616],[27.2825,59.2636],[27.288,59.2633],[27.2978,59.263],[27.3038,59.257],[27.3155,59.2601],[27.314,59.2659],[27.3232,59.2686],[27.3326,59.2673],[27.3343,59.2689],[27.3421,59.2732],[27.3477,59.2734],[27.3612,59.282],[27.3627,59.2773],[27.368,59.2823],[27.3736,59.2819],[27.3776,59.2845],[27.3893,59.2785],[27.3935,59.2785],[27.3968,59.2815],[27.3907,59.2858],[27.4008,59.2856],[27.3989,59.2816],[27.4096,59.2782],[27.4076,59.2747],[27.4167,59.2753],[27.418,59.2704],[27.4127,59.2626],[27.4154,59.2584],[27.4183,59.2633],[27.4238,59.2639],[27.4263,59.2684],[27.4394,59.2717],[27.4393,59.2755],[27.4354,59.2797],[27.4328,59.2827],[27.4444,59.2865],[27.4438,59.2898],[27.4396,59.2928],[27.4501,59.2956],[27.45,59.3017],[27.4557,59.3032],[27.4495,59.307],[27.4376,59.3064],[27.4376,59.3118],[27.4232,59.3106],[27.4204,59.3003],[27.4278,59.2928],[27.4286,59.2852],[27.4166,59.2845],[27.4113,59.2846],[27.4107,59.2905],[27.4039,59.2957],[27.4057,59.2992],[27.3971,59.3015],[27.3989,59.3055],[27.3918,59.3104],[27.3851,59.3109],[27.3795,59.3165],[27.3716,59.3135],[27.389,59.3049],[27.3709,59.3135],[27.3631,59.3149],[27.3517,59.3113],[27.3403,59.3197],[27.3458,59.3217],[27.3359,59.3226],[27.3345,59.3287],[27.3234,59.3274],[27.3083,59.3314],[27.3045,59.324],[27.2914,59.3237],[27.2898,59.3278],[27.2904,59.3337],[27.2858,59.3331],[27.281,59.3335],[27.2771,59.3271],[27.2809,59.3212],[27.262,59.3165],[27.2602,59.316],[27.252,59.3139],[27.2536,59.3132],[27.2537,59.313],[27.2513,59.3126],[27.2482,59.3107],[27.2482,59.3076],[27.25,59.3067],[27.2569,59.3034],[27.2486,59.2997],[27.2549,59.2938],[27.2559,59.2929],[27.258,59.2915],[27.2519,59.2879],[27.2549,59.282],[27.2474,59.2809],[27.2418,59.2709],[27.2454,59.2645],[27.2475,59.2601],[27.2484,59.2583],[27.2432,59.2557],[27.2418,59.253],[27.2443,59.2481],[27.247,59.2439],[27.2484,59.2438],[27.2514,59.2446],[27.2527,59.2442],[27.2533,59.2417],[27.2531,59.2416],[27.2502,59.2409],[27.2479,59.2411],[27.2471,59.241],[27.2459,59.2405],[27.2419,59.2405],[27.2405,59.2402],[27.239,59.2406],[27.2368,59.2412],[27.2324,59.2401],[27.2301,59.2393],[27.2297,59.2387],[27.2287,59.2389],[27.2368,59.242],[27.2369,59.2424],[27.2304,59.2419],[27.2351,59.2493],[27.2359,59.2502],[27.2357,59.2506],[27.2273,59.2491],[27.2104,59.2509],[27.2016,59.252],[27.2001,59.2532],[27.2054,59.2606],[27.2163,59.2587],[27.2143,59.2552],[27.2288,59.2585],[27.2272,59.2624],[27.2184,59.2653],[27.2184,59.2698],[27.216,59.2764],[27.2022,59.2707],[27.1987,59.2736],[27.1916,59.2818],[27.1935,59.2856],[27.2055,59.2925],[27.1892,59.2972],[27.1827,59.2926],[27.1823,59.2861],[27.1711,59.2837],[27.1711,59.2992],[27.1692,59.3043],[27.1883,59.3134],[27.1889,59.3159],[27.1959,59.3161],[27.1979,59.3178],[27.2038,59.3186],[27.2152,59.3225],[27.2226,59.3182],[27.2251,59.3184],[27.2502,59.3214],[27.2394,59.3243],[27.2336,59.3284],[27.223,59.3302],[27.2118,59.3308],[27.2038,59.3323],[27.1959,59.3367],[27.1877,59.337],[27.187,59.3411],[27.1869,59.3413],[27.1916,59.345],[27.1915,59.3496],[27.1865,59.3497],[27.1808,59.3544],[27.1779,59.3494],[27.1702,59.3464],[27.1646,59.3507],[27.166,59.3552],[27.1584,59.3566],[27.1534,59.3553],[27.1463,59.3596],[27.1361,59.3631],[27.1292,59.3613],[27.1191,59.363],[27.1167,59.3601],[27.116,59.3597],[27.0966,59.3637],[27.0699,59.3593],[27.0693,59.3577],[27.0765,59.3531],[27.0808,59.3532],[27.0826,59.3533],[27.0848,59.3612],[27.093,59.3616],[27.1023,59.3619],[27.1147,59.3575],[27.1257,59.358],[27.1289,59.3567],[27.129,59.3499],[27.1337,59.3461],[27.1283,59.3441],[27.1207,59.3418],[27.1211,59.3413],[27.1216,59.3404],[27.1199,59.34],[27.1148,59.3412],[27.1086,59.3404],[27.0994,59.3437],[27.0924,59.3433],[27.0856,59.3473],[27.0815,59.3462],[27.0904,59.341],[27.0901,59.3405],[27.0738,59.3372],[27.0719,59.3321],[27.0553,59.3317],[27.0545,59.33],[27.0698,59.3294],[27.0708,59.3221],[27.0617,59.3213],[27.0516,59.3225],[27.0483,59.316],[27.0523,59.3116],[27.0783,59.3059],[27.0933,59.3064],[27.0934,59.3039],[27.1301,59.304],[27.1284,59.3061],[27.1428,59.3101],[27.1602,59.312],[27.1554,59.3251],[27.1663,59.3226],[27.163,59.3175],[27.1685,59.3114],[27.161,59.3107],[27.1626,59.305],[27.1597,59.3044],[27.1469,59.3016],[27.1404,59.2973],[27.1329,59.2988],[27.1319,59.2918],[27.1143,59.2944],[27.1121,59.2938],[27.0972,59.2949],[27.0735,59.303],[27.0659,59.3041],[27.043,59.3101],[27.0402,59.3131],[27.0374,59.3119],[27.0372,59.3118],[27.0347,59.3102],[27.0298,59.3104],[27.0292,59.3098],[27.0284,59.3099],[27.0281,59.3094],[27.0275,59.3087],[27.0315,59.3044],[27.0272,59.2998],[27.0281,59.2974],[27.0311,59.2987],[27.04,59.2949],[27.0372,59.2928],[27.0455,59.2909],[27.0427,59.2865],[27.0479,59.2805],[27.047,59.275],[27.056,59.2716],[27.0455,59.2725],[27.0444,59.2727],[27.0137,59.2743],[27.0119,59.2694],[27.0166,59.2662],[27.0288,59.2657],[27.0112,59.2645],[27.0034,59.2617],[26.9988,59.2566],[26.9968,59.2564],[26.9908,59.2592],[26.9966,59.264],[26.9831,59.2638],[26.9784,59.2603],[26.9761,59.2652],[26.9868,59.268],[26.9883,59.2731],[26.9938,59.2692],[26.9948,59.2705],[26.995,59.2782],[26.9995,59.2783],[26.9943,59.2813],[26.9969,59.2856],[27.0072,59.2818],[27.005,59.285],[27.0124,59.2917],[27.0051,59.2901],[26.9991,59.294],[27.0083,59.2931],[27.0176,59.2946],[27.0159,59.2993],[27.0118,59.299],[27.0095,59.306],[26.996,59.2986],[26.9875,59.2972],[26.9876,59.3019],[26.9919,59.3052],[26.9822,59.3062],[26.9804,59.3065],[26.9798,59.3071],[26.9784,59.3072],[26.9691,59.3064],[26.9614,59.3096],[26.9565,59.307],[26.9466,59.3088],[26.9384,59.303],[26.9269,59.3042],[26.9112,59.304],[26.9215,59.3089],[26.919,59.3129],[26.93,59.3153],[26.9322,59.318],[26.9361,59.3234],[26.9301,59.3269],[26.9276,59.3335],[26.9205,59.3373],[26.908,59.3379],[26.8564,59.3363],[26.8523,59.3351],[26.8544,59.3212],[26.8457,59.3219],[26.8507,59.327],[26.8502,59.3346],[26.8469,59.336],[26.7903,59.3344],[26.7712,59.2966],[26.7577,59.2963],[26.7507,59.2961],[26.7477,59.2838],[26.7683,59.2846],[26.7686,59.289],[26.777,59.2901],[26.7822,59.288],[26.7972,59.2747],[26.7984,59.2703],[26.8047,59.2687],[26.8037,59.2624],[26.8122,59.2622],[26.8231,59.2665],[26.8301,59.2662],[26.8341,59.2628],[26.8281,59.2579],[26.8407,59.2556],[26.8506,59.2553],[26.8595,59.245],[26.8721,59.2381],[26.8834,59.2348],[26.8839,59.2253],[26.8798,59.223],[26.8636,59.2266],[26.8801,59.2194],[26.8834,59.2202],[26.8846,59.2178],[26.866,59.2221],[26.8447,59.2307],[26.8468,59.2319],[26.8491,59.2361],[26.8448,59.2409],[26.8369,59.2426],[26.8265,59.2417],[26.8235,59.2443],[26.8296,59.2484],[26.8212,59.2525],[26.8125,59.2487],[26.8132,59.2452],[26.8081,59.2358],[26.798,59.235],[26.7922,59.2392],[26.7914,59.2353],[26.7759,59.2324],[26.778,59.2291],[26.7766,59.2284],[26.7656,59.2305],[26.7633,59.2311],[26.7623,59.2317],[26.7742,59.2333],[26.7693,59.2372],[26.7788,59.2398],[26.7701,59.2386],[26.761,59.2401],[26.7604,59.234],[26.7437,59.2379],[26.7282,59.2357],[26.7252,59.2377],[26.7313,59.2522],[26.7283,59.2542],[26.7104,59.2353],[26.706,59.2342],[26.7042,59.2335],[26.7044,59.2278],[26.6971,59.2232],[26.6874,59.226],[26.6937,59.2211],[26.6953,59.2182],[26.6952,59.2132],[26.6897,59.2067],[26.671,59.2043],[26.6799,59.2022],[26.6766,59.2019],[26.674,59.1967],[26.6779,59.1923],[26.6857,59.1938],[26.6858,59.1831],[26.7125,59.1853],[26.7173,59.1838],[26.7161,59.1779],[26.7213,59.172],[26.7134,59.1636],[26.7062,59.1709],[26.7059,59.178],[26.6979,59.1754],[26.6858,59.1648],[26.687,59.1609],[26.6808,59.159],[26.6893,59.1586],[26.69,59.1578],[26.7026,59.1546],[26.6937,59.1527],[26.6858,59.1559],[26.6693,59.1539],[26.6755,59.149],[26.6695,59.1452],[26.6702,59.1421],[26.6622,59.1405],[26.6512,59.1445],[26.6468,59.1431],[26.6442,59.137],[26.6498,59.1261],[26.6351,59.1263],[26.6189,59.1337],[26.6205,59.1385],[26.6104,59.1431],[26.6204,59.1539],[26.6268,59.153],[26.6384,59.1502],[26.6456,59.1449],[26.6502,59.1457],[26.6662,59.1525],[26.6623,59.1572],[26.6649,59.1607],[26.6724,59.1598],[26.6724,59.1611],[26.6741,59.1667],[26.6691,59.1712],[26.6617,59.1722],[26.66,59.1673],[26.6634,59.1656],[26.6523,59.1606],[26.644,59.1602],[26.641,59.1634],[26.6306,59.1619],[26.6119,59.1533],[26.6092,59.1542],[26.6092,59.154],[26.6131,59.1485],[26.6069,59.1474],[26.6065,59.1473],[26.6053,59.1469],[26.6013,59.1426],[26.6,59.1426],[26.5968,59.1412],[26.5941,59.1411],[26.5776,59.1464],[26.5682,59.1463],[26.5661,59.1496],[26.5715,59.1531],[26.573,59.1586],[26.5717,59.1585],[26.5682,59.1587],[26.572,59.1617],[26.5737,59.1631],[26.5753,59.1638],[26.5762,59.1653],[26.5764,59.1681],[26.5771,59.1734],[26.5767,59.1742],[26.5779,59.1754],[26.5774,59.1788],[26.5772,59.1794],[26.5714,59.1792],[26.562,59.1822],[26.5514,59.1825],[26.5447,59.1823],[26.5453,59.1814],[26.5383,59.1783],[26.527,59.177],[26.5274,59.174],[26.5205,59.173],[26.5165,59.178],[26.5041,59.1805],[26.4968,59.1846],[26.4956,59.1803],[26.488,59.1768],[26.4789,59.1795],[26.4751,59.1777],[26.4752,59.1691],[26.4754,59.1601],[26.4755,59.1511],[26.4757,59.1422],[26.4758,59.1332],[26.4759,59.1242],[26.4761,59.1154],[26.4801,59.1181],[26.488,59.1168],[26.4934,59.1185],[26.5005,59.1194],[26.5033,59.1149],[26.5105,59.1166],[26.5112,59.1199],[26.5158,59.1233],[26.5236,59.1276],[26.5272,59.1325],[26.5343,59.1301],[26.5396,59.1324],[26.5476,59.1324],[26.5588,59.1305],[26.5642,59.1266],[26.5773,59.1282],[26.5771,59.1233],[26.5855,59.1242],[26.5906,59.1215],[26.5928,59.1223],[26.5981,59.1213],[26.6147,59.1204],[26.6135,59.1153],[26.6162,59.1151],[26.617,59.1159],[26.6179,59.1207],[26.619,59.121],[26.6199,59.1217],[26.6218,59.1207],[26.6379,59.1196],[26.6459,59.115],[26.6489,59.1156],[26.6529,59.1181],[26.655,59.1173],[26.6596,59.1199],[26.6675,59.1044],[26.6755,59.0924],[26.6685,59.0898],[26.6732,59.08],[26.6785,59.0764],[26.6737,59.0737],[26.6741,59.0687],[26.6866,59.0672],[26.6877,59.0611],[26.6781,59.0642],[26.6761,59.0583],[26.6693,59.0529],[26.6577,59.0538],[26.6543,59.0575],[26.647,59.0551],[26.6453,59.0485],[26.6455,59.0474],[26.6366,59.0491],[26.6225,59.0479],[26.6176,59.0417],[26.6147,59.0455],[26.6046,59.0471],[26.6022,59.0456],[26.6021,59.0417],[26.594,59.0385],[26.5977,59.0369],[26.5897,59.0337],[26.5818,59.0354],[26.581,59.0357],[26.5752,59.041],[26.5752,59.0411],[26.5734,59.0423],[26.5631,59.0468],[26.5523,59.0467],[26.5436,59.0507],[26.5363,59.0517],[26.5292,59.0567],[26.5226,59.0556],[26.5164,59.0588],[26.5145,59.0594],[26.5123,59.0601],[26.5064,59.065],[26.4996,59.0633],[26.4998,59.0578],[26.4939,59.056],[26.495,59.0526],[26.4988,59.0513],[26.5028,59.0447],[26.5001,59.0421],[26.4958,59.0393],[26.4881,59.0475],[26.4845,59.0481],[26.4822,59.046],[26.4771,59.046],[26.4772,59.0434],[26.4773,59.0344],[26.4774,59.0254],[26.4776,59.0164],[26.4777,59.0075],[26.4778,58.9985],[26.4604,58.9984],[26.443,58.9983],[26.4256,58.9983],[26.4082,58.9982],[26.3908,58.9981],[26.3734,58.998],[26.356,58.9979],[26.3386,58.9978],[26.3334,58.9978],[26.3328,58.9953],[26.3417,58.9906],[26.35,58.9911],[26.3523,58.987],[26.3601,58.9844],[26.3646,58.9782],[26.3637,58.9807],[26.3694,58.9867],[26.3776,58.9898],[26.3942,58.9885],[26.3939,58.9834],[26.4062,58.9793],[26.4079,58.9774],[26.4211,58.9651],[26.4194,58.9581],[26.4213,58.9579],[26.4321,58.959],[26.4325,58.9533],[26.4377,58.952],[26.4291,58.9723],[26.4328,58.9768],[26.4358,58.9847],[26.438,58.9883],[26.4361,58.9932],[26.444,58.9927],[26.4413,58.9883],[26.4467,58.9883],[26.4549,58.9946],[26.4641,58.9932],[26.4754,58.9941],[26.4745,58.9908],[26.483,58.9894],[26.4635,58.9865],[26.4488,58.9869],[26.4493,58.9777],[26.4471,58.9767],[26.4562,58.9753],[26.4563,58.9676],[26.4586,58.9605],[26.451,58.9578],[26.4523,58.9541],[26.4644,58.9523],[26.4665,58.947],[26.4595,58.9465],[26.471,58.9354],[26.4817,58.9282],[26.4838,58.9237],[26.4746,58.9255],[26.4732,58.9237],[26.4612,58.9318],[26.4613,58.9356],[26.4532,58.9385],[26.446,58.9465],[26.4418,58.9372],[26.4326,58.9391],[26.4209,58.949],[26.4201,58.9535],[26.4089,58.9549],[26.4077,58.9595],[26.4017,58.9594],[26.3923,58.9631],[26.3799,58.9642],[26.3822,58.9603],[26.3935,58.9616],[26.4008,58.9564],[26.4041,58.9491],[26.4055,58.9419],[26.4117,58.9364],[26.4053,58.9345],[26.411,58.9264],[26.4152,58.9235],[26.4194,58.9156],[26.4248,58.9072],[26.4398,58.9012],[26.4432,58.9056],[26.4492,58.9052],[26.4575,58.9021],[26.4482,58.8999],[26.4513,58.8961],[26.4398,58.8935],[26.4385,58.8887],[26.4316,58.8873],[26.4241,58.8946],[26.4164,58.8978],[26.4118,58.9035],[26.4037,58.9043],[26.3982,58.9002],[26.3903,58.9091],[26.3971,58.9098],[26.396,58.9136],[26.388,58.9113],[26.3781,58.9171],[26.3631,58.9156],[26.357,58.9194],[26.3522,58.9168],[26.352,58.9127],[26.3573,58.9072],[26.3642,58.9052],[26.366,58.9048],[26.3697,58.9039],[26.374,58.8968],[26.3786,58.8945],[26.3766,58.8906],[26.3671,58.8888],[26.363,58.8923],[26.3559,58.8913],[26.3618,58.8902],[26.3672,58.8849],[26.3773,58.8862],[26.3799,58.8871],[26.3944,58.8837],[26.3965,58.8837],[26.4037,58.8792],[26.4063,58.8719],[26.4062,58.8717],[26.3959,58.8706],[26.3922,58.8792],[26.3913,58.879],[26.3878,58.8785],[26.3916,58.8702],[26.3828,58.869],[26.3847,58.8644],[26.3942,58.865],[26.3913,58.8605],[26.3807,58.8623],[26.3689,58.8646],[26.3665,58.8681],[26.3664,58.8683],[26.372,58.8771],[26.3701,58.8773],[26.3608,58.8821],[26.3515,58.8826],[26.3519,58.8876],[26.3512,58.8918],[26.3447,58.8909],[26.3419,58.8824],[26.3413,58.8838],[26.3343,58.8845],[26.331,58.8882],[26.328,58.8938],[26.3136,58.8974],[26.3051,58.8965],[26.3043,58.8923],[26.3104,58.8878],[26.3213,58.8881],[26.3275,58.8859],[26.3277,58.8811],[26.3081,58.8808],[26.3033,58.8845],[26.3031,58.8795],[26.3105,58.8705],[26.3076,58.8655],[26.3122,58.8648],[26.3148,58.8592],[26.3221,58.8456],[26.3157,58.8525],[26.3133,58.8496],[26.3031,58.8517],[26.3065,58.8605],[26.305,58.8651],[26.2991,58.8687],[26.2976,58.8689],[26.2976,58.8696],[26.2927,58.8728],[26.2848,58.8742],[26.28,58.8708],[26.2729,58.866],[26.2793,58.8611],[26.2906,58.8663],[26.2947,58.8647],[26.299,58.8565],[26.2951,58.8507],[26.2961,58.8399],[26.3011,58.839],[26.3014,58.8414],[26.3189,58.839],[26.3272,58.8395],[26.3249,58.8437],[26.3263,58.844],[26.3275,58.8476],[26.3264,58.8518],[26.3354,58.8557],[26.3436,58.8449],[26.3523,58.8455],[26.3535,58.8408],[26.3536,58.8399],[26.3556,58.8358],[26.3515,58.831],[26.3559,58.825],[26.3692,58.8263],[26.371,58.8339],[26.3633,58.8354],[26.361,58.8389],[26.3621,58.8412],[26.3643,58.8375],[26.3746,58.8348],[26.3766,58.8294],[26.3852,58.8315],[26.3913,58.8305],[26.3858,58.8287],[26.3916,58.826],[26.3998,58.8226],[26.3986,58.8181],[26.4033,58.8148],[26.3982,58.8115],[26.3996,58.8105],[26.4035,58.8096],[26.4462,58.8097],[26.4557,58.8197],[26.4623,58.8229],[26.4686,58.8211],[26.4668,58.8264],[26.4677,58.8291],[26.4758,58.8296],[26.4826,58.8217],[26.4909,58.8198],[26.4922,58.8133],[26.5003,58.8106],[26.5094,58.8135],[26.5103,58.8159],[26.5205,58.8167],[26.5239,58.8175],[26.5338,58.8209],[26.5369,58.8187],[26.5422,58.8252],[26.5503,58.8231],[26.5846,58.8339],[26.5821,58.8384],[26.5847,58.8442],[26.581,58.8463],[26.5716,58.8486],[26.5747,58.8398],[26.5584,58.8418],[26.5522,58.8409],[26.5446,58.8505],[26.5403,58.8498],[26.5339,58.8486],[26.5266,58.8548],[26.5248,58.8607],[26.5019,58.8644],[26.505,58.8701],[26.5305,58.8664],[26.5274,58.8756],[26.5362,58.8738],[26.5412,58.8809],[26.534,58.8766],[26.5234,58.8781],[26.5145,58.8855],[26.5039,58.8848],[26.4842,58.8868],[26.5087,58.8913],[26.5179,58.889],[26.5279,58.8827],[26.5324,58.882],[26.5355,58.8842],[26.5329,58.8862],[26.5451,58.8909],[26.5521,58.898],[26.5523,58.9021],[26.5638,58.9004],[26.5693,58.9044],[26.5627,58.9104],[26.5619,58.9125],[26.5584,58.9114],[26.5541,58.9128],[26.5361,58.9098],[26.5278,58.9119],[26.5243,58.9113],[26.5199,58.9079],[26.5265,58.9044],[26.5239,58.901],[26.5259,58.8954],[26.5149,58.8991],[26.5066,58.9069],[26.4966,58.9052],[26.5058,58.9083],[26.5158,58.9063],[26.5174,58.9113],[26.5206,58.9164],[26.5217,58.9197],[26.5301,58.9196],[26.5336,58.9268],[26.5428,58.9227],[26.5437,58.9197],[26.5525,58.9196],[26.5618,58.9268],[26.567,58.9391],[26.5669,58.9427],[26.5774,58.9463],[26.5832,58.9435],[26.5889,58.9519],[26.5941,58.9502],[26.5914,58.9448],[26.5926,58.9388],[26.5817,58.9366],[26.5795,58.9362],[26.5776,58.9307],[26.5699,58.9271],[26.5657,58.9204],[26.5586,58.9187],[26.5614,58.9156],[26.5703,58.9141],[26.5728,58.9093],[26.5745,58.9071],[26.5889,58.908],[26.5899,58.9077],[26.5976,58.9056],[26.6002,58.9017],[26.6088,58.8991],[26.6147,58.8993],[26.6144,58.8912],[26.6232,58.8907],[26.6252,58.8944],[26.6372,58.8937],[26.6437,58.8984],[26.658,58.8997],[26.6607,58.8967],[26.6623,58.8915],[26.669,58.89],[26.6642,58.8851],[26.6537,58.8844],[26.6359,58.8851],[26.6329,58.8806],[26.6372,58.8751],[26.6492,58.8673],[26.6587,58.8699],[26.6589,58.869],[26.6572,58.8646],[26.662,58.8554],[26.6499,58.8556],[26.6477,58.8603],[26.6346,58.8584],[26.6252,58.8613],[26.6175,58.8607],[26.6201,58.8573],[26.6301,58.8536],[26.6284,58.8471],[26.6303,58.844],[26.6399,58.8461],[26.6418,58.845],[26.6919,58.865],[26.6888,58.8679],[26.6999,58.8708],[26.6948,58.878],[26.6893,58.8923],[26.6871,58.898],[26.6801,58.9008],[26.6696,58.9013],[26.6681,58.9069],[26.6802,58.9047],[26.6906,58.9051],[26.6942,58.9019],[26.705,58.8994],[26.7145,58.9007],[26.7169,58.8971],[26.7188,58.8912],[26.7146,58.8891],[26.7172,58.8838],[26.7235,58.8841],[26.7257,58.8859],[26.7338,58.8904],[26.7374,58.8873],[26.7458,58.888],[26.7415,58.8912],[26.7504,58.8932],[26.7482,58.8962],[26.7415,58.9031],[26.7353,58.9152],[26.7429,58.9121],[26.7464,58.9031],[26.7508,58.9003],[26.7538,58.9003],[26.769,58.9013],[26.7774,58.9059],[26.7769,58.9114],[26.7892,58.912],[26.7894,58.9129],[26.7791,58.9131],[26.7781,58.9203],[26.7727,58.92],[26.7667,58.9245],[26.77,58.9309],[26.7779,58.9226],[26.782,58.9245],[26.7781,58.9332],[26.7702,58.9323],[26.7625,58.9391],[26.7524,58.9353],[26.7506,58.9347],[26.7391,58.9348],[26.7382,58.932],[26.7327,58.9308],[26.7321,58.9406],[26.7273,58.9452],[26.7352,58.9474],[26.7392,58.9428],[26.7494,58.945],[26.7492,58.948],[26.7612,58.9519],[26.7524,58.9557],[26.7489,58.9524],[26.7295,58.9544],[26.7326,58.96],[26.7248,58.9656],[26.7211,58.9595],[26.7146,58.959],[26.716,58.9649],[26.7261,58.9671],[26.7264,58.9756],[26.7186,58.9765],[26.7152,58.9809],[26.7277,58.9819],[26.73,58.9767],[26.7345,58.9823],[26.7426,58.9793],[26.7432,58.9732],[26.747,58.9735],[26.7509,58.9723],[26.7499,58.975],[26.7622,58.9762],[26.772,58.9748],[26.7743,58.9768],[26.7768,58.9864],[26.7834,58.9872],[26.787,58.9805],[26.7806,58.978],[26.7812,58.9732],[26.7835,58.9734],[26.7912,58.9748],[26.7969,58.9754],[26.8064,58.9792],[26.8151,58.9836],[26.8195,58.9855],[26.8319,58.9828],[26.8388,58.9849],[26.8474,58.9907],[26.8559,58.9905],[26.8578,58.9875],[26.867,58.9879],[26.8716,58.9926],[26.8841,58.9935],[26.892,59.0007],[26.9015,59.0035],[26.9062,59.0047],[26.9136,59.0096],[26.9267,59.0114],[26.9355,59.0167],[26.9378,59.0249],[26.9494,59.0218],[26.9526,59.0183],[26.9616,59.0117],[26.96,59.0075],[26.9761,59.0058],[26.9835,59.0015],[26.9695,58.9975],[26.9605,59.0008],[26.9617,58.9963],[26.9684,58.9948],[26.9745,58.9975],[26.9858,58.9933],[26.9839,58.9884],[26.9914,58.9844],[26.9945,58.9836],[26.9926,58.978],[26.992,58.9786],[26.9882,58.9804],[26.9824,58.9748],[26.9783,58.9746],[26.9661,58.9801],[26.9598,58.9739],[26.971,58.973],[26.9725,58.9657],[26.9654,58.9652],[26.9659,58.9598],[26.9705,58.9598],[26.9683,58.9572],[26.9596,58.951],[26.9728,58.9456],[26.9577,58.9423],[26.9561,58.9448],[26.9509,58.9517],[26.9678,58.9571],[26.9582,58.9589],[26.9526,58.9654],[26.9525,58.9696],[26.9542,58.9735],[26.9626,58.9797],[26.9623,58.9859],[26.9501,58.9877],[26.9512,58.9841],[26.9435,58.9842],[26.9404,58.9878],[26.951,58.9923],[26.9474,58.9937],[26.9439,58.9977],[26.9355,58.9957],[26.9214,58.9938],[26.9063,58.9962],[26.8956,58.9909],[26.8981,58.9894],[26.9005,58.9874],[26.9003,58.9871],[26.8938,58.9816],[26.8872,58.9837],[26.8757,58.9787],[26.8822,58.974],[26.8811,58.9732],[26.8808,58.9739],[26.8808,58.974],[26.8725,58.9731],[26.8647,58.9757],[26.8607,58.9791],[26.8603,58.9799],[26.8598,58.9804],[26.8605,58.9811],[26.8619,58.9821],[26.8592,58.9851],[26.8521,58.9844],[26.8631,58.9713],[26.8692,58.9687],[26.871,58.9647],[26.8731,58.9644],[26.8736,58.9652],[26.8836,58.9622],[26.8843,58.9609],[26.8717,58.9585],[26.8635,58.9606],[26.8707,58.9647],[26.8626,58.97],[26.847,58.9776],[26.8388,58.9755],[26.8278,58.9765],[26.8252,58.9736],[26.8304,58.9666],[26.8307,58.9624],[26.8358,58.9622],[26.8426,58.9641],[26.835,58.9694],[26.8424,58.9705],[26.854,58.9561],[26.8607,58.9565],[26.8746,58.9558],[26.8704,58.9497],[26.8718,58.9483],[26.8666,58.947],[26.8607,58.9506],[26.8564,58.9461],[26.861,58.941],[26.8715,58.9366],[26.8759,58.9301],[26.8694,58.9287],[26.8645,58.9266],[26.8442,58.926],[26.8322,58.9203],[26.8269,58.919],[26.8243,58.9129],[26.8226,58.9127],[26.8226,58.9125],[26.8244,58.9123],[26.8301,58.907],[26.8302,58.9062],[26.8302,58.9057],[26.827,58.9042],[26.827,58.9019],[26.822,58.9017],[26.821,58.9017],[26.8183,58.9017],[26.8203,58.8991],[26.8183,58.8932],[26.8753,58.9033],[26.8755,58.9146],[26.8834,58.9111],[26.8842,58.9048],[26.9149,58.9101],[26.9194,58.9124],[26.9177,58.9178],[26.9172,58.9183],[26.9153,58.921],[26.9048,58.9228],[26.9097,58.9266],[26.9099,58.9281],[26.9185,58.936],[26.929,58.9376],[26.9236,58.94],[26.9163,58.9396],[26.9088,58.9445],[26.9043,58.9403],[26.9047,58.936],[26.9006,58.9362],[26.8954,58.9449],[26.8964,58.9492],[26.8861,58.9507],[26.893,58.9543],[26.9012,58.9507],[26.904,58.958],[26.9095,58.9593],[26.9105,58.947],[26.9178,58.9507],[26.9266,58.9545],[26.9278,58.9557],[26.927,58.9564],[26.93,58.963],[26.9369,58.9651],[26.9366,58.9641],[26.9427,58.9514],[26.9374,58.9468],[26.933,58.9425],[26.9332,58.9378],[26.938,58.9224],[26.9304,58.9177],[26.96,58.9321],[26.9807,58.942],[26.9934,58.9485],[27.0166,58.9561],[27.0376,58.9624],[27.0514,58.9664],[27.0559,58.9732],[27.0554,58.9775],[27.0578,58.9776],[27.0561,58.9679],[27.1084,58.9838],[27.129,58.9902],[27.1525,58.997],[27.1528,58.9971],[27.1571,58.9984],[27.1602,59.0008],[27.1476,59.0086],[27.1208,59.0144],[27.105,59.0194],[27.0917,59.0196],[27.0801,59.0264],[27.0713,59.0282],[27.0611,59.027],[27.0586,59.024],[27.0568,59.0216],[27.0522,59.0231],[27.049,59.027],[27.0406,59.0237],[27.0217,59.0229],[27.0199,59.0217],[27.0144,59.021],[27.0112,59.02],[27.0092,59.0255],[26.9974,59.0259],[26.9917,59.0212],[26.9859,59.0192],[26.9829,59.0178],[26.9732,59.0222],[26.9833,59.0265],[26.9944,59.0266],[26.9915,59.0297],[26.9974,59.0329],[26.9881,59.0389],[26.9924,59.041],[26.9823,59.0393],[26.9885,59.049],[26.9951,59.051],[27.0057,59.0504],[27.0075,59.0539],[27.0002,59.0558],[26.9907,59.0551],[26.9758,59.0577],[26.975,59.0559],[26.9754,59.0522],[26.977,59.0505],[26.9703,59.0463],[26.9616,59.047],[26.9538,59.0531],[26.9644,59.0573],[26.9636,59.0579],[26.9582,59.0553],[26.9487,59.0595],[26.9458,59.0564],[26.9433,59.0622],[26.9463,59.0674],[26.9575,59.0686],[26.9653,59.065],[26.9717,59.0616],[26.9921,59.063],[26.9905,59.0679],[26.9967,59.0608],[27.0032,59.0568],[27.013,59.0559],[27.0182,59.0574],[27.0319,59.0529],[27.0326,59.0533],[27.0469,59.056],[27.0556,59.0637],[27.0655,59.0662],[27.0726,59.0703],[27.0731,59.0777],[27.0761,59.0824],[27.044,59.082],[27.0351,59.0869],[27.0335,59.0934],[27.026,59.095],[27.0334,59.0917],[27.0304,59.0865],[27.0226,59.0876],[27.0199,59.0921],[27.0101,59.0964],[27.0086,59.0953],[26.9997,59.0978],[26.9897,59.0947],[26.987,59.1017],[26.9932,59.1036],[27.0033,59.1057],[27.0052,59.1084],[27.0038,59.1101],[26.993,59.1096],[26.9958,59.1146],[26.9913,59.119],[26.9857,59.1141],[26.9764,59.1102],[26.9785,59.1042],[26.9738,59.1088],[26.9663,59.1114],[26.9585,59.1104],[26.9484,59.1065],[26.9527,59.101],[26.9462,59.1006],[26.939,59.1085],[26.9253,59.1116],[26.9222,59.1151],[26.9202,59.1153],[26.9162,59.1161],[26.9062,59.1209],[26.9137,59.1224],[26.9137,59.1263],[26.9203,59.127],[26.9277,59.1195],[26.9319,59.1214],[26.9393,59.1167],[26.9465,59.1155],[26.9619,59.1132],[26.9812,59.1155],[26.9917,59.1208],[27.0012,59.1185],[26.9966,59.1147],[27.0039,59.1131],[27.0051,59.1141],[27.0219,59.1125],[27.0282,59.1102],[27.0301,59.0968],[27.0402,59.0895],[27.0419,59.0895],[27.0478,59.0841],[27.0775,59.0837],[27.0789,59.082],[27.0776,59.0742],[27.0769,59.0705],[27.0688,59.0659],[27.0648,59.0624],[27.0653,59.0576],[27.0699,59.0534],[27.0721,59.0522],[27.0724,59.0522],[27.0736,59.0524],[27.0781,59.0495],[27.0854,59.0529],[27.0943,59.0486],[27.0984,59.0421],[27.1078,59.0372],[27.1065,59.033],[27.1101,59.0312],[27.1072,59.0291],[27.1086,59.0275],[27.1068,59.0247],[27.1081,59.0204],[27.1207,59.0172],[27.1357,59.0154],[27.1549,59.0109],[27.1581,59.0063],[27.1657,59.0031],[27.1713,59.0054],[27.2148,59.0282],[27.2456,59.0448],[27.2378,59.0486],[27.2306,59.0486],[27.2222,59.045],[27.1971,59.0487],[27.1878,59.0565],[27.1907,59.0622],[27.1975,59.065],[27.2129,59.0584],[27.2286,59.0563],[27.2352,59.0625],[27.2436,59.0658],[27.2491,59.0656],[27.2618,59.0658],[27.2576,59.0539],[27.2489,59.0509],[27.2492,59.0466],[27.272,59.0585],[27.2672,59.0627],[27.2766,59.0667],[27.2905,59.067],[27.2997,59.0712],[27.302,59.0722],[27.308,59.0749],[27.3087,59.0752],[27.3138,59.0776],[27.3052,59.075],[27.3014,59.0744],[27.2994,59.0747],[27.2966,59.0782],[27.2895,59.0807],[27.3073,59.0878],[27.3034,59.0939],[27.3053,59.0968],[27.303,59.098],[27.3001,59.1009],[27.2994,59.1045],[27.3005,59.1037],[27.3052,59.1109],[27.3021,59.1107],[27.2986,59.1107],[27.2947,59.1108],[27.2893,59.1189],[27.2829,59.1152],[27.2768,59.1161],[27.2749,59.1158],[27.2774,59.1083],[27.2728,59.1003],[27.2635,59.0983],[27.256,59.0997],[27.2465,59.0983],[27.2375,59.1069],[27.2357,59.1108],[27.2396,59.1097],[27.2431,59.1033],[27.2508,59.1005],[27.2583,59.1014],[27.2613,59.1083],[27.2656,59.1094],[27.2644,59.1205],[27.2733,59.1225],[27.2807,59.1277],[27.2884,59.1281],[27.299,59.1287],[27.3076,59.131],[27.3093,59.1398],[27.322,59.1423],[27.3421,59.1475],[27.3448,59.1528],[27.345,59.1551],[27.3453,59.1595],[27.3356,59.1606],[27.3372,59.1634],[27.3259,59.1684],[27.341,59.1763],[27.3436,59.178],[27.3115,59.2066],[27.3072,59.2105],[27.3062,59.2115],[27.3029,59.2144],[27.3009,59.2157],[27.2859,59.217],[27.2625,59.2144]],[[26.6312,58.9762],[26.6247,58.9793],[26.623,58.9774],[26.6124,58.9778],[26.6152,58.9818],[26.6126,58.9848],[26.6009,58.988],[26.6069,58.9946],[26.6065,58.998],[26.609,58.9985],[26.6162,58.9983],[26.6144,58.9918],[26.6181,58.9926],[26.6177,58.997],[26.626,58.9992],[26.6304,58.9926],[26.6324,58.9904],[26.6288,58.982],[26.6312,58.9762]],[[26.7028,58.992],[26.695,58.9956],[26.6838,58.9965],[26.6809,58.9985],[26.6858,59.0091],[26.6894,59.0094],[26.6911,59.0162],[26.703,59.0159],[26.6961,59.0211],[26.697,59.0243],[26.686,59.0325],[26.6796,59.0352],[26.6806,59.0384],[26.6906,59.0311],[26.6931,59.0418],[26.6931,59.041],[26.708,59.04],[26.7155,59.0452],[26.721,59.0472],[26.7304,59.0448],[26.7337,59.0416],[26.7245,59.039],[26.7242,59.0347],[26.7159,59.0346],[26.7089,59.0364],[26.6989,59.0394],[26.6949,59.0375],[26.7005,59.0328],[26.7152,59.0268],[26.716,59.0254],[26.7147,59.0241],[26.7138,59.0217],[26.712,59.0141],[26.7204,59.013],[26.7262,59.0092],[26.7339,59.0164],[26.7418,59.013],[26.751,59.0014],[26.7609,59.0034],[26.7366,59.0185],[26.7378,59.0184],[26.761,59.0037],[26.7776,58.9979],[26.7773,58.9976],[26.7664,58.9946],[26.768,58.9898],[26.7764,58.9873],[26.7725,58.9862],[26.7602,58.9834],[26.7592,58.9784],[26.7564,58.98],[26.7604,58.9899],[26.7597,58.9945],[26.7497,58.9972],[26.7422,58.9983],[26.7338,58.9964],[26.7408,58.9941],[26.7367,58.9899],[26.7275,58.9928],[26.7154,58.9872],[26.712,58.9881],[26.7065,58.9874],[26.7016,58.9832],[26.6964,58.9861],[26.7028,58.992]],[[27.2008,59.1285],[27.2118,59.1278],[27.2193,59.1252],[27.2275,59.1172],[27.2384,59.1155],[27.2374,59.1129],[27.2236,59.1168],[27.2175,59.1226],[27.2063,59.1218],[27.2061,59.1128],[27.209,59.1096],[27.2085,59.0957],[27.1974,59.0976],[27.1949,59.0913],[27.1806,59.0878],[27.1727,59.0926],[27.1689,59.092],[27.1624,59.0939],[27.1603,59.0943],[27.1491,59.0942],[27.1484,59.0943],[27.1534,59.0992],[27.1441,59.1068],[27.1343,59.1053],[27.1307,59.1137],[27.1263,59.1161],[27.12,59.124],[27.1079,59.1239],[27.1124,59.1194],[27.1121,59.1124],[27.115,59.1078],[27.1151,59.1057],[27.1173,59.1015],[27.1124,59.0955],[27.1065,59.0929],[27.0953,59.0987],[27.0844,59.1002],[27.0775,59.0986],[27.0716,59.1008],[27.0693,59.1013],[27.0608,59.1009],[27.0544,59.1097],[27.0458,59.1084],[27.042,59.1117],[27.0295,59.1134],[27.0223,59.1129],[27.0039,59.116],[27.003,59.1168],[27.0035,59.1193],[27.0003,59.125],[27.0051,59.1278],[27.0198,59.1272],[27.018,59.132],[27.0078,59.1299],[27.0016,59.134],[26.9913,59.1352],[26.9932,59.1386],[27.0039,59.1361],[27.0064,59.1404],[27.0181,59.1441],[27.0173,59.1468],[27.0298,59.1502],[27.0304,59.1585],[27.0337,59.163],[27.0406,59.1674],[27.0485,59.1698],[27.0559,59.1753],[27.0529,59.1871],[27.0548,59.1921],[27.0572,59.1953],[27.0592,59.1979],[27.0698,59.1999],[27.0769,59.2051],[27.0795,59.2094],[27.0871,59.211],[27.0943,59.2094],[27.0962,59.2049],[27.1012,59.2031],[27.1102,59.1986],[27.1172,59.1982],[27.1187,59.1972],[27.1156,59.1855],[27.1107,59.1811],[27.1132,59.1753],[27.1199,59.1744],[27.1233,59.1753],[27.1365,59.1731],[27.1417,59.1699],[27.1435,59.1706],[27.1549,59.1665],[27.149,59.1646],[27.1351,59.1665],[27.1332,59.1621],[27.1361,59.1456],[27.1299,59.1367],[27.1419,59.1362],[27.1477,59.1301],[27.1591,59.1264],[27.1609,59.1257],[27.1705,59.1248],[27.179,59.1227],[27.1865,59.1237],[27.1885,59.1245],[27.1994,59.1269],[27.2008,59.1285]],[[26.8633,59.179],[26.8633,59.1783],[26.8624,59.1779],[26.8672,59.1737],[26.8704,59.1668],[26.8641,59.1659],[26.8523,59.1731],[26.8393,59.1755],[26.8325,59.186],[26.8308,59.1866],[26.8245,59.1919],[26.8285,59.1943],[26.8261,59.1977],[26.8301,59.2007],[26.8363,59.1963],[26.8458,59.1928],[26.8567,59.1916],[26.853,59.1902],[26.8557,59.1847],[26.8694,59.1829],[26.8633,59.179]],[[27.1021,59.2073],[27.1005,59.2128],[27.1026,59.2173],[27.1072,59.2227],[27.1077,59.2354],[27.1149,59.2418],[27.1147,59.2429],[27.1128,59.2427],[27.0986,59.2361],[27.0995,59.2281],[27.0876,59.2202],[27.0852,59.2247],[27.0851,59.2339],[27.0875,59.2373],[27.1013,59.2395],[27.1086,59.2426],[27.1141,59.2486],[27.117,59.2522],[27.1186,59.2574],[27.1261,59.2558],[27.1298,59.2507],[27.1343,59.2517],[27.1446,59.2544],[27.1298,59.253],[27.1315,59.2585],[27.1303,59.2647],[27.1392,59.2655],[27.1486,59.2599],[27.1516,59.2555],[27.15,59.2514],[27.1535,59.2474],[27.1395,59.2484],[27.1327,59.2446],[27.1411,59.2421],[27.1428,59.2365],[27.1431,59.2352],[27.1266,59.2332],[27.1244,59.2353],[27.1226,59.231],[27.114,59.2305],[27.111,59.2275],[27.1156,59.2244],[27.1211,59.2224],[27.1282,59.2252],[27.145,59.2248],[27.1451,59.2235],[27.1481,59.2221],[27.1555,59.2161],[27.1474,59.2127],[27.1284,59.205],[27.1268,59.209],[27.136,59.212],[27.1254,59.2167],[27.1099,59.2142],[27.1021,59.2073]],[[26.9983,59.2111],[27.0068,59.2083],[27.0168,59.2072],[27.0229,59.2078],[27.0307,59.2055],[27.0284,59.2002],[27.0202,59.1955],[27.0211,59.1925],[27.0195,59.1915],[27.0282,59.187],[27.0329,59.1839],[27.0272,59.1797],[27.0241,59.174],[27.0159,59.1778],[27.0094,59.1768],[27.0053,59.1791],[27.0049,59.1836],[26.9942,59.1784],[26.9866,59.1789],[26.9864,59.1849],[26.9906,59.187],[26.9856,59.1902],[26.9916,59.1958],[26.9897,59.2011],[26.9884,59.2029],[26.9896,59.207],[26.9983,59.2111]],[[26.6195,58.9413],[26.6157,58.9481],[26.619,58.9505],[26.6249,58.9468],[26.6309,58.9511],[26.6377,58.9474],[26.6454,58.9443],[26.6501,58.9388],[26.6466,58.9349],[26.6364,58.9352],[26.6357,58.9377],[26.6257,58.9411],[26.6195,58.9413]],[[26.7412,59.1026],[26.744,59.1111],[26.7579,59.1178],[26.7687,59.1201],[26.7781,59.1236],[26.7697,59.1185],[26.7684,59.1142],[26.7752,59.112],[26.781,59.1156],[26.7884,59.115],[26.7843,59.1071],[26.7777,59.11],[26.7791,59.1055],[26.769,59.1021],[26.7573,59.1013],[26.7509,59.104],[26.7412,59.1026]],[[26.773,59.1757],[26.7737,59.1706],[26.7816,59.1637],[26.7811,59.1578],[26.7745,59.1539],[26.7768,59.1537],[26.7821,59.1502],[26.7738,59.1456],[26.7685,59.1449],[26.7677,59.1382],[26.7574,59.1381],[26.7552,59.1537],[26.7511,59.16],[26.7523,59.1684],[26.7614,59.173],[26.7633,59.1774],[26.773,59.1757]],[[26.7501,59.2142],[26.755,59.2113],[26.7515,59.2012],[26.7461,59.1975],[26.7529,59.195],[26.7644,59.1969],[26.7704,59.1912],[26.7625,59.1859],[26.7504,59.1833],[26.7448,59.184],[26.7439,59.1923],[26.7335,59.1923],[26.7358,59.1979],[26.7289,59.2045],[26.7208,59.206],[26.7202,59.2123],[26.7321,59.2123],[26.727,59.2208],[26.736,59.2252],[26.75,59.2165],[26.7501,59.2142]],[[27.1429,59.1784],[27.1366,59.181],[27.1277,59.1902],[27.1235,59.1981],[27.1305,59.2036],[27.1364,59.2029],[27.1471,59.2064],[27.1471,59.2107],[27.1572,59.2154],[27.1649,59.2167],[27.1662,59.22],[27.1839,59.2241],[27.1803,59.2338],[27.182,59.2381],[27.185,59.2347],[27.1952,59.2339],[27.1877,59.2305],[27.1911,59.2263],[27.1883,59.2248],[27.2074,59.2217],[27.2313,59.2217],[27.2443,59.2274],[27.2387,59.2316],[27.2536,59.2289],[27.257,59.2242],[27.2531,59.2209],[27.2394,59.2168],[27.2347,59.209],[27.2219,59.2098],[27.2154,59.2035],[27.216,59.1974],[27.1893,59.1947],[27.1831,59.1915],[27.1563,59.1894],[27.152,59.1912],[27.1442,59.1858],[27.1493,59.1822],[27.1429,59.1784]],[[27.3565,59.2894],[27.3548,59.2932],[27.3508,59.2962],[27.3411,59.2931],[27.3373,59.2944],[27.3366,59.302],[27.3214,59.2993],[27.3153,59.3024],[27.3307,59.3052],[27.333,59.3059],[27.3354,59.3066],[27.3399,59.3024],[27.3474,59.3081],[27.3484,59.3043],[27.3554,59.303],[27.3668,59.3021],[27.3722,59.2978],[27.3777,59.2925],[27.3705,59.2903],[27.3632,59.2878],[27.3565,59.2894]],[[27.2889,59.2832],[27.2944,59.2879],[27.3023,59.2882],[27.3024,59.2827],[27.3194,59.2858],[27.3288,59.2851],[27.3426,59.2813],[27.333,59.2762],[27.3206,59.2737],[27.3162,59.2798],[27.3057,59.2784],[27.2902,59.2796],[27.2889,59.2832]],[[27.2578,59.0783],[27.2442,59.0781],[27.2367,59.0752],[27.2233,59.0736],[27.221,59.0828],[27.2356,59.0818],[27.2391,59.0846],[27.2552,59.0879],[27.251,59.09],[27.2636,59.0946],[27.2741,59.0933],[27.2729,59.0897],[27.263,59.0883],[27.2631,59.0838],[27.2578,59.0783]],[[27.1257,59.0346],[27.1327,59.0361],[27.149,59.0368],[27.1469,59.0414],[27.1389,59.0419],[27.1489,59.0517],[27.154,59.0501],[27.152,59.0433],[27.1623,59.0448],[27.1651,59.0471],[27.1577,59.0566],[27.1658,59.0593],[27.1728,59.058],[27.1735,59.0516],[27.1825,59.049],[27.1825,59.0452],[27.1545,59.0312],[27.158,59.0278],[27.1478,59.0201],[27.1388,59.0217],[27.1376,59.0308],[27.1257,59.0346]],[[27.2743,59.0896],[27.2806,59.0915],[27.2836,59.099],[27.2909,59.1008],[27.2981,59.0996],[27.3027,59.0907],[27.2959,59.0865],[27.283,59.0875],[27.2743,59.0896]]],[[[26.2946,58.9976],[26.2864,58.9976],[26.2849,58.9976],[26.2803,58.9955],[26.2829,58.991],[26.2816,58.9834],[26.285,58.9798],[26.296,58.9813],[26.3057,58.9837],[26.3049,58.9867],[26.2977,58.9902],[26.2982,58.9933],[26.2946,58.9976]]],[[[26.4746,59.2129],[26.4746,59.212],[26.4877,59.2149],[26.4956,59.2091],[26.5183,59.2083],[26.5268,59.2091],[26.5294,59.2045],[26.5233,59.2007],[26.5217,59.198],[26.5275,59.1924],[26.5378,59.1949],[26.5397,59.1984],[26.5379,59.2009],[26.5368,59.2047],[26.5423,59.2066],[26.5419,59.2116],[26.5397,59.2131],[26.5388,59.2143],[26.5286,59.2174],[26.5248,59.2189],[26.5186,59.2274],[26.5117,59.2228],[26.5032,59.2202],[26.4834,59.2191],[26.4853,59.2233],[26.4948,59.2293],[26.4864,59.2334],[26.4776,59.2322],[26.4748,59.2257],[26.4771,59.2219],[26.4797,59.2183],[26.4745,59.2171],[26.4745,59.2151],[26.4768,59.2132],[26.4746,59.2129]]],[[[22.7924,58.8525],[22.7996,58.8514],[22.8092,58.8518],[22.8114,58.8521],[22.8159,58.8494],[22.8209,58.8514],[22.8243,58.8525],[22.8316,58.8544],[22.8246,58.8562],[22.8291,58.8602],[22.8224,58.8619],[22.8286,58.8667],[22.8426,58.8638],[22.8453,58.867],[22.844,58.8721],[22.8332,58.8728],[22.8129,58.8704],[22.8071,58.861],[22.8116,58.8595],[22.8093,58.8547],[22.7971,58.8545],[22.7924,58.8525]]],[[[23.9246,58.8872],[23.9354,58.8832],[23.9448,58.8845],[23.948,58.8767],[23.9552,58.8759],[23.9611,58.8707],[23.9578,58.8663],[23.9749,58.8556],[23.9766,58.8548],[23.9777,58.8538],[23.9788,58.855],[23.979,58.8553],[23.9749,58.8614],[23.9837,58.866],[23.9801,58.8681],[23.9721,58.8642],[23.9626,58.8678],[23.9694,58.8717],[23.9684,58.8785],[23.9773,58.8789],[23.9725,58.884],[23.9777,58.8878],[23.9787,58.8878],[23.9767,58.8954],[23.9843,58.8917],[23.9961,58.8926],[23.998,58.8892],[23.9893,58.8847],[23.9952,58.883],[24.0056,58.8876],[24.0157,58.8833],[24.0153,58.8803],[24.0162,58.8767],[24.0184,58.8784],[24.027,58.8815],[24.0282,58.8771],[24.0298,58.8719],[24.035,58.8689],[24.0395,58.8726],[24.0382,58.8774],[24.0448,58.8776],[24.0491,58.8824],[24.0535,58.8833],[24.0585,58.8827],[24.0632,58.8822],[24.0674,58.8827],[24.0711,58.8852],[24.0644,58.8898],[24.0667,58.896],[24.076,58.8993],[24.0745,58.8998],[24.0724,58.8996],[24.0715,58.9001],[24.0663,58.9055],[24.0567,58.9034],[24.0544,58.9071],[24.0614,58.9113],[24.0617,58.9179],[24.0537,58.9236],[24.0496,58.9342],[24.0539,58.9385],[24.0604,58.9401],[24.0601,58.9443],[24.0674,58.9455],[24.0698,58.9433],[24.0798,58.9456],[24.083,58.9474],[24.0817,58.9509],[24.0688,58.9659],[24.0619,58.9691],[24.0651,58.9657],[24.0596,58.9611],[24.052,58.9596],[24.0513,58.9608],[24.0516,58.9633],[24.0462,58.9626],[24.0506,58.952],[24.047,58.9494],[24.0371,58.9564],[24.034,58.9683],[24.0303,58.9742],[24.0444,58.9808],[24.0429,58.9831],[24.0494,58.9868],[24.0516,58.9886],[24.0494,58.9932],[24.0455,58.9863],[24.0334,58.9819],[24.0229,58.9807],[24.0191,58.9829],[24.0231,58.9872],[24.0325,58.9914],[24.0304,58.9917],[23.9978,58.9822],[24.0066,58.9833],[24.0115,58.9804],[23.9981,58.9776],[24.0067,58.9752],[23.9992,58.9712],[23.996,58.9674],[24.005,58.9691],[24.009,58.9732],[24.0176,58.9719],[24.0316,58.9663],[24.0349,58.9498],[24.0453,58.9423],[24.0505,58.9438],[24.0453,58.9392],[24.0422,58.9364],[24.0458,58.9298],[24.0384,58.9246],[24.0358,58.9199],[24.0422,58.9151],[24.0426,58.9069],[24.0484,58.8948],[24.0483,58.8922],[24.0458,58.892],[24.0381,58.8913],[24.0292,58.894],[24.0233,58.8964],[24.0275,58.9014],[24.0019,58.9046],[23.9938,58.9067],[23.992,58.9113],[23.9813,58.9158],[23.9636,58.9201],[23.9508,58.9202],[23.9477,58.9241],[23.9548,58.9316],[23.9467,58.9383],[23.9577,58.9423],[23.9543,58.9465],[23.9592,58.9491],[23.9704,58.9513],[23.9622,58.9548],[23.9639,58.9575],[23.9754,58.9599],[23.9733,58.9612],[23.9649,58.9617],[23.9644,58.9632],[23.9685,58.9662],[23.9773,58.9657],[23.9773,58.9694],[23.9698,58.9707],[23.9718,58.9744],[23.9747,58.9768],[23.9742,58.9775],[23.9585,58.9773],[23.95,58.9752],[23.9416,58.9743],[23.9516,58.9761],[23.9518,58.9787],[23.9688,58.9817],[23.9751,58.9846],[23.9814,58.9845],[23.9779,58.9899],[23.9848,58.9907],[23.9858,58.9901],[23.9953,58.9921],[24.0069,58.9935],[24.0045,58.9986],[24.018,59.0007],[24.0441,59.0043],[24.0452,59.0056],[24.0449,59.0068],[24.0417,59.0114],[24.0515,59.0148],[24.0547,59.0191],[24.0485,59.0191],[24.0409,59.0243],[24.0486,59.0274],[24.0447,59.0289],[24.0441,59.0287],[24.0339,59.0314],[24.0369,59.0326],[24.0399,59.0335],[24.0412,59.033],[24.0369,59.0388],[24.0386,59.0435],[24.0329,59.0461],[24.0229,59.0475],[24.0221,59.0474],[24.0205,59.0462],[24.0226,59.0405],[24.0173,59.0357],[24.0274,59.0372],[24.0222,59.0302],[24.0147,59.0315],[23.9932,59.0254],[23.9909,59.027],[23.988,59.0288],[23.9987,59.0332],[23.9938,59.0378],[23.9791,59.0374],[23.9696,59.0384],[23.9674,59.0409],[23.9815,59.0443],[23.9873,59.0377],[23.99,59.0378],[23.9837,59.0449],[24.0031,59.0494],[24.0132,59.0429],[23.9923,59.038],[24,59.0389],[24.0135,59.0417],[24.0181,59.0447],[24.0022,59.052],[24.0212,59.0565],[24.0237,59.0565],[24.0268,59.0563],[24.0286,59.0562],[24.0291,59.0561],[24.0386,59.0578],[24.0396,59.0621],[24.0445,59.0648],[24.0423,59.061],[24.0518,59.0575],[24.062,59.0587],[24.0643,59.059],[24.0645,59.059],[24.0654,59.0592],[24.0654,59.0591],[24.0652,59.059],[24.0652,59.0589],[24.0649,59.0585],[24.0643,59.0579],[24.0634,59.0567],[24.0697,59.0567],[24.0773,59.0568],[24.0781,59.0575],[24.0791,59.059],[24.0781,59.0595],[24.08,59.0603],[24.0808,59.0613],[24.0842,59.0633],[24.0849,59.062],[24.0824,59.0575],[24.0763,59.0549],[24.066,59.0519],[24.0662,59.0485],[24.0725,59.0449],[24.0589,59.0401],[24.0555,59.0351],[24.0539,59.0318],[24.0521,59.0312],[24.0513,59.0287],[24.0599,59.0266],[24.0655,59.0251],[24.0628,59.0149],[24.0748,59.009],[24.0659,59.0044],[24.0683,58.9997],[24.0758,58.9985],[24.0791,58.9991],[24.0709,58.9999],[24.0697,59.0034],[24.0784,59.009],[24.0914,59.013],[24.1033,59.0155],[24.1162,59.0233],[24.1199,59.0216],[24.1344,59.0298],[24.1487,59.0303],[24.1532,59.0326],[24.1531,59.0387],[24.1461,59.0397],[24.1518,59.0419],[24.1613,59.0416],[24.1665,59.0457],[24.1656,59.0513],[24.1718,59.0519],[24.1685,59.0572],[24.1741,59.0547],[24.177,59.0538],[24.1798,59.0567],[24.1798,59.0568],[24.1789,59.0567],[24.1777,59.0564],[24.1776,59.0565],[24.1783,59.0567],[24.1785,59.0579],[24.182,59.0597],[24.1838,59.0602],[24.1833,59.0577],[24.1837,59.0573],[24.1845,59.0568],[24.1867,59.0588],[24.1936,59.062],[24.1954,59.0684],[24.1923,59.0725],[24.2023,59.0723],[24.2261,59.0839],[24.2354,59.0851],[24.2432,59.0893],[24.2389,59.0921],[24.2308,59.0926],[24.2229,59.0908],[24.2134,59.0833],[24.2048,59.0801],[24.196,59.0838],[24.2026,59.0864],[24.2082,59.0839],[24.2057,59.0878],[24.1966,59.0876],[24.1954,59.086],[24.1911,59.0852],[24.1907,59.0862],[24.1893,59.0896],[24.1893,59.0897],[24.1821,59.0887],[24.1732,59.0964],[24.1671,59.0973],[24.1616,59.1072],[24.1647,59.1109],[24.1723,59.1092],[24.1795,59.1127],[24.1809,59.1168],[24.1703,59.1178],[24.1585,59.1228],[24.1599,59.1255],[24.1728,59.1247],[24.183,59.1238],[24.1834,59.1247],[24.1847,59.126],[24.1828,59.1231],[24.1812,59.1225],[24.1809,59.1221],[24.192,59.1184],[24.1929,59.1151],[24.1946,59.1118],[24.1977,59.1093],[24.204,59.1041],[24.2044,59.1096],[24.1998,59.1137],[24.2117,59.1137],[24.2108,59.1091],[24.2168,59.1011],[24.2161,59.0994],[24.2159,59.0945],[24.2172,59.0925],[24.2307,59.0958],[24.2346,59.1015],[24.2281,59.1007],[24.223,59.1038],[24.2213,59.104],[24.2144,59.1066],[24.2219,59.1107],[24.2215,59.1115],[24.2182,59.1132],[24.2303,59.1076],[24.2369,59.1051],[24.2387,59.1051],[24.2427,59.1041],[24.2433,59.1045],[24.2525,59.107],[24.2666,59.1158],[24.2589,59.1169],[24.2583,59.1167],[24.2574,59.1168],[24.2586,59.1174],[24.2582,59.1182],[24.2559,59.1186],[24.2558,59.121],[24.2507,59.1211],[24.2512,59.1139],[24.2398,59.1148],[24.2406,59.1231],[24.2394,59.1207],[24.2278,59.1179],[24.2267,59.1232],[24.2209,59.1258],[24.2211,59.13],[24.214,59.1304],[24.1996,59.1281],[24.1971,59.1325],[24.1998,59.1372],[24.213,59.1398],[24.2129,59.1517],[24.2151,59.1569],[24.2287,59.1577],[24.2343,59.1612],[24.2353,59.1674],[24.2332,59.1742],[24.2401,59.1773],[24.239,59.1807],[24.2359,59.1849],[24.2439,59.19],[24.2471,59.1912],[24.2484,59.1915],[24.2525,59.1915],[24.254,59.1918],[24.2564,59.192],[24.249,59.1877],[24.2502,59.1875],[24.2509,59.1872],[24.2513,59.1867],[24.2544,59.1853],[24.2551,59.1853],[24.2558,59.1847],[24.2568,59.1844],[24.258,59.1848],[24.258,59.185],[24.2587,59.1857],[24.2635,59.1846],[24.2638,59.1851],[24.264,59.1867],[24.266,59.1901],[24.267,59.1904],[24.2684,59.1902],[24.2692,59.1897],[24.2698,59.1943],[24.2722,59.1921],[24.274,59.1919],[24.2777,59.1883],[24.2778,59.1875],[24.2891,59.1895],[24.2991,59.1896],[24.2979,59.191],[24.2948,59.1941],[24.2873,59.1993],[24.2874,59.2057],[24.29,59.2091],[24.2853,59.2087],[24.2815,59.2003],[24.2608,59.2],[24.2593,59.2023],[24.2739,59.2077],[24.2809,59.2126],[24.2882,59.2139],[24.2874,59.2187],[24.2729,59.2201],[24.263,59.2138],[24.2636,59.2085],[24.2561,59.2056],[24.2566,59.2012],[24.2576,59.1998],[24.266,59.1987],[24.2667,59.1991],[24.2672,59.1955],[24.2611,59.1939],[24.2573,59.1998],[24.2545,59.1936],[24.2546,59.2021],[24.2473,59.2066],[24.2324,59.2062],[24.2262,59.2134],[24.2258,59.2218],[24.2347,59.222],[24.2329,59.2253],[24.2253,59.2231],[24.201,59.224],[24.198,59.2252],[24.1904,59.2258],[24.1889,59.2259],[24.1871,59.2242],[24.1863,59.2235],[24.1826,59.2224],[24.1904,59.2168],[24.1907,59.213],[24.1809,59.2084],[24.186,59.2053],[24.1848,59.2003],[24.1848,59.1996],[24.1945,59.2021],[24.1989,59.197],[24.1802,59.1989],[24.1717,59.1968],[24.164,59.1974],[24.1639,59.1908],[24.1643,59.1898],[24.1715,59.185],[24.1659,59.1722],[24.1786,59.1689],[24.1713,59.1654],[24.1644,59.1699],[24.159,59.1689],[24.1494,59.1707],[24.1504,59.1761],[24.1586,59.1762],[24.1621,59.1762],[24.1674,59.1842],[24.1573,59.1833],[24.1506,59.1886],[24.141,59.1852],[24.1389,59.1803],[24.1382,59.1798],[24.135,59.1772],[24.1303,59.1783],[24.1354,59.184],[24.1355,59.1882],[24.1516,59.1887],[24.1569,59.1903],[24.1558,59.1982],[24.1642,59.1984],[24.1669,59.2018],[24.1568,59.2046],[24.1545,59.2081],[24.1453,59.2084],[24.1499,59.2121],[24.1467,59.2126],[24.1212,59.2128],[24.1166,59.2088],[24.1126,59.2039],[24.107,59.2026],[24.1021,59.2067],[24.0973,59.2062],[24.0866,59.2029],[24.0858,59.1968],[24.0784,59.2014],[24.0814,59.2068],[24.0806,59.2103],[24.0805,59.2116],[24.0676,59.21],[24.0721,59.1999],[24.0781,59.1957],[24.0794,59.1912],[24.0848,59.1894],[24.0899,59.1891],[24.092,59.1919],[24.0916,59.1921],[24.0923,59.1974],[24.0982,59.1991],[24.1063,59.1963],[24.1004,59.1906],[24.1034,59.1883],[24.1062,59.1886],[24.107,59.1883],[24.0958,59.1821],[24.0932,59.1837],[24.0976,59.1887],[24.0945,59.1895],[24.0902,59.1887],[24.0886,59.1831],[24.0919,59.18],[24.0933,59.1796],[24.1003,59.1773],[24.1056,59.1774],[24.1063,59.1775],[24.1143,59.1828],[24.1203,59.1809],[24.1129,59.18],[24.1082,59.1779],[24.1109,59.1746],[24.1216,59.1751],[24.1234,59.1751],[24.1243,59.1749],[24.1242,59.1749],[24.1253,59.174],[24.1167,59.1731],[24.101,59.1738],[24.0981,59.1764],[24.0962,59.1763],[24.0894,59.178],[24.0813,59.178],[24.0747,59.17],[24.0747,59.1653],[24.0833,59.1638],[24.0789,59.1589],[24.095,59.1572],[24.0951,59.1549],[24.0934,59.1549],[24.0848,59.1501],[24.0776,59.1519],[24.077,59.1515],[24.0731,59.1522],[24.072,59.1516],[24.0706,59.1507],[24.0719,59.1386],[24.0678,59.1383],[24.0687,59.1358],[24.0665,59.1305],[24.0709,59.1295],[24.0637,59.1284],[24.0629,59.1279],[24.059,59.1207],[24.0497,59.1157],[24.0437,59.1185],[24.0582,59.123],[24.0582,59.1258],[24.0412,59.1244],[24.0349,59.1208],[24.0274,59.1149],[24.0136,59.115],[23.9926,59.1186],[23.9816,59.1193],[23.9901,59.1216],[23.9848,59.1261],[23.9904,59.1281],[24.0003,59.1242],[24.0071,59.1257],[23.9989,59.1302],[23.9947,59.1298],[23.9854,59.1352],[23.9958,59.1372],[24.0184,59.1338],[24.0233,59.1297],[24.0344,59.1289],[24.0387,59.1256],[24.049,59.1308],[24.0555,59.1319],[24.053,59.14],[24.0469,59.1455],[24.0438,59.148],[24.0281,59.1466],[24.0236,59.1522],[24.034,59.1514],[24.0553,59.1558],[24.0656,59.1619],[24.0699,59.1612],[24.0727,59.1668],[24.0533,59.1731],[24.0575,59.1733],[24.0655,59.1772],[24.0772,59.177],[24.0735,59.1909],[24.0686,59.1979],[24.0655,59.2055],[24.0619,59.207],[24.0533,59.2029],[24.0483,59.2032],[24.0467,59.1994],[24.0236,59.209],[24.0238,59.2107],[24.0217,59.2108],[24.0174,59.2098],[24.0236,59.2088],[24.0278,59.2034],[24.023,59.1978],[24.0322,59.1973],[24.0292,59.1926],[24.0256,59.194],[24.0207,59.1954],[24.014,59.1916],[24.0179,59.1863],[24.016,59.1804],[24.026,59.1802],[24.0341,59.1766],[24.0262,59.172],[24.0318,59.167],[24.0251,59.1603],[24.0213,59.1603],[24.0169,59.1619],[24.0095,59.159],[24.0173,59.1547],[24.005,59.154],[24.0089,59.1477],[24.0076,59.1449],[23.9963,59.1455],[23.9943,59.1493],[23.9822,59.1509],[23.9697,59.1555],[23.9724,59.1615],[23.9693,59.1663],[23.9724,59.1774],[23.9675,59.1801],[23.9599,59.1777],[23.9581,59.1753],[23.9637,59.1683],[23.9605,59.1674],[23.9592,59.1552],[23.9603,59.1467],[23.9627,59.145],[23.9655,59.1404],[23.9735,59.1369],[23.9783,59.1199],[23.9828,59.1169],[23.9789,59.1118],[23.9807,59.1077],[23.9783,59.1027],[23.9879,59.1046],[23.9922,59.0987],[23.9918,59.1041],[23.995,59.1101],[24.0105,59.1078],[24.0178,59.1065],[24.0175,59.1009],[24.0207,59.1018],[24.0222,59.1011],[24.035,59.1044],[24.0362,59.1039],[24.0443,59.1018],[24.0525,59.0957],[24.0516,59.092],[24.0451,59.0877],[24.0421,59.0921],[24.0469,59.0964],[24.0447,59.101],[24.0333,59.1017],[24.0221,59.0978],[24.0168,59.0969],[24.0167,59.0968],[24.0148,59.0967],[24.0141,59.0985],[24.0126,59.0983],[24.0113,59.0974],[24.0087,59.0968],[24.0045,59.0942],[23.9992,59.0913],[24.0047,59.0892],[23.9937,59.0872],[24.0035,59.084],[24.0098,59.0812],[24.015,59.078],[24.0143,59.072],[24.0075,59.069],[24.0037,59.0644],[23.989,59.0646],[23.9881,59.0638],[23.9859,59.0641],[23.9808,59.0618],[23.97,59.0704],[23.9759,59.0735],[23.9759,59.0737],[23.9749,59.0767],[23.9838,59.0838],[23.9863,59.0842],[23.9833,59.0861],[23.9896,59.0905],[23.9958,59.093],[23.995,59.0935],[23.9931,59.0946],[23.9819,59.0929],[23.981,59.0896],[23.9586,59.0896],[23.9573,59.0913],[23.9348,59.0934],[23.9085,59.1052],[23.9005,59.1101],[23.8966,59.1097],[23.8921,59.1053],[23.883,59.1098],[23.8811,59.1141],[23.8767,59.1168],[23.8939,59.1225],[23.9043,59.1213],[23.9063,59.125],[23.9133,59.1275],[23.9218,59.135],[23.9215,59.1372],[23.8971,59.139],[23.9005,59.1367],[23.9063,59.1326],[23.8862,59.1252],[23.8836,59.1226],[23.8728,59.1217],[23.8705,59.1208],[23.8614,59.1155],[23.8606,59.1124],[23.8573,59.1112],[23.8559,59.1087],[23.8554,59.1086],[23.8537,59.1105],[23.8535,59.1109],[23.8533,59.1112],[23.8366,59.116],[23.8352,59.1192],[23.827,59.1158],[23.8374,59.1105],[23.8526,59.1],[23.8479,59.0946],[23.8478,59.0946],[23.8457,59.0937],[23.8416,59.0946],[23.8414,59.0947],[23.8398,59.0972],[23.8398,59.0974],[23.8392,59.0981],[23.8398,59.0942],[23.847,59.0838],[23.8458,59.0803],[23.8434,59.0839],[23.8366,59.0834],[23.8188,59.0811],[23.8344,59.0753],[23.8165,59.0764],[23.8269,59.0714],[23.8225,59.0643],[23.8162,59.063],[23.8003,59.0635],[23.7981,59.0618],[23.7862,59.0652],[23.778,59.0716],[23.7631,59.0708],[23.7602,59.0727],[23.7624,59.0778],[23.7615,59.0823],[23.7533,59.0811],[23.7445,59.0837],[23.7372,59.0884],[23.7378,59.0908],[23.728,59.0947],[23.7184,59.0938],[23.7208,59.0987],[23.711,59.1068],[23.6981,59.1088],[23.6942,59.104],[23.6823,59.1042],[23.6899,59.1071],[23.6878,59.1099],[23.6725,59.1132],[23.6768,59.1179],[23.6733,59.1175],[23.6755,59.1194],[23.6739,59.1251],[23.6995,59.1201],[23.6845,59.1269],[23.6586,59.1348],[23.661,59.133],[23.6786,59.1269],[23.6724,59.1266],[23.662,59.122],[23.6416,59.1211],[23.6448,59.124],[23.6381,59.1315],[23.6266,59.1388],[23.6204,59.1404],[23.6139,59.1386],[23.6075,59.1412],[23.5957,59.1382],[23.594,59.1418],[23.6011,59.1441],[23.6052,59.1481],[23.6121,59.1489],[23.6224,59.1509],[23.6304,59.1501],[23.6393,59.1525],[23.6482,59.1512],[23.6573,59.1461],[23.6704,59.1423],[23.6763,59.1439],[23.6882,59.1417],[23.7056,59.1312],[23.7123,59.1312],[23.7226,59.1358],[23.7296,59.136],[23.7293,59.131],[23.7363,59.1287],[23.744,59.1212],[23.75,59.112],[23.7659,59.116],[23.7686,59.1178],[23.7666,59.1244],[23.7722,59.1201],[23.7804,59.1169],[23.7817,59.1127],[23.7843,59.1037],[23.7898,59.0999],[23.7984,59.0959],[23.8189,59.0959],[23.8097,59.1015],[23.8111,59.1067],[23.8145,59.1117],[23.8271,59.1122],[23.8297,59.1024],[23.8361,59.1016],[23.841,59.0991],[23.8449,59.0986],[23.8457,59.1009],[23.8394,59.1076],[23.8265,59.1143],[23.8169,59.1165],[23.8163,59.1228],[23.8103,59.1199],[23.8012,59.1248],[23.7909,59.126],[23.7777,59.1242],[23.7815,59.1308],[23.78,59.1385],[23.7785,59.141],[23.7849,59.1379],[23.8029,59.1384],[23.8038,59.1375],[23.8085,59.1345],[23.8189,59.1342],[23.8283,59.1327],[23.8318,59.1347],[23.8422,59.1326],[23.8426,59.1323],[23.8447,59.1332],[23.8423,59.138],[23.848,59.141],[23.8458,59.1459],[23.8357,59.1494],[23.8491,59.1595],[23.8562,59.1539],[23.8611,59.153],[23.866,59.1479],[23.866,59.1545],[23.8712,59.1579],[23.8714,59.1628],[23.8707,59.17],[23.8647,59.1738],[23.8557,59.1753],[23.8506,59.1838],[23.866,59.1875],[23.8747,59.1912],[23.892,59.1914],[23.8954,59.1951],[23.893,59.1958],[23.8839,59.196],[23.8834,59.1997],[23.8819,59.2051],[23.88,59.2075],[23.8911,59.2076],[23.9028,59.2086],[23.9096,59.2067],[23.9155,59.2085],[23.9215,59.2108],[23.9311,59.206],[23.9419,59.2026],[23.9471,59.2044],[23.9471,59.2045],[23.9472,59.2051],[23.9478,59.2051],[23.9485,59.2046],[23.9485,59.2044],[23.953,59.2023],[23.9525,59.2015],[23.9527,59.2015],[23.9539,59.2032],[23.9526,59.2041],[23.9506,59.2078],[23.9432,59.2127],[23.9406,59.2097],[23.9289,59.2107],[23.9347,59.2156],[23.9524,59.2221],[23.963,59.2189],[23.9644,59.219],[23.9604,59.2119],[23.9655,59.2085],[23.9838,59.21],[23.9906,59.2112],[23.9958,59.2084],[24,59.211],[24.0018,59.2106],[24.0097,59.2143],[24.0077,59.2173],[24.0059,59.2184],[24.0029,59.2192],[23.9988,59.2186],[23.9978,59.2178],[23.9915,59.2145],[23.9866,59.2172],[23.9777,59.2225],[23.9664,59.2265],[23.9686,59.2292],[23.9658,59.2306],[23.9595,59.2335],[23.9666,59.2335],[23.9809,59.24],[23.9837,59.2393],[23.988,59.241],[24.004,59.2406],[23.9541,59.2527],[23.9348,59.2562],[23.918,59.2541],[23.8879,59.2497],[23.89,59.2441],[23.9,59.2429],[23.9067,59.2445],[23.9109,59.2411],[23.9167,59.2394],[23.9113,59.2434],[23.9131,59.2467],[23.9164,59.2486],[23.9188,59.2494],[23.9195,59.2487],[23.9271,59.245],[23.9375,59.2427],[23.9455,59.2372],[23.9457,59.237],[23.9503,59.2357],[23.951,59.2359],[23.9517,59.2356],[23.9543,59.2342],[23.9502,59.2312],[23.9412,59.2363],[23.9346,59.2378],[23.923,59.2344],[23.9227,59.2301],[23.9266,59.2241],[23.9227,59.2256],[23.9157,59.2235],[23.9098,59.2277],[23.9015,59.229],[23.8909,59.2256],[23.8666,59.2286],[23.8669,59.2303],[23.8654,59.2337],[23.8563,59.2413],[23.8569,59.2461],[23.8487,59.2437],[23.8469,59.24],[23.8546,59.2369],[23.8613,59.2327],[23.8624,59.2285],[23.8533,59.2254],[23.847,59.2227],[23.847,59.2186],[23.8487,59.2167],[23.8452,59.2104],[23.8516,59.2057],[23.8524,59.202],[23.8497,59.195],[23.8405,59.1894],[23.8509,59.1924],[23.8567,59.1914],[23.8449,59.1854],[23.8376,59.1799],[23.836,59.1751],[23.8456,59.1764],[23.8501,59.1738],[23.8449,59.1721],[23.8461,59.1673],[23.8377,59.1667],[23.8349,59.1624],[23.8385,59.1596],[23.8387,59.1558],[23.8333,59.1511],[23.8344,59.148],[23.8332,59.1481],[23.8315,59.1503],[23.8384,59.1565],[23.8326,59.1574],[23.8277,59.1622],[23.8221,59.1586],[23.8148,59.158],[23.8022,59.1595],[23.7931,59.1665],[23.7885,59.1674],[23.7774,59.1752],[23.7679,59.1788],[23.7688,59.1655],[23.7603,59.1618],[23.7591,59.1563],[23.7468,59.1619],[23.7501,59.1637],[23.7378,59.1651],[23.7483,59.1559],[23.749,59.1557],[23.7508,59.1553],[23.7516,59.1553],[23.7522,59.1552],[23.7526,59.1549],[23.7597,59.1516],[23.7603,59.1414],[23.7694,59.1385],[23.7673,59.1315],[23.7568,59.1423],[23.7449,59.1537],[23.7445,59.1541],[23.7445,59.1542],[23.7443,59.1544],[23.7434,59.1555],[23.7433,59.1556],[23.7432,59.1556],[23.7429,59.1559],[23.7428,59.1559],[23.7388,59.1588],[23.7384,59.159],[23.734,59.1643],[23.7341,59.1667],[23.7302,59.1726],[23.7272,59.172],[23.7307,59.1737],[23.7332,59.1725],[23.74,59.1728],[23.74,59.1776],[23.7358,59.1805],[23.7295,59.1827],[23.7396,59.1864],[23.7491,59.1911],[23.7448,59.193],[23.7495,59.1975],[23.7759,59.2001],[23.7871,59.1982],[23.8024,59.199],[23.812,59.2074],[23.8197,59.2199],[23.8238,59.2385],[23.8281,59.2397],[23.8295,59.242],[23.8257,59.2409],[23.8026,59.2412],[23.7544,59.2394],[23.7558,59.226],[23.7515,59.2218],[23.7316,59.2154],[23.7207,59.2089],[23.706,59.1991],[23.6861,59.1951],[23.6888,59.1922],[23.6985,59.1911],[23.6985,59.1855],[23.701,59.185],[23.6988,59.1835],[23.6929,59.1837],[23.6842,59.1887],[23.6783,59.1917],[23.6688,59.1874],[23.665,59.1856],[23.657,59.182],[23.6534,59.1805],[23.6519,59.175],[23.6451,59.1766],[23.613,59.162],[23.6115,59.1587],[23.61,59.1554],[23.6078,59.1543],[23.6025,59.152],[23.587,59.1454],[23.5822,59.1418],[23.5797,59.14],[23.5728,59.135],[23.5762,59.1316],[23.5704,59.1292],[23.5769,59.126],[23.5786,59.1213],[23.5889,59.1179],[23.6002,59.1161],[23.5977,59.1135],[23.5888,59.1117],[23.5774,59.1119],[23.5821,59.1031],[23.5868,59.1014],[23.5874,59.1007],[23.5977,59.1007],[23.6278,59.0947],[23.6293,59.0875],[23.6306,59.0807],[23.6146,59.0821],[23.5943,59.0824],[23.5991,59.0763],[23.6049,59.0805],[23.617,59.0807],[23.6324,59.0785],[23.6368,59.0774],[23.6333,59.0683],[23.637,59.0672],[23.6475,59.0671],[23.6548,59.0644],[23.6581,59.0583],[23.6584,59.0579],[23.658,59.0556],[23.6713,59.0509],[23.6701,59.0476],[23.6715,59.0463],[23.6771,59.0444],[23.6843,59.048],[23.6879,59.0438],[23.7025,59.0438],[23.7077,59.0385],[23.697,59.0354],[23.6891,59.0338],[23.6839,59.0329],[23.6734,59.0302],[23.6748,59.0292],[23.6792,59.0276],[23.6853,59.0255],[23.6877,59.021],[23.6892,59.0202],[23.6923,59.02],[23.693,59.0204],[23.696,59.0188],[23.6961,59.0182],[23.6938,59.0136],[23.6995,59.0125],[23.6984,59.0121],[23.6963,59.011],[23.6934,59.008],[23.7008,59.001],[23.7017,59.0014],[23.7016,59.002],[23.7016,59.0047],[23.7022,59.0055],[23.7028,59.0063],[23.7087,59.0049],[23.7092,59.005],[23.7242,59.0083],[23.7124,59.01],[23.7045,59.0142],[23.7047,59.0157],[23.7052,59.0151],[23.7092,59.0143],[23.7092,59.0149],[23.7079,59.0153],[23.7075,59.0166],[23.7086,59.0185],[23.7058,59.0206],[23.7063,59.0219],[23.7078,59.0229],[23.7001,59.0262],[23.6993,59.0275],[23.697,59.0265],[23.6949,59.0264],[23.6933,59.0262],[23.694,59.026],[23.6895,59.0256],[23.6907,59.026],[23.6916,59.0263],[23.6927,59.0275],[23.6967,59.0288],[23.7049,59.0313],[23.7038,59.0321],[23.7058,59.0352],[23.7104,59.0375],[23.7196,59.0338],[23.7268,59.0358],[23.7175,59.0403],[23.7178,59.0405],[23.7215,59.0415],[23.7077,59.0443],[23.7069,59.0443],[23.7169,59.0498],[23.7232,59.0479],[23.7259,59.0488],[23.7294,59.0479],[23.7317,59.0468],[23.7395,59.0522],[23.7435,59.0537],[23.7511,59.049],[23.7509,59.0489],[23.7484,59.0482],[23.7435,59.0476],[23.7433,59.0475],[23.7454,59.044],[23.7497,59.046],[23.7574,59.0512],[23.7639,59.0494],[23.7597,59.0433],[23.7523,59.0454],[23.7453,59.0415],[23.7346,59.0369],[23.7443,59.0359],[23.7477,59.0367],[23.7508,59.034],[23.7507,59.0338],[23.7485,59.0331],[23.7332,59.0287],[23.7299,59.0316],[23.7295,59.0317],[23.7199,59.0298],[23.7197,59.0297],[23.7138,59.0281],[23.7113,59.0278],[23.7107,59.0272],[23.7104,59.0271],[23.7088,59.0271],[23.7081,59.0274],[23.7112,59.0232],[23.7141,59.0231],[23.7179,59.0228],[23.7242,59.0214],[23.7288,59.0246],[23.74,59.0285],[23.7528,59.0244],[23.7536,59.0119],[23.778,59.012],[23.7786,59.0127],[23.7542,59.0128],[23.7555,59.0327],[23.7602,59.0326],[23.7612,59.0251],[23.7654,59.0265],[23.7655,59.0269],[23.7624,59.0293],[23.7637,59.0302],[23.763,59.0317],[23.7636,59.0319],[23.7638,59.0306],[23.7653,59.0309],[23.7687,59.0306],[23.7743,59.03],[23.7752,59.0304],[23.782,59.0349],[23.7839,59.036],[23.7771,59.0445],[23.7712,59.0482],[23.7832,59.0531],[23.7674,59.0546],[23.768,59.0558],[23.7768,59.0555],[23.7806,59.0584],[23.7911,59.0548],[23.8016,59.0556],[23.7909,59.0523],[23.7998,59.0503],[23.7955,59.0423],[23.7892,59.0388],[23.7923,59.0379],[23.7899,59.0345],[23.7959,59.0307],[23.7967,59.0293],[23.7868,59.0255],[23.7854,59.0228],[23.7924,59.0242],[23.8048,59.0241],[23.7994,59.0203],[23.7945,59.0181],[23.7925,59.0154],[23.7915,59.0146],[23.7914,59.0146],[23.7907,59.0149],[23.7877,59.0135],[23.7886,59.0134],[23.7897,59.0124],[23.8031,59.0081],[23.7974,59.0034],[23.7966,58.9993],[23.7854,58.9924],[23.7773,58.9892],[23.7771,58.9885],[23.788,58.9927],[23.7947,58.9969],[23.8092,58.9909],[23.81,58.988],[23.8216,58.9834],[23.8297,58.9848],[23.8111,58.9916],[23.8155,58.996],[23.8261,58.9937],[23.838,58.9974],[23.8372,59.0003],[23.8369,59.0011],[23.8413,59.0011],[23.8554,58.9997],[23.8623,58.9976],[23.8632,58.9949],[23.8702,58.9915],[23.8782,58.9919],[23.8827,58.9862],[23.8839,58.9859],[23.8896,58.9891],[23.898,58.9763],[23.8984,58.9739],[23.9405,58.9742],[23.9349,58.9736],[23.9023,58.973],[23.9006,58.9721],[23.9033,58.9696],[23.9033,58.9682],[23.9016,58.9677],[23.8966,58.9674],[23.8957,58.968],[23.8957,58.9681],[23.8929,58.9667],[23.8991,58.9619],[23.8968,58.9591],[23.889,58.9644],[23.8817,58.9638],[23.8824,58.9627],[23.878,58.9622],[23.8755,58.9619],[23.8698,58.9598],[23.8693,58.9604],[23.8655,58.96],[23.8623,58.9575],[23.8617,58.9568],[23.8703,58.9575],[23.8715,58.9534],[23.8739,58.9528],[23.8755,58.9519],[23.8764,58.9516],[23.8853,58.9479],[23.8844,58.9434],[23.8876,58.9379],[23.8787,58.9383],[23.8648,58.936],[23.8625,58.9269],[23.8727,58.9263],[23.8682,58.9223],[23.8481,58.9207],[23.8421,58.9231],[23.8489,58.9303],[23.853,58.9299],[23.8528,58.9319],[23.849,58.9337],[23.8378,58.9353],[23.8317,58.9347],[23.8306,58.9344],[23.8237,58.9321],[23.8036,58.932],[23.8079,58.9277],[23.8124,58.9238],[23.8095,58.9213],[23.8092,58.9209],[23.8112,58.9178],[23.8115,58.9177],[23.8123,58.9165],[23.8156,58.9167],[23.8034,58.915],[23.7842,58.9122],[23.7727,58.9118],[23.7838,58.917],[23.7838,58.9171],[23.7803,58.9218],[23.7874,58.926],[23.7913,58.9223],[23.7928,58.9227],[23.7906,58.9249],[23.79,58.9255],[23.7884,58.9272],[23.8012,58.932],[23.8024,58.939],[23.7929,58.9298],[23.7857,58.9285],[23.7855,58.9285],[23.7783,58.924],[23.7648,58.9193],[23.7638,58.9185],[23.7638,58.9178],[23.7606,58.916],[23.7603,58.9168],[23.7598,58.917],[23.7589,58.9179],[23.7597,58.9191],[23.7506,58.919],[23.749,58.9176],[23.7484,58.9146],[23.7381,58.9111],[23.7321,58.9129],[23.7254,58.9122],[23.7323,58.9067],[23.7182,58.9024],[23.7102,58.9094],[23.6989,58.9079],[23.6998,58.9056],[23.7077,58.9016],[23.6916,58.899],[23.6906,58.8983],[23.6817,58.8956],[23.678,58.8987],[23.6867,58.9043],[23.6947,58.9038],[23.6911,58.9075],[23.6874,58.9102],[23.6759,58.9089],[23.6709,58.9166],[23.6741,58.9192],[23.6665,58.9296],[23.6716,58.9305],[23.6749,58.9236],[23.6767,58.9245],[23.6782,58.9249],[23.6767,58.9259],[23.6765,58.9264],[23.6789,58.93],[23.667,58.9331],[23.6623,58.9395],[23.666,58.9459],[23.6729,58.9466],[23.6772,58.9394],[23.684,58.939],[23.6831,58.9399],[23.6831,58.9407],[23.6885,58.9442],[23.6916,58.941],[23.6926,58.9395],[23.6937,58.9349],[23.7038,58.9314],[23.7123,58.9271],[23.7146,58.9263],[23.7206,58.9218],[23.7256,58.9224],[23.7255,58.9233],[23.7271,58.924],[23.7277,58.9245],[23.7306,58.9276],[23.731,58.9286],[23.7284,58.9367],[23.7328,58.9399],[23.7316,58.9416],[23.731,58.9432],[23.7365,58.9461],[23.7531,58.9469],[23.7494,58.9498],[23.7445,58.948],[23.7344,58.9495],[23.7334,58.9496],[23.7319,58.9497],[23.7215,58.9458],[23.72,58.9415],[23.7035,58.948],[23.7068,58.9538],[23.7052,58.9572],[23.7061,58.9579],[23.7066,58.958],[23.706,58.9586],[23.6913,58.9613],[23.6902,58.958],[23.6903,58.9579],[23.69,58.9572],[23.6915,58.9573],[23.6943,58.9568],[23.6948,58.9566],[23.6979,58.9566],[23.699,58.9558],[23.7001,58.9468],[23.6901,58.9497],[23.6908,58.9502],[23.6785,58.9483],[23.6713,58.9518],[23.6671,58.9489],[23.6612,58.9472],[23.6557,58.9456],[23.647,58.947],[23.6397,58.9456],[23.6404,58.9451],[23.6428,58.9452],[23.6535,58.9408],[23.6484,58.9347],[23.6423,58.9313],[23.643,58.9239],[23.6558,58.9182],[23.6567,58.9174],[23.6559,58.9166],[23.6551,58.9159],[23.6552,58.914],[23.6586,58.914],[23.6581,58.9129],[23.6571,58.9139],[23.6569,58.9139],[23.6553,58.9139],[23.6543,58.9131],[23.6537,58.9127],[23.6543,58.9124],[23.6546,58.9121],[23.6509,58.9091],[23.6509,58.9064],[23.6575,58.9054],[23.6575,58.9056],[23.6598,58.9116],[23.6624,58.9114],[23.6626,58.9104],[23.6638,58.9099],[23.6608,58.9096],[23.6718,58.9076],[23.6743,58.9038],[23.6666,58.903],[23.6664,58.9029],[23.6704,58.9013],[23.6706,58.901],[23.6716,58.8963],[23.6775,58.8931],[23.6676,58.88],[23.6782,58.877],[23.6883,58.8819],[23.7009,58.8803],[23.7008,58.8818],[23.7047,58.884],[23.7145,58.8869],[23.7129,58.8808],[23.7146,58.8757],[23.716,58.8756],[23.7242,58.8769],[23.7374,58.8784],[23.7388,58.8779],[23.7448,58.875],[23.7372,58.869],[23.7254,58.8748],[23.7192,58.873],[23.7193,58.8721],[23.7337,58.8666],[23.7429,58.8667],[23.751,58.8635],[23.7524,58.8604],[23.7549,58.8561],[23.7549,58.8711],[23.7705,58.8684],[23.7769,58.8678],[23.7739,58.8629],[23.7837,58.8595],[23.7793,58.8618],[23.7816,58.8734],[23.7931,58.8732],[23.7986,58.8778],[23.7807,58.8782],[23.7798,58.8856],[23.7792,58.8862],[23.7768,58.8907],[23.7827,58.8932],[23.7884,58.8912],[23.7909,58.8858],[23.8026,58.8831],[23.8061,58.8801],[23.8053,58.8753],[23.8123,58.8706],[23.8037,58.8656],[23.8026,58.8586],[23.8042,58.8582],[23.8143,58.8592],[23.8305,58.8632],[23.8347,58.8606],[23.8402,58.8641],[23.8357,58.8667],[23.8354,58.8668],[23.8354,58.8674],[23.8458,58.8747],[23.8456,58.8779],[23.8411,58.8811],[23.8271,58.8805],[23.822,58.8816],[23.8207,58.8813],[23.8157,58.8786],[23.8078,58.8944],[23.8015,58.8944],[23.7979,58.8909],[23.7879,58.8969],[23.7964,58.902],[23.8089,58.9009],[23.8091,58.8973],[23.8171,58.8907],[23.8208,58.8922],[23.8207,58.8831],[23.8279,58.8906],[23.8276,58.8945],[23.8475,58.9043],[23.8566,58.9055],[23.8619,58.9134],[23.8688,58.9128],[23.8669,58.8951],[23.8723,58.8952],[23.8729,58.9005],[23.874,58.9029],[23.8923,58.9028],[23.8913,58.9113],[23.8863,58.9152],[23.8789,58.9127],[23.8781,58.9194],[23.8912,58.9181],[23.8992,58.9177],[23.9014,58.921],[23.9013,58.9236],[23.9011,58.9289],[23.8998,58.9342],[23.8973,58.9381],[23.9076,58.9391],[23.9087,58.9397],[23.9101,58.9399],[23.9105,58.9393],[23.9121,58.9361],[23.9141,58.9364],[23.926,58.9322],[23.934,58.9265],[23.9362,58.9255],[23.9266,58.9205],[23.9201,58.9216],[23.9161,58.9176],[23.9115,58.9175],[23.9087,58.9164],[23.9057,58.9167],[23.9007,58.9167],[23.8996,58.9146],[23.9134,58.9076],[23.9172,58.9042],[23.9253,58.9036],[23.9345,58.9019],[23.9354,58.8987],[23.9376,58.8957],[23.9303,58.8917],[23.9246,58.8872]],[[23.7512,58.8877],[23.7544,58.8894],[23.7634,58.8897],[23.7702,58.8812],[23.7704,58.8759],[23.7611,58.8767],[23.7536,58.8721],[23.7454,58.8796],[23.7504,58.881],[23.7512,58.8877]],[[23.6903,59.0504],[23.6839,59.0503],[23.671,59.0541],[23.6637,59.0544],[23.6585,59.0623],[23.6598,59.0642],[23.6634,59.0668],[23.6717,59.0668],[23.6711,59.0697],[23.6681,59.0755],[23.6755,59.0818],[23.6839,59.0788],[23.6914,59.0749],[23.6982,59.072],[23.6969,59.0687],[23.698,59.0681],[23.7041,59.0622],[23.707,59.0562],[23.6984,59.05],[23.6903,59.0504]],[[23.9307,59.0844],[23.9317,59.0857],[23.9436,59.0866],[23.9468,59.0835],[23.9647,59.0854],[23.9685,59.0847],[23.9597,59.0724],[23.9711,59.06],[23.9774,59.0606],[23.9834,59.0554],[23.9737,59.0502],[23.9726,59.0498],[23.957,59.0514],[23.9496,59.0566],[23.9512,59.0601],[23.9366,59.0671],[23.9326,59.0727],[23.9307,59.0844]],[[23.926,59.0627],[23.927,59.0632],[23.9139,59.0612],[23.907,59.064],[23.9108,59.0695],[23.9071,59.0708],[23.8926,59.0759],[23.9037,59.0775],[23.9046,59.0787],[23.9022,59.0809],[23.9077,59.0801],[23.9097,59.0799],[23.9174,59.0807],[23.9257,59.0764],[23.9248,59.0734],[23.9325,59.0688],[23.9363,59.0619],[23.926,59.0627]],[[23.7857,59.1521],[23.7912,59.1542],[23.8038,59.1472],[23.7999,59.1422],[23.7902,59.1419],[23.7751,59.1438],[23.7709,59.1465],[23.7709,59.1508],[23.7775,59.1541],[23.7857,59.1521]],[[23.7092,59.1629],[23.7146,59.1636],[23.7104,59.1658],[23.6989,59.167],[23.7082,59.1713],[23.7197,59.1739],[23.7263,59.1718],[23.7225,59.1675],[23.7215,59.1657],[23.7287,59.1706],[23.7333,59.1635],[23.7401,59.1573],[23.7421,59.1516],[23.7506,59.1436],[23.7481,59.1397],[23.7358,59.1384],[23.7277,59.1394],[23.7251,59.1447],[23.7144,59.1462],[23.7181,59.1438],[23.7213,59.1367],[23.7165,59.1378],[23.714,59.1453],[23.7018,59.1524],[23.7047,59.1595],[23.7092,59.1629]],[[23.9292,58.979],[23.9333,58.9838],[23.9435,58.9887],[23.9537,58.9883],[23.9535,58.9819],[23.9448,58.977],[23.9348,58.9761],[23.9292,58.979]],[[23.6017,59.1383],[23.609,59.14],[23.6151,59.1374],[23.6235,59.137],[23.6255,59.134],[23.6367,59.1286],[23.6397,59.1238],[23.6296,59.1215],[23.6188,59.1244],[23.6089,59.1292],[23.6085,59.133],[23.6017,59.1383]],[[24.0877,59.0696],[24.0926,59.0774],[24.1066,59.0857],[24.1113,59.084],[24.1179,59.0759],[24.1161,59.0719],[24.1072,59.0697],[24.0877,59.0696]]],[[[26.6806,58.8421],[26.6859,58.8412],[26.6982,58.8436],[26.7035,58.8407],[26.7033,58.8397],[26.7118,58.8373],[26.7078,58.8411],[26.7037,58.8417],[26.7035,58.8543],[26.6959,58.8568],[26.6881,58.8529],[26.6881,58.8568],[26.6945,58.8593],[26.6934,58.8646],[26.646,58.8463],[26.6517,58.8449],[26.654,58.8431],[26.6547,58.8432],[26.655,58.8435],[26.6596,58.8466],[26.6598,58.8465],[26.6667,58.8442],[26.6786,58.8439],[26.6806,58.8421]]],[[[26.7835,58.8451],[26.7907,58.8487],[26.8233,58.8648],[26.8215,58.8667],[26.8293,58.8725],[26.8211,58.8776],[26.8192,58.8856],[26.8164,58.8855],[26.8076,58.8855],[26.8054,58.8894],[26.8029,58.8884],[26.8001,58.8853],[26.8035,58.8826],[26.8163,58.8796],[26.8215,58.874],[26.8144,58.8724],[26.8137,58.8774],[26.8002,58.8759],[26.8046,58.8807],[26.795,58.8826],[26.7878,58.8896],[26.7793,58.8892],[26.7764,58.889],[26.7576,58.888],[26.7547,58.8832],[26.7566,58.8801],[26.7535,58.8811],[26.741,58.8775],[26.7374,58.8783],[26.7317,58.8759],[26.731,58.873],[26.7166,58.8662],[26.7098,58.8702],[26.719,58.8746],[26.7197,58.8777],[26.7327,58.8814],[26.7192,58.8802],[26.7045,58.8706],[26.7023,58.8663],[26.7071,58.8598],[26.7062,58.8549],[26.7133,58.8584],[26.719,58.8574],[26.7072,58.8539],[26.711,58.8502],[26.7147,58.8471],[26.7221,58.8504],[26.7256,58.8471],[26.7151,58.8459],[26.723,58.8396],[26.7272,58.843],[26.739,58.8329],[26.7455,58.8388],[26.7367,58.8408],[26.7314,58.8496],[26.7331,58.8548],[26.7396,58.8556],[26.7389,58.8467],[26.7415,58.8426],[26.7463,58.8447],[26.7453,58.851],[26.7559,58.8463],[26.7547,58.8388],[26.7548,58.8384],[26.7596,58.8331],[26.7802,58.8435],[26.7835,58.8451]]],[[[23.9246,58.8872],[23.9164,58.8878],[23.9137,58.8893],[23.9122,58.8902],[23.9002,58.8853],[23.9044,58.8802],[23.9027,58.8776],[23.9136,58.8758],[23.9307,58.8729],[23.9266,58.8683],[23.9186,58.8715],[23.9142,58.8713],[23.9102,58.864],[23.9105,58.8596],[23.92,58.8554],[23.9315,58.8557],[23.9341,58.859],[23.9317,58.8596],[23.9353,58.8617],[23.9374,58.8621],[23.9373,58.863],[23.9377,58.864],[23.9372,58.867],[23.9363,58.8668],[23.9339,58.8688],[23.935,58.8694],[23.9454,58.8765],[23.9379,58.8818],[23.9356,58.8782],[23.9303,58.876],[23.9171,58.879],[23.9188,58.8822],[23.9246,58.8872]]],[[[22.9499,58.8673],[22.9418,58.8641],[22.9415,58.8641],[22.933,58.8681],[22.9195,58.8559],[22.9213,58.8544],[22.9229,58.8537],[22.9301,58.8545],[22.9479,58.8469],[22.9495,58.851],[22.956,58.8518],[22.968,58.8498],[22.9747,58.852],[22.9706,58.8539],[22.9625,58.8571],[22.9636,58.8627],[22.9641,58.8618],[22.9692,58.8582],[22.9746,58.861],[22.9808,58.8644],[22.979,58.8705],[22.9682,58.8752],[22.9599,58.8726],[22.9621,58.867],[22.962,58.8653],[22.9602,58.8635],[22.9558,58.8673],[22.9499,58.8673]]],[[[25.345,58.8678],[25.3432,58.8703],[25.3357,58.8726],[25.3446,58.8733],[25.3482,58.8798],[25.358,58.8744],[25.364,58.8727],[25.3706,58.8754],[25.3643,58.8822],[25.3669,58.8846],[25.36,58.8878],[25.3488,58.8899],[25.3475,58.8899],[25.348,58.8866],[25.3414,58.8861],[25.3425,58.8899],[25.3411,58.8919],[25.3363,58.892],[25.334,58.8909],[25.3256,58.8866],[25.324,58.8844],[25.3377,58.8862],[25.3439,58.8814],[25.3319,58.8811],[25.3311,58.8742],[25.3214,58.872],[25.3157,58.8749],[25.3201,58.8791],[25.3111,58.8821],[25.3154,58.8855],[25.3045,58.8845],[25.3076,58.8813],[25.2985,58.8789],[25.2976,58.8786],[25.2934,58.8775],[25.2926,58.8768],[25.2888,58.8741],[25.2824,58.8719],[25.2757,58.8765],[25.2691,58.8771],[25.2594,58.878],[25.2561,58.8724],[25.244,58.8648],[25.2383,58.8585],[25.2419,58.8562],[25.25,58.8547],[25.2515,58.8601],[25.258,58.8603],[25.266,58.8586],[25.2885,58.8678],[25.298,58.8708],[25.3051,58.8684],[25.3112,58.8597],[25.3226,58.8557],[25.3259,58.8532],[25.3276,58.8535],[25.3252,58.8568],[25.3268,58.864],[25.3421,58.8641],[25.3444,58.865],[25.345,58.8678]]],[[[24.3212,58.8893],[24.3308,58.886],[24.3357,58.8808],[24.3373,58.8818],[24.3479,58.8872],[24.3519,58.8912],[24.335,58.8907],[24.3427,58.8986],[24.3509,58.896],[24.3603,58.8971],[24.3615,58.8997],[24.3674,58.9012],[24.3742,58.9049],[24.379,58.9023],[24.3803,58.9026],[24.382,58.9073],[24.3726,58.9067],[24.3717,58.9147],[24.3803,58.91],[24.3857,58.9185],[24.3893,58.9183],[24.393,58.9242],[24.3915,58.9279],[24.3956,58.9335],[24.4002,58.9303],[24.4067,58.9301],[24.4101,58.9303],[24.4112,58.9307],[24.4135,58.9308],[24.4158,58.9313],[24.4223,58.9372],[24.4235,58.9377],[24.427,58.934],[24.4358,58.9311],[24.44,58.932],[24.4327,58.9352],[24.4355,58.9392],[24.4378,58.9413],[24.438,58.9451],[24.443,58.9508],[24.4409,58.953],[24.4303,58.9608],[24.4209,58.9606],[24.4137,58.9614],[24.4033,58.9644],[24.388,58.9669],[24.3801,58.9672],[24.3799,58.9699],[24.3861,58.9696],[24.3876,58.9699],[24.3882,58.9684],[24.3886,58.9679],[24.3969,58.9705],[24.4055,58.9735],[24.4073,58.9742],[24.4133,58.9665],[24.4214,58.9689],[24.4234,58.9701],[24.4165,58.9712],[24.419,58.9773],[24.4177,58.9825],[24.4078,58.9857],[24.3974,58.99],[24.3975,58.9942],[24.4057,58.9952],[24.4099,58.9926],[24.4098,58.9864],[24.4155,58.9847],[24.421,58.9877],[24.4269,58.9835],[24.4278,58.9837],[24.4283,58.9851],[24.4303,58.9879],[24.4343,58.9896],[24.4425,58.9863],[24.4522,58.9867],[24.4536,58.9896],[24.448,58.9956],[24.4592,58.9924],[24.4654,58.9931],[24.449,59.0234],[24.4396,59.0273],[24.4358,59.0319],[24.4439,59.0333],[24.4347,59.033],[24.4379,59.0385],[24.4239,59.044],[24.4213,59.0441],[24.417,59.0444],[24.416,59.0447],[24.4136,59.0455],[24.4138,59.0449],[24.4147,59.044],[24.4125,59.0432],[24.4106,59.0433],[24.4104,59.0427],[24.4074,59.038],[24.4049,59.0374],[24.402,59.0383],[24.4024,59.0386],[24.3944,59.0364],[24.3945,59.0289],[24.3979,59.0263],[24.3899,59.0224],[24.39,59.0205],[24.3836,59.0151],[24.3918,59.0134],[24.3957,59.0171],[24.4044,59.0201],[24.4044,59.0276],[24.4106,59.0315],[24.4207,59.0315],[24.4206,59.0324],[24.4287,59.0337],[24.429,59.0285],[24.4251,59.029],[24.4117,59.0216],[24.4075,59.0196],[24.3983,59.0157],[24.3967,59.008],[24.4062,59.0007],[24.3993,59],[24.3923,59.0029],[24.3829,59.0021],[24.3753,58.9989],[24.3674,58.9942],[24.3574,58.9925],[24.3347,58.9964],[24.3277,58.9945],[24.3192,58.9955],[24.3114,58.9928],[24.2995,58.9819],[24.2907,58.977],[24.2929,58.9725],[24.2904,58.9691],[24.2933,58.9669],[24.3019,58.9732],[24.3022,58.9745],[24.3168,58.9784],[24.3213,58.9823],[24.3379,58.9851],[24.3447,58.981],[24.3423,58.9766],[24.3537,58.9773],[24.3539,58.9787],[24.3634,58.9847],[24.3686,58.9815],[24.3614,58.9785],[24.3572,58.9768],[24.357,58.976],[24.3526,58.9734],[24.3511,58.9738],[24.3565,58.9716],[24.3541,58.9675],[24.3434,58.965],[24.342,58.971],[24.3324,58.9687],[24.3331,58.9686],[24.3415,58.9646],[24.343,58.9582],[24.3335,58.9555],[24.3369,58.9626],[24.3317,58.9627],[24.3298,58.9617],[24.328,58.9593],[24.3281,58.9546],[24.3326,58.9516],[24.3432,58.9546],[24.343,58.9477],[24.3359,58.9431],[24.3371,58.9399],[24.3439,58.937],[24.3327,58.9269],[24.3417,58.9239],[24.3376,58.9166],[24.3291,58.9117],[24.3256,58.9176],[24.316,58.9187],[24.312,58.9191],[24.312,58.9199],[24.312,58.9215],[24.3139,58.921],[24.318,58.923],[24.3147,58.9272],[24.3141,58.928],[24.3066,58.926],[24.3088,58.921],[24.312,58.9145],[24.3086,58.9123],[24.309,58.9064],[24.3042,58.903],[24.309,58.8954],[24.3266,58.8961],[24.3272,58.8929],[24.3212,58.8893]]],[[[23.6473,58.9071],[23.6459,58.9116],[23.6459,58.9149],[23.6459,58.9157],[23.6477,58.9176],[23.6368,58.9183],[23.6225,58.9144],[23.6193,58.9159],[23.6157,58.9148],[23.618,58.9134],[23.6163,58.9126],[23.6071,58.9133],[23.5993,58.9115],[23.5887,58.9163],[23.5815,58.9175],[23.5982,58.9049],[23.6099,58.8987],[23.6142,58.9022],[23.626,58.9002],[23.6248,58.8966],[23.6263,58.8938],[23.6269,58.893],[23.6369,58.8946],[23.6345,58.9021],[23.6473,58.9071]]],[[[23.4584,58.9326],[23.4574,58.9376],[23.4544,58.9397],[23.4459,58.9396],[23.4356,58.9365],[23.4314,58.9305],[23.4385,58.9254],[23.4386,58.9245],[23.4381,58.9241],[23.4412,58.9231],[23.4482,58.9207],[23.4495,58.9216],[23.4537,58.9223],[23.4541,58.9215],[23.4546,58.9207],[23.4665,58.9226],[23.4579,58.9179],[23.4474,58.918],[23.4506,58.9156],[23.4507,58.9154],[23.4514,58.9144],[23.458,58.912],[23.4778,58.9194],[23.4733,58.9217],[23.474,58.9219],[23.4748,58.9219],[23.4766,58.9218],[23.4736,58.9235],[23.4837,58.9244],[23.4939,58.9181],[23.4975,58.9237],[23.5054,58.9215],[23.5013,58.9189],[23.508,58.9191],[23.5082,58.9191],[23.5101,58.9206],[23.5114,58.9206],[23.5117,58.9202],[23.521,58.9221],[23.5222,58.922],[23.5203,58.9279],[23.5154,58.9275],[23.5061,58.9254],[23.487,58.9284],[23.4764,58.9314],[23.4702,58.9291],[23.4584,58.9326]]],[[[24.5343,58.9273],[24.533,58.9269],[24.5354,58.9322],[24.5464,58.9331],[24.556,58.937],[24.5537,58.9401],[24.5681,58.9442],[24.556,58.9429],[24.553,58.9419],[24.5541,58.9472],[24.5386,58.9582],[24.5299,58.9585],[24.5138,58.9504],[24.5032,58.9468],[24.5005,58.9415],[24.5071,58.936],[24.5127,58.938],[24.5111,58.9425],[24.5292,58.9468],[24.5263,58.9428],[24.5296,58.9394],[24.539,58.9428],[24.5426,58.9388],[24.5433,58.9378],[24.5348,58.935],[24.529,58.932],[24.5297,58.9328],[24.5187,58.9336],[24.5208,58.9348],[24.5208,58.9355],[24.5207,58.941],[24.5188,58.9407],[24.5116,58.9358],[24.5132,58.9331],[24.4954,58.9268],[24.4917,58.9311],[24.4842,58.9281],[24.4812,58.9226],[24.4947,58.9223],[24.499,58.9185],[24.5132,58.9106],[24.5148,58.9096],[24.5201,58.9039],[24.5279,58.9079],[24.5341,58.9054],[24.5434,58.9091],[24.5557,58.9041],[24.5589,58.9028],[24.5618,58.8957],[24.5717,58.8961],[24.5721,58.8959],[24.5822,58.8985],[24.5835,58.9033],[24.5805,58.9099],[24.5827,58.91],[24.5938,58.9137],[24.5921,58.9171],[24.5803,58.9168],[24.5728,58.9243],[24.5684,58.9274],[24.5678,58.9322],[24.5652,58.9325],[24.5654,58.9269],[24.5597,58.9232],[24.5446,58.9211],[24.5425,58.9265],[24.5343,58.9273]]],[[[25.8006,58.9331],[25.8044,58.9343],[25.8146,58.9334],[25.8217,58.9396],[25.817,58.9423],[25.8185,58.9463],[25.8189,58.9475],[25.8182,58.9484],[25.8113,58.9463],[25.8049,58.9477],[25.8021,58.9481],[25.8012,58.9483],[25.7783,58.948],[25.7798,58.951],[25.7728,58.9484],[25.7648,58.9407],[25.7515,58.9403],[25.7412,58.9352],[25.7443,58.9325],[25.7549,58.9373],[25.7604,58.9334],[25.7497,58.9285],[25.7356,58.9251],[25.7272,58.9336],[25.7233,58.9335],[25.7214,58.9335],[25.718,58.931],[25.7092,58.9303],[25.6985,58.9272],[25.6952,58.9302],[25.6862,58.93],[25.6816,58.9339],[25.6714,58.931],[25.6719,58.9308],[25.6717,58.93],[25.6679,58.9292],[25.6666,58.9288],[25.6709,58.9203],[25.6849,58.9206],[25.6885,58.9186],[25.6775,58.9136],[25.6819,58.9084],[25.6819,58.9083],[25.6885,58.911],[25.6916,58.9092],[25.698,58.9045],[25.698,58.904],[25.698,58.9039],[25.6983,58.9036],[25.7027,58.902],[25.706,58.9034],[25.7078,58.9041],[25.7093,58.9065],[25.7133,58.9067],[25.7139,58.9071],[25.7138,58.9088],[25.7136,58.9088],[25.7137,58.9087],[25.7119,58.9085],[25.714,58.91],[25.7147,58.9097],[25.7149,58.9096],[25.716,58.9098],[25.7165,58.9099],[25.7169,58.9104],[25.7223,58.9092],[25.7231,58.9093],[25.7246,58.9101],[25.7303,58.909],[25.7302,58.9088],[25.732,58.9081],[25.7448,58.9115],[25.7449,58.9127],[25.7467,58.9127],[25.7476,58.9133],[25.7474,58.913],[25.7475,58.9129],[25.7485,58.9126],[25.7498,58.9122],[25.7526,58.9149],[25.7551,58.9164],[25.7614,58.9072],[25.7674,58.9075],[25.7748,58.9079],[25.7749,58.908],[25.7776,58.9121],[25.7797,58.9149],[25.7895,58.9149],[25.7981,58.9148],[25.8055,58.9152],[25.8279,58.9108],[25.8315,58.9084],[25.8376,58.9092],[25.8438,58.914],[25.8445,58.919],[25.8522,58.9222],[25.8551,58.9225],[25.8574,58.9251],[25.8522,58.9255],[25.8493,58.9347],[25.8233,58.9354],[25.8209,58.9342],[25.8188,58.9285],[25.8132,58.9275],[25.7989,58.9242],[25.797,58.9262],[25.8006,58.9331]]],[[[25.4232,58.9275],[25.4255,58.9306],[25.4428,58.9263],[25.4492,58.9312],[25.4486,58.9374],[25.4523,58.9419],[25.4541,58.943],[25.4629,58.9461],[25.4719,58.9448],[25.4733,58.9413],[25.4746,58.9361],[25.4647,58.9276],[25.4573,58.9257],[25.4546,58.9234],[25.444,58.923],[25.4488,58.9204],[25.4484,58.9148],[25.4509,58.9133],[25.4599,58.913],[25.4615,58.918],[25.4698,58.9183],[25.4744,58.927],[25.4802,58.9228],[25.4797,58.9169],[25.4905,58.9131],[25.4927,58.9104],[25.5013,58.9102],[25.5024,58.9126],[25.503,58.9132],[25.5071,58.927],[25.5003,58.9298],[25.508,58.9329],[25.5144,58.9301],[25.5212,58.9293],[25.5251,58.9252],[25.5292,58.9218],[25.5297,58.9201],[25.5287,58.92],[25.528,58.9179],[25.5281,58.9169],[25.5282,58.9167],[25.5286,58.9167],[25.5351,58.9077],[25.5361,58.906],[25.543,58.9038],[25.5427,58.8977],[25.5399,58.8975],[25.5395,58.8973],[25.5388,58.8963],[25.5382,58.8957],[25.5377,58.8951],[25.5382,58.8946],[25.5387,58.8935],[25.5393,58.8933],[25.5395,58.8933],[25.5428,58.8923],[25.5459,58.8906],[25.5462,58.8901],[25.5465,58.8896],[25.5532,58.8917],[25.5566,58.8926],[25.5569,58.8927],[25.5581,58.8931],[25.5577,58.8939],[25.5571,58.895],[25.5553,58.8971],[25.5498,58.8975],[25.5425,58.9049],[25.5385,58.9073],[25.5423,58.9106],[25.552,58.9094],[25.5562,58.9101],[25.5542,58.9113],[25.5425,58.9132],[25.5414,58.9155],[25.5282,58.9242],[25.5299,58.9255],[25.5309,58.9306],[25.5445,58.9364],[25.5548,58.9293],[25.5519,58.9249],[25.5577,58.9239],[25.5623,58.9162],[25.563,58.9147],[25.5633,58.9061],[25.5673,58.9],[25.5644,58.8962],[25.5589,58.8949],[25.559,58.8941],[25.5594,58.8935],[25.5653,58.8949],[25.5712,58.897],[25.5695,58.9064],[25.5647,58.9085],[25.5675,58.9135],[25.5783,58.92],[25.5749,58.9237],[25.5797,58.9317],[25.5748,58.9325],[25.5719,58.9335],[25.5721,58.9344],[25.5738,58.9351],[25.5761,58.9332],[25.5955,58.9332],[25.5988,58.9333],[25.5991,58.9333],[25.6005,58.9346],[25.6028,58.9379],[25.6037,58.9379],[25.6081,58.941],[25.6097,58.9419],[25.6103,58.9422],[25.6101,58.9476],[25.61,58.9487],[25.6066,58.957],[25.6026,58.9571],[25.6014,58.9564],[25.5995,58.9562],[25.5991,58.9565],[25.5983,58.955],[25.6021,58.9548],[25.6003,58.948],[25.59,58.9494],[25.5762,58.9496],[25.5754,58.9493],[25.5617,58.9436],[25.5582,58.9458],[25.5498,58.9471],[25.5428,58.9475],[25.5418,58.9483],[25.5364,58.9514],[25.5279,58.9487],[25.5288,58.9536],[25.5325,58.9535],[25.5342,58.9625],[25.5409,58.9695],[25.5401,58.9709],[25.5344,58.9756],[25.5455,58.9759],[25.538,58.9782],[25.5506,58.9879],[25.552,58.9814],[25.5552,58.9876],[25.5603,58.9915],[25.5556,58.9915],[25.5382,58.9913],[25.5208,58.9911],[25.5034,58.9909],[25.486,58.9907],[25.4686,58.9905],[25.4512,58.9903],[25.4338,58.9901],[25.4164,58.9899],[25.3991,58.9896],[25.3817,58.9894],[25.3643,58.9892],[25.3469,58.989],[25.3295,58.9888],[25.3121,58.9885],[25.2947,58.9883],[25.2773,58.9881],[25.2599,58.9878],[25.2595,58.9968],[25.259,59.0058],[25.2588,59.0103],[25.2581,59.0099],[25.2547,59.0054],[25.2578,59.0005],[25.2436,58.9972],[25.2389,58.9966],[25.2292,58.9999],[25.2171,58.9929],[25.2224,58.99],[25.2238,58.9892],[25.2386,58.9809],[25.2401,58.9801],[25.2518,58.9733],[25.2573,58.9732],[25.2566,58.9726],[25.2601,58.9718],[25.2555,58.9697],[25.2579,58.9677],[25.2597,58.9682],[25.2695,58.9671],[25.2639,58.9624],[25.2646,58.9618],[25.268,58.9586],[25.2753,58.9523],[25.2822,58.9478],[25.2805,58.9449],[25.2769,58.9421],[25.278,58.9408],[25.2896,58.9285],[25.2992,58.9263],[25.299,58.9284],[25.2899,58.9324],[25.2977,58.9411],[25.316,58.9382],[25.3285,58.942],[25.335,58.9383],[25.3303,58.935],[25.3168,58.9361],[25.3117,58.9346],[25.3073,58.9286],[25.3004,58.926],[25.3024,58.9256],[25.3061,58.9249],[25.3331,58.901],[25.3402,58.8966],[25.3825,58.8893],[25.3884,58.8994],[25.3955,58.8988],[25.4019,58.9014],[25.4059,58.9071],[25.384,58.9103],[25.3878,58.9149],[25.3955,58.9122],[25.4083,58.9109],[25.4125,58.9069],[25.4202,58.9089],[25.4227,58.9141],[25.4184,58.915],[25.4232,58.9275]],[[25.359,58.9584],[25.3653,58.9624],[25.3658,58.9631],[25.3751,58.9612],[25.3717,58.9547],[25.3759,58.9489],[25.375,58.9479],[25.3814,58.9531],[25.3879,58.953],[25.3867,58.9544],[25.386,58.9585],[25.3816,58.9647],[25.3876,58.967],[25.3982,58.9666],[25.4012,58.9719],[25.4076,58.9755],[25.4006,58.9778],[25.3986,58.982],[25.4049,58.9857],[25.4095,58.9865],[25.4177,58.9837],[25.413,58.9775],[25.4121,58.9769],[25.4251,58.9752],[25.422,58.9689],[25.4138,58.9641],[25.4101,58.9587],[25.3884,58.9659],[25.3908,58.9606],[25.4023,58.9549],[25.4084,58.9555],[25.4201,58.9623],[25.4236,58.9585],[25.4187,58.9517],[25.4086,58.9508],[25.4127,58.9493],[25.4202,58.9494],[25.4206,58.9503],[25.4207,58.9515],[25.426,58.957],[25.4316,58.955],[25.435,58.9565],[25.4517,58.9532],[25.4508,58.9457],[25.4467,58.9367],[25.4388,58.9311],[25.4287,58.9334],[25.4243,58.9369],[25.4224,58.9359],[25.4219,58.9277],[25.4175,58.925],[25.3925,58.929],[25.3794,58.9268],[25.3677,58.9295],[25.363,58.9239],[25.3521,58.9187],[25.3525,58.9295],[25.3578,58.9336],[25.3557,58.9373],[25.3531,58.9374],[25.3534,58.9392],[25.3536,58.9401],[25.3547,58.9436],[25.3547,58.9438],[25.3485,58.9439],[25.3489,58.9461],[25.3493,58.9501],[25.3588,58.9529],[25.359,58.9584]]],[[[25.258,59.0258],[25.258,59.0264],[25.2486,59.0286],[25.2516,59.0338],[25.2576,59.0338],[25.2572,59.0417],[25.2569,59.047],[25.2566,59.047],[25.2499,59.0396],[25.242,59.038],[25.2441,59.0354],[25.2389,59.0392],[25.238,59.0415],[25.2389,59.0448],[25.2346,59.0465],[25.2397,59.0507],[25.2338,59.054],[25.2245,59.0555],[25.2222,59.0579],[25.2301,59.0609],[25.2139,59.0607],[25.2019,59.0628],[25.1933,59.0636],[25.1906,59.0657],[25.18,59.0656],[25.1684,59.0677],[25.1711,59.0616],[25.1719,59.0566],[25.1779,59.0563],[25.1768,59.0633],[25.1873,59.0642],[25.1946,59.0591],[25.1881,59.0546],[25.1798,59.0545],[25.175,59.0501],[25.1736,59.0491],[25.1698,59.0446],[25.1626,59.0477],[25.1566,59.0466],[25.1651,59.0602],[25.1572,59.0647],[25.1598,59.0686],[25.1543,59.0638],[25.1574,59.0615],[25.1532,59.056],[25.153,59.0561],[25.1528,59.0562],[25.1525,59.0564],[25.1505,59.0579],[25.1502,59.0579],[25.1428,59.0597],[25.1352,59.0645],[25.1365,59.07],[25.1335,59.072],[25.1387,59.0771],[25.1374,59.0772],[25.1368,59.0774],[25.137,59.0775],[25.1344,59.0775],[25.1313,59.0752],[25.1265,59.0699],[25.1239,59.0656],[25.1258,59.065],[25.1263,59.0651],[25.1346,59.0636],[25.1326,59.0582],[25.1346,59.0566],[25.1367,59.0563],[25.1513,59.0549],[25.15,59.0546],[25.1436,59.0518],[25.1429,59.0508],[25.1469,59.0462],[25.1493,59.0457],[25.1523,59.0439],[25.1593,59.0428],[25.1619,59.0356],[25.1529,59.0296],[25.1593,59.0269],[25.1616,59.0265],[25.1613,59.0258],[25.1659,59.0249],[25.1763,59.0207],[25.1787,59.018],[25.1753,59.0162],[25.1821,59.0123],[25.1841,59.0112],[25.1894,59.0131],[25.1962,59.0098],[25.1951,59.0052],[25.2129,58.9953],[25.2149,58.996],[25.2001,59.0036],[25.208,59.0075],[25.2097,59.0108],[25.2131,59.0152],[25.2432,59.0271],[25.2509,59.0276],[25.258,59.0258]]],[[[25.2552,59.0811],[25.255,59.0849],[25.247,59.0861],[25.2468,59.0852],[25.2468,59.085],[25.2475,59.0844],[25.2485,59.0837],[25.2498,59.082],[25.2515,59.0818],[25.2552,59.0811]]],[[[24.161,58.9561],[24.1646,58.962],[24.1706,58.9618],[24.173,58.9642],[24.1713,58.9711],[24.1631,58.9725],[24.1653,58.9774],[24.1605,58.9782],[24.1465,58.9713],[24.1444,58.9766],[24.152,58.9839],[24.1303,58.9863],[24.1251,58.9854],[24.1049,58.9907],[24.1019,58.9902],[24.1119,58.9762],[24.1138,58.9701],[24.1105,58.9678],[24.1139,58.9631],[24.1124,58.953],[24.1199,58.9521],[24.1253,58.9562],[24.1257,58.9607],[24.1162,58.9607],[24.1156,58.9652],[24.1189,58.9721],[24.1265,58.972],[24.1348,58.9774],[24.1314,58.9824],[24.1389,58.9836],[24.1378,58.9739],[24.14,58.9696],[24.1271,58.9654],[24.1272,58.9562],[24.1362,58.9613],[24.132,58.9515],[24.1368,58.952],[24.1365,58.9565],[24.1415,58.9603],[24.1488,58.9557],[24.1573,58.9531],[24.161,58.9561]]],[[[23.8209,58.9816],[23.8162,58.9792],[23.806,58.9789],[23.8049,58.9823],[23.8012,58.979],[23.8028,58.9717],[23.7981,58.9696],[23.7989,58.9645],[23.8088,58.9613],[23.8126,58.9624],[23.8221,58.9622],[23.834,58.9675],[23.8335,58.9732],[23.8253,58.9794],[23.8209,58.9816]]],[[[23.1854,58.984],[23.1798,58.9785],[23.1796,58.9754],[23.1706,58.9746],[23.1662,58.9743],[23.1632,58.97],[23.1566,58.9716],[23.161,58.9638],[23.166,58.9615],[23.174,58.9663],[23.1869,58.9693],[23.1883,58.9754],[23.1912,58.9744],[23.199,58.9749],[23.2085,58.9724],[23.2117,58.9738],[23.2036,58.9801],[23.2071,58.9824],[23.2123,58.9856],[23.2192,58.9854],[23.2371,58.9854],[23.2474,58.9801],[23.2534,58.98],[23.2495,58.983],[23.2428,58.986],[23.2405,58.9914],[23.2367,58.9954],[23.2359,58.996],[23.2223,59.0023],[23.2221,59.0026],[23.2259,59.0031],[23.2275,59.0031],[23.2291,59.002],[23.2283,59.0016],[23.2281,59.0015],[23.2277,59.0006],[23.2303,59.0001],[23.2352,58.998],[23.2415,58.9958],[23.2442,58.9963],[23.2464,58.9908],[23.2504,58.9983],[23.2529,58.9973],[23.2544,58.9879],[23.2555,58.9872],[23.2562,58.9812],[23.2595,58.978],[23.2693,58.9767],[23.2777,58.968],[23.2785,58.9755],[23.2863,58.9743],[23.2967,58.972],[23.2891,58.9814],[23.2953,58.9891],[23.2933,58.9927],[23.2927,58.9935],[23.2944,58.9934],[23.3079,58.9892],[23.3226,58.9773],[23.3263,58.9849],[23.3264,58.9926],[23.3296,58.9928],[23.3414,58.9936],[23.3403,58.9973],[23.3463,59.0037],[23.3479,59.0035],[23.353,59.0025],[23.3511,58.9986],[23.3546,58.9886],[23.349,58.9883],[23.3532,58.985],[23.3668,58.9795],[23.369,58.9767],[23.368,58.9762],[23.3753,58.9757],[23.3758,58.9841],[23.3735,58.9902],[23.3769,58.9947],[23.368,59.0019],[23.3627,59.0035],[23.3621,59.0096],[23.3548,59.0074],[23.3492,59.0126],[23.3411,59.0158],[23.3323,59.016],[23.3339,59.019],[23.3306,59.0201],[23.3254,59.0225],[23.3243,59.0219],[23.3165,59.0249],[23.3107,59.0264],[23.3042,59.0347],[23.2966,59.0321],[23.2912,59.0213],[23.284,59.0184],[23.2887,59.0145],[23.295,59.0037],[23.2874,59.004],[23.2813,59.0063],[23.2726,59.0079],[23.2703,59.0118],[23.2786,59.0168],[23.27,59.0182],[23.256,59.0157],[23.2517,59.0168],[23.2439,59.02],[23.2407,59.0251],[23.2324,59.0258],[23.2326,59.0166],[23.2401,59.0097],[23.2413,59.008],[23.2452,59.0007],[23.2405,59.0027],[23.2364,59.0095],[23.2273,59.0139],[23.225,59.0219],[23.2111,59.0228],[23.217,59.0274],[23.2144,59.0297],[23.2113,59.0273],[23.1995,59.029],[23.1986,59.0348],[23.2033,59.0371],[23.2116,59.0348],[23.214,59.0317],[23.2165,59.0365],[23.2076,59.0389],[23.1904,59.0402],[23.184,59.04],[23.1754,59.0418],[23.1713,59.0432],[23.1654,59.0429],[23.166,59.0408],[23.1705,59.0387],[23.1751,59.031],[23.1738,59.0302],[23.1746,59.0283],[23.1642,59.0222],[23.1581,59.027],[23.1521,59.0274],[23.1465,59.0274],[23.1465,59.0326],[23.1352,59.0343],[23.1278,59.0297],[23.1316,59.0295],[23.1401,59.0252],[23.1452,59.0226],[23.1531,59.0225],[23.1539,59.0178],[23.1435,59.0142],[23.1414,59.0125],[23.1387,59.0118],[23.1316,59.0183],[23.1309,59.022],[23.1275,59.0286],[23.1172,59.0268],[23.1208,59.0185],[23.1198,59.0116],[23.133,59.0036],[23.1422,59.0038],[23.1506,59.0066],[23.1585,58.9981],[23.1622,58.9962],[23.1749,58.9941],[23.1781,58.9919],[23.1895,58.9965],[23.1864,59.0015],[23.1906,59.0082],[23.188,59.0124],[23.1789,59.0185],[23.1824,59.0259],[23.184,59.0252],[23.1914,59.0151],[23.1994,59.0139],[23.1951,59.0096],[23.199,59.0056],[23.2001,58.9914],[23.2017,58.9901],[23.2117,58.9901],[23.213,58.9887],[23.2034,58.9856],[23.1962,58.9862],[23.1854,58.984]]],[[[26.8371,58.9503],[26.8363,58.9481],[26.8314,58.9436],[26.8352,58.9391],[26.8252,58.9335],[26.8289,58.9286],[26.8343,58.9295],[26.8333,58.9323],[26.8433,58.9334],[26.8454,58.9306],[26.8495,58.9323],[26.849,58.9387],[26.8506,58.9447],[26.8506,58.9452],[26.8494,58.9489],[26.8514,58.9549],[26.8446,58.9636],[26.8357,58.9612],[26.8316,58.9586],[26.8391,58.9551],[26.8371,58.9503]]],[[[25.792,58.9821],[25.7751,58.9907],[25.7682,58.9898],[25.7593,58.9869],[25.7522,58.9935],[25.7501,58.9935],[25.7447,58.9851],[25.7467,58.9834],[25.7518,58.9808],[25.7556,58.982],[25.7667,58.978],[25.7723,58.973],[25.7735,58.9723],[25.7744,58.9722],[25.7782,58.9731],[25.7833,58.9726],[25.7986,58.9753],[25.7956,58.9781],[25.7931,58.9808],[25.792,58.9821]]],[[[26.2031,58.9726],[26.2091,58.9737],[26.2209,58.9582],[26.2215,58.9571],[26.2044,58.9621],[26.1961,58.9621],[26.1895,58.9574],[26.1912,58.9505],[26.1912,58.9493],[26.1848,58.9502],[26.1844,58.9504],[26.1843,58.9478],[26.1922,58.946],[26.1967,58.9472],[26.2052,58.9446],[26.2077,58.9452],[26.2183,58.9465],[26.224,58.9516],[26.2259,58.9516],[26.2288,58.9518],[26.2322,58.9546],[26.225,58.9657],[26.2246,58.9697],[26.2179,58.9768],[26.2109,58.9777],[26.2038,58.9812],[26.2046,58.9854],[26.2167,58.9785],[26.2201,58.987],[26.2243,58.9884],[26.2305,58.9772],[26.2368,58.9772],[26.237,58.9854],[26.2281,58.9874],[26.2267,58.9924],[26.2216,58.9939],[26.2201,58.994],[26.2199,58.9939],[26.213,58.9913],[26.2034,58.9911],[26.2017,58.9873],[26.1947,58.9879],[26.1915,58.9926],[26.1816,58.9899],[26.1807,58.9901],[26.1727,58.9865],[26.1663,58.9916],[26.1622,58.9938],[26.1622,58.9945],[26.1531,58.9968],[26.1472,58.9967],[26.1391,58.9967],[26.1386,58.9914],[26.1435,58.9862],[26.1628,58.9834],[26.1672,58.9801],[26.174,58.9808],[26.1761,58.9839],[26.1894,58.977],[26.1934,58.9763],[26.1935,58.9763],[26.2004,58.9738],[26.2031,58.9726]]],[[[24.7464,59.0061],[24.7501,59.0091],[24.7464,59.019],[24.7373,59.022],[24.7159,59.0119],[24.7062,59.0126],[24.7105,59.0088],[24.7167,59.0083],[24.7212,59.0031],[24.727,59.0029],[24.7306,58.9978],[24.7233,58.9932],[24.7238,58.9929],[24.7298,58.989],[24.7323,58.9868],[24.7348,58.9862],[24.7333,58.9857],[24.7359,58.9847],[24.7358,58.9834],[24.7352,58.9826],[24.7356,58.9823],[24.7376,58.9819],[24.7397,58.9817],[24.74,58.9819],[24.7413,58.9815],[24.7404,58.9813],[24.7415,58.9774],[24.7496,58.983],[24.75,58.9837],[24.7555,58.9902],[24.7568,58.9946],[24.7536,58.9944],[24.7464,59.0061]]],[[[23.5093,58.9957],[23.5146,59.0002],[23.513,59.0016],[23.5111,59.0014],[23.5115,59.0016],[23.5164,59.0029],[23.5165,59.0037],[23.512,59.0072],[23.5118,59.0073],[23.508,59.0094],[23.5066,59.01],[23.5064,59.0101],[23.5021,59.0119],[23.4995,59.0103],[23.5014,59.0102],[23.501,59.0091],[23.496,59.0104],[23.4905,59.0094],[23.484,59.0135],[23.4851,59.0135],[23.4839,59.016],[23.4838,59.017],[23.48,59.0175],[23.4747,59.0163],[23.4673,59.02],[23.462,59.0285],[23.454,59.0319],[23.4529,59.0377],[23.4455,59.0379],[23.4455,59.0322],[23.4498,59.0289],[23.445,59.0218],[23.4435,59.0179],[23.4351,59.0174],[23.4382,59.0163],[23.4377,59.0157],[23.4431,59.0107],[23.4527,59.0101],[23.4496,59.0064],[23.4346,59.0096],[23.4447,59.0017],[23.4413,58.9968],[23.4566,58.9844],[23.4858,58.9791],[23.4783,58.9864],[23.4873,58.987],[23.4925,58.9806],[23.4995,58.9813],[23.5033,58.9852],[23.4985,58.9901],[23.498,58.9904],[23.4959,58.9912],[23.4952,58.9964],[23.4975,58.997],[23.5054,58.9996],[23.507,58.9981],[23.5093,58.9957]]],[[[23.5622,58.9936],[23.5633,59.0026],[23.5607,59.0041],[23.5668,59.0099],[23.5584,59.0122],[23.5603,59.0168],[23.5551,59.0202],[23.5528,59.0256],[23.5473,59.0303],[23.5429,59.0211],[23.5446,59.0148],[23.5477,59.0123],[23.5475,59.0059],[23.5389,59.0092],[23.5356,59.0097],[23.5318,59.0065],[23.5399,59.0031],[23.5499,58.9943],[23.5622,58.9936]]],[[[24.5645,59.0569],[24.5632,59.0576],[24.548,59.0536],[24.5523,59.0584],[24.5433,59.0596],[24.5444,59.0653],[24.5501,59.067],[24.5507,59.0678],[24.5342,59.0723],[24.5331,59.076],[24.5457,59.0807],[24.5535,59.0709],[24.5599,59.0787],[24.5708,59.0797],[24.5775,59.0754],[24.579,59.0747],[24.5799,59.0743],[24.5885,59.0756],[24.5739,59.0905],[24.5672,59.0897],[24.5729,59.0925],[24.551,59.0948],[24.5436,59.096],[24.537,59.0944],[24.5306,59.0969],[24.5253,59.0952],[24.5148,59.0956],[24.5201,59.094],[24.5085,59.0934],[24.5008,59.0906],[24.5055,59.0885],[24.5062,59.0875],[24.5085,59.0873],[24.5074,59.084],[24.506,59.0836],[24.501,59.0836],[24.4976,59.0825],[24.4952,59.0815],[24.4941,59.0805],[24.5018,59.0799],[24.5018,59.0711],[24.4967,59.0683],[24.4917,59.0641],[24.4906,59.0641],[24.4892,59.0641],[24.4859,59.0642],[24.4804,59.062],[24.4846,59.0603],[24.4893,59.0585],[24.4833,59.0539],[24.4837,59.0512],[24.49,59.0413],[24.4903,59.0411],[24.4885,59.0402],[24.5059,59.0453],[24.5112,59.0472],[24.5173,59.0495],[24.5205,59.0477],[24.5364,59.0552],[24.5395,59.0502],[24.532,59.0442],[24.522,59.0445],[24.5194,59.0441],[24.5113,59.0393],[24.5017,59.0416],[24.5027,59.0393],[24.5027,59.0387],[24.4989,59.0365],[24.4874,59.0352],[24.4872,59.0257],[24.488,59.0253],[24.4881,59.0252],[24.4888,59.0237],[24.4892,59.0231],[24.4893,59.0221],[24.4859,59.0215],[24.4852,59.0221],[24.4848,59.0226],[24.4829,59.0219],[24.4828,59.0208],[24.49,59.0171],[24.4949,59.0167],[24.4955,59.0168],[24.4973,59.0179],[24.4997,59.0187],[24.5014,59.0185],[24.5042,59.0172],[24.506,59.0147],[24.5013,59.013],[24.5019,59.0113],[24.5059,59.0069],[24.4993,59.0023],[24.4924,59.0054],[24.4849,59.0117],[24.4748,59.0117],[24.4697,59.0129],[24.4679,59.0143],[24.4547,59.0181],[24.4523,59.0229],[24.4626,59.018],[24.4601,59.0213],[24.4665,59.0236],[24.4661,59.025],[24.467,59.0274],[24.4729,59.027],[24.4802,59.0297],[24.4764,59.0329],[24.4697,59.0316],[24.4656,59.0307],[24.4595,59.0362],[24.46,59.0404],[24.4597,59.0394],[24.4559,59.0404],[24.4554,59.0401],[24.4549,59.0399],[24.4492,59.038],[24.4484,59.0375],[24.4442,59.0359],[24.4451,59.0309],[24.4535,59.0165],[24.4689,58.988],[24.4859,58.9827],[24.5001,58.985],[24.5032,58.9811],[24.4963,58.9792],[24.487,58.9803],[24.4819,58.9788],[24.4816,58.9777],[24.4815,58.9772],[24.4812,58.9772],[24.476,58.974],[24.4842,58.97],[24.4883,58.9751],[24.5055,58.9753],[24.5064,58.9694],[24.4956,58.973],[24.4867,58.9691],[24.4949,58.9666],[24.4846,58.964],[24.4768,58.9589],[24.4765,58.9561],[24.4811,58.9564],[24.4869,58.9509],[24.4745,58.9475],[24.4776,58.9432],[24.4893,58.944],[24.4929,58.9401],[24.4921,58.9479],[24.503,58.9544],[24.5019,58.9584],[24.4998,58.9613],[24.5082,58.966],[24.5159,58.9651],[24.5332,58.9686],[24.5395,58.9733],[24.5553,58.9773],[24.5469,58.9894],[24.558,58.9843],[24.5616,58.9793],[24.5536,58.9743],[24.543,58.9645],[24.5383,58.9641],[24.5381,58.9597],[24.5505,58.9602],[24.5513,58.9569],[24.5546,58.9529],[24.5578,58.9524],[24.5735,58.9558],[24.5863,58.954],[24.5884,58.9508],[24.5932,58.9526],[24.6092,58.9512],[24.6153,58.9555],[24.6166,58.9555],[24.6265,58.9552],[24.6402,58.9564],[24.6444,58.954],[24.6428,58.9478],[24.6431,58.9447],[24.6436,58.9438],[24.6603,58.9477],[24.664,58.9474],[24.6703,58.95],[24.6709,58.9497],[24.6758,58.951],[24.6726,58.9511],[24.6734,58.9531],[24.6786,58.9548],[24.681,58.9562],[24.6895,58.9594],[24.6776,58.9679],[24.6892,58.9725],[24.6883,58.9772],[24.6831,58.9809],[24.681,58.9835],[24.6795,58.9844],[24.6783,58.9873],[24.6843,58.9844],[24.6938,58.9869],[24.695,58.9872],[24.697,58.9881],[24.6876,58.995],[24.6819,58.997],[24.6842,59.0039],[24.6911,59.0088],[24.6937,59.0117],[24.6937,59.0118],[24.6916,59.0118],[24.6889,59.0105],[24.6881,59.0103],[24.6753,59.0111],[24.6678,59.0112],[24.6576,59.0092],[24.6559,59.0069],[24.6664,59.0044],[24.6675,59.0007],[24.6755,58.9948],[24.6759,58.9915],[24.6763,58.9869],[24.6769,58.9818],[24.6574,58.9797],[24.652,58.9812],[24.6387,58.9822],[24.6362,58.9806],[24.6404,58.9813],[24.648,58.9745],[24.6609,58.9746],[24.6547,58.9673],[24.6493,58.9708],[24.6476,58.971],[24.6302,58.9674],[24.6129,58.9592],[24.6129,58.9572],[24.5913,58.9571],[24.6099,58.9625],[24.6125,58.9645],[24.6091,58.9749],[24.6103,58.9783],[24.6084,58.9803],[24.5912,58.9836],[24.5919,58.987],[24.585,58.9885],[24.5772,58.9868],[24.5718,58.9902],[24.5716,58.9917],[24.5489,58.994],[24.5412,58.9996],[24.5263,59.0019],[24.5241,58.9987],[24.5133,58.9996],[24.5084,59.0063],[24.5111,59.0099],[24.5221,59.0081],[24.5238,59.0056],[24.5276,59.0104],[24.5158,59.012],[24.513,59.0139],[24.5212,59.0122],[24.5346,59.0125],[24.5408,59.0128],[24.5405,59.0179],[24.5312,59.0202],[24.5276,59.025],[24.5422,59.0295],[24.5308,59.0312],[24.5168,59.0263],[24.518,59.0295],[24.5215,59.0322],[24.5377,59.032],[24.5443,59.0303],[24.5431,59.0248],[24.5597,59.0216],[24.5628,59.0184],[24.5708,59.0207],[24.5745,59.0162],[24.5693,59.0119],[24.576,59.0094],[24.5773,59.002],[24.5729,59.0041],[24.5742,59.0001],[24.5805,58.992],[24.5932,58.9889],[24.5868,58.9944],[24.5869,58.9984],[24.5923,59.0022],[24.6017,59.0009],[24.6077,59.0001],[24.6167,58.9951],[24.6273,58.9958],[24.6354,58.9964],[24.6288,58.9972],[24.6337,58.9999],[24.6374,59.0039],[24.6347,59.0084],[24.624,59.013],[24.6296,59.0144],[24.6418,59.0142],[24.6394,59.021],[24.6512,59.0264],[24.6417,59.0279],[24.6408,59.0321],[24.6429,59.0461],[24.6535,59.0452],[24.6568,59.0455],[24.6573,59.0507],[24.654,59.0567],[24.6614,59.0615],[24.6614,59.0621],[24.6615,59.0633],[24.6595,59.0716],[24.6477,59.0738],[24.6457,59.0771],[24.6374,59.0754],[24.6332,59.0735],[24.6308,59.0713],[24.6352,59.0719],[24.6344,59.0677],[24.6311,59.068],[24.6229,59.0599],[24.606,59.0619],[24.5991,59.0595],[24.6021,59.0642],[24.5961,59.0674],[24.5937,59.0732],[24.5885,59.0682],[24.5879,59.0677],[24.5847,59.058],[24.586,59.0525],[24.5645,59.0569]],[[24.5894,58.9588],[24.5795,58.9569],[24.567,58.9557],[24.567,58.9586],[24.5609,58.9618],[24.5623,58.9629],[24.5744,58.9744],[24.5818,58.9693],[24.582,58.9627],[24.5894,58.9588]],[[24.5722,59.0365],[24.5764,59.0382],[24.5951,59.0386],[24.6032,59.0333],[24.5991,59.0274],[24.6155,59.0221],[24.6226,59.0232],[24.6269,59.0203],[24.6281,59.0191],[24.6182,59.0211],[24.6171,59.0121],[24.612,59.0122],[24.5976,59.0207],[24.5989,59.0244],[24.5849,59.0243],[24.578,59.0262],[24.5728,59.0317],[24.5722,59.0365]]],[[[23.4684,59.0335],[23.4695,59.0369],[23.463,59.0347],[23.462,59.0343],[23.4612,59.0363],[23.461,59.0364],[23.4591,59.0363],[23.4598,59.0375],[23.4579,59.0432],[23.468,59.0425],[23.4735,59.0391],[23.4729,59.0375],[23.4718,59.0357],[23.4821,59.0351],[23.4897,59.0297],[23.4895,59.0294],[23.4908,59.0292],[23.4942,59.0276],[23.4987,59.0232],[23.5021,59.0205],[23.5064,59.0184],[23.5067,59.017],[23.5069,59.0167],[23.5112,59.0186],[23.5101,59.0279],[23.503,59.0289],[23.5011,59.0301],[23.5,59.0319],[23.5008,59.0328],[23.5,59.0329],[23.4992,59.0331],[23.4968,59.0329],[23.497,59.0338],[23.4989,59.0346],[23.5109,59.0411],[23.5177,59.0336],[23.5296,59.0355],[23.5337,59.0399],[23.5314,59.0404],[23.5205,59.036],[23.5134,59.0409],[23.5229,59.0448],[23.5198,59.0477],[23.5134,59.0452],[23.5059,59.0519],[23.5001,59.0544],[23.499,59.0583],[23.4892,59.0636],[23.4938,59.0658],[23.509,59.0625],[23.5118,59.0627],[23.5139,59.0742],[23.5083,59.0781],[23.5022,59.0826],[23.4911,59.0829],[23.4904,59.0758],[23.4844,59.0718],[23.4753,59.0706],[23.4682,59.0732],[23.4525,59.0717],[23.4517,59.0686],[23.4437,59.0687],[23.437,59.0647],[23.4359,59.0604],[23.4385,59.0523],[23.4458,59.0428],[23.4537,59.041],[23.4604,59.0322],[23.4663,59.0318],[23.4679,59.0331],[23.4684,59.0335]]],[[[24.8632,59.054],[24.8576,59.0468],[24.8493,59.0482],[24.8494,59.0464],[24.8407,59.041],[24.8489,59.0397],[24.8475,59.0333],[24.8479,59.0312],[24.8445,59.0266],[24.8443,59.0204],[24.837,59.0121],[24.8373,59.011],[24.8465,59.0119],[24.8486,59.0108],[24.8482,59.0005],[24.8563,58.9995],[24.8658,59.0043],[24.8733,59.0043],[24.8781,59.0044],[24.8733,59.008],[24.8692,59.0124],[24.8718,59.0169],[24.8924,59.0189],[24.8873,59.0221],[24.8939,59.0252],[24.8941,59.0253],[24.9004,59.0293],[24.9003,59.0299],[24.9011,59.0306],[24.8939,59.0326],[24.8881,59.0365],[24.8927,59.035],[24.8946,59.0325],[24.8964,59.0331],[24.8981,59.0336],[24.8995,59.0407],[24.8928,59.0429],[24.8983,59.0486],[24.9035,59.0436],[24.9025,59.0385],[24.9131,59.0321],[24.9191,59.0361],[24.9288,59.0377],[24.9206,59.0428],[24.919,59.0456],[24.9095,59.0462],[24.8988,59.0494],[24.8982,59.0497],[24.893,59.0531],[24.8932,59.0611],[24.8961,59.0604],[24.8964,59.064],[24.8903,59.0659],[24.8837,59.0651],[24.8787,59.0682],[24.8692,59.066],[24.8607,59.0666],[24.8502,59.0698],[24.8466,59.0739],[24.8407,59.0728],[24.8388,59.0804],[24.8299,59.079],[24.8288,59.0784],[24.8251,59.0772],[24.8242,59.0766],[24.8322,59.0711],[24.8295,59.0702],[24.8242,59.0707],[24.8246,59.0693],[24.8267,59.0623],[24.8279,59.0617],[24.8281,59.0616],[24.8295,59.0666],[24.8387,59.0665],[24.8377,59.0675],[24.8374,59.0683],[24.8414,59.0686],[24.8467,59.0673],[24.8468,59.0675],[24.8488,59.0679],[24.849,59.0677],[24.8489,59.0674],[24.8483,59.0673],[24.8476,59.0674],[24.8472,59.0672],[24.8474,59.0664],[24.8478,59.0665],[24.8485,59.0661],[24.8574,59.0615],[24.868,59.0582],[24.8638,59.0556],[24.8632,59.054]]],[[[27.6996,59.0103],[27.6904,59.0087],[27.6903,59.0015],[27.6856,59.0048],[27.684,59.009],[27.6873,59.0143],[27.6922,59.0185],[27.6861,59.0248],[27.6862,59.0342],[27.6808,59.0343],[27.621,59.0152],[27.5567,59.0158],[27.5528,59.0149],[27.5483,59.0096],[27.5992,59.0095],[27.5957,59.0107],[27.6029,59.0103],[27.6005,59.0093],[27.6609,59.0046],[27.6795,59.0021],[27.7148,58.9948],[27.7288,58.9984],[27.7278,59.004],[27.7218,59.0075],[27.7208,59.0115],[27.7128,59.0145],[27.6996,59.0103]]],[[[26.2413,58.9973],[26.2391,58.9973],[26.2414,58.9969],[26.2413,58.9973]]],[[[25.0856,59.0702],[25.0887,59.0751],[25.0902,59.0775],[25.0911,59.0831],[25.0916,59.0838],[25.0943,59.0851],[25.0998,59.0848],[25.1119,59.081],[25.1184,59.0837],[25.1261,59.086],[25.132,59.0901],[25.1294,59.0913],[25.1247,59.0881],[25.1174,59.0879],[25.1085,59.0939],[25.1131,59.0998],[25.1101,59.1036],[25.1138,59.1128],[25.1223,59.1164],[25.1161,59.1225],[25.1152,59.1229],[25.1125,59.1219],[25.1123,59.1145],[25.1048,59.1097],[25.0976,59.1065],[25.0983,59.1029],[25.0936,59.0994],[25.0939,59.0953],[25.0909,59.0894],[25.0866,59.0911],[25.0899,59.0981],[25.0802,59.1006],[25.0766,59.1038],[25.0685,59.1007],[25.0455,59.1077],[25.044,59.1005],[25.051,59.0981],[25.0607,59.1004],[25.0699,59.089],[25.0654,59.0825],[25.0695,59.0781],[25.0637,59.0752],[25.0614,59.0701],[25.0496,59.0631],[25.054,59.0682],[25.0463,59.071],[25.0498,59.0757],[25.0456,59.082],[25.0408,59.0818],[25.0359,59.0797],[25.0277,59.0809],[25.0274,59.0786],[25.0276,59.0785],[25.0272,59.0728],[25.0388,59.0725],[25.0453,59.0689],[25.0458,59.0632],[25.0424,59.0617],[25.0383,59.0616],[25.0366,59.0622],[25.0306,59.0661],[25.0233,59.0658],[25.0221,59.0632],[25.0197,59.0547],[25.0108,59.0547],[25.0105,59.0537],[25.0119,59.0537],[25.0149,59.0535],[25.018,59.053],[25.0207,59.0524],[25.0217,59.053],[25.0259,59.0519],[25.0341,59.0583],[25.0434,59.059],[25.053,59.0548],[25.0561,59.0576],[25.0639,59.0594],[25.0679,59.0645],[25.069,59.0747],[25.0856,59.0702]]],[[[23.5864,59.0568],[23.5845,59.0597],[23.5856,59.0633],[23.5841,59.0679],[23.5842,59.0691],[23.5823,59.0707],[23.5856,59.0722],[23.5871,59.0731],[23.5882,59.0764],[23.5806,59.0804],[23.579,59.0754],[23.5716,59.0727],[23.5749,59.0859],[23.5832,59.0817],[23.5923,59.0824],[23.5872,59.0916],[23.5846,59.0933],[23.5746,59.1024],[23.5795,59.1058],[23.5775,59.1098],[23.5681,59.1102],[23.5696,59.115],[23.5604,59.1126],[23.5535,59.1145],[23.5468,59.1121],[23.5338,59.1102],[23.5337,59.1097],[23.5386,59.1034],[23.5493,59.1028],[23.5502,59.0987],[23.5441,59.0969],[23.5499,59.0882],[23.545,59.0846],[23.5535,59.0807],[23.5542,59.0727],[23.5604,59.0728],[23.5725,59.071],[23.574,59.0685],[23.5771,59.0585],[23.5838,59.0555],[23.5871,59.0558],[23.5864,59.0568]]],[[[24.6534,59.1133],[24.6564,59.1154],[24.6651,59.1117],[24.6648,59.1083],[24.6521,59.107],[24.6462,59.1101],[24.6439,59.1105],[24.6516,59.1],[24.6601,59.095],[24.6673,59.0982],[24.6739,59.1034],[24.6786,59.1148],[24.672,59.1197],[24.6714,59.1204],[24.6712,59.1209],[24.6707,59.1214],[24.6634,59.1257],[24.6737,59.1293],[24.6734,59.1285],[24.6713,59.126],[24.6702,59.1257],[24.6715,59.1216],[24.6721,59.1213],[24.6771,59.1217],[24.6806,59.1219],[24.6818,59.1266],[24.6928,59.1257],[24.6965,59.1281],[24.6963,59.1304],[24.686,59.1323],[24.6939,59.1354],[24.698,59.132],[24.7044,59.1274],[24.7119,59.1248],[24.7115,59.1242],[24.7168,59.1203],[24.7179,59.1153],[24.7163,59.1135],[24.716,59.1112],[24.7157,59.1103],[24.7135,59.1081],[24.7176,59.1082],[24.7304,59.1119],[24.7306,59.1157],[24.7277,59.1192],[24.7309,59.1269],[24.7363,59.1268],[24.7386,59.1241],[24.741,59.123],[24.7502,59.1257],[24.7555,59.1209],[24.7603,59.1163],[24.7668,59.1143],[24.7644,59.1098],[24.7721,59.1007],[24.7783,59.0971],[24.7796,59.0977],[24.7759,59.1002],[24.7829,59.1036],[24.7814,59.1047],[24.7803,59.1055],[24.7748,59.1097],[24.7782,59.1139],[24.7588,59.1341],[24.7551,59.131],[24.7509,59.1346],[24.7414,59.1346],[24.7372,59.1398],[24.7312,59.1439],[24.7296,59.1446],[24.7234,59.1512],[24.7217,59.1509],[24.7198,59.1507],[24.7197,59.1506],[24.7051,59.1457],[24.7234,59.1391],[24.7237,59.1336],[24.7256,59.1327],[24.7268,59.1289],[24.7207,59.1258],[24.7061,59.1284],[24.6999,59.1339],[24.6918,59.1372],[24.6818,59.1372],[24.6718,59.1377],[24.672,59.141],[24.6647,59.1452],[24.6648,59.1461],[24.6705,59.146],[24.6806,59.145],[24.6854,59.1494],[24.6952,59.1512],[24.7029,59.1482],[24.7088,59.152],[24.7149,59.1527],[24.7136,59.153],[24.7094,59.1539],[24.7079,59.1518],[24.6895,59.1551],[24.6805,59.1521],[24.6687,59.1509],[24.6662,59.1469],[24.6587,59.1482],[24.6596,59.1437],[24.6559,59.1424],[24.6661,59.135],[24.6592,59.1328],[24.6493,59.1344],[24.6494,59.1291],[24.6394,59.1291],[24.644,59.1374],[24.6577,59.1343],[24.6578,59.1386],[24.6504,59.1404],[24.6484,59.1408],[24.6539,59.142],[24.6509,59.1476],[24.6458,59.1432],[24.6412,59.1496],[24.6456,59.1512],[24.6399,59.1524],[24.6357,59.1527],[24.6243,59.1477],[24.6208,59.1438],[24.6216,59.1435],[24.6228,59.1421],[24.627,59.137],[24.625,59.1365],[24.6211,59.1348],[24.6254,59.1283],[24.6269,59.1265],[24.6274,59.1257],[24.6304,59.1217],[24.6367,59.1176],[24.6415,59.1227],[24.6503,59.1218],[24.6527,59.1215],[24.6564,59.1186],[24.6534,59.1133]]],[[[23.5578,59.1373],[23.5614,59.1399],[23.5709,59.1399],[23.5724,59.1411],[23.5786,59.1401],[23.586,59.1455],[23.6014,59.1522],[23.5889,59.1564],[23.5874,59.1534],[23.5738,59.1546],[23.5783,59.1581],[23.5885,59.1588],[23.6038,59.1551],[23.6044,59.1566],[23.6106,59.1589],[23.6124,59.1623],[23.6271,59.1689],[23.629,59.1732],[23.6236,59.1784],[23.6318,59.1838],[23.6321,59.1861],[23.6311,59.1915],[23.621,59.1866],[23.6147,59.1911],[23.6198,59.1945],[23.6134,59.1975],[23.6022,59.1994],[23.5994,59.2035],[23.5882,59.2005],[23.5761,59.2035],[23.572,59.2008],[23.555,59.2032],[23.5573,59.2054],[23.5568,59.2083],[23.5665,59.2106],[23.577,59.2109],[23.5843,59.2063],[23.5929,59.2092],[23.613,59.2032],[23.6196,59.2029],[23.621,59.2058],[23.6234,59.2101],[23.6276,59.2153],[23.6304,59.2153],[23.6376,59.2152],[23.6466,59.2209],[23.6517,59.2261],[23.6607,59.2273],[23.6658,59.2266],[23.675,59.2249],[23.6765,59.2247],[23.6913,59.2239],[23.7038,59.2175],[23.7046,59.2179],[23.7042,59.2219],[23.731,59.2158],[23.7505,59.2222],[23.7545,59.2262],[23.7532,59.2398],[23.8026,59.2416],[23.8253,59.2413],[23.8333,59.2458],[23.837,59.2529],[23.8451,59.2563],[23.8424,59.2508],[23.8644,59.2458],[23.8593,59.2491],[23.8503,59.2502],[23.85,59.254],[23.8465,59.2606],[23.8558,59.2606],[23.8606,59.2634],[23.8462,59.2617],[23.8451,59.2637],[23.8372,59.2659],[23.838,59.2693],[23.8295,59.2758],[23.8351,59.2785],[23.8408,59.2761],[23.8471,59.2781],[23.8458,59.2796],[23.8445,59.2801],[23.8429,59.28],[23.8346,59.2798],[23.8284,59.2863],[23.8236,59.2875],[23.8141,59.2859],[23.8168,59.283],[23.8214,59.2761],[23.8159,59.2709],[23.8128,59.2758],[23.812,59.2822],[23.7903,59.2817],[23.7962,59.2775],[23.7889,59.2715],[23.7887,59.2708],[23.7871,59.2709],[23.778,59.2697],[23.7652,59.2679],[23.7727,59.2627],[23.771,59.2598],[23.7822,59.2577],[23.7882,59.2532],[23.7769,59.2572],[23.7699,59.2563],[23.7583,59.2548],[23.7589,59.2515],[23.7683,59.2488],[23.7702,59.2474],[23.7561,59.2499],[23.7562,59.25],[23.7588,59.2511],[23.7458,59.2544],[23.7449,59.2477],[23.7366,59.2385],[23.7229,59.2322],[23.7097,59.229],[23.6947,59.2282],[23.6769,59.2344],[23.6699,59.2323],[23.652,59.2442],[23.645,59.2379],[23.6363,59.2336],[23.625,59.2327],[23.6048,59.2213],[23.597,59.2195],[23.5934,59.2167],[23.5813,59.2138],[23.5716,59.2147],[23.5425,59.2149],[23.5279,59.217],[23.5233,59.2198],[23.5169,59.2179],[23.5136,59.2245],[23.5139,59.2255],[23.5159,59.2256],[23.5114,59.2274],[23.5138,59.2163],[23.5046,59.2094],[23.4916,59.2097],[23.4878,59.203],[23.4897,59.1992],[23.4868,59.1923],[23.489,59.1836],[23.4933,59.1757],[23.5037,59.1726],[23.5158,59.1732],[23.5208,59.1695],[23.5316,59.1693],[23.5326,59.1673],[23.5321,59.1669],[23.5392,59.1658],[23.5336,59.1594],[23.5318,59.1598],[23.5315,59.1597],[23.531,59.1599],[23.5287,59.1646],[23.5176,59.1644],[23.5159,59.1706],[23.5151,59.1704],[23.5123,59.1716],[23.5071,59.1713],[23.5129,59.165],[23.5131,59.1603],[23.5171,59.1544],[23.5164,59.1433],[23.5266,59.1429],[23.5345,59.1431],[23.5365,59.1391],[23.5453,59.1387],[23.5451,59.1341],[23.5515,59.1296],[23.5377,59.1276],[23.5398,59.1235],[23.5475,59.1209],[23.5475,59.1266],[23.5601,59.1203],[23.5704,59.1233],[23.5658,59.1324],[23.5565,59.1327],[23.5578,59.1373]]],[[[26.5639,59.116],[26.5662,59.1215],[26.5571,59.1272],[26.55,59.1253],[26.538,59.1242],[26.5368,59.1161],[26.5458,59.1118],[26.5626,59.1072],[26.5547,59.1005],[26.5585,59.094],[26.5552,59.0877],[26.5493,59.086],[26.5534,59.086],[26.5718,59.0911],[26.5755,59.089],[26.5811,59.0953],[26.5812,59.0997],[26.5759,59.1033],[26.5706,59.1044],[26.5666,59.1125],[26.5653,59.1134],[26.5639,59.116]]],[[[25.25,59.1839],[25.25,59.184],[25.2497,59.184],[25.25,59.1839]]],[[[25.2497,59.1891],[25.2497,59.1898],[25.2494,59.1893],[25.2497,59.1891]]],[[[27.7916,59.2178],[27.7987,59.211],[27.7895,59.2076],[27.7944,59.2026],[27.8124,59.2011],[27.808,59.1965],[27.8074,59.188],[27.7947,59.1854],[27.7882,59.1821],[27.7617,59.1752],[27.7471,59.173],[27.7513,59.1689],[27.7461,59.1661],[27.7352,59.1646],[27.716,59.1654],[27.7223,59.1598],[27.7406,59.158],[27.7394,59.1516],[27.7302,59.1455],[27.7199,59.1447],[27.7105,59.148],[27.7012,59.1564],[27.694,59.1509],[27.674,59.1544],[27.6617,59.1588],[27.6579,59.1746],[27.6615,59.1785],[27.6486,59.1813],[27.6355,59.1923],[27.6218,59.2013],[27.6111,59.2067],[27.6166,59.2124],[27.6296,59.2158],[27.6382,59.2209],[27.5963,59.2208],[27.5999,59.2013],[27.6064,59.1983],[27.5996,59.1957],[27.5952,59.2002],[27.5757,59.1958],[27.5771,59.1954],[27.5788,59.192],[27.5753,59.1833],[27.573,59.1786],[27.5604,59.1791],[27.5625,59.1831],[27.5548,59.1842],[27.548,59.1764],[27.5423,59.1735],[27.5317,59.1795],[27.5297,59.1784],[27.5346,59.1755],[27.5311,59.1719],[27.5221,59.1743],[27.5141,59.1804],[27.5233,59.1822],[27.5224,59.183],[27.5262,59.1848],[27.5229,59.1878],[27.5263,59.1922],[27.5326,59.193],[27.5373,59.1932],[27.5393,59.1935],[27.5314,59.1968],[27.5261,59.1937],[27.5199,59.1947],[27.515,59.195],[27.5081,59.1902],[27.5065,59.1861],[27.4993,59.1927],[27.5119,59.1959],[27.5152,59.2012],[27.5036,59.1981],[27.481,59.1967],[27.4655,59.181],[27.4557,59.1754],[27.3746,59.1431],[27.3732,59.1407],[27.3736,59.1343],[27.3666,59.1318],[27.3567,59.1237],[27.3547,59.1284],[27.3494,59.1293],[27.3391,59.119],[27.3457,59.1177],[27.3481,59.1133],[27.3373,59.1096],[27.3443,59.108],[27.3441,59.1046],[27.3335,59.1065],[27.332,59.1001],[27.3282,59.0995],[27.3309,59.0961],[27.339,59.0959],[27.3475,59.0971],[27.3599,59.1033],[27.3627,59.1043],[27.3695,59.1093],[27.3648,59.1123],[27.3665,59.1203],[27.3673,59.1285],[27.379,59.1263],[27.3754,59.1219],[27.3737,59.1199],[27.3787,59.1077],[27.3872,59.1028],[27.3667,59.0975],[27.3683,59.0962],[27.3761,59.0968],[27.3774,59.0922],[27.3717,59.0888],[27.3796,59.0905],[27.3905,59.0969],[27.3952,59.0945],[27.404,59.1042],[27.405,59.109],[27.4,59.1122],[27.3979,59.1149],[27.3982,59.1171],[27.3889,59.1183],[27.3917,59.1226],[27.4022,59.1219],[27.4033,59.1258],[27.4102,59.1286],[27.4184,59.1247],[27.4104,59.1211],[27.4112,59.1161],[27.4179,59.1057],[27.4084,59.1032],[27.4031,59.0943],[27.4036,59.0849],[27.399,59.0799],[27.3802,59.0705],[27.3818,59.0778],[27.3759,59.0774],[27.3717,59.0687],[27.3618,59.0681],[27.3761,59.0611],[27.3769,59.0573],[27.3844,59.0579],[27.3794,59.0649],[27.3848,59.0676],[27.3967,59.067],[27.4059,59.0625],[27.4127,59.0629],[27.4177,59.0618],[27.4319,59.0665],[27.4373,59.0626],[27.4314,59.0587],[27.4223,59.0593],[27.4346,59.0562],[27.4446,59.0601],[27.458,59.0726],[27.4621,59.0709],[27.4604,59.0644],[27.4551,59.0597],[27.4478,59.0584],[27.4318,59.0526],[27.4233,59.051],[27.4184,59.0498],[27.4153,59.0468],[27.4038,59.0464],[27.3978,59.0417],[27.3959,59.0357],[27.3952,59.0273],[27.4117,59.019],[27.4704,59.018],[27.4759,59.0179],[27.4747,59.0195],[27.4839,59.0219],[27.5,59.0213],[27.4833,59.0201],[27.4801,59.0179],[27.5082,59.0176],[27.62,59.0161],[27.6805,59.0356],[27.6868,59.0434],[27.6891,59.0382],[27.7066,59.0438],[27.7014,59.054],[27.7009,59.0639],[27.6954,59.0744],[27.691,59.0777],[27.6717,59.0848],[27.6545,59.0953],[27.6497,59.1003],[27.6448,59.1056],[27.6357,59.0965],[27.6412,59.0939],[27.6335,59.0855],[27.6345,59.0801],[27.6278,59.0757],[27.6174,59.0717],[27.6064,59.0736],[27.5996,59.0768],[27.5907,59.0739],[27.587,59.069],[27.591,59.0654],[27.5979,59.0658],[27.6028,59.0622],[27.6078,59.0557],[27.6016,59.0494],[27.5935,59.0472],[27.5881,59.0421],[27.5787,59.0384],[27.5733,59.0424],[27.5813,59.048],[27.571,59.0497],[27.5788,59.0539],[27.5693,59.0503],[27.5466,59.0455],[27.5392,59.0406],[27.5404,59.049],[27.5454,59.0508],[27.5322,59.0482],[27.5238,59.039],[27.5207,59.0425],[27.5217,59.0465],[27.516,59.0513],[27.5208,59.048],[27.5294,59.049],[27.5361,59.052],[27.5277,59.0548],[27.5201,59.0534],[27.5116,59.0572],[27.5229,59.0612],[27.5243,59.0672],[27.5223,59.0732],[27.514,59.0755],[27.5152,59.0797],[27.5211,59.0799],[27.5251,59.0873],[27.5272,59.092],[27.5235,59.093],[27.5067,59.0828],[27.5071,59.0727],[27.5039,59.067],[27.5039,59.0743],[27.4996,59.0775],[27.4944,59.0747],[27.4937,59.0818],[27.4982,59.0868],[27.5039,59.0875],[27.521,59.0952],[27.5252,59.0948],[27.5314,59.0981],[27.5248,59.104],[27.5329,59.1097],[27.5354,59.1194],[27.5411,59.1235],[27.5492,59.1253],[27.5546,59.1334],[27.559,59.1371],[27.5668,59.1389],[27.5719,59.136],[27.5659,59.1301],[27.5615,59.1291],[27.5597,59.1199],[27.5653,59.1199],[27.5589,59.1184],[27.5468,59.1192],[27.5402,59.1136],[27.5368,59.1104],[27.5368,59.1102],[27.5386,59.1093],[27.5504,59.115],[27.554,59.1141],[27.5609,59.1119],[27.5695,59.1144],[27.5746,59.1189],[27.5703,59.1106],[27.5736,59.1087],[27.5813,59.1075],[27.593,59.1139],[27.5961,59.1123],[27.5865,59.1069],[27.5826,59.1069],[27.584,59.1025],[27.5967,59.108],[27.6013,59.1141],[27.6007,59.1157],[27.5978,59.1177],[27.5891,59.1157],[27.5829,59.1197],[27.5852,59.1243],[27.5926,59.1245],[27.6006,59.1239],[27.6022,59.12],[27.6106,59.1269],[27.6179,59.1242],[27.6179,59.1181],[27.621,59.1088],[27.6187,59.1058],[27.5972,59.1054],[27.5971,59.1035],[27.6087,59.1017],[27.6148,59.1012],[27.6136,59.0964],[27.6155,59.0956],[27.6233,59.0969],[27.6256,59.0999],[27.626,59.1087],[27.6291,59.1097],[27.6296,59.1157],[27.6332,59.1201],[27.6394,59.1161],[27.6451,59.1186],[27.6448,59.122],[27.6368,59.1254],[27.6348,59.1298],[27.6351,59.1378],[27.633,59.1452],[27.6431,59.15],[27.6521,59.1502],[27.6553,59.1499],[27.664,59.1527],[27.6711,59.1525],[27.6587,59.1565],[27.656,59.1596],[27.67,59.1542],[27.6936,59.1493],[27.7014,59.1407],[27.7108,59.1381],[27.7278,59.1406],[27.7446,59.1475],[27.754,59.1452],[27.7515,59.1402],[27.7559,59.1273],[27.7718,59.1233],[27.7716,59.1182],[27.7799,59.1032],[27.797,59.1293],[27.8162,59.1436],[27.8171,59.1442],[27.8218,59.1477],[27.8568,59.1727],[27.851,59.1729],[27.8331,59.1781],[27.8369,59.1824],[27.83,59.1858],[27.8315,59.1897],[27.822,59.1933],[27.8391,59.1957],[27.8396,59.1903],[27.8361,59.1856],[27.841,59.1841],[27.8435,59.1787],[27.8609,59.1757],[27.8816,59.1906],[27.8849,59.207],[27.8854,59.2175],[27.8813,59.221],[27.8863,59.2252],[27.8614,59.2256],[27.8538,59.2281],[27.8383,59.2263],[27.84,59.2235],[27.8181,59.2225],[27.8183,59.2184],[27.7916,59.2178]],[[27.4968,59.127],[27.4971,59.1216],[27.5074,59.119],[27.5128,59.1232],[27.5183,59.1238],[27.5243,59.1293],[27.5299,59.1269],[27.5244,59.1159],[27.5191,59.1137],[27.5142,59.1054],[27.5016,59.1058],[27.5016,59.1126],[27.4915,59.1154],[27.4799,59.1126],[27.4723,59.1148],[27.4613,59.1165],[27.4622,59.1273],[27.4747,59.13],[27.4736,59.1234],[27.4767,59.1196],[27.4778,59.1182],[27.4914,59.1243],[27.4945,59.1269],[27.4968,59.127]],[[27.4632,59.0809],[27.4558,59.0847],[27.4514,59.0756],[27.4399,59.0725],[27.4351,59.0757],[27.4262,59.0711],[27.4111,59.0761],[27.4189,59.0788],[27.4322,59.0875],[27.434,59.0938],[27.4329,59.102],[27.4536,59.1073],[27.4602,59.1081],[27.4643,59.1049],[27.4632,59.097],[27.4591,59.0929],[27.4735,59.0919],[27.4672,59.0819],[27.4632,59.0809]],[[27.6935,59.0498],[27.6846,59.0443],[27.6701,59.0425],[27.6558,59.0364],[27.6497,59.0319],[27.6324,59.0347],[27.6226,59.0426],[27.6292,59.0478],[27.6175,59.0487],[27.6117,59.054],[27.6115,59.0569],[27.6205,59.0621],[27.6282,59.0609],[27.647,59.0622],[27.6547,59.0584],[27.6712,59.0612],[27.6882,59.0587],[27.6939,59.0559],[27.6935,59.0498]]],[[[24.2823,59.1771],[24.2742,59.1776],[24.2601,59.1756],[24.2485,59.176],[24.2541,59.1752],[24.2548,59.1704],[24.2668,59.1704],[24.2715,59.163],[24.2717,59.1598],[24.2607,59.1581],[24.2685,59.1582],[24.2694,59.1525],[24.256,59.1556],[24.2547,59.1572],[24.2525,59.1583],[24.2484,59.1592],[24.2471,59.1591],[24.2392,59.1563],[24.238,59.1527],[24.2447,59.146],[24.2413,59.1394],[24.2461,59.1352],[24.2468,59.1295],[24.2479,59.1323],[24.2463,59.1381],[24.2525,59.1367],[24.2648,59.1388],[24.2661,59.1401],[24.2752,59.1422],[24.2776,59.1461],[24.2778,59.1499],[24.2866,59.1548],[24.2874,59.149],[24.2879,59.1444],[24.283,59.1415],[24.2826,59.1401],[24.2828,59.1394],[24.2539,59.135],[24.254,59.1297],[24.2469,59.1291],[24.2446,59.1246],[24.2515,59.1222],[24.2557,59.1257],[24.2602,59.1237],[24.2751,59.1221],[24.2843,59.1245],[24.2888,59.1295],[24.29,59.1292],[24.2917,59.1311],[24.2868,59.1417],[24.2892,59.1437],[24.2966,59.1406],[24.2977,59.1361],[24.3021,59.1374],[24.3137,59.1337],[24.3167,59.1553],[24.3083,59.1557],[24.3054,59.1536],[24.3044,59.1501],[24.2909,59.1474],[24.2967,59.1529],[24.3027,59.1541],[24.2929,59.1566],[24.3002,59.1589],[24.317,59.1571],[24.3208,59.185],[24.3125,59.1878],[24.3025,59.1887],[24.3043,59.188],[24.3044,59.1746],[24.2899,59.1789],[24.2823,59.1771]],[[24.2562,59.1295],[24.2655,59.1339],[24.2811,59.1363],[24.2861,59.1339],[24.2842,59.1288],[24.2705,59.1251],[24.2589,59.1273],[24.2562,59.1295]]],[[[24.703,59.1636],[24.7045,59.1627],[24.7075,59.1638],[24.7073,59.1662],[24.7114,59.1662],[24.715,59.1667],[24.7161,59.167],[24.7175,59.1673],[24.717,59.1677],[24.7139,59.1687],[24.719,59.1699],[24.7183,59.1714],[24.7271,59.1743],[24.7339,59.1701],[24.7316,59.1741],[24.731,59.1755],[24.7297,59.1761],[24.7265,59.1772],[24.7237,59.1806],[24.7155,59.1828],[24.7066,59.1815],[24.6974,59.1802],[24.6968,59.18],[24.6947,59.1796],[24.6941,59.1805],[24.6951,59.181],[24.6959,59.1813],[24.7065,59.1866],[24.7035,59.1902],[24.6962,59.1876],[24.6941,59.1925],[24.6856,59.1969],[24.6719,59.1993],[24.6684,59.1992],[24.6625,59.1945],[24.6629,59.1941],[24.6627,59.1934],[24.6611,59.1926],[24.66,59.1843],[24.6654,59.1801],[24.6657,59.1712],[24.6738,59.1746],[24.6852,59.1777],[24.6829,59.1742],[24.689,59.1741],[24.6927,59.1701],[24.6982,59.1693],[24.699,59.1678],[24.7024,59.1672],[24.7025,59.1668],[24.703,59.1636]]],[[[24.9146,59.1705],[24.9111,59.1695],[24.9038,59.1693],[24.8977,59.1653],[24.8909,59.1636],[24.8814,59.1635],[24.8588,59.1604],[24.8572,59.1618],[24.8558,59.1615],[24.8583,59.1541],[24.8526,59.1488],[24.8526,59.1484],[24.8605,59.1506],[24.8623,59.1517],[24.8732,59.148],[24.8843,59.146],[24.8815,59.1426],[24.8834,59.142],[24.8855,59.1369],[24.8907,59.141],[24.9002,59.1399],[24.9047,59.1383],[24.9171,59.1358],[24.9139,59.1321],[24.9,59.1291],[24.8955,59.1241],[24.903,59.1228],[24.9254,59.122],[24.9256,59.1227],[24.9112,59.1279],[24.9196,59.1341],[24.9238,59.1349],[24.9212,59.1356],[24.9232,59.1373],[24.9199,59.1387],[24.909,59.1402],[24.9021,59.1468],[24.9019,59.1491],[24.8923,59.152],[24.8892,59.1587],[24.9074,59.1608],[24.9133,59.1546],[24.9184,59.1573],[24.9064,59.1642],[24.9179,59.1642],[24.9195,59.1682],[24.9289,59.17],[24.9254,59.1725],[24.9252,59.173],[24.9303,59.1712],[24.9361,59.1753],[24.9373,59.1767],[24.9374,59.177],[24.9299,59.1793],[24.9206,59.1778],[24.9129,59.181],[24.9251,59.1817],[24.9231,59.1868],[24.9354,59.1852],[24.9412,59.1865],[24.9419,59.1873],[24.9424,59.1881],[24.9426,59.1885],[24.9429,59.1899],[24.9445,59.1905],[24.9411,59.1926],[24.9261,59.192],[24.9256,59.1949],[24.9218,59.1958],[24.9099,59.1985],[24.9077,59.1975],[24.904,59.1972],[24.9079,59.1918],[24.905,59.1888],[24.9048,59.1864],[24.891,59.1848],[24.89,59.187],[24.8868,59.1871],[24.8843,59.1808],[24.8918,59.1793],[24.8957,59.1752],[24.8958,59.1752],[24.9072,59.1744],[24.9204,59.1771],[24.9238,59.1718],[24.9146,59.1705]]],[[[23.8899,59.1845],[23.8911,59.1842],[23.8976,59.1848],[23.9099,59.1817],[23.9227,59.1722],[23.9333,59.1703],[23.9425,59.1764],[23.9527,59.171],[23.9494,59.1612],[23.951,59.1566],[23.9414,59.1531],[23.9391,59.1512],[23.9509,59.1466],[23.9568,59.1487],[23.9537,59.1538],[23.9543,59.1629],[23.9566,59.1687],[23.9508,59.1738],[23.9531,59.1817],[23.9477,59.1876],[23.9359,59.1957],[23.9288,59.1973],[23.9263,59.2033],[23.9266,59.2052],[23.9205,59.2033],[23.9109,59.2012],[23.9093,59.1968],[23.9105,59.1946],[23.9226,59.1923],[23.9222,59.1878],[23.9144,59.1913],[23.912,59.1856],[23.9096,59.1835],[23.9067,59.1842],[23.8985,59.1873],[23.8899,59.1845]]],[[[26.6458,59.203],[26.6456,59.2055],[26.6494,59.2062],[26.6485,59.2084],[26.6571,59.2101],[26.6582,59.2118],[26.6641,59.2073],[26.6763,59.2112],[26.6773,59.2062],[26.6869,59.2077],[26.6918,59.2137],[26.6846,59.2193],[26.675,59.2157],[26.6664,59.2214],[26.6533,59.2171],[26.6482,59.2159],[26.6661,59.2219],[26.6617,59.2306],[26.6554,59.2335],[26.658,59.2418],[26.6535,59.2453],[26.6525,59.2557],[26.6534,59.259],[26.663,59.2609],[26.6676,59.2594],[26.6714,59.2512],[26.6783,59.2511],[26.6776,59.2476],[26.6836,59.2418],[26.6854,59.2364],[26.6884,59.2369],[26.6873,59.2426],[26.697,59.2425],[26.7025,59.2338],[26.7062,59.2345],[26.7093,59.2354],[26.7282,59.2551],[26.7193,59.2595],[26.7221,59.264],[26.7181,59.2725],[26.7096,59.2762],[26.7171,59.2789],[26.7234,59.2756],[26.7194,59.2732],[26.7268,59.2657],[26.7326,59.267],[26.7408,59.2733],[26.7407,59.2781],[26.7463,59.2842],[26.75,59.2965],[26.7578,59.2967],[26.7702,59.297],[26.7895,59.3343],[26.7207,59.3329],[26.7127,59.3327],[26.7108,59.3315],[26.6996,59.3268],[26.7077,59.324],[26.7058,59.3205],[26.6961,59.3201],[26.684,59.3169],[26.6879,59.3151],[26.6769,59.31],[26.6706,59.3063],[26.6694,59.3011],[26.6652,59.3024],[26.6575,59.3049],[26.6589,59.3086],[26.6468,59.3084],[26.6468,59.3018],[26.6415,59.3006],[26.6365,59.2922],[26.631,59.2906],[26.631,59.2974],[26.6407,59.302],[26.6449,59.3068],[26.6395,59.3105],[26.6321,59.311],[26.6309,59.309],[26.6348,59.3069],[26.6302,59.3017],[26.6242,59.3079],[26.6193,59.3093],[26.6102,59.3002],[26.6108,59.3002],[26.6166,59.2997],[26.6171,59.2946],[26.6143,59.291],[26.6159,59.2857],[26.613,59.2823],[26.6124,59.2757],[26.6116,59.2714],[26.6074,59.2722],[26.6083,59.2756],[26.5912,59.2762],[26.5906,59.2764],[26.5871,59.2817],[26.5793,59.2838],[26.5778,59.2843],[26.5695,59.283],[26.5631,59.2897],[26.5617,59.2867],[26.5493,59.2875],[26.5419,59.289],[26.5392,59.2842],[26.5293,59.2908],[26.5177,59.2884],[26.5125,59.2964],[26.5117,59.2977],[26.512,59.2896],[26.5062,59.2869],[26.4976,59.2843],[26.4926,59.2861],[26.4872,59.2786],[26.4801,59.2736],[26.4736,59.2762],[26.4737,59.2705],[26.4791,59.2722],[26.492,59.2708],[26.4969,59.2727],[26.5022,59.2676],[26.4968,59.2659],[26.5025,59.2634],[26.5036,59.2625],[26.5019,59.2611],[26.5022,59.2583],[26.5054,59.2567],[26.5114,59.254],[26.5168,59.2552],[26.5271,59.2478],[26.5279,59.249],[26.5174,59.2568],[26.521,59.2582],[26.5157,59.2654],[26.5187,59.2619],[26.5319,59.2563],[26.5484,59.2607],[26.5513,59.2588],[26.5558,59.2625],[26.5641,59.2602],[26.5738,59.2594],[26.5742,59.2546],[26.5693,59.2535],[26.5672,59.2524],[26.5795,59.2482],[26.5824,59.2451],[26.5838,59.2472],[26.5763,59.2511],[26.5801,59.256],[26.5891,59.2481],[26.5912,59.2485],[26.595,59.2456],[26.5896,59.2407],[26.5918,59.2387],[26.5989,59.2432],[26.6058,59.2442],[26.6151,59.2395],[26.6079,59.2338],[26.6167,59.2312],[26.6275,59.2317],[26.6386,59.2343],[26.6456,59.2319],[26.6249,59.2308],[26.6185,59.2299],[26.6083,59.2317],[26.602,59.2274],[26.5975,59.2308],[26.5849,59.2308],[26.5784,59.2276],[26.5795,59.2232],[26.5681,59.2246],[26.5663,59.2242],[26.5713,59.2183],[26.5748,59.2105],[26.5771,59.2124],[26.5748,59.2213],[26.5835,59.2209],[26.5912,59.212],[26.603,59.2142],[26.6072,59.2116],[26.6084,59.2155],[26.6095,59.2203],[26.623,59.2169],[26.6286,59.2101],[26.621,59.2086],[26.6127,59.2102],[26.6046,59.203],[26.6166,59.2004],[26.616,59.1946],[26.6212,59.1912],[26.6274,59.1931],[26.6367,59.1928],[26.6437,59.1979],[26.6458,59.203]]],[[[27.4031,59.1995],[27.3893,59.1965],[27.3597,59.1871],[27.3613,59.1804],[27.3506,59.1801],[27.353,59.173],[27.366,59.1659],[27.3682,59.1621],[27.3629,59.1613],[27.3537,59.164],[27.3521,59.16],[27.3542,59.1529],[27.3583,59.1507],[27.3712,59.1567],[27.3782,59.1542],[27.4144,59.1713],[27.4071,59.1957],[27.4031,59.1995]]],[[[24.1281,59.251],[24.1251,59.258],[24.1234,59.2582],[24.1259,59.262],[24.1257,59.2652],[24.1194,59.2693],[24.1242,59.2715],[24.1275,59.2757],[24.1281,59.2767],[24.129,59.2839],[24.1264,59.2833],[24.1255,59.283],[24.1258,59.2811],[24.1059,59.272],[24.0909,59.2651],[24.0909,59.2614],[24.0968,59.2589],[24.0993,59.2582],[24.1126,59.2606],[24.118,59.2601],[24.1037,59.258],[24.0995,59.256],[24.1168,59.2495],[24.1294,59.2489],[24.1377,59.2377],[24.1464,59.2343],[24.1456,59.2308],[24.1514,59.2336],[24.1596,59.2335],[24.16,59.2301],[24.1674,59.2284],[24.1821,59.2296],[24.1881,59.2372],[24.1975,59.2383],[24.1962,59.2429],[24.202,59.2481],[24.2011,59.2491],[24.1923,59.2465],[24.1781,59.2362],[24.1771,59.2333],[24.1731,59.2353],[24.1735,59.2357],[24.1695,59.2376],[24.1743,59.2381],[24.1795,59.2429],[24.1752,59.2421],[24.1724,59.2406],[24.1676,59.2436],[24.1656,59.2442],[24.1663,59.245],[24.1682,59.2444],[24.1627,59.248],[24.1488,59.2475],[24.143,59.2517],[24.1415,59.253],[24.1298,59.2504],[24.1281,59.251]]],[[[24.3555,59.2455],[24.3584,59.2393],[24.3612,59.2368],[24.3495,59.2309],[24.346,59.2324],[24.3418,59.228],[24.3302,59.2246],[24.324,59.2258],[24.3199,59.2298],[24.3095,59.2286],[24.3074,59.2262],[24.3067,59.2231],[24.2868,59.2219],[24.2893,59.2188],[24.3109,59.2203],[24.3146,59.2178],[24.315,59.2177],[24.3278,59.2104],[24.3253,59.2073],[24.3258,59.2065],[24.3488,59.2126],[24.3478,59.2152],[24.3529,59.2228],[24.3518,59.2235],[24.3663,59.227],[24.3718,59.2313],[24.3838,59.2312],[24.379,59.2334],[24.3905,59.2333],[24.398,59.2375],[24.4075,59.2402],[24.4154,59.2386],[24.4063,59.2415],[24.4012,59.2404],[24.4012,59.2415],[24.4063,59.2439],[24.4062,59.2445],[24.4048,59.2477],[24.4144,59.2498],[24.4143,59.2499],[24.4071,59.2566],[24.4069,59.2567],[24.4004,59.2545],[24.3932,59.2569],[24.3895,59.2619],[24.3868,59.2627],[24.3868,59.2619],[24.3919,59.2564],[24.3851,59.2524],[24.3743,59.244],[24.3641,59.2474],[24.3612,59.2469],[24.3555,59.2455]]],[[[27.3613,59.1999],[27.3648,59.2069],[27.3684,59.2001],[27.3726,59.2031],[27.368,59.2071],[27.3695,59.2101],[27.3771,59.2118],[27.3895,59.215],[27.3994,59.2062],[27.4005,59.2048],[27.4009,59.2037],[27.4077,59.2032],[27.4255,59.2087],[27.4133,59.2037],[27.4224,59.1975],[27.4587,59.2006],[27.4687,59.1966],[27.479,59.2015],[27.4962,59.2239],[27.4979,59.226],[27.4958,59.2264],[27.4846,59.2288],[27.4737,59.2284],[27.4703,59.2222],[27.4624,59.2213],[27.4578,59.2268],[27.4558,59.2229],[27.4378,59.2217],[27.4358,59.2243],[27.4315,59.2276],[27.4377,59.2305],[27.439,59.2316],[27.4361,59.2368],[27.4247,59.2368],[27.4282,59.2408],[27.4261,59.2447],[27.4169,59.2461],[27.4112,59.2506],[27.404,59.2512],[27.3996,59.241],[27.3997,59.2362],[27.3986,59.2354],[27.4072,59.2302],[27.4044,59.2277],[27.4054,59.2223],[27.401,59.218],[27.3941,59.2247],[27.3974,59.2287],[27.3993,59.2316],[27.3878,59.2336],[27.3717,59.2318],[27.3712,59.2273],[27.3614,59.2325],[27.3528,59.2279],[27.3508,59.2272],[27.3495,59.2267],[27.3534,59.2201],[27.3512,59.2172],[27.3451,59.208],[27.3496,59.2008],[27.3566,59.1988],[27.3613,59.1999]]],[[[24.0954,59.2375],[24.107,59.2469],[24.1018,59.2515],[24.0874,59.2527],[24.0817,59.256],[24.0806,59.2612],[24.0698,59.2724],[24.0708,59.2775],[24.0574,59.2808],[24.0504,59.2788],[24.0589,59.2759],[24.0564,59.2754],[24.0561,59.2757],[24.0525,59.276],[24.0515,59.2737],[24.0622,59.2712],[24.0538,59.2672],[24.0448,59.2708],[24.0408,59.2744],[24.0401,59.2756],[24.0396,59.2772],[24.0361,59.2805],[24.0261,59.2794],[24.0264,59.2793],[24.0285,59.279],[24.0262,59.2791],[24.0251,59.2785],[24.0191,59.2779],[24.0115,59.2769],[24.0093,59.2807],[23.9964,59.2756],[23.9992,59.2715],[23.9929,59.2693],[23.9836,59.2733],[23.9824,59.2763],[23.9907,59.2793],[23.9911,59.2811],[23.9772,59.2768],[23.9598,59.2692],[23.944,59.2691],[23.9301,59.2733],[23.916,59.2721],[23.9109,59.2699],[23.9099,59.2708],[23.9095,59.2713],[23.9078,59.2737],[23.9033,59.2765],[23.8995,59.2726],[23.9009,59.2728],[23.9025,59.2717],[23.903,59.2715],[23.8999,59.2713],[23.8994,59.2709],[23.8988,59.2684],[23.8838,59.2633],[23.8786,59.2585],[23.8914,59.2547],[23.8867,59.2507],[23.887,59.25],[23.9177,59.2545],[23.9352,59.2565],[23.9576,59.2525],[24.0058,59.241],[24.0102,59.2406],[24.0104,59.2412],[24.0057,59.2435],[24.004,59.244],[24.0041,59.2441],[24.006,59.2439],[24.0108,59.2418],[24.008,59.2452],[24.016,59.252],[24.0251,59.2533],[24.0266,59.2581],[24.0306,59.2583],[24.0479,59.2525],[24.0371,59.247],[24.0348,59.2365],[24.0723,59.2295],[24.0815,59.2265],[24.0845,59.2351],[24.0954,59.2375]]],[[[24.1503,59.2849],[24.1492,59.2846],[24.1401,59.2868],[24.1363,59.283],[24.1331,59.275],[24.1428,59.2734],[24.15,59.2754],[24.1582,59.2748],[24.154,59.2653],[24.1602,59.2612],[24.1517,59.2579],[24.1538,59.254],[24.157,59.2537],[24.1657,59.2622],[24.1669,59.2751],[24.1597,59.2764],[24.171,59.2763],[24.1705,59.2717],[24.1734,59.2635],[24.1834,59.2767],[24.1866,59.2778],[24.1881,59.2775],[24.189,59.2767],[24.1871,59.2739],[24.1872,59.2737],[24.1899,59.2732],[24.1948,59.2728],[24.1958,59.273],[24.2028,59.2773],[24.1991,59.2806],[24.2069,59.2826],[24.2126,59.2872],[24.2097,59.2907],[24.2096,59.2907],[24.2027,59.292],[24.209,59.2936],[24.2058,59.2985],[24.198,59.3006],[24.1978,59.2981],[24.1914,59.2924],[24.1842,59.2939],[24.1814,59.2927],[24.1752,59.2919],[24.1705,59.2972],[24.1775,59.3],[24.182,59.3018],[24.1702,59.3051],[24.1597,59.3052],[24.1665,59.311],[24.1733,59.3137],[24.1839,59.3139],[24.1762,59.3198],[24.1714,59.3289],[24.1378,59.3327],[24.1402,59.3278],[24.1299,59.326],[24.1358,59.3216],[24.1265,59.3162],[24.1281,59.3156],[24.1274,59.3085],[24.1198,59.3081],[24.1318,59.3057],[24.1312,59.3018],[24.136,59.2956],[24.1375,59.2962],[24.1381,59.2961],[24.1385,59.295],[24.1481,59.2899],[24.1575,59.2867],[24.1503,59.2849]]],[[[25.7661,59.4427],[25.7833,59.4429],[25.8009,59.443],[25.8186,59.4432],[25.8362,59.4434],[25.8538,59.4435],[25.8714,59.4437],[25.8849,59.4438],[25.8861,59.4475],[25.8861,59.4481],[25.8821,59.4552],[25.8753,59.4519],[25.8572,59.4568],[25.8502,59.4573],[25.83,59.4596],[25.7905,59.4602],[25.7765,59.461],[25.7736,59.4592],[25.7753,59.4503],[25.7678,59.4489],[25.7696,59.4442],[25.7661,59.4427]]],[[[25.9294,59.4442],[25.9342,59.4442],[25.9308,59.4452],[25.9294,59.4442]]],[[[24.5669,59.2764],[24.5703,59.2823],[24.561,59.2878],[24.5507,59.2832],[24.5506,59.2799],[24.5513,59.2731],[24.5567,59.273],[24.5572,59.273],[24.5603,59.2733],[24.5669,59.2764]]],[[[27.4712,59.2329],[27.4728,59.2366],[27.4649,59.2408],[27.4686,59.2427],[27.474,59.2464],[27.4695,59.2533],[27.4799,59.2529],[27.485,59.2577],[27.4948,59.2592],[27.4968,59.2595],[27.4951,59.2664],[27.4957,59.2741],[27.4968,59.2818],[27.49,59.2862],[27.4912,59.2895],[27.4841,59.291],[27.4669,59.2846],[27.4569,59.2862],[27.4568,59.2862],[27.4528,59.2907],[27.4488,59.2824],[27.452,59.2779],[27.4487,59.2719],[27.4473,59.2675],[27.4401,59.2667],[27.4428,59.262],[27.4412,59.2597],[27.4474,59.2449],[27.4471,59.2413],[27.4477,59.2379],[27.4389,59.2373],[27.441,59.2319],[27.4487,59.2316],[27.4613,59.2313],[27.4712,59.2329]]],[[[24.604,59.2846],[24.609,59.2866],[24.6071,59.2884],[24.6171,59.2942],[24.608,59.294],[24.6009,59.2934],[24.5923,59.2942],[24.5913,59.2972],[24.5942,59.2976],[24.5956,59.2964],[24.5998,59.2949],[24.6006,59.2949],[24.6041,59.295],[24.609,59.2982],[24.6043,59.3032],[24.6047,59.3034],[24.6046,59.3034],[24.6037,59.3046],[24.5953,59.3041],[24.5845,59.3067],[24.5764,59.3031],[24.5767,59.303],[24.579,59.3006],[24.5805,59.3005],[24.5848,59.2973],[24.5839,59.297],[24.5735,59.2971],[24.5738,59.2963],[24.5768,59.2934],[24.5882,59.2896],[24.5909,59.2863],[24.5901,59.2846],[24.5918,59.2847],[24.5934,59.2849],[24.5958,59.2816],[24.604,59.2846]]],[[[24.8691,59.2951],[24.8687,59.2913],[24.8731,59.2912],[24.8822,59.2989],[24.8875,59.2957],[24.8968,59.2981],[24.9154,59.2953],[24.9155,59.3002],[24.9128,59.308],[24.9113,59.3131],[24.9057,59.3149],[24.9118,59.3149],[24.9228,59.3157],[24.9286,59.3175],[24.9208,59.3242],[24.9121,59.318],[24.9103,59.3186],[24.9071,59.3197],[24.8846,59.3171],[24.8844,59.3116],[24.8773,59.3107],[24.8754,59.3087],[24.8777,59.3034],[24.8672,59.3015],[24.8691,59.2951]]],[[[25.2315,59.3349],[25.2309,59.339],[25.2259,59.3372],[25.2253,59.3368],[25.2159,59.3444],[25.2116,59.3455],[25.2075,59.3432],[25.2093,59.3367],[25.2049,59.3354],[25.2097,59.3301],[25.224,59.3284],[25.2256,59.3336],[25.2368,59.3303],[25.2306,59.3266],[25.2351,59.3205],[25.236,59.3178],[25.2377,59.3158],[25.2389,59.3145],[25.2432,59.3153],[25.243,59.32],[25.2425,59.3289],[25.2422,59.3346],[25.2418,59.3347],[25.2315,59.3349]]],[[[24.3442,59.3461],[24.3451,59.3459],[24.3512,59.3438],[24.3402,59.3393],[24.348,59.3376],[24.3575,59.3407],[24.3586,59.3411],[24.3595,59.3406],[24.3597,59.3407],[24.361,59.3409],[24.3616,59.3409],[24.3618,59.3409],[24.3555,59.3459],[24.3553,59.3517],[24.3426,59.356],[24.3419,59.3493],[24.3269,59.356],[24.3153,59.3603],[24.3152,59.3611],[24.3242,59.3648],[24.3375,59.3626],[24.3448,59.3617],[24.344,59.362],[24.3427,59.3627],[24.3417,59.3635],[24.3417,59.3641],[24.3438,59.3636],[24.346,59.3632],[24.3481,59.3632],[24.349,59.3623],[24.3494,59.3623],[24.3479,59.3648],[24.3415,59.3673],[24.3324,59.3654],[24.3107,59.3695],[24.3037,59.3674],[24.3042,59.3648],[24.2962,59.3646],[24.294,59.3683],[24.2858,59.3693],[24.2846,59.3692],[24.2752,59.3646],[24.2797,59.3631],[24.2752,59.3618],[24.266,59.3618],[24.2672,59.3535],[24.2756,59.351],[24.2816,59.3513],[24.2844,59.3494],[24.2873,59.3477],[24.2946,59.3439],[24.3059,59.3401],[24.3062,59.3396],[24.3141,59.3414],[24.3152,59.346],[24.3175,59.3501],[24.3185,59.3537],[24.3208,59.3524],[24.3239,59.3534],[24.3442,59.3461]]],[[[24.6584,59.3594],[24.6522,59.3566],[24.6459,59.3521],[24.6501,59.3482],[24.6488,59.3463],[24.6491,59.3459],[24.654,59.3442],[24.6556,59.343],[24.656,59.3427],[24.6611,59.3379],[24.6708,59.3407],[24.6802,59.34],[24.6816,59.3418],[24.6826,59.343],[24.6855,59.3441],[24.6899,59.3529],[24.6967,59.3593],[24.692,59.3597],[24.6871,59.358],[24.6786,59.3602],[24.6731,59.3597],[24.6663,59.361],[24.6584,59.3594]]],[[[24.9985,59.3571],[24.9987,59.3568],[24.9985,59.3563],[24.9982,59.355],[24.9928,59.3527],[24.9922,59.3459],[24.9876,59.3457],[24.9687,59.3481],[24.9683,59.3458],[24.9673,59.3449],[24.9676,59.3439],[24.9658,59.3432],[24.9654,59.3428],[24.9658,59.3408],[24.9582,59.3318],[24.9492,59.3271],[24.957,59.3252],[24.9651,59.3222],[24.9649,59.3186],[24.9734,59.3175],[24.9782,59.319],[24.9789,59.3196],[24.9804,59.3221],[24.9746,59.3287],[24.9822,59.3307],[24.9883,59.3332],[24.9827,59.3426],[24.9904,59.3427],[24.998,59.3455],[25.0065,59.3514],[25.0044,59.356],[25.0046,59.3571],[25.0054,59.3628],[25.0052,59.3628],[25.0016,59.3613],[24.9984,59.3591],[24.9974,59.3598],[24.9953,59.3602],[24.9985,59.3571]]],[[[27.8149,59.3596],[27.8458,59.3561],[27.9421,59.3507],[27.9444,59.3506],[27.9515,59.3502],[27.9526,59.3501],[27.9907,59.348],[28.03,59.3653],[28.0439,59.3664],[28.0472,59.3678],[27.9002,59.3623],[27.9109,59.3581],[27.9021,59.3566],[27.8982,59.3622],[27.8665,59.3611],[27.8367,59.3638],[27.8188,59.364],[27.8164,59.3664],[27.8149,59.3596]]],[[[27.8255,59.3796],[27.8178,59.3804],[27.8103,59.3771],[27.8057,59.3718],[27.7981,59.3755],[27.7981,59.3695],[27.8286,59.3657],[27.8402,59.3688],[27.8384,59.3772],[27.8258,59.3751],[27.8255,59.3796]]],[[[24.4228,59.4273],[24.433,59.4296],[24.4374,59.4329],[24.4453,59.4343],[24.4474,59.4386],[24.4564,59.4331],[24.4541,59.4292],[24.4595,59.4285],[24.461,59.413],[24.4505,59.414],[24.4381,59.4154],[24.4349,59.4213],[24.4355,59.4195],[24.4331,59.4186],[24.4292,59.4207],[24.4281,59.4208],[24.428,59.4201],[24.4299,59.4184],[24.4288,59.4169],[24.4385,59.4048],[24.4369,59.4022],[24.4397,59.4014],[24.4417,59.4001],[24.4357,59.4013],[24.4318,59.408],[24.4316,59.408],[24.4157,59.4078],[24.4224,59.4035],[24.4266,59.3981],[24.4327,59.3971],[24.4348,59.3879],[24.4629,59.3856],[24.4648,59.3861],[24.4708,59.3834],[24.4738,59.3758],[24.487,59.376],[24.4804,59.3805],[24.4888,59.3815],[24.4904,59.3849],[24.4854,59.3886],[24.4874,59.3929],[24.4801,59.3969],[24.4793,59.3997],[24.481,59.4028],[24.4843,59.4043],[24.4919,59.4067],[24.4967,59.4088],[24.4999,59.4093],[24.5062,59.402],[24.5189,59.4048],[24.5203,59.4117],[24.5274,59.4124],[24.5194,59.4155],[24.5181,59.415],[24.5144,59.416],[24.516,59.4178],[24.5199,59.4199],[24.5212,59.4238],[24.5151,59.4252],[24.5186,59.4223],[24.5091,59.4154],[24.5105,59.4269],[24.504,59.4265],[24.4981,59.43],[24.4963,59.4304],[24.494,59.432],[24.4942,59.432],[24.4942,59.4321],[24.4947,59.4324],[24.4948,59.4324],[24.4946,59.4333],[24.4957,59.4329],[24.5004,59.4363],[24.501,59.4362],[24.5018,59.4362],[24.5011,59.4365],[24.5,59.4366],[24.4952,59.4342],[24.4937,59.4335],[24.4789,59.4306],[24.4756,59.4301],[24.4718,59.42],[24.4681,59.4266],[24.4723,59.4315],[24.4677,59.4319],[24.4674,59.4321],[24.4677,59.4371],[24.4626,59.438],[24.4517,59.4499],[24.4408,59.4429],[24.4388,59.4394],[24.4279,59.4398],[24.4307,59.4425],[24.4391,59.447],[24.4345,59.4467],[24.4256,59.4453],[24.4211,59.4474],[24.4223,59.4533],[24.4093,59.452],[24.4046,59.4492],[24.3948,59.4484],[24.3953,59.4427],[24.3863,59.4423],[24.3926,59.44],[24.3939,59.4396],[24.395,59.4393],[24.3955,59.4394],[24.4082,59.4374],[24.4172,59.4396],[24.4236,59.4388],[24.4228,59.4273]]],[[[25.6193,59.4413],[25.6246,59.4413],[25.6423,59.4415],[25.6541,59.4416],[25.6545,59.4448],[25.6549,59.4485],[25.6652,59.4514],[25.6643,59.4533],[25.651,59.449],[25.6545,59.4525],[25.67,59.4604],[25.6707,59.4626],[25.6099,59.4614],[25.6006,59.4608],[25.6005,59.4595],[25.6023,59.4518],[25.5974,59.4512],[25.5886,59.4462],[25.589,59.4435],[25.5896,59.4433],[25.5915,59.4423],[25.5994,59.4442],[25.6048,59.4411],[25.607,59.4411],[25.612,59.4412],[25.6117,59.4417],[25.6132,59.4521],[25.6185,59.4531],[25.6206,59.4464],[25.618,59.4424],[25.6193,59.4413]]],[[[25.6667,59.4417],[25.6775,59.4419],[25.6952,59.442],[25.7128,59.4422],[25.7304,59.4424],[25.748,59.4426],[25.7574,59.4426],[25.7591,59.4461],[25.7702,59.4543],[25.765,59.4607],[25.7584,59.4616],[25.7206,59.4613],[25.7212,59.4577],[25.7191,59.456],[25.7121,59.4554],[25.7056,59.4612],[25.6943,59.4611],[25.6903,59.4593],[25.6909,59.4541],[25.6903,59.4536],[25.6906,59.4524],[25.6907,59.4519],[25.6879,59.4518],[25.6837,59.4496],[25.6751,59.4504],[25.6661,59.4493],[25.6666,59.4488],[25.6658,59.4487],[25.6651,59.4486],[25.6635,59.4486],[25.6571,59.4453],[25.6685,59.4471],[25.6667,59.4417]]],[[[25.2376,59.4231],[25.2374,59.4277],[25.2371,59.4327],[25.2109,59.4313],[25.1972,59.43],[25.2045,59.4273],[25.2286,59.4258],[25.2295,59.4223],[25.2376,59.4231]]],[[[25.4018,59.4388],[25.411,59.4389],[25.4042,59.44],[25.4018,59.4388]]],[[[25.4169,59.439],[25.4308,59.4391],[25.4484,59.4393],[25.466,59.4395],[25.4836,59.4397],[25.5013,59.44],[25.5091,59.44],[25.5155,59.4451],[25.5172,59.4453],[25.5172,59.4454],[25.5206,59.4458],[25.5205,59.4456],[25.5203,59.4439],[25.5198,59.4421],[25.5168,59.4414],[25.5302,59.4422],[25.5286,59.4506],[25.5423,59.4508],[25.5463,59.4536],[25.5536,59.4536],[25.5568,59.4503],[25.5546,59.4491],[25.5516,59.449],[25.5507,59.4496],[25.5454,59.445],[25.5699,59.4498],[25.5833,59.4501],[25.5844,59.4503],[25.5895,59.4512],[25.5909,59.4522],[25.5843,59.4598],[25.5555,59.4581],[25.5089,59.4551],[25.4513,59.4496],[25.4516,59.4487],[25.4489,59.4452],[25.4479,59.4424],[25.432,59.4433],[25.4276,59.4421],[25.4254,59.4469],[25.4119,59.4442],[25.4139,59.4418],[25.4169,59.439]]],[[[25.9996,59.4447],[26.0125,59.4448],[26.0266,59.4449],[26.0279,59.4459],[26.0245,59.4501],[26.0343,59.4515],[26.014,59.456],[25.9976,59.457],[25.9931,59.455],[25.9917,59.455],[25.9895,59.4573],[25.9685,59.4567],[25.9537,59.4553],[25.9523,59.4493],[25.9637,59.4516],[25.97,59.4497],[25.9721,59.4445],[25.9772,59.4445],[25.993,59.4447],[25.994,59.4452],[25.9985,59.4459],[25.9996,59.4447]]],[[[27.1181,59.3701],[27.1661,59.3716],[27.1848,59.3923],[27.2024,59.3994],[27.1974,59.4064],[27.2057,59.4115],[27.192,59.4187],[27.1713,59.4145],[27.1384,59.4042],[27.1407,59.3966],[27.1353,59.3909],[27.1293,59.3893],[27.1319,59.3835],[27.1315,59.3829],[27.1306,59.3816],[27.1232,59.3703],[27.1181,59.3701]]],[[[28.085,59.4106],[28.0879,59.4143],[28.0877,59.4143],[28.0902,59.4161],[28.0997,59.4195],[28.1136,59.4224],[28.0936,59.4151],[28.0984,59.4136],[28.1139,59.4186],[28.1181,59.422],[28.1156,59.4245],[28.1135,59.4242],[28.1173,59.4281],[28.1245,59.4295],[28.1138,59.4367],[28.1132,59.4373],[28.0993,59.4441],[28.0978,59.4443],[28.0836,59.4495],[28.0782,59.4463],[28.0827,59.44],[28.0905,59.4406],[28.0924,59.4345],[28.0827,59.4291],[28.0859,59.4224],[28.0775,59.4178],[28.0726,59.4176],[28.0682,59.4148],[28.0716,59.4133],[28.0795,59.4109],[28.0753,59.4086],[28.0593,59.4133],[28.0564,59.4134],[28.0393,59.4207],[28.0332,59.4171],[28.0235,59.4149],[28.0288,59.4125],[28.0336,59.4119],[28.0464,59.4087],[28.0482,59.4082],[28.0463,59.4076],[28.0458,59.4075],[28.0452,59.4073],[28.0501,59.4061],[28.0554,59.4064],[28.0572,59.406],[28.0605,59.405],[28.071,59.4078],[28.0755,59.4021],[28.0766,59.4051],[28.0771,59.4076],[28.085,59.4106]]],[[[26.084,59.467],[26.0828,59.4719],[26.0829,59.473],[26.0878,59.4812],[26.0989,59.4812],[26.098,59.4882],[26.0931,59.4939],[26.1084,59.496],[26.1216,59.5012],[26.1217,59.5039],[26.1138,59.5035],[26.1124,59.5012],[26.0981,59.5019],[26.0904,59.4984],[26.0788,59.5],[26.0676,59.4952],[26.0755,59.5048],[26.0648,59.5073],[26.0778,59.5096],[26.0835,59.5084],[26.0811,59.5028],[26.0913,59.5067],[26.0964,59.5085],[26.1029,59.5096],[26.1086,59.5137],[26.1129,59.508],[26.1203,59.5059],[26.1243,59.5094],[26.1206,59.5136],[26.1276,59.5161],[26.1346,59.5221],[26.1292,59.5212],[26.1237,59.5209],[26.1132,59.5167],[26.1036,59.5238],[26.0944,59.5267],[26.0882,59.5286],[26.0802,59.5282],[26.0801,59.5255],[26.0893,59.5244],[26.0843,59.5197],[26.0777,59.5246],[26.0712,59.5251],[26.0679,59.5247],[26.0625,59.5227],[26.0524,59.5227],[26.0476,59.5282],[26.0487,59.5296],[26.0324,59.5268],[26.0336,59.5249],[26.025,59.5244],[26.022,59.5287],[26.0186,59.5339],[26.0237,59.5391],[26.0275,59.542],[26.0407,59.5463],[26.0427,59.546],[26.0462,59.549],[26.0534,59.5482],[26.0606,59.5515],[26.0611,59.5527],[26.0655,59.5541],[26.0642,59.5606],[26.0841,59.5619],[26.0844,59.5623],[26.0881,59.5636],[26.1002,59.5641],[26.1075,59.5677],[26.1063,59.5645],[26.0937,59.5612],[26.0928,59.555],[26.0843,59.556],[26.0805,59.5589],[26.0691,59.5564],[26.0758,59.5526],[26.0747,59.5501],[26.0752,59.5493],[26.091,59.5476],[26.0934,59.5428],[26.1024,59.5445],[26.0931,59.5482],[26.0942,59.5504],[26.0974,59.5529],[26.1048,59.555],[26.1113,59.5519],[26.1118,59.5515],[26.1177,59.5564],[26.1228,59.5589],[26.1288,59.5559],[26.1432,59.5538],[26.1541,59.5508],[26.1569,59.5489],[26.1699,59.5489],[26.172,59.5493],[26.1875,59.549],[26.1911,59.5468],[26.1858,59.5441],[26.1825,59.5407],[26.1942,59.541],[26.1956,59.5433],[26.2005,59.5467],[26.2098,59.5481],[26.222,59.5459],[26.2353,59.5407],[26.243,59.54],[26.2447,59.5402],[26.2392,59.5364],[26.2436,59.5338],[26.2393,59.5262],[26.2373,59.5213],[26.2418,59.5196],[26.2355,59.517],[26.2369,59.5093],[26.2482,59.5072],[26.2531,59.5093],[26.2609,59.5108],[26.2617,59.5111],[26.2676,59.5091],[26.2696,59.5113],[26.288,59.5093],[26.298,59.5093],[26.2964,59.5143],[26.3048,59.5156],[26.3015,59.5195],[26.3039,59.5236],[26.3125,59.5252],[26.3136,59.5179],[26.3099,59.5132],[26.3058,59.5152],[26.3127,59.5001],[26.3092,59.4997],[26.2969,59.4983],[26.2907,59.4905],[26.2846,59.4926],[26.2796,59.4875],[26.2763,59.492],[26.2678,59.4867],[26.2603,59.489],[26.2591,59.4941],[26.2536,59.4907],[26.2397,59.4872],[26.2263,59.4909],[26.2205,59.4869],[26.2161,59.4917],[26.2141,59.4876],[26.2144,59.4873],[26.2164,59.4858],[26.211,59.483],[26.2031,59.4829],[26.2123,59.4813],[26.221,59.4773],[26.2175,59.4748],[26.2263,59.4683],[26.234,59.4704],[26.2338,59.4751],[26.2361,59.4781],[26.2463,59.4756],[26.2507,59.471],[26.253,59.4704],[26.2545,59.4657],[26.256,59.4658],[26.2606,59.466],[26.2614,59.466],[26.263,59.4663],[26.2639,59.4663],[26.2653,59.466],[26.2575,59.464],[26.2507,59.4588],[26.2594,59.4527],[26.2658,59.4554],[26.2698,59.4571],[26.2823,59.4553],[26.2857,59.4582],[26.2979,59.4575],[26.3079,59.4514],[26.3062,59.4486],[26.3115,59.4467],[26.3122,59.4467],[26.3299,59.4468],[26.3323,59.4468],[26.3334,59.4481],[26.341,59.4492],[26.3355,59.4574],[26.331,59.4579],[26.3309,59.458],[26.332,59.4612],[26.3242,59.4657],[26.3195,59.4621],[26.306,59.4626],[26.3059,59.465],[26.3049,59.4653],[26.3027,59.4645],[26.2911,59.4665],[26.2864,59.4678],[26.2779,59.4754],[26.2723,59.4753],[26.2677,59.4823],[26.2758,59.4818],[26.2902,59.482],[26.2925,59.4799],[26.2943,59.4822],[26.2935,59.4858],[26.3067,59.4877],[26.3145,59.4868],[26.3184,59.4898],[26.3103,59.4942],[26.3159,59.4972],[26.3237,59.4924],[26.3253,59.4918],[26.33,59.4942],[26.3244,59.4956],[26.3191,59.4978],[26.3211,59.5],[26.3232,59.4969],[26.3324,59.4966],[26.3334,59.497],[26.3327,59.501],[26.3345,59.5045],[26.3394,59.5052],[26.3392,59.5095],[26.3483,59.5106],[26.3594,59.514],[26.3641,59.5104],[26.3955,59.5127],[26.3942,59.5161],[26.3985,59.5171],[26.4141,59.5162],[26.4143,59.514],[26.4185,59.5191],[26.4279,59.517],[26.4358,59.5159],[26.4456,59.5165],[26.4467,59.5213],[26.4498,59.5148],[26.4417,59.5126],[26.4338,59.5107],[26.4352,59.5088],[26.4474,59.5037],[26.4513,59.5044],[26.4556,59.5056],[26.4659,59.5045],[26.4691,59.5019],[26.4759,59.4992],[26.485,59.4924],[26.4935,59.4919],[26.5003,59.4943],[26.4932,59.4951],[26.4906,59.4955],[26.4908,59.4959],[26.4917,59.497],[26.4926,59.4964],[26.4949,59.4967],[26.4932,59.4981],[26.4921,59.4995],[26.4903,59.5002],[26.4848,59.5008],[26.4827,59.5086],[26.4796,59.5102],[26.4831,59.5107],[26.4907,59.5101],[26.5,59.5045],[26.5158,59.5056],[26.5154,59.5066],[26.5139,59.5064],[26.5129,59.5073],[26.5146,59.5078],[26.5152,59.508],[26.5206,59.508],[26.5206,59.5103],[26.508,59.5105],[26.4982,59.5127],[26.4926,59.5167],[26.4752,59.5182],[26.4697,59.518],[26.4671,59.5186],[26.4671,59.5234],[26.4713,59.5257],[26.4661,59.5303],[26.465,59.5308],[26.4628,59.531],[26.4592,59.5308],[26.4542,59.5308],[26.4447,59.5354],[26.4412,59.5383],[26.4258,59.543],[26.4242,59.5399],[26.4142,59.537],[26.4052,59.5399],[26.4031,59.5346],[26.3959,59.5325],[26.3903,59.5276],[26.3923,59.5246],[26.3918,59.5169],[26.3853,59.5182],[26.3758,59.5177],[26.3724,59.5226],[26.3643,59.5205],[26.3556,59.5257],[26.3544,59.5218],[26.3488,59.5292],[26.351,59.5329],[26.3619,59.5291],[26.365,59.5283],[26.3714,59.531],[26.3729,59.5345],[26.3528,59.5353],[26.349,59.5338],[26.3477,59.5349],[26.353,59.5368],[26.3689,59.539],[26.3723,59.5428],[26.3729,59.5494],[26.363,59.5564],[26.3401,59.5544],[26.3231,59.5561],[26.3224,59.5559],[26.3282,59.5538],[26.3241,59.5547],[26.3212,59.5566],[26.3227,59.5574],[26.3176,59.5614],[26.3093,59.5617],[26.2958,59.559],[26.2933,59.5555],[26.2857,59.5557],[26.2786,59.5576],[26.2838,59.5628],[26.2943,59.5651],[26.2964,59.5708],[26.2888,59.5723],[26.2843,59.5771],[26.2761,59.576],[26.266,59.5802],[26.2667,59.5851],[26.2314,59.5853],[26.2197,59.5865],[26.1976,59.5845],[26.1777,59.5853],[26.1635,59.5821],[26.1545,59.5823],[26.1514,59.5776],[26.1453,59.5776],[26.1407,59.5825],[26.1185,59.5857],[26.1079,59.581],[26.096,59.5848],[26.0961,59.5877],[26.0879,59.5854],[26.0652,59.5883],[26.0609,59.5924],[26.0734,59.5929],[26.0656,59.5965],[26.0673,59.5998],[26.0629,59.6026],[26.0562,59.6017],[26.0491,59.6096],[26.054,59.6122],[26.0467,59.6168],[26.0461,59.6161],[26.0439,59.6168],[26.0386,59.6193],[26.031,59.6227],[26.0247,59.6229],[26.0207,59.6144],[26.021,59.6138],[26.02,59.6131],[26.0136,59.6125],[25.9997,59.6067],[25.9846,59.6123],[25.9868,59.6137],[25.9835,59.6157],[25.9755,59.6166],[25.9763,59.6208],[25.9773,59.6262],[25.9758,59.6313],[25.9657,59.6314],[25.9664,59.6251],[25.9757,59.6098],[25.9754,59.5984],[25.9791,59.6027],[25.9858,59.6019],[25.9891,59.5983],[25.9849,59.5876],[25.9777,59.5875],[25.9776,59.5842],[25.9795,59.5834],[25.9797,59.5832],[25.9824,59.5823],[25.9844,59.5822],[25.9854,59.582],[25.9865,59.5822],[25.9953,59.5864],[26.0002,59.5855],[26.0077,59.5815],[26.0021,59.5792],[25.9919,59.5797],[25.9841,59.5797],[25.9816,59.58],[25.9797,59.5792],[25.98,59.5781],[25.9773,59.5772],[25.9723,59.5703],[25.973,59.5701],[25.975,59.5702],[25.974,59.5698],[25.9729,59.5695],[25.9834,59.5627],[25.9839,59.5629],[25.9911,59.5645],[26.0085,59.5709],[26.0131,59.567],[26.0183,59.5661],[26.0016,59.5602],[25.992,59.5635],[25.9913,59.5626],[25.9915,59.562],[25.9922,59.5604],[25.9906,59.5599],[25.9903,59.5597],[25.9901,59.5596],[25.9799,59.5576],[25.9857,59.5602],[25.9777,59.5638],[25.9604,59.562],[25.9583,59.5612],[25.9559,59.5621],[25.9565,59.5632],[25.9553,59.5635],[25.9527,59.5625],[25.9283,59.5656],[25.9074,59.5592],[25.91,59.5554],[25.903,59.5505],[25.8991,59.5605],[25.8793,59.5516],[25.8776,59.5507],[25.8637,59.5444],[25.8719,59.5402],[25.8811,59.5363],[25.8904,59.5389],[25.8919,59.5328],[25.8935,59.5325],[25.9023,59.5285],[25.8972,59.5261],[25.8897,59.5224],[25.8951,59.5216],[25.8962,59.5246],[25.9042,59.527],[25.9069,59.5236],[25.9164,59.5258],[25.92,59.5254],[25.925,59.5256],[25.9314,59.5293],[25.9445,59.5279],[25.9493,59.5334],[25.957,59.5348],[25.9633,59.5427],[25.9508,59.5507],[25.9556,59.5552],[25.9729,59.5561],[25.9684,59.5542],[25.9609,59.5462],[25.9652,59.5435],[25.9597,59.5349],[25.9486,59.5305],[25.9624,59.5226],[25.981,59.5209],[25.9798,59.519],[25.9621,59.5223],[25.9568,59.5177],[25.9527,59.5156],[25.9574,59.514],[25.958,59.5136],[25.9589,59.513],[25.9609,59.5096],[25.9616,59.5089],[25.9731,59.5048],[25.9792,59.5005],[25.9803,59.4963],[25.9888,59.4935],[25.9861,59.4905],[25.984,59.4898],[25.9752,59.49],[25.9692,59.4847],[25.9622,59.4867],[25.9548,59.4819],[25.9489,59.4885],[25.9518,59.4917],[25.963,59.4923],[25.9675,59.4952],[25.9553,59.5],[25.9539,59.4997],[25.9515,59.4996],[25.942,59.4999],[25.9388,59.4998],[25.9378,59.5001],[25.9367,59.5002],[25.943,59.5046],[25.9468,59.5067],[25.9459,59.5072],[25.9361,59.5109],[25.9355,59.5116],[25.9328,59.5129],[25.9309,59.513],[25.9172,59.5117],[25.9004,59.5152],[25.8894,59.5155],[25.884,59.5165],[25.8747,59.512],[25.8764,59.5109],[25.8863,59.5118],[25.8952,59.5067],[25.9027,59.5055],[25.9155,59.5004],[25.9222,59.4944],[25.9237,59.4892],[25.9391,59.4848],[25.9484,59.4796],[25.9442,59.4684],[25.9333,59.4709],[25.9214,59.4766],[25.9112,59.4857],[25.9015,59.4841],[25.8893,59.4903],[25.8808,59.4936],[25.8751,59.492],[25.8662,59.4948],[25.8715,59.4992],[25.8718,59.5108],[25.8685,59.5118],[25.8552,59.5135],[25.8547,59.5147],[25.8582,59.5174],[25.847,59.5226],[25.827,59.526],[25.8267,59.5289],[25.8135,59.5289],[25.8082,59.5335],[25.8095,59.5371],[25.8015,59.5344],[25.7964,59.5338],[25.7943,59.5428],[25.7849,59.5481],[25.7787,59.5492],[25.7606,59.5492],[25.7581,59.5461],[25.7527,59.548],[25.7504,59.5441],[25.7358,59.5378],[25.7423,59.5252],[25.7439,59.5253],[25.7502,59.5239],[25.7789,59.5182],[25.7827,59.5153],[25.7909,59.5106],[25.7965,59.5095],[25.7931,59.5133],[25.8109,59.5134],[25.8127,59.514],[25.8147,59.5159],[25.816,59.516],[25.8192,59.5155],[25.8215,59.5112],[25.8313,59.5045],[25.8592,59.4975],[25.8675,59.4924],[25.889,59.489],[25.9018,59.4824],[25.9173,59.4781],[25.9221,59.472],[25.946,59.4639],[25.9497,59.459],[25.9558,59.4562],[25.9658,59.4569],[25.9947,59.4627],[25.9967,59.4699],[25.9874,59.4714],[25.9798,59.4669],[25.9645,59.469],[25.9635,59.4717],[25.974,59.4703],[25.9783,59.4769],[25.9898,59.4798],[25.9953,59.4746],[26.0005,59.4753],[25.9964,59.4786],[25.9921,59.4822],[25.9892,59.4854],[25.9931,59.4861],[25.9971,59.4924],[26.0016,59.495],[26.0083,59.4886],[26.001,59.4816],[25.9927,59.4825],[25.997,59.4788],[26.0233,59.4908],[26.0271,59.4909],[26.033,59.4909],[26.0333,59.4878],[26.0328,59.4864],[26.017,59.4781],[26.0031,59.4759],[26.0015,59.4751],[26.0161,59.4631],[26.0338,59.4601],[26.061,59.4525],[26.0653,59.4512],[26.0692,59.4502],[26.0722,59.452],[26.0752,59.4535],[26.0801,59.4498],[26.0883,59.4481],[26.094,59.4531],[26.106,59.4573],[26.1014,59.4616],[26.096,59.4552],[26.0891,59.461],[26.0889,59.4573],[26.077,59.4575],[26.0708,59.4614],[26.0835,59.464],[26.084,59.467]]],[[[25.7046,59.4862],[25.7021,59.4826],[25.6917,59.4805],[25.69,59.4818],[25.6895,59.4827],[25.6906,59.4842],[25.6914,59.4827],[25.6916,59.4822],[25.6907,59.4818],[25.6987,59.4823],[25.6949,59.4845],[25.697,59.4877],[25.6918,59.4879],[25.6895,59.4886],[25.6832,59.4915],[25.6824,59.4953],[25.6608,59.4981],[25.6564,59.4924],[25.6504,59.4879],[25.6384,59.481],[25.6357,59.4752],[25.6396,59.4627],[25.6771,59.4634],[25.686,59.4645],[25.6872,59.4753],[25.6985,59.4721],[25.713,59.4767],[25.7153,59.4801],[25.7146,59.4817],[25.7124,59.4816],[25.7046,59.4862]],[[25.6508,59.474],[25.6602,59.4794],[25.6674,59.4817],[25.6719,59.4791],[25.6722,59.4703],[25.6651,59.4657],[25.6568,59.4646],[25.6445,59.4662],[25.6458,59.4715],[25.6508,59.474]]],[[[26.4635,59.4575],[26.4649,59.4559],[26.4735,59.4552],[26.4699,59.4498],[26.4631,59.4543],[26.4554,59.449],[26.4497,59.4544],[26.4387,59.4506],[26.4352,59.4537],[26.4268,59.45],[26.4232,59.4559],[26.4317,59.4569],[26.4361,59.4547],[26.4414,59.4573],[26.4492,59.4567],[26.4629,59.4593],[26.4557,59.4658],[26.4439,59.4685],[26.4352,59.4756],[26.4281,59.4769],[26.4337,59.4812],[26.4391,59.4816],[26.4471,59.4819],[26.4479,59.4861],[26.4524,59.4911],[26.4468,59.4974],[26.45,59.5008],[26.443,59.494],[26.4393,59.4989],[26.4377,59.5005],[26.4376,59.5011],[26.4391,59.5008],[26.4399,59.5021],[26.4365,59.5054],[26.4344,59.5043],[26.4325,59.5018],[26.4179,59.5032],[26.41,59.5015],[26.4116,59.4945],[26.414,59.4927],[26.4166,59.4869],[26.4167,59.4825],[26.4236,59.4669],[26.415,59.4672],[26.4076,59.4704],[26.399,59.4729],[26.3969,59.4793],[26.3923,59.48],[26.3891,59.4857],[26.3777,59.4861],[26.3656,59.4849],[26.3619,59.4832],[26.3636,59.4776],[26.3717,59.4751],[26.3834,59.4677],[26.3867,59.469],[26.3967,59.464],[26.4067,59.4611],[26.4118,59.4618],[26.4208,59.4527],[26.4207,59.4491],[26.4192,59.4473],[26.4357,59.4473],[26.4533,59.4474],[26.4709,59.4475],[26.471,59.4451],[26.4729,59.4483],[26.4768,59.4519],[26.4847,59.4529],[26.4998,59.4478],[26.4982,59.4527],[26.5103,59.4556],[26.506,59.4565],[26.5009,59.4534],[26.4938,59.4589],[26.4787,59.461],[26.4736,59.4641],[26.4671,59.4763],[26.4523,59.4752],[26.4504,59.4753],[26.4625,59.474],[26.4693,59.4605],[26.4646,59.4588],[26.4635,59.4575]]],[[[26.4711,59.4347],[26.4712,59.4319],[26.4727,59.4324],[26.4839,59.4294],[26.493,59.4318],[26.5044,59.4304],[26.5103,59.4277],[26.5144,59.4291],[26.4994,59.4328],[26.4971,59.4372],[26.4899,59.4347],[26.4756,59.4333],[26.4711,59.4347]]],[[[26.3968,59.4472],[26.4004,59.4472],[26.4074,59.4472],[26.4053,59.4511],[26.3995,59.4549],[26.3983,59.4601],[26.381,59.4657],[26.3607,59.4608],[26.3595,59.4596],[26.3607,59.4587],[26.365,59.4525],[26.3792,59.4471],[26.3828,59.4471],[26.3818,59.4505],[26.3889,59.4507],[26.3968,59.4472]]],[[[26.7581,59.4682],[26.7925,59.4635],[26.7837,59.4668],[26.7809,59.4727],[26.7788,59.4732],[26.7775,59.4742],[26.7788,59.4776],[26.7747,59.4758],[26.7744,59.4755],[26.7738,59.4788],[26.7753,59.4801],[26.7844,59.4811],[26.7852,59.4839],[26.7856,59.4839],[26.7902,59.4831],[26.7905,59.482],[26.7919,59.4821],[26.8061,59.4793],[26.8121,59.4796],[26.8394,59.4732],[26.8525,59.4668],[26.8441,59.4655],[26.8495,59.459],[26.8522,59.4583],[26.8629,59.4588],[26.8651,59.4579],[26.8656,59.4591],[26.8608,59.4646],[26.8588,59.4658],[26.8574,59.4662],[26.8394,59.474],[26.8057,59.4823],[26.7889,59.4872],[26.7868,59.4845],[26.7736,59.4867],[26.7762,59.4921],[26.7588,59.4952],[26.7494,59.4948],[26.7447,59.4968],[26.7269,59.5013],[26.7243,59.5031],[26.7229,59.5056],[26.7071,59.5061],[26.6927,59.5099],[26.686,59.517],[26.6774,59.5188],[26.6882,59.5206],[26.7051,59.5176],[26.708,59.5184],[26.7016,59.5236],[26.6909,59.5291],[26.6861,59.5362],[26.6799,59.5353],[26.671,59.5364],[26.6665,59.5337],[26.6592,59.5378],[26.6505,59.5416],[26.6503,59.5444],[26.6303,59.5417],[26.63,59.5367],[26.6249,59.5361],[26.617,59.5391],[26.6103,59.5385],[26.6009,59.5403],[26.5985,59.543],[26.5905,59.5451],[26.5904,59.5449],[26.5944,59.5415],[26.5867,59.5304],[26.5874,59.5265],[26.592,59.5231],[26.5883,59.5154],[26.5931,59.5158],[26.5883,59.5097],[26.5931,59.5059],[26.5985,59.503],[26.6017,59.5028],[26.617,59.501],[26.6234,59.499],[26.6286,59.4973],[26.6389,59.4968],[26.6493,59.4933],[26.6611,59.4911],[26.6726,59.4897],[26.6782,59.487],[26.6729,59.4815],[26.6704,59.4802],[26.6662,59.4772],[26.6652,59.4734],[26.6787,59.4681],[26.6754,59.4634],[26.6808,59.4611],[26.6914,59.4649],[26.7004,59.4615],[26.7021,59.4648],[26.6999,59.4662],[26.6972,59.4713],[26.6845,59.4774],[26.682,59.4814],[26.7018,59.4763],[26.7135,59.4762],[26.7143,59.4767],[26.7114,59.4783],[26.7099,59.479],[26.7068,59.4829],[26.7058,59.4778],[26.6909,59.4808],[26.6837,59.4839],[26.6897,59.4897],[26.6894,59.4971],[26.6839,59.5032],[26.7008,59.5028],[26.7046,59.5016],[26.718,59.4966],[26.7422,59.4937],[26.7376,59.4922],[26.729,59.4809],[26.7358,59.4829],[26.751,59.4835],[26.7609,59.4821],[26.7597,59.4794],[26.7399,59.4786],[26.7455,59.4763],[26.7556,59.4778],[26.7652,59.4761],[26.7625,59.4711],[26.7581,59.4682]]],[[[26.1509,59.4897],[26.1483,59.4916],[26.1375,59.4969],[26.1366,59.4958],[26.1347,59.4959],[26.1254,59.5006],[26.1258,59.4997],[26.1265,59.495],[26.118,59.4919],[26.1253,59.4887],[26.1208,59.4844],[26.1078,59.4835],[26.1005,59.4809],[26.1014,59.4754],[26.1002,59.4763],[26.0995,59.4742],[26.1011,59.4746],[26.1113,59.4756],[26.1134,59.4701],[26.1163,59.4706],[26.1166,59.4714],[26.1142,59.4764],[26.1227,59.4783],[26.1259,59.4826],[26.1333,59.4809],[26.1337,59.4818],[26.1422,59.4802],[26.143,59.4795],[26.144,59.4794],[26.1494,59.4808],[26.1567,59.4838],[26.1522,59.4846],[26.1493,59.4875],[26.1509,59.4897]]],[[[26.3766,59.4877],[26.3846,59.4891],[26.3967,59.4938],[26.3986,59.4967],[26.3852,59.498],[26.383,59.5032],[26.3807,59.5026],[26.3717,59.5062],[26.3613,59.5035],[26.3562,59.4983],[26.3516,59.4975],[26.3539,59.4957],[26.367,59.4898],[26.3653,59.4876],[26.3689,59.4878],[26.3766,59.4877]]],[[[26.2206,59.5142],[26.2293,59.52],[26.236,59.5266],[26.2331,59.5301],[26.2284,59.5331],[26.2317,59.5365],[26.2274,59.5369],[26.2248,59.5358],[26.2223,59.5254],[26.205,59.5259],[26.2044,59.5286],[26.1923,59.5277],[26.1871,59.5324],[26.1838,59.5303],[26.1867,59.5272],[26.1896,59.5223],[26.1756,59.5177],[26.1705,59.5194],[26.1621,59.5232],[26.1623,59.5259],[26.1568,59.5249],[26.1642,59.5137],[26.1562,59.5155],[26.1488,59.5147],[26.1571,59.5115],[26.1654,59.5115],[26.178,59.5125],[26.1805,59.5131],[26.1928,59.5094],[26.1961,59.5128],[26.2072,59.5166],[26.2206,59.5142]]],[[[26.1326,59.5271],[26.143,59.5289],[26.1451,59.5355],[26.1347,59.5347],[26.1282,59.5379],[26.126,59.5436],[26.1336,59.5451],[26.1286,59.5483],[26.1222,59.5481],[26.1091,59.5389],[26.1092,59.5356],[26.1143,59.5339],[26.1171,59.5333],[26.1176,59.525],[26.1232,59.5224],[26.1312,59.526],[26.1326,59.5271]]],[[[25.8845,59.5602],[25.8958,59.5596],[25.8982,59.5607],[25.901,59.562],[25.9051,59.564],[25.9162,59.5676],[25.9337,59.5654],[25.9541,59.5637],[25.9546,59.5639],[25.9578,59.565],[25.955,59.5687],[25.9423,59.5697],[25.9391,59.5735],[25.9519,59.5738],[25.9518,59.5759],[25.9643,59.5788],[25.9415,59.5773],[25.9374,59.5753],[25.931,59.5779],[25.924,59.5789],[25.913,59.5824],[25.91,59.5875],[25.9111,59.588],[25.9126,59.5955],[25.9124,59.5954],[25.9085,59.5956],[25.9109,59.6012],[25.9173,59.6044],[25.9167,59.6114],[25.9098,59.6145],[25.8831,59.6154],[25.8736,59.6181],[25.8654,59.6136],[25.872,59.599],[25.8665,59.5921],[25.8741,59.5856],[25.8742,59.5788],[25.8701,59.573],[25.8578,59.5678],[25.8598,59.5655],[25.865,59.5636],[25.8666,59.5626],[25.8689,59.5605],[25.8845,59.5602]]],[[[25.5757,59.6016],[25.5725,59.6083],[25.5566,59.6064],[25.5559,59.6084],[25.5449,59.6084],[25.5265,59.6139],[25.5158,59.6217],[25.5066,59.6178],[25.517,59.6051],[25.5198,59.6008],[25.5392,59.6011],[25.5334,59.6033],[25.5226,59.6029],[25.5266,59.608],[25.5454,59.6014],[25.5595,59.6023],[25.5742,59.5973],[25.5824,59.5944],[25.5855,59.5934],[25.5876,59.5921],[25.5593,59.6021],[25.5395,59.6009],[25.5411,59.5938],[25.5318,59.5932],[25.5307,59.5977],[25.5307,59.5979],[25.5301,59.6003],[25.5197,59.6007],[25.5156,59.5965],[25.5148,59.5923],[25.5207,59.5856],[25.5279,59.5863],[25.5289,59.5867],[25.5311,59.5868],[25.5323,59.584],[25.5326,59.5827],[25.5331,59.5815],[25.5377,59.5789],[25.5342,59.5773],[25.5337,59.5773],[25.5328,59.5773],[25.5327,59.5771],[25.5327,59.577],[25.5322,59.5766],[25.5318,59.5724],[25.5306,59.5716],[25.5354,59.5633],[25.5464,59.5592],[25.5569,59.5564],[25.5578,59.5557],[25.5607,59.5487],[25.5611,59.5465],[25.567,59.5442],[25.5693,59.5414],[25.5701,59.5386],[25.5694,59.5322],[25.5645,59.5264],[25.5566,59.5221],[25.5612,59.5199],[25.5643,59.5207],[25.5646,59.5206],[25.5672,59.5196],[25.5675,59.5196],[25.568,59.5194],[25.5681,59.5193],[25.5684,59.5195],[25.5696,59.5191],[25.5695,59.519],[25.5678,59.5177],[25.5681,59.5172],[25.5678,59.517],[25.5689,59.5165],[25.5784,59.5108],[25.5884,59.5125],[25.6047,59.5109],[25.5956,59.5034],[25.6012,59.5006],[25.6029,59.5],[25.6179,59.5007],[25.6197,59.5008],[25.6217,59.5024],[25.6217,59.5025],[25.6252,59.5046],[25.6325,59.5053],[25.6398,59.5061],[25.6482,59.5134],[25.6514,59.5203],[25.658,59.5397],[25.6552,59.5513],[25.6541,59.5569],[25.6573,59.5609],[25.6378,59.5632],[25.6263,59.5724],[25.6098,59.5787],[25.5965,59.5797],[25.595,59.5898],[25.5887,59.5915],[25.5961,59.5903],[25.6012,59.5889],[25.6046,59.5912],[25.6016,59.5963],[25.6013,59.5967],[25.591,59.5971],[25.5757,59.6016]],[[25.5795,59.5789],[25.5814,59.5756],[25.5907,59.5725],[25.5835,59.5662],[25.5811,59.5611],[25.5784,59.5556],[25.5652,59.5569],[25.5614,59.5566],[25.5592,59.5584],[25.5673,59.5735],[25.5651,59.5801],[25.5583,59.5858],[25.5642,59.5826],[25.5795,59.5789]],[[25.6402,59.5203],[25.6364,59.5251],[25.6268,59.5317],[25.6214,59.5399],[25.6109,59.5505],[25.6046,59.5518],[25.5868,59.5525],[25.5877,59.5585],[25.5933,59.5633],[25.6031,59.5637],[25.61,59.5584],[25.6354,59.5618],[25.6318,59.5569],[25.6457,59.5454],[25.6434,59.5403],[25.6373,59.5357],[25.6443,59.528],[25.6402,59.5203]]],[[[26.6637,57.5897],[26.653,57.5838],[26.6503,57.5841],[26.6463,57.5832],[26.6335,57.5782],[26.6329,57.5839],[26.6308,57.5839],[26.6234,57.5802],[26.6233,57.5768],[26.6138,57.5772],[26.6088,57.5737],[26.6088,57.5728],[26.6167,57.5683],[26.6164,57.5664],[26.6197,57.5601],[26.6095,57.5595],[26.5979,57.5545],[26.5949,57.5468],[26.5892,57.5522],[26.5802,57.5547],[26.5782,57.5646],[26.5801,57.5659],[26.5689,57.5673],[26.5619,57.5651],[26.5543,57.5575],[26.578,57.5466],[26.5799,57.5415],[26.585,57.5431],[26.5943,57.5386],[26.5904,57.5351],[26.594,57.5252],[26.6045,57.5202],[26.6029,57.5179],[26.5912,57.5171],[26.5924,57.5158],[26.5961,57.5136],[26.5967,57.5141],[26.5981,57.5146],[26.5988,57.5146],[26.6054,57.5112],[26.6094,57.5115],[26.6121,57.5115],[26.6134,57.5112],[26.6143,57.5102],[26.6145,57.5101],[26.6182,57.5096],[26.6168,57.5104],[26.6165,57.5126],[26.6163,57.5148],[26.6151,57.5251],[26.6148,57.5294],[26.6207,57.5338],[26.6272,57.5383],[26.6222,57.5411],[26.6222,57.5431],[26.632,57.5439],[26.6437,57.5482],[26.6469,57.5541],[26.6516,57.5536],[26.6578,57.5578],[26.6578,57.5608],[26.6489,57.567],[26.6555,57.5704],[26.6535,57.5779],[26.6573,57.5804],[26.6614,57.5796],[26.6679,57.5793],[26.6699,57.5731],[26.6723,57.5732],[26.6725,57.5735],[26.6748,57.5772],[26.676,57.5773],[26.6766,57.5782],[26.677,57.5788],[26.6794,57.5794],[26.6797,57.5793],[26.6809,57.5796],[26.6884,57.5782],[26.6986,57.5794],[26.6999,57.579],[26.7011,57.5788],[26.7017,57.5789],[26.7027,57.577],[26.7024,57.5769],[26.6992,57.5754],[26.7002,57.5747],[26.7003,57.5739],[26.72,57.5775],[26.7204,57.5778],[26.7207,57.578],[26.7208,57.5782],[26.7209,57.5784],[26.7233,57.5812],[26.7235,57.5815],[26.7237,57.5818],[26.7244,57.582],[26.7235,57.5825],[26.7181,57.5828],[26.7139,57.5871],[26.6983,57.5883],[26.685,57.5914],[26.6715,57.593],[26.6637,57.5897]]],[[[26.6586,57.6013],[26.6566,57.6036],[26.6461,57.6016],[26.6379,57.6042],[26.6387,57.6089],[26.6195,57.6003],[26.6334,57.5933],[26.6384,57.594],[26.6477,57.5906],[26.6492,57.5955],[26.6599,57.594],[26.6586,57.6013]]],[[[26.3462,57.6129],[26.3459,57.6136],[26.3502,57.6147],[26.3519,57.6147],[26.3522,57.6149],[26.3543,57.6153],[26.3544,57.6165],[26.3582,57.6169],[26.362,57.621],[26.3613,57.6221],[26.3578,57.6218],[26.3557,57.6216],[26.338,57.626],[26.343,57.6307],[26.357,57.6281],[26.3506,57.6322],[26.3613,57.6359],[26.3623,57.6416],[26.3722,57.6417],[26.3831,57.649],[26.3762,57.637],[26.3804,57.6354],[26.3781,57.632],[26.3684,57.6371],[26.3571,57.633],[26.3587,57.6286],[26.3636,57.6211],[26.3718,57.6225],[26.3814,57.622],[26.393,57.6246],[26.3967,57.6286],[26.4001,57.6315],[26.4061,57.6361],[26.4106,57.6351],[26.4158,57.6279],[26.4085,57.6243],[26.4102,57.6197],[26.4236,57.6246],[26.4386,57.6263],[26.4435,57.6244],[26.4572,57.6193],[26.4658,57.6233],[26.4308,57.6395],[26.4126,57.6457],[26.4058,57.648],[26.3885,57.655],[26.3846,57.6629],[26.3793,57.6663],[26.3694,57.6633],[26.3719,57.6583],[26.351,57.6584],[26.3592,57.6663],[26.3648,57.6656],[26.373,57.6657],[26.378,57.6677],[26.3723,57.6666],[26.3685,57.6711],[26.3798,57.6732],[26.3779,57.6775],[26.3723,57.6897],[26.3538,57.7012],[26.3476,57.6974],[26.3414,57.6981],[26.3358,57.7011],[26.3374,57.7068],[26.3311,57.7075],[26.3238,57.7118],[26.3352,57.7134],[26.3446,57.71],[26.3325,57.7153],[26.3408,57.7205],[26.3508,57.7206],[26.3565,57.7265],[26.3615,57.7261],[26.3619,57.721],[26.3558,57.7195],[26.3513,57.719],[26.3515,57.712],[26.3558,57.7055],[26.3719,57.6921],[26.3763,57.6835],[26.3868,57.6844],[26.3918,57.688],[26.3883,57.6925],[26.3953,57.6935],[26.4043,57.6909],[26.4045,57.6908],[26.4118,57.6894],[26.4261,57.6941],[26.4275,57.6935],[26.4202,57.6889],[26.4191,57.6883],[26.4176,57.6875],[26.4177,57.6859],[26.4136,57.6791],[26.4099,57.6779],[26.4088,57.6769],[26.3991,57.6735],[26.393,57.6693],[26.3827,57.6693],[26.3854,57.6634],[26.3955,57.6644],[26.388,57.6581],[26.3893,57.6553],[26.4063,57.6484],[26.4307,57.64],[26.4664,57.6236],[26.4673,57.6241],[26.4675,57.6275],[26.4806,57.6261],[26.4845,57.6244],[26.4856,57.6213],[26.4782,57.6203],[26.4782,57.6197],[26.546,57.6256],[26.5535,57.6285],[26.5512,57.6317],[26.5499,57.6367],[26.5528,57.6431],[26.5605,57.6431],[26.5699,57.6418],[26.5774,57.6434],[26.572,57.6389],[26.5755,57.6349],[26.5838,57.6358],[26.592,57.6294],[26.5994,57.6389],[26.5913,57.6375],[26.5865,57.6433],[26.5941,57.6436],[26.5989,57.6402],[26.6044,57.6461],[26.6075,57.6436],[26.6134,57.6444],[26.6175,57.6559],[26.6212,57.6582],[26.6136,57.6636],[26.6091,57.6614],[26.592,57.6649],[26.5998,57.6682],[26.6184,57.6654],[26.6161,57.6726],[26.6227,57.6741],[26.6278,57.6712],[26.6421,57.6756],[26.6528,57.6713],[26.6444,57.6696],[26.649,57.6667],[26.6579,57.6718],[26.6596,57.681],[26.6682,57.6892],[26.6714,57.6881],[26.6727,57.6916],[26.6615,57.6882],[26.6613,57.6881],[26.6598,57.6874],[26.6597,57.6875],[26.6605,57.689],[26.6611,57.6954],[26.6534,57.7022],[26.646,57.7052],[26.6438,57.7043],[26.6439,57.7048],[26.6466,57.7087],[26.6415,57.7137],[26.645,57.7193],[26.6518,57.7243],[26.6546,57.7276],[26.656,57.7331],[26.6536,57.7359],[26.6523,57.7368],[26.6438,57.736],[26.6427,57.73],[26.6365,57.7338],[26.6285,57.7345],[26.6337,57.7405],[26.6242,57.7403],[26.6184,57.7394],[26.6169,57.739],[26.6128,57.7393],[26.6138,57.7403],[26.6175,57.7403],[26.6182,57.7437],[26.6267,57.744],[26.6263,57.7461],[26.6245,57.7484],[26.6144,57.7511],[26.6153,57.7582],[26.6148,57.7582],[26.6083,57.7572],[26.6131,57.7651],[26.6181,57.7661],[26.6162,57.7702],[26.6028,57.769],[26.5991,57.7709],[26.5893,57.7673],[26.5826,57.7667],[26.5836,57.7609],[26.5962,57.7626],[26.6074,57.7582],[26.6036,57.7519],[26.5854,57.7504],[26.5744,57.7451],[26.5702,57.7412],[26.5701,57.7411],[26.5702,57.741],[26.5693,57.7409],[26.5692,57.741],[26.5691,57.741],[26.5736,57.7472],[26.5607,57.7458],[26.5578,57.7435],[26.5607,57.7486],[26.564,57.7552],[26.5579,57.7549],[26.5512,57.758],[26.5556,57.7609],[26.5729,57.7636],[26.5828,57.7753],[26.5813,57.7777],[26.5669,57.7715],[26.5629,57.7787],[26.5489,57.776],[26.5473,57.7713],[26.5419,57.7722],[26.5404,57.7726],[26.5401,57.7737],[26.5399,57.7742],[26.5437,57.7744],[26.5511,57.7819],[26.532,57.7788],[26.532,57.7843],[26.5402,57.7846],[26.5393,57.7871],[26.533,57.7894],[26.5375,57.7936],[26.53,57.7979],[26.5213,57.797],[26.516,57.8003],[26.508,57.8002],[26.4888,57.7969],[26.4832,57.7917],[26.4909,57.7917],[26.4972,57.7889],[26.4954,57.7858],[26.4967,57.7801],[26.4972,57.7796],[26.495,57.7739],[26.4827,57.7716],[26.4662,57.7709],[26.4629,57.7728],[26.4565,57.7762],[26.4798,57.7808],[26.4677,57.7857],[26.4724,57.7881],[26.4718,57.7898],[26.4842,57.794],[26.4844,57.7968],[26.4901,57.7996],[26.4812,57.7982],[26.4764,57.8005],[26.4712,57.8046],[26.4865,57.8035],[26.5029,57.8098],[26.4973,57.8133],[26.5028,57.8156],[26.5001,57.8163],[26.4878,57.8097],[26.4797,57.8097],[26.4594,57.8011],[26.4454,57.7995],[26.4388,57.7972],[26.4391,57.7985],[26.4418,57.8024],[26.4339,57.805],[26.428,57.8103],[26.4221,57.8145],[26.4128,57.8144],[26.4216,57.8202],[26.4316,57.8162],[26.4361,57.816],[26.4391,57.81],[26.4407,57.8132],[26.4437,57.8131],[26.4465,57.8148],[26.4625,57.8169],[26.4685,57.8193],[26.4738,57.8233],[26.4716,57.8282],[26.4735,57.8327],[26.4674,57.8347],[26.4665,57.8348],[26.4582,57.8357],[26.451,57.8332],[26.4414,57.833],[26.4375,57.8321],[26.4374,57.829],[26.4235,57.8299],[26.4143,57.8322],[26.4088,57.8361],[26.4098,57.8415],[26.4189,57.8399],[26.4323,57.8424],[26.439,57.8464],[26.4196,57.853],[26.4195,57.8435],[26.409,57.8469],[26.4045,57.847],[26.3991,57.8424],[26.3906,57.8419],[26.3877,57.8394],[26.3974,57.8348],[26.4007,57.83],[26.3972,57.8273],[26.411,57.8236],[26.4043,57.8182],[26.4056,57.8129],[26.4107,57.8091],[26.4173,57.8087],[26.4175,57.8047],[26.4289,57.7977],[26.429,57.7956],[26.4267,57.7916],[26.4428,57.796],[26.4521,57.7941],[26.4523,57.7933],[26.4338,57.7919],[26.4295,57.7896],[26.4322,57.785],[26.4383,57.7787],[26.4517,57.7774],[26.4581,57.7726],[26.4588,57.7684],[26.4503,57.7679],[26.4478,57.767],[26.4472,57.7708],[26.4408,57.7758],[26.4299,57.7809],[26.4262,57.785],[26.4165,57.7895],[26.4207,57.7927],[26.4126,57.7959],[26.4063,57.8002],[26.4034,57.8052],[26.3932,57.806],[26.3898,57.8086],[26.3671,57.8086],[26.3642,57.8066],[26.3689,57.8054],[26.3902,57.8029],[26.3831,57.797],[26.3946,57.7974],[26.4045,57.7862],[26.3993,57.7846],[26.3836,57.791],[26.3774,57.7957],[26.3686,57.7933],[26.3749,57.7886],[26.3804,57.788],[26.3823,57.7879],[26.3861,57.7831],[26.3993,57.7824],[26.4094,57.7836],[26.4173,57.7787],[26.4226,57.7753],[26.4306,57.7744],[26.4253,57.7684],[26.4266,57.7663],[26.4242,57.7626],[26.4327,57.7594],[26.4312,57.7552],[26.4259,57.7542],[26.4191,57.7627],[26.4129,57.7638],[26.4113,57.7679],[26.4059,57.7694],[26.3933,57.7721],[26.3928,57.7673],[26.4031,57.7651],[26.4037,57.7611],[26.3952,57.761],[26.388,57.7581],[26.4068,57.758],[26.3998,57.7542],[26.3946,57.7557],[26.3859,57.7532],[26.3734,57.7482],[26.3789,57.7457],[26.3871,57.7487],[26.3882,57.7518],[26.3983,57.7512],[26.3986,57.7473],[26.3879,57.747],[26.3869,57.7424],[26.3911,57.7384],[26.3836,57.737],[26.3866,57.7339],[26.3802,57.731],[26.3754,57.7277],[26.3756,57.724],[26.3681,57.7223],[26.361,57.7292],[26.3598,57.7297],[26.3496,57.7307],[26.3477,57.7297],[26.3504,57.7236],[26.3348,57.7249],[26.3367,57.7205],[26.3307,57.7178],[26.3268,57.7218],[26.3323,57.7249],[26.3261,57.7273],[26.3209,57.7257],[26.3085,57.7292],[26.3105,57.7223],[26.2985,57.7187],[26.2918,57.7184],[26.2909,57.7248],[26.2792,57.72],[26.2862,57.718],[26.2887,57.7123],[26.2994,57.7127],[26.3083,57.7107],[26.3142,57.7068],[26.3163,57.7038],[26.307,57.6994],[26.3019,57.7074],[26.2911,57.7051],[26.2852,57.706],[26.2759,57.7052],[26.2715,57.7041],[26.2752,57.7033],[26.2785,57.6948],[26.287,57.6974],[26.2932,57.6941],[26.2935,57.6945],[26.2951,57.6948],[26.2957,57.6948],[26.2963,57.6945],[26.2931,57.6893],[26.2954,57.6884],[26.3102,57.6888],[26.3111,57.6943],[26.3253,57.7033],[26.3268,57.7028],[26.3223,57.6962],[26.3247,57.6888],[26.3207,57.6841],[26.3208,57.6876],[26.3128,57.6884],[26.3092,57.6823],[26.2968,57.6863],[26.2889,57.687],[26.2794,57.6826],[26.2791,57.6782],[26.259,57.6757],[26.2556,57.6804],[26.2557,57.6829],[26.252,57.684],[26.2468,57.6864],[26.2521,57.6912],[26.2528,57.6918],[26.25,57.6961],[26.2554,57.6975],[26.2521,57.7003],[26.2592,57.7053],[26.2563,57.7079],[26.2552,57.7089],[26.249,57.7045],[26.2331,57.7027],[26.2284,57.7096],[26.2214,57.7113],[26.2061,57.7121],[26.2058,57.7148],[26.1991,57.7095],[26.2015,57.7048],[26.2095,57.7051],[26.2099,57.7025],[26.2016,57.7024],[26.1963,57.7058],[26.1979,57.708],[26.1986,57.7091],[26.2057,57.715],[26.1956,57.7143],[26.1901,57.7162],[26.1907,57.7205],[26.1823,57.7202],[26.1745,57.7167],[26.1751,57.7193],[26.1751,57.7195],[26.173,57.7203],[26.1693,57.7244],[26.1646,57.7245],[26.164,57.7195],[26.1558,57.7153],[26.1362,57.7157],[26.1466,57.7209],[26.1492,57.7258],[26.1444,57.7305],[26.1375,57.7335],[26.1145,57.7348],[26.1044,57.7334],[26.101,57.7365],[26.0869,57.7378],[26.0718,57.7313],[26.0626,57.7353],[26.0318,57.6994],[26.0269,57.6962],[25.8932,57.6311],[25.9104,57.6094],[25.9213,57.6091],[25.9247,57.613],[25.9357,57.6162],[25.9603,57.6286],[25.9674,57.6354],[25.9764,57.6383],[25.9742,57.6618],[25.9926,57.6618],[25.9879,57.6679],[25.9799,57.6665],[25.9791,57.6712],[25.9895,57.6729],[26.0074,57.6708],[26.0133,57.6781],[26.0278,57.6777],[26.0434,57.6843],[26.0408,57.69],[26.0351,57.6927],[26.0363,57.6969],[26.0444,57.7045],[26.0446,57.6921],[26.055,57.6926],[26.0532,57.6996],[26.0664,57.7054],[26.0776,57.7012],[26.0835,57.7054],[26.0959,57.7031],[26.1004,57.7059],[26.109,57.7054],[26.1123,57.7014],[26.1212,57.7041],[26.1311,57.7043],[26.1329,57.7002],[26.1462,57.697],[26.1508,57.702],[26.1625,57.706],[26.1725,57.7027],[26.1684,57.6984],[26.1827,57.6917],[26.184,57.6917],[26.1849,57.6922],[26.1891,57.689],[26.1964,57.6882],[26.1999,57.685],[26.2026,57.6862],[26.2015,57.6909],[26.2116,57.6958],[26.2196,57.6918],[26.2097,57.6899],[26.2136,57.688],[26.2226,57.6917],[26.2133,57.697],[26.221,57.6994],[26.2259,57.691],[26.2213,57.6831],[26.2301,57.6767],[26.2387,57.6747],[26.241,57.6672],[26.2323,57.6692],[26.2325,57.6718],[26.2279,57.6705],[26.2314,57.6624],[26.2394,57.6612],[26.2454,57.649],[26.2429,57.6436],[26.2539,57.628],[26.257,57.6195],[26.2644,57.6114],[26.2728,57.6068],[26.2791,57.6007],[26.2879,57.599],[26.2937,57.5955],[26.2977,57.5933],[26.3069,57.5971],[26.3187,57.5955],[26.3385,57.5986],[26.3389,57.604],[26.3344,57.6052],[26.3256,57.6058],[26.3314,57.6132],[26.3462,57.6129]],[[26.307,57.6382],[26.2988,57.6401],[26.2954,57.6367],[26.2873,57.6392],[26.2849,57.6386],[26.2766,57.6351],[26.2706,57.6369],[26.2576,57.636],[26.2565,57.6398],[26.2693,57.642],[26.2728,57.6389],[26.2776,57.6395],[26.2785,57.6448],[26.2815,57.646],[26.2845,57.6487],[26.2848,57.6525],[26.2837,57.6526],[26.2801,57.6539],[26.2742,57.6596],[26.2713,57.6627],[26.274,57.6673],[26.2833,57.6725],[26.2808,57.6786],[26.2857,57.6837],[26.2976,57.6777],[26.287,57.6702],[26.2827,57.6672],[26.2964,57.6654],[26.3035,57.6597],[26.3174,57.6655],[26.3146,57.6633],[26.3186,57.6585],[26.3154,57.6557],[26.3166,57.6557],[26.321,57.6502],[26.3279,57.6496],[26.3392,57.6497],[26.3426,57.6474],[26.3507,57.6431],[26.3421,57.6401],[26.3401,57.6315],[26.3337,57.6311],[26.3295,57.6348],[26.3312,57.64],[26.328,57.6402],[26.3233,57.635],[26.3171,57.6389],[26.307,57.6382]],[[26.3634,57.6768],[26.3635,57.6755],[26.3529,57.6728],[26.3498,57.6748],[26.3351,57.6758],[26.336,57.6784],[26.3459,57.678],[26.3509,57.6829],[26.3462,57.6853],[26.3341,57.6873],[26.3339,57.6936],[26.3408,57.6923],[26.3541,57.6977],[26.3645,57.6896],[26.3606,57.6823],[26.3634,57.6768]],[[26.5035,57.7664],[26.5109,57.7661],[26.5169,57.7624],[26.5238,57.7636],[26.5279,57.7666],[26.5296,57.7726],[26.5335,57.7697],[26.5301,57.7639],[26.5346,57.7641],[26.5349,57.7637],[26.5347,57.7627],[26.535,57.7626],[26.5353,57.7635],[26.5372,57.7636],[26.538,57.7627],[26.542,57.7606],[26.5486,57.7639],[26.55,57.7669],[26.5511,57.7669],[26.5535,57.767],[26.5548,57.7678],[26.5603,57.769],[26.5619,57.7681],[26.5599,57.7685],[26.5574,57.7669],[26.5551,57.7672],[26.5518,57.7657],[26.5511,57.7652],[26.5488,57.7639],[26.545,57.7616],[26.5448,57.7613],[26.5471,57.7586],[26.5464,57.755],[26.5425,57.7544],[26.541,57.7545],[26.5402,57.7539],[26.5429,57.7496],[26.5502,57.7509],[26.5532,57.7511],[26.5505,57.7483],[26.5494,57.7478],[26.5509,57.7493],[26.5374,57.7494],[26.5356,57.7469],[26.5358,57.7467],[26.5354,57.7457],[26.5365,57.7446],[26.5356,57.7449],[26.5327,57.743],[26.5326,57.7415],[26.5304,57.7423],[26.5327,57.7433],[26.5326,57.747],[26.5304,57.7471],[26.5305,57.747],[26.5276,57.7475],[26.5275,57.7476],[26.5266,57.7476],[26.5264,57.7469],[26.5251,57.7467],[26.5244,57.7468],[26.5236,57.7466],[26.5207,57.7443],[26.5214,57.7439],[26.52,57.743],[26.5179,57.7425],[26.525,57.7384],[26.5203,57.736],[26.5235,57.7326],[26.5298,57.7326],[26.5301,57.7328],[26.5295,57.7332],[26.5281,57.7341],[26.5301,57.7362],[26.534,57.7357],[26.5452,57.7365],[26.5439,57.7361],[26.5438,57.736],[26.5343,57.733],[26.5295,57.7278],[26.5233,57.7259],[26.5133,57.7264],[26.5075,57.7295],[26.4992,57.7267],[26.4931,57.7213],[26.4844,57.7199],[26.4805,57.7162],[26.473,57.7189],[26.4724,57.7284],[26.4788,57.7299],[26.4747,57.7333],[26.481,57.7366],[26.4801,57.7372],[26.4802,57.7373],[26.4791,57.7393],[26.4566,57.7379],[26.454,57.7423],[26.4613,57.7446],[26.465,57.7421],[26.4797,57.7397],[26.4806,57.7417],[26.4805,57.742],[26.4802,57.7424],[26.4776,57.7429],[26.4735,57.7435],[26.4718,57.7441],[26.4716,57.7444],[26.4741,57.7457],[26.4755,57.7457],[26.4776,57.7459],[26.4786,57.7461],[26.4789,57.7469],[26.4818,57.7482],[26.4843,57.7497],[26.49,57.7511],[26.4968,57.754],[26.498,57.7544],[26.5037,57.7558],[26.5112,57.7609],[26.5067,57.7625],[26.4943,57.7575],[26.4902,57.7558],[26.4922,57.7629],[26.4903,57.7684],[26.4982,57.7697],[26.5021,57.7666],[26.5035,57.7664]],[[26.6502,57.683],[26.6363,57.6747],[26.628,57.676],[26.6317,57.684],[26.6369,57.6891],[26.6323,57.692],[26.6442,57.7024],[26.6524,57.7],[26.6488,57.6959],[26.6581,57.6928],[26.6587,57.6894],[26.6502,57.683]],[[26.4874,57.7081],[26.4883,57.7145],[26.493,57.7175],[26.5061,57.719],[26.5057,57.7199],[26.5072,57.7194],[26.5137,57.7233],[26.5159,57.7229],[26.516,57.7149],[26.5095,57.7092],[26.5081,57.7096],[26.5076,57.7106],[26.5081,57.7091],[26.5098,57.7077],[26.5136,57.7058],[26.5148,57.6988],[26.5044,57.6959],[26.5027,57.7047],[26.4979,57.7091],[26.4874,57.7081]],[[26.5713,57.7269],[26.5792,57.7312],[26.5778,57.7358],[26.5901,57.7373],[26.597,57.7338],[26.5979,57.7297],[26.587,57.7218],[26.5749,57.7215],[26.5713,57.7269]],[[26.0905,57.7216],[26.0969,57.7279],[26.1076,57.7269],[26.1147,57.7293],[26.1307,57.7277],[26.1296,57.7213],[26.116,57.717],[26.1105,57.7199],[26.0905,57.7216]]],[[[26.8421,57.6328],[26.8443,57.6305],[26.8443,57.6294],[26.8443,57.6293],[26.844,57.629],[26.8507,57.63],[26.8654,57.6283],[26.8751,57.6278],[26.8859,57.6281],[26.8815,57.6339],[26.8781,57.6441],[26.8635,57.6406],[26.8633,57.6328],[26.8577,57.6359],[26.847,57.6365],[26.8421,57.6329],[26.8421,57.6328]]],[[[27.0003,57.6327],[27.0079,57.6312],[27.0158,57.6365],[27.022,57.6355],[27.0216,57.6321],[27.0252,57.6287],[27.0285,57.6316],[27.0392,57.6327],[27.0288,57.6242],[27.0352,57.6204],[27.0381,57.6248],[27.0499,57.6258],[27.0479,57.6328],[27.042,57.6359],[27.0347,57.6349],[27.0303,57.6359],[27.0234,57.6421],[27.0241,57.6431],[27.0203,57.647],[27.0005,57.6457],[26.9904,57.6397],[26.9901,57.6384],[26.9933,57.6326],[27.0003,57.6327]]],[[[27.3541,57.6585],[27.3481,57.6625],[27.348,57.6719],[27.3501,57.6768],[27.3522,57.6807],[27.3471,57.6828],[27.3434,57.6861],[27.3406,57.6868],[27.3408,57.6725],[27.341,57.67],[27.3408,57.6699],[27.3392,57.6677],[27.3388,57.6663],[27.3368,57.6657],[27.3347,57.6644],[27.3339,57.6645],[27.33,57.6667],[27.3299,57.6732],[27.3252,57.6674],[27.3149,57.6674],[27.3103,57.6729],[27.2995,57.6757],[27.2899,57.6737],[27.2855,57.6713],[27.2907,57.6609],[27.2882,57.6573],[27.3056,57.6582],[27.3088,57.6553],[27.314,57.6495],[27.3235,57.6507],[27.3321,57.6541],[27.3434,57.6534],[27.3539,57.6547],[27.3541,57.6585]]],[[[27.3987,57.699],[27.3881,57.6971],[27.3809,57.7035],[27.3763,57.7034],[27.3743,57.6966],[27.3676,57.6958],[27.3634,57.7012],[27.3701,57.7033],[27.3689,57.7071],[27.3612,57.7087],[27.3593,57.7127],[27.3681,57.7146],[27.364,57.7187],[27.3521,57.7202],[27.3533,57.7169],[27.3421,57.7165],[27.3437,57.7087],[27.355,57.7072],[27.3491,57.7021],[27.3518,57.6985],[27.3506,57.6962],[27.3544,57.6943],[27.3573,57.689],[27.3606,57.6872],[27.3643,57.6873],[27.3683,57.6847],[27.3672,57.6792],[27.378,57.6739],[27.3878,57.6779],[27.3881,57.6867],[27.397,57.6882],[27.4031,57.6945],[27.4096,57.6958],[27.4069,57.7009],[27.4056,57.7007],[27.3987,57.699]]],[[[26.1652,57.7546],[26.1526,57.7546],[26.1431,57.7518],[26.1385,57.7543],[26.1354,57.753],[26.1382,57.7506],[26.1416,57.747],[26.148,57.7439],[26.1593,57.7433],[26.1603,57.7431],[26.184,57.7407],[26.1848,57.7408],[26.1887,57.7399],[26.1979,57.7423],[26.1919,57.7442],[26.1883,57.7457],[26.1699,57.7481],[26.1665,57.7532],[26.1652,57.7546]]],[[[27.2454,57.7121],[27.2412,57.7095],[27.2395,57.7036],[27.24,57.6986],[27.2438,57.6995],[27.252,57.7034],[27.2613,57.7054],[27.258,57.7103],[27.2555,57.7117],[27.267,57.7124],[27.2678,57.7181],[27.2778,57.7169],[27.2804,57.7198],[27.2773,57.7201],[27.2736,57.7201],[27.2668,57.7203],[27.2678,57.7227],[27.2631,57.7237],[27.2621,57.7238],[27.2595,57.724],[27.2515,57.7243],[27.2517,57.7253],[27.2531,57.7272],[27.2517,57.7273],[27.2504,57.7284],[27.2482,57.7297],[27.2477,57.7293],[27.2474,57.729],[27.2459,57.7279],[27.2431,57.728],[27.2405,57.7295],[27.2388,57.7293],[27.2383,57.7268],[27.2367,57.7253],[27.2345,57.7251],[27.2289,57.7251],[27.223,57.7268],[27.2204,57.7256],[27.2221,57.725],[27.2208,57.7242],[27.2196,57.7234],[27.2221,57.7222],[27.2231,57.7216],[27.2175,57.72],[27.2161,57.7196],[27.2098,57.7192],[27.2093,57.7195],[27.2087,57.7195],[27.2078,57.7195],[27.2057,57.7188],[27.2037,57.7192],[27.2045,57.7171],[27.2205,57.717],[27.2194,57.7137],[27.212,57.7105],[27.2015,57.7124],[27.1957,57.7182],[27.1956,57.7122],[27.2022,57.709],[27.2048,57.7039],[27.2214,57.701],[27.2271,57.6992],[27.2302,57.7007],[27.2382,57.7033],[27.2393,57.7106],[27.2454,57.7121]]],[[[26.7491,57.7433],[26.7549,57.7459],[26.7663,57.7469],[26.7744,57.7462],[26.7791,57.7512],[26.772,57.7564],[26.766,57.7564],[26.7532,57.7576],[26.7569,57.7533],[26.7484,57.7509],[26.7401,57.7565],[26.739,57.7549],[26.7383,57.7495],[26.7252,57.7438],[26.7249,57.7418],[26.73,57.7395],[26.7356,57.7415],[26.741,57.7392],[26.7491,57.7433]]],[[[26.8716,57.7308],[26.8619,57.7324],[26.8589,57.7381],[26.8597,57.7418],[26.8721,57.7473],[26.867,57.7467],[26.8531,57.75],[26.8574,57.7538],[26.8595,57.7587],[26.8606,57.7632],[26.8655,57.7672],[26.8664,57.7717],[26.855,57.7685],[26.849,57.7653],[26.8399,57.7635],[26.83,57.7579],[26.8244,57.7545],[26.8259,57.7528],[26.8329,57.7507],[26.8265,57.7473],[26.8254,57.7473],[26.8246,57.7468],[26.8195,57.7434],[26.8176,57.7384],[26.8126,57.7359],[26.8029,57.7366],[26.7995,57.7362],[26.8029,57.7338],[26.8106,57.7326],[26.8201,57.7371],[26.8312,57.7311],[26.8541,57.728],[26.8698,57.729],[26.8716,57.7308]]],[[[26.1487,57.7648],[26.1457,57.771],[26.1396,57.7675],[26.1316,57.7712],[26.1303,57.7744],[26.1465,57.7745],[26.1486,57.7756],[26.1441,57.7817],[26.1507,57.7855],[26.1522,57.7894],[26.1504,57.7898],[26.136,57.7834],[26.1324,57.783],[26.137,57.7786],[26.1289,57.7774],[26.1308,57.7832],[26.1244,57.786],[26.1235,57.7809],[26.1176,57.7786],[26.1004,57.7787],[26.1,57.7785],[26.0936,57.7709],[26.1006,57.7672],[26.1069,57.7668],[26.1048,57.7614],[26.1088,57.7601],[26.1169,57.761],[26.1229,57.7651],[26.1326,57.7669],[26.1487,57.7648]]],[[[26.3449,57.802],[26.3514,57.8053],[26.3495,57.8104],[26.3573,57.813],[26.3589,57.817],[26.3558,57.8215],[26.3504,57.8222],[26.3599,57.8247],[26.3654,57.8251],[26.3781,57.8286],[26.3847,57.8248],[26.3898,57.825],[26.393,57.8258],[26.3932,57.8262],[26.392,57.8276],[26.3801,57.8317],[26.3731,57.8337],[26.3748,57.8374],[26.3631,57.841],[26.3637,57.8461],[26.3588,57.8541],[26.3546,57.8531],[26.3466,57.8573],[26.3426,57.8596],[26.3366,57.8633],[26.3334,57.865],[26.3279,57.8647],[26.3207,57.8585],[26.3458,57.8549],[26.3521,57.848],[26.3467,57.8428],[26.3377,57.8395],[26.336,57.8353],[26.3273,57.8308],[26.3167,57.8343],[26.3154,57.8309],[26.3035,57.8341],[26.29,57.8285],[26.2902,57.825],[26.2852,57.824],[26.2816,57.8229],[26.2669,57.8291],[26.2634,57.8265],[26.2676,57.8209],[26.2685,57.82],[26.2694,57.8165],[26.2671,57.816],[26.2577,57.816],[26.2557,57.8158],[26.238,57.8118],[26.2274,57.8092],[26.2195,57.8094],[26.2274,57.8007],[26.2456,57.7928],[26.2589,57.7971],[26.2619,57.7933],[26.2641,57.7956],[26.2819,57.7958],[26.2798,57.7919],[26.2617,57.7901],[26.2591,57.79],[26.2464,57.789],[26.2488,57.7852],[26.2558,57.7847],[26.262,57.7864],[26.2657,57.7791],[26.253,57.7808],[26.2684,57.7699],[26.276,57.7679],[26.2867,57.7689],[26.3077,57.7719],[26.2969,57.7774],[26.2996,57.7827],[26.3066,57.7821],[26.3089,57.7783],[26.3184,57.7781],[26.3172,57.7872],[26.3125,57.7902],[26.3033,57.7868],[26.2953,57.784],[26.2903,57.7789],[26.2792,57.7714],[26.2761,57.7767],[26.277,57.7836],[26.2722,57.7835],[26.2657,57.7876],[26.2816,57.7874],[26.2861,57.7842],[26.2907,57.7855],[26.2835,57.7897],[26.2839,57.79],[26.2942,57.7895],[26.3024,57.7873],[26.297,57.7897],[26.2964,57.796],[26.3034,57.798],[26.3117,57.8005],[26.3129,57.8018],[26.3142,57.8026],[26.306,57.8127],[26.3069,57.8126],[26.3166,57.8069],[26.316,57.8025],[26.316,57.8023],[26.3156,57.8014],[26.3195,57.7999],[26.3253,57.7973],[26.3278,57.7978],[26.3379,57.8],[26.33,57.803],[26.3387,57.8036],[26.3449,57.802]]],[[[26.063,57.8142],[26.0702,57.8176],[26.0694,57.8171],[26.0753,57.8165],[26.0773,57.8176],[26.081,57.8235],[26.0906,57.8289],[26.0911,57.8299],[26.0973,57.8332],[26.098,57.8358],[26.1035,57.8349],[26.1046,57.8339],[26.1048,57.8338],[26.1055,57.8333],[26.1111,57.835],[26.1216,57.8293],[26.1231,57.8328],[26.1201,57.8401],[26.1256,57.8455],[26.1265,57.8466],[26.1345,57.8527],[26.1352,57.8534],[26.1351,57.8503],[26.147,57.8515],[26.1446,57.8527],[26.1366,57.8568],[26.1298,57.8547],[26.1239,57.86],[26.1205,57.866],[26.1128,57.8698],[26.1121,57.8772],[26.1137,57.8826],[26.118,57.8832],[26.1174,57.8912],[26.1119,57.8925],[26.1231,57.8978],[26.1282,57.8884],[26.1279,57.882],[26.1373,57.8798],[26.1472,57.8823],[26.1556,57.8807],[26.1467,57.877],[26.1437,57.8731],[26.1388,57.8747],[26.1466,57.879],[26.1282,57.8777],[26.1275,57.882],[26.1257,57.8841],[26.1244,57.8776],[26.1138,57.8712],[26.1178,57.8692],[26.1307,57.8703],[26.1307,57.8665],[26.125,57.8626],[26.1357,57.861],[26.1473,57.8545],[26.1468,57.8579],[26.1552,57.8636],[26.1595,57.8659],[26.1639,57.8705],[26.1605,57.8781],[26.1598,57.8803],[26.1631,57.8949],[26.162,57.8976],[26.1616,57.8997],[26.1602,57.9008],[26.1529,57.9039],[26.1489,57.9084],[26.144,57.9111],[26.1402,57.9081],[26.1309,57.908],[26.1172,57.9061],[26.1158,57.9051],[26.0959,57.9069],[26.0918,57.9141],[26.0898,57.9106],[26.0813,57.9087],[26.0801,57.9049],[26.084,57.9023],[26.0862,57.9013],[26.0831,57.893],[26.079,57.8915],[26.0824,57.8889],[26.085,57.8873],[26.0799,57.8811],[26.0893,57.8798],[26.0921,57.8844],[26.1012,57.8834],[26.1027,57.8785],[26.1084,57.8762],[26.0991,57.874],[26.1007,57.8669],[26.107,57.863],[26.1079,57.8589],[26.1089,57.8568],[26.1099,57.8564],[26.1163,57.8583],[26.1208,57.853],[26.119,57.8443],[26.1062,57.8433],[26.1088,57.849],[26.0925,57.8546],[26.0987,57.8558],[26.1005,57.8613],[26.0911,57.8679],[26.09,57.8685],[26.0755,57.8707],[26.0742,57.8641],[26.0795,57.8606],[26.0766,57.8563],[26.0683,57.8649],[26.0572,57.8669],[26.068,57.8625],[26.0692,57.8577],[26.0602,57.858],[26.0585,57.8464],[26.0584,57.8423],[26.0679,57.8428],[26.0661,57.8383],[26.0598,57.8369],[26.0595,57.835],[26.0547,57.833],[26.055,57.8308],[26.0549,57.8306],[26.0532,57.8326],[26.0567,57.8353],[26.0564,57.8484],[26.0362,57.8502],[26.0225,57.8467],[26.0362,57.8504],[26.0565,57.8485],[26.0593,57.8549],[26.047,57.8579],[26.0569,57.864],[26.0557,57.8659],[26.0462,57.8696],[26.0411,57.873],[26.0356,57.875],[26.0365,57.8824],[26.0264,57.887],[26.0119,57.8898],[26.0072,57.8968],[26.0064,57.8961],[26.0031,57.8981],[26.0029,57.8913],[25.9978,57.8884],[25.9925,57.8933],[25.9927,57.8961],[26.0038,57.8987],[26.0096,57.9074],[26.0157,57.9125],[26.0122,57.9151],[26.0054,57.9155],[26.0032,57.916],[25.9978,57.9148],[26,57.9098],[25.99,57.9],[25.9816,57.8969],[25.9813,57.8968],[25.9781,57.8971],[25.9751,57.9009],[25.9612,57.8984],[25.9583,57.9024],[25.9643,57.9047],[25.9712,57.9041],[25.9744,57.9048],[25.9784,57.9099],[25.9663,57.9062],[25.964,57.9086],[25.9555,57.9061],[25.9517,57.9124],[25.9562,57.9155],[25.9493,57.9154],[25.9405,57.9149],[25.9442,57.9084],[25.9385,57.8997],[25.9443,57.9032],[25.9538,57.8983],[25.9506,57.8966],[25.9506,57.8962],[25.9478,57.8942],[25.9443,57.8942],[25.9444,57.8937],[25.9406,57.894],[25.9295,57.8901],[25.9264,57.887],[25.9183,57.892],[25.9185,57.8958],[25.9155,57.896],[25.922,57.9],[25.9284,57.8966],[25.9325,57.898],[25.9203,57.9029],[25.9141,57.9031],[25.909,57.9087],[25.8921,57.9098],[25.8842,57.9073],[25.883,57.9065],[25.8823,57.9019],[25.8807,57.9019],[25.8733,57.9066],[25.8709,57.9033],[25.8742,57.8982],[25.8734,57.8963],[25.8614,57.8936],[25.8548,57.8955],[25.8542,57.9027],[25.8615,57.9019],[25.8639,57.9109],[25.8536,57.912],[25.8649,57.921],[25.8602,57.9253],[25.8518,57.9205],[25.8525,57.9185],[25.8516,57.915],[25.8476,57.9113],[25.8434,57.9096],[25.8411,57.9088],[25.8385,57.9096],[25.8374,57.9097],[25.8301,57.9125],[25.8205,57.9089],[25.814,57.9066],[25.8079,57.9013],[25.8002,57.8993],[25.7942,57.8929],[25.7984,57.8862],[25.8125,57.8725],[25.8148,57.87],[25.8226,57.8644],[25.8308,57.8629],[25.8347,57.8622],[25.8435,57.8605],[25.8497,57.8685],[25.8419,57.8682],[25.8493,57.8722],[25.8525,57.8682],[25.8502,57.8658],[25.854,57.8637],[25.852,57.8598],[25.8565,57.8606],[25.8593,57.8587],[25.8581,57.8574],[25.8597,57.8575],[25.86,57.8564],[25.8515,57.8589],[25.8201,57.8648],[25.785,57.8992],[25.7881,57.9046],[25.7726,57.9125],[25.7566,57.9165],[25.7555,57.9093],[25.7615,57.9101],[25.7665,57.9044],[25.7589,57.9028],[25.7551,57.8963],[25.7549,57.8889],[25.7607,57.8835],[25.7706,57.8812],[25.7746,57.8752],[25.7767,57.8656],[25.7737,57.8579],[25.7851,57.8586],[25.7977,57.8531],[25.804,57.8477],[25.8097,57.8476],[25.8278,57.8388],[25.8422,57.8448],[25.8495,57.8448],[25.8493,57.839],[25.8442,57.8346],[25.8525,57.8263],[25.8456,57.826],[25.8425,57.8308],[25.8356,57.8242],[25.8352,57.8213],[25.8408,57.8145],[25.8402,57.8092],[25.8301,57.808],[25.8423,57.8034],[25.8871,57.7921],[25.8816,57.8044],[25.9031,57.8019],[25.909,57.806],[25.901,57.8107],[25.8948,57.8078],[25.8786,57.8053],[25.8705,57.8131],[25.8839,57.8148],[25.8724,57.8201],[25.8848,57.824],[25.8962,57.8232],[25.9013,57.8174],[25.9087,57.8167],[25.9104,57.8082],[25.915,57.8074],[25.9193,57.8024],[25.9152,57.8002],[25.9183,57.7964],[25.913,57.7911],[25.9202,57.7892],[25.9357,57.7895],[25.9389,57.7812],[25.9452,57.7806],[25.9463,57.7856],[25.9521,57.7926],[25.9696,57.7903],[25.9756,57.7918],[25.9746,57.7977],[25.9776,57.8009],[25.9879,57.802],[25.9908,57.7978],[25.9974,57.7947],[26.0049,57.7942],[26.0079,57.7987],[26.0014,57.8003],[26.0031,57.8044],[25.9935,57.8042],[25.997,57.816],[26.0042,57.8181],[26.0102,57.8149],[26.0158,57.8164],[26.0258,57.8154],[26.0318,57.8181],[26.0306,57.8227],[26.0394,57.8225],[26.0375,57.8128],[26.0394,57.8114],[26.0492,57.8215],[26.0499,57.8253],[26.0546,57.8303],[26.0526,57.8277],[26.0559,57.8252],[26.0578,57.8239],[26.0564,57.8234],[26.0537,57.8234],[26.0455,57.8172],[26.0443,57.8161],[26.0455,57.8087],[26.0506,57.8096],[26.063,57.8142]],[[25.8166,57.8923],[25.8117,57.9011],[25.8188,57.9067],[25.8301,57.9064],[25.8354,57.9079],[25.8385,57.9071],[25.8423,57.9056],[25.8442,57.9045],[25.8432,57.9006],[25.8319,57.898],[25.8244,57.8926],[25.8166,57.8923]],[[25.977,57.8279],[25.9867,57.8304],[25.9918,57.8282],[26.0102,57.8297],[26.0126,57.8203],[25.9869,57.8175],[25.9789,57.8215],[25.977,57.8279]]],[[[27.0446,57.8163],[27.0473,57.8167],[27.0627,57.8211],[27.0671,57.8191],[27.0683,57.819],[27.0681,57.8174],[27.0698,57.8173],[27.0711,57.8166],[27.0737,57.8149],[27.0737,57.8128],[27.0766,57.8105],[27.0771,57.8103],[27.0827,57.8112],[27.0871,57.8065],[27.0839,57.803],[27.0883,57.8004],[27.104,57.801],[27.1184,57.7937],[27.115,57.7877],[27.0981,57.7868],[27.1096,57.7812],[27.119,57.7847],[27.1219,57.7896],[27.1258,57.791],[27.1218,57.796],[27.1324,57.7958],[27.1333,57.7925],[27.1462,57.7946],[27.1497,57.7873],[27.1538,57.7854],[27.1538,57.7853],[27.1541,57.7844],[27.1529,57.7843],[27.1501,57.7845],[27.1498,57.7844],[27.1529,57.7788],[27.1611,57.7752],[27.1673,57.7763],[27.1705,57.7724],[27.1699,57.7713],[27.1653,57.7715],[27.1643,57.7702],[27.1754,57.7672],[27.1798,57.7695],[27.1813,57.7787],[27.1918,57.7769],[27.1952,57.7801],[27.1877,57.7854],[27.195,57.7887],[27.2129,57.7813],[27.2185,57.785],[27.2137,57.7903],[27.2119,57.7909],[27.2047,57.7952],[27.2014,57.795],[27.1942,57.7941],[27.1857,57.7908],[27.1711,57.7911],[27.1596,57.7846],[27.1592,57.7849],[27.1589,57.785],[27.1595,57.7844],[27.1564,57.7838],[27.1583,57.7852],[27.1611,57.7871],[27.1601,57.7948],[27.158,57.7971],[27.1504,57.7946],[27.1507,57.7972],[27.1496,57.7972],[27.1468,57.7973],[27.1423,57.7974],[27.1381,57.7976],[27.1384,57.798],[27.1346,57.7983],[27.1205,57.8001],[27.1254,57.8044],[27.1207,57.8045],[27.115,57.8054],[27.1116,57.8101],[27.1065,57.8095],[27.1048,57.8086],[27.1017,57.8044],[27.0927,57.8055],[27.0881,57.81],[27.0858,57.8124],[27.0912,57.8154],[27.0923,57.8154],[27.0935,57.813],[27.117,57.8143],[27.1166,57.818],[27.1111,57.8174],[27.1063,57.8212],[27.0975,57.8218],[27.1048,57.8255],[27.1097,57.8274],[27.1208,57.8253],[27.1252,57.8244],[27.1286,57.8304],[27.1224,57.8331],[27.1203,57.8326],[27.1114,57.8323],[27.0994,57.8346],[27.1047,57.8395],[27.0903,57.8361],[27.0835,57.8332],[27.0807,57.8287],[27.0724,57.8256],[27.0849,57.823],[27.0973,57.8215],[27.0806,57.8207],[27.0692,57.822],[27.0688,57.826],[27.0687,57.8273],[27.0642,57.8312],[27.0746,57.8315],[27.0742,57.8352],[27.0813,57.8369],[27.0858,57.8395],[27.0859,57.8461],[27.0792,57.8479],[27.086,57.8534],[27.0843,57.8549],[27.0732,57.8557],[27.0669,57.8531],[27.0608,57.8544],[27.0539,57.8526],[27.0521,57.8574],[27.0522,57.8595],[27.0373,57.8609],[27.037,57.8609],[27.0282,57.8584],[27.0281,57.8532],[27.0356,57.8505],[27.0387,57.8497],[27.0467,57.8464],[27.0491,57.8461],[27.0495,57.8456],[27.0497,57.8441],[27.0509,57.8431],[27.0508,57.8431],[27.0486,57.8402],[27.0505,57.8317],[27.0489,57.8294],[27.0554,57.8258],[27.038,57.8261],[27.0341,57.8248],[27.0376,57.8233],[27.0367,57.8222],[27.0366,57.8222],[27.0375,57.8195],[27.043,57.8181],[27.0446,57.8163]]],[[[27.2428,57.8273],[27.2432,57.8275],[27.2371,57.8275],[27.2362,57.8274],[27.2341,57.8272],[27.2323,57.8267],[27.23,57.8268],[27.2299,57.8271],[27.2301,57.8278],[27.2326,57.8293],[27.2318,57.8306],[27.2319,57.8307],[27.2321,57.8311],[27.2309,57.8315],[27.231,57.8317],[27.2282,57.8343],[27.2276,57.8296],[27.2159,57.83],[27.2142,57.8267],[27.2031,57.8266],[27.1988,57.8309],[27.1956,57.8315],[27.1948,57.8317],[27.1915,57.831],[27.1911,57.831],[27.1913,57.8296],[27.1935,57.8276],[27.1971,57.8259],[27.1974,57.8259],[27.1921,57.8157],[27.1933,57.8117],[27.2009,57.8122],[27.213,57.8075],[27.2187,57.8069],[27.2255,57.8024],[27.2332,57.8112],[27.2303,57.8162],[27.2266,57.8172],[27.2278,57.8232],[27.2428,57.8273]]],[[[26.5706,57.8413],[26.5807,57.8381],[26.5876,57.833],[26.5833,57.8302],[26.5932,57.8213],[26.5974,57.8192],[26.5994,57.8153],[26.5876,57.8119],[26.6029,57.809],[26.6018,57.8057],[26.6119,57.8062],[26.6168,57.812],[26.6226,57.811],[26.6462,57.8126],[26.6431,57.8086],[26.6441,57.8027],[26.6403,57.8018],[26.6413,57.7957],[26.6426,57.7939],[26.648,57.7949],[26.6497,57.7968],[26.6485,57.8014],[26.6541,57.8051],[26.659,57.8078],[26.6582,57.8099],[26.6611,57.8141],[26.66,57.8187],[26.6526,57.8207],[26.6466,57.8187],[26.6438,57.8162],[26.6343,57.8185],[26.6188,57.8191],[26.6166,57.824],[26.6091,57.8326],[26.616,57.8344],[26.6186,57.8381],[26.6138,57.8404],[26.605,57.8382],[26.604,57.8313],[26.5905,57.8368],[26.5997,57.8435],[26.5968,57.8436],[26.5946,57.843],[26.5878,57.8421],[26.582,57.8487],[26.5653,57.8494],[26.5575,57.8492],[26.5559,57.8486],[26.5557,57.8467],[26.5555,57.8459],[26.5556,57.8457],[26.5554,57.8451],[26.5555,57.8451],[26.5564,57.8456],[26.5575,57.8457],[26.5574,57.845],[26.5575,57.845],[26.5576,57.8457],[26.5585,57.8457],[26.5596,57.8465],[26.5598,57.8463],[26.5602,57.846],[26.5644,57.8458],[26.5646,57.8455],[26.5678,57.8448],[26.5678,57.8439],[26.5706,57.8413]]],[[[27.4299,57.773],[27.4329,57.7744],[27.4339,57.7756],[27.4355,57.7753],[27.4401,57.7795],[27.4378,57.781],[27.4377,57.7822],[27.4359,57.7839],[27.4322,57.7825],[27.4309,57.7828],[27.4314,57.7849],[27.4292,57.7857],[27.4219,57.7892],[27.4233,57.7965],[27.4248,57.799],[27.4225,57.7991],[27.4213,57.7989],[27.4204,57.7983],[27.4148,57.7997],[27.4145,57.7998],[27.4043,57.7988],[27.4034,57.7998],[27.3998,57.7984],[27.3982,57.7973],[27.3935,57.7964],[27.388,57.7956],[27.3874,57.7949],[27.3809,57.7987],[27.3812,57.7996],[27.3811,57.8003],[27.3811,57.8005],[27.383,57.8009],[27.3836,57.8016],[27.3863,57.8038],[27.3742,57.8042],[27.3708,57.806],[27.3684,57.807],[27.3696,57.8088],[27.3693,57.8091],[27.3689,57.8105],[27.3654,57.8107],[27.3632,57.8145],[27.3647,57.8155],[27.3637,57.8171],[27.3593,57.8196],[27.3587,57.8194],[27.351,57.8153],[27.3521,57.8102],[27.3549,57.8085],[27.3638,57.7943],[27.364,57.7941],[27.3637,57.7936],[27.3623,57.7915],[27.3679,57.7903],[27.3723,57.7881],[27.3758,57.7846],[27.3732,57.7782],[27.363,57.7767],[27.3632,57.7762],[27.3658,57.7753],[27.3659,57.7753],[27.3674,57.7755],[27.3685,57.7751],[27.3686,57.7749],[27.3837,57.7761],[27.3781,57.7749],[27.3744,57.7746],[27.3718,57.7665],[27.3574,57.7683],[27.3511,57.7658],[27.3503,57.7655],[27.3476,57.7621],[27.3471,57.7605],[27.3477,57.7601],[27.3538,57.7558],[27.3604,57.7576],[27.3709,57.7563],[27.3733,57.765],[27.3832,57.7662],[27.3932,57.7648],[27.3956,57.7654],[27.3902,57.7698],[27.3792,57.7696],[27.3765,57.773],[27.3843,57.7749],[27.3986,57.7702],[27.4056,57.7691],[27.4065,57.7694],[27.406,57.7702],[27.407,57.7752],[27.409,57.7758],[27.4215,57.773],[27.4299,57.773]]],[[[26.8803,57.851],[26.8916,57.8512],[26.9014,57.8552],[26.8959,57.8594],[26.895,57.8601],[26.886,57.8631],[26.8847,57.8656],[26.8727,57.8673],[26.8618,57.87],[26.8591,57.8717],[26.8477,57.8718],[26.8486,57.8725],[26.849,57.8733],[26.8466,57.8707],[26.8479,57.8659],[26.8492,57.8657],[26.8496,57.8654],[26.847,57.8649],[26.8425,57.8625],[26.8425,57.8624],[26.8406,57.861],[26.84,57.8606],[26.8315,57.8576],[26.8406,57.8552],[26.837,57.8501],[26.8432,57.8466],[26.8508,57.8478],[26.8497,57.8504],[26.8668,57.8522],[26.8714,57.855],[26.874,57.8545],[26.8742,57.8556],[26.8751,57.8557],[26.8774,57.8527],[26.8803,57.851]]],[[[26.1877,57.8821],[26.1944,57.8825],[26.2024,57.8831],[26.2101,57.8934],[26.2016,57.878],[26.2066,57.8746],[26.2155,57.8743],[26.2197,57.8728],[26.2299,57.876],[26.2264,57.8804],[26.2287,57.8864],[26.2421,57.8921],[26.2428,57.8941],[26.2416,57.8988],[26.2336,57.8992],[26.2293,57.897],[26.2228,57.9019],[26.2329,57.9032],[26.2364,57.8999],[26.2421,57.9018],[26.2497,57.8983],[26.245,57.8936],[26.2449,57.8909],[26.2685,57.8901],[26.2751,57.8873],[26.2775,57.8877],[26.2848,57.8864],[26.2874,57.8894],[26.297,57.8845],[26.2997,57.8871],[26.3001,57.8886],[26.2945,57.8928],[26.2883,57.8906],[26.2879,57.8907],[26.2869,57.8912],[26.2871,57.8922],[26.2883,57.8922],[26.2884,57.8925],[26.2855,57.8956],[26.2871,57.8964],[26.2851,57.898],[26.2726,57.8939],[26.2608,57.8942],[26.262,57.8984],[26.273,57.8962],[26.273,57.8982],[26.2634,57.9024],[26.2657,57.9071],[26.2659,57.9158],[26.2681,57.9186],[26.2554,57.9132],[26.2553,57.9082],[26.2375,57.9061],[26.2447,57.9109],[26.2452,57.9161],[26.2527,57.9153],[26.2429,57.928],[26.249,57.929],[26.2572,57.9209],[26.2544,57.9163],[26.2656,57.9227],[26.2684,57.9232],[26.2729,57.925],[26.2655,57.9294],[26.2642,57.9339],[26.2552,57.9375],[26.2518,57.9461],[26.2405,57.9487],[26.2362,57.9413],[26.2206,57.9394],[26.2058,57.9466],[26.2058,57.9426],[26.199,57.9419],[26.1922,57.9451],[26.1884,57.9524],[26.1843,57.953],[26.183,57.9524],[26.1848,57.9463],[26.18,57.9438],[26.1873,57.936],[26.2019,57.9356],[26.2099,57.9341],[26.2156,57.9294],[26.2267,57.9393],[26.2329,57.9378],[26.2235,57.9279],[26.2165,57.9285],[26.2059,57.9227],[26.2132,57.9203],[26.2139,57.9155],[26.2077,57.9112],[26.211,57.908],[26.2057,57.904],[26.2044,57.8993],[26.2062,57.8971],[26.2031,57.8928],[26.1943,57.8999],[26.182,57.8951],[26.1797,57.8952],[26.1739,57.8944],[26.1712,57.8939],[26.1663,57.8919],[26.1708,57.8894],[26.1665,57.8874],[26.1618,57.8795],[26.1658,57.8708],[26.1642,57.8755],[26.1849,57.8775],[26.1853,57.8801],[26.1877,57.8821]]],[[[26.5949,57.8739],[26.5999,57.8759],[26.6137,57.8771],[26.6169,57.8753],[26.6192,57.8758],[26.6154,57.8777],[26.6179,57.8786],[26.6162,57.8812],[26.6066,57.8797],[26.6022,57.8824],[26.6047,57.886],[26.5986,57.8861],[26.5902,57.8866],[26.5815,57.8825],[26.5788,57.8903],[26.5695,57.8898],[26.5706,57.8856],[26.5656,57.8831],[26.5643,57.8809],[26.5699,57.8729],[26.5766,57.8747],[26.5891,57.8719],[26.5962,57.8728],[26.5949,57.8739]]],[[[27.2042,57.862],[27.2135,57.8638],[27.2256,57.8625],[27.239,57.8624],[27.2306,57.8545],[27.2448,57.8528],[27.2456,57.8564],[27.2507,57.8625],[27.2562,57.8633],[27.2543,57.8684],[27.2524,57.867],[27.2521,57.8688],[27.2497,57.8691],[27.2475,57.8688],[27.2431,57.8698],[27.2424,57.8698],[27.2446,57.8711],[27.2481,57.8716],[27.2482,57.8716],[27.2514,57.871],[27.2493,57.8732],[27.2511,57.8739],[27.2486,57.8783],[27.2394,57.8772],[27.2361,57.8807],[27.2169,57.8758],[27.2091,57.8737],[27.2152,57.8679],[27.2042,57.8647],[27.2042,57.862]]],[[[27.5812,57.8629],[27.5837,57.8601],[27.599,57.8604],[27.6051,57.8629],[27.6108,57.8587],[27.6149,57.8585],[27.619,57.8549],[27.6264,57.8538],[27.6227,57.8524],[27.6277,57.8516],[27.6281,57.8507],[27.6309,57.8442],[27.6388,57.8454],[27.6404,57.8444],[27.6421,57.8417],[27.6507,57.8403],[27.6621,57.8409],[27.6658,57.8392],[27.6856,57.8365],[27.701,57.8429],[27.7014,57.8431],[27.7095,57.8483],[27.7101,57.8481],[27.7176,57.8545],[27.7012,57.856],[27.7164,57.8596],[27.7207,57.8623],[27.7197,57.8707],[27.71,57.8706],[27.7139,57.875],[27.7045,57.8751],[27.7032,57.8779],[27.6763,57.8846],[27.6716,57.8858],[27.6706,57.886],[27.6565,57.8896],[27.6514,57.8909],[27.6424,57.8929],[27.6293,57.8999],[27.6222,57.897],[27.6214,57.8951],[27.6095,57.8922],[27.6039,57.897],[27.611,57.8936],[27.617,57.8982],[27.622,57.8973],[27.6184,57.9021],[27.6204,57.9048],[27.6045,57.9133],[27.5965,57.9065],[27.5896,57.9059],[27.5861,57.904],[27.5864,57.9035],[27.5873,57.9026],[27.5852,57.9036],[27.585,57.9058],[27.5826,57.9055],[27.5822,57.9055],[27.5793,57.905],[27.5788,57.9054],[27.5794,57.9093],[27.5861,57.9102],[27.5868,57.9101],[27.5874,57.9101],[27.5963,57.9179],[27.5912,57.9207],[27.5895,57.9215],[27.5865,57.9231],[27.5856,57.9236],[27.5799,57.9268],[27.5779,57.9208],[27.5708,57.9245],[27.5706,57.9245],[27.5698,57.9269],[27.5613,57.9193],[27.5666,57.9217],[27.5682,57.9189],[27.5611,57.9184],[27.5611,57.9173],[27.5642,57.9136],[27.5654,57.9149],[27.5686,57.9181],[27.5652,57.9144],[27.5667,57.9145],[27.5668,57.9128],[27.5669,57.9098],[27.5662,57.9089],[27.5678,57.9076],[27.5602,57.9078],[27.5597,57.904],[27.561,57.904],[27.5611,57.904],[27.5662,57.9032],[27.5639,57.9009],[27.565,57.9005],[27.5667,57.8995],[27.5735,57.8942],[27.5741,57.8954],[27.5731,57.8961],[27.5763,57.8964],[27.577,57.8964],[27.579,57.8963],[27.5813,57.8962],[27.5814,57.8962],[27.5803,57.8949],[27.5953,57.8934],[27.5848,57.8834],[27.585,57.8793],[27.5851,57.8776],[27.5962,57.8794],[27.5983,57.8744],[27.6046,57.8727],[27.6035,57.8709],[27.5977,57.8699],[27.6027,57.8665],[27.5998,57.8676],[27.5866,57.866],[27.5867,57.8658],[27.5812,57.8629]]],[[[26.6061,57.9049],[26.6003,57.9015],[26.6117,57.8988],[26.6104,57.8926],[26.6235,57.8856],[26.6284,57.8865],[26.6379,57.8809],[26.6449,57.8831],[26.6592,57.8814],[26.6668,57.8828],[26.6669,57.8835],[26.6666,57.8852],[26.6642,57.8879],[26.651,57.889],[26.6445,57.8857],[26.6408,57.8904],[26.65,57.8903],[26.6577,57.8932],[26.6674,57.8939],[26.6598,57.8943],[26.655,57.898],[26.6716,57.898],[26.6689,57.9026],[26.6751,57.9042],[26.6801,57.8996],[26.6823,57.9003],[26.6843,57.9026],[26.6865,57.9074],[26.6961,57.9082],[26.6982,57.9043],[26.7001,57.9085],[26.7098,57.9152],[26.7168,57.9124],[26.7237,57.9129],[26.7225,57.9187],[26.7126,57.9166],[26.7075,57.9187],[26.6982,57.9184],[26.6936,57.9183],[26.6889,57.918],[26.6805,57.9228],[26.679,57.9239],[26.6737,57.9227],[26.6601,57.9217],[26.665,57.9189],[26.6588,57.9122],[26.6563,57.9206],[26.6492,57.918],[26.6454,57.9093],[26.6544,57.9066],[26.653,57.9057],[26.6364,57.9043],[26.6364,57.9024],[26.6448,57.8984],[26.639,57.8954],[26.6274,57.8983],[26.6284,57.9027],[26.6229,57.9053],[26.621,57.9052],[26.6118,57.904],[26.6061,57.9049]]],[[[26.7468,57.9083],[26.7414,57.9072],[26.7395,57.9026],[26.7516,57.9033],[26.7512,57.8976],[26.7469,57.8944],[26.7379,57.8947],[26.7347,57.8913],[26.7277,57.8925],[26.7212,57.8909],[26.718,57.8932],[26.7168,57.8936],[26.7036,57.8963],[26.6971,57.8989],[26.69,57.8958],[26.6896,57.8956],[26.6882,57.8977],[26.6834,57.8984],[26.6787,57.8972],[26.6893,57.8932],[26.6992,57.8928],[26.7115,57.8883],[26.7132,57.8879],[26.7134,57.8874],[26.7221,57.8856],[26.723,57.8827],[26.7249,57.8795],[26.73,57.8752],[26.7311,57.8753],[26.7351,57.8769],[26.7314,57.8816],[26.7337,57.8828],[26.7343,57.8834],[26.7367,57.8846],[26.7438,57.8822],[26.7515,57.8802],[26.7571,57.876],[26.7674,57.8773],[26.77,57.8748],[26.7752,57.8725],[26.779,57.8786],[26.7944,57.8832],[26.7964,57.8863],[26.808,57.889],[26.7977,57.8894],[26.7769,57.8878],[26.7673,57.8892],[26.7644,57.8984],[26.7567,57.9034],[26.7545,57.9049],[26.7567,57.907],[26.754,57.908],[26.7468,57.9083]]],[[[25.8154,57.936],[25.8146,57.9353],[25.8082,57.9328],[25.8128,57.929],[25.8166,57.9243],[25.8245,57.9277],[25.8304,57.9254],[25.8294,57.9198],[25.8329,57.9153],[25.8299,57.9127],[25.8401,57.9095],[25.8417,57.9094],[25.8425,57.9097],[25.8481,57.9127],[25.8514,57.9151],[25.8517,57.919],[25.8501,57.9213],[25.8552,57.926],[25.8476,57.9286],[25.8439,57.9342],[25.841,57.9359],[25.8296,57.9391],[25.8154,57.936]]],[[[26.0564,57.9243],[26.0633,57.9169],[26.0659,57.9224],[26.0608,57.9287],[26.0593,57.9386],[26.0556,57.9422],[26.0447,57.9458],[26.0399,57.9442],[26.0402,57.9384],[26.029,57.9415],[26.0162,57.9409],[26.0135,57.9358],[26.0039,57.9369],[25.9991,57.9338],[26.0059,57.929],[26.0145,57.9256],[26.0206,57.9265],[26.0299,57.922],[26.0333,57.9183],[26.0437,57.9173],[26.0426,57.9213],[26.0336,57.9265],[26.0291,57.9326],[26.0443,57.9356],[26.0484,57.932],[26.0521,57.9251],[26.0564,57.9243]]],[[[25.9389,57.9523],[25.9286,57.9513],[25.9272,57.9444],[25.9288,57.9388],[25.9275,57.9353],[25.9224,57.929],[25.9209,57.9258],[25.9182,57.9235],[25.9083,57.9162],[25.9059,57.9116],[25.9093,57.9093],[25.916,57.9158],[25.9293,57.9121],[25.9358,57.9192],[25.9432,57.9181],[25.9423,57.9201],[25.9447,57.9244],[25.9397,57.9266],[25.9411,57.9376],[25.9456,57.9416],[25.9384,57.9449],[25.9363,57.9504],[25.9454,57.9524],[25.9389,57.9523]]],[[[27.015,57.9037],[27.0197,57.9083],[27.0196,57.9128],[27.0203,57.92],[27.0214,57.9243],[27.0298,57.9319],[27.0226,57.9353],[27.0221,57.9335],[27.0208,57.933],[27.0094,57.9322],[27.007,57.9289],[26.9965,57.9224],[26.9922,57.918],[26.985,57.9152],[26.9868,57.9124],[26.9878,57.9125],[26.9893,57.9123],[26.9893,57.9125],[26.9916,57.9126],[26.9975,57.9147],[27.0044,57.9118],[26.9989,57.905],[27.0012,57.9023],[27.015,57.9037]]],[[[26.73,57.9297],[26.737,57.9343],[26.7179,57.9355],[26.7153,57.9402],[26.7107,57.9461],[26.7111,57.9412],[26.702,57.9379],[26.6999,57.9335],[26.7116,57.9284],[26.7181,57.9247],[26.7248,57.9229],[26.7301,57.9247],[26.7388,57.9229],[26.7409,57.9279],[26.73,57.9297]]],[[[26.1632,57.9478],[26.1658,57.951],[26.1673,57.9514],[26.1701,57.9519],[26.1761,57.9584],[26.1555,57.9564],[26.1514,57.9519],[26.1457,57.9543],[26.1358,57.9655],[26.1389,57.9665],[26.1444,57.9659],[26.1491,57.9683],[26.1604,57.9687],[26.1664,57.9653],[26.1624,57.9692],[26.1672,57.9722],[26.1729,57.9847],[26.1739,57.985],[26.1699,57.9972],[26.1639,58.0035],[26.1704,58.0089],[26.1637,58.0118],[26.1627,58.0122],[26.1623,58.0139],[26.1504,58.0156],[26.1458,58.0179],[26.1457,58.023],[26.149,58.0258],[26.157,58.0251],[26.1563,58.0271],[26.1454,58.0305],[26.1482,58.0332],[26.1401,58.036],[26.1365,58.0325],[26.1334,58.0356],[26.135,58.0422],[26.1373,58.0475],[26.1426,58.0489],[26.1446,58.0492],[26.1425,58.0559],[26.1545,58.0572],[26.1666,58.0603],[26.1747,58.0588],[26.1775,58.0601],[26.1777,58.0626],[26.1718,58.0614],[26.1663,58.0641],[26.1618,58.0691],[26.1561,58.0707],[26.1419,58.068],[26.1345,58.0661],[26.1318,58.0682],[26.1238,58.0704],[26.1263,58.0756],[26.1356,58.0763],[26.1407,58.0739],[26.1418,58.0734],[26.1448,58.078],[26.1507,58.0795],[26.1506,58.0818],[26.1569,58.0861],[26.157,58.0893],[26.16,58.0867],[26.1645,58.0835],[26.1713,58.0856],[26.1732,58.0784],[26.1884,58.0785],[26.1759,58.0741],[26.1771,58.0711],[26.1793,58.0658],[26.1938,58.0704],[26.1955,58.0726],[26.1939,58.0726],[26.1942,58.0735],[26.1962,58.0735],[26.1976,58.0763],[26.1972,58.0762],[26.1896,58.0749],[26.1897,58.0766],[26.1902,58.077],[26.1947,58.0782],[26.1952,58.0797],[26.1954,58.0804],[26.1976,58.0812],[26.1974,58.0849],[26.1899,58.085],[26.1903,58.089],[26.1897,58.0924],[26.1851,58.0937],[26.1748,58.0924],[26.1669,58.0935],[26.1491,58.0935],[26.1427,58.0915],[26.141,58.0983],[26.1339,58.1001],[26.1347,58.0943],[26.1294,58.0902],[26.1341,58.0875],[26.1262,58.0879],[26.1221,58.0914],[26.1236,58.101],[26.1179,58.1027],[26.1109,58.0982],[26.1131,58.1004],[26.1125,58.1008],[26.115,58.1037],[26.1144,58.1047],[26.1146,58.1053],[26.1151,58.1056],[26.1212,58.1072],[26.1206,58.1078],[26.1143,58.1086],[26.1087,58.1084],[26.1086,58.1062],[26.1034,58.1013],[26.1054,58.1016],[26.1033,58.0983],[26.0879,58.0972],[26.0725,58.0902],[26.0666,58.0808],[26.0797,58.0811],[26.0898,58.0871],[26.094,58.0842],[26.1057,58.0815],[26.1087,58.0838],[26.1153,58.0806],[26.1142,58.0796],[26.1053,58.0794],[26.0931,58.0821],[26.0836,58.0782],[26.08,58.0807],[26.0663,58.0799],[26.0688,58.0724],[26.075,58.0767],[26.0811,58.0704],[26.0919,58.0698],[26.0894,58.0671],[26.0747,58.0664],[26.0687,58.0641],[26.0707,58.0608],[26.0571,58.0648],[26.0485,58.0586],[26.0594,58.0539],[26.0664,58.0428],[26.0743,58.0417],[26.0718,58.0372],[26.059,58.0376],[26.0559,58.0301],[26.0551,58.018],[26.0495,58.0131],[26.0464,58.0079],[26.0475,58.0034],[26.0484,58.0018],[26.045,57.997],[26.0506,57.9894],[26.0585,57.9958],[26.0658,57.9893],[26.059,57.9885],[26.0542,57.9851],[26.0517,57.9849],[26.0487,57.9826],[26.0493,57.9755],[26.0541,57.9728],[26.0475,57.965],[26.051,57.9588],[26.0564,57.9538],[26.0484,57.9472],[26.062,57.9427],[26.0611,57.9392],[26.0625,57.9385],[26.0666,57.9266],[26.0699,57.9221],[26.076,57.9204],[26.0795,57.9144],[26.0899,57.9145],[26.0992,57.9146],[26.1025,57.9104],[26.1091,57.9072],[26.1121,57.9071],[26.1189,57.9143],[26.1176,57.918],[26.1107,57.9221],[26.0997,57.9192],[26.0883,57.9228],[26.0792,57.9223],[26.0808,57.927],[26.0869,57.9288],[26.092,57.9271],[26.0941,57.926],[26.0922,57.9318],[26.0979,57.9333],[26.0862,57.9393],[26.0877,57.9408],[26.078,57.9404],[26.0764,57.9443],[26.0814,57.9481],[26.0898,57.9436],[26.0974,57.9472],[26.107,57.9371],[26.117,57.94],[26.1058,57.9419],[26.1127,57.944],[26.1197,57.9427],[26.126,57.9362],[26.1235,57.9333],[26.1304,57.9313],[26.132,57.9263],[26.1267,57.9238],[26.1312,57.9193],[26.1377,57.9218],[26.1418,57.9183],[26.1452,57.9162],[26.1534,57.9099],[26.1586,57.9112],[26.1601,57.9153],[26.1553,57.9134],[26.1467,57.9173],[26.1529,57.9201],[26.1679,57.914],[26.1661,57.9184],[26.1625,57.9193],[26.1577,57.9204],[26.1587,57.9215],[26.1675,57.9194],[26.1683,57.9187],[26.1677,57.9241],[26.1665,57.9303],[26.1622,57.9304],[26.1588,57.9237],[26.1524,57.9247],[26.151,57.9288],[26.1414,57.9424],[26.1395,57.9424],[26.1297,57.9416],[26.1294,57.9461],[26.1364,57.9487],[26.1371,57.9532],[26.139,57.9548],[26.1541,57.9439],[26.1561,57.9471],[26.1632,57.9478]],[[26.1319,58.0046],[26.1312,58.0005],[26.134,57.9982],[26.1291,57.9927],[26.1162,57.9922],[26.1153,57.9976],[26.1142,57.9983],[26.1064,57.9932],[26.0996,57.9973],[26.103,58.0027],[26.108,58.0039],[26.113,58.0051],[26.128,58.0074],[26.13,58.0042],[26.1319,58.0046]],[[26.0932,58.0048],[26.0967,58.002],[26.0841,57.9977],[26.0838,58.0032],[26.075,58.0075],[26.0701,58.0119],[26.0842,58.0161],[26.0999,58.0193],[26.1074,58.0231],[26.1134,58.0186],[26.1069,58.0149],[26.0996,58.0107],[26.0932,58.0048]]],[[[25.9309,57.9718],[25.9395,57.9796],[25.9387,57.983],[25.9303,57.9947],[25.9274,57.9948],[25.9268,57.9949],[25.9215,57.994],[25.9175,57.9829],[25.9216,57.9798],[25.9228,57.976],[25.9292,57.9739],[25.9244,57.9746],[25.9226,57.9759],[25.9221,57.976],[25.9205,57.9747],[25.9104,57.9721],[25.906,57.9697],[25.9062,57.9652],[25.9142,57.9634],[25.9192,57.9641],[25.9227,57.964],[25.9225,57.9626],[25.9222,57.9584],[25.9339,57.9585],[25.937,57.956],[25.9457,57.9579],[25.948,57.9638],[25.9323,57.9684],[25.9309,57.9718]]],[[[26.9779,57.9494],[26.9758,57.9501],[26.96,57.9515],[26.9576,57.9445],[26.9456,57.9393],[26.932,57.9376],[26.9264,57.9351],[26.925,57.9327],[26.9139,57.9285],[26.9076,57.9281],[26.902,57.9246],[26.896,57.9258],[26.8866,57.9186],[26.8817,57.9172],[26.8625,57.9122],[26.8502,57.9081],[26.8493,57.9015],[26.8524,57.9011],[26.8524,57.9008],[26.8554,57.8957],[26.8677,57.8963],[26.8821,57.9021],[26.8938,57.9013],[26.8942,57.9014],[26.8845,57.9101],[26.8902,57.9124],[26.901,57.9034],[26.9094,57.9061],[26.9126,57.9085],[26.9079,57.9121],[26.8987,57.9148],[26.9018,57.9202],[26.9059,57.9208],[26.9242,57.9309],[26.9399,57.9355],[26.9418,57.9323],[26.9448,57.9301],[26.9505,57.9322],[26.9524,57.9349],[26.9573,57.9365],[26.9638,57.9433],[26.9717,57.9404],[26.9791,57.9467],[26.9792,57.9471],[26.9779,57.9494]]],[[[27.4795,57.938],[27.481,57.938],[27.4741,57.9365],[27.4736,57.936],[27.4705,57.9328],[27.47,57.927],[27.4755,57.9232],[27.4781,57.9207],[27.4766,57.9219],[27.4763,57.9221],[27.4749,57.9223],[27.4735,57.9229],[27.4729,57.9229],[27.4728,57.9229],[27.4713,57.9227],[27.4711,57.9218],[27.4737,57.9206],[27.4744,57.9201],[27.475,57.9197],[27.4835,57.9174],[27.4848,57.918],[27.4853,57.9181],[27.4844,57.9197],[27.4882,57.9188],[27.4883,57.9186],[27.4881,57.9182],[27.4922,57.918],[27.4926,57.9186],[27.4957,57.9214],[27.4983,57.9219],[27.5043,57.9192],[27.5076,57.9195],[27.5103,57.9174],[27.5103,57.9172],[27.5022,57.9172],[27.5021,57.9168],[27.4969,57.9143],[27.496,57.9073],[27.4909,57.9078],[27.4901,57.9079],[27.4896,57.9081],[27.4885,57.9093],[27.4836,57.9117],[27.4833,57.9117],[27.4874,57.9076],[27.4837,57.9027],[27.4832,57.9012],[27.4826,57.8979],[27.4866,57.8958],[27.4845,57.8951],[27.4834,57.8947],[27.4819,57.8944],[27.4819,57.893],[27.4828,57.8906],[27.4857,57.8898],[27.4863,57.8901],[27.4934,57.8902],[27.4945,57.8847],[27.4945,57.8834],[27.4944,57.8834],[27.4865,57.881],[27.4894,57.8782],[27.4846,57.8751],[27.4841,57.8748],[27.4863,57.8732],[27.4888,57.8719],[27.4933,57.878],[27.5006,57.8758],[27.5017,57.8745],[27.511,57.8764],[27.5113,57.8767],[27.5283,57.8558],[27.5498,57.8463],[27.5611,57.8498],[27.566,57.853],[27.5656,57.8586],[27.5708,57.8665],[27.5579,57.8728],[27.5557,57.8862],[27.5533,57.8873],[27.5528,57.888],[27.5531,57.8885],[27.5544,57.8904],[27.5432,57.8916],[27.5367,57.8941],[27.5439,57.8972],[27.5442,57.8973],[27.5482,57.899],[27.5486,57.8998],[27.5488,57.9002],[27.5454,57.9012],[27.5485,57.9013],[27.5511,57.9018],[27.5536,57.9038],[27.5459,57.9064],[27.5598,57.9154],[27.561,57.9202],[27.5696,57.9272],[27.5728,57.9295],[27.5694,57.9326],[27.5579,57.9278],[27.5508,57.9313],[27.5548,57.9365],[27.5503,57.9384],[27.5502,57.9383],[27.5478,57.938],[27.5471,57.9352],[27.5447,57.9326],[27.5407,57.9321],[27.5307,57.9397],[27.5327,57.9423],[27.54,57.948],[27.529,57.9539],[27.523,57.9521],[27.5144,57.9489],[27.5119,57.9481],[27.5105,57.9499],[27.511,57.9511],[27.5084,57.9559],[27.5062,57.9552],[27.504,57.9487],[27.4949,57.9502],[27.4915,57.9494],[27.4975,57.9446],[27.497,57.94],[27.5031,57.9394],[27.5048,57.9457],[27.5105,57.9464],[27.5165,57.9436],[27.5209,57.9381],[27.5208,57.9336],[27.5155,57.9321],[27.5076,57.9334],[27.5107,57.9275],[27.5014,57.9341],[27.4927,57.9356],[27.4877,57.9363],[27.4772,57.9335],[27.4804,57.9363],[27.4898,57.9367],[27.4914,57.9375],[27.4843,57.9393],[27.4795,57.938]]],[[[27.0737,57.9328],[27.0838,57.933],[27.0817,57.9368],[27.0923,57.9447],[27.0927,57.9472],[27.0888,57.9466],[27.0815,57.9394],[27.0724,57.9466],[27.0702,57.9538],[27.087,57.9502],[27.0907,57.9517],[27.09,57.9597],[27.0913,57.9596],[27.0934,57.9533],[27.0999,57.9525],[27.1099,57.9542],[27.1121,57.9496],[27.1255,57.9476],[27.1361,57.9527],[27.1345,57.9434],[27.1429,57.9462],[27.1501,57.9476],[27.1565,57.9532],[27.162,57.9573],[27.1715,57.9575],[27.1574,57.9501],[27.1557,57.9445],[27.147,57.942],[27.1432,57.9452],[27.137,57.9378],[27.1453,57.9373],[27.1509,57.9401],[27.16,57.9429],[27.1644,57.9409],[27.1757,57.9442],[27.1818,57.9474],[27.1868,57.9566],[27.188,57.9566],[27.1945,57.9594],[27.1932,57.9681],[27.2006,57.9703],[27.2026,57.9734],[27.1976,57.9758],[27.1958,57.9815],[27.194,57.9818],[27.194,57.9737],[27.1879,57.9762],[27.1894,57.9803],[27.1795,57.981],[27.1725,57.9861],[27.1842,57.9911],[27.1782,57.9924],[27.172,58.001],[27.1785,58.0002],[27.1834,58.0017],[27.199,57.9962],[27.2044,57.9963],[27.2163,57.9896],[27.2136,57.9929],[27.2142,57.9935],[27.2142,57.9936],[27.2146,57.9937],[27.227,57.9995],[27.219,58.0039],[27.2123,58.016],[27.2112,58.0155],[27.2097,58.0154],[27.2096,58.0152],[27.2111,58.006],[27.215,58.0038],[27.2069,58.0016],[27.2069,58.0018],[27.2062,58.0043],[27.2046,58.004],[27.2036,58.0023],[27.2031,58.0024],[27.2021,58.0037],[27.2027,58.0048],[27.2028,58.005],[27.2048,58.0054],[27.2086,58.0078],[27.2078,58.0115],[27.1948,58.0134],[27.1895,58.017],[27.1882,58.0114],[27.1892,58.0109],[27.1893,58.0108],[27.1885,58.0099],[27.188,58.0097],[27.1837,58.0084],[27.1826,58.0098],[27.1825,58.0109],[27.1814,58.0112],[27.1796,58.0096],[27.1778,58.0083],[27.1787,58.0078],[27.1804,58.0091],[27.1786,58.0077],[27.1779,58.0079],[27.1772,58.0088],[27.1782,58.012],[27.1647,58.0101],[27.1609,58.0149],[27.1706,58.0152],[27.1807,58.019],[27.178,58.0262],[27.1698,58.0281],[27.1648,58.0286],[27.1641,58.0202],[27.1602,58.0185],[27.1605,58.0178],[27.1591,58.0172],[27.1572,58.0164],[27.1555,58.0165],[27.155,58.0167],[27.1548,58.0166],[27.1509,58.0155],[27.1481,58.0148],[27.1474,58.0136],[27.1472,58.0135],[27.1447,58.0114],[27.1475,58.0074],[27.1473,58.0074],[27.1432,58.007],[27.1434,58.0063],[27.1485,58.0055],[27.1483,58.0063],[27.1485,58.0063],[27.1528,58.0064],[27.1532,58.0051],[27.1554,58.0045],[27.1539,58.0037],[27.1534,58.0041],[27.151,58.0036],[27.1506,58.0037],[27.151,58.0032],[27.1514,58.0028],[27.1526,58.0015],[27.162,57.9988],[27.1587,57.9928],[27.1587,57.9926],[27.1577,57.9914],[27.1521,57.9887],[27.1362,57.9891],[27.1346,57.9915],[27.1369,57.9959],[27.1379,57.9987],[27.136,57.9996],[27.1347,57.9997],[27.1346,57.9998],[27.135,58.0003],[27.1339,58.0001],[27.128,58.0018],[27.1277,58.0017],[27.1283,58.0004],[27.128,58.0003],[27.1211,58.0029],[27.1192,58.0019],[27.1147,57.9997],[27.1117,57.9932],[27.1066,57.9888],[27.1132,57.9889],[27.1161,57.9833],[27.1169,57.9808],[27.123,57.9702],[27.1275,57.9657],[27.111,57.963],[27.1129,57.9653],[27.1037,57.9689],[27.1018,57.9691],[27.101,57.9697],[27.0965,57.9686],[27.0947,57.9686],[27.09,57.9694],[27.0888,57.9682],[27.0836,57.9801],[27.0781,57.9802],[27.0771,57.9768],[27.0779,57.9761],[27.0797,57.9758],[27.0812,57.9765],[27.0831,57.9745],[27.0813,57.974],[27.0826,57.971],[27.0834,57.971],[27.0858,57.971],[27.0862,57.9702],[27.0846,57.9698],[27.0858,57.9645],[27.0854,57.9656],[27.0844,57.9651],[27.0836,57.9653],[27.0729,57.9659],[27.0649,57.9651],[27.0649,57.965],[27.0688,57.9629],[27.0697,57.957],[27.0623,57.9562],[27.0618,57.9561],[27.0599,57.9557],[27.0604,57.9548],[27.0608,57.954],[27.0619,57.9531],[27.0635,57.9527],[27.065,57.9507],[27.0643,57.9507],[27.0616,57.9489],[27.0598,57.9491],[27.0597,57.9488],[27.0575,57.9483],[27.051,57.9471],[27.0496,57.946],[27.0473,57.948],[27.0446,57.9486],[27.0444,57.9483],[27.0409,57.9483],[27.0406,57.9483],[27.0405,57.9496],[27.04,57.9517],[27.0398,57.9517],[27.037,57.9434],[27.0395,57.9406],[27.0477,57.9412],[27.0485,57.9419],[27.0643,57.9425],[27.0618,57.9402],[27.0737,57.9328]]],[[[26.2018,57.9506],[26.2164,57.9496],[26.2246,57.9456],[26.2362,57.9504],[26.2411,57.9501],[26.2428,57.9531],[26.2563,57.9511],[26.2631,57.9535],[26.2577,57.9576],[26.259,57.9613],[26.2622,57.9649],[26.255,57.9712],[26.2461,57.9654],[26.2432,57.9678],[26.2359,57.9644],[26.2323,57.9679],[26.2322,57.9682],[26.2284,57.9596],[26.2362,57.9545],[26.2288,57.9533],[26.225,57.9583],[26.2285,57.9689],[26.2224,57.9737],[26.2237,57.9757],[26.2289,57.976],[26.2278,57.9808],[26.2391,57.9851],[26.2309,57.9869],[26.227,57.9842],[26.2249,57.9843],[26.2179,57.9817],[26.2234,57.9759],[26.2155,57.9727],[26.2154,57.9726],[26.2201,57.9665],[26.2182,57.9659],[26.2142,57.9652],[26.211,57.9694],[26.2039,57.9702],[26.1967,57.9738],[26.1997,57.9687],[26.203,57.9644],[26.1887,57.9628],[26.1837,57.9582],[26.183,57.9577],[26.1837,57.9572],[26.189,57.9555],[26.2001,57.9573],[26.2081,57.9525],[26.197,57.9524],[26.2018,57.9506]]],[[[26.5406,57.9584],[26.541,57.9568],[26.548,57.9597],[26.5574,57.9681],[26.5607,57.968],[26.5709,57.9714],[26.5576,57.9748],[26.5608,57.9808],[26.5589,57.9812],[26.5551,57.9759],[26.5454,57.9755],[26.539,57.976],[26.5387,57.9813],[26.5316,57.9798],[26.5194,57.9807],[26.5149,57.9741],[26.5267,57.9742],[26.514,57.9667],[26.5234,57.9626],[26.5225,57.9572],[26.5051,57.9557],[26.505,57.9604],[26.4967,57.9628],[26.4949,57.9626],[26.4991,57.958],[26.4922,57.9562],[26.4958,57.9526],[26.5058,57.9504],[26.5116,57.9474],[26.522,57.9511],[26.5244,57.9564],[26.5379,57.9582],[26.5406,57.9584]]],[[[27.5556,57.9567],[27.546,57.9594],[27.5452,57.9583],[27.5396,57.9545],[27.5345,57.9519],[27.5475,57.9451],[27.5543,57.9413],[27.5566,57.9406],[27.557,57.9397],[27.5599,57.9383],[27.5605,57.9383],[27.5648,57.9397],[27.5659,57.9431],[27.5659,57.9436],[27.5737,57.9485],[27.5766,57.9541],[27.5701,57.959],[27.5556,57.9567]]],[[[27.3353,57.983],[27.3343,57.9823],[27.334,57.9823],[27.3353,57.983],[27.3348,57.9839],[27.3387,57.984],[27.3469,57.9853],[27.3488,57.9868],[27.3491,57.9909],[27.3455,57.9906],[27.3454,57.9905],[27.3381,57.9845],[27.3378,57.9847],[27.3349,57.9855],[27.3354,57.9869],[27.3352,57.9872],[27.3351,57.9874],[27.3345,57.9874],[27.3209,57.9829],[27.3112,57.9826],[27.3096,57.9869],[27.3165,57.9906],[27.3114,57.9947],[27.3226,57.9953],[27.3174,57.9994],[27.3119,57.9985],[27.3031,58.0035],[27.2995,58.0016],[27.2987,58.002],[27.2967,58.0032],[27.2968,58.0042],[27.3075,58.0073],[27.308,58.0094],[27.3075,58.0099],[27.3221,58.0095],[27.3241,58.0144],[27.332,58.0157],[27.3419,58.0128],[27.3394,58.015],[27.3398,58.015],[27.3347,58.021],[27.3375,58.0229],[27.3334,58.0253],[27.3254,58.0234],[27.3177,58.0278],[27.3159,58.0287],[27.314,58.0264],[27.3156,58.0266],[27.3164,58.0264],[27.3168,58.0264],[27.3174,58.0277],[27.32,58.0261],[27.3279,58.0215],[27.3206,58.0188],[27.323,58.0173],[27.3239,58.0162],[27.3214,58.0167],[27.3226,58.0174],[27.3209,58.0184],[27.3127,58.0213],[27.312,58.0216],[27.3091,58.0249],[27.3088,58.025],[27.3048,58.0231],[27.3027,58.021],[27.3021,58.0209],[27.302,58.02],[27.3009,58.0163],[27.3021,58.0136],[27.3022,58.0135],[27.3058,58.012],[27.3056,58.0119],[27.2984,58.007],[27.2922,58.0063],[27.2908,58.0052],[27.2916,58.0011],[27.2904,58.001],[27.2878,58.005],[27.2902,58.0071],[27.2906,58.0075],[27.2927,58.0082],[27.2975,58.0121],[27.296,58.0125],[27.295,58.0129],[27.2843,58.0058],[27.2854,58.0033],[27.2776,57.9987],[27.2715,57.9929],[27.2719,57.9899],[27.2764,57.9909],[27.2782,57.9939],[27.2871,57.9923],[27.2938,57.9954],[27.2969,57.9904],[27.2894,57.9894],[27.2852,57.9918],[27.277,57.9907],[27.2768,57.9901],[27.2784,57.9888],[27.2798,57.9873],[27.2787,57.9861],[27.2768,57.986],[27.2767,57.9853],[27.277,57.9832],[27.2807,57.975],[27.2816,57.9744],[27.2842,57.9754],[27.2842,57.9789],[27.2827,57.9792],[27.2802,57.9797],[27.2815,57.9802],[27.2843,57.9793],[27.2844,57.9793],[27.2852,57.9797],[27.2853,57.9803],[27.2882,57.9784],[27.2883,57.9784],[27.2907,57.9781],[27.2908,57.9781],[27.3064,57.9813],[27.3064,57.9811],[27.2997,57.9794],[27.2994,57.9793],[27.2986,57.9792],[27.2961,57.9786],[27.2982,57.9762],[27.2973,57.9761],[27.2918,57.9767],[27.2893,57.9766],[27.2808,57.9739],[27.2796,57.9744],[27.2694,57.9703],[27.2638,57.9728],[27.2749,57.9798],[27.275,57.9809],[27.2769,57.9827],[27.2752,57.9854],[27.2658,57.9876],[27.2631,57.9789],[27.2553,57.9767],[27.2524,57.9797],[27.2445,57.9802],[27.2387,57.9779],[27.249,57.9715],[27.2473,57.9659],[27.2432,57.9636],[27.2436,57.9589],[27.2299,57.9544],[27.225,57.9592],[27.2272,57.9696],[27.2214,57.9737],[27.2229,57.9776],[27.233,57.9759],[27.2352,57.9731],[27.2382,57.968],[27.244,57.9694],[27.225,57.9865],[27.2211,57.9785],[27.215,57.9789],[27.212,57.9775],[27.2098,57.9723],[27.1992,57.9773],[27.1978,57.9806],[27.1971,57.9811],[27.1971,57.9813],[27.197,57.9821],[27.2049,57.9826],[27.2049,57.9833],[27.2036,57.9875],[27.2124,57.9876],[27.2154,57.9881],[27.2084,57.9928],[27.1983,57.9896],[27.1963,57.9822],[27.198,57.9759],[27.2028,57.9735],[27.2039,57.9712],[27.2116,57.9704],[27.2117,57.9709],[27.2118,57.9719],[27.2193,57.9699],[27.2173,57.9637],[27.2174,57.9631],[27.2198,57.9532],[27.2219,57.9487],[27.2293,57.9499],[27.2352,57.9515],[27.2386,57.9464],[27.2351,57.9405],[27.234,57.9404],[27.2324,57.939],[27.232,57.9388],[27.2316,57.9372],[27.2389,57.9348],[27.2404,57.9316],[27.2453,57.9244],[27.2556,57.9231],[27.2673,57.9198],[27.2575,57.9185],[27.2546,57.9161],[27.2593,57.9112],[27.2677,57.909],[27.2842,57.9066],[27.2861,57.9094],[27.2814,57.9107],[27.2808,57.9158],[27.2756,57.9212],[27.2787,57.9253],[27.27,57.9294],[27.2651,57.9272],[27.2612,57.928],[27.2566,57.9319],[27.2653,57.9362],[27.2554,57.9375],[27.2518,57.9419],[27.2562,57.95],[27.2601,57.9521],[27.2805,57.9491],[27.2861,57.9548],[27.2901,57.9549],[27.3056,57.9612],[27.3188,57.9594],[27.3255,57.9552],[27.3267,57.9482],[27.3366,57.9421],[27.3244,57.9332],[27.3186,57.9345],[27.2962,57.9315],[27.2904,57.9251],[27.293,57.9244],[27.2917,57.9196],[27.2905,57.9153],[27.2928,57.9095],[27.2834,57.903],[27.2873,57.8992],[27.2753,57.8984],[27.2818,57.8906],[27.2829,57.8909],[27.2966,57.8894],[27.2975,57.89],[27.2989,57.8908],[27.2995,57.8913],[27.3014,57.8968],[27.3006,57.8984],[27.3023,57.9008],[27.3027,57.9024],[27.2986,57.9079],[27.3003,57.9185],[27.3119,57.9176],[27.3157,57.9117],[27.3153,57.9115],[27.3155,57.9111],[27.3157,57.9099],[27.3099,57.906],[27.3092,57.9058],[27.3093,57.9057],[27.3074,57.9051],[27.3073,57.905],[27.3087,57.9033],[27.3106,57.9004],[27.3105,57.8997],[27.3112,57.8986],[27.3122,57.8976],[27.3184,57.8963],[27.316,57.8938],[27.3164,57.8934],[27.3166,57.8916],[27.3239,57.8921],[27.3255,57.8963],[27.3274,57.8986],[27.3302,57.8985],[27.3307,57.8999],[27.3315,57.9],[27.3353,57.8993],[27.3463,57.8972],[27.3472,57.8929],[27.3524,57.8869],[27.3589,57.8838],[27.3669,57.8832],[27.3653,57.8806],[27.3679,57.8748],[27.3674,57.8741],[27.3706,57.8733],[27.3746,57.8738],[27.3803,57.8729],[27.3854,57.8738],[27.3857,57.8738],[27.387,57.8751],[27.3895,57.878],[27.392,57.8774],[27.3983,57.8758],[27.4067,57.8777],[27.4115,57.8776],[27.4135,57.8766],[27.4243,57.8752],[27.4296,57.876],[27.4353,57.8727],[27.4258,57.8687],[27.4266,57.8674],[27.4348,57.87],[27.4345,57.8709],[27.4368,57.8715],[27.4375,57.8712],[27.4516,57.8663],[27.4538,57.864],[27.4597,57.863],[27.4486,57.8696],[27.455,57.872],[27.448,57.8761],[27.448,57.8762],[27.4499,57.8758],[27.4493,57.876],[27.4472,57.8764],[27.4469,57.8764],[27.4416,57.8807],[27.4444,57.883],[27.4379,57.8869],[27.4367,57.8874],[27.4335,57.8872],[27.4257,57.8852],[27.4259,57.8869],[27.4564,57.8926],[27.4588,57.8928],[27.4615,57.8935],[27.4618,57.8936],[27.4703,57.8969],[27.4628,57.8971],[27.4508,57.9031],[27.4529,57.9079],[27.4623,57.9091],[27.4548,57.9138],[27.4422,57.9195],[27.4345,57.9148],[27.427,57.9146],[27.4467,57.9004],[27.4413,57.8992],[27.4366,57.8996],[27.3787,57.8943],[27.3815,57.8899],[27.3866,57.8856],[27.3806,57.8835],[27.3845,57.8808],[27.3783,57.8764],[27.3782,57.8844],[27.3672,57.8848],[27.3582,57.8897],[27.356,57.8929],[27.3578,57.8958],[27.3671,57.8958],[27.3722,57.8997],[27.3776,57.8957],[27.3779,57.8945],[27.4336,57.8996],[27.4312,57.9052],[27.424,57.913],[27.4248,57.9215],[27.4299,57.9242],[27.4293,57.9267],[27.4293,57.9269],[27.4326,57.9289],[27.4304,57.9323],[27.4301,57.9335],[27.4293,57.9364],[27.4292,57.9371],[27.4246,57.9393],[27.4219,57.9386],[27.4204,57.9388],[27.4181,57.9346],[27.4182,57.9344],[27.4146,57.9334],[27.4028,57.9348],[27.4099,57.9399],[27.4155,57.9404],[27.4185,57.9421],[27.4178,57.9426],[27.42,57.9456],[27.4209,57.9463],[27.4126,57.9497],[27.4111,57.9513],[27.406,57.9544],[27.4103,57.9601],[27.4102,57.9663],[27.3982,57.9654],[27.3688,57.9738],[27.3683,57.9716],[27.362,57.9659],[27.3619,57.9659],[27.3609,57.9648],[27.3542,57.9594],[27.3451,57.9533],[27.3453,57.9554],[27.3474,57.956],[27.3497,57.9578],[27.3533,57.9597],[27.355,57.9642],[27.3522,57.9649],[27.3512,57.9651],[27.3509,57.9661],[27.3518,57.9668],[27.3498,57.9692],[27.3495,57.9708],[27.3431,57.9741],[27.3431,57.9763],[27.3428,57.9763],[27.3398,57.9757],[27.3387,57.9758],[27.3368,57.9763],[27.3355,57.9772],[27.335,57.9773],[27.3331,57.9775],[27.332,57.9777],[27.3312,57.9774],[27.331,57.9773],[27.3323,57.976],[27.3306,57.9752],[27.3299,57.9764],[27.3305,57.9769],[27.3309,57.9773],[27.331,57.9775],[27.3304,57.9771],[27.3269,57.9771],[27.3258,57.9778],[27.3228,57.9777],[27.3237,57.9778],[27.3256,57.9779],[27.3275,57.978],[27.3313,57.978],[27.3389,57.9769],[27.3392,57.9769],[27.3435,57.9764],[27.3387,57.9812],[27.3386,57.9817],[27.3386,57.9822],[27.3394,57.9822],[27.3397,57.9819],[27.3392,57.9835],[27.3353,57.983]]],[[[26.8952,57.9782],[26.904,57.9764],[26.9092,57.9791],[26.8969,57.9833],[26.8896,57.9855],[26.9,57.9905],[26.9021,57.9919],[26.9063,57.9986],[26.9145,58.0001],[26.915,58.0007],[26.9162,58.0012],[26.9199,58.0019],[26.9188,58.0029],[26.9177,58.0029],[26.9166,58.0034],[26.9181,58.0073],[26.923,58.0127],[26.9265,58.0154],[26.9304,58.0261],[26.9372,58.028],[26.9334,58.0308],[26.9387,58.0379],[26.9431,58.0381],[26.9565,58.0455],[26.9606,58.048],[26.969,58.058],[26.976,58.061],[26.982,58.0645],[26.9842,58.0707],[26.9849,58.075],[26.9844,58.0828],[26.9959,58.0819],[26.9947,58.0785],[26.9875,58.075],[26.9971,58.0731],[27.0047,58.0777],[27.0024,58.0809],[27.0052,58.0854],[27.0134,58.0868],[27.026,58.0806],[27.0242,58.0781],[27.0241,58.0775],[27.0274,58.0804],[27.0271,58.0806],[27.0289,58.0809],[27.026,58.0871],[27.0275,58.0881],[27.0202,58.0943],[27.0256,58.0971],[27.0268,58.1023],[27.0193,58.1095],[27.0165,58.1121],[27.0277,58.1026],[27.0374,58.1061],[27.0386,58.1133],[27.0372,58.1171],[27.0262,58.12],[27.0238,58.1222],[27.0182,58.1222],[27.0176,58.1234],[27.0178,58.1242],[27.019,58.1255],[27.021,58.1274],[27.0171,58.1328],[27.008,58.1257],[27.0032,58.1325],[26.994,58.1332],[26.9946,58.1374],[26.9838,58.137],[26.9814,58.1404],[26.9796,58.137],[26.9753,58.1323],[26.97,58.1225],[26.9696,58.1213],[26.9648,58.1218],[26.9709,58.1162],[26.9626,58.1162],[26.9575,58.1216],[26.9569,58.1216],[26.9562,58.1216],[26.9555,58.1217],[26.9552,58.1217],[26.9547,58.1216],[26.9501,58.1241],[26.9451,58.1216],[26.9383,58.1217],[26.9455,58.1181],[26.9375,58.1162],[26.9344,58.1109],[26.9273,58.11],[26.9206,58.1056],[26.9257,58.1012],[26.9133,58.0977],[26.9182,58.1018],[26.9146,58.1065],[26.9112,58.1106],[26.8958,58.1106],[26.8953,58.1097],[26.904,58.1056],[26.902,58.1047],[26.9002,58.1015],[26.8891,58.1018],[26.8919,58.1081],[26.8905,58.1142],[26.8858,58.1121],[26.874,58.0979],[26.8696,58.0922],[26.8623,58.0969],[26.8543,58.1009],[26.8557,58.103],[26.8493,58.1009],[26.8501,58.0966],[26.8455,58.0926],[26.839,58.1009],[26.8343,58.0983],[26.838,58.0941],[26.8256,58.0915],[26.8193,58.0869],[26.8136,58.0854],[26.8079,58.0824],[26.813,58.0793],[26.8221,58.0835],[26.8292,58.0824],[26.8327,58.0812],[26.8472,58.0862],[26.8515,58.0882],[26.8547,58.089],[26.861,58.0846],[26.8691,58.0827],[26.8657,58.078],[26.8581,58.0727],[26.8553,58.0689],[26.8495,58.0703],[26.8463,58.0692],[26.8501,58.0651],[26.8505,58.0647],[26.858,58.0662],[26.8579,58.0663],[26.8576,58.0666],[26.8653,58.0675],[26.873,58.0742],[26.8768,58.0683],[26.866,58.0637],[26.8606,58.065],[26.8536,58.0616],[26.8448,58.063],[26.8535,58.0605],[26.8557,58.0531],[26.8495,58.0482],[26.845,58.048],[26.8407,58.0508],[26.851,58.0559],[26.843,58.059],[26.8319,58.0597],[26.8374,58.0652],[26.8368,58.0654],[26.8361,58.0658],[26.8355,58.0656],[26.8265,58.0649],[26.818,58.0678],[26.8123,58.0682],[26.8004,58.0569],[26.7953,58.0603],[26.7964,58.0614],[26.8031,58.0696],[26.8065,58.0738],[26.801,58.0775],[26.8061,58.0824],[26.7931,58.082],[26.7901,58.0836],[26.7759,58.0808],[26.7717,58.0775],[26.7709,58.0676],[26.7771,58.0721],[26.7772,58.0763],[26.7866,58.0794],[26.7911,58.0721],[26.7825,58.0712],[26.7825,58.0678],[26.7761,58.0649],[26.7884,58.067],[26.7908,58.0631],[26.7855,58.0611],[26.7838,58.0533],[26.7963,58.0502],[26.8035,58.044],[26.8129,58.0486],[26.8187,58.0452],[26.8054,58.0421],[26.8009,58.0397],[26.7949,58.0344],[26.8088,58.0344],[26.8059,58.0365],[26.8179,58.041],[26.8222,58.0448],[26.8205,58.0534],[26.8268,58.0498],[26.8261,58.0453],[26.8326,58.0426],[26.8201,58.0399],[26.8278,58.0319],[26.8366,58.0362],[26.8453,58.038],[26.8452,58.0381],[26.8467,58.0386],[26.8478,58.0393],[26.8471,58.0431],[26.8501,58.0438],[26.8532,58.0452],[26.8614,58.0493],[26.8617,58.058],[26.8723,58.0651],[26.8863,58.0654],[26.8841,58.0697],[26.8957,58.0746],[26.8961,58.0789],[26.9106,58.0791],[26.9127,58.0748],[26.9195,58.0709],[26.9269,58.0718],[26.9286,58.0703],[26.9304,58.0616],[26.9307,58.0605],[26.9305,58.0546],[26.9234,58.0571],[26.909,58.0589],[26.9085,58.0572],[26.9312,58.0513],[26.9267,58.0483],[26.934,58.0451],[26.9265,58.0338],[26.9193,58.0353],[26.9215,58.0309],[26.9143,58.0319],[26.9172,58.0296],[26.9172,58.0225],[26.9199,58.0217],[26.9213,58.0196],[26.9212,58.0188],[26.9129,58.0184],[26.9122,58.0179],[26.9136,58.0171],[26.914,58.0167],[26.9151,58.0164],[26.9148,58.0144],[26.9126,58.0094],[26.9062,58.0066],[26.9056,58.0068],[26.9014,58.0038],[26.9028,58.0027],[26.903,58.0026],[26.9023,57.9996],[26.8974,57.9939],[26.8968,57.9947],[26.8963,57.9955],[26.8824,57.99],[26.8705,57.9908],[26.8625,57.9861],[26.8606,57.9873],[26.854,57.983],[26.8452,57.9786],[26.8377,57.9794],[26.8323,57.98],[26.8319,57.978],[26.8433,57.9747],[26.8614,57.9805],[26.8772,57.9888],[26.8807,57.9885],[26.8826,57.9853],[26.894,57.9807],[26.8952,57.9782]],[[26.9413,58.0877],[26.9478,58.0837],[26.9662,58.079],[26.977,58.072],[26.9759,58.0676],[26.9658,58.0571],[26.9624,58.0555],[26.9594,58.0546],[26.9537,58.0491],[26.9438,58.0488],[26.945,58.0548],[26.9456,58.0566],[26.9458,58.0574],[26.9464,58.059],[26.9475,58.0607],[26.948,58.0614],[26.9495,58.0667],[26.9578,58.0666],[26.9533,58.0756],[26.9537,58.078],[26.9471,58.0791],[26.9401,58.0841],[26.9413,58.0877]]],[[[27.4959,57.9719],[27.4789,57.9818],[27.4765,57.9742],[27.4699,57.9689],[27.4696,57.965],[27.4748,57.9596],[27.491,57.9649],[27.4932,57.9652],[27.4946,57.9667],[27.4926,57.9684],[27.4959,57.9719]]],[[[27.3782,57.9881],[27.3857,57.9912],[27.3873,57.9938],[27.3973,57.9966],[27.4028,58.0024],[27.4066,57.9986],[27.4052,57.9947],[27.4041,57.9919],[27.4094,57.9895],[27.4042,57.9859],[27.3903,57.9844],[27.4045,57.973],[27.4124,57.9674],[27.4169,57.9684],[27.4362,57.9686],[27.4448,57.9673],[27.4484,57.9658],[27.4506,57.9658],[27.4513,57.9656],[27.4517,57.9657],[27.453,57.9656],[27.4532,57.9656],[27.4603,57.9613],[27.4627,57.9639],[27.4621,57.9644],[27.4634,57.9647],[27.4623,57.9718],[27.4628,57.9737],[27.4637,57.975],[27.4642,57.9757],[27.4675,57.9821],[27.4596,57.9868],[27.4586,57.9929],[27.4203,58.0122],[27.4127,58.0081],[27.418,58.0134],[27.4078,58.0135],[27.3987,58.0158],[27.4034,58.0082],[27.4001,58.0062],[27.3909,58.0093],[27.3882,58.0085],[27.3867,58.0077],[27.3908,58.0034],[27.3964,58.0023],[27.392,57.9983],[27.3832,57.9966],[27.368,57.9929],[27.3631,57.9798],[27.3654,57.9788],[27.368,57.9865],[27.3712,57.9879],[27.3689,57.9818],[27.3714,57.977],[27.3689,57.974],[27.3991,57.9655],[27.4093,57.9664],[27.4092,57.9668],[27.4092,57.9669],[27.4098,57.968],[27.3896,57.9829],[27.3879,57.9822],[27.3748,57.9764],[27.3752,57.9808],[27.3782,57.9881]],[[27.4111,57.9952],[27.4119,57.9994],[27.4211,58.0005],[27.4386,58.0006],[27.4258,57.9897],[27.4121,57.9891],[27.4111,57.9952]]],[[[26.8049,57.9873],[26.8199,57.9889],[26.8369,57.9915],[26.8453,57.9933],[26.8486,57.9975],[26.8458,58.0012],[26.8346,57.9992],[26.8422,58.0035],[26.843,58.0068],[26.851,58.0113],[26.8503,58.013],[26.8449,58.012],[26.8436,58.0099],[26.8394,58.0043],[26.8292,58.0035],[26.8224,58.0007],[26.812,57.9952],[26.8117,57.9951],[26.8091,57.9943],[26.8047,57.9927],[26.8049,57.9873]]],[[[26.2624,58.0065],[26.2647,58.0063],[26.2664,58.0069],[26.2744,58.0084],[26.2694,58.0121],[26.2739,58.0158],[26.2808,58.0131],[26.2817,58.0109],[26.2877,58.0115],[26.315,58.0179],[26.3119,58.0209],[26.3125,58.031],[26.3177,58.0336],[26.3183,58.0339],[26.3217,58.0343],[26.3275,58.0354],[26.3277,58.0414],[26.325,58.0402],[26.3239,58.0398],[26.3237,58.0397],[26.323,58.0395],[26.3213,58.0394],[26.3193,58.0394],[26.3168,58.0404],[26.3029,58.0364],[26.3068,58.0346],[26.3098,58.0315],[26.2965,58.0313],[26.291,58.0269],[26.2805,58.0238],[26.2707,58.0215],[26.2704,58.0201],[26.2714,58.0164],[26.2674,58.0111],[26.2597,58.0133],[26.2517,58.0114],[26.2501,58.0112],[26.2556,58.009],[26.2568,58.0083],[26.2575,58.008],[26.2624,58.0065]]],[[[24.8387,58.0341],[24.83,58.0336],[24.8204,58.0377],[24.8274,58.0364],[24.8346,58.0377],[24.8307,58.0425],[24.8226,58.0446],[24.821,58.0495],[24.8068,58.0514],[24.8113,58.0567],[24.8143,58.0586],[24.807,58.0568],[24.8037,58.0609],[24.7952,58.0577],[24.7927,58.0539],[24.7951,58.046],[24.7968,58.0404],[24.8032,58.042],[24.8098,58.0409],[24.8106,58.0351],[24.8079,58.03],[24.7956,58.032],[24.7956,58.0275],[24.7997,58.0277],[24.8134,58.0281],[24.8152,58.0252],[24.8259,58.0251],[24.8304,58.0275],[24.8387,58.0341]]],[[[26.9803,57.9838],[26.9713,57.9821],[26.9746,57.9773],[26.9879,57.9805],[26.9915,57.979],[26.993,57.9791],[26.9963,57.9786],[26.9972,57.9787],[26.999,57.9777],[26.9994,57.9783],[27.0011,57.9792],[27.0024,57.9788],[27.0045,57.9781],[27.005,57.9782],[27.0051,57.9782],[27.004,57.979],[27.0055,57.9801],[27.0052,57.9798],[27.015,57.9796],[27.0176,57.9807],[27.0192,57.983],[27.0188,57.9833],[27.0178,57.9836],[27.0195,57.9831],[27.0244,57.9856],[27.0202,57.9884],[27.0186,57.9838],[27.0107,57.9831],[27.0093,57.9861],[26.997,57.9831],[26.993,57.9856],[27.0122,57.9887],[27.0274,57.9889],[27.0313,57.9924],[27.0307,57.9976],[27.0391,58.0053],[27.0323,58.0079],[27.0158,58.0107],[27.0069,58.009],[27.0057,58.0159],[27.0129,58.0185],[27.0002,58.0239],[26.9995,58.0221],[26.9965,58.0136],[26.9897,58.0095],[26.9788,58.0048],[26.9888,58.0022],[26.9935,57.9984],[26.99,57.9958],[26.9748,57.9965],[26.972,57.9929],[26.9732,57.988],[26.9766,57.9948],[26.984,57.9949],[26.9873,57.9863],[26.9803,57.9838]]],[[[26.0387,58.0463],[26.0369,58.0412],[26.0393,58.0366],[26.0349,58.0332],[26.0262,58.0321],[26.0269,58.0383],[26.0273,58.0428],[26.033,58.0462],[26.0337,58.0491],[26.0247,58.0504],[26.0241,58.0559],[26.0235,58.0632],[26.0235,58.0635],[26.0159,58.0629],[26.0165,58.0716],[26.0128,58.0768],[26.0042,58.077],[26.0023,58.0737],[26.0024,58.0674],[25.9947,58.0656],[25.9954,58.0626],[26.0072,58.058],[26.007,58.0574],[26.0068,58.0573],[26.0057,58.0578],[25.9957,58.0575],[25.9913,58.0545],[25.9904,58.0625],[25.9924,58.0695],[25.9977,58.0735],[25.9956,58.0763],[25.9914,58.0682],[25.9848,58.0688],[25.9799,58.0679],[25.9785,58.0591],[25.9739,58.0584],[25.9742,58.0532],[25.9768,58.0492],[25.9766,58.0388],[25.9803,58.0365],[25.984,58.0345],[25.9954,58.0334],[25.9883,58.0294],[25.9944,58.0174],[25.9944,58.0063],[25.9999,58.0085],[26.0039,58.0122],[25.9999,58.0196],[26.0037,58.0214],[26.0092,58.0168],[26.0225,58.0163],[26.0255,58.0171],[26.0319,58.0115],[26.0384,58.0161],[26.0423,58.0114],[26.0484,58.0131],[26.0535,58.0169],[26.0541,58.0288],[26.0523,58.039],[26.0535,58.0451],[26.062,58.0461],[26.0569,58.052],[26.0504,58.0515],[26.0475,58.0583],[26.0533,58.0639],[26.048,58.0649],[26.0543,58.0745],[26.0549,58.0792],[26.0594,58.0827],[26.0561,58.0853],[26.0522,58.0824],[26.0445,58.0799],[26.0432,58.0799],[26.0413,58.0802],[26.0322,58.0923],[26.0283,58.0898],[26.0342,58.0857],[26.0247,58.0834],[26.0241,58.0823],[26.0224,58.0765],[26.0334,58.072],[26.0318,58.0685],[26.0361,58.072],[26.0384,58.0652],[26.0403,58.0605],[26.0375,58.0589],[26.0313,58.0518],[26.0361,58.0525],[26.0387,58.0463]]],[[[26.4822,58.0458],[26.4753,58.0425],[26.472,58.0313],[26.4652,58.0235],[26.4711,58.0252],[26.4759,58.0207],[26.4872,58.0217],[26.4916,58.0259],[26.5047,58.0215],[26.5048,58.0216],[26.5054,58.0224],[26.5072,58.0239],[26.5072,58.024],[26.5005,58.0283],[26.4878,58.0334],[26.4843,58.0328],[26.4855,58.0342],[26.4802,58.0405],[26.4937,58.0422],[26.4983,58.0444],[26.5002,58.0497],[26.5005,58.0509],[26.4853,58.0555],[26.4733,58.053],[26.4811,58.0496],[26.4822,58.0458]]],[[[26.7552,58.0066],[26.765,58.0065],[26.7741,58.0044],[26.7822,58.009],[26.7808,58.0104],[26.774,58.0093],[26.7761,58.012],[26.7732,58.016],[26.776,58.019],[26.7801,58.0214],[26.7797,58.0233],[26.7737,58.0238],[26.7731,58.0324],[26.7736,58.0376],[26.7875,58.0373],[26.7881,58.0342],[26.7951,58.0355],[26.7971,58.0397],[26.796,58.0403],[26.7839,58.0414],[26.779,58.0474],[26.7752,58.0481],[26.7713,58.0443],[26.7663,58.047],[26.7737,58.0549],[26.7601,58.0513],[26.7521,58.0481],[26.7466,58.0377],[26.7447,58.0359],[26.7398,58.0299],[26.7428,58.0274],[26.7497,58.0331],[26.7535,58.0261],[26.7507,58.0234],[26.7447,58.0228],[26.7385,58.02],[26.733,58.0188],[26.7424,58.0141],[26.7422,58.0127],[26.741,58.0101],[26.7433,58.0092],[26.7504,58.011],[26.7552,58.0066]]],[[[27.4646,58.0349],[27.4721,58.0405],[27.4587,58.042],[27.4515,58.0469],[27.4558,58.0516],[27.4448,58.0529],[27.4373,58.0493],[27.4273,58.0471],[27.4321,58.0395],[27.4292,58.0374],[27.4342,58.0314],[27.443,58.0328],[27.4453,58.0298],[27.4526,58.0334],[27.4646,58.0349]]],[[[25.2807,58.0716],[25.2661,58.0672],[25.2649,58.0601],[25.2762,58.0528],[25.2778,58.0518],[25.2917,58.0469],[25.2946,58.0453],[25.2981,58.0422],[25.3001,58.0423],[25.3042,58.048],[25.3108,58.0454],[25.3012,58.0391],[25.3008,58.0383],[25.3015,58.0374],[25.3033,58.0349],[25.3035,58.0347],[25.3036,58.0308],[25.3032,58.0261],[25.3023,58.0223],[25.3021,58.0216],[25.3014,58.0186],[25.2991,58.0151],[25.2978,58.013],[25.2982,58.0117],[25.3,57.9999],[25.2999,57.9999],[25.2961,57.9999],[25.2958,57.9998],[25.2959,57.9979],[25.2998,57.9953],[25.301,57.9947],[25.3014,57.9931],[25.2884,57.991],[25.2909,57.988],[25.2931,57.9812],[25.3027,57.9858],[25.3102,57.9841],[25.3278,57.9745],[25.3356,57.9799],[25.3318,57.9888],[25.3147,57.9971],[25.3068,57.9955],[25.3027,58.0055],[25.3035,58.0113],[25.3115,58.0106],[25.3192,58.0153],[25.3196,58.029],[25.3147,58.033],[25.3168,58.0386],[25.3319,58.0413],[25.3317,58.0347],[25.3401,58.0292],[25.3418,58.0399],[25.345,58.0469],[25.3416,58.052],[25.336,58.0573],[25.3295,58.0587],[25.3261,58.0639],[25.32,58.0661],[25.3131,58.072],[25.313,58.0721],[25.3129,58.0722],[25.3096,58.0743],[25.3094,58.0744],[25.3082,58.0752],[25.3067,58.0761],[25.3043,58.0775],[25.2982,58.0803],[25.2868,58.0816],[25.296,58.0838],[25.2977,58.0935],[25.296,58.1024],[25.2973,58.1031],[25.2878,58.1062],[25.2879,58.1088],[25.2763,58.1136],[25.2718,58.1111],[25.2722,58.1088],[25.2673,58.1148],[25.266,58.1174],[25.2639,58.119],[25.2637,58.1192],[25.2619,58.119],[25.2569,58.1166],[25.2557,58.1121],[25.2485,58.113],[25.2509,58.118],[25.2436,58.1118],[25.2436,58.1115],[25.2437,58.1084],[25.2467,58.1053],[25.257,58.1054],[25.262,58.1026],[25.2659,58.1024],[25.2673,58.0879],[25.2675,58.0928],[25.2736,58.0941],[25.2831,58.0898],[25.2836,58.0949],[25.283,58.0982],[25.2926,58.1034],[25.2889,58.0962],[25.2879,58.0889],[25.2893,58.0829],[25.2845,58.0824],[25.2807,58.0716]]],[[[27.2045,58.0787],[27.2098,58.0774],[27.2048,58.0709],[27.1977,58.07],[27.1884,58.0675],[27.1793,58.0643],[27.1757,58.0582],[27.1863,58.0565],[27.1835,58.065],[27.1906,58.0649],[27.1983,58.0667],[27.2016,58.0693],[27.2112,58.0707],[27.2221,58.0662],[27.2265,58.0613],[27.2299,58.0553],[27.2141,58.0522],[27.2575,58.0451],[27.2688,58.0433],[27.2761,58.0477],[27.2731,58.0504],[27.2699,58.0595],[27.261,58.0599],[27.2485,58.0567],[27.2432,58.0544],[27.2318,58.0611],[27.2306,58.0627],[27.2453,58.0677],[27.2461,58.0683],[27.2438,58.0702],[27.2382,58.0701],[27.239,58.0765],[27.2328,58.0758],[27.2294,58.0686],[27.2216,58.0748],[27.2246,58.0787],[27.2188,58.0833],[27.2084,58.0879],[27.2035,58.0877],[27.2051,58.0825],[27.2045,58.0787]]],[[[27.2321,58.0822],[27.2424,58.0848],[27.2442,58.0905],[27.2519,58.0902],[27.2608,58.0754],[27.2557,58.0722],[27.2625,58.0702],[27.2644,58.0729],[27.2835,58.0753],[27.2879,58.0734],[27.2806,58.0694],[27.2743,58.0667],[27.287,58.066],[27.2888,58.0707],[27.3027,58.077],[27.2953,58.0846],[27.2982,58.0865],[27.2946,58.0892],[27.2936,58.0912],[27.2865,58.0946],[27.2879,58.098],[27.2857,58.1047],[27.2793,58.1077],[27.2799,58.1109],[27.2694,58.1141],[27.2696,58.1098],[27.2647,58.1104],[27.2635,58.118],[27.2582,58.1205],[27.2464,58.1178],[27.2464,58.1131],[27.2393,58.1132],[27.239,58.1085],[27.2438,58.1063],[27.2478,58.1018],[27.2402,58.1003],[27.2391,58.1046],[27.2381,58.1028],[27.2363,58.0973],[27.2425,58.0966],[27.249,58.0944],[27.258,58.1005],[27.2613,58.0951],[27.248,58.0928],[27.2413,58.0949],[27.2363,58.0917],[27.2267,58.0873],[27.2261,58.0868],[27.2262,58.0866],[27.2279,58.0858],[27.2272,58.0841],[27.2321,58.0822]]],[[[26.134,58.1205],[26.1383,58.1247],[26.1476,58.1229],[26.1479,58.1179],[26.148,58.1118],[26.1478,58.1109],[26.1591,58.1124],[26.1566,58.1202],[26.1578,58.1262],[26.1585,58.1307],[26.1571,58.1315],[26.1566,58.1313],[26.1549,58.1328],[26.154,58.1336],[26.1541,58.1338],[26.1501,58.1368],[26.1415,58.1378],[26.1514,58.139],[26.1617,58.1388],[26.1686,58.14],[26.158,58.144],[26.1654,58.1485],[26.1624,58.1517],[26.1383,58.1493],[26.1377,58.149],[26.1326,58.1464],[26.1314,58.1475],[26.1238,58.1506],[26.1215,58.1549],[26.1139,58.1478],[26.1213,58.1434],[26.1153,58.1376],[26.1113,58.1358],[26.0981,58.1352],[26.0907,58.1201],[26.1003,58.1174],[26.1074,58.1171],[26.1124,58.1135],[26.1194,58.1131],[26.1281,58.1161],[26.134,58.1205]]],[[[27.3123,58.1015],[27.3135,58.1011],[27.3153,58.1014],[27.3142,58.1076],[27.3246,58.1083],[27.33,58.1045],[27.3294,58.0989],[27.3363,58.1053],[27.3366,58.1106],[27.3346,58.1186],[27.3467,58.1174],[27.3383,58.1227],[27.3324,58.1248],[27.3345,58.126],[27.3362,58.1313],[27.3235,58.129],[27.3146,58.1312],[27.312,58.1349],[27.3073,58.1435],[27.3012,58.149],[27.304,58.1521],[27.2909,58.1479],[27.3014,58.1461],[27.293,58.1388],[27.2846,58.1386],[27.2775,58.1287],[27.2861,58.1247],[27.2909,58.1225],[27.3016,58.116],[27.3083,58.113],[27.3123,58.1015]],[[27.3239,58.1147],[27.3172,58.1113],[27.2947,58.1216],[27.3104,58.131],[27.3228,58.1243],[27.3171,58.1187],[27.3239,58.1147]]],[[[27.4727,58.1037],[27.4752,58.1034],[27.4804,58.0997],[27.4869,58.0965],[27.4884,58.0959],[27.4957,58.0996],[27.4932,58.1007],[27.4914,58.1008],[27.489,58.1002],[27.4867,58.1017],[27.4859,58.1034],[27.4876,58.1063],[27.4975,58.1046],[27.4965,58.1057],[27.4966,58.1115],[27.4888,58.114],[27.4845,58.1219],[27.4812,58.1216],[27.4775,58.1258],[27.469,58.1273],[27.4624,58.1278],[27.4507,58.1254],[27.4414,58.1307],[27.4368,58.1383],[27.4369,58.1347],[27.4382,58.1315],[27.4454,58.1219],[27.4445,58.1185],[27.4532,58.1147],[27.4479,58.1127],[27.4547,58.11],[27.4574,58.1085],[27.4592,58.1065],[27.4611,58.1106],[27.4572,58.1136],[27.4596,58.1196],[27.4621,58.1214],[27.467,58.1201],[27.4708,58.1113],[27.4696,58.1089],[27.4681,58.1075],[27.4682,58.1061],[27.47,58.1045],[27.4727,58.1037]]],[[[25.2844,58.1612],[25.282,58.1544],[25.2788,58.1541],[25.2775,58.1496],[25.2877,58.1457],[25.291,58.1425],[25.3035,58.1348],[25.3084,58.1343],[25.3172,58.1377],[25.3104,58.1437],[25.3185,58.1438],[25.3308,58.1465],[25.3261,58.1489],[25.3172,58.1524],[25.3115,58.1543],[25.3035,58.1575],[25.2979,58.1573],[25.2908,58.1644],[25.2844,58.1612]]],[[[25.1305,58.1803],[25.1272,58.1795],[25.1175,58.1726],[25.1238,58.168],[25.1162,58.1636],[25.1105,58.1599],[25.103,58.1548],[25.1052,58.159],[25.1008,58.1643],[25.0932,58.1654],[25.0856,58.1624],[25.0839,58.1628],[25.0841,58.1708],[25.0928,58.1729],[25.0892,58.1749],[25.0994,58.1851],[25.1059,58.1863],[25.1009,58.1898],[25.095,58.1909],[25.0966,58.1985],[25.0878,58.2005],[25.0848,58.1963],[25.0905,58.1891],[25.0866,58.1872],[25.0779,58.1882],[25.0752,58.1908],[25.0683,58.197],[25.0647,58.1937],[25.0695,58.1902],[25.0724,58.1834],[25.0724,58.1821],[25.0779,58.1787],[25.0775,58.1724],[25.0734,58.1652],[25.0701,58.1642],[25.0698,58.1627],[25.068,58.1622],[25.0638,58.1555],[25.0659,58.1518],[25.0709,58.1509],[25.0894,58.1438],[25.0915,58.1434],[25.0915,58.1466],[25.1125,58.1543],[25.1205,58.1551],[25.1254,58.1595],[25.1303,58.159],[25.137,58.1612],[25.1349,58.1641],[25.1262,58.1681],[25.1305,58.1707],[25.1303,58.1763],[25.1305,58.1803]]],[[[27.4272,58.1167],[27.4369,58.1183],[27.4362,58.1227],[27.4264,58.1252],[27.4154,58.1288],[27.4124,58.1279],[27.4118,58.1238],[27.4183,58.1201],[27.4177,58.113],[27.4113,58.1124],[27.4049,58.1185],[27.401,58.1144],[27.3922,58.1115],[27.395,58.1027],[27.3895,58.0975],[27.3783,58.0989],[27.3714,58.1021],[27.3674,58.1059],[27.3777,58.1102],[27.3757,58.1147],[27.3878,58.1196],[27.3841,58.1224],[27.3688,58.1202],[27.3664,58.1234],[27.3711,58.128],[27.3707,58.1343],[27.3854,58.1418],[27.3848,58.1464],[27.3951,58.1568],[27.3939,58.1575],[27.3934,58.1563],[27.3852,58.1521],[27.3854,58.1503],[27.3824,58.144],[27.3829,58.1433],[27.3826,58.1422],[27.3814,58.1417],[27.38,58.1418],[27.378,58.141],[27.3693,58.1354],[27.3677,58.1286],[27.3596,58.1263],[27.3461,58.1313],[27.3409,58.1253],[27.3459,58.1243],[27.3513,58.1238],[27.3552,58.1228],[27.3513,58.1174],[27.3549,58.1148],[27.3665,58.1132],[27.355,58.1084],[27.3595,58.1035],[27.3451,58.1012],[27.3553,58.0976],[27.3686,58.1011],[27.3681,58.0973],[27.3733,58.0934],[27.3794,58.0903],[27.3884,58.0922],[27.398,58.0846],[27.4001,58.0842],[27.4142,58.0936],[27.4042,58.0959],[27.4036,58.096],[27.4129,58.0973],[27.4238,58.0953],[27.4306,58.0975],[27.4313,58.1008],[27.4301,58.1092],[27.4376,58.1103],[27.437,58.1115],[27.426,58.1131],[27.4272,58.1167]]],[[[26.0166,58.1413],[26.0169,58.1362],[26.0284,58.1321],[26.0252,58.1374],[26.0306,58.139],[26.0341,58.1413],[26.0453,58.1421],[26.0489,58.1467],[26.0363,58.1526],[26.033,58.1561],[26.0303,58.1636],[26.0363,58.1665],[26.0378,58.1693],[26.0365,58.1705],[26.0373,58.174],[26.0336,58.1784],[26.0254,58.1798],[26.0237,58.1838],[26.0198,58.1821],[26.0125,58.1819],[26.0113,58.1754],[26.0035,58.1702],[26.0027,58.1715],[26.0043,58.1791],[26.002,58.1839],[25.9932,58.1925],[25.9933,58.1888],[25.9939,58.1867],[25.994,58.1864],[25.9937,58.18],[25.9945,58.177],[25.9946,58.1768],[25.9947,58.1753],[25.9952,58.1731],[25.9949,58.1714],[25.9949,58.1712],[25.9958,58.1699],[25.9952,58.1638],[25.9954,58.1606],[26.0013,58.1592],[26.0042,58.1591],[26.0063,58.1604],[26.0134,58.1565],[26.0084,58.1502],[26.0157,58.1484],[26.0211,58.1481],[26.0166,58.1413]]],[[[25.2154,58.1555],[25.2156,58.1602],[25.2256,58.1584],[25.2284,58.1557],[25.2384,58.1579],[25.2591,58.1642],[25.2577,58.1666],[25.2446,58.1661],[25.2393,58.1677],[25.2278,58.1773],[25.227,58.1822],[25.2204,58.1814],[25.2177,58.1869],[25.2128,58.1923],[25.2092,58.2009],[25.2007,58.2032],[25.2038,58.1985],[25.1957,58.1968],[25.19,58.1999],[25.1883,58.1955],[25.1802,58.1951],[25.1678,58.1962],[25.1705,58.1932],[25.1648,58.1903],[25.1669,58.186],[25.1631,58.1775],[25.1554,58.1713],[25.1479,58.1692],[25.1505,58.1662],[25.1617,58.1656],[25.1646,58.1637],[25.1734,58.1636],[25.1731,58.1661],[25.1756,58.1738],[25.174,58.1769],[25.1815,58.1855],[25.181,58.1925],[25.1891,58.1905],[25.1859,58.1842],[25.1887,58.1835],[25.1943,58.1824],[25.1981,58.1784],[25.2115,58.1819],[25.2134,58.1816],[25.2155,58.1809],[25.2171,58.1806],[25.2206,58.176],[25.2137,58.174],[25.2115,58.1723],[25.2102,58.1675],[25.207,58.1645],[25.2088,58.1573],[25.2132,58.15],[25.2154,58.1555]]],[[[26.9949,58.1478],[26.9939,58.15],[26.9909,58.1549],[26.998,58.1587],[26.9973,58.1597],[26.9934,58.1613],[26.9893,58.161],[26.9838,58.1568],[26.982,58.1576],[26.9801,58.1618],[26.9684,58.1583],[26.9675,58.1591],[26.9682,58.1604],[26.9625,58.1594],[26.9614,58.1613],[26.9594,58.1645],[26.9585,58.1662],[26.9519,58.1647],[26.9526,58.1651],[26.9432,58.1627],[26.9423,58.1597],[26.9523,58.1573],[26.9538,58.1576],[26.9582,58.1552],[26.958,58.1506],[26.9665,58.1474],[26.9646,58.1449],[26.9602,58.1446],[26.9676,58.1372],[26.9626,58.1358],[26.9614,58.1342],[26.9582,58.1336],[26.9586,58.1295],[26.9616,58.1284],[26.9632,58.1282],[26.9639,58.1281],[26.9715,58.1305],[26.9717,58.1347],[26.9735,58.1356],[26.9772,58.1371],[26.9761,58.1423],[26.9901,58.1472],[26.9949,58.1478]]],[[[27.2275,58.1613],[27.2027,58.1577],[27.1984,58.157],[27.1978,58.1569],[27.1969,58.1526],[27.1889,58.1427],[27.1948,58.1419],[27.1943,58.1363],[27.2007,58.1396],[27.2095,58.1437],[27.2218,58.1399],[27.2349,58.1437],[27.2297,58.1479],[27.2272,58.149],[27.2214,58.1485],[27.2288,58.1526],[27.231,58.159],[27.2275,58.1613]]],[[[25.1305,58.1803],[25.1399,58.18],[25.1422,58.1833],[25.1381,58.1906],[25.14,58.1962],[25.1444,58.1993],[25.1373,58.202],[25.1292,58.2],[25.1284,58.1994],[25.127,58.2048],[25.1277,58.2063],[25.1227,58.2089],[25.141,58.2116],[25.144,58.2072],[25.16,58.2081],[25.1638,58.2099],[25.1751,58.2113],[25.1727,58.2165],[25.1706,58.2252],[25.1584,58.228],[25.1537,58.2307],[25.1573,58.2319],[25.1657,58.2325],[25.1693,58.239],[25.1597,58.2418],[25.1357,58.2352],[25.132,58.2331],[25.0988,58.215],[25.1012,58.2137],[25.1008,58.2076],[25.1078,58.1922],[25.1198,58.1883],[25.1235,58.1942],[25.1311,58.1953],[25.1354,58.1954],[25.1357,58.1853],[25.128,58.1854],[25.1258,58.1848],[25.1305,58.1803]]],[[[27.2479,58.2031],[27.249,58.2053],[27.2491,58.206],[27.2483,58.206],[27.2485,58.2059],[27.247,58.2053],[27.2341,58.2047],[27.2294,58.2075],[27.2274,58.2032],[27.217,58.2018],[27.2235,58.1966],[27.2211,58.1938],[27.2245,58.1899],[27.2361,58.1924],[27.2422,58.1914],[27.2423,58.1916],[27.242,58.1923],[27.2421,58.1926],[27.2422,58.1931],[27.2447,58.1928],[27.2449,58.193],[27.2406,58.1946],[27.2479,58.2031]]],[[[25.621,58.2071],[25.6225,58.208],[25.6234,58.2082],[25.6238,58.2084],[25.6266,58.2075],[25.628,58.2071],[25.6284,58.207],[25.629,58.2074],[25.6299,58.2073],[25.6299,58.2076],[25.6299,58.2079],[25.6285,58.2117],[25.6237,58.2149],[25.6234,58.2154],[25.6288,58.2213],[25.6381,58.2204],[25.6358,58.2181],[25.6453,58.2163],[25.6393,58.2107],[25.6441,58.2098],[25.6462,58.2097],[25.648,58.2104],[25.6517,58.2104],[25.6663,58.2112],[25.6615,58.218],[25.6511,58.22],[25.6495,58.2193],[25.649,58.2198],[25.6496,58.221],[25.6433,58.2221],[25.6395,58.223],[25.6371,58.2266],[25.6245,58.2235],[25.6273,58.2263],[25.624,58.2308],[25.6167,58.2335],[25.6055,58.2448],[25.6062,58.2455],[25.6009,58.2464],[25.594,58.2513],[25.5901,58.2582],[25.5897,58.2582],[25.5892,58.2582],[25.5885,58.2583],[25.5879,58.2585],[25.5824,58.2551],[25.5736,58.2557],[25.5756,58.2541],[25.5846,58.2489],[25.584,58.2509],[25.5841,58.2521],[25.5864,58.2489],[25.5872,58.2484],[25.5895,58.2478],[25.5911,58.2476],[25.5911,58.2481],[25.5911,58.2483],[25.589,58.2509],[25.5889,58.251],[25.5882,58.2532],[25.5892,58.2553],[25.5897,58.2547],[25.5906,58.2523],[25.5913,58.2504],[25.5928,58.2474],[25.5968,58.244],[25.5977,58.2435],[25.602,58.2399],[25.6021,58.2398],[25.6033,58.2394],[25.6022,58.2387],[25.6012,58.2392],[25.601,58.2392],[25.6,58.2385],[25.6,58.2384],[25.5993,58.2373],[25.5994,58.2372],[25.5996,58.2344],[25.6013,58.2338],[25.6028,58.2346],[25.6033,58.2343],[25.6031,58.2331],[25.6054,58.2322],[25.6104,58.2315],[25.6094,58.2294],[25.613,58.2245],[25.6141,58.2235],[25.6046,58.2251],[25.6034,58.2178],[25.594,58.219],[25.5877,58.2243],[25.5868,58.2284],[25.5825,58.2338],[25.5824,58.2338],[25.581,58.2353],[25.5805,58.2372],[25.5738,58.2389],[25.569,58.2339],[25.5629,58.2324],[25.567,58.2258],[25.5578,58.2228],[25.5614,58.2193],[25.5596,58.2147],[25.5474,58.2259],[25.5401,58.2281],[25.534,58.2231],[25.5408,58.2203],[25.5506,58.2209],[25.5555,58.2167],[25.5566,58.2157],[25.5677,58.2094],[25.5749,58.2068],[25.5774,58.206],[25.5829,58.2067],[25.5831,58.2005],[25.5781,58.1997],[25.5679,58.1969],[25.5627,58.1974],[25.5586,58.1924],[25.5598,58.1911],[25.5627,58.1893],[25.5641,58.1884],[25.5685,58.1858],[25.5771,58.1815],[25.5781,58.1825],[25.5784,58.1826],[25.5707,58.1869],[25.5802,58.1893],[25.5787,58.1965],[25.5841,58.2002],[25.5925,58.191],[25.5979,58.1884],[25.5981,58.193],[25.6057,58.193],[25.6063,58.2039],[25.6068,58.2047],[25.603,58.2071],[25.6086,58.2116],[25.6175,58.2114],[25.6174,58.2077],[25.621,58.2071]]],[[[27.0195,58.2035],[27.0178,58.2019],[27.0132,58.1945],[27.0141,58.1943],[27.0165,58.1939],[27.0177,58.1935],[27.0195,58.193],[27.0202,58.1946],[27.0223,58.1945],[27.023,58.1936],[27.0297,58.1927],[27.0308,58.1933],[27.0321,58.1928],[27.0412,58.192],[27.0417,58.1925],[27.0483,58.1931],[27.0489,58.1935],[27.0458,58.1944],[27.0464,58.195],[27.0497,58.1942],[27.0527,58.1967],[27.0481,58.1981],[27.0469,58.1992],[27.0497,58.2023],[27.0461,58.2027],[27.0476,58.2106],[27.0369,58.2154],[27.0293,58.2162],[27.0278,58.2154],[27.0308,58.211],[27.0176,58.2051],[27.0135,58.2033],[27.0195,58.2035]]],[[[27.0103,58.2172],[26.9973,58.2179],[26.9944,58.221],[26.9831,58.2178],[26.9813,58.2197],[26.9736,58.2195],[26.9645,58.2245],[26.9701,58.2284],[26.9789,58.2366],[26.9829,58.2416],[26.975,58.244],[26.9773,58.2483],[26.9865,58.2508],[26.9949,58.2476],[26.9952,58.2496],[26.995,58.2501],[26.9898,58.2553],[26.9913,58.2521],[26.9774,58.2515],[26.9775,58.2506],[26.9727,58.2489],[26.9671,58.2542],[26.9574,58.2557],[26.9593,58.2607],[26.9702,58.2682],[26.9742,58.2729],[26.9733,58.2732],[26.973,58.2733],[26.9729,58.2733],[26.9729,58.2736],[26.9663,58.2736],[26.955,58.2666],[26.9479,58.2699],[26.9405,58.2652],[26.9281,58.2636],[26.9204,58.2638],[26.919,58.2601],[26.9188,58.2599],[26.9183,58.2593],[26.918,58.259],[26.9161,58.2577],[26.9137,58.2593],[26.9131,58.2591],[26.9125,58.2598],[26.9091,58.2639],[26.9089,58.2646],[26.9079,58.2649],[26.9068,58.2648],[26.8957,58.26],[26.8928,58.2576],[26.9022,58.2513],[26.9026,58.2478],[26.896,58.2451],[26.887,58.2428],[26.8858,58.2393],[26.8866,58.2388],[26.8912,58.2363],[26.892,58.2361],[26.8915,58.235],[26.8911,58.235],[26.8862,58.2324],[26.8868,58.2317],[26.8962,58.2313],[26.8965,58.2312],[26.9061,58.2271],[26.9093,58.2215],[26.916,58.2245],[26.9106,58.2261],[26.9224,58.2312],[26.9315,58.2284],[26.9276,58.2361],[26.9123,58.2377],[26.9117,58.243],[26.925,58.244],[26.933,58.2385],[26.9299,58.2366],[26.9418,58.2364],[26.9429,58.2339],[26.9437,58.2335],[26.9516,58.2297],[26.9524,58.2316],[26.9545,58.2279],[26.9515,58.2259],[26.9511,58.2226],[26.9485,58.2222],[26.9483,58.2172],[26.9565,58.2182],[26.9555,58.2133],[26.9612,58.2111],[26.966,58.2114],[26.9759,58.2072],[26.9863,58.2091],[26.9863,58.2082],[27,58.2136],[27.008,58.2108],[27.0103,58.2117],[27.0103,58.2172]]],[[[26.182,58.2535],[26.1803,58.255],[26.1711,58.2547],[26.1701,58.2485],[26.1643,58.2474],[26.1555,58.2466],[26.1545,58.2433],[26.1483,58.2443],[26.1432,58.2408],[26.1441,58.2364],[26.1493,58.2318],[26.1563,58.236],[26.1629,58.2368],[26.1696,58.2345],[26.1692,58.2269],[26.1607,58.2231],[26.1603,58.2317],[26.1494,58.2314],[26.1468,58.2304],[26.1486,58.2279],[26.1469,58.225],[26.1509,58.2198],[26.15,58.2155],[26.1564,58.2142],[26.1547,58.2097],[26.1608,58.2143],[26.1574,58.2163],[26.1591,58.2189],[26.16,58.219],[26.1664,58.2222],[26.1764,58.2238],[26.1811,58.2268],[26.1919,58.2256],[26.199,58.229],[26.199,58.2294],[26.1853,58.2293],[26.181,58.2316],[26.18,58.2407],[26.176,58.2418],[26.1839,58.2482],[26.182,58.2535]]],[[[24.7453,58.2523],[24.7464,58.2518],[24.7495,58.2491],[24.7579,58.2499],[24.7609,58.251],[24.7648,58.2562],[24.7677,58.259],[24.7697,58.2698],[24.7619,58.2718],[24.7601,58.276],[24.7217,58.282],[24.7176,58.2981],[24.7125,58.3187],[24.7063,58.3209],[24.6999,58.3166],[24.701,58.314],[24.7023,58.3129],[24.703,58.311],[24.7022,58.3101],[24.7014,58.3103],[24.6963,58.3098],[24.6946,58.3099],[24.6938,58.3099],[24.6906,58.3084],[24.6899,58.307],[24.6935,58.3075],[24.6925,58.3062],[24.6898,58.3069],[24.6871,58.3033],[24.6921,58.3008],[24.6917,58.3004],[24.686,58.2995],[24.6922,58.2945],[24.6919,58.2933],[24.6904,58.2919],[24.6895,58.2893],[24.6881,58.2872],[24.6878,58.2872],[24.6831,58.2872],[24.6875,58.2828],[24.6781,58.2822],[24.6743,58.2874],[24.6736,58.2815],[24.6652,58.2814],[24.6643,58.2886],[24.6701,58.2901],[24.6715,58.2909],[24.6691,58.2919],[24.6644,58.2905],[24.6642,58.2906],[24.6627,58.2911],[24.6619,58.2923],[24.6618,58.2925],[24.6605,58.2928],[24.6478,58.291],[24.6478,58.2907],[24.6483,58.2903],[24.6479,58.2884],[24.6432,58.283],[24.6432,58.2829],[24.6433,58.2813],[24.6447,58.2737],[24.6461,58.2739],[24.6462,58.2736],[24.6456,58.273],[24.6458,58.2721],[24.6475,58.2706],[24.6477,58.2696],[24.6478,58.269],[24.6615,58.2697],[24.6616,58.2673],[24.6655,58.2701],[24.6779,58.2709],[24.679,58.271],[24.6748,58.2789],[24.6818,58.2819],[24.6885,58.2806],[24.689,58.2793],[24.6873,58.2776],[24.6876,58.2761],[24.6877,58.2749],[24.6878,58.2735],[24.6894,58.2731],[24.6879,58.2729],[24.6872,58.2749],[24.686,58.2753],[24.682,58.2712],[24.6818,58.2694],[24.6828,58.2695],[24.6864,58.2665],[24.6883,58.2675],[24.6885,58.2675],[24.6897,58.2665],[24.6922,58.2653],[24.6925,58.2652],[24.7044,58.2606],[24.7049,58.2658],[24.7192,58.2597],[24.7209,58.2592],[24.7271,58.262],[24.7312,58.2666],[24.7308,58.2703],[24.7367,58.2732],[24.7453,58.2657],[24.7351,58.2618],[24.7368,58.2609],[24.725,58.2592],[24.7388,58.2489],[24.7404,58.2468],[24.7437,58.2476],[24.7433,58.2526],[24.7453,58.2523]]],[[[21.953,58.2539],[21.9518,58.2536],[21.9488,58.2528],[21.9507,58.2489],[21.9597,58.2439],[21.9568,58.2398],[21.9756,58.2379],[21.9749,58.243],[21.9736,58.2453],[21.9813,58.2448],[21.9827,58.2455],[21.9789,58.2475],[21.9772,58.2538],[21.9678,58.2566],[21.9625,58.2627],[21.9598,58.2622],[21.9568,58.2607],[21.953,58.2539]]],[[[26.6397,58.2572],[26.6412,58.2567],[26.6447,58.2598],[26.6332,58.2634],[26.6321,58.264],[26.6213,58.2613],[26.6241,58.2537],[26.6152,58.2535],[26.6141,58.2531],[26.6136,58.253],[26.6129,58.2528],[26.6033,58.2542],[26.5954,58.2531],[26.5909,58.2547],[26.5885,58.2557],[26.5849,58.2552],[26.5859,58.2568],[26.5864,58.2578],[26.5858,58.259],[26.5875,58.2592],[26.5881,58.2591],[26.5884,58.2595],[26.5839,58.2587],[26.5824,58.2587],[26.5824,58.2603],[26.5821,58.2616],[26.5816,58.2618],[26.5801,58.2602],[26.5692,58.2584],[26.57,58.2563],[26.5728,58.2528],[26.5766,58.2485],[26.5858,58.2498],[26.5887,58.2489],[26.5897,58.2475],[26.5927,58.2466],[26.5947,58.2461],[26.5974,58.2432],[26.5876,58.2408],[26.5901,58.2363],[26.6197,58.2346],[26.6209,58.236],[26.6218,58.2367],[26.6221,58.2376],[26.622,58.238],[26.6243,58.2389],[26.6218,58.241],[26.621,58.242],[26.623,58.2428],[26.6259,58.2438],[26.6295,58.2447],[26.6365,58.2475],[26.6274,58.2501],[26.6158,58.2481],[26.6106,58.2473],[26.6079,58.2491],[26.6061,58.249],[26.605,58.2496],[26.6094,58.2506],[26.6147,58.2516],[26.6241,58.2524],[26.6328,58.2501],[26.6347,58.2536],[26.6337,58.254],[26.6344,58.2562],[26.6397,58.2572]]],[[[22.0937,58.2563],[22.0866,58.2601],[22.0845,58.2673],[22.0887,58.2691],[22.0846,58.2717],[22.0733,58.2765],[22.0737,58.2788],[22.0631,58.2817],[22.0576,58.2832],[22.051,58.2809],[22.0597,58.2783],[22.0652,58.2732],[22.0603,58.2708],[22.0514,58.2717],[22.0501,58.2762],[22.0454,58.2727],[22.0529,58.268],[22.0475,58.2649],[22.0477,58.2604],[22.0389,58.2587],[22.0338,58.2622],[22.0311,58.2681],[22.0236,58.2679],[22.0166,58.2652],[22.0115,58.2673],[22.02,58.2598],[22.0238,58.2507],[22.0323,58.255],[22.0357,58.2484],[22.0404,58.2462],[22.0418,58.2439],[22.0315,58.2416],[22.0379,58.2403],[22.043,58.2346],[22.0458,58.2323],[22.048,58.2281],[22.0557,58.2271],[22.0607,58.2231],[22.0751,58.222],[22.0747,58.2272],[22.0706,58.2288],[22.069,58.2308],[22.0576,58.2314],[22.0591,58.2353],[22.0662,58.2348],[22.0715,58.2338],[22.0801,58.2321],[22.0823,58.2323],[22.0831,58.2333],[22.0801,58.2349],[22.0705,58.2399],[22.0717,58.2436],[22.0681,58.2484],[22.0803,58.2439],[22.0847,58.2436],[22.0952,58.2435],[22.1049,58.2458],[22.1029,58.251],[22.0962,58.2552],[22.0937,58.2563]]],[[[27.0854,58.225],[27.0927,58.2232],[27.0917,58.228],[27.0874,58.2281],[27.0855,58.2346],[27.0912,58.236],[27.0904,58.2406],[27.0871,58.2494],[27.0743,58.2584],[27.0657,58.2658],[27.0605,58.2685],[27.064,58.2717],[27.0495,58.2747],[27.0488,58.2747],[27.0482,58.2722],[27.0375,58.2673],[27.0285,58.2672],[27.0299,58.2634],[27.0383,58.2632],[27.0394,58.2572],[27.0413,58.2572],[27.0433,58.2527],[27.0387,58.2563],[27.0328,58.2589],[27.0219,58.2567],[27.015,58.2597],[27.0071,58.2575],[27.0056,58.2577],[27.0058,58.2519],[27.0074,58.2508],[27.0177,58.2516],[27.0188,58.2504],[27.0234,58.2498],[27.0262,58.2472],[27.0249,58.2392],[27.0137,58.2357],[27.0093,58.231],[27.0115,58.2312],[27.0171,58.2356],[27.0284,58.2381],[27.0297,58.241],[27.0383,58.2417],[27.0405,58.2384],[27.035,58.2353],[27.0313,58.2332],[27.038,58.2305],[27.0432,58.2302],[27.0501,58.2261],[27.0542,58.2223],[27.0538,58.2218],[27.0576,58.2207],[27.0688,58.2225],[27.0693,58.218],[27.0716,58.2167],[27.0767,58.2185],[27.0892,58.2082],[27.0953,58.2045],[27.1044,58.2028],[27.1013,58.2075],[27.0897,58.2124],[27.1003,58.2132],[27.1008,58.218],[27.093,58.2218],[27.0723,58.2204],[27.0725,58.224],[27.0801,58.2225],[27.0854,58.225]]],[[[26.6826,58.2779],[26.6927,58.2794],[26.6927,58.2815],[26.6914,58.2821],[26.683,58.2856],[26.6823,58.2872],[26.672,58.2871],[26.6701,58.2881],[26.6788,58.2945],[26.6759,58.2959],[26.6787,58.2986],[26.6674,58.3014],[26.6587,58.3002],[26.6553,58.3026],[26.6456,58.3074],[26.6393,58.3029],[26.6384,58.3006],[26.6426,58.2939],[26.6376,58.2933],[26.6318,58.2912],[26.6305,58.2867],[26.6214,58.2898],[26.6101,58.2966],[26.607,58.3015],[26.6127,58.3048],[26.6145,58.3076],[26.6181,58.3101],[26.6144,58.3106],[26.6126,58.3117],[26.6127,58.3124],[26.6041,58.3121],[26.5951,58.303],[26.5954,58.3003],[26.5968,58.2987],[26.5972,58.2986],[26.5967,58.2971],[26.598,58.292],[26.5987,58.2912],[26.6083,58.2927],[26.6106,58.2879],[26.6156,58.2834],[26.6164,58.2834],[26.6216,58.2757],[26.6234,58.2758],[26.6257,58.2777],[26.6314,58.2815],[26.6359,58.2821],[26.6361,58.2829],[26.647,58.2852],[26.65,58.2896],[26.6598,58.2926],[26.6616,58.2851],[26.6715,58.2794],[26.6795,58.2788],[26.6786,58.2742],[26.6707,58.2727],[26.6719,58.2693],[26.6837,58.271],[26.6826,58.2779]]],[[[22.9174,58.3531],[22.9161,58.3527],[22.9139,58.3526],[22.9175,58.3501],[22.916,58.3491],[22.9073,58.352],[22.9096,58.3531],[22.9086,58.3534],[22.9015,58.3541],[22.8997,58.3523],[22.8932,58.3576],[22.8897,58.3608],[22.8864,58.3611],[22.885,58.3609],[22.8833,58.3625],[22.8801,58.3621],[22.8835,58.3598],[22.8839,58.3598],[22.8896,58.357],[22.8826,58.3522],[22.8815,58.3491],[22.8799,58.3484],[22.8815,58.3463],[22.8849,58.3464],[22.8999,58.3495],[22.9023,58.3494],[22.9028,58.3485],[22.9005,58.3391],[22.9078,58.3379],[22.9099,58.3332],[22.903,58.3369],[22.8957,58.3381],[22.883,58.3362],[22.8797,58.338],[22.8766,58.3385],[22.8861,58.3314],[22.8823,58.3277],[22.8858,58.3206],[22.8956,58.3253],[22.9028,58.3253],[22.9076,58.3259],[22.9179,58.3331],[22.9183,58.3351],[22.9217,58.3419],[22.927,58.3434],[22.9284,58.3476],[22.9224,58.3488],[22.9174,58.3531]]],[[[22.4142,58.3302],[22.4103,58.3319],[22.4089,58.3378],[22.4033,58.3381],[22.3996,58.3395],[22.3855,58.3404],[22.3774,58.3374],[22.3839,58.3277],[22.3861,58.327],[22.3925,58.3306],[22.3955,58.3315],[22.4013,58.3312],[22.4057,58.327],[22.4097,58.3263],[22.4142,58.3302]]],[[[21.8963,58.3261],[21.8899,58.3218],[21.9029,58.3168],[21.9112,58.312],[21.916,58.3151],[21.9266,58.3179],[21.9209,58.3229],[21.9137,58.3241],[21.9182,58.3292],[21.9093,58.3341],[21.9044,58.3299],[21.9098,58.325],[21.8963,58.3261]]],[[[26.4979,58.3276],[26.5046,58.3235],[26.5036,58.323],[26.5065,58.3218],[26.5144,58.3197],[26.5257,58.324],[26.5343,58.3272],[26.5377,58.329],[26.5332,58.3343],[26.5342,58.3369],[26.5467,58.3355],[26.5473,58.3296],[26.5525,58.3324],[26.5619,58.333],[26.5635,58.3389],[26.5717,58.3396],[26.5736,58.3345],[26.5837,58.3326],[26.584,58.3323],[26.5839,58.3326],[26.5838,58.3337],[26.5918,58.3336],[26.588,58.3351],[26.5908,58.3351],[26.5965,58.3354],[26.5985,58.3352],[26.6003,58.3371],[26.6013,58.3385],[26.6038,58.3394],[26.6048,58.3406],[26.6048,58.3419],[26.606,58.3449],[26.603,58.3515],[26.5991,58.3503],[26.5988,58.35],[26.6031,58.3483],[26.6017,58.344],[26.5989,58.3412],[26.59,58.3446],[26.5733,58.3458],[26.5694,58.3425],[26.5616,58.3411],[26.5573,58.3443],[26.546,58.345],[26.5297,58.3391],[26.5197,58.3383],[26.5225,58.3428],[26.514,58.3457],[26.5134,58.3456],[26.514,58.3376],[26.5062,58.3327],[26.5014,58.3326],[26.5052,58.3396],[26.5032,58.3432],[26.4957,58.344],[26.4991,58.3331],[26.4827,58.3378],[26.4837,58.3397],[26.4853,58.3445],[26.4828,58.3445],[26.472,58.3362],[26.4673,58.3385],[26.4653,58.3451],[26.4613,58.3451],[26.4635,58.3375],[26.4682,58.3342],[26.4664,58.3254],[26.4678,58.3216],[26.4572,58.3198],[26.4499,58.3147],[26.4496,58.31],[26.4433,58.3041],[26.4415,58.2995],[26.4459,58.3007],[26.4523,58.3115],[26.4577,58.3153],[26.4724,58.317],[26.462,58.3137],[26.4624,58.3085],[26.4527,58.3053],[26.4535,58.3026],[26.4586,58.3053],[26.4654,58.3045],[26.4703,58.3052],[26.4827,58.3088],[26.4855,58.3097],[26.4838,58.3158],[26.4805,58.3194],[26.4775,58.3198],[26.4745,58.3242],[26.4818,58.329],[26.4874,58.3282],[26.4979,58.3276]]],[[[25.9073,58.353],[25.9124,58.3544],[25.9133,58.3543],[25.9167,58.3537],[25.9161,58.3529],[25.9243,58.35],[25.9301,58.3457],[25.9409,58.3497],[25.9477,58.3495],[25.942,58.3484],[25.9372,58.3403],[25.9601,58.345],[25.9654,58.3514],[25.9576,58.3553],[25.9385,58.3521],[25.9371,58.3565],[25.9483,58.358],[25.9468,58.3616],[25.9329,58.3572],[25.9268,58.3604],[25.9235,58.362],[25.9173,58.3627],[25.9207,58.3678],[25.9357,58.3707],[25.9389,58.3768],[25.9348,58.3831],[25.9276,58.3832],[25.9304,58.3881],[25.9162,58.394],[25.9164,58.3931],[25.9168,58.3891],[25.9123,58.387],[25.9156,58.3829],[25.9181,58.379],[25.9103,58.3794],[25.9013,58.3771],[25.8923,58.3808],[25.8899,58.3844],[25.8848,58.3837],[25.8867,58.3801],[25.8969,58.3711],[25.8999,58.3667],[25.8894,58.3649],[25.887,58.3724],[25.8827,58.3824],[25.8767,58.3842],[25.8755,58.3852],[25.8709,58.3873],[25.8637,58.3833],[25.866,58.3794],[25.8618,58.3711],[25.8661,58.3691],[25.8652,58.3629],[25.875,58.365],[25.8713,58.3586],[25.8763,58.3576],[25.8721,58.3522],[25.8687,58.3543],[25.8614,58.3544],[25.8613,58.3648],[25.8545,58.3634],[25.8528,58.3694],[25.8507,58.3736],[25.8449,58.3744],[25.8386,58.3685],[25.8393,58.3658],[25.8396,58.3643],[25.8404,58.3596],[25.8334,58.3591],[25.8293,58.3651],[25.8342,58.3682],[25.8315,58.3782],[25.8248,58.3819],[25.8213,58.3774],[25.8163,58.3763],[25.8097,58.3865],[25.8059,58.3874],[25.8048,58.3815],[25.8067,58.3744],[25.8159,58.3715],[25.8178,58.3657],[25.8188,58.363],[25.8183,58.3614],[25.8201,58.35],[25.8099,58.361],[25.8041,58.3728],[25.7932,58.3734],[25.7878,58.3715],[25.7882,58.3659],[25.799,58.3671],[25.8019,58.3544],[25.8057,58.3542],[25.8094,58.3479],[25.8065,58.3326],[25.8015,58.3273],[25.8049,58.3269],[25.8109,58.3282],[25.8146,58.3216],[25.8202,58.3216],[25.8219,58.3305],[25.8267,58.3273],[25.8315,58.3193],[25.836,58.3193],[25.8373,58.3212],[25.8407,58.3212],[25.8411,58.3212],[25.8411,58.3231],[25.8496,58.3218],[25.8494,58.3188],[25.8494,58.3187],[25.8561,58.3157],[25.8588,58.3138],[25.8601,58.3166],[25.8593,58.3184],[25.8605,58.3218],[25.8612,58.3219],[25.8614,58.3272],[25.8619,58.3281],[25.8624,58.3295],[25.8639,58.3308],[25.8647,58.3315],[25.8646,58.332],[25.8679,58.3322],[25.8676,58.3315],[25.8689,58.3313],[25.8711,58.3261],[25.8661,58.32],[25.8663,58.3163],[25.8702,58.31],[25.8757,58.3094],[25.8761,58.3111],[25.8758,58.3115],[25.878,58.3113],[25.8784,58.3112],[25.8805,58.3133],[25.8794,58.3133],[25.8781,58.3132],[25.8804,58.3203],[25.8829,58.3202],[25.8845,58.3263],[25.8801,58.3334],[25.8773,58.3413],[25.881,58.3488],[25.8856,58.3476],[25.8907,58.3484],[25.8953,58.3419],[25.8975,58.3421],[25.899,58.3423],[25.9048,58.3381],[25.9091,58.3399],[25.9202,58.3341],[25.9301,58.3377],[25.9375,58.3371],[25.933,58.3412],[25.9233,58.3433],[25.9073,58.353]]],[[[27.0731,58.3246],[27.0736,58.3324],[27.065,58.3327],[27.059,58.337],[27.0561,58.3383],[27.0546,58.3464],[27.0623,58.3509],[27.0546,58.3557],[27.0559,58.3502],[27.0483,58.3496],[27.0389,58.3515],[27.038,58.3482],[27.0273,58.3481],[27.0226,58.3453],[27.0311,58.3428],[27.028,58.3386],[27.0317,58.3363],[27.0245,58.3323],[27.0408,58.3305],[27.0339,58.3274],[27.0194,58.3243],[27.025,58.3214],[27.0336,58.3217],[27.0401,58.324],[27.0498,58.3207],[27.0522,58.3203],[27.0553,58.3299],[27.0655,58.3312],[27.0589,58.3294],[27.0548,58.3201],[27.0583,58.3195],[27.0705,58.32],[27.0728,58.3232],[27.0731,58.3246]]],[[[25.3419,58.3676],[25.3368,58.3654],[25.3495,58.3631],[25.3509,58.3602],[25.3428,58.3611],[25.3379,58.3596],[25.3387,58.3549],[25.3405,58.3482],[25.3441,58.3482],[25.3502,58.3467],[25.3485,58.3453],[25.3527,58.3416],[25.3644,58.3352],[25.356,58.3346],[25.3452,58.3325],[25.3459,58.327],[25.3492,58.3232],[25.3598,58.3285],[25.366,58.3301],[25.379,58.3335],[25.3906,58.3365],[25.3925,58.3413],[25.3916,58.3413],[25.3875,58.3498],[25.3859,58.3518],[25.3843,58.3523],[25.3833,58.3513],[25.384,58.3506],[25.3832,58.3454],[25.3741,58.3444],[25.37,58.3391],[25.3597,58.3415],[25.3693,58.3473],[25.3763,58.3476],[25.3728,58.3499],[25.3721,58.3506],[25.3724,58.3511],[25.3724,58.3532],[25.3736,58.3533],[25.3784,58.3537],[25.3821,58.3543],[25.3794,58.3571],[25.3678,58.3551],[25.3605,58.3545],[25.3571,58.3584],[25.3613,58.3636],[25.3644,58.3684],[25.3595,58.3671],[25.3481,58.3719],[25.3522,58.3734],[25.3484,58.3736],[25.3419,58.3676]]],[[[26.8564,58.3304],[26.8777,58.3344],[26.8793,58.3369],[26.8934,58.3386],[26.892,58.3351],[26.8847,58.3334],[26.8835,58.3331],[26.8842,58.3319],[26.8854,58.3307],[26.8875,58.3252],[26.8931,58.3271],[26.9073,58.3234],[26.8993,58.3205],[26.8968,58.3171],[26.9002,58.3173],[26.902,58.32],[26.9121,58.32],[26.9187,58.3164],[26.9259,58.3172],[26.925,58.3179],[26.9293,58.3191],[26.932,58.3209],[26.9256,58.3241],[26.9198,58.3211],[26.92,58.3208],[26.9179,58.32],[26.9174,58.3203],[26.9194,58.3212],[26.9172,58.3254],[26.9191,58.3248],[26.9199,58.3246],[26.925,58.3243],[26.9208,58.3277],[26.9187,58.3271],[26.9145,58.3271],[26.9142,58.3289],[26.9139,58.3306],[26.9134,58.3312],[26.91,58.3316],[26.9098,58.3321],[26.9082,58.3353],[26.9187,58.3383],[26.9189,58.3383],[26.9276,58.3406],[26.929,58.3417],[26.9303,58.3424],[26.9314,58.3435],[26.9294,58.3437],[26.9263,58.3431],[26.924,58.3431],[26.9183,58.3408],[26.9183,58.3413],[26.9164,58.3414],[26.9157,58.341],[26.9166,58.3406],[26.9161,58.3403],[26.9076,58.343],[26.8997,58.3456],[26.8867,58.345],[26.8859,58.3468],[26.8761,58.347],[26.8555,58.3433],[26.8571,58.3414],[26.858,58.339],[26.8476,58.3359],[26.8455,58.3388],[26.838,58.3347],[26.8372,58.3305],[26.8366,58.33],[26.8356,58.329],[26.8391,58.3272],[26.8431,58.3274],[26.8517,58.3251],[26.8522,58.3205],[26.8604,58.318],[26.8662,58.3204],[26.8604,58.324],[26.8522,58.3264],[26.8495,58.3299],[26.8564,58.3304]]],[[[23.0056,58.3782],[22.9922,58.3803],[22.9857,58.3762],[22.9945,58.3695],[22.9953,58.3693],[23.004,58.3675],[22.9986,58.3633],[23.0048,58.3617],[23.0226,58.3696],[23.0252,58.3756],[23.0223,58.3803],[23.0192,58.3807],[23.0056,58.3782]]],[[[26.2084,58.373],[26.2092,58.3654],[26.21,58.3644],[26.2092,58.3591],[26.2045,58.3597],[26.2026,58.363],[26.1997,58.365],[26.1957,58.3675],[26.1925,58.3686],[26.1822,58.3682],[26.1816,58.3651],[26.1876,58.3643],[26.1932,58.3594],[26.1892,58.3557],[26.1949,58.3551],[26.2019,58.3452],[26.2132,58.3428],[26.2177,58.3437],[26.2221,58.3482],[26.2324,58.3502],[26.2309,58.3531],[26.238,58.3564],[26.239,58.3591],[26.2353,58.3641],[26.2505,58.3637],[26.2367,58.3669],[26.2424,58.3743],[26.2423,58.3746],[26.2345,58.3688],[26.2264,58.3682],[26.2198,58.3711],[26.2084,58.373]]],[[[25.4387,58.3918],[25.436,58.3962],[25.4254,58.4012],[25.4256,58.4042],[25.4185,58.4053],[25.4146,58.4033],[25.4158,58.3957],[25.4213,58.3929],[25.421,58.3892],[25.4469,58.3774],[25.4579,58.3756],[25.4596,58.3799],[25.4538,58.3821],[25.456,58.386],[25.4505,58.3927],[25.4442,58.3893],[25.4387,58.3918]]],[[[21.8574,58.3802],[21.8654,58.3835],[21.8544,58.3881],[21.8465,58.3882],[21.828,58.3845],[21.8244,58.3813],[21.827,58.3815],[21.8277,58.3809],[21.8281,58.3802],[21.8402,58.3789],[21.8574,58.3802]]],[[[22.0264,58.3765],[22.0352,58.3747],[22.0422,58.3755],[22.0344,58.3829],[22.032,58.383],[22.0209,58.387],[22.0196,58.3916],[22.0171,58.3933],[22.0118,58.3944],[22.0108,58.3951],[22.0133,58.4007],[22.0067,58.3995],[21.9988,58.3949],[22.001,58.4019],[21.9814,58.4054],[21.9847,58.409],[21.9834,58.4111],[21.9691,58.413],[21.9592,58.4111],[21.9568,58.4082],[21.9685,58.4067],[21.9729,58.4025],[21.9807,58.4023],[21.9976,58.395],[21.9924,58.3931],[21.9937,58.3868],[21.9975,58.3845],[21.9996,58.3758],[22.0105,58.3753],[22.0218,58.3675],[22.0226,58.3682],[22.0264,58.3765]]],[[[24.3157,58.4334],[24.3158,58.4333],[24.3141,58.4322],[24.3056,58.4315],[24.305,58.4309],[24.3042,58.4302],[24.3111,58.4306],[24.31,58.4299],[24.3086,58.4291],[24.3104,58.4278],[24.3123,58.4266],[24.3148,58.4309],[24.3167,58.431],[24.3181,58.4314],[24.3193,58.4308],[24.3176,58.4307],[24.3179,58.4301],[24.3195,58.4293],[24.3189,58.426],[24.3196,58.4244],[24.3231,58.4241],[24.3248,58.4244],[24.3239,58.4256],[24.3195,58.4272],[24.3209,58.4272],[24.3244,58.4273],[24.326,58.4238],[24.3752,58.4302],[24.3753,58.4302],[24.3684,58.4342],[24.373,58.4373],[24.3841,58.4369],[24.3845,58.4374],[24.3862,58.4371],[24.3865,58.4386],[24.3856,58.4404],[24.3849,58.4426],[24.3817,58.4435],[24.3816,58.4436],[24.3832,58.4432],[24.3892,58.4451],[24.3896,58.445],[24.3895,58.4461],[24.3882,58.4462],[24.3853,58.447],[24.3829,58.4478],[24.3767,58.4483],[24.3727,58.4504],[24.3666,58.4512],[24.3567,58.4491],[24.35,58.4458],[24.3417,58.4462],[24.3287,58.4445],[24.3322,58.4424],[24.3261,58.4382],[24.32,58.4374],[24.3176,58.4338],[24.3157,58.4334]]],[[[27.0266,58.4092],[27.0301,58.4123],[27.0328,58.4178],[27.0263,58.4124],[27.0209,58.4139],[27.0153,58.4099],[27.0101,58.4121],[27.016,58.4168],[27.0153,58.4174],[27.0177,58.4186],[27.0199,58.4198],[27.0223,58.4198],[27.0284,58.4196],[27.0341,58.4196],[27.0336,58.4189],[27.0418,58.4194],[27.0526,58.4175],[27.051,58.4133],[27.0509,58.4123],[27.055,58.4123],[27.0568,58.4113],[27.0569,58.4111],[27.0605,58.4156],[27.0606,58.4223],[27.0601,58.4224],[27.0581,58.4226],[27.0558,58.4219],[27.0554,58.4248],[27.0553,58.4249],[27.0444,58.4229],[27.0434,58.4235],[27.0423,58.4251],[27.0526,58.426],[27.0552,58.4274],[27.0552,58.4315],[27.0479,58.4337],[27.0474,58.4336],[27.0473,58.4335],[27.0456,58.4336],[27.0458,58.4345],[27.052,58.4369],[27.0525,58.437],[27.0565,58.4365],[27.0555,58.4516],[27.0538,58.4519],[27.045,58.4529],[27.0505,58.4543],[27.0534,58.4644],[27.0558,58.4665],[27.0561,58.4667],[27.0664,58.4694],[27.0662,58.4707],[27.0608,58.4722],[27.0646,58.4735],[27.0608,58.4786],[27.0548,58.4808],[27.0547,58.4857],[27.0564,58.4863],[27.0564,58.487],[27.0469,58.4884],[27.0418,58.4883],[27.0471,58.494],[27.0495,58.4995],[27.0504,58.5003],[27.0503,58.5013],[27.0498,58.5017],[27.0549,58.5028],[27.0537,58.5034],[27.0524,58.5047],[27.0601,58.5059],[27.0638,58.5061],[27.0649,58.5112],[27.0642,58.516],[27.0565,58.5184],[27.0575,58.5145],[27.0478,58.5111],[27.0474,58.5054],[27.044,58.5119],[27.0386,58.5123],[27.0304,58.5084],[27.0384,58.5059],[27.0406,58.5023],[27.0346,58.4959],[27.0378,58.4913],[27.0335,58.4852],[27.0322,58.4849],[27.0323,58.4823],[27.0471,58.4814],[27.0459,58.4814],[27.0286,58.478],[27.0332,58.472],[27.0318,58.4691],[27.0221,58.4679],[27.026,58.4657],[27.035,58.4667],[27.0454,58.4557],[27.04,58.4577],[27.0307,58.4564],[27.0148,58.4555],[27.0116,58.4582],[27.0167,58.4601],[27.014,58.4655],[27.0142,58.471],[27.0105,58.4687],[27.0095,58.4694],[27.0101,58.4727],[27.0032,58.4819],[26.9999,58.4857],[26.9958,58.4879],[26.995,58.4871],[26.9915,58.4829],[26.9919,58.4729],[26.9886,58.471],[26.9786,58.4688],[26.9885,58.4689],[26.9888,58.4689],[26.9912,58.4677],[26.9906,58.4656],[27.0068,58.4675],[27.0053,58.4644],[27.003,58.4654],[26.9979,58.4645],[26.9959,58.4638],[26.9989,58.4555],[26.987,58.4534],[26.9807,58.454],[26.9762,58.4525],[26.9704,58.4533],[26.9642,58.4484],[26.951,58.4457],[26.9503,58.4435],[26.9519,58.4412],[26.9544,58.4407],[26.9553,58.4453],[26.9645,58.4433],[26.9716,58.4507],[26.9797,58.4491],[26.9887,58.4505],[26.9918,58.4472],[26.9955,58.4483],[26.9956,58.4483],[26.9983,58.4497],[26.9986,58.4535],[27.001,58.4491],[27.0013,58.4484],[27.0041,58.4475],[27.0192,58.4456],[27.0318,58.4427],[27.0341,58.4397],[27.0273,58.4373],[27.0203,58.4311],[27.0065,58.4298],[27.0096,58.4276],[27.0062,58.4263],[27.0095,58.4195],[27.0037,58.4195],[27.0027,58.4179],[26.9828,58.4146],[26.982,58.4143],[26.9897,58.41],[26.9908,58.4112],[26.9937,58.412],[26.9939,58.4129],[26.9954,58.4128],[27.0061,58.4117],[27.006,58.4124],[27.005,58.413],[27.0059,58.4136],[27.0053,58.4148],[27.0067,58.4143],[27.0068,58.4142],[27.0061,58.4135],[27.0055,58.4131],[27.0061,58.4124],[27.0073,58.4114],[27.0064,58.41],[27.0044,58.4096],[26.99,58.4092],[26.9808,58.4086],[26.9827,58.4077],[26.9866,58.4065],[26.9869,58.4063],[26.9903,58.4081],[27.0097,58.4066],[27.0184,58.4059],[27.0264,58.4047],[27.0325,58.4041],[27.0285,58.4007],[27.0285,58.4006],[27.0296,58.4008],[27.0334,58.4016],[27.0397,58.3959],[27.0438,58.3978],[27.0444,58.3988],[27.0439,58.3998],[27.0537,58.4036],[27.0542,58.4038],[27.058,58.4061],[27.0421,58.4072],[27.0423,58.4091],[27.0302,58.4118],[27.0266,58.4092]]],[[[25.9668,58.4916],[25.9714,58.4875],[25.9753,58.4913],[25.9689,58.4997],[25.9648,58.5031],[25.9604,58.5042],[25.9414,58.518],[25.9314,58.5233],[25.9374,58.5182],[25.9279,58.5181],[25.9189,58.5264],[25.9203,58.5303],[25.9024,58.5466],[25.8976,58.5471],[25.9017,58.5438],[25.8976,58.5402],[25.9064,58.539],[25.9149,58.5291],[25.9116,58.5275],[25.9062,58.5294],[25.9001,58.536],[25.8928,58.532],[25.8955,58.5298],[25.9022,58.5315],[25.9049,58.5273],[25.9149,58.5241],[25.9093,58.5211],[25.8974,58.5275],[25.8957,58.5272],[25.9064,58.5183],[25.9178,58.5149],[25.9141,58.5088],[25.9241,58.5022],[25.9287,58.4987],[25.9243,58.4961],[25.9307,58.4899],[25.9423,58.4902],[25.9459,58.4852],[25.9546,58.4796],[25.963,58.4776],[25.9641,58.4835],[25.9606,58.4849],[25.9562,58.482],[25.9496,58.4858],[25.9533,58.4895],[25.9606,58.4851],[25.9521,58.4921],[25.9566,58.4939],[25.9721,58.4805],[25.9729,58.4798],[25.9763,58.4811],[25.9711,58.486],[25.9603,58.4937],[25.9604,58.4968],[25.9627,58.4948],[25.9668,58.4916]]],[[[26.5561,58.5018],[26.5544,58.5052],[26.5681,58.4997],[26.5684,58.5037],[26.5813,58.5043],[26.5857,58.503],[26.5818,58.5009],[26.5913,58.4969],[26.5818,58.4953],[26.5911,58.4939],[26.5972,58.497],[26.5879,58.502],[26.5972,58.5074],[26.5892,58.5047],[26.581,58.5066],[26.5753,58.5124],[26.5709,58.5061],[26.5613,58.5052],[26.559,58.5099],[26.5609,58.5159],[26.5567,58.5175],[26.5476,58.5094],[26.5439,58.5112],[26.5335,58.5117],[26.5276,58.5184],[26.5393,58.5174],[26.5422,58.514],[26.5432,58.5221],[26.552,58.5236],[26.5656,58.5227],[26.5683,58.5227],[26.569,58.528],[26.5787,58.5304],[26.5799,58.5341],[26.5726,58.5383],[26.5686,58.541],[26.5666,58.5423],[26.5666,58.5424],[26.5683,58.5433],[26.5685,58.5433],[26.571,58.5416],[26.5711,58.5416],[26.5716,58.5413],[26.5725,58.5407],[26.5808,58.5394],[26.5782,58.5401],[26.5776,58.5404],[26.5742,58.5428],[26.5739,58.5431],[26.5734,58.5435],[26.5732,58.5437],[26.573,58.5438],[26.5725,58.5442],[26.5723,58.5443],[26.5721,58.5445],[26.5708,58.5441],[26.5684,58.5457],[26.5682,58.5459],[26.5677,58.5457],[26.5674,58.5456],[26.5663,58.5463],[26.5652,58.547],[26.5651,58.5471],[26.5607,58.5497],[26.5605,58.5499],[26.5597,58.5506],[26.5584,58.5522],[26.5558,58.5516],[26.5529,58.5523],[26.5528,58.5523],[26.551,58.553],[26.5505,58.5532],[26.5473,58.5546],[26.547,58.5548],[26.546,58.5551],[26.5489,58.5496],[26.5496,58.5498],[26.5544,58.5496],[26.5557,58.5484],[26.5559,58.5477],[26.5519,58.5465],[26.5536,58.5454],[26.557,58.5434],[26.5593,58.542],[26.5625,58.5401],[26.5628,58.54],[26.5667,58.5377],[26.5647,58.5342],[26.5623,58.53],[26.5518,58.5344],[26.56,58.5369],[26.5582,58.5381],[26.5584,58.5385],[26.5537,58.5422],[26.549,58.545],[26.5354,58.5468],[26.5138,58.5454],[26.5075,58.5488],[26.5203,58.5586],[26.5079,58.5639],[26.4946,58.5624],[26.4856,58.5614],[26.4884,58.5574],[26.4868,58.5549],[26.4815,58.5522],[26.4721,58.5455],[26.4769,58.5429],[26.4786,58.542],[26.4975,58.5341],[26.489,58.5294],[26.482,58.5289],[26.4721,58.5333],[26.4726,58.5356],[26.4685,58.5349],[26.4664,58.535],[26.4627,58.5325],[26.4514,58.5342],[26.4333,58.5259],[26.4256,58.5237],[26.4194,58.5074],[26.421,58.4987],[26.425,58.4989],[26.4254,58.4942],[26.4216,58.496],[26.42,58.4962],[26.4168,58.4904],[26.4147,58.4899],[26.4082,58.4847],[26.4121,58.4817],[26.4126,58.4813],[26.4173,58.4832],[26.4237,58.4823],[26.419,58.4762],[26.4308,58.4636],[26.445,58.4654],[26.4482,58.4681],[26.4491,58.4695],[26.4589,58.4722],[26.4595,58.4681],[26.4554,58.4643],[26.4598,58.4645],[26.4748,58.4606],[26.4727,58.46],[26.4808,58.4576],[26.4828,58.4525],[26.4916,58.4554],[26.4976,58.4512],[26.4822,58.4451],[26.4792,58.4463],[26.4808,58.4495],[26.478,58.4499],[26.4724,58.444],[26.4728,58.4434],[26.4747,58.44],[26.4747,58.4399],[26.4814,58.4399],[26.4835,58.4399],[26.494,58.4456],[26.5023,58.4467],[26.5165,58.4519],[26.515,58.4568],[26.5092,58.4623],[26.5186,58.4628],[26.5143,58.4698],[26.5007,58.4715],[26.5121,58.4751],[26.5265,58.477],[26.5434,58.4722],[26.5582,58.4724],[26.5583,58.4704],[26.5571,58.4691],[26.5648,58.4731],[26.5775,58.4774],[26.5801,58.479],[26.5894,58.4819],[26.6007,58.4803],[26.6114,58.4791],[26.6136,58.4801],[26.6086,58.482],[26.5924,58.4862],[26.5921,58.4891],[26.5836,58.4919],[26.5722,58.492],[26.5645,58.4957],[26.5607,58.5015],[26.5561,58.5018]]],[[[25.5267,58.5245],[25.5363,58.5243],[25.5416,58.5272],[25.5435,58.5347],[25.5313,58.5357],[25.5245,58.5381],[25.5188,58.5368],[25.5172,58.5373],[25.5158,58.5377],[25.5149,58.5391],[25.5131,58.539],[25.5115,58.537],[25.5067,58.5292],[25.5195,58.528],[25.5267,58.5245]]],[[[22.2251,58.5286],[22.2307,58.5316],[22.2311,58.5383],[22.2214,58.5437],[22.2094,58.5457],[22.1997,58.5421],[22.1965,58.5337],[22.2035,58.5283],[22.205,58.5245],[22.2067,58.5248],[22.2156,58.5297],[22.2251,58.5286]]],[[[24.9755,58.5667],[24.9801,58.5711],[24.9776,58.5739],[24.9885,58.5765],[24.9905,58.5807],[24.9816,58.5839],[24.9788,58.5866],[24.9717,58.5874],[24.9706,58.5912],[24.9661,58.5867],[24.9555,58.5822],[24.9559,58.5764],[24.9488,58.5747],[24.9581,58.5725],[24.9581,58.578],[24.9667,58.5767],[24.9676,58.5705],[24.9755,58.5667]]],[[[24.4413,58.6279],[24.4575,58.6264],[24.4609,58.6289],[24.4604,58.6291],[24.4467,58.6365],[24.4422,58.6439],[24.4422,58.6438],[24.439,58.638],[24.4333,58.6389],[24.4364,58.6442],[24.4367,58.6444],[24.436,58.6463],[24.4193,58.6455],[24.4177,58.639],[24.4266,58.638],[24.4257,58.6355],[24.4314,58.6282],[24.4413,58.6279]]],[[[24.999,58.6661],[25.0126,58.6703],[25.0123,58.6704],[25.0008,58.6707],[25.0041,58.6782],[24.9931,58.6799],[24.988,58.6832],[24.9843,58.6832],[24.9877,58.6867],[24.9878,58.6866],[24.9885,58.6863],[24.9887,58.6864],[24.9885,58.6868],[24.9862,58.6888],[24.9864,58.6888],[24.9884,58.6938],[24.9946,58.6893],[25.0064,58.6847],[25.0081,58.684],[25.0155,58.6801],[25.016,58.6789],[25.0163,58.679],[25.0192,58.6769],[25.0292,58.6748],[25.0273,58.6785],[25.0287,58.6872],[25.0329,58.6906],[25.0342,58.6911],[25.0331,58.6932],[25.0108,58.6901],[25.0318,58.6939],[25.0307,58.6959],[25.0294,58.699],[25.0206,58.7012],[25.0202,58.7013],[25.02,58.7015],[25.019,58.7062],[25.0129,58.7093],[25.0126,58.7094],[25.0101,58.7101],[25.0086,58.709],[25.0078,58.7082],[25.0079,58.7082],[25.0027,58.7037],[25.0081,58.703],[25.009,58.6969],[25.0027,58.6978],[24.9902,58.6972],[24.9882,58.6994],[24.9905,58.7014],[25,58.7083],[25.0053,58.7085],[25.0131,58.7145],[25.0182,58.715],[25.0187,58.7153],[25.0224,58.7121],[25.0217,58.7113],[25.0226,58.7101],[25.0234,58.7099],[25.0239,58.7086],[25.0241,58.708],[25.0252,58.7077],[25.0256,58.7076],[25.0268,58.7079],[25.0288,58.7068],[25.0289,58.7062],[25.029,58.706],[25.0361,58.7073],[25.0376,58.7078],[25.0399,58.7085],[25.0466,58.7105],[25.0646,58.7087],[25.0673,58.7181],[25.0496,58.7327],[25.0439,58.7431],[25.0378,58.7459],[25.0237,58.7569],[25.0081,58.7583],[24.9873,58.7706],[24.9829,58.7702],[24.9775,58.7657],[24.9784,58.7617],[24.9776,58.7611],[24.9782,58.76],[24.9782,58.7599],[24.9778,58.7594],[24.9782,58.7581],[24.9696,58.755],[24.9661,58.7508],[24.9658,58.7507],[24.9663,58.7505],[24.9622,58.748],[24.9496,58.7499],[24.9511,58.7486],[24.9487,58.7449],[24.9486,58.7449],[24.9481,58.7436],[24.9474,58.7416],[24.9477,58.7389],[24.9594,58.739],[24.9598,58.7384],[24.9581,58.7357],[24.9576,58.7357],[24.9524,58.7354],[24.948,58.7274],[24.9511,58.7271],[24.9508,58.7199],[24.9499,58.7183],[24.9497,58.7145],[24.9458,58.7082],[24.9446,58.7072],[24.9494,58.702],[24.9491,58.6976],[24.9519,58.6977],[24.9524,58.6974],[24.954,58.6949],[24.9542,58.6948],[24.9477,58.69],[24.9465,58.6839],[24.9472,58.6797],[24.9475,58.6797],[24.9524,58.6796],[24.9588,58.6823],[24.9643,58.6797],[24.9659,58.6789],[24.9744,58.679],[24.98,58.6824],[24.9826,58.6805],[24.9782,58.6682],[24.9713,58.6644],[24.9737,58.6595],[24.9699,58.6583],[24.9596,58.6576],[24.9651,58.656],[24.9593,58.6518],[24.964,58.6478],[24.9637,58.6434],[24.9719,58.6426],[24.9774,58.6362],[24.9843,58.6363],[24.9823,58.6392],[24.9767,58.6399],[24.978,58.6447],[24.9715,58.6476],[24.9738,58.6517],[24.983,58.6534],[24.9842,58.6574],[24.9916,58.6583],[24.9938,58.6555],[24.9973,58.6535],[25.0041,58.6562],[25.0034,58.6616],[24.999,58.6661]],[[24.9813,58.7442],[24.9794,58.7481],[24.9885,58.7546],[25.0005,58.7578],[25.0208,58.7553],[25.0181,58.7514],[25.0336,58.7459],[25.032,58.7414],[25.0195,58.7369],[25.0152,58.7414],[25.0153,58.7416],[25.0089,58.742],[25.0079,58.7417],[24.9985,58.7438],[24.9902,58.7398],[24.9949,58.7375],[24.9886,58.7326],[24.9906,58.7273],[24.9859,58.7227],[24.9796,58.7122],[24.9833,58.7098],[24.9804,58.7009],[24.9717,58.7021],[24.9662,58.711],[24.9607,58.7065],[24.9667,58.704],[24.9649,58.7],[24.9525,58.7039],[24.956,58.7087],[24.9509,58.7143],[24.9536,58.7231],[24.9573,58.7274],[24.9673,58.7326],[24.9782,58.7445],[24.9813,58.7442]]],[[[26.5335,58.6475],[26.5251,58.6462],[26.5165,58.6422],[26.5102,58.6366],[26.5053,58.6362],[26.5136,58.63],[26.5247,58.6277],[26.5342,58.6259],[26.5395,58.6281],[26.5365,58.6365],[26.5297,58.6386],[26.5258,58.6441],[26.5335,58.6475]]],[[[24.4705,58.6908],[24.4575,58.6912],[24.4571,58.6906],[24.4559,58.6914],[24.4523,58.6856],[24.4427,58.6832],[24.4439,58.6744],[24.4551,58.6696],[24.4681,58.6717],[24.4694,58.6771],[24.4787,58.679],[24.4693,58.683],[24.4799,58.6847],[24.4893,58.6842],[24.4817,58.6891],[24.4754,58.6893],[24.4713,58.6905],[24.4705,58.6908]]],[[[26.7846,58.6577],[26.7652,58.6447],[26.7628,58.637],[26.7726,58.6355],[26.7834,58.6393],[26.7899,58.6456],[26.7885,58.6532],[26.7846,58.6577]]],[[[25.2455,58.6872],[25.2467,58.6921],[25.2589,58.6942],[25.2631,58.7019],[25.2699,58.7024],[25.2689,58.7044],[25.2688,58.7048],[25.2618,58.709],[25.2613,58.7136],[25.2723,58.7131],[25.2589,58.717],[25.242,58.706],[25.2204,58.6911],[25.1969,58.6755],[25.2001,58.6713],[25.2133,58.6742],[25.1985,58.6707],[25.1939,58.6671],[25.1873,58.669],[25.1832,58.6626],[25.1853,58.6649],[25.1987,58.6676],[25.2042,58.6683],[25.2132,58.6722],[25.2142,58.6668],[25.2203,58.6676],[25.2283,58.6677],[25.2309,58.6649],[25.2446,58.663],[25.2505,58.6688],[25.256,58.6677],[25.2644,58.6747],[25.2698,58.6778],[25.2742,58.6777],[25.2754,58.6784],[25.2725,58.6849],[25.2774,58.6867],[25.2638,58.6924],[25.2492,58.69],[25.2455,58.6872]]],[[[26.7187,58.7089],[26.7215,58.7025],[26.7268,58.7036],[26.735,58.705],[26.7427,58.7086],[26.7484,58.7061],[26.7395,58.7153],[26.7351,58.7167],[26.7386,58.7196],[26.7351,58.724],[26.7334,58.7236],[26.7311,58.7229],[26.7133,58.7274],[26.7027,58.7313],[26.7044,58.737],[26.7021,58.7393],[26.6944,58.7464],[26.6955,58.7495],[26.6953,58.7576],[26.7004,58.7569],[26.7073,58.7579],[26.7086,58.7603],[26.6996,58.7637],[26.6878,58.7567],[26.684,58.7526],[26.6676,58.7487],[26.6556,58.7507],[26.6531,58.7551],[26.6645,58.7564],[26.6684,58.7591],[26.6678,58.7622],[26.6627,58.7652],[26.6609,58.7647],[26.6486,58.7636],[26.6405,58.7614],[26.6341,58.7574],[26.6305,58.762],[26.6177,58.7627],[26.6255,58.7562],[26.6299,58.7492],[26.6457,58.7424],[26.6511,58.7437],[26.6595,58.7439],[26.6624,58.7426],[26.6604,58.7401],[26.6614,58.7362],[26.6638,58.7362],[26.6733,58.7401],[26.6759,58.7362],[26.6689,58.7336],[26.6725,58.7312],[26.6757,58.7303],[26.675,58.7287],[26.6834,58.7272],[26.6826,58.7266],[26.6902,58.7276],[26.6954,58.7267],[26.6991,58.7257],[26.7008,58.7254],[26.7028,58.7243],[26.7056,58.7248],[26.7093,58.7232],[26.7092,58.723],[26.7123,58.7217],[26.723,58.7207],[26.727,58.7212],[26.7311,58.7195],[26.7285,58.7191],[26.7306,58.7176],[26.7314,58.7164],[26.7293,58.7156],[26.7205,58.7105],[26.7187,58.7089]]],[[[25.3367,58.7372],[25.3197,58.7321],[25.322,58.7256],[25.3363,58.7265],[25.3473,58.7312],[25.3379,58.7378],[25.3367,58.7372]]],[[[26.5885,58.71],[26.59,58.7096],[26.5937,58.7169],[26.5924,58.7185],[26.5907,58.7197],[26.5832,58.7274],[26.5832,58.7282],[26.5829,58.7289],[26.5824,58.73],[26.5833,58.7305],[26.5818,58.7315],[26.5789,58.7337],[26.5787,58.7347],[26.5787,58.7348],[26.5747,58.7316],[26.5591,58.7315],[26.5563,58.7269],[26.5522,58.724],[26.5589,58.7216],[26.5687,58.7142],[26.5704,58.712],[26.5763,58.713],[26.5803,58.7083],[26.5885,58.71]]],[[[26.0636,58.7377],[26.0665,58.7321],[26.0758,58.7313],[26.0885,58.726],[26.0976,58.7248],[26.0927,58.7293],[26.0877,58.7373],[26.0844,58.7416],[26.0876,58.7434],[26.1007,58.7445],[26.117,58.7509],[26.127,58.7531],[26.1319,58.7564],[26.145,58.7559],[26.1534,58.7523],[26.1612,58.7529],[26.1612,58.7467],[26.1638,58.7446],[26.1868,58.742],[26.1909,58.7465],[26.1954,58.7533],[26.2001,58.7532],[26.2064,58.7575],[26.2083,58.7683],[26.2054,58.7755],[26.1986,58.7728],[26.2006,58.7647],[26.1959,58.765],[26.1864,58.7735],[26.1956,58.7744],[26.1908,58.7802],[26.2124,58.7756],[26.2174,58.7775],[26.2373,58.7722],[26.2395,58.7694],[26.2482,58.7595],[26.2535,58.7554],[26.2545,58.7511],[26.2624,58.747],[26.2596,58.7437],[26.2518,58.7451],[26.254,58.7505],[26.2472,58.75],[26.2475,58.7491],[26.2443,58.7479],[26.2442,58.7458],[26.2463,58.7422],[26.2539,58.741],[26.2538,58.7409],[26.2537,58.7408],[26.2533,58.7398],[26.256,58.7385],[26.2584,58.7384],[26.2582,58.7392],[26.266,58.7393],[26.2669,58.7436],[26.282,58.745],[26.2927,58.7423],[26.2971,58.7391],[26.2979,58.7396],[26.3051,58.7439],[26.3012,58.7536],[26.3029,58.758],[26.3148,58.761],[26.3221,58.7609],[26.3266,58.763],[26.3266,58.77],[26.3195,58.7764],[26.3199,58.7802],[26.3146,58.7852],[26.3035,58.7861],[26.2844,58.7973],[26.2656,58.7954],[26.2687,58.7897],[26.2628,58.7864],[26.2559,58.7956],[26.2535,58.7957],[26.2426,58.7928],[26.2398,58.796],[26.2274,58.7964],[26.2344,58.7902],[26.2158,58.7879],[26.2148,58.7923],[26.2251,58.7964],[26.2036,58.7926],[26.1698,58.7926],[26.1688,58.7833],[26.1658,58.7791],[26.1643,58.7745],[26.161,58.7753],[26.161,58.7703],[26.1819,58.7685],[26.1882,58.7653],[26.1862,58.7606],[26.1775,58.7638],[26.1613,58.7653],[26.1559,58.7622],[26.1663,58.7624],[26.1782,58.7563],[26.1664,58.7589],[26.1591,58.7588],[26.1465,58.7611],[26.139,58.7661],[26.1401,58.7706],[26.1337,58.7761],[26.1349,58.7787],[26.1531,58.7839],[26.146,58.7875],[26.1452,58.7896],[26.1303,58.7856],[26.1301,58.775],[26.1296,58.7727],[26.1155,58.7737],[26.1102,58.7729],[26.0933,58.765],[26.1007,58.7635],[26.1109,58.7709],[26.1206,58.7706],[26.1129,58.7673],[26.1202,58.764],[26.1201,58.7602],[26.1118,58.7563],[26.1028,58.7556],[26.1011,58.7513],[26.0952,58.7511],[26.0928,58.7483],[26.0828,58.7464],[26.0862,58.753],[26.091,58.7536],[26.0913,58.7574],[26.0817,58.759],[26.0797,58.7676],[26.0879,58.765],[26.1009,58.7789],[26.0988,58.7811],[26.0975,58.786],[26.1055,58.7884],[26.1022,58.7926],[26.1007,58.7904],[26.0861,58.7909],[26.0751,58.7926],[26.0548,58.7923],[26.0401,58.7895],[26.0467,58.7865],[26.0396,58.7846],[26.0303,58.7792],[26.0266,58.7839],[26.0232,58.7839],[26.0185,58.778],[26.0234,58.7694],[26.0314,58.7641],[26.037,58.7629],[26.0443,58.751],[26.0444,58.7451],[26.0527,58.742],[26.0508,58.7382],[26.0636,58.7377]]],[[[22.6501,58.7738],[22.6362,58.7682],[22.6377,58.7665],[22.6456,58.7685],[22.6491,58.7629],[22.6374,58.7604],[22.6383,58.7563],[22.6475,58.7554],[22.6473,58.7497],[22.6543,58.7499],[22.6543,58.7429],[22.6373,58.738],[22.633,58.7363],[22.6437,58.735],[22.6371,58.7302],[22.6255,58.7266],[22.6371,58.7243],[22.6508,58.7295],[22.6544,58.7283],[22.6366,58.7034],[22.6295,58.7094],[22.6206,58.7113],[22.6067,58.7045],[22.6127,58.6979],[22.6192,58.6968],[22.6541,58.7023],[22.7099,58.7606],[22.7042,58.7604],[22.6865,58.7656],[22.6761,58.7656],[22.6709,58.773],[22.6752,58.7765],[22.6728,58.777],[22.6738,58.7805],[22.6726,58.7802],[22.6599,58.7796],[22.6583,58.7758],[22.6501,58.7738]]],[[[25.3091,58.7574],[25.3116,58.7557],[25.3167,58.7538],[25.3421,58.7605],[25.3502,58.7603],[25.3604,58.7645],[25.3586,58.7665],[25.349,58.7671],[25.3469,58.7725],[25.3561,58.7724],[25.3599,58.7677],[25.3677,58.7708],[25.369,58.7742],[25.3731,58.7782],[25.3797,58.778],[25.3853,58.7824],[25.3963,58.7809],[25.405,58.7846],[25.412,58.7864],[25.4178,58.79],[25.4164,58.7953],[25.4179,58.7977],[25.4199,58.7969],[25.4199,58.8016],[25.4138,58.8038],[25.4125,58.804],[25.4094,58.8038],[25.4092,58.8039],[25.4052,58.8053],[25.3894,58.8073],[25.3865,58.8061],[25.384,58.8053],[25.3835,58.8022],[25.3839,58.8013],[25.3785,58.7975],[25.3839,58.7966],[25.3871,58.7913],[25.377,58.7895],[25.3685,58.7918],[25.3738,58.7989],[25.3551,58.7931],[25.3485,58.7936],[25.3297,58.7917],[25.3194,58.7945],[25.3067,58.7928],[25.3067,58.7892],[25.3,58.787],[25.2957,58.7934],[25.2987,58.7976],[25.2916,58.796],[25.284,58.7938],[25.2782,58.8001],[25.2698,58.7998],[25.2693,58.7924],[25.2774,58.7892],[25.2781,58.7888],[25.2804,58.7876],[25.2861,58.7857],[25.2904,58.7847],[25.2871,58.7789],[25.28,58.7759],[25.2783,58.7721],[25.3003,58.7684],[25.3046,58.7707],[25.3026,58.7747],[25.3116,58.7754],[25.3162,58.7731],[25.3188,58.783],[25.3334,58.7843],[25.3409,58.787],[25.3432,58.781],[25.3386,58.7764],[25.3278,58.7749],[25.3182,58.7703],[25.3131,58.7635],[25.3154,58.759],[25.3091,58.7574]]],[[[24.3393,58.8006],[24.3374,58.8007],[24.3291,58.798],[24.3261,58.7949],[24.3209,58.7945],[24.3137,58.7995],[24.3037,58.7961],[24.3084,58.7933],[24.3069,58.7878],[24.3104,58.7855],[24.3139,58.7852],[24.3156,58.7843],[24.3001,58.7799],[24.2963,58.7747],[24.2971,58.7724],[24.3351,58.7754],[24.3511,58.7824],[24.3574,58.7829],[24.3766,58.7846],[24.3769,58.7898],[24.3959,58.7894],[24.4114,58.7873],[24.4128,58.788],[24.4119,58.8022],[24.4057,58.8051],[24.4046,58.8065],[24.4001,58.805],[24.3986,58.7973],[24.3963,58.7971],[24.3794,58.796],[24.3759,58.7997],[24.3393,58.8006]]],[[[24.4342,58.8049],[24.428,58.8076],[24.4188,58.8069],[24.4161,58.8067],[24.4132,58.7998],[24.4135,58.7875],[24.4342,58.7893],[24.456,58.79],[24.4578,58.791],[24.4496,58.7935],[24.4548,58.798],[24.4503,58.8007],[24.441,58.8006],[24.4342,58.8049]]],[[[26.5723,58.7758],[26.5793,58.7763],[26.5929,58.7772],[26.5986,58.7756],[26.6001,58.7772],[26.6007,58.7786],[26.6118,58.7832],[26.6068,58.7894],[26.6071,58.795],[26.6013,58.7991],[26.5961,58.7978],[26.5971,58.7934],[26.6024,58.7873],[26.5867,58.7852],[26.5697,58.7904],[26.5673,58.7971],[26.5639,58.8021],[26.5534,58.8022],[26.5584,58.7933],[26.5527,58.7894],[26.554,58.7841],[26.5723,58.7758]]],[[[26.7145,58.7798],[26.72,58.7831],[26.7164,58.7754],[26.7187,58.7698],[26.7331,58.77],[26.733,58.7774],[26.7402,58.7778],[26.734,58.7851],[26.725,58.7897],[26.7315,58.7939],[26.7241,58.7979],[26.7172,58.7969],[26.7193,58.7904],[26.7135,58.7898],[26.7078,58.7947],[26.694,58.7955],[26.6883,58.8007],[26.6783,58.7998],[26.6802,58.7937],[26.6849,58.7901],[26.6845,58.7816],[26.6904,58.7798],[26.6729,58.7781],[26.6648,58.7767],[26.6593,58.7832],[26.6668,58.784],[26.6692,58.7853],[26.6566,58.7837],[26.6566,58.7798],[26.6626,58.7726],[26.6684,58.771],[26.6684,58.7686],[26.6678,58.7655],[26.6764,58.7584],[26.6839,58.7587],[26.6918,58.7638],[26.6955,58.7685],[26.6924,58.7729],[26.6985,58.774],[26.7083,58.772],[26.7074,58.7774],[26.7019,58.7801],[26.7125,58.7805],[26.7145,58.7798]]],[[[24.4798,58.8076],[24.4921,58.8102],[24.5017,58.8157],[24.4967,58.8179],[24.4957,58.8226],[24.488,58.8208],[24.4762,58.8161],[24.4676,58.8154],[24.4677,58.8113],[24.4798,58.8076]]],[[[25.3287,58.8137],[25.3325,58.8109],[25.35,58.8124],[25.3564,58.8194],[25.3523,58.8258],[25.3537,58.8303],[25.3452,58.83],[25.3425,58.8303],[25.3349,58.8298],[25.3349,58.8242],[25.3239,58.8276],[25.3113,58.8245],[25.3251,58.8226],[25.3201,58.8183],[25.3107,58.8149],[25.3141,58.8124],[25.3287,58.8159],[25.3287,58.8137]]],[[[25.412,58.8289],[25.4138,58.8283],[25.4178,58.8258],[25.4237,58.8283],[25.42,58.8345],[25.4272,58.8402],[25.423,58.8414],[25.4222,58.8416],[25.4218,58.8414],[25.4195,58.8414],[25.4169,58.8421],[25.4153,58.8472],[25.4127,58.85],[25.4105,58.8534],[25.4173,58.8552],[25.4169,58.8588],[25.4112,58.8633],[25.4035,58.8576],[25.4015,58.8545],[25.3896,58.8524],[25.3879,58.848],[25.3856,58.848],[25.3796,58.8496],[25.3753,58.8504],[25.3643,58.8469],[25.3598,58.8411],[25.3604,58.8404],[25.3569,58.8353],[25.3636,58.8317],[25.3707,58.8348],[25.3665,58.8386],[25.373,58.8427],[25.3819,58.8396],[25.3845,58.83],[25.386,58.8299],[25.3963,58.8279],[25.3979,58.8326],[25.4049,58.8386],[25.4142,58.8398],[25.405,58.8366],[25.4032,58.8333],[25.4045,58.8332],[25.412,58.8289]]],[[[24.4415,58.855],[24.4364,58.8497],[24.4369,58.8461],[24.4512,58.8453],[24.4523,58.8434],[24.424,58.8403],[24.4208,58.835],[24.4196,58.8328],[24.4137,58.8174],[24.4244,58.8181],[24.4304,58.8133],[24.4389,58.8168],[24.445,58.8222],[24.4414,58.8298],[24.4488,58.8295],[24.451,58.8253],[24.4628,58.8245],[24.4638,58.8277],[24.4523,58.8298],[24.4578,58.8333],[24.4665,58.8348],[24.4634,58.8431],[24.4633,58.8504],[24.4605,58.8501],[24.4601,58.85],[24.4531,58.848],[24.4482,58.85],[24.4476,58.8568],[24.4415,58.855]]],[[[25.3649,58.8693],[25.3663,58.8661],[25.3751,58.8661],[25.3775,58.8631],[25.3802,58.8604],[25.3771,58.855],[25.3783,58.8511],[25.3869,58.8521],[25.3943,58.8559],[25.3975,58.8612],[25.3976,58.8612],[25.4066,58.8646],[25.4066,58.8675],[25.397,58.8683],[25.4016,58.8747],[25.4115,58.8742],[25.4098,58.8762],[25.4058,58.88],[25.4096,58.8835],[25.3873,58.8874],[25.3807,58.8854],[25.376,58.8809],[25.3772,58.8764],[25.3774,58.8738],[25.3703,58.8733],[25.3649,58.8693]]],[[[26.5985,58.8655],[26.5776,58.8656],[26.5737,58.8616],[26.5758,58.8555],[26.5806,58.8526],[26.5904,58.8525],[26.5932,58.8539],[26.5918,58.8562],[26.5917,58.8611],[26.5985,58.8655]]],[[[25.6456,58.9327],[25.6346,58.9227],[25.637,58.9177],[25.6429,58.9047],[25.6397,58.9013],[25.6441,58.9013],[25.6472,58.899],[25.6482,58.8986],[25.6604,58.8956],[25.6627,58.8969],[25.6655,58.897],[25.6778,58.8987],[25.6776,58.9021],[25.6775,58.9051],[25.6655,58.9096],[25.6646,58.9117],[25.6658,58.9229],[25.6599,58.9252],[25.6494,58.9291],[25.6442,58.9284],[25.6469,58.9325],[25.6456,58.9327]]],[[[24.4245,58.8969],[24.4247,58.8958],[24.4248,58.8927],[24.4155,58.8907],[24.4111,58.8937],[24.4044,58.892],[24.4047,58.8868],[24.4079,58.8851],[24.4166,58.8836],[24.4199,58.8875],[24.4265,58.8856],[24.4253,58.8804],[24.4217,58.8764],[24.4232,58.8713],[24.421,58.8677],[24.4219,58.8669],[24.4305,58.8664],[24.4264,58.8706],[24.4292,58.8746],[24.4415,58.871],[24.4482,58.8815],[24.4549,58.8949],[24.4558,58.9046],[24.4401,58.8975],[24.4303,58.8969],[24.4245,58.8969]]],[[[26.9335,58.9018],[26.9396,58.8951],[26.9482,58.8921],[26.9595,58.8936],[26.9606,58.9016],[26.965,58.9052],[26.9756,58.9085],[26.9868,58.9191],[26.9884,58.9208],[26.9894,58.9216],[26.9782,58.9251],[26.9869,58.9229],[26.9967,58.9287],[27.0044,58.9357],[27.0413,58.9587],[27.0401,58.9603],[27.0183,58.9537],[27.0061,58.9478],[27.003,58.9462],[26.9718,58.9315],[26.9465,58.9194],[26.9469,58.9156],[26.9457,58.9105],[26.9404,58.9098],[26.9444,58.9044],[26.9528,58.9064],[26.9585,58.9019],[26.9409,58.8995],[26.939,58.9033],[26.9335,58.9018]]],[[[26.3008,58.9265],[26.2996,58.9263],[26.2986,58.9225],[26.2892,58.9248],[26.2938,58.9171],[26.2927,58.9147],[26.2983,58.9072],[26.3068,58.9065],[26.318,58.9063],[26.324,58.9008],[26.3278,58.8973],[26.3379,58.9018],[26.3365,58.906],[26.3483,58.909],[26.3427,58.9139],[26.3308,58.9158],[26.33,58.9212],[26.3189,58.9239],[26.3147,58.9283],[26.312,58.9224],[26.3059,58.922],[26.3008,58.9265]]],[[[24.7101,58.9538],[24.7176,58.9483],[24.7285,58.9531],[24.7338,58.9589],[24.7481,58.9615],[24.7461,58.9543],[24.7561,58.9544],[24.7606,58.9587],[24.7637,58.958],[24.7655,58.9588],[24.7639,58.9594],[24.7452,58.9658],[24.7408,58.967],[24.737,58.9648],[24.726,58.9677],[24.7199,58.9648],[24.7119,58.9624],[24.7101,58.9538]]],[[[27.0376,58.9471],[27.0407,58.9523],[27.0327,58.9521],[27.0059,58.9355],[26.9979,58.9281],[27.0002,58.9264],[27.004,58.9273],[27.0088,58.9307],[27.0162,58.9265],[27.0252,58.9318],[27.0306,58.9412],[27.0371,58.9448],[27.0376,58.9471]]],[[[25.754,58.9588],[25.7584,58.9597],[25.7608,58.9613],[25.76,58.9618],[25.7588,58.9661],[25.7638,58.9691],[25.7663,58.9722],[25.7589,58.9733],[25.7449,58.9708],[25.7414,58.9732],[25.7346,58.9775],[25.7265,58.9741],[25.728,58.9682],[25.7447,58.9659],[25.7427,58.956],[25.75,58.9559],[25.754,58.9588]]],[[[25.9703,58.9954],[25.9558,58.9953],[25.9456,58.9952],[25.9465,58.9944],[25.9626,58.9878],[25.9676,58.9934],[25.9703,58.9954]]],[[[24.6884,59.0233],[24.6867,59.0242],[24.6848,59.025],[24.6801,59.0265],[24.6667,59.0245],[24.6654,59.0198],[24.6706,59.0177],[24.6812,59.0164],[24.6909,59.0172],[24.6884,59.0233]]],[[[25.8524,58.9944],[25.8514,58.9944],[25.8479,58.9944],[25.8525,58.9932],[25.8524,58.9944]]],[[[25.8354,58.9943],[25.834,58.9943],[25.8166,58.9941],[25.806,58.994],[25.8117,58.9907],[25.82,58.9915],[25.8354,58.9943]]],[[[24.7544,59.0502],[24.7539,59.0554],[24.7453,59.0583],[24.7405,59.0538],[24.7313,59.0546],[24.7285,59.0495],[24.7302,59.0442],[24.7218,59.0356],[24.7256,59.0332],[24.7271,59.0335],[24.737,59.0429],[24.7412,59.0381],[24.7483,59.0383],[24.7499,59.0375],[24.7494,59.0354],[24.7501,59.0347],[24.7508,59.0324],[24.7517,59.0335],[24.7522,59.0343],[24.7562,59.0387],[24.7587,59.0413],[24.7618,59.0448],[24.7543,59.0497],[24.7544,59.0502]]],[[[27.4348,59.0081],[27.4359,59.0073],[27.4707,59.0083],[27.4772,59.0098],[27.4876,59.0168],[27.469,59.017],[27.4655,59.0137],[27.4471,59.0172],[27.4375,59.0148],[27.4359,59.0102],[27.4348,59.0081]]],[[[24.7705,59.0593],[24.7676,59.0596],[24.7638,59.0551],[24.7641,59.0532],[24.773,59.0515],[24.7804,59.0436],[24.7855,59.0411],[24.7971,59.0379],[24.7972,59.0368],[24.798,59.0363],[24.7995,59.0354],[24.7998,59.0353],[24.8011,59.0344],[24.8064,59.0329],[24.8161,59.0313],[24.818,59.0308],[24.817,59.0273],[24.8236,59.0317],[24.8229,59.0321],[24.8233,59.0347],[24.8226,59.0431],[24.8212,59.0542],[24.8074,59.0606],[24.8011,59.0635],[24.7759,59.0619],[24.7705,59.0593]]],[[[27.3394,59.0121],[27.3918,59.0169],[27.3796,59.0483],[27.3716,59.0484],[27.3585,59.0503],[27.3491,59.0482],[27.346,59.0516],[27.3557,59.0599],[27.3587,59.0606],[27.3539,59.0655],[27.3504,59.0711],[27.3456,59.0724],[27.3454,59.0707],[27.3449,59.0701],[27.3442,59.0696],[27.3419,59.0689],[27.3451,59.0726],[27.324,59.0791],[27.3208,59.0756],[27.3155,59.0675],[27.3091,59.0621],[27.3079,59.0616],[27.3017,59.0547],[27.2948,59.0501],[27.2872,59.0503],[27.2814,59.0502],[27.268,59.0428],[27.2565,59.0359],[27.2524,59.0387],[27.2646,59.044],[27.2712,59.049],[27.2758,59.0515],[27.276,59.0528],[27.2771,59.0545],[27.2765,59.056],[27.251,59.0443],[27.2334,59.036],[27.175,59.0049],[27.2062,59.0007],[27.2277,59.0027],[27.2262,59.006],[27.2326,59.0032],[27.3053,59.0094],[27.3394,59.0121]],[[27.3025,59.0157],[27.3207,59.0266],[27.3124,59.0343],[27.3138,59.0371],[27.329,59.0398],[27.3264,59.0454],[27.33,59.048],[27.3243,59.0528],[27.328,59.0566],[27.3356,59.0566],[27.3328,59.0489],[27.3507,59.0425],[27.3448,59.0332],[27.3305,59.0228],[27.3193,59.0223],[27.3127,59.0169],[27.3025,59.0157]]],[[[24.4549,59.0979],[24.4435,59.094],[24.4419,59.0974],[24.4351,59.0965],[24.4333,59.0924],[24.4169,59.0895],[24.4154,59.0872],[24.419,59.0851],[24.4238,59.0791],[24.4384,59.0765],[24.438,59.071],[24.4407,59.0703],[24.4407,59.0707],[24.4413,59.0704],[24.442,59.0701],[24.4427,59.0704],[24.4439,59.0722],[24.4449,59.0737],[24.4482,59.0748],[24.4462,59.0737],[24.4462,59.0732],[24.4479,59.0722],[24.4485,59.0707],[24.4485,59.0706],[24.4465,59.0696],[24.4416,59.065],[24.4349,59.0645],[24.4327,59.0689],[24.4333,59.0692],[24.4254,59.0663],[24.4261,59.0661],[24.4253,59.0646],[24.4159,59.0555],[24.417,59.0546],[24.4233,59.0518],[24.4253,59.0444],[24.4383,59.0412],[24.4423,59.0486],[24.439,59.0476],[24.4387,59.0477],[24.4393,59.0484],[24.4409,59.0486],[24.4425,59.049],[24.4424,59.0496],[24.4437,59.0532],[24.4448,59.0535],[24.4456,59.0538],[24.4458,59.0557],[24.4451,59.0567],[24.4422,59.0575],[24.4474,59.0595],[24.4519,59.0718],[24.4485,59.0751],[24.4519,59.0724],[24.4545,59.078],[24.4504,59.0778],[24.4508,59.0784],[24.455,59.0788],[24.4573,59.0822],[24.4558,59.0827],[24.4586,59.0874],[24.4584,59.0883],[24.4591,59.0894],[24.4639,59.0921],[24.4626,59.0921],[24.4602,59.0929],[24.4591,59.0939],[24.4585,59.0942],[24.4615,59.0984],[24.4549,59.0979]]],[[[24.5239,59.1006],[24.5309,59.0974],[24.543,59.0978],[24.5437,59.104],[24.5474,59.1003],[24.5634,59.1033],[24.5703,59.1002],[24.5701,59.0962],[24.579,59.0925],[24.5825,59.0957],[24.5937,59.0941],[24.5905,59.089],[24.5987,59.0888],[24.6116,59.092],[24.6148,59.0959],[24.6204,59.1038],[24.6285,59.1062],[24.6322,59.1092],[24.6219,59.1122],[24.6162,59.1156],[24.6066,59.1166],[24.6017,59.119],[24.5995,59.119],[24.5908,59.1101],[24.5866,59.1093],[24.5821,59.0985],[24.5727,59.1008],[24.5758,59.1064],[24.5807,59.1082],[24.5765,59.1084],[24.57,59.1099],[24.567,59.1158],[24.5719,59.1209],[24.5719,59.124],[24.5767,59.1263],[24.5872,59.1264],[24.5837,59.1272],[24.5815,59.1358],[24.5887,59.1398],[24.5882,59.1401],[24.5878,59.1427],[24.5933,59.1444],[24.5847,59.1563],[24.5827,59.1551],[24.5809,59.1555],[24.5812,59.1571],[24.585,59.1598],[24.5746,59.1619],[24.565,59.1647],[24.5678,59.168],[24.5767,59.1733],[24.5789,59.1664],[24.5876,59.1678],[24.5896,59.174],[24.5914,59.1746],[24.5925,59.175],[24.589,59.1777],[24.5944,59.1736],[24.5961,59.1722],[24.597,59.1716],[24.598,59.1707],[24.6129,59.17],[24.6115,59.1725],[24.6099,59.1751],[24.6159,59.177],[24.6117,59.1776],[24.6103,59.1819],[24.604,59.1816],[24.604,59.1822],[24.6084,59.1834],[24.6172,59.1827],[24.6217,59.1854],[24.6157,59.1885],[24.6147,59.1892],[24.6116,59.1904],[24.6033,59.1919],[24.6047,59.1932],[24.6029,59.1954],[24.5977,59.1958],[24.5953,59.1952],[24.5861,59.1978],[24.5835,59.1953],[24.5732,59.1997],[24.5616,59.1989],[24.569,59.2048],[24.5818,59.1971],[24.5825,59.1983],[24.588,59.2001],[24.5867,59.2044],[24.5787,59.2079],[24.5763,59.2076],[24.5757,59.2077],[24.5741,59.2086],[24.5744,59.21],[24.5712,59.2126],[24.5626,59.2134],[24.56,59.2125],[24.5585,59.2119],[24.554,59.2152],[24.5588,59.2185],[24.5647,59.2224],[24.5513,59.2227],[24.5558,59.2183],[24.5427,59.2164],[24.5424,59.2193],[24.531,59.2208],[24.5298,59.2207],[24.5305,59.218],[24.5275,59.2185],[24.5228,59.2227],[24.5088,59.2227],[24.4975,59.2205],[24.499,59.2126],[24.4964,59.2127],[24.4997,59.193],[24.5023,59.1917],[24.5009,59.1862],[24.5028,59.1864],[24.5047,59.1862],[24.5049,59.1857],[24.5066,59.1841],[24.5087,59.1835],[24.5075,59.1822],[24.5079,59.1814],[24.5085,59.1802],[24.5194,59.1745],[24.5175,59.1728],[24.5243,59.1717],[24.5342,59.1793],[24.5543,59.1853],[24.5623,59.1785],[24.5652,59.1728],[24.5588,59.1692],[24.5514,59.1697],[24.5443,59.1705],[24.5372,59.1686],[24.5332,59.1715],[24.5158,59.1693],[24.5146,59.1654],[24.5206,59.1679],[24.5265,59.1648],[24.5292,59.1646],[24.5336,59.1658],[24.5438,59.166],[24.5446,59.1659],[24.5459,59.1642],[24.544,59.1644],[24.5408,59.1632],[24.5415,59.1622],[24.5411,59.1619],[24.5508,59.162],[24.5542,59.1594],[24.5393,59.1614],[24.5327,59.1596],[24.5303,59.1578],[24.5279,59.1593],[24.5275,59.1604],[24.5229,59.1609],[24.5248,59.1596],[24.5246,59.1594],[24.5167,59.1581],[24.5198,59.1563],[24.5312,59.1558],[24.5323,59.1551],[24.5262,59.1485],[24.5322,59.144],[24.5277,59.1423],[24.5162,59.1433],[24.5078,59.1446],[24.5058,59.1441],[24.5097,59.1416],[24.5065,59.1356],[24.5016,59.1319],[24.5026,59.1315],[24.4978,59.1297],[24.4979,59.1302],[24.493,59.1285],[24.4912,59.123],[24.4827,59.1202],[24.4923,59.1203],[24.4995,59.1205],[24.5023,59.115],[24.5183,59.1162],[24.5193,59.1201],[24.5205,59.1163],[24.5301,59.1134],[24.5292,59.1097],[24.5192,59.107],[24.5296,59.1081],[24.532,59.1046],[24.5239,59.1006]]],[[[24.3955,59.1002],[24.3969,59.0985],[24.3978,59.0984],[24.3979,59.0988],[24.4045,59.1016],[24.3973,59.1049],[24.401,59.1128],[24.4109,59.1112],[24.4116,59.1063],[24.4203,59.1051],[24.4123,59.101],[24.4123,59.0999],[24.4185,59.1011],[24.4272,59.0985],[24.4424,59.0992],[24.4437,59.1037],[24.4337,59.1062],[24.447,59.1095],[24.447,59.1163],[24.4557,59.1159],[24.4625,59.1176],[24.4613,59.1224],[24.4542,59.1262],[24.4456,59.1299],[24.4437,59.1293],[24.4328,59.1275],[24.4282,59.1277],[24.4171,59.1328],[24.4054,59.1349],[24.4036,59.1348],[24.3871,59.1293],[24.3855,59.1241],[24.3862,59.1187],[24.3786,59.1191],[24.3816,59.1152],[24.3932,59.1156],[24.3935,59.1134],[24.3915,59.1086],[24.3863,59.1056],[24.3946,59.1057],[24.3955,59.1002]]],[[[25.2537,59.1103],[25.2535,59.1135],[25.2531,59.1225],[25.2528,59.1275],[25.2515,59.1244],[25.2497,59.1226],[25.2495,59.1226],[25.245,59.12],[25.2407,59.1216],[25.2405,59.1215],[25.2404,59.1214],[25.2413,59.1201],[25.2423,59.1197],[25.2428,59.119],[25.2419,59.1169],[25.2424,59.1166],[25.2427,59.115],[25.244,59.1139],[25.2429,59.1146],[25.243,59.1146],[25.2421,59.1153],[25.2349,59.1168],[25.2275,59.116],[25.2278,59.1155],[25.2257,59.1171],[25.2227,59.1176],[25.2157,59.1141],[25.2087,59.1118],[25.2045,59.1102],[25.2033,59.1086],[25.2002,59.1066],[25.2,59.1063],[25.1975,59.1043],[25.195,59.1041],[25.1925,59.1035],[25.1928,59.0997],[25.2003,59.1034],[25.2084,59.1013],[25.211,59.0974],[25.2011,59.0936],[25.1853,59.095],[25.1835,59.096],[25.174,59.0955],[25.1756,59.0915],[25.1785,59.0917],[25.1796,59.0914],[25.1881,59.0873],[25.1987,59.0835],[25.1928,59.0816],[25.1874,59.079],[25.1902,59.0748],[25.1976,59.0688],[25.2001,59.0677],[25.208,59.0759],[25.2249,59.0731],[25.2277,59.0741],[25.2214,59.0765],[25.2191,59.0812],[25.218,59.0862],[25.213,59.0913],[25.2193,59.0901],[25.2271,59.0919],[25.2362,59.0941],[25.2358,59.095],[25.2305,59.0985],[25.2322,59.1013],[25.2356,59.1049],[25.2325,59.1059],[25.2311,59.1059],[25.2228,59.1055],[25.2293,59.1076],[25.2298,59.1127],[25.23,59.1127],[25.231,59.1112],[25.232,59.1097],[25.2358,59.1089],[25.2373,59.1059],[25.2368,59.1055],[25.2376,59.1003],[25.2388,59.1001],[25.2396,59.0999],[25.2406,59.1005],[25.2481,59.1085],[25.2537,59.1103]]],[[[24.3482,59.1351],[24.3508,59.1358],[24.3475,59.14],[24.3541,59.1407],[24.3638,59.1373],[24.3749,59.1357],[24.3768,59.1353],[24.388,59.1331],[24.3994,59.1366],[24.3961,59.1452],[24.3848,59.1406],[24.3776,59.1394],[24.3724,59.1458],[24.3638,59.1455],[24.365,59.1506],[24.3707,59.1566],[24.3536,59.1674],[24.3489,59.1662],[24.3422,59.1581],[24.3377,59.1501],[24.3373,59.1497],[24.3362,59.1482],[24.3396,59.1448],[24.3396,59.1447],[24.3335,59.1447],[24.3341,59.1419],[24.3331,59.1358],[24.3286,59.1304],[24.3225,59.1304],[24.3226,59.1296],[24.328,59.1237],[24.3314,59.1254],[24.3318,59.1266],[24.3384,59.1281],[24.3482,59.1351]]],[[[24.983,59.1193],[24.9798,59.1159],[24.978,59.1143],[24.9834,59.1146],[24.9852,59.1144],[24.989,59.114],[24.9979,59.1162],[25.0045,59.1202],[25.0141,59.1235],[25.0201,59.1226],[25.0164,59.1168],[25.008,59.1191],[25.0056,59.1129],[25.0075,59.1126],[25.0123,59.1071],[25.0155,59.1041],[25.031,59.1087],[25.0361,59.1115],[25.0458,59.1106],[25.0557,59.1143],[25.0483,59.1208],[25.0369,59.1244],[25.0376,59.1262],[25.0242,59.1303],[25.0183,59.1342],[25.0219,59.1429],[25.0283,59.1452],[25.047,59.1442],[25.0455,59.137],[25.0624,59.1386],[25.0692,59.1342],[25.0749,59.1334],[25.0825,59.1246],[25.0935,59.1206],[25.0966,59.1234],[25.0856,59.1258],[25.0821,59.1313],[25.0905,59.1308],[25.0913,59.1359],[25.0883,59.1367],[25.083,59.1386],[25.0887,59.1432],[25.1019,59.1421],[25.0987,59.1466],[25.1014,59.1492],[25.0913,59.1525],[25.0914,59.1549],[25.0859,59.159],[25.0853,59.1595],[25.0865,59.1623],[25.0973,59.1635],[25.0846,59.1638],[25.0844,59.1637],[25.0796,59.1576],[25.0791,59.1443],[25.0684,59.1453],[25.0707,59.1517],[25.0644,59.1477],[25.0561,59.1499],[25.0558,59.1528],[25.0532,59.1539],[25.0501,59.1567],[25.0547,59.1648],[25.0481,59.1599],[25.0401,59.1583],[25.0348,59.1571],[25.0282,59.1567],[25.0172,59.1633],[25.0101,59.1686],[25.0164,59.1694],[25.0164,59.1696],[25.0058,59.1715],[25.0058,59.1707],[25.0052,59.1705],[25.0028,59.171],[25.0025,59.1741],[24.9955,59.1774],[24.9955,59.1781],[24.9965,59.1785],[24.9934,59.1802],[24.9912,59.1804],[24.9893,59.1805],[24.98,59.1786],[24.9774,59.1754],[24.9681,59.1758],[24.9641,59.1718],[24.9642,59.1715],[24.9681,59.1685],[24.9534,59.1635],[24.9585,59.1595],[24.9491,59.1544],[24.9504,59.1531],[24.9684,59.1502],[24.9684,59.1472],[24.9724,59.1463],[24.9668,59.1425],[24.9596,59.1417],[24.9533,59.1381],[24.946,59.1345],[24.9429,59.1386],[24.936,59.1411],[24.9325,59.1374],[24.9408,59.1303],[24.9533,59.1245],[24.9567,59.1267],[24.963,59.1257],[24.9647,59.1252],[24.9729,59.1209],[24.9807,59.1198],[24.983,59.1193]]],[[[27.6602,59.0994],[27.6549,59.0955],[27.6651,59.089],[27.6724,59.0863],[27.6895,59.0785],[27.6941,59.0761],[27.6963,59.0735],[27.7017,59.0632],[27.7028,59.0516],[27.707,59.044],[27.7412,59.0549],[27.7455,59.0565],[27.751,59.0581],[27.7661,59.0816],[27.7622,59.0857],[27.7704,59.0882],[27.7766,59.0981],[27.7602,59.0948],[27.7601,59.0904],[27.7538,59.087],[27.7477,59.0881],[27.7404,59.0853],[27.7339,59.0859],[27.7437,59.0948],[27.7498,59.0896],[27.7586,59.0959],[27.7633,59.1029],[27.7582,59.1041],[27.7512,59.1162],[27.7475,59.1241],[27.7486,59.1342],[27.7461,59.1388],[27.738,59.1399],[27.7249,59.139],[27.7033,59.1352],[27.7064,59.1256],[27.712,59.1253],[27.7224,59.1307],[27.7226,59.1373],[27.736,59.1386],[27.745,59.1356],[27.7336,59.13],[27.7457,59.1209],[27.7459,59.1147],[27.753,59.1087],[27.7558,59.1031],[27.7506,59.0976],[27.7372,59.0985],[27.7466,59.1049],[27.7382,59.1078],[27.7309,59.107],[27.7275,59.1036],[27.716,59.1079],[27.7054,59.1067],[27.6957,59.1102],[27.6918,59.1091],[27.6627,59.1145],[27.6612,59.1121],[27.646,59.1083],[27.6498,59.1007],[27.6582,59.104],[27.6618,59.1083],[27.6731,59.1077],[27.6678,59.1002],[27.6602,59.0994]]],[[[25.1456,59.2059],[25.1411,59.2026],[25.1472,59.2027],[25.1624,59.1961],[25.1702,59.1908],[25.1802,59.1899],[25.1805,59.1891],[25.1777,59.1852],[25.1812,59.1858],[25.181,59.1868],[25.1833,59.1873],[25.1855,59.1853],[25.1809,59.1856],[25.1812,59.1853],[25.1817,59.1847],[25.1821,59.1814],[25.1785,59.1797],[25.1765,59.1789],[25.176,59.1787],[25.1708,59.1739],[25.1712,59.1734],[25.1716,59.1731],[25.1722,59.1725],[25.1776,59.1709],[25.1819,59.1704],[25.1832,59.1705],[25.1808,59.1667],[25.1798,59.166],[25.2074,59.1616],[25.2081,59.1622],[25.2086,59.1639],[25.2098,59.1633],[25.2143,59.1646],[25.2078,59.1716],[25.2079,59.1721],[25.2105,59.1738],[25.2056,59.1788],[25.1981,59.181],[25.1981,59.1851],[25.1995,59.1832],[25.201,59.1816],[25.2074,59.1802],[25.2087,59.1814],[25.2098,59.1813],[25.2128,59.1828],[25.2101,59.1867],[25.2011,59.1896],[25.1979,59.191],[25.1929,59.1933],[25.1864,59.1923],[25.1877,59.1932],[25.1812,59.1933],[25.1756,59.2012],[25.1703,59.2028],[25.1619,59.2062],[25.1489,59.2042],[25.1456,59.2059]]],[[[24.8621,59.2155],[24.8693,59.218],[24.8756,59.2194],[24.8842,59.2161],[24.8848,59.2081],[24.9012,59.2065],[24.899,59.203],[24.9089,59.2052],[24.9189,59.2035],[24.9261,59.2048],[24.9251,59.2096],[24.9208,59.2081],[24.9118,59.21],[24.9277,59.2145],[24.9355,59.2132],[24.9372,59.2114],[24.9389,59.2101],[24.939,59.21],[24.9295,59.2053],[24.9393,59.2024],[24.9409,59.2021],[24.9459,59.2018],[24.948,59.2044],[24.9476,59.2047],[24.9486,59.2047],[24.9489,59.2052],[24.952,59.205],[24.9519,59.2056],[24.9518,59.206],[24.9545,59.2074],[24.9557,59.2052],[24.9673,59.2066],[24.9616,59.2175],[24.959,59.2183],[24.957,59.2192],[24.9559,59.2198],[24.9519,59.2231],[24.952,59.2238],[24.9524,59.2252],[24.9503,59.2266],[24.9484,59.2281],[24.9514,59.2318],[24.9517,59.2319],[24.9551,59.2383],[24.9669,59.2334],[24.9643,59.2372],[24.9541,59.244],[24.9641,59.2451],[24.9653,59.2467],[24.9716,59.2439],[24.9748,59.2395],[24.9847,59.2346],[25.0043,59.2313],[25.0141,59.2239],[25.0331,59.223],[25.0297,59.2313],[25.0271,59.2322],[25.014,59.2353],[25.0081,59.2392],[25.0123,59.2414],[25.0104,59.2413],[25.0054,59.243],[24.9846,59.2601],[24.9962,59.2658],[24.9904,59.2705],[24.9805,59.268],[24.9753,59.2541],[24.9648,59.2538],[24.9584,59.2536],[24.9532,59.2659],[24.9531,59.2641],[24.951,59.2827],[24.9347,59.2781],[24.9306,59.2766],[24.928,59.2696],[24.9298,59.2697],[24.934,59.2664],[24.9319,59.2641],[24.9288,59.2651],[24.9263,59.2657],[24.9256,59.2652],[24.9239,59.264],[24.9234,59.2653],[24.9261,59.2658],[24.9241,59.2731],[24.9171,59.2666],[24.9074,59.2652],[24.8915,59.2591],[24.8941,59.2556],[24.9059,59.25],[24.9143,59.2503],[24.9234,59.2531],[24.9233,59.2557],[24.9268,59.2535],[24.9058,59.2465],[24.9175,59.2428],[24.9188,59.2421],[24.918,59.2414],[24.9122,59.2413],[24.9112,59.2402],[24.9025,59.2394],[24.9008,59.2411],[24.8963,59.2456],[24.8971,59.2457],[24.893,59.2476],[24.8922,59.2467],[24.8867,59.2469],[24.8865,59.2471],[24.8841,59.2496],[24.8822,59.2503],[24.8822,59.2505],[24.8804,59.2509],[24.8789,59.2511],[24.8787,59.2499],[24.8795,59.2493],[24.8717,59.2484],[24.8701,59.2483],[24.8712,59.2499],[24.8707,59.2505],[24.8707,59.2507],[24.8689,59.2531],[24.869,59.2536],[24.8686,59.2537],[24.8685,59.2536],[24.8667,59.2541],[24.8647,59.2543],[24.8438,59.2475],[24.8283,59.2473],[24.8246,59.244],[24.8158,59.2439],[24.7714,59.2332],[24.7764,59.2291],[24.7774,59.2227],[24.7831,59.2181],[24.7936,59.2213],[24.793,59.2156],[24.8047,59.2061],[24.8006,59.205],[24.8059,59.2016],[24.8103,59.1991],[24.8157,59.2056],[24.8243,59.2054],[24.8274,59.2021],[24.817,59.198],[24.8155,59.1859],[24.8227,59.1834],[24.8266,59.1885],[24.8207,59.1934],[24.836,59.1981],[24.8438,59.2027],[24.8458,59.2007],[24.8513,59.1989],[24.8561,59.1976],[24.8613,59.1961],[24.8716,59.1944],[24.8732,59.1948],[24.875,59.195],[24.8756,59.1956],[24.8767,59.1963],[24.879,59.1964],[24.8802,59.1964],[24.8723,59.2058],[24.8725,59.2081],[24.8712,59.2089],[24.8685,59.2083],[24.8687,59.2054],[24.8574,59.2058],[24.8628,59.2128],[24.8621,59.2155]],[[24.9391,59.2099],[24.9409,59.2076],[24.9411,59.2069],[24.94,59.2069],[24.9395,59.2066],[24.9394,59.2066],[24.9397,59.207],[24.9402,59.2079],[24.9391,59.2099]]],[[[26.5899,59.1969],[26.5911,59.2017],[26.579,59.2072],[26.5727,59.2074],[26.5657,59.2043],[26.5699,59.1985],[26.5684,59.1942],[26.5687,59.1935],[26.5708,59.1914],[26.5718,59.1917],[26.5727,59.1896],[26.5745,59.1879],[26.5761,59.1877],[26.577,59.1861],[26.5805,59.1853],[26.5847,59.1773],[26.593,59.1767],[26.5944,59.1808],[26.5899,59.1969]]],[[[25.2291,59.2158],[25.2299,59.2159],[25.231,59.216],[25.2434,59.219],[25.2462,59.2194],[25.2481,59.2208],[25.248,59.2212],[25.2476,59.2302],[25.2471,59.2392],[25.2467,59.2482],[25.2462,59.2571],[25.2458,59.2645],[25.2225,59.2646],[25.2075,59.2672],[25.1959,59.2622],[25.1838,59.2644],[25.1832,59.2579],[25.1782,59.2579],[25.1763,59.2622],[25.1695,59.2643],[25.1652,59.2669],[25.1579,59.2683],[25.1556,59.2666],[25.1561,59.2656],[25.1529,59.2673],[25.1521,59.2673],[25.1509,59.2667],[25.1484,59.2667],[25.1457,59.2674],[25.1446,59.2676],[25.1422,59.2679],[25.1396,59.2676],[25.1385,59.2673],[25.137,59.2659],[25.1379,59.2623],[25.1446,59.2583],[25.1519,59.2583],[25.1551,59.254],[25.1385,59.252],[25.1442,59.2469],[25.1476,59.2405],[25.1344,59.2504],[25.1326,59.2542],[25.1248,59.2587],[25.1111,59.2595],[25.0989,59.2573],[25.0866,59.2585],[25.0869,59.2588],[25.0868,59.2591],[25.0817,59.2595],[25.0757,59.2561],[25.0828,59.2585],[25.0815,59.2506],[25.0841,59.2452],[25.0686,59.2503],[25.0607,59.2517],[25.0607,59.2554],[25.0668,59.2573],[25.0704,59.2616],[25.0691,59.2637],[25.0647,59.2661],[25.0611,59.2622],[25.0511,59.2614],[25.0484,59.2678],[25.0479,59.2678],[25.0344,59.268],[25.0279,59.2683],[25.0239,59.2678],[25.023,59.2674],[25.0243,59.2648],[25.0258,59.2633],[25.0264,59.2625],[25.0242,59.2603],[25.0238,59.2598],[25.0232,59.2591],[25.0248,59.2578],[25.0266,59.2555],[25.0276,59.2554],[25.0278,59.2548],[25.0279,59.2535],[25.0217,59.2467],[25.0259,59.243],[25.0275,59.2428],[25.0276,59.2426],[25.0273,59.2418],[25.0304,59.2365],[25.0381,59.2362],[25.0427,59.2368],[25.0393,59.2347],[25.0391,59.2296],[25.0327,59.23],[25.038,59.2215],[25.0421,59.2192],[25.0577,59.2151],[25.0842,59.2118],[25.0952,59.208],[25.1038,59.21],[25.1131,59.2075],[25.1151,59.2021],[25.1131,59.2002],[25.127,59.1948],[25.1266,59.1896],[25.1361,59.1893],[25.1404,59.1927],[25.1445,59.1913],[25.1451,59.1913],[25.1449,59.193],[25.1503,59.1914],[25.1543,59.1918],[25.1556,59.1915],[25.1585,59.1948],[25.1513,59.1999],[25.1422,59.2017],[25.1303,59.2005],[25.1239,59.2052],[25.1174,59.2099],[25.1163,59.2143],[25.1184,59.215],[25.1191,59.2159],[25.1218,59.2145],[25.1303,59.2142],[25.138,59.2155],[25.1452,59.2151],[25.1546,59.2116],[25.1554,59.2119],[25.1597,59.2146],[25.1544,59.2196],[25.1398,59.2193],[25.1453,59.2259],[25.1544,59.2248],[25.1673,59.2162],[25.1649,59.2144],[25.1667,59.2123],[25.1696,59.2114],[25.1732,59.2116],[25.1784,59.2119],[25.1832,59.2134],[25.1803,59.2171],[25.182,59.2232],[25.1881,59.2218],[25.198,59.2236],[25.201,59.2233],[25.2063,59.227],[25.2139,59.2275],[25.2221,59.2262],[25.2211,59.2251],[25.2277,59.2205],[25.223,59.2157],[25.2254,59.2158],[25.2291,59.2158]]],[[[24.4553,59.2384],[24.4607,59.242],[24.4563,59.2472],[24.4511,59.2484],[24.4349,59.2493],[24.4253,59.2519],[24.4344,59.2461],[24.4251,59.243],[24.4239,59.2418],[24.4207,59.2366],[24.4072,59.2306],[24.406,59.2265],[24.4161,59.2263],[24.4211,59.226],[24.4232,59.2299],[24.4287,59.2303],[24.4352,59.2292],[24.4361,59.2254],[24.4341,59.224],[24.4331,59.2242],[24.4291,59.2231],[24.4265,59.2233],[24.4169,59.2205],[24.4119,59.2167],[24.4017,59.2194],[24.4008,59.2233],[24.3929,59.2252],[24.387,59.2247],[24.3948,59.2194],[24.3864,59.2224],[24.3776,59.2207],[24.3769,59.2159],[24.3678,59.215],[24.3599,59.2094],[24.3605,59.208],[24.3636,59.2069],[24.3657,59.2064],[24.3685,59.2084],[24.3694,59.2082],[24.3705,59.2079],[24.3823,59.2132],[24.3868,59.2132],[24.3881,59.2134],[24.3882,59.212],[24.3811,59.2097],[24.3882,59.2083],[24.3961,59.2066],[24.3997,59.2056],[24.4042,59.2074],[24.4113,59.205],[24.42,59.2038],[24.431,59.2123],[24.4305,59.2123],[24.4296,59.2146],[24.4285,59.2192],[24.433,59.2203],[24.4363,59.2185],[24.4464,59.2262],[24.4467,59.2311],[24.4519,59.2345],[24.4471,59.233],[24.4275,59.2414],[24.4478,59.2359],[24.4553,59.2384]]],[[[24.8049,59.2512],[24.7891,59.2532],[24.7828,59.2578],[24.7944,59.2569],[24.8037,59.2525],[24.8046,59.2535],[24.8073,59.255],[24.8085,59.2549],[24.8175,59.2525],[24.8187,59.2528],[24.8216,59.2532],[24.8218,59.2529],[24.8224,59.2522],[24.8232,59.2546],[24.8147,59.2611],[24.7963,59.2615],[24.7586,59.2619],[24.7526,59.262],[24.752,59.2601],[24.7518,59.2555],[24.7516,59.2547],[24.7578,59.2436],[24.7507,59.2457],[24.7501,59.2458],[24.7501,59.245],[24.7551,59.2416],[24.7553,59.2397],[24.7565,59.2391],[24.7585,59.237],[24.7582,59.2368],[24.7628,59.2353],[24.7633,59.2349],[24.7698,59.2342],[24.7716,59.2339],[24.8164,59.2449],[24.8097,59.2494],[24.8095,59.2503],[24.8049,59.2512]]],[[[24.6261,59.2564],[24.6327,59.2628],[24.6243,59.2643],[24.6046,59.2617],[24.5936,59.262],[24.5914,59.2643],[24.5814,59.2654],[24.5782,59.2652],[24.5692,59.2628],[24.5652,59.2646],[24.5511,59.2678],[24.5509,59.2674],[24.551,59.2663],[24.5512,59.2651],[24.552,59.2631],[24.5407,59.2622],[24.5362,59.2625],[24.5369,59.2677],[24.5347,59.2674],[24.5313,59.2683],[24.5296,59.2685],[24.5258,59.2681],[24.5271,59.2672],[24.5274,59.2635],[24.5275,59.2633],[24.5296,59.2609],[24.5317,59.2601],[24.5355,59.2595],[24.5396,59.2586],[24.5412,59.2589],[24.5475,59.2585],[24.5477,59.2585],[24.5488,59.2584],[24.5514,59.2574],[24.5572,59.254],[24.558,59.2531],[24.5697,59.257],[24.5708,59.2573],[24.5771,59.2572],[24.5908,59.2621],[24.5922,59.2592],[24.5867,59.2541],[24.5846,59.2526],[24.5841,59.252],[24.5935,59.2495],[24.597,59.2434],[24.6038,59.2481],[24.6209,59.248],[24.6242,59.2531],[24.6261,59.2564]]],[[[27.6423,59.2021],[27.6498,59.2004],[27.6603,59.2013],[27.6716,59.1939],[27.689,59.1987],[27.6977,59.1967],[27.7043,59.1906],[27.7146,59.1968],[27.7298,59.1973],[27.736,59.2024],[27.7423,59.2048],[27.748,59.2131],[27.7251,59.2098],[27.7213,59.2038],[27.7068,59.2011],[27.6905,59.2029],[27.6835,59.2071],[27.6741,59.204],[27.6599,59.2027],[27.6563,59.2044],[27.6423,59.2021]]],[[[26.5524,59.2431],[26.5428,59.2481],[26.543,59.2517],[26.5389,59.2494],[26.5384,59.2439],[26.5517,59.2399],[26.5474,59.237],[26.5362,59.2406],[26.5335,59.2365],[26.5302,59.2307],[26.5331,59.2255],[26.5336,59.2251],[26.5342,59.2246],[26.5344,59.2245],[26.5351,59.2242],[26.5378,59.2251],[26.5434,59.2267],[26.5446,59.2274],[26.5525,59.2246],[26.5538,59.2231],[26.5582,59.2225],[26.5638,59.2283],[26.5546,59.2393],[26.5524,59.2431]]],[[[25.1616,59.2891],[25.1598,59.2832],[25.1689,59.2755],[25.1783,59.2743],[25.2131,59.2751],[25.214,59.2756],[25.2149,59.2767],[25.2132,59.2803],[25.2125,59.28],[25.21,59.2808],[25.2088,59.2821],[25.2118,59.2856],[25.2087,59.2905],[25.2166,59.2918],[25.2159,59.2974],[25.2029,59.2951],[25.1996,59.298],[25.1926,59.2969],[25.1883,59.2953],[25.1881,59.295],[25.1905,59.2927],[25.1978,59.291],[25.2048,59.2888],[25.2045,59.2829],[25.2013,59.2832],[25.199,59.2829],[25.1961,59.2834],[25.1898,59.2877],[25.1905,59.2906],[25.1848,59.2919],[25.18,59.2934],[25.1616,59.2891]]],[[[24.2565,59.2925],[24.2585,59.2924],[24.2613,59.2923],[24.2616,59.2935],[24.2629,59.2934],[24.2619,59.292],[24.2641,59.2895],[24.2602,59.2874],[24.2595,59.2853],[24.2603,59.2824],[24.2631,59.2815],[24.2532,59.2807],[24.2529,59.2801],[24.2567,59.2781],[24.267,59.2737],[24.2681,59.272],[24.2771,59.276],[24.2848,59.2747],[24.2824,59.2798],[24.2899,59.2812],[24.2902,59.2814],[24.292,59.2814],[24.2932,59.2808],[24.2957,59.2805],[24.2969,59.2814],[24.2934,59.2857],[24.2908,59.2879],[24.2793,59.2907],[24.2881,59.2969],[24.2867,59.2998],[24.2957,59.3013],[24.2904,59.2937],[24.3,59.2922],[24.3008,59.2927],[24.302,59.2944],[24.3068,59.2962],[24.3055,59.2971],[24.308,59.3015],[24.2979,59.3091],[24.2857,59.3087],[24.2836,59.3087],[24.2813,59.3095],[24.2783,59.3091],[24.2767,59.3095],[24.2765,59.3075],[24.261,59.3057],[24.2559,59.302],[24.2519,59.3077],[24.2501,59.3093],[24.2443,59.3068],[24.2467,59.2987],[24.2565,59.2925]]],[[[24.705,59.3058],[24.717,59.3052],[24.7193,59.3091],[24.7169,59.3117],[24.7003,59.3117],[24.6854,59.3132],[24.6763,59.2989],[24.6728,59.2973],[24.6864,59.2976],[24.6978,59.3009],[24.7032,59.3025],[24.705,59.3058]]],[[[27.7916,59.2178],[27.7919,59.2268],[27.7702,59.2298],[27.7715,59.2414],[27.7927,59.2391],[27.7944,59.2311],[27.8167,59.2284],[27.8168,59.2354],[27.8332,59.2332],[27.8669,59.2323],[27.8897,59.2303],[27.8889,59.2382],[27.8926,59.2399],[27.8946,59.2625],[27.8829,59.2642],[27.8552,59.2646],[27.8492,59.2646],[27.8439,59.2646],[27.8394,59.2661],[27.8215,59.2665],[27.8046,59.2911],[27.801,59.2919],[27.7621,59.3056],[27.7518,59.307],[27.7517,59.3096],[27.7344,59.3117],[27.7291,59.3217],[27.7223,59.3269],[27.7205,59.3281],[27.7049,59.3342],[27.693,59.3283],[27.6889,59.3282],[27.684,59.3289],[27.6895,59.3352],[27.6778,59.337],[27.6713,59.3351],[27.6637,59.3358],[27.659,59.3304],[27.6577,59.3301],[27.6501,59.3365],[27.6387,59.3397],[27.6516,59.3431],[27.6523,59.3388],[27.671,59.3385],[27.6766,59.3404],[27.6998,59.3424],[27.6997,59.3393],[27.7157,59.341],[27.7213,59.3484],[27.709,59.3549],[27.7113,59.357],[27.7223,59.3573],[27.7203,59.3673],[27.7014,59.3695],[27.6424,59.3712],[27.5651,59.3639],[27.5654,59.3614],[27.5659,59.3595],[27.5481,59.3623],[27.5392,59.3614],[27.5353,59.361],[27.5212,59.3582],[27.4952,59.3319],[27.4972,59.3265],[27.4983,59.3252],[27.5071,59.3224],[27.5029,59.3193],[27.5101,59.316],[27.5181,59.3197],[27.5254,59.3191],[27.5232,59.3113],[27.5186,59.3088],[27.5291,59.3024],[27.5254,59.2996],[27.5349,59.2908],[27.5355,59.2906],[27.537,59.2893],[27.536,59.2883],[27.5374,59.2868],[27.5368,59.2861],[27.5388,59.2784],[27.5316,59.2796],[27.5284,59.2853],[27.5213,59.2894],[27.5172,59.2885],[27.5141,59.2837],[27.5168,59.2775],[27.5248,59.2785],[27.5207,59.267],[27.5214,59.2639],[27.5213,59.2554],[27.5243,59.2516],[27.5245,59.2494],[27.5218,59.2463],[27.5221,59.2415],[27.5137,59.2386],[27.5107,59.2352],[27.5169,59.232],[27.5126,59.2281],[27.5141,59.2225],[27.5206,59.2182],[27.5128,59.2203],[27.5023,59.2206],[27.5019,59.2242],[27.4945,59.2081],[27.504,59.2135],[27.5029,59.211],[27.4901,59.2062],[27.4816,59.1972],[27.5034,59.1986],[27.5127,59.2032],[27.5136,59.2071],[27.5213,59.2108],[27.5243,59.2177],[27.5259,59.2127],[27.5364,59.212],[27.5371,59.2086],[27.541,59.2032],[27.5511,59.1998],[27.5738,59.1959],[27.599,59.2015],[27.5955,59.221],[27.5982,59.2218],[27.6392,59.2215],[27.6582,59.2253],[27.666,59.2251],[27.6832,59.2211],[27.6789,59.216],[27.6704,59.2136],[27.6647,59.2172],[27.654,59.2201],[27.6571,59.2138],[27.6738,59.2106],[27.6851,59.219],[27.6867,59.2225],[27.6801,59.2236],[27.6772,59.2272],[27.665,59.2294],[27.6457,59.2283],[27.6198,59.2238],[27.6176,59.2251],[27.6238,59.2258],[27.616,59.234],[27.6231,59.2357],[27.6284,59.2405],[27.6141,59.263],[27.6153,59.2684],[27.6359,59.2719],[27.6369,59.2733],[27.6207,59.2699],[27.6116,59.2735],[27.5923,59.2958],[27.5807,59.2971],[27.5823,59.3017],[27.5758,59.3066],[27.5737,59.3007],[27.569,59.3029],[27.5679,59.3035],[27.5645,59.3054],[27.5617,59.307],[27.5679,59.313],[27.5615,59.3201],[27.5654,59.3214],[27.5585,59.3296],[27.56,59.3328],[27.5545,59.3386],[27.5777,59.3443],[27.5743,59.3497],[27.5766,59.3544],[27.5867,59.3527],[27.5964,59.3472],[27.6085,59.3479],[27.6083,59.3387],[27.6159,59.3322],[27.6044,59.3316],[27.5966,59.329],[27.5942,59.3217],[27.5908,59.3209],[27.6007,59.3095],[27.6049,59.3048],[27.6072,59.3053],[27.6243,59.2865],[27.6244,59.2856],[27.6368,59.2746],[27.659,59.2805],[27.6616,59.2825],[27.6765,59.2867],[27.6858,59.2885],[27.6889,59.2893],[27.693,59.2901],[27.6934,59.29],[27.6931,59.289],[27.6609,59.281],[27.6608,59.278],[27.6602,59.2659],[27.684,59.2616],[27.6931,59.2627],[27.6932,59.2598],[27.6941,59.2558],[27.7053,59.2557],[27.7069,59.2557],[27.7164,59.2564],[27.7122,59.263],[27.7161,59.2726],[27.7106,59.2735],[27.7177,59.2751],[27.7182,59.2692],[27.7181,59.2609],[27.7287,59.2609],[27.7455,59.2648],[27.7445,59.2581],[27.7445,59.2502],[27.7666,59.249],[27.7666,59.2575],[27.7669,59.2588],[27.7669,59.2646],[27.7715,59.2705],[27.7763,59.2716],[27.7769,59.2648],[27.7718,59.2644],[27.7684,59.2604],[27.7695,59.2516],[27.7682,59.2414],[27.7669,59.2378],[27.7427,59.2385],[27.7431,59.2459],[27.7194,59.2441],[27.7162,59.2462],[27.6915,59.2472],[27.6954,59.2436],[27.6936,59.2378],[27.696,59.2336],[27.6803,59.2307],[27.6944,59.2273],[27.7002,59.2264],[27.7047,59.2212],[27.7143,59.2203],[27.718,59.2266],[27.7259,59.2291],[27.7347,59.2274],[27.7409,59.2313],[27.7518,59.2303],[27.7602,59.2254],[27.7686,59.2242],[27.7686,59.2159],[27.7808,59.2145],[27.7916,59.2178]]],[[[25.1388,59.3091],[25.1412,59.3108],[25.1423,59.3118],[25.1395,59.3123],[25.1111,59.3154],[25.0947,59.3156],[25.0851,59.3166],[25.0814,59.3149],[25.0785,59.3239],[25.0684,59.327],[25.0674,59.3304],[25.0545,59.3268],[25.054,59.3222],[25.0635,59.321],[25.065,59.3143],[25.0677,59.3138],[25.07,59.3132],[25.0759,59.3055],[25.0786,59.3096],[25.0861,59.3131],[25.0876,59.3063],[25.0929,59.3051],[25.097,59.3049],[25.1075,59.3066],[25.1076,59.308],[25.1112,59.3046],[25.1313,59.304],[25.1332,59.3043],[25.134,59.3076],[25.1388,59.3091]]],[[[26.9877,59.3229],[26.9877,59.3262],[26.9891,59.3322],[26.9811,59.3344],[26.9505,59.3359],[26.9653,59.3324],[26.9635,59.3273],[26.9619,59.3213],[26.9642,59.317],[26.9721,59.3198],[26.9808,59.3182],[26.9895,59.3122],[26.993,59.3079],[26.9932,59.307],[26.9936,59.3064],[27.0038,59.3151],[26.9947,59.3193],[26.9959,59.3242],[26.9877,59.3229]]],[[[26.5818,59.3482],[26.5684,59.3398],[26.6151,59.3438],[26.6082,59.3468],[26.6068,59.3516],[26.5987,59.3556],[26.5915,59.3512],[26.5818,59.3482]]],[[[26.5349,59.3535],[26.5348,59.3471],[26.5421,59.3423],[26.5558,59.3401],[26.5601,59.3421],[26.5662,59.3398],[26.5808,59.3488],[26.5769,59.3542],[26.5797,59.3557],[26.5809,59.3558],[26.5838,59.3561],[26.5837,59.3562],[26.5834,59.357],[26.581,59.3611],[26.5759,59.3616],[26.5767,59.3611],[26.5632,59.3628],[26.555,59.3631],[26.5538,59.3641],[26.5518,59.3639],[26.5438,59.3631],[26.5397,59.3589],[26.5349,59.3535]]],[[[26.7075,59.37],[26.6995,59.3606],[26.7095,59.3548],[26.7145,59.3489],[26.7126,59.3459],[26.7602,59.3474],[26.7586,59.3475],[26.7541,59.3502],[26.7539,59.3503],[26.753,59.3524],[26.7518,59.353],[26.7709,59.3549],[26.7661,59.356],[26.7495,59.3579],[26.7355,59.3634],[26.7295,59.364],[26.7168,59.3647],[26.7066,59.3639],[26.7075,59.37]]],[[[26.8136,59.3541],[26.8206,59.3525],[26.8237,59.353],[26.8249,59.354],[26.841,59.3596],[26.8414,59.363],[26.835,59.3676],[26.8265,59.3668],[26.8251,59.3761],[26.8339,59.3764],[26.8369,59.3835],[26.8525,59.382],[26.8583,59.3792],[26.8547,59.3737],[26.8578,59.3685],[26.8608,59.372],[26.877,59.3726],[26.8887,59.3739],[26.9021,59.3714],[26.9077,59.3663],[26.9064,59.3603],[26.9166,59.3602],[26.9173,59.3646],[26.9177,59.3651],[26.9259,59.3764],[26.9192,59.3766],[26.8482,59.3881],[26.8376,59.3869],[26.7754,59.3719],[26.7656,59.3783],[26.7609,59.381],[26.7509,59.3853],[26.7301,59.3827],[26.7086,59.3799],[26.6948,59.3781],[26.6742,59.3755],[26.6788,59.3705],[26.6923,59.363],[26.684,59.3563],[26.6913,59.3558],[26.7009,59.3662],[26.697,59.371],[26.7074,59.3726],[26.7208,59.3761],[26.7335,59.377],[26.7405,59.3786],[26.7501,59.3777],[26.7645,59.3716],[26.7618,59.3668],[26.773,59.3627],[26.7811,59.3636],[26.789,59.3607],[26.7906,59.3578],[26.782,59.356],[26.7804,59.3493],[26.7846,59.3482],[26.8029,59.3487],[26.8141,59.3519],[26.8118,59.3526],[26.8136,59.3541]]],[[[27.8032,59.3501],[27.7985,59.3531],[27.8014,59.3586],[27.7646,59.3629],[27.7663,59.3571],[27.7639,59.3526],[27.7555,59.3555],[27.7474,59.356],[27.7575,59.3637],[27.751,59.3644],[27.7496,59.3595],[27.7425,59.3557],[27.7448,59.3532],[27.7753,59.3195],[27.7744,59.3262],[27.7686,59.3336],[27.7741,59.3366],[27.7665,59.3408],[27.7755,59.3447],[27.7804,59.3439],[27.7842,59.3358],[27.7887,59.3354],[27.7863,59.33],[27.7777,59.3336],[27.7822,59.3253],[27.7882,59.3173],[27.7771,59.3177],[27.7831,59.3105],[27.7946,59.311],[27.8023,59.2981],[27.8094,59.2966],[27.8269,59.3025],[27.8303,59.3055],[27.8355,59.312],[27.842,59.3096],[27.8372,59.3049],[27.8055,59.2944],[27.8219,59.2697],[27.8263,59.2682],[27.8486,59.2689],[27.8605,59.2692],[27.8674,59.2663],[27.8792,59.2661],[27.8775,59.2691],[27.8961,59.2764],[27.8956,59.2811],[27.9067,59.2798],[27.9136,59.2812],[27.8925,59.2888],[27.8897,59.2956],[27.8904,59.2961],[27.8918,59.2967],[27.8906,59.3124],[27.8974,59.3323],[27.905,59.3369],[27.9123,59.3498],[27.8466,59.3536],[27.8069,59.3581],[27.8059,59.3526],[27.8113,59.3508],[27.8086,59.3459],[27.8032,59.3501]],[[27.8619,59.2902],[27.8844,59.2814],[27.8713,59.2769],[27.8549,59.2726],[27.8291,59.2718],[27.8302,59.2817],[27.8347,59.2861],[27.8582,59.2915],[27.8619,59.2902]]],[[[25.1403,59.3924],[25.1417,59.3926],[25.1444,59.3979],[25.151,59.3979],[25.1547,59.3991],[25.162,59.3923],[25.1699,59.3908],[25.1709,59.3868],[25.1755,59.3838],[25.1838,59.3854],[25.1715,59.3866],[25.1735,59.3952],[25.1771,59.3977],[25.1751,59.4027],[25.1705,59.4025],[25.1638,59.4114],[25.1564,59.4126],[25.1436,59.4085],[25.137,59.403],[25.1298,59.4017],[25.1403,59.3924]]],[[[26.6958,59.3825],[26.7032,59.3856],[26.7088,59.3812],[26.7336,59.3844],[26.7396,59.3851],[26.7413,59.3853],[26.7516,59.3867],[26.7643,59.3816],[26.7645,59.3815],[26.7754,59.3735],[26.8215,59.3846],[26.8368,59.3884],[26.8508,59.3892],[26.921,59.3779],[26.9263,59.3778],[26.9282,59.3867],[26.9237,59.3878],[26.9318,59.3907],[26.938,59.3926],[26.9492,59.3908],[26.9522,59.3953],[26.9673,59.3922],[26.962,59.3955],[26.9625,59.4014],[26.9717,59.4036],[26.9666,59.4072],[26.9742,59.4099],[26.9619,59.411],[26.9546,59.411],[26.9392,59.4057],[26.9287,59.4082],[26.8956,59.4078],[26.8954,59.4054],[26.8731,59.4048],[26.8715,59.4107],[26.8748,59.4135],[26.8731,59.419],[26.877,59.4215],[26.8918,59.4243],[26.904,59.4219],[26.9214,59.4239],[26.9181,59.4276],[26.9199,59.432],[26.9126,59.429],[26.9093,59.4328],[26.8981,59.4334],[26.8914,59.4324],[26.8884,59.4303],[26.8877,59.425],[26.879,59.4247],[26.8774,59.4307],[26.8679,59.4338],[26.8619,59.4348],[26.8607,59.4348],[26.8607,59.4338],[26.8532,59.4256],[26.8517,59.4243],[26.8629,59.4145],[26.8432,59.4144],[26.8412,59.4192],[26.8309,59.4169],[26.8297,59.4167],[26.82,59.4172],[26.8067,59.4231],[26.7989,59.4248],[26.7899,59.4239],[26.7878,59.4296],[26.7746,59.4363],[26.7871,59.4361],[26.7744,59.4398],[26.766,59.4386],[26.763,59.429],[26.7787,59.4279],[26.7786,59.4239],[26.7612,59.427],[26.7605,59.4242],[26.758,59.4211],[26.7627,59.4164],[26.7516,59.4171],[26.7465,59.414],[26.7387,59.414],[26.7285,59.4105],[26.7222,59.4056],[26.7173,59.4068],[26.7211,59.4129],[26.7184,59.4152],[26.7133,59.4187],[26.7036,59.4245],[26.7018,59.4282],[26.6943,59.4234],[26.6825,59.4217],[26.6829,59.4162],[26.6776,59.4145],[26.682,59.4134],[26.686,59.4158],[26.701,59.4136],[26.7021,59.411],[26.6961,59.4049],[26.6997,59.3993],[26.6926,59.4015],[26.6923,59.403],[26.6915,59.4039],[26.6838,59.4081],[26.684,59.4089],[26.6831,59.41],[26.6808,59.4103],[26.678,59.4128],[26.6758,59.413],[26.6699,59.4127],[26.6682,59.4127],[26.6643,59.4129],[26.6535,59.413],[26.6469,59.4106],[26.6453,59.4102],[26.6354,59.4037],[26.6353,59.3997],[26.6348,59.399],[26.6326,59.394],[26.6335,59.3916],[26.6354,59.3888],[26.6381,59.386],[26.6425,59.385],[26.6411,59.3777],[26.6397,59.3765],[26.6386,59.3754],[26.6352,59.3741],[26.6289,59.3722],[26.6585,59.3747],[26.6584,59.3842],[26.6642,59.3923],[26.6483,59.3939],[26.646,59.3976],[26.6568,59.4068],[26.6694,59.4068],[26.6714,59.3998],[26.6771,59.3935],[26.6812,59.3859],[26.6814,59.3784],[26.6937,59.3792],[26.6958,59.3825]],[[26.7664,59.4085],[26.7744,59.4086],[26.7839,59.406],[26.7848,59.4034],[26.7789,59.3975],[26.789,59.4016],[26.7998,59.3994],[26.8045,59.3907],[26.7989,59.3861],[26.7913,59.3836],[26.782,59.3829],[26.7744,59.3856],[26.7723,59.3955],[26.7767,59.3984],[26.7664,59.4085]]],[[[26.6095,59.3967],[26.6024,59.3957],[26.5992,59.401],[26.5895,59.399],[26.5823,59.4005],[26.5757,59.3952],[26.5891,59.3856],[26.5971,59.3867],[26.6095,59.3967]]],[[[27.5072,59.3957],[27.5121,59.3975],[27.5098,59.4019],[27.5093,59.4019],[27.5064,59.4023],[27.4973,59.3974],[27.4971,59.3972],[27.4885,59.3924],[27.481,59.3977],[27.4832,59.3999],[27.481,59.4036],[27.4735,59.4085],[27.4751,59.413],[27.4691,59.4168],[27.4762,59.419],[27.4727,59.4241],[27.4653,59.4247],[27.462,59.4294],[27.4564,59.4317],[27.4457,59.4334],[27.4454,59.4353],[27.4102,59.44],[27.4066,59.4377],[27.4008,59.4362],[27.391,59.4348],[27.3905,59.4294],[27.3569,59.4281],[27.3718,59.4267],[27.3948,59.4275],[27.3949,59.4257],[27.4026,59.4255],[27.4031,59.4255],[27.4052,59.4249],[27.4136,59.4206],[27.4191,59.4178],[27.4328,59.4107],[27.4349,59.4097],[27.456,59.3986],[27.4606,59.3844],[27.4657,59.382],[27.4667,59.3831],[27.4664,59.3818],[27.4662,59.3818],[27.4884,59.3713],[27.4954,59.3737],[27.4938,59.3762],[27.5079,59.3772],[27.5108,59.3743],[27.527,59.3754],[27.5519,59.3806],[27.553,59.3897],[27.5443,59.3915],[27.54,59.398],[27.542,59.4018],[27.5301,59.4022],[27.5279,59.3964],[27.5072,59.3957]]],[[[25.2593,59.4622],[25.256,59.4608],[25.2555,59.4632],[25.2482,59.4622],[25.2452,59.4662],[25.2315,59.4593],[25.2191,59.4574],[25.2167,59.4538],[25.2218,59.4473],[25.2164,59.4425],[25.2244,59.4371],[25.2695,59.4396],[25.2676,59.4448],[25.2655,59.4506],[25.2616,59.4521],[25.2648,59.4586],[25.2593,59.4622]]],[[[24.3534,59.4509],[24.3611,59.445],[24.3616,59.4454],[24.3617,59.4454],[24.3687,59.4482],[24.3679,59.4499],[24.3692,59.45],[24.3729,59.4517],[24.3733,59.4592],[24.3757,59.4623],[24.3755,59.4628],[24.3754,59.4631],[24.3742,59.4627],[24.3691,59.4634],[24.369,59.4636],[24.3687,59.464],[24.3716,59.4686],[24.3706,59.4691],[24.3663,59.4704],[24.3659,59.4717],[24.3612,59.4653],[24.3619,59.4648],[24.3632,59.4647],[24.3638,59.4649],[24.3643,59.4644],[24.3643,59.4637],[24.3631,59.4635],[24.3617,59.4628],[24.3588,59.4617],[24.3572,59.4621],[24.3565,59.4623],[24.3563,59.4624],[24.3567,59.4628],[24.3582,59.4624],[24.3565,59.4638],[24.3491,59.4628],[24.3509,59.4612],[24.3471,59.456],[24.3531,59.4512],[24.3537,59.451],[24.3534,59.4509]]],[[[25.2932,59.4481],[25.297,59.4482],[25.3279,59.4519],[25.3291,59.4538],[25.3216,59.4579],[25.3237,59.4605],[25.3131,59.4647],[25.3111,59.465],[25.306,59.4658],[25.3,59.4662],[25.2961,59.4653],[25.2849,59.4637],[25.2876,59.4593],[25.2788,59.4586],[25.2789,59.457],[25.2791,59.4561],[25.2818,59.4495],[25.2847,59.4474],[25.2932,59.4481]]],[[[26.6293,59.428],[26.633,59.4254],[26.65,59.4272],[26.6557,59.429],[26.665,59.4283],[26.666,59.4314],[26.6738,59.435],[26.6745,59.4378],[26.67,59.4402],[26.6666,59.4366],[26.6471,59.4373],[26.648,59.4385],[26.6429,59.4399],[26.6325,59.4487],[26.6276,59.4518],[26.6183,59.4544],[26.6174,59.4618],[26.6188,59.462],[26.6254,59.4642],[26.634,59.4644],[26.6447,59.4693],[26.6489,59.4736],[26.6595,59.4693],[26.6569,59.474],[26.6615,59.4782],[26.6548,59.4865],[26.6521,59.4874],[26.6474,59.4894],[26.6441,59.4912],[26.6387,59.4921],[26.6335,59.4874],[26.6269,59.4881],[26.6188,59.484],[26.6186,59.4769],[26.6059,59.4794],[26.5899,59.4774],[26.5849,59.4786],[26.5763,59.4762],[26.572,59.4755],[26.565,59.4742],[26.5785,59.4738],[26.5806,59.4688],[26.5787,59.4659],[26.5683,59.4673],[26.5588,59.4632],[26.5538,59.4677],[26.5498,59.4666],[26.5449,59.461],[26.5447,59.4544],[26.5369,59.452],[26.5366,59.4506],[26.5404,59.4444],[26.5491,59.4431],[26.5489,59.441],[26.5489,59.4377],[26.5575,59.4394],[26.5585,59.4348],[26.5684,59.4309],[26.5787,59.4324],[26.5709,59.4361],[26.5664,59.4436],[26.5762,59.4491],[26.5766,59.4497],[26.5771,59.4508],[26.5858,59.4585],[26.592,59.4599],[26.5996,59.4574],[26.6021,59.4521],[26.6174,59.447],[26.6282,59.4394],[26.6102,59.4345],[26.5887,59.4365],[26.5917,59.433],[26.5982,59.4304],[26.6071,59.4304],[26.615,59.4276],[26.6299,59.4302],[26.6293,59.428]]],[[[26.4987,59.462],[26.5049,59.4643],[26.517,59.4576],[26.5259,59.4575],[26.5332,59.4602],[26.5318,59.4676],[26.5281,59.4695],[26.5017,59.4746],[26.4953,59.4723],[26.4949,59.4636],[26.4987,59.462]]],[[[25.3621,59.4956],[25.338,59.4929],[25.3332,59.4883],[25.3424,59.4853],[25.3448,59.4836],[25.3474,59.4849],[25.3476,59.4844],[25.3483,59.4848],[25.348,59.4843],[25.3502,59.4815],[25.3519,59.4813],[25.3646,59.4746],[25.371,59.4761],[25.3813,59.4728],[25.3966,59.4731],[25.3991,59.4734],[25.4131,59.473],[25.4295,59.4747],[25.4372,59.4769],[25.4299,59.4737],[25.4343,59.4706],[25.4427,59.4734],[25.4494,59.4704],[25.4643,59.4718],[25.4649,59.471],[25.467,59.4718],[25.4692,59.4717],[25.4709,59.4725],[25.4736,59.4735],[25.4692,59.4748],[25.4678,59.4749],[25.461,59.477],[25.4561,59.4774],[25.4549,59.4777],[25.4561,59.4786],[25.4568,59.4785],[25.4583,59.4787],[25.4605,59.4792],[25.4655,59.4792],[25.4692,59.478],[25.4717,59.4777],[25.4726,59.4767],[25.4775,59.4749],[25.4777,59.475],[25.4758,59.4764],[25.475,59.4769],[25.4756,59.4771],[25.4767,59.4768],[25.4769,59.4765],[25.4785,59.4762],[25.4785,59.4761],[25.4799,59.4758],[25.4827,59.4784],[25.4808,59.4785],[25.4783,59.4788],[25.4751,59.4817],[25.4765,59.4829],[25.4786,59.4847],[25.4789,59.4851],[25.4779,59.4836],[25.4774,59.4828],[25.4838,59.4795],[25.4892,59.4844],[25.4898,59.4848],[25.4828,59.4892],[25.4713,59.493],[25.4591,59.4878],[25.4543,59.4887],[25.4597,59.485],[25.4569,59.4837],[25.4555,59.4831],[25.4525,59.4819],[25.4439,59.4792],[25.4431,59.4833],[25.436,59.4822],[25.4323,59.4802],[25.4222,59.4814],[25.4214,59.4814],[25.4196,59.4817],[25.421,59.4811],[25.4207,59.4802],[25.4241,59.4803],[25.4095,59.4748],[25.3992,59.4823],[25.3989,59.4816],[25.3986,59.4809],[25.3984,59.4787],[25.3909,59.4787],[25.3839,59.475],[25.3783,59.4803],[25.3772,59.4811],[25.3759,59.489],[25.3749,59.4892],[25.3741,59.4913],[25.3743,59.4917],[25.3621,59.4956]]],[[[25.8,59.5585],[25.7928,59.5546],[25.7968,59.5525],[25.7972,59.5523],[25.8113,59.5451],[25.8182,59.5403],[25.8225,59.5402],[25.839,59.5417],[25.8375,59.5463],[25.848,59.5458],[25.846,59.5411],[25.8576,59.5424],[25.8601,59.5435],[25.8765,59.5508],[25.8688,59.5554],[25.8619,59.5563],[25.8514,59.5613],[25.8507,59.5645],[25.8501,59.5659],[25.8402,59.5634],[25.8304,59.5638],[25.8298,59.562],[25.83,59.5603],[25.8299,59.5598],[25.8371,59.5593],[25.8363,59.5582],[25.8354,59.5569],[25.8344,59.5571],[25.834,59.5578],[25.8327,59.5584],[25.8271,59.5548],[25.8252,59.5551],[25.8231,59.5613],[25.8227,59.5616],[25.8216,59.5615],[25.8185,59.5604],[25.8138,59.5608],[25.8071,59.5591],[25.8075,59.5601],[25.8049,59.5602],[25.8024,59.5586],[25.8,59.5585]]],[[[25.7558,59.5532],[25.7637,59.5534],[25.7661,59.559],[25.7693,59.5602],[25.78,59.5602],[25.7784,59.5604],[25.7782,59.5609],[25.7791,59.561],[25.7758,59.5627],[25.7598,59.5625],[25.7561,59.5643],[25.7532,59.5665],[25.7606,59.5664],[25.7657,59.568],[25.763,59.5694],[25.7628,59.5695],[25.7539,59.5741],[25.7377,59.579],[25.7332,59.5732],[25.7369,59.5717],[25.7331,59.5719],[25.7302,59.5637],[25.739,59.5561],[25.7399,59.5515],[25.75,59.5512],[25.7558,59.5532]]],[[[26.5816,57.5655],[26.5875,57.5605],[26.6005,57.5621],[26.6016,57.5657],[26.6015,57.5703],[26.5982,57.5714],[26.595,57.5743],[26.5881,57.5719],[26.5844,57.5689],[26.5816,57.5655]]],[[[27.2244,57.5675],[27.2282,57.5715],[27.221,57.5732],[27.2061,57.5737],[27.2009,57.5694],[27.2101,57.5613],[27.2094,57.5527],[27.2199,57.5562],[27.2215,57.5622],[27.2184,57.567],[27.2244,57.5675]]],[[[27.0707,57.5804],[27.0683,57.5813],[27.0577,57.5822],[27.0482,57.5762],[27.0458,57.5692],[27.0374,57.5702],[27.0338,57.5765],[27.0256,57.5736],[27.0256,57.5684],[27.0375,57.5582],[27.0443,57.5543],[27.0439,57.5486],[27.0509,57.5486],[27.0679,57.5421],[27.0701,57.5371],[27.1002,57.5446],[27.1195,57.544],[27.1356,57.5447],[27.1463,57.5496],[27.1456,57.5517],[27.1512,57.5511],[27.1548,57.5522],[27.1568,57.5522],[27.2146,57.544],[27.2206,57.5465],[27.2228,57.5541],[27.1942,57.5505],[27.1614,57.5605],[27.1174,57.5621],[27.122,57.5585],[27.1193,57.5488],[27.1131,57.5539],[27.1191,57.5561],[27.1167,57.5624],[27.1125,57.5638],[27.1116,57.5638],[27.1055,57.5654],[27.1052,57.5653],[27.0959,57.5691],[27.0957,57.5696],[27.0828,57.5707],[27.0769,57.5728],[27.0767,57.5768],[27.0881,57.5819],[27.0872,57.5879],[27.0589,57.5885],[27.0672,57.5814],[27.071,57.5834],[27.0745,57.5827],[27.0707,57.5804]]],[[[26.9592,57.6061],[26.9698,57.6073],[26.9753,57.6125],[26.9833,57.6122],[26.9874,57.6091],[26.9868,57.6065],[26.9769,57.606],[26.9593,57.5943],[26.9539,57.5919],[26.9651,57.5924],[26.9705,57.5893],[26.9875,57.5849],[26.9941,57.5813],[26.9874,57.5778],[26.9927,57.5725],[26.9991,57.5709],[27.0128,57.5773],[27.013,57.5816],[27.0204,57.5873],[27.0287,57.5858],[27.0416,57.5887],[27.0446,57.5968],[27.0312,57.6045],[27.0309,57.6045],[27.0251,57.6045],[27.0141,57.6046],[27.0094,57.6101],[27.0006,57.6084],[26.9985,57.6115],[27.0051,57.6137],[27.0025,57.6173],[26.9894,57.6181],[26.9928,57.6137],[26.9868,57.612],[26.9772,57.614],[26.9648,57.6099],[26.9592,57.6061]]],[[[26.3189,57.7319],[26.3298,57.733],[26.334,57.7362],[26.3463,57.7358],[26.3512,57.7441],[26.3396,57.7451],[26.3311,57.7482],[26.3223,57.7459],[26.3116,57.7451],[26.3201,57.7431],[26.3139,57.7389],[26.3059,57.7389],[26.3005,57.7385],[26.3067,57.7336],[26.311,57.7324],[26.3189,57.7319]]],[[[26.9414,57.7117],[26.9377,57.708],[26.9411,57.7025],[26.9503,57.7033],[26.9543,57.7012],[26.9665,57.7028],[26.9696,57.7117],[26.9594,57.7138],[26.9616,57.7171],[26.9805,57.7167],[26.9814,57.7211],[26.9664,57.7287],[26.9544,57.7283],[26.9522,57.7273],[26.9554,57.7271],[26.9569,57.7248],[26.9518,57.7231],[26.9415,57.7245],[26.9379,57.7251],[26.9403,57.7218],[26.9414,57.7117]]],[[[26.2584,57.7335],[26.2759,57.731],[26.2755,57.7359],[26.2695,57.7403],[26.2781,57.7415],[26.2813,57.7458],[26.2873,57.7471],[26.2892,57.7506],[26.278,57.7494],[26.2734,57.7524],[26.2754,57.7563],[26.287,57.7597],[26.2864,57.7638],[26.2922,57.7663],[26.3108,57.7631],[26.3115,57.7637],[26.3082,57.768],[26.2947,57.7696],[26.2879,57.7686],[26.2815,57.7668],[26.2701,57.7667],[26.2612,57.7656],[26.2655,57.7703],[26.253,57.7753],[26.2469,57.7789],[26.2466,57.7832],[26.244,57.789],[26.2384,57.7897],[26.235,57.7955],[26.2238,57.7996],[26.2222,57.8013],[26.2224,57.7981],[26.2156,57.7956],[26.2107,57.8],[26.209,57.8063],[26.2024,57.8046],[26.2009,57.8102],[26.1899,57.8111],[26.1871,57.8177],[26.1828,57.818],[26.2032,57.8215],[26.2105,57.8262],[26.2189,57.8285],[26.2214,57.8329],[26.2094,57.8362],[26.208,57.8368],[26.1947,57.8358],[26.1934,57.8285],[26.1873,57.8286],[26.191,57.8346],[26.1895,57.8374],[26.18,57.8412],[26.1863,57.8478],[26.1797,57.8481],[26.1765,57.8444],[26.1779,57.8293],[26.1759,57.824],[26.1796,57.8222],[26.1757,57.8238],[26.1727,57.8183],[26.1724,57.8173],[26.1691,57.8115],[26.1775,57.8086],[26.1834,57.804],[26.1762,57.8016],[26.179,57.7984],[26.1868,57.7958],[26.1899,57.7976],[26.1955,57.7985],[26.2058,57.7979],[26.2111,57.7969],[26.2134,57.7886],[26.2069,57.7866],[26.2012,57.78],[26.2019,57.7753],[26.2183,57.7707],[26.2133,57.7757],[26.2158,57.7781],[26.2297,57.7717],[26.2335,57.7821],[26.2253,57.784],[26.2282,57.7882],[26.2347,57.7889],[26.2371,57.7803],[26.2367,57.7752],[26.2415,57.7716],[26.2405,57.7677],[26.2338,57.7666],[26.2293,57.7614],[26.2468,57.7565],[26.2539,57.7537],[26.2691,57.7539],[26.265,57.7481],[26.2535,57.7492],[26.2514,57.7527],[26.2454,57.7516],[26.2344,57.7564],[26.2416,57.7529],[26.2407,57.7495],[26.2331,57.7475],[26.2378,57.7442],[26.2376,57.7386],[26.2486,57.7345],[26.2584,57.7335]]],[[[26.37,57.7502],[26.3695,57.7503],[26.3686,57.7497],[26.3675,57.7504],[26.3681,57.7505],[26.3705,57.7523],[26.3756,57.7558],[26.3855,57.7574],[26.3913,57.7601],[26.3881,57.7685],[26.3746,57.7705],[26.3872,57.7742],[26.3859,57.7779],[26.3773,57.7792],[26.3757,57.7841],[26.3606,57.7891],[26.3491,57.7871],[26.3589,57.7877],[26.3609,57.7829],[26.3543,57.7806],[26.3429,57.7802],[26.3495,57.774],[26.349,57.7715],[26.3532,57.7653],[26.3593,57.7636],[26.3646,57.7659],[26.375,57.7622],[26.3749,57.7572],[26.3611,57.7533],[26.3529,57.7562],[26.346,57.7521],[26.3466,57.7501],[26.3548,57.7493],[26.3618,57.7451],[26.3653,57.7499],[26.3662,57.7493],[26.3687,57.7486],[26.37,57.7502]]],[[[27.3388,57.7779],[27.3432,57.7814],[27.3434,57.7815],[27.353,57.7818],[27.3535,57.7817],[27.3539,57.7808],[27.3541,57.7792],[27.3577,57.7812],[27.3681,57.7806],[27.3734,57.7835],[27.3702,57.7878],[27.3641,57.7905],[27.3607,57.7908],[27.3617,57.7938],[27.3577,57.7947],[27.3592,57.7973],[27.3555,57.7998],[27.3571,57.8022],[27.3509,57.8072],[27.3449,57.8079],[27.3446,57.8082],[27.3479,57.8139],[27.3478,57.8144],[27.351,57.8181],[27.3543,57.8201],[27.3569,57.8225],[27.3548,57.8226],[27.3527,57.8262],[27.3473,57.8261],[27.3389,57.8224],[27.3415,57.8212],[27.3396,57.8197],[27.3386,57.8193],[27.339,57.8188],[27.3408,57.8177],[27.3398,57.8168],[27.3397,57.8168],[27.3385,57.817],[27.3301,57.8233],[27.3297,57.8288],[27.3265,57.8347],[27.3265,57.8352],[27.3263,57.8353],[27.3254,57.8354],[27.3219,57.8349],[27.3207,57.8346],[27.3203,57.8351],[27.3219,57.8362],[27.3242,57.8377],[27.324,57.8385],[27.3211,57.8382],[27.3155,57.8358],[27.3153,57.8356],[27.3181,57.8344],[27.318,57.8341],[27.3143,57.8331],[27.3135,57.8325],[27.3114,57.8328],[27.3111,57.8319],[27.3083,57.832],[27.3065,57.8327],[27.3032,57.8323],[27.3007,57.8324],[27.2995,57.832],[27.3007,57.8318],[27.3009,57.8316],[27.2993,57.831],[27.2986,57.8309],[27.2939,57.8315],[27.2938,57.8314],[27.2937,57.8303],[27.2919,57.8302],[27.2898,57.8301],[27.2871,57.8302],[27.2874,57.8295],[27.2817,57.8281],[27.2792,57.8279],[27.2789,57.8281],[27.277,57.8293],[27.2746,57.8295],[27.2712,57.8287],[27.2734,57.8272],[27.2735,57.8271],[27.2725,57.8266],[27.2721,57.8268],[27.2681,57.8291],[27.2726,57.831],[27.2704,57.8333],[27.2709,57.8333],[27.2713,57.8334],[27.2713,57.8335],[27.2686,57.8341],[27.2681,57.834],[27.26,57.8364],[27.2589,57.837],[27.2558,57.837],[27.2589,57.8391],[27.2566,57.84],[27.255,57.8402],[27.2545,57.8403],[27.2535,57.8403],[27.2529,57.8403],[27.2521,57.8406],[27.2516,57.8406],[27.2514,57.8403],[27.2513,57.8401],[27.2512,57.8401],[27.2504,57.84],[27.2502,57.8399],[27.2497,57.8401],[27.2494,57.8403],[27.249,57.8417],[27.2481,57.8415],[27.2478,57.8414],[27.2466,57.841],[27.2466,57.8408],[27.2451,57.8389],[27.2456,57.8389],[27.2429,57.8368],[27.2444,57.836],[27.2445,57.8359],[27.2452,57.8334],[27.2457,57.8331],[27.2485,57.8325],[27.2488,57.8322],[27.2489,57.8318],[27.2491,57.8316],[27.2487,57.8313],[27.2487,57.8311],[27.2508,57.8302],[27.2507,57.8296],[27.2462,57.8292],[27.2465,57.8287],[27.247,57.8285],[27.2491,57.8286],[27.2492,57.8286],[27.2545,57.8241],[27.2597,57.8212],[27.2589,57.817],[27.2616,57.8158],[27.2624,57.8164],[27.2618,57.8166],[27.2621,57.8167],[27.2624,57.8166],[27.2627,57.8166],[27.2641,57.8168],[27.2641,57.8167],[27.2622,57.8136],[27.2548,57.8138],[27.2536,57.81],[27.2546,57.8063],[27.2546,57.8058],[27.2565,57.8011],[27.2576,57.8012],[27.2651,57.7974],[27.2655,57.7966],[27.2686,57.7945],[27.2692,57.7939],[27.2682,57.7935],[27.2681,57.7933],[27.2751,57.7911],[27.272,57.7952],[27.2799,57.7995],[27.2855,57.7921],[27.2924,57.7888],[27.2974,57.7886],[27.2967,57.7855],[27.297,57.7845],[27.3011,57.7795],[27.3009,57.7776],[27.3012,57.7769],[27.31,57.7745],[27.3089,57.7723],[27.3101,57.7725],[27.3136,57.7713],[27.3136,57.7706],[27.3212,57.7708],[27.3215,57.7711],[27.322,57.7711],[27.3226,57.771],[27.3237,57.7709],[27.3248,57.7704],[27.3376,57.7705],[27.3435,57.7723],[27.3388,57.7779]]],[[[26.639,57.8016],[26.6376,57.8036],[26.6183,57.8061],[26.6154,57.7982],[26.5977,57.801],[26.5935,57.8032],[26.5886,57.8079],[26.5772,57.8079],[26.5628,57.7998],[26.5606,57.7919],[26.5645,57.7899],[26.5664,57.7886],[26.5681,57.7889],[26.5706,57.789],[26.5823,57.7975],[26.6098,57.7946],[26.6152,57.7895],[26.623,57.7954],[26.6308,57.7973],[26.6342,57.8009],[26.6366,57.8013],[26.639,57.8016]]],[[[27.5052,57.8304],[27.4981,57.8313],[27.482,57.834],[27.4732,57.834],[27.4731,57.834],[27.4676,57.8342],[27.4655,57.833],[27.4649,57.8327],[27.4695,57.826],[27.4656,57.8227],[27.4598,57.8233],[27.4563,57.8238],[27.4427,57.8163],[27.444,57.8149],[27.4435,57.8142],[27.4439,57.814],[27.4489,57.8147],[27.4522,57.8144],[27.4623,57.8171],[27.4672,57.8206],[27.4684,57.8208],[27.469,57.8203],[27.47,57.8219],[27.4714,57.8176],[27.4718,57.8172],[27.4742,57.8169],[27.4761,57.8154],[27.48,57.8129],[27.4875,57.8136],[27.4878,57.8138],[27.4868,57.8143],[27.4881,57.8151],[27.4903,57.8155],[27.4913,57.8152],[27.4898,57.8132],[27.49,57.8131],[27.4908,57.8131],[27.4921,57.8139],[27.4925,57.8141],[27.4977,57.8135],[27.4983,57.8136],[27.5001,57.8145],[27.5052,57.8177],[27.5006,57.8224],[27.4968,57.8239],[27.4963,57.8239],[27.4948,57.8238],[27.4928,57.8233],[27.4924,57.8232],[27.4848,57.8226],[27.4846,57.8229],[27.4874,57.8256],[27.4896,57.8278],[27.4914,57.827],[27.4916,57.827],[27.4928,57.8262],[27.4941,57.8264],[27.4974,57.8258],[27.4984,57.8256],[27.5036,57.8273],[27.5052,57.8304]]],[[[26.2873,57.8408],[26.2901,57.8399],[26.2905,57.8396],[26.3019,57.8402],[26.3054,57.8364],[26.3157,57.8354],[26.3086,57.8429],[26.3094,57.8459],[26.3067,57.8537],[26.2932,57.8512],[26.2896,57.859],[26.2862,57.86],[26.2743,57.8554],[26.2724,57.8505],[26.2822,57.8475],[26.2824,57.8475],[26.2873,57.8408]]],[[[26.5183,57.8573],[26.5113,57.8593],[26.5105,57.8596],[26.5009,57.859],[26.4922,57.8573],[26.494,57.8531],[26.4901,57.85],[26.5093,57.8485],[26.514,57.8523],[26.5183,57.8573]]],[[[26.4238,57.8916],[26.4444,57.892],[26.4497,57.8945],[26.4473,57.8997],[26.4586,57.8978],[26.4589,57.8974],[26.4593,57.8972],[26.4582,57.9063],[26.4522,57.9086],[26.4418,57.9089],[26.4458,57.9142],[26.4369,57.9142],[26.4136,57.9126],[26.4256,57.9083],[26.4383,57.9096],[26.438,57.9051],[26.4097,57.901],[26.4,57.9014],[26.3889,57.9],[26.3925,57.8963],[26.3839,57.8927],[26.3785,57.8951],[26.3738,57.8989],[26.3619,57.9023],[26.3568,57.9],[26.3613,57.8956],[26.3574,57.8932],[26.3463,57.8931],[26.3454,57.8877],[26.3503,57.8836],[26.3697,57.8755],[26.3781,57.8781],[26.3884,57.8769],[26.3952,57.8739],[26.3952,57.8698],[26.4068,57.8705],[26.4057,57.8795],[26.4089,57.8827],[26.4043,57.884],[26.3944,57.8866],[26.3907,57.8818],[26.3838,57.8847],[26.3825,57.8888],[26.3896,57.8905],[26.3941,57.8878],[26.4021,57.8925],[26.4122,57.8938],[26.4148,57.8912],[26.4238,57.8916]]],[[[25.7552,57.917],[25.7649,57.9146],[25.7759,57.9154],[25.7777,57.9101],[25.7829,57.9074],[25.7993,57.9042],[25.8047,57.9082],[25.8,57.9138],[25.8098,57.9194],[25.8137,57.9215],[25.8055,57.9203],[25.804,57.925],[25.8049,57.9273],[25.8024,57.9331],[25.7997,57.9304],[25.7935,57.9274],[25.8014,57.9249],[25.8027,57.9194],[25.796,57.9174],[25.7844,57.9166],[25.7784,57.9196],[25.7856,57.9226],[25.7933,57.9314],[25.7931,57.9341],[25.7846,57.9393],[25.7789,57.9334],[25.7723,57.9385],[25.7638,57.9387],[25.7686,57.933],[25.762,57.9282],[25.7614,57.9237],[25.7552,57.917]]],[[[25.9784,57.9099],[25.9825,57.9107],[25.9907,57.914],[25.9914,57.9175],[25.999,57.92],[25.9843,57.92],[25.9906,57.9254],[25.9951,57.9296],[25.9908,57.9332],[25.9955,57.9361],[25.9932,57.938],[25.9909,57.937],[25.99,57.9353],[25.9852,57.9344],[25.9808,57.9296],[25.9712,57.9348],[25.9701,57.9333],[25.976,57.9271],[25.9677,57.9265],[25.9575,57.9265],[25.9556,57.9243],[25.9624,57.9194],[25.9604,57.9165],[25.9653,57.9154],[25.9638,57.9106],[25.9649,57.9104],[25.967,57.911],[25.9752,57.9127],[25.9784,57.9099]]],[[[27.1415,57.9327],[27.1328,57.9339],[27.1326,57.9343],[27.134,57.935],[27.128,57.9369],[27.1175,57.933],[27.1145,57.9298],[27.1231,57.9302],[27.135,57.921],[27.1375,57.9215],[27.1378,57.9214],[27.1404,57.9202],[27.145,57.9188],[27.1438,57.918],[27.1423,57.9179],[27.1471,57.9179],[27.1501,57.9194],[27.1512,57.9225],[27.1527,57.927],[27.1415,57.9327]]],[[[24.616,57.9815],[24.6128,57.9854],[24.6151,57.9898],[24.6058,57.9892],[24.6032,57.9932],[24.6052,57.9951],[24.6005,57.9998],[24.5911,57.9989],[24.5933,57.9941],[24.5849,57.9917],[24.5851,57.9851],[24.5885,57.9806],[24.5824,57.9803],[24.5802,57.974],[24.58,57.973],[24.5854,57.9707],[24.5939,57.9688],[24.5901,57.9658],[24.5932,57.9624],[24.6035,57.9641],[24.6094,57.9628],[24.6053,57.9706],[24.6086,57.9732],[24.616,57.9815]]],[[[26.4248,57.9482],[26.4167,57.9496],[26.4085,57.9478],[26.3978,57.952],[26.3997,57.9612],[26.4054,57.9706],[26.3959,57.9719],[26.3868,57.9726],[26.3692,57.9763],[26.3564,57.9759],[26.3516,57.9805],[26.3474,57.9833],[26.3404,57.9819],[26.3344,57.9852],[26.3251,57.9798],[26.3267,57.9754],[26.3321,57.972],[26.3197,57.9691],[26.3191,57.9681],[26.3189,57.9674],[26.3254,57.9645],[26.326,57.9644],[26.3296,57.9633],[26.3388,57.9626],[26.3424,57.9646],[26.3423,57.9712],[26.3512,57.9692],[26.3528,57.964],[26.3544,57.9639],[26.3595,57.961],[26.3715,57.9668],[26.3756,57.9663],[26.3762,57.9616],[26.3705,57.9588],[26.3748,57.9555],[26.3807,57.9593],[26.3862,57.9581],[26.3816,57.9494],[26.3849,57.9456],[26.3965,57.9448],[26.3859,57.9398],[26.384,57.9403],[26.3774,57.9383],[26.3765,57.9403],[26.3746,57.9407],[26.3716,57.9408],[26.3673,57.9379],[26.3655,57.9382],[26.3585,57.9353],[26.3589,57.9351],[26.3663,57.9321],[26.3585,57.9305],[26.3619,57.9283],[26.3727,57.9271],[26.3815,57.9311],[26.3863,57.934],[26.3991,57.9341],[26.4102,57.9392],[26.4207,57.9429],[26.4248,57.9482]]],[[[25.8605,57.9888],[25.8626,57.9911],[25.8698,57.9944],[25.8704,57.9951],[25.8627,57.9978],[25.8669,57.9999],[25.8583,58.0109],[25.8527,58.0134],[25.8476,58.0155],[25.848,58.0106],[25.8434,58.0079],[25.8354,58.0074],[25.8363,58.0034],[25.847,57.995],[25.8543,57.9948],[25.8532,57.9903],[25.8542,57.9889],[25.8605,57.9888]]],[[[24.865,58.0492],[24.861,58.0499],[24.8588,58.056],[24.8614,58.058],[24.8597,58.0595],[24.8577,58.0632],[24.8558,58.0638],[24.85,58.0685],[24.838,58.0683],[24.8328,58.0719],[24.8273,58.0678],[24.8325,58.0638],[24.8227,58.0631],[24.8219,58.0585],[24.8288,58.0461],[24.8386,58.0454],[24.8452,58.0442],[24.8521,58.043],[24.8592,58.0482],[24.865,58.0492]]],[[[25.9524,58.053],[25.956,58.0485],[25.9544,58.0481],[25.9399,58.0399],[25.9384,58.0394],[25.9384,58.037],[25.9449,58.0317],[25.9356,58.0293],[25.9334,58.0301],[25.9346,58.0318],[25.9313,58.0337],[25.9297,58.0345],[25.9304,58.0321],[25.9315,58.0305],[25.9249,58.0297],[25.9213,58.0234],[25.9158,58.0252],[25.9091,58.0277],[25.9049,58.0263],[25.9126,58.0211],[25.9038,58.0185],[25.9127,58.0152],[25.9301,58.0114],[25.9359,58.0136],[25.9368,58.0131],[25.943,58.0154],[25.9432,58.016],[25.9484,58.0212],[25.9585,58.0296],[25.9614,58.0358],[25.9591,58.0402],[25.9592,58.0469],[25.9656,58.0482],[25.9682,58.0561],[25.9649,58.0612],[25.9655,58.0669],[25.9571,58.0643],[25.9552,58.0538],[25.9524,58.053]]],[[[25.2243,58.0713],[25.2286,58.0716],[25.2341,58.0804],[25.2284,58.0818],[25.2291,58.0839],[25.2288,58.0858],[25.2271,58.0856],[25.2269,58.086],[25.2353,58.0908],[25.2343,58.0993],[25.226,58.1023],[25.2283,58.1061],[25.2279,58.1071],[25.2147,58.1064],[25.209,58.1032],[25.2076,58.099],[25.1961,58.0932],[25.2072,58.0903],[25.207,58.0951],[25.2137,58.0979],[25.2198,58.0954],[25.218,58.0881],[25.2109,58.085],[25.2069,58.0874],[25.2065,58.0833],[25.2122,58.0808],[25.2131,58.0794],[25.2167,58.0742],[25.213,58.0715],[25.2149,58.0709],[25.2243,58.0713]]],[[[26.5829,58.0675],[26.5823,58.0676],[26.5773,58.0653],[26.5685,58.069],[26.5658,58.0687],[26.5612,58.0718],[26.5609,58.0723],[26.5566,58.074],[26.5567,58.0723],[26.5504,58.0652],[26.5458,58.0635],[26.5464,58.0621],[26.5558,58.0589],[26.561,58.0619],[26.5677,58.0621],[26.5712,58.0558],[26.5805,58.0578],[26.5906,58.0648],[26.5829,58.0675]]],[[[26.3525,58.0591],[26.3505,58.0618],[26.336,58.0642],[26.3309,58.0601],[26.3331,58.0564],[26.3198,58.0517],[26.3104,58.0535],[26.3153,58.0446],[26.3229,58.0451],[26.3282,58.0416],[26.3307,58.0395],[26.3348,58.0445],[26.3434,58.0477],[26.3482,58.0516],[26.3552,58.049],[26.3615,58.0522],[26.3524,58.0568],[26.3514,58.0568],[26.3523,58.0578],[26.3525,58.0591]]],[[[26.3158,58.0826],[26.3176,58.0883],[26.3117,58.0932],[26.3022,58.0961],[26.3018,58.0971],[26.2961,58.1],[26.2855,58.1002],[26.278,58.1034],[26.2731,58.1057],[26.2705,58.1072],[26.2657,58.1061],[26.2698,58.1037],[26.2676,58.1001],[26.2735,58.0998],[26.2761,58.0954],[26.2846,58.0957],[26.2877,58.09],[26.2959,58.0898],[26.3027,58.0854],[26.3009,58.0829],[26.3158,58.0826]]],[[[25.2523,58.1298],[25.256,58.1293],[25.2601,58.1368],[25.2552,58.1428],[25.2445,58.1455],[25.2427,58.1495],[25.2387,58.1474],[25.2375,58.1405],[25.2416,58.138],[25.2371,58.1352],[25.2395,58.1298],[25.2523,58.1298]]],[[[26.1993,58.1099],[26.2129,58.1103],[26.2201,58.1163],[26.2164,58.1231],[26.2115,58.1234],[26.2106,58.1254],[26.2214,58.1316],[26.2307,58.1352],[26.2295,58.1369],[26.2376,58.1386],[26.238,58.1434],[26.234,58.1472],[26.2114,58.1414],[26.2117,58.1411],[26.2164,58.136],[26.2121,58.1299],[26.2055,58.1299],[26.2039,58.1302],[26.1991,58.125],[26.186,58.124],[26.1832,58.1207],[26.1914,58.1205],[26.1952,58.1233],[26.2042,58.1205],[26.1965,58.1154],[26.1938,58.1093],[26.1953,58.109],[26.1993,58.1099]]],[[[26.821,58.1309],[26.8117,58.1291],[26.8055,58.1324],[26.8128,58.1348],[26.8075,58.1352],[26.8056,58.1345],[26.7994,58.1338],[26.7916,58.1306],[26.7831,58.1301],[26.7752,58.1331],[26.77,58.1315],[26.7649,58.1293],[26.7648,58.1211],[26.7794,58.1209],[26.7917,58.1188],[26.7932,58.1149],[26.8072,58.1173],[26.8015,58.1195],[26.8034,58.1276],[26.8149,58.1257],[26.8235,58.1243],[26.8294,58.1262],[26.8275,58.1308],[26.821,58.1309]]],[[[26.4821,58.1395],[26.487,58.1377],[26.488,58.133],[26.4763,58.1337],[26.4826,58.1272],[26.4892,58.124],[26.4999,58.1246],[26.506,58.1283],[26.5106,58.1339],[26.5163,58.1334],[26.515,58.1362],[26.5014,58.1369],[26.4898,58.141],[26.4869,58.1439],[26.4821,58.1395]]],[[[26.7073,58.1738],[26.6961,58.1706],[26.6935,58.1669],[26.7055,58.1664],[26.7006,58.1585],[26.7078,58.1565],[26.7187,58.1635],[26.7196,58.1634],[26.72,58.1679],[26.7345,58.1708],[26.732,58.1749],[26.7255,58.1756],[26.7073,58.1738]]],[[[26.0977,58.1611],[26.1035,58.161],[26.1067,58.1654],[26.1154,58.1678],[26.1153,58.1678],[26.1269,58.1762],[26.1294,58.1838],[26.1163,58.1848],[26.113,58.1817],[26.11,58.1778],[26.1036,58.1795],[26.1111,58.1842],[26.1117,58.1875],[26.1041,58.1898],[26.1073,58.1942],[26.1171,58.1945],[26.1177,58.1985],[26.1176,58.1998],[26.1183,58.2],[26.1222,58.2003],[26.1316,58.2006],[26.1368,58.2047],[26.139,58.2046],[26.1387,58.2101],[26.1283,58.2104],[26.1309,58.219],[26.1268,58.2199],[26.123,58.2186],[26.1203,58.2183],[26.12,58.2099],[26.1101,58.2111],[26.1141,58.2052],[26.1089,58.2033],[26.107,58.2025],[26.1064,58.2015],[26.1036,58.1997],[26.1031,58.1992],[26.1027,58.1989],[26.1025,58.1987],[26.1019,58.1987],[26.1017,58.1988],[26.1012,58.1988],[26.1007,58.1977],[26.1006,58.1932],[26.1006,58.1931],[26.1004,58.1884],[26.0952,58.1859],[26.0944,58.1781],[26.0968,58.1669],[26.0977,58.1611]]],[[[26.1895,58.204],[26.1924,58.2069],[26.1939,58.2075],[26.1944,58.2074],[26.1946,58.2074],[26.1967,58.2086],[26.1972,58.2089],[26.1966,58.2101],[26.1951,58.2111],[26.1848,58.2063],[26.1852,58.2071],[26.1782,58.2076],[26.1585,58.2095],[26.154,58.1933],[26.1701,58.1923],[26.1752,58.194],[26.1725,58.198],[26.1766,58.2005],[26.182,58.2032],[26.1868,58.2023],[26.1883,58.2034],[26.1892,58.2038],[26.1895,58.204]]],[[[25.3506,58.2562],[25.3708,58.2603],[25.3525,58.2616],[25.3406,58.2639],[25.3325,58.2693],[25.3284,58.2679],[25.3271,58.2623],[25.3178,58.2566],[25.3217,58.2545],[25.3314,58.2545],[25.3351,58.2473],[25.3372,58.2472],[25.3472,58.2512],[25.3506,58.2562]]],[[[22.5254,58.2596],[22.5275,58.2621],[22.5299,58.2646],[22.5349,58.266],[22.535,58.2665],[22.536,58.2673],[22.5426,58.2679],[22.5414,58.2676],[22.542,58.2658],[22.5429,58.2639],[22.543,58.2637],[22.5431,58.2635],[22.5432,58.2633],[22.5445,58.2625],[22.5491,58.2649],[22.5507,58.2649],[22.5497,58.2581],[22.5498,58.258],[22.5569,58.2565],[22.5675,58.2624],[22.5676,58.2625],[22.5677,58.2675],[22.5695,58.2673],[22.5702,58.2671],[22.5705,58.2668],[22.5708,58.2663],[22.571,58.2662],[22.5722,58.2658],[22.577,58.2648],[22.5769,58.265],[22.5768,58.2651],[22.5764,58.2655],[22.5763,58.2655],[22.5755,58.2663],[22.5748,58.267],[22.5728,58.2689],[22.5691,58.2734],[22.5683,58.2748],[22.5683,58.2749],[22.5687,58.2759],[22.5682,58.276],[22.5679,58.276],[22.5659,58.2764],[22.5643,58.2767],[22.5613,58.2772],[22.5594,58.2764],[22.5534,58.2792],[22.5379,58.276],[22.532,58.2713],[22.5175,58.2669],[22.5161,58.2676],[22.5145,58.2668],[22.5148,58.2621],[22.5206,58.264],[22.5254,58.2596]]],[[[26.7644,58.2576],[26.7674,58.2609],[26.7754,58.2602],[26.7709,58.2671],[26.763,58.2715],[26.7552,58.2719],[26.7549,58.2761],[26.7448,58.2779],[26.7421,58.2726],[26.74,58.268],[26.7404,58.2664],[26.7468,58.2665],[26.7594,58.2586],[26.7635,58.2576],[26.7644,58.2576]]],[[[22.675,58.3095],[22.6745,58.3101],[22.6703,58.3078],[22.664,58.3164],[22.6609,58.3158],[22.6554,58.3119],[22.6495,58.3135],[22.6466,58.3143],[22.6442,58.3161],[22.6367,58.3184],[22.6372,58.3219],[22.628,58.3189],[22.628,58.3177],[22.6342,58.3145],[22.6393,58.3087],[22.6362,58.3033],[22.626,58.3045],[22.6264,58.3036],[22.6262,58.3036],[22.6249,58.3033],[22.6258,58.3007],[22.6244,58.299],[22.6252,58.2986],[22.6261,58.2985],[22.6455,58.3042],[22.6468,58.2995],[22.6335,58.2966],[22.6379,58.2971],[22.6412,58.295],[22.6296,58.2904],[22.6243,58.2956],[22.6249,58.2964],[22.6251,58.2975],[22.6167,58.2966],[22.6133,58.2962],[22.6118,58.296],[22.6027,58.2937],[22.6024,58.2936],[22.6012,58.2916],[22.5977,58.2852],[22.6092,58.2851],[22.6093,58.2872],[22.6103,58.2875],[22.6138,58.285],[22.6044,58.285],[22.6039,58.2814],[22.6038,58.2806],[22.6036,58.2804],[22.6036,58.2803],[22.6056,58.2805],[22.6117,58.2823],[22.6112,58.2815],[22.6123,58.2812],[22.6135,58.2809],[22.6142,58.2807],[22.6145,58.2806],[22.6147,58.2805],[22.6133,58.2777],[22.6128,58.2766],[22.6117,58.2741],[22.6114,58.2733],[22.6104,58.271],[22.6103,58.2708],[22.6102,58.2705],[22.6101,58.2702],[22.611,58.2699],[22.6067,58.265],[22.6066,58.2639],[22.6045,58.2633],[22.6051,58.2628],[22.6032,58.2624],[22.6015,58.262],[22.6014,58.262],[22.5963,58.2598],[22.5914,58.2585],[22.5849,58.2583],[22.5838,58.2578],[22.583,58.2578],[22.5819,58.2582],[22.5827,58.2588],[22.5833,58.2588],[22.5832,58.259],[22.5789,58.2595],[22.5777,58.2586],[22.5776,58.2586],[22.5756,58.2575],[22.5747,58.2572],[22.5745,58.2573],[22.5743,58.2571],[22.5717,58.2539],[22.5766,58.2487],[22.574,58.2465],[22.5962,58.2464],[22.6,58.2516],[22.6106,58.2521],[22.6164,58.2591],[22.621,58.256],[22.6286,58.2548],[22.6419,58.2557],[22.6551,58.2635],[22.6613,58.2603],[22.6675,58.2608],[22.6742,58.2612],[22.6762,58.2621],[22.6799,58.2679],[22.6764,58.2705],[22.6706,58.2685],[22.6607,58.2721],[22.6672,58.2764],[22.6676,58.2787],[22.6622,58.2781],[22.6584,58.2762],[22.6432,58.2799],[22.6495,58.2888],[22.6467,58.2884],[22.6466,58.2892],[22.6466,58.2919],[22.6533,58.2995],[22.6564,58.302],[22.6617,58.2997],[22.6634,58.3041],[22.6707,58.303],[22.6743,58.3037],[22.6771,58.304],[22.675,58.3095]]],[[[27.095,58.3089],[27.0943,58.3088],[27.0938,58.3092],[27.0958,58.3094],[27.1007,58.3074],[27.1004,58.3072],[27.1063,58.3056],[27.1173,58.3099],[27.122,58.3056],[27.1216,58.3046],[27.1253,58.3017],[27.1285,58.2947],[27.1361,58.295],[27.139,58.2921],[27.1196,58.2895],[27.117,58.2875],[27.115,58.2857],[27.1285,58.2848],[27.1331,58.2785],[27.1355,58.2786],[27.146,58.2856],[27.1462,58.2873],[27.1544,58.2906],[27.1629,58.2923],[27.1677,58.2979],[27.1682,58.3083],[27.157,58.3137],[27.1514,58.3143],[27.1455,58.3205],[27.1483,58.3255],[27.1426,58.3289],[27.1475,58.3331],[27.1424,58.3372],[27.1447,58.3412],[27.1397,58.3447],[27.1437,58.3536],[27.1501,58.356],[27.1358,58.3642],[27.1263,58.3699],[27.1302,58.3719],[27.1291,58.3771],[27.1312,58.3822],[27.1405,58.3848],[27.1415,58.3889],[27.1345,58.3914],[27.1217,58.3824],[27.1093,58.383],[27.1096,58.3796],[27.0949,58.3758],[27.0958,58.3741],[27.097,58.3738],[27.1006,58.3737],[27.1101,58.3739],[27.1154,58.3695],[27.1144,58.365],[27.1141,58.3603],[27.1077,58.3561],[27.1089,58.3557],[27.1151,58.3565],[27.1144,58.3516],[27.1161,58.3481],[27.1108,58.344],[27.0961,58.3448],[27.0896,58.3439],[27.0885,58.3419],[27.0968,58.3386],[27.1011,58.3294],[27.0984,58.325],[27.1036,58.3236],[27.0961,58.3189],[27.0898,58.3198],[27.0859,58.3189],[27.0837,58.3196],[27.0781,58.3186],[27.0805,58.3147],[27.0863,58.3144],[27.0878,58.3144],[27.0879,58.3132],[27.0865,58.3089],[27.0938,58.3069],[27.095,58.3089]]],[[[25.653,58.3739],[25.6536,58.3682],[25.6537,58.368],[25.6587,58.3596],[25.6599,58.3592],[25.6615,58.3596],[25.6608,58.3606],[25.6706,58.3601],[25.6766,58.3652],[25.6784,58.366],[25.6839,58.3658],[25.6857,58.3703],[25.6784,58.3819],[25.6717,58.3795],[25.6713,58.3786],[25.6658,58.3767],[25.6604,58.3754],[25.6576,58.3758],[25.653,58.3739]]],[[[26.0819,58.4093],[26.0798,58.4065],[26.0925,58.4024],[26.1152,58.3967],[26.129,58.3909],[26.1415,58.391],[26.1435,58.3973],[26.0852,58.4111],[26.0819,58.4093]]],[[[27.0739,58.3847],[27.0883,58.3892],[27.0983,58.3831],[27.1017,58.3835],[27.1024,58.3813],[27.1135,58.3847],[27.1196,58.3835],[27.1242,58.3869],[27.1219,58.3905],[27.1323,58.3937],[27.1407,58.4029],[27.1419,58.4069],[27.1521,58.4158],[27.1429,58.4205],[27.1246,58.4187],[27.1224,58.423],[27.1315,58.4286],[27.1175,58.4299],[27.1123,58.4267],[27.1002,58.4232],[27.1038,58.4212],[27.1011,58.4161],[27.0981,58.4154],[27.0826,58.4073],[27.0782,58.4049],[27.0735,58.3972],[27.0816,58.3937],[27.0754,58.3916],[27.079,58.3896],[27.0737,58.3858],[27.0739,58.3847]]],[[[26.8659,58.4026],[26.8572,58.4055],[26.8517,58.4131],[26.86,58.4145],[26.8612,58.409],[26.8691,58.4074],[26.8766,58.4099],[26.8656,58.4186],[26.8555,58.4191],[26.8465,58.4201],[26.8482,58.4245],[26.8422,58.4269],[26.842,58.429],[26.839,58.4277],[26.837,58.4295],[26.8353,58.4312],[26.8272,58.4349],[26.8278,58.4372],[26.8281,58.4407],[26.8236,58.4397],[26.8213,58.4405],[26.8199,58.4393],[26.822,58.4396],[26.8211,58.4389],[26.8207,58.4384],[26.8194,58.4368],[26.8152,58.4364],[26.8169,58.4356],[26.8176,58.4348],[26.8193,58.4341],[26.8218,58.4344],[26.8223,58.4315],[26.8215,58.4312],[26.821,58.431],[26.8247,58.4284],[26.8171,58.424],[26.8162,58.4236],[26.8151,58.4231],[26.8142,58.4223],[26.8162,58.4211],[26.8228,58.419],[26.8339,58.4146],[26.8349,58.4108],[26.8379,58.4104],[26.8383,58.4104],[26.8441,58.4103],[26.8527,58.4054],[26.8468,58.4022],[26.8486,58.3995],[26.8531,58.3979],[26.8543,58.398],[26.8541,58.4017],[26.8631,58.4016],[26.8659,58.4026]]],[[[25.6607,58.4284],[25.6592,58.4324],[25.6422,58.4445],[25.6394,58.4451],[25.6339,58.4434],[25.6278,58.4466],[25.6211,58.4517],[25.6122,58.4507],[25.6211,58.4534],[25.626,58.4566],[25.6252,58.4599],[25.6228,58.4598],[25.6121,58.4568],[25.6028,58.458],[25.5998,58.4584],[25.5995,58.4563],[25.5965,58.4548],[25.5965,58.4546],[25.5998,58.4532],[25.6017,58.4533],[25.596,58.4491],[25.5976,58.4467],[25.6039,58.4417],[25.6246,58.4324],[25.6206,58.4307],[25.6143,58.4319],[25.615,58.4357],[25.5997,58.4376],[25.5983,58.4371],[25.597,58.4358],[25.5969,58.4357],[25.6003,58.4342],[25.6021,58.434],[25.597,58.4303],[25.5994,58.4284],[25.6028,58.4225],[25.6117,58.4244],[25.617,58.4215],[25.6196,58.4233],[25.6246,58.4248],[25.6341,58.4316],[25.6411,58.4334],[25.6449,58.4299],[25.655,58.4311],[25.6607,58.4284]]],[[[24.6103,58.4612],[24.6093,58.4583],[24.6111,58.4563],[24.6054,58.4549],[24.6033,58.4572],[24.6043,58.4573],[24.608,58.4576],[24.6029,58.4621],[24.5999,58.4631],[24.5928,58.4606],[24.5944,58.4562],[24.5905,58.4537],[24.5915,58.4521],[24.5972,58.4454],[24.5974,58.4453],[24.6009,58.4434],[24.6245,58.4439],[24.6548,58.4663],[24.6657,58.4733],[24.6605,58.4781],[24.6507,58.479],[24.6425,58.4776],[24.6345,58.4727],[24.6335,58.4692],[24.6092,58.4689],[24.6087,58.4707],[24.6021,58.4665],[24.606,58.464],[24.6103,58.4612]]],[[[25.503,58.4527],[25.5086,58.4551],[25.513,58.4507],[25.5155,58.4491],[25.519,58.4496],[25.5167,58.4575],[25.5249,58.4536],[25.5303,58.4556],[25.5283,58.4593],[25.5249,58.4616],[25.5358,58.4671],[25.5271,58.4734],[25.5154,58.4773],[25.5107,58.4769],[25.5076,58.4771],[25.5087,58.4724],[25.4927,58.463],[25.4924,58.4614],[25.4915,58.4575],[25.503,58.4527]]],[[[25.3822,58.4389],[25.3846,58.4355],[25.3812,58.4306],[25.3929,58.4316],[25.3978,58.4361],[25.3935,58.4433],[25.4006,58.4441],[25.4077,58.4421],[25.4066,58.4369],[25.411,58.4356],[25.4161,58.4362],[25.419,58.4418],[25.4242,58.4429],[25.4302,58.4468],[25.4345,58.4539],[25.4271,58.4555],[25.4311,58.4606],[25.4295,58.4645],[25.4287,58.4651],[25.4293,58.465],[25.4363,58.4647],[25.437,58.4655],[25.4301,58.4696],[25.426,58.4622],[25.4193,58.4583],[25.4121,58.46],[25.4093,58.4553],[25.4077,58.4545],[25.4138,58.4506],[25.4059,58.4478],[25.4003,58.4531],[25.3985,58.4499],[25.3879,58.4483],[25.3814,58.4516],[25.3802,58.4531],[25.3825,58.4581],[25.3727,58.4594],[25.3702,58.4645],[25.3673,58.4649],[25.3591,58.4623],[25.3548,58.4519],[25.3645,58.4527],[25.3712,58.4527],[25.3766,58.4518],[25.3717,58.4466],[25.3698,58.4443],[25.3658,58.4429],[25.3607,58.4436],[25.3606,58.4421],[25.368,58.4427],[25.3719,58.4394],[25.3675,58.4366],[25.3761,58.4334],[25.3822,58.4389]]],[[[25.018,58.4884],[25.0113,58.487],[24.9955,58.4719],[25.0037,58.468],[24.9989,58.461],[24.9954,58.4556],[25.0011,58.4523],[25.0186,58.453],[25.0207,58.4531],[25.0224,58.4532],[25.0259,58.4555],[25.0374,58.4517],[25.0478,58.4541],[25.0685,58.4538],[25.0834,58.4498],[25.0821,58.4539],[25.0774,58.4577],[25.0721,58.4572],[25.0647,58.4612],[25.0466,58.4602],[25.0226,58.4626],[25.0111,58.462],[25.014,58.4661],[25.0068,58.4685],[25.0099,58.4783],[25.0171,58.4863],[25.018,58.4884]]],[[[26.8887,58.442],[26.8767,58.4444],[26.8878,58.4476],[26.8866,58.4493],[26.8814,58.449],[26.8713,58.4586],[26.8614,58.457],[26.864,58.4493],[26.8548,58.4466],[26.8457,58.4419],[26.8603,58.4455],[26.8617,58.4403],[26.8574,58.4345],[26.8767,58.4314],[26.8801,58.4373],[26.8867,58.4329],[26.9,58.4358],[26.8887,58.442]]],[[[24.8793,58.4864],[24.8773,58.4855],[24.8731,58.49],[24.8769,58.4929],[24.8741,58.4948],[24.8652,58.4963],[24.8646,58.4972],[24.8635,58.498],[24.862,58.498],[24.8634,58.4949],[24.8585,58.4992],[24.8552,58.4988],[24.8547,58.4992],[24.8534,58.4989],[24.8528,58.4994],[24.8572,58.5009],[24.8559,58.502],[24.8533,58.5028],[24.8481,58.5034],[24.8479,58.5029],[24.8476,58.5017],[24.8496,58.497],[24.8466,58.4956],[24.8463,58.4947],[24.8477,58.4937],[24.8473,58.4925],[24.8446,58.4887],[24.8425,58.4861],[24.8427,58.486],[24.8527,58.4849],[24.8529,58.4851],[24.8603,58.4796],[24.8607,58.479],[24.8619,58.4793],[24.8668,58.4766],[24.8636,58.4755],[24.8621,58.4751],[24.8623,58.475],[24.8548,58.4709],[24.8542,58.4706],[24.858,58.4682],[24.8604,58.4644],[24.8611,58.4645],[24.8638,58.4647],[24.8664,58.4639],[24.8671,58.4643],[24.8631,58.4698],[24.8719,58.4768],[24.8813,58.4775],[24.8793,58.4864]]],[[[23.987,58.5517],[23.9838,58.5516],[23.9956,58.5458],[24.0104,58.5403],[24.0166,58.5401],[24.0208,58.5392],[24.0263,58.5416],[24.0264,58.5419],[24.024,58.5422],[24.0235,58.5422],[24.0295,58.5445],[24.035,58.5444],[24.0487,58.5474],[24.0328,58.556],[24.0242,58.5581],[24.0148,58.5536],[24.0048,58.5514],[23.9871,58.5526],[23.987,58.5517]]],[[[25.0747,58.5475],[25.0888,58.5447],[25.0945,58.5423],[25.1116,58.5433],[25.1053,58.538],[25.0991,58.538],[25.0909,58.534],[25.084,58.5236],[25.0917,58.5233],[25.0981,58.5179],[25.1093,58.5211],[25.1141,58.528],[25.1191,58.53],[25.1336,58.5357],[25.1401,58.5367],[25.1392,58.5436],[25.1442,58.542],[25.1613,58.5465],[25.1654,58.5508],[25.1679,58.5584],[25.1666,58.5586],[25.1664,58.5592],[25.1684,58.5634],[25.1593,58.5659],[25.1582,58.5613],[25.1519,58.5607],[25.1483,58.5603],[25.1412,58.5537],[25.1435,58.5513],[25.1313,58.5463],[25.1325,58.5488],[25.1232,58.5541],[25.104,58.5497],[25.103,58.556],[25.1136,58.5564],[25.1244,58.5547],[25.1314,58.5588],[25.1332,58.563],[25.143,58.5695],[25.1377,58.5728],[25.1419,58.5779],[25.1346,58.5739],[25.1238,58.5707],[25.1189,58.5723],[25.1153,58.5673],[25.1084,58.5659],[25.103,58.5701],[25.0948,58.5714],[25.0973,58.5657],[25.087,58.563],[25.0921,58.5601],[25.0901,58.5558],[25.0856,58.5514],[25.0747,58.5486],[25.0747,58.5475]]],[[[22.5706,58.6199],[22.5615,58.6206],[22.5558,58.6214],[22.5543,58.6281],[22.5504,58.626],[22.5417,58.6269],[22.54,58.6252],[22.541,58.6218],[22.5485,58.616],[22.5445,58.6118],[22.534,58.6124],[22.5233,58.6133],[22.5172,58.6051],[22.5122,58.6022],[22.5179,58.5963],[22.5271,58.5968],[22.5307,58.5932],[22.5374,58.5937],[22.5553,58.5859],[22.5616,58.5978],[22.5697,58.605],[22.577,58.6028],[22.57,58.5988],[22.5727,58.5929],[22.5808,58.5998],[22.5767,58.6052],[22.5777,58.6103],[22.586,58.6132],[22.5788,58.6175],[22.5734,58.6201],[22.5706,58.6199]]],[[[26.6753,58.6308],[26.6859,58.6354],[26.6748,58.6388],[26.6737,58.6429],[26.6629,58.6435],[26.6536,58.6439],[26.6562,58.6396],[26.6666,58.6311],[26.6723,58.6292],[26.6753,58.6308]]],[[[24.5671,58.6721],[24.5672,58.6792],[24.5616,58.6777],[24.5516,58.6808],[24.5237,58.6825],[24.5126,58.6803],[24.5011,58.6777],[24.491,58.6729],[24.4923,58.6713],[24.49,58.6669],[24.4918,58.6648],[24.4914,58.6645],[24.4965,58.6633],[24.4975,58.6642],[24.498,58.6647],[24.5032,58.6616],[24.5178,58.6579],[24.5249,58.66],[24.5272,58.6556],[24.5347,58.6549],[24.5555,58.6546],[24.5568,58.6569],[24.5391,58.6631],[24.5377,58.6651],[24.5555,58.6733],[24.5607,58.6693],[24.5671,58.6721]]],[[[25.8577,58.6555],[25.8643,58.6584],[25.8641,58.6625],[25.8713,58.6637],[25.8589,58.6656],[25.8567,58.671],[25.8745,58.6692],[25.8731,58.664],[25.8771,58.6616],[25.895,58.6663],[25.9049,58.6607],[25.9048,58.6664],[25.8994,58.6764],[25.8987,58.678],[25.8981,58.6792],[25.896,58.6788],[25.8936,58.6798],[25.8857,58.6814],[25.8792,58.6832],[25.8779,58.6874],[25.8778,58.6882],[25.8822,58.6881],[25.8856,58.689],[25.8858,58.6893],[25.8878,58.6915],[25.8911,58.6912],[25.8907,58.6937],[25.8904,58.6956],[25.8893,58.6976],[25.8739,58.7057],[25.865,58.7028],[25.8642,58.7092],[25.8634,58.7089],[25.8644,58.706],[25.8519,58.7064],[25.8463,58.7148],[25.8533,58.7164],[25.8332,58.7271],[25.8307,58.7284],[25.8195,58.7342],[25.8166,58.7329],[25.8145,58.7323],[25.8161,58.7305],[25.8247,58.7207],[25.8266,58.7043],[25.83,58.7031],[25.8342,58.7017],[25.8337,58.7003],[25.8376,58.7004],[25.8438,58.702],[25.8491,58.6966],[25.8378,58.695],[25.8487,58.6848],[25.8401,58.6798],[25.8406,58.6756],[25.8399,58.6753],[25.8475,58.6731],[25.8556,58.6713],[25.848,58.6726],[25.8461,58.6673],[25.8404,58.6662],[25.8396,58.6654],[25.8405,58.6628],[25.8482,58.6651],[25.8526,58.6583],[25.8577,58.6555]]],[[[26.0712,58.6775],[26.0465,58.6724],[26.0532,58.6688],[26.0513,58.6652],[26.0513,58.6647],[26.0783,58.6655],[26.0804,58.6677],[26.0758,58.6761],[26.0737,58.678],[26.0712,58.6775]]],[[[25.0913,58.7022],[25.0762,58.7033],[25.0862,58.7008],[25.0891,58.6939],[25.0831,58.6923],[25.0848,58.6978],[25.0745,58.6975],[25.0654,58.6996],[25.0676,58.7036],[25.0759,58.7033],[25.0774,58.7073],[25.0467,58.7102],[25.0399,58.7081],[25.0383,58.7075],[25.0368,58.707],[25.0355,58.7066],[25.0346,58.7015],[25.0366,58.6949],[25.0451,58.6963],[25.0447,58.6913],[25.0376,58.6884],[25.0372,58.6843],[25.043,58.6796],[25.0357,58.6725],[25.0342,58.668],[25.0473,58.6695],[25.0613,58.6708],[25.1,58.6747],[25.1051,58.676],[25.1044,58.6776],[25.1108,58.6846],[25.1027,58.685],[25.1017,58.6866],[25.0996,58.6869],[25.0998,58.6879],[25.0985,58.6873],[25.0962,58.681],[25.0877,58.6812],[25.0849,58.6759],[25.0742,58.6749],[25.0669,58.6779],[25.0724,58.6817],[25.0826,58.6845],[25.0878,58.6819],[25.0894,58.6882],[25.0972,58.6874],[25.0976,58.6903],[25.1032,58.6932],[25.1081,58.6902],[25.11,58.6908],[25.1042,58.6943],[25.1042,58.696],[25.1034,58.6966],[25.0947,58.701],[25.0913,58.7022]]],[[[25.3149,58.6949],[25.3107,58.7007],[25.3047,58.6994],[25.289,58.7017],[25.2873,58.7024],[25.285,58.7014],[25.2903,58.6908],[25.2991,58.6889],[25.3035,58.6872],[25.3149,58.6949]]],[[[25.4373,58.7556],[25.4412,58.7522],[25.4495,58.7532],[25.4505,58.7551],[25.4556,58.7621],[25.464,58.7607],[25.4622,58.7652],[25.457,58.7688],[25.4459,58.7701],[25.4365,58.7666],[25.433,58.7632],[25.4373,58.7556]]],[[[25.4954,58.7648],[25.4878,58.7613],[25.4898,58.7606],[25.4882,58.7566],[25.4915,58.7528],[25.4984,58.7511],[25.4963,58.7475],[25.5048,58.7392],[25.5049,58.7488],[25.5099,58.7531],[25.5265,58.7545],[25.5344,58.7593],[25.5381,58.7649],[25.5337,58.7662],[25.5174,58.7659],[25.5071,58.776],[25.5051,58.7765],[25.4999,58.7722],[25.5046,58.7676],[25.4955,58.7644],[25.4954,58.7648]]],[[[26.2294,58.7607],[26.2335,58.7634],[26.2303,58.7682],[26.2168,58.7748],[26.2096,58.7729],[26.2102,58.7613],[26.208,58.7562],[26.2185,58.7488],[26.2238,58.7523],[26.2294,58.7607]]],[[[25.3528,58.798],[25.356,58.8001],[25.3452,58.8016],[25.341,58.8051],[25.3309,58.8055],[25.3265,58.803],[25.3159,58.8014],[25.3187,58.7961],[25.3238,58.7954],[25.3445,58.7963],[25.3528,58.798]]],[[[24.3457,58.8145],[24.3615,58.8108],[24.3776,58.8124],[24.3742,58.8205],[24.3703,58.822],[24.362,58.8224],[24.3441,58.8257],[24.3481,58.8206],[24.3457,58.8145]]],[[[24.367,58.8641],[24.3756,58.867],[24.3898,58.8678],[24.3936,58.8735],[24.3987,58.8718],[24.3997,58.8743],[24.4009,58.876],[24.402,58.8779],[24.3949,58.8795],[24.3906,58.8818],[24.386,58.8768],[24.3773,58.8762],[24.3688,58.8754],[24.3633,58.865],[24.3635,58.8626],[24.3644,58.8626],[24.367,58.8641]]],[[[24.4916,58.8962],[24.4931,58.8968],[24.4984,58.8992],[24.5008,58.9043],[24.4994,58.9049],[24.5015,58.9101],[24.4951,58.914],[24.4873,58.9184],[24.4798,58.9225],[24.4766,58.9295],[24.4748,58.9295],[24.4711,58.935],[24.4651,58.9363],[24.4605,58.9242],[24.4659,58.9225],[24.4576,58.9179],[24.4559,58.8961],[24.4504,58.8833],[24.4504,58.8786],[24.4431,58.8714],[24.4437,58.8716],[24.4459,58.8713],[24.4556,58.8763],[24.4646,58.8789],[24.4659,58.88],[24.4761,58.8836],[24.4868,58.8853],[24.4897,58.8884],[24.4906,58.8883],[24.4951,58.8905],[24.4975,58.8938],[24.4916,58.8962]]],[[[26.275,58.9324],[26.2736,58.9279],[26.2704,58.9318],[26.2697,58.9317],[26.2609,58.9289],[26.2597,58.9292],[26.2589,58.9292],[26.2583,58.9291],[26.2684,58.9205],[26.2726,58.9201],[26.2716,58.9182],[26.2803,58.9083],[26.2903,58.9118],[26.2914,58.9168],[26.2865,58.9274],[26.2805,58.9338],[26.275,58.9324]]],[[[26.1494,58.9544],[26.1515,58.9582],[26.1495,58.9595],[26.1447,58.9627],[26.1445,58.963],[26.1443,58.9633],[26.1419,58.9683],[26.1356,58.9696],[26.1309,58.9767],[26.1242,58.9747],[26.1195,58.9767],[26.1086,58.9765],[26.1085,58.9799],[26.1079,58.9724],[26.1139,58.974],[26.1228,58.9714],[26.1154,58.9686],[26.108,58.9692],[26.099,58.9692],[26.0989,58.9685],[26.1029,58.9665],[26.1033,58.9609],[26.0973,58.9614],[26.1035,58.9569],[26.1113,58.9504],[26.1296,58.9512],[26.1313,58.9489],[26.1205,58.9449],[26.125,58.9418],[26.1337,58.9453],[26.1455,58.945],[26.1474,58.944],[26.1559,58.9459],[26.164,58.9448],[26.1666,58.946],[26.1661,58.9469],[26.1677,58.9478],[26.1772,58.9488],[26.179,58.9508],[26.1694,58.9511],[26.1682,58.9541],[26.1674,58.954],[26.1648,58.9535],[26.1546,58.954],[26.1534,58.9545],[26.1514,58.9547],[26.1494,58.9544]]],[[[24.7903,58.9685],[24.7937,58.9657],[24.8046,58.9675],[24.807,58.963],[24.8039,58.9564],[24.8141,58.9597],[24.8149,58.9617],[24.8116,58.9649],[24.8113,58.9649],[24.8199,58.9661],[24.8235,58.968],[24.825,58.9652],[24.8288,58.9655],[24.838,58.9665],[24.8493,58.9699],[24.8457,58.9698],[24.8332,58.9705],[24.8286,58.9706],[24.8231,58.9748],[24.8159,58.9779],[24.8144,58.9767],[24.8079,58.976],[24.8082,58.9772],[24.8055,58.9816],[24.8009,58.9821],[24.7919,58.981],[24.7915,58.9793],[24.7853,58.9735],[24.7903,58.9685]]],[[[25.6658,58.9927],[25.66,58.9926],[25.6448,58.9924],[25.6439,58.9917],[25.6406,58.9924],[25.6261,58.9922],[25.6325,58.9874],[25.6397,58.9847],[25.6319,58.9814],[25.6312,58.9779],[25.6356,58.9726],[25.6419,58.9717],[25.6569,58.9728],[25.657,58.9733],[25.6569,58.9743],[25.6579,58.975],[25.6571,58.9771],[25.6576,58.9782],[25.6541,58.981],[25.661,58.9859],[25.6646,58.9893],[25.666,58.9921],[25.6658,58.9927]]],[[[24.9625,59.0551],[24.952,59.0546],[24.9519,59.0513],[24.9465,59.0474],[24.942,59.0425],[24.9445,59.0419],[24.9547,59.0439],[24.9637,59.038],[24.9698,59.0366],[24.9803,59.038],[24.984,59.0344],[24.9825,59.0278],[24.9685,59.0276],[24.9666,59.0248],[24.9559,59.0227],[24.9665,59.0205],[24.9736,59.0195],[24.9816,59.0245],[24.9849,59.019],[24.9853,59.0156],[24.9967,59.0133],[25.0031,59.0148],[25.003,59.0184],[24.9986,59.0213],[25.0089,59.0211],[25.0183,59.0242],[25.0223,59.0236],[25.0259,59.0236],[25.0217,59.0271],[25.0058,59.0294],[25.0019,59.0414],[25.0117,59.0425],[25.0073,59.0444],[24.9961,59.0422],[24.9944,59.0405],[24.9917,59.0326],[24.9869,59.0365],[24.9886,59.0403],[24.9903,59.045],[25.0018,59.0467],[24.9998,59.048],[24.9893,59.0524],[24.9846,59.0517],[24.9763,59.043],[24.9659,59.0429],[24.9639,59.0511],[24.9707,59.0495],[24.9804,59.0522],[24.9754,59.0552],[24.9658,59.0559],[24.9625,59.0551]]],[[[24.9359,59.0462],[24.9306,59.0572],[24.9364,59.0597],[24.9294,59.0648],[24.916,59.0681],[24.9114,59.0596],[24.9207,59.0505],[24.9229,59.05],[24.9238,59.0497],[24.9314,59.0448],[24.9359,59.0462]]],[[[24.6852,59.0779],[24.6954,59.0796],[24.7036,59.0823],[24.7091,59.0869],[24.7094,59.0884],[24.7116,59.0915],[24.7021,59.0924],[24.7038,59.0863],[24.6927,59.0854],[24.6878,59.0898],[24.6789,59.0855],[24.6705,59.084],[24.6665,59.0884],[24.6669,59.0945],[24.656,59.0906],[24.6496,59.0957],[24.6432,59.09],[24.6514,59.0848],[24.65,59.0817],[24.6508,59.0804],[24.66,59.0812],[24.6698,59.077],[24.6852,59.0779]]],[[[24.5239,59.1006],[24.5209,59.1029],[24.5151,59.1047],[24.5024,59.1051],[24.4984,59.1114],[24.4973,59.1106],[24.4949,59.1117],[24.4917,59.1125],[24.4885,59.1127],[24.4805,59.1122],[24.4746,59.111],[24.4743,59.1096],[24.4733,59.1068],[24.4722,59.0982],[24.4671,59.0956],[24.4604,59.0852],[24.4702,59.0892],[24.476,59.0888],[24.4773,59.0902],[24.4775,59.0919],[24.4795,59.0913],[24.4808,59.0873],[24.4814,59.087],[24.4985,59.0928],[24.5036,59.0949],[24.4997,59.0987],[24.5176,59.1002],[24.5239,59.1006]]],[[[27.7483,59.0558],[27.7531,59.0565],[27.7632,59.0538],[27.7689,59.0545],[27.7774,59.0652],[27.7766,59.0704],[27.7805,59.079],[27.7728,59.0773],[27.7678,59.0795],[27.7529,59.0574],[27.7483,59.0558]]],[[[25.0001,59.1996],[25.0004,59.2014],[25.0107,59.203],[25.0107,59.2034],[25.0085,59.2058],[25.0076,59.2056],[25.0003,59.2084],[25.0012,59.2097],[25.0075,59.2079],[25.0113,59.2051],[25.0192,59.2066],[25.0181,59.2113],[25.0309,59.2121],[25.0348,59.215],[25.0337,59.2199],[25.0026,59.223],[24.9983,59.2196],[24.9911,59.2189],[24.9889,59.2192],[24.9857,59.2145],[24.9883,59.2131],[24.9901,59.2126],[24.9929,59.2115],[24.9929,59.2102],[24.9916,59.2091],[24.987,59.2057],[24.9778,59.2039],[24.975,59.1976],[24.9757,59.1966],[24.9796,59.1957],[24.9829,59.1955],[24.983,59.1966],[24.991,59.1994],[25.0001,59.1996]]],[[[24.3636,59.2586],[24.3641,59.2602],[24.3647,59.2618],[24.3654,59.2628],[24.362,59.2658],[24.3649,59.2673],[24.3636,59.2701],[24.3586,59.2723],[24.358,59.2723],[24.356,59.2714],[24.355,59.2711],[24.3476,59.2733],[24.3474,59.2743],[24.3456,59.2744],[24.3441,59.2734],[24.3459,59.2673],[24.3461,59.2671],[24.3474,59.2638],[24.3459,59.2625],[24.3411,59.2628],[24.3407,59.2621],[24.342,59.2615],[24.3434,59.2601],[24.3493,59.2565],[24.3515,59.2565],[24.3522,59.2565],[24.3533,59.2559],[24.358,59.257],[24.3596,59.2571],[24.3623,59.2566],[24.3636,59.2586]]],[[[24.7991,59.2714],[24.7993,59.2715],[24.8015,59.2724],[24.8015,59.273],[24.8014,59.2749],[24.8034,59.2758],[24.8116,59.2766],[24.8194,59.2742],[24.8239,59.2756],[24.8293,59.2749],[24.8308,59.2741],[24.8392,59.2818],[24.8334,59.2824],[24.8308,59.2807],[24.8174,59.2798],[24.8121,59.2808],[24.7948,59.278],[24.7937,59.2815],[24.785,59.2776],[24.7782,59.2812],[24.7705,59.2791],[24.7601,59.2761],[24.7576,59.2754],[24.7539,59.2726],[24.7588,59.2629],[24.7775,59.2668],[24.7773,59.2678],[24.7758,59.268],[24.7764,59.2693],[24.7774,59.2695],[24.7818,59.2699],[24.7822,59.2708],[24.7833,59.2719],[24.7852,59.2721],[24.7914,59.2724],[24.7918,59.2724],[24.7852,59.2706],[24.7873,59.27],[24.7883,59.2699],[24.7904,59.2696],[24.7977,59.2709],[24.7991,59.2714]]],[[[25.0229,59.2785],[25.0245,59.2834],[25.0325,59.2865],[25.0416,59.286],[25.0457,59.2816],[25.047,59.2828],[25.0514,59.2844],[25.0555,59.2912],[25.0522,59.2964],[25.0402,59.2997],[25.038,59.3036],[25.0363,59.3059],[25.0013,59.3068],[25.0019,59.304],[25.0076,59.304],[25.0036,59.302],[24.9908,59.2972],[24.9955,59.2976],[24.9965,59.2959],[24.9985,59.2961],[24.9975,59.2953],[24.9963,59.2957],[24.9952,59.2957],[24.9929,59.2938],[24.9955,59.2893],[24.9998,59.2831],[25.0009,59.2832],[25.0036,59.2807],[25.0051,59.2772],[25.0106,59.2802],[25.0189,59.2784],[25.0229,59.2785]]],[[[26.4984,59.2887],[26.5031,59.2929],[26.4968,59.296],[26.5127,59.3027],[26.5271,59.3067],[26.5225,59.3113],[26.5124,59.3158],[26.5112,59.3148],[26.5033,59.3137],[26.4959,59.3163],[26.4958,59.3161],[26.4915,59.3167],[26.4926,59.3124],[26.485,59.3056],[26.4927,59.3009],[26.4886,59.2991],[26.4805,59.2975],[26.4738,59.2966],[26.4733,59.2968],[26.4733,59.2948],[26.4733,59.2947],[26.4786,59.2911],[26.4941,59.2922],[26.4984,59.2887]]],[[[26.9551,59.3449],[26.9338,59.3456],[26.9295,59.3404],[26.9297,59.3395],[26.9415,59.3426],[26.9507,59.3364],[26.9814,59.335],[26.9769,59.3435],[26.9663,59.3452],[26.9551,59.3449]]],[[[26.9252,59.3435],[26.9087,59.3438],[26.9053,59.3479],[26.8873,59.3504],[26.8521,59.3496],[26.8558,59.3481],[26.8577,59.3441],[26.8485,59.3422],[26.8556,59.337],[26.9078,59.3386],[26.9206,59.3381],[26.9252,59.3435]]],[[[24.2765,59.3753],[24.2833,59.3789],[24.303,59.3756],[24.3051,59.3787],[24.3086,59.386],[24.3045,59.3914],[24.2972,59.3858],[24.2836,59.3865],[24.2847,59.392],[24.2902,59.3959],[24.2907,59.3961],[24.2915,59.3962],[24.2919,59.3963],[24.294,59.3969],[24.2863,59.3967],[24.2801,59.403],[24.2734,59.4033],[24.2706,59.3971],[24.2581,59.4014],[24.2432,59.3976],[24.2314,59.3932],[24.2195,59.3934],[24.2021,59.3995],[24.2014,59.4004],[24.2009,59.3985],[24.2007,59.3983],[24.2009,59.3979],[24.2015,59.3967],[24.2021,59.3965],[24.2023,59.3965],[24.2028,59.3964],[24.203,59.3963],[24.2032,59.3958],[24.2033,59.3951],[24.2031,59.395],[24.203,59.3947],[24.2025,59.3944],[24.2015,59.3939],[24.2013,59.3937],[24.1989,59.3929],[24.1998,59.3918],[24.2009,59.3913],[24.2008,59.3908],[24.199,59.3903],[24.1991,59.3902],[24.22,59.384],[24.2254,59.3799],[24.2327,59.3811],[24.2334,59.3841],[24.2337,59.3845],[24.2353,59.3866],[24.2362,59.3853],[24.2383,59.3865],[24.2486,59.3882],[24.2576,59.3851],[24.2622,59.3814],[24.2574,59.3782],[24.2574,59.3776],[24.2607,59.3767],[24.2626,59.3761],[24.2765,59.3753]]],[[[27.4506,59.3796],[27.4512,59.3798],[27.4623,59.3816],[27.4606,59.3823],[27.4009,59.3863],[27.4091,59.3799],[27.4149,59.3811],[27.434,59.3774],[27.4373,59.3784],[27.4375,59.3751],[27.4498,59.371],[27.4486,59.3646],[27.4586,59.3633],[27.4759,59.3691],[27.4802,59.3732],[27.4641,59.3807],[27.4506,59.3796]]],[[[27.4888,59.371],[27.4981,59.3665],[27.5354,59.3707],[27.6159,59.3793],[27.6187,59.3834],[27.6046,59.3904],[27.6058,59.3911],[27.6057,59.3925],[27.6017,59.392],[27.603,59.3901],[27.5953,59.3892],[27.5922,59.3859],[27.5817,59.3842],[27.5729,59.3863],[27.5613,59.3805],[27.5529,59.3802],[27.5349,59.374],[27.5204,59.3731],[27.5099,59.374],[27.4961,59.3734],[27.4888,59.371]]],[[[27.823,59.3907],[27.8222,59.3897],[27.8292,59.3889],[27.8319,59.3845],[27.8687,59.3794],[27.8702,59.3792],[27.8755,59.3801],[27.8939,59.3777],[27.9056,59.3778],[27.9068,59.3838],[27.9107,59.3871],[27.8993,59.3805],[27.8944,59.3886],[27.9034,59.3931],[27.8945,59.3924],[27.8882,59.3948],[27.8786,59.3942],[27.877,59.3876],[27.8674,59.3912],[27.8594,59.3896],[27.8535,59.3922],[27.8505,59.3882],[27.8348,59.3895],[27.8339,59.3944],[27.8295,59.3948],[27.823,59.3907]]],[[[25.9029,59.4554],[25.9141,59.4549],[25.9169,59.4583],[25.9253,59.4624],[25.9268,59.4615],[25.9228,59.4575],[25.9238,59.4565],[25.9257,59.4544],[25.9332,59.4566],[25.9478,59.4575],[25.9457,59.4623],[25.9379,59.4658],[25.9298,59.4664],[25.9201,59.4715],[25.917,59.4765],[25.9093,59.4778],[25.8873,59.4879],[25.8661,59.4901],[25.8643,59.4922],[25.849,59.4982],[25.8263,59.4997],[25.8241,59.5031],[25.8215,59.5076],[25.8074,59.5062],[25.8014,59.5081],[25.7899,59.5081],[25.789,59.5075],[25.7857,59.505],[25.788,59.5041],[25.7884,59.5022],[25.7857,59.5015],[25.7865,59.5007],[25.7906,59.5007],[25.7888,59.4998],[25.7876,59.4996],[25.7881,59.4989],[25.7942,59.4997],[25.7928,59.4972],[25.7962,59.491],[25.8019,59.4863],[25.8093,59.4863],[25.8139,59.483],[25.8001,59.4827],[25.8017,59.4775],[25.7937,59.4744],[25.7982,59.4695],[25.7916,59.4637],[25.7822,59.4662],[25.7907,59.4723],[25.7874,59.4753],[25.7718,59.4713],[25.78,59.4743],[25.7713,59.4774],[25.7732,59.4825],[25.7704,59.4838],[25.7847,59.4902],[25.7944,59.4925],[25.7928,59.4959],[25.7927,59.4985],[25.7906,59.4991],[25.7892,59.4985],[25.7874,59.499],[25.7872,59.4997],[25.7878,59.5],[25.7862,59.5005],[25.7847,59.5017],[25.7864,59.5021],[25.7873,59.5042],[25.7855,59.5047],[25.7867,59.5083],[25.787,59.5088],[25.7873,59.5096],[25.7799,59.5142],[25.7772,59.5167],[25.7661,59.5179],[25.7555,59.5214],[25.7549,59.5214],[25.7488,59.5225],[25.7374,59.5223],[25.7343,59.5365],[25.7303,59.5365],[25.7136,59.5298],[25.714,59.5294],[25.7128,59.5299],[25.7103,59.5289],[25.7111,59.5291],[25.7122,59.5287],[25.7144,59.5283],[25.7145,59.5281],[25.7161,59.5281],[25.7172,59.528],[25.7181,59.5281],[25.7212,59.5278],[25.7213,59.5244],[25.7209,59.5239],[25.7274,59.5207],[25.7278,59.5218],[25.728,59.5218],[25.7276,59.5207],[25.7427,59.5174],[25.7356,59.5149],[25.727,59.5189],[25.7224,59.5051],[25.7308,59.5053],[25.7504,59.5048],[25.757,59.5064],[25.7782,59.5018],[25.7785,59.4948],[25.7659,59.4905],[25.763,59.4919],[25.7597,59.4907],[25.7606,59.4875],[25.7508,59.4939],[25.7442,59.4864],[25.7398,59.4873],[25.7355,59.4848],[25.7382,59.4822],[25.7436,59.4808],[25.7509,59.4748],[25.7375,59.4748],[25.7347,59.4748],[25.7271,59.4734],[25.7234,59.4723],[25.7261,59.4686],[25.7227,59.4671],[25.7222,59.4644],[25.7465,59.4643],[25.7889,59.4609],[25.8395,59.46],[25.8676,59.4568],[25.8962,59.4556],[25.9003,59.4571],[25.9029,59.4554]]],[[[25.2967,59.4998],[25.2974,59.5009],[25.3024,59.5018],[25.3023,59.5036],[25.2938,59.5046],[25.2766,59.509],[25.2624,59.5175],[25.2362,59.5067],[25.2275,59.5042],[25.2102,59.5021],[25.1968,59.5014],[25.1916,59.5055],[25.1946,59.5087],[25.1877,59.5108],[25.185,59.502],[25.179,59.4936],[25.1803,59.4936],[25.1852,59.495],[25.1868,59.495],[25.1943,59.4981],[25.1941,59.4948],[25.1945,59.4931],[25.1945,59.4895],[25.1931,59.4872],[25.1932,59.4871],[25.183,59.4827],[25.1792,59.4869],[25.1725,59.4864],[25.159,59.48],[25.1594,59.4798],[25.1591,59.4792],[25.1569,59.4783],[25.1555,59.4744],[25.1554,59.4739],[25.1574,59.4725],[25.1578,59.4722],[25.1586,59.4717],[25.1588,59.4715],[25.1598,59.4709],[25.1616,59.4699],[25.1645,59.4697],[25.1637,59.4685],[25.1637,59.4681],[25.1642,59.4671],[25.1684,59.4655],[25.1695,59.4649],[25.1756,59.4611],[25.1873,59.4624],[25.1927,59.4651],[25.1953,59.4653],[25.2026,59.4653],[25.2112,59.4671],[25.2185,59.4683],[25.2247,59.4683],[25.2402,59.4683],[25.2489,59.4718],[25.2494,59.4729],[25.2482,59.4731],[25.2498,59.4756],[25.2558,59.482],[25.2649,59.486],[25.2708,59.4853],[25.2777,59.4901],[25.2824,59.4894],[25.2894,59.4882],[25.2985,59.4844],[25.3078,59.4827],[25.3169,59.4842],[25.3155,59.4879],[25.326,59.4874],[25.3214,59.4889],[25.3322,59.4901],[25.3352,59.4949],[25.3269,59.4958],[25.3216,59.4915],[25.3164,59.4943],[25.3117,59.4957],[25.3067,59.4945],[25.2967,59.4998]]],[[[25.2898,58.1396],[25.284,58.1384],[25.2756,58.1427],[25.2767,58.1458],[25.269,58.1465],[25.265,58.1489],[25.2668,58.144],[25.2742,58.1402],[25.2698,58.133],[25.2718,58.1294],[25.2764,58.1243],[25.2838,58.1242],[25.2904,58.1234],[25.2961,58.1346],[25.2957,58.1365],[25.2898,58.1396]]],[[[26.1197,58.1927],[26.1191,58.1902],[26.1161,58.1893],[26.1179,58.1849],[26.1339,58.1837],[26.1364,58.1886],[26.1553,58.1864],[26.1598,58.183],[26.1665,58.183],[26.171,58.1831],[26.1733,58.1835],[26.176,58.1867],[26.1766,58.1876],[26.1766,58.1882],[26.1753,58.1901],[26.1741,58.1915],[26.1539,58.1931],[26.154,58.1882],[26.1526,58.1934],[26.1306,58.1949],[26.1251,58.1951],[26.1201,58.1944],[26.1179,58.1942],[26.1176,58.1939],[26.1197,58.1927]]],[[[22.7075,58.2307],[22.7111,58.233],[22.7074,58.2364],[22.7108,58.2396],[22.7029,58.2426],[22.6981,58.2444],[22.6968,58.2417],[22.6939,58.2368],[22.6864,58.2394],[22.678,58.2394],[22.6747,58.239],[22.6809,58.2278],[22.6881,58.2256],[22.6971,58.2276],[22.6964,58.2329],[22.7041,58.2339],[22.7075,58.2307]]],[[[25.909,58.4048],[25.8954,58.4049],[25.888,58.402],[25.8821,58.4049],[25.8624,58.4046],[25.8593,58.4004],[25.8664,58.3971],[25.8904,58.3948],[25.9015,58.3953],[25.9041,58.3979],[25.9009,58.4017],[25.909,58.4048]]],[[[23.6845,58.6704],[23.6747,58.6688],[23.6673,58.674],[23.6489,58.6741],[23.6236,58.6743],[23.62,58.6695],[23.6247,58.6665],[23.6332,58.6603],[23.6376,58.6603],[23.6253,58.6701],[23.6345,58.672],[23.6373,58.6681],[23.6462,58.6624],[23.6403,58.661],[23.6382,58.6586],[23.6432,58.658],[23.6507,58.6503],[23.6559,58.6486],[23.6648,58.6485],[23.6651,58.6438],[23.6586,58.6423],[23.6629,58.6383],[23.6632,58.6281],[23.6767,58.6253],[23.6698,58.6195],[23.6992,58.6275],[23.6971,58.6287],[23.6891,58.6322],[23.6896,58.633],[23.6876,58.6391],[23.6975,58.6428],[23.6917,58.6465],[23.6962,58.6467],[23.7018,58.6449],[23.6995,58.6469],[23.7025,58.6533],[23.699,58.6586],[23.6923,58.6604],[23.682,58.6547],[23.6781,58.6584],[23.6828,58.6626],[23.673,58.6648],[23.6845,58.6704]]],[[[25.9263,58.6841],[25.9277,58.6831],[25.9352,58.68],[25.9361,58.6792],[25.9405,58.6794],[25.9421,58.6798],[25.9515,58.6825],[25.9477,58.6899],[25.9573,58.6915],[25.9582,58.6983],[25.945,58.6972],[25.9437,58.6971],[25.9399,58.6953],[25.9376,58.6932],[25.9355,58.6925],[25.9355,58.6923],[25.9369,58.6923],[25.9363,58.6919],[25.9341,58.6922],[25.9323,58.692],[25.9263,58.6841]]],[[[24.8538,59.0865],[24.8601,59.0825],[24.8731,59.0827],[24.8737,59.0743],[24.8725,59.0732],[24.8722,59.072],[24.8738,59.0717],[24.8848,59.0739],[24.8842,59.0761],[24.8899,59.0784],[24.883,59.0837],[24.8818,59.0846],[24.8811,59.085],[24.8735,59.0906],[24.8704,59.0928],[24.8574,59.1021],[24.8433,59.1044],[24.8329,59.1],[24.8376,59.0975],[24.8538,59.0865]]],[[[25.2302,59.1302],[25.2312,59.13],[25.2331,59.1294],[25.2344,59.1258],[25.2361,59.1324],[25.2457,59.1319],[25.2477,59.137],[25.2501,59.1389],[25.2394,59.1453],[25.2137,59.1525],[25.2094,59.1521],[25.2103,59.1528],[25.2041,59.1515],[25.2011,59.1513],[25.1975,59.1521],[25.1959,59.1514],[25.2026,59.1448],[25.2018,59.1394],[25.208,59.1333],[25.2144,59.1312],[25.2245,59.1326],[25.2302,59.1302]]],[[[25.078,59.4729],[25.0744,59.4714],[25.0695,59.4698],[25.0641,59.4632],[25.0593,59.4629],[25.0494,59.4636],[25.0408,59.4657],[25.0231,59.4677],[25.0195,59.4685],[25.0196,59.4727],[25.0062,59.4593],[25.0119,59.4563],[25.0094,59.46],[25.0195,59.462],[25.0175,59.4568],[25.0306,59.4544],[25.0408,59.4542],[25.0493,59.4548],[25.0552,59.454],[25.0621,59.4592],[25.0784,59.4614],[25.0806,59.4684],[25.0826,59.4695],[25.0944,59.4698],[25.0942,59.4726],[25.1004,59.4742],[25.0917,59.4842],[25.0807,59.4815],[25.0747,59.4821],[25.0667,59.482],[25.0625,59.4818],[25.0679,59.478],[25.0737,59.4806],[25.0793,59.4782],[25.078,59.4729]]],[[[27.0166,58.0657],[27.007,58.0656],[27.0023,58.0632],[27.0016,58.0634],[26.9974,58.061],[26.9864,58.0608],[26.9827,58.0567],[26.9901,58.0563],[26.9919,58.056],[26.9825,58.0498],[26.9852,58.0426],[26.9762,58.0447],[26.9744,58.0478],[26.9759,58.0358],[26.9782,58.0364],[26.9811,58.0422],[26.9883,58.0394],[26.9893,58.0344],[26.9901,58.0387],[26.9995,58.0477],[27.0085,58.0453],[27.0133,58.0401],[27.0246,58.0454],[27.0242,58.0491],[27.0202,58.0493],[27.0194,58.0498],[27.0191,58.0503],[27.0181,58.0519],[27.0188,58.0516],[27.0177,58.0527],[27.0176,58.0525],[27.0163,58.0531],[27.0078,58.0524],[27.006,58.0568],[27.0126,58.0589],[27.0155,58.0569],[27.0159,58.056],[27.0174,58.056],[27.0188,58.0583],[27.0202,58.0582],[27.0201,58.0551],[27.0218,58.0551],[27.0221,58.0553],[27.026,58.0551],[27.0299,58.0551],[27.0299,58.0552],[27.0308,58.0554],[27.0313,58.0554],[27.0334,58.0556],[27.0338,58.0561],[27.033,58.056],[27.0312,58.0571],[27.033,58.0622],[27.0403,58.0675],[27.0399,58.0676],[27.0344,58.0664],[27.0334,58.0663],[27.0309,58.0695],[27.0322,58.0694],[27.034,58.0784],[27.0341,58.0788],[27.0325,58.0792],[27.0252,58.077],[27.0173,58.0773],[27.0053,58.0744],[27.0055,58.0699],[27.0147,58.0693],[27.0166,58.0657]]],[[[25.5751,58.6954],[25.5747,58.6904],[25.5806,58.6871],[25.5902,58.6902],[25.5939,58.6949],[25.5945,58.6955],[25.595,58.696],[25.5966,58.696],[25.5951,58.6998],[25.5865,58.6987],[25.5839,58.6998],[25.5791,58.6989],[25.5732,58.7043],[25.5865,58.7082],[25.5781,58.7114],[25.5864,58.7137],[25.5775,58.7162],[25.574,58.7127],[25.5708,58.7171],[25.5623,58.7151],[25.5632,58.7124],[25.5544,58.7105],[25.5521,58.7065],[25.5394,58.7065],[25.527,58.6998],[25.5276,58.6964],[25.5343,58.6966],[25.5401,58.7003],[25.5451,58.6976],[25.5489,58.6916],[25.5537,58.6876],[25.5504,58.6784],[25.5528,58.6735],[25.5657,58.6758],[25.5647,58.6843],[25.5727,58.6857],[25.5706,58.6876],[25.5681,58.6856],[25.5547,58.6828],[25.5573,58.6872],[25.5671,58.6874],[25.5751,58.6954]]],[[[25.6157,58.8848],[25.6208,58.8822],[25.6192,58.8807],[25.6208,58.8803],[25.6213,58.8799],[25.6213,58.8796],[25.6204,58.8789],[25.6224,58.8766],[25.6268,58.8769],[25.634,58.8757],[25.6436,58.8732],[25.649,58.8776],[25.6498,58.8775],[25.65,58.8777],[25.6529,58.8811],[25.6558,58.8808],[25.656,58.8807],[25.6588,58.8847],[25.6585,58.8857],[25.6524,58.8869],[25.6524,58.887],[25.6543,58.8894],[25.6555,58.8911],[25.6563,58.8922],[25.6572,58.8934],[25.6454,58.8983],[25.6453,58.8984],[25.6436,58.8991],[25.6382,58.9001],[25.6276,58.8894],[25.6304,58.8894],[25.6265,58.8884],[25.6157,58.8848]]],[[[24.1126,58.9471],[24.1084,58.9475],[24.0981,58.9502],[24.0925,58.9495],[24.0868,58.9438],[24.0934,58.9374],[24.0968,58.9376],[24.0988,58.9369],[24.0999,58.9354],[24.1002,58.9352],[24.1134,58.9366],[24.1141,58.9381],[24.1126,58.9471]]],[[[23.9623,59.3346],[23.9707,59.3339],[23.9726,59.3331],[23.973,59.3323],[23.9858,59.3333],[23.9948,59.3376],[23.9999,59.3366],[24.0003,59.3367],[23.9917,59.3454],[23.9905,59.3452],[23.9849,59.3519],[23.9841,59.3522],[23.9827,59.3528],[23.966,59.358],[23.9537,59.3584],[23.9541,59.3529],[23.9622,59.3479],[23.9709,59.3451],[23.9622,59.3385],[23.9623,59.3346]]],[[[26.554,57.6281],[26.5462,57.6251],[26.4746,57.619],[26.4655,57.6202],[26.4549,57.6089],[26.4619,57.6054],[26.4557,57.6023],[26.4685,57.6001],[26.475,57.6031],[26.484,57.5985],[26.494,57.5981],[26.5011,57.6005],[26.5069,57.5989],[26.5113,57.6073],[26.5298,57.6188],[26.5393,57.6233],[26.5561,57.6255],[26.554,57.6281]]],[[[26.2455,58.0487],[26.2544,58.0461],[26.2701,58.0468],[26.2753,58.0508],[26.2857,58.0469],[26.2904,58.0476],[26.2929,58.053],[26.2896,58.0576],[26.2813,58.0618],[26.2848,58.065],[26.2972,58.0642],[26.3072,58.0652],[26.3118,58.0677],[26.3046,58.0689],[26.306,58.0738],[26.2979,58.0725],[26.2988,58.0782],[26.2909,58.0764],[26.2876,58.0814],[26.2886,58.0873],[26.2788,58.0879],[26.2636,58.086],[26.2649,58.0944],[26.2556,58.0926],[26.2574,58.0979],[26.2544,58.1001],[26.254,58.0904],[26.2498,58.0887],[26.2486,58.0891],[26.2469,58.0887],[26.245,58.0881],[26.2441,58.0883],[26.2357,58.0917],[26.2362,58.0845],[26.2369,58.0843],[26.2459,58.086],[26.2498,58.0847],[26.2513,58.0853],[26.2517,58.0854],[26.2521,58.0857],[26.2553,58.0869],[26.2553,58.0885],[26.2581,58.0896],[26.2545,58.0839],[26.2667,58.0834],[26.2612,58.0769],[26.2705,58.0752],[26.2693,58.0717],[26.2623,58.0672],[26.2562,58.066],[26.2594,58.065],[26.2687,58.0632],[26.2681,58.0591],[26.2722,58.0509],[26.2618,58.0523],[26.2527,58.0484],[26.2501,58.0527],[26.2548,58.0552],[26.2558,58.0563],[26.2496,58.0546],[26.2455,58.0487]]],[[[25.6533,59.5165],[25.6458,59.5069],[25.6614,59.4989],[25.6761,59.511],[25.6872,59.5185],[25.6826,59.5193],[25.6766,59.5185],[25.6634,59.5181],[25.6533,59.5165]]],[[[25.6394,59.492],[25.644,59.4916],[25.6485,59.4873],[25.655,59.4917],[25.6605,59.4983],[25.6445,59.5063],[25.6367,59.5048],[25.6362,59.4985],[25.6295,59.4961],[25.6394,59.492]]],[[[25.7047,59.5431],[25.6981,59.535],[25.7,59.5334],[25.7117,59.5332],[25.7084,59.5322],[25.7065,59.5306],[25.708,59.5303],[25.7093,59.5303],[25.7111,59.5303],[25.7117,59.5303],[25.7124,59.5303],[25.7127,59.5301],[25.7272,59.5353],[25.7374,59.5422],[25.7365,59.5412],[25.7459,59.5459],[25.7246,59.5583],[25.7254,59.5674],[25.7221,59.5651],[25.7034,59.5639],[25.6911,59.5628],[25.6888,59.5615],[25.6864,59.5613],[25.6705,59.56],[25.6697,59.5603],[25.6581,59.5606],[25.656,59.5583],[25.6638,59.5555],[25.6611,59.5541],[25.6645,59.552],[25.6603,59.5491],[25.6577,59.5497],[25.6578,59.5435],[25.663,59.541],[25.6717,59.5404],[25.6725,59.5374],[25.673,59.5366],[25.6733,59.536],[25.6733,59.5353],[25.6785,59.5303],[25.68,59.5284],[25.6816,59.5269],[25.6825,59.5268],[25.6844,59.5275],[25.6847,59.5274],[25.6888,59.528],[25.6894,59.5297],[25.6898,59.5299],[25.6919,59.5325],[25.6907,59.5337],[25.6891,59.5345],[25.6779,59.5392],[25.676,59.5406],[25.6675,59.5451],[25.6668,59.5455],[25.6677,59.5461],[25.6695,59.5471],[25.6697,59.547],[25.6712,59.5453],[25.6798,59.5414],[25.6867,59.5411],[25.6885,59.5419],[25.6889,59.542],[25.6959,59.5374],[25.6974,59.5375],[25.6959,59.5425],[25.7047,59.5431]]],[[[27.7426,57.897],[27.74,57.8981],[27.7366,57.898],[27.7361,57.8981],[27.7339,57.8978],[27.7223,57.8964],[27.72,57.8974],[27.7068,57.8948],[27.7116,57.9019],[27.7015,57.8954],[27.7041,57.9008],[27.6943,57.9076],[27.7083,57.9074],[27.7182,57.9125],[27.7101,57.9133],[27.7087,57.9137],[27.7087,57.9144],[27.7055,57.9149],[27.7028,57.9135],[27.7025,57.9136],[27.7011,57.9145],[27.7035,57.9166],[27.7015,57.9165],[27.7034,57.9176],[27.7047,57.9182],[27.7093,57.9227],[27.6813,57.9236],[27.6786,57.924],[27.6843,57.9282],[27.6809,57.9353],[27.6761,57.9343],[27.6708,57.9383],[27.669,57.9378],[27.6675,57.9373],[27.665,57.9309],[27.6485,57.9356],[27.6416,57.9397],[27.6429,57.9435],[27.634,57.9434],[27.6272,57.9467],[27.6213,57.9539],[27.6154,57.9445],[27.6069,57.9476],[27.6082,57.9542],[27.617,57.9592],[27.6112,57.9653],[27.6129,57.9661],[27.615,57.9669],[27.6077,57.9793],[27.6029,57.9796],[27.5915,57.9811],[27.5902,57.9824],[27.5896,57.9821],[27.5904,57.9808],[27.5853,57.9789],[27.5855,57.9784],[27.5813,57.9775],[27.5813,57.9773],[27.5802,57.9757],[27.5824,57.974],[27.582,57.9742],[27.5822,57.9732],[27.5885,57.9707],[27.5928,57.9705],[27.5945,57.9612],[27.5892,57.9609],[27.5781,57.9588],[27.5815,57.9555],[27.5835,57.955],[27.5836,57.9539],[27.5847,57.9513],[27.5849,57.9511],[27.5852,57.9513],[27.5865,57.9499],[27.5871,57.9498],[27.5871,57.9492],[27.5871,57.9486],[27.5848,57.9474],[27.5845,57.947],[27.5895,57.9443],[27.5882,57.9415],[27.5953,57.941],[27.5936,57.9387],[27.593,57.9379],[27.5907,57.9383],[27.5893,57.9362],[27.5895,57.9348],[27.5895,57.9347],[27.5899,57.9302],[27.5866,57.9306],[27.5835,57.9303],[27.5833,57.9297],[27.5833,57.9294],[27.5834,57.9293],[27.5816,57.9288],[27.5809,57.9273],[27.5966,57.9186],[27.6048,57.9142],[27.6047,57.9164],[27.6158,57.9277],[27.6141,57.9296],[27.6027,57.9289],[27.608,57.9376],[27.6142,57.9377],[27.6222,57.9408],[27.632,57.9296],[27.6285,57.9277],[27.6332,57.9224],[27.6264,57.9145],[27.6304,57.9129],[27.6303,57.9002],[27.6367,57.8968],[27.6522,57.8937],[27.6574,57.8914],[27.668,57.8905],[27.6678,57.8876],[27.672,57.8864],[27.6772,57.8851],[27.6803,57.8859],[27.6885,57.8824],[27.6901,57.882],[27.7126,57.8765],[27.7158,57.8795],[27.7178,57.8817],[27.7281,57.8894],[27.7355,57.8908],[27.7426,57.897]]],[[[24.2428,59.332],[24.2726,59.3293],[24.2765,59.3331],[24.2757,59.3338],[24.2734,59.3334],[24.2724,59.3339],[24.2732,59.3339],[24.2733,59.3335],[24.2756,59.3342],[24.2741,59.3378],[24.2642,59.3413],[24.2548,59.3393],[24.251,59.3373],[24.2441,59.3363],[24.2428,59.332]]],[[[26.8185,58.2512],[26.8203,58.2519],[26.8222,58.2528],[26.822,58.2506],[26.8217,58.2504],[26.8226,58.2502],[26.8224,58.2491],[26.8211,58.246],[26.8202,58.2454],[26.8217,58.2437],[26.8225,58.2452],[26.8277,58.2502],[26.8279,58.2505],[26.8285,58.253],[26.829,58.2555],[26.8273,58.2568],[26.8263,58.2569],[26.8313,58.2646],[26.8377,58.265],[26.8394,58.2655],[26.8328,58.2674],[26.814,58.2652],[26.8062,58.268],[26.813,58.2709],[26.8044,58.2747],[26.8097,58.279],[26.8073,58.2807],[26.8099,58.2848],[26.7975,58.2866],[26.7933,58.2929],[26.7818,58.2933],[26.7822,58.2924],[26.7809,58.2913],[26.7793,58.2904],[26.7687,58.2884],[26.7702,58.2872],[26.7825,58.2868],[26.7811,58.2834],[26.7821,58.2797],[26.7838,58.2796],[26.7889,58.2752],[26.7891,58.2751],[26.7893,58.2746],[26.7883,58.274],[26.7867,58.274],[26.7867,58.2727],[26.7805,58.2713],[26.7809,58.2662],[26.783,58.2664],[26.7873,58.2628],[26.7862,58.262],[26.7873,58.2615],[26.7888,58.2624],[26.7905,58.2624],[26.7912,58.2622],[26.7931,58.2625],[26.7952,58.2621],[26.7984,58.2625],[26.7986,58.2625],[26.7993,58.2613],[26.7982,58.2605],[26.7923,58.2568],[26.7929,58.2561],[26.7937,58.2551],[26.7944,58.253],[26.7954,58.2529],[26.8016,58.2549],[26.8132,58.2562],[26.8147,58.2561],[26.8141,58.2513],[26.8185,58.2512]]],[[[26.8964,58.2772],[26.895,58.2824],[26.8903,58.2846],[26.8895,58.2848],[26.881,58.2862],[26.8708,58.2839],[26.8627,58.2768],[26.867,58.276],[26.8652,58.2711],[26.8766,58.2632],[26.8771,58.2629],[26.8773,58.2629],[26.8795,58.2624],[26.8873,58.2658],[26.8901,58.2673],[26.8899,58.2678],[26.8925,58.2682],[26.898,58.2708],[26.8964,58.2772]]],[[[26.4207,58.4304],[26.4273,58.4264],[26.4292,58.4205],[26.4434,58.415],[26.4653,58.4176],[26.4765,58.4163],[26.491,58.4165],[26.4984,58.4191],[26.4987,58.4226],[26.4878,58.4285],[26.4672,58.4272],[26.4207,58.4304]]],[[[24.1439,59.3459],[24.144,59.3461],[24.1447,59.3462],[24.1448,59.3458],[24.1531,59.3463],[24.1516,59.347],[24.1536,59.3471],[24.1541,59.3471],[24.155,59.345],[24.1612,59.3442],[24.1604,59.3457],[24.1603,59.346],[24.1601,59.3461],[24.1616,59.346],[24.1612,59.3441],[24.1609,59.3435],[24.1615,59.3433],[24.1628,59.3427],[24.1646,59.3432],[24.1676,59.3439],[24.1678,59.3438],[24.1686,59.344],[24.1687,59.3439],[24.1688,59.3438],[24.1689,59.3436],[24.1689,59.3435],[24.1706,59.343],[24.1852,59.3452],[24.1762,59.3509],[24.1756,59.3512],[24.169,59.3525],[24.1668,59.3531],[24.1781,59.3486],[24.1778,59.3483],[24.176,59.3478],[24.1744,59.348],[24.1743,59.3471],[24.1731,59.3474],[24.1725,59.348],[24.1722,59.3479],[24.172,59.348],[24.1719,59.3481],[24.1709,59.3486],[24.1609,59.3525],[24.1617,59.3505],[24.1591,59.35],[24.1585,59.3503],[24.1586,59.3522],[24.1572,59.3523],[24.1542,59.357],[24.1543,59.357],[24.1453,59.3599],[24.1477,59.3608],[24.1482,59.3607],[24.1511,59.3596],[24.1528,59.3604],[24.1519,59.3607],[24.1431,59.3629],[24.1397,59.3633],[24.1297,59.3659],[24.1294,59.3659],[24.128,59.3667],[24.1284,59.367],[24.1299,59.3671],[24.1308,59.3676],[24.1196,59.3706],[24.1186,59.3709],[24.1127,59.3726],[24.0978,59.3719],[24.1036,59.3673],[24.1056,59.3646],[24.1058,59.3645],[24.111,59.3617],[24.1126,59.3602],[24.1139,59.3593],[24.1178,59.3587],[24.1176,59.3589],[24.1199,59.3584],[24.1188,59.3575],[24.1163,59.3586],[24.1118,59.3589],[24.1109,59.3585],[24.1102,59.3582],[24.1121,59.356],[24.1121,59.3556],[24.1131,59.3554],[24.1237,59.3482],[24.1295,59.3475],[24.1331,59.3492],[24.1341,59.347],[24.1439,59.3459]]],[[[28.0616,59.4675],[28.0645,59.4637],[28.0718,59.463],[28.0886,59.4589],[28.1222,59.4405],[28.1228,59.4409],[28.1264,59.4395],[28.1339,59.4365],[28.1407,59.4481],[28.1519,59.4538],[28.1544,59.4594],[28.1483,59.462],[28.1303,59.459],[28.1144,59.4615],[28.106,59.457],[28.0787,59.4651],[28.0748,59.4711],[28.07,59.4722],[28.0701,59.4723],[28.0715,59.4732],[28.0708,59.4753],[28.0709,59.4754],[28.0728,59.4768],[28.066,59.475],[28.0616,59.4675]]],[[[27.3778,59.1517],[27.3829,59.1472],[27.4502,59.1742],[27.4643,59.1811],[27.4793,59.1968],[27.4685,59.196],[27.4642,59.191],[27.4574,59.1884],[27.4614,59.1852],[27.4594,59.1835],[27.4588,59.1834],[27.449,59.1849],[27.4472,59.186],[27.4471,59.186],[27.3787,59.154],[27.3778,59.1517]]],[[[25.0363,59.4922],[25.0366,59.4921],[25.0369,59.4912],[25.0449,59.4891],[25.0838,59.4929],[25.0914,59.4924],[25.0933,59.4965],[25.0828,59.5028],[25.0802,59.5017],[25.0667,59.498],[25.061,59.4999],[25.0456,59.4946],[25.0404,59.5018],[25.0401,59.5021],[25.0378,59.5012],[25.0363,59.4922]]],[[[26.3116,57.8871],[26.3172,57.8804],[26.325,57.8856],[26.3197,57.8921],[26.3227,57.8957],[26.3206,57.9044],[26.3259,57.9082],[26.3217,57.9133],[26.3098,57.9121],[26.303,57.9102],[26.3021,57.9098],[26.2996,57.9083],[26.2984,57.9078],[26.2976,57.9068],[26.3035,57.9063],[26.3133,57.9053],[26.3045,57.8974],[26.2972,57.8974],[26.2961,57.8974],[26.2979,57.8947],[26.3054,57.8917],[26.3116,57.8871]]],[[[27.3362,57.5068],[27.3389,57.5033],[27.3467,57.5011],[27.3559,57.5011],[27.3607,57.5052],[27.3652,57.5158],[27.3739,57.5184],[27.371,57.5263],[27.3767,57.5263],[27.3808,57.5306],[27.3804,57.5353],[27.3698,57.5336],[27.3656,57.5299],[27.3681,57.5267],[27.3517,57.5181],[27.3521,57.5149],[27.3445,57.5075],[27.3362,57.5068]]],[[[25.1638,59.3789],[25.1618,59.3812],[25.146,59.3799],[25.1411,59.3888],[25.1344,59.3918],[25.1292,59.3973],[25.1277,59.3976],[25.1251,59.3966],[25.1096,59.3931],[25.1129,59.3909],[25.1116,59.3895],[25.1082,59.3866],[25.1051,59.3841],[25.1062,59.383],[25.1085,59.3807],[25.111,59.3801],[25.1106,59.3791],[25.1166,59.3756],[25.1183,59.3747],[25.1288,59.3707],[25.1289,59.3707],[25.139,59.3694],[25.1384,59.3694],[25.1369,59.3694],[25.1408,59.3687],[25.1459,59.3687],[25.1465,59.3693],[25.1444,59.372],[25.1426,59.3729],[25.1393,59.3727],[25.1376,59.3743],[25.1316,59.378],[25.146,59.3784],[25.1596,59.3804],[25.1638,59.3789]]],[[[25.7131,58.3041],[25.7031,58.3054],[25.6914,58.307],[25.6898,58.3065],[25.6899,58.3062],[25.6911,58.3051],[25.7023,58.3002],[25.6956,58.2984],[25.692,58.3029],[25.6934,58.2972],[25.6934,58.2964],[25.6944,58.292],[25.6874,58.2887],[25.6878,58.2883],[25.6886,58.2877],[25.6907,58.2848],[25.6921,58.2851],[25.6973,58.286],[25.7004,58.2868],[25.7057,58.2867],[25.7027,58.2838],[25.6987,58.2837],[25.6985,58.2836],[25.6954,58.281],[25.6944,58.2809],[25.6928,58.2807],[25.6962,58.2785],[25.6967,58.2792],[25.6981,58.2784],[25.6985,58.2784],[25.7111,58.285],[25.7165,58.284],[25.7215,58.2836],[25.7309,58.2868],[25.7301,58.288],[25.7288,58.2888],[25.7286,58.2912],[25.7288,58.291],[25.7324,58.2907],[25.7339,58.2909],[25.7386,58.2921],[25.739,58.2924],[25.734,58.2956],[25.7304,58.2972],[25.7291,58.297],[25.7316,58.2994],[25.7315,58.2996],[25.7295,58.3024],[25.7156,58.305],[25.7131,58.3041]]],[[[27.7552,57.8977],[27.7552,57.8975],[27.7708,57.8948],[27.7832,57.8979],[27.7968,57.8988],[27.8077,57.9004],[27.8154,57.9015],[27.8235,57.9061],[27.8142,57.9093],[27.7957,57.9073],[27.7808,57.9088],[27.7694,57.9075],[27.7589,57.905],[27.7552,57.8977]]],[[[25.5462,59.5226],[25.5539,59.5217],[25.5566,59.5222],[25.5644,59.5266],[25.5689,59.5319],[25.5689,59.5413],[25.5649,59.5438],[25.5587,59.544],[25.5532,59.5361],[25.5497,59.5271],[25.5443,59.5225],[25.5462,59.5226]]],[[[27.7735,57.8833],[27.7747,57.8829],[27.7785,57.8819],[27.7789,57.883],[27.785,57.8866],[27.7851,57.8884],[27.7848,57.8886],[27.784,57.8898],[27.7829,57.891],[27.7854,57.8936],[27.7854,57.8937],[27.7809,57.8938],[27.7806,57.8938],[27.7793,57.8959],[27.7795,57.8966],[27.7794,57.8967],[27.7706,57.8945],[27.7536,57.8974],[27.7501,57.8937],[27.7395,57.8892],[27.7416,57.8866],[27.761,57.8797],[27.7676,57.8827],[27.7707,57.8834],[27.7735,57.8833]]],[[[24.712,59.2989],[24.7074,59.2968],[24.7099,59.2904],[24.7278,59.2901],[24.7349,59.2917],[24.7355,59.2943],[24.7371,59.3001],[24.7364,59.3012],[24.7348,59.3014],[24.7297,59.3021],[24.7345,59.3027],[24.7365,59.3029],[24.7371,59.3024],[24.7374,59.3023],[24.7385,59.3022],[24.74,59.3066],[24.7397,59.3072],[24.7379,59.3084],[24.7383,59.3091],[24.7369,59.3121],[24.7227,59.305],[24.7217,59.3045],[24.7208,59.3043],[24.7195,59.3042],[24.712,59.2989]]],[[[26.6677,58.3857],[26.6656,58.3908],[26.6509,58.4077],[26.6464,58.4096],[26.6308,58.4103],[26.6273,58.404],[26.6295,58.3921],[26.6482,58.3889],[26.654,58.3892],[26.6645,58.3862],[26.6657,58.3858],[26.6667,58.3856],[26.6669,58.3856],[26.6674,58.3858],[26.6677,58.3857]]],[[[25.7037,59.4908],[25.6975,59.4911],[25.6967,59.4944],[25.7011,59.496],[25.6977,59.5008],[25.696,59.5035],[25.6962,59.505],[25.6973,59.5098],[25.6974,59.5169],[25.6877,59.5185],[25.6745,59.5094],[25.6618,59.4988],[25.6836,59.4952],[25.6842,59.4921],[25.6912,59.4883],[25.6919,59.4881],[25.694,59.4886],[25.6943,59.4888],[25.6945,59.4889],[25.6964,59.4884],[25.7036,59.4898],[25.7037,59.4908]]],[[[25.5498,59.4711],[25.5476,59.4705],[25.5474,59.4705],[25.5464,59.47],[25.5454,59.4698],[25.5448,59.47],[25.544,59.4699],[25.5432,59.4697],[25.5429,59.4698],[25.5423,59.4701],[25.5398,59.4709],[25.5374,59.4706],[25.5401,59.4673],[25.5432,59.4673],[25.5425,59.4672],[25.5425,59.4669],[25.5412,59.4659],[25.5416,59.4651],[25.5391,59.4617],[25.5339,59.4614],[25.5349,59.4581],[25.5345,59.4575],[25.6194,59.4623],[25.616,59.4768],[25.6048,59.4745],[25.6169,59.4696],[25.6152,59.4664],[25.5998,59.467],[25.5985,59.4702],[25.5954,59.4706],[25.5929,59.4699],[25.592,59.4699],[25.5894,59.4697],[25.5886,59.4698],[25.5837,59.4694],[25.5756,59.4665],[25.5745,59.4667],[25.574,59.4678],[25.5729,59.4681],[25.5693,59.4686],[25.5693,59.4687],[25.5686,59.4687],[25.5629,59.4686],[25.5611,59.4661],[25.5552,59.4662],[25.5498,59.4711]]],[[[25.6234,59.4895],[25.6255,59.4871],[25.6252,59.4857],[25.6192,59.4853],[25.6182,59.4863],[25.617,59.4865],[25.6138,59.4848],[25.6138,59.4842],[25.6151,59.4842],[25.6151,59.4835],[25.61,59.484],[25.6071,59.4892],[25.6015,59.49],[25.5937,59.4871],[25.5998,59.4769],[25.6164,59.477],[25.6198,59.4623],[25.6375,59.4627],[25.6354,59.4753],[25.6387,59.4816],[25.6483,59.4872],[25.6237,59.492],[25.6234,59.4895]]],[[[26.2171,58.5873],[26.2102,58.5785],[26.2182,58.5675],[26.2252,58.5684],[26.2318,58.5622],[26.2213,58.5603],[26.2204,58.5569],[26.2298,58.5492],[26.2307,58.5471],[26.231,58.5467],[26.2407,58.545],[26.2409,58.5448],[26.2515,58.5472],[26.2706,58.5494],[26.2757,58.5474],[26.2858,58.5491],[26.2843,58.5521],[26.2825,58.5517],[26.2812,58.5515],[26.2805,58.5521],[26.2761,58.5552],[26.2738,58.5554],[26.2728,58.5555],[26.2712,58.5557],[26.2713,58.5561],[26.2741,58.5627],[26.2739,58.5644],[26.2744,58.5658],[26.2752,58.5678],[26.2757,58.5702],[26.2724,58.5768],[26.2596,58.5892],[26.254,58.5917],[26.2451,58.5935],[26.237,58.5963],[26.2336,58.5951],[26.2307,58.5942],[26.2304,58.5885],[26.234,58.585],[26.2192,58.583],[26.2195,58.584],[26.2171,58.5873]]],[[[27.574,59.3715],[27.5779,59.37],[27.5823,59.3677],[27.6187,59.3711],[27.6228,59.3715],[27.641,59.3733],[27.7015,59.3718],[27.721,59.3695],[27.7238,59.3782],[27.6881,59.382],[27.6344,59.3807],[27.5835,59.3753],[27.5735,59.3737],[27.574,59.3715]]],[[[28.0651,59.3723],[28.0648,59.3726],[28.0688,59.3761],[28.0633,59.3839],[28.054,59.3847],[28.0597,59.3916],[28.0488,59.3953],[28.0417,59.3986],[28.0403,59.3979],[28.0406,59.3924],[28.029,59.3931],[28.0327,59.3973],[28.0278,59.4013],[28.0155,59.3977],[28.0188,59.3896],[28.0254,59.3823],[27.9982,59.3768],[27.9881,59.3766],[27.976,59.3831],[27.9633,59.3789],[27.9618,59.3755],[27.9585,59.371],[27.9583,59.3708],[27.9554,59.3686],[27.9567,59.3684],[27.956,59.3674],[27.9543,59.3649],[28.0385,59.3679],[28.0678,59.3693],[28.0651,59.3723]]],[[[27.7186,59.3861],[27.7187,59.3896],[27.7189,59.3908],[27.7074,59.3909],[27.7092,59.3875],[27.7065,59.3872],[27.7037,59.3896],[27.7037,59.3898],[27.6958,59.3911],[27.6866,59.3856],[27.6651,59.3896],[27.6661,59.3923],[27.6403,59.3922],[27.6353,59.3936],[27.6277,59.3927],[27.6245,59.3899],[27.6233,59.3915],[27.6225,59.392],[27.6226,59.3915],[27.622,59.3907],[27.6183,59.3861],[27.6202,59.3799],[27.6344,59.3812],[27.6935,59.3824],[27.7241,59.3788],[27.7186,59.3861]]],[[[24.4148,59.4053],[24.4151,59.4065],[24.4054,59.406],[24.403,59.4081],[24.4084,59.412],[24.3987,59.4181],[24.3919,59.4149],[24.3818,59.4175],[24.3878,59.4179],[24.3926,59.4196],[24.3925,59.4208],[24.3867,59.4244],[24.3823,59.425],[24.3816,59.4247],[24.3808,59.4244],[24.374,59.4278],[24.3661,59.4217],[24.3598,59.4227],[24.3727,59.4282],[24.3715,59.4287],[24.3709,59.429],[24.3688,59.4317],[24.362,59.4302],[24.3597,59.4243],[24.3472,59.4203],[24.3449,59.4168],[24.3541,59.4136],[24.3463,59.4102],[24.3545,59.4091],[24.3635,59.4091],[24.3642,59.4087],[24.3722,59.4092],[24.3754,59.4052],[24.3866,59.4011],[24.4026,59.4012],[24.4109,59.4026],[24.4148,59.4053]]],[[[27.7129,59.335],[27.729,59.3253],[27.734,59.3146],[27.7535,59.311],[27.7549,59.3161],[27.7673,59.3264],[27.7635,59.3286],[27.7574,59.3373],[27.7452,59.3509],[27.7336,59.3482],[27.7171,59.3411],[27.7129,59.335]]],[[[27.9413,59.3483],[27.9129,59.3498],[27.9055,59.3368],[27.8979,59.3321],[27.8944,59.3194],[27.965,59.337],[27.9607,59.3429],[27.9671,59.3435],[27.9739,59.3392],[27.9886,59.3448],[27.9808,59.3462],[27.9562,59.3474],[27.9572,59.3446],[27.9398,59.3351],[27.9322,59.3368],[27.9311,59.3412],[27.9413,59.3483]]],[[[27.312,59.2068],[27.3292,59.1916],[27.3401,59.1818],[27.3453,59.1846],[27.34,59.1897],[27.3419,59.1984],[27.3342,59.1987],[27.3358,59.2036],[27.3266,59.2092],[27.3284,59.2127],[27.3086,59.2161],[27.3075,59.2132],[27.312,59.2068]]],[[[27.4077,59.1956],[27.4153,59.1715],[27.4467,59.1863],[27.4459,59.1968],[27.4582,59.1979],[27.4584,59.2002],[27.4217,59.197],[27.4153,59.2003],[27.4171,59.1961],[27.4077,59.1956]]],[[[27.4439,59.3523],[27.4433,59.3474],[27.4448,59.3446],[27.4472,59.3457],[27.4487,59.3446],[27.4585,59.343],[27.4675,59.3424],[27.4671,59.3519],[27.4598,59.3556],[27.4521,59.3554],[27.4457,59.3551],[27.4439,59.3523]]],[[[27.4954,59.3658],[27.4752,59.3627],[27.4636,59.3592],[27.4678,59.3523],[27.4684,59.3422],[27.4825,59.3397],[27.4993,59.3382],[27.5201,59.359],[27.5078,59.3584],[27.4954,59.3658]]],[[[27.3618,59.4263],[27.323,59.4277],[27.3252,59.4245],[27.3258,59.4238],[27.3147,59.4234],[27.3109,59.4267],[27.3003,59.4275],[27.2872,59.4235],[27.2858,59.419],[27.2923,59.4169],[27.2916,59.4179],[27.2925,59.4201],[27.3011,59.4198],[27.2996,59.4197],[27.2985,59.4186],[27.3006,59.4191],[27.3048,59.4199],[27.3046,59.4201],[27.306,59.4205],[27.3174,59.4186],[27.3219,59.4201],[27.323,59.4204],[27.3281,59.4212],[27.3356,59.4197],[27.3358,59.4183],[27.3443,59.413],[27.3631,59.4045],[27.3747,59.3967],[27.3884,59.3925],[27.3983,59.3914],[27.3987,59.3877],[27.4597,59.3836],[27.4546,59.3983],[27.4346,59.4087],[27.4256,59.4104],[27.4096,59.4106],[27.4094,59.4175],[27.4033,59.4247],[27.3949,59.425],[27.3845,59.4199],[27.36,59.4193],[27.3569,59.4261],[27.3618,59.4263]]],[[[27.3222,59.4284],[27.3552,59.4274],[27.3565,59.4282],[27.3552,59.4391],[27.3396,59.4401],[27.3379,59.4403],[27.3337,59.44],[27.327,59.4348],[27.3218,59.4367],[27.3081,59.4341],[27.3075,59.4319],[27.3222,59.4284]]],[[[26.8465,59.3367],[26.8454,59.3405],[26.8448,59.3405],[26.835,59.3442],[26.8324,59.345],[26.8315,59.3453],[26.8311,59.3454],[26.8284,59.3463],[26.828,59.3464],[26.8234,59.3471],[26.8244,59.3479],[26.8206,59.3487],[26.7882,59.3478],[26.7872,59.3457],[26.7736,59.3473],[26.7123,59.3455],[26.708,59.3396],[26.7113,59.3369],[26.7205,59.3361],[26.7218,59.3333],[26.7899,59.335],[26.8465,59.3367]]],[[[27.2828,59.3688],[27.2772,59.3612],[27.2981,59.3606],[27.3056,59.3639],[27.3094,59.3706],[27.2988,59.3751],[27.2831,59.3731],[27.2828,59.3688]]],[[[27.2885,58.9974],[27.3191,59],[27.3201,59.0037],[27.3361,59.0065],[27.3358,59.0058],[27.3367,59.0028],[27.3443,59.002],[27.3592,59.0033],[27.3687,59.0063],[27.3953,59.0097],[27.4002,59.0081],[27.4025,59.0063],[27.4252,59.008],[27.4234,59.0085],[27.4246,59.0134],[27.4173,59.0174],[27.3797,59.0145],[27.2944,59.0072],[27.2969,59.0026],[27.2887,58.999],[27.2885,58.9974]]],[[[26.3949,58.4603],[26.4184,58.4537],[26.4199,58.4544],[26.4244,58.451],[26.4243,58.4509],[26.4341,58.4506],[26.4278,58.4566],[26.4288,58.4572],[26.4365,58.4545],[26.449,58.4597],[26.4491,58.4599],[26.4442,58.4609],[26.4322,58.459],[26.4169,58.4741],[26.4051,58.4709],[26.405,58.4706],[26.4061,58.4672],[26.3949,58.4603]]],[[[24.5075,59.3352],[24.5097,59.3354],[24.5181,59.3385],[24.5372,59.3367],[24.5412,59.3363],[24.5417,59.3365],[24.5418,59.3373],[24.5392,59.3392],[24.5402,59.34],[24.5363,59.3445],[24.5363,59.3463],[24.5383,59.3549],[24.5304,59.3563],[24.529,59.3563],[24.5277,59.356],[24.5274,59.356],[24.5267,59.3557],[24.5259,59.3553],[24.5144,59.3523],[24.5147,59.3515],[24.5152,59.3512],[24.5149,59.3496],[24.5049,59.3502],[24.5005,59.3474],[24.5011,59.3467],[24.5016,59.346],[24.5021,59.3454],[24.5024,59.3448],[24.4988,59.3383],[24.4984,59.3384],[24.4985,59.3387],[24.4962,59.3384],[24.4931,59.3387],[24.492,59.3372],[24.4918,59.3342],[24.4979,59.3333],[24.5075,59.3352]]],[[[24.9838,59.3979],[24.9845,59.3974],[24.9881,59.3959],[24.9878,59.3951],[24.9879,59.3947],[24.9942,59.3939],[25.0001,59.3939],[25.0109,59.3912],[25.01,59.3954],[25.018,59.3982],[25.0027,59.4039],[24.9993,59.4053],[24.9922,59.4079],[24.9892,59.4084],[24.9882,59.4094],[24.988,59.4098],[24.9821,59.4128],[24.9743,59.405],[24.9838,59.3979]]],[[[24.6629,59.2499],[24.6801,59.2618],[24.6782,59.2633],[24.675,59.2605],[24.6656,59.2603],[24.6549,59.2592],[24.654,59.2639],[24.659,59.2699],[24.6652,59.2678],[24.6672,59.2662],[24.6694,59.2671],[24.6495,59.2759],[24.6395,59.276],[24.6357,59.2699],[24.6281,59.2736],[24.6245,59.2682],[24.6297,59.2671],[24.6433,59.2579],[24.6483,59.2559],[24.6498,59.2557],[24.6522,59.2565],[24.6511,59.2556],[24.6525,59.2533],[24.6629,59.2499]]],[[[27.4401,59.3279],[27.4458,59.3282],[27.4444,59.327],[27.439,59.3235],[27.4386,59.3198],[27.4466,59.3178],[27.456,59.3171],[27.4538,59.3197],[27.4649,59.3319],[27.4634,59.3346],[27.4627,59.336],[27.4608,59.3399],[27.4585,59.3391],[27.4483,59.339],[27.4349,59.3367],[27.4337,59.3354],[27.4376,59.3322],[27.4401,59.3279]]],[[[25.9624,58.7613],[25.9661,58.76],[25.9702,58.7608],[25.9718,58.7615],[25.972,58.7617],[25.9727,58.7623],[25.9748,58.763],[25.9759,58.7649],[25.9708,58.7649],[25.9685,58.7707],[25.9722,58.7723],[25.9735,58.7754],[25.9698,58.7783],[25.9589,58.7769],[25.9412,58.7756],[25.9337,58.7759],[25.9307,58.776],[25.9415,58.7721],[25.9346,58.7562],[25.9419,58.7516],[25.9482,58.7574],[25.9624,58.7613]]],[[[25.9156,58.7765],[25.8963,58.7773],[25.8782,58.7777],[25.8731,58.7771],[25.8672,58.7762],[25.8648,58.776],[25.8375,58.772],[25.8302,58.7709],[25.8281,58.7705],[25.7728,58.7713],[25.7746,58.7692],[25.7784,58.7669],[25.801,58.7538],[25.8129,58.7532],[25.8193,58.7551],[25.8213,58.7634],[25.825,58.7638],[25.8301,58.7636],[25.8301,58.7608],[25.8329,58.7598],[25.8367,58.756],[25.8351,58.7554],[25.8264,58.7571],[25.8231,58.7568],[25.8189,58.7535],[25.8279,58.7471],[25.8226,58.7404],[25.8236,58.7381],[25.8325,58.7377],[25.8366,58.7344],[25.8367,58.7341],[25.8391,58.7323],[25.8504,58.7289],[25.8494,58.7295],[25.8504,58.73],[25.8544,58.7293],[25.856,58.7297],[25.8639,58.7336],[25.8651,58.7329],[25.8725,58.7386],[25.8906,58.7447],[25.8939,58.7483],[25.9056,58.7446],[25.9072,58.7485],[25.8948,58.7538],[25.8992,58.76],[25.9069,58.7528],[25.9128,58.7544],[25.9117,58.7585],[25.9044,58.7615],[25.8907,58.7698],[25.8936,58.7719],[25.9037,58.769],[25.9048,58.7643],[25.9121,58.7641],[25.9159,58.7598],[25.9213,58.7639],[25.9078,58.7684],[25.9062,58.7715],[25.9146,58.7751],[25.9156,58.7765]]],[[[25.7645,58.7604],[25.7667,58.76],[25.7744,58.7576],[25.7732,58.7509],[25.7774,58.7509],[25.7806,58.7503],[25.7819,58.7517],[25.7847,58.7528],[25.7875,58.7527],[25.7974,58.7552],[25.7781,58.7665],[25.7628,58.7666],[25.7623,58.7603],[25.7645,58.7604]]],[[[26.5198,58.4263],[26.5209,58.4205],[26.5675,58.415],[26.5688,58.417],[26.5695,58.418],[26.5698,58.4252],[26.5705,58.4268],[26.5719,58.4254],[26.5785,58.4219],[26.5803,58.422],[26.5791,58.4148],[26.5808,58.4143],[26.5802,58.4136],[26.5989,58.4117],[26.6035,58.4215],[26.6027,58.4278],[26.6064,58.4317],[26.5991,58.4407],[26.5854,58.4399],[26.5828,58.4411],[26.5782,58.4401],[26.5722,58.4398],[26.5683,58.4397],[26.5627,58.4396],[26.5598,58.4395],[26.5589,58.4383],[26.5643,58.4355],[26.5644,58.4306],[26.5562,58.4268],[26.5548,58.4283],[26.5477,58.434],[26.549,58.4389],[26.5486,58.4399],[26.5501,58.4414],[26.5507,58.4421],[26.5514,58.4428],[26.552,58.4435],[26.5534,58.4449],[26.5549,58.4462],[26.5444,58.4425],[26.5387,58.4401],[26.5384,58.4399],[26.536,58.4387],[26.5332,58.4366],[26.5324,58.4361],[26.5206,58.4288],[26.5198,58.4263]]],[[[24.2491,59.256],[24.2444,59.2569],[24.2305,59.2562],[24.2323,59.2519],[24.2418,59.2483],[24.2445,59.2475],[24.2432,59.2469],[24.2424,59.2461],[24.2442,59.2417],[24.2589,59.2432],[24.2612,59.248],[24.2574,59.2528],[24.2491,59.256]]],[[[25.1351,59.3295],[25.1426,59.3312],[25.1433,59.3333],[25.139,59.3333],[25.1371,59.3331],[25.1133,59.3303],[25.1084,59.3314],[25.1086,59.3256],[25.1021,59.3251],[25.1022,59.3243],[25.1109,59.3238],[25.1179,59.3189],[25.1253,59.3226],[25.1352,59.321],[25.154,59.3213],[25.1498,59.3272],[25.1351,59.3295]]],[[[27.4707,57.8473],[27.4696,57.8468],[27.4695,57.8468],[27.4669,57.8453],[27.4661,57.8449],[27.4626,57.8415],[27.4951,57.8362],[27.5087,57.8348],[27.5254,57.8351],[27.5126,57.8431],[27.4878,57.8497],[27.4808,57.8536],[27.4732,57.8535],[27.4732,57.8478],[27.4715,57.8479],[27.4714,57.8478],[27.4707,57.8473]]],[[[27.075,58.1326],[27.0638,58.135],[27.0634,58.1388],[27.0249,58.1512],[27.021,58.1407],[27.0203,58.1409],[27.0161,58.1426],[27.0212,58.1398],[27.0176,58.1328],[27.0216,58.1275],[27.0249,58.1232],[27.0318,58.1198],[27.0321,58.1201],[27.0326,58.1212],[27.033,58.1214],[27.0392,58.1233],[27.0413,58.1227],[27.0422,58.1292],[27.0519,58.129],[27.0537,58.1257],[27.0732,58.1317],[27.075,58.1326]]],[[[27.5393,57.811],[27.5588,57.8015],[27.5484,57.7977],[27.548,57.7873],[27.5507,57.7832],[27.5571,57.783],[27.5574,57.7904],[27.5716,57.792],[27.5816,57.7965],[27.5824,57.8016],[27.5741,57.8166],[27.5679,57.8195],[27.5633,57.8199],[27.5492,57.822],[27.5458,57.8238],[27.542,57.8231],[27.5434,57.8171],[27.55,57.8172],[27.5546,57.8142],[27.5465,57.8105],[27.5393,57.811]]],[[[26.4233,58.3252],[26.4197,58.317],[26.4071,58.3155],[26.4045,58.3172],[26.401,58.3189],[26.392,58.3188],[26.3927,58.3182],[26.3954,58.3134],[26.396,58.3085],[26.4018,58.3032],[26.4126,58.3014],[26.4157,58.3052],[26.4267,58.2996],[26.429,58.2968],[26.4196,58.294],[26.4123,58.2995],[26.4041,58.2996],[26.401,58.296],[26.4114,58.2934],[26.4165,58.2882],[26.4267,58.2813],[26.4235,58.2768],[26.4257,58.27],[26.419,58.2662],[26.4189,58.2603],[26.4148,58.2522],[26.4261,58.2486],[26.4313,58.2505],[26.4326,58.256],[26.433,58.2573],[26.434,58.2592],[26.4294,58.2604],[26.4333,58.2669],[26.4437,58.269],[26.4353,58.2749],[26.4416,58.2803],[26.4388,58.2918],[26.435,58.2935],[26.4355,58.3047],[26.4252,58.3014],[26.4205,58.3032],[26.4205,58.3104],[26.4241,58.3115],[26.4258,58.316],[26.427,58.3223],[26.436,58.3277],[26.4331,58.3287],[26.4233,58.3252]]],[[[25.6084,58.5527],[25.5983,58.5639],[25.5905,58.5647],[25.5824,58.5615],[25.5945,58.5504],[25.6048,58.5482],[25.6084,58.5527]]],[[[27.0646,58.0837],[27.0647,58.0838],[27.0615,58.0872],[27.0614,58.0875],[27.071,58.0865],[27.0712,58.0867],[27.0714,58.0868],[27.0713,58.0917],[27.0738,58.0922],[27.0738,58.0923],[27.074,58.0926],[27.0739,58.0926],[27.0731,58.093],[27.0729,58.0931],[27.0717,58.0941],[27.074,58.0974],[27.066,58.0998],[27.0479,58.0987],[27.0432,58.091],[27.0581,58.0864],[27.0643,58.0829],[27.0646,58.0837]]],[[[24.7753,58.4755],[24.7756,58.4754],[24.7865,58.4818],[24.7876,58.4818],[24.785,58.4843],[24.7844,58.4843],[24.7789,58.4883],[24.7751,58.487],[24.7739,58.4888],[24.752,58.4792],[24.7492,58.4751],[24.7504,58.4739],[24.7618,58.4716],[24.7676,58.4775],[24.7753,58.4755]]],[[[25.6995,58.8436],[25.7063,58.8473],[25.7069,58.8534],[25.7066,58.8536],[25.7069,58.8584],[25.7038,58.8596],[25.7023,58.8596],[25.7016,58.8598],[25.7004,58.8599],[25.7002,58.86],[25.6941,58.8601],[25.6936,58.86],[25.6894,58.8589],[25.6919,58.8631],[25.6938,58.8652],[25.6935,58.8652],[25.6915,58.8645],[25.6874,58.8605],[25.6788,58.8609],[25.673,58.8607],[25.673,58.8593],[25.6705,58.8558],[25.669,58.8548],[25.6681,58.8548],[25.6659,58.853],[25.6696,58.8527],[25.6691,58.8516],[25.6684,58.8509],[25.6826,58.8507],[25.6995,58.8436]]],[[[25.5426,58.6165],[25.5353,58.6124],[25.5298,58.61],[25.5261,58.61],[25.5228,58.6094],[25.5228,58.6093],[25.5242,58.6086],[25.5249,58.6026],[25.5283,58.5998],[25.5281,58.5992],[25.5345,58.5963],[25.5361,58.5966],[25.5387,58.5942],[25.5376,58.5931],[25.5428,58.5932],[25.5517,58.5972],[25.5548,58.5923],[25.5511,58.5869],[25.5586,58.589],[25.5608,58.6082],[25.5529,58.6086],[25.5449,58.6063],[25.5441,58.6137],[25.551,58.6158],[25.5426,58.6165]]],[[[28.037,59.3111],[28.0387,59.3018],[28.0549,59.3012],[28.0601,59.3063],[28.0528,59.3124],[28.0471,59.3143],[28.037,59.3111]]],[[[27.9858,59.306],[27.9989,59.2939],[28.001,59.2904],[28.0168,59.2969],[28.0272,59.2989],[28.0233,59.3061],[28.0291,59.3105],[28.0215,59.3239],[28.0221,59.324],[28.0326,59.3268],[28.0388,59.3263],[28.039,59.3414],[28.0298,59.3416],[28.0265,59.344],[28.0167,59.3452],[28.0138,59.348],[28.0071,59.3479],[28.0021,59.3493],[27.9797,59.3398],[27.9692,59.3373],[27.961,59.3353],[27.895,59.3188],[27.8927,59.3122],[27.8945,59.2893],[27.9166,59.2806],[27.9169,59.2801],[27.9177,59.2793],[27.9178,59.2791],[27.9189,59.278],[27.9193,59.2781],[27.9205,59.2789],[27.9173,59.2956],[27.926,59.301],[27.9415,59.3002],[27.9416,59.3059],[27.9469,59.3082],[27.9678,59.3119],[27.9863,59.3081],[27.9858,59.306]],[[27.9245,59.308],[27.9287,59.3158],[27.9483,59.3188],[27.9646,59.3164],[27.9776,59.3214],[28.0023,59.3231],[28.012,59.3181],[28.0202,59.3184],[28.0224,59.314],[28.0164,59.3099],[27.9993,59.3071],[27.9949,59.3095],[27.9816,59.3109],[27.9715,59.3133],[27.956,59.3124],[27.9387,59.3134],[27.9311,59.3084],[27.9245,59.308]]],[[[27.5517,57.8222],[27.5566,57.8211],[27.5582,57.8233],[27.5628,57.8227],[27.56,57.8205],[27.5655,57.8198],[27.5644,57.8227],[27.5656,57.8261],[27.5719,57.8256],[27.5749,57.8204],[27.5845,57.8219],[27.5948,57.82],[27.6006,57.8253],[27.5936,57.8336],[27.5759,57.8315],[27.5553,57.8305],[27.5517,57.8222]]],[[[25.7493,59.6434],[25.733,59.643],[25.7264,59.6381],[25.7186,59.6381],[25.7027,59.6449],[25.694,59.6434],[25.683,59.6324],[25.6863,59.6266],[25.6949,59.6248],[25.7099,59.6187],[25.7082,59.6111],[25.7135,59.6062],[25.7118,59.5963],[25.7082,59.5906],[25.7212,59.5899],[25.725,59.5914],[25.7356,59.5884],[25.7498,59.5886],[25.7597,59.594],[25.7604,59.5991],[25.7527,59.5984],[25.7498,59.5995],[25.7504,59.6032],[25.7549,59.6032],[25.7558,59.6025],[25.7563,59.6021],[25.7586,59.6024],[25.7604,59.6026],[25.7565,59.6094],[25.7542,59.6131],[25.7526,59.6152],[25.753,59.6156],[25.7568,59.6154],[25.7589,59.6141],[25.7636,59.6173],[25.763,59.6217],[25.7602,59.6312],[25.7557,59.6352],[25.7584,59.6392],[25.7493,59.6434]]],[[[24.9315,58.1685],[24.9395,58.1645],[24.9672,58.1667],[24.9801,58.1604],[24.9868,58.1609],[24.9864,58.1649],[24.9806,58.1704],[24.9732,58.1754],[24.974,58.1799],[24.9684,58.1819],[24.9604,58.1797],[24.9608,58.1759],[24.9459,58.1736],[24.9407,58.175],[24.922,58.1774],[24.9199,58.1766],[24.9201,58.1741],[24.9284,58.1702],[24.9315,58.1685]]],[[[26.967,58.6078],[26.9683,58.6059],[26.9686,58.6056],[26.9687,58.6049],[26.9692,58.6032],[26.9737,58.5965],[26.9755,58.5916],[26.9733,58.5898],[26.9728,58.5865],[26.9716,58.5855],[26.9718,58.5848],[26.9732,58.584],[26.9748,58.5827],[26.9763,58.583],[26.9757,58.582],[26.9775,58.5809],[26.9788,58.581],[26.9797,58.5809],[26.9856,58.5776],[27.0206,58.5783],[27.0293,58.5846],[27.0324,58.5895],[27.0253,58.5942],[27.0081,58.5989],[27.0067,58.6055],[27.0035,58.6086],[27.0029,58.6091],[27.0075,58.6104],[27.0071,58.6114],[27.0081,58.6117],[27.0089,58.6119],[27.0079,58.613],[27.0078,58.6129],[26.9977,58.6125],[26.9791,58.6209],[26.973,58.6165],[26.967,58.6078]]],[[[25.1627,59.1511],[25.1584,59.1449],[25.1606,59.1454],[25.162,59.1447],[25.163,59.14],[25.1767,59.1393],[25.1835,59.1427],[25.1951,59.143],[25.2006,59.1436],[25.1992,59.1463],[25.1998,59.147],[25.1972,59.1494],[25.1845,59.1587],[25.1816,59.1561],[25.1762,59.156],[25.1741,59.1579],[25.1683,59.1594],[25.1678,59.1609],[25.1669,59.1632],[25.1611,59.161],[25.1623,59.1597],[25.1627,59.1511]]],[[[24.5928,58.389],[24.5977,58.3954],[24.6004,58.3941],[24.6006,58.3942],[24.602,58.3935],[24.6101,58.3962],[24.6096,58.3963],[24.6225,58.399],[24.6216,58.3995],[24.6174,58.3988],[24.6112,58.4038],[24.5879,58.4057],[24.5773,58.3992],[24.586,58.3962],[24.5892,58.3965],[24.6001,58.396],[24.5975,58.3957],[24.5924,58.3944],[24.5906,58.3946],[24.583,58.394],[24.5748,58.3908],[24.5741,58.391],[24.5724,58.3915],[24.571,58.391],[24.5622,58.3864],[24.5658,58.3854],[24.5687,58.3873],[24.5716,58.3864],[24.5731,58.3837],[24.5733,58.3833],[24.5732,58.3832],[24.5749,58.3825],[24.5757,58.3824],[24.5792,58.3805],[24.5794,58.3804],[24.5828,58.3785],[24.5903,58.3815],[24.5928,58.389]]],[[[23.995,59.1911],[23.993,59.189],[23.9962,59.1866],[23.988,59.1819],[23.9961,59.1775],[24.0045,59.1783],[24.0109,59.1813],[24.0111,59.1907],[23.9996,59.1926],[23.995,59.1911]]],[[[23.8725,58.7956],[23.8695,58.792],[23.8608,58.7948],[23.8533,58.8023],[23.8549,58.8034],[23.8565,58.8041],[23.8606,58.8056],[23.8546,58.8108],[23.8539,58.8058],[23.8412,58.8044],[23.8279,58.8112],[23.8188,58.817],[23.8044,58.8214],[23.7955,58.8164],[23.8128,58.8051],[23.8131,58.7997],[23.819,58.7941],[23.8277,58.7914],[23.8289,58.7964],[23.8448,58.7967],[23.8398,58.7996],[23.8457,58.8032],[23.8505,58.8007],[23.8465,58.7967],[23.8478,58.7918],[23.8547,58.7869],[23.8833,58.7831],[23.8912,58.7748],[23.8994,58.7779],[23.8977,58.7831],[23.8792,58.7885],[23.8834,58.7902],[23.8836,58.7907],[23.8848,58.7929],[23.8768,58.7942],[23.8725,58.7974],[23.8725,58.7956]]],[[[26.452,58.7726],[26.4528,58.7727],[26.4586,58.7791],[26.4612,58.7844],[26.458,58.7885],[26.4584,58.7944],[26.4556,58.7974],[26.447,58.7995],[26.4431,58.8051],[26.447,58.8078],[26.4461,58.8091],[26.4046,58.8091],[26.4168,58.8068],[26.414,58.804],[26.4035,58.8081],[26.3963,58.8084],[26.3787,58.8066],[26.3814,58.8017],[26.387,58.8028],[26.3903,58.7952],[26.3988,58.7898],[26.4167,58.793],[26.4334,58.7775],[26.4382,58.7752],[26.4455,58.7772],[26.452,58.7726]]],[[[25.6538,58.8508],[25.6331,58.8511],[25.6318,58.849],[25.6335,58.8485],[25.6334,58.8484],[25.6316,58.849],[25.6286,58.8504],[25.6195,58.8525],[25.6137,58.8499],[25.5986,58.849],[25.5954,58.8457],[25.5952,58.8451],[25.5951,58.8449],[25.5955,58.843],[25.5856,58.8357],[25.6199,58.8176],[25.6442,58.7831],[25.6922,58.7785],[25.6835,58.7833],[25.6918,58.787],[25.6839,58.7914],[25.689,58.7961],[25.6854,58.7969],[25.679,58.7996],[25.678,58.799],[25.6738,58.7987],[25.6734,58.7995],[25.6744,58.8016],[25.6714,58.8018],[25.6682,58.8091],[25.6859,58.8113],[25.6866,58.8116],[25.6902,58.8148],[25.6998,58.8175],[25.7049,58.8154],[25.7089,58.8158],[25.7275,58.8113],[25.7203,58.8046],[25.7199,58.8038],[25.7286,58.7962],[25.7461,58.8017],[25.7546,58.8094],[25.7574,58.8133],[25.7529,58.8203],[25.7453,58.8207],[25.7442,58.8242],[25.7352,58.8213],[25.7263,58.8261],[25.7129,58.8267],[25.7076,58.8294],[25.7081,58.8323],[25.7108,58.8339],[25.7095,58.8391],[25.6994,58.8433],[25.6896,58.8375],[25.6695,58.8397],[25.6705,58.8442],[25.6666,58.8481],[25.6666,58.8483],[25.6611,58.8476],[25.6538,58.8508]]],[[[26.8199,58.8857],[26.822,58.8778],[26.8335,58.8696],[26.9144,58.9092],[26.8342,58.8953],[26.8354,58.8893],[26.8199,58.8857]]],[[[26.9396,58.889],[26.9419,58.8926],[26.9352,58.8971],[26.9276,58.8972],[26.9311,58.8911],[26.9228,58.8879],[26.9176,58.8939],[26.9198,58.8998],[26.9252,58.9002],[26.9227,58.9061],[26.927,58.9093],[26.9247,58.9092],[26.8776,58.8867],[26.8611,58.8797],[26.8557,58.871],[26.8456,58.8711],[26.8503,58.8624],[26.8476,58.8564],[26.8534,58.8534],[26.8569,58.8519],[26.8705,58.8459],[26.8799,58.8464],[26.8785,58.852],[26.8727,58.854],[26.8784,58.8527],[26.8802,58.8465],[26.8869,58.8468],[26.8803,58.846],[26.8757,58.8423],[26.8741,58.837],[26.8774,58.8347],[26.8985,58.8451],[26.908,58.8481],[26.9176,58.8559],[26.9261,58.8604],[26.9326,58.8684],[26.95,58.8848],[26.9396,58.889]]],[[[25.6001,58.9742],[25.5913,58.9841],[25.5906,58.985],[25.5909,58.9856],[25.5896,58.9858],[25.5871,58.9849],[25.5801,58.9835],[25.5769,58.9858],[25.5741,58.9879],[25.5669,58.9835],[25.5668,58.9835],[25.5659,58.9781],[25.5503,58.973],[25.5457,58.9666],[25.5494,58.9627],[25.5476,58.9601],[25.5489,58.9562],[25.5526,58.9576],[25.5529,58.9578],[25.5648,58.9639],[25.5678,58.9614],[25.564,58.9558],[25.5644,58.9556],[25.5655,58.9547],[25.5728,58.9526],[25.5736,58.9529],[25.5763,58.9537],[25.5741,58.954],[25.5722,58.9539],[25.5658,58.9562],[25.5725,58.9611],[25.5725,58.9674],[25.5745,58.9689],[25.5756,58.969],[25.5762,58.9697],[25.5745,58.9705],[25.5879,58.9693],[25.589,58.9648],[25.5933,58.9664],[25.5936,58.9669],[25.6001,58.9742]]],[[[23.5399,58.9032],[23.545,58.9009],[23.5499,58.8968],[23.5493,58.8933],[23.5597,58.8859],[23.5717,58.8856],[23.5723,58.8888],[23.5829,58.8892],[23.5745,58.8975],[23.5823,58.8992],[23.5731,58.9035],[23.5655,58.9049],[23.5637,58.9063],[23.5583,58.902],[23.5525,58.9025],[23.5417,58.9033],[23.5367,58.9088],[23.5359,58.9074],[23.5399,58.9032]]],[[[23.5969,58.9331],[23.5954,58.9386],[23.5893,58.9363],[23.5735,58.9348],[23.5738,58.9344],[23.558,58.9319],[23.5577,58.9297],[23.5706,58.9258],[23.5811,58.9178],[23.5928,58.9203],[23.6008,58.922],[23.6184,58.931],[23.6248,58.9432],[23.6114,58.9413],[23.598,58.9359],[23.5969,58.9331]]],[[[25,58.7757],[24.9893,58.7802],[24.9815,58.7743],[24.9877,58.7706],[25.0087,58.7584],[25.0238,58.7574],[25.0385,58.746],[25.0442,58.7431],[25.0503,58.7327],[25.0676,58.7186],[25.0649,58.7087],[25.0774,58.7075],[25.0836,58.7083],[25.0809,58.7118],[25.0723,58.7112],[25.0717,58.717],[25.0792,58.7198],[25.0827,58.7247],[25.0979,58.7226],[25.1035,58.7259],[25.103,58.7291],[25.1008,58.7297],[25.1017,58.7293],[25.1018,58.7291],[25.1009,58.7277],[25.1016,58.7272],[25.1019,58.7271],[25.1017,58.7267],[25.0965,58.7271],[25.0933,58.7274],[25.0947,58.7379],[25.0958,58.7383],[25.0962,58.7383],[25.095,58.7386],[25.0953,58.7394],[25.0956,58.7396],[25.0989,58.7404],[25.0988,58.7429],[25.0989,58.7475],[25.1071,58.7529],[25.1061,58.7533],[25.1057,58.7536],[25.1065,58.7538],[25.1118,58.7539],[25.1158,58.7579],[25.116,58.7587],[25.1162,58.7602],[25.1167,58.7664],[25.114,58.7692],[25.1108,58.7749],[25.1107,58.7747],[25.102,58.7767],[25.1022,58.7768],[25.1026,58.7804],[25.0624,58.7778],[25.0607,58.7775],[25.0598,58.7764],[25.0592,58.7757],[25.0591,58.7717],[25.059,58.7715],[25.0585,58.7717],[25.0544,58.7712],[25.0542,58.7707],[25.054,58.7703],[25.0538,58.7695],[25.047,58.7683],[25.0467,58.768],[25.0465,58.7677],[25.0462,58.7673],[25.0431,58.7661],[25.0423,58.7661],[25.0376,58.7704],[25.0331,58.7699],[25.0372,58.7673],[25.0307,58.7643],[25.0293,58.7613],[25.0304,58.7643],[25.0268,58.7661],[25.0251,58.7669],[25.0184,58.7708],[25.0147,58.7709],[25.0094,58.7707],[25.0091,58.7707],[25.0009,58.7749],[25,58.7757]]],[[[24.8917,58.7533],[24.8893,58.7508],[24.8884,58.7501],[24.8923,58.7501],[24.896,58.7502],[24.8966,58.7502],[24.9012,58.7504],[24.9117,58.7546],[24.9176,58.7647],[24.9127,58.7682],[24.9052,58.7681],[24.9045,58.7674],[24.9032,58.7625],[24.8983,58.7617],[24.897,58.761],[24.8951,58.7596],[24.8951,58.7595],[24.8917,58.7533]]],[[[24.9336,58.7615],[24.9369,58.7585],[24.9385,58.7586],[24.9396,58.7579],[24.9398,58.7575],[24.9396,58.7651],[24.9421,58.7709],[24.9416,58.7712],[24.9404,58.7713],[24.9401,58.7715],[24.9427,58.7786],[24.9413,58.7808],[24.937,58.7838],[24.927,58.7816],[24.9256,58.7803],[24.9256,58.78],[24.9258,58.7794],[24.9162,58.7756],[24.9177,58.7733],[24.9202,58.7747],[24.9259,58.7746],[24.9261,58.7678],[24.9247,58.7663],[24.9285,58.7616],[24.9304,58.761],[24.9336,58.7615]]],[[[24.4235,58.7744],[24.443,58.7721],[24.4537,58.7789],[24.4454,58.783],[24.4397,58.7828],[24.438,58.7839],[24.4388,58.7872],[24.4348,58.7888],[24.4257,58.788],[24.425,58.782],[24.4189,58.7824],[24.4165,58.7873],[24.4135,58.787],[24.414,58.7783],[24.4269,58.7779],[24.4235,58.7744]]],[[[26.7887,58.5366],[26.7848,58.5352],[26.7884,58.5338],[26.7908,58.5343],[26.7925,58.5329],[26.794,58.5328],[26.7948,58.5329],[26.7926,58.5359],[26.8043,58.537],[26.8048,58.5275],[26.8088,58.5233],[26.8146,58.5222],[26.8157,58.5264],[26.8141,58.5301],[26.8258,58.532],[26.8205,58.536],[26.8179,58.5382],[26.81,58.5438],[26.8001,58.5587],[26.7923,58.5632],[26.7854,58.5609],[26.7815,58.5644],[26.7779,58.5588],[26.7965,58.5391],[26.7887,58.5366]]],[[[25.4778,59.4528],[25.5125,59.4561],[25.5085,59.4603],[25.5075,59.4662],[25.5041,59.4678],[25.5036,59.468],[25.501,59.4687],[25.4984,59.4703],[25.4972,59.4704],[25.4938,59.4721],[25.4923,59.4725],[25.4903,59.4686],[25.4908,59.4678],[25.4849,59.4649],[25.4826,59.4629],[25.4815,59.4611],[25.48,59.4606],[25.4785,59.4593],[25.4721,59.4592],[25.4718,59.4587],[25.4762,59.4583],[25.4773,59.4565],[25.4766,59.4552],[25.4778,59.4528]]],[[[25.0228,59.3195],[25.0248,59.3184],[25.0292,59.3183],[25.0288,59.3174],[25.0283,59.3174],[25.024,59.3172],[25.0221,59.3175],[25.0171,59.3142],[25.0169,59.3142],[25.0106,59.316],[25.0031,59.3125],[25.0011,59.3073],[25.0427,59.3062],[25.0435,59.311],[25.0545,59.3164],[25.0599,59.3168],[25.0471,59.3223],[25.0513,59.327],[25.0457,59.328],[25.0309,59.329],[25.0228,59.3289],[25.0298,59.3211],[25.0228,59.3195]]],[[[24.9311,59.2928],[24.931,59.2927],[24.9206,59.2913],[24.9152,59.2935],[24.9023,59.292],[24.9116,59.2903],[24.9135,59.2761],[24.9315,59.2823],[24.9426,59.2864],[24.9505,59.2843],[24.9479,59.2926],[24.9443,59.2924],[24.9354,59.2923],[24.9311,59.2928]]],[[[26.6033,59.3351],[26.6153,59.3368],[26.615,59.3433],[26.567,59.3393],[26.5581,59.3334],[26.5929,59.3334],[26.6033,59.3351]]],[[[24.4773,59.5705],[24.4839,59.5653],[24.4878,59.556],[24.4985,59.5512],[24.5051,59.5459],[24.5146,59.5438],[24.5203,59.5402],[24.5318,59.5379],[24.5415,59.5409],[24.5494,59.5382],[24.5631,59.5406],[24.5514,59.5505],[24.5499,59.5576],[24.542,59.5712],[24.5358,59.5772],[24.5317,59.5865],[24.5248,59.5894],[24.5186,59.5969],[24.5148,59.6044],[24.5089,59.6044],[24.505,59.5969],[24.4986,59.5943],[24.4954,59.5853],[24.487,59.5796],[24.4886,59.5758],[24.4773,59.5705]]],[[[24.6128,59.2034],[24.6102,59.1993],[24.6129,59.1977],[24.6153,59.1988],[24.6163,59.1992],[24.6173,59.1996],[24.6194,59.2005],[24.624,59.2027],[24.6326,59.2149],[24.6332,59.2164],[24.6355,59.2188],[24.6295,59.223],[24.6279,59.223],[24.6242,59.223],[24.6217,59.2233],[24.6187,59.2222],[24.6183,59.2177],[24.6167,59.2169],[24.6175,59.2139],[24.6149,59.2137],[24.6125,59.2126],[24.6161,59.2064],[24.6128,59.2034]]],[[[25.779,58.7144],[25.7752,58.7157],[25.7696,58.7162],[25.7614,58.7117],[25.7546,58.7049],[25.7428,58.7008],[25.7639,58.6999],[25.7656,58.6998],[25.7674,58.6993],[25.7683,58.6992],[25.7717,58.6997],[25.7751,58.6997],[25.7849,58.7034],[25.7928,58.7042],[25.7909,58.7065],[25.7799,58.7104],[25.7739,58.7115],[25.7714,58.7121],[25.7775,58.7126],[25.779,58.7144]]],[[[25.6738,58.6453],[25.6716,58.6453],[25.6657,58.6423],[25.6593,58.6429],[25.6669,58.6497],[25.6748,58.6539],[25.6654,58.6651],[25.6636,58.6662],[25.6629,58.6703],[25.6567,58.6678],[25.6536,58.6662],[25.648,58.6658],[25.6454,58.6645],[25.64,58.665],[25.6286,58.6641],[25.6221,58.6468],[25.6278,58.6498],[25.6322,58.6489],[25.6467,58.6487],[25.6451,58.6445],[25.6453,58.6445],[25.6572,58.6454],[25.6557,58.6416],[25.6557,58.6414],[25.6686,58.6412],[25.6738,58.6453]]],[[[25.2521,59.141],[25.2517,59.1494],[25.2513,59.1584],[25.2512,59.1594],[25.2491,59.1584],[25.2478,59.1582],[25.2469,59.1585],[25.2416,59.1602],[25.2401,59.1619],[25.2383,59.1623],[25.2365,59.1617],[25.2296,59.1595],[25.2286,59.1595],[25.2286,59.159],[25.2322,59.1579],[25.2334,59.1562],[25.2346,59.1539],[25.236,59.1525],[25.2373,59.1522],[25.2387,59.151],[25.2416,59.1452],[25.2489,59.1407],[25.2521,59.141]]],[[[26.7809,58.2953],[26.7868,58.2992],[26.7996,58.2966],[26.8001,58.3059],[26.8082,58.304],[26.8092,58.3087],[26.8143,58.3114],[26.8208,58.3151],[26.8202,58.3161],[26.8204,58.3165],[26.8186,58.3166],[26.8183,58.3167],[26.809,58.3178],[26.7946,58.3167],[26.7934,58.3158],[26.7966,58.3126],[26.7955,58.3121],[26.794,58.3122],[26.7863,58.3085],[26.784,58.3035],[26.7789,58.3011],[26.7797,58.2981],[26.7809,58.2953]]],[[[26.5986,58.4114],[26.5768,58.4136],[26.5767,58.4133],[26.5763,58.413],[26.5761,58.4124],[26.5766,58.4122],[26.577,58.4125],[26.5775,58.4125],[26.5782,58.4123],[26.5777,58.4104],[26.573,58.4094],[26.5712,58.4117],[26.5748,58.4124],[26.5751,58.4132],[26.5748,58.4137],[26.524,58.4192],[26.5195,58.4137],[26.5238,58.4077],[26.5323,58.4045],[26.5484,58.4039],[26.5489,58.4016],[26.5596,58.403],[26.5717,58.3993],[26.579,58.4008],[26.5845,58.3962],[26.5859,58.396],[26.5918,58.3949],[26.5923,58.3905],[26.5989,58.39],[26.5994,58.399],[26.5945,58.4026],[26.5986,58.4114]]],[[[26.7346,58.1516],[26.7292,58.1499],[26.7282,58.1471],[26.7284,58.147],[26.7291,58.1466],[26.729,58.1463],[26.729,58.1459],[26.7293,58.1451],[26.7298,58.1452],[26.7321,58.1464],[26.7322,58.1462],[26.73,58.1451],[26.729,58.1444],[26.7284,58.1437],[26.7279,58.1437],[26.7273,58.1436],[26.7273,58.1435],[26.7278,58.143],[26.7308,58.1429],[26.7325,58.1385],[26.7311,58.138],[26.7297,58.1379],[26.7251,58.1371],[26.728,58.1345],[26.7304,58.1327],[26.7379,58.1258],[26.7478,58.1312],[26.747,58.1314],[26.7472,58.1322],[26.7477,58.1321],[26.7583,58.132],[26.759,58.1365],[26.7578,58.137],[26.7573,58.1372],[26.7538,58.1377],[26.7535,58.138],[26.76,58.1399],[26.7525,58.1438],[26.7518,58.1437],[26.7513,58.1468],[26.7508,58.1468],[26.7501,58.1468],[26.7492,58.1469],[26.7489,58.1469],[26.7487,58.1478],[26.7459,58.1488],[26.7456,58.1489],[26.7463,58.1534],[26.7425,58.1568],[26.7368,58.1561],[26.7346,58.1516]]],[[[23.7674,58.6888],[23.7717,58.6859],[23.769,58.6898],[23.7702,58.6954],[23.7572,58.6982],[23.7527,58.7011],[23.7437,58.7203],[23.7495,58.7247],[23.7418,58.7295],[23.7187,58.7348],[23.7096,58.7331],[23.7087,58.7324],[23.6896,58.7191],[23.6858,58.7126],[23.6841,58.7106],[23.6817,58.7067],[23.6856,58.7019],[23.6929,58.6996],[23.6894,58.6903],[23.6826,58.6913],[23.6802,58.6856],[23.6861,58.6834],[23.6878,58.6791],[23.7048,58.6793],[23.7096,58.68],[23.7201,58.6865],[23.7256,58.682],[23.7275,58.6783],[23.7415,58.6801],[23.7396,58.6845],[23.7331,58.6841],[23.7268,58.6852],[23.7255,58.6893],[23.7285,58.6946],[23.7427,58.6941],[23.7459,58.6913],[23.7504,58.6807],[23.7594,58.6806],[23.754,58.6731],[23.7638,58.6697],[23.7667,58.6696],[23.7672,58.6697],[23.775,58.6759],[23.7785,58.6742],[23.7777,58.6765],[23.7776,58.6766],[23.7783,58.6765],[23.7787,58.6788],[23.7727,58.6851],[23.7726,58.6788],[23.7605,58.6812],[23.7568,58.682],[23.7634,58.6899],[23.7674,58.6888]]],[[[24.711,58.6174],[24.7252,58.5981],[24.7488,58.6087],[24.7299,58.6272],[24.7118,58.6194],[24.711,58.6174]]],[[[25.7123,58.4087],[25.7119,58.407],[25.7194,58.413],[25.7196,58.4157],[25.7244,58.417],[25.7277,58.4068],[25.7343,58.4063],[25.7368,58.41],[25.7375,58.42],[25.7316,58.4308],[25.7352,58.4371],[25.7329,58.4384],[25.7299,58.4376],[25.7261,58.4352],[25.7229,58.4326],[25.7145,58.4269],[25.7135,58.4267],[25.7098,58.4235],[25.709,58.4233],[25.7085,58.4244],[25.7081,58.4245],[25.7024,58.4209],[25.7055,58.4169],[25.7126,58.4119],[25.7123,58.4087]]],[[[26.0676,58.4353],[26.0639,58.4355],[26.0585,58.442],[26.0562,58.4439],[26.0449,58.4479],[26.044,58.4502],[26.0424,58.451],[26.0406,58.4519],[26.0369,58.4509],[26.0428,58.4448],[26.0443,58.4435],[26.0489,58.4393],[26.0486,58.4389],[26.0488,58.4378],[26.0433,58.4318],[26.0364,58.4265],[26.0373,58.4256],[26.0472,58.421],[26.077,58.414],[26.0777,58.4144],[26.076,58.4154],[26.0708,58.4247],[26.0753,58.4276],[26.0679,58.4296],[26.0681,58.4301],[26.0704,58.4308],[26.0676,58.4353]]],[[[26.0349,58.4887],[26.038,58.4888],[26.0384,58.4946],[26.0323,58.4978],[26.0286,58.505],[26.0198,58.5125],[26.0033,58.5168],[26.0033,58.5136],[26.0147,58.5029],[26.0053,58.5044],[26.0043,58.503],[26.0115,58.4948],[26.0118,58.4941],[26.0144,58.4938],[26.0213,58.4975],[26.0281,58.4911],[26.0349,58.4887]]],[[[25.9416,58.5628],[25.9437,58.5627],[25.9527,58.5557],[25.9542,58.5542],[25.9603,58.5531],[25.9679,58.5584],[25.9666,58.5646],[25.9606,58.5647],[25.9559,58.5683],[25.9385,58.5735],[25.9415,58.5634],[25.9416,58.5628]]],[[[24.4605,58.6142],[24.4699,58.6133],[24.477,58.6123],[24.4832,58.6124],[24.4905,58.6153],[24.503,58.6146],[24.5056,58.6167],[24.5087,58.6222],[24.4982,58.6305],[24.4914,58.634],[24.4794,58.631],[24.4816,58.6275],[24.4758,58.6255],[24.4808,58.6224],[24.4692,58.6162],[24.4605,58.616],[24.4605,58.6142]]],[[[25.6432,58.9441],[25.663,58.9694],[25.6608,58.9689],[25.6578,58.969],[25.6564,58.9697],[25.6562,58.971],[25.6563,58.9719],[25.6434,58.9705],[25.642,58.9708],[25.6355,58.9724],[25.6377,58.9623],[25.6274,58.9631],[25.6354,58.9713],[25.6326,58.9734],[25.6225,58.9734],[25.6138,58.9731],[25.6058,58.9731],[25.6069,58.9635],[25.6071,58.9606],[25.6109,58.9489],[25.612,58.9467],[25.6127,58.9421],[25.6188,58.9388],[25.6193,58.9385],[25.6197,58.9423],[25.6406,58.9443],[25.6432,58.9441]]],[[[26.3093,58.7465],[26.3013,58.7407],[26.3007,58.7397],[26.3001,58.7394],[26.3002,58.7381],[26.2976,58.7383],[26.3014,58.7344],[26.3055,58.734],[26.3094,58.7347],[26.313,58.7354],[26.3164,58.7358],[26.3165,58.7363],[26.3236,58.7377],[26.3243,58.7392],[26.3241,58.7436],[26.3216,58.751],[26.3192,58.7509],[26.3093,58.7465]]],[[[26.2475,58.9442],[26.2351,58.9442],[26.2312,58.9467],[26.2308,58.9465],[26.2252,58.9446],[26.2142,58.9445],[26.2099,58.9394],[26.2056,58.9384],[26.2312,58.9284],[26.2355,58.9263],[26.2504,58.9192],[26.2548,58.92],[26.2537,58.9206],[26.2497,58.9215],[26.2474,58.924],[26.242,58.9281],[26.2486,58.9301],[26.2502,58.9323],[26.2517,58.94],[26.2475,58.9442]]],[[[25.9145,58.9306],[25.9184,58.9267],[25.9209,58.9196],[25.9358,58.9186],[25.9378,58.9252],[25.9337,58.9275],[25.9342,58.9324],[25.9266,58.9343],[25.9145,58.9306]]],[[[25.8695,58.9368],[25.8708,58.9338],[25.9006,58.9341],[25.909,58.9319],[25.92,58.9332],[25.9229,58.9366],[25.9056,58.9415],[25.8909,58.9391],[25.8886,58.9425],[25.8695,58.9368]]],[[[26.6159,57.8478],[26.6121,57.8473],[26.6145,57.8415],[26.6203,57.8393],[26.6199,57.834],[26.6246,57.8292],[26.6274,57.8293],[26.6367,57.8283],[26.6394,57.8299],[26.6409,57.8329],[26.6406,57.8339],[26.6401,57.8352],[26.6353,57.8409],[26.6382,57.843],[26.6246,57.8439],[26.6184,57.8441],[26.6159,57.8478]]],[[[24.6583,59.3275],[24.6518,59.3248],[24.6514,59.3196],[24.656,59.3171],[24.6747,59.3162],[24.6814,59.3189],[24.6647,59.3217],[24.662,59.321],[24.6626,59.3223],[24.6814,59.3192],[24.6804,59.3292],[24.6773,59.3348],[24.6638,59.3356],[24.6622,59.3358],[24.6617,59.336],[24.6583,59.3275]]],[[[27.067,58.9545],[27.0775,58.9494],[27.0796,58.958],[27.101,58.9653],[27.138,58.9768],[27.1693,58.984],[27.1692,58.987],[27.1615,58.9921],[27.1616,58.9957],[27.1567,58.9953],[27.1564,58.9953],[27.1123,58.9824],[27.1251,58.9824],[27.1229,58.9769],[27.1177,58.975],[27.1034,58.9716],[27.0917,58.9727],[27.0947,58.9761],[27.1058,58.9783],[27.1115,58.9822],[27.0527,58.9638],[27.0554,58.9592],[27.0569,58.9558],[27.067,58.9545]]],[[[26.9012,58.7832],[26.9051,58.7771],[26.9134,58.7757],[26.924,58.7797],[26.923,58.7853],[26.9294,58.7895],[26.9161,58.7889],[26.9153,58.7915],[26.9147,58.7942],[26.9142,58.7964],[26.9172,58.8017],[26.9166,58.804],[26.9166,58.8043],[26.914,58.8092],[26.9113,58.811],[26.9112,58.8114],[26.9108,58.8138],[26.9246,58.8147],[26.9236,58.8191],[26.9338,58.8199],[26.9251,58.823],[26.924,58.8281],[26.9339,58.8282],[26.9355,58.82],[26.9381,58.8286],[26.9329,58.8336],[26.9178,58.8408],[26.9149,58.8437],[26.9132,58.8413],[26.9121,58.8399],[26.862,58.7753],[26.8792,58.7758],[26.8939,58.7772],[26.892,58.7805],[26.8918,58.7808],[26.8905,58.783],[26.8883,58.786],[26.899,58.7872],[26.9012,58.7832]]],[[[26.8699,58.7612],[26.875,58.7589],[26.8748,58.7576],[26.8732,58.7563],[26.8745,58.7549],[26.8939,58.7661],[26.8912,58.7687],[26.8967,58.7732],[26.8716,58.7751],[26.8591,58.7719],[26.8499,58.7595],[26.8616,58.7559],[26.8699,58.7612]]],[[[27.7438,57.868],[27.7431,57.8682],[27.7252,57.8725],[27.7256,57.8682],[27.7207,57.8571],[27.722,57.8549],[27.7115,57.8473],[27.7098,57.8416],[27.719,57.8368],[27.7276,57.8354],[27.7267,57.8325],[27.7409,57.8279],[27.7503,57.8341],[27.7644,57.8355],[27.7761,57.8336],[27.7796,57.8376],[27.7833,57.8382],[27.7911,57.8456],[27.7957,57.8551],[27.7472,57.8671],[27.7438,57.868]]],[[[27.7931,57.8706],[27.7882,57.8752],[27.7828,57.8749],[27.7823,57.8741],[27.7801,57.8736],[27.7644,57.8763],[27.7545,57.8734],[27.751,57.8713],[27.7534,57.8693],[27.7536,57.8685],[27.753,57.8678],[27.7523,57.8678],[27.7515,57.8682],[27.7483,57.8675],[27.7983,57.8553],[27.8147,57.862],[27.8052,57.8671],[27.8032,57.8672],[27.8029,57.871],[27.7931,57.8706]]],[[[27.464,57.9959],[27.4556,57.9999],[27.4572,58.0028],[27.455,58.0097],[27.4537,58.0106],[27.4459,58.0138],[27.4367,58.0154],[27.4215,58.0133],[27.4209,58.0127],[27.4585,57.9939],[27.464,57.9959]]],[[[27.4602,57.9474],[27.4621,57.951],[27.4704,57.9522],[27.4667,57.9563],[27.466,57.9567],[27.4601,57.9588],[27.4584,57.9584],[27.4561,57.9595],[27.4575,57.9604],[27.4568,57.9609],[27.4557,57.9606],[27.4547,57.9611],[27.4543,57.9615],[27.4555,57.9619],[27.447,57.9662],[27.4365,57.9683],[27.4181,57.9683],[27.4148,57.9651],[27.4675,57.9247],[27.4698,57.9257],[27.4703,57.9259],[27.4686,57.9313],[27.4573,57.9337],[27.4562,57.9389],[27.4606,57.9433],[27.4602,57.9474]]],[[[27.1836,57.8652],[27.1883,57.8665],[27.1918,57.8742],[27.1968,57.88],[27.2059,57.8802],[27.2092,57.8818],[27.2289,57.8808],[27.238,57.8821],[27.2514,57.881],[27.2584,57.8765],[27.2597,57.8749],[27.2561,57.8722],[27.2597,57.8723],[27.2614,57.8724],[27.2643,57.8709],[27.2766,57.8691],[27.2872,57.8661],[27.281,57.862],[27.2808,57.8619],[27.2795,57.8611],[27.2791,57.8611],[27.2799,57.8587],[27.2808,57.8584],[27.2821,57.8588],[27.2824,57.8586],[27.2834,57.8581],[27.2842,57.858],[27.2889,57.8579],[27.2926,57.8607],[27.2904,57.8643],[27.2902,57.8646],[27.2901,57.865],[27.2917,57.8736],[27.2941,57.8751],[27.2998,57.8805],[27.2952,57.8878],[27.2879,57.8894],[27.2873,57.8779],[27.2802,57.8744],[27.2726,57.8775],[27.2721,57.8804],[27.2619,57.8852],[27.2545,57.8862],[27.2462,57.8861],[27.2404,57.8902],[27.2406,57.8947],[27.2388,57.8998],[27.2274,57.899],[27.206,57.9055],[27.2108,57.9104],[27.2108,57.9114],[27.1909,57.9165],[27.186,57.9233],[27.1975,57.9297],[27.1987,57.9211],[27.2105,57.9174],[27.2111,57.9134],[27.2151,57.9116],[27.2251,57.91],[27.2333,57.9025],[27.2386,57.9032],[27.238,57.9086],[27.2287,57.9095],[27.2239,57.9116],[27.2188,57.9123],[27.2171,57.9171],[27.2239,57.9209],[27.2231,57.9279],[27.2177,57.9328],[27.2172,57.9398],[27.2134,57.9415],[27.2117,57.9419],[27.2092,57.9421],[27.195,57.94],[27.1767,57.9393],[27.1689,57.9372],[27.171,57.9309],[27.1653,57.9284],[27.1671,57.9234],[27.1754,57.9175],[27.1863,57.9151],[27.1914,57.9115],[27.1781,57.9102],[27.1682,57.907],[27.1761,57.9015],[27.1848,57.9016],[27.1888,57.8984],[27.1916,57.896],[27.1952,57.8916],[27.1947,57.8913],[27.1859,57.8906],[27.1817,57.8872],[27.1859,57.8847],[27.1852,57.8782],[27.1822,57.8739],[27.1801,57.8692],[27.1836,57.8652]]],[[[27.2047,58.0253],[27.2103,58.0242],[27.2116,58.0252],[27.2065,58.0269],[27.2085,58.0357],[27.2172,58.0302],[27.2163,58.0279],[27.2152,58.0235],[27.2193,58.0235],[27.2285,58.0204],[27.2379,58.0218],[27.2427,58.0243],[27.2408,58.0248],[27.2444,58.0305],[27.2482,58.0292],[27.2452,58.0264],[27.2446,58.0253],[27.2435,58.024],[27.238,58.0217],[27.2387,58.0209],[27.2459,58.0215],[27.2509,58.0245],[27.2517,58.0298],[27.2561,58.0359],[27.2426,58.0379],[27.2497,58.0459],[27.2144,58.0516],[27.2129,58.0491],[27.1996,58.0475],[27.1985,58.0473],[27.1899,58.0459],[27.1797,58.0504],[27.1732,58.0434],[27.168,58.0485],[27.1741,58.0521],[27.1821,58.0566],[27.1756,58.0578],[27.1694,58.0508],[27.161,58.0472],[27.1643,58.0466],[27.1743,58.0416],[27.1754,58.0384],[27.1861,58.0367],[27.1792,58.0436],[27.1822,58.045],[27.1938,58.0402],[27.1953,58.0397],[27.2015,58.0419],[27.2061,58.0447],[27.2141,58.0419],[27.2037,58.0384],[27.2038,58.0365],[27.2008,58.0355],[27.204,58.0257],[27.2047,58.0253]]],[[[26.3827,58.7829],[26.3728,58.7975],[26.3651,58.8052],[26.3323,58.8019],[26.3298,58.7966],[26.3285,58.7956],[26.3271,58.7956],[26.3262,58.7957],[26.3214,58.7957],[26.3103,58.7968],[26.3138,58.7868],[26.323,58.7836],[26.3247,58.7774],[26.3303,58.7781],[26.3314,58.7781],[26.3379,58.7783],[26.3321,58.7745],[26.3317,58.7736],[26.3324,58.7725],[26.341,58.7677],[26.3542,58.7647],[26.3543,58.7647],[26.3546,58.7651],[26.358,58.767],[26.3584,58.7698],[26.385,58.7686],[26.3885,58.7705],[26.3792,58.7814],[26.3827,58.7829]]],[[[24.4827,58.5524],[24.4993,58.5464],[24.4959,58.54],[24.4881,58.5328],[24.4885,58.5293],[24.4803,58.523],[24.4842,58.5193],[24.4864,58.5184],[24.4923,58.5193],[24.4967,58.5143],[24.5072,58.5237],[24.5065,58.5238],[24.5063,58.5238],[24.5055,58.5252],[24.5056,58.5256],[24.5071,58.5254],[24.5068,58.526],[24.5158,58.5266],[24.5196,58.523],[24.5202,58.523],[24.5306,58.5271],[24.5334,58.5235],[24.5424,58.5272],[24.5368,58.526],[24.5245,58.5289],[24.5216,58.5366],[24.5232,58.545],[24.5247,58.5459],[24.5327,58.5466],[24.5337,58.5467],[24.5368,58.547],[24.5361,58.5484],[24.5328,58.5514],[24.532,58.552],[24.5311,58.5527],[24.5303,58.5526],[24.5265,58.5563],[24.521,58.5565],[24.521,58.5559],[24.5177,58.5558],[24.5173,58.5577],[24.5184,58.5614],[24.5162,58.5617],[24.5108,58.5619],[24.5112,58.5603],[24.4984,58.5577],[24.5007,58.555],[24.4957,58.5539],[24.4978,58.5511],[24.4941,58.5556],[24.4947,58.5573],[24.4934,58.56],[24.49,58.5599],[24.4842,58.568],[24.475,58.5738],[24.47,58.5708],[24.4761,58.571],[24.4808,58.5674],[24.4777,58.5641],[24.4815,58.5618],[24.4827,58.5524]]],[[[24.8552,58.5602],[24.8339,58.5668],[24.8332,58.5671],[24.8113,58.5736],[24.8121,58.5581],[24.812,58.5544],[24.8124,58.5419],[24.8148,58.5396],[24.8292,58.5402],[24.8276,58.5451],[24.832,58.5481],[24.8397,58.5447],[24.8464,58.5499],[24.8552,58.5602]]],[[[26.9331,57.6159],[26.9288,57.6169],[26.9223,57.622],[26.9197,57.622],[26.9147,57.6235],[26.9117,57.6238],[26.912,57.6253],[26.9148,57.6308],[26.9057,57.6327],[26.9051,57.6283],[26.9001,57.6298],[26.8958,57.6258],[26.8866,57.6216],[26.8753,57.6194],[26.8633,57.6149],[26.8642,57.6082],[26.864,57.6079],[26.875,57.606],[26.8744,57.5972],[26.8648,57.5975],[26.8581,57.5998],[26.8628,57.5929],[26.8778,57.5932],[26.8851,57.5882],[26.8909,57.5925],[26.9019,57.5936],[26.8997,57.5965],[26.9128,57.5977],[26.9095,57.6033],[26.894,57.6098],[26.8889,57.6098],[26.8935,57.6133],[26.8998,57.6128],[26.9069,57.6168],[26.9107,57.6119],[26.9234,57.6115],[26.9263,57.608],[26.9416,57.61],[26.9411,57.6112],[26.9331,57.6159]]],[[[26.8477,57.5922],[26.8432,57.5938],[26.8301,57.5923],[26.8158,57.5955],[26.8142,57.5917],[26.8056,57.5874],[26.8069,57.5853],[26.8251,57.5826],[26.8168,57.5812],[26.8131,57.5837],[26.8047,57.5838],[26.797,57.5819],[26.8002,57.5759],[26.7925,57.5658],[26.7728,57.5619],[26.7635,57.5654],[26.7581,57.5605],[26.7663,57.5573],[26.7536,57.5542],[26.7509,57.5471],[26.7404,57.5466],[26.7352,57.5428],[26.7262,57.5437],[26.7224,57.5398],[26.7302,57.5366],[26.7316,57.5331],[26.7428,57.5332],[26.7516,57.5366],[26.7626,57.5376],[26.7754,57.5344],[26.7892,57.5328],[26.7915,57.5262],[26.8102,57.534],[26.8053,57.5366],[26.7977,57.5464],[26.7864,57.5511],[26.8012,57.5535],[26.8008,57.5588],[26.8081,57.5586],[26.8101,57.5631],[26.8168,57.5626],[26.819,57.5592],[26.8293,57.5563],[26.8319,57.5514],[26.8429,57.5436],[26.8625,57.5465],[26.8644,57.5503],[26.8584,57.5543],[26.8698,57.5626],[26.8568,57.5655],[26.8712,57.5706],[26.8781,57.5744],[26.8748,57.5775],[26.8786,57.5832],[26.8673,57.5911],[26.8474,57.5892],[26.8371,57.5831],[26.83,57.5825],[26.8339,57.5834],[26.8359,57.5847],[26.8451,57.5879],[26.8488,57.5914],[26.8477,57.5922]]],[[[26.7238,57.7897],[26.7299,57.7874],[26.7338,57.7925],[26.7424,57.7962],[26.7572,57.803],[26.7592,57.7969],[26.7645,57.7981],[26.7661,57.804],[26.7583,57.8085],[26.7493,57.8053],[26.7365,57.8042],[26.7264,57.8],[26.717,57.797],[26.717,57.7932],[26.7238,57.7897]]],[[[27.0531,58.0483],[27.0544,58.047],[27.0541,58.0463],[27.0525,58.046],[27.0524,58.0457],[27.0463,58.0428],[27.0439,58.0383],[27.0439,58.0355],[27.0447,58.0285],[27.0422,58.0258],[27.0505,58.0298],[27.0542,58.0268],[27.0522,58.0229],[27.0571,58.024],[27.0648,58.0266],[27.0703,58.0245],[27.0735,58.0195],[27.0789,58.0195],[27.0844,58.021],[27.0941,58.0236],[27.0917,58.0295],[27.1062,58.0303],[27.0903,58.0305],[27.081,58.032],[27.0735,58.0395],[27.065,58.037],[27.0622,58.0348],[27.0523,58.0354],[27.0604,58.0405],[27.0655,58.0426],[27.064,58.0479],[27.0531,58.0483]]],[[[24.8429,59.4686],[24.8421,59.4686],[24.8437,59.4679],[24.8439,59.4655],[24.8436,59.4651],[24.8437,59.465],[24.8483,59.4645],[24.8572,59.4611],[24.8637,59.4609],[24.8661,59.461],[24.8658,59.4613],[24.8666,59.4612],[24.8693,59.4627],[24.8693,59.4628],[24.8686,59.4633],[24.8684,59.4633],[24.8735,59.4674],[24.8758,59.4681],[24.8745,59.4685],[24.8755,59.4703],[24.8803,59.4707],[24.8777,59.4714],[24.8769,59.4715],[24.8768,59.474],[24.8757,59.4784],[24.876,59.4813],[24.8758,59.4823],[24.8727,59.4837],[24.8655,59.4866],[24.8614,59.4844],[24.8596,59.4811],[24.8471,59.4775],[24.8446,59.4776],[24.8429,59.473],[24.8425,59.4715],[24.8439,59.4712],[24.8448,59.4711],[24.8423,59.4692],[24.8424,59.4692],[24.8424,59.469],[24.8426,59.4688],[24.8427,59.4687],[24.8429,59.4686]]],[[[26.3946,58.4559],[26.3949,58.4597],[26.3883,58.4585],[26.3816,58.4603],[26.3784,58.4605],[26.3764,58.4614],[26.3738,58.4627],[26.3708,58.4612],[26.3693,58.461],[26.3683,58.4599],[26.3649,58.4606],[26.3627,58.4645],[26.3508,58.4585],[26.3546,58.4551],[26.3784,58.4436],[26.3821,58.4414],[26.3891,58.4437],[26.3981,58.4402],[26.3983,58.435],[26.4049,58.4323],[26.4168,58.4323],[26.4194,58.4306],[26.468,58.4273],[26.4876,58.4288],[26.4844,58.4286],[26.4715,58.4302],[26.4699,58.4304],[26.4712,58.4346],[26.4688,58.4354],[26.4635,58.4337],[26.462,58.4331],[26.4594,58.4382],[26.4524,58.4408],[26.4483,58.4421],[26.4421,58.4412],[26.4416,58.4356],[26.4408,58.4341],[26.4344,58.4341],[26.434,58.4341],[26.4217,58.4385],[26.4271,58.4417],[26.4315,58.4477],[26.4299,58.4482],[26.4282,58.4485],[26.4248,58.4487],[26.423,58.449],[26.4174,58.4523],[26.403,58.4568],[26.3951,58.4539],[26.3946,58.4559]]],[[[26.2488,58.0679],[26.2456,58.0749],[26.2468,58.0819],[26.2447,58.0808],[26.237,58.0774],[26.2284,58.0764],[26.2187,58.0746],[26.2185,58.0745],[26.2183,58.073],[26.2155,58.0714],[26.2126,58.0702],[26.2128,58.0667],[26.2125,58.0658],[26.2178,58.0652],[26.2269,58.0674],[26.2336,58.0626],[26.2345,58.0626],[26.2423,58.0632],[26.2435,58.0638],[26.244,58.0647],[26.2447,58.0661],[26.248,58.0669],[26.2488,58.0679]]],[[[27.8207,59.1156],[27.825,59.1186],[27.8405,59.1239],[27.8504,59.1261],[27.8694,59.1178],[27.877,59.121],[27.8905,59.124],[27.8859,59.1133],[27.8954,59.1095],[27.9417,59.1251],[27.943,59.1357],[27.9361,59.1384],[27.9487,59.1424],[27.9821,59.1638],[27.9868,59.1648],[28.0018,59.1578],[28.0369,59.1555],[28.0426,59.1583],[28.045,59.1591],[28.0471,59.159],[28.0482,59.1594],[28.0433,59.1619],[28.0423,59.1621],[28.0417,59.1653],[28.0331,59.167],[28.0271,59.1645],[28.0191,59.1646],[28.0145,59.1604],[27.9998,59.1594],[27.9894,59.1636],[27.9797,59.1704],[27.9748,59.1746],[27.9578,59.181],[27.9469,59.1915],[27.937,59.1907],[27.9298,59.1942],[27.9278,59.1978],[27.9179,59.2011],[27.9182,59.2043],[27.9272,59.2098],[27.9341,59.2106],[27.9374,59.205],[27.9629,59.2088],[27.9699,59.2062],[27.9737,59.1972],[27.9929,59.1961],[28.0041,59.1968],[28.0183,59.2005],[28.0128,59.2063],[28.0162,59.2186],[28.0087,59.2217],[28.0137,59.22],[28.0285,59.2258],[28.0604,59.2275],[28.0644,59.2308],[28.0608,59.2337],[28.0504,59.2316],[28.0473,59.2362],[28.0317,59.2382],[28.031,59.244],[28.0227,59.2474],[28.0264,59.2516],[28.0217,59.2579],[28.0118,59.2574],[28.0074,59.2617],[27.9949,59.2654],[28.0007,59.2703],[27.9992,59.2752],[27.9896,59.2736],[27.9712,59.2668],[27.9538,59.2623],[27.9586,59.255],[27.9473,59.2508],[27.9409,59.246],[28.0067,59.2206],[27.9999,59.2228],[27.9405,59.2459],[27.9348,59.2429],[27.9237,59.241],[27.923,59.2456],[27.9175,59.2467],[27.9061,59.2353],[27.9087,59.2305],[27.9073,59.2247],[27.9007,59.2121],[27.9028,59.2076],[27.8992,59.2012],[27.8985,59.1876],[27.8937,59.1853],[27.876,59.168],[27.8648,59.1594],[27.8623,59.1542],[27.8481,59.1474],[27.8522,59.1387],[27.8573,59.1393],[27.8668,59.1355],[27.8575,59.131],[27.8498,59.1323],[27.8424,59.1307],[27.8191,59.1176],[27.815,59.1181],[27.8168,59.1164],[27.813,59.1075],[27.8047,59.1033],[27.8018,59.0986],[27.8047,59.0955],[27.8234,59.0966],[27.8307,59.0995],[27.8272,59.1027],[27.8389,59.1094],[27.8283,59.1117],[27.8207,59.1156]]],[[[27.7459,59.0127],[27.7509,59.0066],[27.7656,59.0051],[27.7666,59.012],[27.7737,59.0129],[27.7804,59.0333],[27.7685,59.03],[27.7675,59.0255],[27.7604,59.0239],[27.7504,59.0179],[27.7459,59.0127]]],[[[27.7926,59.0737],[27.7942,59.0744],[27.8008,59.0738],[27.8116,59.0802],[27.8271,59.0841],[27.8186,59.0885],[27.7977,59.0864],[27.7929,59.0807],[27.7958,59.0767],[27.7926,59.0737]]],[[[25.1514,58.0772],[25.1517,58.077],[25.1539,58.0747],[25.1538,58.0747],[25.1516,58.077],[25.1345,58.0797],[25.1059,58.0778],[25.1048,58.0666],[25.077,58.0663],[25.0204,58.0178],[25.0111,58.0139],[25.0261,58.0058],[25.0542,57.997],[25.0651,57.9962],[25.0722,58.0001],[25.0752,58.0069],[25.0837,58.0018],[25.084,57.9968],[25.0723,57.9975],[25.0679,57.9948],[25.07,57.9912],[25.0919,57.9938],[25.0828,57.9848],[25.0981,57.9812],[25.1093,57.9775],[25.109,57.9726],[25.1135,57.9689],[25.1168,57.9885],[25.1234,57.9932],[25.1266,57.9996],[25.1327,58.0015],[25.1283,58.0093],[25.1313,58.0108],[25.1304,58.0181],[25.1366,58.0175],[25.1395,58.0215],[25.1408,58.0321],[25.1255,58.0348],[25.1361,58.0403],[25.1231,58.0437],[25.123,58.0474],[25.1467,58.0413],[25.147,58.0524],[25.1613,58.0515],[25.1593,58.0428],[25.168,58.0417],[25.1791,58.0493],[25.1775,58.055],[25.1832,58.0573],[25.1911,58.0759],[25.1551,58.0747],[25.1912,58.076],[25.1887,58.079],[25.1804,58.0783],[25.1778,58.0868],[25.1642,58.0877],[25.1628,58.0875],[25.1461,58.0849],[25.1452,58.0821],[25.1514,58.0772]]],[[[24.6112,58.3429],[24.6114,58.3433],[24.6136,58.3508],[24.6055,58.3565],[24.5959,58.3585],[24.582,58.36],[24.5752,58.3568],[24.5856,58.3465],[24.5967,58.3294],[24.5986,58.3234],[24.6031,58.3237],[24.6016,58.3248],[24.5989,58.3255],[24.6009,58.3255],[24.6015,58.3253],[24.6036,58.3237],[24.6054,58.3237],[24.6111,58.3263],[24.6112,58.3268],[24.6125,58.3268],[24.6124,58.3274],[24.6125,58.328],[24.6123,58.3314],[24.6079,58.3329],[24.6033,58.3378],[24.6112,58.3429]]],[[[28.1151,59.5691],[28.0964,59.5694],[28.0901,59.5466],[28.0899,59.5463],[28.0824,59.5278],[28.0761,59.5155],[28.0658,59.4993],[28.0644,59.4976],[28.0555,59.487],[28.0473,59.4794],[28.0465,59.4688],[28.0477,59.4678],[28.0495,59.4678],[28.0575,59.4798],[28.0678,59.4805],[28.0729,59.4854],[28.0838,59.4888],[28.0846,59.4981],[28.0792,59.5064],[28.0841,59.5126],[28.0778,59.5164],[28.0838,59.5269],[28.0847,59.5192],[28.0924,59.5173],[28.0993,59.5195],[28.1082,59.52],[28.1062,59.5295],[28.1128,59.5299],[28.1106,59.5384],[28.122,59.567],[28.115,59.5676],[28.0965,59.5692],[28.0964,59.5693],[28.1151,59.5677],[28.1151,59.5691]]],[[[28.1151,59.5691],[28.1231,59.569],[28.1325,59.5749],[28.1287,59.5781],[28.1491,59.5773],[28.1653,59.5794],[28.1671,59.5834],[28.1516,59.586],[28.1273,59.5931],[28.1194,59.5933],[28.1182,59.5884],[28.1232,59.5837],[28.123,59.5732],[28.1151,59.5691]]],[[[28.1194,59.5933],[28.1312,59.5937],[28.1314,59.6002],[28.1348,59.6061],[28.1305,59.6111],[28.1359,59.6122],[28.1277,59.6192],[28.12,59.615],[28.1205,59.6059],[28.1165,59.5999],[28.1194,59.5933]]],[[[27.3304,58.0263],[27.3313,58.0299],[27.3236,58.0352],[27.3301,58.0363],[27.335,58.0317],[27.341,58.0263],[27.3466,58.0251],[27.362,58.0338],[27.3685,58.0352],[27.3596,58.035],[27.3532,58.0351],[27.3441,58.0412],[27.3353,58.0424],[27.3257,58.0408],[27.3267,58.0467],[27.3274,58.0475],[27.3234,58.0507],[27.3247,58.0513],[27.3271,58.0521],[27.3257,58.0528],[27.3244,58.0588],[27.3158,58.0561],[27.3139,58.0529],[27.3033,58.0531],[27.2988,58.0475],[27.3041,58.0448],[27.3132,58.0443],[27.3057,58.0392],[27.307,58.0338],[27.3182,58.0394],[27.3219,58.0367],[27.3157,58.0294],[27.3179,58.028],[27.3281,58.0293],[27.3304,58.0263]]],[[[24.8448,59.5219],[24.8468,59.5286],[24.8387,59.5314],[24.8465,59.5357],[24.8524,59.5317],[24.8615,59.5355],[24.858,59.5395],[24.8587,59.5438],[24.8528,59.5447],[24.8517,59.5496],[24.8533,59.5506],[24.8508,59.5527],[24.8473,59.553],[24.8406,59.5528],[24.8437,59.5463],[24.8367,59.5455],[24.8331,59.5532],[24.8255,59.556],[24.8254,59.56],[24.8165,59.5623],[24.8189,59.5555],[24.8045,59.5557],[24.8064,59.5493],[24.8174,59.5479],[24.8189,59.5481],[24.8309,59.5493],[24.833,59.5452],[24.8301,59.5428],[24.8097,59.5377],[24.8022,59.5345],[24.7992,59.5307],[24.8039,59.5298],[24.8063,59.5235],[24.8173,59.5265],[24.8193,59.5259],[24.8221,59.5207],[24.8279,59.5208],[24.8324,59.5225],[24.8342,59.522],[24.8419,59.5201],[24.844,59.5214],[24.8448,59.5219]]],[[[26.6776,58.6154],[26.6692,58.6246],[26.6679,58.626],[26.6678,58.6261],[26.6724,58.6277],[26.6653,58.6304],[26.6611,58.6296],[26.6608,58.6296],[26.6585,58.6286],[26.6561,58.6298],[26.6533,58.6283],[26.6517,58.628],[26.651,58.6288],[26.6502,58.6297],[26.6497,58.6306],[26.6497,58.6308],[26.6497,58.632],[26.6506,58.6325],[26.6492,58.633],[26.6484,58.6331],[26.6466,58.6338],[26.6451,58.6348],[26.644,58.6357],[26.6428,58.6359],[26.6426,58.636],[26.6418,58.6357],[26.6358,58.6386],[26.6316,58.6385],[26.6298,58.6391],[26.6276,58.6411],[26.6274,58.6413],[26.6264,58.6412],[26.6252,58.6414],[26.6133,58.6402],[26.6125,58.6398],[26.6121,58.6393],[26.6122,58.6389],[26.6207,58.6342],[26.6282,58.6321],[26.6321,58.6309],[26.6333,58.6303],[26.6389,58.6251],[26.6424,58.6259],[26.6386,58.625],[26.6375,58.6248],[26.6385,58.624],[26.6501,58.6172],[26.658,58.6174],[26.6605,58.617],[26.6649,58.6152],[26.6723,58.6134],[26.6776,58.6154]]],[[[24.6234,59.373],[24.6222,59.3791],[24.6346,59.385],[24.5989,59.3941],[24.5924,59.3929],[24.5901,59.3923],[24.5902,59.3917],[24.5922,59.3889],[24.5846,59.3855],[24.5832,59.3849],[24.5839,59.3829],[24.5885,59.3796],[24.585,59.3751],[24.5905,59.3704],[24.5949,59.3697],[24.5968,59.3679],[24.5966,59.3677],[24.5997,59.3665],[24.6044,59.3653],[24.6051,59.3651],[24.6204,59.3644],[24.6228,59.3653],[24.6234,59.373]]],[[[24.8793,59.5],[24.8853,59.4983],[24.8866,59.4986],[24.8882,59.4989],[24.8886,59.5009],[24.8895,59.5023],[24.8914,59.5046],[24.899,59.505],[24.8952,59.5091],[24.8994,59.5092],[24.9001,59.509],[24.9015,59.5093],[24.9018,59.5101],[24.9018,59.5102],[24.9022,59.5114],[24.905,59.513],[24.8949,59.5216],[24.8869,59.5235],[24.8734,59.5311],[24.8713,59.5313],[24.8634,59.5321],[24.854,59.5228],[24.8533,59.5223],[24.8504,59.5212],[24.848,59.5189],[24.8466,59.5182],[24.847,59.518],[24.8581,59.5164],[24.8594,59.5129],[24.871,59.5083],[24.8718,59.5051],[24.8812,59.5044],[24.8793,59.5]]],[[[27.7369,58.9646],[27.7419,58.9588],[27.7336,58.9546],[27.7527,58.9532],[27.7615,58.9576],[27.7597,58.9707],[27.7685,58.9974],[27.7504,58.9909],[27.7478,58.9803],[27.7578,58.9712],[27.7493,58.9692],[27.7474,58.9688],[27.7459,58.9643],[27.7369,58.9646]]],[[[26.3449,57.9885],[26.3456,57.9874],[26.3551,57.9857],[26.3609,57.9864],[26.3642,57.9792],[26.3705,57.9774],[26.3944,57.9788],[26.3992,57.9823],[26.4086,57.9784],[26.417,57.9823],[26.4044,57.9849],[26.4024,57.9896],[26.4043,57.9945],[26.3896,57.9967],[26.3809,57.9938],[26.3726,57.9941],[26.3676,57.9973],[26.3487,57.9958],[26.3449,57.9885]]],[[[26.0649,57.6755],[26.0726,57.6755],[26.0794,57.6721],[26.0847,57.6638],[26.0851,57.6589],[26.0934,57.6596],[26.0913,57.6539],[26.0975,57.6464],[26.1013,57.6356],[26.099,57.6289],[26.0729,57.6278],[26.0774,57.6169],[26.0761,57.6123],[26.0695,57.6046],[26.0661,57.5952],[26.082,57.594],[26.0962,57.5904],[26.1074,57.5916],[26.1176,57.5944],[26.1305,57.595],[26.1378,57.5995],[26.1428,57.5999],[26.1584,57.6111],[26.196,57.6158],[26.2089,57.6209],[26.2205,57.6227],[26.2357,57.6289],[26.2386,57.634],[26.2331,57.6419],[26.2234,57.6447],[26.2255,57.647],[26.2233,57.6537],[26.228,57.6583],[26.2126,57.6639],[26.1956,57.6734],[26.1955,57.6788],[26.1772,57.6856],[26.1822,57.6913],[26.1717,57.6906],[26.1642,57.6858],[26.1575,57.6854],[26.1507,57.6891],[26.1281,57.691],[26.1141,57.6941],[26.1038,57.6935],[26.0985,57.6952],[26.0818,57.6945],[26.0722,57.693],[26.0649,57.6755]]],[[[26.6917,57.5593],[26.7084,57.5571],[26.7147,57.5586],[26.7249,57.5578],[26.7302,57.5512],[26.7367,57.5498],[26.7444,57.5545],[26.7467,57.5589],[26.7573,57.5605],[26.757,57.5654],[26.7689,57.5704],[26.7631,57.5756],[26.7463,57.5754],[26.7527,57.5802],[26.7377,57.5876],[26.7309,57.5818],[26.7293,57.5795],[26.731,57.5738],[26.7124,57.5668],[26.6923,57.5661],[26.6908,57.5605],[26.6917,57.5593]]],[[[24.8905,59.5376],[24.8905,59.5381],[24.8846,59.5409],[24.8805,59.5428],[24.8652,59.5451],[24.8645,59.5454],[24.86,59.5448],[24.8588,59.5393],[24.8621,59.5357],[24.8714,59.5319],[24.8865,59.5319],[24.8905,59.5376]]],[[[25.4148,57.9505],[25.4241,57.9457],[25.4382,57.9454],[25.4479,57.9509],[25.456,57.9498],[25.4833,57.9541],[25.4894,57.9513],[25.4906,57.9465],[25.4962,57.9428],[25.5071,57.9429],[25.5103,57.947],[25.5173,57.9447],[25.5113,57.9622],[25.5079,57.9641],[25.5031,57.9722],[25.4898,57.9715],[25.4789,57.9798],[25.4692,57.9759],[25.4632,57.9775],[25.4547,57.9742],[25.4591,57.9689],[25.4462,57.9625],[25.4354,57.9608],[25.4287,57.9527],[25.4148,57.9505]]],[[[25.1684,58.0289],[25.1774,58.029],[25.1786,58.0195],[25.1901,58.019],[25.1942,58.0154],[25.1929,58.0116],[25.203,58.0093],[25.2188,58.0076],[25.2148,58.0153],[25.2205,58.0278],[25.2169,58.0397],[25.2259,58.0473],[25.2266,58.0482],[25.2282,58.0534],[25.213,58.0525],[25.2098,58.0614],[25.2036,58.0651],[25.2159,58.0747],[25.2121,58.0807],[25.1994,58.0855],[25.1896,58.08],[25.1917,58.0752],[25.1852,58.0615],[25.1921,58.057],[25.184,58.0519],[25.1842,58.0473],[25.1693,58.0421],[25.1739,58.0371],[25.1684,58.0289]]],[[[24.4163,57.8648],[24.4212,57.8545],[24.4319,57.8584],[24.4358,57.854],[24.4461,57.8756],[24.4236,57.8683],[24.4218,57.8666],[24.4217,57.8666],[24.4198,57.8654],[24.4188,57.865],[24.4182,57.8647],[24.4181,57.8647],[24.4171,57.8648],[24.4163,57.8648]]],[[[27.199,57.5202],[27.2076,57.5191],[27.2251,57.5189],[27.2252,57.523],[27.2349,57.5304],[27.2318,57.5346],[27.24,57.5354],[27.2449,57.5309],[27.2443,57.5261],[27.2366,57.5211],[27.2386,57.5125],[27.2533,57.5099],[27.2592,57.5123],[27.2591,57.5023],[27.2799,57.4989],[27.3029,57.5036],[27.3065,57.497],[27.3352,57.5012],[27.3322,57.5105],[27.3369,57.5133],[27.3456,57.512],[27.3499,57.5147],[27.3469,57.5219],[27.3257,57.5234],[27.3124,57.5321],[27.2972,57.5396],[27.2841,57.5378],[27.2839,57.5339],[27.2751,57.5438],[27.266,57.5442],[27.2651,57.5488],[27.258,57.5507],[27.2488,57.5485],[27.243,57.5493],[27.2255,57.5545],[27.222,57.5477],[27.2168,57.5431],[27.2069,57.531],[27.208,57.5267],[27.2068,57.5238],[27.2043,57.5234],[27.199,57.5202]]],[[[27.3997,57.6036],[27.3999,57.6032],[27.3929,57.6032],[27.3843,57.6035],[27.3779,57.596],[27.3726,57.5977],[27.3636,57.594],[27.3568,57.5976],[27.3408,57.5905],[27.3409,57.5859],[27.3216,57.5776],[27.3259,57.5732],[27.3409,57.5681],[27.3471,57.5676],[27.3529,57.5724],[27.3596,57.5724],[27.3733,57.5791],[27.3688,57.5828],[27.3841,57.5824],[27.3892,57.5934],[27.396,57.5976],[27.4118,57.6028],[27.4101,57.6072],[27.4044,57.6082],[27.4041,57.6084],[27.397,57.6046],[27.3997,57.6036]]],[[[24.5693,57.9737],[24.5749,57.9845],[24.5781,57.9858],[24.5702,57.9898],[24.5752,57.9956],[24.5626,57.9976],[24.5366,57.9972],[24.5031,58.0059],[24.4907,58.0103],[24.4741,57.9948],[24.4837,57.9948],[24.4849,57.9876],[24.4728,57.9918],[24.4656,57.9869],[24.4499,57.9689],[24.453,57.9682],[24.4704,57.9715],[24.4715,57.9717],[24.4888,57.9686],[24.499,57.9632],[24.5084,57.9614],[24.5156,57.9596],[24.5175,57.9585],[24.5286,57.9583],[24.5313,57.9606],[24.5342,57.9602],[24.5318,57.9577],[24.5403,57.9535],[24.5558,57.9577],[24.5611,57.9548],[24.5693,57.9639],[24.5714,57.9733],[24.5693,57.9737]]],[[[24.9756,57.9853],[24.9786,57.9826],[24.9877,57.9767],[24.9891,57.9718],[24.9972,57.9689],[25.0063,57.9728],[25.0077,57.982],[25.0123,57.9923],[25.0077,58.0077],[25.0091,58.0147],[24.9948,58.0109],[24.9904,58.0108],[24.9893,58.0097],[24.9868,58.0088],[24.9885,58.0044],[24.9881,58.0013],[24.992,57.9965],[24.9993,57.9947],[24.9915,57.9882],[24.9857,57.9862],[24.9804,57.9878],[24.9823,57.9914],[24.9795,57.9922],[24.9786,57.9874],[24.9756,57.9853]]],[[[24.6103,57.9225],[24.6123,57.9179],[24.6136,57.8983],[24.6209,57.9],[24.6211,57.9045],[24.6366,57.9042],[24.6336,57.9206],[24.6375,57.9238],[24.6542,57.9242],[24.6548,57.9203],[24.6477,57.9182],[24.646,57.9099],[24.6497,57.9086],[24.6522,57.9012],[24.6601,57.9029],[24.6744,57.9034],[24.6774,57.9068],[24.6934,57.9067],[24.7038,57.9039],[24.7121,57.9051],[24.7227,57.9088],[24.7342,57.9157],[24.7352,57.9242],[24.721,57.9214],[24.7151,57.9227],[24.7053,57.9218],[24.7029,57.913],[24.6866,57.9089],[24.6807,57.9131],[24.6733,57.915],[24.6812,57.9194],[24.6807,57.9236],[24.6845,57.9274],[24.6969,57.9239],[24.7056,57.9265],[24.7106,57.924],[24.7258,57.9268],[24.7349,57.9402],[24.7298,57.9427],[24.7077,57.9437],[24.6572,57.9376],[24.6541,57.9308],[24.6389,57.9266],[24.6103,57.9225]]],[[[25.2335,57.9902],[25.2398,57.9768],[25.2453,57.9803],[25.2534,57.9814],[25.253,57.9747],[25.261,57.9646],[25.2548,57.9617],[25.2392,57.9601],[25.2401,57.9562],[25.2498,57.9486],[25.2539,57.9416],[25.2621,57.9413],[25.2651,57.946],[25.2574,57.9486],[25.2574,57.9523],[25.2688,57.9525],[25.2726,57.9472],[25.2677,57.9444],[25.2758,57.9356],[25.2959,57.9369],[25.3061,57.9345],[25.3055,57.9456],[25.2977,57.9612],[25.3075,57.9634],[25.3162,57.9694],[25.3062,57.9758],[25.3017,57.974],[25.2939,57.9771],[25.2896,57.9894],[25.2876,57.9913],[25.2768,57.9882],[25.285,57.9808],[25.2846,57.9752],[25.2736,57.9813],[25.2646,57.9809],[25.2618,57.9836],[25.2755,57.9845],[25.2769,57.9928],[25.2674,57.9945],[25.2561,57.9937],[25.2552,57.9995],[25.2462,57.9992],[25.2459,58.0028],[25.2374,58.0069],[25.2386,57.9974],[25.2335,57.9902]]],[[[25.486,57.9747],[25.4902,57.9716],[25.503,57.9724],[25.506,57.9712],[25.5083,57.9641],[25.5115,57.9625],[25.515,57.9526],[25.5441,57.9554],[25.5454,57.9586],[25.5321,57.9626],[25.5341,57.9666],[25.5454,57.9674],[25.5513,57.9723],[25.5254,57.9717],[25.5229,57.9678],[25.5119,57.9698],[25.5226,57.9745],[25.5195,57.9801],[25.486,57.9747]]],[[[25.5143,59.5118],[25.5166,59.5114],[25.5195,59.5103],[25.5182,59.5143],[25.5167,59.5149],[25.5145,59.5156],[25.5136,59.5156],[25.5039,59.5156],[25.487,59.5201],[25.4863,59.5201],[25.4668,59.519],[25.4585,59.5156],[25.4657,59.5098],[25.4626,59.5072],[25.4678,59.5022],[25.46,59.4991],[25.4712,59.4934],[25.4798,59.4945],[25.4783,59.4988],[25.487,59.4987],[25.4828,59.5037],[25.4834,59.5079],[25.4916,59.5101],[25.4972,59.5077],[25.5111,59.5122],[25.5126,59.512],[25.5143,59.5118]]],[[[22.9174,58.3531],[22.9226,58.3535],[22.9245,58.3589],[22.9261,58.3588],[22.9283,58.3585],[22.9338,58.3588],[22.9346,58.3592],[22.9437,58.3634],[22.9486,58.3623],[22.9492,58.3625],[22.9416,58.3684],[22.9321,58.3658],[22.9215,58.3694],[22.9137,58.3776],[22.9023,58.3762],[22.892,58.3793],[22.884,58.3782],[22.8847,58.375],[22.8821,58.3728],[22.8842,58.3715],[22.8833,58.371],[22.8823,58.3696],[22.8828,58.3684],[22.8828,58.3669],[22.893,58.3665],[22.8893,58.3621],[22.8909,58.3599],[22.8979,58.3588],[22.8993,58.3579],[22.8985,58.3566],[22.9017,58.3558],[22.9024,58.3592],[22.9137,58.3565],[22.916,58.355],[22.9169,58.3545],[22.9171,58.354],[22.9174,58.3531]]],[[[26.1672,58.1704],[26.1684,58.1748],[26.1698,58.1805],[26.1699,58.181],[26.1668,58.1827],[26.155,58.1832],[26.1531,58.1766],[26.1473,58.1748],[26.1479,58.1697],[26.1453,58.1605],[26.1623,58.1611],[26.1622,58.1628],[26.1632,58.1694],[26.1672,58.1704]]],[[[26.2291,57.6255],[26.2391,57.5726],[26.244,57.5738],[26.2501,57.5811],[26.2589,57.5836],[26.2747,57.584],[26.2692,57.5921],[26.259,57.5998],[26.25,57.6026],[26.252,57.6055],[26.2481,57.6141],[26.2388,57.6217],[26.2432,57.626],[26.2344,57.628],[26.2291,57.6255]]],[[[25.5967,58.2588],[25.6053,58.259],[25.6053,58.2593],[25.6073,58.2598],[25.6078,58.2599],[25.6112,58.2603],[25.6113,58.2628],[25.6108,58.263],[25.6147,58.267],[25.6159,58.2676],[25.614,58.2687],[25.6105,58.269],[25.6105,58.2726],[25.6093,58.2727],[25.6093,58.2729],[25.5935,58.2724],[25.5922,58.2718],[25.5883,58.2683],[25.5884,58.2682],[25.5871,58.2667],[25.5868,58.2632],[25.5871,58.2626],[25.5898,58.2622],[25.5897,58.263],[25.5929,58.2609],[25.5967,58.2588]]],[[[24.7526,58.911],[24.752,58.9169],[24.7456,58.9199],[24.7441,58.9203],[24.7461,58.9234],[24.7361,58.9259],[24.7362,58.9285],[24.7349,58.9313],[24.7266,58.9348],[24.7125,58.9352],[24.703,58.9345],[24.6981,58.9363],[24.6964,58.9357],[24.6912,58.9325],[24.6908,58.9303],[24.6932,58.9332],[24.7013,58.9338],[24.7023,58.932],[24.7027,58.9309],[24.6976,58.9278],[24.7076,58.9272],[24.7178,58.9237],[24.723,58.9173],[24.7246,58.9163],[24.7272,58.9075],[24.7325,58.91],[24.7288,58.9184],[24.7388,58.9194],[24.7402,58.9119],[24.7457,58.9097],[24.7526,58.911]]],[[[25.7619,58.8816],[25.7608,58.8792],[25.7618,58.8742],[25.7637,58.87],[25.7541,58.8689],[25.7535,58.8732],[25.7617,58.8742],[25.7535,58.8817],[25.7545,58.8855],[25.7493,58.8851],[25.7472,58.8848],[25.7436,58.8843],[25.7431,58.8843],[25.7396,58.8839],[25.7395,58.8839],[25.7387,58.8838],[25.7382,58.8829],[25.741,58.8815],[25.7413,58.8815],[25.7417,58.881],[25.7431,58.8806],[25.7439,58.8795],[25.7439,58.8794],[25.7438,58.8794],[25.7431,58.8787],[25.7447,58.8781],[25.7431,58.8771],[25.7447,58.8725],[25.7409,58.8724],[25.7369,58.8706],[25.7369,58.8664],[25.741,58.8645],[25.7456,58.8606],[25.7489,58.8594],[25.7502,58.8591],[25.7486,58.864],[25.7702,58.8615],[25.7705,58.8591],[25.7746,58.8611],[25.7844,58.8664],[25.7779,58.8718],[25.7801,58.8734],[25.7819,58.8746],[25.7664,58.8814],[25.7619,58.8816]]],[[[27.746,57.8707],[27.7452,57.8702],[27.7436,57.8736],[27.7436,57.8743],[27.744,57.8747],[27.7465,57.8746],[27.7474,57.8735],[27.7478,57.8732],[27.7501,57.8739],[27.7537,57.8744],[27.7499,57.8808],[27.7372,57.8883],[27.7275,57.8858],[27.7209,57.8791],[27.7251,57.8732],[27.7436,57.8686],[27.7449,57.8688],[27.746,57.8707]]],[[[26.4502,58.076],[26.4563,58.07],[26.4628,58.0674],[26.4633,58.0675],[26.4696,58.0706],[26.4745,58.068],[26.4821,58.0697],[26.4816,58.0707],[26.4818,58.0708],[26.4826,58.0709],[26.4855,58.0694],[26.4888,58.0698],[26.4945,58.0742],[26.4772,58.0845],[26.4738,58.0881],[26.4778,58.0919],[26.4964,58.0874],[26.5025,58.0923],[26.5093,58.0932],[26.5065,58.0959],[26.5067,58.0975],[26.5056,58.0994],[26.5054,58.0993],[26.505,58.0994],[26.5046,58.0994],[26.5043,58.0993],[26.5023,58.0967],[26.4933,58.097],[26.4869,58.0933],[26.4835,58.0965],[26.4791,58.0929],[26.4658,58.092],[26.468,58.0851],[26.4648,58.0829],[26.4594,58.0745],[26.4502,58.076]]],[[[25.496,58.872],[25.4867,58.8569],[25.4953,58.8537],[25.5068,58.8554],[25.5049,58.8608],[25.5148,58.8644],[25.5209,58.8639],[25.5207,58.8751],[25.5119,58.8727],[25.496,58.872]]],[[[25.0613,59.3842],[25.0612,59.3842],[25.0612,59.3839],[25.0613,59.3834],[25.0589,59.3827],[25.0596,59.3809],[25.0625,59.3807],[25.0594,59.3801],[25.0589,59.3797],[25.0567,59.3786],[25.0592,59.379],[25.0675,59.3806],[25.0698,59.3809],[25.0773,59.3824],[25.0782,59.3842],[25.0797,59.3866],[25.0741,59.3893],[25.0695,59.3905],[25.0676,59.3958],[25.0598,59.4045],[25.0544,59.4077],[25.0516,59.408],[25.044,59.4053],[25.037,59.4135],[25.0383,59.4167],[25.0459,59.42],[25.0355,59.4185],[25.0349,59.4129],[25.029,59.4127],[25.0284,59.4113],[25.0308,59.4096],[25.0312,59.4092],[25.0276,59.4062],[25.0264,59.4055],[25.0247,59.4042],[25.0234,59.4037],[25.0195,59.4035],[25.0184,59.4001],[25.0348,59.4019],[25.0456,59.4014],[25.0409,59.397],[25.0451,59.3906],[25.0475,59.3875],[25.052,59.3858],[25.0613,59.3842]]],[[[24.7525,59.583],[24.7522,59.5819],[24.749,59.5785],[24.7417,59.5787],[24.7429,59.5779],[24.7473,59.5737],[24.7481,59.5734],[24.7559,59.5723],[24.7573,59.5723],[24.7743,59.5792],[24.7745,59.5795],[24.7713,59.5839],[24.77,59.5842],[24.769,59.5851],[24.7683,59.5843],[24.7642,59.5856],[24.7645,59.5861],[24.765,59.5864],[24.7651,59.5865],[24.7657,59.5871],[24.7672,59.5879],[24.7641,59.5893],[24.7617,59.5886],[24.7562,59.5882],[24.755,59.5877],[24.7523,59.5864],[24.7525,59.583]]],[[[26.6587,58.0401],[26.6623,58.0461],[26.6537,58.046],[26.6412,58.0479],[26.6334,58.0471],[26.626,58.0535],[26.6122,58.0458],[26.6056,58.0451],[26.6076,58.0393],[26.6191,58.0388],[26.6323,58.0337],[26.6389,58.0332],[26.6432,58.0352],[26.6511,58.034],[26.6587,58.0401]]],[[[27.1183,58.1038],[27.1089,58.1038],[27.1025,58.1002],[27.1021,58.0973],[27.1085,58.095],[27.113,58.0902],[27.1291,58.091],[27.1305,58.0973],[27.1203,58.1005],[27.1183,58.1038]]],[[[26.3943,58.1755],[26.399,58.1734],[26.4097,58.1759],[26.4192,58.1874],[26.4237,58.1957],[26.4229,58.2025],[26.4336,58.2126],[26.426,58.2196],[26.4208,58.2219],[26.4155,58.2138],[26.4155,58.2095],[26.4161,58.2092],[26.4171,58.209],[26.4179,58.2088],[26.4186,58.208],[26.4148,58.2066],[26.4143,58.2031],[26.4144,58.2015],[26.405,58.195],[26.4073,58.1858],[26.4024,58.1778],[26.3957,58.1774],[26.3943,58.1755]]],[[[26.4446,57.9598],[26.4551,57.9624],[26.4548,57.967],[26.4732,57.9691],[26.4774,57.9726],[26.4837,57.9723],[26.4879,57.9686],[26.4945,57.9697],[26.492,57.9716],[26.4763,57.9851],[26.4968,57.9736],[26.5038,57.9757],[26.5123,57.9748],[26.5116,57.979],[26.5169,57.9843],[26.5076,57.9857],[26.5046,57.9899],[26.5039,57.9861],[26.4928,57.984],[26.4916,57.9836],[26.4903,57.9838],[26.4849,57.9864],[26.4853,57.987],[26.4744,57.9894],[26.4667,57.9875],[26.4552,57.992],[26.4506,57.9864],[26.4391,57.9866],[26.4482,57.9918],[26.4448,57.9935],[26.4254,57.9983],[26.4229,57.9975],[26.412,58.0061],[26.3985,58.0001],[26.3894,58.0013],[26.3873,57.9992],[26.399,57.9964],[26.4063,57.9981],[26.4156,57.9975],[26.4201,57.9917],[26.419,57.9845],[26.4268,57.9823],[26.4245,57.9793],[26.4249,57.9785],[26.4259,57.9785],[26.4271,57.9784],[26.4266,57.9779],[26.4261,57.9737],[26.4108,57.9771],[26.3964,57.9787],[26.3949,57.9762],[26.4065,57.9741],[26.4106,57.9701],[26.4069,57.9661],[26.4138,57.9633],[26.4255,57.9665],[26.4416,57.9636],[26.4409,57.9604],[26.4446,57.9598]]],[[[27.3984,57.6703],[27.3971,57.6756],[27.4102,57.6765],[27.4181,57.6726],[27.4187,57.6755],[27.4222,57.678],[27.4197,57.6797],[27.4252,57.682],[27.423,57.6844],[27.4211,57.6846],[27.4221,57.6857],[27.4242,57.6879],[27.4263,57.6916],[27.419,57.7],[27.4023,57.689],[27.4021,57.6861],[27.3923,57.686],[27.3931,57.6794],[27.3855,57.6763],[27.3822,57.6715],[27.3896,57.669],[27.3984,57.6703]]],[[[27.7241,57.8172],[27.7351,57.8131],[27.757,57.8069],[27.7664,57.8073],[27.7733,57.8102],[27.7906,57.8104],[27.7922,57.8151],[27.7902,57.8214],[27.7951,57.8215],[27.8072,57.8405],[27.818,57.8497],[27.8003,57.8541],[27.7943,57.8513],[27.7925,57.8468],[27.7981,57.8444],[27.7859,57.8406],[27.7837,57.838],[27.7765,57.8333],[27.7707,57.8339],[27.7557,57.8305],[27.7524,57.8324],[27.741,57.8275],[27.7261,57.8318],[27.7258,57.8195],[27.7241,57.8172]]],[[[27.6861,57.8323],[27.6908,57.8296],[27.7088,57.8232],[27.7128,57.8197],[27.721,57.8175],[27.7254,57.8199],[27.7257,57.8318],[27.7097,57.8388],[27.6861,57.8323]]],[[[27.4117,57.6095],[27.4212,57.6137],[27.4204,57.6251],[27.4058,57.6315],[27.3969,57.6222],[27.4039,57.6176],[27.4072,57.6097],[27.4117,57.6095]]],[[[27.417,57.6704],[27.4243,57.6718],[27.4333,57.6803],[27.4511,57.6782],[27.4552,57.6742],[27.458,57.6621],[27.4676,57.6595],[27.5052,57.6665],[27.5084,57.6709],[27.5147,57.6707],[27.5187,57.6742],[27.5022,57.6828],[27.5107,57.6956],[27.5184,57.6948],[27.5269,57.6827],[27.5239,57.6754],[27.5269,57.6704],[27.5372,57.6723],[27.5334,57.6781],[27.534,57.6841],[27.5381,57.6901],[27.5355,57.6934],[27.5166,57.6999],[27.5109,57.6977],[27.5029,57.6986],[27.4947,57.6969],[27.4853,57.6982],[27.48,57.7023],[27.4668,57.704],[27.4628,57.7002],[27.4488,57.6965],[27.4396,57.6971],[27.4318,57.6949],[27.4314,57.6867],[27.4276,57.6854],[27.4264,57.6769],[27.4194,57.675],[27.417,57.6704]]],[[[27.3304,57.5607],[27.3351,57.5596],[27.3378,57.5534],[27.3358,57.5484],[27.3426,57.5445],[27.3493,57.5351],[27.3519,57.5185],[27.3674,57.5269],[27.3649,57.53],[27.3694,57.5339],[27.3807,57.5356],[27.3899,57.5294],[27.397,57.5268],[27.4062,57.5288],[27.4173,57.5283],[27.4147,57.5398],[27.4151,57.549],[27.4062,57.5605],[27.3995,57.565],[27.3913,57.5633],[27.3889,57.5675],[27.3805,57.5697],[27.3678,57.5693],[27.3602,57.5651],[27.3469,57.566],[27.3307,57.5686],[27.3333,57.5648],[27.3304,57.5607]]],[[[28.0778,59.44],[28.0693,59.4494],[28.0777,59.4531],[28.0646,59.4558],[28.0551,59.4515],[28.0467,59.4549],[28.0365,59.4545],[28.0233,59.4444],[28.0175,59.4443],[28.0119,59.4395],[27.9928,59.4278],[28.0008,59.4244],[27.9983,59.4212],[27.9792,59.4222],[27.9901,59.4281],[27.9879,59.4291],[27.9709,59.4198],[27.9618,59.4179],[27.9699,59.4181],[27.9757,59.4183],[27.9724,59.4171],[27.9737,59.4137],[27.9833,59.4135],[27.9859,59.4139],[27.9942,59.4136],[28.0022,59.415],[28.005,59.4155],[28.0086,59.4161],[28.0113,59.4165],[28.0211,59.419],[28.0365,59.4283],[28.0384,59.4275],[28.0454,59.4312],[28.0456,59.4312],[28.055,59.4367],[28.0572,59.4389],[28.0616,59.4425],[28.0634,59.4438],[28.0698,59.4403],[28.0689,59.4374],[28.0721,59.437],[28.0778,59.44]]],[[[27.5191,57.7092],[27.5079,57.7105],[27.5012,57.7064],[27.4932,57.7127],[27.4888,57.7119],[27.4807,57.7045],[27.4884,57.7012],[27.517,57.7017],[27.5214,57.7033],[27.5191,57.7092]]],[[[27.0682,57.5366],[27.084,57.5376],[27.082,57.5334],[27.0888,57.5246],[27.0871,57.5197],[27.1066,57.5174],[27.1053,57.5128],[27.1103,57.5083],[27.1248,57.5089],[27.147,57.5083],[27.1537,57.5095],[27.1688,57.5081],[27.1699,57.5137],[27.1941,57.5259],[27.1992,57.5226],[27.2066,57.5242],[27.2074,57.5268],[27.2063,57.5315],[27.2092,57.5431],[27.2133,57.5441],[27.1553,57.552],[27.1478,57.5497],[27.1351,57.5443],[27.1245,57.5435],[27.1013,57.5444],[27.0682,57.5366]]],[[[27.567,58.0133],[27.5621,58.01],[27.5612,58.0094],[27.5623,58.0036],[27.5642,58.0007],[27.5762,57.9988],[27.5803,57.9993],[27.6018,58],[27.6007,58.0044],[27.5976,58.0096],[27.5977,58.0102],[27.5991,58.0112],[27.5986,58.0113],[27.5962,58.0119],[27.5961,58.0122],[27.5807,58.0141],[27.5916,58.0201],[27.5843,58.023],[27.5744,58.0228],[27.5739,58.0227],[27.5731,58.0226],[27.565,58.0205],[27.5642,58.017],[27.5659,58.013],[27.567,58.0133]]],[[[27.1091,58.041],[27.1109,58.0423],[27.1119,58.0417],[27.1127,58.0415],[27.1134,58.0409],[27.1167,58.0404],[27.1172,58.0397],[27.1165,58.0393],[27.112,58.0363],[27.122,58.0246],[27.1513,58.028],[27.1528,58.0281],[27.1535,58.0284],[27.1504,58.0305],[27.1548,58.0312],[27.143,58.0333],[27.1401,58.0331],[27.1389,58.0347],[27.1382,58.0344],[27.1382,58.033],[27.1384,58.0324],[27.1336,58.0343],[27.1337,58.0335],[27.1303,58.0348],[27.1224,58.0426],[27.1236,58.0469],[27.1294,58.0482],[27.125,58.052],[27.1287,58.0563],[27.1332,58.0601],[27.1409,58.0623],[27.1398,58.054],[27.1496,58.0537],[27.1517,58.0513],[27.1643,58.0522],[27.1689,58.0542],[27.1695,58.0547],[27.1764,58.0651],[27.1714,58.0617],[27.1688,58.06],[27.1576,58.0622],[27.1517,58.0654],[27.1431,58.064],[27.1396,58.0708],[27.1528,58.0721],[27.1444,58.0729],[27.1527,58.0783],[27.146,58.0831],[27.1476,58.0865],[27.1422,58.0914],[27.1393,58.0915],[27.1305,58.0912],[27.1411,58.0852],[27.1349,58.0836],[27.1245,58.0845],[27.1223,58.088],[27.1204,58.0886],[27.1148,58.0894],[27.1063,58.0854],[27.1059,58.0836],[27.1121,58.0789],[27.1118,58.0713],[27.1107,58.0701],[27.1034,58.0674],[27.1059,58.0669],[27.1073,58.0672],[27.109,58.0676],[27.1079,58.06],[27.09,58.059],[27.0932,58.0578],[27.1032,58.0548],[27.0945,58.0504],[27.0868,58.052],[27.0859,58.0593],[27.0854,58.0609],[27.0837,58.06],[27.0788,58.0559],[27.0839,58.0557],[27.0841,58.054],[27.0834,58.0538],[27.0797,58.0496],[27.0987,58.0476],[27.1046,58.0441],[27.1006,58.0408],[27.0934,58.0423],[27.0936,58.0428],[27.0941,58.0427],[27.0977,58.0424],[27.0923,58.0461],[27.0935,58.0428],[27.0932,58.0423],[27.0932,58.0421],[27.0924,58.0406],[27.0924,58.0403],[27.0964,58.0382],[27.097,58.0373],[27.1009,58.0369],[27.1091,58.041]]],[[[27.8165,57.8684],[27.8171,57.8648],[27.8132,57.8599],[27.8005,57.8547],[27.821,57.8496],[27.8345,57.866],[27.8263,57.869],[27.8165,57.8684]]],[[[24.7376,58.0055],[24.7279,57.9978],[24.7308,57.9972],[24.7208,57.9873],[24.7127,57.994],[24.7048,57.9837],[24.7078,57.9799],[24.7037,57.975],[24.6893,57.9703],[24.6955,57.9835],[24.6782,57.977],[24.6619,57.9696],[24.6594,57.968],[24.6645,57.9692],[24.6802,57.9653],[24.6794,57.9646],[24.6736,57.9594],[24.6544,57.9592],[24.6444,57.9591],[24.6414,57.9543],[24.6458,57.9528],[24.631,57.9435],[24.6301,57.9429],[24.62,57.9431],[24.6155,57.9444],[24.6145,57.945],[24.6099,57.9512],[24.5954,57.9575],[24.6102,57.9228],[24.6388,57.9269],[24.6537,57.9311],[24.6552,57.936],[24.6569,57.9382],[24.6586,57.9381],[24.7077,57.9439],[24.7272,57.9445],[24.735,57.9404],[24.7421,57.9402],[24.7373,57.9326],[24.7417,57.9272],[24.7356,57.9252],[24.7347,57.9161],[24.7466,57.9145],[24.7496,57.9104],[24.7562,57.9111],[24.7558,57.9021],[24.7615,57.8964],[24.7605,57.8883],[24.7551,57.8865],[24.7507,57.8735],[24.739,57.8654],[24.7343,57.8505],[24.7372,57.845],[24.7481,57.8462],[24.7622,57.8527],[24.7579,57.8547],[24.7447,57.8502],[24.74,57.8522],[24.7529,57.8733],[24.7659,57.8782],[24.7671,57.8728],[24.7845,57.8673],[24.7778,57.8611],[24.7861,57.8609],[24.7897,57.8659],[24.7886,57.8804],[24.7947,57.88],[24.8054,57.8897],[24.8008,57.894],[24.8047,57.9],[24.8141,57.899],[24.8179,57.9029],[24.8304,57.9067],[24.8272,57.9092],[24.8356,57.9118],[24.8606,57.9063],[24.8648,57.907],[24.874,57.9147],[24.8907,57.9162],[24.9007,57.9203],[24.8919,57.9338],[24.8801,57.9396],[24.8716,57.9411],[24.8627,57.9396],[24.86,57.9441],[24.8718,57.9439],[24.8829,57.9385],[24.8958,57.9339],[24.8998,57.9301],[24.9712,57.9456],[24.9739,57.9491],[24.9653,57.9518],[24.9649,57.955],[24.9542,57.9602],[24.9643,57.9652],[24.9616,57.9712],[24.9733,57.9803],[24.9755,57.983],[24.9751,57.9854],[24.9779,57.9903],[24.977,57.996],[24.965,57.9988],[24.9653,58.0036],[24.9832,58.0045],[24.9872,58.0074],[24.9865,58.0087],[24.9869,58.0094],[24.99,58.0107],[24.9489,58.0093],[24.9443,58.0021],[24.9486,57.9955],[24.9528,57.9953],[24.9564,57.9874],[24.9552,57.9782],[24.9404,57.9709],[24.944,57.9693],[24.9395,57.9636],[24.9349,57.9626],[24.9251,57.9543],[24.9189,57.9465],[24.919,57.9415],[24.9108,57.9405],[24.8999,57.9443],[24.884,57.9413],[24.8783,57.9424],[24.866,57.9494],[24.8674,57.9563],[24.8731,57.9587],[24.8776,57.9659],[24.8749,57.967],[24.8783,57.9757],[24.8774,57.9847],[24.8641,57.9802],[24.8572,57.9691],[24.8456,57.9692],[24.8471,57.9755],[24.8446,57.976],[24.8393,57.9752],[24.8291,57.9702],[24.8215,57.9679],[24.8145,57.97],[24.8146,57.9784],[24.8108,57.9814],[24.8037,57.976],[24.8057,57.965],[24.7939,57.963],[24.7851,57.9596],[24.7795,57.9554],[24.787,57.9506],[24.7669,57.9434],[24.7619,57.9379],[24.7541,57.9509],[24.7395,57.9603],[24.7403,57.9689],[24.7353,57.9777],[24.7365,57.9853],[24.7308,57.9938],[24.7367,58.001],[24.7458,57.9994],[24.7485,58.0055],[24.744,58.0003],[24.7376,58.0055]],[[24.6855,57.9509],[24.6849,57.9511],[24.6853,57.957],[24.6936,57.9651],[24.6974,57.971],[24.7054,57.9751],[24.7138,57.9854],[24.7209,57.9858],[24.725,57.9804],[24.7178,57.9759],[24.7162,57.969],[24.712,57.9679],[24.7001,57.9526],[24.6937,57.9484],[24.6855,57.9509]],[[24.7991,57.927],[24.8068,57.9288],[24.8029,57.9328],[24.8063,57.9358],[24.8289,57.9301],[24.8312,57.9268],[24.8316,57.9145],[24.8208,57.9087],[24.8106,57.9138],[24.8077,57.9188],[24.8012,57.9227],[24.7991,57.927]]],[[[28.0799,59.3487],[28.0882,59.3487],[28.0994,59.3553],[28.0915,59.3545],[28.0834,59.3536],[28.084,59.3583],[28.0797,59.3612],[28.076,59.3642],[28.0411,59.3635],[28.034,59.3634],[28.0102,59.3526],[28.0111,59.3523],[28.0178,59.3511],[28.0187,59.3513],[28.0191,59.3508],[28.0211,59.3511],[28.0217,59.3515],[28.0234,59.3524],[28.0346,59.3525],[28.0408,59.3505],[28.0786,59.3498],[28.0799,59.3487]]],[[[24.7203,58.5148],[24.7123,58.5135],[24.7135,58.5198],[24.7033,58.5179],[24.6961,58.5166],[24.6854,58.5163],[24.685,58.5161],[24.6847,58.5159],[24.6711,58.5156],[24.6691,58.5125],[24.6741,58.5109],[24.6883,58.5108],[24.689,58.5109],[24.6906,58.5114],[24.6971,58.5104],[24.703,58.5137],[24.7089,58.5091],[24.7008,58.5073],[24.7003,58.5067],[24.7121,58.5056],[24.713,58.5021],[24.7154,58.5035],[24.7194,58.503],[24.7175,58.4996],[24.7122,58.496],[24.6983,58.4977],[24.688,58.4989],[24.687,58.4988],[24.6871,58.5036],[24.6858,58.5039],[24.678,58.5018],[24.6745,58.5056],[24.6694,58.5045],[24.6747,58.4974],[24.6766,58.4967],[24.6705,58.4947],[24.675,58.4922],[24.6715,58.4903],[24.6681,58.488],[24.6689,58.4876],[24.6679,58.4827],[24.6642,58.4845],[24.6605,58.486],[24.6624,58.4849],[24.6649,58.4814],[24.6658,58.4817],[24.6677,58.4808],[24.6608,58.4781],[24.6675,58.4748],[24.6918,58.4862],[24.6954,58.4877],[24.7318,58.5035],[24.727,58.51],[24.7305,58.5116],[24.7303,58.512],[24.7288,58.5159],[24.7203,58.5148]]],[[[24.7418,58.4845],[24.7429,58.4851],[24.7411,58.486],[24.7398,58.487],[24.7472,58.4877],[24.7474,58.4879],[24.7521,58.4886],[24.7531,58.4897],[24.7539,58.4912],[24.7555,58.492],[24.7558,58.4919],[24.7565,58.4925],[24.7561,58.4929],[24.7566,58.4957],[24.7561,58.4963],[24.7537,58.4982],[24.7474,58.4954],[24.7377,58.4957],[24.7363,58.4988],[24.7298,58.502],[24.6965,58.4872],[24.6931,58.4854],[24.6799,58.48],[24.6692,58.4739],[24.6756,58.4701],[24.6679,58.4734],[24.6488,58.4608],[24.6505,58.461],[24.6514,58.4622],[24.6524,58.4623],[24.6529,58.4624],[24.6529,58.4633],[24.6579,58.4614],[24.658,58.4613],[24.6583,58.4606],[24.6555,58.4604],[24.647,58.4597],[24.6256,58.4438],[24.6369,58.4482],[24.6381,58.4476],[24.6417,58.4482],[24.6447,58.4495],[24.6404,58.4541],[24.6471,58.4493],[24.6529,58.4492],[24.6581,58.4438],[24.6622,58.4418],[24.6685,58.4447],[24.6687,58.4448],[24.6731,58.4469],[24.6722,58.4479],[24.6712,58.4482],[24.675,58.4505],[24.6754,58.4513],[24.6717,58.4513],[24.6701,58.4518],[24.6701,58.4519],[24.6719,58.4547],[24.6721,58.4548],[24.6798,58.4559],[24.687,58.4596],[24.6836,58.4611],[24.677,58.4604],[24.6816,58.4633],[24.6826,58.464],[24.6892,58.4688],[24.6881,58.4688],[24.6849,58.4687],[24.6845,58.4713],[24.6867,58.4714],[24.6892,58.471],[24.6916,58.4697],[24.6908,58.469],[24.6896,58.4689],[24.7002,58.4674],[24.7073,58.4728],[24.729,58.4846],[24.7305,58.4843],[24.7324,58.4839],[24.7335,58.4831],[24.7337,58.483],[24.7418,58.4845]]],[[[24.6189,58.4282],[24.6189,58.4251],[24.6109,58.425],[24.6105,58.4303],[24.6049,58.4252],[24.6096,58.4154],[24.6144,58.4123],[24.619,58.4082],[24.6205,58.4072],[24.6231,58.4054],[24.6233,58.4053],[24.6236,58.4052],[24.6242,58.4056],[24.6249,58.4062],[24.6278,58.406],[24.6276,58.4091],[24.6292,58.4091],[24.6297,58.4115],[24.6299,58.4116],[24.6304,58.4136],[24.6316,58.4186],[24.6313,58.4186],[24.6305,58.4186],[24.632,58.4191],[24.6318,58.4261],[24.6253,58.4272],[24.6189,58.4282]]],[[[27.4237,57.8655],[27.4226,57.8654],[27.4189,57.8643],[27.412,57.8589],[27.4129,57.8591],[27.4172,57.8555],[27.4128,57.8545],[27.407,57.8475],[27.4109,57.8471],[27.4252,57.8459],[27.4285,57.8501],[27.4318,57.8514],[27.4328,57.8524],[27.4331,57.8542],[27.4324,57.8558],[27.4335,57.8585],[27.4338,57.8604],[27.4317,57.8611],[27.4284,57.863],[27.4267,57.8648],[27.425,57.8657],[27.4237,57.8655]]],[[[27.4547,57.8272],[27.4558,57.8279],[27.4555,57.8284],[27.4574,57.8302],[27.4572,57.8354],[27.4177,57.8395],[27.4144,57.8385],[27.4134,57.8375],[27.4019,57.8375],[27.401,57.8374],[27.3976,57.8365],[27.3934,57.8349],[27.3932,57.8349],[27.389,57.8336],[27.3869,57.8324],[27.3782,57.8324],[27.3772,57.8317],[27.3787,57.8294],[27.3752,57.8277],[27.371,57.8266],[27.37,57.8264],[27.3649,57.8234],[27.3643,57.8223],[27.3636,57.8215],[27.3711,57.821],[27.3787,57.821],[27.3838,57.8235],[27.3839,57.8235],[27.3882,57.8239],[27.3891,57.8251],[27.3919,57.8276],[27.4006,57.8277],[27.4121,57.8281],[27.412,57.8293],[27.4146,57.8292],[27.4148,57.8307],[27.4198,57.8291],[27.42,57.8287],[27.4201,57.8286],[27.4205,57.828],[27.4206,57.8278],[27.4234,57.827],[27.4235,57.827],[27.4203,57.8248],[27.4206,57.8231],[27.4201,57.8227],[27.414,57.8175],[27.4128,57.8145],[27.4132,57.8135],[27.413,57.8133],[27.4162,57.8162],[27.4219,57.8167],[27.422,57.8167],[27.4305,57.8185],[27.4356,57.8174],[27.4383,57.8166],[27.4518,57.8255],[27.4527,57.8262],[27.4547,57.8272]]],[[[27.096,58.1311],[27.0961,58.1292],[27.098,58.1284],[27.0973,58.1273],[27.0963,58.126],[27.1039,58.1229],[27.112,58.1268],[27.113,58.1313],[27.1071,58.1336],[27.1087,58.1396],[27.1128,58.1434],[27.1131,58.1447],[27.1076,58.1472],[27.1115,58.1526],[27.1012,58.1722],[27.0895,58.169],[27.0906,58.1659],[27.102,58.157],[27.1044,58.1483],[27.103,58.1475],[27.091,58.146],[27.0878,58.1476],[27.0877,58.1539],[27.0813,58.1561],[27.0737,58.1565],[27.0718,58.1609],[27.0664,58.1601],[27.0568,58.1672],[27.0518,58.1659],[27.0459,58.1639],[27.0451,58.1718],[27.0387,58.1726],[27.0329,58.1878],[27.0311,58.1891],[27.0244,58.1893],[27.0219,58.1878],[27.0211,58.1863],[27.0169,58.1829],[27.0145,58.1804],[27.0124,58.1781],[27.0124,58.1771],[27.0001,58.1722],[26.9969,58.1712],[26.9945,58.1685],[26.9941,58.1679],[26.997,58.166],[26.9987,58.166],[27.0091,58.163],[27.0004,58.1595],[27.0128,58.1554],[27.0118,58.1623],[27.026,58.1584],[27.025,58.153],[27.0288,58.1504],[27.069,58.137],[27.0797,58.1329],[27.0786,58.1376],[27.0614,58.144],[27.0574,58.1499],[27.062,58.1555],[27.0737,58.1533],[27.0809,58.1535],[27.0869,58.1504],[27.0811,58.148],[27.0901,58.1385],[27.091,58.138],[27.1013,58.1386],[27.096,58.1311]]],[[[27.6706,57.9583],[27.6669,57.957],[27.6592,57.9552],[27.6601,57.9527],[27.6712,57.9485],[27.6699,57.9461],[27.6673,57.9417],[27.6761,57.9347],[27.6812,57.9357],[27.6847,57.9281],[27.6806,57.9248],[27.6859,57.9237],[27.71,57.923],[27.7167,57.9192],[27.7172,57.9137],[27.7218,57.9098],[27.7362,57.9153],[27.74,57.9152],[27.7442,57.9187],[27.735,57.9268],[27.7298,57.9282],[27.7192,57.9377],[27.712,57.9364],[27.7186,57.9384],[27.7165,57.9443],[27.711,57.9491],[27.7034,57.9458],[27.7055,57.9445],[27.7014,57.9435],[27.7011,57.9457],[27.6972,57.9402],[27.6827,57.9403],[27.6814,57.9439],[27.6929,57.9451],[27.6931,57.9511],[27.6892,57.9535],[27.6997,57.9571],[27.7102,57.9585],[27.7049,57.9694],[27.6921,57.9677],[27.6954,57.9645],[27.6936,57.9603],[27.6795,57.9591],[27.6706,57.9583]]]]},"properties":null}
]}